mode,round_id,order_position,experiment_run_id,flow,batch_id,request_id,status_code,latency_ms,error
policy_only,6,1,perf-policy_only-r006-20260818T024110Z,loan_to_customer,1,1,200,14.642800,
policy_only,6,1,perf-policy_only-r006-20260818T024110Z,loan_to_customer,1,2,200,14.021500,
policy_only,6,1,perf-policy_only-r006-20260818T024110Z,loan_to_customer,1,3,200,14.574000,
policy_only,6,1,perf-policy_only-r006-20260818T024110Z,loan_to_customer,1,4,200,14.373000,
policy_only,6,1,perf-policy_only-r006-20260818T024110Z,loan_to_customer,1,5,200,14.263500,
policy_only,6,1,perf-policy_only-r006-20260818T024110Z,loan_to_customer,1,6,200,14.405100,
policy_only,6,1,perf-policy_only-r006-20260818T024110Z,loan_to_customer,1,7,200,14.093100,
policy_only,6,1,perf-policy_only-r006-20260818T024110Z,loan_to_customer,1,8,200,14.531900,
policy_only,6,1,perf-policy_only-r006-20260818T024110Z,loan_to_customer,1,9,200,15.195800,
policy_only,6,1,perf-policy_only-r006-20260818T024110Z,loan_to_customer,1,10,200,14.785700,
policy_only,6,1,perf-policy_only-r006-20260818T024110Z,loan_to_customer,1,11,200,14.635600,
policy_only,6,1,perf-policy_only-r006-20260818T024110Z,loan_to_customer,1,12,200,14.335100,
policy_only,6,1,perf-policy_only-r006-20260818T024110Z,loan_to_customer,1,13,200,14.976100,
policy_only,6,1,perf-policy_only-r006-20260818T024110Z,loan_to_customer,1,14,200,15.237700,
policy_only,6,1,perf-policy_only-r006-20260818T024110Z,loan_to_customer,1,15,200,14.521700,
policy_only,6,1,perf-policy_only-r006-20260818T024110Z,loan_to_customer,1,16,200,14.199800,
policy_only,6,1,perf-policy_only-r006-20260818T024110Z,loan_to_customer,1,17,200,14.346200,
policy_only,6,1,perf-policy_only-r006-20260818T024110Z,loan_to_customer,1,18,200,14.573200,
policy_only,6,1,perf-policy_only-r006-20260818T024110Z,loan_to_customer,1,19,200,14.643000,
policy_only,6,1,perf-policy_only-r006-20260818T024110Z,loan_to_customer,1,20,200,14.376200,
policy_only,6,1,perf-policy_only-r006-20260818T024110Z,loan_to_customer,1,21,200,13.613800,
policy_only,6,1,perf-policy_only-r006-20260818T024110Z,loan_to_customer,1,22,200,14.686500,
policy_only,6,1,perf-policy_only-r006-20260818T024110Z,loan_to_customer,1,23,200,14.120400,
policy_only,6,1,perf-policy_only-r006-20260818T024110Z,loan_to_customer,1,24,200,16.220400,
policy_only,6,1,perf-policy_only-r006-20260818T024110Z,loan_to_customer,1,25,200,14.329400,
policy_only,6,1,perf-policy_only-r006-20260818T024110Z,loan_to_customer,1,26,200,13.933800,
policy_only,6,1,perf-policy_only-r006-20260818T024110Z,loan_to_customer,1,27,200,13.765900,
policy_only,6,1,perf-policy_only-r006-20260818T024110Z,loan_to_customer,1,28,200,13.609300,
policy_only,6,1,perf-policy_only-r006-20260818T024110Z,loan_to_customer,1,29,200,14.856500,
policy_only,6,1,perf-policy_only-r006-20260818T024110Z,loan_to_customer,1,30,200,14.717500,
policy_only,6,1,perf-policy_only-r006-20260818T024110Z,loan_to_customer,1,31,200,14.193800,
policy_only,6,1,perf-policy_only-r006-20260818T024110Z,loan_to_customer,1,32,200,13.831400,
policy_only,6,1,perf-policy_only-r006-20260818T024110Z,loan_to_customer,1,33,200,14.884300,
policy_only,6,1,perf-policy_only-r006-20260818T024110Z,loan_to_customer,1,34,200,14.885300,
policy_only,6,1,perf-policy_only-r006-20260818T024110Z,loan_to_customer,1,35,200,13.986900,
policy_only,6,1,perf-policy_only-r006-20260818T024110Z,loan_to_customer,1,36,200,14.181300,
policy_only,6,1,perf-policy_only-r006-20260818T024110Z,loan_to_customer,1,37,200,14.119100,
policy_only,6,1,perf-policy_only-r006-20260818T024110Z,loan_to_customer,1,38,200,13.798300,
policy_only,6,1,perf-policy_only-r006-20260818T024110Z,loan_to_customer,1,39,200,14.309200,
policy_only,6,1,perf-policy_only-r006-20260818T024110Z,loan_to_customer,1,40,200,18.191500,
policy_only,6,1,perf-policy_only-r006-20260818T024110Z,loan_to_customer,1,41,200,14.895800,
policy_only,6,1,perf-policy_only-r006-20260818T024110Z,loan_to_customer,1,42,200,14.286600,
policy_only,6,1,perf-policy_only-r006-20260818T024110Z,loan_to_customer,1,43,200,13.712100,
policy_only,6,1,perf-policy_only-r006-20260818T024110Z,loan_to_customer,1,44,200,14.291500,
policy_only,6,1,perf-policy_only-r006-20260818T024110Z,loan_to_customer,1,45,200,14.300700,
policy_only,6,1,perf-policy_only-r006-20260818T024110Z,loan_to_customer,1,46,200,14.450100,
policy_only,6,1,perf-policy_only-r006-20260818T024110Z,loan_to_customer,1,47,200,14.125900,
policy_only,6,1,perf-policy_only-r006-20260818T024110Z,loan_to_customer,1,48,200,14.099000,
policy_only,6,1,perf-policy_only-r006-20260818T024110Z,loan_to_customer,1,49,200,14.630400,
policy_only,6,1,perf-policy_only-r006-20260818T024110Z,loan_to_customer,1,50,200,13.964600,
policy_only,6,1,perf-policy_only-r006-20260818T024110Z,loan_to_customer,1,51,200,14.417400,
policy_only,6,1,perf-policy_only-r006-20260818T024110Z,loan_to_customer,1,52,200,14.448600,
policy_only,6,1,perf-policy_only-r006-20260818T024110Z,loan_to_customer,1,53,200,14.305800,
policy_only,6,1,perf-policy_only-r006-20260818T024110Z,loan_to_customer,1,54,200,13.900800,
policy_only,6,1,perf-policy_only-r006-20260818T024110Z,loan_to_customer,1,55,200,14.310400,
policy_only,6,1,perf-policy_only-r006-20260818T024110Z,loan_to_customer,1,56,200,14.879500,
policy_only,6,1,perf-policy_only-r006-20260818T024110Z,loan_to_customer,1,57,200,14.373900,
policy_only,6,1,perf-policy_only-r006-20260818T024110Z,loan_to_customer,1,58,200,14.085200,
policy_only,6,1,perf-policy_only-r006-20260818T024110Z,loan_to_customer,1,59,200,14.027900,
policy_only,6,1,perf-policy_only-r006-20260818T024110Z,loan_to_customer,1,60,200,14.544800,
policy_only,6,1,perf-policy_only-r006-20260818T024110Z,loan_to_customer,1,61,200,13.983500,
policy_only,6,1,perf-policy_only-r006-20260818T024110Z,loan_to_customer,1,62,200,14.048000,
policy_only,6,1,perf-policy_only-r006-20260818T024110Z,loan_to_customer,1,63,200,13.814600,
policy_only,6,1,perf-policy_only-r006-20260818T024110Z,loan_to_customer,1,64,200,13.883000,
policy_only,6,1,perf-policy_only-r006-20260818T024110Z,loan_to_customer,1,65,200,13.847200,
policy_only,6,1,perf-policy_only-r006-20260818T024110Z,loan_to_customer,1,66,200,15.004700,
policy_only,6,1,perf-policy_only-r006-20260818T024110Z,loan_to_customer,1,67,200,14.612900,
policy_only,6,1,perf-policy_only-r006-20260818T024110Z,loan_to_customer,1,68,200,14.132800,
policy_only,6,1,perf-policy_only-r006-20260818T024110Z,loan_to_customer,1,69,200,14.283100,
policy_only,6,1,perf-policy_only-r006-20260818T024110Z,loan_to_customer,1,70,200,14.703400,
policy_only,6,1,perf-policy_only-r006-20260818T024110Z,loan_to_customer,1,71,200,13.863000,
policy_only,6,1,perf-policy_only-r006-20260818T024110Z,loan_to_customer,1,72,200,14.747800,
policy_only,6,1,perf-policy_only-r006-20260818T024110Z,loan_to_customer,1,73,200,14.259500,
policy_only,6,1,perf-policy_only-r006-20260818T024110Z,loan_to_customer,1,74,200,14.520500,
policy_only,6,1,perf-policy_only-r006-20260818T024110Z,loan_to_customer,1,75,200,14.636800,
policy_only,6,1,perf-policy_only-r006-20260818T024110Z,loan_to_customer,1,76,200,14.624000,
policy_only,6,1,perf-policy_only-r006-20260818T024110Z,loan_to_customer,1,77,200,14.745900,
policy_only,6,1,perf-policy_only-r006-20260818T024110Z,loan_to_customer,1,78,200,14.433400,
policy_only,6,1,perf-policy_only-r006-20260818T024110Z,loan_to_customer,1,79,200,14.514300,
policy_only,6,1,perf-policy_only-r006-20260818T024110Z,loan_to_customer,1,80,200,14.405400,
policy_only,6,1,perf-policy_only-r006-20260818T024110Z,loan_to_customer,1,81,200,14.296600,
policy_only,6,1,perf-policy_only-r006-20260818T024110Z,loan_to_customer,1,82,200,14.565700,
policy_only,6,1,perf-policy_only-r006-20260818T024110Z,loan_to_customer,1,83,200,15.595000,
policy_only,6,1,perf-policy_only-r006-20260818T024110Z,loan_to_customer,1,84,200,14.333200,
policy_only,6,1,perf-policy_only-r006-20260818T024110Z,loan_to_customer,1,85,200,14.435500,
policy_only,6,1,perf-policy_only-r006-20260818T024110Z,loan_to_customer,1,86,200,14.483800,
policy_only,6,1,perf-policy_only-r006-20260818T024110Z,loan_to_customer,1,87,200,14.355300,
policy_only,6,1,perf-policy_only-r006-20260818T024110Z,loan_to_customer,1,88,200,14.535800,
policy_only,6,1,perf-policy_only-r006-20260818T024110Z,loan_to_customer,1,89,200,14.685200,
policy_only,6,1,perf-policy_only-r006-20260818T024110Z,loan_to_customer,1,90,200,15.219500,
policy_only,6,1,perf-policy_only-r006-20260818T024110Z,loan_to_customer,1,91,200,15.251600,
policy_only,6,1,perf-policy_only-r006-20260818T024110Z,loan_to_customer,1,92,200,14.573700,
policy_only,6,1,perf-policy_only-r006-20260818T024110Z,loan_to_customer,1,93,200,14.554200,
policy_only,6,1,perf-policy_only-r006-20260818T024110Z,loan_to_customer,1,94,200,14.524200,
policy_only,6,1,perf-policy_only-r006-20260818T024110Z,loan_to_customer,1,95,200,25.828400,
policy_only,6,1,perf-policy_only-r006-20260818T024110Z,loan_to_customer,1,96,200,14.809700,
policy_only,6,1,perf-policy_only-r006-20260818T024110Z,loan_to_customer,1,97,200,14.462400,
policy_only,6,1,perf-policy_only-r006-20260818T024110Z,loan_to_customer,1,98,200,15.464000,
policy_only,6,1,perf-policy_only-r006-20260818T024110Z,loan_to_customer,1,99,200,15.803400,
policy_only,6,1,perf-policy_only-r006-20260818T024110Z,loan_to_customer,1,100,200,14.764900,
policy_only,6,1,perf-policy_only-r006-20260818T024110Z,loan_to_customer,1,101,200,14.837700,
policy_only,6,1,perf-policy_only-r006-20260818T024110Z,loan_to_customer,1,102,200,14.661600,
policy_only,6,1,perf-policy_only-r006-20260818T024110Z,loan_to_customer,1,103,200,14.022800,
policy_only,6,1,perf-policy_only-r006-20260818T024110Z,loan_to_customer,1,104,200,13.963700,
policy_only,6,1,perf-policy_only-r006-20260818T024110Z,loan_to_customer,1,105,200,14.518500,
policy_only,6,1,perf-policy_only-r006-20260818T024110Z,loan_to_customer,1,106,200,14.154300,
policy_only,6,1,perf-policy_only-r006-20260818T024110Z,loan_to_customer,1,107,200,13.924400,
policy_only,6,1,perf-policy_only-r006-20260818T024110Z,loan_to_customer,1,108,200,14.549600,
policy_only,6,1,perf-policy_only-r006-20260818T024110Z,loan_to_customer,1,109,200,13.951600,
policy_only,6,1,perf-policy_only-r006-20260818T024110Z,loan_to_customer,1,110,200,14.152500,
policy_only,6,1,perf-policy_only-r006-20260818T024110Z,loan_to_customer,1,111,200,13.614700,
policy_only,6,1,perf-policy_only-r006-20260818T024110Z,loan_to_customer,1,112,200,13.749300,
policy_only,6,1,perf-policy_only-r006-20260818T024110Z,loan_to_customer,1,113,200,14.621100,
policy_only,6,1,perf-policy_only-r006-20260818T024110Z,loan_to_customer,1,114,200,14.440000,
policy_only,6,1,perf-policy_only-r006-20260818T024110Z,loan_to_customer,1,115,200,14.111700,
policy_only,6,1,perf-policy_only-r006-20260818T024110Z,loan_to_customer,1,116,200,14.484000,
policy_only,6,1,perf-policy_only-r006-20260818T024110Z,loan_to_customer,1,117,200,14.340000,
policy_only,6,1,perf-policy_only-r006-20260818T024110Z,loan_to_customer,1,118,200,14.172000,
policy_only,6,1,perf-policy_only-r006-20260818T024110Z,loan_to_customer,1,119,200,14.482000,
policy_only,6,1,perf-policy_only-r006-20260818T024110Z,loan_to_customer,1,120,200,15.230300,
policy_only,6,1,perf-policy_only-r006-20260818T024110Z,loan_to_customer,1,121,200,14.434400,
policy_only,6,1,perf-policy_only-r006-20260818T024110Z,loan_to_customer,1,122,200,14.879400,
policy_only,6,1,perf-policy_only-r006-20260818T024110Z,loan_to_customer,1,123,200,14.949600,
policy_only,6,1,perf-policy_only-r006-20260818T024110Z,loan_to_customer,1,124,200,13.888900,
policy_only,6,1,perf-policy_only-r006-20260818T024110Z,loan_to_customer,1,125,200,15.211600,
policy_only,6,1,perf-policy_only-r006-20260818T024110Z,loan_to_customer,1,126,200,13.985800,
policy_only,6,1,perf-policy_only-r006-20260818T024110Z,loan_to_customer,1,127,200,14.797400,
policy_only,6,1,perf-policy_only-r006-20260818T024110Z,loan_to_customer,1,128,200,14.261000,
policy_only,6,1,perf-policy_only-r006-20260818T024110Z,loan_to_customer,1,129,200,14.061100,
policy_only,6,1,perf-policy_only-r006-20260818T024110Z,loan_to_customer,1,130,200,14.050900,
policy_only,6,1,perf-policy_only-r006-20260818T024110Z,loan_to_customer,1,131,200,14.110200,
policy_only,6,1,perf-policy_only-r006-20260818T024110Z,loan_to_customer,1,132,200,15.136500,
policy_only,6,1,perf-policy_only-r006-20260818T024110Z,loan_to_customer,1,133,200,14.435300,
policy_only,6,1,perf-policy_only-r006-20260818T024110Z,loan_to_customer,1,134,200,13.971900,
policy_only,6,1,perf-policy_only-r006-20260818T024110Z,loan_to_customer,1,135,200,14.310200,
policy_only,6,1,perf-policy_only-r006-20260818T024110Z,loan_to_customer,1,136,200,14.076900,
policy_only,6,1,perf-policy_only-r006-20260818T024110Z,loan_to_customer,1,137,200,14.700800,
policy_only,6,1,perf-policy_only-r006-20260818T024110Z,loan_to_customer,1,138,200,14.418200,
policy_only,6,1,perf-policy_only-r006-20260818T024110Z,loan_to_customer,1,139,200,14.220900,
policy_only,6,1,perf-policy_only-r006-20260818T024110Z,loan_to_customer,1,140,200,14.434700,
policy_only,6,1,perf-policy_only-r006-20260818T024110Z,loan_to_customer,1,141,200,14.114000,
policy_only,6,1,perf-policy_only-r006-20260818T024110Z,loan_to_customer,1,142,200,14.363200,
policy_only,6,1,perf-policy_only-r006-20260818T024110Z,loan_to_customer,1,143,200,14.656800,
policy_only,6,1,perf-policy_only-r006-20260818T024110Z,loan_to_customer,1,144,200,14.605000,
policy_only,6,1,perf-policy_only-r006-20260818T024110Z,loan_to_customer,1,145,200,14.409300,
policy_only,6,1,perf-policy_only-r006-20260818T024110Z,loan_to_customer,1,146,200,14.842200,
policy_only,6,1,perf-policy_only-r006-20260818T024110Z,loan_to_customer,1,147,200,14.755600,
policy_only,6,1,perf-policy_only-r006-20260818T024110Z,loan_to_customer,1,148,200,14.094500,
policy_only,6,1,perf-policy_only-r006-20260818T024110Z,loan_to_customer,1,149,200,13.949200,
policy_only,6,1,perf-policy_only-r006-20260818T024110Z,loan_to_customer,1,150,200,14.713800,
policy_only,6,1,perf-policy_only-r006-20260818T024110Z,loan_to_customer,1,151,200,14.710000,
policy_only,6,1,perf-policy_only-r006-20260818T024110Z,loan_to_customer,1,152,200,14.591700,
policy_only,6,1,perf-policy_only-r006-20260818T024110Z,loan_to_customer,1,153,200,15.020900,
policy_only,6,1,perf-policy_only-r006-20260818T024110Z,loan_to_customer,1,154,200,14.652400,
policy_only,6,1,perf-policy_only-r006-20260818T024110Z,loan_to_customer,1,155,200,14.178200,
policy_only,6,1,perf-policy_only-r006-20260818T024110Z,loan_to_customer,1,156,200,14.103400,
policy_only,6,1,perf-policy_only-r006-20260818T024110Z,loan_to_customer,1,157,200,14.551300,
policy_only,6,1,perf-policy_only-r006-20260818T024110Z,loan_to_customer,1,158,200,14.866400,
policy_only,6,1,perf-policy_only-r006-20260818T024110Z,loan_to_customer,1,159,200,14.921900,
policy_only,6,1,perf-policy_only-r006-20260818T024110Z,loan_to_customer,1,160,200,14.883300,
policy_only,6,1,perf-policy_only-r006-20260818T024110Z,loan_to_customer,1,161,200,14.824700,
policy_only,6,1,perf-policy_only-r006-20260818T024110Z,loan_to_customer,1,162,200,14.834500,
policy_only,6,1,perf-policy_only-r006-20260818T024110Z,loan_to_customer,1,163,200,14.228200,
policy_only,6,1,perf-policy_only-r006-20260818T024110Z,loan_to_customer,1,164,200,14.985900,
policy_only,6,1,perf-policy_only-r006-20260818T024110Z,loan_to_customer,1,165,200,14.017600,
policy_only,6,1,perf-policy_only-r006-20260818T024110Z,loan_to_customer,1,166,200,14.394700,
policy_only,6,1,perf-policy_only-r006-20260818T024110Z,loan_to_customer,1,167,200,14.451000,
policy_only,6,1,perf-policy_only-r006-20260818T024110Z,loan_to_customer,1,168,200,14.935800,
policy_only,6,1,perf-policy_only-r006-20260818T024110Z,loan_to_customer,1,169,200,14.434200,
policy_only,6,1,perf-policy_only-r006-20260818T024110Z,loan_to_customer,1,170,200,14.124600,
policy_only,6,1,perf-policy_only-r006-20260818T024110Z,loan_to_customer,1,171,200,13.904800,
policy_only,6,1,perf-policy_only-r006-20260818T024110Z,loan_to_customer,1,172,200,13.513000,
policy_only,6,1,perf-policy_only-r006-20260818T024110Z,loan_to_customer,1,173,200,14.374600,
policy_only,6,1,perf-policy_only-r006-20260818T024110Z,loan_to_customer,1,174,200,13.812400,
policy_only,6,1,perf-policy_only-r006-20260818T024110Z,loan_to_customer,1,175,200,13.780900,
policy_only,6,1,perf-policy_only-r006-20260818T024110Z,loan_to_customer,1,176,200,14.362400,
policy_only,6,1,perf-policy_only-r006-20260818T024110Z,loan_to_customer,1,177,200,13.849500,
policy_only,6,1,perf-policy_only-r006-20260818T024110Z,loan_to_customer,1,178,200,13.556800,
policy_only,6,1,perf-policy_only-r006-20260818T024110Z,loan_to_customer,1,179,200,14.138400,
policy_only,6,1,perf-policy_only-r006-20260818T024110Z,loan_to_customer,1,180,200,14.590500,
policy_only,6,1,perf-policy_only-r006-20260818T024110Z,loan_to_customer,1,181,200,15.143900,
policy_only,6,1,perf-policy_only-r006-20260818T024110Z,loan_to_customer,1,182,200,13.984900,
policy_only,6,1,perf-policy_only-r006-20260818T024110Z,loan_to_customer,1,183,200,14.795800,
policy_only,6,1,perf-policy_only-r006-20260818T024110Z,loan_to_customer,1,184,200,14.450400,
policy_only,6,1,perf-policy_only-r006-20260818T024110Z,loan_to_customer,1,185,200,14.380800,
policy_only,6,1,perf-policy_only-r006-20260818T024110Z,loan_to_customer,1,186,200,14.154800,
policy_only,6,1,perf-policy_only-r006-20260818T024110Z,loan_to_customer,1,187,200,14.198400,
policy_only,6,1,perf-policy_only-r006-20260818T024110Z,loan_to_customer,1,188,200,14.568000,
policy_only,6,1,perf-policy_only-r006-20260818T024110Z,loan_to_customer,1,189,200,13.925300,
policy_only,6,1,perf-policy_only-r006-20260818T024110Z,loan_to_customer,1,190,200,14.296400,
policy_only,6,1,perf-policy_only-r006-20260818T024110Z,loan_to_customer,1,191,200,14.135400,
policy_only,6,1,perf-policy_only-r006-20260818T024110Z,loan_to_customer,1,192,200,14.191800,
policy_only,6,1,perf-policy_only-r006-20260818T024110Z,loan_to_customer,1,193,200,13.984300,
policy_only,6,1,perf-policy_only-r006-20260818T024110Z,loan_to_customer,1,194,200,14.492400,
policy_only,6,1,perf-policy_only-r006-20260818T024110Z,loan_to_customer,1,195,200,14.596400,
policy_only,6,1,perf-policy_only-r006-20260818T024110Z,loan_to_customer,1,196,200,14.736000,
policy_only,6,1,perf-policy_only-r006-20260818T024110Z,loan_to_customer,1,197,200,14.669700,
policy_only,6,1,perf-policy_only-r006-20260818T024110Z,loan_to_customer,1,198,200,14.120500,
policy_only,6,1,perf-policy_only-r006-20260818T024110Z,loan_to_customer,1,199,200,14.088900,
policy_only,6,1,perf-policy_only-r006-20260818T024110Z,loan_to_customer,1,200,200,14.602100,
policy_only,6,1,perf-policy_only-r006-20260818T024110Z,loan_to_customer,2,1,200,13.376500,
policy_only,6,1,perf-policy_only-r006-20260818T024110Z,loan_to_customer,2,2,200,14.239600,
policy_only,6,1,perf-policy_only-r006-20260818T024110Z,loan_to_customer,2,3,200,13.689300,
policy_only,6,1,perf-policy_only-r006-20260818T024110Z,loan_to_customer,2,4,200,14.418600,
policy_only,6,1,perf-policy_only-r006-20260818T024110Z,loan_to_customer,2,5,200,14.044700,
policy_only,6,1,perf-policy_only-r006-20260818T024110Z,loan_to_customer,2,6,200,14.447700,
policy_only,6,1,perf-policy_only-r006-20260818T024110Z,loan_to_customer,2,7,200,14.817800,
policy_only,6,1,perf-policy_only-r006-20260818T024110Z,loan_to_customer,2,8,200,14.985000,
policy_only,6,1,perf-policy_only-r006-20260818T024110Z,loan_to_customer,2,9,200,14.162400,
policy_only,6,1,perf-policy_only-r006-20260818T024110Z,loan_to_customer,2,10,200,14.358000,
policy_only,6,1,perf-policy_only-r006-20260818T024110Z,loan_to_customer,2,11,200,14.042100,
policy_only,6,1,perf-policy_only-r006-20260818T024110Z,loan_to_customer,2,12,200,13.956600,
policy_only,6,1,perf-policy_only-r006-20260818T024110Z,loan_to_customer,2,13,200,14.625900,
policy_only,6,1,perf-policy_only-r006-20260818T024110Z,loan_to_customer,2,14,200,14.216500,
policy_only,6,1,perf-policy_only-r006-20260818T024110Z,loan_to_customer,2,15,200,14.975000,
policy_only,6,1,perf-policy_only-r006-20260818T024110Z,loan_to_customer,2,16,200,15.999500,
policy_only,6,1,perf-policy_only-r006-20260818T024110Z,loan_to_customer,2,17,200,16.312800,
policy_only,6,1,perf-policy_only-r006-20260818T024110Z,loan_to_customer,2,18,200,16.059900,
policy_only,6,1,perf-policy_only-r006-20260818T024110Z,loan_to_customer,2,19,200,16.237400,
policy_only,6,1,perf-policy_only-r006-20260818T024110Z,loan_to_customer,2,20,200,17.495500,
policy_only,6,1,perf-policy_only-r006-20260818T024110Z,loan_to_customer,2,21,200,18.764200,
policy_only,6,1,perf-policy_only-r006-20260818T024110Z,loan_to_customer,2,22,200,18.011200,
policy_only,6,1,perf-policy_only-r006-20260818T024110Z,loan_to_customer,2,23,200,18.450600,
policy_only,6,1,perf-policy_only-r006-20260818T024110Z,loan_to_customer,2,24,200,16.113100,
policy_only,6,1,perf-policy_only-r006-20260818T024110Z,loan_to_customer,2,25,200,14.756200,
policy_only,6,1,perf-policy_only-r006-20260818T024110Z,loan_to_customer,2,26,200,15.003300,
policy_only,6,1,perf-policy_only-r006-20260818T024110Z,loan_to_customer,2,27,200,15.890700,
policy_only,6,1,perf-policy_only-r006-20260818T024110Z,loan_to_customer,2,28,200,15.353500,
policy_only,6,1,perf-policy_only-r006-20260818T024110Z,loan_to_customer,2,29,200,15.870400,
policy_only,6,1,perf-policy_only-r006-20260818T024110Z,loan_to_customer,2,30,200,15.278000,
policy_only,6,1,perf-policy_only-r006-20260818T024110Z,loan_to_customer,2,31,200,15.120300,
policy_only,6,1,perf-policy_only-r006-20260818T024110Z,loan_to_customer,2,32,200,14.385500,
policy_only,6,1,perf-policy_only-r006-20260818T024110Z,loan_to_customer,2,33,200,24.897500,
policy_only,6,1,perf-policy_only-r006-20260818T024110Z,loan_to_customer,2,34,200,17.110700,
policy_only,6,1,perf-policy_only-r006-20260818T024110Z,loan_to_customer,2,35,200,16.216300,
policy_only,6,1,perf-policy_only-r006-20260818T024110Z,loan_to_customer,2,36,200,14.221100,
policy_only,6,1,perf-policy_only-r006-20260818T024110Z,loan_to_customer,2,37,200,13.872200,
policy_only,6,1,perf-policy_only-r006-20260818T024110Z,loan_to_customer,2,38,200,14.005800,
policy_only,6,1,perf-policy_only-r006-20260818T024110Z,loan_to_customer,2,39,200,14.346900,
policy_only,6,1,perf-policy_only-r006-20260818T024110Z,loan_to_customer,2,40,200,15.649000,
policy_only,6,1,perf-policy_only-r006-20260818T024110Z,loan_to_customer,2,41,200,14.970700,
policy_only,6,1,perf-policy_only-r006-20260818T024110Z,loan_to_customer,2,42,200,15.673500,
policy_only,6,1,perf-policy_only-r006-20260818T024110Z,loan_to_customer,2,43,200,15.763000,
policy_only,6,1,perf-policy_only-r006-20260818T024110Z,loan_to_customer,2,44,200,14.806500,
policy_only,6,1,perf-policy_only-r006-20260818T024110Z,loan_to_customer,2,45,200,14.680400,
policy_only,6,1,perf-policy_only-r006-20260818T024110Z,loan_to_customer,2,46,200,14.758400,
policy_only,6,1,perf-policy_only-r006-20260818T024110Z,loan_to_customer,2,47,200,14.789000,
policy_only,6,1,perf-policy_only-r006-20260818T024110Z,loan_to_customer,2,48,200,13.870900,
policy_only,6,1,perf-policy_only-r006-20260818T024110Z,loan_to_customer,2,49,200,13.999300,
policy_only,6,1,perf-policy_only-r006-20260818T024110Z,loan_to_customer,2,50,200,14.227500,
policy_only,6,1,perf-policy_only-r006-20260818T024110Z,loan_to_customer,2,51,200,13.946400,
policy_only,6,1,perf-policy_only-r006-20260818T024110Z,loan_to_customer,2,52,200,13.947500,
policy_only,6,1,perf-policy_only-r006-20260818T024110Z,loan_to_customer,2,53,200,13.993400,
policy_only,6,1,perf-policy_only-r006-20260818T024110Z,loan_to_customer,2,54,200,14.061600,
policy_only,6,1,perf-policy_only-r006-20260818T024110Z,loan_to_customer,2,55,200,14.224100,
policy_only,6,1,perf-policy_only-r006-20260818T024110Z,loan_to_customer,2,56,200,14.457600,
policy_only,6,1,perf-policy_only-r006-20260818T024110Z,loan_to_customer,2,57,200,14.404400,
policy_only,6,1,perf-policy_only-r006-20260818T024110Z,loan_to_customer,2,58,200,14.582500,
policy_only,6,1,perf-policy_only-r006-20260818T024110Z,loan_to_customer,2,59,200,14.847900,
policy_only,6,1,perf-policy_only-r006-20260818T024110Z,loan_to_customer,2,60,200,14.706500,
policy_only,6,1,perf-policy_only-r006-20260818T024110Z,loan_to_customer,2,61,200,15.572500,
policy_only,6,1,perf-policy_only-r006-20260818T024110Z,loan_to_customer,2,62,200,15.144600,
policy_only,6,1,perf-policy_only-r006-20260818T024110Z,loan_to_customer,2,63,200,16.222700,
policy_only,6,1,perf-policy_only-r006-20260818T024110Z,loan_to_customer,2,64,200,16.325000,
policy_only,6,1,perf-policy_only-r006-20260818T024110Z,loan_to_customer,2,65,200,15.330500,
policy_only,6,1,perf-policy_only-r006-20260818T024110Z,loan_to_customer,2,66,200,17.155400,
policy_only,6,1,perf-policy_only-r006-20260818T024110Z,loan_to_customer,2,67,200,18.697100,
policy_only,6,1,perf-policy_only-r006-20260818T024110Z,loan_to_customer,2,68,200,17.762100,
policy_only,6,1,perf-policy_only-r006-20260818T024110Z,loan_to_customer,2,69,200,16.365200,
policy_only,6,1,perf-policy_only-r006-20260818T024110Z,loan_to_customer,2,70,200,14.851100,
policy_only,6,1,perf-policy_only-r006-20260818T024110Z,loan_to_customer,2,71,200,15.204900,
policy_only,6,1,perf-policy_only-r006-20260818T024110Z,loan_to_customer,2,72,200,15.400900,
policy_only,6,1,perf-policy_only-r006-20260818T024110Z,loan_to_customer,2,73,200,14.601800,
policy_only,6,1,perf-policy_only-r006-20260818T024110Z,loan_to_customer,2,74,200,16.136700,
policy_only,6,1,perf-policy_only-r006-20260818T024110Z,loan_to_customer,2,75,200,15.498700,
policy_only,6,1,perf-policy_only-r006-20260818T024110Z,loan_to_customer,2,76,200,15.072300,
policy_only,6,1,perf-policy_only-r006-20260818T024110Z,loan_to_customer,2,77,200,14.701700,
policy_only,6,1,perf-policy_only-r006-20260818T024110Z,loan_to_customer,2,78,200,14.406600,
policy_only,6,1,perf-policy_only-r006-20260818T024110Z,loan_to_customer,2,79,200,14.379600,
policy_only,6,1,perf-policy_only-r006-20260818T024110Z,loan_to_customer,2,80,200,14.529900,
policy_only,6,1,perf-policy_only-r006-20260818T024110Z,loan_to_customer,2,81,200,15.010600,
policy_only,6,1,perf-policy_only-r006-20260818T024110Z,loan_to_customer,2,82,200,14.926600,
policy_only,6,1,perf-policy_only-r006-20260818T024110Z,loan_to_customer,2,83,200,14.431100,
policy_only,6,1,perf-policy_only-r006-20260818T024110Z,loan_to_customer,2,84,200,15.531800,
policy_only,6,1,perf-policy_only-r006-20260818T024110Z,loan_to_customer,2,85,200,15.148900,
policy_only,6,1,perf-policy_only-r006-20260818T024110Z,loan_to_customer,2,86,200,15.066400,
policy_only,6,1,perf-policy_only-r006-20260818T024110Z,loan_to_customer,2,87,200,14.292800,
policy_only,6,1,perf-policy_only-r006-20260818T024110Z,loan_to_customer,2,88,200,14.709400,
policy_only,6,1,perf-policy_only-r006-20260818T024110Z,loan_to_customer,2,89,200,14.771000,
policy_only,6,1,perf-policy_only-r006-20260818T024110Z,loan_to_customer,2,90,200,16.050500,
policy_only,6,1,perf-policy_only-r006-20260818T024110Z,loan_to_customer,2,91,200,14.365300,
policy_only,6,1,perf-policy_only-r006-20260818T024110Z,loan_to_customer,2,92,200,14.444500,
policy_only,6,1,perf-policy_only-r006-20260818T024110Z,loan_to_customer,2,93,200,15.222700,
policy_only,6,1,perf-policy_only-r006-20260818T024110Z,loan_to_customer,2,94,200,15.141800,
policy_only,6,1,perf-policy_only-r006-20260818T024110Z,loan_to_customer,2,95,200,14.648300,
policy_only,6,1,perf-policy_only-r006-20260818T024110Z,loan_to_customer,2,96,200,15.148300,
policy_only,6,1,perf-policy_only-r006-20260818T024110Z,loan_to_customer,2,97,200,15.234800,
policy_only,6,1,perf-policy_only-r006-20260818T024110Z,loan_to_customer,2,98,200,15.822000,
policy_only,6,1,perf-policy_only-r006-20260818T024110Z,loan_to_customer,2,99,200,14.436500,
policy_only,6,1,perf-policy_only-r006-20260818T024110Z,loan_to_customer,2,100,200,14.811700,
policy_only,6,1,perf-policy_only-r006-20260818T024110Z,loan_to_customer,2,101,200,14.558100,
policy_only,6,1,perf-policy_only-r006-20260818T024110Z,loan_to_customer,2,102,200,14.729700,
policy_only,6,1,perf-policy_only-r006-20260818T024110Z,loan_to_customer,2,103,200,14.340600,
policy_only,6,1,perf-policy_only-r006-20260818T024110Z,loan_to_customer,2,104,200,13.671700,
policy_only,6,1,perf-policy_only-r006-20260818T024110Z,loan_to_customer,2,105,200,13.984300,
policy_only,6,1,perf-policy_only-r006-20260818T024110Z,loan_to_customer,2,106,200,14.400500,
policy_only,6,1,perf-policy_only-r006-20260818T024110Z,loan_to_customer,2,107,200,13.445900,
policy_only,6,1,perf-policy_only-r006-20260818T024110Z,loan_to_customer,2,108,200,13.846900,
policy_only,6,1,perf-policy_only-r006-20260818T024110Z,loan_to_customer,2,109,200,14.452800,
policy_only,6,1,perf-policy_only-r006-20260818T024110Z,loan_to_customer,2,110,200,14.545400,
policy_only,6,1,perf-policy_only-r006-20260818T024110Z,loan_to_customer,2,111,200,14.378100,
policy_only,6,1,perf-policy_only-r006-20260818T024110Z,loan_to_customer,2,112,200,14.591300,
policy_only,6,1,perf-policy_only-r006-20260818T024110Z,loan_to_customer,2,113,200,13.930900,
policy_only,6,1,perf-policy_only-r006-20260818T024110Z,loan_to_customer,2,114,200,14.082200,
policy_only,6,1,perf-policy_only-r006-20260818T024110Z,loan_to_customer,2,115,200,13.745800,
policy_only,6,1,perf-policy_only-r006-20260818T024110Z,loan_to_customer,2,116,200,14.149400,
policy_only,6,1,perf-policy_only-r006-20260818T024110Z,loan_to_customer,2,117,200,14.244800,
policy_only,6,1,perf-policy_only-r006-20260818T024110Z,loan_to_customer,2,118,200,13.890700,
policy_only,6,1,perf-policy_only-r006-20260818T024110Z,loan_to_customer,2,119,200,14.176000,
policy_only,6,1,perf-policy_only-r006-20260818T024110Z,loan_to_customer,2,120,200,14.078100,
policy_only,6,1,perf-policy_only-r006-20260818T024110Z,loan_to_customer,2,121,200,13.543300,
policy_only,6,1,perf-policy_only-r006-20260818T024110Z,loan_to_customer,2,122,200,14.030300,
policy_only,6,1,perf-policy_only-r006-20260818T024110Z,loan_to_customer,2,123,200,14.089800,
policy_only,6,1,perf-policy_only-r006-20260818T024110Z,loan_to_customer,2,124,200,14.050200,
policy_only,6,1,perf-policy_only-r006-20260818T024110Z,loan_to_customer,2,125,200,14.494900,
policy_only,6,1,perf-policy_only-r006-20260818T024110Z,loan_to_customer,2,126,200,14.277600,
policy_only,6,1,perf-policy_only-r006-20260818T024110Z,loan_to_customer,2,127,200,13.807000,
policy_only,6,1,perf-policy_only-r006-20260818T024110Z,loan_to_customer,2,128,200,14.296400,
policy_only,6,1,perf-policy_only-r006-20260818T024110Z,loan_to_customer,2,129,200,16.385500,
policy_only,6,1,perf-policy_only-r006-20260818T024110Z,loan_to_customer,2,130,200,14.056500,
policy_only,6,1,perf-policy_only-r006-20260818T024110Z,loan_to_customer,2,131,200,14.095200,
policy_only,6,1,perf-policy_only-r006-20260818T024110Z,loan_to_customer,2,132,200,14.079200,
policy_only,6,1,perf-policy_only-r006-20260818T024110Z,loan_to_customer,2,133,200,14.047200,
policy_only,6,1,perf-policy_only-r006-20260818T024110Z,loan_to_customer,2,134,200,14.050800,
policy_only,6,1,perf-policy_only-r006-20260818T024110Z,loan_to_customer,2,135,200,14.580100,
policy_only,6,1,perf-policy_only-r006-20260818T024110Z,loan_to_customer,2,136,200,14.372100,
policy_only,6,1,perf-policy_only-r006-20260818T024110Z,loan_to_customer,2,137,200,13.856000,
policy_only,6,1,perf-policy_only-r006-20260818T024110Z,loan_to_customer,2,138,200,14.305700,
policy_only,6,1,perf-policy_only-r006-20260818T024110Z,loan_to_customer,2,139,200,14.256800,
policy_only,6,1,perf-policy_only-r006-20260818T024110Z,loan_to_customer,2,140,200,14.251500,
policy_only,6,1,perf-policy_only-r006-20260818T024110Z,loan_to_customer,2,141,200,14.973400,
policy_only,6,1,perf-policy_only-r006-20260818T024110Z,loan_to_customer,2,142,200,14.344000,
policy_only,6,1,perf-policy_only-r006-20260818T024110Z,loan_to_customer,2,143,200,13.930900,
policy_only,6,1,perf-policy_only-r006-20260818T024110Z,loan_to_customer,2,144,200,13.823600,
policy_only,6,1,perf-policy_only-r006-20260818T024110Z,loan_to_customer,2,145,200,13.583100,
policy_only,6,1,perf-policy_only-r006-20260818T024110Z,loan_to_customer,2,146,200,13.453100,
policy_only,6,1,perf-policy_only-r006-20260818T024110Z,loan_to_customer,2,147,200,13.936000,
policy_only,6,1,perf-policy_only-r006-20260818T024110Z,loan_to_customer,2,148,200,14.111200,
policy_only,6,1,perf-policy_only-r006-20260818T024110Z,loan_to_customer,2,149,200,13.809900,
policy_only,6,1,perf-policy_only-r006-20260818T024110Z,loan_to_customer,2,150,200,13.847500,
policy_only,6,1,perf-policy_only-r006-20260818T024110Z,loan_to_customer,2,151,200,14.013700,
policy_only,6,1,perf-policy_only-r006-20260818T024110Z,loan_to_customer,2,152,200,14.169800,
policy_only,6,1,perf-policy_only-r006-20260818T024110Z,loan_to_customer,2,153,200,14.261500,
policy_only,6,1,perf-policy_only-r006-20260818T024110Z,loan_to_customer,2,154,200,14.669200,
policy_only,6,1,perf-policy_only-r006-20260818T024110Z,loan_to_customer,2,155,200,14.128000,
policy_only,6,1,perf-policy_only-r006-20260818T024110Z,loan_to_customer,2,156,200,13.707600,
policy_only,6,1,perf-policy_only-r006-20260818T024110Z,loan_to_customer,2,157,200,14.164000,
policy_only,6,1,perf-policy_only-r006-20260818T024110Z,loan_to_customer,2,158,200,14.166000,
policy_only,6,1,perf-policy_only-r006-20260818T024110Z,loan_to_customer,2,159,200,13.831900,
policy_only,6,1,perf-policy_only-r006-20260818T024110Z,loan_to_customer,2,160,200,16.788200,
policy_only,6,1,perf-policy_only-r006-20260818T024110Z,loan_to_customer,2,161,200,19.050500,
policy_only,6,1,perf-policy_only-r006-20260818T024110Z,loan_to_customer,2,162,200,16.030900,
policy_only,6,1,perf-policy_only-r006-20260818T024110Z,loan_to_customer,2,163,200,15.543400,
policy_only,6,1,perf-policy_only-r006-20260818T024110Z,loan_to_customer,2,164,200,15.174800,
policy_only,6,1,perf-policy_only-r006-20260818T024110Z,loan_to_customer,2,165,200,15.173600,
policy_only,6,1,perf-policy_only-r006-20260818T024110Z,loan_to_customer,2,166,200,15.302100,
policy_only,6,1,perf-policy_only-r006-20260818T024110Z,loan_to_customer,2,167,200,14.629300,
policy_only,6,1,perf-policy_only-r006-20260818T024110Z,loan_to_customer,2,168,200,14.547800,
policy_only,6,1,perf-policy_only-r006-20260818T024110Z,loan_to_customer,2,169,200,14.300000,
policy_only,6,1,perf-policy_only-r006-20260818T024110Z,loan_to_customer,2,170,200,15.520100,
policy_only,6,1,perf-policy_only-r006-20260818T024110Z,loan_to_customer,2,171,200,14.813400,
policy_only,6,1,perf-policy_only-r006-20260818T024110Z,loan_to_customer,2,172,200,14.525900,
policy_only,6,1,perf-policy_only-r006-20260818T024110Z,loan_to_customer,2,173,200,13.843300,
policy_only,6,1,perf-policy_only-r006-20260818T024110Z,loan_to_customer,2,174,200,14.751500,
policy_only,6,1,perf-policy_only-r006-20260818T024110Z,loan_to_customer,2,175,200,14.624500,
policy_only,6,1,perf-policy_only-r006-20260818T024110Z,loan_to_customer,2,176,200,13.620900,
policy_only,6,1,perf-policy_only-r006-20260818T024110Z,loan_to_customer,2,177,200,14.130200,
policy_only,6,1,perf-policy_only-r006-20260818T024110Z,loan_to_customer,2,178,200,14.056000,
policy_only,6,1,perf-policy_only-r006-20260818T024110Z,loan_to_customer,2,179,200,14.110400,
policy_only,6,1,perf-policy_only-r006-20260818T024110Z,loan_to_customer,2,180,200,14.056800,
policy_only,6,1,perf-policy_only-r006-20260818T024110Z,loan_to_customer,2,181,200,14.292000,
policy_only,6,1,perf-policy_only-r006-20260818T024110Z,loan_to_customer,2,182,200,15.019200,
policy_only,6,1,perf-policy_only-r006-20260818T024110Z,loan_to_customer,2,183,200,13.995500,
policy_only,6,1,perf-policy_only-r006-20260818T024110Z,loan_to_customer,2,184,200,15.162700,
policy_only,6,1,perf-policy_only-r006-20260818T024110Z,loan_to_customer,2,185,200,14.779000,
policy_only,6,1,perf-policy_only-r006-20260818T024110Z,loan_to_customer,2,186,200,14.177200,
policy_only,6,1,perf-policy_only-r006-20260818T024110Z,loan_to_customer,2,187,200,14.289600,
policy_only,6,1,perf-policy_only-r006-20260818T024110Z,loan_to_customer,2,188,200,14.031100,
policy_only,6,1,perf-policy_only-r006-20260818T024110Z,loan_to_customer,2,189,200,14.688400,
policy_only,6,1,perf-policy_only-r006-20260818T024110Z,loan_to_customer,2,190,200,14.732400,
policy_only,6,1,perf-policy_only-r006-20260818T024110Z,loan_to_customer,2,191,200,14.821900,
policy_only,6,1,perf-policy_only-r006-20260818T024110Z,loan_to_customer,2,192,200,14.684100,
policy_only,6,1,perf-policy_only-r006-20260818T024110Z,loan_to_customer,2,193,200,13.598900,
policy_only,6,1,perf-policy_only-r006-20260818T024110Z,loan_to_customer,2,194,200,14.586100,
policy_only,6,1,perf-policy_only-r006-20260818T024110Z,loan_to_customer,2,195,200,14.154700,
policy_only,6,1,perf-policy_only-r006-20260818T024110Z,loan_to_customer,2,196,200,13.853600,
policy_only,6,1,perf-policy_only-r006-20260818T024110Z,loan_to_customer,2,197,200,13.677600,
policy_only,6,1,perf-policy_only-r006-20260818T024110Z,loan_to_customer,2,198,200,14.142200,
policy_only,6,1,perf-policy_only-r006-20260818T024110Z,loan_to_customer,2,199,200,14.350100,
policy_only,6,1,perf-policy_only-r006-20260818T024110Z,loan_to_customer,2,200,200,13.979400,
policy_only,6,1,perf-policy_only-r006-20260818T024110Z,loan_to_customer,3,1,200,14.279700,
policy_only,6,1,perf-policy_only-r006-20260818T024110Z,loan_to_customer,3,2,200,14.086500,
policy_only,6,1,perf-policy_only-r006-20260818T024110Z,loan_to_customer,3,3,200,14.118700,
policy_only,6,1,perf-policy_only-r006-20260818T024110Z,loan_to_customer,3,4,200,14.220300,
policy_only,6,1,perf-policy_only-r006-20260818T024110Z,loan_to_customer,3,5,200,14.020900,
policy_only,6,1,perf-policy_only-r006-20260818T024110Z,loan_to_customer,3,6,200,14.335300,
policy_only,6,1,perf-policy_only-r006-20260818T024110Z,loan_to_customer,3,7,200,14.609500,
policy_only,6,1,perf-policy_only-r006-20260818T024110Z,loan_to_customer,3,8,200,13.753600,
policy_only,6,1,perf-policy_only-r006-20260818T024110Z,loan_to_customer,3,9,200,14.407500,
policy_only,6,1,perf-policy_only-r006-20260818T024110Z,loan_to_customer,3,10,200,14.325700,
policy_only,6,1,perf-policy_only-r006-20260818T024110Z,loan_to_customer,3,11,200,13.846100,
policy_only,6,1,perf-policy_only-r006-20260818T024110Z,loan_to_customer,3,12,200,14.675700,
policy_only,6,1,perf-policy_only-r006-20260818T024110Z,loan_to_customer,3,13,200,14.546900,
policy_only,6,1,perf-policy_only-r006-20260818T024110Z,loan_to_customer,3,14,200,14.752600,
policy_only,6,1,perf-policy_only-r006-20260818T024110Z,loan_to_customer,3,15,200,14.482900,
policy_only,6,1,perf-policy_only-r006-20260818T024110Z,loan_to_customer,3,16,200,14.177000,
policy_only,6,1,perf-policy_only-r006-20260818T024110Z,loan_to_customer,3,17,200,13.984900,
policy_only,6,1,perf-policy_only-r006-20260818T024110Z,loan_to_customer,3,18,200,14.054800,
policy_only,6,1,perf-policy_only-r006-20260818T024110Z,loan_to_customer,3,19,200,14.267500,
policy_only,6,1,perf-policy_only-r006-20260818T024110Z,loan_to_customer,3,20,200,13.703000,
policy_only,6,1,perf-policy_only-r006-20260818T024110Z,loan_to_customer,3,21,200,13.807600,
policy_only,6,1,perf-policy_only-r006-20260818T024110Z,loan_to_customer,3,22,200,14.559000,
policy_only,6,1,perf-policy_only-r006-20260818T024110Z,loan_to_customer,3,23,200,14.546700,
policy_only,6,1,perf-policy_only-r006-20260818T024110Z,loan_to_customer,3,24,200,15.357200,
policy_only,6,1,perf-policy_only-r006-20260818T024110Z,loan_to_customer,3,25,200,14.866900,
policy_only,6,1,perf-policy_only-r006-20260818T024110Z,loan_to_customer,3,26,200,14.006700,
policy_only,6,1,perf-policy_only-r006-20260818T024110Z,loan_to_customer,3,27,200,13.656400,
policy_only,6,1,perf-policy_only-r006-20260818T024110Z,loan_to_customer,3,28,200,14.230300,
policy_only,6,1,perf-policy_only-r006-20260818T024110Z,loan_to_customer,3,29,200,14.089800,
policy_only,6,1,perf-policy_only-r006-20260818T024110Z,loan_to_customer,3,30,200,14.175300,
policy_only,6,1,perf-policy_only-r006-20260818T024110Z,loan_to_customer,3,31,200,14.486400,
policy_only,6,1,perf-policy_only-r006-20260818T024110Z,loan_to_customer,3,32,200,14.710600,
policy_only,6,1,perf-policy_only-r006-20260818T024110Z,loan_to_customer,3,33,200,13.873600,
policy_only,6,1,perf-policy_only-r006-20260818T024110Z,loan_to_customer,3,34,200,13.989700,
policy_only,6,1,perf-policy_only-r006-20260818T024110Z,loan_to_customer,3,35,200,14.074000,
policy_only,6,1,perf-policy_only-r006-20260818T024110Z,loan_to_customer,3,36,200,14.415300,
policy_only,6,1,perf-policy_only-r006-20260818T024110Z,loan_to_customer,3,37,200,14.407300,
policy_only,6,1,perf-policy_only-r006-20260818T024110Z,loan_to_customer,3,38,200,14.740100,
policy_only,6,1,perf-policy_only-r006-20260818T024110Z,loan_to_customer,3,39,200,15.093900,
policy_only,6,1,perf-policy_only-r006-20260818T024110Z,loan_to_customer,3,40,200,15.203300,
policy_only,6,1,perf-policy_only-r006-20260818T024110Z,loan_to_customer,3,41,200,15.159200,
policy_only,6,1,perf-policy_only-r006-20260818T024110Z,loan_to_customer,3,42,200,14.958000,
policy_only,6,1,perf-policy_only-r006-20260818T024110Z,loan_to_customer,3,43,200,15.632600,
policy_only,6,1,perf-policy_only-r006-20260818T024110Z,loan_to_customer,3,44,200,15.060500,
policy_only,6,1,perf-policy_only-r006-20260818T024110Z,loan_to_customer,3,45,200,14.636500,
policy_only,6,1,perf-policy_only-r006-20260818T024110Z,loan_to_customer,3,46,200,14.475900,
policy_only,6,1,perf-policy_only-r006-20260818T024110Z,loan_to_customer,3,47,200,14.640800,
policy_only,6,1,perf-policy_only-r006-20260818T024110Z,loan_to_customer,3,48,200,15.046800,
policy_only,6,1,perf-policy_only-r006-20260818T024110Z,loan_to_customer,3,49,200,13.974600,
policy_only,6,1,perf-policy_only-r006-20260818T024110Z,loan_to_customer,3,50,200,14.295400,
policy_only,6,1,perf-policy_only-r006-20260818T024110Z,loan_to_customer,3,51,200,13.747500,
policy_only,6,1,perf-policy_only-r006-20260818T024110Z,loan_to_customer,3,52,200,13.813800,
policy_only,6,1,perf-policy_only-r006-20260818T024110Z,loan_to_customer,3,53,200,14.414000,
policy_only,6,1,perf-policy_only-r006-20260818T024110Z,loan_to_customer,3,54,200,14.110800,
policy_only,6,1,perf-policy_only-r006-20260818T024110Z,loan_to_customer,3,55,200,14.385100,
policy_only,6,1,perf-policy_only-r006-20260818T024110Z,loan_to_customer,3,56,200,14.477700,
policy_only,6,1,perf-policy_only-r006-20260818T024110Z,loan_to_customer,3,57,200,15.167000,
policy_only,6,1,perf-policy_only-r006-20260818T024110Z,loan_to_customer,3,58,200,14.240900,
policy_only,6,1,perf-policy_only-r006-20260818T024110Z,loan_to_customer,3,59,200,14.142300,
policy_only,6,1,perf-policy_only-r006-20260818T024110Z,loan_to_customer,3,60,200,13.847600,
policy_only,6,1,perf-policy_only-r006-20260818T024110Z,loan_to_customer,3,61,200,13.885700,
policy_only,6,1,perf-policy_only-r006-20260818T024110Z,loan_to_customer,3,62,200,13.905600,
policy_only,6,1,perf-policy_only-r006-20260818T024110Z,loan_to_customer,3,63,200,13.837200,
policy_only,6,1,perf-policy_only-r006-20260818T024110Z,loan_to_customer,3,64,200,14.053300,
policy_only,6,1,perf-policy_only-r006-20260818T024110Z,loan_to_customer,3,65,200,14.573900,
policy_only,6,1,perf-policy_only-r006-20260818T024110Z,loan_to_customer,3,66,200,14.468900,
policy_only,6,1,perf-policy_only-r006-20260818T024110Z,loan_to_customer,3,67,200,14.077500,
policy_only,6,1,perf-policy_only-r006-20260818T024110Z,loan_to_customer,3,68,200,14.066200,
policy_only,6,1,perf-policy_only-r006-20260818T024110Z,loan_to_customer,3,69,200,13.922500,
policy_only,6,1,perf-policy_only-r006-20260818T024110Z,loan_to_customer,3,70,200,13.725400,
policy_only,6,1,perf-policy_only-r006-20260818T024110Z,loan_to_customer,3,71,200,14.189400,
policy_only,6,1,perf-policy_only-r006-20260818T024110Z,loan_to_customer,3,72,200,14.820800,
policy_only,6,1,perf-policy_only-r006-20260818T024110Z,loan_to_customer,3,73,200,13.901400,
policy_only,6,1,perf-policy_only-r006-20260818T024110Z,loan_to_customer,3,74,200,13.758900,
policy_only,6,1,perf-policy_only-r006-20260818T024110Z,loan_to_customer,3,75,200,14.429800,
policy_only,6,1,perf-policy_only-r006-20260818T024110Z,loan_to_customer,3,76,200,14.189600,
policy_only,6,1,perf-policy_only-r006-20260818T024110Z,loan_to_customer,3,77,200,14.331500,
policy_only,6,1,perf-policy_only-r006-20260818T024110Z,loan_to_customer,3,78,200,15.364600,
policy_only,6,1,perf-policy_only-r006-20260818T024110Z,loan_to_customer,3,79,200,15.950000,
policy_only,6,1,perf-policy_only-r006-20260818T024110Z,loan_to_customer,3,80,200,15.221600,
policy_only,6,1,perf-policy_only-r006-20260818T024110Z,loan_to_customer,3,81,200,16.543500,
policy_only,6,1,perf-policy_only-r006-20260818T024110Z,loan_to_customer,3,82,200,14.900000,
policy_only,6,1,perf-policy_only-r006-20260818T024110Z,loan_to_customer,3,83,200,15.128500,
policy_only,6,1,perf-policy_only-r006-20260818T024110Z,loan_to_customer,3,84,200,15.132100,
policy_only,6,1,perf-policy_only-r006-20260818T024110Z,loan_to_customer,3,85,200,15.441100,
policy_only,6,1,perf-policy_only-r006-20260818T024110Z,loan_to_customer,3,86,200,15.436500,
policy_only,6,1,perf-policy_only-r006-20260818T024110Z,loan_to_customer,3,87,200,15.156300,
policy_only,6,1,perf-policy_only-r006-20260818T024110Z,loan_to_customer,3,88,200,14.211700,
policy_only,6,1,perf-policy_only-r006-20260818T024110Z,loan_to_customer,3,89,200,14.217100,
policy_only,6,1,perf-policy_only-r006-20260818T024110Z,loan_to_customer,3,90,200,15.468200,
policy_only,6,1,perf-policy_only-r006-20260818T024110Z,loan_to_customer,3,91,200,14.970000,
policy_only,6,1,perf-policy_only-r006-20260818T024110Z,loan_to_customer,3,92,200,15.779800,
policy_only,6,1,perf-policy_only-r006-20260818T024110Z,loan_to_customer,3,93,200,15.084300,
policy_only,6,1,perf-policy_only-r006-20260818T024110Z,loan_to_customer,3,94,200,15.070100,
policy_only,6,1,perf-policy_only-r006-20260818T024110Z,loan_to_customer,3,95,200,14.735600,
policy_only,6,1,perf-policy_only-r006-20260818T024110Z,loan_to_customer,3,96,200,14.651000,
policy_only,6,1,perf-policy_only-r006-20260818T024110Z,loan_to_customer,3,97,200,15.422300,
policy_only,6,1,perf-policy_only-r006-20260818T024110Z,loan_to_customer,3,98,200,15.077200,
policy_only,6,1,perf-policy_only-r006-20260818T024110Z,loan_to_customer,3,99,200,15.280800,
policy_only,6,1,perf-policy_only-r006-20260818T024110Z,loan_to_customer,3,100,200,15.087100,
policy_only,6,1,perf-policy_only-r006-20260818T024110Z,loan_to_customer,3,101,200,15.213100,
policy_only,6,1,perf-policy_only-r006-20260818T024110Z,loan_to_customer,3,102,200,14.854400,
policy_only,6,1,perf-policy_only-r006-20260818T024110Z,loan_to_customer,3,103,200,15.228700,
policy_only,6,1,perf-policy_only-r006-20260818T024110Z,loan_to_customer,3,104,200,15.655100,
policy_only,6,1,perf-policy_only-r006-20260818T024110Z,loan_to_customer,3,105,200,14.670800,
policy_only,6,1,perf-policy_only-r006-20260818T024110Z,loan_to_customer,3,106,200,14.956300,
policy_only,6,1,perf-policy_only-r006-20260818T024110Z,loan_to_customer,3,107,200,15.045700,
policy_only,6,1,perf-policy_only-r006-20260818T024110Z,loan_to_customer,3,108,200,15.540600,
policy_only,6,1,perf-policy_only-r006-20260818T024110Z,loan_to_customer,3,109,200,15.556200,
policy_only,6,1,perf-policy_only-r006-20260818T024110Z,loan_to_customer,3,110,200,14.892000,
policy_only,6,1,perf-policy_only-r006-20260818T024110Z,loan_to_customer,3,111,200,14.672500,
policy_only,6,1,perf-policy_only-r006-20260818T024110Z,loan_to_customer,3,112,200,15.998700,
policy_only,6,1,perf-policy_only-r006-20260818T024110Z,loan_to_customer,3,113,200,16.484200,
policy_only,6,1,perf-policy_only-r006-20260818T024110Z,loan_to_customer,3,114,200,14.970900,
policy_only,6,1,perf-policy_only-r006-20260818T024110Z,loan_to_customer,3,115,200,16.296500,
policy_only,6,1,perf-policy_only-r006-20260818T024110Z,loan_to_customer,3,116,200,16.070800,
policy_only,6,1,perf-policy_only-r006-20260818T024110Z,loan_to_customer,3,117,200,15.341400,
policy_only,6,1,perf-policy_only-r006-20260818T024110Z,loan_to_customer,3,118,200,15.408700,
policy_only,6,1,perf-policy_only-r006-20260818T024110Z,loan_to_customer,3,119,200,15.889200,
policy_only,6,1,perf-policy_only-r006-20260818T024110Z,loan_to_customer,3,120,200,14.727100,
policy_only,6,1,perf-policy_only-r006-20260818T024110Z,loan_to_customer,3,121,200,14.536200,
policy_only,6,1,perf-policy_only-r006-20260818T024110Z,loan_to_customer,3,122,200,14.529200,
policy_only,6,1,perf-policy_only-r006-20260818T024110Z,loan_to_customer,3,123,200,14.209300,
policy_only,6,1,perf-policy_only-r006-20260818T024110Z,loan_to_customer,3,124,200,14.183900,
policy_only,6,1,perf-policy_only-r006-20260818T024110Z,loan_to_customer,3,125,200,13.917100,
policy_only,6,1,perf-policy_only-r006-20260818T024110Z,loan_to_customer,3,126,200,13.875700,
policy_only,6,1,perf-policy_only-r006-20260818T024110Z,loan_to_customer,3,127,200,13.721500,
policy_only,6,1,perf-policy_only-r006-20260818T024110Z,loan_to_customer,3,128,200,13.859800,
policy_only,6,1,perf-policy_only-r006-20260818T024110Z,loan_to_customer,3,129,200,13.987400,
policy_only,6,1,perf-policy_only-r006-20260818T024110Z,loan_to_customer,3,130,200,14.160300,
policy_only,6,1,perf-policy_only-r006-20260818T024110Z,loan_to_customer,3,131,200,13.860300,
policy_only,6,1,perf-policy_only-r006-20260818T024110Z,loan_to_customer,3,132,200,13.821300,
policy_only,6,1,perf-policy_only-r006-20260818T024110Z,loan_to_customer,3,133,200,14.080000,
policy_only,6,1,perf-policy_only-r006-20260818T024110Z,loan_to_customer,3,134,200,14.147700,
policy_only,6,1,perf-policy_only-r006-20260818T024110Z,loan_to_customer,3,135,200,13.819000,
policy_only,6,1,perf-policy_only-r006-20260818T024110Z,loan_to_customer,3,136,200,14.001700,
policy_only,6,1,perf-policy_only-r006-20260818T024110Z,loan_to_customer,3,137,200,14.366800,
policy_only,6,1,perf-policy_only-r006-20260818T024110Z,loan_to_customer,3,138,200,13.743700,
policy_only,6,1,perf-policy_only-r006-20260818T024110Z,loan_to_customer,3,139,200,13.529100,
policy_only,6,1,perf-policy_only-r006-20260818T024110Z,loan_to_customer,3,140,200,14.311700,
policy_only,6,1,perf-policy_only-r006-20260818T024110Z,loan_to_customer,3,141,200,13.773400,
policy_only,6,1,perf-policy_only-r006-20260818T024110Z,loan_to_customer,3,142,200,13.826000,
policy_only,6,1,perf-policy_only-r006-20260818T024110Z,loan_to_customer,3,143,200,13.945000,
policy_only,6,1,perf-policy_only-r006-20260818T024110Z,loan_to_customer,3,144,200,13.474100,
policy_only,6,1,perf-policy_only-r006-20260818T024110Z,loan_to_customer,3,145,200,13.300700,
policy_only,6,1,perf-policy_only-r006-20260818T024110Z,loan_to_customer,3,146,200,13.902000,
policy_only,6,1,perf-policy_only-r006-20260818T024110Z,loan_to_customer,3,147,200,14.203000,
policy_only,6,1,perf-policy_only-r006-20260818T024110Z,loan_to_customer,3,148,200,14.456800,
policy_only,6,1,perf-policy_only-r006-20260818T024110Z,loan_to_customer,3,149,200,14.697700,
policy_only,6,1,perf-policy_only-r006-20260818T024110Z,loan_to_customer,3,150,200,13.660000,
policy_only,6,1,perf-policy_only-r006-20260818T024110Z,loan_to_customer,3,151,200,14.541500,
policy_only,6,1,perf-policy_only-r006-20260818T024110Z,loan_to_customer,3,152,200,14.072300,
policy_only,6,1,perf-policy_only-r006-20260818T024110Z,loan_to_customer,3,153,200,13.938000,
policy_only,6,1,perf-policy_only-r006-20260818T024110Z,loan_to_customer,3,154,200,14.368600,
policy_only,6,1,perf-policy_only-r006-20260818T024110Z,loan_to_customer,3,155,200,13.972700,
policy_only,6,1,perf-policy_only-r006-20260818T024110Z,loan_to_customer,3,156,200,13.581500,
policy_only,6,1,perf-policy_only-r006-20260818T024110Z,loan_to_customer,3,157,200,13.869900,
policy_only,6,1,perf-policy_only-r006-20260818T024110Z,loan_to_customer,3,158,200,14.548400,
policy_only,6,1,perf-policy_only-r006-20260818T024110Z,loan_to_customer,3,159,200,14.406400,
policy_only,6,1,perf-policy_only-r006-20260818T024110Z,loan_to_customer,3,160,200,14.627500,
policy_only,6,1,perf-policy_only-r006-20260818T024110Z,loan_to_customer,3,161,200,14.071200,
policy_only,6,1,perf-policy_only-r006-20260818T024110Z,loan_to_customer,3,162,200,14.155600,
policy_only,6,1,perf-policy_only-r006-20260818T024110Z,loan_to_customer,3,163,200,13.761300,
policy_only,6,1,perf-policy_only-r006-20260818T024110Z,loan_to_customer,3,164,200,14.336800,
policy_only,6,1,perf-policy_only-r006-20260818T024110Z,loan_to_customer,3,165,200,14.232400,
policy_only,6,1,perf-policy_only-r006-20260818T024110Z,loan_to_customer,3,166,200,14.109600,
policy_only,6,1,perf-policy_only-r006-20260818T024110Z,loan_to_customer,3,167,200,13.875300,
policy_only,6,1,perf-policy_only-r006-20260818T024110Z,loan_to_customer,3,168,200,13.844000,
policy_only,6,1,perf-policy_only-r006-20260818T024110Z,loan_to_customer,3,169,200,14.166100,
policy_only,6,1,perf-policy_only-r006-20260818T024110Z,loan_to_customer,3,170,200,13.945500,
policy_only,6,1,perf-policy_only-r006-20260818T024110Z,loan_to_customer,3,171,200,14.661400,
policy_only,6,1,perf-policy_only-r006-20260818T024110Z,loan_to_customer,3,172,200,14.647200,
policy_only,6,1,perf-policy_only-r006-20260818T024110Z,loan_to_customer,3,173,200,14.809600,
policy_only,6,1,perf-policy_only-r006-20260818T024110Z,loan_to_customer,3,174,200,19.899100,
policy_only,6,1,perf-policy_only-r006-20260818T024110Z,loan_to_customer,3,175,200,14.992000,
policy_only,6,1,perf-policy_only-r006-20260818T024110Z,loan_to_customer,3,176,200,15.406600,
policy_only,6,1,perf-policy_only-r006-20260818T024110Z,loan_to_customer,3,177,200,17.569600,
policy_only,6,1,perf-policy_only-r006-20260818T024110Z,loan_to_customer,3,178,200,17.630900,
policy_only,6,1,perf-policy_only-r006-20260818T024110Z,loan_to_customer,3,179,200,17.355500,
policy_only,6,1,perf-policy_only-r006-20260818T024110Z,loan_to_customer,3,180,200,14.987000,
policy_only,6,1,perf-policy_only-r006-20260818T024110Z,loan_to_customer,3,181,200,15.611800,
policy_only,6,1,perf-policy_only-r006-20260818T024110Z,loan_to_customer,3,182,200,15.629100,
policy_only,6,1,perf-policy_only-r006-20260818T024110Z,loan_to_customer,3,183,200,16.056300,
policy_only,6,1,perf-policy_only-r006-20260818T024110Z,loan_to_customer,3,184,200,15.201800,
policy_only,6,1,perf-policy_only-r006-20260818T024110Z,loan_to_customer,3,185,200,15.571600,
policy_only,6,1,perf-policy_only-r006-20260818T024110Z,loan_to_customer,3,186,200,15.127300,
policy_only,6,1,perf-policy_only-r006-20260818T024110Z,loan_to_customer,3,187,200,15.787700,
policy_only,6,1,perf-policy_only-r006-20260818T024110Z,loan_to_customer,3,188,200,15.308700,
policy_only,6,1,perf-policy_only-r006-20260818T024110Z,loan_to_customer,3,189,200,16.043200,
policy_only,6,1,perf-policy_only-r006-20260818T024110Z,loan_to_customer,3,190,200,15.305500,
policy_only,6,1,perf-policy_only-r006-20260818T024110Z,loan_to_customer,3,191,200,15.965000,
policy_only,6,1,perf-policy_only-r006-20260818T024110Z,loan_to_customer,3,192,200,14.897200,
policy_only,6,1,perf-policy_only-r006-20260818T024110Z,loan_to_customer,3,193,200,14.456000,
policy_only,6,1,perf-policy_only-r006-20260818T024110Z,loan_to_customer,3,194,200,14.782500,
policy_only,6,1,perf-policy_only-r006-20260818T024110Z,loan_to_customer,3,195,200,14.667800,
policy_only,6,1,perf-policy_only-r006-20260818T024110Z,loan_to_customer,3,196,200,14.693400,
policy_only,6,1,perf-policy_only-r006-20260818T024110Z,loan_to_customer,3,197,200,14.321200,
policy_only,6,1,perf-policy_only-r006-20260818T024110Z,loan_to_customer,3,198,200,14.115600,
policy_only,6,1,perf-policy_only-r006-20260818T024110Z,loan_to_customer,3,199,200,14.077000,
policy_only,6,1,perf-policy_only-r006-20260818T024110Z,loan_to_customer,3,200,200,14.542100,
policy_only,6,1,perf-policy_only-r006-20260818T024110Z,loan_to_credit,1,1,200,16.672700,
policy_only,6,1,perf-policy_only-r006-20260818T024110Z,loan_to_credit,1,2,200,17.054800,
policy_only,6,1,perf-policy_only-r006-20260818T024110Z,loan_to_credit,1,3,200,17.038500,
policy_only,6,1,perf-policy_only-r006-20260818T024110Z,loan_to_credit,1,4,200,15.950500,
policy_only,6,1,perf-policy_only-r006-20260818T024110Z,loan_to_credit,1,5,200,16.834300,
policy_only,6,1,perf-policy_only-r006-20260818T024110Z,loan_to_credit,1,6,200,16.449500,
policy_only,6,1,perf-policy_only-r006-20260818T024110Z,loan_to_credit,1,7,200,15.969000,
policy_only,6,1,perf-policy_only-r006-20260818T024110Z,loan_to_credit,1,8,200,17.561600,
policy_only,6,1,perf-policy_only-r006-20260818T024110Z,loan_to_credit,1,9,200,15.995000,
policy_only,6,1,perf-policy_only-r006-20260818T024110Z,loan_to_credit,1,10,200,15.523400,
policy_only,6,1,perf-policy_only-r006-20260818T024110Z,loan_to_credit,1,11,200,16.059400,
policy_only,6,1,perf-policy_only-r006-20260818T024110Z,loan_to_credit,1,12,200,16.040400,
policy_only,6,1,perf-policy_only-r006-20260818T024110Z,loan_to_credit,1,13,200,15.967400,
policy_only,6,1,perf-policy_only-r006-20260818T024110Z,loan_to_credit,1,14,200,14.869400,
policy_only,6,1,perf-policy_only-r006-20260818T024110Z,loan_to_credit,1,15,200,16.069700,
policy_only,6,1,perf-policy_only-r006-20260818T024110Z,loan_to_credit,1,16,200,15.949600,
policy_only,6,1,perf-policy_only-r006-20260818T024110Z,loan_to_credit,1,17,200,16.167100,
policy_only,6,1,perf-policy_only-r006-20260818T024110Z,loan_to_credit,1,18,200,16.444400,
policy_only,6,1,perf-policy_only-r006-20260818T024110Z,loan_to_credit,1,19,200,15.625400,
policy_only,6,1,perf-policy_only-r006-20260818T024110Z,loan_to_credit,1,20,200,15.755800,
policy_only,6,1,perf-policy_only-r006-20260818T024110Z,loan_to_credit,1,21,200,16.046600,
policy_only,6,1,perf-policy_only-r006-20260818T024110Z,loan_to_credit,1,22,200,15.983800,
policy_only,6,1,perf-policy_only-r006-20260818T024110Z,loan_to_credit,1,23,200,16.602200,
policy_only,6,1,perf-policy_only-r006-20260818T024110Z,loan_to_credit,1,24,200,16.165100,
policy_only,6,1,perf-policy_only-r006-20260818T024110Z,loan_to_credit,1,25,200,16.113700,
policy_only,6,1,perf-policy_only-r006-20260818T024110Z,loan_to_credit,1,26,200,15.827000,
policy_only,6,1,perf-policy_only-r006-20260818T024110Z,loan_to_credit,1,27,200,16.907200,
policy_only,6,1,perf-policy_only-r006-20260818T024110Z,loan_to_credit,1,28,200,14.771900,
policy_only,6,1,perf-policy_only-r006-20260818T024110Z,loan_to_credit,1,29,200,16.355000,
policy_only,6,1,perf-policy_only-r006-20260818T024110Z,loan_to_credit,1,30,200,17.418400,
policy_only,6,1,perf-policy_only-r006-20260818T024110Z,loan_to_credit,1,31,200,16.672300,
policy_only,6,1,perf-policy_only-r006-20260818T024110Z,loan_to_credit,1,32,200,16.242800,
policy_only,6,1,perf-policy_only-r006-20260818T024110Z,loan_to_credit,1,33,200,16.852900,
policy_only,6,1,perf-policy_only-r006-20260818T024110Z,loan_to_credit,1,34,200,16.645300,
policy_only,6,1,perf-policy_only-r006-20260818T024110Z,loan_to_credit,1,35,200,16.011900,
policy_only,6,1,perf-policy_only-r006-20260818T024110Z,loan_to_credit,1,36,200,15.746000,
policy_only,6,1,perf-policy_only-r006-20260818T024110Z,loan_to_credit,1,37,200,16.142500,
policy_only,6,1,perf-policy_only-r006-20260818T024110Z,loan_to_credit,1,38,200,16.133900,
policy_only,6,1,perf-policy_only-r006-20260818T024110Z,loan_to_credit,1,39,200,15.941900,
policy_only,6,1,perf-policy_only-r006-20260818T024110Z,loan_to_credit,1,40,200,16.214900,
policy_only,6,1,perf-policy_only-r006-20260818T024110Z,loan_to_credit,1,41,200,16.733700,
policy_only,6,1,perf-policy_only-r006-20260818T024110Z,loan_to_credit,1,42,200,15.758800,
policy_only,6,1,perf-policy_only-r006-20260818T024110Z,loan_to_credit,1,43,200,16.279800,
policy_only,6,1,perf-policy_only-r006-20260818T024110Z,loan_to_credit,1,44,200,16.860300,
policy_only,6,1,perf-policy_only-r006-20260818T024110Z,loan_to_credit,1,45,200,16.302700,
policy_only,6,1,perf-policy_only-r006-20260818T024110Z,loan_to_credit,1,46,200,17.255400,
policy_only,6,1,perf-policy_only-r006-20260818T024110Z,loan_to_credit,1,47,200,16.724300,
policy_only,6,1,perf-policy_only-r006-20260818T024110Z,loan_to_credit,1,48,200,16.666700,
policy_only,6,1,perf-policy_only-r006-20260818T024110Z,loan_to_credit,1,49,200,16.129800,
policy_only,6,1,perf-policy_only-r006-20260818T024110Z,loan_to_credit,1,50,200,15.675900,
policy_only,6,1,perf-policy_only-r006-20260818T024110Z,loan_to_credit,1,51,200,16.215600,
policy_only,6,1,perf-policy_only-r006-20260818T024110Z,loan_to_credit,1,52,200,15.719200,
policy_only,6,1,perf-policy_only-r006-20260818T024110Z,loan_to_credit,1,53,200,16.273200,
policy_only,6,1,perf-policy_only-r006-20260818T024110Z,loan_to_credit,1,54,200,15.958100,
policy_only,6,1,perf-policy_only-r006-20260818T024110Z,loan_to_credit,1,55,200,17.317300,
policy_only,6,1,perf-policy_only-r006-20260818T024110Z,loan_to_credit,1,56,200,17.050500,
policy_only,6,1,perf-policy_only-r006-20260818T024110Z,loan_to_credit,1,57,200,16.803000,
policy_only,6,1,perf-policy_only-r006-20260818T024110Z,loan_to_credit,1,58,200,17.253900,
policy_only,6,1,perf-policy_only-r006-20260818T024110Z,loan_to_credit,1,59,200,17.066700,
policy_only,6,1,perf-policy_only-r006-20260818T024110Z,loan_to_credit,1,60,200,17.287700,
policy_only,6,1,perf-policy_only-r006-20260818T024110Z,loan_to_credit,1,61,200,16.704900,
policy_only,6,1,perf-policy_only-r006-20260818T024110Z,loan_to_credit,1,62,200,16.583100,
policy_only,6,1,perf-policy_only-r006-20260818T024110Z,loan_to_credit,1,63,200,17.161700,
policy_only,6,1,perf-policy_only-r006-20260818T024110Z,loan_to_credit,1,64,200,16.708100,
policy_only,6,1,perf-policy_only-r006-20260818T024110Z,loan_to_credit,1,65,200,16.091700,
policy_only,6,1,perf-policy_only-r006-20260818T024110Z,loan_to_credit,1,66,200,16.947100,
policy_only,6,1,perf-policy_only-r006-20260818T024110Z,loan_to_credit,1,67,200,16.598800,
policy_only,6,1,perf-policy_only-r006-20260818T024110Z,loan_to_credit,1,68,200,15.842200,
policy_only,6,1,perf-policy_only-r006-20260818T024110Z,loan_to_credit,1,69,200,17.524200,
policy_only,6,1,perf-policy_only-r006-20260818T024110Z,loan_to_credit,1,70,200,16.759300,
policy_only,6,1,perf-policy_only-r006-20260818T024110Z,loan_to_credit,1,71,200,16.157500,
policy_only,6,1,perf-policy_only-r006-20260818T024110Z,loan_to_credit,1,72,200,15.730800,
policy_only,6,1,perf-policy_only-r006-20260818T024110Z,loan_to_credit,1,73,200,16.109500,
policy_only,6,1,perf-policy_only-r006-20260818T024110Z,loan_to_credit,1,74,200,16.161700,
policy_only,6,1,perf-policy_only-r006-20260818T024110Z,loan_to_credit,1,75,200,15.744700,
policy_only,6,1,perf-policy_only-r006-20260818T024110Z,loan_to_credit,1,76,200,15.909200,
policy_only,6,1,perf-policy_only-r006-20260818T024110Z,loan_to_credit,1,77,200,16.034600,
policy_only,6,1,perf-policy_only-r006-20260818T024110Z,loan_to_credit,1,78,200,18.237600,
policy_only,6,1,perf-policy_only-r006-20260818T024110Z,loan_to_credit,1,79,200,18.883800,
policy_only,6,1,perf-policy_only-r006-20260818T024110Z,loan_to_credit,1,80,200,17.063500,
policy_only,6,1,perf-policy_only-r006-20260818T024110Z,loan_to_credit,1,81,200,15.668900,
policy_only,6,1,perf-policy_only-r006-20260818T024110Z,loan_to_credit,1,82,200,16.257700,
policy_only,6,1,perf-policy_only-r006-20260818T024110Z,loan_to_credit,1,83,200,16.768600,
policy_only,6,1,perf-policy_only-r006-20260818T024110Z,loan_to_credit,1,84,200,17.766100,
policy_only,6,1,perf-policy_only-r006-20260818T024110Z,loan_to_credit,1,85,200,17.956600,
policy_only,6,1,perf-policy_only-r006-20260818T024110Z,loan_to_credit,1,86,200,16.926400,
policy_only,6,1,perf-policy_only-r006-20260818T024110Z,loan_to_credit,1,87,200,16.539700,
policy_only,6,1,perf-policy_only-r006-20260818T024110Z,loan_to_credit,1,88,200,20.594700,
policy_only,6,1,perf-policy_only-r006-20260818T024110Z,loan_to_credit,1,89,200,17.299000,
policy_only,6,1,perf-policy_only-r006-20260818T024110Z,loan_to_credit,1,90,200,17.002800,
policy_only,6,1,perf-policy_only-r006-20260818T024110Z,loan_to_credit,1,91,200,17.076100,
policy_only,6,1,perf-policy_only-r006-20260818T024110Z,loan_to_credit,1,92,200,17.391300,
policy_only,6,1,perf-policy_only-r006-20260818T024110Z,loan_to_credit,1,93,200,18.182700,
policy_only,6,1,perf-policy_only-r006-20260818T024110Z,loan_to_credit,1,94,200,16.106400,
policy_only,6,1,perf-policy_only-r006-20260818T024110Z,loan_to_credit,1,95,200,16.104800,
policy_only,6,1,perf-policy_only-r006-20260818T024110Z,loan_to_credit,1,96,200,17.222400,
policy_only,6,1,perf-policy_only-r006-20260818T024110Z,loan_to_credit,1,97,200,15.196600,
policy_only,6,1,perf-policy_only-r006-20260818T024110Z,loan_to_credit,1,98,200,16.144600,
policy_only,6,1,perf-policy_only-r006-20260818T024110Z,loan_to_credit,1,99,200,15.895400,
policy_only,6,1,perf-policy_only-r006-20260818T024110Z,loan_to_credit,1,100,200,15.973700,
policy_only,6,1,perf-policy_only-r006-20260818T024110Z,loan_to_credit,1,101,200,16.070800,
policy_only,6,1,perf-policy_only-r006-20260818T024110Z,loan_to_credit,1,102,200,16.524800,
policy_only,6,1,perf-policy_only-r006-20260818T024110Z,loan_to_credit,1,103,200,16.353800,
policy_only,6,1,perf-policy_only-r006-20260818T024110Z,loan_to_credit,1,104,200,15.929300,
policy_only,6,1,perf-policy_only-r006-20260818T024110Z,loan_to_credit,1,105,200,16.193700,
policy_only,6,1,perf-policy_only-r006-20260818T024110Z,loan_to_credit,1,106,200,15.858500,
policy_only,6,1,perf-policy_only-r006-20260818T024110Z,loan_to_credit,1,107,200,17.058900,
policy_only,6,1,perf-policy_only-r006-20260818T024110Z,loan_to_credit,1,108,200,16.360400,
policy_only,6,1,perf-policy_only-r006-20260818T024110Z,loan_to_credit,1,109,200,16.948600,
policy_only,6,1,perf-policy_only-r006-20260818T024110Z,loan_to_credit,1,110,200,16.944200,
policy_only,6,1,perf-policy_only-r006-20260818T024110Z,loan_to_credit,1,111,200,15.551800,
policy_only,6,1,perf-policy_only-r006-20260818T024110Z,loan_to_credit,1,112,200,16.254300,
policy_only,6,1,perf-policy_only-r006-20260818T024110Z,loan_to_credit,1,113,200,15.728300,
policy_only,6,1,perf-policy_only-r006-20260818T024110Z,loan_to_credit,1,114,200,16.201800,
policy_only,6,1,perf-policy_only-r006-20260818T024110Z,loan_to_credit,1,115,200,15.724000,
policy_only,6,1,perf-policy_only-r006-20260818T024110Z,loan_to_credit,1,116,200,17.224800,
policy_only,6,1,perf-policy_only-r006-20260818T024110Z,loan_to_credit,1,117,200,16.904800,
policy_only,6,1,perf-policy_only-r006-20260818T024110Z,loan_to_credit,1,118,200,17.276800,
policy_only,6,1,perf-policy_only-r006-20260818T024110Z,loan_to_credit,1,119,200,16.974800,
policy_only,6,1,perf-policy_only-r006-20260818T024110Z,loan_to_credit,1,120,200,16.786000,
policy_only,6,1,perf-policy_only-r006-20260818T024110Z,loan_to_credit,1,121,200,16.294700,
policy_only,6,1,perf-policy_only-r006-20260818T024110Z,loan_to_credit,1,122,200,17.053700,
policy_only,6,1,perf-policy_only-r006-20260818T024110Z,loan_to_credit,1,123,200,16.725900,
policy_only,6,1,perf-policy_only-r006-20260818T024110Z,loan_to_credit,1,124,200,17.495300,
policy_only,6,1,perf-policy_only-r006-20260818T024110Z,loan_to_credit,1,125,200,16.111100,
policy_only,6,1,perf-policy_only-r006-20260818T024110Z,loan_to_credit,1,126,200,15.858400,
policy_only,6,1,perf-policy_only-r006-20260818T024110Z,loan_to_credit,1,127,200,16.336600,
policy_only,6,1,perf-policy_only-r006-20260818T024110Z,loan_to_credit,1,128,200,15.989000,
policy_only,6,1,perf-policy_only-r006-20260818T024110Z,loan_to_credit,1,129,200,15.838000,
policy_only,6,1,perf-policy_only-r006-20260818T024110Z,loan_to_credit,1,130,200,15.970800,
policy_only,6,1,perf-policy_only-r006-20260818T024110Z,loan_to_credit,1,131,200,16.009100,
policy_only,6,1,perf-policy_only-r006-20260818T024110Z,loan_to_credit,1,132,200,15.889600,
policy_only,6,1,perf-policy_only-r006-20260818T024110Z,loan_to_credit,1,133,200,17.020000,
policy_only,6,1,perf-policy_only-r006-20260818T024110Z,loan_to_credit,1,134,200,15.939100,
policy_only,6,1,perf-policy_only-r006-20260818T024110Z,loan_to_credit,1,135,200,16.160400,
policy_only,6,1,perf-policy_only-r006-20260818T024110Z,loan_to_credit,1,136,200,17.061000,
policy_only,6,1,perf-policy_only-r006-20260818T024110Z,loan_to_credit,1,137,200,16.689400,
policy_only,6,1,perf-policy_only-r006-20260818T024110Z,loan_to_credit,1,138,200,16.056700,
policy_only,6,1,perf-policy_only-r006-20260818T024110Z,loan_to_credit,1,139,200,16.353600,
policy_only,6,1,perf-policy_only-r006-20260818T024110Z,loan_to_credit,1,140,200,16.365100,
policy_only,6,1,perf-policy_only-r006-20260818T024110Z,loan_to_credit,1,141,200,16.234600,
policy_only,6,1,perf-policy_only-r006-20260818T024110Z,loan_to_credit,1,142,200,15.776300,
policy_only,6,1,perf-policy_only-r006-20260818T024110Z,loan_to_credit,1,143,200,16.220600,
policy_only,6,1,perf-policy_only-r006-20260818T024110Z,loan_to_credit,1,144,200,16.030300,
policy_only,6,1,perf-policy_only-r006-20260818T024110Z,loan_to_credit,1,145,200,15.792600,
policy_only,6,1,perf-policy_only-r006-20260818T024110Z,loan_to_credit,1,146,200,16.019800,
policy_only,6,1,perf-policy_only-r006-20260818T024110Z,loan_to_credit,1,147,200,15.866100,
policy_only,6,1,perf-policy_only-r006-20260818T024110Z,loan_to_credit,1,148,200,16.169100,
policy_only,6,1,perf-policy_only-r006-20260818T024110Z,loan_to_credit,1,149,200,15.881600,
policy_only,6,1,perf-policy_only-r006-20260818T024110Z,loan_to_credit,1,150,200,15.703100,
policy_only,6,1,perf-policy_only-r006-20260818T024110Z,loan_to_credit,1,151,200,16.408600,
policy_only,6,1,perf-policy_only-r006-20260818T024110Z,loan_to_credit,1,152,200,17.365200,
policy_only,6,1,perf-policy_only-r006-20260818T024110Z,loan_to_credit,1,153,200,17.263900,
policy_only,6,1,perf-policy_only-r006-20260818T024110Z,loan_to_credit,1,154,200,16.954000,
policy_only,6,1,perf-policy_only-r006-20260818T024110Z,loan_to_credit,1,155,200,17.502800,
policy_only,6,1,perf-policy_only-r006-20260818T024110Z,loan_to_credit,1,156,200,15.659400,
policy_only,6,1,perf-policy_only-r006-20260818T024110Z,loan_to_credit,1,157,200,16.788100,
policy_only,6,1,perf-policy_only-r006-20260818T024110Z,loan_to_credit,1,158,200,16.360100,
policy_only,6,1,perf-policy_only-r006-20260818T024110Z,loan_to_credit,1,159,200,16.044000,
policy_only,6,1,perf-policy_only-r006-20260818T024110Z,loan_to_credit,1,160,200,15.837300,
policy_only,6,1,perf-policy_only-r006-20260818T024110Z,loan_to_credit,1,161,200,15.979100,
policy_only,6,1,perf-policy_only-r006-20260818T024110Z,loan_to_credit,1,162,200,15.666100,
policy_only,6,1,perf-policy_only-r006-20260818T024110Z,loan_to_credit,1,163,200,15.021900,
policy_only,6,1,perf-policy_only-r006-20260818T024110Z,loan_to_credit,1,164,200,16.346700,
policy_only,6,1,perf-policy_only-r006-20260818T024110Z,loan_to_credit,1,165,200,16.122000,
policy_only,6,1,perf-policy_only-r006-20260818T024110Z,loan_to_credit,1,166,200,16.806400,
policy_only,6,1,perf-policy_only-r006-20260818T024110Z,loan_to_credit,1,167,200,15.919800,
policy_only,6,1,perf-policy_only-r006-20260818T024110Z,loan_to_credit,1,168,200,17.162900,
policy_only,6,1,perf-policy_only-r006-20260818T024110Z,loan_to_credit,1,169,200,16.590100,
policy_only,6,1,perf-policy_only-r006-20260818T024110Z,loan_to_credit,1,170,200,16.020300,
policy_only,6,1,perf-policy_only-r006-20260818T024110Z,loan_to_credit,1,171,200,17.218800,
policy_only,6,1,perf-policy_only-r006-20260818T024110Z,loan_to_credit,1,172,200,15.941900,
policy_only,6,1,perf-policy_only-r006-20260818T024110Z,loan_to_credit,1,173,200,15.789300,
policy_only,6,1,perf-policy_only-r006-20260818T024110Z,loan_to_credit,1,174,200,16.004800,
policy_only,6,1,perf-policy_only-r006-20260818T024110Z,loan_to_credit,1,175,200,16.330000,
policy_only,6,1,perf-policy_only-r006-20260818T024110Z,loan_to_credit,1,176,200,16.452900,
policy_only,6,1,perf-policy_only-r006-20260818T024110Z,loan_to_credit,1,177,200,15.862500,
policy_only,6,1,perf-policy_only-r006-20260818T024110Z,loan_to_credit,1,178,200,15.432600,
policy_only,6,1,perf-policy_only-r006-20260818T024110Z,loan_to_credit,1,179,200,15.979300,
policy_only,6,1,perf-policy_only-r006-20260818T024110Z,loan_to_credit,1,180,200,15.928600,
policy_only,6,1,perf-policy_only-r006-20260818T024110Z,loan_to_credit,1,181,200,16.291500,
policy_only,6,1,perf-policy_only-r006-20260818T024110Z,loan_to_credit,1,182,200,15.533900,
policy_only,6,1,perf-policy_only-r006-20260818T024110Z,loan_to_credit,1,183,200,16.585200,
policy_only,6,1,perf-policy_only-r006-20260818T024110Z,loan_to_credit,1,184,200,16.680700,
policy_only,6,1,perf-policy_only-r006-20260818T024110Z,loan_to_credit,1,185,200,17.250300,
policy_only,6,1,perf-policy_only-r006-20260818T024110Z,loan_to_credit,1,186,200,16.628700,
policy_only,6,1,perf-policy_only-r006-20260818T024110Z,loan_to_credit,1,187,200,16.010600,
policy_only,6,1,perf-policy_only-r006-20260818T024110Z,loan_to_credit,1,188,200,16.759000,
policy_only,6,1,perf-policy_only-r006-20260818T024110Z,loan_to_credit,1,189,200,16.603100,
policy_only,6,1,perf-policy_only-r006-20260818T024110Z,loan_to_credit,1,190,200,16.784500,
policy_only,6,1,perf-policy_only-r006-20260818T024110Z,loan_to_credit,1,191,200,16.975500,
policy_only,6,1,perf-policy_only-r006-20260818T024110Z,loan_to_credit,1,192,200,15.884400,
policy_only,6,1,perf-policy_only-r006-20260818T024110Z,loan_to_credit,1,193,200,16.654300,
policy_only,6,1,perf-policy_only-r006-20260818T024110Z,loan_to_credit,1,194,200,15.913900,
policy_only,6,1,perf-policy_only-r006-20260818T024110Z,loan_to_credit,1,195,200,15.997200,
policy_only,6,1,perf-policy_only-r006-20260818T024110Z,loan_to_credit,1,196,200,15.808100,
policy_only,6,1,perf-policy_only-r006-20260818T024110Z,loan_to_credit,1,197,200,16.028400,
policy_only,6,1,perf-policy_only-r006-20260818T024110Z,loan_to_credit,1,198,200,16.467600,
policy_only,6,1,perf-policy_only-r006-20260818T024110Z,loan_to_credit,1,199,200,15.786200,
policy_only,6,1,perf-policy_only-r006-20260818T024110Z,loan_to_credit,1,200,200,16.571800,
policy_only,6,1,perf-policy_only-r006-20260818T024110Z,loan_to_credit,2,1,200,16.415900,
policy_only,6,1,perf-policy_only-r006-20260818T024110Z,loan_to_credit,2,2,200,18.020400,
policy_only,6,1,perf-policy_only-r006-20260818T024110Z,loan_to_credit,2,3,200,15.439200,
policy_only,6,1,perf-policy_only-r006-20260818T024110Z,loan_to_credit,2,4,200,16.043300,
policy_only,6,1,perf-policy_only-r006-20260818T024110Z,loan_to_credit,2,5,200,16.194200,
policy_only,6,1,perf-policy_only-r006-20260818T024110Z,loan_to_credit,2,6,200,15.770700,
policy_only,6,1,perf-policy_only-r006-20260818T024110Z,loan_to_credit,2,7,200,17.099500,
policy_only,6,1,perf-policy_only-r006-20260818T024110Z,loan_to_credit,2,8,200,16.003800,
policy_only,6,1,perf-policy_only-r006-20260818T024110Z,loan_to_credit,2,9,200,15.779400,
policy_only,6,1,perf-policy_only-r006-20260818T024110Z,loan_to_credit,2,10,200,16.352200,
policy_only,6,1,perf-policy_only-r006-20260818T024110Z,loan_to_credit,2,11,200,16.130700,
policy_only,6,1,perf-policy_only-r006-20260818T024110Z,loan_to_credit,2,12,200,16.159400,
policy_only,6,1,perf-policy_only-r006-20260818T024110Z,loan_to_credit,2,13,200,15.980400,
policy_only,6,1,perf-policy_only-r006-20260818T024110Z,loan_to_credit,2,14,200,16.714700,
policy_only,6,1,perf-policy_only-r006-20260818T024110Z,loan_to_credit,2,15,200,16.360300,
policy_only,6,1,perf-policy_only-r006-20260818T024110Z,loan_to_credit,2,16,200,19.065200,
policy_only,6,1,perf-policy_only-r006-20260818T024110Z,loan_to_credit,2,17,200,17.519000,
policy_only,6,1,perf-policy_only-r006-20260818T024110Z,loan_to_credit,2,18,200,15.784600,
policy_only,6,1,perf-policy_only-r006-20260818T024110Z,loan_to_credit,2,19,200,17.290500,
policy_only,6,1,perf-policy_only-r006-20260818T024110Z,loan_to_credit,2,20,200,16.792300,
policy_only,6,1,perf-policy_only-r006-20260818T024110Z,loan_to_credit,2,21,200,15.883400,
policy_only,6,1,perf-policy_only-r006-20260818T024110Z,loan_to_credit,2,22,200,15.893900,
policy_only,6,1,perf-policy_only-r006-20260818T024110Z,loan_to_credit,2,23,200,16.018700,
policy_only,6,1,perf-policy_only-r006-20260818T024110Z,loan_to_credit,2,24,200,15.965900,
policy_only,6,1,perf-policy_only-r006-20260818T024110Z,loan_to_credit,2,25,200,16.217300,
policy_only,6,1,perf-policy_only-r006-20260818T024110Z,loan_to_credit,2,26,200,16.762600,
policy_only,6,1,perf-policy_only-r006-20260818T024110Z,loan_to_credit,2,27,200,15.932200,
policy_only,6,1,perf-policy_only-r006-20260818T024110Z,loan_to_credit,2,28,200,16.162700,
policy_only,6,1,perf-policy_only-r006-20260818T024110Z,loan_to_credit,2,29,200,16.040800,
policy_only,6,1,perf-policy_only-r006-20260818T024110Z,loan_to_credit,2,30,200,15.841700,
policy_only,6,1,perf-policy_only-r006-20260818T024110Z,loan_to_credit,2,31,200,16.024100,
policy_only,6,1,perf-policy_only-r006-20260818T024110Z,loan_to_credit,2,32,200,16.374900,
policy_only,6,1,perf-policy_only-r006-20260818T024110Z,loan_to_credit,2,33,200,16.346400,
policy_only,6,1,perf-policy_only-r006-20260818T024110Z,loan_to_credit,2,34,200,16.286500,
policy_only,6,1,perf-policy_only-r006-20260818T024110Z,loan_to_credit,2,35,200,16.148400,
policy_only,6,1,perf-policy_only-r006-20260818T024110Z,loan_to_credit,2,36,200,15.668000,
policy_only,6,1,perf-policy_only-r006-20260818T024110Z,loan_to_credit,2,37,200,17.002500,
policy_only,6,1,perf-policy_only-r006-20260818T024110Z,loan_to_credit,2,38,200,15.928700,
policy_only,6,1,perf-policy_only-r006-20260818T024110Z,loan_to_credit,2,39,200,16.523200,
policy_only,6,1,perf-policy_only-r006-20260818T024110Z,loan_to_credit,2,40,200,17.098500,
policy_only,6,1,perf-policy_only-r006-20260818T024110Z,loan_to_credit,2,41,200,16.632200,
policy_only,6,1,perf-policy_only-r006-20260818T024110Z,loan_to_credit,2,42,200,18.103100,
policy_only,6,1,perf-policy_only-r006-20260818T024110Z,loan_to_credit,2,43,200,19.040000,
policy_only,6,1,perf-policy_only-r006-20260818T024110Z,loan_to_credit,2,44,200,19.282800,
policy_only,6,1,perf-policy_only-r006-20260818T024110Z,loan_to_credit,2,45,200,18.182200,
policy_only,6,1,perf-policy_only-r006-20260818T024110Z,loan_to_credit,2,46,200,19.585900,
policy_only,6,1,perf-policy_only-r006-20260818T024110Z,loan_to_credit,2,47,200,20.131800,
policy_only,6,1,perf-policy_only-r006-20260818T024110Z,loan_to_credit,2,48,200,19.806600,
policy_only,6,1,perf-policy_only-r006-20260818T024110Z,loan_to_credit,2,49,200,18.005500,
policy_only,6,1,perf-policy_only-r006-20260818T024110Z,loan_to_credit,2,50,200,16.366200,
policy_only,6,1,perf-policy_only-r006-20260818T024110Z,loan_to_credit,2,51,200,15.908000,
policy_only,6,1,perf-policy_only-r006-20260818T024110Z,loan_to_credit,2,52,200,19.361800,
policy_only,6,1,perf-policy_only-r006-20260818T024110Z,loan_to_credit,2,53,200,16.535000,
policy_only,6,1,perf-policy_only-r006-20260818T024110Z,loan_to_credit,2,54,200,17.800300,
policy_only,6,1,perf-policy_only-r006-20260818T024110Z,loan_to_credit,2,55,200,17.896400,
policy_only,6,1,perf-policy_only-r006-20260818T024110Z,loan_to_credit,2,56,200,16.508500,
policy_only,6,1,perf-policy_only-r006-20260818T024110Z,loan_to_credit,2,57,200,16.735700,
policy_only,6,1,perf-policy_only-r006-20260818T024110Z,loan_to_credit,2,58,200,17.348700,
policy_only,6,1,perf-policy_only-r006-20260818T024110Z,loan_to_credit,2,59,200,17.589200,
policy_only,6,1,perf-policy_only-r006-20260818T024110Z,loan_to_credit,2,60,200,17.206500,
policy_only,6,1,perf-policy_only-r006-20260818T024110Z,loan_to_credit,2,61,200,16.456900,
policy_only,6,1,perf-policy_only-r006-20260818T024110Z,loan_to_credit,2,62,200,21.966400,
policy_only,6,1,perf-policy_only-r006-20260818T024110Z,loan_to_credit,2,63,200,18.725100,
policy_only,6,1,perf-policy_only-r006-20260818T024110Z,loan_to_credit,2,64,200,17.471200,
policy_only,6,1,perf-policy_only-r006-20260818T024110Z,loan_to_credit,2,65,200,17.028800,
policy_only,6,1,perf-policy_only-r006-20260818T024110Z,loan_to_credit,2,66,200,16.987200,
policy_only,6,1,perf-policy_only-r006-20260818T024110Z,loan_to_credit,2,67,200,17.545800,
policy_only,6,1,perf-policy_only-r006-20260818T024110Z,loan_to_credit,2,68,200,15.609500,
policy_only,6,1,perf-policy_only-r006-20260818T024110Z,loan_to_credit,2,69,200,16.177000,
policy_only,6,1,perf-policy_only-r006-20260818T024110Z,loan_to_credit,2,70,200,15.775000,
policy_only,6,1,perf-policy_only-r006-20260818T024110Z,loan_to_credit,2,71,200,16.309500,
policy_only,6,1,perf-policy_only-r006-20260818T024110Z,loan_to_credit,2,72,200,15.702200,
policy_only,6,1,perf-policy_only-r006-20260818T024110Z,loan_to_credit,2,73,200,16.146700,
policy_only,6,1,perf-policy_only-r006-20260818T024110Z,loan_to_credit,2,74,200,16.056600,
policy_only,6,1,perf-policy_only-r006-20260818T024110Z,loan_to_credit,2,75,200,16.793100,
policy_only,6,1,perf-policy_only-r006-20260818T024110Z,loan_to_credit,2,76,200,15.829200,
policy_only,6,1,perf-policy_only-r006-20260818T024110Z,loan_to_credit,2,77,200,19.775100,
policy_only,6,1,perf-policy_only-r006-20260818T024110Z,loan_to_credit,2,78,200,16.581800,
policy_only,6,1,perf-policy_only-r006-20260818T024110Z,loan_to_credit,2,79,200,15.921300,
policy_only,6,1,perf-policy_only-r006-20260818T024110Z,loan_to_credit,2,80,200,15.967200,
policy_only,6,1,perf-policy_only-r006-20260818T024110Z,loan_to_credit,2,81,200,15.745500,
policy_only,6,1,perf-policy_only-r006-20260818T024110Z,loan_to_credit,2,82,200,15.990900,
policy_only,6,1,perf-policy_only-r006-20260818T024110Z,loan_to_credit,2,83,200,16.050700,
policy_only,6,1,perf-policy_only-r006-20260818T024110Z,loan_to_credit,2,84,200,15.816800,
policy_only,6,1,perf-policy_only-r006-20260818T024110Z,loan_to_credit,2,85,200,16.045300,
policy_only,6,1,perf-policy_only-r006-20260818T024110Z,loan_to_credit,2,86,200,16.270200,
policy_only,6,1,perf-policy_only-r006-20260818T024110Z,loan_to_credit,2,87,200,15.334600,
policy_only,6,1,perf-policy_only-r006-20260818T024110Z,loan_to_credit,2,88,200,15.996300,
policy_only,6,1,perf-policy_only-r006-20260818T024110Z,loan_to_credit,2,89,200,16.072100,
policy_only,6,1,perf-policy_only-r006-20260818T024110Z,loan_to_credit,2,90,200,16.901700,
policy_only,6,1,perf-policy_only-r006-20260818T024110Z,loan_to_credit,2,91,200,17.297400,
policy_only,6,1,perf-policy_only-r006-20260818T024110Z,loan_to_credit,2,92,200,20.355800,
policy_only,6,1,perf-policy_only-r006-20260818T024110Z,loan_to_credit,2,93,200,20.115200,
policy_only,6,1,perf-policy_only-r006-20260818T024110Z,loan_to_credit,2,94,200,18.402200,
policy_only,6,1,perf-policy_only-r006-20260818T024110Z,loan_to_credit,2,95,200,18.573500,
policy_only,6,1,perf-policy_only-r006-20260818T024110Z,loan_to_credit,2,96,200,18.627300,
policy_only,6,1,perf-policy_only-r006-20260818T024110Z,loan_to_credit,2,97,200,20.514200,
policy_only,6,1,perf-policy_only-r006-20260818T024110Z,loan_to_credit,2,98,200,19.413900,
policy_only,6,1,perf-policy_only-r006-20260818T024110Z,loan_to_credit,2,99,200,17.645400,
policy_only,6,1,perf-policy_only-r006-20260818T024110Z,loan_to_credit,2,100,200,16.263600,
policy_only,6,1,perf-policy_only-r006-20260818T024110Z,loan_to_credit,2,101,200,16.864000,
policy_only,6,1,perf-policy_only-r006-20260818T024110Z,loan_to_credit,2,102,200,16.997200,
policy_only,6,1,perf-policy_only-r006-20260818T024110Z,loan_to_credit,2,103,200,17.557900,
policy_only,6,1,perf-policy_only-r006-20260818T024110Z,loan_to_credit,2,104,200,17.493600,
policy_only,6,1,perf-policy_only-r006-20260818T024110Z,loan_to_credit,2,105,200,16.923800,
policy_only,6,1,perf-policy_only-r006-20260818T024110Z,loan_to_credit,2,106,200,15.996100,
policy_only,6,1,perf-policy_only-r006-20260818T024110Z,loan_to_credit,2,107,200,16.616500,
policy_only,6,1,perf-policy_only-r006-20260818T024110Z,loan_to_credit,2,108,200,17.699300,
policy_only,6,1,perf-policy_only-r006-20260818T024110Z,loan_to_credit,2,109,200,16.654800,
policy_only,6,1,perf-policy_only-r006-20260818T024110Z,loan_to_credit,2,110,200,15.613900,
policy_only,6,1,perf-policy_only-r006-20260818T024110Z,loan_to_credit,2,111,200,15.923100,
policy_only,6,1,perf-policy_only-r006-20260818T024110Z,loan_to_credit,2,112,200,15.024300,
policy_only,6,1,perf-policy_only-r006-20260818T024110Z,loan_to_credit,2,113,200,16.345000,
policy_only,6,1,perf-policy_only-r006-20260818T024110Z,loan_to_credit,2,114,200,16.834400,
policy_only,6,1,perf-policy_only-r006-20260818T024110Z,loan_to_credit,2,115,200,15.936600,
policy_only,6,1,perf-policy_only-r006-20260818T024110Z,loan_to_credit,2,116,200,16.114100,
policy_only,6,1,perf-policy_only-r006-20260818T024110Z,loan_to_credit,2,117,200,15.873100,
policy_only,6,1,perf-policy_only-r006-20260818T024110Z,loan_to_credit,2,118,200,15.766200,
policy_only,6,1,perf-policy_only-r006-20260818T024110Z,loan_to_credit,2,119,200,16.341800,
policy_only,6,1,perf-policy_only-r006-20260818T024110Z,loan_to_credit,2,120,200,15.893200,
policy_only,6,1,perf-policy_only-r006-20260818T024110Z,loan_to_credit,2,121,200,18.209300,
policy_only,6,1,perf-policy_only-r006-20260818T024110Z,loan_to_credit,2,122,200,15.677800,
policy_only,6,1,perf-policy_only-r006-20260818T024110Z,loan_to_credit,2,123,200,16.143800,
policy_only,6,1,perf-policy_only-r006-20260818T024110Z,loan_to_credit,2,124,200,15.746900,
policy_only,6,1,perf-policy_only-r006-20260818T024110Z,loan_to_credit,2,125,200,16.178600,
policy_only,6,1,perf-policy_only-r006-20260818T024110Z,loan_to_credit,2,126,200,15.942100,
policy_only,6,1,perf-policy_only-r006-20260818T024110Z,loan_to_credit,2,127,200,17.189000,
policy_only,6,1,perf-policy_only-r006-20260818T024110Z,loan_to_credit,2,128,200,16.470100,
policy_only,6,1,perf-policy_only-r006-20260818T024110Z,loan_to_credit,2,129,200,15.150300,
policy_only,6,1,perf-policy_only-r006-20260818T024110Z,loan_to_credit,2,130,200,15.909300,
policy_only,6,1,perf-policy_only-r006-20260818T024110Z,loan_to_credit,2,131,200,15.082200,
policy_only,6,1,perf-policy_only-r006-20260818T024110Z,loan_to_credit,2,132,200,16.043300,
policy_only,6,1,perf-policy_only-r006-20260818T024110Z,loan_to_credit,2,133,200,15.948000,
policy_only,6,1,perf-policy_only-r006-20260818T024110Z,loan_to_credit,2,134,200,15.889100,
policy_only,6,1,perf-policy_only-r006-20260818T024110Z,loan_to_credit,2,135,200,15.046900,
policy_only,6,1,perf-policy_only-r006-20260818T024110Z,loan_to_credit,2,136,200,16.255700,
policy_only,6,1,perf-policy_only-r006-20260818T024110Z,loan_to_credit,2,137,200,15.637400,
policy_only,6,1,perf-policy_only-r006-20260818T024110Z,loan_to_credit,2,138,200,16.058600,
policy_only,6,1,perf-policy_only-r006-20260818T024110Z,loan_to_credit,2,139,200,16.090500,
policy_only,6,1,perf-policy_only-r006-20260818T024110Z,loan_to_credit,2,140,200,16.067000,
policy_only,6,1,perf-policy_only-r006-20260818T024110Z,loan_to_credit,2,141,200,17.012200,
policy_only,6,1,perf-policy_only-r006-20260818T024110Z,loan_to_credit,2,142,200,17.051000,
policy_only,6,1,perf-policy_only-r006-20260818T024110Z,loan_to_credit,2,143,200,16.881600,
policy_only,6,1,perf-policy_only-r006-20260818T024110Z,loan_to_credit,2,144,200,17.115700,
policy_only,6,1,perf-policy_only-r006-20260818T024110Z,loan_to_credit,2,145,200,20.551700,
policy_only,6,1,perf-policy_only-r006-20260818T024110Z,loan_to_credit,2,146,200,16.192600,
policy_only,6,1,perf-policy_only-r006-20260818T024110Z,loan_to_credit,2,147,200,16.214200,
policy_only,6,1,perf-policy_only-r006-20260818T024110Z,loan_to_credit,2,148,200,16.876700,
policy_only,6,1,perf-policy_only-r006-20260818T024110Z,loan_to_credit,2,149,200,16.928000,
policy_only,6,1,perf-policy_only-r006-20260818T024110Z,loan_to_credit,2,150,200,15.797100,
policy_only,6,1,perf-policy_only-r006-20260818T024110Z,loan_to_credit,2,151,200,15.692400,
policy_only,6,1,perf-policy_only-r006-20260818T024110Z,loan_to_credit,2,152,200,17.283400,
policy_only,6,1,perf-policy_only-r006-20260818T024110Z,loan_to_credit,2,153,200,16.154900,
policy_only,6,1,perf-policy_only-r006-20260818T024110Z,loan_to_credit,2,154,200,17.050100,
policy_only,6,1,perf-policy_only-r006-20260818T024110Z,loan_to_credit,2,155,200,17.436100,
policy_only,6,1,perf-policy_only-r006-20260818T024110Z,loan_to_credit,2,156,200,16.453800,
policy_only,6,1,perf-policy_only-r006-20260818T024110Z,loan_to_credit,2,157,200,15.494100,
policy_only,6,1,perf-policy_only-r006-20260818T024110Z,loan_to_credit,2,158,200,15.517600,
policy_only,6,1,perf-policy_only-r006-20260818T024110Z,loan_to_credit,2,159,200,15.663100,
policy_only,6,1,perf-policy_only-r006-20260818T024110Z,loan_to_credit,2,160,200,15.561100,
policy_only,6,1,perf-policy_only-r006-20260818T024110Z,loan_to_credit,2,161,200,16.348000,
policy_only,6,1,perf-policy_only-r006-20260818T024110Z,loan_to_credit,2,162,200,16.132700,
policy_only,6,1,perf-policy_only-r006-20260818T024110Z,loan_to_credit,2,163,200,17.172600,
policy_only,6,1,perf-policy_only-r006-20260818T024110Z,loan_to_credit,2,164,200,15.738800,
policy_only,6,1,perf-policy_only-r006-20260818T024110Z,loan_to_credit,2,165,200,16.171600,
policy_only,6,1,perf-policy_only-r006-20260818T024110Z,loan_to_credit,2,166,200,14.870800,
policy_only,6,1,perf-policy_only-r006-20260818T024110Z,loan_to_credit,2,167,200,16.020900,
policy_only,6,1,perf-policy_only-r006-20260818T024110Z,loan_to_credit,2,168,200,15.786800,
policy_only,6,1,perf-policy_only-r006-20260818T024110Z,loan_to_credit,2,169,200,18.569300,
policy_only,6,1,perf-policy_only-r006-20260818T024110Z,loan_to_credit,2,170,200,21.640600,
policy_only,6,1,perf-policy_only-r006-20260818T024110Z,loan_to_credit,2,171,200,17.641500,
policy_only,6,1,perf-policy_only-r006-20260818T024110Z,loan_to_credit,2,172,200,20.141400,
policy_only,6,1,perf-policy_only-r006-20260818T024110Z,loan_to_credit,2,173,200,17.670400,
policy_only,6,1,perf-policy_only-r006-20260818T024110Z,loan_to_credit,2,174,200,17.620400,
policy_only,6,1,perf-policy_only-r006-20260818T024110Z,loan_to_credit,2,175,200,17.957000,
policy_only,6,1,perf-policy_only-r006-20260818T024110Z,loan_to_credit,2,176,200,17.670200,
policy_only,6,1,perf-policy_only-r006-20260818T024110Z,loan_to_credit,2,177,200,17.767700,
policy_only,6,1,perf-policy_only-r006-20260818T024110Z,loan_to_credit,2,178,200,17.347200,
policy_only,6,1,perf-policy_only-r006-20260818T024110Z,loan_to_credit,2,179,200,16.982000,
policy_only,6,1,perf-policy_only-r006-20260818T024110Z,loan_to_credit,2,180,200,16.698500,
policy_only,6,1,perf-policy_only-r006-20260818T024110Z,loan_to_credit,2,181,200,15.958800,
policy_only,6,1,perf-policy_only-r006-20260818T024110Z,loan_to_credit,2,182,200,16.961000,
policy_only,6,1,perf-policy_only-r006-20260818T024110Z,loan_to_credit,2,183,200,16.167600,
policy_only,6,1,perf-policy_only-r006-20260818T024110Z,loan_to_credit,2,184,200,16.024400,
policy_only,6,1,perf-policy_only-r006-20260818T024110Z,loan_to_credit,2,185,200,16.734000,
policy_only,6,1,perf-policy_only-r006-20260818T024110Z,loan_to_credit,2,186,200,16.712500,
policy_only,6,1,perf-policy_only-r006-20260818T024110Z,loan_to_credit,2,187,200,16.204900,
policy_only,6,1,perf-policy_only-r006-20260818T024110Z,loan_to_credit,2,188,200,16.007000,
policy_only,6,1,perf-policy_only-r006-20260818T024110Z,loan_to_credit,2,189,200,16.046500,
policy_only,6,1,perf-policy_only-r006-20260818T024110Z,loan_to_credit,2,190,200,16.027500,
policy_only,6,1,perf-policy_only-r006-20260818T024110Z,loan_to_credit,2,191,200,15.900100,
policy_only,6,1,perf-policy_only-r006-20260818T024110Z,loan_to_credit,2,192,200,16.802500,
policy_only,6,1,perf-policy_only-r006-20260818T024110Z,loan_to_credit,2,193,200,16.046600,
policy_only,6,1,perf-policy_only-r006-20260818T024110Z,loan_to_credit,2,194,200,16.061400,
policy_only,6,1,perf-policy_only-r006-20260818T024110Z,loan_to_credit,2,195,200,16.073600,
policy_only,6,1,perf-policy_only-r006-20260818T024110Z,loan_to_credit,2,196,200,16.301400,
policy_only,6,1,perf-policy_only-r006-20260818T024110Z,loan_to_credit,2,197,200,16.778900,
policy_only,6,1,perf-policy_only-r006-20260818T024110Z,loan_to_credit,2,198,200,16.915800,
policy_only,6,1,perf-policy_only-r006-20260818T024110Z,loan_to_credit,2,199,200,16.871800,
policy_only,6,1,perf-policy_only-r006-20260818T024110Z,loan_to_credit,2,200,200,16.419600,
policy_only,6,1,perf-policy_only-r006-20260818T024110Z,loan_to_credit,3,1,200,16.644700,
policy_only,6,1,perf-policy_only-r006-20260818T024110Z,loan_to_credit,3,2,200,16.076800,
policy_only,6,1,perf-policy_only-r006-20260818T024110Z,loan_to_credit,3,3,200,16.864600,
policy_only,6,1,perf-policy_only-r006-20260818T024110Z,loan_to_credit,3,4,200,15.848000,
policy_only,6,1,perf-policy_only-r006-20260818T024110Z,loan_to_credit,3,5,200,15.922100,
policy_only,6,1,perf-policy_only-r006-20260818T024110Z,loan_to_credit,3,6,200,16.626900,
policy_only,6,1,perf-policy_only-r006-20260818T024110Z,loan_to_credit,3,7,200,16.263400,
policy_only,6,1,perf-policy_only-r006-20260818T024110Z,loan_to_credit,3,8,200,16.261400,
policy_only,6,1,perf-policy_only-r006-20260818T024110Z,loan_to_credit,3,9,200,15.977000,
policy_only,6,1,perf-policy_only-r006-20260818T024110Z,loan_to_credit,3,10,200,16.132100,
policy_only,6,1,perf-policy_only-r006-20260818T024110Z,loan_to_credit,3,11,200,15.768000,
policy_only,6,1,perf-policy_only-r006-20260818T024110Z,loan_to_credit,3,12,200,15.810200,
policy_only,6,1,perf-policy_only-r006-20260818T024110Z,loan_to_credit,3,13,200,17.215500,
policy_only,6,1,perf-policy_only-r006-20260818T024110Z,loan_to_credit,3,14,200,15.569200,
policy_only,6,1,perf-policy_only-r006-20260818T024110Z,loan_to_credit,3,15,200,16.066500,
policy_only,6,1,perf-policy_only-r006-20260818T024110Z,loan_to_credit,3,16,200,16.150900,
policy_only,6,1,perf-policy_only-r006-20260818T024110Z,loan_to_credit,3,17,200,17.750300,
policy_only,6,1,perf-policy_only-r006-20260818T024110Z,loan_to_credit,3,18,200,16.538800,
policy_only,6,1,perf-policy_only-r006-20260818T024110Z,loan_to_credit,3,19,200,17.165400,
policy_only,6,1,perf-policy_only-r006-20260818T024110Z,loan_to_credit,3,20,200,16.481300,
policy_only,6,1,perf-policy_only-r006-20260818T024110Z,loan_to_credit,3,21,200,15.598900,
policy_only,6,1,perf-policy_only-r006-20260818T024110Z,loan_to_credit,3,22,200,16.421300,
policy_only,6,1,perf-policy_only-r006-20260818T024110Z,loan_to_credit,3,23,200,15.600400,
policy_only,6,1,perf-policy_only-r006-20260818T024110Z,loan_to_credit,3,24,200,15.584500,
policy_only,6,1,perf-policy_only-r006-20260818T024110Z,loan_to_credit,3,25,200,16.915500,
policy_only,6,1,perf-policy_only-r006-20260818T024110Z,loan_to_credit,3,26,200,16.915000,
policy_only,6,1,perf-policy_only-r006-20260818T024110Z,loan_to_credit,3,27,200,15.648700,
policy_only,6,1,perf-policy_only-r006-20260818T024110Z,loan_to_credit,3,28,200,16.251400,
policy_only,6,1,perf-policy_only-r006-20260818T024110Z,loan_to_credit,3,29,200,15.852200,
policy_only,6,1,perf-policy_only-r006-20260818T024110Z,loan_to_credit,3,30,200,15.812500,
policy_only,6,1,perf-policy_only-r006-20260818T024110Z,loan_to_credit,3,31,200,16.109900,
policy_only,6,1,perf-policy_only-r006-20260818T024110Z,loan_to_credit,3,32,200,16.296200,
policy_only,6,1,perf-policy_only-r006-20260818T024110Z,loan_to_credit,3,33,200,16.768100,
policy_only,6,1,perf-policy_only-r006-20260818T024110Z,loan_to_credit,3,34,200,17.380100,
policy_only,6,1,perf-policy_only-r006-20260818T024110Z,loan_to_credit,3,35,200,16.487700,
policy_only,6,1,perf-policy_only-r006-20260818T024110Z,loan_to_credit,3,36,200,15.900400,
policy_only,6,1,perf-policy_only-r006-20260818T024110Z,loan_to_credit,3,37,200,16.087500,
policy_only,6,1,perf-policy_only-r006-20260818T024110Z,loan_to_credit,3,38,200,16.057600,
policy_only,6,1,perf-policy_only-r006-20260818T024110Z,loan_to_credit,3,39,200,16.088800,
policy_only,6,1,perf-policy_only-r006-20260818T024110Z,loan_to_credit,3,40,200,15.860100,
policy_only,6,1,perf-policy_only-r006-20260818T024110Z,loan_to_credit,3,41,200,15.625600,
policy_only,6,1,perf-policy_only-r006-20260818T024110Z,loan_to_credit,3,42,200,15.348100,
policy_only,6,1,perf-policy_only-r006-20260818T024110Z,loan_to_credit,3,43,200,15.953700,
policy_only,6,1,perf-policy_only-r006-20260818T024110Z,loan_to_credit,3,44,200,15.884200,
policy_only,6,1,perf-policy_only-r006-20260818T024110Z,loan_to_credit,3,45,200,15.986600,
policy_only,6,1,perf-policy_only-r006-20260818T024110Z,loan_to_credit,3,46,200,16.034300,
policy_only,6,1,perf-policy_only-r006-20260818T024110Z,loan_to_credit,3,47,200,16.040900,
policy_only,6,1,perf-policy_only-r006-20260818T024110Z,loan_to_credit,3,48,200,14.541100,
policy_only,6,1,perf-policy_only-r006-20260818T024110Z,loan_to_credit,3,49,200,15.188200,
policy_only,6,1,perf-policy_only-r006-20260818T024110Z,loan_to_credit,3,50,200,15.902400,
policy_only,6,1,perf-policy_only-r006-20260818T024110Z,loan_to_credit,3,51,200,16.499900,
policy_only,6,1,perf-policy_only-r006-20260818T024110Z,loan_to_credit,3,52,200,15.898700,
policy_only,6,1,perf-policy_only-r006-20260818T024110Z,loan_to_credit,3,53,200,15.826600,
policy_only,6,1,perf-policy_only-r006-20260818T024110Z,loan_to_credit,3,54,200,15.951100,
policy_only,6,1,perf-policy_only-r006-20260818T024110Z,loan_to_credit,3,55,200,16.118900,
policy_only,6,1,perf-policy_only-r006-20260818T024110Z,loan_to_credit,3,56,200,15.568900,
policy_only,6,1,perf-policy_only-r006-20260818T024110Z,loan_to_credit,3,57,200,16.093600,
policy_only,6,1,perf-policy_only-r006-20260818T024110Z,loan_to_credit,3,58,200,15.959400,
policy_only,6,1,perf-policy_only-r006-20260818T024110Z,loan_to_credit,3,59,200,16.021000,
policy_only,6,1,perf-policy_only-r006-20260818T024110Z,loan_to_credit,3,60,200,15.780100,
policy_only,6,1,perf-policy_only-r006-20260818T024110Z,loan_to_credit,3,61,200,16.102600,
policy_only,6,1,perf-policy_only-r006-20260818T024110Z,loan_to_credit,3,62,200,16.184600,
policy_only,6,1,perf-policy_only-r006-20260818T024110Z,loan_to_credit,3,63,200,16.488500,
policy_only,6,1,perf-policy_only-r006-20260818T024110Z,loan_to_credit,3,64,200,16.510900,
policy_only,6,1,perf-policy_only-r006-20260818T024110Z,loan_to_credit,3,65,200,16.003800,
policy_only,6,1,perf-policy_only-r006-20260818T024110Z,loan_to_credit,3,66,200,16.011600,
policy_only,6,1,perf-policy_only-r006-20260818T024110Z,loan_to_credit,3,67,200,16.278700,
policy_only,6,1,perf-policy_only-r006-20260818T024110Z,loan_to_credit,3,68,200,18.804200,
policy_only,6,1,perf-policy_only-r006-20260818T024110Z,loan_to_credit,3,69,200,17.041400,
policy_only,6,1,perf-policy_only-r006-20260818T024110Z,loan_to_credit,3,70,200,17.208100,
policy_only,6,1,perf-policy_only-r006-20260818T024110Z,loan_to_credit,3,71,200,17.572500,
policy_only,6,1,perf-policy_only-r006-20260818T024110Z,loan_to_credit,3,72,200,16.118000,
policy_only,6,1,perf-policy_only-r006-20260818T024110Z,loan_to_credit,3,73,200,17.259900,
policy_only,6,1,perf-policy_only-r006-20260818T024110Z,loan_to_credit,3,74,200,16.951800,
policy_only,6,1,perf-policy_only-r006-20260818T024110Z,loan_to_credit,3,75,200,16.746500,
policy_only,6,1,perf-policy_only-r006-20260818T024110Z,loan_to_credit,3,76,200,16.888600,
policy_only,6,1,perf-policy_only-r006-20260818T024110Z,loan_to_credit,3,77,200,16.874100,
policy_only,6,1,perf-policy_only-r006-20260818T024110Z,loan_to_credit,3,78,200,16.754900,
policy_only,6,1,perf-policy_only-r006-20260818T024110Z,loan_to_credit,3,79,200,16.189600,
policy_only,6,1,perf-policy_only-r006-20260818T024110Z,loan_to_credit,3,80,200,15.907100,
policy_only,6,1,perf-policy_only-r006-20260818T024110Z,loan_to_credit,3,81,200,16.049100,
policy_only,6,1,perf-policy_only-r006-20260818T024110Z,loan_to_credit,3,82,200,16.008000,
policy_only,6,1,perf-policy_only-r006-20260818T024110Z,loan_to_credit,3,83,200,15.922500,
policy_only,6,1,perf-policy_only-r006-20260818T024110Z,loan_to_credit,3,84,200,15.848900,
policy_only,6,1,perf-policy_only-r006-20260818T024110Z,loan_to_credit,3,85,200,15.961100,
policy_only,6,1,perf-policy_only-r006-20260818T024110Z,loan_to_credit,3,86,200,16.228200,
policy_only,6,1,perf-policy_only-r006-20260818T024110Z,loan_to_credit,3,87,200,15.548500,
policy_only,6,1,perf-policy_only-r006-20260818T024110Z,loan_to_credit,3,88,200,16.403600,
policy_only,6,1,perf-policy_only-r006-20260818T024110Z,loan_to_credit,3,89,200,15.598700,
policy_only,6,1,perf-policy_only-r006-20260818T024110Z,loan_to_credit,3,90,200,16.381200,
policy_only,6,1,perf-policy_only-r006-20260818T024110Z,loan_to_credit,3,91,200,17.128100,
policy_only,6,1,perf-policy_only-r006-20260818T024110Z,loan_to_credit,3,92,200,17.002800,
policy_only,6,1,perf-policy_only-r006-20260818T024110Z,loan_to_credit,3,93,200,16.663100,
policy_only,6,1,perf-policy_only-r006-20260818T024110Z,loan_to_credit,3,94,200,16.161200,
policy_only,6,1,perf-policy_only-r006-20260818T024110Z,loan_to_credit,3,95,200,15.956200,
policy_only,6,1,perf-policy_only-r006-20260818T024110Z,loan_to_credit,3,96,200,16.040600,
policy_only,6,1,perf-policy_only-r006-20260818T024110Z,loan_to_credit,3,97,200,15.830200,
policy_only,6,1,perf-policy_only-r006-20260818T024110Z,loan_to_credit,3,98,200,17.605500,
policy_only,6,1,perf-policy_only-r006-20260818T024110Z,loan_to_credit,3,99,200,17.496300,
policy_only,6,1,perf-policy_only-r006-20260818T024110Z,loan_to_credit,3,100,200,15.928200,
policy_only,6,1,perf-policy_only-r006-20260818T024110Z,loan_to_credit,3,101,200,17.064400,
policy_only,6,1,perf-policy_only-r006-20260818T024110Z,loan_to_credit,3,102,200,16.727300,
policy_only,6,1,perf-policy_only-r006-20260818T024110Z,loan_to_credit,3,103,200,15.950600,
policy_only,6,1,perf-policy_only-r006-20260818T024110Z,loan_to_credit,3,104,200,17.115500,
policy_only,6,1,perf-policy_only-r006-20260818T024110Z,loan_to_credit,3,105,200,15.347900,
policy_only,6,1,perf-policy_only-r006-20260818T024110Z,loan_to_credit,3,106,200,15.185500,
policy_only,6,1,perf-policy_only-r006-20260818T024110Z,loan_to_credit,3,107,200,15.820800,
policy_only,6,1,perf-policy_only-r006-20260818T024110Z,loan_to_credit,3,108,200,16.497400,
policy_only,6,1,perf-policy_only-r006-20260818T024110Z,loan_to_credit,3,109,200,15.739400,
policy_only,6,1,perf-policy_only-r006-20260818T024110Z,loan_to_credit,3,110,200,16.420000,
policy_only,6,1,perf-policy_only-r006-20260818T024110Z,loan_to_credit,3,111,200,16.581600,
policy_only,6,1,perf-policy_only-r006-20260818T024110Z,loan_to_credit,3,112,200,16.904400,
policy_only,6,1,perf-policy_only-r006-20260818T024110Z,loan_to_credit,3,113,200,16.393200,
policy_only,6,1,perf-policy_only-r006-20260818T024110Z,loan_to_credit,3,114,200,17.051300,
policy_only,6,1,perf-policy_only-r006-20260818T024110Z,loan_to_credit,3,115,200,16.864000,
policy_only,6,1,perf-policy_only-r006-20260818T024110Z,loan_to_credit,3,116,200,16.923900,
policy_only,6,1,perf-policy_only-r006-20260818T024110Z,loan_to_credit,3,117,200,17.091400,
policy_only,6,1,perf-policy_only-r006-20260818T024110Z,loan_to_credit,3,118,200,17.131600,
policy_only,6,1,perf-policy_only-r006-20260818T024110Z,loan_to_credit,3,119,200,17.947600,
policy_only,6,1,perf-policy_only-r006-20260818T024110Z,loan_to_credit,3,120,200,19.080200,
policy_only,6,1,perf-policy_only-r006-20260818T024110Z,loan_to_credit,3,121,200,16.782500,
policy_only,6,1,perf-policy_only-r006-20260818T024110Z,loan_to_credit,3,122,200,17.305800,
policy_only,6,1,perf-policy_only-r006-20260818T024110Z,loan_to_credit,3,123,200,16.569800,
policy_only,6,1,perf-policy_only-r006-20260818T024110Z,loan_to_credit,3,124,200,16.833600,
policy_only,6,1,perf-policy_only-r006-20260818T024110Z,loan_to_credit,3,125,200,16.545300,
policy_only,6,1,perf-policy_only-r006-20260818T024110Z,loan_to_credit,3,126,200,16.571800,
policy_only,6,1,perf-policy_only-r006-20260818T024110Z,loan_to_credit,3,127,200,17.394500,
policy_only,6,1,perf-policy_only-r006-20260818T024110Z,loan_to_credit,3,128,200,17.665100,
policy_only,6,1,perf-policy_only-r006-20260818T024110Z,loan_to_credit,3,129,200,17.045200,
policy_only,6,1,perf-policy_only-r006-20260818T024110Z,loan_to_credit,3,130,200,17.153900,
policy_only,6,1,perf-policy_only-r006-20260818T024110Z,loan_to_credit,3,131,200,17.777400,
policy_only,6,1,perf-policy_only-r006-20260818T024110Z,loan_to_credit,3,132,200,16.853500,
policy_only,6,1,perf-policy_only-r006-20260818T024110Z,loan_to_credit,3,133,200,15.864800,
policy_only,6,1,perf-policy_only-r006-20260818T024110Z,loan_to_credit,3,134,200,17.222800,
policy_only,6,1,perf-policy_only-r006-20260818T024110Z,loan_to_credit,3,135,200,17.284400,
policy_only,6,1,perf-policy_only-r006-20260818T024110Z,loan_to_credit,3,136,200,17.903100,
policy_only,6,1,perf-policy_only-r006-20260818T024110Z,loan_to_credit,3,137,200,18.263600,
policy_only,6,1,perf-policy_only-r006-20260818T024110Z,loan_to_credit,3,138,200,16.187400,
policy_only,6,1,perf-policy_only-r006-20260818T024110Z,loan_to_credit,3,139,200,16.069400,
policy_only,6,1,perf-policy_only-r006-20260818T024110Z,loan_to_credit,3,140,200,17.446700,
policy_only,6,1,perf-policy_only-r006-20260818T024110Z,loan_to_credit,3,141,200,16.632100,
policy_only,6,1,perf-policy_only-r006-20260818T024110Z,loan_to_credit,3,142,200,16.857200,
policy_only,6,1,perf-policy_only-r006-20260818T024110Z,loan_to_credit,3,143,200,17.043700,
policy_only,6,1,perf-policy_only-r006-20260818T024110Z,loan_to_credit,3,144,200,17.106300,
policy_only,6,1,perf-policy_only-r006-20260818T024110Z,loan_to_credit,3,145,200,17.110500,
policy_only,6,1,perf-policy_only-r006-20260818T024110Z,loan_to_credit,3,146,200,18.384200,
policy_only,6,1,perf-policy_only-r006-20260818T024110Z,loan_to_credit,3,147,200,17.345700,
policy_only,6,1,perf-policy_only-r006-20260818T024110Z,loan_to_credit,3,148,200,17.222100,
policy_only,6,1,perf-policy_only-r006-20260818T024110Z,loan_to_credit,3,149,200,16.617300,
policy_only,6,1,perf-policy_only-r006-20260818T024110Z,loan_to_credit,3,150,200,16.913000,
policy_only,6,1,perf-policy_only-r006-20260818T024110Z,loan_to_credit,3,151,200,17.083100,
policy_only,6,1,perf-policy_only-r006-20260818T024110Z,loan_to_credit,3,152,200,15.743700,
policy_only,6,1,perf-policy_only-r006-20260818T024110Z,loan_to_credit,3,153,200,15.783100,
policy_only,6,1,perf-policy_only-r006-20260818T024110Z,loan_to_credit,3,154,200,16.299900,
policy_only,6,1,perf-policy_only-r006-20260818T024110Z,loan_to_credit,3,155,200,16.161200,
policy_only,6,1,perf-policy_only-r006-20260818T024110Z,loan_to_credit,3,156,200,15.756400,
policy_only,6,1,perf-policy_only-r006-20260818T024110Z,loan_to_credit,3,157,200,15.938100,
policy_only,6,1,perf-policy_only-r006-20260818T024110Z,loan_to_credit,3,158,200,15.850800,
policy_only,6,1,perf-policy_only-r006-20260818T024110Z,loan_to_credit,3,159,200,16.084900,
policy_only,6,1,perf-policy_only-r006-20260818T024110Z,loan_to_credit,3,160,200,17.144500,
policy_only,6,1,perf-policy_only-r006-20260818T024110Z,loan_to_credit,3,161,200,16.121400,
policy_only,6,1,perf-policy_only-r006-20260818T024110Z,loan_to_credit,3,162,200,15.694700,
policy_only,6,1,perf-policy_only-r006-20260818T024110Z,loan_to_credit,3,163,200,16.089300,
policy_only,6,1,perf-policy_only-r006-20260818T024110Z,loan_to_credit,3,164,200,17.734200,
policy_only,6,1,perf-policy_only-r006-20260818T024110Z,loan_to_credit,3,165,200,18.367600,
policy_only,6,1,perf-policy_only-r006-20260818T024110Z,loan_to_credit,3,166,200,19.888600,
policy_only,6,1,perf-policy_only-r006-20260818T024110Z,loan_to_credit,3,167,200,17.336700,
policy_only,6,1,perf-policy_only-r006-20260818T024110Z,loan_to_credit,3,168,200,17.134800,
policy_only,6,1,perf-policy_only-r006-20260818T024110Z,loan_to_credit,3,169,200,17.944700,
policy_only,6,1,perf-policy_only-r006-20260818T024110Z,loan_to_credit,3,170,200,16.106400,
policy_only,6,1,perf-policy_only-r006-20260818T024110Z,loan_to_credit,3,171,200,17.198900,
policy_only,6,1,perf-policy_only-r006-20260818T024110Z,loan_to_credit,3,172,200,15.662800,
policy_only,6,1,perf-policy_only-r006-20260818T024110Z,loan_to_credit,3,173,200,16.275900,
policy_only,6,1,perf-policy_only-r006-20260818T024110Z,loan_to_credit,3,174,200,15.850000,
policy_only,6,1,perf-policy_only-r006-20260818T024110Z,loan_to_credit,3,175,200,15.996300,
policy_only,6,1,perf-policy_only-r006-20260818T024110Z,loan_to_credit,3,176,200,15.965100,
policy_only,6,1,perf-policy_only-r006-20260818T024110Z,loan_to_credit,3,177,200,15.970200,
policy_only,6,1,perf-policy_only-r006-20260818T024110Z,loan_to_credit,3,178,200,15.916000,
policy_only,6,1,perf-policy_only-r006-20260818T024110Z,loan_to_credit,3,179,200,17.245100,
policy_only,6,1,perf-policy_only-r006-20260818T024110Z,loan_to_credit,3,180,200,21.116800,
policy_only,6,1,perf-policy_only-r006-20260818T024110Z,loan_to_credit,3,181,200,16.124800,
policy_only,6,1,perf-policy_only-r006-20260818T024110Z,loan_to_credit,3,182,200,17.708800,
policy_only,6,1,perf-policy_only-r006-20260818T024110Z,loan_to_credit,3,183,200,15.808500,
policy_only,6,1,perf-policy_only-r006-20260818T024110Z,loan_to_credit,3,184,200,16.513000,
policy_only,6,1,perf-policy_only-r006-20260818T024110Z,loan_to_credit,3,185,200,15.444700,
policy_only,6,1,perf-policy_only-r006-20260818T024110Z,loan_to_credit,3,186,200,15.992000,
policy_only,6,1,perf-policy_only-r006-20260818T024110Z,loan_to_credit,3,187,200,16.098200,
policy_only,6,1,perf-policy_only-r006-20260818T024110Z,loan_to_credit,3,188,200,16.018000,
policy_only,6,1,perf-policy_only-r006-20260818T024110Z,loan_to_credit,3,189,200,15.715200,
policy_only,6,1,perf-policy_only-r006-20260818T024110Z,loan_to_credit,3,190,200,15.555100,
policy_only,6,1,perf-policy_only-r006-20260818T024110Z,loan_to_credit,3,191,200,16.670400,
policy_only,6,1,perf-policy_only-r006-20260818T024110Z,loan_to_credit,3,192,200,15.756200,
policy_only,6,1,perf-policy_only-r006-20260818T024110Z,loan_to_credit,3,193,200,17.456800,
policy_only,6,1,perf-policy_only-r006-20260818T024110Z,loan_to_credit,3,194,200,17.052900,
policy_only,6,1,perf-policy_only-r006-20260818T024110Z,loan_to_credit,3,195,200,16.923000,
policy_only,6,1,perf-policy_only-r006-20260818T024110Z,loan_to_credit,3,196,200,17.227800,
policy_only,6,1,perf-policy_only-r006-20260818T024110Z,loan_to_credit,3,197,200,17.593300,
policy_only,6,1,perf-policy_only-r006-20260818T024110Z,loan_to_credit,3,198,200,17.263600,
policy_only,6,1,perf-policy_only-r006-20260818T024110Z,loan_to_credit,3,199,200,17.199200,
policy_only,6,1,perf-policy_only-r006-20260818T024110Z,loan_to_credit,3,200,200,19.899500,
policy_only,6,1,perf-policy_only-r006-20260818T024110Z,loan_to_aml,1,1,200,16.488700,
policy_only,6,1,perf-policy_only-r006-20260818T024110Z,loan_to_aml,1,2,200,16.801100,
policy_only,6,1,perf-policy_only-r006-20260818T024110Z,loan_to_aml,1,3,200,16.461600,
policy_only,6,1,perf-policy_only-r006-20260818T024110Z,loan_to_aml,1,4,200,16.023000,
policy_only,6,1,perf-policy_only-r006-20260818T024110Z,loan_to_aml,1,5,200,16.401200,
policy_only,6,1,perf-policy_only-r006-20260818T024110Z,loan_to_aml,1,6,200,17.089700,
policy_only,6,1,perf-policy_only-r006-20260818T024110Z,loan_to_aml,1,7,200,16.239300,
policy_only,6,1,perf-policy_only-r006-20260818T024110Z,loan_to_aml,1,8,200,16.327700,
policy_only,6,1,perf-policy_only-r006-20260818T024110Z,loan_to_aml,1,9,200,15.803100,
policy_only,6,1,perf-policy_only-r006-20260818T024110Z,loan_to_aml,1,10,200,16.645900,
policy_only,6,1,perf-policy_only-r006-20260818T024110Z,loan_to_aml,1,11,200,17.738700,
policy_only,6,1,perf-policy_only-r006-20260818T024110Z,loan_to_aml,1,12,200,16.670200,
policy_only,6,1,perf-policy_only-r006-20260818T024110Z,loan_to_aml,1,13,200,15.568700,
policy_only,6,1,perf-policy_only-r006-20260818T024110Z,loan_to_aml,1,14,200,16.304200,
policy_only,6,1,perf-policy_only-r006-20260818T024110Z,loan_to_aml,1,15,200,15.891800,
policy_only,6,1,perf-policy_only-r006-20260818T024110Z,loan_to_aml,1,16,200,16.166900,
policy_only,6,1,perf-policy_only-r006-20260818T024110Z,loan_to_aml,1,17,200,15.610600,
policy_only,6,1,perf-policy_only-r006-20260818T024110Z,loan_to_aml,1,18,200,16.096000,
policy_only,6,1,perf-policy_only-r006-20260818T024110Z,loan_to_aml,1,19,200,16.107100,
policy_only,6,1,perf-policy_only-r006-20260818T024110Z,loan_to_aml,1,20,200,15.872300,
policy_only,6,1,perf-policy_only-r006-20260818T024110Z,loan_to_aml,1,21,200,16.105700,
policy_only,6,1,perf-policy_only-r006-20260818T024110Z,loan_to_aml,1,22,200,16.257700,
policy_only,6,1,perf-policy_only-r006-20260818T024110Z,loan_to_aml,1,23,200,17.088600,
policy_only,6,1,perf-policy_only-r006-20260818T024110Z,loan_to_aml,1,24,200,15.681500,
policy_only,6,1,perf-policy_only-r006-20260818T024110Z,loan_to_aml,1,25,200,16.178700,
policy_only,6,1,perf-policy_only-r006-20260818T024110Z,loan_to_aml,1,26,200,16.702400,
policy_only,6,1,perf-policy_only-r006-20260818T024110Z,loan_to_aml,1,27,200,15.799500,
policy_only,6,1,perf-policy_only-r006-20260818T024110Z,loan_to_aml,1,28,200,16.154800,
policy_only,6,1,perf-policy_only-r006-20260818T024110Z,loan_to_aml,1,29,200,15.967900,
policy_only,6,1,perf-policy_only-r006-20260818T024110Z,loan_to_aml,1,30,200,16.068100,
policy_only,6,1,perf-policy_only-r006-20260818T024110Z,loan_to_aml,1,31,200,15.877500,
policy_only,6,1,perf-policy_only-r006-20260818T024110Z,loan_to_aml,1,32,200,16.033300,
policy_only,6,1,perf-policy_only-r006-20260818T024110Z,loan_to_aml,1,33,200,16.121500,
policy_only,6,1,perf-policy_only-r006-20260818T024110Z,loan_to_aml,1,34,200,20.024500,
policy_only,6,1,perf-policy_only-r006-20260818T024110Z,loan_to_aml,1,35,200,16.663800,
policy_only,6,1,perf-policy_only-r006-20260818T024110Z,loan_to_aml,1,36,200,16.235200,
policy_only,6,1,perf-policy_only-r006-20260818T024110Z,loan_to_aml,1,37,200,17.412500,
policy_only,6,1,perf-policy_only-r006-20260818T024110Z,loan_to_aml,1,38,200,17.295600,
policy_only,6,1,perf-policy_only-r006-20260818T024110Z,loan_to_aml,1,39,200,15.866700,
policy_only,6,1,perf-policy_only-r006-20260818T024110Z,loan_to_aml,1,40,200,16.050200,
policy_only,6,1,perf-policy_only-r006-20260818T024110Z,loan_to_aml,1,41,200,16.106000,
policy_only,6,1,perf-policy_only-r006-20260818T024110Z,loan_to_aml,1,42,200,16.216100,
policy_only,6,1,perf-policy_only-r006-20260818T024110Z,loan_to_aml,1,43,200,15.457400,
policy_only,6,1,perf-policy_only-r006-20260818T024110Z,loan_to_aml,1,44,200,16.403100,
policy_only,6,1,perf-policy_only-r006-20260818T024110Z,loan_to_aml,1,45,200,17.112500,
policy_only,6,1,perf-policy_only-r006-20260818T024110Z,loan_to_aml,1,46,200,16.747900,
policy_only,6,1,perf-policy_only-r006-20260818T024110Z,loan_to_aml,1,47,200,15.988100,
policy_only,6,1,perf-policy_only-r006-20260818T024110Z,loan_to_aml,1,48,200,17.163900,
policy_only,6,1,perf-policy_only-r006-20260818T024110Z,loan_to_aml,1,49,200,16.634500,
policy_only,6,1,perf-policy_only-r006-20260818T024110Z,loan_to_aml,1,50,200,15.979300,
policy_only,6,1,perf-policy_only-r006-20260818T024110Z,loan_to_aml,1,51,200,17.055600,
policy_only,6,1,perf-policy_only-r006-20260818T024110Z,loan_to_aml,1,52,200,16.222000,
policy_only,6,1,perf-policy_only-r006-20260818T024110Z,loan_to_aml,1,53,200,16.912200,
policy_only,6,1,perf-policy_only-r006-20260818T024110Z,loan_to_aml,1,54,200,17.084100,
policy_only,6,1,perf-policy_only-r006-20260818T024110Z,loan_to_aml,1,55,200,15.704600,
policy_only,6,1,perf-policy_only-r006-20260818T024110Z,loan_to_aml,1,56,200,16.060000,
policy_only,6,1,perf-policy_only-r006-20260818T024110Z,loan_to_aml,1,57,200,15.744400,
policy_only,6,1,perf-policy_only-r006-20260818T024110Z,loan_to_aml,1,58,200,16.107600,
policy_only,6,1,perf-policy_only-r006-20260818T024110Z,loan_to_aml,1,59,200,16.214300,
policy_only,6,1,perf-policy_only-r006-20260818T024110Z,loan_to_aml,1,60,200,16.252900,
policy_only,6,1,perf-policy_only-r006-20260818T024110Z,loan_to_aml,1,61,200,15.583800,
policy_only,6,1,perf-policy_only-r006-20260818T024110Z,loan_to_aml,1,62,200,16.265800,
policy_only,6,1,perf-policy_only-r006-20260818T024110Z,loan_to_aml,1,63,200,16.864400,
policy_only,6,1,perf-policy_only-r006-20260818T024110Z,loan_to_aml,1,64,200,17.125600,
policy_only,6,1,perf-policy_only-r006-20260818T024110Z,loan_to_aml,1,65,200,15.707700,
policy_only,6,1,perf-policy_only-r006-20260818T024110Z,loan_to_aml,1,66,200,16.006600,
policy_only,6,1,perf-policy_only-r006-20260818T024110Z,loan_to_aml,1,67,200,15.781000,
policy_only,6,1,perf-policy_only-r006-20260818T024110Z,loan_to_aml,1,68,200,17.295500,
policy_only,6,1,perf-policy_only-r006-20260818T024110Z,loan_to_aml,1,69,200,16.179000,
policy_only,6,1,perf-policy_only-r006-20260818T024110Z,loan_to_aml,1,70,200,15.830000,
policy_only,6,1,perf-policy_only-r006-20260818T024110Z,loan_to_aml,1,71,200,15.974100,
policy_only,6,1,perf-policy_only-r006-20260818T024110Z,loan_to_aml,1,72,200,15.559700,
policy_only,6,1,perf-policy_only-r006-20260818T024110Z,loan_to_aml,1,73,200,16.745700,
policy_only,6,1,perf-policy_only-r006-20260818T024110Z,loan_to_aml,1,74,200,15.245700,
policy_only,6,1,perf-policy_only-r006-20260818T024110Z,loan_to_aml,1,75,200,15.778200,
policy_only,6,1,perf-policy_only-r006-20260818T024110Z,loan_to_aml,1,76,200,16.695400,
policy_only,6,1,perf-policy_only-r006-20260818T024110Z,loan_to_aml,1,77,200,15.542800,
policy_only,6,1,perf-policy_only-r006-20260818T024110Z,loan_to_aml,1,78,200,15.922400,
policy_only,6,1,perf-policy_only-r006-20260818T024110Z,loan_to_aml,1,79,200,16.442700,
policy_only,6,1,perf-policy_only-r006-20260818T024110Z,loan_to_aml,1,80,200,16.804200,
policy_only,6,1,perf-policy_only-r006-20260818T024110Z,loan_to_aml,1,81,200,15.972300,
policy_only,6,1,perf-policy_only-r006-20260818T024110Z,loan_to_aml,1,82,200,15.818800,
policy_only,6,1,perf-policy_only-r006-20260818T024110Z,loan_to_aml,1,83,200,16.044500,
policy_only,6,1,perf-policy_only-r006-20260818T024110Z,loan_to_aml,1,84,200,15.986300,
policy_only,6,1,perf-policy_only-r006-20260818T024110Z,loan_to_aml,1,85,200,16.075900,
policy_only,6,1,perf-policy_only-r006-20260818T024110Z,loan_to_aml,1,86,200,15.828900,
policy_only,6,1,perf-policy_only-r006-20260818T024110Z,loan_to_aml,1,87,200,15.683700,
policy_only,6,1,perf-policy_only-r006-20260818T024110Z,loan_to_aml,1,88,200,16.237600,
policy_only,6,1,perf-policy_only-r006-20260818T024110Z,loan_to_aml,1,89,200,15.958000,
policy_only,6,1,perf-policy_only-r006-20260818T024110Z,loan_to_aml,1,90,200,17.072300,
policy_only,6,1,perf-policy_only-r006-20260818T024110Z,loan_to_aml,1,91,200,16.152900,
policy_only,6,1,perf-policy_only-r006-20260818T024110Z,loan_to_aml,1,92,200,16.787600,
policy_only,6,1,perf-policy_only-r006-20260818T024110Z,loan_to_aml,1,93,200,16.119300,
policy_only,6,1,perf-policy_only-r006-20260818T024110Z,loan_to_aml,1,94,200,16.124400,
policy_only,6,1,perf-policy_only-r006-20260818T024110Z,loan_to_aml,1,95,200,15.782400,
policy_only,6,1,perf-policy_only-r006-20260818T024110Z,loan_to_aml,1,96,200,17.314500,
policy_only,6,1,perf-policy_only-r006-20260818T024110Z,loan_to_aml,1,97,200,16.763500,
policy_only,6,1,perf-policy_only-r006-20260818T024110Z,loan_to_aml,1,98,200,17.111400,
policy_only,6,1,perf-policy_only-r006-20260818T024110Z,loan_to_aml,1,99,200,16.848400,
policy_only,6,1,perf-policy_only-r006-20260818T024110Z,loan_to_aml,1,100,200,17.155000,
policy_only,6,1,perf-policy_only-r006-20260818T024110Z,loan_to_aml,1,101,200,16.142800,
policy_only,6,1,perf-policy_only-r006-20260818T024110Z,loan_to_aml,1,102,200,16.902900,
policy_only,6,1,perf-policy_only-r006-20260818T024110Z,loan_to_aml,1,103,200,16.743100,
policy_only,6,1,perf-policy_only-r006-20260818T024110Z,loan_to_aml,1,104,200,17.338200,
policy_only,6,1,perf-policy_only-r006-20260818T024110Z,loan_to_aml,1,105,200,16.473200,
policy_only,6,1,perf-policy_only-r006-20260818T024110Z,loan_to_aml,1,106,200,16.642200,
policy_only,6,1,perf-policy_only-r006-20260818T024110Z,loan_to_aml,1,107,200,16.461200,
policy_only,6,1,perf-policy_only-r006-20260818T024110Z,loan_to_aml,1,108,200,15.697600,
policy_only,6,1,perf-policy_only-r006-20260818T024110Z,loan_to_aml,1,109,200,16.468200,
policy_only,6,1,perf-policy_only-r006-20260818T024110Z,loan_to_aml,1,110,200,15.511400,
policy_only,6,1,perf-policy_only-r006-20260818T024110Z,loan_to_aml,1,111,200,15.895700,
policy_only,6,1,perf-policy_only-r006-20260818T024110Z,loan_to_aml,1,112,200,16.433600,
policy_only,6,1,perf-policy_only-r006-20260818T024110Z,loan_to_aml,1,113,200,15.914600,
policy_only,6,1,perf-policy_only-r006-20260818T024110Z,loan_to_aml,1,114,200,15.494800,
policy_only,6,1,perf-policy_only-r006-20260818T024110Z,loan_to_aml,1,115,200,16.200600,
policy_only,6,1,perf-policy_only-r006-20260818T024110Z,loan_to_aml,1,116,200,16.039900,
policy_only,6,1,perf-policy_only-r006-20260818T024110Z,loan_to_aml,1,117,200,16.055500,
policy_only,6,1,perf-policy_only-r006-20260818T024110Z,loan_to_aml,1,118,200,16.658200,
policy_only,6,1,perf-policy_only-r006-20260818T024110Z,loan_to_aml,1,119,200,15.777300,
policy_only,6,1,perf-policy_only-r006-20260818T024110Z,loan_to_aml,1,120,200,16.296300,
policy_only,6,1,perf-policy_only-r006-20260818T024110Z,loan_to_aml,1,121,200,18.932000,
policy_only,6,1,perf-policy_only-r006-20260818T024110Z,loan_to_aml,1,122,200,16.189700,
policy_only,6,1,perf-policy_only-r006-20260818T024110Z,loan_to_aml,1,123,200,15.788700,
policy_only,6,1,perf-policy_only-r006-20260818T024110Z,loan_to_aml,1,124,200,16.140400,
policy_only,6,1,perf-policy_only-r006-20260818T024110Z,loan_to_aml,1,125,200,15.676100,
policy_only,6,1,perf-policy_only-r006-20260818T024110Z,loan_to_aml,1,126,200,16.252200,
policy_only,6,1,perf-policy_only-r006-20260818T024110Z,loan_to_aml,1,127,200,15.783700,
policy_only,6,1,perf-policy_only-r006-20260818T024110Z,loan_to_aml,1,128,200,16.335800,
policy_only,6,1,perf-policy_only-r006-20260818T024110Z,loan_to_aml,1,129,200,16.827700,
policy_only,6,1,perf-policy_only-r006-20260818T024110Z,loan_to_aml,1,130,200,19.001400,
policy_only,6,1,perf-policy_only-r006-20260818T024110Z,loan_to_aml,1,131,200,16.691700,
policy_only,6,1,perf-policy_only-r006-20260818T024110Z,loan_to_aml,1,132,200,16.098700,
policy_only,6,1,perf-policy_only-r006-20260818T024110Z,loan_to_aml,1,133,200,17.141200,
policy_only,6,1,perf-policy_only-r006-20260818T024110Z,loan_to_aml,1,134,200,16.151000,
policy_only,6,1,perf-policy_only-r006-20260818T024110Z,loan_to_aml,1,135,200,16.254800,
policy_only,6,1,perf-policy_only-r006-20260818T024110Z,loan_to_aml,1,136,200,15.761000,
policy_only,6,1,perf-policy_only-r006-20260818T024110Z,loan_to_aml,1,137,200,15.521800,
policy_only,6,1,perf-policy_only-r006-20260818T024110Z,loan_to_aml,1,138,200,16.280300,
policy_only,6,1,perf-policy_only-r006-20260818T024110Z,loan_to_aml,1,139,200,16.837500,
policy_only,6,1,perf-policy_only-r006-20260818T024110Z,loan_to_aml,1,140,200,16.097300,
policy_only,6,1,perf-policy_only-r006-20260818T024110Z,loan_to_aml,1,141,200,16.922100,
policy_only,6,1,perf-policy_only-r006-20260818T024110Z,loan_to_aml,1,142,200,16.611400,
policy_only,6,1,perf-policy_only-r006-20260818T024110Z,loan_to_aml,1,143,200,16.027800,
policy_only,6,1,perf-policy_only-r006-20260818T024110Z,loan_to_aml,1,144,200,16.055700,
policy_only,6,1,perf-policy_only-r006-20260818T024110Z,loan_to_aml,1,145,200,16.164800,
policy_only,6,1,perf-policy_only-r006-20260818T024110Z,loan_to_aml,1,146,200,15.673700,
policy_only,6,1,perf-policy_only-r006-20260818T024110Z,loan_to_aml,1,147,200,15.910600,
policy_only,6,1,perf-policy_only-r006-20260818T024110Z,loan_to_aml,1,148,200,16.108000,
policy_only,6,1,perf-policy_only-r006-20260818T024110Z,loan_to_aml,1,149,200,16.029500,
policy_only,6,1,perf-policy_only-r006-20260818T024110Z,loan_to_aml,1,150,200,17.296700,
policy_only,6,1,perf-policy_only-r006-20260818T024110Z,loan_to_aml,1,151,200,16.125600,
policy_only,6,1,perf-policy_only-r006-20260818T024110Z,loan_to_aml,1,152,200,17.850800,
policy_only,6,1,perf-policy_only-r006-20260818T024110Z,loan_to_aml,1,153,200,15.879300,
policy_only,6,1,perf-policy_only-r006-20260818T024110Z,loan_to_aml,1,154,200,15.732100,
policy_only,6,1,perf-policy_only-r006-20260818T024110Z,loan_to_aml,1,155,200,15.969200,
policy_only,6,1,perf-policy_only-r006-20260818T024110Z,loan_to_aml,1,156,200,16.518400,
policy_only,6,1,perf-policy_only-r006-20260818T024110Z,loan_to_aml,1,157,200,16.872700,
policy_only,6,1,perf-policy_only-r006-20260818T024110Z,loan_to_aml,1,158,200,16.256200,
policy_only,6,1,perf-policy_only-r006-20260818T024110Z,loan_to_aml,1,159,200,15.770100,
policy_only,6,1,perf-policy_only-r006-20260818T024110Z,loan_to_aml,1,160,200,16.087100,
policy_only,6,1,perf-policy_only-r006-20260818T024110Z,loan_to_aml,1,161,200,19.621500,
policy_only,6,1,perf-policy_only-r006-20260818T024110Z,loan_to_aml,1,162,200,17.943400,
policy_only,6,1,perf-policy_only-r006-20260818T024110Z,loan_to_aml,1,163,200,16.274800,
policy_only,6,1,perf-policy_only-r006-20260818T024110Z,loan_to_aml,1,164,200,17.143600,
policy_only,6,1,perf-policy_only-r006-20260818T024110Z,loan_to_aml,1,165,200,16.417000,
policy_only,6,1,perf-policy_only-r006-20260818T024110Z,loan_to_aml,1,166,200,16.221300,
policy_only,6,1,perf-policy_only-r006-20260818T024110Z,loan_to_aml,1,167,200,16.628500,
policy_only,6,1,perf-policy_only-r006-20260818T024110Z,loan_to_aml,1,168,200,16.172800,
policy_only,6,1,perf-policy_only-r006-20260818T024110Z,loan_to_aml,1,169,200,15.868700,
policy_only,6,1,perf-policy_only-r006-20260818T024110Z,loan_to_aml,1,170,200,16.307500,
policy_only,6,1,perf-policy_only-r006-20260818T024110Z,loan_to_aml,1,171,200,16.904800,
policy_only,6,1,perf-policy_only-r006-20260818T024110Z,loan_to_aml,1,172,200,16.858800,
policy_only,6,1,perf-policy_only-r006-20260818T024110Z,loan_to_aml,1,173,200,15.820200,
policy_only,6,1,perf-policy_only-r006-20260818T024110Z,loan_to_aml,1,174,200,16.468400,
policy_only,6,1,perf-policy_only-r006-20260818T024110Z,loan_to_aml,1,175,200,16.934800,
policy_only,6,1,perf-policy_only-r006-20260818T024110Z,loan_to_aml,1,176,200,16.416900,
policy_only,6,1,perf-policy_only-r006-20260818T024110Z,loan_to_aml,1,177,200,16.371900,
policy_only,6,1,perf-policy_only-r006-20260818T024110Z,loan_to_aml,1,178,200,16.065000,
policy_only,6,1,perf-policy_only-r006-20260818T024110Z,loan_to_aml,1,179,200,16.906600,
policy_only,6,1,perf-policy_only-r006-20260818T024110Z,loan_to_aml,1,180,200,16.013900,
policy_only,6,1,perf-policy_only-r006-20260818T024110Z,loan_to_aml,1,181,200,15.913100,
policy_only,6,1,perf-policy_only-r006-20260818T024110Z,loan_to_aml,1,182,200,16.032900,
policy_only,6,1,perf-policy_only-r006-20260818T024110Z,loan_to_aml,1,183,200,15.942000,
policy_only,6,1,perf-policy_only-r006-20260818T024110Z,loan_to_aml,1,184,200,16.835900,
policy_only,6,1,perf-policy_only-r006-20260818T024110Z,loan_to_aml,1,185,200,15.708700,
policy_only,6,1,perf-policy_only-r006-20260818T024110Z,loan_to_aml,1,186,200,16.480800,
policy_only,6,1,perf-policy_only-r006-20260818T024110Z,loan_to_aml,1,187,200,15.481000,
policy_only,6,1,perf-policy_only-r006-20260818T024110Z,loan_to_aml,1,188,200,16.188500,
policy_only,6,1,perf-policy_only-r006-20260818T024110Z,loan_to_aml,1,189,200,16.781600,
policy_only,6,1,perf-policy_only-r006-20260818T024110Z,loan_to_aml,1,190,200,18.820300,
policy_only,6,1,perf-policy_only-r006-20260818T024110Z,loan_to_aml,1,191,200,17.011900,
policy_only,6,1,perf-policy_only-r006-20260818T024110Z,loan_to_aml,1,192,200,16.637500,
policy_only,6,1,perf-policy_only-r006-20260818T024110Z,loan_to_aml,1,193,200,15.466400,
policy_only,6,1,perf-policy_only-r006-20260818T024110Z,loan_to_aml,1,194,200,15.983500,
policy_only,6,1,perf-policy_only-r006-20260818T024110Z,loan_to_aml,1,195,200,16.058100,
policy_only,6,1,perf-policy_only-r006-20260818T024110Z,loan_to_aml,1,196,200,16.145100,
policy_only,6,1,perf-policy_only-r006-20260818T024110Z,loan_to_aml,1,197,200,17.051000,
policy_only,6,1,perf-policy_only-r006-20260818T024110Z,loan_to_aml,1,198,200,15.739800,
policy_only,6,1,perf-policy_only-r006-20260818T024110Z,loan_to_aml,1,199,200,15.961100,
policy_only,6,1,perf-policy_only-r006-20260818T024110Z,loan_to_aml,1,200,200,16.201000,
policy_only,6,1,perf-policy_only-r006-20260818T024110Z,loan_to_aml,2,1,200,15.994700,
policy_only,6,1,perf-policy_only-r006-20260818T024110Z,loan_to_aml,2,2,200,15.631000,
policy_only,6,1,perf-policy_only-r006-20260818T024110Z,loan_to_aml,2,3,200,16.412000,
policy_only,6,1,perf-policy_only-r006-20260818T024110Z,loan_to_aml,2,4,200,16.589100,
policy_only,6,1,perf-policy_only-r006-20260818T024110Z,loan_to_aml,2,5,200,16.461200,
policy_only,6,1,perf-policy_only-r006-20260818T024110Z,loan_to_aml,2,6,200,17.015900,
policy_only,6,1,perf-policy_only-r006-20260818T024110Z,loan_to_aml,2,7,200,17.183100,
policy_only,6,1,perf-policy_only-r006-20260818T024110Z,loan_to_aml,2,8,200,16.502400,
policy_only,6,1,perf-policy_only-r006-20260818T024110Z,loan_to_aml,2,9,200,15.691700,
policy_only,6,1,perf-policy_only-r006-20260818T024110Z,loan_to_aml,2,10,200,16.104200,
policy_only,6,1,perf-policy_only-r006-20260818T024110Z,loan_to_aml,2,11,200,16.379800,
policy_only,6,1,perf-policy_only-r006-20260818T024110Z,loan_to_aml,2,12,200,15.884900,
policy_only,6,1,perf-policy_only-r006-20260818T024110Z,loan_to_aml,2,13,200,15.682900,
policy_only,6,1,perf-policy_only-r006-20260818T024110Z,loan_to_aml,2,14,200,16.080800,
policy_only,6,1,perf-policy_only-r006-20260818T024110Z,loan_to_aml,2,15,200,15.952600,
policy_only,6,1,perf-policy_only-r006-20260818T024110Z,loan_to_aml,2,16,200,15.881300,
policy_only,6,1,perf-policy_only-r006-20260818T024110Z,loan_to_aml,2,17,200,16.287500,
policy_only,6,1,perf-policy_only-r006-20260818T024110Z,loan_to_aml,2,18,200,15.797900,
policy_only,6,1,perf-policy_only-r006-20260818T024110Z,loan_to_aml,2,19,200,15.925500,
policy_only,6,1,perf-policy_only-r006-20260818T024110Z,loan_to_aml,2,20,200,16.097300,
policy_only,6,1,perf-policy_only-r006-20260818T024110Z,loan_to_aml,2,21,200,15.931700,
policy_only,6,1,perf-policy_only-r006-20260818T024110Z,loan_to_aml,2,22,200,16.967800,
policy_only,6,1,perf-policy_only-r006-20260818T024110Z,loan_to_aml,2,23,200,17.320900,
policy_only,6,1,perf-policy_only-r006-20260818T024110Z,loan_to_aml,2,24,200,17.416400,
policy_only,6,1,perf-policy_only-r006-20260818T024110Z,loan_to_aml,2,25,200,18.622200,
policy_only,6,1,perf-policy_only-r006-20260818T024110Z,loan_to_aml,2,26,200,18.634100,
policy_only,6,1,perf-policy_only-r006-20260818T024110Z,loan_to_aml,2,27,200,19.678500,
policy_only,6,1,perf-policy_only-r006-20260818T024110Z,loan_to_aml,2,28,200,19.642200,
policy_only,6,1,perf-policy_only-r006-20260818T024110Z,loan_to_aml,2,29,200,19.961200,
policy_only,6,1,perf-policy_only-r006-20260818T024110Z,loan_to_aml,2,30,200,20.978600,
policy_only,6,1,perf-policy_only-r006-20260818T024110Z,loan_to_aml,2,31,200,20.373800,
policy_only,6,1,perf-policy_only-r006-20260818T024110Z,loan_to_aml,2,32,200,18.297300,
policy_only,6,1,perf-policy_only-r006-20260818T024110Z,loan_to_aml,2,33,200,16.694700,
policy_only,6,1,perf-policy_only-r006-20260818T024110Z,loan_to_aml,2,34,200,15.658900,
policy_only,6,1,perf-policy_only-r006-20260818T024110Z,loan_to_aml,2,35,200,17.242900,
policy_only,6,1,perf-policy_only-r006-20260818T024110Z,loan_to_aml,2,36,200,17.828500,
policy_only,6,1,perf-policy_only-r006-20260818T024110Z,loan_to_aml,2,37,200,17.350400,
policy_only,6,1,perf-policy_only-r006-20260818T024110Z,loan_to_aml,2,38,200,17.016800,
policy_only,6,1,perf-policy_only-r006-20260818T024110Z,loan_to_aml,2,39,200,17.261400,
policy_only,6,1,perf-policy_only-r006-20260818T024110Z,loan_to_aml,2,40,200,15.846700,
policy_only,6,1,perf-policy_only-r006-20260818T024110Z,loan_to_aml,2,41,200,15.663200,
policy_only,6,1,perf-policy_only-r006-20260818T024110Z,loan_to_aml,2,42,200,16.492800,
policy_only,6,1,perf-policy_only-r006-20260818T024110Z,loan_to_aml,2,43,200,15.562100,
policy_only,6,1,perf-policy_only-r006-20260818T024110Z,loan_to_aml,2,44,200,15.759300,
policy_only,6,1,perf-policy_only-r006-20260818T024110Z,loan_to_aml,2,45,200,16.020600,
policy_only,6,1,perf-policy_only-r006-20260818T024110Z,loan_to_aml,2,46,200,16.085300,
policy_only,6,1,perf-policy_only-r006-20260818T024110Z,loan_to_aml,2,47,200,15.767700,
policy_only,6,1,perf-policy_only-r006-20260818T024110Z,loan_to_aml,2,48,200,19.776600,
policy_only,6,1,perf-policy_only-r006-20260818T024110Z,loan_to_aml,2,49,200,17.282600,
policy_only,6,1,perf-policy_only-r006-20260818T024110Z,loan_to_aml,2,50,200,19.795700,
policy_only,6,1,perf-policy_only-r006-20260818T024110Z,loan_to_aml,2,51,200,17.014100,
policy_only,6,1,perf-policy_only-r006-20260818T024110Z,loan_to_aml,2,52,200,16.486500,
policy_only,6,1,perf-policy_only-r006-20260818T024110Z,loan_to_aml,2,53,200,17.609800,
policy_only,6,1,perf-policy_only-r006-20260818T024110Z,loan_to_aml,2,54,200,18.778000,
policy_only,6,1,perf-policy_only-r006-20260818T024110Z,loan_to_aml,2,55,200,16.862100,
policy_only,6,1,perf-policy_only-r006-20260818T024110Z,loan_to_aml,2,56,200,16.699400,
policy_only,6,1,perf-policy_only-r006-20260818T024110Z,loan_to_aml,2,57,200,16.863000,
policy_only,6,1,perf-policy_only-r006-20260818T024110Z,loan_to_aml,2,58,200,17.624300,
policy_only,6,1,perf-policy_only-r006-20260818T024110Z,loan_to_aml,2,59,200,16.373200,
policy_only,6,1,perf-policy_only-r006-20260818T024110Z,loan_to_aml,2,60,200,16.967200,
policy_only,6,1,perf-policy_only-r006-20260818T024110Z,loan_to_aml,2,61,200,16.164100,
policy_only,6,1,perf-policy_only-r006-20260818T024110Z,loan_to_aml,2,62,200,15.885700,
policy_only,6,1,perf-policy_only-r006-20260818T024110Z,loan_to_aml,2,63,200,15.748600,
policy_only,6,1,perf-policy_only-r006-20260818T024110Z,loan_to_aml,2,64,200,16.925900,
policy_only,6,1,perf-policy_only-r006-20260818T024110Z,loan_to_aml,2,65,200,16.384400,
policy_only,6,1,perf-policy_only-r006-20260818T024110Z,loan_to_aml,2,66,200,17.262100,
policy_only,6,1,perf-policy_only-r006-20260818T024110Z,loan_to_aml,2,67,200,17.639200,
policy_only,6,1,perf-policy_only-r006-20260818T024110Z,loan_to_aml,2,68,200,17.029600,
policy_only,6,1,perf-policy_only-r006-20260818T024110Z,loan_to_aml,2,69,200,15.745100,
policy_only,6,1,perf-policy_only-r006-20260818T024110Z,loan_to_aml,2,70,200,17.114900,
policy_only,6,1,perf-policy_only-r006-20260818T024110Z,loan_to_aml,2,71,200,16.967200,
policy_only,6,1,perf-policy_only-r006-20260818T024110Z,loan_to_aml,2,72,200,17.068300,
policy_only,6,1,perf-policy_only-r006-20260818T024110Z,loan_to_aml,2,73,200,15.940800,
policy_only,6,1,perf-policy_only-r006-20260818T024110Z,loan_to_aml,2,74,200,17.579500,
policy_only,6,1,perf-policy_only-r006-20260818T024110Z,loan_to_aml,2,75,200,16.392400,
policy_only,6,1,perf-policy_only-r006-20260818T024110Z,loan_to_aml,2,76,200,16.699100,
policy_only,6,1,perf-policy_only-r006-20260818T024110Z,loan_to_aml,2,77,200,16.333300,
policy_only,6,1,perf-policy_only-r006-20260818T024110Z,loan_to_aml,2,78,200,16.815800,
policy_only,6,1,perf-policy_only-r006-20260818T024110Z,loan_to_aml,2,79,200,15.295100,
policy_only,6,1,perf-policy_only-r006-20260818T024110Z,loan_to_aml,2,80,200,15.829400,
policy_only,6,1,perf-policy_only-r006-20260818T024110Z,loan_to_aml,2,81,200,16.985800,
policy_only,6,1,perf-policy_only-r006-20260818T024110Z,loan_to_aml,2,82,200,18.976100,
policy_only,6,1,perf-policy_only-r006-20260818T024110Z,loan_to_aml,2,83,200,17.425100,
policy_only,6,1,perf-policy_only-r006-20260818T024110Z,loan_to_aml,2,84,200,16.741700,
policy_only,6,1,perf-policy_only-r006-20260818T024110Z,loan_to_aml,2,85,200,19.178900,
policy_only,6,1,perf-policy_only-r006-20260818T024110Z,loan_to_aml,2,86,200,20.785600,
policy_only,6,1,perf-policy_only-r006-20260818T024110Z,loan_to_aml,2,87,200,18.905700,
policy_only,6,1,perf-policy_only-r006-20260818T024110Z,loan_to_aml,2,88,200,18.626400,
policy_only,6,1,perf-policy_only-r006-20260818T024110Z,loan_to_aml,2,89,200,19.080700,
policy_only,6,1,perf-policy_only-r006-20260818T024110Z,loan_to_aml,2,90,200,18.539500,
policy_only,6,1,perf-policy_only-r006-20260818T024110Z,loan_to_aml,2,91,200,16.474600,
policy_only,6,1,perf-policy_only-r006-20260818T024110Z,loan_to_aml,2,92,200,16.858100,
policy_only,6,1,perf-policy_only-r006-20260818T024110Z,loan_to_aml,2,93,200,15.957900,
policy_only,6,1,perf-policy_only-r006-20260818T024110Z,loan_to_aml,2,94,200,17.378600,
policy_only,6,1,perf-policy_only-r006-20260818T024110Z,loan_to_aml,2,95,200,18.365200,
policy_only,6,1,perf-policy_only-r006-20260818T024110Z,loan_to_aml,2,96,200,17.885300,
policy_only,6,1,perf-policy_only-r006-20260818T024110Z,loan_to_aml,2,97,200,16.073200,
policy_only,6,1,perf-policy_only-r006-20260818T024110Z,loan_to_aml,2,98,200,17.178800,
policy_only,6,1,perf-policy_only-r006-20260818T024110Z,loan_to_aml,2,99,200,15.930700,
policy_only,6,1,perf-policy_only-r006-20260818T024110Z,loan_to_aml,2,100,200,17.049800,
policy_only,6,1,perf-policy_only-r006-20260818T024110Z,loan_to_aml,2,101,200,16.000000,
policy_only,6,1,perf-policy_only-r006-20260818T024110Z,loan_to_aml,2,102,200,15.936600,
policy_only,6,1,perf-policy_only-r006-20260818T024110Z,loan_to_aml,2,103,200,15.783600,
policy_only,6,1,perf-policy_only-r006-20260818T024110Z,loan_to_aml,2,104,200,16.197200,
policy_only,6,1,perf-policy_only-r006-20260818T024110Z,loan_to_aml,2,105,200,16.820700,
policy_only,6,1,perf-policy_only-r006-20260818T024110Z,loan_to_aml,2,106,200,16.985700,
policy_only,6,1,perf-policy_only-r006-20260818T024110Z,loan_to_aml,2,107,200,17.491200,
policy_only,6,1,perf-policy_only-r006-20260818T024110Z,loan_to_aml,2,108,200,16.599600,
policy_only,6,1,perf-policy_only-r006-20260818T024110Z,loan_to_aml,2,109,200,16.791400,
policy_only,6,1,perf-policy_only-r006-20260818T024110Z,loan_to_aml,2,110,200,16.100300,
policy_only,6,1,perf-policy_only-r006-20260818T024110Z,loan_to_aml,2,111,200,15.890200,
policy_only,6,1,perf-policy_only-r006-20260818T024110Z,loan_to_aml,2,112,200,15.960400,
policy_only,6,1,perf-policy_only-r006-20260818T024110Z,loan_to_aml,2,113,200,17.093000,
policy_only,6,1,perf-policy_only-r006-20260818T024110Z,loan_to_aml,2,114,200,15.825000,
policy_only,6,1,perf-policy_only-r006-20260818T024110Z,loan_to_aml,2,115,200,16.269400,
policy_only,6,1,perf-policy_only-r006-20260818T024110Z,loan_to_aml,2,116,200,16.535000,
policy_only,6,1,perf-policy_only-r006-20260818T024110Z,loan_to_aml,2,117,200,16.681400,
policy_only,6,1,perf-policy_only-r006-20260818T024110Z,loan_to_aml,2,118,200,16.482000,
policy_only,6,1,perf-policy_only-r006-20260818T024110Z,loan_to_aml,2,119,200,16.998900,
policy_only,6,1,perf-policy_only-r006-20260818T024110Z,loan_to_aml,2,120,200,15.906400,
policy_only,6,1,perf-policy_only-r006-20260818T024110Z,loan_to_aml,2,121,200,15.894000,
policy_only,6,1,perf-policy_only-r006-20260818T024110Z,loan_to_aml,2,122,200,16.239400,
policy_only,6,1,perf-policy_only-r006-20260818T024110Z,loan_to_aml,2,123,200,16.824500,
policy_only,6,1,perf-policy_only-r006-20260818T024110Z,loan_to_aml,2,124,200,16.168200,
policy_only,6,1,perf-policy_only-r006-20260818T024110Z,loan_to_aml,2,125,200,16.491300,
policy_only,6,1,perf-policy_only-r006-20260818T024110Z,loan_to_aml,2,126,200,16.009300,
policy_only,6,1,perf-policy_only-r006-20260818T024110Z,loan_to_aml,2,127,200,16.108500,
policy_only,6,1,perf-policy_only-r006-20260818T024110Z,loan_to_aml,2,128,200,16.118100,
policy_only,6,1,perf-policy_only-r006-20260818T024110Z,loan_to_aml,2,129,200,15.863300,
policy_only,6,1,perf-policy_only-r006-20260818T024110Z,loan_to_aml,2,130,200,16.178200,
policy_only,6,1,perf-policy_only-r006-20260818T024110Z,loan_to_aml,2,131,200,16.026400,
policy_only,6,1,perf-policy_only-r006-20260818T024110Z,loan_to_aml,2,132,200,15.545100,
policy_only,6,1,perf-policy_only-r006-20260818T024110Z,loan_to_aml,2,133,200,16.518400,
policy_only,6,1,perf-policy_only-r006-20260818T024110Z,loan_to_aml,2,134,200,15.928700,
policy_only,6,1,perf-policy_only-r006-20260818T024110Z,loan_to_aml,2,135,200,17.251400,
policy_only,6,1,perf-policy_only-r006-20260818T024110Z,loan_to_aml,2,136,200,16.380700,
policy_only,6,1,perf-policy_only-r006-20260818T024110Z,loan_to_aml,2,137,200,17.179600,
policy_only,6,1,perf-policy_only-r006-20260818T024110Z,loan_to_aml,2,138,200,17.349200,
policy_only,6,1,perf-policy_only-r006-20260818T024110Z,loan_to_aml,2,139,200,16.754100,
policy_only,6,1,perf-policy_only-r006-20260818T024110Z,loan_to_aml,2,140,200,16.639600,
policy_only,6,1,perf-policy_only-r006-20260818T024110Z,loan_to_aml,2,141,200,16.041700,
policy_only,6,1,perf-policy_only-r006-20260818T024110Z,loan_to_aml,2,142,200,15.922200,
policy_only,6,1,perf-policy_only-r006-20260818T024110Z,loan_to_aml,2,143,200,16.011300,
policy_only,6,1,perf-policy_only-r006-20260818T024110Z,loan_to_aml,2,144,200,16.190100,
policy_only,6,1,perf-policy_only-r006-20260818T024110Z,loan_to_aml,2,145,200,16.033000,
policy_only,6,1,perf-policy_only-r006-20260818T024110Z,loan_to_aml,2,146,200,17.024700,
policy_only,6,1,perf-policy_only-r006-20260818T024110Z,loan_to_aml,2,147,200,16.887200,
policy_only,6,1,perf-policy_only-r006-20260818T024110Z,loan_to_aml,2,148,200,17.152600,
policy_only,6,1,perf-policy_only-r006-20260818T024110Z,loan_to_aml,2,149,200,15.567400,
policy_only,6,1,perf-policy_only-r006-20260818T024110Z,loan_to_aml,2,150,200,17.094500,
policy_only,6,1,perf-policy_only-r006-20260818T024110Z,loan_to_aml,2,151,200,19.788000,
policy_only,6,1,perf-policy_only-r006-20260818T024110Z,loan_to_aml,2,152,200,21.469800,
policy_only,6,1,perf-policy_only-r006-20260818T024110Z,loan_to_aml,2,153,200,18.836500,
policy_only,6,1,perf-policy_only-r006-20260818T024110Z,loan_to_aml,2,154,200,17.227500,
policy_only,6,1,perf-policy_only-r006-20260818T024110Z,loan_to_aml,2,155,200,18.426000,
policy_only,6,1,perf-policy_only-r006-20260818T024110Z,loan_to_aml,2,156,200,17.271200,
policy_only,6,1,perf-policy_only-r006-20260818T024110Z,loan_to_aml,2,157,200,16.734800,
policy_only,6,1,perf-policy_only-r006-20260818T024110Z,loan_to_aml,2,158,200,16.030500,
policy_only,6,1,perf-policy_only-r006-20260818T024110Z,loan_to_aml,2,159,200,15.730700,
policy_only,6,1,perf-policy_only-r006-20260818T024110Z,loan_to_aml,2,160,200,16.275700,
policy_only,6,1,perf-policy_only-r006-20260818T024110Z,loan_to_aml,2,161,200,17.185100,
policy_only,6,1,perf-policy_only-r006-20260818T024110Z,loan_to_aml,2,162,200,15.375000,
policy_only,6,1,perf-policy_only-r006-20260818T024110Z,loan_to_aml,2,163,200,16.640200,
policy_only,6,1,perf-policy_only-r006-20260818T024110Z,loan_to_aml,2,164,200,15.620000,
policy_only,6,1,perf-policy_only-r006-20260818T024110Z,loan_to_aml,2,165,200,17.275900,
policy_only,6,1,perf-policy_only-r006-20260818T024110Z,loan_to_aml,2,166,200,16.571900,
policy_only,6,1,perf-policy_only-r006-20260818T024110Z,loan_to_aml,2,167,200,17.001600,
policy_only,6,1,perf-policy_only-r006-20260818T024110Z,loan_to_aml,2,168,200,15.814400,
policy_only,6,1,perf-policy_only-r006-20260818T024110Z,loan_to_aml,2,169,200,16.072000,
policy_only,6,1,perf-policy_only-r006-20260818T024110Z,loan_to_aml,2,170,200,15.960100,
policy_only,6,1,perf-policy_only-r006-20260818T024110Z,loan_to_aml,2,171,200,16.273500,
policy_only,6,1,perf-policy_only-r006-20260818T024110Z,loan_to_aml,2,172,200,17.583800,
policy_only,6,1,perf-policy_only-r006-20260818T024110Z,loan_to_aml,2,173,200,16.016300,
policy_only,6,1,perf-policy_only-r006-20260818T024110Z,loan_to_aml,2,174,200,16.165000,
policy_only,6,1,perf-policy_only-r006-20260818T024110Z,loan_to_aml,2,175,200,16.028500,
policy_only,6,1,perf-policy_only-r006-20260818T024110Z,loan_to_aml,2,176,200,16.076200,
policy_only,6,1,perf-policy_only-r006-20260818T024110Z,loan_to_aml,2,177,200,16.300900,
policy_only,6,1,perf-policy_only-r006-20260818T024110Z,loan_to_aml,2,178,200,16.531600,
policy_only,6,1,perf-policy_only-r006-20260818T024110Z,loan_to_aml,2,179,200,15.909600,
policy_only,6,1,perf-policy_only-r006-20260818T024110Z,loan_to_aml,2,180,200,15.677500,
policy_only,6,1,perf-policy_only-r006-20260818T024110Z,loan_to_aml,2,181,200,16.307700,
policy_only,6,1,perf-policy_only-r006-20260818T024110Z,loan_to_aml,2,182,200,17.106200,
policy_only,6,1,perf-policy_only-r006-20260818T024110Z,loan_to_aml,2,183,200,15.771600,
policy_only,6,1,perf-policy_only-r006-20260818T024110Z,loan_to_aml,2,184,200,16.128300,
policy_only,6,1,perf-policy_only-r006-20260818T024110Z,loan_to_aml,2,185,200,15.971200,
policy_only,6,1,perf-policy_only-r006-20260818T024110Z,loan_to_aml,2,186,200,15.694700,
policy_only,6,1,perf-policy_only-r006-20260818T024110Z,loan_to_aml,2,187,200,16.363400,
policy_only,6,1,perf-policy_only-r006-20260818T024110Z,loan_to_aml,2,188,200,17.239800,
policy_only,6,1,perf-policy_only-r006-20260818T024110Z,loan_to_aml,2,189,200,17.063900,
policy_only,6,1,perf-policy_only-r006-20260818T024110Z,loan_to_aml,2,190,200,16.658200,
policy_only,6,1,perf-policy_only-r006-20260818T024110Z,loan_to_aml,2,191,200,16.116800,
policy_only,6,1,perf-policy_only-r006-20260818T024110Z,loan_to_aml,2,192,200,16.953100,
policy_only,6,1,perf-policy_only-r006-20260818T024110Z,loan_to_aml,2,193,200,15.663800,
policy_only,6,1,perf-policy_only-r006-20260818T024110Z,loan_to_aml,2,194,200,16.420800,
policy_only,6,1,perf-policy_only-r006-20260818T024110Z,loan_to_aml,2,195,200,15.704200,
policy_only,6,1,perf-policy_only-r006-20260818T024110Z,loan_to_aml,2,196,200,16.153600,
policy_only,6,1,perf-policy_only-r006-20260818T024110Z,loan_to_aml,2,197,200,15.716200,
policy_only,6,1,perf-policy_only-r006-20260818T024110Z,loan_to_aml,2,198,200,16.106800,
policy_only,6,1,perf-policy_only-r006-20260818T024110Z,loan_to_aml,2,199,200,17.251400,
policy_only,6,1,perf-policy_only-r006-20260818T024110Z,loan_to_aml,2,200,200,16.678500,
policy_only,6,1,perf-policy_only-r006-20260818T024110Z,loan_to_aml,3,1,200,15.797900,
policy_only,6,1,perf-policy_only-r006-20260818T024110Z,loan_to_aml,3,2,200,15.984600,
policy_only,6,1,perf-policy_only-r006-20260818T024110Z,loan_to_aml,3,3,200,18.378200,
policy_only,6,1,perf-policy_only-r006-20260818T024110Z,loan_to_aml,3,4,200,17.075700,
policy_only,6,1,perf-policy_only-r006-20260818T024110Z,loan_to_aml,3,5,200,16.796100,
policy_only,6,1,perf-policy_only-r006-20260818T024110Z,loan_to_aml,3,6,200,17.579700,
policy_only,6,1,perf-policy_only-r006-20260818T024110Z,loan_to_aml,3,7,200,16.118300,
policy_only,6,1,perf-policy_only-r006-20260818T024110Z,loan_to_aml,3,8,200,16.210600,
policy_only,6,1,perf-policy_only-r006-20260818T024110Z,loan_to_aml,3,9,200,16.037400,
policy_only,6,1,perf-policy_only-r006-20260818T024110Z,loan_to_aml,3,10,200,16.819500,
policy_only,6,1,perf-policy_only-r006-20260818T024110Z,loan_to_aml,3,11,200,16.018300,
policy_only,6,1,perf-policy_only-r006-20260818T024110Z,loan_to_aml,3,12,200,16.109100,
policy_only,6,1,perf-policy_only-r006-20260818T024110Z,loan_to_aml,3,13,200,15.678300,
policy_only,6,1,perf-policy_only-r006-20260818T024110Z,loan_to_aml,3,14,200,15.908600,
policy_only,6,1,perf-policy_only-r006-20260818T024110Z,loan_to_aml,3,15,200,15.865900,
policy_only,6,1,perf-policy_only-r006-20260818T024110Z,loan_to_aml,3,16,200,15.851400,
policy_only,6,1,perf-policy_only-r006-20260818T024110Z,loan_to_aml,3,17,200,16.498700,
policy_only,6,1,perf-policy_only-r006-20260818T024110Z,loan_to_aml,3,18,200,16.917200,
policy_only,6,1,perf-policy_only-r006-20260818T024110Z,loan_to_aml,3,19,200,16.107600,
policy_only,6,1,perf-policy_only-r006-20260818T024110Z,loan_to_aml,3,20,200,16.140600,
policy_only,6,1,perf-policy_only-r006-20260818T024110Z,loan_to_aml,3,21,200,16.665200,
policy_only,6,1,perf-policy_only-r006-20260818T024110Z,loan_to_aml,3,22,200,16.127000,
policy_only,6,1,perf-policy_only-r006-20260818T024110Z,loan_to_aml,3,23,200,15.680100,
policy_only,6,1,perf-policy_only-r006-20260818T024110Z,loan_to_aml,3,24,200,15.638000,
policy_only,6,1,perf-policy_only-r006-20260818T024110Z,loan_to_aml,3,25,200,16.482300,
policy_only,6,1,perf-policy_only-r006-20260818T024110Z,loan_to_aml,3,26,200,15.650600,
policy_only,6,1,perf-policy_only-r006-20260818T024110Z,loan_to_aml,3,27,200,16.205200,
policy_only,6,1,perf-policy_only-r006-20260818T024110Z,loan_to_aml,3,28,200,15.693500,
policy_only,6,1,perf-policy_only-r006-20260818T024110Z,loan_to_aml,3,29,200,16.068900,
policy_only,6,1,perf-policy_only-r006-20260818T024110Z,loan_to_aml,3,30,200,14.898200,
policy_only,6,1,perf-policy_only-r006-20260818T024110Z,loan_to_aml,3,31,200,15.194800,
policy_only,6,1,perf-policy_only-r006-20260818T024110Z,loan_to_aml,3,32,200,15.987500,
policy_only,6,1,perf-policy_only-r006-20260818T024110Z,loan_to_aml,3,33,200,16.060500,
policy_only,6,1,perf-policy_only-r006-20260818T024110Z,loan_to_aml,3,34,200,19.163700,
policy_only,6,1,perf-policy_only-r006-20260818T024110Z,loan_to_aml,3,35,200,15.608400,
policy_only,6,1,perf-policy_only-r006-20260818T024110Z,loan_to_aml,3,36,200,15.855600,
policy_only,6,1,perf-policy_only-r006-20260818T024110Z,loan_to_aml,3,37,200,15.982600,
policy_only,6,1,perf-policy_only-r006-20260818T024110Z,loan_to_aml,3,38,200,15.923000,
policy_only,6,1,perf-policy_only-r006-20260818T024110Z,loan_to_aml,3,39,200,16.302000,
policy_only,6,1,perf-policy_only-r006-20260818T024110Z,loan_to_aml,3,40,200,16.368400,
policy_only,6,1,perf-policy_only-r006-20260818T024110Z,loan_to_aml,3,41,200,16.994800,
policy_only,6,1,perf-policy_only-r006-20260818T024110Z,loan_to_aml,3,42,200,16.832200,
policy_only,6,1,perf-policy_only-r006-20260818T024110Z,loan_to_aml,3,43,200,15.675800,
policy_only,6,1,perf-policy_only-r006-20260818T024110Z,loan_to_aml,3,44,200,16.213000,
policy_only,6,1,perf-policy_only-r006-20260818T024110Z,loan_to_aml,3,45,200,16.539500,
policy_only,6,1,perf-policy_only-r006-20260818T024110Z,loan_to_aml,3,46,200,15.076700,
policy_only,6,1,perf-policy_only-r006-20260818T024110Z,loan_to_aml,3,47,200,15.970800,
policy_only,6,1,perf-policy_only-r006-20260818T024110Z,loan_to_aml,3,48,200,15.186900,
policy_only,6,1,perf-policy_only-r006-20260818T024110Z,loan_to_aml,3,49,200,16.074100,
policy_only,6,1,perf-policy_only-r006-20260818T024110Z,loan_to_aml,3,50,200,16.189200,
policy_only,6,1,perf-policy_only-r006-20260818T024110Z,loan_to_aml,3,51,200,16.635300,
policy_only,6,1,perf-policy_only-r006-20260818T024110Z,loan_to_aml,3,52,200,16.163100,
policy_only,6,1,perf-policy_only-r006-20260818T024110Z,loan_to_aml,3,53,200,15.912500,
policy_only,6,1,perf-policy_only-r006-20260818T024110Z,loan_to_aml,3,54,200,15.606200,
policy_only,6,1,perf-policy_only-r006-20260818T024110Z,loan_to_aml,3,55,200,16.246100,
policy_only,6,1,perf-policy_only-r006-20260818T024110Z,loan_to_aml,3,56,200,15.982500,
policy_only,6,1,perf-policy_only-r006-20260818T024110Z,loan_to_aml,3,57,200,15.790000,
policy_only,6,1,perf-policy_only-r006-20260818T024110Z,loan_to_aml,3,58,200,16.007700,
policy_only,6,1,perf-policy_only-r006-20260818T024110Z,loan_to_aml,3,59,200,16.037500,
policy_only,6,1,perf-policy_only-r006-20260818T024110Z,loan_to_aml,3,60,200,15.872800,
policy_only,6,1,perf-policy_only-r006-20260818T024110Z,loan_to_aml,3,61,200,15.907400,
policy_only,6,1,perf-policy_only-r006-20260818T024110Z,loan_to_aml,3,62,200,16.940700,
policy_only,6,1,perf-policy_only-r006-20260818T024110Z,loan_to_aml,3,63,200,16.217300,
policy_only,6,1,perf-policy_only-r006-20260818T024110Z,loan_to_aml,3,64,200,15.937900,
policy_only,6,1,perf-policy_only-r006-20260818T024110Z,loan_to_aml,3,65,200,16.368600,
policy_only,6,1,perf-policy_only-r006-20260818T024110Z,loan_to_aml,3,66,200,17.074900,
policy_only,6,1,perf-policy_only-r006-20260818T024110Z,loan_to_aml,3,67,200,16.665900,
policy_only,6,1,perf-policy_only-r006-20260818T024110Z,loan_to_aml,3,68,200,16.371800,
policy_only,6,1,perf-policy_only-r006-20260818T024110Z,loan_to_aml,3,69,200,15.365100,
policy_only,6,1,perf-policy_only-r006-20260818T024110Z,loan_to_aml,3,70,200,16.089700,
policy_only,6,1,perf-policy_only-r006-20260818T024110Z,loan_to_aml,3,71,200,16.236000,
policy_only,6,1,perf-policy_only-r006-20260818T024110Z,loan_to_aml,3,72,200,16.356000,
policy_only,6,1,perf-policy_only-r006-20260818T024110Z,loan_to_aml,3,73,200,16.592500,
policy_only,6,1,perf-policy_only-r006-20260818T024110Z,loan_to_aml,3,74,200,17.698400,
policy_only,6,1,perf-policy_only-r006-20260818T024110Z,loan_to_aml,3,75,200,15.845900,
policy_only,6,1,perf-policy_only-r006-20260818T024110Z,loan_to_aml,3,76,200,15.926900,
policy_only,6,1,perf-policy_only-r006-20260818T024110Z,loan_to_aml,3,77,200,16.155700,
policy_only,6,1,perf-policy_only-r006-20260818T024110Z,loan_to_aml,3,78,200,16.077600,
policy_only,6,1,perf-policy_only-r006-20260818T024110Z,loan_to_aml,3,79,200,16.827500,
policy_only,6,1,perf-policy_only-r006-20260818T024110Z,loan_to_aml,3,80,200,16.080500,
policy_only,6,1,perf-policy_only-r006-20260818T024110Z,loan_to_aml,3,81,200,17.346500,
policy_only,6,1,perf-policy_only-r006-20260818T024110Z,loan_to_aml,3,82,200,16.948200,
policy_only,6,1,perf-policy_only-r006-20260818T024110Z,loan_to_aml,3,83,200,15.842600,
policy_only,6,1,perf-policy_only-r006-20260818T024110Z,loan_to_aml,3,84,200,15.772600,
policy_only,6,1,perf-policy_only-r006-20260818T024110Z,loan_to_aml,3,85,200,15.796000,
policy_only,6,1,perf-policy_only-r006-20260818T024110Z,loan_to_aml,3,86,200,15.924200,
policy_only,6,1,perf-policy_only-r006-20260818T024110Z,loan_to_aml,3,87,200,15.835800,
policy_only,6,1,perf-policy_only-r006-20260818T024110Z,loan_to_aml,3,88,200,15.311800,
policy_only,6,1,perf-policy_only-r006-20260818T024110Z,loan_to_aml,3,89,200,15.953900,
policy_only,6,1,perf-policy_only-r006-20260818T024110Z,loan_to_aml,3,90,200,16.499600,
policy_only,6,1,perf-policy_only-r006-20260818T024110Z,loan_to_aml,3,91,200,15.662300,
policy_only,6,1,perf-policy_only-r006-20260818T024110Z,loan_to_aml,3,92,200,15.643500,
policy_only,6,1,perf-policy_only-r006-20260818T024110Z,loan_to_aml,3,93,200,15.121100,
policy_only,6,1,perf-policy_only-r006-20260818T024110Z,loan_to_aml,3,94,200,16.197100,
policy_only,6,1,perf-policy_only-r006-20260818T024110Z,loan_to_aml,3,95,200,15.530900,
policy_only,6,1,perf-policy_only-r006-20260818T024110Z,loan_to_aml,3,96,200,16.509100,
policy_only,6,1,perf-policy_only-r006-20260818T024110Z,loan_to_aml,3,97,200,19.301900,
policy_only,6,1,perf-policy_only-r006-20260818T024110Z,loan_to_aml,3,98,200,17.895600,
policy_only,6,1,perf-policy_only-r006-20260818T024110Z,loan_to_aml,3,99,200,16.620900,
policy_only,6,1,perf-policy_only-r006-20260818T024110Z,loan_to_aml,3,100,200,15.722900,
policy_only,6,1,perf-policy_only-r006-20260818T024110Z,loan_to_aml,3,101,200,15.995300,
policy_only,6,1,perf-policy_only-r006-20260818T024110Z,loan_to_aml,3,102,200,16.217200,
policy_only,6,1,perf-policy_only-r006-20260818T024110Z,loan_to_aml,3,103,200,16.114900,
policy_only,6,1,perf-policy_only-r006-20260818T024110Z,loan_to_aml,3,104,200,16.800100,
policy_only,6,1,perf-policy_only-r006-20260818T024110Z,loan_to_aml,3,105,200,16.871100,
policy_only,6,1,perf-policy_only-r006-20260818T024110Z,loan_to_aml,3,106,200,16.040900,
policy_only,6,1,perf-policy_only-r006-20260818T024110Z,loan_to_aml,3,107,200,15.951200,
policy_only,6,1,perf-policy_only-r006-20260818T024110Z,loan_to_aml,3,108,200,16.031100,
policy_only,6,1,perf-policy_only-r006-20260818T024110Z,loan_to_aml,3,109,200,15.969000,
policy_only,6,1,perf-policy_only-r006-20260818T024110Z,loan_to_aml,3,110,200,16.811100,
policy_only,6,1,perf-policy_only-r006-20260818T024110Z,loan_to_aml,3,111,200,16.089700,
policy_only,6,1,perf-policy_only-r006-20260818T024110Z,loan_to_aml,3,112,200,16.111100,
policy_only,6,1,perf-policy_only-r006-20260818T024110Z,loan_to_aml,3,113,200,16.678000,
policy_only,6,1,perf-policy_only-r006-20260818T024110Z,loan_to_aml,3,114,200,17.225600,
policy_only,6,1,perf-policy_only-r006-20260818T024110Z,loan_to_aml,3,115,200,15.698700,
policy_only,6,1,perf-policy_only-r006-20260818T024110Z,loan_to_aml,3,116,200,15.988100,
policy_only,6,1,perf-policy_only-r006-20260818T024110Z,loan_to_aml,3,117,200,16.540000,
policy_only,6,1,perf-policy_only-r006-20260818T024110Z,loan_to_aml,3,118,200,16.466200,
policy_only,6,1,perf-policy_only-r006-20260818T024110Z,loan_to_aml,3,119,200,15.769200,
policy_only,6,1,perf-policy_only-r006-20260818T024110Z,loan_to_aml,3,120,200,16.665000,
policy_only,6,1,perf-policy_only-r006-20260818T024110Z,loan_to_aml,3,121,200,16.351100,
policy_only,6,1,perf-policy_only-r006-20260818T024110Z,loan_to_aml,3,122,200,16.114900,
policy_only,6,1,perf-policy_only-r006-20260818T024110Z,loan_to_aml,3,123,200,16.326100,
policy_only,6,1,perf-policy_only-r006-20260818T024110Z,loan_to_aml,3,124,200,15.591500,
policy_only,6,1,perf-policy_only-r006-20260818T024110Z,loan_to_aml,3,125,200,16.290300,
policy_only,6,1,perf-policy_only-r006-20260818T024110Z,loan_to_aml,3,126,200,15.593800,
policy_only,6,1,perf-policy_only-r006-20260818T024110Z,loan_to_aml,3,127,200,15.212300,
policy_only,6,1,perf-policy_only-r006-20260818T024110Z,loan_to_aml,3,128,200,18.129700,
policy_only,6,1,perf-policy_only-r006-20260818T024110Z,loan_to_aml,3,129,200,18.350500,
policy_only,6,1,perf-policy_only-r006-20260818T024110Z,loan_to_aml,3,130,200,15.444500,
policy_only,6,1,perf-policy_only-r006-20260818T024110Z,loan_to_aml,3,131,200,16.288300,
policy_only,6,1,perf-policy_only-r006-20260818T024110Z,loan_to_aml,3,132,200,16.582900,
policy_only,6,1,perf-policy_only-r006-20260818T024110Z,loan_to_aml,3,133,200,15.842300,
policy_only,6,1,perf-policy_only-r006-20260818T024110Z,loan_to_aml,3,134,200,16.593900,
policy_only,6,1,perf-policy_only-r006-20260818T024110Z,loan_to_aml,3,135,200,15.888700,
policy_only,6,1,perf-policy_only-r006-20260818T024110Z,loan_to_aml,3,136,200,16.903100,
policy_only,6,1,perf-policy_only-r006-20260818T024110Z,loan_to_aml,3,137,200,17.132300,
policy_only,6,1,perf-policy_only-r006-20260818T024110Z,loan_to_aml,3,138,200,17.564600,
policy_only,6,1,perf-policy_only-r006-20260818T024110Z,loan_to_aml,3,139,200,16.108900,
policy_only,6,1,perf-policy_only-r006-20260818T024110Z,loan_to_aml,3,140,200,17.494400,
policy_only,6,1,perf-policy_only-r006-20260818T024110Z,loan_to_aml,3,141,200,16.585600,
policy_only,6,1,perf-policy_only-r006-20260818T024110Z,loan_to_aml,3,142,200,17.381600,
policy_only,6,1,perf-policy_only-r006-20260818T024110Z,loan_to_aml,3,143,200,16.864500,
policy_only,6,1,perf-policy_only-r006-20260818T024110Z,loan_to_aml,3,144,200,16.824300,
policy_only,6,1,perf-policy_only-r006-20260818T024110Z,loan_to_aml,3,145,200,17.138000,
policy_only,6,1,perf-policy_only-r006-20260818T024110Z,loan_to_aml,3,146,200,17.080000,
policy_only,6,1,perf-policy_only-r006-20260818T024110Z,loan_to_aml,3,147,200,17.036700,
policy_only,6,1,perf-policy_only-r006-20260818T024110Z,loan_to_aml,3,148,200,16.743600,
policy_only,6,1,perf-policy_only-r006-20260818T024110Z,loan_to_aml,3,149,200,17.141800,
policy_only,6,1,perf-policy_only-r006-20260818T024110Z,loan_to_aml,3,150,200,17.286800,
policy_only,6,1,perf-policy_only-r006-20260818T024110Z,loan_to_aml,3,151,200,17.809700,
policy_only,6,1,perf-policy_only-r006-20260818T024110Z,loan_to_aml,3,152,200,21.080800,
policy_only,6,1,perf-policy_only-r006-20260818T024110Z,loan_to_aml,3,153,200,25.477000,
policy_only,6,1,perf-policy_only-r006-20260818T024110Z,loan_to_aml,3,154,200,21.447500,
policy_only,6,1,perf-policy_only-r006-20260818T024110Z,loan_to_aml,3,155,200,18.267800,
policy_only,6,1,perf-policy_only-r006-20260818T024110Z,loan_to_aml,3,156,200,18.947800,
policy_only,6,1,perf-policy_only-r006-20260818T024110Z,loan_to_aml,3,157,200,21.639100,
policy_only,6,1,perf-policy_only-r006-20260818T024110Z,loan_to_aml,3,158,200,17.707400,
policy_only,6,1,perf-policy_only-r006-20260818T024110Z,loan_to_aml,3,159,200,16.801500,
policy_only,6,1,perf-policy_only-r006-20260818T024110Z,loan_to_aml,3,160,200,16.861900,
policy_only,6,1,perf-policy_only-r006-20260818T024110Z,loan_to_aml,3,161,200,16.088300,
policy_only,6,1,perf-policy_only-r006-20260818T024110Z,loan_to_aml,3,162,200,17.615900,
policy_only,6,1,perf-policy_only-r006-20260818T024110Z,loan_to_aml,3,163,200,17.963700,
policy_only,6,1,perf-policy_only-r006-20260818T024110Z,loan_to_aml,3,164,200,17.781200,
policy_only,6,1,perf-policy_only-r006-20260818T024110Z,loan_to_aml,3,165,200,17.782100,
policy_only,6,1,perf-policy_only-r006-20260818T024110Z,loan_to_aml,3,166,200,16.912600,
policy_only,6,1,perf-policy_only-r006-20260818T024110Z,loan_to_aml,3,167,200,16.753600,
policy_only,6,1,perf-policy_only-r006-20260818T024110Z,loan_to_aml,3,168,200,17.252800,
policy_only,6,1,perf-policy_only-r006-20260818T024110Z,loan_to_aml,3,169,200,16.817000,
policy_only,6,1,perf-policy_only-r006-20260818T024110Z,loan_to_aml,3,170,200,16.970200,
policy_only,6,1,perf-policy_only-r006-20260818T024110Z,loan_to_aml,3,171,200,17.422600,
policy_only,6,1,perf-policy_only-r006-20260818T024110Z,loan_to_aml,3,172,200,17.521900,
policy_only,6,1,perf-policy_only-r006-20260818T024110Z,loan_to_aml,3,173,200,17.074400,
policy_only,6,1,perf-policy_only-r006-20260818T024110Z,loan_to_aml,3,174,200,16.806300,
policy_only,6,1,perf-policy_only-r006-20260818T024110Z,loan_to_aml,3,175,200,17.148700,
policy_only,6,1,perf-policy_only-r006-20260818T024110Z,loan_to_aml,3,176,200,15.932000,
policy_only,6,1,perf-policy_only-r006-20260818T024110Z,loan_to_aml,3,177,200,16.678200,
policy_only,6,1,perf-policy_only-r006-20260818T024110Z,loan_to_aml,3,178,200,16.975200,
policy_only,6,1,perf-policy_only-r006-20260818T024110Z,loan_to_aml,3,179,200,17.051700,
policy_only,6,1,perf-policy_only-r006-20260818T024110Z,loan_to_aml,3,180,200,17.115200,
policy_only,6,1,perf-policy_only-r006-20260818T024110Z,loan_to_aml,3,181,200,17.029500,
policy_only,6,1,perf-policy_only-r006-20260818T024110Z,loan_to_aml,3,182,200,16.720000,
policy_only,6,1,perf-policy_only-r006-20260818T024110Z,loan_to_aml,3,183,200,15.972900,
policy_only,6,1,perf-policy_only-r006-20260818T024110Z,loan_to_aml,3,184,200,16.022200,
policy_only,6,1,perf-policy_only-r006-20260818T024110Z,loan_to_aml,3,185,200,16.887700,
policy_only,6,1,perf-policy_only-r006-20260818T024110Z,loan_to_aml,3,186,200,17.045000,
policy_only,6,1,perf-policy_only-r006-20260818T024110Z,loan_to_aml,3,187,200,17.236600,
policy_only,6,1,perf-policy_only-r006-20260818T024110Z,loan_to_aml,3,188,200,16.980900,
policy_only,6,1,perf-policy_only-r006-20260818T024110Z,loan_to_aml,3,189,200,15.866700,
policy_only,6,1,perf-policy_only-r006-20260818T024110Z,loan_to_aml,3,190,200,16.978200,
policy_only,6,1,perf-policy_only-r006-20260818T024110Z,loan_to_aml,3,191,200,18.572300,
policy_only,6,1,perf-policy_only-r006-20260818T024110Z,loan_to_aml,3,192,200,17.505900,
policy_only,6,1,perf-policy_only-r006-20260818T024110Z,loan_to_aml,3,193,200,18.465500,
policy_only,6,1,perf-policy_only-r006-20260818T024110Z,loan_to_aml,3,194,200,19.526000,
policy_only,6,1,perf-policy_only-r006-20260818T024110Z,loan_to_aml,3,195,200,19.972600,
policy_only,6,1,perf-policy_only-r006-20260818T024110Z,loan_to_aml,3,196,200,17.116100,
policy_only,6,1,perf-policy_only-r006-20260818T024110Z,loan_to_aml,3,197,200,17.269300,
policy_only,6,1,perf-policy_only-r006-20260818T024110Z,loan_to_aml,3,198,200,17.372800,
policy_only,6,1,perf-policy_only-r006-20260818T024110Z,loan_to_aml,3,199,200,17.115800,
policy_only,6,1,perf-policy_only-r006-20260818T024110Z,loan_to_aml,3,200,200,16.962700,
policy_only,6,1,perf-policy_only-r006-20260818T024110Z,loan_to_approval,1,1,200,15.914900,
policy_only,6,1,perf-policy_only-r006-20260818T024110Z,loan_to_approval,1,2,200,16.232200,
policy_only,6,1,perf-policy_only-r006-20260818T024110Z,loan_to_approval,1,3,200,15.663100,
policy_only,6,1,perf-policy_only-r006-20260818T024110Z,loan_to_approval,1,4,200,16.221500,
policy_only,6,1,perf-policy_only-r006-20260818T024110Z,loan_to_approval,1,5,200,16.139100,
policy_only,6,1,perf-policy_only-r006-20260818T024110Z,loan_to_approval,1,6,200,15.833700,
policy_only,6,1,perf-policy_only-r006-20260818T024110Z,loan_to_approval,1,7,200,16.106300,
policy_only,6,1,perf-policy_only-r006-20260818T024110Z,loan_to_approval,1,8,200,15.824300,
policy_only,6,1,perf-policy_only-r006-20260818T024110Z,loan_to_approval,1,9,200,15.999100,
policy_only,6,1,perf-policy_only-r006-20260818T024110Z,loan_to_approval,1,10,200,15.983200,
policy_only,6,1,perf-policy_only-r006-20260818T024110Z,loan_to_approval,1,11,200,15.963100,
policy_only,6,1,perf-policy_only-r006-20260818T024110Z,loan_to_approval,1,12,200,16.164000,
policy_only,6,1,perf-policy_only-r006-20260818T024110Z,loan_to_approval,1,13,200,15.502200,
policy_only,6,1,perf-policy_only-r006-20260818T024110Z,loan_to_approval,1,14,200,16.758100,
policy_only,6,1,perf-policy_only-r006-20260818T024110Z,loan_to_approval,1,15,200,16.702300,
policy_only,6,1,perf-policy_only-r006-20260818T024110Z,loan_to_approval,1,16,200,17.333700,
policy_only,6,1,perf-policy_only-r006-20260818T024110Z,loan_to_approval,1,17,200,16.653300,
policy_only,6,1,perf-policy_only-r006-20260818T024110Z,loan_to_approval,1,18,200,15.459200,
policy_only,6,1,perf-policy_only-r006-20260818T024110Z,loan_to_approval,1,19,200,15.538200,
policy_only,6,1,perf-policy_only-r006-20260818T024110Z,loan_to_approval,1,20,200,15.787000,
policy_only,6,1,perf-policy_only-r006-20260818T024110Z,loan_to_approval,1,21,200,17.220100,
policy_only,6,1,perf-policy_only-r006-20260818T024110Z,loan_to_approval,1,22,200,15.679000,
policy_only,6,1,perf-policy_only-r006-20260818T024110Z,loan_to_approval,1,23,200,15.876600,
policy_only,6,1,perf-policy_only-r006-20260818T024110Z,loan_to_approval,1,24,200,16.191600,
policy_only,6,1,perf-policy_only-r006-20260818T024110Z,loan_to_approval,1,25,200,16.080500,
policy_only,6,1,perf-policy_only-r006-20260818T024110Z,loan_to_approval,1,26,200,16.161800,
policy_only,6,1,perf-policy_only-r006-20260818T024110Z,loan_to_approval,1,27,200,20.399700,
policy_only,6,1,perf-policy_only-r006-20260818T024110Z,loan_to_approval,1,28,200,15.921400,
policy_only,6,1,perf-policy_only-r006-20260818T024110Z,loan_to_approval,1,29,200,16.386200,
policy_only,6,1,perf-policy_only-r006-20260818T024110Z,loan_to_approval,1,30,200,15.713100,
policy_only,6,1,perf-policy_only-r006-20260818T024110Z,loan_to_approval,1,31,200,16.188500,
policy_only,6,1,perf-policy_only-r006-20260818T024110Z,loan_to_approval,1,32,200,16.068800,
policy_only,6,1,perf-policy_only-r006-20260818T024110Z,loan_to_approval,1,33,200,17.537700,
policy_only,6,1,perf-policy_only-r006-20260818T024110Z,loan_to_approval,1,34,200,16.168900,
policy_only,6,1,perf-policy_only-r006-20260818T024110Z,loan_to_approval,1,35,200,15.527300,
policy_only,6,1,perf-policy_only-r006-20260818T024110Z,loan_to_approval,1,36,200,15.517600,
policy_only,6,1,perf-policy_only-r006-20260818T024110Z,loan_to_approval,1,37,200,15.991500,
policy_only,6,1,perf-policy_only-r006-20260818T024110Z,loan_to_approval,1,38,200,16.119200,
policy_only,6,1,perf-policy_only-r006-20260818T024110Z,loan_to_approval,1,39,200,16.881200,
policy_only,6,1,perf-policy_only-r006-20260818T024110Z,loan_to_approval,1,40,200,15.729300,
policy_only,6,1,perf-policy_only-r006-20260818T024110Z,loan_to_approval,1,41,200,17.036600,
policy_only,6,1,perf-policy_only-r006-20260818T024110Z,loan_to_approval,1,42,200,16.489200,
policy_only,6,1,perf-policy_only-r006-20260818T024110Z,loan_to_approval,1,43,200,15.572900,
policy_only,6,1,perf-policy_only-r006-20260818T024110Z,loan_to_approval,1,44,200,16.153900,
policy_only,6,1,perf-policy_only-r006-20260818T024110Z,loan_to_approval,1,45,200,15.979400,
policy_only,6,1,perf-policy_only-r006-20260818T024110Z,loan_to_approval,1,46,200,15.739400,
policy_only,6,1,perf-policy_only-r006-20260818T024110Z,loan_to_approval,1,47,200,14.973000,
policy_only,6,1,perf-policy_only-r006-20260818T024110Z,loan_to_approval,1,48,200,16.117500,
policy_only,6,1,perf-policy_only-r006-20260818T024110Z,loan_to_approval,1,49,200,15.967500,
policy_only,6,1,perf-policy_only-r006-20260818T024110Z,loan_to_approval,1,50,200,15.733200,
policy_only,6,1,perf-policy_only-r006-20260818T024110Z,loan_to_approval,1,51,200,16.000100,
policy_only,6,1,perf-policy_only-r006-20260818T024110Z,loan_to_approval,1,52,200,15.958200,
policy_only,6,1,perf-policy_only-r006-20260818T024110Z,loan_to_approval,1,53,200,17.107200,
policy_only,6,1,perf-policy_only-r006-20260818T024110Z,loan_to_approval,1,54,200,16.885100,
policy_only,6,1,perf-policy_only-r006-20260818T024110Z,loan_to_approval,1,55,200,16.239400,
policy_only,6,1,perf-policy_only-r006-20260818T024110Z,loan_to_approval,1,56,200,15.682300,
policy_only,6,1,perf-policy_only-r006-20260818T024110Z,loan_to_approval,1,57,200,16.267900,
policy_only,6,1,perf-policy_only-r006-20260818T024110Z,loan_to_approval,1,58,200,16.003100,
policy_only,6,1,perf-policy_only-r006-20260818T024110Z,loan_to_approval,1,59,200,16.035500,
policy_only,6,1,perf-policy_only-r006-20260818T024110Z,loan_to_approval,1,60,200,16.157800,
policy_only,6,1,perf-policy_only-r006-20260818T024110Z,loan_to_approval,1,61,200,15.573800,
policy_only,6,1,perf-policy_only-r006-20260818T024110Z,loan_to_approval,1,62,200,16.222900,
policy_only,6,1,perf-policy_only-r006-20260818T024110Z,loan_to_approval,1,63,200,16.245000,
policy_only,6,1,perf-policy_only-r006-20260818T024110Z,loan_to_approval,1,64,200,16.786200,
policy_only,6,1,perf-policy_only-r006-20260818T024110Z,loan_to_approval,1,65,200,17.219300,
policy_only,6,1,perf-policy_only-r006-20260818T024110Z,loan_to_approval,1,66,200,16.800200,
policy_only,6,1,perf-policy_only-r006-20260818T024110Z,loan_to_approval,1,67,200,16.677600,
policy_only,6,1,perf-policy_only-r006-20260818T024110Z,loan_to_approval,1,68,200,17.449200,
policy_only,6,1,perf-policy_only-r006-20260818T024110Z,loan_to_approval,1,69,200,16.882500,
policy_only,6,1,perf-policy_only-r006-20260818T024110Z,loan_to_approval,1,70,200,16.010300,
policy_only,6,1,perf-policy_only-r006-20260818T024110Z,loan_to_approval,1,71,200,16.650000,
policy_only,6,1,perf-policy_only-r006-20260818T024110Z,loan_to_approval,1,72,200,15.888000,
policy_only,6,1,perf-policy_only-r006-20260818T024110Z,loan_to_approval,1,73,200,16.335200,
policy_only,6,1,perf-policy_only-r006-20260818T024110Z,loan_to_approval,1,74,200,16.640100,
policy_only,6,1,perf-policy_only-r006-20260818T024110Z,loan_to_approval,1,75,200,16.073000,
policy_only,6,1,perf-policy_only-r006-20260818T024110Z,loan_to_approval,1,76,200,16.080000,
policy_only,6,1,perf-policy_only-r006-20260818T024110Z,loan_to_approval,1,77,200,18.981700,
policy_only,6,1,perf-policy_only-r006-20260818T024110Z,loan_to_approval,1,78,200,16.897200,
policy_only,6,1,perf-policy_only-r006-20260818T024110Z,loan_to_approval,1,79,200,17.119500,
policy_only,6,1,perf-policy_only-r006-20260818T024110Z,loan_to_approval,1,80,200,19.752100,
policy_only,6,1,perf-policy_only-r006-20260818T024110Z,loan_to_approval,1,81,200,17.025200,
policy_only,6,1,perf-policy_only-r006-20260818T024110Z,loan_to_approval,1,82,200,15.950500,
policy_only,6,1,perf-policy_only-r006-20260818T024110Z,loan_to_approval,1,83,200,15.754300,
policy_only,6,1,perf-policy_only-r006-20260818T024110Z,loan_to_approval,1,84,200,16.199900,
policy_only,6,1,perf-policy_only-r006-20260818T024110Z,loan_to_approval,1,85,200,16.419400,
policy_only,6,1,perf-policy_only-r006-20260818T024110Z,loan_to_approval,1,86,200,16.462500,
policy_only,6,1,perf-policy_only-r006-20260818T024110Z,loan_to_approval,1,87,200,16.770200,
policy_only,6,1,perf-policy_only-r006-20260818T024110Z,loan_to_approval,1,88,200,18.325100,
policy_only,6,1,perf-policy_only-r006-20260818T024110Z,loan_to_approval,1,89,200,16.822300,
policy_only,6,1,perf-policy_only-r006-20260818T024110Z,loan_to_approval,1,90,200,16.973800,
policy_only,6,1,perf-policy_only-r006-20260818T024110Z,loan_to_approval,1,91,200,16.325800,
policy_only,6,1,perf-policy_only-r006-20260818T024110Z,loan_to_approval,1,92,200,15.990400,
policy_only,6,1,perf-policy_only-r006-20260818T024110Z,loan_to_approval,1,93,200,15.497600,
policy_only,6,1,perf-policy_only-r006-20260818T024110Z,loan_to_approval,1,94,200,16.366000,
policy_only,6,1,perf-policy_only-r006-20260818T024110Z,loan_to_approval,1,95,200,17.060700,
policy_only,6,1,perf-policy_only-r006-20260818T024110Z,loan_to_approval,1,96,200,15.688400,
policy_only,6,1,perf-policy_only-r006-20260818T024110Z,loan_to_approval,1,97,200,14.944300,
policy_only,6,1,perf-policy_only-r006-20260818T024110Z,loan_to_approval,1,98,200,16.030600,
policy_only,6,1,perf-policy_only-r006-20260818T024110Z,loan_to_approval,1,99,200,15.617100,
policy_only,6,1,perf-policy_only-r006-20260818T024110Z,loan_to_approval,1,100,200,15.307000,
policy_only,6,1,perf-policy_only-r006-20260818T024110Z,loan_to_approval,1,101,200,16.200000,
policy_only,6,1,perf-policy_only-r006-20260818T024110Z,loan_to_approval,1,102,200,16.825300,
policy_only,6,1,perf-policy_only-r006-20260818T024110Z,loan_to_approval,1,103,200,16.001500,
policy_only,6,1,perf-policy_only-r006-20260818T024110Z,loan_to_approval,1,104,200,16.132800,
policy_only,6,1,perf-policy_only-r006-20260818T024110Z,loan_to_approval,1,105,200,16.762600,
policy_only,6,1,perf-policy_only-r006-20260818T024110Z,loan_to_approval,1,106,200,15.986800,
policy_only,6,1,perf-policy_only-r006-20260818T024110Z,loan_to_approval,1,107,200,16.880700,
policy_only,6,1,perf-policy_only-r006-20260818T024110Z,loan_to_approval,1,108,200,15.639200,
policy_only,6,1,perf-policy_only-r006-20260818T024110Z,loan_to_approval,1,109,200,16.560600,
policy_only,6,1,perf-policy_only-r006-20260818T024110Z,loan_to_approval,1,110,200,19.230900,
policy_only,6,1,perf-policy_only-r006-20260818T024110Z,loan_to_approval,1,111,200,16.646400,
policy_only,6,1,perf-policy_only-r006-20260818T024110Z,loan_to_approval,1,112,200,16.042700,
policy_only,6,1,perf-policy_only-r006-20260818T024110Z,loan_to_approval,1,113,200,16.246700,
policy_only,6,1,perf-policy_only-r006-20260818T024110Z,loan_to_approval,1,114,200,17.021100,
policy_only,6,1,perf-policy_only-r006-20260818T024110Z,loan_to_approval,1,115,200,16.491300,
policy_only,6,1,perf-policy_only-r006-20260818T024110Z,loan_to_approval,1,116,200,16.196100,
policy_only,6,1,perf-policy_only-r006-20260818T024110Z,loan_to_approval,1,117,200,16.288300,
policy_only,6,1,perf-policy_only-r006-20260818T024110Z,loan_to_approval,1,118,200,15.434400,
policy_only,6,1,perf-policy_only-r006-20260818T024110Z,loan_to_approval,1,119,200,17.038400,
policy_only,6,1,perf-policy_only-r006-20260818T024110Z,loan_to_approval,1,120,200,15.760000,
policy_only,6,1,perf-policy_only-r006-20260818T024110Z,loan_to_approval,1,121,200,18.350900,
policy_only,6,1,perf-policy_only-r006-20260818T024110Z,loan_to_approval,1,122,200,16.020500,
policy_only,6,1,perf-policy_only-r006-20260818T024110Z,loan_to_approval,1,123,200,16.756500,
policy_only,6,1,perf-policy_only-r006-20260818T024110Z,loan_to_approval,1,124,200,15.788300,
policy_only,6,1,perf-policy_only-r006-20260818T024110Z,loan_to_approval,1,125,200,16.191700,
policy_only,6,1,perf-policy_only-r006-20260818T024110Z,loan_to_approval,1,126,200,15.956600,
policy_only,6,1,perf-policy_only-r006-20260818T024110Z,loan_to_approval,1,127,200,15.856700,
policy_only,6,1,perf-policy_only-r006-20260818T024110Z,loan_to_approval,1,128,200,16.096400,
policy_only,6,1,perf-policy_only-r006-20260818T024110Z,loan_to_approval,1,129,200,15.906800,
policy_only,6,1,perf-policy_only-r006-20260818T024110Z,loan_to_approval,1,130,200,16.014000,
policy_only,6,1,perf-policy_only-r006-20260818T024110Z,loan_to_approval,1,131,200,16.136400,
policy_only,6,1,perf-policy_only-r006-20260818T024110Z,loan_to_approval,1,132,200,17.078500,
policy_only,6,1,perf-policy_only-r006-20260818T024110Z,loan_to_approval,1,133,200,16.755600,
policy_only,6,1,perf-policy_only-r006-20260818T024110Z,loan_to_approval,1,134,200,15.760600,
policy_only,6,1,perf-policy_only-r006-20260818T024110Z,loan_to_approval,1,135,200,16.095600,
policy_only,6,1,perf-policy_only-r006-20260818T024110Z,loan_to_approval,1,136,200,16.593100,
policy_only,6,1,perf-policy_only-r006-20260818T024110Z,loan_to_approval,1,137,200,16.619300,
policy_only,6,1,perf-policy_only-r006-20260818T024110Z,loan_to_approval,1,138,200,15.671800,
policy_only,6,1,perf-policy_only-r006-20260818T024110Z,loan_to_approval,1,139,200,17.336800,
policy_only,6,1,perf-policy_only-r006-20260818T024110Z,loan_to_approval,1,140,200,15.886600,
policy_only,6,1,perf-policy_only-r006-20260818T024110Z,loan_to_approval,1,141,200,15.960400,
policy_only,6,1,perf-policy_only-r006-20260818T024110Z,loan_to_approval,1,142,200,15.825400,
policy_only,6,1,perf-policy_only-r006-20260818T024110Z,loan_to_approval,1,143,200,16.138100,
policy_only,6,1,perf-policy_only-r006-20260818T024110Z,loan_to_approval,1,144,200,15.820800,
policy_only,6,1,perf-policy_only-r006-20260818T024110Z,loan_to_approval,1,145,200,16.064600,
policy_only,6,1,perf-policy_only-r006-20260818T024110Z,loan_to_approval,1,146,200,16.057100,
policy_only,6,1,perf-policy_only-r006-20260818T024110Z,loan_to_approval,1,147,200,17.037600,
policy_only,6,1,perf-policy_only-r006-20260818T024110Z,loan_to_approval,1,148,200,16.001300,
policy_only,6,1,perf-policy_only-r006-20260818T024110Z,loan_to_approval,1,149,200,16.847200,
policy_only,6,1,perf-policy_only-r006-20260818T024110Z,loan_to_approval,1,150,200,19.234000,
policy_only,6,1,perf-policy_only-r006-20260818T024110Z,loan_to_approval,1,151,200,16.472600,
policy_only,6,1,perf-policy_only-r006-20260818T024110Z,loan_to_approval,1,152,200,16.961100,
policy_only,6,1,perf-policy_only-r006-20260818T024110Z,loan_to_approval,1,153,200,16.201800,
policy_only,6,1,perf-policy_only-r006-20260818T024110Z,loan_to_approval,1,154,200,16.172900,
policy_only,6,1,perf-policy_only-r006-20260818T024110Z,loan_to_approval,1,155,200,16.066800,
policy_only,6,1,perf-policy_only-r006-20260818T024110Z,loan_to_approval,1,156,200,15.772400,
policy_only,6,1,perf-policy_only-r006-20260818T024110Z,loan_to_approval,1,157,200,16.048000,
policy_only,6,1,perf-policy_only-r006-20260818T024110Z,loan_to_approval,1,158,200,15.609100,
policy_only,6,1,perf-policy_only-r006-20260818T024110Z,loan_to_approval,1,159,200,16.272900,
policy_only,6,1,perf-policy_only-r006-20260818T024110Z,loan_to_approval,1,160,200,16.050400,
policy_only,6,1,perf-policy_only-r006-20260818T024110Z,loan_to_approval,1,161,200,16.048500,
policy_only,6,1,perf-policy_only-r006-20260818T024110Z,loan_to_approval,1,162,200,15.786900,
policy_only,6,1,perf-policy_only-r006-20260818T024110Z,loan_to_approval,1,163,200,16.172500,
policy_only,6,1,perf-policy_only-r006-20260818T024110Z,loan_to_approval,1,164,200,15.974400,
policy_only,6,1,perf-policy_only-r006-20260818T024110Z,loan_to_approval,1,165,200,15.633100,
policy_only,6,1,perf-policy_only-r006-20260818T024110Z,loan_to_approval,1,166,200,16.779300,
policy_only,6,1,perf-policy_only-r006-20260818T024110Z,loan_to_approval,1,167,200,16.417200,
policy_only,6,1,perf-policy_only-r006-20260818T024110Z,loan_to_approval,1,168,200,16.007900,
policy_only,6,1,perf-policy_only-r006-20260818T024110Z,loan_to_approval,1,169,200,15.944200,
policy_only,6,1,perf-policy_only-r006-20260818T024110Z,loan_to_approval,1,170,200,15.714500,
policy_only,6,1,perf-policy_only-r006-20260818T024110Z,loan_to_approval,1,171,200,15.873500,
policy_only,6,1,perf-policy_only-r006-20260818T024110Z,loan_to_approval,1,172,200,16.450000,
policy_only,6,1,perf-policy_only-r006-20260818T024110Z,loan_to_approval,1,173,200,15.583800,
policy_only,6,1,perf-policy_only-r006-20260818T024110Z,loan_to_approval,1,174,200,16.307300,
policy_only,6,1,perf-policy_only-r006-20260818T024110Z,loan_to_approval,1,175,200,16.121100,
policy_only,6,1,perf-policy_only-r006-20260818T024110Z,loan_to_approval,1,176,200,15.825100,
policy_only,6,1,perf-policy_only-r006-20260818T024110Z,loan_to_approval,1,177,200,16.442200,
policy_only,6,1,perf-policy_only-r006-20260818T024110Z,loan_to_approval,1,178,200,16.857900,
policy_only,6,1,perf-policy_only-r006-20260818T024110Z,loan_to_approval,1,179,200,16.611600,
policy_only,6,1,perf-policy_only-r006-20260818T024110Z,loan_to_approval,1,180,200,15.901900,
policy_only,6,1,perf-policy_only-r006-20260818T024110Z,loan_to_approval,1,181,200,16.251500,
policy_only,6,1,perf-policy_only-r006-20260818T024110Z,loan_to_approval,1,182,200,15.702200,
policy_only,6,1,perf-policy_only-r006-20260818T024110Z,loan_to_approval,1,183,200,16.364500,
policy_only,6,1,perf-policy_only-r006-20260818T024110Z,loan_to_approval,1,184,200,15.795700,
policy_only,6,1,perf-policy_only-r006-20260818T024110Z,loan_to_approval,1,185,200,17.083000,
policy_only,6,1,perf-policy_only-r006-20260818T024110Z,loan_to_approval,1,186,200,16.011700,
policy_only,6,1,perf-policy_only-r006-20260818T024110Z,loan_to_approval,1,187,200,17.029100,
policy_only,6,1,perf-policy_only-r006-20260818T024110Z,loan_to_approval,1,188,200,16.633600,
policy_only,6,1,perf-policy_only-r006-20260818T024110Z,loan_to_approval,1,189,200,16.996900,
policy_only,6,1,perf-policy_only-r006-20260818T024110Z,loan_to_approval,1,190,200,15.740400,
policy_only,6,1,perf-policy_only-r006-20260818T024110Z,loan_to_approval,1,191,200,16.463500,
policy_only,6,1,perf-policy_only-r006-20260818T024110Z,loan_to_approval,1,192,200,17.014500,
policy_only,6,1,perf-policy_only-r006-20260818T024110Z,loan_to_approval,1,193,200,16.120600,
policy_only,6,1,perf-policy_only-r006-20260818T024110Z,loan_to_approval,1,194,200,16.984000,
policy_only,6,1,perf-policy_only-r006-20260818T024110Z,loan_to_approval,1,195,200,16.885300,
policy_only,6,1,perf-policy_only-r006-20260818T024110Z,loan_to_approval,1,196,200,16.036900,
policy_only,6,1,perf-policy_only-r006-20260818T024110Z,loan_to_approval,1,197,200,15.979400,
policy_only,6,1,perf-policy_only-r006-20260818T024110Z,loan_to_approval,1,198,200,15.923800,
policy_only,6,1,perf-policy_only-r006-20260818T024110Z,loan_to_approval,1,199,200,15.742400,
policy_only,6,1,perf-policy_only-r006-20260818T024110Z,loan_to_approval,1,200,200,15.676700,
policy_only,6,1,perf-policy_only-r006-20260818T024110Z,loan_to_approval,2,1,200,16.121500,
policy_only,6,1,perf-policy_only-r006-20260818T024110Z,loan_to_approval,2,2,200,15.715300,
policy_only,6,1,perf-policy_only-r006-20260818T024110Z,loan_to_approval,2,3,200,16.289700,
policy_only,6,1,perf-policy_only-r006-20260818T024110Z,loan_to_approval,2,4,200,16.007400,
policy_only,6,1,perf-policy_only-r006-20260818T024110Z,loan_to_approval,2,5,200,16.058800,
policy_only,6,1,perf-policy_only-r006-20260818T024110Z,loan_to_approval,2,6,200,16.976000,
policy_only,6,1,perf-policy_only-r006-20260818T024110Z,loan_to_approval,2,7,200,19.642700,
policy_only,6,1,perf-policy_only-r006-20260818T024110Z,loan_to_approval,2,8,200,18.312700,
policy_only,6,1,perf-policy_only-r006-20260818T024110Z,loan_to_approval,2,9,200,19.331700,
policy_only,6,1,perf-policy_only-r006-20260818T024110Z,loan_to_approval,2,10,200,18.302700,
policy_only,6,1,perf-policy_only-r006-20260818T024110Z,loan_to_approval,2,11,200,20.661500,
policy_only,6,1,perf-policy_only-r006-20260818T024110Z,loan_to_approval,2,12,200,19.135100,
policy_only,6,1,perf-policy_only-r006-20260818T024110Z,loan_to_approval,2,13,200,20.172700,
policy_only,6,1,perf-policy_only-r006-20260818T024110Z,loan_to_approval,2,14,200,20.455400,
policy_only,6,1,perf-policy_only-r006-20260818T024110Z,loan_to_approval,2,15,200,17.230500,
policy_only,6,1,perf-policy_only-r006-20260818T024110Z,loan_to_approval,2,16,200,16.674700,
policy_only,6,1,perf-policy_only-r006-20260818T024110Z,loan_to_approval,2,17,200,16.181000,
policy_only,6,1,perf-policy_only-r006-20260818T024110Z,loan_to_approval,2,18,200,16.605300,
policy_only,6,1,perf-policy_only-r006-20260818T024110Z,loan_to_approval,2,19,200,16.010100,
policy_only,6,1,perf-policy_only-r006-20260818T024110Z,loan_to_approval,2,20,200,16.165700,
policy_only,6,1,perf-policy_only-r006-20260818T024110Z,loan_to_approval,2,21,200,16.848600,
policy_only,6,1,perf-policy_only-r006-20260818T024110Z,loan_to_approval,2,22,200,17.506600,
policy_only,6,1,perf-policy_only-r006-20260818T024110Z,loan_to_approval,2,23,200,16.928900,
policy_only,6,1,perf-policy_only-r006-20260818T024110Z,loan_to_approval,2,24,200,16.458900,
policy_only,6,1,perf-policy_only-r006-20260818T024110Z,loan_to_approval,2,25,200,17.079000,
policy_only,6,1,perf-policy_only-r006-20260818T024110Z,loan_to_approval,2,26,200,16.998800,
policy_only,6,1,perf-policy_only-r006-20260818T024110Z,loan_to_approval,2,27,200,16.791400,
policy_only,6,1,perf-policy_only-r006-20260818T024110Z,loan_to_approval,2,28,200,16.418300,
policy_only,6,1,perf-policy_only-r006-20260818T024110Z,loan_to_approval,2,29,200,16.512200,
policy_only,6,1,perf-policy_only-r006-20260818T024110Z,loan_to_approval,2,30,200,16.647700,
policy_only,6,1,perf-policy_only-r006-20260818T024110Z,loan_to_approval,2,31,200,16.418700,
policy_only,6,1,perf-policy_only-r006-20260818T024110Z,loan_to_approval,2,32,200,17.066400,
policy_only,6,1,perf-policy_only-r006-20260818T024110Z,loan_to_approval,2,33,200,16.008200,
policy_only,6,1,perf-policy_only-r006-20260818T024110Z,loan_to_approval,2,34,200,19.245700,
policy_only,6,1,perf-policy_only-r006-20260818T024110Z,loan_to_approval,2,35,200,25.020200,
policy_only,6,1,perf-policy_only-r006-20260818T024110Z,loan_to_approval,2,36,200,18.737400,
policy_only,6,1,perf-policy_only-r006-20260818T024110Z,loan_to_approval,2,37,200,16.924600,
policy_only,6,1,perf-policy_only-r006-20260818T024110Z,loan_to_approval,2,38,200,17.006000,
policy_only,6,1,perf-policy_only-r006-20260818T024110Z,loan_to_approval,2,39,200,17.479400,
policy_only,6,1,perf-policy_only-r006-20260818T024110Z,loan_to_approval,2,40,200,16.777800,
policy_only,6,1,perf-policy_only-r006-20260818T024110Z,loan_to_approval,2,41,200,16.911900,
policy_only,6,1,perf-policy_only-r006-20260818T024110Z,loan_to_approval,2,42,200,16.959800,
policy_only,6,1,perf-policy_only-r006-20260818T024110Z,loan_to_approval,2,43,200,16.997500,
policy_only,6,1,perf-policy_only-r006-20260818T024110Z,loan_to_approval,2,44,200,16.173700,
policy_only,6,1,perf-policy_only-r006-20260818T024110Z,loan_to_approval,2,45,200,16.390000,
policy_only,6,1,perf-policy_only-r006-20260818T024110Z,loan_to_approval,2,46,200,15.860700,
policy_only,6,1,perf-policy_only-r006-20260818T024110Z,loan_to_approval,2,47,200,16.339300,
policy_only,6,1,perf-policy_only-r006-20260818T024110Z,loan_to_approval,2,48,200,16.711400,
policy_only,6,1,perf-policy_only-r006-20260818T024110Z,loan_to_approval,2,49,200,17.731500,
policy_only,6,1,perf-policy_only-r006-20260818T024110Z,loan_to_approval,2,50,200,16.163700,
policy_only,6,1,perf-policy_only-r006-20260818T024110Z,loan_to_approval,2,51,200,15.588100,
policy_only,6,1,perf-policy_only-r006-20260818T024110Z,loan_to_approval,2,52,200,16.146900,
policy_only,6,1,perf-policy_only-r006-20260818T024110Z,loan_to_approval,2,53,200,16.143200,
policy_only,6,1,perf-policy_only-r006-20260818T024110Z,loan_to_approval,2,54,200,16.073900,
policy_only,6,1,perf-policy_only-r006-20260818T024110Z,loan_to_approval,2,55,200,16.458200,
policy_only,6,1,perf-policy_only-r006-20260818T024110Z,loan_to_approval,2,56,200,16.841700,
policy_only,6,1,perf-policy_only-r006-20260818T024110Z,loan_to_approval,2,57,200,19.539700,
policy_only,6,1,perf-policy_only-r006-20260818T024110Z,loan_to_approval,2,58,200,16.051300,
policy_only,6,1,perf-policy_only-r006-20260818T024110Z,loan_to_approval,2,59,200,16.335300,
policy_only,6,1,perf-policy_only-r006-20260818T024110Z,loan_to_approval,2,60,200,15.482700,
policy_only,6,1,perf-policy_only-r006-20260818T024110Z,loan_to_approval,2,61,200,16.017600,
policy_only,6,1,perf-policy_only-r006-20260818T024110Z,loan_to_approval,2,62,200,15.898500,
policy_only,6,1,perf-policy_only-r006-20260818T024110Z,loan_to_approval,2,63,200,16.321100,
policy_only,6,1,perf-policy_only-r006-20260818T024110Z,loan_to_approval,2,64,200,15.646100,
policy_only,6,1,perf-policy_only-r006-20260818T024110Z,loan_to_approval,2,65,200,15.045200,
policy_only,6,1,perf-policy_only-r006-20260818T024110Z,loan_to_approval,2,66,200,16.255100,
policy_only,6,1,perf-policy_only-r006-20260818T024110Z,loan_to_approval,2,67,200,16.910400,
policy_only,6,1,perf-policy_only-r006-20260818T024110Z,loan_to_approval,2,68,200,17.099800,
policy_only,6,1,perf-policy_only-r006-20260818T024110Z,loan_to_approval,2,69,200,15.600000,
policy_only,6,1,perf-policy_only-r006-20260818T024110Z,loan_to_approval,2,70,200,15.586600,
policy_only,6,1,perf-policy_only-r006-20260818T024110Z,loan_to_approval,2,71,200,15.666000,
policy_only,6,1,perf-policy_only-r006-20260818T024110Z,loan_to_approval,2,72,200,17.775600,
policy_only,6,1,perf-policy_only-r006-20260818T024110Z,loan_to_approval,2,73,200,17.446500,
policy_only,6,1,perf-policy_only-r006-20260818T024110Z,loan_to_approval,2,74,200,19.040600,
policy_only,6,1,perf-policy_only-r006-20260818T024110Z,loan_to_approval,2,75,200,16.461800,
policy_only,6,1,perf-policy_only-r006-20260818T024110Z,loan_to_approval,2,76,200,16.229500,
policy_only,6,1,perf-policy_only-r006-20260818T024110Z,loan_to_approval,2,77,200,20.170800,
policy_only,6,1,perf-policy_only-r006-20260818T024110Z,loan_to_approval,2,78,200,18.979100,
policy_only,6,1,perf-policy_only-r006-20260818T024110Z,loan_to_approval,2,79,200,18.661900,
policy_only,6,1,perf-policy_only-r006-20260818T024110Z,loan_to_approval,2,80,200,20.033400,
policy_only,6,1,perf-policy_only-r006-20260818T024110Z,loan_to_approval,2,81,200,18.454700,
policy_only,6,1,perf-policy_only-r006-20260818T024110Z,loan_to_approval,2,82,200,18.133400,
policy_only,6,1,perf-policy_only-r006-20260818T024110Z,loan_to_approval,2,83,200,16.175700,
policy_only,6,1,perf-policy_only-r006-20260818T024110Z,loan_to_approval,2,84,200,18.125900,
policy_only,6,1,perf-policy_only-r006-20260818T024110Z,loan_to_approval,2,85,200,17.564300,
policy_only,6,1,perf-policy_only-r006-20260818T024110Z,loan_to_approval,2,86,200,17.836800,
policy_only,6,1,perf-policy_only-r006-20260818T024110Z,loan_to_approval,2,87,200,16.351400,
policy_only,6,1,perf-policy_only-r006-20260818T024110Z,loan_to_approval,2,88,200,16.229200,
policy_only,6,1,perf-policy_only-r006-20260818T024110Z,loan_to_approval,2,89,200,15.775100,
policy_only,6,1,perf-policy_only-r006-20260818T024110Z,loan_to_approval,2,90,200,15.796600,
policy_only,6,1,perf-policy_only-r006-20260818T024110Z,loan_to_approval,2,91,200,16.293400,
policy_only,6,1,perf-policy_only-r006-20260818T024110Z,loan_to_approval,2,92,200,15.555700,
policy_only,6,1,perf-policy_only-r006-20260818T024110Z,loan_to_approval,2,93,200,16.134600,
policy_only,6,1,perf-policy_only-r006-20260818T024110Z,loan_to_approval,2,94,200,16.177100,
policy_only,6,1,perf-policy_only-r006-20260818T024110Z,loan_to_approval,2,95,200,16.946300,
policy_only,6,1,perf-policy_only-r006-20260818T024110Z,loan_to_approval,2,96,200,16.790800,
policy_only,6,1,perf-policy_only-r006-20260818T024110Z,loan_to_approval,2,97,200,17.493800,
policy_only,6,1,perf-policy_only-r006-20260818T024110Z,loan_to_approval,2,98,200,16.334600,
policy_only,6,1,perf-policy_only-r006-20260818T024110Z,loan_to_approval,2,99,200,16.188500,
policy_only,6,1,perf-policy_only-r006-20260818T024110Z,loan_to_approval,2,100,200,17.162900,
policy_only,6,1,perf-policy_only-r006-20260818T024110Z,loan_to_approval,2,101,200,16.947100,
policy_only,6,1,perf-policy_only-r006-20260818T024110Z,loan_to_approval,2,102,200,16.863700,
policy_only,6,1,perf-policy_only-r006-20260818T024110Z,loan_to_approval,2,103,200,16.003500,
policy_only,6,1,perf-policy_only-r006-20260818T024110Z,loan_to_approval,2,104,200,16.101700,
policy_only,6,1,perf-policy_only-r006-20260818T024110Z,loan_to_approval,2,105,200,16.497100,
policy_only,6,1,perf-policy_only-r006-20260818T024110Z,loan_to_approval,2,106,200,16.317100,
policy_only,6,1,perf-policy_only-r006-20260818T024110Z,loan_to_approval,2,107,200,20.123000,
policy_only,6,1,perf-policy_only-r006-20260818T024110Z,loan_to_approval,2,108,200,18.757900,
policy_only,6,1,perf-policy_only-r006-20260818T024110Z,loan_to_approval,2,109,200,17.143500,
policy_only,6,1,perf-policy_only-r006-20260818T024110Z,loan_to_approval,2,110,200,15.654200,
policy_only,6,1,perf-policy_only-r006-20260818T024110Z,loan_to_approval,2,111,200,16.078100,
policy_only,6,1,perf-policy_only-r006-20260818T024110Z,loan_to_approval,2,112,200,16.360900,
policy_only,6,1,perf-policy_only-r006-20260818T024110Z,loan_to_approval,2,113,200,15.643500,
policy_only,6,1,perf-policy_only-r006-20260818T024110Z,loan_to_approval,2,114,200,16.028700,
policy_only,6,1,perf-policy_only-r006-20260818T024110Z,loan_to_approval,2,115,200,16.289300,
policy_only,6,1,perf-policy_only-r006-20260818T024110Z,loan_to_approval,2,116,200,17.123700,
policy_only,6,1,perf-policy_only-r006-20260818T024110Z,loan_to_approval,2,117,200,18.532900,
policy_only,6,1,perf-policy_only-r006-20260818T024110Z,loan_to_approval,2,118,200,20.420700,
policy_only,6,1,perf-policy_only-r006-20260818T024110Z,loan_to_approval,2,119,200,19.146000,
policy_only,6,1,perf-policy_only-r006-20260818T024110Z,loan_to_approval,2,120,200,18.507700,
policy_only,6,1,perf-policy_only-r006-20260818T024110Z,loan_to_approval,2,121,200,18.474200,
policy_only,6,1,perf-policy_only-r006-20260818T024110Z,loan_to_approval,2,122,200,19.713100,
policy_only,6,1,perf-policy_only-r006-20260818T024110Z,loan_to_approval,2,123,200,18.070800,
policy_only,6,1,perf-policy_only-r006-20260818T024110Z,loan_to_approval,2,124,200,17.743800,
policy_only,6,1,perf-policy_only-r006-20260818T024110Z,loan_to_approval,2,125,200,17.265300,
policy_only,6,1,perf-policy_only-r006-20260818T024110Z,loan_to_approval,2,126,200,16.534300,
policy_only,6,1,perf-policy_only-r006-20260818T024110Z,loan_to_approval,2,127,200,15.824500,
policy_only,6,1,perf-policy_only-r006-20260818T024110Z,loan_to_approval,2,128,200,15.977300,
policy_only,6,1,perf-policy_only-r006-20260818T024110Z,loan_to_approval,2,129,200,15.947100,
policy_only,6,1,perf-policy_only-r006-20260818T024110Z,loan_to_approval,2,130,200,16.213600,
policy_only,6,1,perf-policy_only-r006-20260818T024110Z,loan_to_approval,2,131,200,15.768000,
policy_only,6,1,perf-policy_only-r006-20260818T024110Z,loan_to_approval,2,132,200,17.312600,
policy_only,6,1,perf-policy_only-r006-20260818T024110Z,loan_to_approval,2,133,200,18.628900,
policy_only,6,1,perf-policy_only-r006-20260818T024110Z,loan_to_approval,2,134,200,18.393200,
policy_only,6,1,perf-policy_only-r006-20260818T024110Z,loan_to_approval,2,135,200,17.491700,
policy_only,6,1,perf-policy_only-r006-20260818T024110Z,loan_to_approval,2,136,200,17.383300,
policy_only,6,1,perf-policy_only-r006-20260818T024110Z,loan_to_approval,2,137,200,18.024000,
policy_only,6,1,perf-policy_only-r006-20260818T024110Z,loan_to_approval,2,138,200,16.590800,
policy_only,6,1,perf-policy_only-r006-20260818T024110Z,loan_to_approval,2,139,200,15.411500,
policy_only,6,1,perf-policy_only-r006-20260818T024110Z,loan_to_approval,2,140,200,16.153900,
policy_only,6,1,perf-policy_only-r006-20260818T024110Z,loan_to_approval,2,141,200,15.610800,
policy_only,6,1,perf-policy_only-r006-20260818T024110Z,loan_to_approval,2,142,200,16.232500,
policy_only,6,1,perf-policy_only-r006-20260818T024110Z,loan_to_approval,2,143,200,15.447200,
policy_only,6,1,perf-policy_only-r006-20260818T024110Z,loan_to_approval,2,144,200,14.459800,
policy_only,6,1,perf-policy_only-r006-20260818T024110Z,loan_to_approval,2,145,200,16.402500,
policy_only,6,1,perf-policy_only-r006-20260818T024110Z,loan_to_approval,2,146,200,16.409800,
policy_only,6,1,perf-policy_only-r006-20260818T024110Z,loan_to_approval,2,147,200,15.911000,
policy_only,6,1,perf-policy_only-r006-20260818T024110Z,loan_to_approval,2,148,200,17.124300,
policy_only,6,1,perf-policy_only-r006-20260818T024110Z,loan_to_approval,2,149,200,16.203000,
policy_only,6,1,perf-policy_only-r006-20260818T024110Z,loan_to_approval,2,150,200,16.387100,
policy_only,6,1,perf-policy_only-r006-20260818T024110Z,loan_to_approval,2,151,200,16.284200,
policy_only,6,1,perf-policy_only-r006-20260818T024110Z,loan_to_approval,2,152,200,15.889700,
policy_only,6,1,perf-policy_only-r006-20260818T024110Z,loan_to_approval,2,153,200,15.672600,
policy_only,6,1,perf-policy_only-r006-20260818T024110Z,loan_to_approval,2,154,200,16.118900,
policy_only,6,1,perf-policy_only-r006-20260818T024110Z,loan_to_approval,2,155,200,15.939100,
policy_only,6,1,perf-policy_only-r006-20260818T024110Z,loan_to_approval,2,156,200,15.926300,
policy_only,6,1,perf-policy_only-r006-20260818T024110Z,loan_to_approval,2,157,200,15.877500,
policy_only,6,1,perf-policy_only-r006-20260818T024110Z,loan_to_approval,2,158,200,16.469900,
policy_only,6,1,perf-policy_only-r006-20260818T024110Z,loan_to_approval,2,159,200,15.984300,
policy_only,6,1,perf-policy_only-r006-20260818T024110Z,loan_to_approval,2,160,200,16.825500,
policy_only,6,1,perf-policy_only-r006-20260818T024110Z,loan_to_approval,2,161,200,17.914500,
policy_only,6,1,perf-policy_only-r006-20260818T024110Z,loan_to_approval,2,162,200,16.369000,
policy_only,6,1,perf-policy_only-r006-20260818T024110Z,loan_to_approval,2,163,200,15.988900,
policy_only,6,1,perf-policy_only-r006-20260818T024110Z,loan_to_approval,2,164,200,15.901900,
policy_only,6,1,perf-policy_only-r006-20260818T024110Z,loan_to_approval,2,165,200,17.129300,
policy_only,6,1,perf-policy_only-r006-20260818T024110Z,loan_to_approval,2,166,200,15.392400,
policy_only,6,1,perf-policy_only-r006-20260818T024110Z,loan_to_approval,2,167,200,16.140700,
policy_only,6,1,perf-policy_only-r006-20260818T024110Z,loan_to_approval,2,168,200,15.780200,
policy_only,6,1,perf-policy_only-r006-20260818T024110Z,loan_to_approval,2,169,200,16.261300,
policy_only,6,1,perf-policy_only-r006-20260818T024110Z,loan_to_approval,2,170,200,15.784100,
policy_only,6,1,perf-policy_only-r006-20260818T024110Z,loan_to_approval,2,171,200,16.633200,
policy_only,6,1,perf-policy_only-r006-20260818T024110Z,loan_to_approval,2,172,200,16.167900,
policy_only,6,1,perf-policy_only-r006-20260818T024110Z,loan_to_approval,2,173,200,15.736400,
policy_only,6,1,perf-policy_only-r006-20260818T024110Z,loan_to_approval,2,174,200,16.127700,
policy_only,6,1,perf-policy_only-r006-20260818T024110Z,loan_to_approval,2,175,200,16.245100,
policy_only,6,1,perf-policy_only-r006-20260818T024110Z,loan_to_approval,2,176,200,15.760000,
policy_only,6,1,perf-policy_only-r006-20260818T024110Z,loan_to_approval,2,177,200,16.607600,
policy_only,6,1,perf-policy_only-r006-20260818T024110Z,loan_to_approval,2,178,200,16.776800,
policy_only,6,1,perf-policy_only-r006-20260818T024110Z,loan_to_approval,2,179,200,17.391400,
policy_only,6,1,perf-policy_only-r006-20260818T024110Z,loan_to_approval,2,180,200,16.487200,
policy_only,6,1,perf-policy_only-r006-20260818T024110Z,loan_to_approval,2,181,200,16.159500,
policy_only,6,1,perf-policy_only-r006-20260818T024110Z,loan_to_approval,2,182,200,16.630300,
policy_only,6,1,perf-policy_only-r006-20260818T024110Z,loan_to_approval,2,183,200,16.098100,
policy_only,6,1,perf-policy_only-r006-20260818T024110Z,loan_to_approval,2,184,200,16.202500,
policy_only,6,1,perf-policy_only-r006-20260818T024110Z,loan_to_approval,2,185,200,16.701300,
policy_only,6,1,perf-policy_only-r006-20260818T024110Z,loan_to_approval,2,186,200,16.052700,
policy_only,6,1,perf-policy_only-r006-20260818T024110Z,loan_to_approval,2,187,200,16.091900,
policy_only,6,1,perf-policy_only-r006-20260818T024110Z,loan_to_approval,2,188,200,16.690900,
policy_only,6,1,perf-policy_only-r006-20260818T024110Z,loan_to_approval,2,189,200,16.203700,
policy_only,6,1,perf-policy_only-r006-20260818T024110Z,loan_to_approval,2,190,200,17.020500,
policy_only,6,1,perf-policy_only-r006-20260818T024110Z,loan_to_approval,2,191,200,15.635600,
policy_only,6,1,perf-policy_only-r006-20260818T024110Z,loan_to_approval,2,192,200,16.584300,
policy_only,6,1,perf-policy_only-r006-20260818T024110Z,loan_to_approval,2,193,200,16.535400,
policy_only,6,1,perf-policy_only-r006-20260818T024110Z,loan_to_approval,2,194,200,15.805000,
policy_only,6,1,perf-policy_only-r006-20260818T024110Z,loan_to_approval,2,195,200,16.038400,
policy_only,6,1,perf-policy_only-r006-20260818T024110Z,loan_to_approval,2,196,200,16.065900,
policy_only,6,1,perf-policy_only-r006-20260818T024110Z,loan_to_approval,2,197,200,15.932500,
policy_only,6,1,perf-policy_only-r006-20260818T024110Z,loan_to_approval,2,198,200,14.891800,
policy_only,6,1,perf-policy_only-r006-20260818T024110Z,loan_to_approval,2,199,200,16.167500,
policy_only,6,1,perf-policy_only-r006-20260818T024110Z,loan_to_approval,2,200,200,15.896700,
policy_only,6,1,perf-policy_only-r006-20260818T024110Z,loan_to_approval,3,1,200,15.948700,
policy_only,6,1,perf-policy_only-r006-20260818T024110Z,loan_to_approval,3,2,200,15.312700,
policy_only,6,1,perf-policy_only-r006-20260818T024110Z,loan_to_approval,3,3,200,15.570200,
policy_only,6,1,perf-policy_only-r006-20260818T024110Z,loan_to_approval,3,4,200,16.351200,
policy_only,6,1,perf-policy_only-r006-20260818T024110Z,loan_to_approval,3,5,200,16.716500,
policy_only,6,1,perf-policy_only-r006-20260818T024110Z,loan_to_approval,3,6,200,16.058100,
policy_only,6,1,perf-policy_only-r006-20260818T024110Z,loan_to_approval,3,7,200,15.684200,
policy_only,6,1,perf-policy_only-r006-20260818T024110Z,loan_to_approval,3,8,200,16.156300,
policy_only,6,1,perf-policy_only-r006-20260818T024110Z,loan_to_approval,3,9,200,16.158200,
policy_only,6,1,perf-policy_only-r006-20260818T024110Z,loan_to_approval,3,10,200,15.802900,
policy_only,6,1,perf-policy_only-r006-20260818T024110Z,loan_to_approval,3,11,200,17.332000,
policy_only,6,1,perf-policy_only-r006-20260818T024110Z,loan_to_approval,3,12,200,16.863700,
policy_only,6,1,perf-policy_only-r006-20260818T024110Z,loan_to_approval,3,13,200,16.322500,
policy_only,6,1,perf-policy_only-r006-20260818T024110Z,loan_to_approval,3,14,200,16.737400,
policy_only,6,1,perf-policy_only-r006-20260818T024110Z,loan_to_approval,3,15,200,16.273900,
policy_only,6,1,perf-policy_only-r006-20260818T024110Z,loan_to_approval,3,16,200,16.594300,
policy_only,6,1,perf-policy_only-r006-20260818T024110Z,loan_to_approval,3,17,200,17.081100,
policy_only,6,1,perf-policy_only-r006-20260818T024110Z,loan_to_approval,3,18,200,15.753700,
policy_only,6,1,perf-policy_only-r006-20260818T024110Z,loan_to_approval,3,19,200,15.884300,
policy_only,6,1,perf-policy_only-r006-20260818T024110Z,loan_to_approval,3,20,200,16.293800,
policy_only,6,1,perf-policy_only-r006-20260818T024110Z,loan_to_approval,3,21,200,15.737500,
policy_only,6,1,perf-policy_only-r006-20260818T024110Z,loan_to_approval,3,22,200,15.931700,
policy_only,6,1,perf-policy_only-r006-20260818T024110Z,loan_to_approval,3,23,200,17.039900,
policy_only,6,1,perf-policy_only-r006-20260818T024110Z,loan_to_approval,3,24,200,19.288000,
policy_only,6,1,perf-policy_only-r006-20260818T024110Z,loan_to_approval,3,25,200,17.120800,
policy_only,6,1,perf-policy_only-r006-20260818T024110Z,loan_to_approval,3,26,200,16.630300,
policy_only,6,1,perf-policy_only-r006-20260818T024110Z,loan_to_approval,3,27,200,16.187300,
policy_only,6,1,perf-policy_only-r006-20260818T024110Z,loan_to_approval,3,28,200,16.464100,
policy_only,6,1,perf-policy_only-r006-20260818T024110Z,loan_to_approval,3,29,200,16.056100,
policy_only,6,1,perf-policy_only-r006-20260818T024110Z,loan_to_approval,3,30,200,16.084600,
policy_only,6,1,perf-policy_only-r006-20260818T024110Z,loan_to_approval,3,31,200,15.951700,
policy_only,6,1,perf-policy_only-r006-20260818T024110Z,loan_to_approval,3,32,200,15.856800,
policy_only,6,1,perf-policy_only-r006-20260818T024110Z,loan_to_approval,3,33,200,16.153500,
policy_only,6,1,perf-policy_only-r006-20260818T024110Z,loan_to_approval,3,34,200,16.049500,
policy_only,6,1,perf-policy_only-r006-20260818T024110Z,loan_to_approval,3,35,200,16.091000,
policy_only,6,1,perf-policy_only-r006-20260818T024110Z,loan_to_approval,3,36,200,15.619300,
policy_only,6,1,perf-policy_only-r006-20260818T024110Z,loan_to_approval,3,37,200,16.331700,
policy_only,6,1,perf-policy_only-r006-20260818T024110Z,loan_to_approval,3,38,200,15.874500,
policy_only,6,1,perf-policy_only-r006-20260818T024110Z,loan_to_approval,3,39,200,15.744200,
policy_only,6,1,perf-policy_only-r006-20260818T024110Z,loan_to_approval,3,40,200,15.882900,
policy_only,6,1,perf-policy_only-r006-20260818T024110Z,loan_to_approval,3,41,200,16.034900,
policy_only,6,1,perf-policy_only-r006-20260818T024110Z,loan_to_approval,3,42,200,16.309400,
policy_only,6,1,perf-policy_only-r006-20260818T024110Z,loan_to_approval,3,43,200,17.222100,
policy_only,6,1,perf-policy_only-r006-20260818T024110Z,loan_to_approval,3,44,200,15.928000,
policy_only,6,1,perf-policy_only-r006-20260818T024110Z,loan_to_approval,3,45,200,15.922500,
policy_only,6,1,perf-policy_only-r006-20260818T024110Z,loan_to_approval,3,46,200,16.765000,
policy_only,6,1,perf-policy_only-r006-20260818T024110Z,loan_to_approval,3,47,200,15.941800,
policy_only,6,1,perf-policy_only-r006-20260818T024110Z,loan_to_approval,3,48,200,16.318300,
policy_only,6,1,perf-policy_only-r006-20260818T024110Z,loan_to_approval,3,49,200,17.007700,
policy_only,6,1,perf-policy_only-r006-20260818T024110Z,loan_to_approval,3,50,200,15.618700,
policy_only,6,1,perf-policy_only-r006-20260818T024110Z,loan_to_approval,3,51,200,16.334000,
policy_only,6,1,perf-policy_only-r006-20260818T024110Z,loan_to_approval,3,52,200,15.747800,
policy_only,6,1,perf-policy_only-r006-20260818T024110Z,loan_to_approval,3,53,200,15.972100,
policy_only,6,1,perf-policy_only-r006-20260818T024110Z,loan_to_approval,3,54,200,15.698300,
policy_only,6,1,perf-policy_only-r006-20260818T024110Z,loan_to_approval,3,55,200,18.449700,
policy_only,6,1,perf-policy_only-r006-20260818T024110Z,loan_to_approval,3,56,200,16.730300,
policy_only,6,1,perf-policy_only-r006-20260818T024110Z,loan_to_approval,3,57,200,17.304600,
policy_only,6,1,perf-policy_only-r006-20260818T024110Z,loan_to_approval,3,58,200,15.731700,
policy_only,6,1,perf-policy_only-r006-20260818T024110Z,loan_to_approval,3,59,200,15.919100,
policy_only,6,1,perf-policy_only-r006-20260818T024110Z,loan_to_approval,3,60,200,15.953200,
policy_only,6,1,perf-policy_only-r006-20260818T024110Z,loan_to_approval,3,61,200,15.941000,
policy_only,6,1,perf-policy_only-r006-20260818T024110Z,loan_to_approval,3,62,200,16.103800,
policy_only,6,1,perf-policy_only-r006-20260818T024110Z,loan_to_approval,3,63,200,15.701800,
policy_only,6,1,perf-policy_only-r006-20260818T024110Z,loan_to_approval,3,64,200,16.120300,
policy_only,6,1,perf-policy_only-r006-20260818T024110Z,loan_to_approval,3,65,200,15.897200,
policy_only,6,1,perf-policy_only-r006-20260818T024110Z,loan_to_approval,3,66,200,16.007200,
policy_only,6,1,perf-policy_only-r006-20260818T024110Z,loan_to_approval,3,67,200,15.968100,
policy_only,6,1,perf-policy_only-r006-20260818T024110Z,loan_to_approval,3,68,200,15.968900,
policy_only,6,1,perf-policy_only-r006-20260818T024110Z,loan_to_approval,3,69,200,16.243500,
policy_only,6,1,perf-policy_only-r006-20260818T024110Z,loan_to_approval,3,70,200,16.014700,
policy_only,6,1,perf-policy_only-r006-20260818T024110Z,loan_to_approval,3,71,200,16.021200,
policy_only,6,1,perf-policy_only-r006-20260818T024110Z,loan_to_approval,3,72,200,15.893600,
policy_only,6,1,perf-policy_only-r006-20260818T024110Z,loan_to_approval,3,73,200,15.943000,
policy_only,6,1,perf-policy_only-r006-20260818T024110Z,loan_to_approval,3,74,200,16.026100,
policy_only,6,1,perf-policy_only-r006-20260818T024110Z,loan_to_approval,3,75,200,15.769700,
policy_only,6,1,perf-policy_only-r006-20260818T024110Z,loan_to_approval,3,76,200,16.843100,
policy_only,6,1,perf-policy_only-r006-20260818T024110Z,loan_to_approval,3,77,200,15.994000,
policy_only,6,1,perf-policy_only-r006-20260818T024110Z,loan_to_approval,3,78,200,16.264700,
policy_only,6,1,perf-policy_only-r006-20260818T024110Z,loan_to_approval,3,79,200,17.196000,
policy_only,6,1,perf-policy_only-r006-20260818T024110Z,loan_to_approval,3,80,200,17.026100,
policy_only,6,1,perf-policy_only-r006-20260818T024110Z,loan_to_approval,3,81,200,16.975200,
policy_only,6,1,perf-policy_only-r006-20260818T024110Z,loan_to_approval,3,82,200,16.385300,
policy_only,6,1,perf-policy_only-r006-20260818T024110Z,loan_to_approval,3,83,200,15.897300,
policy_only,6,1,perf-policy_only-r006-20260818T024110Z,loan_to_approval,3,84,200,16.564200,
policy_only,6,1,perf-policy_only-r006-20260818T024110Z,loan_to_approval,3,85,200,15.618300,
policy_only,6,1,perf-policy_only-r006-20260818T024110Z,loan_to_approval,3,86,200,16.028300,
policy_only,6,1,perf-policy_only-r006-20260818T024110Z,loan_to_approval,3,87,200,16.011100,
policy_only,6,1,perf-policy_only-r006-20260818T024110Z,loan_to_approval,3,88,200,14.735400,
policy_only,6,1,perf-policy_only-r006-20260818T024110Z,loan_to_approval,3,89,200,17.877300,
policy_only,6,1,perf-policy_only-r006-20260818T024110Z,loan_to_approval,3,90,200,16.950300,
policy_only,6,1,perf-policy_only-r006-20260818T024110Z,loan_to_approval,3,91,200,17.554900,
policy_only,6,1,perf-policy_only-r006-20260818T024110Z,loan_to_approval,3,92,200,16.898900,
policy_only,6,1,perf-policy_only-r006-20260818T024110Z,loan_to_approval,3,93,200,18.786900,
policy_only,6,1,perf-policy_only-r006-20260818T024110Z,loan_to_approval,3,94,200,16.784100,
policy_only,6,1,perf-policy_only-r006-20260818T024110Z,loan_to_approval,3,95,200,15.925400,
policy_only,6,1,perf-policy_only-r006-20260818T024110Z,loan_to_approval,3,96,200,15.453000,
policy_only,6,1,perf-policy_only-r006-20260818T024110Z,loan_to_approval,3,97,200,15.957000,
policy_only,6,1,perf-policy_only-r006-20260818T024110Z,loan_to_approval,3,98,200,16.362500,
policy_only,6,1,perf-policy_only-r006-20260818T024110Z,loan_to_approval,3,99,200,15.685800,
policy_only,6,1,perf-policy_only-r006-20260818T024110Z,loan_to_approval,3,100,200,15.463500,
policy_only,6,1,perf-policy_only-r006-20260818T024110Z,loan_to_approval,3,101,200,16.834900,
policy_only,6,1,perf-policy_only-r006-20260818T024110Z,loan_to_approval,3,102,200,16.354900,
policy_only,6,1,perf-policy_only-r006-20260818T024110Z,loan_to_approval,3,103,200,16.401200,
policy_only,6,1,perf-policy_only-r006-20260818T024110Z,loan_to_approval,3,104,200,15.386400,
policy_only,6,1,perf-policy_only-r006-20260818T024110Z,loan_to_approval,3,105,200,15.815700,
policy_only,6,1,perf-policy_only-r006-20260818T024110Z,loan_to_approval,3,106,200,16.487700,
policy_only,6,1,perf-policy_only-r006-20260818T024110Z,loan_to_approval,3,107,200,16.994400,
policy_only,6,1,perf-policy_only-r006-20260818T024110Z,loan_to_approval,3,108,200,15.934200,
policy_only,6,1,perf-policy_only-r006-20260818T024110Z,loan_to_approval,3,109,200,16.030100,
policy_only,6,1,perf-policy_only-r006-20260818T024110Z,loan_to_approval,3,110,200,17.333600,
policy_only,6,1,perf-policy_only-r006-20260818T024110Z,loan_to_approval,3,111,200,16.360600,
policy_only,6,1,perf-policy_only-r006-20260818T024110Z,loan_to_approval,3,112,200,16.010900,
policy_only,6,1,perf-policy_only-r006-20260818T024110Z,loan_to_approval,3,113,200,16.882100,
policy_only,6,1,perf-policy_only-r006-20260818T024110Z,loan_to_approval,3,114,200,16.220500,
policy_only,6,1,perf-policy_only-r006-20260818T024110Z,loan_to_approval,3,115,200,15.611700,
policy_only,6,1,perf-policy_only-r006-20260818T024110Z,loan_to_approval,3,116,200,16.180600,
policy_only,6,1,perf-policy_only-r006-20260818T024110Z,loan_to_approval,3,117,200,19.017000,
policy_only,6,1,perf-policy_only-r006-20260818T024110Z,loan_to_approval,3,118,200,15.833400,
policy_only,6,1,perf-policy_only-r006-20260818T024110Z,loan_to_approval,3,119,200,15.826900,
policy_only,6,1,perf-policy_only-r006-20260818T024110Z,loan_to_approval,3,120,200,16.281300,
policy_only,6,1,perf-policy_only-r006-20260818T024110Z,loan_to_approval,3,121,200,16.028400,
policy_only,6,1,perf-policy_only-r006-20260818T024110Z,loan_to_approval,3,122,200,16.005100,
policy_only,6,1,perf-policy_only-r006-20260818T024110Z,loan_to_approval,3,123,200,15.667000,
policy_only,6,1,perf-policy_only-r006-20260818T024110Z,loan_to_approval,3,124,200,16.456600,
policy_only,6,1,perf-policy_only-r006-20260818T024110Z,loan_to_approval,3,125,200,17.068600,
policy_only,6,1,perf-policy_only-r006-20260818T024110Z,loan_to_approval,3,126,200,15.544500,
policy_only,6,1,perf-policy_only-r006-20260818T024110Z,loan_to_approval,3,127,200,16.104500,
policy_only,6,1,perf-policy_only-r006-20260818T024110Z,loan_to_approval,3,128,200,15.687900,
policy_only,6,1,perf-policy_only-r006-20260818T024110Z,loan_to_approval,3,129,200,16.125100,
policy_only,6,1,perf-policy_only-r006-20260818T024110Z,loan_to_approval,3,130,200,15.916700,
policy_only,6,1,perf-policy_only-r006-20260818T024110Z,loan_to_approval,3,131,200,15.928800,
policy_only,6,1,perf-policy_only-r006-20260818T024110Z,loan_to_approval,3,132,200,16.166400,
policy_only,6,1,perf-policy_only-r006-20260818T024110Z,loan_to_approval,3,133,200,16.106800,
policy_only,6,1,perf-policy_only-r006-20260818T024110Z,loan_to_approval,3,134,200,15.764900,
policy_only,6,1,perf-policy_only-r006-20260818T024110Z,loan_to_approval,3,135,200,16.141400,
policy_only,6,1,perf-policy_only-r006-20260818T024110Z,loan_to_approval,3,136,200,15.904600,
policy_only,6,1,perf-policy_only-r006-20260818T024110Z,loan_to_approval,3,137,200,16.214800,
policy_only,6,1,perf-policy_only-r006-20260818T024110Z,loan_to_approval,3,138,200,16.026400,
policy_only,6,1,perf-policy_only-r006-20260818T024110Z,loan_to_approval,3,139,200,19.898300,
policy_only,6,1,perf-policy_only-r006-20260818T024110Z,loan_to_approval,3,140,200,20.393500,
policy_only,6,1,perf-policy_only-r006-20260818T024110Z,loan_to_approval,3,141,200,16.523400,
policy_only,6,1,perf-policy_only-r006-20260818T024110Z,loan_to_approval,3,142,200,16.160700,
policy_only,6,1,perf-policy_only-r006-20260818T024110Z,loan_to_approval,3,143,200,16.128800,
policy_only,6,1,perf-policy_only-r006-20260818T024110Z,loan_to_approval,3,144,200,16.846600,
policy_only,6,1,perf-policy_only-r006-20260818T024110Z,loan_to_approval,3,145,200,16.716100,
policy_only,6,1,perf-policy_only-r006-20260818T024110Z,loan_to_approval,3,146,200,16.257300,
policy_only,6,1,perf-policy_only-r006-20260818T024110Z,loan_to_approval,3,147,200,16.481100,
policy_only,6,1,perf-policy_only-r006-20260818T024110Z,loan_to_approval,3,148,200,15.912800,
policy_only,6,1,perf-policy_only-r006-20260818T024110Z,loan_to_approval,3,149,200,16.218400,
policy_only,6,1,perf-policy_only-r006-20260818T024110Z,loan_to_approval,3,150,200,15.791800,
policy_only,6,1,perf-policy_only-r006-20260818T024110Z,loan_to_approval,3,151,200,16.518900,
policy_only,6,1,perf-policy_only-r006-20260818T024110Z,loan_to_approval,3,152,200,15.205700,
policy_only,6,1,perf-policy_only-r006-20260818T024110Z,loan_to_approval,3,153,200,16.335100,
policy_only,6,1,perf-policy_only-r006-20260818T024110Z,loan_to_approval,3,154,200,16.311200,
policy_only,6,1,perf-policy_only-r006-20260818T024110Z,loan_to_approval,3,155,200,16.355500,
policy_only,6,1,perf-policy_only-r006-20260818T024110Z,loan_to_approval,3,156,200,16.485200,
policy_only,6,1,perf-policy_only-r006-20260818T024110Z,loan_to_approval,3,157,200,15.953400,
policy_only,6,1,perf-policy_only-r006-20260818T024110Z,loan_to_approval,3,158,200,15.767400,
policy_only,6,1,perf-policy_only-r006-20260818T024110Z,loan_to_approval,3,159,200,16.226400,
policy_only,6,1,perf-policy_only-r006-20260818T024110Z,loan_to_approval,3,160,200,15.991200,
policy_only,6,1,perf-policy_only-r006-20260818T024110Z,loan_to_approval,3,161,200,17.298700,
policy_only,6,1,perf-policy_only-r006-20260818T024110Z,loan_to_approval,3,162,200,16.890500,
policy_only,6,1,perf-policy_only-r006-20260818T024110Z,loan_to_approval,3,163,200,17.490300,
policy_only,6,1,perf-policy_only-r006-20260818T024110Z,loan_to_approval,3,164,200,17.510600,
policy_only,6,1,perf-policy_only-r006-20260818T024110Z,loan_to_approval,3,165,200,17.867000,
policy_only,6,1,perf-policy_only-r006-20260818T024110Z,loan_to_approval,3,166,200,17.005000,
policy_only,6,1,perf-policy_only-r006-20260818T024110Z,loan_to_approval,3,167,200,16.902800,
policy_only,6,1,perf-policy_only-r006-20260818T024110Z,loan_to_approval,3,168,200,17.365100,
policy_only,6,1,perf-policy_only-r006-20260818T024110Z,loan_to_approval,3,169,200,16.355500,
policy_only,6,1,perf-policy_only-r006-20260818T024110Z,loan_to_approval,3,170,200,17.642900,
policy_only,6,1,perf-policy_only-r006-20260818T024110Z,loan_to_approval,3,171,200,17.944300,
policy_only,6,1,perf-policy_only-r006-20260818T024110Z,loan_to_approval,3,172,200,17.728300,
policy_only,6,1,perf-policy_only-r006-20260818T024110Z,loan_to_approval,3,173,200,16.644400,
policy_only,6,1,perf-policy_only-r006-20260818T024110Z,loan_to_approval,3,174,200,16.202100,
policy_only,6,1,perf-policy_only-r006-20260818T024110Z,loan_to_approval,3,175,200,17.209900,
policy_only,6,1,perf-policy_only-r006-20260818T024110Z,loan_to_approval,3,176,200,16.612900,
policy_only,6,1,perf-policy_only-r006-20260818T024110Z,loan_to_approval,3,177,200,17.021500,
policy_only,6,1,perf-policy_only-r006-20260818T024110Z,loan_to_approval,3,178,200,17.717200,
policy_only,6,1,perf-policy_only-r006-20260818T024110Z,loan_to_approval,3,179,200,18.649800,
policy_only,6,1,perf-policy_only-r006-20260818T024110Z,loan_to_approval,3,180,200,16.809200,
policy_only,6,1,perf-policy_only-r006-20260818T024110Z,loan_to_approval,3,181,200,17.137300,
policy_only,6,1,perf-policy_only-r006-20260818T024110Z,loan_to_approval,3,182,200,16.689100,
policy_only,6,1,perf-policy_only-r006-20260818T024110Z,loan_to_approval,3,183,200,21.442600,
policy_only,6,1,perf-policy_only-r006-20260818T024110Z,loan_to_approval,3,184,200,19.543200,
policy_only,6,1,perf-policy_only-r006-20260818T024110Z,loan_to_approval,3,185,200,19.543300,
policy_only,6,1,perf-policy_only-r006-20260818T024110Z,loan_to_approval,3,186,200,18.216500,
policy_only,6,1,perf-policy_only-r006-20260818T024110Z,loan_to_approval,3,187,200,20.531800,
policy_only,6,1,perf-policy_only-r006-20260818T024110Z,loan_to_approval,3,188,200,17.743900,
policy_only,6,1,perf-policy_only-r006-20260818T024110Z,loan_to_approval,3,189,200,17.068000,
policy_only,6,1,perf-policy_only-r006-20260818T024110Z,loan_to_approval,3,190,200,17.890500,
policy_only,6,1,perf-policy_only-r006-20260818T024110Z,loan_to_approval,3,191,200,17.144000,
policy_only,6,1,perf-policy_only-r006-20260818T024110Z,loan_to_approval,3,192,200,18.432300,
policy_only,6,1,perf-policy_only-r006-20260818T024110Z,loan_to_approval,3,193,200,17.267000,
policy_only,6,1,perf-policy_only-r006-20260818T024110Z,loan_to_approval,3,194,200,17.413100,
policy_only,6,1,perf-policy_only-r006-20260818T024110Z,loan_to_approval,3,195,200,17.805000,
policy_only,6,1,perf-policy_only-r006-20260818T024110Z,loan_to_approval,3,196,200,17.968000,
policy_only,6,1,perf-policy_only-r006-20260818T024110Z,loan_to_approval,3,197,200,18.027900,
policy_only,6,1,perf-policy_only-r006-20260818T024110Z,loan_to_approval,3,198,200,16.135700,
policy_only,6,1,perf-policy_only-r006-20260818T024110Z,loan_to_approval,3,199,200,17.700100,
policy_only,6,1,perf-policy_only-r006-20260818T024110Z,loan_to_approval,3,200,200,17.033200,
