mode,round_id,order_position,experiment_run_id,flow,batch_id,request_id,status_code,latency_ms,error
policy_only,8,3,perf-policy_only-r008-20260818T053210Z,loan_to_customer,1,1,200,13.853400,
policy_only,8,3,perf-policy_only-r008-20260818T053210Z,loan_to_customer,1,2,200,14.582000,
policy_only,8,3,perf-policy_only-r008-20260818T053210Z,loan_to_customer,1,3,200,14.425800,
policy_only,8,3,perf-policy_only-r008-20260818T053210Z,loan_to_customer,1,4,200,14.672100,
policy_only,8,3,perf-policy_only-r008-20260818T053210Z,loan_to_customer,1,5,200,15.138500,
policy_only,8,3,perf-policy_only-r008-20260818T053210Z,loan_to_customer,1,6,200,14.556000,
policy_only,8,3,perf-policy_only-r008-20260818T053210Z,loan_to_customer,1,7,200,15.041500,
policy_only,8,3,perf-policy_only-r008-20260818T053210Z,loan_to_customer,1,8,200,14.088200,
policy_only,8,3,perf-policy_only-r008-20260818T053210Z,loan_to_customer,1,9,200,14.404200,
policy_only,8,3,perf-policy_only-r008-20260818T053210Z,loan_to_customer,1,10,200,14.459500,
policy_only,8,3,perf-policy_only-r008-20260818T053210Z,loan_to_customer,1,11,200,14.108500,
policy_only,8,3,perf-policy_only-r008-20260818T053210Z,loan_to_customer,1,12,200,14.512700,
policy_only,8,3,perf-policy_only-r008-20260818T053210Z,loan_to_customer,1,13,200,14.393400,
policy_only,8,3,perf-policy_only-r008-20260818T053210Z,loan_to_customer,1,14,200,14.686500,
policy_only,8,3,perf-policy_only-r008-20260818T053210Z,loan_to_customer,1,15,200,14.006000,
policy_only,8,3,perf-policy_only-r008-20260818T053210Z,loan_to_customer,1,16,200,14.544200,
policy_only,8,3,perf-policy_only-r008-20260818T053210Z,loan_to_customer,1,17,200,14.304100,
policy_only,8,3,perf-policy_only-r008-20260818T053210Z,loan_to_customer,1,18,200,14.466000,
policy_only,8,3,perf-policy_only-r008-20260818T053210Z,loan_to_customer,1,19,200,14.345600,
policy_only,8,3,perf-policy_only-r008-20260818T053210Z,loan_to_customer,1,20,200,15.007800,
policy_only,8,3,perf-policy_only-r008-20260818T053210Z,loan_to_customer,1,21,200,15.207000,
policy_only,8,3,perf-policy_only-r008-20260818T053210Z,loan_to_customer,1,22,200,14.622800,
policy_only,8,3,perf-policy_only-r008-20260818T053210Z,loan_to_customer,1,23,200,15.382500,
policy_only,8,3,perf-policy_only-r008-20260818T053210Z,loan_to_customer,1,24,200,16.794700,
policy_only,8,3,perf-policy_only-r008-20260818T053210Z,loan_to_customer,1,25,200,15.416100,
policy_only,8,3,perf-policy_only-r008-20260818T053210Z,loan_to_customer,1,26,200,15.256900,
policy_only,8,3,perf-policy_only-r008-20260818T053210Z,loan_to_customer,1,27,200,14.597100,
policy_only,8,3,perf-policy_only-r008-20260818T053210Z,loan_to_customer,1,28,200,14.588600,
policy_only,8,3,perf-policy_only-r008-20260818T053210Z,loan_to_customer,1,29,200,14.236500,
policy_only,8,3,perf-policy_only-r008-20260818T053210Z,loan_to_customer,1,30,200,14.341400,
policy_only,8,3,perf-policy_only-r008-20260818T053210Z,loan_to_customer,1,31,200,14.493000,
policy_only,8,3,perf-policy_only-r008-20260818T053210Z,loan_to_customer,1,32,200,14.017400,
policy_only,8,3,perf-policy_only-r008-20260818T053210Z,loan_to_customer,1,33,200,14.104700,
policy_only,8,3,perf-policy_only-r008-20260818T053210Z,loan_to_customer,1,34,200,13.636100,
policy_only,8,3,perf-policy_only-r008-20260818T053210Z,loan_to_customer,1,35,200,14.411300,
policy_only,8,3,perf-policy_only-r008-20260818T053210Z,loan_to_customer,1,36,200,13.371600,
policy_only,8,3,perf-policy_only-r008-20260818T053210Z,loan_to_customer,1,37,200,14.377000,
policy_only,8,3,perf-policy_only-r008-20260818T053210Z,loan_to_customer,1,38,200,15.180300,
policy_only,8,3,perf-policy_only-r008-20260818T053210Z,loan_to_customer,1,39,200,14.741900,
policy_only,8,3,perf-policy_only-r008-20260818T053210Z,loan_to_customer,1,40,200,14.833600,
policy_only,8,3,perf-policy_only-r008-20260818T053210Z,loan_to_customer,1,41,200,14.775500,
policy_only,8,3,perf-policy_only-r008-20260818T053210Z,loan_to_customer,1,42,200,14.474300,
policy_only,8,3,perf-policy_only-r008-20260818T053210Z,loan_to_customer,1,43,200,14.983400,
policy_only,8,3,perf-policy_only-r008-20260818T053210Z,loan_to_customer,1,44,200,13.952800,
policy_only,8,3,perf-policy_only-r008-20260818T053210Z,loan_to_customer,1,45,200,14.923400,
policy_only,8,3,perf-policy_only-r008-20260818T053210Z,loan_to_customer,1,46,200,14.276200,
policy_only,8,3,perf-policy_only-r008-20260818T053210Z,loan_to_customer,1,47,200,13.809500,
policy_only,8,3,perf-policy_only-r008-20260818T053210Z,loan_to_customer,1,48,200,14.743600,
policy_only,8,3,perf-policy_only-r008-20260818T053210Z,loan_to_customer,1,49,200,14.335400,
policy_only,8,3,perf-policy_only-r008-20260818T053210Z,loan_to_customer,1,50,200,14.601400,
policy_only,8,3,perf-policy_only-r008-20260818T053210Z,loan_to_customer,1,51,200,14.944800,
policy_only,8,3,perf-policy_only-r008-20260818T053210Z,loan_to_customer,1,52,200,14.736900,
policy_only,8,3,perf-policy_only-r008-20260818T053210Z,loan_to_customer,1,53,200,14.233100,
policy_only,8,3,perf-policy_only-r008-20260818T053210Z,loan_to_customer,1,54,200,15.036400,
policy_only,8,3,perf-policy_only-r008-20260818T053210Z,loan_to_customer,1,55,200,14.896600,
policy_only,8,3,perf-policy_only-r008-20260818T053210Z,loan_to_customer,1,56,200,14.674800,
policy_only,8,3,perf-policy_only-r008-20260818T053210Z,loan_to_customer,1,57,200,15.719100,
policy_only,8,3,perf-policy_only-r008-20260818T053210Z,loan_to_customer,1,58,200,15.313600,
policy_only,8,3,perf-policy_only-r008-20260818T053210Z,loan_to_customer,1,59,200,15.363500,
policy_only,8,3,perf-policy_only-r008-20260818T053210Z,loan_to_customer,1,60,200,15.398700,
policy_only,8,3,perf-policy_only-r008-20260818T053210Z,loan_to_customer,1,61,200,15.519100,
policy_only,8,3,perf-policy_only-r008-20260818T053210Z,loan_to_customer,1,62,200,14.992900,
policy_only,8,3,perf-policy_only-r008-20260818T053210Z,loan_to_customer,1,63,200,15.122700,
policy_only,8,3,perf-policy_only-r008-20260818T053210Z,loan_to_customer,1,64,200,15.193000,
policy_only,8,3,perf-policy_only-r008-20260818T053210Z,loan_to_customer,1,65,200,14.744500,
policy_only,8,3,perf-policy_only-r008-20260818T053210Z,loan_to_customer,1,66,200,15.427600,
policy_only,8,3,perf-policy_only-r008-20260818T053210Z,loan_to_customer,1,67,200,15.500500,
policy_only,8,3,perf-policy_only-r008-20260818T053210Z,loan_to_customer,1,68,200,14.904300,
policy_only,8,3,perf-policy_only-r008-20260818T053210Z,loan_to_customer,1,69,200,15.601600,
policy_only,8,3,perf-policy_only-r008-20260818T053210Z,loan_to_customer,1,70,200,14.828200,
policy_only,8,3,perf-policy_only-r008-20260818T053210Z,loan_to_customer,1,71,200,14.550900,
policy_only,8,3,perf-policy_only-r008-20260818T053210Z,loan_to_customer,1,72,200,14.872100,
policy_only,8,3,perf-policy_only-r008-20260818T053210Z,loan_to_customer,1,73,200,14.924000,
policy_only,8,3,perf-policy_only-r008-20260818T053210Z,loan_to_customer,1,74,200,14.093800,
policy_only,8,3,perf-policy_only-r008-20260818T053210Z,loan_to_customer,1,75,200,15.170800,
policy_only,8,3,perf-policy_only-r008-20260818T053210Z,loan_to_customer,1,76,200,15.254500,
policy_only,8,3,perf-policy_only-r008-20260818T053210Z,loan_to_customer,1,77,200,15.356800,
policy_only,8,3,perf-policy_only-r008-20260818T053210Z,loan_to_customer,1,78,200,15.418300,
policy_only,8,3,perf-policy_only-r008-20260818T053210Z,loan_to_customer,1,79,200,15.378100,
policy_only,8,3,perf-policy_only-r008-20260818T053210Z,loan_to_customer,1,80,200,15.731600,
policy_only,8,3,perf-policy_only-r008-20260818T053210Z,loan_to_customer,1,81,200,15.996300,
policy_only,8,3,perf-policy_only-r008-20260818T053210Z,loan_to_customer,1,82,200,15.442400,
policy_only,8,3,perf-policy_only-r008-20260818T053210Z,loan_to_customer,1,83,200,15.417200,
policy_only,8,3,perf-policy_only-r008-20260818T053210Z,loan_to_customer,1,84,200,16.061400,
policy_only,8,3,perf-policy_only-r008-20260818T053210Z,loan_to_customer,1,85,200,15.312300,
policy_only,8,3,perf-policy_only-r008-20260818T053210Z,loan_to_customer,1,86,200,15.948900,
policy_only,8,3,perf-policy_only-r008-20260818T053210Z,loan_to_customer,1,87,200,16.058700,
policy_only,8,3,perf-policy_only-r008-20260818T053210Z,loan_to_customer,1,88,200,14.998400,
policy_only,8,3,perf-policy_only-r008-20260818T053210Z,loan_to_customer,1,89,200,15.088500,
policy_only,8,3,perf-policy_only-r008-20260818T053210Z,loan_to_customer,1,90,200,15.089500,
policy_only,8,3,perf-policy_only-r008-20260818T053210Z,loan_to_customer,1,91,200,14.946500,
policy_only,8,3,perf-policy_only-r008-20260818T053210Z,loan_to_customer,1,92,200,16.361200,
policy_only,8,3,perf-policy_only-r008-20260818T053210Z,loan_to_customer,1,93,200,15.075600,
policy_only,8,3,perf-policy_only-r008-20260818T053210Z,loan_to_customer,1,94,200,16.338200,
policy_only,8,3,perf-policy_only-r008-20260818T053210Z,loan_to_customer,1,95,200,25.775800,
policy_only,8,3,perf-policy_only-r008-20260818T053210Z,loan_to_customer,1,96,200,15.213400,
policy_only,8,3,perf-policy_only-r008-20260818T053210Z,loan_to_customer,1,97,200,15.020200,
policy_only,8,3,perf-policy_only-r008-20260818T053210Z,loan_to_customer,1,98,200,14.331600,
policy_only,8,3,perf-policy_only-r008-20260818T053210Z,loan_to_customer,1,99,200,14.931200,
policy_only,8,3,perf-policy_only-r008-20260818T053210Z,loan_to_customer,1,100,200,14.097900,
policy_only,8,3,perf-policy_only-r008-20260818T053210Z,loan_to_customer,1,101,200,14.801500,
policy_only,8,3,perf-policy_only-r008-20260818T053210Z,loan_to_customer,1,102,200,14.663900,
policy_only,8,3,perf-policy_only-r008-20260818T053210Z,loan_to_customer,1,103,200,13.793800,
policy_only,8,3,perf-policy_only-r008-20260818T053210Z,loan_to_customer,1,104,200,14.594100,
policy_only,8,3,perf-policy_only-r008-20260818T053210Z,loan_to_customer,1,105,200,14.230200,
policy_only,8,3,perf-policy_only-r008-20260818T053210Z,loan_to_customer,1,106,200,14.733500,
policy_only,8,3,perf-policy_only-r008-20260818T053210Z,loan_to_customer,1,107,200,14.170500,
policy_only,8,3,perf-policy_only-r008-20260818T053210Z,loan_to_customer,1,108,200,14.381600,
policy_only,8,3,perf-policy_only-r008-20260818T053210Z,loan_to_customer,1,109,200,14.471800,
policy_only,8,3,perf-policy_only-r008-20260818T053210Z,loan_to_customer,1,110,200,14.791200,
policy_only,8,3,perf-policy_only-r008-20260818T053210Z,loan_to_customer,1,111,200,14.844000,
policy_only,8,3,perf-policy_only-r008-20260818T053210Z,loan_to_customer,1,112,200,14.390200,
policy_only,8,3,perf-policy_only-r008-20260818T053210Z,loan_to_customer,1,113,200,14.084600,
policy_only,8,3,perf-policy_only-r008-20260818T053210Z,loan_to_customer,1,114,200,13.886000,
policy_only,8,3,perf-policy_only-r008-20260818T053210Z,loan_to_customer,1,115,200,14.289200,
policy_only,8,3,perf-policy_only-r008-20260818T053210Z,loan_to_customer,1,116,200,13.809100,
policy_only,8,3,perf-policy_only-r008-20260818T053210Z,loan_to_customer,1,117,200,14.739900,
policy_only,8,3,perf-policy_only-r008-20260818T053210Z,loan_to_customer,1,118,200,14.513400,
policy_only,8,3,perf-policy_only-r008-20260818T053210Z,loan_to_customer,1,119,200,14.554100,
policy_only,8,3,perf-policy_only-r008-20260818T053210Z,loan_to_customer,1,120,200,14.508900,
policy_only,8,3,perf-policy_only-r008-20260818T053210Z,loan_to_customer,1,121,200,14.485500,
policy_only,8,3,perf-policy_only-r008-20260818T053210Z,loan_to_customer,1,122,200,14.353300,
policy_only,8,3,perf-policy_only-r008-20260818T053210Z,loan_to_customer,1,123,200,14.825600,
policy_only,8,3,perf-policy_only-r008-20260818T053210Z,loan_to_customer,1,124,200,14.910000,
policy_only,8,3,perf-policy_only-r008-20260818T053210Z,loan_to_customer,1,125,200,15.150600,
policy_only,8,3,perf-policy_only-r008-20260818T053210Z,loan_to_customer,1,126,200,15.153400,
policy_only,8,3,perf-policy_only-r008-20260818T053210Z,loan_to_customer,1,127,200,14.741000,
policy_only,8,3,perf-policy_only-r008-20260818T053210Z,loan_to_customer,1,128,200,15.168900,
policy_only,8,3,perf-policy_only-r008-20260818T053210Z,loan_to_customer,1,129,200,14.896600,
policy_only,8,3,perf-policy_only-r008-20260818T053210Z,loan_to_customer,1,130,200,15.322200,
policy_only,8,3,perf-policy_only-r008-20260818T053210Z,loan_to_customer,1,131,200,14.589700,
policy_only,8,3,perf-policy_only-r008-20260818T053210Z,loan_to_customer,1,132,200,14.761200,
policy_only,8,3,perf-policy_only-r008-20260818T053210Z,loan_to_customer,1,133,200,14.716300,
policy_only,8,3,perf-policy_only-r008-20260818T053210Z,loan_to_customer,1,134,200,13.786800,
policy_only,8,3,perf-policy_only-r008-20260818T053210Z,loan_to_customer,1,135,200,14.361900,
policy_only,8,3,perf-policy_only-r008-20260818T053210Z,loan_to_customer,1,136,200,14.267300,
policy_only,8,3,perf-policy_only-r008-20260818T053210Z,loan_to_customer,1,137,200,14.273900,
policy_only,8,3,perf-policy_only-r008-20260818T053210Z,loan_to_customer,1,138,200,14.829700,
policy_only,8,3,perf-policy_only-r008-20260818T053210Z,loan_to_customer,1,139,200,14.110900,
policy_only,8,3,perf-policy_only-r008-20260818T053210Z,loan_to_customer,1,140,200,14.103600,
policy_only,8,3,perf-policy_only-r008-20260818T053210Z,loan_to_customer,1,141,200,14.351900,
policy_only,8,3,perf-policy_only-r008-20260818T053210Z,loan_to_customer,1,142,200,14.056200,
policy_only,8,3,perf-policy_only-r008-20260818T053210Z,loan_to_customer,1,143,200,14.072700,
policy_only,8,3,perf-policy_only-r008-20260818T053210Z,loan_to_customer,1,144,200,14.451800,
policy_only,8,3,perf-policy_only-r008-20260818T053210Z,loan_to_customer,1,145,200,14.316200,
policy_only,8,3,perf-policy_only-r008-20260818T053210Z,loan_to_customer,1,146,200,14.641900,
policy_only,8,3,perf-policy_only-r008-20260818T053210Z,loan_to_customer,1,147,200,14.312500,
policy_only,8,3,perf-policy_only-r008-20260818T053210Z,loan_to_customer,1,148,200,14.053800,
policy_only,8,3,perf-policy_only-r008-20260818T053210Z,loan_to_customer,1,149,200,13.973400,
policy_only,8,3,perf-policy_only-r008-20260818T053210Z,loan_to_customer,1,150,200,14.490100,
policy_only,8,3,perf-policy_only-r008-20260818T053210Z,loan_to_customer,1,151,200,14.985000,
policy_only,8,3,perf-policy_only-r008-20260818T053210Z,loan_to_customer,1,152,200,14.329900,
policy_only,8,3,perf-policy_only-r008-20260818T053210Z,loan_to_customer,1,153,200,14.129700,
policy_only,8,3,perf-policy_only-r008-20260818T053210Z,loan_to_customer,1,154,200,14.167900,
policy_only,8,3,perf-policy_only-r008-20260818T053210Z,loan_to_customer,1,155,200,14.753800,
policy_only,8,3,perf-policy_only-r008-20260818T053210Z,loan_to_customer,1,156,200,14.785400,
policy_only,8,3,perf-policy_only-r008-20260818T053210Z,loan_to_customer,1,157,200,14.074000,
policy_only,8,3,perf-policy_only-r008-20260818T053210Z,loan_to_customer,1,158,200,14.441100,
policy_only,8,3,perf-policy_only-r008-20260818T053210Z,loan_to_customer,1,159,200,14.547200,
policy_only,8,3,perf-policy_only-r008-20260818T053210Z,loan_to_customer,1,160,200,15.035200,
policy_only,8,3,perf-policy_only-r008-20260818T053210Z,loan_to_customer,1,161,200,15.801900,
policy_only,8,3,perf-policy_only-r008-20260818T053210Z,loan_to_customer,1,162,200,15.964200,
policy_only,8,3,perf-policy_only-r008-20260818T053210Z,loan_to_customer,1,163,200,14.635300,
policy_only,8,3,perf-policy_only-r008-20260818T053210Z,loan_to_customer,1,164,200,14.625100,
policy_only,8,3,perf-policy_only-r008-20260818T053210Z,loan_to_customer,1,165,200,14.079300,
policy_only,8,3,perf-policy_only-r008-20260818T053210Z,loan_to_customer,1,166,200,14.122500,
policy_only,8,3,perf-policy_only-r008-20260818T053210Z,loan_to_customer,1,167,200,14.265100,
policy_only,8,3,perf-policy_only-r008-20260818T053210Z,loan_to_customer,1,168,200,14.204700,
policy_only,8,3,perf-policy_only-r008-20260818T053210Z,loan_to_customer,1,169,200,15.036000,
policy_only,8,3,perf-policy_only-r008-20260818T053210Z,loan_to_customer,1,170,200,14.092900,
policy_only,8,3,perf-policy_only-r008-20260818T053210Z,loan_to_customer,1,171,200,13.787200,
policy_only,8,3,perf-policy_only-r008-20260818T053210Z,loan_to_customer,1,172,200,14.025400,
policy_only,8,3,perf-policy_only-r008-20260818T053210Z,loan_to_customer,1,173,200,14.666500,
policy_only,8,3,perf-policy_only-r008-20260818T053210Z,loan_to_customer,1,174,200,14.186100,
policy_only,8,3,perf-policy_only-r008-20260818T053210Z,loan_to_customer,1,175,200,14.077500,
policy_only,8,3,perf-policy_only-r008-20260818T053210Z,loan_to_customer,1,176,200,14.571700,
policy_only,8,3,perf-policy_only-r008-20260818T053210Z,loan_to_customer,1,177,200,14.017800,
policy_only,8,3,perf-policy_only-r008-20260818T053210Z,loan_to_customer,1,178,200,15.037500,
policy_only,8,3,perf-policy_only-r008-20260818T053210Z,loan_to_customer,1,179,200,15.273600,
policy_only,8,3,perf-policy_only-r008-20260818T053210Z,loan_to_customer,1,180,200,15.494500,
policy_only,8,3,perf-policy_only-r008-20260818T053210Z,loan_to_customer,1,181,200,15.282400,
policy_only,8,3,perf-policy_only-r008-20260818T053210Z,loan_to_customer,1,182,200,14.904100,
policy_only,8,3,perf-policy_only-r008-20260818T053210Z,loan_to_customer,1,183,200,14.875400,
policy_only,8,3,perf-policy_only-r008-20260818T053210Z,loan_to_customer,1,184,200,14.724300,
policy_only,8,3,perf-policy_only-r008-20260818T053210Z,loan_to_customer,1,185,200,14.481500,
policy_only,8,3,perf-policy_only-r008-20260818T053210Z,loan_to_customer,1,186,200,13.828100,
policy_only,8,3,perf-policy_only-r008-20260818T053210Z,loan_to_customer,1,187,200,14.440300,
policy_only,8,3,perf-policy_only-r008-20260818T053210Z,loan_to_customer,1,188,200,14.529800,
policy_only,8,3,perf-policy_only-r008-20260818T053210Z,loan_to_customer,1,189,200,14.291200,
policy_only,8,3,perf-policy_only-r008-20260818T053210Z,loan_to_customer,1,190,200,15.754100,
policy_only,8,3,perf-policy_only-r008-20260818T053210Z,loan_to_customer,1,191,200,14.201600,
policy_only,8,3,perf-policy_only-r008-20260818T053210Z,loan_to_customer,1,192,200,14.060900,
policy_only,8,3,perf-policy_only-r008-20260818T053210Z,loan_to_customer,1,193,200,15.014600,
policy_only,8,3,perf-policy_only-r008-20260818T053210Z,loan_to_customer,1,194,200,14.126100,
policy_only,8,3,perf-policy_only-r008-20260818T053210Z,loan_to_customer,1,195,200,14.653100,
policy_only,8,3,perf-policy_only-r008-20260818T053210Z,loan_to_customer,1,196,200,15.256400,
policy_only,8,3,perf-policy_only-r008-20260818T053210Z,loan_to_customer,1,197,200,15.163800,
policy_only,8,3,perf-policy_only-r008-20260818T053210Z,loan_to_customer,1,198,200,14.953200,
policy_only,8,3,perf-policy_only-r008-20260818T053210Z,loan_to_customer,1,199,200,14.268900,
policy_only,8,3,perf-policy_only-r008-20260818T053210Z,loan_to_customer,1,200,200,14.422900,
policy_only,8,3,perf-policy_only-r008-20260818T053210Z,loan_to_customer,2,1,200,13.897700,
policy_only,8,3,perf-policy_only-r008-20260818T053210Z,loan_to_customer,2,2,200,14.458500,
policy_only,8,3,perf-policy_only-r008-20260818T053210Z,loan_to_customer,2,3,200,14.576400,
policy_only,8,3,perf-policy_only-r008-20260818T053210Z,loan_to_customer,2,4,200,14.226400,
policy_only,8,3,perf-policy_only-r008-20260818T053210Z,loan_to_customer,2,5,200,14.679500,
policy_only,8,3,perf-policy_only-r008-20260818T053210Z,loan_to_customer,2,6,200,13.711600,
policy_only,8,3,perf-policy_only-r008-20260818T053210Z,loan_to_customer,2,7,200,14.177000,
policy_only,8,3,perf-policy_only-r008-20260818T053210Z,loan_to_customer,2,8,200,13.781800,
policy_only,8,3,perf-policy_only-r008-20260818T053210Z,loan_to_customer,2,9,200,13.727100,
policy_only,8,3,perf-policy_only-r008-20260818T053210Z,loan_to_customer,2,10,200,14.164400,
policy_only,8,3,perf-policy_only-r008-20260818T053210Z,loan_to_customer,2,11,200,14.202700,
policy_only,8,3,perf-policy_only-r008-20260818T053210Z,loan_to_customer,2,12,200,13.787700,
policy_only,8,3,perf-policy_only-r008-20260818T053210Z,loan_to_customer,2,13,200,16.094100,
policy_only,8,3,perf-policy_only-r008-20260818T053210Z,loan_to_customer,2,14,200,16.598200,
policy_only,8,3,perf-policy_only-r008-20260818T053210Z,loan_to_customer,2,15,200,15.738100,
policy_only,8,3,perf-policy_only-r008-20260818T053210Z,loan_to_customer,2,16,200,17.256100,
policy_only,8,3,perf-policy_only-r008-20260818T053210Z,loan_to_customer,2,17,200,17.009200,
policy_only,8,3,perf-policy_only-r008-20260818T053210Z,loan_to_customer,2,18,200,17.986400,
policy_only,8,3,perf-policy_only-r008-20260818T053210Z,loan_to_customer,2,19,200,18.398200,
policy_only,8,3,perf-policy_only-r008-20260818T053210Z,loan_to_customer,2,20,200,21.337600,
policy_only,8,3,perf-policy_only-r008-20260818T053210Z,loan_to_customer,2,21,200,19.356000,
policy_only,8,3,perf-policy_only-r008-20260818T053210Z,loan_to_customer,2,22,200,14.962800,
policy_only,8,3,perf-policy_only-r008-20260818T053210Z,loan_to_customer,2,23,200,15.578000,
policy_only,8,3,perf-policy_only-r008-20260818T053210Z,loan_to_customer,2,24,200,15.249000,
policy_only,8,3,perf-policy_only-r008-20260818T053210Z,loan_to_customer,2,25,200,16.369600,
policy_only,8,3,perf-policy_only-r008-20260818T053210Z,loan_to_customer,2,26,200,17.295200,
policy_only,8,3,perf-policy_only-r008-20260818T053210Z,loan_to_customer,2,27,200,16.946000,
policy_only,8,3,perf-policy_only-r008-20260818T053210Z,loan_to_customer,2,28,200,14.828000,
policy_only,8,3,perf-policy_only-r008-20260818T053210Z,loan_to_customer,2,29,200,14.759900,
policy_only,8,3,perf-policy_only-r008-20260818T053210Z,loan_to_customer,2,30,200,16.037300,
policy_only,8,3,perf-policy_only-r008-20260818T053210Z,loan_to_customer,2,31,200,14.297500,
policy_only,8,3,perf-policy_only-r008-20260818T053210Z,loan_to_customer,2,32,200,15.914200,
policy_only,8,3,perf-policy_only-r008-20260818T053210Z,loan_to_customer,2,33,200,14.817900,
policy_only,8,3,perf-policy_only-r008-20260818T053210Z,loan_to_customer,2,34,200,14.695400,
policy_only,8,3,perf-policy_only-r008-20260818T053210Z,loan_to_customer,2,35,200,15.862800,
policy_only,8,3,perf-policy_only-r008-20260818T053210Z,loan_to_customer,2,36,200,14.521800,
policy_only,8,3,perf-policy_only-r008-20260818T053210Z,loan_to_customer,2,37,200,14.521400,
policy_only,8,3,perf-policy_only-r008-20260818T053210Z,loan_to_customer,2,38,200,15.241000,
policy_only,8,3,perf-policy_only-r008-20260818T053210Z,loan_to_customer,2,39,200,15.528200,
policy_only,8,3,perf-policy_only-r008-20260818T053210Z,loan_to_customer,2,40,200,15.840000,
policy_only,8,3,perf-policy_only-r008-20260818T053210Z,loan_to_customer,2,41,200,14.656300,
policy_only,8,3,perf-policy_only-r008-20260818T053210Z,loan_to_customer,2,42,200,14.534200,
policy_only,8,3,perf-policy_only-r008-20260818T053210Z,loan_to_customer,2,43,200,14.126300,
policy_only,8,3,perf-policy_only-r008-20260818T053210Z,loan_to_customer,2,44,200,14.574200,
policy_only,8,3,perf-policy_only-r008-20260818T053210Z,loan_to_customer,2,45,200,14.344500,
policy_only,8,3,perf-policy_only-r008-20260818T053210Z,loan_to_customer,2,46,200,14.192800,
policy_only,8,3,perf-policy_only-r008-20260818T053210Z,loan_to_customer,2,47,200,13.825500,
policy_only,8,3,perf-policy_only-r008-20260818T053210Z,loan_to_customer,2,48,200,14.474300,
policy_only,8,3,perf-policy_only-r008-20260818T053210Z,loan_to_customer,2,49,200,14.607100,
policy_only,8,3,perf-policy_only-r008-20260818T053210Z,loan_to_customer,2,50,200,14.324100,
policy_only,8,3,perf-policy_only-r008-20260818T053210Z,loan_to_customer,2,51,200,14.261100,
policy_only,8,3,perf-policy_only-r008-20260818T053210Z,loan_to_customer,2,52,200,14.300900,
policy_only,8,3,perf-policy_only-r008-20260818T053210Z,loan_to_customer,2,53,200,14.916400,
policy_only,8,3,perf-policy_only-r008-20260818T053210Z,loan_to_customer,2,54,200,14.213600,
policy_only,8,3,perf-policy_only-r008-20260818T053210Z,loan_to_customer,2,55,200,15.009200,
policy_only,8,3,perf-policy_only-r008-20260818T053210Z,loan_to_customer,2,56,200,15.503600,
policy_only,8,3,perf-policy_only-r008-20260818T053210Z,loan_to_customer,2,57,200,14.933700,
policy_only,8,3,perf-policy_only-r008-20260818T053210Z,loan_to_customer,2,58,200,16.039100,
policy_only,8,3,perf-policy_only-r008-20260818T053210Z,loan_to_customer,2,59,200,16.301400,
policy_only,8,3,perf-policy_only-r008-20260818T053210Z,loan_to_customer,2,60,200,16.528200,
policy_only,8,3,perf-policy_only-r008-20260818T053210Z,loan_to_customer,2,61,200,16.241600,
policy_only,8,3,perf-policy_only-r008-20260818T053210Z,loan_to_customer,2,62,200,15.786300,
policy_only,8,3,perf-policy_only-r008-20260818T053210Z,loan_to_customer,2,63,200,17.741700,
policy_only,8,3,perf-policy_only-r008-20260818T053210Z,loan_to_customer,2,64,200,17.808300,
policy_only,8,3,perf-policy_only-r008-20260818T053210Z,loan_to_customer,2,65,200,18.294300,
policy_only,8,3,perf-policy_only-r008-20260818T053210Z,loan_to_customer,2,66,200,14.773900,
policy_only,8,3,perf-policy_only-r008-20260818T053210Z,loan_to_customer,2,67,200,15.372400,
policy_only,8,3,perf-policy_only-r008-20260818T053210Z,loan_to_customer,2,68,200,15.061300,
policy_only,8,3,perf-policy_only-r008-20260818T053210Z,loan_to_customer,2,69,200,14.802000,
policy_only,8,3,perf-policy_only-r008-20260818T053210Z,loan_to_customer,2,70,200,14.499900,
policy_only,8,3,perf-policy_only-r008-20260818T053210Z,loan_to_customer,2,71,200,15.696100,
policy_only,8,3,perf-policy_only-r008-20260818T053210Z,loan_to_customer,2,72,200,15.816800,
policy_only,8,3,perf-policy_only-r008-20260818T053210Z,loan_to_customer,2,73,200,15.046900,
policy_only,8,3,perf-policy_only-r008-20260818T053210Z,loan_to_customer,2,74,200,15.539700,
policy_only,8,3,perf-policy_only-r008-20260818T053210Z,loan_to_customer,2,75,200,14.368400,
policy_only,8,3,perf-policy_only-r008-20260818T053210Z,loan_to_customer,2,76,200,14.543200,
policy_only,8,3,perf-policy_only-r008-20260818T053210Z,loan_to_customer,2,77,200,14.148700,
policy_only,8,3,perf-policy_only-r008-20260818T053210Z,loan_to_customer,2,78,200,14.400200,
policy_only,8,3,perf-policy_only-r008-20260818T053210Z,loan_to_customer,2,79,200,14.612400,
policy_only,8,3,perf-policy_only-r008-20260818T053210Z,loan_to_customer,2,80,200,14.708100,
policy_only,8,3,perf-policy_only-r008-20260818T053210Z,loan_to_customer,2,81,200,14.418600,
policy_only,8,3,perf-policy_only-r008-20260818T053210Z,loan_to_customer,2,82,200,14.322200,
policy_only,8,3,perf-policy_only-r008-20260818T053210Z,loan_to_customer,2,83,200,14.602400,
policy_only,8,3,perf-policy_only-r008-20260818T053210Z,loan_to_customer,2,84,200,13.867700,
policy_only,8,3,perf-policy_only-r008-20260818T053210Z,loan_to_customer,2,85,200,14.146400,
policy_only,8,3,perf-policy_only-r008-20260818T053210Z,loan_to_customer,2,86,200,14.279600,
policy_only,8,3,perf-policy_only-r008-20260818T053210Z,loan_to_customer,2,87,200,15.258200,
policy_only,8,3,perf-policy_only-r008-20260818T053210Z,loan_to_customer,2,88,200,14.762300,
policy_only,8,3,perf-policy_only-r008-20260818T053210Z,loan_to_customer,2,89,200,14.162100,
policy_only,8,3,perf-policy_only-r008-20260818T053210Z,loan_to_customer,2,90,200,13.923600,
policy_only,8,3,perf-policy_only-r008-20260818T053210Z,loan_to_customer,2,91,200,14.280200,
policy_only,8,3,perf-policy_only-r008-20260818T053210Z,loan_to_customer,2,92,200,15.798400,
policy_only,8,3,perf-policy_only-r008-20260818T053210Z,loan_to_customer,2,93,200,15.380100,
policy_only,8,3,perf-policy_only-r008-20260818T053210Z,loan_to_customer,2,94,200,14.942800,
policy_only,8,3,perf-policy_only-r008-20260818T053210Z,loan_to_customer,2,95,200,14.052300,
policy_only,8,3,perf-policy_only-r008-20260818T053210Z,loan_to_customer,2,96,200,13.876000,
policy_only,8,3,perf-policy_only-r008-20260818T053210Z,loan_to_customer,2,97,200,14.011000,
policy_only,8,3,perf-policy_only-r008-20260818T053210Z,loan_to_customer,2,98,200,14.954800,
policy_only,8,3,perf-policy_only-r008-20260818T053210Z,loan_to_customer,2,99,200,14.992200,
policy_only,8,3,perf-policy_only-r008-20260818T053210Z,loan_to_customer,2,100,200,15.279300,
policy_only,8,3,perf-policy_only-r008-20260818T053210Z,loan_to_customer,2,101,200,14.503600,
policy_only,8,3,perf-policy_only-r008-20260818T053210Z,loan_to_customer,2,102,200,14.331200,
policy_only,8,3,perf-policy_only-r008-20260818T053210Z,loan_to_customer,2,103,200,14.234200,
policy_only,8,3,perf-policy_only-r008-20260818T053210Z,loan_to_customer,2,104,200,14.097900,
policy_only,8,3,perf-policy_only-r008-20260818T053210Z,loan_to_customer,2,105,200,13.934500,
policy_only,8,3,perf-policy_only-r008-20260818T053210Z,loan_to_customer,2,106,200,14.395600,
policy_only,8,3,perf-policy_only-r008-20260818T053210Z,loan_to_customer,2,107,200,14.754700,
policy_only,8,3,perf-policy_only-r008-20260818T053210Z,loan_to_customer,2,108,200,13.818200,
policy_only,8,3,perf-policy_only-r008-20260818T053210Z,loan_to_customer,2,109,200,13.949900,
policy_only,8,3,perf-policy_only-r008-20260818T053210Z,loan_to_customer,2,110,200,13.679400,
policy_only,8,3,perf-policy_only-r008-20260818T053210Z,loan_to_customer,2,111,200,13.809600,
policy_only,8,3,perf-policy_only-r008-20260818T053210Z,loan_to_customer,2,112,200,14.648100,
policy_only,8,3,perf-policy_only-r008-20260818T053210Z,loan_to_customer,2,113,200,15.003000,
policy_only,8,3,perf-policy_only-r008-20260818T053210Z,loan_to_customer,2,114,200,13.758200,
policy_only,8,3,perf-policy_only-r008-20260818T053210Z,loan_to_customer,2,115,200,13.787300,
policy_only,8,3,perf-policy_only-r008-20260818T053210Z,loan_to_customer,2,116,200,13.925100,
policy_only,8,3,perf-policy_only-r008-20260818T053210Z,loan_to_customer,2,117,200,14.131700,
policy_only,8,3,perf-policy_only-r008-20260818T053210Z,loan_to_customer,2,118,200,13.751000,
policy_only,8,3,perf-policy_only-r008-20260818T053210Z,loan_to_customer,2,119,200,14.777800,
policy_only,8,3,perf-policy_only-r008-20260818T053210Z,loan_to_customer,2,120,200,14.810900,
policy_only,8,3,perf-policy_only-r008-20260818T053210Z,loan_to_customer,2,121,200,14.625900,
policy_only,8,3,perf-policy_only-r008-20260818T053210Z,loan_to_customer,2,122,200,14.372500,
policy_only,8,3,perf-policy_only-r008-20260818T053210Z,loan_to_customer,2,123,200,14.820300,
policy_only,8,3,perf-policy_only-r008-20260818T053210Z,loan_to_customer,2,124,200,15.080300,
policy_only,8,3,perf-policy_only-r008-20260818T053210Z,loan_to_customer,2,125,200,14.385300,
policy_only,8,3,perf-policy_only-r008-20260818T053210Z,loan_to_customer,2,126,200,14.476400,
policy_only,8,3,perf-policy_only-r008-20260818T053210Z,loan_to_customer,2,127,200,14.640700,
policy_only,8,3,perf-policy_only-r008-20260818T053210Z,loan_to_customer,2,128,200,15.333500,
policy_only,8,3,perf-policy_only-r008-20260818T053210Z,loan_to_customer,2,129,200,15.216800,
policy_only,8,3,perf-policy_only-r008-20260818T053210Z,loan_to_customer,2,130,200,14.170600,
policy_only,8,3,perf-policy_only-r008-20260818T053210Z,loan_to_customer,2,131,200,14.137300,
policy_only,8,3,perf-policy_only-r008-20260818T053210Z,loan_to_customer,2,132,200,14.705000,
policy_only,8,3,perf-policy_only-r008-20260818T053210Z,loan_to_customer,2,133,200,15.598900,
policy_only,8,3,perf-policy_only-r008-20260818T053210Z,loan_to_customer,2,134,200,15.259000,
policy_only,8,3,perf-policy_only-r008-20260818T053210Z,loan_to_customer,2,135,200,15.169300,
policy_only,8,3,perf-policy_only-r008-20260818T053210Z,loan_to_customer,2,136,200,15.049600,
policy_only,8,3,perf-policy_only-r008-20260818T053210Z,loan_to_customer,2,137,200,14.016900,
policy_only,8,3,perf-policy_only-r008-20260818T053210Z,loan_to_customer,2,138,200,15.198400,
policy_only,8,3,perf-policy_only-r008-20260818T053210Z,loan_to_customer,2,139,200,14.868600,
policy_only,8,3,perf-policy_only-r008-20260818T053210Z,loan_to_customer,2,140,200,14.178000,
policy_only,8,3,perf-policy_only-r008-20260818T053210Z,loan_to_customer,2,141,200,13.852000,
policy_only,8,3,perf-policy_only-r008-20260818T053210Z,loan_to_customer,2,142,200,14.865300,
policy_only,8,3,perf-policy_only-r008-20260818T053210Z,loan_to_customer,2,143,200,13.500400,
policy_only,8,3,perf-policy_only-r008-20260818T053210Z,loan_to_customer,2,144,200,13.663700,
policy_only,8,3,perf-policy_only-r008-20260818T053210Z,loan_to_customer,2,145,200,14.580600,
policy_only,8,3,perf-policy_only-r008-20260818T053210Z,loan_to_customer,2,146,200,14.423900,
policy_only,8,3,perf-policy_only-r008-20260818T053210Z,loan_to_customer,2,147,200,13.840800,
policy_only,8,3,perf-policy_only-r008-20260818T053210Z,loan_to_customer,2,148,200,15.190100,
policy_only,8,3,perf-policy_only-r008-20260818T053210Z,loan_to_customer,2,149,200,14.322400,
policy_only,8,3,perf-policy_only-r008-20260818T053210Z,loan_to_customer,2,150,200,13.809000,
policy_only,8,3,perf-policy_only-r008-20260818T053210Z,loan_to_customer,2,151,200,14.097700,
policy_only,8,3,perf-policy_only-r008-20260818T053210Z,loan_to_customer,2,152,200,14.440900,
policy_only,8,3,perf-policy_only-r008-20260818T053210Z,loan_to_customer,2,153,200,13.735200,
policy_only,8,3,perf-policy_only-r008-20260818T053210Z,loan_to_customer,2,154,200,13.998600,
policy_only,8,3,perf-policy_only-r008-20260818T053210Z,loan_to_customer,2,155,200,14.309700,
policy_only,8,3,perf-policy_only-r008-20260818T053210Z,loan_to_customer,2,156,200,14.228300,
policy_only,8,3,perf-policy_only-r008-20260818T053210Z,loan_to_customer,2,157,200,16.925400,
policy_only,8,3,perf-policy_only-r008-20260818T053210Z,loan_to_customer,2,158,200,17.199400,
policy_only,8,3,perf-policy_only-r008-20260818T053210Z,loan_to_customer,2,159,200,15.652200,
policy_only,8,3,perf-policy_only-r008-20260818T053210Z,loan_to_customer,2,160,200,15.803800,
policy_only,8,3,perf-policy_only-r008-20260818T053210Z,loan_to_customer,2,161,200,15.519800,
policy_only,8,3,perf-policy_only-r008-20260818T053210Z,loan_to_customer,2,162,200,16.582500,
policy_only,8,3,perf-policy_only-r008-20260818T053210Z,loan_to_customer,2,163,200,17.624300,
policy_only,8,3,perf-policy_only-r008-20260818T053210Z,loan_to_customer,2,164,200,16.281600,
policy_only,8,3,perf-policy_only-r008-20260818T053210Z,loan_to_customer,2,165,200,14.782200,
policy_only,8,3,perf-policy_only-r008-20260818T053210Z,loan_to_customer,2,166,200,14.785700,
policy_only,8,3,perf-policy_only-r008-20260818T053210Z,loan_to_customer,2,167,200,15.054200,
policy_only,8,3,perf-policy_only-r008-20260818T053210Z,loan_to_customer,2,168,200,13.646800,
policy_only,8,3,perf-policy_only-r008-20260818T053210Z,loan_to_customer,2,169,200,14.688600,
policy_only,8,3,perf-policy_only-r008-20260818T053210Z,loan_to_customer,2,170,200,15.010600,
policy_only,8,3,perf-policy_only-r008-20260818T053210Z,loan_to_customer,2,171,200,14.997000,
policy_only,8,3,perf-policy_only-r008-20260818T053210Z,loan_to_customer,2,172,200,14.742400,
policy_only,8,3,perf-policy_only-r008-20260818T053210Z,loan_to_customer,2,173,200,13.871000,
policy_only,8,3,perf-policy_only-r008-20260818T053210Z,loan_to_customer,2,174,200,13.731900,
policy_only,8,3,perf-policy_only-r008-20260818T053210Z,loan_to_customer,2,175,200,13.699700,
policy_only,8,3,perf-policy_only-r008-20260818T053210Z,loan_to_customer,2,176,200,14.203400,
policy_only,8,3,perf-policy_only-r008-20260818T053210Z,loan_to_customer,2,177,200,13.958100,
policy_only,8,3,perf-policy_only-r008-20260818T053210Z,loan_to_customer,2,178,200,13.705600,
policy_only,8,3,perf-policy_only-r008-20260818T053210Z,loan_to_customer,2,179,200,13.819300,
policy_only,8,3,perf-policy_only-r008-20260818T053210Z,loan_to_customer,2,180,200,14.229700,
policy_only,8,3,perf-policy_only-r008-20260818T053210Z,loan_to_customer,2,181,200,14.133200,
policy_only,8,3,perf-policy_only-r008-20260818T053210Z,loan_to_customer,2,182,200,14.621600,
policy_only,8,3,perf-policy_only-r008-20260818T053210Z,loan_to_customer,2,183,200,13.953000,
policy_only,8,3,perf-policy_only-r008-20260818T053210Z,loan_to_customer,2,184,200,15.076400,
policy_only,8,3,perf-policy_only-r008-20260818T053210Z,loan_to_customer,2,185,200,14.391700,
policy_only,8,3,perf-policy_only-r008-20260818T053210Z,loan_to_customer,2,186,200,14.484000,
policy_only,8,3,perf-policy_only-r008-20260818T053210Z,loan_to_customer,2,187,200,13.968300,
policy_only,8,3,perf-policy_only-r008-20260818T053210Z,loan_to_customer,2,188,200,14.167500,
policy_only,8,3,perf-policy_only-r008-20260818T053210Z,loan_to_customer,2,189,200,13.830800,
policy_only,8,3,perf-policy_only-r008-20260818T053210Z,loan_to_customer,2,190,200,14.104300,
policy_only,8,3,perf-policy_only-r008-20260818T053210Z,loan_to_customer,2,191,200,14.655500,
policy_only,8,3,perf-policy_only-r008-20260818T053210Z,loan_to_customer,2,192,200,14.235700,
policy_only,8,3,perf-policy_only-r008-20260818T053210Z,loan_to_customer,2,193,200,13.789900,
policy_only,8,3,perf-policy_only-r008-20260818T053210Z,loan_to_customer,2,194,200,14.127200,
policy_only,8,3,perf-policy_only-r008-20260818T053210Z,loan_to_customer,2,195,200,14.098700,
policy_only,8,3,perf-policy_only-r008-20260818T053210Z,loan_to_customer,2,196,200,14.194800,
policy_only,8,3,perf-policy_only-r008-20260818T053210Z,loan_to_customer,2,197,200,14.151400,
policy_only,8,3,perf-policy_only-r008-20260818T053210Z,loan_to_customer,2,198,200,14.686000,
policy_only,8,3,perf-policy_only-r008-20260818T053210Z,loan_to_customer,2,199,200,14.925500,
policy_only,8,3,perf-policy_only-r008-20260818T053210Z,loan_to_customer,2,200,200,14.876000,
policy_only,8,3,perf-policy_only-r008-20260818T053210Z,loan_to_customer,3,1,200,13.910200,
policy_only,8,3,perf-policy_only-r008-20260818T053210Z,loan_to_customer,3,2,200,14.337100,
policy_only,8,3,perf-policy_only-r008-20260818T053210Z,loan_to_customer,3,3,200,14.221500,
policy_only,8,3,perf-policy_only-r008-20260818T053210Z,loan_to_customer,3,4,200,14.847900,
policy_only,8,3,perf-policy_only-r008-20260818T053210Z,loan_to_customer,3,5,200,14.983600,
policy_only,8,3,perf-policy_only-r008-20260818T053210Z,loan_to_customer,3,6,200,15.568500,
policy_only,8,3,perf-policy_only-r008-20260818T053210Z,loan_to_customer,3,7,200,14.997200,
policy_only,8,3,perf-policy_only-r008-20260818T053210Z,loan_to_customer,3,8,200,14.771600,
policy_only,8,3,perf-policy_only-r008-20260818T053210Z,loan_to_customer,3,9,200,14.618000,
policy_only,8,3,perf-policy_only-r008-20260818T053210Z,loan_to_customer,3,10,200,14.834800,
policy_only,8,3,perf-policy_only-r008-20260818T053210Z,loan_to_customer,3,11,200,14.382700,
policy_only,8,3,perf-policy_only-r008-20260818T053210Z,loan_to_customer,3,12,200,14.906000,
policy_only,8,3,perf-policy_only-r008-20260818T053210Z,loan_to_customer,3,13,200,14.058600,
policy_only,8,3,perf-policy_only-r008-20260818T053210Z,loan_to_customer,3,14,200,13.788100,
policy_only,8,3,perf-policy_only-r008-20260818T053210Z,loan_to_customer,3,15,200,13.972800,
policy_only,8,3,perf-policy_only-r008-20260818T053210Z,loan_to_customer,3,16,200,13.909200,
policy_only,8,3,perf-policy_only-r008-20260818T053210Z,loan_to_customer,3,17,200,14.289100,
policy_only,8,3,perf-policy_only-r008-20260818T053210Z,loan_to_customer,3,18,200,13.849500,
policy_only,8,3,perf-policy_only-r008-20260818T053210Z,loan_to_customer,3,19,200,14.017700,
policy_only,8,3,perf-policy_only-r008-20260818T053210Z,loan_to_customer,3,20,200,14.405000,
policy_only,8,3,perf-policy_only-r008-20260818T053210Z,loan_to_customer,3,21,200,14.485400,
policy_only,8,3,perf-policy_only-r008-20260818T053210Z,loan_to_customer,3,22,200,14.065100,
policy_only,8,3,perf-policy_only-r008-20260818T053210Z,loan_to_customer,3,23,200,14.092300,
policy_only,8,3,perf-policy_only-r008-20260818T053210Z,loan_to_customer,3,24,200,14.595700,
policy_only,8,3,perf-policy_only-r008-20260818T053210Z,loan_to_customer,3,25,200,14.011200,
policy_only,8,3,perf-policy_only-r008-20260818T053210Z,loan_to_customer,3,26,200,13.881500,
policy_only,8,3,perf-policy_only-r008-20260818T053210Z,loan_to_customer,3,27,200,14.272100,
policy_only,8,3,perf-policy_only-r008-20260818T053210Z,loan_to_customer,3,28,200,13.998000,
policy_only,8,3,perf-policy_only-r008-20260818T053210Z,loan_to_customer,3,29,200,14.922200,
policy_only,8,3,perf-policy_only-r008-20260818T053210Z,loan_to_customer,3,30,200,14.848000,
policy_only,8,3,perf-policy_only-r008-20260818T053210Z,loan_to_customer,3,31,200,14.445000,
policy_only,8,3,perf-policy_only-r008-20260818T053210Z,loan_to_customer,3,32,200,15.707300,
policy_only,8,3,perf-policy_only-r008-20260818T053210Z,loan_to_customer,3,33,200,14.091000,
policy_only,8,3,perf-policy_only-r008-20260818T053210Z,loan_to_customer,3,34,200,14.552900,
policy_only,8,3,perf-policy_only-r008-20260818T053210Z,loan_to_customer,3,35,200,14.705200,
policy_only,8,3,perf-policy_only-r008-20260818T053210Z,loan_to_customer,3,36,200,14.656700,
policy_only,8,3,perf-policy_only-r008-20260818T053210Z,loan_to_customer,3,37,200,13.987800,
policy_only,8,3,perf-policy_only-r008-20260818T053210Z,loan_to_customer,3,38,200,14.360700,
policy_only,8,3,perf-policy_only-r008-20260818T053210Z,loan_to_customer,3,39,200,13.988700,
policy_only,8,3,perf-policy_only-r008-20260818T053210Z,loan_to_customer,3,40,200,14.546600,
policy_only,8,3,perf-policy_only-r008-20260818T053210Z,loan_to_customer,3,41,200,14.553000,
policy_only,8,3,perf-policy_only-r008-20260818T053210Z,loan_to_customer,3,42,200,15.444500,
policy_only,8,3,perf-policy_only-r008-20260818T053210Z,loan_to_customer,3,43,200,14.952400,
policy_only,8,3,perf-policy_only-r008-20260818T053210Z,loan_to_customer,3,44,200,15.164400,
policy_only,8,3,perf-policy_only-r008-20260818T053210Z,loan_to_customer,3,45,200,13.782400,
policy_only,8,3,perf-policy_only-r008-20260818T053210Z,loan_to_customer,3,46,200,14.301300,
policy_only,8,3,perf-policy_only-r008-20260818T053210Z,loan_to_customer,3,47,200,14.179800,
policy_only,8,3,perf-policy_only-r008-20260818T053210Z,loan_to_customer,3,48,200,14.643500,
policy_only,8,3,perf-policy_only-r008-20260818T053210Z,loan_to_customer,3,49,200,14.275200,
policy_only,8,3,perf-policy_only-r008-20260818T053210Z,loan_to_customer,3,50,200,14.376400,
policy_only,8,3,perf-policy_only-r008-20260818T053210Z,loan_to_customer,3,51,200,14.451700,
policy_only,8,3,perf-policy_only-r008-20260818T053210Z,loan_to_customer,3,52,200,14.788900,
policy_only,8,3,perf-policy_only-r008-20260818T053210Z,loan_to_customer,3,53,200,14.096400,
policy_only,8,3,perf-policy_only-r008-20260818T053210Z,loan_to_customer,3,54,200,14.066000,
policy_only,8,3,perf-policy_only-r008-20260818T053210Z,loan_to_customer,3,55,200,14.302400,
policy_only,8,3,perf-policy_only-r008-20260818T053210Z,loan_to_customer,3,56,200,14.413300,
policy_only,8,3,perf-policy_only-r008-20260818T053210Z,loan_to_customer,3,57,200,15.324000,
policy_only,8,3,perf-policy_only-r008-20260818T053210Z,loan_to_customer,3,58,200,14.248700,
policy_only,8,3,perf-policy_only-r008-20260818T053210Z,loan_to_customer,3,59,200,15.910100,
policy_only,8,3,perf-policy_only-r008-20260818T053210Z,loan_to_customer,3,60,200,15.082100,
policy_only,8,3,perf-policy_only-r008-20260818T053210Z,loan_to_customer,3,61,200,14.579200,
policy_only,8,3,perf-policy_only-r008-20260818T053210Z,loan_to_customer,3,62,200,15.542500,
policy_only,8,3,perf-policy_only-r008-20260818T053210Z,loan_to_customer,3,63,200,15.289500,
policy_only,8,3,perf-policy_only-r008-20260818T053210Z,loan_to_customer,3,64,200,14.648300,
policy_only,8,3,perf-policy_only-r008-20260818T053210Z,loan_to_customer,3,65,200,14.958600,
policy_only,8,3,perf-policy_only-r008-20260818T053210Z,loan_to_customer,3,66,200,15.225700,
policy_only,8,3,perf-policy_only-r008-20260818T053210Z,loan_to_customer,3,67,200,15.373700,
policy_only,8,3,perf-policy_only-r008-20260818T053210Z,loan_to_customer,3,68,200,14.600100,
policy_only,8,3,perf-policy_only-r008-20260818T053210Z,loan_to_customer,3,69,200,15.038100,
policy_only,8,3,perf-policy_only-r008-20260818T053210Z,loan_to_customer,3,70,200,14.866000,
policy_only,8,3,perf-policy_only-r008-20260818T053210Z,loan_to_customer,3,71,200,14.441100,
policy_only,8,3,perf-policy_only-r008-20260818T053210Z,loan_to_customer,3,72,200,14.313000,
policy_only,8,3,perf-policy_only-r008-20260818T053210Z,loan_to_customer,3,73,200,13.918700,
policy_only,8,3,perf-policy_only-r008-20260818T053210Z,loan_to_customer,3,74,200,14.626800,
policy_only,8,3,perf-policy_only-r008-20260818T053210Z,loan_to_customer,3,75,200,15.054000,
policy_only,8,3,perf-policy_only-r008-20260818T053210Z,loan_to_customer,3,76,200,14.887400,
policy_only,8,3,perf-policy_only-r008-20260818T053210Z,loan_to_customer,3,77,200,14.787000,
policy_only,8,3,perf-policy_only-r008-20260818T053210Z,loan_to_customer,3,78,200,14.691600,
policy_only,8,3,perf-policy_only-r008-20260818T053210Z,loan_to_customer,3,79,200,14.453800,
policy_only,8,3,perf-policy_only-r008-20260818T053210Z,loan_to_customer,3,80,200,14.001700,
policy_only,8,3,perf-policy_only-r008-20260818T053210Z,loan_to_customer,3,81,200,14.078200,
policy_only,8,3,perf-policy_only-r008-20260818T053210Z,loan_to_customer,3,82,200,13.769400,
policy_only,8,3,perf-policy_only-r008-20260818T053210Z,loan_to_customer,3,83,200,14.160700,
policy_only,8,3,perf-policy_only-r008-20260818T053210Z,loan_to_customer,3,84,200,14.268200,
policy_only,8,3,perf-policy_only-r008-20260818T053210Z,loan_to_customer,3,85,200,15.323500,
policy_only,8,3,perf-policy_only-r008-20260818T053210Z,loan_to_customer,3,86,200,14.217400,
policy_only,8,3,perf-policy_only-r008-20260818T053210Z,loan_to_customer,3,87,200,14.380000,
policy_only,8,3,perf-policy_only-r008-20260818T053210Z,loan_to_customer,3,88,200,14.028900,
policy_only,8,3,perf-policy_only-r008-20260818T053210Z,loan_to_customer,3,89,200,14.195100,
policy_only,8,3,perf-policy_only-r008-20260818T053210Z,loan_to_customer,3,90,200,14.332700,
policy_only,8,3,perf-policy_only-r008-20260818T053210Z,loan_to_customer,3,91,200,13.885000,
policy_only,8,3,perf-policy_only-r008-20260818T053210Z,loan_to_customer,3,92,200,14.536900,
policy_only,8,3,perf-policy_only-r008-20260818T053210Z,loan_to_customer,3,93,200,14.068400,
policy_only,8,3,perf-policy_only-r008-20260818T053210Z,loan_to_customer,3,94,200,14.385700,
policy_only,8,3,perf-policy_only-r008-20260818T053210Z,loan_to_customer,3,95,200,13.675600,
policy_only,8,3,perf-policy_only-r008-20260818T053210Z,loan_to_customer,3,96,200,14.860400,
policy_only,8,3,perf-policy_only-r008-20260818T053210Z,loan_to_customer,3,97,200,15.326200,
policy_only,8,3,perf-policy_only-r008-20260818T053210Z,loan_to_customer,3,98,200,15.245300,
policy_only,8,3,perf-policy_only-r008-20260818T053210Z,loan_to_customer,3,99,200,15.354400,
policy_only,8,3,perf-policy_only-r008-20260818T053210Z,loan_to_customer,3,100,200,15.536300,
policy_only,8,3,perf-policy_only-r008-20260818T053210Z,loan_to_customer,3,101,200,15.053100,
policy_only,8,3,perf-policy_only-r008-20260818T053210Z,loan_to_customer,3,102,200,15.042900,
policy_only,8,3,perf-policy_only-r008-20260818T053210Z,loan_to_customer,3,103,200,14.301000,
policy_only,8,3,perf-policy_only-r008-20260818T053210Z,loan_to_customer,3,104,200,15.102500,
policy_only,8,3,perf-policy_only-r008-20260818T053210Z,loan_to_customer,3,105,200,14.696400,
policy_only,8,3,perf-policy_only-r008-20260818T053210Z,loan_to_customer,3,106,200,16.539700,
policy_only,8,3,perf-policy_only-r008-20260818T053210Z,loan_to_customer,3,107,200,15.186300,
policy_only,8,3,perf-policy_only-r008-20260818T053210Z,loan_to_customer,3,108,200,14.561400,
policy_only,8,3,perf-policy_only-r008-20260818T053210Z,loan_to_customer,3,109,200,13.809000,
policy_only,8,3,perf-policy_only-r008-20260818T053210Z,loan_to_customer,3,110,200,15.216500,
policy_only,8,3,perf-policy_only-r008-20260818T053210Z,loan_to_customer,3,111,200,14.090800,
policy_only,8,3,perf-policy_only-r008-20260818T053210Z,loan_to_customer,3,112,200,14.908100,
policy_only,8,3,perf-policy_only-r008-20260818T053210Z,loan_to_customer,3,113,200,15.225500,
policy_only,8,3,perf-policy_only-r008-20260818T053210Z,loan_to_customer,3,114,200,14.567500,
policy_only,8,3,perf-policy_only-r008-20260818T053210Z,loan_to_customer,3,115,200,14.428200,
policy_only,8,3,perf-policy_only-r008-20260818T053210Z,loan_to_customer,3,116,200,14.614100,
policy_only,8,3,perf-policy_only-r008-20260818T053210Z,loan_to_customer,3,117,200,14.164600,
policy_only,8,3,perf-policy_only-r008-20260818T053210Z,loan_to_customer,3,118,200,14.375200,
policy_only,8,3,perf-policy_only-r008-20260818T053210Z,loan_to_customer,3,119,200,13.850100,
policy_only,8,3,perf-policy_only-r008-20260818T053210Z,loan_to_customer,3,120,200,14.205800,
policy_only,8,3,perf-policy_only-r008-20260818T053210Z,loan_to_customer,3,121,200,14.084000,
policy_only,8,3,perf-policy_only-r008-20260818T053210Z,loan_to_customer,3,122,200,14.388900,
policy_only,8,3,perf-policy_only-r008-20260818T053210Z,loan_to_customer,3,123,200,15.895000,
policy_only,8,3,perf-policy_only-r008-20260818T053210Z,loan_to_customer,3,124,200,14.850500,
policy_only,8,3,perf-policy_only-r008-20260818T053210Z,loan_to_customer,3,125,200,15.416800,
policy_only,8,3,perf-policy_only-r008-20260818T053210Z,loan_to_customer,3,126,200,15.627600,
policy_only,8,3,perf-policy_only-r008-20260818T053210Z,loan_to_customer,3,127,200,14.329300,
policy_only,8,3,perf-policy_only-r008-20260818T053210Z,loan_to_customer,3,128,200,15.597800,
policy_only,8,3,perf-policy_only-r008-20260818T053210Z,loan_to_customer,3,129,200,15.640200,
policy_only,8,3,perf-policy_only-r008-20260818T053210Z,loan_to_customer,3,130,200,15.368300,
policy_only,8,3,perf-policy_only-r008-20260818T053210Z,loan_to_customer,3,131,200,15.408000,
policy_only,8,3,perf-policy_only-r008-20260818T053210Z,loan_to_customer,3,132,200,15.422800,
policy_only,8,3,perf-policy_only-r008-20260818T053210Z,loan_to_customer,3,133,200,15.506500,
policy_only,8,3,perf-policy_only-r008-20260818T053210Z,loan_to_customer,3,134,200,15.704900,
policy_only,8,3,perf-policy_only-r008-20260818T053210Z,loan_to_customer,3,135,200,15.824800,
policy_only,8,3,perf-policy_only-r008-20260818T053210Z,loan_to_customer,3,136,200,15.596300,
policy_only,8,3,perf-policy_only-r008-20260818T053210Z,loan_to_customer,3,137,200,14.922300,
policy_only,8,3,perf-policy_only-r008-20260818T053210Z,loan_to_customer,3,138,200,14.971600,
policy_only,8,3,perf-policy_only-r008-20260818T053210Z,loan_to_customer,3,139,200,15.659400,
policy_only,8,3,perf-policy_only-r008-20260818T053210Z,loan_to_customer,3,140,200,16.222000,
policy_only,8,3,perf-policy_only-r008-20260818T053210Z,loan_to_customer,3,141,200,16.458900,
policy_only,8,3,perf-policy_only-r008-20260818T053210Z,loan_to_customer,3,142,200,15.626100,
policy_only,8,3,perf-policy_only-r008-20260818T053210Z,loan_to_customer,3,143,200,15.518700,
policy_only,8,3,perf-policy_only-r008-20260818T053210Z,loan_to_customer,3,144,200,15.231800,
policy_only,8,3,perf-policy_only-r008-20260818T053210Z,loan_to_customer,3,145,200,15.552400,
policy_only,8,3,perf-policy_only-r008-20260818T053210Z,loan_to_customer,3,146,200,16.043500,
policy_only,8,3,perf-policy_only-r008-20260818T053210Z,loan_to_customer,3,147,200,15.998400,
policy_only,8,3,perf-policy_only-r008-20260818T053210Z,loan_to_customer,3,148,200,15.763900,
policy_only,8,3,perf-policy_only-r008-20260818T053210Z,loan_to_customer,3,149,200,14.859800,
policy_only,8,3,perf-policy_only-r008-20260818T053210Z,loan_to_customer,3,150,200,15.282600,
policy_only,8,3,perf-policy_only-r008-20260818T053210Z,loan_to_customer,3,151,200,15.131300,
policy_only,8,3,perf-policy_only-r008-20260818T053210Z,loan_to_customer,3,152,200,15.168100,
policy_only,8,3,perf-policy_only-r008-20260818T053210Z,loan_to_customer,3,153,200,15.474600,
policy_only,8,3,perf-policy_only-r008-20260818T053210Z,loan_to_customer,3,154,200,15.968700,
policy_only,8,3,perf-policy_only-r008-20260818T053210Z,loan_to_customer,3,155,200,15.477100,
policy_only,8,3,perf-policy_only-r008-20260818T053210Z,loan_to_customer,3,156,200,16.256600,
policy_only,8,3,perf-policy_only-r008-20260818T053210Z,loan_to_customer,3,157,200,17.700000,
policy_only,8,3,perf-policy_only-r008-20260818T053210Z,loan_to_customer,3,158,200,15.821800,
policy_only,8,3,perf-policy_only-r008-20260818T053210Z,loan_to_customer,3,159,200,16.129400,
policy_only,8,3,perf-policy_only-r008-20260818T053210Z,loan_to_customer,3,160,200,16.443800,
policy_only,8,3,perf-policy_only-r008-20260818T053210Z,loan_to_customer,3,161,200,16.952100,
policy_only,8,3,perf-policy_only-r008-20260818T053210Z,loan_to_customer,3,162,200,16.672600,
policy_only,8,3,perf-policy_only-r008-20260818T053210Z,loan_to_customer,3,163,200,16.073100,
policy_only,8,3,perf-policy_only-r008-20260818T053210Z,loan_to_customer,3,164,200,16.577100,
policy_only,8,3,perf-policy_only-r008-20260818T053210Z,loan_to_customer,3,165,200,17.957000,
policy_only,8,3,perf-policy_only-r008-20260818T053210Z,loan_to_customer,3,166,200,18.530700,
policy_only,8,3,perf-policy_only-r008-20260818T053210Z,loan_to_customer,3,167,200,15.472100,
policy_only,8,3,perf-policy_only-r008-20260818T053210Z,loan_to_customer,3,168,200,14.796900,
policy_only,8,3,perf-policy_only-r008-20260818T053210Z,loan_to_customer,3,169,200,15.512900,
policy_only,8,3,perf-policy_only-r008-20260818T053210Z,loan_to_customer,3,170,200,14.934500,
policy_only,8,3,perf-policy_only-r008-20260818T053210Z,loan_to_customer,3,171,200,14.318700,
policy_only,8,3,perf-policy_only-r008-20260818T053210Z,loan_to_customer,3,172,200,15.880300,
policy_only,8,3,perf-policy_only-r008-20260818T053210Z,loan_to_customer,3,173,200,14.880100,
policy_only,8,3,perf-policy_only-r008-20260818T053210Z,loan_to_customer,3,174,200,14.026700,
policy_only,8,3,perf-policy_only-r008-20260818T053210Z,loan_to_customer,3,175,200,14.811200,
policy_only,8,3,perf-policy_only-r008-20260818T053210Z,loan_to_customer,3,176,200,14.779800,
policy_only,8,3,perf-policy_only-r008-20260818T053210Z,loan_to_customer,3,177,200,15.946600,
policy_only,8,3,perf-policy_only-r008-20260818T053210Z,loan_to_customer,3,178,200,15.365300,
policy_only,8,3,perf-policy_only-r008-20260818T053210Z,loan_to_customer,3,179,200,15.066700,
policy_only,8,3,perf-policy_only-r008-20260818T053210Z,loan_to_customer,3,180,200,15.163100,
policy_only,8,3,perf-policy_only-r008-20260818T053210Z,loan_to_customer,3,181,200,15.160900,
policy_only,8,3,perf-policy_only-r008-20260818T053210Z,loan_to_customer,3,182,200,14.699800,
policy_only,8,3,perf-policy_only-r008-20260818T053210Z,loan_to_customer,3,183,200,14.258600,
policy_only,8,3,perf-policy_only-r008-20260818T053210Z,loan_to_customer,3,184,200,14.620400,
policy_only,8,3,perf-policy_only-r008-20260818T053210Z,loan_to_customer,3,185,200,14.361300,
policy_only,8,3,perf-policy_only-r008-20260818T053210Z,loan_to_customer,3,186,200,14.347100,
policy_only,8,3,perf-policy_only-r008-20260818T053210Z,loan_to_customer,3,187,200,14.568100,
policy_only,8,3,perf-policy_only-r008-20260818T053210Z,loan_to_customer,3,188,200,15.278700,
policy_only,8,3,perf-policy_only-r008-20260818T053210Z,loan_to_customer,3,189,200,15.158600,
policy_only,8,3,perf-policy_only-r008-20260818T053210Z,loan_to_customer,3,190,200,14.028900,
policy_only,8,3,perf-policy_only-r008-20260818T053210Z,loan_to_customer,3,191,200,14.229500,
policy_only,8,3,perf-policy_only-r008-20260818T053210Z,loan_to_customer,3,192,200,13.896000,
policy_only,8,3,perf-policy_only-r008-20260818T053210Z,loan_to_customer,3,193,200,14.304400,
policy_only,8,3,perf-policy_only-r008-20260818T053210Z,loan_to_customer,3,194,200,14.218200,
policy_only,8,3,perf-policy_only-r008-20260818T053210Z,loan_to_customer,3,195,200,14.287500,
policy_only,8,3,perf-policy_only-r008-20260818T053210Z,loan_to_customer,3,196,200,14.742700,
policy_only,8,3,perf-policy_only-r008-20260818T053210Z,loan_to_customer,3,197,200,14.653700,
policy_only,8,3,perf-policy_only-r008-20260818T053210Z,loan_to_customer,3,198,200,15.083700,
policy_only,8,3,perf-policy_only-r008-20260818T053210Z,loan_to_customer,3,199,200,14.613400,
policy_only,8,3,perf-policy_only-r008-20260818T053210Z,loan_to_customer,3,200,200,14.855300,
policy_only,8,3,perf-policy_only-r008-20260818T053210Z,loan_to_credit,1,1,200,16.221500,
policy_only,8,3,perf-policy_only-r008-20260818T053210Z,loan_to_credit,1,2,200,15.794200,
policy_only,8,3,perf-policy_only-r008-20260818T053210Z,loan_to_credit,1,3,200,15.927400,
policy_only,8,3,perf-policy_only-r008-20260818T053210Z,loan_to_credit,1,4,200,19.933500,
policy_only,8,3,perf-policy_only-r008-20260818T053210Z,loan_to_credit,1,5,200,17.032400,
policy_only,8,3,perf-policy_only-r008-20260818T053210Z,loan_to_credit,1,6,200,16.034300,
policy_only,8,3,perf-policy_only-r008-20260818T053210Z,loan_to_credit,1,7,200,15.755200,
policy_only,8,3,perf-policy_only-r008-20260818T053210Z,loan_to_credit,1,8,200,19.948800,
policy_only,8,3,perf-policy_only-r008-20260818T053210Z,loan_to_credit,1,9,200,16.273400,
policy_only,8,3,perf-policy_only-r008-20260818T053210Z,loan_to_credit,1,10,200,16.290100,
policy_only,8,3,perf-policy_only-r008-20260818T053210Z,loan_to_credit,1,11,200,16.725000,
policy_only,8,3,perf-policy_only-r008-20260818T053210Z,loan_to_credit,1,12,200,15.836200,
policy_only,8,3,perf-policy_only-r008-20260818T053210Z,loan_to_credit,1,13,200,15.951600,
policy_only,8,3,perf-policy_only-r008-20260818T053210Z,loan_to_credit,1,14,200,15.994700,
policy_only,8,3,perf-policy_only-r008-20260818T053210Z,loan_to_credit,1,15,200,15.870900,
policy_only,8,3,perf-policy_only-r008-20260818T053210Z,loan_to_credit,1,16,200,16.213900,
policy_only,8,3,perf-policy_only-r008-20260818T053210Z,loan_to_credit,1,17,200,16.229100,
policy_only,8,3,perf-policy_only-r008-20260818T053210Z,loan_to_credit,1,18,200,16.443200,
policy_only,8,3,perf-policy_only-r008-20260818T053210Z,loan_to_credit,1,19,200,15.853700,
policy_only,8,3,perf-policy_only-r008-20260818T053210Z,loan_to_credit,1,20,200,16.303400,
policy_only,8,3,perf-policy_only-r008-20260818T053210Z,loan_to_credit,1,21,200,15.848200,
policy_only,8,3,perf-policy_only-r008-20260818T053210Z,loan_to_credit,1,22,200,16.166000,
policy_only,8,3,perf-policy_only-r008-20260818T053210Z,loan_to_credit,1,23,200,17.101100,
policy_only,8,3,perf-policy_only-r008-20260818T053210Z,loan_to_credit,1,24,200,16.174800,
policy_only,8,3,perf-policy_only-r008-20260818T053210Z,loan_to_credit,1,25,200,16.840400,
policy_only,8,3,perf-policy_only-r008-20260818T053210Z,loan_to_credit,1,26,200,16.006300,
policy_only,8,3,perf-policy_only-r008-20260818T053210Z,loan_to_credit,1,27,200,15.624000,
policy_only,8,3,perf-policy_only-r008-20260818T053210Z,loan_to_credit,1,28,200,16.130900,
policy_only,8,3,perf-policy_only-r008-20260818T053210Z,loan_to_credit,1,29,200,15.981100,
policy_only,8,3,perf-policy_only-r008-20260818T053210Z,loan_to_credit,1,30,200,15.497200,
policy_only,8,3,perf-policy_only-r008-20260818T053210Z,loan_to_credit,1,31,200,16.023900,
policy_only,8,3,perf-policy_only-r008-20260818T053210Z,loan_to_credit,1,32,200,16.284400,
policy_only,8,3,perf-policy_only-r008-20260818T053210Z,loan_to_credit,1,33,200,15.772800,
policy_only,8,3,perf-policy_only-r008-20260818T053210Z,loan_to_credit,1,34,200,16.024700,
policy_only,8,3,perf-policy_only-r008-20260818T053210Z,loan_to_credit,1,35,200,16.071300,
policy_only,8,3,perf-policy_only-r008-20260818T053210Z,loan_to_credit,1,36,200,15.906900,
policy_only,8,3,perf-policy_only-r008-20260818T053210Z,loan_to_credit,1,37,200,15.797000,
policy_only,8,3,perf-policy_only-r008-20260818T053210Z,loan_to_credit,1,38,200,16.213700,
policy_only,8,3,perf-policy_only-r008-20260818T053210Z,loan_to_credit,1,39,200,15.942800,
policy_only,8,3,perf-policy_only-r008-20260818T053210Z,loan_to_credit,1,40,200,16.166200,
policy_only,8,3,perf-policy_only-r008-20260818T053210Z,loan_to_credit,1,41,200,19.056700,
policy_only,8,3,perf-policy_only-r008-20260818T053210Z,loan_to_credit,1,42,200,15.952300,
policy_only,8,3,perf-policy_only-r008-20260818T053210Z,loan_to_credit,1,43,200,15.871100,
policy_only,8,3,perf-policy_only-r008-20260818T053210Z,loan_to_credit,1,44,200,16.545400,
policy_only,8,3,perf-policy_only-r008-20260818T053210Z,loan_to_credit,1,45,200,16.434100,
policy_only,8,3,perf-policy_only-r008-20260818T053210Z,loan_to_credit,1,46,200,16.497200,
policy_only,8,3,perf-policy_only-r008-20260818T053210Z,loan_to_credit,1,47,200,16.608400,
policy_only,8,3,perf-policy_only-r008-20260818T053210Z,loan_to_credit,1,48,200,16.279900,
policy_only,8,3,perf-policy_only-r008-20260818T053210Z,loan_to_credit,1,49,200,16.907800,
policy_only,8,3,perf-policy_only-r008-20260818T053210Z,loan_to_credit,1,50,200,15.711500,
policy_only,8,3,perf-policy_only-r008-20260818T053210Z,loan_to_credit,1,51,200,15.806700,
policy_only,8,3,perf-policy_only-r008-20260818T053210Z,loan_to_credit,1,52,200,16.568400,
policy_only,8,3,perf-policy_only-r008-20260818T053210Z,loan_to_credit,1,53,200,16.819800,
policy_only,8,3,perf-policy_only-r008-20260818T053210Z,loan_to_credit,1,54,200,16.841700,
policy_only,8,3,perf-policy_only-r008-20260818T053210Z,loan_to_credit,1,55,200,17.083700,
policy_only,8,3,perf-policy_only-r008-20260818T053210Z,loan_to_credit,1,56,200,18.269800,
policy_only,8,3,perf-policy_only-r008-20260818T053210Z,loan_to_credit,1,57,200,17.760300,
policy_only,8,3,perf-policy_only-r008-20260818T053210Z,loan_to_credit,1,58,200,15.504800,
policy_only,8,3,perf-policy_only-r008-20260818T053210Z,loan_to_credit,1,59,200,17.303900,
policy_only,8,3,perf-policy_only-r008-20260818T053210Z,loan_to_credit,1,60,200,16.645900,
policy_only,8,3,perf-policy_only-r008-20260818T053210Z,loan_to_credit,1,61,200,16.005800,
policy_only,8,3,perf-policy_only-r008-20260818T053210Z,loan_to_credit,1,62,200,20.249900,
policy_only,8,3,perf-policy_only-r008-20260818T053210Z,loan_to_credit,1,63,200,16.568900,
policy_only,8,3,perf-policy_only-r008-20260818T053210Z,loan_to_credit,1,64,200,15.999200,
policy_only,8,3,perf-policy_only-r008-20260818T053210Z,loan_to_credit,1,65,200,18.876400,
policy_only,8,3,perf-policy_only-r008-20260818T053210Z,loan_to_credit,1,66,200,16.648800,
policy_only,8,3,perf-policy_only-r008-20260818T053210Z,loan_to_credit,1,67,200,16.524800,
policy_only,8,3,perf-policy_only-r008-20260818T053210Z,loan_to_credit,1,68,200,16.477100,
policy_only,8,3,perf-policy_only-r008-20260818T053210Z,loan_to_credit,1,69,200,15.491100,
policy_only,8,3,perf-policy_only-r008-20260818T053210Z,loan_to_credit,1,70,200,16.889700,
policy_only,8,3,perf-policy_only-r008-20260818T053210Z,loan_to_credit,1,71,200,19.469000,
policy_only,8,3,perf-policy_only-r008-20260818T053210Z,loan_to_credit,1,72,200,16.688200,
policy_only,8,3,perf-policy_only-r008-20260818T053210Z,loan_to_credit,1,73,200,17.875500,
policy_only,8,3,perf-policy_only-r008-20260818T053210Z,loan_to_credit,1,74,200,16.137100,
policy_only,8,3,perf-policy_only-r008-20260818T053210Z,loan_to_credit,1,75,200,16.013500,
policy_only,8,3,perf-policy_only-r008-20260818T053210Z,loan_to_credit,1,76,200,15.784000,
policy_only,8,3,perf-policy_only-r008-20260818T053210Z,loan_to_credit,1,77,200,16.025000,
policy_only,8,3,perf-policy_only-r008-20260818T053210Z,loan_to_credit,1,78,200,16.272700,
policy_only,8,3,perf-policy_only-r008-20260818T053210Z,loan_to_credit,1,79,200,15.707100,
policy_only,8,3,perf-policy_only-r008-20260818T053210Z,loan_to_credit,1,80,200,16.120000,
policy_only,8,3,perf-policy_only-r008-20260818T053210Z,loan_to_credit,1,81,200,15.795100,
policy_only,8,3,perf-policy_only-r008-20260818T053210Z,loan_to_credit,1,82,200,16.013500,
policy_only,8,3,perf-policy_only-r008-20260818T053210Z,loan_to_credit,1,83,200,15.577000,
policy_only,8,3,perf-policy_only-r008-20260818T053210Z,loan_to_credit,1,84,200,16.605200,
policy_only,8,3,perf-policy_only-r008-20260818T053210Z,loan_to_credit,1,85,200,16.856900,
policy_only,8,3,perf-policy_only-r008-20260818T053210Z,loan_to_credit,1,86,200,16.785400,
policy_only,8,3,perf-policy_only-r008-20260818T053210Z,loan_to_credit,1,87,200,17.457700,
policy_only,8,3,perf-policy_only-r008-20260818T053210Z,loan_to_credit,1,88,200,16.793900,
policy_only,8,3,perf-policy_only-r008-20260818T053210Z,loan_to_credit,1,89,200,16.051900,
policy_only,8,3,perf-policy_only-r008-20260818T053210Z,loan_to_credit,1,90,200,16.679100,
policy_only,8,3,perf-policy_only-r008-20260818T053210Z,loan_to_credit,1,91,200,15.889100,
policy_only,8,3,perf-policy_only-r008-20260818T053210Z,loan_to_credit,1,92,200,16.559400,
policy_only,8,3,perf-policy_only-r008-20260818T053210Z,loan_to_credit,1,93,200,15.463400,
policy_only,8,3,perf-policy_only-r008-20260818T053210Z,loan_to_credit,1,94,200,16.087900,
policy_only,8,3,perf-policy_only-r008-20260818T053210Z,loan_to_credit,1,95,200,15.870200,
policy_only,8,3,perf-policy_only-r008-20260818T053210Z,loan_to_credit,1,96,200,16.351000,
policy_only,8,3,perf-policy_only-r008-20260818T053210Z,loan_to_credit,1,97,200,15.468900,
policy_only,8,3,perf-policy_only-r008-20260818T053210Z,loan_to_credit,1,98,200,15.931700,
policy_only,8,3,perf-policy_only-r008-20260818T053210Z,loan_to_credit,1,99,200,16.193500,
policy_only,8,3,perf-policy_only-r008-20260818T053210Z,loan_to_credit,1,100,200,15.780200,
policy_only,8,3,perf-policy_only-r008-20260818T053210Z,loan_to_credit,1,101,200,16.135800,
policy_only,8,3,perf-policy_only-r008-20260818T053210Z,loan_to_credit,1,102,200,18.805400,
policy_only,8,3,perf-policy_only-r008-20260818T053210Z,loan_to_credit,1,103,200,16.032500,
policy_only,8,3,perf-policy_only-r008-20260818T053210Z,loan_to_credit,1,104,200,16.313500,
policy_only,8,3,perf-policy_only-r008-20260818T053210Z,loan_to_credit,1,105,200,15.795900,
policy_only,8,3,perf-policy_only-r008-20260818T053210Z,loan_to_credit,1,106,200,17.439900,
policy_only,8,3,perf-policy_only-r008-20260818T053210Z,loan_to_credit,1,107,200,17.041800,
policy_only,8,3,perf-policy_only-r008-20260818T053210Z,loan_to_credit,1,108,200,16.765100,
policy_only,8,3,perf-policy_only-r008-20260818T053210Z,loan_to_credit,1,109,200,15.576000,
policy_only,8,3,perf-policy_only-r008-20260818T053210Z,loan_to_credit,1,110,200,16.473500,
policy_only,8,3,perf-policy_only-r008-20260818T053210Z,loan_to_credit,1,111,200,16.555000,
policy_only,8,3,perf-policy_only-r008-20260818T053210Z,loan_to_credit,1,112,200,16.908400,
policy_only,8,3,perf-policy_only-r008-20260818T053210Z,loan_to_credit,1,113,200,15.972700,
policy_only,8,3,perf-policy_only-r008-20260818T053210Z,loan_to_credit,1,114,200,15.929700,
policy_only,8,3,perf-policy_only-r008-20260818T053210Z,loan_to_credit,1,115,200,16.028600,
policy_only,8,3,perf-policy_only-r008-20260818T053210Z,loan_to_credit,1,116,200,16.112900,
policy_only,8,3,perf-policy_only-r008-20260818T053210Z,loan_to_credit,1,117,200,17.179800,
policy_only,8,3,perf-policy_only-r008-20260818T053210Z,loan_to_credit,1,118,200,16.722200,
policy_only,8,3,perf-policy_only-r008-20260818T053210Z,loan_to_credit,1,119,200,16.962600,
policy_only,8,3,perf-policy_only-r008-20260818T053210Z,loan_to_credit,1,120,200,15.862200,
policy_only,8,3,perf-policy_only-r008-20260818T053210Z,loan_to_credit,1,121,200,16.099200,
policy_only,8,3,perf-policy_only-r008-20260818T053210Z,loan_to_credit,1,122,200,16.145000,
policy_only,8,3,perf-policy_only-r008-20260818T053210Z,loan_to_credit,1,123,200,17.075200,
policy_only,8,3,perf-policy_only-r008-20260818T053210Z,loan_to_credit,1,124,200,16.117900,
policy_only,8,3,perf-policy_only-r008-20260818T053210Z,loan_to_credit,1,125,200,15.655800,
policy_only,8,3,perf-policy_only-r008-20260818T053210Z,loan_to_credit,1,126,200,16.343400,
policy_only,8,3,perf-policy_only-r008-20260818T053210Z,loan_to_credit,1,127,200,15.432000,
policy_only,8,3,perf-policy_only-r008-20260818T053210Z,loan_to_credit,1,128,200,16.991300,
policy_only,8,3,perf-policy_only-r008-20260818T053210Z,loan_to_credit,1,129,200,17.439600,
policy_only,8,3,perf-policy_only-r008-20260818T053210Z,loan_to_credit,1,130,200,15.486800,
policy_only,8,3,perf-policy_only-r008-20260818T053210Z,loan_to_credit,1,131,200,16.068900,
policy_only,8,3,perf-policy_only-r008-20260818T053210Z,loan_to_credit,1,132,200,15.813800,
policy_only,8,3,perf-policy_only-r008-20260818T053210Z,loan_to_credit,1,133,200,16.365300,
policy_only,8,3,perf-policy_only-r008-20260818T053210Z,loan_to_credit,1,134,200,15.724600,
policy_only,8,3,perf-policy_only-r008-20260818T053210Z,loan_to_credit,1,135,200,16.105400,
policy_only,8,3,perf-policy_only-r008-20260818T053210Z,loan_to_credit,1,136,200,15.835900,
policy_only,8,3,perf-policy_only-r008-20260818T053210Z,loan_to_credit,1,137,200,16.287600,
policy_only,8,3,perf-policy_only-r008-20260818T053210Z,loan_to_credit,1,138,200,16.692200,
policy_only,8,3,perf-policy_only-r008-20260818T053210Z,loan_to_credit,1,139,200,15.990900,
policy_only,8,3,perf-policy_only-r008-20260818T053210Z,loan_to_credit,1,140,200,16.166300,
policy_only,8,3,perf-policy_only-r008-20260818T053210Z,loan_to_credit,1,141,200,15.927100,
policy_only,8,3,perf-policy_only-r008-20260818T053210Z,loan_to_credit,1,142,200,17.197900,
policy_only,8,3,perf-policy_only-r008-20260818T053210Z,loan_to_credit,1,143,200,16.742100,
policy_only,8,3,perf-policy_only-r008-20260818T053210Z,loan_to_credit,1,144,200,16.266900,
policy_only,8,3,perf-policy_only-r008-20260818T053210Z,loan_to_credit,1,145,200,16.631200,
policy_only,8,3,perf-policy_only-r008-20260818T053210Z,loan_to_credit,1,146,200,16.522100,
policy_only,8,3,perf-policy_only-r008-20260818T053210Z,loan_to_credit,1,147,200,16.427400,
policy_only,8,3,perf-policy_only-r008-20260818T053210Z,loan_to_credit,1,148,200,16.130800,
policy_only,8,3,perf-policy_only-r008-20260818T053210Z,loan_to_credit,1,149,200,15.947400,
policy_only,8,3,perf-policy_only-r008-20260818T053210Z,loan_to_credit,1,150,200,17.315400,
policy_only,8,3,perf-policy_only-r008-20260818T053210Z,loan_to_credit,1,151,200,16.969200,
policy_only,8,3,perf-policy_only-r008-20260818T053210Z,loan_to_credit,1,152,200,15.787100,
policy_only,8,3,perf-policy_only-r008-20260818T053210Z,loan_to_credit,1,153,200,15.572600,
policy_only,8,3,perf-policy_only-r008-20260818T053210Z,loan_to_credit,1,154,200,15.897500,
policy_only,8,3,perf-policy_only-r008-20260818T053210Z,loan_to_credit,1,155,200,16.096700,
policy_only,8,3,perf-policy_only-r008-20260818T053210Z,loan_to_credit,1,156,200,15.881600,
policy_only,8,3,perf-policy_only-r008-20260818T053210Z,loan_to_credit,1,157,200,16.330400,
policy_only,8,3,perf-policy_only-r008-20260818T053210Z,loan_to_credit,1,158,200,16.764700,
policy_only,8,3,perf-policy_only-r008-20260818T053210Z,loan_to_credit,1,159,200,15.840300,
policy_only,8,3,perf-policy_only-r008-20260818T053210Z,loan_to_credit,1,160,200,16.386100,
policy_only,8,3,perf-policy_only-r008-20260818T053210Z,loan_to_credit,1,161,200,15.849800,
policy_only,8,3,perf-policy_only-r008-20260818T053210Z,loan_to_credit,1,162,200,15.738100,
policy_only,8,3,perf-policy_only-r008-20260818T053210Z,loan_to_credit,1,163,200,16.502200,
policy_only,8,3,perf-policy_only-r008-20260818T053210Z,loan_to_credit,1,164,200,16.853100,
policy_only,8,3,perf-policy_only-r008-20260818T053210Z,loan_to_credit,1,165,200,15.700900,
policy_only,8,3,perf-policy_only-r008-20260818T053210Z,loan_to_credit,1,166,200,19.245400,
policy_only,8,3,perf-policy_only-r008-20260818T053210Z,loan_to_credit,1,167,200,18.774300,
policy_only,8,3,perf-policy_only-r008-20260818T053210Z,loan_to_credit,1,168,200,17.339300,
policy_only,8,3,perf-policy_only-r008-20260818T053210Z,loan_to_credit,1,169,200,17.485300,
policy_only,8,3,perf-policy_only-r008-20260818T053210Z,loan_to_credit,1,170,200,20.244900,
policy_only,8,3,perf-policy_only-r008-20260818T053210Z,loan_to_credit,1,171,200,19.044100,
policy_only,8,3,perf-policy_only-r008-20260818T053210Z,loan_to_credit,1,172,200,16.788800,
policy_only,8,3,perf-policy_only-r008-20260818T053210Z,loan_to_credit,1,173,200,15.945000,
policy_only,8,3,perf-policy_only-r008-20260818T053210Z,loan_to_credit,1,174,200,16.022200,
policy_only,8,3,perf-policy_only-r008-20260818T053210Z,loan_to_credit,1,175,200,17.752000,
policy_only,8,3,perf-policy_only-r008-20260818T053210Z,loan_to_credit,1,176,200,18.435200,
policy_only,8,3,perf-policy_only-r008-20260818T053210Z,loan_to_credit,1,177,200,18.853800,
policy_only,8,3,perf-policy_only-r008-20260818T053210Z,loan_to_credit,1,178,200,19.220500,
policy_only,8,3,perf-policy_only-r008-20260818T053210Z,loan_to_credit,1,179,200,17.883200,
policy_only,8,3,perf-policy_only-r008-20260818T053210Z,loan_to_credit,1,180,200,21.540200,
policy_only,8,3,perf-policy_only-r008-20260818T053210Z,loan_to_credit,1,181,200,18.332300,
policy_only,8,3,perf-policy_only-r008-20260818T053210Z,loan_to_credit,1,182,200,16.978800,
policy_only,8,3,perf-policy_only-r008-20260818T053210Z,loan_to_credit,1,183,200,17.145500,
policy_only,8,3,perf-policy_only-r008-20260818T053210Z,loan_to_credit,1,184,200,15.472800,
policy_only,8,3,perf-policy_only-r008-20260818T053210Z,loan_to_credit,1,185,200,16.313400,
policy_only,8,3,perf-policy_only-r008-20260818T053210Z,loan_to_credit,1,186,200,15.601800,
policy_only,8,3,perf-policy_only-r008-20260818T053210Z,loan_to_credit,1,187,200,16.378700,
policy_only,8,3,perf-policy_only-r008-20260818T053210Z,loan_to_credit,1,188,200,17.996500,
policy_only,8,3,perf-policy_only-r008-20260818T053210Z,loan_to_credit,1,189,200,16.566300,
policy_only,8,3,perf-policy_only-r008-20260818T053210Z,loan_to_credit,1,190,200,20.182700,
policy_only,8,3,perf-policy_only-r008-20260818T053210Z,loan_to_credit,1,191,200,18.738900,
policy_only,8,3,perf-policy_only-r008-20260818T053210Z,loan_to_credit,1,192,200,17.171300,
policy_only,8,3,perf-policy_only-r008-20260818T053210Z,loan_to_credit,1,193,200,18.564900,
policy_only,8,3,perf-policy_only-r008-20260818T053210Z,loan_to_credit,1,194,200,16.247900,
policy_only,8,3,perf-policy_only-r008-20260818T053210Z,loan_to_credit,1,195,200,15.747400,
policy_only,8,3,perf-policy_only-r008-20260818T053210Z,loan_to_credit,1,196,200,16.231500,
policy_only,8,3,perf-policy_only-r008-20260818T053210Z,loan_to_credit,1,197,200,15.763300,
policy_only,8,3,perf-policy_only-r008-20260818T053210Z,loan_to_credit,1,198,200,16.058000,
policy_only,8,3,perf-policy_only-r008-20260818T053210Z,loan_to_credit,1,199,200,16.192100,
policy_only,8,3,perf-policy_only-r008-20260818T053210Z,loan_to_credit,1,200,200,16.270400,
policy_only,8,3,perf-policy_only-r008-20260818T053210Z,loan_to_credit,2,1,200,16.018500,
policy_only,8,3,perf-policy_only-r008-20260818T053210Z,loan_to_credit,2,2,200,16.551900,
policy_only,8,3,perf-policy_only-r008-20260818T053210Z,loan_to_credit,2,3,200,15.882400,
policy_only,8,3,perf-policy_only-r008-20260818T053210Z,loan_to_credit,2,4,200,16.346800,
policy_only,8,3,perf-policy_only-r008-20260818T053210Z,loan_to_credit,2,5,200,15.543000,
policy_only,8,3,perf-policy_only-r008-20260818T053210Z,loan_to_credit,2,6,200,15.159400,
policy_only,8,3,perf-policy_only-r008-20260818T053210Z,loan_to_credit,2,7,200,16.071100,
policy_only,8,3,perf-policy_only-r008-20260818T053210Z,loan_to_credit,2,8,200,16.080900,
policy_only,8,3,perf-policy_only-r008-20260818T053210Z,loan_to_credit,2,9,200,15.707000,
policy_only,8,3,perf-policy_only-r008-20260818T053210Z,loan_to_credit,2,10,200,16.366900,
policy_only,8,3,perf-policy_only-r008-20260818T053210Z,loan_to_credit,2,11,200,16.871600,
policy_only,8,3,perf-policy_only-r008-20260818T053210Z,loan_to_credit,2,12,200,17.226600,
policy_only,8,3,perf-policy_only-r008-20260818T053210Z,loan_to_credit,2,13,200,16.136400,
policy_only,8,3,perf-policy_only-r008-20260818T053210Z,loan_to_credit,2,14,200,17.725600,
policy_only,8,3,perf-policy_only-r008-20260818T053210Z,loan_to_credit,2,15,200,16.859100,
policy_only,8,3,perf-policy_only-r008-20260818T053210Z,loan_to_credit,2,16,200,16.993600,
policy_only,8,3,perf-policy_only-r008-20260818T053210Z,loan_to_credit,2,17,200,16.062300,
policy_only,8,3,perf-policy_only-r008-20260818T053210Z,loan_to_credit,2,18,200,18.126700,
policy_only,8,3,perf-policy_only-r008-20260818T053210Z,loan_to_credit,2,19,200,16.446900,
policy_only,8,3,perf-policy_only-r008-20260818T053210Z,loan_to_credit,2,20,200,15.882000,
policy_only,8,3,perf-policy_only-r008-20260818T053210Z,loan_to_credit,2,21,200,16.462800,
policy_only,8,3,perf-policy_only-r008-20260818T053210Z,loan_to_credit,2,22,200,15.836500,
policy_only,8,3,perf-policy_only-r008-20260818T053210Z,loan_to_credit,2,23,200,15.564600,
policy_only,8,3,perf-policy_only-r008-20260818T053210Z,loan_to_credit,2,24,200,16.154900,
policy_only,8,3,perf-policy_only-r008-20260818T053210Z,loan_to_credit,2,25,200,15.966000,
policy_only,8,3,perf-policy_only-r008-20260818T053210Z,loan_to_credit,2,26,200,16.128700,
policy_only,8,3,perf-policy_only-r008-20260818T053210Z,loan_to_credit,2,27,200,15.757800,
policy_only,8,3,perf-policy_only-r008-20260818T053210Z,loan_to_credit,2,28,200,16.049600,
policy_only,8,3,perf-policy_only-r008-20260818T053210Z,loan_to_credit,2,29,200,15.835500,
policy_only,8,3,perf-policy_only-r008-20260818T053210Z,loan_to_credit,2,30,200,16.437900,
policy_only,8,3,perf-policy_only-r008-20260818T053210Z,loan_to_credit,2,31,200,15.630100,
policy_only,8,3,perf-policy_only-r008-20260818T053210Z,loan_to_credit,2,32,200,15.983700,
policy_only,8,3,perf-policy_only-r008-20260818T053210Z,loan_to_credit,2,33,200,16.307600,
policy_only,8,3,perf-policy_only-r008-20260818T053210Z,loan_to_credit,2,34,200,21.308800,
policy_only,8,3,perf-policy_only-r008-20260818T053210Z,loan_to_credit,2,35,200,18.553900,
policy_only,8,3,perf-policy_only-r008-20260818T053210Z,loan_to_credit,2,36,200,19.219800,
policy_only,8,3,perf-policy_only-r008-20260818T053210Z,loan_to_credit,2,37,200,19.426400,
policy_only,8,3,perf-policy_only-r008-20260818T053210Z,loan_to_credit,2,38,200,19.999400,
policy_only,8,3,perf-policy_only-r008-20260818T053210Z,loan_to_credit,2,39,200,20.160100,
policy_only,8,3,perf-policy_only-r008-20260818T053210Z,loan_to_credit,2,40,200,24.205200,
policy_only,8,3,perf-policy_only-r008-20260818T053210Z,loan_to_credit,2,41,200,18.468500,
policy_only,8,3,perf-policy_only-r008-20260818T053210Z,loan_to_credit,2,42,200,16.516600,
policy_only,8,3,perf-policy_only-r008-20260818T053210Z,loan_to_credit,2,43,200,16.426300,
policy_only,8,3,perf-policy_only-r008-20260818T053210Z,loan_to_credit,2,44,200,16.221900,
policy_only,8,3,perf-policy_only-r008-20260818T053210Z,loan_to_credit,2,45,200,15.762800,
policy_only,8,3,perf-policy_only-r008-20260818T053210Z,loan_to_credit,2,46,200,15.036300,
policy_only,8,3,perf-policy_only-r008-20260818T053210Z,loan_to_credit,2,47,200,17.585900,
policy_only,8,3,perf-policy_only-r008-20260818T053210Z,loan_to_credit,2,48,200,18.438300,
policy_only,8,3,perf-policy_only-r008-20260818T053210Z,loan_to_credit,2,49,200,21.745800,
policy_only,8,3,perf-policy_only-r008-20260818T053210Z,loan_to_credit,2,50,200,18.937800,
policy_only,8,3,perf-policy_only-r008-20260818T053210Z,loan_to_credit,2,51,200,16.606100,
policy_only,8,3,perf-policy_only-r008-20260818T053210Z,loan_to_credit,2,52,200,16.765700,
policy_only,8,3,perf-policy_only-r008-20260818T053210Z,loan_to_credit,2,53,200,15.989700,
policy_only,8,3,perf-policy_only-r008-20260818T053210Z,loan_to_credit,2,54,200,16.161300,
policy_only,8,3,perf-policy_only-r008-20260818T053210Z,loan_to_credit,2,55,200,16.918800,
policy_only,8,3,perf-policy_only-r008-20260818T053210Z,loan_to_credit,2,56,200,16.956100,
policy_only,8,3,perf-policy_only-r008-20260818T053210Z,loan_to_credit,2,57,200,16.944700,
policy_only,8,3,perf-policy_only-r008-20260818T053210Z,loan_to_credit,2,58,200,17.355600,
policy_only,8,3,perf-policy_only-r008-20260818T053210Z,loan_to_credit,2,59,200,16.972300,
policy_only,8,3,perf-policy_only-r008-20260818T053210Z,loan_to_credit,2,60,200,18.605900,
policy_only,8,3,perf-policy_only-r008-20260818T053210Z,loan_to_credit,2,61,200,16.039600,
policy_only,8,3,perf-policy_only-r008-20260818T053210Z,loan_to_credit,2,62,200,15.751600,
policy_only,8,3,perf-policy_only-r008-20260818T053210Z,loan_to_credit,2,63,200,17.189700,
policy_only,8,3,perf-policy_only-r008-20260818T053210Z,loan_to_credit,2,64,200,16.563500,
policy_only,8,3,perf-policy_only-r008-20260818T053210Z,loan_to_credit,2,65,200,17.766700,
policy_only,8,3,perf-policy_only-r008-20260818T053210Z,loan_to_credit,2,66,200,16.371000,
policy_only,8,3,perf-policy_only-r008-20260818T053210Z,loan_to_credit,2,67,200,17.433900,
policy_only,8,3,perf-policy_only-r008-20260818T053210Z,loan_to_credit,2,68,200,16.613000,
policy_only,8,3,perf-policy_only-r008-20260818T053210Z,loan_to_credit,2,69,200,16.034800,
policy_only,8,3,perf-policy_only-r008-20260818T053210Z,loan_to_credit,2,70,200,17.320100,
policy_only,8,3,perf-policy_only-r008-20260818T053210Z,loan_to_credit,2,71,200,17.026400,
policy_only,8,3,perf-policy_only-r008-20260818T053210Z,loan_to_credit,2,72,200,16.874500,
policy_only,8,3,perf-policy_only-r008-20260818T053210Z,loan_to_credit,2,73,200,16.706700,
policy_only,8,3,perf-policy_only-r008-20260818T053210Z,loan_to_credit,2,74,200,15.753200,
policy_only,8,3,perf-policy_only-r008-20260818T053210Z,loan_to_credit,2,75,200,16.032000,
policy_only,8,3,perf-policy_only-r008-20260818T053210Z,loan_to_credit,2,76,200,15.850000,
policy_only,8,3,perf-policy_only-r008-20260818T053210Z,loan_to_credit,2,77,200,17.351200,
policy_only,8,3,perf-policy_only-r008-20260818T053210Z,loan_to_credit,2,78,200,16.645800,
policy_only,8,3,perf-policy_only-r008-20260818T053210Z,loan_to_credit,2,79,200,16.332000,
policy_only,8,3,perf-policy_only-r008-20260818T053210Z,loan_to_credit,2,80,200,16.959700,
policy_only,8,3,perf-policy_only-r008-20260818T053210Z,loan_to_credit,2,81,200,17.134300,
policy_only,8,3,perf-policy_only-r008-20260818T053210Z,loan_to_credit,2,82,200,16.794800,
policy_only,8,3,perf-policy_only-r008-20260818T053210Z,loan_to_credit,2,83,200,15.689700,
policy_only,8,3,perf-policy_only-r008-20260818T053210Z,loan_to_credit,2,84,200,15.854400,
policy_only,8,3,perf-policy_only-r008-20260818T053210Z,loan_to_credit,2,85,200,18.248800,
policy_only,8,3,perf-policy_only-r008-20260818T053210Z,loan_to_credit,2,86,200,18.255500,
policy_only,8,3,perf-policy_only-r008-20260818T053210Z,loan_to_credit,2,87,200,20.254200,
policy_only,8,3,perf-policy_only-r008-20260818T053210Z,loan_to_credit,2,88,200,19.766400,
policy_only,8,3,perf-policy_only-r008-20260818T053210Z,loan_to_credit,2,89,200,19.890800,
policy_only,8,3,perf-policy_only-r008-20260818T053210Z,loan_to_credit,2,90,200,17.250000,
policy_only,8,3,perf-policy_only-r008-20260818T053210Z,loan_to_credit,2,91,200,16.592600,
policy_only,8,3,perf-policy_only-r008-20260818T053210Z,loan_to_credit,2,92,200,15.951900,
policy_only,8,3,perf-policy_only-r008-20260818T053210Z,loan_to_credit,2,93,200,17.395000,
policy_only,8,3,perf-policy_only-r008-20260818T053210Z,loan_to_credit,2,94,200,17.304600,
policy_only,8,3,perf-policy_only-r008-20260818T053210Z,loan_to_credit,2,95,200,16.816700,
policy_only,8,3,perf-policy_only-r008-20260818T053210Z,loan_to_credit,2,96,200,16.545600,
policy_only,8,3,perf-policy_only-r008-20260818T053210Z,loan_to_credit,2,97,200,16.744900,
policy_only,8,3,perf-policy_only-r008-20260818T053210Z,loan_to_credit,2,98,200,16.671500,
policy_only,8,3,perf-policy_only-r008-20260818T053210Z,loan_to_credit,2,99,200,17.846100,
policy_only,8,3,perf-policy_only-r008-20260818T053210Z,loan_to_credit,2,100,200,17.117700,
policy_only,8,3,perf-policy_only-r008-20260818T053210Z,loan_to_credit,2,101,200,17.566300,
policy_only,8,3,perf-policy_only-r008-20260818T053210Z,loan_to_credit,2,102,200,16.656800,
policy_only,8,3,perf-policy_only-r008-20260818T053210Z,loan_to_credit,2,103,200,16.953000,
policy_only,8,3,perf-policy_only-r008-20260818T053210Z,loan_to_credit,2,104,200,15.728100,
policy_only,8,3,perf-policy_only-r008-20260818T053210Z,loan_to_credit,2,105,200,16.585000,
policy_only,8,3,perf-policy_only-r008-20260818T053210Z,loan_to_credit,2,106,200,16.874800,
policy_only,8,3,perf-policy_only-r008-20260818T053210Z,loan_to_credit,2,107,200,15.896500,
policy_only,8,3,perf-policy_only-r008-20260818T053210Z,loan_to_credit,2,108,200,16.040600,
policy_only,8,3,perf-policy_only-r008-20260818T053210Z,loan_to_credit,2,109,200,15.625100,
policy_only,8,3,perf-policy_only-r008-20260818T053210Z,loan_to_credit,2,110,200,14.903700,
policy_only,8,3,perf-policy_only-r008-20260818T053210Z,loan_to_credit,2,111,200,14.804700,
policy_only,8,3,perf-policy_only-r008-20260818T053210Z,loan_to_credit,2,112,200,16.170800,
policy_only,8,3,perf-policy_only-r008-20260818T053210Z,loan_to_credit,2,113,200,16.449500,
policy_only,8,3,perf-policy_only-r008-20260818T053210Z,loan_to_credit,2,114,200,15.616200,
policy_only,8,3,perf-policy_only-r008-20260818T053210Z,loan_to_credit,2,115,200,16.026800,
policy_only,8,3,perf-policy_only-r008-20260818T053210Z,loan_to_credit,2,116,200,15.950000,
policy_only,8,3,perf-policy_only-r008-20260818T053210Z,loan_to_credit,2,117,200,15.889900,
policy_only,8,3,perf-policy_only-r008-20260818T053210Z,loan_to_credit,2,118,200,15.922700,
policy_only,8,3,perf-policy_only-r008-20260818T053210Z,loan_to_credit,2,119,200,16.107500,
policy_only,8,3,perf-policy_only-r008-20260818T053210Z,loan_to_credit,2,120,200,16.063400,
policy_only,8,3,perf-policy_only-r008-20260818T053210Z,loan_to_credit,2,121,200,17.102700,
policy_only,8,3,perf-policy_only-r008-20260818T053210Z,loan_to_credit,2,122,200,16.021800,
policy_only,8,3,perf-policy_only-r008-20260818T053210Z,loan_to_credit,2,123,200,16.846300,
policy_only,8,3,perf-policy_only-r008-20260818T053210Z,loan_to_credit,2,124,200,15.725900,
policy_only,8,3,perf-policy_only-r008-20260818T053210Z,loan_to_credit,2,125,200,16.407700,
policy_only,8,3,perf-policy_only-r008-20260818T053210Z,loan_to_credit,2,126,200,17.362600,
policy_only,8,3,perf-policy_only-r008-20260818T053210Z,loan_to_credit,2,127,200,16.618800,
policy_only,8,3,perf-policy_only-r008-20260818T053210Z,loan_to_credit,2,128,200,15.978900,
policy_only,8,3,perf-policy_only-r008-20260818T053210Z,loan_to_credit,2,129,200,15.768300,
policy_only,8,3,perf-policy_only-r008-20260818T053210Z,loan_to_credit,2,130,200,16.010600,
policy_only,8,3,perf-policy_only-r008-20260818T053210Z,loan_to_credit,2,131,200,15.688000,
policy_only,8,3,perf-policy_only-r008-20260818T053210Z,loan_to_credit,2,132,200,16.072800,
policy_only,8,3,perf-policy_only-r008-20260818T053210Z,loan_to_credit,2,133,200,16.486600,
policy_only,8,3,perf-policy_only-r008-20260818T053210Z,loan_to_credit,2,134,200,16.989700,
policy_only,8,3,perf-policy_only-r008-20260818T053210Z,loan_to_credit,2,135,200,16.728200,
policy_only,8,3,perf-policy_only-r008-20260818T053210Z,loan_to_credit,2,136,200,15.736200,
policy_only,8,3,perf-policy_only-r008-20260818T053210Z,loan_to_credit,2,137,200,16.391200,
policy_only,8,3,perf-policy_only-r008-20260818T053210Z,loan_to_credit,2,138,200,15.430000,
policy_only,8,3,perf-policy_only-r008-20260818T053210Z,loan_to_credit,2,139,200,16.587200,
policy_only,8,3,perf-policy_only-r008-20260818T053210Z,loan_to_credit,2,140,200,15.440100,
policy_only,8,3,perf-policy_only-r008-20260818T053210Z,loan_to_credit,2,141,200,16.294400,
policy_only,8,3,perf-policy_only-r008-20260818T053210Z,loan_to_credit,2,142,200,15.852600,
policy_only,8,3,perf-policy_only-r008-20260818T053210Z,loan_to_credit,2,143,200,17.021100,
policy_only,8,3,perf-policy_only-r008-20260818T053210Z,loan_to_credit,2,144,200,15.622200,
policy_only,8,3,perf-policy_only-r008-20260818T053210Z,loan_to_credit,2,145,200,16.418200,
policy_only,8,3,perf-policy_only-r008-20260818T053210Z,loan_to_credit,2,146,200,17.308200,
policy_only,8,3,perf-policy_only-r008-20260818T053210Z,loan_to_credit,2,147,200,17.021000,
policy_only,8,3,perf-policy_only-r008-20260818T053210Z,loan_to_credit,2,148,200,16.724300,
policy_only,8,3,perf-policy_only-r008-20260818T053210Z,loan_to_credit,2,149,200,15.843700,
policy_only,8,3,perf-policy_only-r008-20260818T053210Z,loan_to_credit,2,150,200,15.945100,
policy_only,8,3,perf-policy_only-r008-20260818T053210Z,loan_to_credit,2,151,200,15.758700,
policy_only,8,3,perf-policy_only-r008-20260818T053210Z,loan_to_credit,2,152,200,16.190500,
policy_only,8,3,perf-policy_only-r008-20260818T053210Z,loan_to_credit,2,153,200,16.210100,
policy_only,8,3,perf-policy_only-r008-20260818T053210Z,loan_to_credit,2,154,200,15.514300,
policy_only,8,3,perf-policy_only-r008-20260818T053210Z,loan_to_credit,2,155,200,16.263800,
policy_only,8,3,perf-policy_only-r008-20260818T053210Z,loan_to_credit,2,156,200,15.847100,
policy_only,8,3,perf-policy_only-r008-20260818T053210Z,loan_to_credit,2,157,200,15.995800,
policy_only,8,3,perf-policy_only-r008-20260818T053210Z,loan_to_credit,2,158,200,16.096200,
policy_only,8,3,perf-policy_only-r008-20260818T053210Z,loan_to_credit,2,159,200,16.950600,
policy_only,8,3,perf-policy_only-r008-20260818T053210Z,loan_to_credit,2,160,200,17.164200,
policy_only,8,3,perf-policy_only-r008-20260818T053210Z,loan_to_credit,2,161,200,20.341800,
policy_only,8,3,perf-policy_only-r008-20260818T053210Z,loan_to_credit,2,162,200,19.399300,
policy_only,8,3,perf-policy_only-r008-20260818T053210Z,loan_to_credit,2,163,200,17.763100,
policy_only,8,3,perf-policy_only-r008-20260818T053210Z,loan_to_credit,2,164,200,17.823100,
policy_only,8,3,perf-policy_only-r008-20260818T053210Z,loan_to_credit,2,165,200,18.868200,
policy_only,8,3,perf-policy_only-r008-20260818T053210Z,loan_to_credit,2,166,200,17.932400,
policy_only,8,3,perf-policy_only-r008-20260818T053210Z,loan_to_credit,2,167,200,16.436500,
policy_only,8,3,perf-policy_only-r008-20260818T053210Z,loan_to_credit,2,168,200,16.084900,
policy_only,8,3,perf-policy_only-r008-20260818T053210Z,loan_to_credit,2,169,200,15.930200,
policy_only,8,3,perf-policy_only-r008-20260818T053210Z,loan_to_credit,2,170,200,15.673700,
policy_only,8,3,perf-policy_only-r008-20260818T053210Z,loan_to_credit,2,171,200,16.215800,
policy_only,8,3,perf-policy_only-r008-20260818T053210Z,loan_to_credit,2,172,200,16.756100,
policy_only,8,3,perf-policy_only-r008-20260818T053210Z,loan_to_credit,2,173,200,18.259100,
policy_only,8,3,perf-policy_only-r008-20260818T053210Z,loan_to_credit,2,174,200,17.064700,
policy_only,8,3,perf-policy_only-r008-20260818T053210Z,loan_to_credit,2,175,200,16.855600,
policy_only,8,3,perf-policy_only-r008-20260818T053210Z,loan_to_credit,2,176,200,16.837700,
policy_only,8,3,perf-policy_only-r008-20260818T053210Z,loan_to_credit,2,177,200,16.222600,
policy_only,8,3,perf-policy_only-r008-20260818T053210Z,loan_to_credit,2,178,200,16.672600,
policy_only,8,3,perf-policy_only-r008-20260818T053210Z,loan_to_credit,2,179,200,16.176900,
policy_only,8,3,perf-policy_only-r008-20260818T053210Z,loan_to_credit,2,180,200,17.179900,
policy_only,8,3,perf-policy_only-r008-20260818T053210Z,loan_to_credit,2,181,200,15.400400,
policy_only,8,3,perf-policy_only-r008-20260818T053210Z,loan_to_credit,2,182,200,16.096300,
policy_only,8,3,perf-policy_only-r008-20260818T053210Z,loan_to_credit,2,183,200,16.419600,
policy_only,8,3,perf-policy_only-r008-20260818T053210Z,loan_to_credit,2,184,200,15.559200,
policy_only,8,3,perf-policy_only-r008-20260818T053210Z,loan_to_credit,2,185,200,17.316500,
policy_only,8,3,perf-policy_only-r008-20260818T053210Z,loan_to_credit,2,186,200,16.035000,
policy_only,8,3,perf-policy_only-r008-20260818T053210Z,loan_to_credit,2,187,200,15.792900,
policy_only,8,3,perf-policy_only-r008-20260818T053210Z,loan_to_credit,2,188,200,15.859600,
policy_only,8,3,perf-policy_only-r008-20260818T053210Z,loan_to_credit,2,189,200,16.110000,
policy_only,8,3,perf-policy_only-r008-20260818T053210Z,loan_to_credit,2,190,200,17.090700,
policy_only,8,3,perf-policy_only-r008-20260818T053210Z,loan_to_credit,2,191,200,16.756300,
policy_only,8,3,perf-policy_only-r008-20260818T053210Z,loan_to_credit,2,192,200,15.794400,
policy_only,8,3,perf-policy_only-r008-20260818T053210Z,loan_to_credit,2,193,200,16.350000,
policy_only,8,3,perf-policy_only-r008-20260818T053210Z,loan_to_credit,2,194,200,17.193000,
policy_only,8,3,perf-policy_only-r008-20260818T053210Z,loan_to_credit,2,195,200,17.066600,
policy_only,8,3,perf-policy_only-r008-20260818T053210Z,loan_to_credit,2,196,200,17.196000,
policy_only,8,3,perf-policy_only-r008-20260818T053210Z,loan_to_credit,2,197,200,16.380500,
policy_only,8,3,perf-policy_only-r008-20260818T053210Z,loan_to_credit,2,198,200,15.603900,
policy_only,8,3,perf-policy_only-r008-20260818T053210Z,loan_to_credit,2,199,200,16.245500,
policy_only,8,3,perf-policy_only-r008-20260818T053210Z,loan_to_credit,2,200,200,16.993000,
policy_only,8,3,perf-policy_only-r008-20260818T053210Z,loan_to_credit,3,1,200,16.222800,
policy_only,8,3,perf-policy_only-r008-20260818T053210Z,loan_to_credit,3,2,200,15.929100,
policy_only,8,3,perf-policy_only-r008-20260818T053210Z,loan_to_credit,3,3,200,16.216000,
policy_only,8,3,perf-policy_only-r008-20260818T053210Z,loan_to_credit,3,4,200,18.641000,
policy_only,8,3,perf-policy_only-r008-20260818T053210Z,loan_to_credit,3,5,200,15.938700,
policy_only,8,3,perf-policy_only-r008-20260818T053210Z,loan_to_credit,3,6,200,15.965200,
policy_only,8,3,perf-policy_only-r008-20260818T053210Z,loan_to_credit,3,7,200,16.623900,
policy_only,8,3,perf-policy_only-r008-20260818T053210Z,loan_to_credit,3,8,200,16.876700,
policy_only,8,3,perf-policy_only-r008-20260818T053210Z,loan_to_credit,3,9,200,17.400600,
policy_only,8,3,perf-policy_only-r008-20260818T053210Z,loan_to_credit,3,10,200,16.157300,
policy_only,8,3,perf-policy_only-r008-20260818T053210Z,loan_to_credit,3,11,200,16.063000,
policy_only,8,3,perf-policy_only-r008-20260818T053210Z,loan_to_credit,3,12,200,15.854800,
policy_only,8,3,perf-policy_only-r008-20260818T053210Z,loan_to_credit,3,13,200,15.651000,
policy_only,8,3,perf-policy_only-r008-20260818T053210Z,loan_to_credit,3,14,200,15.932100,
policy_only,8,3,perf-policy_only-r008-20260818T053210Z,loan_to_credit,3,15,200,16.375000,
policy_only,8,3,perf-policy_only-r008-20260818T053210Z,loan_to_credit,3,16,200,16.925500,
policy_only,8,3,perf-policy_only-r008-20260818T053210Z,loan_to_credit,3,17,200,17.292500,
policy_only,8,3,perf-policy_only-r008-20260818T053210Z,loan_to_credit,3,18,200,16.783100,
policy_only,8,3,perf-policy_only-r008-20260818T053210Z,loan_to_credit,3,19,200,15.725800,
policy_only,8,3,perf-policy_only-r008-20260818T053210Z,loan_to_credit,3,20,200,16.075800,
policy_only,8,3,perf-policy_only-r008-20260818T053210Z,loan_to_credit,3,21,200,15.983900,
policy_only,8,3,perf-policy_only-r008-20260818T053210Z,loan_to_credit,3,22,200,17.044300,
policy_only,8,3,perf-policy_only-r008-20260818T053210Z,loan_to_credit,3,23,200,16.935300,
policy_only,8,3,perf-policy_only-r008-20260818T053210Z,loan_to_credit,3,24,200,16.143900,
policy_only,8,3,perf-policy_only-r008-20260818T053210Z,loan_to_credit,3,25,200,17.192700,
policy_only,8,3,perf-policy_only-r008-20260818T053210Z,loan_to_credit,3,26,200,16.361300,
policy_only,8,3,perf-policy_only-r008-20260818T053210Z,loan_to_credit,3,27,200,17.363600,
policy_only,8,3,perf-policy_only-r008-20260818T053210Z,loan_to_credit,3,28,200,17.312500,
policy_only,8,3,perf-policy_only-r008-20260818T053210Z,loan_to_credit,3,29,200,16.483500,
policy_only,8,3,perf-policy_only-r008-20260818T053210Z,loan_to_credit,3,30,200,17.131100,
policy_only,8,3,perf-policy_only-r008-20260818T053210Z,loan_to_credit,3,31,200,16.528400,
policy_only,8,3,perf-policy_only-r008-20260818T053210Z,loan_to_credit,3,32,200,16.516900,
policy_only,8,3,perf-policy_only-r008-20260818T053210Z,loan_to_credit,3,33,200,16.401400,
policy_only,8,3,perf-policy_only-r008-20260818T053210Z,loan_to_credit,3,34,200,16.354000,
policy_only,8,3,perf-policy_only-r008-20260818T053210Z,loan_to_credit,3,35,200,17.269200,
policy_only,8,3,perf-policy_only-r008-20260818T053210Z,loan_to_credit,3,36,200,16.537100,
policy_only,8,3,perf-policy_only-r008-20260818T053210Z,loan_to_credit,3,37,200,15.947500,
policy_only,8,3,perf-policy_only-r008-20260818T053210Z,loan_to_credit,3,38,200,15.946500,
policy_only,8,3,perf-policy_only-r008-20260818T053210Z,loan_to_credit,3,39,200,16.204100,
policy_only,8,3,perf-policy_only-r008-20260818T053210Z,loan_to_credit,3,40,200,15.675700,
policy_only,8,3,perf-policy_only-r008-20260818T053210Z,loan_to_credit,3,41,200,16.366500,
policy_only,8,3,perf-policy_only-r008-20260818T053210Z,loan_to_credit,3,42,200,16.983000,
policy_only,8,3,perf-policy_only-r008-20260818T053210Z,loan_to_credit,3,43,200,16.825200,
policy_only,8,3,perf-policy_only-r008-20260818T053210Z,loan_to_credit,3,44,200,16.908900,
policy_only,8,3,perf-policy_only-r008-20260818T053210Z,loan_to_credit,3,45,200,16.836900,
policy_only,8,3,perf-policy_only-r008-20260818T053210Z,loan_to_credit,3,46,200,16.987300,
policy_only,8,3,perf-policy_only-r008-20260818T053210Z,loan_to_credit,3,47,200,17.203700,
policy_only,8,3,perf-policy_only-r008-20260818T053210Z,loan_to_credit,3,48,200,16.023700,
policy_only,8,3,perf-policy_only-r008-20260818T053210Z,loan_to_credit,3,49,200,16.050300,
policy_only,8,3,perf-policy_only-r008-20260818T053210Z,loan_to_credit,3,50,200,15.848300,
policy_only,8,3,perf-policy_only-r008-20260818T053210Z,loan_to_credit,3,51,200,15.823800,
policy_only,8,3,perf-policy_only-r008-20260818T053210Z,loan_to_credit,3,52,200,16.394700,
policy_only,8,3,perf-policy_only-r008-20260818T053210Z,loan_to_credit,3,53,200,16.749900,
policy_only,8,3,perf-policy_only-r008-20260818T053210Z,loan_to_credit,3,54,200,16.075900,
policy_only,8,3,perf-policy_only-r008-20260818T053210Z,loan_to_credit,3,55,200,15.927100,
policy_only,8,3,perf-policy_only-r008-20260818T053210Z,loan_to_credit,3,56,200,16.702500,
policy_only,8,3,perf-policy_only-r008-20260818T053210Z,loan_to_credit,3,57,200,17.520600,
policy_only,8,3,perf-policy_only-r008-20260818T053210Z,loan_to_credit,3,58,200,18.766800,
policy_only,8,3,perf-policy_only-r008-20260818T053210Z,loan_to_credit,3,59,200,18.870400,
policy_only,8,3,perf-policy_only-r008-20260818T053210Z,loan_to_credit,3,60,200,18.707100,
policy_only,8,3,perf-policy_only-r008-20260818T053210Z,loan_to_credit,3,61,200,17.735900,
policy_only,8,3,perf-policy_only-r008-20260818T053210Z,loan_to_credit,3,62,200,16.225500,
policy_only,8,3,perf-policy_only-r008-20260818T053210Z,loan_to_credit,3,63,200,16.289200,
policy_only,8,3,perf-policy_only-r008-20260818T053210Z,loan_to_credit,3,64,200,16.921000,
policy_only,8,3,perf-policy_only-r008-20260818T053210Z,loan_to_credit,3,65,200,16.018700,
policy_only,8,3,perf-policy_only-r008-20260818T053210Z,loan_to_credit,3,66,200,18.196600,
policy_only,8,3,perf-policy_only-r008-20260818T053210Z,loan_to_credit,3,67,200,16.615800,
policy_only,8,3,perf-policy_only-r008-20260818T053210Z,loan_to_credit,3,68,200,16.095900,
policy_only,8,3,perf-policy_only-r008-20260818T053210Z,loan_to_credit,3,69,200,15.788900,
policy_only,8,3,perf-policy_only-r008-20260818T053210Z,loan_to_credit,3,70,200,16.196200,
policy_only,8,3,perf-policy_only-r008-20260818T053210Z,loan_to_credit,3,71,200,17.220900,
policy_only,8,3,perf-policy_only-r008-20260818T053210Z,loan_to_credit,3,72,200,15.553600,
policy_only,8,3,perf-policy_only-r008-20260818T053210Z,loan_to_credit,3,73,200,16.155900,
policy_only,8,3,perf-policy_only-r008-20260818T053210Z,loan_to_credit,3,74,200,16.064800,
policy_only,8,3,perf-policy_only-r008-20260818T053210Z,loan_to_credit,3,75,200,15.964500,
policy_only,8,3,perf-policy_only-r008-20260818T053210Z,loan_to_credit,3,76,200,15.535700,
policy_only,8,3,perf-policy_only-r008-20260818T053210Z,loan_to_credit,3,77,200,15.814800,
policy_only,8,3,perf-policy_only-r008-20260818T053210Z,loan_to_credit,3,78,200,16.495800,
policy_only,8,3,perf-policy_only-r008-20260818T053210Z,loan_to_credit,3,79,200,17.033500,
policy_only,8,3,perf-policy_only-r008-20260818T053210Z,loan_to_credit,3,80,200,15.688300,
policy_only,8,3,perf-policy_only-r008-20260818T053210Z,loan_to_credit,3,81,200,16.053300,
policy_only,8,3,perf-policy_only-r008-20260818T053210Z,loan_to_credit,3,82,200,16.093000,
policy_only,8,3,perf-policy_only-r008-20260818T053210Z,loan_to_credit,3,83,200,16.211000,
policy_only,8,3,perf-policy_only-r008-20260818T053210Z,loan_to_credit,3,84,200,18.508900,
policy_only,8,3,perf-policy_only-r008-20260818T053210Z,loan_to_credit,3,85,200,17.356200,
policy_only,8,3,perf-policy_only-r008-20260818T053210Z,loan_to_credit,3,86,200,17.290500,
policy_only,8,3,perf-policy_only-r008-20260818T053210Z,loan_to_credit,3,87,200,18.056000,
policy_only,8,3,perf-policy_only-r008-20260818T053210Z,loan_to_credit,3,88,200,20.061100,
policy_only,8,3,perf-policy_only-r008-20260818T053210Z,loan_to_credit,3,89,200,16.894000,
policy_only,8,3,perf-policy_only-r008-20260818T053210Z,loan_to_credit,3,90,200,17.770500,
policy_only,8,3,perf-policy_only-r008-20260818T053210Z,loan_to_credit,3,91,200,17.143100,
policy_only,8,3,perf-policy_only-r008-20260818T053210Z,loan_to_credit,3,92,200,16.568900,
policy_only,8,3,perf-policy_only-r008-20260818T053210Z,loan_to_credit,3,93,200,16.917400,
policy_only,8,3,perf-policy_only-r008-20260818T053210Z,loan_to_credit,3,94,200,19.010800,
policy_only,8,3,perf-policy_only-r008-20260818T053210Z,loan_to_credit,3,95,200,16.841900,
policy_only,8,3,perf-policy_only-r008-20260818T053210Z,loan_to_credit,3,96,200,15.937400,
policy_only,8,3,perf-policy_only-r008-20260818T053210Z,loan_to_credit,3,97,200,16.225700,
policy_only,8,3,perf-policy_only-r008-20260818T053210Z,loan_to_credit,3,98,200,16.011900,
policy_only,8,3,perf-policy_only-r008-20260818T053210Z,loan_to_credit,3,99,200,15.930500,
policy_only,8,3,perf-policy_only-r008-20260818T053210Z,loan_to_credit,3,100,200,15.710300,
policy_only,8,3,perf-policy_only-r008-20260818T053210Z,loan_to_credit,3,101,200,16.025500,
policy_only,8,3,perf-policy_only-r008-20260818T053210Z,loan_to_credit,3,102,200,15.839500,
policy_only,8,3,perf-policy_only-r008-20260818T053210Z,loan_to_credit,3,103,200,16.090700,
policy_only,8,3,perf-policy_only-r008-20260818T053210Z,loan_to_credit,3,104,200,16.169500,
policy_only,8,3,perf-policy_only-r008-20260818T053210Z,loan_to_credit,3,105,200,15.812900,
policy_only,8,3,perf-policy_only-r008-20260818T053210Z,loan_to_credit,3,106,200,15.928900,
policy_only,8,3,perf-policy_only-r008-20260818T053210Z,loan_to_credit,3,107,200,15.730100,
policy_only,8,3,perf-policy_only-r008-20260818T053210Z,loan_to_credit,3,108,200,16.496600,
policy_only,8,3,perf-policy_only-r008-20260818T053210Z,loan_to_credit,3,109,200,15.769800,
policy_only,8,3,perf-policy_only-r008-20260818T053210Z,loan_to_credit,3,110,200,16.072300,
policy_only,8,3,perf-policy_only-r008-20260818T053210Z,loan_to_credit,3,111,200,16.101500,
policy_only,8,3,perf-policy_only-r008-20260818T053210Z,loan_to_credit,3,112,200,17.372200,
policy_only,8,3,perf-policy_only-r008-20260818T053210Z,loan_to_credit,3,113,200,17.117400,
policy_only,8,3,perf-policy_only-r008-20260818T053210Z,loan_to_credit,3,114,200,16.099500,
policy_only,8,3,perf-policy_only-r008-20260818T053210Z,loan_to_credit,3,115,200,16.176200,
policy_only,8,3,perf-policy_only-r008-20260818T053210Z,loan_to_credit,3,116,200,15.911700,
policy_only,8,3,perf-policy_only-r008-20260818T053210Z,loan_to_credit,3,117,200,15.934600,
policy_only,8,3,perf-policy_only-r008-20260818T053210Z,loan_to_credit,3,118,200,16.088900,
policy_only,8,3,perf-policy_only-r008-20260818T053210Z,loan_to_credit,3,119,200,16.183700,
policy_only,8,3,perf-policy_only-r008-20260818T053210Z,loan_to_credit,3,120,200,17.303800,
policy_only,8,3,perf-policy_only-r008-20260818T053210Z,loan_to_credit,3,121,200,16.585700,
policy_only,8,3,perf-policy_only-r008-20260818T053210Z,loan_to_credit,3,122,200,16.878200,
policy_only,8,3,perf-policy_only-r008-20260818T053210Z,loan_to_credit,3,123,200,16.666800,
policy_only,8,3,perf-policy_only-r008-20260818T053210Z,loan_to_credit,3,124,200,15.888000,
policy_only,8,3,perf-policy_only-r008-20260818T053210Z,loan_to_credit,3,125,200,16.547000,
policy_only,8,3,perf-policy_only-r008-20260818T053210Z,loan_to_credit,3,126,200,16.895700,
policy_only,8,3,perf-policy_only-r008-20260818T053210Z,loan_to_credit,3,127,200,16.854200,
policy_only,8,3,perf-policy_only-r008-20260818T053210Z,loan_to_credit,3,128,200,15.768700,
policy_only,8,3,perf-policy_only-r008-20260818T053210Z,loan_to_credit,3,129,200,15.248300,
policy_only,8,3,perf-policy_only-r008-20260818T053210Z,loan_to_credit,3,130,200,15.943100,
policy_only,8,3,perf-policy_only-r008-20260818T053210Z,loan_to_credit,3,131,200,16.091800,
policy_only,8,3,perf-policy_only-r008-20260818T053210Z,loan_to_credit,3,132,200,15.445700,
policy_only,8,3,perf-policy_only-r008-20260818T053210Z,loan_to_credit,3,133,200,15.189000,
policy_only,8,3,perf-policy_only-r008-20260818T053210Z,loan_to_credit,3,134,200,15.902400,
policy_only,8,3,perf-policy_only-r008-20260818T053210Z,loan_to_credit,3,135,200,15.106800,
policy_only,8,3,perf-policy_only-r008-20260818T053210Z,loan_to_credit,3,136,200,15.812800,
policy_only,8,3,perf-policy_only-r008-20260818T053210Z,loan_to_credit,3,137,200,16.067000,
policy_only,8,3,perf-policy_only-r008-20260818T053210Z,loan_to_credit,3,138,200,16.240100,
policy_only,8,3,perf-policy_only-r008-20260818T053210Z,loan_to_credit,3,139,200,15.734100,
policy_only,8,3,perf-policy_only-r008-20260818T053210Z,loan_to_credit,3,140,200,15.959700,
policy_only,8,3,perf-policy_only-r008-20260818T053210Z,loan_to_credit,3,141,200,16.462600,
policy_only,8,3,perf-policy_only-r008-20260818T053210Z,loan_to_credit,3,142,200,16.497600,
policy_only,8,3,perf-policy_only-r008-20260818T053210Z,loan_to_credit,3,143,200,15.843000,
policy_only,8,3,perf-policy_only-r008-20260818T053210Z,loan_to_credit,3,144,200,16.235100,
policy_only,8,3,perf-policy_only-r008-20260818T053210Z,loan_to_credit,3,145,200,17.497100,
policy_only,8,3,perf-policy_only-r008-20260818T053210Z,loan_to_credit,3,146,200,16.564500,
policy_only,8,3,perf-policy_only-r008-20260818T053210Z,loan_to_credit,3,147,200,17.802800,
policy_only,8,3,perf-policy_only-r008-20260818T053210Z,loan_to_credit,3,148,200,16.443000,
policy_only,8,3,perf-policy_only-r008-20260818T053210Z,loan_to_credit,3,149,200,16.938400,
policy_only,8,3,perf-policy_only-r008-20260818T053210Z,loan_to_credit,3,150,200,15.927400,
policy_only,8,3,perf-policy_only-r008-20260818T053210Z,loan_to_credit,3,151,200,16.218100,
policy_only,8,3,perf-policy_only-r008-20260818T053210Z,loan_to_credit,3,152,200,18.803500,
policy_only,8,3,perf-policy_only-r008-20260818T053210Z,loan_to_credit,3,153,200,20.465600,
policy_only,8,3,perf-policy_only-r008-20260818T053210Z,loan_to_credit,3,154,200,20.202200,
policy_only,8,3,perf-policy_only-r008-20260818T053210Z,loan_to_credit,3,155,200,18.134200,
policy_only,8,3,perf-policy_only-r008-20260818T053210Z,loan_to_credit,3,156,200,17.536200,
policy_only,8,3,perf-policy_only-r008-20260818T053210Z,loan_to_credit,3,157,200,18.143800,
policy_only,8,3,perf-policy_only-r008-20260818T053210Z,loan_to_credit,3,158,200,17.941100,
policy_only,8,3,perf-policy_only-r008-20260818T053210Z,loan_to_credit,3,159,200,17.703700,
policy_only,8,3,perf-policy_only-r008-20260818T053210Z,loan_to_credit,3,160,200,18.485600,
policy_only,8,3,perf-policy_only-r008-20260818T053210Z,loan_to_credit,3,161,200,18.097800,
policy_only,8,3,perf-policy_only-r008-20260818T053210Z,loan_to_credit,3,162,200,18.763700,
policy_only,8,3,perf-policy_only-r008-20260818T053210Z,loan_to_credit,3,163,200,17.643900,
policy_only,8,3,perf-policy_only-r008-20260818T053210Z,loan_to_credit,3,164,200,17.772300,
policy_only,8,3,perf-policy_only-r008-20260818T053210Z,loan_to_credit,3,165,200,16.882600,
policy_only,8,3,perf-policy_only-r008-20260818T053210Z,loan_to_credit,3,166,200,17.036900,
policy_only,8,3,perf-policy_only-r008-20260818T053210Z,loan_to_credit,3,167,200,16.648300,
policy_only,8,3,perf-policy_only-r008-20260818T053210Z,loan_to_credit,3,168,200,17.629100,
policy_only,8,3,perf-policy_only-r008-20260818T053210Z,loan_to_credit,3,169,200,19.089000,
policy_only,8,3,perf-policy_only-r008-20260818T053210Z,loan_to_credit,3,170,200,17.778500,
policy_only,8,3,perf-policy_only-r008-20260818T053210Z,loan_to_credit,3,171,200,16.571600,
policy_only,8,3,perf-policy_only-r008-20260818T053210Z,loan_to_credit,3,172,200,17.455400,
policy_only,8,3,perf-policy_only-r008-20260818T053210Z,loan_to_credit,3,173,200,16.433000,
policy_only,8,3,perf-policy_only-r008-20260818T053210Z,loan_to_credit,3,174,200,15.844400,
policy_only,8,3,perf-policy_only-r008-20260818T053210Z,loan_to_credit,3,175,200,17.229800,
policy_only,8,3,perf-policy_only-r008-20260818T053210Z,loan_to_credit,3,176,200,19.216000,
policy_only,8,3,perf-policy_only-r008-20260818T053210Z,loan_to_credit,3,177,200,16.742100,
policy_only,8,3,perf-policy_only-r008-20260818T053210Z,loan_to_credit,3,178,200,18.165500,
policy_only,8,3,perf-policy_only-r008-20260818T053210Z,loan_to_credit,3,179,200,18.683000,
policy_only,8,3,perf-policy_only-r008-20260818T053210Z,loan_to_credit,3,180,200,18.881000,
policy_only,8,3,perf-policy_only-r008-20260818T053210Z,loan_to_credit,3,181,200,17.370600,
policy_only,8,3,perf-policy_only-r008-20260818T053210Z,loan_to_credit,3,182,200,17.096900,
policy_only,8,3,perf-policy_only-r008-20260818T053210Z,loan_to_credit,3,183,200,18.934800,
policy_only,8,3,perf-policy_only-r008-20260818T053210Z,loan_to_credit,3,184,200,16.853300,
policy_only,8,3,perf-policy_only-r008-20260818T053210Z,loan_to_credit,3,185,200,16.929800,
policy_only,8,3,perf-policy_only-r008-20260818T053210Z,loan_to_credit,3,186,200,17.480500,
policy_only,8,3,perf-policy_only-r008-20260818T053210Z,loan_to_credit,3,187,200,17.785000,
policy_only,8,3,perf-policy_only-r008-20260818T053210Z,loan_to_credit,3,188,200,19.173600,
policy_only,8,3,perf-policy_only-r008-20260818T053210Z,loan_to_credit,3,189,200,21.161400,
policy_only,8,3,perf-policy_only-r008-20260818T053210Z,loan_to_credit,3,190,200,20.512200,
policy_only,8,3,perf-policy_only-r008-20260818T053210Z,loan_to_credit,3,191,200,18.969700,
policy_only,8,3,perf-policy_only-r008-20260818T053210Z,loan_to_credit,3,192,200,18.768500,
policy_only,8,3,perf-policy_only-r008-20260818T053210Z,loan_to_credit,3,193,200,18.155200,
policy_only,8,3,perf-policy_only-r008-20260818T053210Z,loan_to_credit,3,194,200,18.261800,
policy_only,8,3,perf-policy_only-r008-20260818T053210Z,loan_to_credit,3,195,200,17.349500,
policy_only,8,3,perf-policy_only-r008-20260818T053210Z,loan_to_credit,3,196,200,17.997500,
policy_only,8,3,perf-policy_only-r008-20260818T053210Z,loan_to_credit,3,197,200,17.456600,
policy_only,8,3,perf-policy_only-r008-20260818T053210Z,loan_to_credit,3,198,200,18.357000,
policy_only,8,3,perf-policy_only-r008-20260818T053210Z,loan_to_credit,3,199,200,19.046700,
policy_only,8,3,perf-policy_only-r008-20260818T053210Z,loan_to_credit,3,200,200,18.823400,
policy_only,8,3,perf-policy_only-r008-20260818T053210Z,loan_to_aml,1,1,200,16.245400,
policy_only,8,3,perf-policy_only-r008-20260818T053210Z,loan_to_aml,1,2,200,17.117800,
policy_only,8,3,perf-policy_only-r008-20260818T053210Z,loan_to_aml,1,3,200,16.912900,
policy_only,8,3,perf-policy_only-r008-20260818T053210Z,loan_to_aml,1,4,200,17.006500,
policy_only,8,3,perf-policy_only-r008-20260818T053210Z,loan_to_aml,1,5,200,17.264500,
policy_only,8,3,perf-policy_only-r008-20260818T053210Z,loan_to_aml,1,6,200,16.589000,
policy_only,8,3,perf-policy_only-r008-20260818T053210Z,loan_to_aml,1,7,200,17.431800,
policy_only,8,3,perf-policy_only-r008-20260818T053210Z,loan_to_aml,1,8,200,18.606500,
policy_only,8,3,perf-policy_only-r008-20260818T053210Z,loan_to_aml,1,9,200,17.525700,
policy_only,8,3,perf-policy_only-r008-20260818T053210Z,loan_to_aml,1,10,200,16.934400,
policy_only,8,3,perf-policy_only-r008-20260818T053210Z,loan_to_aml,1,11,200,16.458100,
policy_only,8,3,perf-policy_only-r008-20260818T053210Z,loan_to_aml,1,12,200,16.723200,
policy_only,8,3,perf-policy_only-r008-20260818T053210Z,loan_to_aml,1,13,200,15.979300,
policy_only,8,3,perf-policy_only-r008-20260818T053210Z,loan_to_aml,1,14,200,16.255900,
policy_only,8,3,perf-policy_only-r008-20260818T053210Z,loan_to_aml,1,15,200,16.732900,
policy_only,8,3,perf-policy_only-r008-20260818T053210Z,loan_to_aml,1,16,200,16.698900,
policy_only,8,3,perf-policy_only-r008-20260818T053210Z,loan_to_aml,1,17,200,16.105100,
policy_only,8,3,perf-policy_only-r008-20260818T053210Z,loan_to_aml,1,18,200,17.025000,
policy_only,8,3,perf-policy_only-r008-20260818T053210Z,loan_to_aml,1,19,200,15.781300,
policy_only,8,3,perf-policy_only-r008-20260818T053210Z,loan_to_aml,1,20,200,17.113900,
policy_only,8,3,perf-policy_only-r008-20260818T053210Z,loan_to_aml,1,21,200,16.463300,
policy_only,8,3,perf-policy_only-r008-20260818T053210Z,loan_to_aml,1,22,200,16.151800,
policy_only,8,3,perf-policy_only-r008-20260818T053210Z,loan_to_aml,1,23,200,16.535600,
policy_only,8,3,perf-policy_only-r008-20260818T053210Z,loan_to_aml,1,24,200,15.947900,
policy_only,8,3,perf-policy_only-r008-20260818T053210Z,loan_to_aml,1,25,200,16.102600,
policy_only,8,3,perf-policy_only-r008-20260818T053210Z,loan_to_aml,1,26,200,16.143600,
policy_only,8,3,perf-policy_only-r008-20260818T053210Z,loan_to_aml,1,27,200,16.193100,
policy_only,8,3,perf-policy_only-r008-20260818T053210Z,loan_to_aml,1,28,200,15.342800,
policy_only,8,3,perf-policy_only-r008-20260818T053210Z,loan_to_aml,1,29,200,15.992300,
policy_only,8,3,perf-policy_only-r008-20260818T053210Z,loan_to_aml,1,30,200,15.884900,
policy_only,8,3,perf-policy_only-r008-20260818T053210Z,loan_to_aml,1,31,200,16.094900,
policy_only,8,3,perf-policy_only-r008-20260818T053210Z,loan_to_aml,1,32,200,16.193600,
policy_only,8,3,perf-policy_only-r008-20260818T053210Z,loan_to_aml,1,33,200,15.621900,
policy_only,8,3,perf-policy_only-r008-20260818T053210Z,loan_to_aml,1,34,200,16.185300,
policy_only,8,3,perf-policy_only-r008-20260818T053210Z,loan_to_aml,1,35,200,15.813600,
policy_only,8,3,perf-policy_only-r008-20260818T053210Z,loan_to_aml,1,36,200,15.887500,
policy_only,8,3,perf-policy_only-r008-20260818T053210Z,loan_to_aml,1,37,200,16.877300,
policy_only,8,3,perf-policy_only-r008-20260818T053210Z,loan_to_aml,1,38,200,16.139600,
policy_only,8,3,perf-policy_only-r008-20260818T053210Z,loan_to_aml,1,39,200,16.299800,
policy_only,8,3,perf-policy_only-r008-20260818T053210Z,loan_to_aml,1,40,200,16.409500,
policy_only,8,3,perf-policy_only-r008-20260818T053210Z,loan_to_aml,1,41,200,16.700000,
policy_only,8,3,perf-policy_only-r008-20260818T053210Z,loan_to_aml,1,42,200,16.056900,
policy_only,8,3,perf-policy_only-r008-20260818T053210Z,loan_to_aml,1,43,200,17.439200,
policy_only,8,3,perf-policy_only-r008-20260818T053210Z,loan_to_aml,1,44,200,16.400500,
policy_only,8,3,perf-policy_only-r008-20260818T053210Z,loan_to_aml,1,45,200,15.929700,
policy_only,8,3,perf-policy_only-r008-20260818T053210Z,loan_to_aml,1,46,200,15.543300,
policy_only,8,3,perf-policy_only-r008-20260818T053210Z,loan_to_aml,1,47,200,14.922000,
policy_only,8,3,perf-policy_only-r008-20260818T053210Z,loan_to_aml,1,48,200,17.754000,
policy_only,8,3,perf-policy_only-r008-20260818T053210Z,loan_to_aml,1,49,200,16.202600,
policy_only,8,3,perf-policy_only-r008-20260818T053210Z,loan_to_aml,1,50,200,14.925000,
policy_only,8,3,perf-policy_only-r008-20260818T053210Z,loan_to_aml,1,51,200,16.136300,
policy_only,8,3,perf-policy_only-r008-20260818T053210Z,loan_to_aml,1,52,200,16.059400,
policy_only,8,3,perf-policy_only-r008-20260818T053210Z,loan_to_aml,1,53,200,16.352500,
policy_only,8,3,perf-policy_only-r008-20260818T053210Z,loan_to_aml,1,54,200,17.017600,
policy_only,8,3,perf-policy_only-r008-20260818T053210Z,loan_to_aml,1,55,200,17.023100,
policy_only,8,3,perf-policy_only-r008-20260818T053210Z,loan_to_aml,1,56,200,16.700300,
policy_only,8,3,perf-policy_only-r008-20260818T053210Z,loan_to_aml,1,57,200,15.628200,
policy_only,8,3,perf-policy_only-r008-20260818T053210Z,loan_to_aml,1,58,200,16.092900,
policy_only,8,3,perf-policy_only-r008-20260818T053210Z,loan_to_aml,1,59,200,16.101800,
policy_only,8,3,perf-policy_only-r008-20260818T053210Z,loan_to_aml,1,60,200,16.144100,
policy_only,8,3,perf-policy_only-r008-20260818T053210Z,loan_to_aml,1,61,200,16.039400,
policy_only,8,3,perf-policy_only-r008-20260818T053210Z,loan_to_aml,1,62,200,15.974200,
policy_only,8,3,perf-policy_only-r008-20260818T053210Z,loan_to_aml,1,63,200,15.960100,
policy_only,8,3,perf-policy_only-r008-20260818T053210Z,loan_to_aml,1,64,200,16.151600,
policy_only,8,3,perf-policy_only-r008-20260818T053210Z,loan_to_aml,1,65,200,18.895100,
policy_only,8,3,perf-policy_only-r008-20260818T053210Z,loan_to_aml,1,66,200,17.142100,
policy_only,8,3,perf-policy_only-r008-20260818T053210Z,loan_to_aml,1,67,200,15.825600,
policy_only,8,3,perf-policy_only-r008-20260818T053210Z,loan_to_aml,1,68,200,15.803900,
policy_only,8,3,perf-policy_only-r008-20260818T053210Z,loan_to_aml,1,69,200,15.802400,
policy_only,8,3,perf-policy_only-r008-20260818T053210Z,loan_to_aml,1,70,200,15.910700,
policy_only,8,3,perf-policy_only-r008-20260818T053210Z,loan_to_aml,1,71,200,16.092000,
policy_only,8,3,perf-policy_only-r008-20260818T053210Z,loan_to_aml,1,72,200,16.789400,
policy_only,8,3,perf-policy_only-r008-20260818T053210Z,loan_to_aml,1,73,200,16.115000,
policy_only,8,3,perf-policy_only-r008-20260818T053210Z,loan_to_aml,1,74,200,15.861300,
policy_only,8,3,perf-policy_only-r008-20260818T053210Z,loan_to_aml,1,75,200,16.075800,
policy_only,8,3,perf-policy_only-r008-20260818T053210Z,loan_to_aml,1,76,200,16.661700,
policy_only,8,3,perf-policy_only-r008-20260818T053210Z,loan_to_aml,1,77,200,17.014200,
policy_only,8,3,perf-policy_only-r008-20260818T053210Z,loan_to_aml,1,78,200,16.670400,
policy_only,8,3,perf-policy_only-r008-20260818T053210Z,loan_to_aml,1,79,200,16.791400,
policy_only,8,3,perf-policy_only-r008-20260818T053210Z,loan_to_aml,1,80,200,16.064200,
policy_only,8,3,perf-policy_only-r008-20260818T053210Z,loan_to_aml,1,81,200,15.645100,
policy_only,8,3,perf-policy_only-r008-20260818T053210Z,loan_to_aml,1,82,200,16.207600,
policy_only,8,3,perf-policy_only-r008-20260818T053210Z,loan_to_aml,1,83,200,16.076900,
policy_only,8,3,perf-policy_only-r008-20260818T053210Z,loan_to_aml,1,84,200,15.979100,
policy_only,8,3,perf-policy_only-r008-20260818T053210Z,loan_to_aml,1,85,200,17.020500,
policy_only,8,3,perf-policy_only-r008-20260818T053210Z,loan_to_aml,1,86,200,19.159500,
policy_only,8,3,perf-policy_only-r008-20260818T053210Z,loan_to_aml,1,87,200,16.859300,
policy_only,8,3,perf-policy_only-r008-20260818T053210Z,loan_to_aml,1,88,200,16.640000,
policy_only,8,3,perf-policy_only-r008-20260818T053210Z,loan_to_aml,1,89,200,15.876600,
policy_only,8,3,perf-policy_only-r008-20260818T053210Z,loan_to_aml,1,90,200,16.161400,
policy_only,8,3,perf-policy_only-r008-20260818T053210Z,loan_to_aml,1,91,200,16.504600,
policy_only,8,3,perf-policy_only-r008-20260818T053210Z,loan_to_aml,1,92,200,15.552200,
policy_only,8,3,perf-policy_only-r008-20260818T053210Z,loan_to_aml,1,93,200,16.014700,
policy_only,8,3,perf-policy_only-r008-20260818T053210Z,loan_to_aml,1,94,200,16.136400,
policy_only,8,3,perf-policy_only-r008-20260818T053210Z,loan_to_aml,1,95,200,16.708100,
policy_only,8,3,perf-policy_only-r008-20260818T053210Z,loan_to_aml,1,96,200,16.025300,
policy_only,8,3,perf-policy_only-r008-20260818T053210Z,loan_to_aml,1,97,200,16.236100,
policy_only,8,3,perf-policy_only-r008-20260818T053210Z,loan_to_aml,1,98,200,15.426400,
policy_only,8,3,perf-policy_only-r008-20260818T053210Z,loan_to_aml,1,99,200,15.042500,
policy_only,8,3,perf-policy_only-r008-20260818T053210Z,loan_to_aml,1,100,200,16.176200,
policy_only,8,3,perf-policy_only-r008-20260818T053210Z,loan_to_aml,1,101,200,16.904200,
policy_only,8,3,perf-policy_only-r008-20260818T053210Z,loan_to_aml,1,102,200,16.306000,
policy_only,8,3,perf-policy_only-r008-20260818T053210Z,loan_to_aml,1,103,200,15.520600,
policy_only,8,3,perf-policy_only-r008-20260818T053210Z,loan_to_aml,1,104,200,15.957900,
policy_only,8,3,perf-policy_only-r008-20260818T053210Z,loan_to_aml,1,105,200,16.348200,
policy_only,8,3,perf-policy_only-r008-20260818T053210Z,loan_to_aml,1,106,200,20.846400,
policy_only,8,3,perf-policy_only-r008-20260818T053210Z,loan_to_aml,1,107,200,17.235600,
policy_only,8,3,perf-policy_only-r008-20260818T053210Z,loan_to_aml,1,108,200,17.716200,
policy_only,8,3,perf-policy_only-r008-20260818T053210Z,loan_to_aml,1,109,200,16.098700,
policy_only,8,3,perf-policy_only-r008-20260818T053210Z,loan_to_aml,1,110,200,15.724600,
policy_only,8,3,perf-policy_only-r008-20260818T053210Z,loan_to_aml,1,111,200,16.074800,
policy_only,8,3,perf-policy_only-r008-20260818T053210Z,loan_to_aml,1,112,200,15.796200,
policy_only,8,3,perf-policy_only-r008-20260818T053210Z,loan_to_aml,1,113,200,16.115100,
policy_only,8,3,perf-policy_only-r008-20260818T053210Z,loan_to_aml,1,114,200,18.750300,
policy_only,8,3,perf-policy_only-r008-20260818T053210Z,loan_to_aml,1,115,200,17.808800,
policy_only,8,3,perf-policy_only-r008-20260818T053210Z,loan_to_aml,1,116,200,17.999300,
policy_only,8,3,perf-policy_only-r008-20260818T053210Z,loan_to_aml,1,117,200,18.419300,
policy_only,8,3,perf-policy_only-r008-20260818T053210Z,loan_to_aml,1,118,200,17.693600,
policy_only,8,3,perf-policy_only-r008-20260818T053210Z,loan_to_aml,1,119,200,16.706000,
policy_only,8,3,perf-policy_only-r008-20260818T053210Z,loan_to_aml,1,120,200,16.590700,
policy_only,8,3,perf-policy_only-r008-20260818T053210Z,loan_to_aml,1,121,200,16.820700,
policy_only,8,3,perf-policy_only-r008-20260818T053210Z,loan_to_aml,1,122,200,16.233400,
policy_only,8,3,perf-policy_only-r008-20260818T053210Z,loan_to_aml,1,123,200,15.794900,
policy_only,8,3,perf-policy_only-r008-20260818T053210Z,loan_to_aml,1,124,200,15.932700,
policy_only,8,3,perf-policy_only-r008-20260818T053210Z,loan_to_aml,1,125,200,16.393500,
policy_only,8,3,perf-policy_only-r008-20260818T053210Z,loan_to_aml,1,126,200,16.719800,
policy_only,8,3,perf-policy_only-r008-20260818T053210Z,loan_to_aml,1,127,200,15.753400,
policy_only,8,3,perf-policy_only-r008-20260818T053210Z,loan_to_aml,1,128,200,15.826700,
policy_only,8,3,perf-policy_only-r008-20260818T053210Z,loan_to_aml,1,129,200,16.271300,
policy_only,8,3,perf-policy_only-r008-20260818T053210Z,loan_to_aml,1,130,200,17.726900,
policy_only,8,3,perf-policy_only-r008-20260818T053210Z,loan_to_aml,1,131,200,15.871300,
policy_only,8,3,perf-policy_only-r008-20260818T053210Z,loan_to_aml,1,132,200,16.622400,
policy_only,8,3,perf-policy_only-r008-20260818T053210Z,loan_to_aml,1,133,200,16.815700,
policy_only,8,3,perf-policy_only-r008-20260818T053210Z,loan_to_aml,1,134,200,17.011600,
policy_only,8,3,perf-policy_only-r008-20260818T053210Z,loan_to_aml,1,135,200,16.911600,
policy_only,8,3,perf-policy_only-r008-20260818T053210Z,loan_to_aml,1,136,200,16.296600,
policy_only,8,3,perf-policy_only-r008-20260818T053210Z,loan_to_aml,1,137,200,16.319000,
policy_only,8,3,perf-policy_only-r008-20260818T053210Z,loan_to_aml,1,138,200,17.386500,
policy_only,8,3,perf-policy_only-r008-20260818T053210Z,loan_to_aml,1,139,200,15.869800,
policy_only,8,3,perf-policy_only-r008-20260818T053210Z,loan_to_aml,1,140,200,15.725700,
policy_only,8,3,perf-policy_only-r008-20260818T053210Z,loan_to_aml,1,141,200,16.431700,
policy_only,8,3,perf-policy_only-r008-20260818T053210Z,loan_to_aml,1,142,200,17.061700,
policy_only,8,3,perf-policy_only-r008-20260818T053210Z,loan_to_aml,1,143,200,15.369600,
policy_only,8,3,perf-policy_only-r008-20260818T053210Z,loan_to_aml,1,144,200,16.742200,
policy_only,8,3,perf-policy_only-r008-20260818T053210Z,loan_to_aml,1,145,200,16.257100,
policy_only,8,3,perf-policy_only-r008-20260818T053210Z,loan_to_aml,1,146,200,16.740100,
policy_only,8,3,perf-policy_only-r008-20260818T053210Z,loan_to_aml,1,147,200,17.315300,
policy_only,8,3,perf-policy_only-r008-20260818T053210Z,loan_to_aml,1,148,200,16.579700,
policy_only,8,3,perf-policy_only-r008-20260818T053210Z,loan_to_aml,1,149,200,16.328900,
policy_only,8,3,perf-policy_only-r008-20260818T053210Z,loan_to_aml,1,150,200,16.250800,
policy_only,8,3,perf-policy_only-r008-20260818T053210Z,loan_to_aml,1,151,200,15.787100,
policy_only,8,3,perf-policy_only-r008-20260818T053210Z,loan_to_aml,1,152,200,16.006900,
policy_only,8,3,perf-policy_only-r008-20260818T053210Z,loan_to_aml,1,153,200,15.820900,
policy_only,8,3,perf-policy_only-r008-20260818T053210Z,loan_to_aml,1,154,200,16.472300,
policy_only,8,3,perf-policy_only-r008-20260818T053210Z,loan_to_aml,1,155,200,16.667000,
policy_only,8,3,perf-policy_only-r008-20260818T053210Z,loan_to_aml,1,156,200,15.938400,
policy_only,8,3,perf-policy_only-r008-20260818T053210Z,loan_to_aml,1,157,200,15.766600,
policy_only,8,3,perf-policy_only-r008-20260818T053210Z,loan_to_aml,1,158,200,16.001000,
policy_only,8,3,perf-policy_only-r008-20260818T053210Z,loan_to_aml,1,159,200,16.239500,
policy_only,8,3,perf-policy_only-r008-20260818T053210Z,loan_to_aml,1,160,200,16.058300,
policy_only,8,3,perf-policy_only-r008-20260818T053210Z,loan_to_aml,1,161,200,15.721800,
policy_only,8,3,perf-policy_only-r008-20260818T053210Z,loan_to_aml,1,162,200,15.949500,
policy_only,8,3,perf-policy_only-r008-20260818T053210Z,loan_to_aml,1,163,200,17.353900,
policy_only,8,3,perf-policy_only-r008-20260818T053210Z,loan_to_aml,1,164,200,17.097100,
policy_only,8,3,perf-policy_only-r008-20260818T053210Z,loan_to_aml,1,165,200,16.381000,
policy_only,8,3,perf-policy_only-r008-20260818T053210Z,loan_to_aml,1,166,200,16.256800,
policy_only,8,3,perf-policy_only-r008-20260818T053210Z,loan_to_aml,1,167,200,15.699900,
policy_only,8,3,perf-policy_only-r008-20260818T053210Z,loan_to_aml,1,168,200,16.104100,
policy_only,8,3,perf-policy_only-r008-20260818T053210Z,loan_to_aml,1,169,200,15.907800,
policy_only,8,3,perf-policy_only-r008-20260818T053210Z,loan_to_aml,1,170,200,16.340600,
policy_only,8,3,perf-policy_only-r008-20260818T053210Z,loan_to_aml,1,171,200,15.654500,
policy_only,8,3,perf-policy_only-r008-20260818T053210Z,loan_to_aml,1,172,200,16.100400,
policy_only,8,3,perf-policy_only-r008-20260818T053210Z,loan_to_aml,1,173,200,15.846300,
policy_only,8,3,perf-policy_only-r008-20260818T053210Z,loan_to_aml,1,174,200,16.834900,
policy_only,8,3,perf-policy_only-r008-20260818T053210Z,loan_to_aml,1,175,200,15.880500,
policy_only,8,3,perf-policy_only-r008-20260818T053210Z,loan_to_aml,1,176,200,15.992700,
policy_only,8,3,perf-policy_only-r008-20260818T053210Z,loan_to_aml,1,177,200,16.327800,
policy_only,8,3,perf-policy_only-r008-20260818T053210Z,loan_to_aml,1,178,200,17.316100,
policy_only,8,3,perf-policy_only-r008-20260818T053210Z,loan_to_aml,1,179,200,17.044300,
policy_only,8,3,perf-policy_only-r008-20260818T053210Z,loan_to_aml,1,180,200,16.577700,
policy_only,8,3,perf-policy_only-r008-20260818T053210Z,loan_to_aml,1,181,200,15.647100,
policy_only,8,3,perf-policy_only-r008-20260818T053210Z,loan_to_aml,1,182,200,15.150400,
policy_only,8,3,perf-policy_only-r008-20260818T053210Z,loan_to_aml,1,183,200,16.442300,
policy_only,8,3,perf-policy_only-r008-20260818T053210Z,loan_to_aml,1,184,200,15.624500,
policy_only,8,3,perf-policy_only-r008-20260818T053210Z,loan_to_aml,1,185,200,15.781700,
policy_only,8,3,perf-policy_only-r008-20260818T053210Z,loan_to_aml,1,186,200,15.948500,
policy_only,8,3,perf-policy_only-r008-20260818T053210Z,loan_to_aml,1,187,200,16.266100,
policy_only,8,3,perf-policy_only-r008-20260818T053210Z,loan_to_aml,1,188,200,15.828800,
policy_only,8,3,perf-policy_only-r008-20260818T053210Z,loan_to_aml,1,189,200,15.948200,
policy_only,8,3,perf-policy_only-r008-20260818T053210Z,loan_to_aml,1,190,200,16.218400,
policy_only,8,3,perf-policy_only-r008-20260818T053210Z,loan_to_aml,1,191,200,15.969100,
policy_only,8,3,perf-policy_only-r008-20260818T053210Z,loan_to_aml,1,192,200,15.875300,
policy_only,8,3,perf-policy_only-r008-20260818T053210Z,loan_to_aml,1,193,200,17.182300,
policy_only,8,3,perf-policy_only-r008-20260818T053210Z,loan_to_aml,1,194,200,16.389300,
policy_only,8,3,perf-policy_only-r008-20260818T053210Z,loan_to_aml,1,195,200,16.354500,
policy_only,8,3,perf-policy_only-r008-20260818T053210Z,loan_to_aml,1,196,200,16.871100,
policy_only,8,3,perf-policy_only-r008-20260818T053210Z,loan_to_aml,1,197,200,16.316500,
policy_only,8,3,perf-policy_only-r008-20260818T053210Z,loan_to_aml,1,198,200,15.757600,
policy_only,8,3,perf-policy_only-r008-20260818T053210Z,loan_to_aml,1,199,200,16.224300,
policy_only,8,3,perf-policy_only-r008-20260818T053210Z,loan_to_aml,1,200,200,15.675200,
policy_only,8,3,perf-policy_only-r008-20260818T053210Z,loan_to_aml,2,1,200,16.145700,
policy_only,8,3,perf-policy_only-r008-20260818T053210Z,loan_to_aml,2,2,200,15.993700,
policy_only,8,3,perf-policy_only-r008-20260818T053210Z,loan_to_aml,2,3,200,15.638400,
policy_only,8,3,perf-policy_only-r008-20260818T053210Z,loan_to_aml,2,4,200,15.975900,
policy_only,8,3,perf-policy_only-r008-20260818T053210Z,loan_to_aml,2,5,200,16.128000,
policy_only,8,3,perf-policy_only-r008-20260818T053210Z,loan_to_aml,2,6,200,15.851900,
policy_only,8,3,perf-policy_only-r008-20260818T053210Z,loan_to_aml,2,7,200,16.274700,
policy_only,8,3,perf-policy_only-r008-20260818T053210Z,loan_to_aml,2,8,200,16.003700,
policy_only,8,3,perf-policy_only-r008-20260818T053210Z,loan_to_aml,2,9,200,15.942500,
policy_only,8,3,perf-policy_only-r008-20260818T053210Z,loan_to_aml,2,10,200,15.952400,
policy_only,8,3,perf-policy_only-r008-20260818T053210Z,loan_to_aml,2,11,200,16.113600,
policy_only,8,3,perf-policy_only-r008-20260818T053210Z,loan_to_aml,2,12,200,17.785600,
policy_only,8,3,perf-policy_only-r008-20260818T053210Z,loan_to_aml,2,13,200,18.208400,
policy_only,8,3,perf-policy_only-r008-20260818T053210Z,loan_to_aml,2,14,200,17.694600,
policy_only,8,3,perf-policy_only-r008-20260818T053210Z,loan_to_aml,2,15,200,19.095300,
policy_only,8,3,perf-policy_only-r008-20260818T053210Z,loan_to_aml,2,16,200,18.531300,
policy_only,8,3,perf-policy_only-r008-20260818T053210Z,loan_to_aml,2,17,200,18.120200,
policy_only,8,3,perf-policy_only-r008-20260818T053210Z,loan_to_aml,2,18,200,18.353100,
policy_only,8,3,perf-policy_only-r008-20260818T053210Z,loan_to_aml,2,19,200,20.678500,
policy_only,8,3,perf-policy_only-r008-20260818T053210Z,loan_to_aml,2,20,200,19.469600,
policy_only,8,3,perf-policy_only-r008-20260818T053210Z,loan_to_aml,2,21,200,17.334200,
policy_only,8,3,perf-policy_only-r008-20260818T053210Z,loan_to_aml,2,22,200,16.158800,
policy_only,8,3,perf-policy_only-r008-20260818T053210Z,loan_to_aml,2,23,200,16.448800,
policy_only,8,3,perf-policy_only-r008-20260818T053210Z,loan_to_aml,2,24,200,16.652500,
policy_only,8,3,perf-policy_only-r008-20260818T053210Z,loan_to_aml,2,25,200,16.674800,
policy_only,8,3,perf-policy_only-r008-20260818T053210Z,loan_to_aml,2,26,200,17.815200,
policy_only,8,3,perf-policy_only-r008-20260818T053210Z,loan_to_aml,2,27,200,17.038700,
policy_only,8,3,perf-policy_only-r008-20260818T053210Z,loan_to_aml,2,28,200,17.025300,
policy_only,8,3,perf-policy_only-r008-20260818T053210Z,loan_to_aml,2,29,200,16.667800,
policy_only,8,3,perf-policy_only-r008-20260818T053210Z,loan_to_aml,2,30,200,17.090700,
policy_only,8,3,perf-policy_only-r008-20260818T053210Z,loan_to_aml,2,31,200,16.985000,
policy_only,8,3,perf-policy_only-r008-20260818T053210Z,loan_to_aml,2,32,200,18.793000,
policy_only,8,3,perf-policy_only-r008-20260818T053210Z,loan_to_aml,2,33,200,17.282400,
policy_only,8,3,perf-policy_only-r008-20260818T053210Z,loan_to_aml,2,34,200,19.471000,
policy_only,8,3,perf-policy_only-r008-20260818T053210Z,loan_to_aml,2,35,200,17.929200,
policy_only,8,3,perf-policy_only-r008-20260818T053210Z,loan_to_aml,2,36,200,17.491600,
policy_only,8,3,perf-policy_only-r008-20260818T053210Z,loan_to_aml,2,37,200,16.974700,
policy_only,8,3,perf-policy_only-r008-20260818T053210Z,loan_to_aml,2,38,200,17.837300,
policy_only,8,3,perf-policy_only-r008-20260818T053210Z,loan_to_aml,2,39,200,16.752000,
policy_only,8,3,perf-policy_only-r008-20260818T053210Z,loan_to_aml,2,40,200,18.732800,
policy_only,8,3,perf-policy_only-r008-20260818T053210Z,loan_to_aml,2,41,200,18.022800,
policy_only,8,3,perf-policy_only-r008-20260818T053210Z,loan_to_aml,2,42,200,17.779800,
policy_only,8,3,perf-policy_only-r008-20260818T053210Z,loan_to_aml,2,43,200,17.956000,
policy_only,8,3,perf-policy_only-r008-20260818T053210Z,loan_to_aml,2,44,200,16.550900,
policy_only,8,3,perf-policy_only-r008-20260818T053210Z,loan_to_aml,2,45,200,17.868700,
policy_only,8,3,perf-policy_only-r008-20260818T053210Z,loan_to_aml,2,46,200,18.013900,
policy_only,8,3,perf-policy_only-r008-20260818T053210Z,loan_to_aml,2,47,200,16.443300,
policy_only,8,3,perf-policy_only-r008-20260818T053210Z,loan_to_aml,2,48,200,17.962200,
policy_only,8,3,perf-policy_only-r008-20260818T053210Z,loan_to_aml,2,49,200,16.619900,
policy_only,8,3,perf-policy_only-r008-20260818T053210Z,loan_to_aml,2,50,200,16.600800,
policy_only,8,3,perf-policy_only-r008-20260818T053210Z,loan_to_aml,2,51,200,16.768300,
policy_only,8,3,perf-policy_only-r008-20260818T053210Z,loan_to_aml,2,52,200,16.405100,
policy_only,8,3,perf-policy_only-r008-20260818T053210Z,loan_to_aml,2,53,200,15.774600,
policy_only,8,3,perf-policy_only-r008-20260818T053210Z,loan_to_aml,2,54,200,15.679800,
policy_only,8,3,perf-policy_only-r008-20260818T053210Z,loan_to_aml,2,55,200,16.079800,
policy_only,8,3,perf-policy_only-r008-20260818T053210Z,loan_to_aml,2,56,200,16.250300,
policy_only,8,3,perf-policy_only-r008-20260818T053210Z,loan_to_aml,2,57,200,16.991600,
policy_only,8,3,perf-policy_only-r008-20260818T053210Z,loan_to_aml,2,58,200,15.685000,
policy_only,8,3,perf-policy_only-r008-20260818T053210Z,loan_to_aml,2,59,200,16.135800,
policy_only,8,3,perf-policy_only-r008-20260818T053210Z,loan_to_aml,2,60,200,15.905600,
policy_only,8,3,perf-policy_only-r008-20260818T053210Z,loan_to_aml,2,61,200,16.043500,
policy_only,8,3,perf-policy_only-r008-20260818T053210Z,loan_to_aml,2,62,200,17.239000,
policy_only,8,3,perf-policy_only-r008-20260818T053210Z,loan_to_aml,2,63,200,17.048300,
policy_only,8,3,perf-policy_only-r008-20260818T053210Z,loan_to_aml,2,64,200,17.684900,
policy_only,8,3,perf-policy_only-r008-20260818T053210Z,loan_to_aml,2,65,200,16.094400,
policy_only,8,3,perf-policy_only-r008-20260818T053210Z,loan_to_aml,2,66,200,16.231700,
policy_only,8,3,perf-policy_only-r008-20260818T053210Z,loan_to_aml,2,67,200,18.827300,
policy_only,8,3,perf-policy_only-r008-20260818T053210Z,loan_to_aml,2,68,200,15.763400,
policy_only,8,3,perf-policy_only-r008-20260818T053210Z,loan_to_aml,2,69,200,16.114800,
policy_only,8,3,perf-policy_only-r008-20260818T053210Z,loan_to_aml,2,70,200,15.959900,
policy_only,8,3,perf-policy_only-r008-20260818T053210Z,loan_to_aml,2,71,200,17.213100,
policy_only,8,3,perf-policy_only-r008-20260818T053210Z,loan_to_aml,2,72,200,17.136400,
policy_only,8,3,perf-policy_only-r008-20260818T053210Z,loan_to_aml,2,73,200,20.080500,
policy_only,8,3,perf-policy_only-r008-20260818T053210Z,loan_to_aml,2,74,200,20.727400,
policy_only,8,3,perf-policy_only-r008-20260818T053210Z,loan_to_aml,2,75,200,18.620000,
policy_only,8,3,perf-policy_only-r008-20260818T053210Z,loan_to_aml,2,76,200,19.613300,
policy_only,8,3,perf-policy_only-r008-20260818T053210Z,loan_to_aml,2,77,200,17.727200,
policy_only,8,3,perf-policy_only-r008-20260818T053210Z,loan_to_aml,2,78,200,15.802200,
policy_only,8,3,perf-policy_only-r008-20260818T053210Z,loan_to_aml,2,79,200,17.141900,
policy_only,8,3,perf-policy_only-r008-20260818T053210Z,loan_to_aml,2,80,200,16.639400,
policy_only,8,3,perf-policy_only-r008-20260818T053210Z,loan_to_aml,2,81,200,16.044300,
policy_only,8,3,perf-policy_only-r008-20260818T053210Z,loan_to_aml,2,82,200,17.138900,
policy_only,8,3,perf-policy_only-r008-20260818T053210Z,loan_to_aml,2,83,200,16.753700,
policy_only,8,3,perf-policy_only-r008-20260818T053210Z,loan_to_aml,2,84,200,17.481700,
policy_only,8,3,perf-policy_only-r008-20260818T053210Z,loan_to_aml,2,85,200,16.364500,
policy_only,8,3,perf-policy_only-r008-20260818T053210Z,loan_to_aml,2,86,200,15.734900,
policy_only,8,3,perf-policy_only-r008-20260818T053210Z,loan_to_aml,2,87,200,16.287900,
policy_only,8,3,perf-policy_only-r008-20260818T053210Z,loan_to_aml,2,88,200,15.879000,
policy_only,8,3,perf-policy_only-r008-20260818T053210Z,loan_to_aml,2,89,200,15.988700,
policy_only,8,3,perf-policy_only-r008-20260818T053210Z,loan_to_aml,2,90,200,15.506200,
policy_only,8,3,perf-policy_only-r008-20260818T053210Z,loan_to_aml,2,91,200,16.415800,
policy_only,8,3,perf-policy_only-r008-20260818T053210Z,loan_to_aml,2,92,200,15.593400,
policy_only,8,3,perf-policy_only-r008-20260818T053210Z,loan_to_aml,2,93,200,15.242300,
policy_only,8,3,perf-policy_only-r008-20260818T053210Z,loan_to_aml,2,94,200,15.775700,
policy_only,8,3,perf-policy_only-r008-20260818T053210Z,loan_to_aml,2,95,200,15.377200,
policy_only,8,3,perf-policy_only-r008-20260818T053210Z,loan_to_aml,2,96,200,16.060200,
policy_only,8,3,perf-policy_only-r008-20260818T053210Z,loan_to_aml,2,97,200,16.329400,
policy_only,8,3,perf-policy_only-r008-20260818T053210Z,loan_to_aml,2,98,200,16.974500,
policy_only,8,3,perf-policy_only-r008-20260818T053210Z,loan_to_aml,2,99,200,16.720100,
policy_only,8,3,perf-policy_only-r008-20260818T053210Z,loan_to_aml,2,100,200,16.111700,
policy_only,8,3,perf-policy_only-r008-20260818T053210Z,loan_to_aml,2,101,200,15.492800,
policy_only,8,3,perf-policy_only-r008-20260818T053210Z,loan_to_aml,2,102,200,15.247300,
policy_only,8,3,perf-policy_only-r008-20260818T053210Z,loan_to_aml,2,103,200,16.511500,
policy_only,8,3,perf-policy_only-r008-20260818T053210Z,loan_to_aml,2,104,200,16.467900,
policy_only,8,3,perf-policy_only-r008-20260818T053210Z,loan_to_aml,2,105,200,17.185100,
policy_only,8,3,perf-policy_only-r008-20260818T053210Z,loan_to_aml,2,106,200,15.717400,
policy_only,8,3,perf-policy_only-r008-20260818T053210Z,loan_to_aml,2,107,200,15.674900,
policy_only,8,3,perf-policy_only-r008-20260818T053210Z,loan_to_aml,2,108,200,15.042800,
policy_only,8,3,perf-policy_only-r008-20260818T053210Z,loan_to_aml,2,109,200,16.279100,
policy_only,8,3,perf-policy_only-r008-20260818T053210Z,loan_to_aml,2,110,200,15.742900,
policy_only,8,3,perf-policy_only-r008-20260818T053210Z,loan_to_aml,2,111,200,16.144300,
policy_only,8,3,perf-policy_only-r008-20260818T053210Z,loan_to_aml,2,112,200,15.736900,
policy_only,8,3,perf-policy_only-r008-20260818T053210Z,loan_to_aml,2,113,200,15.940900,
policy_only,8,3,perf-policy_only-r008-20260818T053210Z,loan_to_aml,2,114,200,16.227800,
policy_only,8,3,perf-policy_only-r008-20260818T053210Z,loan_to_aml,2,115,200,15.865300,
policy_only,8,3,perf-policy_only-r008-20260818T053210Z,loan_to_aml,2,116,200,15.928800,
policy_only,8,3,perf-policy_only-r008-20260818T053210Z,loan_to_aml,2,117,200,17.480300,
policy_only,8,3,perf-policy_only-r008-20260818T053210Z,loan_to_aml,2,118,200,16.823000,
policy_only,8,3,perf-policy_only-r008-20260818T053210Z,loan_to_aml,2,119,200,16.861700,
policy_only,8,3,perf-policy_only-r008-20260818T053210Z,loan_to_aml,2,120,200,16.125200,
policy_only,8,3,perf-policy_only-r008-20260818T053210Z,loan_to_aml,2,121,200,15.953800,
policy_only,8,3,perf-policy_only-r008-20260818T053210Z,loan_to_aml,2,122,200,15.654300,
policy_only,8,3,perf-policy_only-r008-20260818T053210Z,loan_to_aml,2,123,200,16.073200,
policy_only,8,3,perf-policy_only-r008-20260818T053210Z,loan_to_aml,2,124,200,15.646200,
policy_only,8,3,perf-policy_only-r008-20260818T053210Z,loan_to_aml,2,125,200,16.576700,
policy_only,8,3,perf-policy_only-r008-20260818T053210Z,loan_to_aml,2,126,200,15.549700,
policy_only,8,3,perf-policy_only-r008-20260818T053210Z,loan_to_aml,2,127,200,16.212000,
policy_only,8,3,perf-policy_only-r008-20260818T053210Z,loan_to_aml,2,128,200,16.263600,
policy_only,8,3,perf-policy_only-r008-20260818T053210Z,loan_to_aml,2,129,200,16.160100,
policy_only,8,3,perf-policy_only-r008-20260818T053210Z,loan_to_aml,2,130,200,17.745000,
policy_only,8,3,perf-policy_only-r008-20260818T053210Z,loan_to_aml,2,131,200,16.935200,
policy_only,8,3,perf-policy_only-r008-20260818T053210Z,loan_to_aml,2,132,200,16.154400,
policy_only,8,3,perf-policy_only-r008-20260818T053210Z,loan_to_aml,2,133,200,16.084000,
policy_only,8,3,perf-policy_only-r008-20260818T053210Z,loan_to_aml,2,134,200,15.834100,
policy_only,8,3,perf-policy_only-r008-20260818T053210Z,loan_to_aml,2,135,200,15.799900,
policy_only,8,3,perf-policy_only-r008-20260818T053210Z,loan_to_aml,2,136,200,17.353100,
policy_only,8,3,perf-policy_only-r008-20260818T053210Z,loan_to_aml,2,137,200,16.973700,
policy_only,8,3,perf-policy_only-r008-20260818T053210Z,loan_to_aml,2,138,200,16.633100,
policy_only,8,3,perf-policy_only-r008-20260818T053210Z,loan_to_aml,2,139,200,16.110700,
policy_only,8,3,perf-policy_only-r008-20260818T053210Z,loan_to_aml,2,140,200,16.822800,
policy_only,8,3,perf-policy_only-r008-20260818T053210Z,loan_to_aml,2,141,200,19.044300,
policy_only,8,3,perf-policy_only-r008-20260818T053210Z,loan_to_aml,2,142,200,18.089800,
policy_only,8,3,perf-policy_only-r008-20260818T053210Z,loan_to_aml,2,143,200,16.998700,
policy_only,8,3,perf-policy_only-r008-20260818T053210Z,loan_to_aml,2,144,200,16.880500,
policy_only,8,3,perf-policy_only-r008-20260818T053210Z,loan_to_aml,2,145,200,17.194300,
policy_only,8,3,perf-policy_only-r008-20260818T053210Z,loan_to_aml,2,146,200,16.461200,
policy_only,8,3,perf-policy_only-r008-20260818T053210Z,loan_to_aml,2,147,200,15.741900,
policy_only,8,3,perf-policy_only-r008-20260818T053210Z,loan_to_aml,2,148,200,16.238600,
policy_only,8,3,perf-policy_only-r008-20260818T053210Z,loan_to_aml,2,149,200,15.640400,
policy_only,8,3,perf-policy_only-r008-20260818T053210Z,loan_to_aml,2,150,200,16.310700,
policy_only,8,3,perf-policy_only-r008-20260818T053210Z,loan_to_aml,2,151,200,16.051000,
policy_only,8,3,perf-policy_only-r008-20260818T053210Z,loan_to_aml,2,152,200,16.058100,
policy_only,8,3,perf-policy_only-r008-20260818T053210Z,loan_to_aml,2,153,200,16.877600,
policy_only,8,3,perf-policy_only-r008-20260818T053210Z,loan_to_aml,2,154,200,16.036200,
policy_only,8,3,perf-policy_only-r008-20260818T053210Z,loan_to_aml,2,155,200,17.182800,
policy_only,8,3,perf-policy_only-r008-20260818T053210Z,loan_to_aml,2,156,200,16.853600,
policy_only,8,3,perf-policy_only-r008-20260818T053210Z,loan_to_aml,2,157,200,16.077700,
policy_only,8,3,perf-policy_only-r008-20260818T053210Z,loan_to_aml,2,158,200,15.769900,
policy_only,8,3,perf-policy_only-r008-20260818T053210Z,loan_to_aml,2,159,200,16.987300,
policy_only,8,3,perf-policy_only-r008-20260818T053210Z,loan_to_aml,2,160,200,17.883400,
policy_only,8,3,perf-policy_only-r008-20260818T053210Z,loan_to_aml,2,161,200,20.024800,
policy_only,8,3,perf-policy_only-r008-20260818T053210Z,loan_to_aml,2,162,200,18.304400,
policy_only,8,3,perf-policy_only-r008-20260818T053210Z,loan_to_aml,2,163,200,17.751500,
policy_only,8,3,perf-policy_only-r008-20260818T053210Z,loan_to_aml,2,164,200,15.914300,
policy_only,8,3,perf-policy_only-r008-20260818T053210Z,loan_to_aml,2,165,200,17.856700,
policy_only,8,3,perf-policy_only-r008-20260818T053210Z,loan_to_aml,2,166,200,17.734600,
policy_only,8,3,perf-policy_only-r008-20260818T053210Z,loan_to_aml,2,167,200,16.880100,
policy_only,8,3,perf-policy_only-r008-20260818T053210Z,loan_to_aml,2,168,200,17.010000,
policy_only,8,3,perf-policy_only-r008-20260818T053210Z,loan_to_aml,2,169,200,17.661000,
policy_only,8,3,perf-policy_only-r008-20260818T053210Z,loan_to_aml,2,170,200,16.921500,
policy_only,8,3,perf-policy_only-r008-20260818T053210Z,loan_to_aml,2,171,200,16.775200,
policy_only,8,3,perf-policy_only-r008-20260818T053210Z,loan_to_aml,2,172,200,17.184600,
policy_only,8,3,perf-policy_only-r008-20260818T053210Z,loan_to_aml,2,173,200,15.692400,
policy_only,8,3,perf-policy_only-r008-20260818T053210Z,loan_to_aml,2,174,200,16.412600,
policy_only,8,3,perf-policy_only-r008-20260818T053210Z,loan_to_aml,2,175,200,16.535900,
policy_only,8,3,perf-policy_only-r008-20260818T053210Z,loan_to_aml,2,176,200,16.448200,
policy_only,8,3,perf-policy_only-r008-20260818T053210Z,loan_to_aml,2,177,200,16.788600,
policy_only,8,3,perf-policy_only-r008-20260818T053210Z,loan_to_aml,2,178,200,16.951700,
policy_only,8,3,perf-policy_only-r008-20260818T053210Z,loan_to_aml,2,179,200,15.648700,
policy_only,8,3,perf-policy_only-r008-20260818T053210Z,loan_to_aml,2,180,200,15.933400,
policy_only,8,3,perf-policy_only-r008-20260818T053210Z,loan_to_aml,2,181,200,16.298200,
policy_only,8,3,perf-policy_only-r008-20260818T053210Z,loan_to_aml,2,182,200,15.851800,
policy_only,8,3,perf-policy_only-r008-20260818T053210Z,loan_to_aml,2,183,200,16.104700,
policy_only,8,3,perf-policy_only-r008-20260818T053210Z,loan_to_aml,2,184,200,15.835000,
policy_only,8,3,perf-policy_only-r008-20260818T053210Z,loan_to_aml,2,185,200,16.406000,
policy_only,8,3,perf-policy_only-r008-20260818T053210Z,loan_to_aml,2,186,200,16.667800,
policy_only,8,3,perf-policy_only-r008-20260818T053210Z,loan_to_aml,2,187,200,15.747300,
policy_only,8,3,perf-policy_only-r008-20260818T053210Z,loan_to_aml,2,188,200,15.810800,
policy_only,8,3,perf-policy_only-r008-20260818T053210Z,loan_to_aml,2,189,200,16.116000,
policy_only,8,3,perf-policy_only-r008-20260818T053210Z,loan_to_aml,2,190,200,17.129200,
policy_only,8,3,perf-policy_only-r008-20260818T053210Z,loan_to_aml,2,191,200,17.468100,
policy_only,8,3,perf-policy_only-r008-20260818T053210Z,loan_to_aml,2,192,200,16.744100,
policy_only,8,3,perf-policy_only-r008-20260818T053210Z,loan_to_aml,2,193,200,15.595500,
policy_only,8,3,perf-policy_only-r008-20260818T053210Z,loan_to_aml,2,194,200,16.015300,
policy_only,8,3,perf-policy_only-r008-20260818T053210Z,loan_to_aml,2,195,200,15.896300,
policy_only,8,3,perf-policy_only-r008-20260818T053210Z,loan_to_aml,2,196,200,15.984700,
policy_only,8,3,perf-policy_only-r008-20260818T053210Z,loan_to_aml,2,197,200,16.107400,
policy_only,8,3,perf-policy_only-r008-20260818T053210Z,loan_to_aml,2,198,200,17.337900,
policy_only,8,3,perf-policy_only-r008-20260818T053210Z,loan_to_aml,2,199,200,16.015600,
policy_only,8,3,perf-policy_only-r008-20260818T053210Z,loan_to_aml,2,200,200,16.562800,
policy_only,8,3,perf-policy_only-r008-20260818T053210Z,loan_to_aml,3,1,200,15.987100,
policy_only,8,3,perf-policy_only-r008-20260818T053210Z,loan_to_aml,3,2,200,15.780600,
policy_only,8,3,perf-policy_only-r008-20260818T053210Z,loan_to_aml,3,3,200,17.828400,
policy_only,8,3,perf-policy_only-r008-20260818T053210Z,loan_to_aml,3,4,200,16.336200,
policy_only,8,3,perf-policy_only-r008-20260818T053210Z,loan_to_aml,3,5,200,16.683300,
policy_only,8,3,perf-policy_only-r008-20260818T053210Z,loan_to_aml,3,6,200,16.936200,
policy_only,8,3,perf-policy_only-r008-20260818T053210Z,loan_to_aml,3,7,200,16.322000,
policy_only,8,3,perf-policy_only-r008-20260818T053210Z,loan_to_aml,3,8,200,16.469500,
policy_only,8,3,perf-policy_only-r008-20260818T053210Z,loan_to_aml,3,9,200,16.618300,
policy_only,8,3,perf-policy_only-r008-20260818T053210Z,loan_to_aml,3,10,200,16.182500,
policy_only,8,3,perf-policy_only-r008-20260818T053210Z,loan_to_aml,3,11,200,15.610800,
policy_only,8,3,perf-policy_only-r008-20260818T053210Z,loan_to_aml,3,12,200,15.947700,
policy_only,8,3,perf-policy_only-r008-20260818T053210Z,loan_to_aml,3,13,200,16.304300,
policy_only,8,3,perf-policy_only-r008-20260818T053210Z,loan_to_aml,3,14,200,15.542700,
policy_only,8,3,perf-policy_only-r008-20260818T053210Z,loan_to_aml,3,15,200,16.262300,
policy_only,8,3,perf-policy_only-r008-20260818T053210Z,loan_to_aml,3,16,200,15.936100,
policy_only,8,3,perf-policy_only-r008-20260818T053210Z,loan_to_aml,3,17,200,16.043400,
policy_only,8,3,perf-policy_only-r008-20260818T053210Z,loan_to_aml,3,18,200,15.954000,
policy_only,8,3,perf-policy_only-r008-20260818T053210Z,loan_to_aml,3,19,200,17.010400,
policy_only,8,3,perf-policy_only-r008-20260818T053210Z,loan_to_aml,3,20,200,15.559000,
policy_only,8,3,perf-policy_only-r008-20260818T053210Z,loan_to_aml,3,21,200,15.203600,
policy_only,8,3,perf-policy_only-r008-20260818T053210Z,loan_to_aml,3,22,200,17.069200,
policy_only,8,3,perf-policy_only-r008-20260818T053210Z,loan_to_aml,3,23,200,16.481000,
policy_only,8,3,perf-policy_only-r008-20260818T053210Z,loan_to_aml,3,24,200,16.724400,
policy_only,8,3,perf-policy_only-r008-20260818T053210Z,loan_to_aml,3,25,200,17.059400,
policy_only,8,3,perf-policy_only-r008-20260818T053210Z,loan_to_aml,3,26,200,16.570100,
policy_only,8,3,perf-policy_only-r008-20260818T053210Z,loan_to_aml,3,27,200,15.992700,
policy_only,8,3,perf-policy_only-r008-20260818T053210Z,loan_to_aml,3,28,200,16.131300,
policy_only,8,3,perf-policy_only-r008-20260818T053210Z,loan_to_aml,3,29,200,16.339600,
policy_only,8,3,perf-policy_only-r008-20260818T053210Z,loan_to_aml,3,30,200,16.590600,
policy_only,8,3,perf-policy_only-r008-20260818T053210Z,loan_to_aml,3,31,200,16.197500,
policy_only,8,3,perf-policy_only-r008-20260818T053210Z,loan_to_aml,3,32,200,17.181700,
policy_only,8,3,perf-policy_only-r008-20260818T053210Z,loan_to_aml,3,33,200,16.616700,
policy_only,8,3,perf-policy_only-r008-20260818T053210Z,loan_to_aml,3,34,200,16.813600,
policy_only,8,3,perf-policy_only-r008-20260818T053210Z,loan_to_aml,3,35,200,16.058300,
policy_only,8,3,perf-policy_only-r008-20260818T053210Z,loan_to_aml,3,36,200,17.141700,
policy_only,8,3,perf-policy_only-r008-20260818T053210Z,loan_to_aml,3,37,200,16.054000,
policy_only,8,3,perf-policy_only-r008-20260818T053210Z,loan_to_aml,3,38,200,17.109300,
policy_only,8,3,perf-policy_only-r008-20260818T053210Z,loan_to_aml,3,39,200,16.507200,
policy_only,8,3,perf-policy_only-r008-20260818T053210Z,loan_to_aml,3,40,200,16.768100,
policy_only,8,3,perf-policy_only-r008-20260818T053210Z,loan_to_aml,3,41,200,16.539600,
policy_only,8,3,perf-policy_only-r008-20260818T053210Z,loan_to_aml,3,42,200,16.941800,
policy_only,8,3,perf-policy_only-r008-20260818T053210Z,loan_to_aml,3,43,200,16.534800,
policy_only,8,3,perf-policy_only-r008-20260818T053210Z,loan_to_aml,3,44,200,16.104100,
policy_only,8,3,perf-policy_only-r008-20260818T053210Z,loan_to_aml,3,45,200,17.274200,
policy_only,8,3,perf-policy_only-r008-20260818T053210Z,loan_to_aml,3,46,200,16.822800,
policy_only,8,3,perf-policy_only-r008-20260818T053210Z,loan_to_aml,3,47,200,17.296600,
policy_only,8,3,perf-policy_only-r008-20260818T053210Z,loan_to_aml,3,48,200,16.360000,
policy_only,8,3,perf-policy_only-r008-20260818T053210Z,loan_to_aml,3,49,200,16.148600,
policy_only,8,3,perf-policy_only-r008-20260818T053210Z,loan_to_aml,3,50,200,16.393700,
policy_only,8,3,perf-policy_only-r008-20260818T053210Z,loan_to_aml,3,51,200,15.331000,
policy_only,8,3,perf-policy_only-r008-20260818T053210Z,loan_to_aml,3,52,200,16.496700,
policy_only,8,3,perf-policy_only-r008-20260818T053210Z,loan_to_aml,3,53,200,15.700200,
policy_only,8,3,perf-policy_only-r008-20260818T053210Z,loan_to_aml,3,54,200,15.663200,
policy_only,8,3,perf-policy_only-r008-20260818T053210Z,loan_to_aml,3,55,200,16.261700,
policy_only,8,3,perf-policy_only-r008-20260818T053210Z,loan_to_aml,3,56,200,16.956900,
policy_only,8,3,perf-policy_only-r008-20260818T053210Z,loan_to_aml,3,57,200,15.955100,
policy_only,8,3,perf-policy_only-r008-20260818T053210Z,loan_to_aml,3,58,200,15.872700,
policy_only,8,3,perf-policy_only-r008-20260818T053210Z,loan_to_aml,3,59,200,15.827800,
policy_only,8,3,perf-policy_only-r008-20260818T053210Z,loan_to_aml,3,60,200,16.365900,
policy_only,8,3,perf-policy_only-r008-20260818T053210Z,loan_to_aml,3,61,200,15.819700,
policy_only,8,3,perf-policy_only-r008-20260818T053210Z,loan_to_aml,3,62,200,17.475400,
policy_only,8,3,perf-policy_only-r008-20260818T053210Z,loan_to_aml,3,63,200,16.690100,
policy_only,8,3,perf-policy_only-r008-20260818T053210Z,loan_to_aml,3,64,200,17.101100,
policy_only,8,3,perf-policy_only-r008-20260818T053210Z,loan_to_aml,3,65,200,16.932600,
policy_only,8,3,perf-policy_only-r008-20260818T053210Z,loan_to_aml,3,66,200,16.286300,
policy_only,8,3,perf-policy_only-r008-20260818T053210Z,loan_to_aml,3,67,200,16.236700,
policy_only,8,3,perf-policy_only-r008-20260818T053210Z,loan_to_aml,3,68,200,16.236500,
policy_only,8,3,perf-policy_only-r008-20260818T053210Z,loan_to_aml,3,69,200,16.656600,
policy_only,8,3,perf-policy_only-r008-20260818T053210Z,loan_to_aml,3,70,200,15.986100,
policy_only,8,3,perf-policy_only-r008-20260818T053210Z,loan_to_aml,3,71,200,16.340000,
policy_only,8,3,perf-policy_only-r008-20260818T053210Z,loan_to_aml,3,72,200,16.419900,
policy_only,8,3,perf-policy_only-r008-20260818T053210Z,loan_to_aml,3,73,200,16.822700,
policy_only,8,3,perf-policy_only-r008-20260818T053210Z,loan_to_aml,3,74,200,16.860000,
policy_only,8,3,perf-policy_only-r008-20260818T053210Z,loan_to_aml,3,75,200,16.529200,
policy_only,8,3,perf-policy_only-r008-20260818T053210Z,loan_to_aml,3,76,200,15.867300,
policy_only,8,3,perf-policy_only-r008-20260818T053210Z,loan_to_aml,3,77,200,16.479600,
policy_only,8,3,perf-policy_only-r008-20260818T053210Z,loan_to_aml,3,78,200,16.037100,
policy_only,8,3,perf-policy_only-r008-20260818T053210Z,loan_to_aml,3,79,200,16.798900,
policy_only,8,3,perf-policy_only-r008-20260818T053210Z,loan_to_aml,3,80,200,15.764900,
policy_only,8,3,perf-policy_only-r008-20260818T053210Z,loan_to_aml,3,81,200,16.194300,
policy_only,8,3,perf-policy_only-r008-20260818T053210Z,loan_to_aml,3,82,200,15.720600,
policy_only,8,3,perf-policy_only-r008-20260818T053210Z,loan_to_aml,3,83,200,16.244300,
policy_only,8,3,perf-policy_only-r008-20260818T053210Z,loan_to_aml,3,84,200,16.900700,
policy_only,8,3,perf-policy_only-r008-20260818T053210Z,loan_to_aml,3,85,200,16.204100,
policy_only,8,3,perf-policy_only-r008-20260818T053210Z,loan_to_aml,3,86,200,16.632300,
policy_only,8,3,perf-policy_only-r008-20260818T053210Z,loan_to_aml,3,87,200,18.263300,
policy_only,8,3,perf-policy_only-r008-20260818T053210Z,loan_to_aml,3,88,200,16.842100,
policy_only,8,3,perf-policy_only-r008-20260818T053210Z,loan_to_aml,3,89,200,15.779400,
policy_only,8,3,perf-policy_only-r008-20260818T053210Z,loan_to_aml,3,90,200,17.126500,
policy_only,8,3,perf-policy_only-r008-20260818T053210Z,loan_to_aml,3,91,200,15.989200,
policy_only,8,3,perf-policy_only-r008-20260818T053210Z,loan_to_aml,3,92,200,18.053800,
policy_only,8,3,perf-policy_only-r008-20260818T053210Z,loan_to_aml,3,93,200,18.541200,
policy_only,8,3,perf-policy_only-r008-20260818T053210Z,loan_to_aml,3,94,200,17.810600,
policy_only,8,3,perf-policy_only-r008-20260818T053210Z,loan_to_aml,3,95,200,17.869600,
policy_only,8,3,perf-policy_only-r008-20260818T053210Z,loan_to_aml,3,96,200,17.082700,
policy_only,8,3,perf-policy_only-r008-20260818T053210Z,loan_to_aml,3,97,200,17.786800,
policy_only,8,3,perf-policy_only-r008-20260818T053210Z,loan_to_aml,3,98,200,17.080400,
policy_only,8,3,perf-policy_only-r008-20260818T053210Z,loan_to_aml,3,99,200,19.029900,
policy_only,8,3,perf-policy_only-r008-20260818T053210Z,loan_to_aml,3,100,200,15.257300,
policy_only,8,3,perf-policy_only-r008-20260818T053210Z,loan_to_aml,3,101,200,15.833700,
policy_only,8,3,perf-policy_only-r008-20260818T053210Z,loan_to_aml,3,102,200,15.931800,
policy_only,8,3,perf-policy_only-r008-20260818T053210Z,loan_to_aml,3,103,200,15.032200,
policy_only,8,3,perf-policy_only-r008-20260818T053210Z,loan_to_aml,3,104,200,15.235300,
policy_only,8,3,perf-policy_only-r008-20260818T053210Z,loan_to_aml,3,105,200,16.443300,
policy_only,8,3,perf-policy_only-r008-20260818T053210Z,loan_to_aml,3,106,200,15.742400,
policy_only,8,3,perf-policy_only-r008-20260818T053210Z,loan_to_aml,3,107,200,15.868800,
policy_only,8,3,perf-policy_only-r008-20260818T053210Z,loan_to_aml,3,108,200,16.115500,
policy_only,8,3,perf-policy_only-r008-20260818T053210Z,loan_to_aml,3,109,200,15.948300,
policy_only,8,3,perf-policy_only-r008-20260818T053210Z,loan_to_aml,3,110,200,16.932200,
policy_only,8,3,perf-policy_only-r008-20260818T053210Z,loan_to_aml,3,111,200,15.713300,
policy_only,8,3,perf-policy_only-r008-20260818T053210Z,loan_to_aml,3,112,200,15.947400,
policy_only,8,3,perf-policy_only-r008-20260818T053210Z,loan_to_aml,3,113,200,15.918000,
policy_only,8,3,perf-policy_only-r008-20260818T053210Z,loan_to_aml,3,114,200,15.758200,
policy_only,8,3,perf-policy_only-r008-20260818T053210Z,loan_to_aml,3,115,200,17.480200,
policy_only,8,3,perf-policy_only-r008-20260818T053210Z,loan_to_aml,3,116,200,15.812900,
policy_only,8,3,perf-policy_only-r008-20260818T053210Z,loan_to_aml,3,117,200,15.845500,
policy_only,8,3,perf-policy_only-r008-20260818T053210Z,loan_to_aml,3,118,200,16.475900,
policy_only,8,3,perf-policy_only-r008-20260818T053210Z,loan_to_aml,3,119,200,16.972000,
policy_only,8,3,perf-policy_only-r008-20260818T053210Z,loan_to_aml,3,120,200,16.675000,
policy_only,8,3,perf-policy_only-r008-20260818T053210Z,loan_to_aml,3,121,200,15.545000,
policy_only,8,3,perf-policy_only-r008-20260818T053210Z,loan_to_aml,3,122,200,16.255200,
policy_only,8,3,perf-policy_only-r008-20260818T053210Z,loan_to_aml,3,123,200,15.967700,
policy_only,8,3,perf-policy_only-r008-20260818T053210Z,loan_to_aml,3,124,200,16.740800,
policy_only,8,3,perf-policy_only-r008-20260818T053210Z,loan_to_aml,3,125,200,16.485200,
policy_only,8,3,perf-policy_only-r008-20260818T053210Z,loan_to_aml,3,126,200,15.997200,
policy_only,8,3,perf-policy_only-r008-20260818T053210Z,loan_to_aml,3,127,200,17.106300,
policy_only,8,3,perf-policy_only-r008-20260818T053210Z,loan_to_aml,3,128,200,15.639500,
policy_only,8,3,perf-policy_only-r008-20260818T053210Z,loan_to_aml,3,129,200,16.447100,
policy_only,8,3,perf-policy_only-r008-20260818T053210Z,loan_to_aml,3,130,200,16.836600,
policy_only,8,3,perf-policy_only-r008-20260818T053210Z,loan_to_aml,3,131,200,17.859500,
policy_only,8,3,perf-policy_only-r008-20260818T053210Z,loan_to_aml,3,132,200,16.710100,
policy_only,8,3,perf-policy_only-r008-20260818T053210Z,loan_to_aml,3,133,200,15.946400,
policy_only,8,3,perf-policy_only-r008-20260818T053210Z,loan_to_aml,3,134,200,16.072000,
policy_only,8,3,perf-policy_only-r008-20260818T053210Z,loan_to_aml,3,135,200,16.722300,
policy_only,8,3,perf-policy_only-r008-20260818T053210Z,loan_to_aml,3,136,200,18.388700,
policy_only,8,3,perf-policy_only-r008-20260818T053210Z,loan_to_aml,3,137,200,18.271800,
policy_only,8,3,perf-policy_only-r008-20260818T053210Z,loan_to_aml,3,138,200,17.750500,
policy_only,8,3,perf-policy_only-r008-20260818T053210Z,loan_to_aml,3,139,200,16.555400,
policy_only,8,3,perf-policy_only-r008-20260818T053210Z,loan_to_aml,3,140,200,16.718700,
policy_only,8,3,perf-policy_only-r008-20260818T053210Z,loan_to_aml,3,141,200,22.473400,
policy_only,8,3,perf-policy_only-r008-20260818T053210Z,loan_to_aml,3,142,200,15.912100,
policy_only,8,3,perf-policy_only-r008-20260818T053210Z,loan_to_aml,3,143,200,16.241500,
policy_only,8,3,perf-policy_only-r008-20260818T053210Z,loan_to_aml,3,144,200,16.865700,
policy_only,8,3,perf-policy_only-r008-20260818T053210Z,loan_to_aml,3,145,200,19.287500,
policy_only,8,3,perf-policy_only-r008-20260818T053210Z,loan_to_aml,3,146,200,17.538700,
policy_only,8,3,perf-policy_only-r008-20260818T053210Z,loan_to_aml,3,147,200,16.176300,
policy_only,8,3,perf-policy_only-r008-20260818T053210Z,loan_to_aml,3,148,200,16.167700,
policy_only,8,3,perf-policy_only-r008-20260818T053210Z,loan_to_aml,3,149,200,17.084900,
policy_only,8,3,perf-policy_only-r008-20260818T053210Z,loan_to_aml,3,150,200,15.818100,
policy_only,8,3,perf-policy_only-r008-20260818T053210Z,loan_to_aml,3,151,200,15.775000,
policy_only,8,3,perf-policy_only-r008-20260818T053210Z,loan_to_aml,3,152,200,16.467600,
policy_only,8,3,perf-policy_only-r008-20260818T053210Z,loan_to_aml,3,153,200,16.634000,
policy_only,8,3,perf-policy_only-r008-20260818T053210Z,loan_to_aml,3,154,200,16.822700,
policy_only,8,3,perf-policy_only-r008-20260818T053210Z,loan_to_aml,3,155,200,17.176700,
policy_only,8,3,perf-policy_only-r008-20260818T053210Z,loan_to_aml,3,156,200,16.110900,
policy_only,8,3,perf-policy_only-r008-20260818T053210Z,loan_to_aml,3,157,200,16.510800,
policy_only,8,3,perf-policy_only-r008-20260818T053210Z,loan_to_aml,3,158,200,15.987800,
policy_only,8,3,perf-policy_only-r008-20260818T053210Z,loan_to_aml,3,159,200,15.927200,
policy_only,8,3,perf-policy_only-r008-20260818T053210Z,loan_to_aml,3,160,200,16.378600,
policy_only,8,3,perf-policy_only-r008-20260818T053210Z,loan_to_aml,3,161,200,15.756700,
policy_only,8,3,perf-policy_only-r008-20260818T053210Z,loan_to_aml,3,162,200,15.707200,
policy_only,8,3,perf-policy_only-r008-20260818T053210Z,loan_to_aml,3,163,200,14.851900,
policy_only,8,3,perf-policy_only-r008-20260818T053210Z,loan_to_aml,3,164,200,15.899100,
policy_only,8,3,perf-policy_only-r008-20260818T053210Z,loan_to_aml,3,165,200,16.287200,
policy_only,8,3,perf-policy_only-r008-20260818T053210Z,loan_to_aml,3,166,200,15.996200,
policy_only,8,3,perf-policy_only-r008-20260818T053210Z,loan_to_aml,3,167,200,16.053900,
policy_only,8,3,perf-policy_only-r008-20260818T053210Z,loan_to_aml,3,168,200,15.808000,
policy_only,8,3,perf-policy_only-r008-20260818T053210Z,loan_to_aml,3,169,200,15.707000,
policy_only,8,3,perf-policy_only-r008-20260818T053210Z,loan_to_aml,3,170,200,17.360100,
policy_only,8,3,perf-policy_only-r008-20260818T053210Z,loan_to_aml,3,171,200,16.201500,
policy_only,8,3,perf-policy_only-r008-20260818T053210Z,loan_to_aml,3,172,200,16.162000,
policy_only,8,3,perf-policy_only-r008-20260818T053210Z,loan_to_aml,3,173,200,16.085600,
policy_only,8,3,perf-policy_only-r008-20260818T053210Z,loan_to_aml,3,174,200,16.690800,
policy_only,8,3,perf-policy_only-r008-20260818T053210Z,loan_to_aml,3,175,200,15.984900,
policy_only,8,3,perf-policy_only-r008-20260818T053210Z,loan_to_aml,3,176,200,15.907600,
policy_only,8,3,perf-policy_only-r008-20260818T053210Z,loan_to_aml,3,177,200,15.678100,
policy_only,8,3,perf-policy_only-r008-20260818T053210Z,loan_to_aml,3,178,200,15.963600,
policy_only,8,3,perf-policy_only-r008-20260818T053210Z,loan_to_aml,3,179,200,16.122500,
policy_only,8,3,perf-policy_only-r008-20260818T053210Z,loan_to_aml,3,180,200,20.425000,
policy_only,8,3,perf-policy_only-r008-20260818T053210Z,loan_to_aml,3,181,200,18.604000,
policy_only,8,3,perf-policy_only-r008-20260818T053210Z,loan_to_aml,3,182,200,18.881100,
policy_only,8,3,perf-policy_only-r008-20260818T053210Z,loan_to_aml,3,183,200,19.980200,
policy_only,8,3,perf-policy_only-r008-20260818T053210Z,loan_to_aml,3,184,200,17.747200,
policy_only,8,3,perf-policy_only-r008-20260818T053210Z,loan_to_aml,3,185,200,17.798800,
policy_only,8,3,perf-policy_only-r008-20260818T053210Z,loan_to_aml,3,186,200,18.372500,
policy_only,8,3,perf-policy_only-r008-20260818T053210Z,loan_to_aml,3,187,200,18.584600,
policy_only,8,3,perf-policy_only-r008-20260818T053210Z,loan_to_aml,3,188,200,18.732200,
policy_only,8,3,perf-policy_only-r008-20260818T053210Z,loan_to_aml,3,189,200,17.531900,
policy_only,8,3,perf-policy_only-r008-20260818T053210Z,loan_to_aml,3,190,200,17.694300,
policy_only,8,3,perf-policy_only-r008-20260818T053210Z,loan_to_aml,3,191,200,18.355000,
policy_only,8,3,perf-policy_only-r008-20260818T053210Z,loan_to_aml,3,192,200,17.672300,
policy_only,8,3,perf-policy_only-r008-20260818T053210Z,loan_to_aml,3,193,200,16.694000,
policy_only,8,3,perf-policy_only-r008-20260818T053210Z,loan_to_aml,3,194,200,17.419900,
policy_only,8,3,perf-policy_only-r008-20260818T053210Z,loan_to_aml,3,195,200,17.971000,
policy_only,8,3,perf-policy_only-r008-20260818T053210Z,loan_to_aml,3,196,200,17.667200,
policy_only,8,3,perf-policy_only-r008-20260818T053210Z,loan_to_aml,3,197,200,18.136500,
policy_only,8,3,perf-policy_only-r008-20260818T053210Z,loan_to_aml,3,198,200,17.838900,
policy_only,8,3,perf-policy_only-r008-20260818T053210Z,loan_to_aml,3,199,200,17.300100,
policy_only,8,3,perf-policy_only-r008-20260818T053210Z,loan_to_aml,3,200,200,16.312100,
policy_only,8,3,perf-policy_only-r008-20260818T053210Z,loan_to_approval,1,1,200,16.905400,
policy_only,8,3,perf-policy_only-r008-20260818T053210Z,loan_to_approval,1,2,200,17.303900,
policy_only,8,3,perf-policy_only-r008-20260818T053210Z,loan_to_approval,1,3,200,15.894800,
policy_only,8,3,perf-policy_only-r008-20260818T053210Z,loan_to_approval,1,4,200,16.348600,
policy_only,8,3,perf-policy_only-r008-20260818T053210Z,loan_to_approval,1,5,200,16.950600,
policy_only,8,3,perf-policy_only-r008-20260818T053210Z,loan_to_approval,1,6,200,16.973700,
policy_only,8,3,perf-policy_only-r008-20260818T053210Z,loan_to_approval,1,7,200,15.927500,
policy_only,8,3,perf-policy_only-r008-20260818T053210Z,loan_to_approval,1,8,200,17.130000,
policy_only,8,3,perf-policy_only-r008-20260818T053210Z,loan_to_approval,1,9,200,16.945600,
policy_only,8,3,perf-policy_only-r008-20260818T053210Z,loan_to_approval,1,10,200,15.455400,
policy_only,8,3,perf-policy_only-r008-20260818T053210Z,loan_to_approval,1,11,200,16.520500,
policy_only,8,3,perf-policy_only-r008-20260818T053210Z,loan_to_approval,1,12,200,15.689100,
policy_only,8,3,perf-policy_only-r008-20260818T053210Z,loan_to_approval,1,13,200,16.219700,
policy_only,8,3,perf-policy_only-r008-20260818T053210Z,loan_to_approval,1,14,200,16.895200,
policy_only,8,3,perf-policy_only-r008-20260818T053210Z,loan_to_approval,1,15,200,15.745200,
policy_only,8,3,perf-policy_only-r008-20260818T053210Z,loan_to_approval,1,16,200,17.686100,
policy_only,8,3,perf-policy_only-r008-20260818T053210Z,loan_to_approval,1,17,200,16.329300,
policy_only,8,3,perf-policy_only-r008-20260818T053210Z,loan_to_approval,1,18,200,16.937400,
policy_only,8,3,perf-policy_only-r008-20260818T053210Z,loan_to_approval,1,19,200,16.226400,
policy_only,8,3,perf-policy_only-r008-20260818T053210Z,loan_to_approval,1,20,200,17.332200,
policy_only,8,3,perf-policy_only-r008-20260818T053210Z,loan_to_approval,1,21,200,16.625300,
policy_only,8,3,perf-policy_only-r008-20260818T053210Z,loan_to_approval,1,22,200,16.747400,
policy_only,8,3,perf-policy_only-r008-20260818T053210Z,loan_to_approval,1,23,200,17.067000,
policy_only,8,3,perf-policy_only-r008-20260818T053210Z,loan_to_approval,1,24,200,17.291200,
policy_only,8,3,perf-policy_only-r008-20260818T053210Z,loan_to_approval,1,25,200,16.873300,
policy_only,8,3,perf-policy_only-r008-20260818T053210Z,loan_to_approval,1,26,200,16.823200,
policy_only,8,3,perf-policy_only-r008-20260818T053210Z,loan_to_approval,1,27,200,17.543900,
policy_only,8,3,perf-policy_only-r008-20260818T053210Z,loan_to_approval,1,28,200,16.421700,
policy_only,8,3,perf-policy_only-r008-20260818T053210Z,loan_to_approval,1,29,200,15.730800,
policy_only,8,3,perf-policy_only-r008-20260818T053210Z,loan_to_approval,1,30,200,15.977500,
policy_only,8,3,perf-policy_only-r008-20260818T053210Z,loan_to_approval,1,31,200,16.119300,
policy_only,8,3,perf-policy_only-r008-20260818T053210Z,loan_to_approval,1,32,200,17.020700,
policy_only,8,3,perf-policy_only-r008-20260818T053210Z,loan_to_approval,1,33,200,16.019800,
policy_only,8,3,perf-policy_only-r008-20260818T053210Z,loan_to_approval,1,34,200,16.028100,
policy_only,8,3,perf-policy_only-r008-20260818T053210Z,loan_to_approval,1,35,200,15.713200,
policy_only,8,3,perf-policy_only-r008-20260818T053210Z,loan_to_approval,1,36,200,16.260400,
policy_only,8,3,perf-policy_only-r008-20260818T053210Z,loan_to_approval,1,37,200,15.586800,
policy_only,8,3,perf-policy_only-r008-20260818T053210Z,loan_to_approval,1,38,200,16.177000,
policy_only,8,3,perf-policy_only-r008-20260818T053210Z,loan_to_approval,1,39,200,16.017700,
policy_only,8,3,perf-policy_only-r008-20260818T053210Z,loan_to_approval,1,40,200,16.896500,
policy_only,8,3,perf-policy_only-r008-20260818T053210Z,loan_to_approval,1,41,200,16.180800,
policy_only,8,3,perf-policy_only-r008-20260818T053210Z,loan_to_approval,1,42,200,16.849500,
policy_only,8,3,perf-policy_only-r008-20260818T053210Z,loan_to_approval,1,43,200,17.233300,
policy_only,8,3,perf-policy_only-r008-20260818T053210Z,loan_to_approval,1,44,200,17.184100,
policy_only,8,3,perf-policy_only-r008-20260818T053210Z,loan_to_approval,1,45,200,16.573100,
policy_only,8,3,perf-policy_only-r008-20260818T053210Z,loan_to_approval,1,46,200,16.713900,
policy_only,8,3,perf-policy_only-r008-20260818T053210Z,loan_to_approval,1,47,200,16.131700,
policy_only,8,3,perf-policy_only-r008-20260818T053210Z,loan_to_approval,1,48,200,16.094400,
policy_only,8,3,perf-policy_only-r008-20260818T053210Z,loan_to_approval,1,49,200,16.096600,
policy_only,8,3,perf-policy_only-r008-20260818T053210Z,loan_to_approval,1,50,200,16.012700,
policy_only,8,3,perf-policy_only-r008-20260818T053210Z,loan_to_approval,1,51,200,16.989300,
policy_only,8,3,perf-policy_only-r008-20260818T053210Z,loan_to_approval,1,52,200,16.989200,
policy_only,8,3,perf-policy_only-r008-20260818T053210Z,loan_to_approval,1,53,200,16.535000,
policy_only,8,3,perf-policy_only-r008-20260818T053210Z,loan_to_approval,1,54,200,16.289200,
policy_only,8,3,perf-policy_only-r008-20260818T053210Z,loan_to_approval,1,55,200,15.857400,
policy_only,8,3,perf-policy_only-r008-20260818T053210Z,loan_to_approval,1,56,200,16.118000,
policy_only,8,3,perf-policy_only-r008-20260818T053210Z,loan_to_approval,1,57,200,17.570500,
policy_only,8,3,perf-policy_only-r008-20260818T053210Z,loan_to_approval,1,58,200,16.415500,
policy_only,8,3,perf-policy_only-r008-20260818T053210Z,loan_to_approval,1,59,200,16.675700,
policy_only,8,3,perf-policy_only-r008-20260818T053210Z,loan_to_approval,1,60,200,15.734100,
policy_only,8,3,perf-policy_only-r008-20260818T053210Z,loan_to_approval,1,61,200,16.175200,
policy_only,8,3,perf-policy_only-r008-20260818T053210Z,loan_to_approval,1,62,200,16.313300,
policy_only,8,3,perf-policy_only-r008-20260818T053210Z,loan_to_approval,1,63,200,16.111700,
policy_only,8,3,perf-policy_only-r008-20260818T053210Z,loan_to_approval,1,64,200,15.786600,
policy_only,8,3,perf-policy_only-r008-20260818T053210Z,loan_to_approval,1,65,200,16.624300,
policy_only,8,3,perf-policy_only-r008-20260818T053210Z,loan_to_approval,1,66,200,16.384000,
policy_only,8,3,perf-policy_only-r008-20260818T053210Z,loan_to_approval,1,67,200,16.206700,
policy_only,8,3,perf-policy_only-r008-20260818T053210Z,loan_to_approval,1,68,200,16.731200,
policy_only,8,3,perf-policy_only-r008-20260818T053210Z,loan_to_approval,1,69,200,15.731000,
policy_only,8,3,perf-policy_only-r008-20260818T053210Z,loan_to_approval,1,70,200,17.512000,
policy_only,8,3,perf-policy_only-r008-20260818T053210Z,loan_to_approval,1,71,200,17.248400,
policy_only,8,3,perf-policy_only-r008-20260818T053210Z,loan_to_approval,1,72,200,17.922800,
policy_only,8,3,perf-policy_only-r008-20260818T053210Z,loan_to_approval,1,73,200,16.948600,
policy_only,8,3,perf-policy_only-r008-20260818T053210Z,loan_to_approval,1,74,200,16.757900,
policy_only,8,3,perf-policy_only-r008-20260818T053210Z,loan_to_approval,1,75,200,16.844900,
policy_only,8,3,perf-policy_only-r008-20260818T053210Z,loan_to_approval,1,76,200,15.764400,
policy_only,8,3,perf-policy_only-r008-20260818T053210Z,loan_to_approval,1,77,200,16.201800,
policy_only,8,3,perf-policy_only-r008-20260818T053210Z,loan_to_approval,1,78,200,16.142800,
policy_only,8,3,perf-policy_only-r008-20260818T053210Z,loan_to_approval,1,79,200,16.821700,
policy_only,8,3,perf-policy_only-r008-20260818T053210Z,loan_to_approval,1,80,200,15.904200,
policy_only,8,3,perf-policy_only-r008-20260818T053210Z,loan_to_approval,1,81,200,17.151800,
policy_only,8,3,perf-policy_only-r008-20260818T053210Z,loan_to_approval,1,82,200,16.913700,
policy_only,8,3,perf-policy_only-r008-20260818T053210Z,loan_to_approval,1,83,200,17.001100,
policy_only,8,3,perf-policy_only-r008-20260818T053210Z,loan_to_approval,1,84,200,21.231000,
policy_only,8,3,perf-policy_only-r008-20260818T053210Z,loan_to_approval,1,85,200,18.039300,
policy_only,8,3,perf-policy_only-r008-20260818T053210Z,loan_to_approval,1,86,200,16.707000,
policy_only,8,3,perf-policy_only-r008-20260818T053210Z,loan_to_approval,1,87,200,17.511500,
policy_only,8,3,perf-policy_only-r008-20260818T053210Z,loan_to_approval,1,88,200,18.274600,
policy_only,8,3,perf-policy_only-r008-20260818T053210Z,loan_to_approval,1,89,200,18.884300,
policy_only,8,3,perf-policy_only-r008-20260818T053210Z,loan_to_approval,1,90,200,18.575200,
policy_only,8,3,perf-policy_only-r008-20260818T053210Z,loan_to_approval,1,91,200,17.753300,
policy_only,8,3,perf-policy_only-r008-20260818T053210Z,loan_to_approval,1,92,200,16.542700,
policy_only,8,3,perf-policy_only-r008-20260818T053210Z,loan_to_approval,1,93,200,17.041600,
policy_only,8,3,perf-policy_only-r008-20260818T053210Z,loan_to_approval,1,94,200,16.011300,
policy_only,8,3,perf-policy_only-r008-20260818T053210Z,loan_to_approval,1,95,200,16.041000,
policy_only,8,3,perf-policy_only-r008-20260818T053210Z,loan_to_approval,1,96,200,15.436300,
policy_only,8,3,perf-policy_only-r008-20260818T053210Z,loan_to_approval,1,97,200,17.463500,
policy_only,8,3,perf-policy_only-r008-20260818T053210Z,loan_to_approval,1,98,200,17.012900,
policy_only,8,3,perf-policy_only-r008-20260818T053210Z,loan_to_approval,1,99,200,17.275900,
policy_only,8,3,perf-policy_only-r008-20260818T053210Z,loan_to_approval,1,100,200,15.486700,
policy_only,8,3,perf-policy_only-r008-20260818T053210Z,loan_to_approval,1,101,200,16.004600,
policy_only,8,3,perf-policy_only-r008-20260818T053210Z,loan_to_approval,1,102,200,15.891400,
policy_only,8,3,perf-policy_only-r008-20260818T053210Z,loan_to_approval,1,103,200,15.262700,
policy_only,8,3,perf-policy_only-r008-20260818T053210Z,loan_to_approval,1,104,200,15.599500,
policy_only,8,3,perf-policy_only-r008-20260818T053210Z,loan_to_approval,1,105,200,16.628600,
policy_only,8,3,perf-policy_only-r008-20260818T053210Z,loan_to_approval,1,106,200,15.663100,
policy_only,8,3,perf-policy_only-r008-20260818T053210Z,loan_to_approval,1,107,200,16.310800,
policy_only,8,3,perf-policy_only-r008-20260818T053210Z,loan_to_approval,1,108,200,16.576900,
policy_only,8,3,perf-policy_only-r008-20260818T053210Z,loan_to_approval,1,109,200,16.109600,
policy_only,8,3,perf-policy_only-r008-20260818T053210Z,loan_to_approval,1,110,200,15.725500,
policy_only,8,3,perf-policy_only-r008-20260818T053210Z,loan_to_approval,1,111,200,16.044000,
policy_only,8,3,perf-policy_only-r008-20260818T053210Z,loan_to_approval,1,112,200,15.562400,
policy_only,8,3,perf-policy_only-r008-20260818T053210Z,loan_to_approval,1,113,200,16.360700,
policy_only,8,3,perf-policy_only-r008-20260818T053210Z,loan_to_approval,1,114,200,16.852600,
policy_only,8,3,perf-policy_only-r008-20260818T053210Z,loan_to_approval,1,115,200,16.129400,
policy_only,8,3,perf-policy_only-r008-20260818T053210Z,loan_to_approval,1,116,200,16.149200,
policy_only,8,3,perf-policy_only-r008-20260818T053210Z,loan_to_approval,1,117,200,18.036700,
policy_only,8,3,perf-policy_only-r008-20260818T053210Z,loan_to_approval,1,118,200,17.038900,
policy_only,8,3,perf-policy_only-r008-20260818T053210Z,loan_to_approval,1,119,200,16.900300,
policy_only,8,3,perf-policy_only-r008-20260818T053210Z,loan_to_approval,1,120,200,15.883200,
policy_only,8,3,perf-policy_only-r008-20260818T053210Z,loan_to_approval,1,121,200,16.954900,
policy_only,8,3,perf-policy_only-r008-20260818T053210Z,loan_to_approval,1,122,200,17.854700,
policy_only,8,3,perf-policy_only-r008-20260818T053210Z,loan_to_approval,1,123,200,17.205400,
policy_only,8,3,perf-policy_only-r008-20260818T053210Z,loan_to_approval,1,124,200,16.891400,
policy_only,8,3,perf-policy_only-r008-20260818T053210Z,loan_to_approval,1,125,200,17.531900,
policy_only,8,3,perf-policy_only-r008-20260818T053210Z,loan_to_approval,1,126,200,18.631200,
policy_only,8,3,perf-policy_only-r008-20260818T053210Z,loan_to_approval,1,127,200,17.078000,
policy_only,8,3,perf-policy_only-r008-20260818T053210Z,loan_to_approval,1,128,200,16.865000,
policy_only,8,3,perf-policy_only-r008-20260818T053210Z,loan_to_approval,1,129,200,15.444600,
policy_only,8,3,perf-policy_only-r008-20260818T053210Z,loan_to_approval,1,130,200,16.573300,
policy_only,8,3,perf-policy_only-r008-20260818T053210Z,loan_to_approval,1,131,200,16.565700,
policy_only,8,3,perf-policy_only-r008-20260818T053210Z,loan_to_approval,1,132,200,16.117300,
policy_only,8,3,perf-policy_only-r008-20260818T053210Z,loan_to_approval,1,133,200,16.085800,
policy_only,8,3,perf-policy_only-r008-20260818T053210Z,loan_to_approval,1,134,200,15.218900,
policy_only,8,3,perf-policy_only-r008-20260818T053210Z,loan_to_approval,1,135,200,16.283400,
policy_only,8,3,perf-policy_only-r008-20260818T053210Z,loan_to_approval,1,136,200,16.148600,
policy_only,8,3,perf-policy_only-r008-20260818T053210Z,loan_to_approval,1,137,200,17.035100,
policy_only,8,3,perf-policy_only-r008-20260818T053210Z,loan_to_approval,1,138,200,15.488800,
policy_only,8,3,perf-policy_only-r008-20260818T053210Z,loan_to_approval,1,139,200,17.009800,
policy_only,8,3,perf-policy_only-r008-20260818T053210Z,loan_to_approval,1,140,200,16.876800,
policy_only,8,3,perf-policy_only-r008-20260818T053210Z,loan_to_approval,1,141,200,16.518100,
policy_only,8,3,perf-policy_only-r008-20260818T053210Z,loan_to_approval,1,142,200,15.776900,
policy_only,8,3,perf-policy_only-r008-20260818T053210Z,loan_to_approval,1,143,200,16.678800,
policy_only,8,3,perf-policy_only-r008-20260818T053210Z,loan_to_approval,1,144,200,16.487400,
policy_only,8,3,perf-policy_only-r008-20260818T053210Z,loan_to_approval,1,145,200,16.276300,
policy_only,8,3,perf-policy_only-r008-20260818T053210Z,loan_to_approval,1,146,200,15.518900,
policy_only,8,3,perf-policy_only-r008-20260818T053210Z,loan_to_approval,1,147,200,16.382600,
policy_only,8,3,perf-policy_only-r008-20260818T053210Z,loan_to_approval,1,148,200,17.012200,
policy_only,8,3,perf-policy_only-r008-20260818T053210Z,loan_to_approval,1,149,200,17.181200,
policy_only,8,3,perf-policy_only-r008-20260818T053210Z,loan_to_approval,1,150,200,16.592700,
policy_only,8,3,perf-policy_only-r008-20260818T053210Z,loan_to_approval,1,151,200,16.687500,
policy_only,8,3,perf-policy_only-r008-20260818T053210Z,loan_to_approval,1,152,200,16.145600,
policy_only,8,3,perf-policy_only-r008-20260818T053210Z,loan_to_approval,1,153,200,15.837100,
policy_only,8,3,perf-policy_only-r008-20260818T053210Z,loan_to_approval,1,154,200,15.855400,
policy_only,8,3,perf-policy_only-r008-20260818T053210Z,loan_to_approval,1,155,200,16.631500,
policy_only,8,3,perf-policy_only-r008-20260818T053210Z,loan_to_approval,1,156,200,16.611500,
policy_only,8,3,perf-policy_only-r008-20260818T053210Z,loan_to_approval,1,157,200,16.562300,
policy_only,8,3,perf-policy_only-r008-20260818T053210Z,loan_to_approval,1,158,200,16.588200,
policy_only,8,3,perf-policy_only-r008-20260818T053210Z,loan_to_approval,1,159,200,15.832200,
policy_only,8,3,perf-policy_only-r008-20260818T053210Z,loan_to_approval,1,160,200,16.335400,
policy_only,8,3,perf-policy_only-r008-20260818T053210Z,loan_to_approval,1,161,200,15.597400,
policy_only,8,3,perf-policy_only-r008-20260818T053210Z,loan_to_approval,1,162,200,16.569300,
policy_only,8,3,perf-policy_only-r008-20260818T053210Z,loan_to_approval,1,163,200,16.539900,
policy_only,8,3,perf-policy_only-r008-20260818T053210Z,loan_to_approval,1,164,200,15.722100,
policy_only,8,3,perf-policy_only-r008-20260818T053210Z,loan_to_approval,1,165,200,16.205900,
policy_only,8,3,perf-policy_only-r008-20260818T053210Z,loan_to_approval,1,166,200,16.028800,
policy_only,8,3,perf-policy_only-r008-20260818T053210Z,loan_to_approval,1,167,200,15.871200,
policy_only,8,3,perf-policy_only-r008-20260818T053210Z,loan_to_approval,1,168,200,16.675800,
policy_only,8,3,perf-policy_only-r008-20260818T053210Z,loan_to_approval,1,169,200,16.514800,
policy_only,8,3,perf-policy_only-r008-20260818T053210Z,loan_to_approval,1,170,200,16.996900,
policy_only,8,3,perf-policy_only-r008-20260818T053210Z,loan_to_approval,1,171,200,16.796900,
policy_only,8,3,perf-policy_only-r008-20260818T053210Z,loan_to_approval,1,172,200,16.102200,
policy_only,8,3,perf-policy_only-r008-20260818T053210Z,loan_to_approval,1,173,200,15.416100,
policy_only,8,3,perf-policy_only-r008-20260818T053210Z,loan_to_approval,1,174,200,16.596400,
policy_only,8,3,perf-policy_only-r008-20260818T053210Z,loan_to_approval,1,175,200,16.724200,
policy_only,8,3,perf-policy_only-r008-20260818T053210Z,loan_to_approval,1,176,200,15.890200,
policy_only,8,3,perf-policy_only-r008-20260818T053210Z,loan_to_approval,1,177,200,16.022000,
policy_only,8,3,perf-policy_only-r008-20260818T053210Z,loan_to_approval,1,178,200,15.926700,
policy_only,8,3,perf-policy_only-r008-20260818T053210Z,loan_to_approval,1,179,200,15.886200,
policy_only,8,3,perf-policy_only-r008-20260818T053210Z,loan_to_approval,1,180,200,16.337000,
policy_only,8,3,perf-policy_only-r008-20260818T053210Z,loan_to_approval,1,181,200,16.983700,
policy_only,8,3,perf-policy_only-r008-20260818T053210Z,loan_to_approval,1,182,200,17.084700,
policy_only,8,3,perf-policy_only-r008-20260818T053210Z,loan_to_approval,1,183,200,17.314100,
policy_only,8,3,perf-policy_only-r008-20260818T053210Z,loan_to_approval,1,184,200,16.172900,
policy_only,8,3,perf-policy_only-r008-20260818T053210Z,loan_to_approval,1,185,200,16.234600,
policy_only,8,3,perf-policy_only-r008-20260818T053210Z,loan_to_approval,1,186,200,16.062200,
policy_only,8,3,perf-policy_only-r008-20260818T053210Z,loan_to_approval,1,187,200,16.934200,
policy_only,8,3,perf-policy_only-r008-20260818T053210Z,loan_to_approval,1,188,200,15.987600,
policy_only,8,3,perf-policy_only-r008-20260818T053210Z,loan_to_approval,1,189,200,17.234300,
policy_only,8,3,perf-policy_only-r008-20260818T053210Z,loan_to_approval,1,190,200,15.882500,
policy_only,8,3,perf-policy_only-r008-20260818T053210Z,loan_to_approval,1,191,200,17.350900,
policy_only,8,3,perf-policy_only-r008-20260818T053210Z,loan_to_approval,1,192,200,18.291400,
policy_only,8,3,perf-policy_only-r008-20260818T053210Z,loan_to_approval,1,193,200,18.716300,
policy_only,8,3,perf-policy_only-r008-20260818T053210Z,loan_to_approval,1,194,200,18.328800,
policy_only,8,3,perf-policy_only-r008-20260818T053210Z,loan_to_approval,1,195,200,21.075100,
policy_only,8,3,perf-policy_only-r008-20260818T053210Z,loan_to_approval,1,196,200,19.232800,
policy_only,8,3,perf-policy_only-r008-20260818T053210Z,loan_to_approval,1,197,200,19.076800,
policy_only,8,3,perf-policy_only-r008-20260818T053210Z,loan_to_approval,1,198,200,18.812100,
policy_only,8,3,perf-policy_only-r008-20260818T053210Z,loan_to_approval,1,199,200,16.504400,
policy_only,8,3,perf-policy_only-r008-20260818T053210Z,loan_to_approval,1,200,200,16.420600,
policy_only,8,3,perf-policy_only-r008-20260818T053210Z,loan_to_approval,2,1,200,16.652400,
policy_only,8,3,perf-policy_only-r008-20260818T053210Z,loan_to_approval,2,2,200,17.409200,
policy_only,8,3,perf-policy_only-r008-20260818T053210Z,loan_to_approval,2,3,200,16.857000,
policy_only,8,3,perf-policy_only-r008-20260818T053210Z,loan_to_approval,2,4,200,17.136400,
policy_only,8,3,perf-policy_only-r008-20260818T053210Z,loan_to_approval,2,5,200,16.944100,
policy_only,8,3,perf-policy_only-r008-20260818T053210Z,loan_to_approval,2,6,200,16.324800,
policy_only,8,3,perf-policy_only-r008-20260818T053210Z,loan_to_approval,2,7,200,16.460500,
policy_only,8,3,perf-policy_only-r008-20260818T053210Z,loan_to_approval,2,8,200,16.601800,
policy_only,8,3,perf-policy_only-r008-20260818T053210Z,loan_to_approval,2,9,200,18.578100,
policy_only,8,3,perf-policy_only-r008-20260818T053210Z,loan_to_approval,2,10,200,16.493000,
policy_only,8,3,perf-policy_only-r008-20260818T053210Z,loan_to_approval,2,11,200,15.984700,
policy_only,8,3,perf-policy_only-r008-20260818T053210Z,loan_to_approval,2,12,200,16.612200,
policy_only,8,3,perf-policy_only-r008-20260818T053210Z,loan_to_approval,2,13,200,16.049000,
policy_only,8,3,perf-policy_only-r008-20260818T053210Z,loan_to_approval,2,14,200,17.201200,
policy_only,8,3,perf-policy_only-r008-20260818T053210Z,loan_to_approval,2,15,200,18.636000,
policy_only,8,3,perf-policy_only-r008-20260818T053210Z,loan_to_approval,2,16,200,17.574000,
policy_only,8,3,perf-policy_only-r008-20260818T053210Z,loan_to_approval,2,17,200,15.418300,
policy_only,8,3,perf-policy_only-r008-20260818T053210Z,loan_to_approval,2,18,200,15.970100,
policy_only,8,3,perf-policy_only-r008-20260818T053210Z,loan_to_approval,2,19,200,16.349300,
policy_only,8,3,perf-policy_only-r008-20260818T053210Z,loan_to_approval,2,20,200,17.133000,
policy_only,8,3,perf-policy_only-r008-20260818T053210Z,loan_to_approval,2,21,200,16.327500,
policy_only,8,3,perf-policy_only-r008-20260818T053210Z,loan_to_approval,2,22,200,15.948200,
policy_only,8,3,perf-policy_only-r008-20260818T053210Z,loan_to_approval,2,23,200,16.572400,
policy_only,8,3,perf-policy_only-r008-20260818T053210Z,loan_to_approval,2,24,200,16.005100,
policy_only,8,3,perf-policy_only-r008-20260818T053210Z,loan_to_approval,2,25,200,16.690000,
policy_only,8,3,perf-policy_only-r008-20260818T053210Z,loan_to_approval,2,26,200,15.998200,
policy_only,8,3,perf-policy_only-r008-20260818T053210Z,loan_to_approval,2,27,200,16.039800,
policy_only,8,3,perf-policy_only-r008-20260818T053210Z,loan_to_approval,2,28,200,16.122800,
policy_only,8,3,perf-policy_only-r008-20260818T053210Z,loan_to_approval,2,29,200,19.027400,
policy_only,8,3,perf-policy_only-r008-20260818T053210Z,loan_to_approval,2,30,200,16.554500,
policy_only,8,3,perf-policy_only-r008-20260818T053210Z,loan_to_approval,2,31,200,15.996400,
policy_only,8,3,perf-policy_only-r008-20260818T053210Z,loan_to_approval,2,32,200,16.172200,
policy_only,8,3,perf-policy_only-r008-20260818T053210Z,loan_to_approval,2,33,200,15.753600,
policy_only,8,3,perf-policy_only-r008-20260818T053210Z,loan_to_approval,2,34,200,16.379500,
policy_only,8,3,perf-policy_only-r008-20260818T053210Z,loan_to_approval,2,35,200,17.057200,
policy_only,8,3,perf-policy_only-r008-20260818T053210Z,loan_to_approval,2,36,200,17.242400,
policy_only,8,3,perf-policy_only-r008-20260818T053210Z,loan_to_approval,2,37,200,16.674000,
policy_only,8,3,perf-policy_only-r008-20260818T053210Z,loan_to_approval,2,38,200,16.586200,
policy_only,8,3,perf-policy_only-r008-20260818T053210Z,loan_to_approval,2,39,200,16.460500,
policy_only,8,3,perf-policy_only-r008-20260818T053210Z,loan_to_approval,2,40,200,17.074800,
policy_only,8,3,perf-policy_only-r008-20260818T053210Z,loan_to_approval,2,41,200,15.916900,
policy_only,8,3,perf-policy_only-r008-20260818T053210Z,loan_to_approval,2,42,200,17.234400,
policy_only,8,3,perf-policy_only-r008-20260818T053210Z,loan_to_approval,2,43,200,16.525600,
policy_only,8,3,perf-policy_only-r008-20260818T053210Z,loan_to_approval,2,44,200,17.286900,
policy_only,8,3,perf-policy_only-r008-20260818T053210Z,loan_to_approval,2,45,200,16.226300,
policy_only,8,3,perf-policy_only-r008-20260818T053210Z,loan_to_approval,2,46,200,16.661100,
policy_only,8,3,perf-policy_only-r008-20260818T053210Z,loan_to_approval,2,47,200,17.255700,
policy_only,8,3,perf-policy_only-r008-20260818T053210Z,loan_to_approval,2,48,200,16.520800,
policy_only,8,3,perf-policy_only-r008-20260818T053210Z,loan_to_approval,2,49,200,17.495300,
policy_only,8,3,perf-policy_only-r008-20260818T053210Z,loan_to_approval,2,50,200,16.857800,
policy_only,8,3,perf-policy_only-r008-20260818T053210Z,loan_to_approval,2,51,200,16.925600,
policy_only,8,3,perf-policy_only-r008-20260818T053210Z,loan_to_approval,2,52,200,16.305100,
policy_only,8,3,perf-policy_only-r008-20260818T053210Z,loan_to_approval,2,53,200,15.981400,
policy_only,8,3,perf-policy_only-r008-20260818T053210Z,loan_to_approval,2,54,200,16.540500,
policy_only,8,3,perf-policy_only-r008-20260818T053210Z,loan_to_approval,2,55,200,16.608500,
policy_only,8,3,perf-policy_only-r008-20260818T053210Z,loan_to_approval,2,56,200,16.352900,
policy_only,8,3,perf-policy_only-r008-20260818T053210Z,loan_to_approval,2,57,200,16.181400,
policy_only,8,3,perf-policy_only-r008-20260818T053210Z,loan_to_approval,2,58,200,17.888300,
policy_only,8,3,perf-policy_only-r008-20260818T053210Z,loan_to_approval,2,59,200,16.723600,
policy_only,8,3,perf-policy_only-r008-20260818T053210Z,loan_to_approval,2,60,200,21.127000,
policy_only,8,3,perf-policy_only-r008-20260818T053210Z,loan_to_approval,2,61,200,17.500700,
policy_only,8,3,perf-policy_only-r008-20260818T053210Z,loan_to_approval,2,62,200,18.743100,
policy_only,8,3,perf-policy_only-r008-20260818T053210Z,loan_to_approval,2,63,200,19.425700,
policy_only,8,3,perf-policy_only-r008-20260818T053210Z,loan_to_approval,2,64,200,18.915800,
policy_only,8,3,perf-policy_only-r008-20260818T053210Z,loan_to_approval,2,65,200,18.161200,
policy_only,8,3,perf-policy_only-r008-20260818T053210Z,loan_to_approval,2,66,200,17.063200,
policy_only,8,3,perf-policy_only-r008-20260818T053210Z,loan_to_approval,2,67,200,17.271600,
policy_only,8,3,perf-policy_only-r008-20260818T053210Z,loan_to_approval,2,68,200,16.405500,
policy_only,8,3,perf-policy_only-r008-20260818T053210Z,loan_to_approval,2,69,200,17.007600,
policy_only,8,3,perf-policy_only-r008-20260818T053210Z,loan_to_approval,2,70,200,16.242400,
policy_only,8,3,perf-policy_only-r008-20260818T053210Z,loan_to_approval,2,71,200,17.028900,
policy_only,8,3,perf-policy_only-r008-20260818T053210Z,loan_to_approval,2,72,200,17.083700,
policy_only,8,3,perf-policy_only-r008-20260818T053210Z,loan_to_approval,2,73,200,16.719700,
policy_only,8,3,perf-policy_only-r008-20260818T053210Z,loan_to_approval,2,74,200,16.994800,
policy_only,8,3,perf-policy_only-r008-20260818T053210Z,loan_to_approval,2,75,200,16.625500,
policy_only,8,3,perf-policy_only-r008-20260818T053210Z,loan_to_approval,2,76,200,16.319800,
policy_only,8,3,perf-policy_only-r008-20260818T053210Z,loan_to_approval,2,77,200,15.597300,
policy_only,8,3,perf-policy_only-r008-20260818T053210Z,loan_to_approval,2,78,200,16.019000,
policy_only,8,3,perf-policy_only-r008-20260818T053210Z,loan_to_approval,2,79,200,16.091200,
policy_only,8,3,perf-policy_only-r008-20260818T053210Z,loan_to_approval,2,80,200,15.829800,
policy_only,8,3,perf-policy_only-r008-20260818T053210Z,loan_to_approval,2,81,200,16.168300,
policy_only,8,3,perf-policy_only-r008-20260818T053210Z,loan_to_approval,2,82,200,16.085200,
policy_only,8,3,perf-policy_only-r008-20260818T053210Z,loan_to_approval,2,83,200,16.709200,
policy_only,8,3,perf-policy_only-r008-20260818T053210Z,loan_to_approval,2,84,200,16.939000,
policy_only,8,3,perf-policy_only-r008-20260818T053210Z,loan_to_approval,2,85,200,15.815300,
policy_only,8,3,perf-policy_only-r008-20260818T053210Z,loan_to_approval,2,86,200,16.004300,
policy_only,8,3,perf-policy_only-r008-20260818T053210Z,loan_to_approval,2,87,200,16.061800,
policy_only,8,3,perf-policy_only-r008-20260818T053210Z,loan_to_approval,2,88,200,17.048200,
policy_only,8,3,perf-policy_only-r008-20260818T053210Z,loan_to_approval,2,89,200,16.123300,
policy_only,8,3,perf-policy_only-r008-20260818T053210Z,loan_to_approval,2,90,200,16.020700,
policy_only,8,3,perf-policy_only-r008-20260818T053210Z,loan_to_approval,2,91,200,16.061900,
policy_only,8,3,perf-policy_only-r008-20260818T053210Z,loan_to_approval,2,92,200,16.959400,
policy_only,8,3,perf-policy_only-r008-20260818T053210Z,loan_to_approval,2,93,200,16.027800,
policy_only,8,3,perf-policy_only-r008-20260818T053210Z,loan_to_approval,2,94,200,15.616500,
policy_only,8,3,perf-policy_only-r008-20260818T053210Z,loan_to_approval,2,95,200,16.070000,
policy_only,8,3,perf-policy_only-r008-20260818T053210Z,loan_to_approval,2,96,200,15.899600,
policy_only,8,3,perf-policy_only-r008-20260818T053210Z,loan_to_approval,2,97,200,17.028900,
policy_only,8,3,perf-policy_only-r008-20260818T053210Z,loan_to_approval,2,98,200,15.981200,
policy_only,8,3,perf-policy_only-r008-20260818T053210Z,loan_to_approval,2,99,200,16.053100,
policy_only,8,3,perf-policy_only-r008-20260818T053210Z,loan_to_approval,2,100,200,15.932600,
policy_only,8,3,perf-policy_only-r008-20260818T053210Z,loan_to_approval,2,101,200,15.805400,
policy_only,8,3,perf-policy_only-r008-20260818T053210Z,loan_to_approval,2,102,200,16.524600,
policy_only,8,3,perf-policy_only-r008-20260818T053210Z,loan_to_approval,2,103,200,16.924400,
policy_only,8,3,perf-policy_only-r008-20260818T053210Z,loan_to_approval,2,104,200,16.870800,
policy_only,8,3,perf-policy_only-r008-20260818T053210Z,loan_to_approval,2,105,200,17.122200,
policy_only,8,3,perf-policy_only-r008-20260818T053210Z,loan_to_approval,2,106,200,16.716100,
policy_only,8,3,perf-policy_only-r008-20260818T053210Z,loan_to_approval,2,107,200,16.266600,
policy_only,8,3,perf-policy_only-r008-20260818T053210Z,loan_to_approval,2,108,200,16.715200,
policy_only,8,3,perf-policy_only-r008-20260818T053210Z,loan_to_approval,2,109,200,17.032400,
policy_only,8,3,perf-policy_only-r008-20260818T053210Z,loan_to_approval,2,110,200,15.754900,
policy_only,8,3,perf-policy_only-r008-20260818T053210Z,loan_to_approval,2,111,200,15.898400,
policy_only,8,3,perf-policy_only-r008-20260818T053210Z,loan_to_approval,2,112,200,16.014900,
policy_only,8,3,perf-policy_only-r008-20260818T053210Z,loan_to_approval,2,113,200,15.993900,
policy_only,8,3,perf-policy_only-r008-20260818T053210Z,loan_to_approval,2,114,200,16.053900,
policy_only,8,3,perf-policy_only-r008-20260818T053210Z,loan_to_approval,2,115,200,16.326600,
policy_only,8,3,perf-policy_only-r008-20260818T053210Z,loan_to_approval,2,116,200,15.398900,
policy_only,8,3,perf-policy_only-r008-20260818T053210Z,loan_to_approval,2,117,200,16.273500,
policy_only,8,3,perf-policy_only-r008-20260818T053210Z,loan_to_approval,2,118,200,17.367000,
policy_only,8,3,perf-policy_only-r008-20260818T053210Z,loan_to_approval,2,119,200,18.005400,
policy_only,8,3,perf-policy_only-r008-20260818T053210Z,loan_to_approval,2,120,200,18.570100,
policy_only,8,3,perf-policy_only-r008-20260818T053210Z,loan_to_approval,2,121,200,17.471200,
policy_only,8,3,perf-policy_only-r008-20260818T053210Z,loan_to_approval,2,122,200,16.724100,
policy_only,8,3,perf-policy_only-r008-20260818T053210Z,loan_to_approval,2,123,200,17.072700,
policy_only,8,3,perf-policy_only-r008-20260818T053210Z,loan_to_approval,2,124,200,17.255000,
policy_only,8,3,perf-policy_only-r008-20260818T053210Z,loan_to_approval,2,125,200,16.641700,
policy_only,8,3,perf-policy_only-r008-20260818T053210Z,loan_to_approval,2,126,200,17.198000,
policy_only,8,3,perf-policy_only-r008-20260818T053210Z,loan_to_approval,2,127,200,16.814100,
policy_only,8,3,perf-policy_only-r008-20260818T053210Z,loan_to_approval,2,128,200,16.804300,
policy_only,8,3,perf-policy_only-r008-20260818T053210Z,loan_to_approval,2,129,200,17.414600,
policy_only,8,3,perf-policy_only-r008-20260818T053210Z,loan_to_approval,2,130,200,16.482800,
policy_only,8,3,perf-policy_only-r008-20260818T053210Z,loan_to_approval,2,131,200,15.993900,
policy_only,8,3,perf-policy_only-r008-20260818T053210Z,loan_to_approval,2,132,200,17.025300,
policy_only,8,3,perf-policy_only-r008-20260818T053210Z,loan_to_approval,2,133,200,16.776100,
policy_only,8,3,perf-policy_only-r008-20260818T053210Z,loan_to_approval,2,134,200,16.448700,
policy_only,8,3,perf-policy_only-r008-20260818T053210Z,loan_to_approval,2,135,200,16.626500,
policy_only,8,3,perf-policy_only-r008-20260818T053210Z,loan_to_approval,2,136,200,17.064200,
policy_only,8,3,perf-policy_only-r008-20260818T053210Z,loan_to_approval,2,137,200,16.903000,
policy_only,8,3,perf-policy_only-r008-20260818T053210Z,loan_to_approval,2,138,200,16.699300,
policy_only,8,3,perf-policy_only-r008-20260818T053210Z,loan_to_approval,2,139,200,15.800700,
policy_only,8,3,perf-policy_only-r008-20260818T053210Z,loan_to_approval,2,140,200,16.143800,
policy_only,8,3,perf-policy_only-r008-20260818T053210Z,loan_to_approval,2,141,200,15.928800,
policy_only,8,3,perf-policy_only-r008-20260818T053210Z,loan_to_approval,2,142,200,16.758700,
policy_only,8,3,perf-policy_only-r008-20260818T053210Z,loan_to_approval,2,143,200,16.972700,
policy_only,8,3,perf-policy_only-r008-20260818T053210Z,loan_to_approval,2,144,200,16.325900,
policy_only,8,3,perf-policy_only-r008-20260818T053210Z,loan_to_approval,2,145,200,15.940000,
policy_only,8,3,perf-policy_only-r008-20260818T053210Z,loan_to_approval,2,146,200,15.899300,
policy_only,8,3,perf-policy_only-r008-20260818T053210Z,loan_to_approval,2,147,200,16.367900,
policy_only,8,3,perf-policy_only-r008-20260818T053210Z,loan_to_approval,2,148,200,16.542400,
policy_only,8,3,perf-policy_only-r008-20260818T053210Z,loan_to_approval,2,149,200,16.660500,
policy_only,8,3,perf-policy_only-r008-20260818T053210Z,loan_to_approval,2,150,200,16.513700,
policy_only,8,3,perf-policy_only-r008-20260818T053210Z,loan_to_approval,2,151,200,19.286800,
policy_only,8,3,perf-policy_only-r008-20260818T053210Z,loan_to_approval,2,152,200,16.750700,
policy_only,8,3,perf-policy_only-r008-20260818T053210Z,loan_to_approval,2,153,200,15.963800,
policy_only,8,3,perf-policy_only-r008-20260818T053210Z,loan_to_approval,2,154,200,16.304300,
policy_only,8,3,perf-policy_only-r008-20260818T053210Z,loan_to_approval,2,155,200,16.951100,
policy_only,8,3,perf-policy_only-r008-20260818T053210Z,loan_to_approval,2,156,200,17.161800,
policy_only,8,3,perf-policy_only-r008-20260818T053210Z,loan_to_approval,2,157,200,17.000500,
policy_only,8,3,perf-policy_only-r008-20260818T053210Z,loan_to_approval,2,158,200,16.722600,
policy_only,8,3,perf-policy_only-r008-20260818T053210Z,loan_to_approval,2,159,200,16.754800,
policy_only,8,3,perf-policy_only-r008-20260818T053210Z,loan_to_approval,2,160,200,17.121400,
policy_only,8,3,perf-policy_only-r008-20260818T053210Z,loan_to_approval,2,161,200,15.600100,
policy_only,8,3,perf-policy_only-r008-20260818T053210Z,loan_to_approval,2,162,200,16.624300,
policy_only,8,3,perf-policy_only-r008-20260818T053210Z,loan_to_approval,2,163,200,16.433800,
policy_only,8,3,perf-policy_only-r008-20260818T053210Z,loan_to_approval,2,164,200,16.328400,
policy_only,8,3,perf-policy_only-r008-20260818T053210Z,loan_to_approval,2,165,200,16.796200,
policy_only,8,3,perf-policy_only-r008-20260818T053210Z,loan_to_approval,2,166,200,17.197300,
policy_only,8,3,perf-policy_only-r008-20260818T053210Z,loan_to_approval,2,167,200,17.611600,
policy_only,8,3,perf-policy_only-r008-20260818T053210Z,loan_to_approval,2,168,200,16.215600,
policy_only,8,3,perf-policy_only-r008-20260818T053210Z,loan_to_approval,2,169,200,15.881200,
policy_only,8,3,perf-policy_only-r008-20260818T053210Z,loan_to_approval,2,170,200,15.890600,
policy_only,8,3,perf-policy_only-r008-20260818T053210Z,loan_to_approval,2,171,200,16.027800,
policy_only,8,3,perf-policy_only-r008-20260818T053210Z,loan_to_approval,2,172,200,15.957300,
policy_only,8,3,perf-policy_only-r008-20260818T053210Z,loan_to_approval,2,173,200,17.168500,
policy_only,8,3,perf-policy_only-r008-20260818T053210Z,loan_to_approval,2,174,200,17.056100,
policy_only,8,3,perf-policy_only-r008-20260818T053210Z,loan_to_approval,2,175,200,15.774900,
policy_only,8,3,perf-policy_only-r008-20260818T053210Z,loan_to_approval,2,176,200,16.148700,
policy_only,8,3,perf-policy_only-r008-20260818T053210Z,loan_to_approval,2,177,200,17.195900,
policy_only,8,3,perf-policy_only-r008-20260818T053210Z,loan_to_approval,2,178,200,16.740700,
policy_only,8,3,perf-policy_only-r008-20260818T053210Z,loan_to_approval,2,179,200,15.379800,
policy_only,8,3,perf-policy_only-r008-20260818T053210Z,loan_to_approval,2,180,200,17.566900,
policy_only,8,3,perf-policy_only-r008-20260818T053210Z,loan_to_approval,2,181,200,17.720200,
policy_only,8,3,perf-policy_only-r008-20260818T053210Z,loan_to_approval,2,182,200,16.832100,
policy_only,8,3,perf-policy_only-r008-20260818T053210Z,loan_to_approval,2,183,200,16.549800,
policy_only,8,3,perf-policy_only-r008-20260818T053210Z,loan_to_approval,2,184,200,15.632000,
policy_only,8,3,perf-policy_only-r008-20260818T053210Z,loan_to_approval,2,185,200,16.200200,
policy_only,8,3,perf-policy_only-r008-20260818T053210Z,loan_to_approval,2,186,200,15.610400,
policy_only,8,3,perf-policy_only-r008-20260818T053210Z,loan_to_approval,2,187,200,15.826900,
policy_only,8,3,perf-policy_only-r008-20260818T053210Z,loan_to_approval,2,188,200,16.337300,
policy_only,8,3,perf-policy_only-r008-20260818T053210Z,loan_to_approval,2,189,200,15.671500,
policy_only,8,3,perf-policy_only-r008-20260818T053210Z,loan_to_approval,2,190,200,16.437900,
policy_only,8,3,perf-policy_only-r008-20260818T053210Z,loan_to_approval,2,191,200,16.846700,
policy_only,8,3,perf-policy_only-r008-20260818T053210Z,loan_to_approval,2,192,200,16.920800,
policy_only,8,3,perf-policy_only-r008-20260818T053210Z,loan_to_approval,2,193,200,15.520100,
policy_only,8,3,perf-policy_only-r008-20260818T053210Z,loan_to_approval,2,194,200,16.076800,
policy_only,8,3,perf-policy_only-r008-20260818T053210Z,loan_to_approval,2,195,200,16.384400,
policy_only,8,3,perf-policy_only-r008-20260818T053210Z,loan_to_approval,2,196,200,15.874400,
policy_only,8,3,perf-policy_only-r008-20260818T053210Z,loan_to_approval,2,197,200,16.722000,
policy_only,8,3,perf-policy_only-r008-20260818T053210Z,loan_to_approval,2,198,200,16.566800,
policy_only,8,3,perf-policy_only-r008-20260818T053210Z,loan_to_approval,2,199,200,17.072300,
policy_only,8,3,perf-policy_only-r008-20260818T053210Z,loan_to_approval,2,200,200,16.721400,
policy_only,8,3,perf-policy_only-r008-20260818T053210Z,loan_to_approval,3,1,200,16.030800,
policy_only,8,3,perf-policy_only-r008-20260818T053210Z,loan_to_approval,3,2,200,15.796700,
policy_only,8,3,perf-policy_only-r008-20260818T053210Z,loan_to_approval,3,3,200,15.880000,
policy_only,8,3,perf-policy_only-r008-20260818T053210Z,loan_to_approval,3,4,200,17.086400,
policy_only,8,3,perf-policy_only-r008-20260818T053210Z,loan_to_approval,3,5,200,18.818800,
policy_only,8,3,perf-policy_only-r008-20260818T053210Z,loan_to_approval,3,6,200,15.980700,
policy_only,8,3,perf-policy_only-r008-20260818T053210Z,loan_to_approval,3,7,200,16.021800,
policy_only,8,3,perf-policy_only-r008-20260818T053210Z,loan_to_approval,3,8,200,15.837800,
policy_only,8,3,perf-policy_only-r008-20260818T053210Z,loan_to_approval,3,9,200,15.952400,
policy_only,8,3,perf-policy_only-r008-20260818T053210Z,loan_to_approval,3,10,200,16.146700,
policy_only,8,3,perf-policy_only-r008-20260818T053210Z,loan_to_approval,3,11,200,17.189900,
policy_only,8,3,perf-policy_only-r008-20260818T053210Z,loan_to_approval,3,12,200,17.246400,
policy_only,8,3,perf-policy_only-r008-20260818T053210Z,loan_to_approval,3,13,200,17.035700,
policy_only,8,3,perf-policy_only-r008-20260818T053210Z,loan_to_approval,3,14,200,16.552500,
policy_only,8,3,perf-policy_only-r008-20260818T053210Z,loan_to_approval,3,15,200,15.952400,
policy_only,8,3,perf-policy_only-r008-20260818T053210Z,loan_to_approval,3,16,200,16.927300,
policy_only,8,3,perf-policy_only-r008-20260818T053210Z,loan_to_approval,3,17,200,17.283700,
policy_only,8,3,perf-policy_only-r008-20260818T053210Z,loan_to_approval,3,18,200,17.187900,
policy_only,8,3,perf-policy_only-r008-20260818T053210Z,loan_to_approval,3,19,200,16.605300,
policy_only,8,3,perf-policy_only-r008-20260818T053210Z,loan_to_approval,3,20,200,15.741800,
policy_only,8,3,perf-policy_only-r008-20260818T053210Z,loan_to_approval,3,21,200,15.993700,
policy_only,8,3,perf-policy_only-r008-20260818T053210Z,loan_to_approval,3,22,200,17.119800,
policy_only,8,3,perf-policy_only-r008-20260818T053210Z,loan_to_approval,3,23,200,17.263700,
policy_only,8,3,perf-policy_only-r008-20260818T053210Z,loan_to_approval,3,24,200,15.978700,
policy_only,8,3,perf-policy_only-r008-20260818T053210Z,loan_to_approval,3,25,200,15.700200,
policy_only,8,3,perf-policy_only-r008-20260818T053210Z,loan_to_approval,3,26,200,16.524600,
policy_only,8,3,perf-policy_only-r008-20260818T053210Z,loan_to_approval,3,27,200,17.143500,
policy_only,8,3,perf-policy_only-r008-20260818T053210Z,loan_to_approval,3,28,200,16.373600,
policy_only,8,3,perf-policy_only-r008-20260818T053210Z,loan_to_approval,3,29,200,17.218500,
policy_only,8,3,perf-policy_only-r008-20260818T053210Z,loan_to_approval,3,30,200,16.589100,
policy_only,8,3,perf-policy_only-r008-20260818T053210Z,loan_to_approval,3,31,200,15.908100,
policy_only,8,3,perf-policy_only-r008-20260818T053210Z,loan_to_approval,3,32,200,16.018100,
policy_only,8,3,perf-policy_only-r008-20260818T053210Z,loan_to_approval,3,33,200,16.096100,
policy_only,8,3,perf-policy_only-r008-20260818T053210Z,loan_to_approval,3,34,200,15.739400,
policy_only,8,3,perf-policy_only-r008-20260818T053210Z,loan_to_approval,3,35,200,16.035900,
policy_only,8,3,perf-policy_only-r008-20260818T053210Z,loan_to_approval,3,36,200,15.894900,
policy_only,8,3,perf-policy_only-r008-20260818T053210Z,loan_to_approval,3,37,200,14.989600,
policy_only,8,3,perf-policy_only-r008-20260818T053210Z,loan_to_approval,3,38,200,15.977500,
policy_only,8,3,perf-policy_only-r008-20260818T053210Z,loan_to_approval,3,39,200,16.165600,
policy_only,8,3,perf-policy_only-r008-20260818T053210Z,loan_to_approval,3,40,200,15.920100,
policy_only,8,3,perf-policy_only-r008-20260818T053210Z,loan_to_approval,3,41,200,17.249000,
policy_only,8,3,perf-policy_only-r008-20260818T053210Z,loan_to_approval,3,42,200,17.307900,
policy_only,8,3,perf-policy_only-r008-20260818T053210Z,loan_to_approval,3,43,200,15.924200,
policy_only,8,3,perf-policy_only-r008-20260818T053210Z,loan_to_approval,3,44,200,16.793600,
policy_only,8,3,perf-policy_only-r008-20260818T053210Z,loan_to_approval,3,45,200,16.455000,
policy_only,8,3,perf-policy_only-r008-20260818T053210Z,loan_to_approval,3,46,200,16.452600,
policy_only,8,3,perf-policy_only-r008-20260818T053210Z,loan_to_approval,3,47,200,16.625400,
policy_only,8,3,perf-policy_only-r008-20260818T053210Z,loan_to_approval,3,48,200,15.809500,
policy_only,8,3,perf-policy_only-r008-20260818T053210Z,loan_to_approval,3,49,200,14.990900,
policy_only,8,3,perf-policy_only-r008-20260818T053210Z,loan_to_approval,3,50,200,16.216100,
policy_only,8,3,perf-policy_only-r008-20260818T053210Z,loan_to_approval,3,51,200,15.734900,
policy_only,8,3,perf-policy_only-r008-20260818T053210Z,loan_to_approval,3,52,200,15.174000,
policy_only,8,3,perf-policy_only-r008-20260818T053210Z,loan_to_approval,3,53,200,15.820700,
policy_only,8,3,perf-policy_only-r008-20260818T053210Z,loan_to_approval,3,54,200,16.250800,
policy_only,8,3,perf-policy_only-r008-20260818T053210Z,loan_to_approval,3,55,200,17.269100,
policy_only,8,3,perf-policy_only-r008-20260818T053210Z,loan_to_approval,3,56,200,16.440200,
policy_only,8,3,perf-policy_only-r008-20260818T053210Z,loan_to_approval,3,57,200,16.246300,
policy_only,8,3,perf-policy_only-r008-20260818T053210Z,loan_to_approval,3,58,200,16.157000,
policy_only,8,3,perf-policy_only-r008-20260818T053210Z,loan_to_approval,3,59,200,15.914200,
policy_only,8,3,perf-policy_only-r008-20260818T053210Z,loan_to_approval,3,60,200,17.347900,
policy_only,8,3,perf-policy_only-r008-20260818T053210Z,loan_to_approval,3,61,200,16.736300,
policy_only,8,3,perf-policy_only-r008-20260818T053210Z,loan_to_approval,3,62,200,16.709100,
policy_only,8,3,perf-policy_only-r008-20260818T053210Z,loan_to_approval,3,63,200,16.239500,
policy_only,8,3,perf-policy_only-r008-20260818T053210Z,loan_to_approval,3,64,200,16.815200,
policy_only,8,3,perf-policy_only-r008-20260818T053210Z,loan_to_approval,3,65,200,16.773500,
policy_only,8,3,perf-policy_only-r008-20260818T053210Z,loan_to_approval,3,66,200,16.303800,
policy_only,8,3,perf-policy_only-r008-20260818T053210Z,loan_to_approval,3,67,200,16.885900,
policy_only,8,3,perf-policy_only-r008-20260818T053210Z,loan_to_approval,3,68,200,16.069000,
policy_only,8,3,perf-policy_only-r008-20260818T053210Z,loan_to_approval,3,69,200,15.878800,
policy_only,8,3,perf-policy_only-r008-20260818T053210Z,loan_to_approval,3,70,200,16.823900,
policy_only,8,3,perf-policy_only-r008-20260818T053210Z,loan_to_approval,3,71,200,16.061100,
policy_only,8,3,perf-policy_only-r008-20260818T053210Z,loan_to_approval,3,72,200,15.464800,
policy_only,8,3,perf-policy_only-r008-20260818T053210Z,loan_to_approval,3,73,200,16.527400,
policy_only,8,3,perf-policy_only-r008-20260818T053210Z,loan_to_approval,3,74,200,15.412800,
policy_only,8,3,perf-policy_only-r008-20260818T053210Z,loan_to_approval,3,75,200,16.395100,
policy_only,8,3,perf-policy_only-r008-20260818T053210Z,loan_to_approval,3,76,200,16.062700,
policy_only,8,3,perf-policy_only-r008-20260818T053210Z,loan_to_approval,3,77,200,15.792700,
policy_only,8,3,perf-policy_only-r008-20260818T053210Z,loan_to_approval,3,78,200,16.906100,
policy_only,8,3,perf-policy_only-r008-20260818T053210Z,loan_to_approval,3,79,200,16.167000,
policy_only,8,3,perf-policy_only-r008-20260818T053210Z,loan_to_approval,3,80,200,15.775300,
policy_only,8,3,perf-policy_only-r008-20260818T053210Z,loan_to_approval,3,81,200,15.305700,
policy_only,8,3,perf-policy_only-r008-20260818T053210Z,loan_to_approval,3,82,200,15.850000,
policy_only,8,3,perf-policy_only-r008-20260818T053210Z,loan_to_approval,3,83,200,15.879200,
policy_only,8,3,perf-policy_only-r008-20260818T053210Z,loan_to_approval,3,84,200,16.241600,
policy_only,8,3,perf-policy_only-r008-20260818T053210Z,loan_to_approval,3,85,200,15.622500,
policy_only,8,3,perf-policy_only-r008-20260818T053210Z,loan_to_approval,3,86,200,16.363500,
policy_only,8,3,perf-policy_only-r008-20260818T053210Z,loan_to_approval,3,87,200,15.803500,
policy_only,8,3,perf-policy_only-r008-20260818T053210Z,loan_to_approval,3,88,200,15.794900,
policy_only,8,3,perf-policy_only-r008-20260818T053210Z,loan_to_approval,3,89,200,17.037600,
policy_only,8,3,perf-policy_only-r008-20260818T053210Z,loan_to_approval,3,90,200,16.157600,
policy_only,8,3,perf-policy_only-r008-20260818T053210Z,loan_to_approval,3,91,200,17.310300,
policy_only,8,3,perf-policy_only-r008-20260818T053210Z,loan_to_approval,3,92,200,16.559400,
policy_only,8,3,perf-policy_only-r008-20260818T053210Z,loan_to_approval,3,93,200,17.115900,
policy_only,8,3,perf-policy_only-r008-20260818T053210Z,loan_to_approval,3,94,200,15.641500,
policy_only,8,3,perf-policy_only-r008-20260818T053210Z,loan_to_approval,3,95,200,15.806900,
policy_only,8,3,perf-policy_only-r008-20260818T053210Z,loan_to_approval,3,96,200,16.025800,
policy_only,8,3,perf-policy_only-r008-20260818T053210Z,loan_to_approval,3,97,200,16.306900,
policy_only,8,3,perf-policy_only-r008-20260818T053210Z,loan_to_approval,3,98,200,16.522400,
policy_only,8,3,perf-policy_only-r008-20260818T053210Z,loan_to_approval,3,99,200,15.280300,
policy_only,8,3,perf-policy_only-r008-20260818T053210Z,loan_to_approval,3,100,200,16.534100,
policy_only,8,3,perf-policy_only-r008-20260818T053210Z,loan_to_approval,3,101,200,17.052700,
policy_only,8,3,perf-policy_only-r008-20260818T053210Z,loan_to_approval,3,102,200,16.668500,
policy_only,8,3,perf-policy_only-r008-20260818T053210Z,loan_to_approval,3,103,200,16.579600,
policy_only,8,3,perf-policy_only-r008-20260818T053210Z,loan_to_approval,3,104,200,16.243400,
policy_only,8,3,perf-policy_only-r008-20260818T053210Z,loan_to_approval,3,105,200,20.372300,
policy_only,8,3,perf-policy_only-r008-20260818T053210Z,loan_to_approval,3,106,200,16.165100,
policy_only,8,3,perf-policy_only-r008-20260818T053210Z,loan_to_approval,3,107,200,16.035700,
policy_only,8,3,perf-policy_only-r008-20260818T053210Z,loan_to_approval,3,108,200,15.982000,
policy_only,8,3,perf-policy_only-r008-20260818T053210Z,loan_to_approval,3,109,200,16.232200,
policy_only,8,3,perf-policy_only-r008-20260818T053210Z,loan_to_approval,3,110,200,15.732200,
policy_only,8,3,perf-policy_only-r008-20260818T053210Z,loan_to_approval,3,111,200,16.588400,
policy_only,8,3,perf-policy_only-r008-20260818T053210Z,loan_to_approval,3,112,200,16.780400,
policy_only,8,3,perf-policy_only-r008-20260818T053210Z,loan_to_approval,3,113,200,16.828600,
policy_only,8,3,perf-policy_only-r008-20260818T053210Z,loan_to_approval,3,114,200,15.851600,
policy_only,8,3,perf-policy_only-r008-20260818T053210Z,loan_to_approval,3,115,200,16.429400,
policy_only,8,3,perf-policy_only-r008-20260818T053210Z,loan_to_approval,3,116,200,15.635100,
policy_only,8,3,perf-policy_only-r008-20260818T053210Z,loan_to_approval,3,117,200,16.303200,
policy_only,8,3,perf-policy_only-r008-20260818T053210Z,loan_to_approval,3,118,200,17.980600,
policy_only,8,3,perf-policy_only-r008-20260818T053210Z,loan_to_approval,3,119,200,18.007500,
policy_only,8,3,perf-policy_only-r008-20260818T053210Z,loan_to_approval,3,120,200,19.128500,
policy_only,8,3,perf-policy_only-r008-20260818T053210Z,loan_to_approval,3,121,200,17.102300,
policy_only,8,3,perf-policy_only-r008-20260818T053210Z,loan_to_approval,3,122,200,17.010900,
policy_only,8,3,perf-policy_only-r008-20260818T053210Z,loan_to_approval,3,123,200,16.704700,
policy_only,8,3,perf-policy_only-r008-20260818T053210Z,loan_to_approval,3,124,200,17.936200,
policy_only,8,3,perf-policy_only-r008-20260818T053210Z,loan_to_approval,3,125,200,17.231800,
policy_only,8,3,perf-policy_only-r008-20260818T053210Z,loan_to_approval,3,126,200,16.136100,
policy_only,8,3,perf-policy_only-r008-20260818T053210Z,loan_to_approval,3,127,200,16.415800,
policy_only,8,3,perf-policy_only-r008-20260818T053210Z,loan_to_approval,3,128,200,15.620200,
policy_only,8,3,perf-policy_only-r008-20260818T053210Z,loan_to_approval,3,129,200,16.147500,
policy_only,8,3,perf-policy_only-r008-20260818T053210Z,loan_to_approval,3,130,200,16.082100,
policy_only,8,3,perf-policy_only-r008-20260818T053210Z,loan_to_approval,3,131,200,17.044900,
policy_only,8,3,perf-policy_only-r008-20260818T053210Z,loan_to_approval,3,132,200,16.999600,
policy_only,8,3,perf-policy_only-r008-20260818T053210Z,loan_to_approval,3,133,200,16.348600,
policy_only,8,3,perf-policy_only-r008-20260818T053210Z,loan_to_approval,3,134,200,16.353900,
policy_only,8,3,perf-policy_only-r008-20260818T053210Z,loan_to_approval,3,135,200,15.915700,
policy_only,8,3,perf-policy_only-r008-20260818T053210Z,loan_to_approval,3,136,200,15.783800,
policy_only,8,3,perf-policy_only-r008-20260818T053210Z,loan_to_approval,3,137,200,16.100300,
policy_only,8,3,perf-policy_only-r008-20260818T053210Z,loan_to_approval,3,138,200,15.035400,
policy_only,8,3,perf-policy_only-r008-20260818T053210Z,loan_to_approval,3,139,200,16.267000,
policy_only,8,3,perf-policy_only-r008-20260818T053210Z,loan_to_approval,3,140,200,16.961100,
policy_only,8,3,perf-policy_only-r008-20260818T053210Z,loan_to_approval,3,141,200,16.847500,
policy_only,8,3,perf-policy_only-r008-20260818T053210Z,loan_to_approval,3,142,200,16.110600,
policy_only,8,3,perf-policy_only-r008-20260818T053210Z,loan_to_approval,3,143,200,15.969500,
policy_only,8,3,perf-policy_only-r008-20260818T053210Z,loan_to_approval,3,144,200,17.642100,
policy_only,8,3,perf-policy_only-r008-20260818T053210Z,loan_to_approval,3,145,200,16.600400,
policy_only,8,3,perf-policy_only-r008-20260818T053210Z,loan_to_approval,3,146,200,16.410300,
policy_only,8,3,perf-policy_only-r008-20260818T053210Z,loan_to_approval,3,147,200,16.387500,
policy_only,8,3,perf-policy_only-r008-20260818T053210Z,loan_to_approval,3,148,200,15.487400,
policy_only,8,3,perf-policy_only-r008-20260818T053210Z,loan_to_approval,3,149,200,15.899200,
policy_only,8,3,perf-policy_only-r008-20260818T053210Z,loan_to_approval,3,150,200,16.548700,
policy_only,8,3,perf-policy_only-r008-20260818T053210Z,loan_to_approval,3,151,200,16.384800,
policy_only,8,3,perf-policy_only-r008-20260818T053210Z,loan_to_approval,3,152,200,16.187300,
policy_only,8,3,perf-policy_only-r008-20260818T053210Z,loan_to_approval,3,153,200,16.121500,
policy_only,8,3,perf-policy_only-r008-20260818T053210Z,loan_to_approval,3,154,200,16.220800,
policy_only,8,3,perf-policy_only-r008-20260818T053210Z,loan_to_approval,3,155,200,16.084500,
policy_only,8,3,perf-policy_only-r008-20260818T053210Z,loan_to_approval,3,156,200,16.962700,
policy_only,8,3,perf-policy_only-r008-20260818T053210Z,loan_to_approval,3,157,200,17.099800,
policy_only,8,3,perf-policy_only-r008-20260818T053210Z,loan_to_approval,3,158,200,18.995100,
policy_only,8,3,perf-policy_only-r008-20260818T053210Z,loan_to_approval,3,159,200,16.771400,
policy_only,8,3,perf-policy_only-r008-20260818T053210Z,loan_to_approval,3,160,200,16.829300,
policy_only,8,3,perf-policy_only-r008-20260818T053210Z,loan_to_approval,3,161,200,18.938500,
policy_only,8,3,perf-policy_only-r008-20260818T053210Z,loan_to_approval,3,162,200,17.488100,
policy_only,8,3,perf-policy_only-r008-20260818T053210Z,loan_to_approval,3,163,200,16.954800,
policy_only,8,3,perf-policy_only-r008-20260818T053210Z,loan_to_approval,3,164,200,16.899200,
policy_only,8,3,perf-policy_only-r008-20260818T053210Z,loan_to_approval,3,165,200,16.809500,
policy_only,8,3,perf-policy_only-r008-20260818T053210Z,loan_to_approval,3,166,200,21.680600,
policy_only,8,3,perf-policy_only-r008-20260818T053210Z,loan_to_approval,3,167,200,19.246100,
policy_only,8,3,perf-policy_only-r008-20260818T053210Z,loan_to_approval,3,168,200,18.943700,
policy_only,8,3,perf-policy_only-r008-20260818T053210Z,loan_to_approval,3,169,200,18.400500,
policy_only,8,3,perf-policy_only-r008-20260818T053210Z,loan_to_approval,3,170,200,18.971200,
policy_only,8,3,perf-policy_only-r008-20260818T053210Z,loan_to_approval,3,171,200,16.177500,
policy_only,8,3,perf-policy_only-r008-20260818T053210Z,loan_to_approval,3,172,200,16.907400,
policy_only,8,3,perf-policy_only-r008-20260818T053210Z,loan_to_approval,3,173,200,16.418300,
policy_only,8,3,perf-policy_only-r008-20260818T053210Z,loan_to_approval,3,174,200,16.841600,
policy_only,8,3,perf-policy_only-r008-20260818T053210Z,loan_to_approval,3,175,200,17.205100,
policy_only,8,3,perf-policy_only-r008-20260818T053210Z,loan_to_approval,3,176,200,17.083100,
policy_only,8,3,perf-policy_only-r008-20260818T053210Z,loan_to_approval,3,177,200,16.902800,
policy_only,8,3,perf-policy_only-r008-20260818T053210Z,loan_to_approval,3,178,200,15.563500,
policy_only,8,3,perf-policy_only-r008-20260818T053210Z,loan_to_approval,3,179,200,17.730600,
policy_only,8,3,perf-policy_only-r008-20260818T053210Z,loan_to_approval,3,180,200,15.966300,
policy_only,8,3,perf-policy_only-r008-20260818T053210Z,loan_to_approval,3,181,200,16.167400,
policy_only,8,3,perf-policy_only-r008-20260818T053210Z,loan_to_approval,3,182,200,16.754400,
policy_only,8,3,perf-policy_only-r008-20260818T053210Z,loan_to_approval,3,183,200,16.639200,
policy_only,8,3,perf-policy_only-r008-20260818T053210Z,loan_to_approval,3,184,200,17.593400,
policy_only,8,3,perf-policy_only-r008-20260818T053210Z,loan_to_approval,3,185,200,16.376700,
policy_only,8,3,perf-policy_only-r008-20260818T053210Z,loan_to_approval,3,186,200,16.692600,
policy_only,8,3,perf-policy_only-r008-20260818T053210Z,loan_to_approval,3,187,200,15.662800,
policy_only,8,3,perf-policy_only-r008-20260818T053210Z,loan_to_approval,3,188,200,15.145100,
policy_only,8,3,perf-policy_only-r008-20260818T053210Z,loan_to_approval,3,189,200,16.168300,
policy_only,8,3,perf-policy_only-r008-20260818T053210Z,loan_to_approval,3,190,200,16.767200,
policy_only,8,3,perf-policy_only-r008-20260818T053210Z,loan_to_approval,3,191,200,16.072100,
policy_only,8,3,perf-policy_only-r008-20260818T053210Z,loan_to_approval,3,192,200,15.818700,
policy_only,8,3,perf-policy_only-r008-20260818T053210Z,loan_to_approval,3,193,200,16.104100,
policy_only,8,3,perf-policy_only-r008-20260818T053210Z,loan_to_approval,3,194,200,15.923900,
policy_only,8,3,perf-policy_only-r008-20260818T053210Z,loan_to_approval,3,195,200,16.180700,
policy_only,8,3,perf-policy_only-r008-20260818T053210Z,loan_to_approval,3,196,200,15.877500,
policy_only,8,3,perf-policy_only-r008-20260818T053210Z,loan_to_approval,3,197,200,18.364000,
policy_only,8,3,perf-policy_only-r008-20260818T053210Z,loan_to_approval,3,198,200,16.509600,
policy_only,8,3,perf-policy_only-r008-20260818T053210Z,loan_to_approval,3,199,200,15.653600,
policy_only,8,3,perf-policy_only-r008-20260818T053210Z,loan_to_approval,3,200,200,16.211200,
