mode,round_id,order_position,experiment_run_id,flow,batch_id,request_id,status_code,latency_ms,error
policy_only,1,2,perf-policy_only-r001-20260818T022131Z,loan_to_customer,1,1,200,14.509900,
policy_only,1,2,perf-policy_only-r001-20260818T022131Z,loan_to_customer,1,2,200,13.731200,
policy_only,1,2,perf-policy_only-r001-20260818T022131Z,loan_to_customer,1,3,200,14.424300,
policy_only,1,2,perf-policy_only-r001-20260818T022131Z,loan_to_customer,1,4,200,13.633800,
policy_only,1,2,perf-policy_only-r001-20260818T022131Z,loan_to_customer,1,5,200,13.588500,
policy_only,1,2,perf-policy_only-r001-20260818T022131Z,loan_to_customer,1,6,200,13.792800,
policy_only,1,2,perf-policy_only-r001-20260818T022131Z,loan_to_customer,1,7,200,13.490400,
policy_only,1,2,perf-policy_only-r001-20260818T022131Z,loan_to_customer,1,8,200,13.430200,
policy_only,1,2,perf-policy_only-r001-20260818T022131Z,loan_to_customer,1,9,200,14.395500,
policy_only,1,2,perf-policy_only-r001-20260818T022131Z,loan_to_customer,1,10,200,13.757000,
policy_only,1,2,perf-policy_only-r001-20260818T022131Z,loan_to_customer,1,11,200,13.944600,
policy_only,1,2,perf-policy_only-r001-20260818T022131Z,loan_to_customer,1,12,200,13.472200,
policy_only,1,2,perf-policy_only-r001-20260818T022131Z,loan_to_customer,1,13,200,13.311800,
policy_only,1,2,perf-policy_only-r001-20260818T022131Z,loan_to_customer,1,14,200,14.471600,
policy_only,1,2,perf-policy_only-r001-20260818T022131Z,loan_to_customer,1,15,200,13.557600,
policy_only,1,2,perf-policy_only-r001-20260818T022131Z,loan_to_customer,1,16,200,13.749800,
policy_only,1,2,perf-policy_only-r001-20260818T022131Z,loan_to_customer,1,17,200,14.300400,
policy_only,1,2,perf-policy_only-r001-20260818T022131Z,loan_to_customer,1,18,200,14.912400,
policy_only,1,2,perf-policy_only-r001-20260818T022131Z,loan_to_customer,1,19,200,17.248700,
policy_only,1,2,perf-policy_only-r001-20260818T022131Z,loan_to_customer,1,20,200,16.075700,
policy_only,1,2,perf-policy_only-r001-20260818T022131Z,loan_to_customer,1,21,200,14.100500,
policy_only,1,2,perf-policy_only-r001-20260818T022131Z,loan_to_customer,1,22,200,14.108100,
policy_only,1,2,perf-policy_only-r001-20260818T022131Z,loan_to_customer,1,23,200,14.579500,
policy_only,1,2,perf-policy_only-r001-20260818T022131Z,loan_to_customer,1,24,200,15.566500,
policy_only,1,2,perf-policy_only-r001-20260818T022131Z,loan_to_customer,1,25,200,14.390100,
policy_only,1,2,perf-policy_only-r001-20260818T022131Z,loan_to_customer,1,26,200,13.487600,
policy_only,1,2,perf-policy_only-r001-20260818T022131Z,loan_to_customer,1,27,200,13.583600,
policy_only,1,2,perf-policy_only-r001-20260818T022131Z,loan_to_customer,1,28,200,14.016200,
policy_only,1,2,perf-policy_only-r001-20260818T022131Z,loan_to_customer,1,29,200,13.703300,
policy_only,1,2,perf-policy_only-r001-20260818T022131Z,loan_to_customer,1,30,200,14.029600,
policy_only,1,2,perf-policy_only-r001-20260818T022131Z,loan_to_customer,1,31,200,13.250300,
policy_only,1,2,perf-policy_only-r001-20260818T022131Z,loan_to_customer,1,32,200,14.037400,
policy_only,1,2,perf-policy_only-r001-20260818T022131Z,loan_to_customer,1,33,200,14.163500,
policy_only,1,2,perf-policy_only-r001-20260818T022131Z,loan_to_customer,1,34,200,14.474400,
policy_only,1,2,perf-policy_only-r001-20260818T022131Z,loan_to_customer,1,35,200,13.785300,
policy_only,1,2,perf-policy_only-r001-20260818T022131Z,loan_to_customer,1,36,200,13.815200,
policy_only,1,2,perf-policy_only-r001-20260818T022131Z,loan_to_customer,1,37,200,14.050500,
policy_only,1,2,perf-policy_only-r001-20260818T022131Z,loan_to_customer,1,38,200,13.937800,
policy_only,1,2,perf-policy_only-r001-20260818T022131Z,loan_to_customer,1,39,200,14.218400,
policy_only,1,2,perf-policy_only-r001-20260818T022131Z,loan_to_customer,1,40,200,13.674400,
policy_only,1,2,perf-policy_only-r001-20260818T022131Z,loan_to_customer,1,41,200,13.800800,
policy_only,1,2,perf-policy_only-r001-20260818T022131Z,loan_to_customer,1,42,200,13.940200,
policy_only,1,2,perf-policy_only-r001-20260818T022131Z,loan_to_customer,1,43,200,14.186000,
policy_only,1,2,perf-policy_only-r001-20260818T022131Z,loan_to_customer,1,44,200,13.478700,
policy_only,1,2,perf-policy_only-r001-20260818T022131Z,loan_to_customer,1,45,200,13.740400,
policy_only,1,2,perf-policy_only-r001-20260818T022131Z,loan_to_customer,1,46,200,14.257200,
policy_only,1,2,perf-policy_only-r001-20260818T022131Z,loan_to_customer,1,47,200,13.618200,
policy_only,1,2,perf-policy_only-r001-20260818T022131Z,loan_to_customer,1,48,200,13.900300,
policy_only,1,2,perf-policy_only-r001-20260818T022131Z,loan_to_customer,1,49,200,13.629100,
policy_only,1,2,perf-policy_only-r001-20260818T022131Z,loan_to_customer,1,50,200,13.378200,
policy_only,1,2,perf-policy_only-r001-20260818T022131Z,loan_to_customer,1,51,200,13.436300,
policy_only,1,2,perf-policy_only-r001-20260818T022131Z,loan_to_customer,1,52,200,14.737800,
policy_only,1,2,perf-policy_only-r001-20260818T022131Z,loan_to_customer,1,53,200,14.555000,
policy_only,1,2,perf-policy_only-r001-20260818T022131Z,loan_to_customer,1,54,200,14.034900,
policy_only,1,2,perf-policy_only-r001-20260818T022131Z,loan_to_customer,1,55,200,13.996900,
policy_only,1,2,perf-policy_only-r001-20260818T022131Z,loan_to_customer,1,56,200,13.537600,
policy_only,1,2,perf-policy_only-r001-20260818T022131Z,loan_to_customer,1,57,200,13.532800,
policy_only,1,2,perf-policy_only-r001-20260818T022131Z,loan_to_customer,1,58,200,13.712900,
policy_only,1,2,perf-policy_only-r001-20260818T022131Z,loan_to_customer,1,59,200,14.010200,
policy_only,1,2,perf-policy_only-r001-20260818T022131Z,loan_to_customer,1,60,200,14.583600,
policy_only,1,2,perf-policy_only-r001-20260818T022131Z,loan_to_customer,1,61,200,13.718100,
policy_only,1,2,perf-policy_only-r001-20260818T022131Z,loan_to_customer,1,62,200,13.347700,
policy_only,1,2,perf-policy_only-r001-20260818T022131Z,loan_to_customer,1,63,200,13.923000,
policy_only,1,2,perf-policy_only-r001-20260818T022131Z,loan_to_customer,1,64,200,14.095200,
policy_only,1,2,perf-policy_only-r001-20260818T022131Z,loan_to_customer,1,65,200,14.274400,
policy_only,1,2,perf-policy_only-r001-20260818T022131Z,loan_to_customer,1,66,200,13.886300,
policy_only,1,2,perf-policy_only-r001-20260818T022131Z,loan_to_customer,1,67,200,13.854200,
policy_only,1,2,perf-policy_only-r001-20260818T022131Z,loan_to_customer,1,68,200,13.954000,
policy_only,1,2,perf-policy_only-r001-20260818T022131Z,loan_to_customer,1,69,200,13.748600,
policy_only,1,2,perf-policy_only-r001-20260818T022131Z,loan_to_customer,1,70,200,13.550100,
policy_only,1,2,perf-policy_only-r001-20260818T022131Z,loan_to_customer,1,71,200,14.388000,
policy_only,1,2,perf-policy_only-r001-20260818T022131Z,loan_to_customer,1,72,200,14.377000,
policy_only,1,2,perf-policy_only-r001-20260818T022131Z,loan_to_customer,1,73,200,13.855800,
policy_only,1,2,perf-policy_only-r001-20260818T022131Z,loan_to_customer,1,74,200,13.785800,
policy_only,1,2,perf-policy_only-r001-20260818T022131Z,loan_to_customer,1,75,200,13.551600,
policy_only,1,2,perf-policy_only-r001-20260818T022131Z,loan_to_customer,1,76,200,14.780200,
policy_only,1,2,perf-policy_only-r001-20260818T022131Z,loan_to_customer,1,77,200,13.684700,
policy_only,1,2,perf-policy_only-r001-20260818T022131Z,loan_to_customer,1,78,200,14.103000,
policy_only,1,2,perf-policy_only-r001-20260818T022131Z,loan_to_customer,1,79,200,14.782200,
policy_only,1,2,perf-policy_only-r001-20260818T022131Z,loan_to_customer,1,80,200,14.138700,
policy_only,1,2,perf-policy_only-r001-20260818T022131Z,loan_to_customer,1,81,200,14.141400,
policy_only,1,2,perf-policy_only-r001-20260818T022131Z,loan_to_customer,1,82,200,14.086700,
policy_only,1,2,perf-policy_only-r001-20260818T022131Z,loan_to_customer,1,83,200,14.409600,
policy_only,1,2,perf-policy_only-r001-20260818T022131Z,loan_to_customer,1,84,200,13.917400,
policy_only,1,2,perf-policy_only-r001-20260818T022131Z,loan_to_customer,1,85,200,14.657500,
policy_only,1,2,perf-policy_only-r001-20260818T022131Z,loan_to_customer,1,86,200,14.223800,
policy_only,1,2,perf-policy_only-r001-20260818T022131Z,loan_to_customer,1,87,200,13.875300,
policy_only,1,2,perf-policy_only-r001-20260818T022131Z,loan_to_customer,1,88,200,13.824800,
policy_only,1,2,perf-policy_only-r001-20260818T022131Z,loan_to_customer,1,89,200,13.749100,
policy_only,1,2,perf-policy_only-r001-20260818T022131Z,loan_to_customer,1,90,200,14.717000,
policy_only,1,2,perf-policy_only-r001-20260818T022131Z,loan_to_customer,1,91,200,14.468800,
policy_only,1,2,perf-policy_only-r001-20260818T022131Z,loan_to_customer,1,92,200,13.789700,
policy_only,1,2,perf-policy_only-r001-20260818T022131Z,loan_to_customer,1,93,200,13.448400,
policy_only,1,2,perf-policy_only-r001-20260818T022131Z,loan_to_customer,1,94,200,14.497800,
policy_only,1,2,perf-policy_only-r001-20260818T022131Z,loan_to_customer,1,95,200,22.446000,
policy_only,1,2,perf-policy_only-r001-20260818T022131Z,loan_to_customer,1,96,200,14.816700,
policy_only,1,2,perf-policy_only-r001-20260818T022131Z,loan_to_customer,1,97,200,14.096400,
policy_only,1,2,perf-policy_only-r001-20260818T022131Z,loan_to_customer,1,98,200,14.215200,
policy_only,1,2,perf-policy_only-r001-20260818T022131Z,loan_to_customer,1,99,200,14.614300,
policy_only,1,2,perf-policy_only-r001-20260818T022131Z,loan_to_customer,1,100,200,14.347200,
policy_only,1,2,perf-policy_only-r001-20260818T022131Z,loan_to_customer,1,101,200,13.559400,
policy_only,1,2,perf-policy_only-r001-20260818T022131Z,loan_to_customer,1,102,200,13.467700,
policy_only,1,2,perf-policy_only-r001-20260818T022131Z,loan_to_customer,1,103,200,14.069500,
policy_only,1,2,perf-policy_only-r001-20260818T022131Z,loan_to_customer,1,104,200,14.594300,
policy_only,1,2,perf-policy_only-r001-20260818T022131Z,loan_to_customer,1,105,200,14.103600,
policy_only,1,2,perf-policy_only-r001-20260818T022131Z,loan_to_customer,1,106,200,14.012300,
policy_only,1,2,perf-policy_only-r001-20260818T022131Z,loan_to_customer,1,107,200,13.545900,
policy_only,1,2,perf-policy_only-r001-20260818T022131Z,loan_to_customer,1,108,200,14.331700,
policy_only,1,2,perf-policy_only-r001-20260818T022131Z,loan_to_customer,1,109,200,13.888900,
policy_only,1,2,perf-policy_only-r001-20260818T022131Z,loan_to_customer,1,110,200,13.600400,
policy_only,1,2,perf-policy_only-r001-20260818T022131Z,loan_to_customer,1,111,200,14.486000,
policy_only,1,2,perf-policy_only-r001-20260818T022131Z,loan_to_customer,1,112,200,13.610900,
policy_only,1,2,perf-policy_only-r001-20260818T022131Z,loan_to_customer,1,113,200,14.163500,
policy_only,1,2,perf-policy_only-r001-20260818T022131Z,loan_to_customer,1,114,200,14.090600,
policy_only,1,2,perf-policy_only-r001-20260818T022131Z,loan_to_customer,1,115,200,14.732700,
policy_only,1,2,perf-policy_only-r001-20260818T022131Z,loan_to_customer,1,116,200,13.652600,
policy_only,1,2,perf-policy_only-r001-20260818T022131Z,loan_to_customer,1,117,200,13.942900,
policy_only,1,2,perf-policy_only-r001-20260818T022131Z,loan_to_customer,1,118,200,13.868700,
policy_only,1,2,perf-policy_only-r001-20260818T022131Z,loan_to_customer,1,119,200,14.389500,
policy_only,1,2,perf-policy_only-r001-20260818T022131Z,loan_to_customer,1,120,200,14.067100,
policy_only,1,2,perf-policy_only-r001-20260818T022131Z,loan_to_customer,1,121,200,13.696400,
policy_only,1,2,perf-policy_only-r001-20260818T022131Z,loan_to_customer,1,122,200,14.273900,
policy_only,1,2,perf-policy_only-r001-20260818T022131Z,loan_to_customer,1,123,200,13.562000,
policy_only,1,2,perf-policy_only-r001-20260818T022131Z,loan_to_customer,1,124,200,14.286700,
policy_only,1,2,perf-policy_only-r001-20260818T022131Z,loan_to_customer,1,125,200,14.149700,
policy_only,1,2,perf-policy_only-r001-20260818T022131Z,loan_to_customer,1,126,200,14.658100,
policy_only,1,2,perf-policy_only-r001-20260818T022131Z,loan_to_customer,1,127,200,14.142000,
policy_only,1,2,perf-policy_only-r001-20260818T022131Z,loan_to_customer,1,128,200,14.267900,
policy_only,1,2,perf-policy_only-r001-20260818T022131Z,loan_to_customer,1,129,200,13.293500,
policy_only,1,2,perf-policy_only-r001-20260818T022131Z,loan_to_customer,1,130,200,14.418300,
policy_only,1,2,perf-policy_only-r001-20260818T022131Z,loan_to_customer,1,131,200,14.531700,
policy_only,1,2,perf-policy_only-r001-20260818T022131Z,loan_to_customer,1,132,200,14.485500,
policy_only,1,2,perf-policy_only-r001-20260818T022131Z,loan_to_customer,1,133,200,14.081300,
policy_only,1,2,perf-policy_only-r001-20260818T022131Z,loan_to_customer,1,134,200,13.874100,
policy_only,1,2,perf-policy_only-r001-20260818T022131Z,loan_to_customer,1,135,200,14.541200,
policy_only,1,2,perf-policy_only-r001-20260818T022131Z,loan_to_customer,1,136,200,13.720200,
policy_only,1,2,perf-policy_only-r001-20260818T022131Z,loan_to_customer,1,137,200,13.912500,
policy_only,1,2,perf-policy_only-r001-20260818T022131Z,loan_to_customer,1,138,200,13.434800,
policy_only,1,2,perf-policy_only-r001-20260818T022131Z,loan_to_customer,1,139,200,13.472700,
policy_only,1,2,perf-policy_only-r001-20260818T022131Z,loan_to_customer,1,140,200,13.522900,
policy_only,1,2,perf-policy_only-r001-20260818T022131Z,loan_to_customer,1,141,200,14.459200,
policy_only,1,2,perf-policy_only-r001-20260818T022131Z,loan_to_customer,1,142,200,14.436400,
policy_only,1,2,perf-policy_only-r001-20260818T022131Z,loan_to_customer,1,143,200,14.567100,
policy_only,1,2,perf-policy_only-r001-20260818T022131Z,loan_to_customer,1,144,200,14.618400,
policy_only,1,2,perf-policy_only-r001-20260818T022131Z,loan_to_customer,1,145,200,14.021900,
policy_only,1,2,perf-policy_only-r001-20260818T022131Z,loan_to_customer,1,146,200,14.411500,
policy_only,1,2,perf-policy_only-r001-20260818T022131Z,loan_to_customer,1,147,200,14.651000,
policy_only,1,2,perf-policy_only-r001-20260818T022131Z,loan_to_customer,1,148,200,13.405500,
policy_only,1,2,perf-policy_only-r001-20260818T022131Z,loan_to_customer,1,149,200,13.999600,
policy_only,1,2,perf-policy_only-r001-20260818T022131Z,loan_to_customer,1,150,200,14.079000,
policy_only,1,2,perf-policy_only-r001-20260818T022131Z,loan_to_customer,1,151,200,14.051800,
policy_only,1,2,perf-policy_only-r001-20260818T022131Z,loan_to_customer,1,152,200,13.637400,
policy_only,1,2,perf-policy_only-r001-20260818T022131Z,loan_to_customer,1,153,200,14.051500,
policy_only,1,2,perf-policy_only-r001-20260818T022131Z,loan_to_customer,1,154,200,14.166900,
policy_only,1,2,perf-policy_only-r001-20260818T022131Z,loan_to_customer,1,155,200,13.791400,
policy_only,1,2,perf-policy_only-r001-20260818T022131Z,loan_to_customer,1,156,200,14.326000,
policy_only,1,2,perf-policy_only-r001-20260818T022131Z,loan_to_customer,1,157,200,14.629200,
policy_only,1,2,perf-policy_only-r001-20260818T022131Z,loan_to_customer,1,158,200,14.247900,
policy_only,1,2,perf-policy_only-r001-20260818T022131Z,loan_to_customer,1,159,200,13.661200,
policy_only,1,2,perf-policy_only-r001-20260818T022131Z,loan_to_customer,1,160,200,14.093400,
policy_only,1,2,perf-policy_only-r001-20260818T022131Z,loan_to_customer,1,161,200,14.313600,
policy_only,1,2,perf-policy_only-r001-20260818T022131Z,loan_to_customer,1,162,200,13.962100,
policy_only,1,2,perf-policy_only-r001-20260818T022131Z,loan_to_customer,1,163,200,14.243000,
policy_only,1,2,perf-policy_only-r001-20260818T022131Z,loan_to_customer,1,164,200,14.439700,
policy_only,1,2,perf-policy_only-r001-20260818T022131Z,loan_to_customer,1,165,200,14.026400,
policy_only,1,2,perf-policy_only-r001-20260818T022131Z,loan_to_customer,1,166,200,13.866200,
policy_only,1,2,perf-policy_only-r001-20260818T022131Z,loan_to_customer,1,167,200,14.516100,
policy_only,1,2,perf-policy_only-r001-20260818T022131Z,loan_to_customer,1,168,200,14.701100,
policy_only,1,2,perf-policy_only-r001-20260818T022131Z,loan_to_customer,1,169,200,13.792400,
policy_only,1,2,perf-policy_only-r001-20260818T022131Z,loan_to_customer,1,170,200,14.250100,
policy_only,1,2,perf-policy_only-r001-20260818T022131Z,loan_to_customer,1,171,200,14.094400,
policy_only,1,2,perf-policy_only-r001-20260818T022131Z,loan_to_customer,1,172,200,13.294900,
policy_only,1,2,perf-policy_only-r001-20260818T022131Z,loan_to_customer,1,173,200,14.004800,
policy_only,1,2,perf-policy_only-r001-20260818T022131Z,loan_to_customer,1,174,200,13.385600,
policy_only,1,2,perf-policy_only-r001-20260818T022131Z,loan_to_customer,1,175,200,13.559900,
policy_only,1,2,perf-policy_only-r001-20260818T022131Z,loan_to_customer,1,176,200,14.156600,
policy_only,1,2,perf-policy_only-r001-20260818T022131Z,loan_to_customer,1,177,200,13.799200,
policy_only,1,2,perf-policy_only-r001-20260818T022131Z,loan_to_customer,1,178,200,13.905800,
policy_only,1,2,perf-policy_only-r001-20260818T022131Z,loan_to_customer,1,179,200,13.437300,
policy_only,1,2,perf-policy_only-r001-20260818T022131Z,loan_to_customer,1,180,200,14.232400,
policy_only,1,2,perf-policy_only-r001-20260818T022131Z,loan_to_customer,1,181,200,13.633100,
policy_only,1,2,perf-policy_only-r001-20260818T022131Z,loan_to_customer,1,182,200,13.512100,
policy_only,1,2,perf-policy_only-r001-20260818T022131Z,loan_to_customer,1,183,200,13.314700,
policy_only,1,2,perf-policy_only-r001-20260818T022131Z,loan_to_customer,1,184,200,13.930700,
policy_only,1,2,perf-policy_only-r001-20260818T022131Z,loan_to_customer,1,185,200,13.481700,
policy_only,1,2,perf-policy_only-r001-20260818T022131Z,loan_to_customer,1,186,200,14.437000,
policy_only,1,2,perf-policy_only-r001-20260818T022131Z,loan_to_customer,1,187,200,14.167500,
policy_only,1,2,perf-policy_only-r001-20260818T022131Z,loan_to_customer,1,188,200,13.931600,
policy_only,1,2,perf-policy_only-r001-20260818T022131Z,loan_to_customer,1,189,200,14.278400,
policy_only,1,2,perf-policy_only-r001-20260818T022131Z,loan_to_customer,1,190,200,14.224600,
policy_only,1,2,perf-policy_only-r001-20260818T022131Z,loan_to_customer,1,191,200,14.147000,
policy_only,1,2,perf-policy_only-r001-20260818T022131Z,loan_to_customer,1,192,200,13.611500,
policy_only,1,2,perf-policy_only-r001-20260818T022131Z,loan_to_customer,1,193,200,14.009100,
policy_only,1,2,perf-policy_only-r001-20260818T022131Z,loan_to_customer,1,194,200,13.700400,
policy_only,1,2,perf-policy_only-r001-20260818T022131Z,loan_to_customer,1,195,200,14.586000,
policy_only,1,2,perf-policy_only-r001-20260818T022131Z,loan_to_customer,1,196,200,14.384000,
policy_only,1,2,perf-policy_only-r001-20260818T022131Z,loan_to_customer,1,197,200,14.585900,
policy_only,1,2,perf-policy_only-r001-20260818T022131Z,loan_to_customer,1,198,200,13.968400,
policy_only,1,2,perf-policy_only-r001-20260818T022131Z,loan_to_customer,1,199,200,13.974200,
policy_only,1,2,perf-policy_only-r001-20260818T022131Z,loan_to_customer,1,200,200,14.434900,
policy_only,1,2,perf-policy_only-r001-20260818T022131Z,loan_to_customer,2,1,200,14.319800,
policy_only,1,2,perf-policy_only-r001-20260818T022131Z,loan_to_customer,2,2,200,14.252700,
policy_only,1,2,perf-policy_only-r001-20260818T022131Z,loan_to_customer,2,3,200,13.986500,
policy_only,1,2,perf-policy_only-r001-20260818T022131Z,loan_to_customer,2,4,200,13.965000,
policy_only,1,2,perf-policy_only-r001-20260818T022131Z,loan_to_customer,2,5,200,14.010100,
policy_only,1,2,perf-policy_only-r001-20260818T022131Z,loan_to_customer,2,6,200,14.910600,
policy_only,1,2,perf-policy_only-r001-20260818T022131Z,loan_to_customer,2,7,200,14.245600,
policy_only,1,2,perf-policy_only-r001-20260818T022131Z,loan_to_customer,2,8,200,13.727800,
policy_only,1,2,perf-policy_only-r001-20260818T022131Z,loan_to_customer,2,9,200,14.211900,
policy_only,1,2,perf-policy_only-r001-20260818T022131Z,loan_to_customer,2,10,200,13.802700,
policy_only,1,2,perf-policy_only-r001-20260818T022131Z,loan_to_customer,2,11,200,13.961200,
policy_only,1,2,perf-policy_only-r001-20260818T022131Z,loan_to_customer,2,12,200,13.836800,
policy_only,1,2,perf-policy_only-r001-20260818T022131Z,loan_to_customer,2,13,200,14.398200,
policy_only,1,2,perf-policy_only-r001-20260818T022131Z,loan_to_customer,2,14,200,14.253400,
policy_only,1,2,perf-policy_only-r001-20260818T022131Z,loan_to_customer,2,15,200,13.539200,
policy_only,1,2,perf-policy_only-r001-20260818T022131Z,loan_to_customer,2,16,200,14.211500,
policy_only,1,2,perf-policy_only-r001-20260818T022131Z,loan_to_customer,2,17,200,13.977000,
policy_only,1,2,perf-policy_only-r001-20260818T022131Z,loan_to_customer,2,18,200,13.971600,
policy_only,1,2,perf-policy_only-r001-20260818T022131Z,loan_to_customer,2,19,200,16.018600,
policy_only,1,2,perf-policy_only-r001-20260818T022131Z,loan_to_customer,2,20,200,13.998700,
policy_only,1,2,perf-policy_only-r001-20260818T022131Z,loan_to_customer,2,21,200,13.887000,
policy_only,1,2,perf-policy_only-r001-20260818T022131Z,loan_to_customer,2,22,200,14.076700,
policy_only,1,2,perf-policy_only-r001-20260818T022131Z,loan_to_customer,2,23,200,13.522100,
policy_only,1,2,perf-policy_only-r001-20260818T022131Z,loan_to_customer,2,24,200,14.086200,
policy_only,1,2,perf-policy_only-r001-20260818T022131Z,loan_to_customer,2,25,200,13.229000,
policy_only,1,2,perf-policy_only-r001-20260818T022131Z,loan_to_customer,2,26,200,14.478500,
policy_only,1,2,perf-policy_only-r001-20260818T022131Z,loan_to_customer,2,27,200,14.058900,
policy_only,1,2,perf-policy_only-r001-20260818T022131Z,loan_to_customer,2,28,200,15.547800,
policy_only,1,2,perf-policy_only-r001-20260818T022131Z,loan_to_customer,2,29,200,16.256900,
policy_only,1,2,perf-policy_only-r001-20260818T022131Z,loan_to_customer,2,30,200,15.998800,
policy_only,1,2,perf-policy_only-r001-20260818T022131Z,loan_to_customer,2,31,200,15.929000,
policy_only,1,2,perf-policy_only-r001-20260818T022131Z,loan_to_customer,2,32,200,16.837600,
policy_only,1,2,perf-policy_only-r001-20260818T022131Z,loan_to_customer,2,33,200,16.534400,
policy_only,1,2,perf-policy_only-r001-20260818T022131Z,loan_to_customer,2,34,200,18.247100,
policy_only,1,2,perf-policy_only-r001-20260818T022131Z,loan_to_customer,2,35,200,17.479400,
policy_only,1,2,perf-policy_only-r001-20260818T022131Z,loan_to_customer,2,36,200,20.173400,
policy_only,1,2,perf-policy_only-r001-20260818T022131Z,loan_to_customer,2,37,200,14.894800,
policy_only,1,2,perf-policy_only-r001-20260818T022131Z,loan_to_customer,2,38,200,14.503000,
policy_only,1,2,perf-policy_only-r001-20260818T022131Z,loan_to_customer,2,39,200,14.730100,
policy_only,1,2,perf-policy_only-r001-20260818T022131Z,loan_to_customer,2,40,200,14.896000,
policy_only,1,2,perf-policy_only-r001-20260818T022131Z,loan_to_customer,2,41,200,14.595200,
policy_only,1,2,perf-policy_only-r001-20260818T022131Z,loan_to_customer,2,42,200,14.201300,
policy_only,1,2,perf-policy_only-r001-20260818T022131Z,loan_to_customer,2,43,200,13.928400,
policy_only,1,2,perf-policy_only-r001-20260818T022131Z,loan_to_customer,2,44,200,15.337500,
policy_only,1,2,perf-policy_only-r001-20260818T022131Z,loan_to_customer,2,45,200,14.155000,
policy_only,1,2,perf-policy_only-r001-20260818T022131Z,loan_to_customer,2,46,200,16.779600,
policy_only,1,2,perf-policy_only-r001-20260818T022131Z,loan_to_customer,2,47,200,17.500400,
policy_only,1,2,perf-policy_only-r001-20260818T022131Z,loan_to_customer,2,48,200,16.775100,
policy_only,1,2,perf-policy_only-r001-20260818T022131Z,loan_to_customer,2,49,200,14.590400,
policy_only,1,2,perf-policy_only-r001-20260818T022131Z,loan_to_customer,2,50,200,13.876700,
policy_only,1,2,perf-policy_only-r001-20260818T022131Z,loan_to_customer,2,51,200,14.585300,
policy_only,1,2,perf-policy_only-r001-20260818T022131Z,loan_to_customer,2,52,200,14.011200,
policy_only,1,2,perf-policy_only-r001-20260818T022131Z,loan_to_customer,2,53,200,14.716600,
policy_only,1,2,perf-policy_only-r001-20260818T022131Z,loan_to_customer,2,54,200,14.064200,
policy_only,1,2,perf-policy_only-r001-20260818T022131Z,loan_to_customer,2,55,200,15.168100,
policy_only,1,2,perf-policy_only-r001-20260818T022131Z,loan_to_customer,2,56,200,15.093500,
policy_only,1,2,perf-policy_only-r001-20260818T022131Z,loan_to_customer,2,57,200,14.020600,
policy_only,1,2,perf-policy_only-r001-20260818T022131Z,loan_to_customer,2,58,200,13.859800,
policy_only,1,2,perf-policy_only-r001-20260818T022131Z,loan_to_customer,2,59,200,14.149600,
policy_only,1,2,perf-policy_only-r001-20260818T022131Z,loan_to_customer,2,60,200,14.238600,
policy_only,1,2,perf-policy_only-r001-20260818T022131Z,loan_to_customer,2,61,200,14.048400,
policy_only,1,2,perf-policy_only-r001-20260818T022131Z,loan_to_customer,2,62,200,14.122200,
policy_only,1,2,perf-policy_only-r001-20260818T022131Z,loan_to_customer,2,63,200,13.998700,
policy_only,1,2,perf-policy_only-r001-20260818T022131Z,loan_to_customer,2,64,200,14.018100,
policy_only,1,2,perf-policy_only-r001-20260818T022131Z,loan_to_customer,2,65,200,14.134000,
policy_only,1,2,perf-policy_only-r001-20260818T022131Z,loan_to_customer,2,66,200,13.417200,
policy_only,1,2,perf-policy_only-r001-20260818T022131Z,loan_to_customer,2,67,200,13.627900,
policy_only,1,2,perf-policy_only-r001-20260818T022131Z,loan_to_customer,2,68,200,13.579200,
policy_only,1,2,perf-policy_only-r001-20260818T022131Z,loan_to_customer,2,69,200,13.924500,
policy_only,1,2,perf-policy_only-r001-20260818T022131Z,loan_to_customer,2,70,200,14.234600,
policy_only,1,2,perf-policy_only-r001-20260818T022131Z,loan_to_customer,2,71,200,15.739000,
policy_only,1,2,perf-policy_only-r001-20260818T022131Z,loan_to_customer,2,72,200,14.959600,
policy_only,1,2,perf-policy_only-r001-20260818T022131Z,loan_to_customer,2,73,200,14.584100,
policy_only,1,2,perf-policy_only-r001-20260818T022131Z,loan_to_customer,2,74,200,14.633900,
policy_only,1,2,perf-policy_only-r001-20260818T022131Z,loan_to_customer,2,75,200,16.889600,
policy_only,1,2,perf-policy_only-r001-20260818T022131Z,loan_to_customer,2,76,200,18.670800,
policy_only,1,2,perf-policy_only-r001-20260818T022131Z,loan_to_customer,2,77,200,17.326600,
policy_only,1,2,perf-policy_only-r001-20260818T022131Z,loan_to_customer,2,78,200,15.709800,
policy_only,1,2,perf-policy_only-r001-20260818T022131Z,loan_to_customer,2,79,200,15.802400,
policy_only,1,2,perf-policy_only-r001-20260818T022131Z,loan_to_customer,2,80,200,15.200200,
policy_only,1,2,perf-policy_only-r001-20260818T022131Z,loan_to_customer,2,81,200,15.392100,
policy_only,1,2,perf-policy_only-r001-20260818T022131Z,loan_to_customer,2,82,200,14.867600,
policy_only,1,2,perf-policy_only-r001-20260818T022131Z,loan_to_customer,2,83,200,16.130000,
policy_only,1,2,perf-policy_only-r001-20260818T022131Z,loan_to_customer,2,84,200,14.897300,
policy_only,1,2,perf-policy_only-r001-20260818T022131Z,loan_to_customer,2,85,200,15.588000,
policy_only,1,2,perf-policy_only-r001-20260818T022131Z,loan_to_customer,2,86,200,15.168800,
policy_only,1,2,perf-policy_only-r001-20260818T022131Z,loan_to_customer,2,87,200,15.217900,
policy_only,1,2,perf-policy_only-r001-20260818T022131Z,loan_to_customer,2,88,200,15.816500,
policy_only,1,2,perf-policy_only-r001-20260818T022131Z,loan_to_customer,2,89,200,15.473800,
policy_only,1,2,perf-policy_only-r001-20260818T022131Z,loan_to_customer,2,90,200,15.634900,
policy_only,1,2,perf-policy_only-r001-20260818T022131Z,loan_to_customer,2,91,200,14.823300,
policy_only,1,2,perf-policy_only-r001-20260818T022131Z,loan_to_customer,2,92,200,15.090000,
policy_only,1,2,perf-policy_only-r001-20260818T022131Z,loan_to_customer,2,93,200,15.703200,
policy_only,1,2,perf-policy_only-r001-20260818T022131Z,loan_to_customer,2,94,200,15.291300,
policy_only,1,2,perf-policy_only-r001-20260818T022131Z,loan_to_customer,2,95,200,15.635800,
policy_only,1,2,perf-policy_only-r001-20260818T022131Z,loan_to_customer,2,96,200,15.695200,
policy_only,1,2,perf-policy_only-r001-20260818T022131Z,loan_to_customer,2,97,200,16.282200,
policy_only,1,2,perf-policy_only-r001-20260818T022131Z,loan_to_customer,2,98,200,15.248300,
policy_only,1,2,perf-policy_only-r001-20260818T022131Z,loan_to_customer,2,99,200,15.732200,
policy_only,1,2,perf-policy_only-r001-20260818T022131Z,loan_to_customer,2,100,200,15.840100,
policy_only,1,2,perf-policy_only-r001-20260818T022131Z,loan_to_customer,2,101,200,15.729400,
policy_only,1,2,perf-policy_only-r001-20260818T022131Z,loan_to_customer,2,102,200,16.656600,
policy_only,1,2,perf-policy_only-r001-20260818T022131Z,loan_to_customer,2,103,200,16.652200,
policy_only,1,2,perf-policy_only-r001-20260818T022131Z,loan_to_customer,2,104,200,15.454300,
policy_only,1,2,perf-policy_only-r001-20260818T022131Z,loan_to_customer,2,105,200,15.513000,
policy_only,1,2,perf-policy_only-r001-20260818T022131Z,loan_to_customer,2,106,200,16.779300,
policy_only,1,2,perf-policy_only-r001-20260818T022131Z,loan_to_customer,2,107,200,15.025900,
policy_only,1,2,perf-policy_only-r001-20260818T022131Z,loan_to_customer,2,108,200,14.814000,
policy_only,1,2,perf-policy_only-r001-20260818T022131Z,loan_to_customer,2,109,200,14.992600,
policy_only,1,2,perf-policy_only-r001-20260818T022131Z,loan_to_customer,2,110,200,15.607900,
policy_only,1,2,perf-policy_only-r001-20260818T022131Z,loan_to_customer,2,111,200,14.627800,
policy_only,1,2,perf-policy_only-r001-20260818T022131Z,loan_to_customer,2,112,200,14.873200,
policy_only,1,2,perf-policy_only-r001-20260818T022131Z,loan_to_customer,2,113,200,14.639800,
policy_only,1,2,perf-policy_only-r001-20260818T022131Z,loan_to_customer,2,114,200,14.423100,
policy_only,1,2,perf-policy_only-r001-20260818T022131Z,loan_to_customer,2,115,200,13.838300,
policy_only,1,2,perf-policy_only-r001-20260818T022131Z,loan_to_customer,2,116,200,14.254900,
policy_only,1,2,perf-policy_only-r001-20260818T022131Z,loan_to_customer,2,117,200,14.611000,
policy_only,1,2,perf-policy_only-r001-20260818T022131Z,loan_to_customer,2,118,200,14.212100,
policy_only,1,2,perf-policy_only-r001-20260818T022131Z,loan_to_customer,2,119,200,14.528300,
policy_only,1,2,perf-policy_only-r001-20260818T022131Z,loan_to_customer,2,120,200,14.000300,
policy_only,1,2,perf-policy_only-r001-20260818T022131Z,loan_to_customer,2,121,200,13.916800,
policy_only,1,2,perf-policy_only-r001-20260818T022131Z,loan_to_customer,2,122,200,13.898100,
policy_only,1,2,perf-policy_only-r001-20260818T022131Z,loan_to_customer,2,123,200,13.793300,
policy_only,1,2,perf-policy_only-r001-20260818T022131Z,loan_to_customer,2,124,200,14.335000,
policy_only,1,2,perf-policy_only-r001-20260818T022131Z,loan_to_customer,2,125,200,13.891500,
policy_only,1,2,perf-policy_only-r001-20260818T022131Z,loan_to_customer,2,126,200,14.807800,
policy_only,1,2,perf-policy_only-r001-20260818T022131Z,loan_to_customer,2,127,200,13.631700,
policy_only,1,2,perf-policy_only-r001-20260818T022131Z,loan_to_customer,2,128,200,13.679400,
policy_only,1,2,perf-policy_only-r001-20260818T022131Z,loan_to_customer,2,129,200,14.200200,
policy_only,1,2,perf-policy_only-r001-20260818T022131Z,loan_to_customer,2,130,200,13.903100,
policy_only,1,2,perf-policy_only-r001-20260818T022131Z,loan_to_customer,2,131,200,14.079300,
policy_only,1,2,perf-policy_only-r001-20260818T022131Z,loan_to_customer,2,132,200,14.161400,
policy_only,1,2,perf-policy_only-r001-20260818T022131Z,loan_to_customer,2,133,200,16.072400,
policy_only,1,2,perf-policy_only-r001-20260818T022131Z,loan_to_customer,2,134,200,14.648400,
policy_only,1,2,perf-policy_only-r001-20260818T022131Z,loan_to_customer,2,135,200,14.624800,
policy_only,1,2,perf-policy_only-r001-20260818T022131Z,loan_to_customer,2,136,200,15.917700,
policy_only,1,2,perf-policy_only-r001-20260818T022131Z,loan_to_customer,2,137,200,16.332100,
policy_only,1,2,perf-policy_only-r001-20260818T022131Z,loan_to_customer,2,138,200,15.141900,
policy_only,1,2,perf-policy_only-r001-20260818T022131Z,loan_to_customer,2,139,200,14.105300,
policy_only,1,2,perf-policy_only-r001-20260818T022131Z,loan_to_customer,2,140,200,14.755000,
policy_only,1,2,perf-policy_only-r001-20260818T022131Z,loan_to_customer,2,141,200,14.484700,
policy_only,1,2,perf-policy_only-r001-20260818T022131Z,loan_to_customer,2,142,200,13.944700,
policy_only,1,2,perf-policy_only-r001-20260818T022131Z,loan_to_customer,2,143,200,13.972000,
policy_only,1,2,perf-policy_only-r001-20260818T022131Z,loan_to_customer,2,144,200,13.520100,
policy_only,1,2,perf-policy_only-r001-20260818T022131Z,loan_to_customer,2,145,200,15.105200,
policy_only,1,2,perf-policy_only-r001-20260818T022131Z,loan_to_customer,2,146,200,13.812700,
policy_only,1,2,perf-policy_only-r001-20260818T022131Z,loan_to_customer,2,147,200,13.371700,
policy_only,1,2,perf-policy_only-r001-20260818T022131Z,loan_to_customer,2,148,200,14.001100,
policy_only,1,2,perf-policy_only-r001-20260818T022131Z,loan_to_customer,2,149,200,14.329000,
policy_only,1,2,perf-policy_only-r001-20260818T022131Z,loan_to_customer,2,150,200,13.831400,
policy_only,1,2,perf-policy_only-r001-20260818T022131Z,loan_to_customer,2,151,200,13.759200,
policy_only,1,2,perf-policy_only-r001-20260818T022131Z,loan_to_customer,2,152,200,13.614300,
policy_only,1,2,perf-policy_only-r001-20260818T022131Z,loan_to_customer,2,153,200,13.926000,
policy_only,1,2,perf-policy_only-r001-20260818T022131Z,loan_to_customer,2,154,200,14.163200,
policy_only,1,2,perf-policy_only-r001-20260818T022131Z,loan_to_customer,2,155,200,13.802800,
policy_only,1,2,perf-policy_only-r001-20260818T022131Z,loan_to_customer,2,156,200,14.366000,
policy_only,1,2,perf-policy_only-r001-20260818T022131Z,loan_to_customer,2,157,200,13.785400,
policy_only,1,2,perf-policy_only-r001-20260818T022131Z,loan_to_customer,2,158,200,13.887000,
policy_only,1,2,perf-policy_only-r001-20260818T022131Z,loan_to_customer,2,159,200,14.233800,
policy_only,1,2,perf-policy_only-r001-20260818T022131Z,loan_to_customer,2,160,200,14.562900,
policy_only,1,2,perf-policy_only-r001-20260818T022131Z,loan_to_customer,2,161,200,13.717800,
policy_only,1,2,perf-policy_only-r001-20260818T022131Z,loan_to_customer,2,162,200,14.084600,
policy_only,1,2,perf-policy_only-r001-20260818T022131Z,loan_to_customer,2,163,200,13.615500,
policy_only,1,2,perf-policy_only-r001-20260818T022131Z,loan_to_customer,2,164,200,13.979300,
policy_only,1,2,perf-policy_only-r001-20260818T022131Z,loan_to_customer,2,165,200,14.355400,
policy_only,1,2,perf-policy_only-r001-20260818T022131Z,loan_to_customer,2,166,200,13.733000,
policy_only,1,2,perf-policy_only-r001-20260818T022131Z,loan_to_customer,2,167,200,13.771400,
policy_only,1,2,perf-policy_only-r001-20260818T022131Z,loan_to_customer,2,168,200,13.895400,
policy_only,1,2,perf-policy_only-r001-20260818T022131Z,loan_to_customer,2,169,200,13.960800,
policy_only,1,2,perf-policy_only-r001-20260818T022131Z,loan_to_customer,2,170,200,13.998700,
policy_only,1,2,perf-policy_only-r001-20260818T022131Z,loan_to_customer,2,171,200,13.861700,
policy_only,1,2,perf-policy_only-r001-20260818T022131Z,loan_to_customer,2,172,200,14.456100,
policy_only,1,2,perf-policy_only-r001-20260818T022131Z,loan_to_customer,2,173,200,17.214600,
policy_only,1,2,perf-policy_only-r001-20260818T022131Z,loan_to_customer,2,174,200,15.393800,
policy_only,1,2,perf-policy_only-r001-20260818T022131Z,loan_to_customer,2,175,200,17.529200,
policy_only,1,2,perf-policy_only-r001-20260818T022131Z,loan_to_customer,2,176,200,15.686400,
policy_only,1,2,perf-policy_only-r001-20260818T022131Z,loan_to_customer,2,177,200,15.334300,
policy_only,1,2,perf-policy_only-r001-20260818T022131Z,loan_to_customer,2,178,200,15.028400,
policy_only,1,2,perf-policy_only-r001-20260818T022131Z,loan_to_customer,2,179,200,13.631100,
policy_only,1,2,perf-policy_only-r001-20260818T022131Z,loan_to_customer,2,180,200,14.174700,
policy_only,1,2,perf-policy_only-r001-20260818T022131Z,loan_to_customer,2,181,200,14.232200,
policy_only,1,2,perf-policy_only-r001-20260818T022131Z,loan_to_customer,2,182,200,13.972500,
policy_only,1,2,perf-policy_only-r001-20260818T022131Z,loan_to_customer,2,183,200,14.482700,
policy_only,1,2,perf-policy_only-r001-20260818T022131Z,loan_to_customer,2,184,200,14.177700,
policy_only,1,2,perf-policy_only-r001-20260818T022131Z,loan_to_customer,2,185,200,14.011900,
policy_only,1,2,perf-policy_only-r001-20260818T022131Z,loan_to_customer,2,186,200,13.689400,
policy_only,1,2,perf-policy_only-r001-20260818T022131Z,loan_to_customer,2,187,200,14.312400,
policy_only,1,2,perf-policy_only-r001-20260818T022131Z,loan_to_customer,2,188,200,13.397100,
policy_only,1,2,perf-policy_only-r001-20260818T022131Z,loan_to_customer,2,189,200,13.519300,
policy_only,1,2,perf-policy_only-r001-20260818T022131Z,loan_to_customer,2,190,200,14.347200,
policy_only,1,2,perf-policy_only-r001-20260818T022131Z,loan_to_customer,2,191,200,14.326000,
policy_only,1,2,perf-policy_only-r001-20260818T022131Z,loan_to_customer,2,192,200,14.300900,
policy_only,1,2,perf-policy_only-r001-20260818T022131Z,loan_to_customer,2,193,200,14.131800,
policy_only,1,2,perf-policy_only-r001-20260818T022131Z,loan_to_customer,2,194,200,14.274500,
policy_only,1,2,perf-policy_only-r001-20260818T022131Z,loan_to_customer,2,195,200,14.273900,
policy_only,1,2,perf-policy_only-r001-20260818T022131Z,loan_to_customer,2,196,200,13.976700,
policy_only,1,2,perf-policy_only-r001-20260818T022131Z,loan_to_customer,2,197,200,13.654800,
policy_only,1,2,perf-policy_only-r001-20260818T022131Z,loan_to_customer,2,198,200,14.371800,
policy_only,1,2,perf-policy_only-r001-20260818T022131Z,loan_to_customer,2,199,200,13.904700,
policy_only,1,2,perf-policy_only-r001-20260818T022131Z,loan_to_customer,2,200,200,14.046600,
policy_only,1,2,perf-policy_only-r001-20260818T022131Z,loan_to_customer,3,1,200,13.941300,
policy_only,1,2,perf-policy_only-r001-20260818T022131Z,loan_to_customer,3,2,200,13.960500,
policy_only,1,2,perf-policy_only-r001-20260818T022131Z,loan_to_customer,3,3,200,13.658600,
policy_only,1,2,perf-policy_only-r001-20260818T022131Z,loan_to_customer,3,4,200,13.745300,
policy_only,1,2,perf-policy_only-r001-20260818T022131Z,loan_to_customer,3,5,200,13.821000,
policy_only,1,2,perf-policy_only-r001-20260818T022131Z,loan_to_customer,3,6,200,13.684200,
policy_only,1,2,perf-policy_only-r001-20260818T022131Z,loan_to_customer,3,7,200,14.092000,
policy_only,1,2,perf-policy_only-r001-20260818T022131Z,loan_to_customer,3,8,200,14.521500,
policy_only,1,2,perf-policy_only-r001-20260818T022131Z,loan_to_customer,3,9,200,13.691300,
policy_only,1,2,perf-policy_only-r001-20260818T022131Z,loan_to_customer,3,10,200,13.307700,
policy_only,1,2,perf-policy_only-r001-20260818T022131Z,loan_to_customer,3,11,200,13.677000,
policy_only,1,2,perf-policy_only-r001-20260818T022131Z,loan_to_customer,3,12,200,14.012700,
policy_only,1,2,perf-policy_only-r001-20260818T022131Z,loan_to_customer,3,13,200,14.355600,
policy_only,1,2,perf-policy_only-r001-20260818T022131Z,loan_to_customer,3,14,200,14.003900,
policy_only,1,2,perf-policy_only-r001-20260818T022131Z,loan_to_customer,3,15,200,14.022800,
policy_only,1,2,perf-policy_only-r001-20260818T022131Z,loan_to_customer,3,16,200,13.480700,
policy_only,1,2,perf-policy_only-r001-20260818T022131Z,loan_to_customer,3,17,200,14.335300,
policy_only,1,2,perf-policy_only-r001-20260818T022131Z,loan_to_customer,3,18,200,13.487200,
policy_only,1,2,perf-policy_only-r001-20260818T022131Z,loan_to_customer,3,19,200,13.478300,
policy_only,1,2,perf-policy_only-r001-20260818T022131Z,loan_to_customer,3,20,200,13.643500,
policy_only,1,2,perf-policy_only-r001-20260818T022131Z,loan_to_customer,3,21,200,13.795500,
policy_only,1,2,perf-policy_only-r001-20260818T022131Z,loan_to_customer,3,22,200,14.400900,
policy_only,1,2,perf-policy_only-r001-20260818T022131Z,loan_to_customer,3,23,200,13.958700,
policy_only,1,2,perf-policy_only-r001-20260818T022131Z,loan_to_customer,3,24,200,14.142400,
policy_only,1,2,perf-policy_only-r001-20260818T022131Z,loan_to_customer,3,25,200,13.299500,
policy_only,1,2,perf-policy_only-r001-20260818T022131Z,loan_to_customer,3,26,200,13.954000,
policy_only,1,2,perf-policy_only-r001-20260818T022131Z,loan_to_customer,3,27,200,14.167800,
policy_only,1,2,perf-policy_only-r001-20260818T022131Z,loan_to_customer,3,28,200,13.736100,
policy_only,1,2,perf-policy_only-r001-20260818T022131Z,loan_to_customer,3,29,200,13.739500,
policy_only,1,2,perf-policy_only-r001-20260818T022131Z,loan_to_customer,3,30,200,15.322400,
policy_only,1,2,perf-policy_only-r001-20260818T022131Z,loan_to_customer,3,31,200,14.382500,
policy_only,1,2,perf-policy_only-r001-20260818T022131Z,loan_to_customer,3,32,200,14.948500,
policy_only,1,2,perf-policy_only-r001-20260818T022131Z,loan_to_customer,3,33,200,14.429700,
policy_only,1,2,perf-policy_only-r001-20260818T022131Z,loan_to_customer,3,34,200,14.785600,
policy_only,1,2,perf-policy_only-r001-20260818T022131Z,loan_to_customer,3,35,200,14.645700,
policy_only,1,2,perf-policy_only-r001-20260818T022131Z,loan_to_customer,3,36,200,14.385800,
policy_only,1,2,perf-policy_only-r001-20260818T022131Z,loan_to_customer,3,37,200,13.999500,
policy_only,1,2,perf-policy_only-r001-20260818T022131Z,loan_to_customer,3,38,200,14.077800,
policy_only,1,2,perf-policy_only-r001-20260818T022131Z,loan_to_customer,3,39,200,14.698400,
policy_only,1,2,perf-policy_only-r001-20260818T022131Z,loan_to_customer,3,40,200,13.953200,
policy_only,1,2,perf-policy_only-r001-20260818T022131Z,loan_to_customer,3,41,200,14.350600,
policy_only,1,2,perf-policy_only-r001-20260818T022131Z,loan_to_customer,3,42,200,13.030100,
policy_only,1,2,perf-policy_only-r001-20260818T022131Z,loan_to_customer,3,43,200,14.354500,
policy_only,1,2,perf-policy_only-r001-20260818T022131Z,loan_to_customer,3,44,200,14.182100,
policy_only,1,2,perf-policy_only-r001-20260818T022131Z,loan_to_customer,3,45,200,13.935500,
policy_only,1,2,perf-policy_only-r001-20260818T022131Z,loan_to_customer,3,46,200,14.350100,
policy_only,1,2,perf-policy_only-r001-20260818T022131Z,loan_to_customer,3,47,200,14.477900,
policy_only,1,2,perf-policy_only-r001-20260818T022131Z,loan_to_customer,3,48,200,13.882100,
policy_only,1,2,perf-policy_only-r001-20260818T022131Z,loan_to_customer,3,49,200,13.311300,
policy_only,1,2,perf-policy_only-r001-20260818T022131Z,loan_to_customer,3,50,200,13.934300,
policy_only,1,2,perf-policy_only-r001-20260818T022131Z,loan_to_customer,3,51,200,14.508100,
policy_only,1,2,perf-policy_only-r001-20260818T022131Z,loan_to_customer,3,52,200,13.904000,
policy_only,1,2,perf-policy_only-r001-20260818T022131Z,loan_to_customer,3,53,200,13.440600,
policy_only,1,2,perf-policy_only-r001-20260818T022131Z,loan_to_customer,3,54,200,13.422700,
policy_only,1,2,perf-policy_only-r001-20260818T022131Z,loan_to_customer,3,55,200,13.815100,
policy_only,1,2,perf-policy_only-r001-20260818T022131Z,loan_to_customer,3,56,200,14.098700,
policy_only,1,2,perf-policy_only-r001-20260818T022131Z,loan_to_customer,3,57,200,14.439800,
policy_only,1,2,perf-policy_only-r001-20260818T022131Z,loan_to_customer,3,58,200,13.569200,
policy_only,1,2,perf-policy_only-r001-20260818T022131Z,loan_to_customer,3,59,200,13.678700,
policy_only,1,2,perf-policy_only-r001-20260818T022131Z,loan_to_customer,3,60,200,13.709700,
policy_only,1,2,perf-policy_only-r001-20260818T022131Z,loan_to_customer,3,61,200,13.772400,
policy_only,1,2,perf-policy_only-r001-20260818T022131Z,loan_to_customer,3,62,200,14.060200,
policy_only,1,2,perf-policy_only-r001-20260818T022131Z,loan_to_customer,3,63,200,13.483800,
policy_only,1,2,perf-policy_only-r001-20260818T022131Z,loan_to_customer,3,64,200,13.954100,
policy_only,1,2,perf-policy_only-r001-20260818T022131Z,loan_to_customer,3,65,200,13.760700,
policy_only,1,2,perf-policy_only-r001-20260818T022131Z,loan_to_customer,3,66,200,13.999600,
policy_only,1,2,perf-policy_only-r001-20260818T022131Z,loan_to_customer,3,67,200,14.872900,
policy_only,1,2,perf-policy_only-r001-20260818T022131Z,loan_to_customer,3,68,200,13.811500,
policy_only,1,2,perf-policy_only-r001-20260818T022131Z,loan_to_customer,3,69,200,13.293800,
policy_only,1,2,perf-policy_only-r001-20260818T022131Z,loan_to_customer,3,70,200,14.216600,
policy_only,1,2,perf-policy_only-r001-20260818T022131Z,loan_to_customer,3,71,200,13.646300,
policy_only,1,2,perf-policy_only-r001-20260818T022131Z,loan_to_customer,3,72,200,13.110500,
policy_only,1,2,perf-policy_only-r001-20260818T022131Z,loan_to_customer,3,73,200,13.480200,
policy_only,1,2,perf-policy_only-r001-20260818T022131Z,loan_to_customer,3,74,200,13.610800,
policy_only,1,2,perf-policy_only-r001-20260818T022131Z,loan_to_customer,3,75,200,14.155100,
policy_only,1,2,perf-policy_only-r001-20260818T022131Z,loan_to_customer,3,76,200,14.233100,
policy_only,1,2,perf-policy_only-r001-20260818T022131Z,loan_to_customer,3,77,200,14.138700,
policy_only,1,2,perf-policy_only-r001-20260818T022131Z,loan_to_customer,3,78,200,14.262400,
policy_only,1,2,perf-policy_only-r001-20260818T022131Z,loan_to_customer,3,79,200,14.096600,
policy_only,1,2,perf-policy_only-r001-20260818T022131Z,loan_to_customer,3,80,200,14.440200,
policy_only,1,2,perf-policy_only-r001-20260818T022131Z,loan_to_customer,3,81,200,13.721500,
policy_only,1,2,perf-policy_only-r001-20260818T022131Z,loan_to_customer,3,82,200,13.839700,
policy_only,1,2,perf-policy_only-r001-20260818T022131Z,loan_to_customer,3,83,200,14.215800,
policy_only,1,2,perf-policy_only-r001-20260818T022131Z,loan_to_customer,3,84,200,13.821400,
policy_only,1,2,perf-policy_only-r001-20260818T022131Z,loan_to_customer,3,85,200,14.078400,
policy_only,1,2,perf-policy_only-r001-20260818T022131Z,loan_to_customer,3,86,200,15.183500,
policy_only,1,2,perf-policy_only-r001-20260818T022131Z,loan_to_customer,3,87,200,14.449500,
policy_only,1,2,perf-policy_only-r001-20260818T022131Z,loan_to_customer,3,88,200,13.956900,
policy_only,1,2,perf-policy_only-r001-20260818T022131Z,loan_to_customer,3,89,200,13.742900,
policy_only,1,2,perf-policy_only-r001-20260818T022131Z,loan_to_customer,3,90,200,14.148100,
policy_only,1,2,perf-policy_only-r001-20260818T022131Z,loan_to_customer,3,91,200,14.386900,
policy_only,1,2,perf-policy_only-r001-20260818T022131Z,loan_to_customer,3,92,200,13.991500,
policy_only,1,2,perf-policy_only-r001-20260818T022131Z,loan_to_customer,3,93,200,13.714500,
policy_only,1,2,perf-policy_only-r001-20260818T022131Z,loan_to_customer,3,94,200,13.637100,
policy_only,1,2,perf-policy_only-r001-20260818T022131Z,loan_to_customer,3,95,200,13.658600,
policy_only,1,2,perf-policy_only-r001-20260818T022131Z,loan_to_customer,3,96,200,13.668500,
policy_only,1,2,perf-policy_only-r001-20260818T022131Z,loan_to_customer,3,97,200,13.545700,
policy_only,1,2,perf-policy_only-r001-20260818T022131Z,loan_to_customer,3,98,200,14.192700,
policy_only,1,2,perf-policy_only-r001-20260818T022131Z,loan_to_customer,3,99,200,14.191700,
policy_only,1,2,perf-policy_only-r001-20260818T022131Z,loan_to_customer,3,100,200,13.804100,
policy_only,1,2,perf-policy_only-r001-20260818T022131Z,loan_to_customer,3,101,200,14.057500,
policy_only,1,2,perf-policy_only-r001-20260818T022131Z,loan_to_customer,3,102,200,14.175100,
policy_only,1,2,perf-policy_only-r001-20260818T022131Z,loan_to_customer,3,103,200,14.096700,
policy_only,1,2,perf-policy_only-r001-20260818T022131Z,loan_to_customer,3,104,200,14.485800,
policy_only,1,2,perf-policy_only-r001-20260818T022131Z,loan_to_customer,3,105,200,13.901800,
policy_only,1,2,perf-policy_only-r001-20260818T022131Z,loan_to_customer,3,106,200,13.758700,
policy_only,1,2,perf-policy_only-r001-20260818T022131Z,loan_to_customer,3,107,200,13.821800,
policy_only,1,2,perf-policy_only-r001-20260818T022131Z,loan_to_customer,3,108,200,14.042400,
policy_only,1,2,perf-policy_only-r001-20260818T022131Z,loan_to_customer,3,109,200,14.066400,
policy_only,1,2,perf-policy_only-r001-20260818T022131Z,loan_to_customer,3,110,200,13.913500,
policy_only,1,2,perf-policy_only-r001-20260818T022131Z,loan_to_customer,3,111,200,13.912800,
policy_only,1,2,perf-policy_only-r001-20260818T022131Z,loan_to_customer,3,112,200,14.344300,
policy_only,1,2,perf-policy_only-r001-20260818T022131Z,loan_to_customer,3,113,200,15.089600,
policy_only,1,2,perf-policy_only-r001-20260818T022131Z,loan_to_customer,3,114,200,13.832200,
policy_only,1,2,perf-policy_only-r001-20260818T022131Z,loan_to_customer,3,115,200,13.803400,
policy_only,1,2,perf-policy_only-r001-20260818T022131Z,loan_to_customer,3,116,200,14.101500,
policy_only,1,2,perf-policy_only-r001-20260818T022131Z,loan_to_customer,3,117,200,13.899100,
policy_only,1,2,perf-policy_only-r001-20260818T022131Z,loan_to_customer,3,118,200,13.967100,
policy_only,1,2,perf-policy_only-r001-20260818T022131Z,loan_to_customer,3,119,200,13.748700,
policy_only,1,2,perf-policy_only-r001-20260818T022131Z,loan_to_customer,3,120,200,14.086500,
policy_only,1,2,perf-policy_only-r001-20260818T022131Z,loan_to_customer,3,121,200,14.002700,
policy_only,1,2,perf-policy_only-r001-20260818T022131Z,loan_to_customer,3,122,200,13.822200,
policy_only,1,2,perf-policy_only-r001-20260818T022131Z,loan_to_customer,3,123,200,14.665500,
policy_only,1,2,perf-policy_only-r001-20260818T022131Z,loan_to_customer,3,124,200,13.908900,
policy_only,1,2,perf-policy_only-r001-20260818T022131Z,loan_to_customer,3,125,200,13.827900,
policy_only,1,2,perf-policy_only-r001-20260818T022131Z,loan_to_customer,3,126,200,14.025000,
policy_only,1,2,perf-policy_only-r001-20260818T022131Z,loan_to_customer,3,127,200,13.735000,
policy_only,1,2,perf-policy_only-r001-20260818T022131Z,loan_to_customer,3,128,200,13.845000,
policy_only,1,2,perf-policy_only-r001-20260818T022131Z,loan_to_customer,3,129,200,14.257200,
policy_only,1,2,perf-policy_only-r001-20260818T022131Z,loan_to_customer,3,130,200,13.923600,
policy_only,1,2,perf-policy_only-r001-20260818T022131Z,loan_to_customer,3,131,200,13.766200,
policy_only,1,2,perf-policy_only-r001-20260818T022131Z,loan_to_customer,3,132,200,13.983000,
policy_only,1,2,perf-policy_only-r001-20260818T022131Z,loan_to_customer,3,133,200,14.007400,
policy_only,1,2,perf-policy_only-r001-20260818T022131Z,loan_to_customer,3,134,200,14.390400,
policy_only,1,2,perf-policy_only-r001-20260818T022131Z,loan_to_customer,3,135,200,13.908900,
policy_only,1,2,perf-policy_only-r001-20260818T022131Z,loan_to_customer,3,136,200,14.456700,
policy_only,1,2,perf-policy_only-r001-20260818T022131Z,loan_to_customer,3,137,200,13.855700,
policy_only,1,2,perf-policy_only-r001-20260818T022131Z,loan_to_customer,3,138,200,14.002300,
policy_only,1,2,perf-policy_only-r001-20260818T022131Z,loan_to_customer,3,139,200,13.688500,
policy_only,1,2,perf-policy_only-r001-20260818T022131Z,loan_to_customer,3,140,200,13.923400,
policy_only,1,2,perf-policy_only-r001-20260818T022131Z,loan_to_customer,3,141,200,14.188600,
policy_only,1,2,perf-policy_only-r001-20260818T022131Z,loan_to_customer,3,142,200,14.118600,
policy_only,1,2,perf-policy_only-r001-20260818T022131Z,loan_to_customer,3,143,200,13.725000,
policy_only,1,2,perf-policy_only-r001-20260818T022131Z,loan_to_customer,3,144,200,13.371500,
policy_only,1,2,perf-policy_only-r001-20260818T022131Z,loan_to_customer,3,145,200,13.443400,
policy_only,1,2,perf-policy_only-r001-20260818T022131Z,loan_to_customer,3,146,200,14.024100,
policy_only,1,2,perf-policy_only-r001-20260818T022131Z,loan_to_customer,3,147,200,13.803600,
policy_only,1,2,perf-policy_only-r001-20260818T022131Z,loan_to_customer,3,148,200,13.924100,
policy_only,1,2,perf-policy_only-r001-20260818T022131Z,loan_to_customer,3,149,200,15.082600,
policy_only,1,2,perf-policy_only-r001-20260818T022131Z,loan_to_customer,3,150,200,14.062800,
policy_only,1,2,perf-policy_only-r001-20260818T022131Z,loan_to_customer,3,151,200,14.400000,
policy_only,1,2,perf-policy_only-r001-20260818T022131Z,loan_to_customer,3,152,200,14.543100,
policy_only,1,2,perf-policy_only-r001-20260818T022131Z,loan_to_customer,3,153,200,13.774800,
policy_only,1,2,perf-policy_only-r001-20260818T022131Z,loan_to_customer,3,154,200,14.717100,
policy_only,1,2,perf-policy_only-r001-20260818T022131Z,loan_to_customer,3,155,200,13.909000,
policy_only,1,2,perf-policy_only-r001-20260818T022131Z,loan_to_customer,3,156,200,14.168200,
policy_only,1,2,perf-policy_only-r001-20260818T022131Z,loan_to_customer,3,157,200,14.079600,
policy_only,1,2,perf-policy_only-r001-20260818T022131Z,loan_to_customer,3,158,200,13.658000,
policy_only,1,2,perf-policy_only-r001-20260818T022131Z,loan_to_customer,3,159,200,13.961200,
policy_only,1,2,perf-policy_only-r001-20260818T022131Z,loan_to_customer,3,160,200,13.963600,
policy_only,1,2,perf-policy_only-r001-20260818T022131Z,loan_to_customer,3,161,200,13.716100,
policy_only,1,2,perf-policy_only-r001-20260818T022131Z,loan_to_customer,3,162,200,13.986900,
policy_only,1,2,perf-policy_only-r001-20260818T022131Z,loan_to_customer,3,163,200,13.517500,
policy_only,1,2,perf-policy_only-r001-20260818T022131Z,loan_to_customer,3,164,200,14.091100,
policy_only,1,2,perf-policy_only-r001-20260818T022131Z,loan_to_customer,3,165,200,14.556100,
policy_only,1,2,perf-policy_only-r001-20260818T022131Z,loan_to_customer,3,166,200,13.679400,
policy_only,1,2,perf-policy_only-r001-20260818T022131Z,loan_to_customer,3,167,200,14.033900,
policy_only,1,2,perf-policy_only-r001-20260818T022131Z,loan_to_customer,3,168,200,13.753200,
policy_only,1,2,perf-policy_only-r001-20260818T022131Z,loan_to_customer,3,169,200,14.408800,
policy_only,1,2,perf-policy_only-r001-20260818T022131Z,loan_to_customer,3,170,200,13.660900,
policy_only,1,2,perf-policy_only-r001-20260818T022131Z,loan_to_customer,3,171,200,13.730500,
policy_only,1,2,perf-policy_only-r001-20260818T022131Z,loan_to_customer,3,172,200,14.430200,
policy_only,1,2,perf-policy_only-r001-20260818T022131Z,loan_to_customer,3,173,200,14.360400,
policy_only,1,2,perf-policy_only-r001-20260818T022131Z,loan_to_customer,3,174,200,13.688000,
policy_only,1,2,perf-policy_only-r001-20260818T022131Z,loan_to_customer,3,175,200,13.923100,
policy_only,1,2,perf-policy_only-r001-20260818T022131Z,loan_to_customer,3,176,200,13.892300,
policy_only,1,2,perf-policy_only-r001-20260818T022131Z,loan_to_customer,3,177,200,14.546600,
policy_only,1,2,perf-policy_only-r001-20260818T022131Z,loan_to_customer,3,178,200,13.514300,
policy_only,1,2,perf-policy_only-r001-20260818T022131Z,loan_to_customer,3,179,200,14.607100,
policy_only,1,2,perf-policy_only-r001-20260818T022131Z,loan_to_customer,3,180,200,15.077300,
policy_only,1,2,perf-policy_only-r001-20260818T022131Z,loan_to_customer,3,181,200,14.331000,
policy_only,1,2,perf-policy_only-r001-20260818T022131Z,loan_to_customer,3,182,200,14.010200,
policy_only,1,2,perf-policy_only-r001-20260818T022131Z,loan_to_customer,3,183,200,14.341800,
policy_only,1,2,perf-policy_only-r001-20260818T022131Z,loan_to_customer,3,184,200,15.120200,
policy_only,1,2,perf-policy_only-r001-20260818T022131Z,loan_to_customer,3,185,200,14.463900,
policy_only,1,2,perf-policy_only-r001-20260818T022131Z,loan_to_customer,3,186,200,17.046500,
policy_only,1,2,perf-policy_only-r001-20260818T022131Z,loan_to_customer,3,187,200,15.542700,
policy_only,1,2,perf-policy_only-r001-20260818T022131Z,loan_to_customer,3,188,200,16.663000,
policy_only,1,2,perf-policy_only-r001-20260818T022131Z,loan_to_customer,3,189,200,14.962400,
policy_only,1,2,perf-policy_only-r001-20260818T022131Z,loan_to_customer,3,190,200,13.832400,
policy_only,1,2,perf-policy_only-r001-20260818T022131Z,loan_to_customer,3,191,200,14.363200,
policy_only,1,2,perf-policy_only-r001-20260818T022131Z,loan_to_customer,3,192,200,14.311800,
policy_only,1,2,perf-policy_only-r001-20260818T022131Z,loan_to_customer,3,193,200,14.354000,
policy_only,1,2,perf-policy_only-r001-20260818T022131Z,loan_to_customer,3,194,200,14.088900,
policy_only,1,2,perf-policy_only-r001-20260818T022131Z,loan_to_customer,3,195,200,14.051100,
policy_only,1,2,perf-policy_only-r001-20260818T022131Z,loan_to_customer,3,196,200,17.151200,
policy_only,1,2,perf-policy_only-r001-20260818T022131Z,loan_to_customer,3,197,200,17.448800,
policy_only,1,2,perf-policy_only-r001-20260818T022131Z,loan_to_customer,3,198,200,17.801200,
policy_only,1,2,perf-policy_only-r001-20260818T022131Z,loan_to_customer,3,199,200,15.793500,
policy_only,1,2,perf-policy_only-r001-20260818T022131Z,loan_to_customer,3,200,200,15.942300,
policy_only,1,2,perf-policy_only-r001-20260818T022131Z,loan_to_credit,1,1,200,15.878600,
policy_only,1,2,perf-policy_only-r001-20260818T022131Z,loan_to_credit,1,2,200,16.784700,
policy_only,1,2,perf-policy_only-r001-20260818T022131Z,loan_to_credit,1,3,200,16.218400,
policy_only,1,2,perf-policy_only-r001-20260818T022131Z,loan_to_credit,1,4,200,19.202900,
policy_only,1,2,perf-policy_only-r001-20260818T022131Z,loan_to_credit,1,5,200,18.610000,
policy_only,1,2,perf-policy_only-r001-20260818T022131Z,loan_to_credit,1,6,200,16.899600,
policy_only,1,2,perf-policy_only-r001-20260818T022131Z,loan_to_credit,1,7,200,18.019300,
policy_only,1,2,perf-policy_only-r001-20260818T022131Z,loan_to_credit,1,8,200,17.863600,
policy_only,1,2,perf-policy_only-r001-20260818T022131Z,loan_to_credit,1,9,200,16.850700,
policy_only,1,2,perf-policy_only-r001-20260818T022131Z,loan_to_credit,1,10,200,17.133800,
policy_only,1,2,perf-policy_only-r001-20260818T022131Z,loan_to_credit,1,11,200,17.143000,
policy_only,1,2,perf-policy_only-r001-20260818T022131Z,loan_to_credit,1,12,200,16.630300,
policy_only,1,2,perf-policy_only-r001-20260818T022131Z,loan_to_credit,1,13,200,16.576100,
policy_only,1,2,perf-policy_only-r001-20260818T022131Z,loan_to_credit,1,14,200,15.720900,
policy_only,1,2,perf-policy_only-r001-20260818T022131Z,loan_to_credit,1,15,200,15.885700,
policy_only,1,2,perf-policy_only-r001-20260818T022131Z,loan_to_credit,1,16,200,16.450200,
policy_only,1,2,perf-policy_only-r001-20260818T022131Z,loan_to_credit,1,17,200,17.194500,
policy_only,1,2,perf-policy_only-r001-20260818T022131Z,loan_to_credit,1,18,200,15.535300,
policy_only,1,2,perf-policy_only-r001-20260818T022131Z,loan_to_credit,1,19,200,16.188400,
policy_only,1,2,perf-policy_only-r001-20260818T022131Z,loan_to_credit,1,20,200,15.841900,
policy_only,1,2,perf-policy_only-r001-20260818T022131Z,loan_to_credit,1,21,200,15.986300,
policy_only,1,2,perf-policy_only-r001-20260818T022131Z,loan_to_credit,1,22,200,15.939000,
policy_only,1,2,perf-policy_only-r001-20260818T022131Z,loan_to_credit,1,23,200,15.906500,
policy_only,1,2,perf-policy_only-r001-20260818T022131Z,loan_to_credit,1,24,200,15.940500,
policy_only,1,2,perf-policy_only-r001-20260818T022131Z,loan_to_credit,1,25,200,15.851100,
policy_only,1,2,perf-policy_only-r001-20260818T022131Z,loan_to_credit,1,26,200,16.236600,
policy_only,1,2,perf-policy_only-r001-20260818T022131Z,loan_to_credit,1,27,200,15.976300,
policy_only,1,2,perf-policy_only-r001-20260818T022131Z,loan_to_credit,1,28,200,15.792900,
policy_only,1,2,perf-policy_only-r001-20260818T022131Z,loan_to_credit,1,29,200,16.499900,
policy_only,1,2,perf-policy_only-r001-20260818T022131Z,loan_to_credit,1,30,200,16.647600,
policy_only,1,2,perf-policy_only-r001-20260818T022131Z,loan_to_credit,1,31,200,15.734500,
policy_only,1,2,perf-policy_only-r001-20260818T022131Z,loan_to_credit,1,32,200,14.919500,
policy_only,1,2,perf-policy_only-r001-20260818T022131Z,loan_to_credit,1,33,200,16.408800,
policy_only,1,2,perf-policy_only-r001-20260818T022131Z,loan_to_credit,1,34,200,15.701300,
policy_only,1,2,perf-policy_only-r001-20260818T022131Z,loan_to_credit,1,35,200,16.196300,
policy_only,1,2,perf-policy_only-r001-20260818T022131Z,loan_to_credit,1,36,200,16.343700,
policy_only,1,2,perf-policy_only-r001-20260818T022131Z,loan_to_credit,1,37,200,15.525300,
policy_only,1,2,perf-policy_only-r001-20260818T022131Z,loan_to_credit,1,38,200,15.863000,
policy_only,1,2,perf-policy_only-r001-20260818T022131Z,loan_to_credit,1,39,200,16.263900,
policy_only,1,2,perf-policy_only-r001-20260818T022131Z,loan_to_credit,1,40,200,15.809400,
policy_only,1,2,perf-policy_only-r001-20260818T022131Z,loan_to_credit,1,41,200,16.897000,
policy_only,1,2,perf-policy_only-r001-20260818T022131Z,loan_to_credit,1,42,200,16.107300,
policy_only,1,2,perf-policy_only-r001-20260818T022131Z,loan_to_credit,1,43,200,16.685100,
policy_only,1,2,perf-policy_only-r001-20260818T022131Z,loan_to_credit,1,44,200,15.976700,
policy_only,1,2,perf-policy_only-r001-20260818T022131Z,loan_to_credit,1,45,200,16.275900,
policy_only,1,2,perf-policy_only-r001-20260818T022131Z,loan_to_credit,1,46,200,15.682500,
policy_only,1,2,perf-policy_only-r001-20260818T022131Z,loan_to_credit,1,47,200,15.804200,
policy_only,1,2,perf-policy_only-r001-20260818T022131Z,loan_to_credit,1,48,200,16.436000,
policy_only,1,2,perf-policy_only-r001-20260818T022131Z,loan_to_credit,1,49,200,15.665300,
policy_only,1,2,perf-policy_only-r001-20260818T022131Z,loan_to_credit,1,50,200,16.011700,
policy_only,1,2,perf-policy_only-r001-20260818T022131Z,loan_to_credit,1,51,200,15.979700,
policy_only,1,2,perf-policy_only-r001-20260818T022131Z,loan_to_credit,1,52,200,15.968900,
policy_only,1,2,perf-policy_only-r001-20260818T022131Z,loan_to_credit,1,53,200,15.784000,
policy_only,1,2,perf-policy_only-r001-20260818T022131Z,loan_to_credit,1,54,200,16.144600,
policy_only,1,2,perf-policy_only-r001-20260818T022131Z,loan_to_credit,1,55,200,16.241600,
policy_only,1,2,perf-policy_only-r001-20260818T022131Z,loan_to_credit,1,56,200,16.422600,
policy_only,1,2,perf-policy_only-r001-20260818T022131Z,loan_to_credit,1,57,200,16.620400,
policy_only,1,2,perf-policy_only-r001-20260818T022131Z,loan_to_credit,1,58,200,16.308500,
policy_only,1,2,perf-policy_only-r001-20260818T022131Z,loan_to_credit,1,59,200,16.806400,
policy_only,1,2,perf-policy_only-r001-20260818T022131Z,loan_to_credit,1,60,200,16.829300,
policy_only,1,2,perf-policy_only-r001-20260818T022131Z,loan_to_credit,1,61,200,17.495800,
policy_only,1,2,perf-policy_only-r001-20260818T022131Z,loan_to_credit,1,62,200,19.934900,
policy_only,1,2,perf-policy_only-r001-20260818T022131Z,loan_to_credit,1,63,200,17.927400,
policy_only,1,2,perf-policy_only-r001-20260818T022131Z,loan_to_credit,1,64,200,16.583400,
policy_only,1,2,perf-policy_only-r001-20260818T022131Z,loan_to_credit,1,65,200,15.602500,
policy_only,1,2,perf-policy_only-r001-20260818T022131Z,loan_to_credit,1,66,200,16.236200,
policy_only,1,2,perf-policy_only-r001-20260818T022131Z,loan_to_credit,1,67,200,15.490900,
policy_only,1,2,perf-policy_only-r001-20260818T022131Z,loan_to_credit,1,68,200,15.421000,
policy_only,1,2,perf-policy_only-r001-20260818T022131Z,loan_to_credit,1,69,200,15.626900,
policy_only,1,2,perf-policy_only-r001-20260818T022131Z,loan_to_credit,1,70,200,16.393600,
policy_only,1,2,perf-policy_only-r001-20260818T022131Z,loan_to_credit,1,71,200,16.107500,
policy_only,1,2,perf-policy_only-r001-20260818T022131Z,loan_to_credit,1,72,200,15.624600,
policy_only,1,2,perf-policy_only-r001-20260818T022131Z,loan_to_credit,1,73,200,17.004900,
policy_only,1,2,perf-policy_only-r001-20260818T022131Z,loan_to_credit,1,74,200,16.392100,
policy_only,1,2,perf-policy_only-r001-20260818T022131Z,loan_to_credit,1,75,200,15.553200,
policy_only,1,2,perf-policy_only-r001-20260818T022131Z,loan_to_credit,1,76,200,15.918900,
policy_only,1,2,perf-policy_only-r001-20260818T022131Z,loan_to_credit,1,77,200,16.361300,
policy_only,1,2,perf-policy_only-r001-20260818T022131Z,loan_to_credit,1,78,200,16.739100,
policy_only,1,2,perf-policy_only-r001-20260818T022131Z,loan_to_credit,1,79,200,15.638000,
policy_only,1,2,perf-policy_only-r001-20260818T022131Z,loan_to_credit,1,80,200,16.102200,
policy_only,1,2,perf-policy_only-r001-20260818T022131Z,loan_to_credit,1,81,200,16.290700,
policy_only,1,2,perf-policy_only-r001-20260818T022131Z,loan_to_credit,1,82,200,15.971200,
policy_only,1,2,perf-policy_only-r001-20260818T022131Z,loan_to_credit,1,83,200,16.852500,
policy_only,1,2,perf-policy_only-r001-20260818T022131Z,loan_to_credit,1,84,200,16.618600,
policy_only,1,2,perf-policy_only-r001-20260818T022131Z,loan_to_credit,1,85,200,16.551200,
policy_only,1,2,perf-policy_only-r001-20260818T022131Z,loan_to_credit,1,86,200,15.978500,
policy_only,1,2,perf-policy_only-r001-20260818T022131Z,loan_to_credit,1,87,200,15.947800,
policy_only,1,2,perf-policy_only-r001-20260818T022131Z,loan_to_credit,1,88,200,16.591300,
policy_only,1,2,perf-policy_only-r001-20260818T022131Z,loan_to_credit,1,89,200,16.271400,
policy_only,1,2,perf-policy_only-r001-20260818T022131Z,loan_to_credit,1,90,200,16.943000,
policy_only,1,2,perf-policy_only-r001-20260818T022131Z,loan_to_credit,1,91,200,16.750500,
policy_only,1,2,perf-policy_only-r001-20260818T022131Z,loan_to_credit,1,92,200,20.770200,
policy_only,1,2,perf-policy_only-r001-20260818T022131Z,loan_to_credit,1,93,200,17.663600,
policy_only,1,2,perf-policy_only-r001-20260818T022131Z,loan_to_credit,1,94,200,18.914800,
policy_only,1,2,perf-policy_only-r001-20260818T022131Z,loan_to_credit,1,95,200,17.309100,
policy_only,1,2,perf-policy_only-r001-20260818T022131Z,loan_to_credit,1,96,200,16.520200,
policy_only,1,2,perf-policy_only-r001-20260818T022131Z,loan_to_credit,1,97,200,15.980500,
policy_only,1,2,perf-policy_only-r001-20260818T022131Z,loan_to_credit,1,98,200,15.778200,
policy_only,1,2,perf-policy_only-r001-20260818T022131Z,loan_to_credit,1,99,200,15.924000,
policy_only,1,2,perf-policy_only-r001-20260818T022131Z,loan_to_credit,1,100,200,16.062000,
policy_only,1,2,perf-policy_only-r001-20260818T022131Z,loan_to_credit,1,101,200,16.094900,
policy_only,1,2,perf-policy_only-r001-20260818T022131Z,loan_to_credit,1,102,200,16.343400,
policy_only,1,2,perf-policy_only-r001-20260818T022131Z,loan_to_credit,1,103,200,15.764200,
policy_only,1,2,perf-policy_only-r001-20260818T022131Z,loan_to_credit,1,104,200,17.179100,
policy_only,1,2,perf-policy_only-r001-20260818T022131Z,loan_to_credit,1,105,200,15.679900,
policy_only,1,2,perf-policy_only-r001-20260818T022131Z,loan_to_credit,1,106,200,18.141600,
policy_only,1,2,perf-policy_only-r001-20260818T022131Z,loan_to_credit,1,107,200,16.899600,
policy_only,1,2,perf-policy_only-r001-20260818T022131Z,loan_to_credit,1,108,200,19.572200,
policy_only,1,2,perf-policy_only-r001-20260818T022131Z,loan_to_credit,1,109,200,18.474600,
policy_only,1,2,perf-policy_only-r001-20260818T022131Z,loan_to_credit,1,110,200,19.155700,
policy_only,1,2,perf-policy_only-r001-20260818T022131Z,loan_to_credit,1,111,200,17.751000,
policy_only,1,2,perf-policy_only-r001-20260818T022131Z,loan_to_credit,1,112,200,16.544500,
policy_only,1,2,perf-policy_only-r001-20260818T022131Z,loan_to_credit,1,113,200,15.962900,
policy_only,1,2,perf-policy_only-r001-20260818T022131Z,loan_to_credit,1,114,200,16.501800,
policy_only,1,2,perf-policy_only-r001-20260818T022131Z,loan_to_credit,1,115,200,15.866200,
policy_only,1,2,perf-policy_only-r001-20260818T022131Z,loan_to_credit,1,116,200,15.866100,
policy_only,1,2,perf-policy_only-r001-20260818T022131Z,loan_to_credit,1,117,200,16.020800,
policy_only,1,2,perf-policy_only-r001-20260818T022131Z,loan_to_credit,1,118,200,15.917800,
policy_only,1,2,perf-policy_only-r001-20260818T022131Z,loan_to_credit,1,119,200,16.020600,
policy_only,1,2,perf-policy_only-r001-20260818T022131Z,loan_to_credit,1,120,200,15.901000,
policy_only,1,2,perf-policy_only-r001-20260818T022131Z,loan_to_credit,1,121,200,16.093600,
policy_only,1,2,perf-policy_only-r001-20260818T022131Z,loan_to_credit,1,122,200,15.945200,
policy_only,1,2,perf-policy_only-r001-20260818T022131Z,loan_to_credit,1,123,200,16.049000,
policy_only,1,2,perf-policy_only-r001-20260818T022131Z,loan_to_credit,1,124,200,16.183000,
policy_only,1,2,perf-policy_only-r001-20260818T022131Z,loan_to_credit,1,125,200,16.401900,
policy_only,1,2,perf-policy_only-r001-20260818T022131Z,loan_to_credit,1,126,200,16.089500,
policy_only,1,2,perf-policy_only-r001-20260818T022131Z,loan_to_credit,1,127,200,15.886700,
policy_only,1,2,perf-policy_only-r001-20260818T022131Z,loan_to_credit,1,128,200,15.190700,
policy_only,1,2,perf-policy_only-r001-20260818T022131Z,loan_to_credit,1,129,200,15.811100,
policy_only,1,2,perf-policy_only-r001-20260818T022131Z,loan_to_credit,1,130,200,15.237400,
policy_only,1,2,perf-policy_only-r001-20260818T022131Z,loan_to_credit,1,131,200,15.731700,
policy_only,1,2,perf-policy_only-r001-20260818T022131Z,loan_to_credit,1,132,200,16.297300,
policy_only,1,2,perf-policy_only-r001-20260818T022131Z,loan_to_credit,1,133,200,15.811100,
policy_only,1,2,perf-policy_only-r001-20260818T022131Z,loan_to_credit,1,134,200,15.881200,
policy_only,1,2,perf-policy_only-r001-20260818T022131Z,loan_to_credit,1,135,200,15.969600,
policy_only,1,2,perf-policy_only-r001-20260818T022131Z,loan_to_credit,1,136,200,15.734100,
policy_only,1,2,perf-policy_only-r001-20260818T022131Z,loan_to_credit,1,137,200,16.242000,
policy_only,1,2,perf-policy_only-r001-20260818T022131Z,loan_to_credit,1,138,200,17.316600,
policy_only,1,2,perf-policy_only-r001-20260818T022131Z,loan_to_credit,1,139,200,17.039600,
policy_only,1,2,perf-policy_only-r001-20260818T022131Z,loan_to_credit,1,140,200,16.877700,
policy_only,1,2,perf-policy_only-r001-20260818T022131Z,loan_to_credit,1,141,200,15.637200,
policy_only,1,2,perf-policy_only-r001-20260818T022131Z,loan_to_credit,1,142,200,16.334800,
policy_only,1,2,perf-policy_only-r001-20260818T022131Z,loan_to_credit,1,143,200,16.159500,
policy_only,1,2,perf-policy_only-r001-20260818T022131Z,loan_to_credit,1,144,200,16.768300,
policy_only,1,2,perf-policy_only-r001-20260818T022131Z,loan_to_credit,1,145,200,16.206900,
policy_only,1,2,perf-policy_only-r001-20260818T022131Z,loan_to_credit,1,146,200,15.556900,
policy_only,1,2,perf-policy_only-r001-20260818T022131Z,loan_to_credit,1,147,200,15.706800,
policy_only,1,2,perf-policy_only-r001-20260818T022131Z,loan_to_credit,1,148,200,15.319200,
policy_only,1,2,perf-policy_only-r001-20260818T022131Z,loan_to_credit,1,149,200,15.775200,
policy_only,1,2,perf-policy_only-r001-20260818T022131Z,loan_to_credit,1,150,200,16.367000,
policy_only,1,2,perf-policy_only-r001-20260818T022131Z,loan_to_credit,1,151,200,15.988100,
policy_only,1,2,perf-policy_only-r001-20260818T022131Z,loan_to_credit,1,152,200,20.078800,
policy_only,1,2,perf-policy_only-r001-20260818T022131Z,loan_to_credit,1,153,200,16.657400,
policy_only,1,2,perf-policy_only-r001-20260818T022131Z,loan_to_credit,1,154,200,15.877700,
policy_only,1,2,perf-policy_only-r001-20260818T022131Z,loan_to_credit,1,155,200,16.033000,
policy_only,1,2,perf-policy_only-r001-20260818T022131Z,loan_to_credit,1,156,200,16.049300,
policy_only,1,2,perf-policy_only-r001-20260818T022131Z,loan_to_credit,1,157,200,15.845600,
policy_only,1,2,perf-policy_only-r001-20260818T022131Z,loan_to_credit,1,158,200,16.055400,
policy_only,1,2,perf-policy_only-r001-20260818T022131Z,loan_to_credit,1,159,200,15.789300,
policy_only,1,2,perf-policy_only-r001-20260818T022131Z,loan_to_credit,1,160,200,16.090300,
policy_only,1,2,perf-policy_only-r001-20260818T022131Z,loan_to_credit,1,161,200,14.512100,
policy_only,1,2,perf-policy_only-r001-20260818T022131Z,loan_to_credit,1,162,200,16.432900,
policy_only,1,2,perf-policy_only-r001-20260818T022131Z,loan_to_credit,1,163,200,16.000500,
policy_only,1,2,perf-policy_only-r001-20260818T022131Z,loan_to_credit,1,164,200,15.950900,
policy_only,1,2,perf-policy_only-r001-20260818T022131Z,loan_to_credit,1,165,200,14.884600,
policy_only,1,2,perf-policy_only-r001-20260818T022131Z,loan_to_credit,1,166,200,16.082000,
policy_only,1,2,perf-policy_only-r001-20260818T022131Z,loan_to_credit,1,167,200,15.968800,
policy_only,1,2,perf-policy_only-r001-20260818T022131Z,loan_to_credit,1,168,200,16.372100,
policy_only,1,2,perf-policy_only-r001-20260818T022131Z,loan_to_credit,1,169,200,15.705200,
policy_only,1,2,perf-policy_only-r001-20260818T022131Z,loan_to_credit,1,170,200,15.907800,
policy_only,1,2,perf-policy_only-r001-20260818T022131Z,loan_to_credit,1,171,200,16.123100,
policy_only,1,2,perf-policy_only-r001-20260818T022131Z,loan_to_credit,1,172,200,15.895600,
policy_only,1,2,perf-policy_only-r001-20260818T022131Z,loan_to_credit,1,173,200,15.652300,
policy_only,1,2,perf-policy_only-r001-20260818T022131Z,loan_to_credit,1,174,200,16.290800,
policy_only,1,2,perf-policy_only-r001-20260818T022131Z,loan_to_credit,1,175,200,15.896600,
policy_only,1,2,perf-policy_only-r001-20260818T022131Z,loan_to_credit,1,176,200,15.792200,
policy_only,1,2,perf-policy_only-r001-20260818T022131Z,loan_to_credit,1,177,200,14.823700,
policy_only,1,2,perf-policy_only-r001-20260818T022131Z,loan_to_credit,1,178,200,16.676500,
policy_only,1,2,perf-policy_only-r001-20260818T022131Z,loan_to_credit,1,179,200,15.504700,
policy_only,1,2,perf-policy_only-r001-20260818T022131Z,loan_to_credit,1,180,200,15.901400,
policy_only,1,2,perf-policy_only-r001-20260818T022131Z,loan_to_credit,1,181,200,15.082200,
policy_only,1,2,perf-policy_only-r001-20260818T022131Z,loan_to_credit,1,182,200,15.919100,
policy_only,1,2,perf-policy_only-r001-20260818T022131Z,loan_to_credit,1,183,200,16.087500,
policy_only,1,2,perf-policy_only-r001-20260818T022131Z,loan_to_credit,1,184,200,16.077000,
policy_only,1,2,perf-policy_only-r001-20260818T022131Z,loan_to_credit,1,185,200,15.872400,
policy_only,1,2,perf-policy_only-r001-20260818T022131Z,loan_to_credit,1,186,200,17.619800,
policy_only,1,2,perf-policy_only-r001-20260818T022131Z,loan_to_credit,1,187,200,18.726000,
policy_only,1,2,perf-policy_only-r001-20260818T022131Z,loan_to_credit,1,188,200,17.512500,
policy_only,1,2,perf-policy_only-r001-20260818T022131Z,loan_to_credit,1,189,200,16.118200,
policy_only,1,2,perf-policy_only-r001-20260818T022131Z,loan_to_credit,1,190,200,15.864200,
policy_only,1,2,perf-policy_only-r001-20260818T022131Z,loan_to_credit,1,191,200,15.144500,
policy_only,1,2,perf-policy_only-r001-20260818T022131Z,loan_to_credit,1,192,200,15.685900,
policy_only,1,2,perf-policy_only-r001-20260818T022131Z,loan_to_credit,1,193,200,16.797400,
policy_only,1,2,perf-policy_only-r001-20260818T022131Z,loan_to_credit,1,194,200,15.513000,
policy_only,1,2,perf-policy_only-r001-20260818T022131Z,loan_to_credit,1,195,200,15.847400,
policy_only,1,2,perf-policy_only-r001-20260818T022131Z,loan_to_credit,1,196,200,15.653800,
policy_only,1,2,perf-policy_only-r001-20260818T022131Z,loan_to_credit,1,197,200,16.219200,
policy_only,1,2,perf-policy_only-r001-20260818T022131Z,loan_to_credit,1,198,200,15.853500,
policy_only,1,2,perf-policy_only-r001-20260818T022131Z,loan_to_credit,1,199,200,17.500900,
policy_only,1,2,perf-policy_only-r001-20260818T022131Z,loan_to_credit,1,200,200,17.284700,
policy_only,1,2,perf-policy_only-r001-20260818T022131Z,loan_to_credit,2,1,200,16.582500,
policy_only,1,2,perf-policy_only-r001-20260818T022131Z,loan_to_credit,2,2,200,16.915500,
policy_only,1,2,perf-policy_only-r001-20260818T022131Z,loan_to_credit,2,3,200,17.325500,
policy_only,1,2,perf-policy_only-r001-20260818T022131Z,loan_to_credit,2,4,200,15.047400,
policy_only,1,2,perf-policy_only-r001-20260818T022131Z,loan_to_credit,2,5,200,15.498300,
policy_only,1,2,perf-policy_only-r001-20260818T022131Z,loan_to_credit,2,6,200,16.056200,
policy_only,1,2,perf-policy_only-r001-20260818T022131Z,loan_to_credit,2,7,200,16.867000,
policy_only,1,2,perf-policy_only-r001-20260818T022131Z,loan_to_credit,2,8,200,15.788500,
policy_only,1,2,perf-policy_only-r001-20260818T022131Z,loan_to_credit,2,9,200,16.003400,
policy_only,1,2,perf-policy_only-r001-20260818T022131Z,loan_to_credit,2,10,200,16.000600,
policy_only,1,2,perf-policy_only-r001-20260818T022131Z,loan_to_credit,2,11,200,15.777200,
policy_only,1,2,perf-policy_only-r001-20260818T022131Z,loan_to_credit,2,12,200,16.254200,
policy_only,1,2,perf-policy_only-r001-20260818T022131Z,loan_to_credit,2,13,200,16.161900,
policy_only,1,2,perf-policy_only-r001-20260818T022131Z,loan_to_credit,2,14,200,16.575400,
policy_only,1,2,perf-policy_only-r001-20260818T022131Z,loan_to_credit,2,15,200,16.149800,
policy_only,1,2,perf-policy_only-r001-20260818T022131Z,loan_to_credit,2,16,200,16.880500,
policy_only,1,2,perf-policy_only-r001-20260818T022131Z,loan_to_credit,2,17,200,16.852200,
policy_only,1,2,perf-policy_only-r001-20260818T022131Z,loan_to_credit,2,18,200,16.432900,
policy_only,1,2,perf-policy_only-r001-20260818T022131Z,loan_to_credit,2,19,200,15.542400,
policy_only,1,2,perf-policy_only-r001-20260818T022131Z,loan_to_credit,2,20,200,16.431300,
policy_only,1,2,perf-policy_only-r001-20260818T022131Z,loan_to_credit,2,21,200,15.802000,
policy_only,1,2,perf-policy_only-r001-20260818T022131Z,loan_to_credit,2,22,200,16.642400,
policy_only,1,2,perf-policy_only-r001-20260818T022131Z,loan_to_credit,2,23,200,16.337000,
policy_only,1,2,perf-policy_only-r001-20260818T022131Z,loan_to_credit,2,24,200,15.758700,
policy_only,1,2,perf-policy_only-r001-20260818T022131Z,loan_to_credit,2,25,200,14.669500,
policy_only,1,2,perf-policy_only-r001-20260818T022131Z,loan_to_credit,2,26,200,15.220500,
policy_only,1,2,perf-policy_only-r001-20260818T022131Z,loan_to_credit,2,27,200,15.407600,
policy_only,1,2,perf-policy_only-r001-20260818T022131Z,loan_to_credit,2,28,200,15.857700,
policy_only,1,2,perf-policy_only-r001-20260818T022131Z,loan_to_credit,2,29,200,16.163200,
policy_only,1,2,perf-policy_only-r001-20260818T022131Z,loan_to_credit,2,30,200,15.967900,
policy_only,1,2,perf-policy_only-r001-20260818T022131Z,loan_to_credit,2,31,200,15.789900,
policy_only,1,2,perf-policy_only-r001-20260818T022131Z,loan_to_credit,2,32,200,15.844600,
policy_only,1,2,perf-policy_only-r001-20260818T022131Z,loan_to_credit,2,33,200,15.958300,
policy_only,1,2,perf-policy_only-r001-20260818T022131Z,loan_to_credit,2,34,200,16.638800,
policy_only,1,2,perf-policy_only-r001-20260818T022131Z,loan_to_credit,2,35,200,15.237000,
policy_only,1,2,perf-policy_only-r001-20260818T022131Z,loan_to_credit,2,36,200,16.139100,
policy_only,1,2,perf-policy_only-r001-20260818T022131Z,loan_to_credit,2,37,200,15.828400,
policy_only,1,2,perf-policy_only-r001-20260818T022131Z,loan_to_credit,2,38,200,16.477500,
policy_only,1,2,perf-policy_only-r001-20260818T022131Z,loan_to_credit,2,39,200,16.655800,
policy_only,1,2,perf-policy_only-r001-20260818T022131Z,loan_to_credit,2,40,200,16.121100,
policy_only,1,2,perf-policy_only-r001-20260818T022131Z,loan_to_credit,2,41,200,15.823600,
policy_only,1,2,perf-policy_only-r001-20260818T022131Z,loan_to_credit,2,42,200,15.134800,
policy_only,1,2,perf-policy_only-r001-20260818T022131Z,loan_to_credit,2,43,200,15.890700,
policy_only,1,2,perf-policy_only-r001-20260818T022131Z,loan_to_credit,2,44,200,16.319200,
policy_only,1,2,perf-policy_only-r001-20260818T022131Z,loan_to_credit,2,45,200,15.645600,
policy_only,1,2,perf-policy_only-r001-20260818T022131Z,loan_to_credit,2,46,200,15.834800,
policy_only,1,2,perf-policy_only-r001-20260818T022131Z,loan_to_credit,2,47,200,16.017100,
policy_only,1,2,perf-policy_only-r001-20260818T022131Z,loan_to_credit,2,48,200,16.120200,
policy_only,1,2,perf-policy_only-r001-20260818T022131Z,loan_to_credit,2,49,200,15.993800,
policy_only,1,2,perf-policy_only-r001-20260818T022131Z,loan_to_credit,2,50,200,14.749000,
policy_only,1,2,perf-policy_only-r001-20260818T022131Z,loan_to_credit,2,51,200,15.818300,
policy_only,1,2,perf-policy_only-r001-20260818T022131Z,loan_to_credit,2,52,200,16.019500,
policy_only,1,2,perf-policy_only-r001-20260818T022131Z,loan_to_credit,2,53,200,16.085300,
policy_only,1,2,perf-policy_only-r001-20260818T022131Z,loan_to_credit,2,54,200,14.932200,
policy_only,1,2,perf-policy_only-r001-20260818T022131Z,loan_to_credit,2,55,200,15.926300,
policy_only,1,2,perf-policy_only-r001-20260818T022131Z,loan_to_credit,2,56,200,14.960800,
policy_only,1,2,perf-policy_only-r001-20260818T022131Z,loan_to_credit,2,57,200,15.644200,
policy_only,1,2,perf-policy_only-r001-20260818T022131Z,loan_to_credit,2,58,200,16.449300,
policy_only,1,2,perf-policy_only-r001-20260818T022131Z,loan_to_credit,2,59,200,16.003500,
policy_only,1,2,perf-policy_only-r001-20260818T022131Z,loan_to_credit,2,60,200,14.987200,
policy_only,1,2,perf-policy_only-r001-20260818T022131Z,loan_to_credit,2,61,200,15.899400,
policy_only,1,2,perf-policy_only-r001-20260818T022131Z,loan_to_credit,2,62,200,17.060400,
policy_only,1,2,perf-policy_only-r001-20260818T022131Z,loan_to_credit,2,63,200,16.053300,
policy_only,1,2,perf-policy_only-r001-20260818T022131Z,loan_to_credit,2,64,200,18.844800,
policy_only,1,2,perf-policy_only-r001-20260818T022131Z,loan_to_credit,2,65,200,17.831600,
policy_only,1,2,perf-policy_only-r001-20260818T022131Z,loan_to_credit,2,66,200,18.041200,
policy_only,1,2,perf-policy_only-r001-20260818T022131Z,loan_to_credit,2,67,200,17.782300,
policy_only,1,2,perf-policy_only-r001-20260818T022131Z,loan_to_credit,2,68,200,18.467700,
policy_only,1,2,perf-policy_only-r001-20260818T022131Z,loan_to_credit,2,69,200,20.115100,
policy_only,1,2,perf-policy_only-r001-20260818T022131Z,loan_to_credit,2,70,200,18.991000,
policy_only,1,2,perf-policy_only-r001-20260818T022131Z,loan_to_credit,2,71,200,17.976600,
policy_only,1,2,perf-policy_only-r001-20260818T022131Z,loan_to_credit,2,72,200,15.758100,
policy_only,1,2,perf-policy_only-r001-20260818T022131Z,loan_to_credit,2,73,200,16.117700,
policy_only,1,2,perf-policy_only-r001-20260818T022131Z,loan_to_credit,2,74,200,16.346600,
policy_only,1,2,perf-policy_only-r001-20260818T022131Z,loan_to_credit,2,75,200,16.756200,
policy_only,1,2,perf-policy_only-r001-20260818T022131Z,loan_to_credit,2,76,200,16.481100,
policy_only,1,2,perf-policy_only-r001-20260818T022131Z,loan_to_credit,2,77,200,17.857500,
policy_only,1,2,perf-policy_only-r001-20260818T022131Z,loan_to_credit,2,78,200,18.078600,
policy_only,1,2,perf-policy_only-r001-20260818T022131Z,loan_to_credit,2,79,200,16.337000,
policy_only,1,2,perf-policy_only-r001-20260818T022131Z,loan_to_credit,2,80,200,16.011000,
policy_only,1,2,perf-policy_only-r001-20260818T022131Z,loan_to_credit,2,81,200,16.796400,
policy_only,1,2,perf-policy_only-r001-20260818T022131Z,loan_to_credit,2,82,200,16.239100,
policy_only,1,2,perf-policy_only-r001-20260818T022131Z,loan_to_credit,2,83,200,18.838900,
policy_only,1,2,perf-policy_only-r001-20260818T022131Z,loan_to_credit,2,84,200,18.841500,
policy_only,1,2,perf-policy_only-r001-20260818T022131Z,loan_to_credit,2,85,200,19.876100,
policy_only,1,2,perf-policy_only-r001-20260818T022131Z,loan_to_credit,2,86,200,17.967200,
policy_only,1,2,perf-policy_only-r001-20260818T022131Z,loan_to_credit,2,87,200,18.300700,
policy_only,1,2,perf-policy_only-r001-20260818T022131Z,loan_to_credit,2,88,200,17.588900,
policy_only,1,2,perf-policy_only-r001-20260818T022131Z,loan_to_credit,2,89,200,18.255400,
policy_only,1,2,perf-policy_only-r001-20260818T022131Z,loan_to_credit,2,90,200,17.528800,
policy_only,1,2,perf-policy_only-r001-20260818T022131Z,loan_to_credit,2,91,200,17.180900,
policy_only,1,2,perf-policy_only-r001-20260818T022131Z,loan_to_credit,2,92,200,17.840900,
policy_only,1,2,perf-policy_only-r001-20260818T022131Z,loan_to_credit,2,93,200,15.450900,
policy_only,1,2,perf-policy_only-r001-20260818T022131Z,loan_to_credit,2,94,200,15.728600,
policy_only,1,2,perf-policy_only-r001-20260818T022131Z,loan_to_credit,2,95,200,16.063800,
policy_only,1,2,perf-policy_only-r001-20260818T022131Z,loan_to_credit,2,96,200,16.036700,
policy_only,1,2,perf-policy_only-r001-20260818T022131Z,loan_to_credit,2,97,200,15.045700,
policy_only,1,2,perf-policy_only-r001-20260818T022131Z,loan_to_credit,2,98,200,16.112600,
policy_only,1,2,perf-policy_only-r001-20260818T022131Z,loan_to_credit,2,99,200,15.904000,
policy_only,1,2,perf-policy_only-r001-20260818T022131Z,loan_to_credit,2,100,200,16.517100,
policy_only,1,2,perf-policy_only-r001-20260818T022131Z,loan_to_credit,2,101,200,16.482900,
policy_only,1,2,perf-policy_only-r001-20260818T022131Z,loan_to_credit,2,102,200,15.859200,
policy_only,1,2,perf-policy_only-r001-20260818T022131Z,loan_to_credit,2,103,200,15.881300,
policy_only,1,2,perf-policy_only-r001-20260818T022131Z,loan_to_credit,2,104,200,16.067200,
policy_only,1,2,perf-policy_only-r001-20260818T022131Z,loan_to_credit,2,105,200,15.918100,
policy_only,1,2,perf-policy_only-r001-20260818T022131Z,loan_to_credit,2,106,200,15.983200,
policy_only,1,2,perf-policy_only-r001-20260818T022131Z,loan_to_credit,2,107,200,15.933000,
policy_only,1,2,perf-policy_only-r001-20260818T022131Z,loan_to_credit,2,108,200,15.839900,
policy_only,1,2,perf-policy_only-r001-20260818T022131Z,loan_to_credit,2,109,200,16.129800,
policy_only,1,2,perf-policy_only-r001-20260818T022131Z,loan_to_credit,2,110,200,15.903800,
policy_only,1,2,perf-policy_only-r001-20260818T022131Z,loan_to_credit,2,111,200,16.107700,
policy_only,1,2,perf-policy_only-r001-20260818T022131Z,loan_to_credit,2,112,200,16.096800,
policy_only,1,2,perf-policy_only-r001-20260818T022131Z,loan_to_credit,2,113,200,18.440700,
policy_only,1,2,perf-policy_only-r001-20260818T022131Z,loan_to_credit,2,114,200,17.147200,
policy_only,1,2,perf-policy_only-r001-20260818T022131Z,loan_to_credit,2,115,200,17.612300,
policy_only,1,2,perf-policy_only-r001-20260818T022131Z,loan_to_credit,2,116,200,18.379700,
policy_only,1,2,perf-policy_only-r001-20260818T022131Z,loan_to_credit,2,117,200,18.617900,
policy_only,1,2,perf-policy_only-r001-20260818T022131Z,loan_to_credit,2,118,200,16.603400,
policy_only,1,2,perf-policy_only-r001-20260818T022131Z,loan_to_credit,2,119,200,15.924800,
policy_only,1,2,perf-policy_only-r001-20260818T022131Z,loan_to_credit,2,120,200,17.214800,
policy_only,1,2,perf-policy_only-r001-20260818T022131Z,loan_to_credit,2,121,200,17.702000,
policy_only,1,2,perf-policy_only-r001-20260818T022131Z,loan_to_credit,2,122,200,16.273700,
policy_only,1,2,perf-policy_only-r001-20260818T022131Z,loan_to_credit,2,123,200,16.100300,
policy_only,1,2,perf-policy_only-r001-20260818T022131Z,loan_to_credit,2,124,200,19.389300,
policy_only,1,2,perf-policy_only-r001-20260818T022131Z,loan_to_credit,2,125,200,16.114800,
policy_only,1,2,perf-policy_only-r001-20260818T022131Z,loan_to_credit,2,126,200,17.265200,
policy_only,1,2,perf-policy_only-r001-20260818T022131Z,loan_to_credit,2,127,200,16.815600,
policy_only,1,2,perf-policy_only-r001-20260818T022131Z,loan_to_credit,2,128,200,15.411400,
policy_only,1,2,perf-policy_only-r001-20260818T022131Z,loan_to_credit,2,129,200,16.456500,
policy_only,1,2,perf-policy_only-r001-20260818T022131Z,loan_to_credit,2,130,200,15.809500,
policy_only,1,2,perf-policy_only-r001-20260818T022131Z,loan_to_credit,2,131,200,18.155500,
policy_only,1,2,perf-policy_only-r001-20260818T022131Z,loan_to_credit,2,132,200,16.016800,
policy_only,1,2,perf-policy_only-r001-20260818T022131Z,loan_to_credit,2,133,200,16.086200,
policy_only,1,2,perf-policy_only-r001-20260818T022131Z,loan_to_credit,2,134,200,15.760100,
policy_only,1,2,perf-policy_only-r001-20260818T022131Z,loan_to_credit,2,135,200,15.842000,
policy_only,1,2,perf-policy_only-r001-20260818T022131Z,loan_to_credit,2,136,200,16.351300,
policy_only,1,2,perf-policy_only-r001-20260818T022131Z,loan_to_credit,2,137,200,15.787800,
policy_only,1,2,perf-policy_only-r001-20260818T022131Z,loan_to_credit,2,138,200,15.948400,
policy_only,1,2,perf-policy_only-r001-20260818T022131Z,loan_to_credit,2,139,200,15.862200,
policy_only,1,2,perf-policy_only-r001-20260818T022131Z,loan_to_credit,2,140,200,15.079900,
policy_only,1,2,perf-policy_only-r001-20260818T022131Z,loan_to_credit,2,141,200,16.169700,
policy_only,1,2,perf-policy_only-r001-20260818T022131Z,loan_to_credit,2,142,200,16.573100,
policy_only,1,2,perf-policy_only-r001-20260818T022131Z,loan_to_credit,2,143,200,17.909900,
policy_only,1,2,perf-policy_only-r001-20260818T022131Z,loan_to_credit,2,144,200,18.319500,
policy_only,1,2,perf-policy_only-r001-20260818T022131Z,loan_to_credit,2,145,200,17.905400,
policy_only,1,2,perf-policy_only-r001-20260818T022131Z,loan_to_credit,2,146,200,18.226000,
policy_only,1,2,perf-policy_only-r001-20260818T022131Z,loan_to_credit,2,147,200,17.337800,
policy_only,1,2,perf-policy_only-r001-20260818T022131Z,loan_to_credit,2,148,200,17.013600,
policy_only,1,2,perf-policy_only-r001-20260818T022131Z,loan_to_credit,2,149,200,17.028900,
policy_only,1,2,perf-policy_only-r001-20260818T022131Z,loan_to_credit,2,150,200,16.737000,
policy_only,1,2,perf-policy_only-r001-20260818T022131Z,loan_to_credit,2,151,200,17.099900,
policy_only,1,2,perf-policy_only-r001-20260818T022131Z,loan_to_credit,2,152,200,16.382800,
policy_only,1,2,perf-policy_only-r001-20260818T022131Z,loan_to_credit,2,153,200,16.403200,
policy_only,1,2,perf-policy_only-r001-20260818T022131Z,loan_to_credit,2,154,200,17.235300,
policy_only,1,2,perf-policy_only-r001-20260818T022131Z,loan_to_credit,2,155,200,17.036900,
policy_only,1,2,perf-policy_only-r001-20260818T022131Z,loan_to_credit,2,156,200,16.971300,
policy_only,1,2,perf-policy_only-r001-20260818T022131Z,loan_to_credit,2,157,200,16.433900,
policy_only,1,2,perf-policy_only-r001-20260818T022131Z,loan_to_credit,2,158,200,15.537700,
policy_only,1,2,perf-policy_only-r001-20260818T022131Z,loan_to_credit,2,159,200,16.583500,
policy_only,1,2,perf-policy_only-r001-20260818T022131Z,loan_to_credit,2,160,200,17.307100,
policy_only,1,2,perf-policy_only-r001-20260818T022131Z,loan_to_credit,2,161,200,17.761400,
policy_only,1,2,perf-policy_only-r001-20260818T022131Z,loan_to_credit,2,162,200,17.196100,
policy_only,1,2,perf-policy_only-r001-20260818T022131Z,loan_to_credit,2,163,200,18.272700,
policy_only,1,2,perf-policy_only-r001-20260818T022131Z,loan_to_credit,2,164,200,19.393300,
policy_only,1,2,perf-policy_only-r001-20260818T022131Z,loan_to_credit,2,165,200,16.915900,
policy_only,1,2,perf-policy_only-r001-20260818T022131Z,loan_to_credit,2,166,200,18.062000,
policy_only,1,2,perf-policy_only-r001-20260818T022131Z,loan_to_credit,2,167,200,18.600500,
policy_only,1,2,perf-policy_only-r001-20260818T022131Z,loan_to_credit,2,168,200,18.638200,
policy_only,1,2,perf-policy_only-r001-20260818T022131Z,loan_to_credit,2,169,200,16.900000,
policy_only,1,2,perf-policy_only-r001-20260818T022131Z,loan_to_credit,2,170,200,16.458100,
policy_only,1,2,perf-policy_only-r001-20260818T022131Z,loan_to_credit,2,171,200,16.291000,
policy_only,1,2,perf-policy_only-r001-20260818T022131Z,loan_to_credit,2,172,200,17.180400,
policy_only,1,2,perf-policy_only-r001-20260818T022131Z,loan_to_credit,2,173,200,17.046400,
policy_only,1,2,perf-policy_only-r001-20260818T022131Z,loan_to_credit,2,174,200,16.775900,
policy_only,1,2,perf-policy_only-r001-20260818T022131Z,loan_to_credit,2,175,200,17.189500,
policy_only,1,2,perf-policy_only-r001-20260818T022131Z,loan_to_credit,2,176,200,17.333900,
policy_only,1,2,perf-policy_only-r001-20260818T022131Z,loan_to_credit,2,177,200,17.531300,
policy_only,1,2,perf-policy_only-r001-20260818T022131Z,loan_to_credit,2,178,200,16.568000,
policy_only,1,2,perf-policy_only-r001-20260818T022131Z,loan_to_credit,2,179,200,17.342700,
policy_only,1,2,perf-policy_only-r001-20260818T022131Z,loan_to_credit,2,180,200,17.098500,
policy_only,1,2,perf-policy_only-r001-20260818T022131Z,loan_to_credit,2,181,200,16.384600,
policy_only,1,2,perf-policy_only-r001-20260818T022131Z,loan_to_credit,2,182,200,16.109800,
policy_only,1,2,perf-policy_only-r001-20260818T022131Z,loan_to_credit,2,183,200,16.346300,
policy_only,1,2,perf-policy_only-r001-20260818T022131Z,loan_to_credit,2,184,200,16.733100,
policy_only,1,2,perf-policy_only-r001-20260818T022131Z,loan_to_credit,2,185,200,15.659400,
policy_only,1,2,perf-policy_only-r001-20260818T022131Z,loan_to_credit,2,186,200,16.408400,
policy_only,1,2,perf-policy_only-r001-20260818T022131Z,loan_to_credit,2,187,200,16.717600,
policy_only,1,2,perf-policy_only-r001-20260818T022131Z,loan_to_credit,2,188,200,15.732000,
policy_only,1,2,perf-policy_only-r001-20260818T022131Z,loan_to_credit,2,189,200,16.196500,
policy_only,1,2,perf-policy_only-r001-20260818T022131Z,loan_to_credit,2,190,200,17.138200,
policy_only,1,2,perf-policy_only-r001-20260818T022131Z,loan_to_credit,2,191,200,18.739100,
policy_only,1,2,perf-policy_only-r001-20260818T022131Z,loan_to_credit,2,192,200,18.056700,
policy_only,1,2,perf-policy_only-r001-20260818T022131Z,loan_to_credit,2,193,200,18.192500,
policy_only,1,2,perf-policy_only-r001-20260818T022131Z,loan_to_credit,2,194,200,17.103300,
policy_only,1,2,perf-policy_only-r001-20260818T022131Z,loan_to_credit,2,195,200,16.841500,
policy_only,1,2,perf-policy_only-r001-20260818T022131Z,loan_to_credit,2,196,200,17.218900,
policy_only,1,2,perf-policy_only-r001-20260818T022131Z,loan_to_credit,2,197,200,16.576800,
policy_only,1,2,perf-policy_only-r001-20260818T022131Z,loan_to_credit,2,198,200,16.093100,
policy_only,1,2,perf-policy_only-r001-20260818T022131Z,loan_to_credit,2,199,200,16.723900,
policy_only,1,2,perf-policy_only-r001-20260818T022131Z,loan_to_credit,2,200,200,17.040500,
policy_only,1,2,perf-policy_only-r001-20260818T022131Z,loan_to_credit,3,1,200,17.054300,
policy_only,1,2,perf-policy_only-r001-20260818T022131Z,loan_to_credit,3,2,200,16.180100,
policy_only,1,2,perf-policy_only-r001-20260818T022131Z,loan_to_credit,3,3,200,15.720300,
policy_only,1,2,perf-policy_only-r001-20260818T022131Z,loan_to_credit,3,4,200,16.178500,
policy_only,1,2,perf-policy_only-r001-20260818T022131Z,loan_to_credit,3,5,200,16.489700,
policy_only,1,2,perf-policy_only-r001-20260818T022131Z,loan_to_credit,3,6,200,16.290500,
policy_only,1,2,perf-policy_only-r001-20260818T022131Z,loan_to_credit,3,7,200,15.983400,
policy_only,1,2,perf-policy_only-r001-20260818T022131Z,loan_to_credit,3,8,200,16.035400,
policy_only,1,2,perf-policy_only-r001-20260818T022131Z,loan_to_credit,3,9,200,15.738500,
policy_only,1,2,perf-policy_only-r001-20260818T022131Z,loan_to_credit,3,10,200,16.433200,
policy_only,1,2,perf-policy_only-r001-20260818T022131Z,loan_to_credit,3,11,200,16.889000,
policy_only,1,2,perf-policy_only-r001-20260818T022131Z,loan_to_credit,3,12,200,16.531200,
policy_only,1,2,perf-policy_only-r001-20260818T022131Z,loan_to_credit,3,13,200,16.092600,
policy_only,1,2,perf-policy_only-r001-20260818T022131Z,loan_to_credit,3,14,200,15.755100,
policy_only,1,2,perf-policy_only-r001-20260818T022131Z,loan_to_credit,3,15,200,16.003400,
policy_only,1,2,perf-policy_only-r001-20260818T022131Z,loan_to_credit,3,16,200,16.730800,
policy_only,1,2,perf-policy_only-r001-20260818T022131Z,loan_to_credit,3,17,200,16.673600,
policy_only,1,2,perf-policy_only-r001-20260818T022131Z,loan_to_credit,3,18,200,17.579300,
policy_only,1,2,perf-policy_only-r001-20260818T022131Z,loan_to_credit,3,19,200,16.754200,
policy_only,1,2,perf-policy_only-r001-20260818T022131Z,loan_to_credit,3,20,200,16.822000,
policy_only,1,2,perf-policy_only-r001-20260818T022131Z,loan_to_credit,3,21,200,16.952000,
policy_only,1,2,perf-policy_only-r001-20260818T022131Z,loan_to_credit,3,22,200,16.932200,
policy_only,1,2,perf-policy_only-r001-20260818T022131Z,loan_to_credit,3,23,200,16.942600,
policy_only,1,2,perf-policy_only-r001-20260818T022131Z,loan_to_credit,3,24,200,15.788000,
policy_only,1,2,perf-policy_only-r001-20260818T022131Z,loan_to_credit,3,25,200,16.854100,
policy_only,1,2,perf-policy_only-r001-20260818T022131Z,loan_to_credit,3,26,200,17.146800,
policy_only,1,2,perf-policy_only-r001-20260818T022131Z,loan_to_credit,3,27,200,16.050300,
policy_only,1,2,perf-policy_only-r001-20260818T022131Z,loan_to_credit,3,28,200,15.935300,
policy_only,1,2,perf-policy_only-r001-20260818T022131Z,loan_to_credit,3,29,200,15.751100,
policy_only,1,2,perf-policy_only-r001-20260818T022131Z,loan_to_credit,3,30,200,16.186400,
policy_only,1,2,perf-policy_only-r001-20260818T022131Z,loan_to_credit,3,31,200,15.751600,
policy_only,1,2,perf-policy_only-r001-20260818T022131Z,loan_to_credit,3,32,200,16.681300,
policy_only,1,2,perf-policy_only-r001-20260818T022131Z,loan_to_credit,3,33,200,16.232900,
policy_only,1,2,perf-policy_only-r001-20260818T022131Z,loan_to_credit,3,34,200,16.267000,
policy_only,1,2,perf-policy_only-r001-20260818T022131Z,loan_to_credit,3,35,200,15.729100,
policy_only,1,2,perf-policy_only-r001-20260818T022131Z,loan_to_credit,3,36,200,15.998500,
policy_only,1,2,perf-policy_only-r001-20260818T022131Z,loan_to_credit,3,37,200,16.159000,
policy_only,1,2,perf-policy_only-r001-20260818T022131Z,loan_to_credit,3,38,200,15.965600,
policy_only,1,2,perf-policy_only-r001-20260818T022131Z,loan_to_credit,3,39,200,16.275100,
policy_only,1,2,perf-policy_only-r001-20260818T022131Z,loan_to_credit,3,40,200,16.874200,
policy_only,1,2,perf-policy_only-r001-20260818T022131Z,loan_to_credit,3,41,200,15.974000,
policy_only,1,2,perf-policy_only-r001-20260818T022131Z,loan_to_credit,3,42,200,16.653000,
policy_only,1,2,perf-policy_only-r001-20260818T022131Z,loan_to_credit,3,43,200,16.061300,
policy_only,1,2,perf-policy_only-r001-20260818T022131Z,loan_to_credit,3,44,200,16.094200,
policy_only,1,2,perf-policy_only-r001-20260818T022131Z,loan_to_credit,3,45,200,16.788200,
policy_only,1,2,perf-policy_only-r001-20260818T022131Z,loan_to_credit,3,46,200,15.984500,
policy_only,1,2,perf-policy_only-r001-20260818T022131Z,loan_to_credit,3,47,200,15.909600,
policy_only,1,2,perf-policy_only-r001-20260818T022131Z,loan_to_credit,3,48,200,16.180200,
policy_only,1,2,perf-policy_only-r001-20260818T022131Z,loan_to_credit,3,49,200,15.846000,
policy_only,1,2,perf-policy_only-r001-20260818T022131Z,loan_to_credit,3,50,200,16.500100,
policy_only,1,2,perf-policy_only-r001-20260818T022131Z,loan_to_credit,3,51,200,15.962700,
policy_only,1,2,perf-policy_only-r001-20260818T022131Z,loan_to_credit,3,52,200,17.202500,
policy_only,1,2,perf-policy_only-r001-20260818T022131Z,loan_to_credit,3,53,200,17.194300,
policy_only,1,2,perf-policy_only-r001-20260818T022131Z,loan_to_credit,3,54,200,16.024100,
policy_only,1,2,perf-policy_only-r001-20260818T022131Z,loan_to_credit,3,55,200,16.163500,
policy_only,1,2,perf-policy_only-r001-20260818T022131Z,loan_to_credit,3,56,200,15.977400,
policy_only,1,2,perf-policy_only-r001-20260818T022131Z,loan_to_credit,3,57,200,17.067800,
policy_only,1,2,perf-policy_only-r001-20260818T022131Z,loan_to_credit,3,58,200,15.832800,
policy_only,1,2,perf-policy_only-r001-20260818T022131Z,loan_to_credit,3,59,200,15.769100,
policy_only,1,2,perf-policy_only-r001-20260818T022131Z,loan_to_credit,3,60,200,16.606200,
policy_only,1,2,perf-policy_only-r001-20260818T022131Z,loan_to_credit,3,61,200,15.487800,
policy_only,1,2,perf-policy_only-r001-20260818T022131Z,loan_to_credit,3,62,200,15.832800,
policy_only,1,2,perf-policy_only-r001-20260818T022131Z,loan_to_credit,3,63,200,18.507500,
policy_only,1,2,perf-policy_only-r001-20260818T022131Z,loan_to_credit,3,64,200,16.289700,
policy_only,1,2,perf-policy_only-r001-20260818T022131Z,loan_to_credit,3,65,200,16.224400,
policy_only,1,2,perf-policy_only-r001-20260818T022131Z,loan_to_credit,3,66,200,15.870600,
policy_only,1,2,perf-policy_only-r001-20260818T022131Z,loan_to_credit,3,67,200,16.823100,
policy_only,1,2,perf-policy_only-r001-20260818T022131Z,loan_to_credit,3,68,200,17.724300,
policy_only,1,2,perf-policy_only-r001-20260818T022131Z,loan_to_credit,3,69,200,17.251100,
policy_only,1,2,perf-policy_only-r001-20260818T022131Z,loan_to_credit,3,70,200,16.693100,
policy_only,1,2,perf-policy_only-r001-20260818T022131Z,loan_to_credit,3,71,200,17.099600,
policy_only,1,2,perf-policy_only-r001-20260818T022131Z,loan_to_credit,3,72,200,16.873900,
policy_only,1,2,perf-policy_only-r001-20260818T022131Z,loan_to_credit,3,73,200,15.505200,
policy_only,1,2,perf-policy_only-r001-20260818T022131Z,loan_to_credit,3,74,200,16.005300,
policy_only,1,2,perf-policy_only-r001-20260818T022131Z,loan_to_credit,3,75,200,16.154900,
policy_only,1,2,perf-policy_only-r001-20260818T022131Z,loan_to_credit,3,76,200,15.997100,
policy_only,1,2,perf-policy_only-r001-20260818T022131Z,loan_to_credit,3,77,200,15.370900,
policy_only,1,2,perf-policy_only-r001-20260818T022131Z,loan_to_credit,3,78,200,15.306100,
policy_only,1,2,perf-policy_only-r001-20260818T022131Z,loan_to_credit,3,79,200,15.997700,
policy_only,1,2,perf-policy_only-r001-20260818T022131Z,loan_to_credit,3,80,200,16.122100,
policy_only,1,2,perf-policy_only-r001-20260818T022131Z,loan_to_credit,3,81,200,15.750100,
policy_only,1,2,perf-policy_only-r001-20260818T022131Z,loan_to_credit,3,82,200,16.174700,
policy_only,1,2,perf-policy_only-r001-20260818T022131Z,loan_to_credit,3,83,200,16.777000,
policy_only,1,2,perf-policy_only-r001-20260818T022131Z,loan_to_credit,3,84,200,16.507700,
policy_only,1,2,perf-policy_only-r001-20260818T022131Z,loan_to_credit,3,85,200,17.063000,
policy_only,1,2,perf-policy_only-r001-20260818T022131Z,loan_to_credit,3,86,200,16.656700,
policy_only,1,2,perf-policy_only-r001-20260818T022131Z,loan_to_credit,3,87,200,15.795000,
policy_only,1,2,perf-policy_only-r001-20260818T022131Z,loan_to_credit,3,88,200,15.809000,
policy_only,1,2,perf-policy_only-r001-20260818T022131Z,loan_to_credit,3,89,200,15.138000,
policy_only,1,2,perf-policy_only-r001-20260818T022131Z,loan_to_credit,3,90,200,16.253900,
policy_only,1,2,perf-policy_only-r001-20260818T022131Z,loan_to_credit,3,91,200,16.072300,
policy_only,1,2,perf-policy_only-r001-20260818T022131Z,loan_to_credit,3,92,200,16.134200,
policy_only,1,2,perf-policy_only-r001-20260818T022131Z,loan_to_credit,3,93,200,15.811900,
policy_only,1,2,perf-policy_only-r001-20260818T022131Z,loan_to_credit,3,94,200,15.846700,
policy_only,1,2,perf-policy_only-r001-20260818T022131Z,loan_to_credit,3,95,200,15.860500,
policy_only,1,2,perf-policy_only-r001-20260818T022131Z,loan_to_credit,3,96,200,16.473500,
policy_only,1,2,perf-policy_only-r001-20260818T022131Z,loan_to_credit,3,97,200,16.586600,
policy_only,1,2,perf-policy_only-r001-20260818T022131Z,loan_to_credit,3,98,200,16.459500,
policy_only,1,2,perf-policy_only-r001-20260818T022131Z,loan_to_credit,3,99,200,16.436100,
policy_only,1,2,perf-policy_only-r001-20260818T022131Z,loan_to_credit,3,100,200,16.004200,
policy_only,1,2,perf-policy_only-r001-20260818T022131Z,loan_to_credit,3,101,200,17.798200,
policy_only,1,2,perf-policy_only-r001-20260818T022131Z,loan_to_credit,3,102,200,17.541200,
policy_only,1,2,perf-policy_only-r001-20260818T022131Z,loan_to_credit,3,103,200,15.813300,
policy_only,1,2,perf-policy_only-r001-20260818T022131Z,loan_to_credit,3,104,200,16.823700,
policy_only,1,2,perf-policy_only-r001-20260818T022131Z,loan_to_credit,3,105,200,15.938400,
policy_only,1,2,perf-policy_only-r001-20260818T022131Z,loan_to_credit,3,106,200,15.881100,
policy_only,1,2,perf-policy_only-r001-20260818T022131Z,loan_to_credit,3,107,200,16.299800,
policy_only,1,2,perf-policy_only-r001-20260818T022131Z,loan_to_credit,3,108,200,15.446000,
policy_only,1,2,perf-policy_only-r001-20260818T022131Z,loan_to_credit,3,109,200,17.040900,
policy_only,1,2,perf-policy_only-r001-20260818T022131Z,loan_to_credit,3,110,200,16.316500,
policy_only,1,2,perf-policy_only-r001-20260818T022131Z,loan_to_credit,3,111,200,15.806600,
policy_only,1,2,perf-policy_only-r001-20260818T022131Z,loan_to_credit,3,112,200,15.953200,
policy_only,1,2,perf-policy_only-r001-20260818T022131Z,loan_to_credit,3,113,200,15.971300,
policy_only,1,2,perf-policy_only-r001-20260818T022131Z,loan_to_credit,3,114,200,15.678800,
policy_only,1,2,perf-policy_only-r001-20260818T022131Z,loan_to_credit,3,115,200,16.592100,
policy_only,1,2,perf-policy_only-r001-20260818T022131Z,loan_to_credit,3,116,200,16.751800,
policy_only,1,2,perf-policy_only-r001-20260818T022131Z,loan_to_credit,3,117,200,15.872100,
policy_only,1,2,perf-policy_only-r001-20260818T022131Z,loan_to_credit,3,118,200,16.196000,
policy_only,1,2,perf-policy_only-r001-20260818T022131Z,loan_to_credit,3,119,200,15.959500,
policy_only,1,2,perf-policy_only-r001-20260818T022131Z,loan_to_credit,3,120,200,15.711900,
policy_only,1,2,perf-policy_only-r001-20260818T022131Z,loan_to_credit,3,121,200,16.101200,
policy_only,1,2,perf-policy_only-r001-20260818T022131Z,loan_to_credit,3,122,200,15.841900,
policy_only,1,2,perf-policy_only-r001-20260818T022131Z,loan_to_credit,3,123,200,15.870000,
policy_only,1,2,perf-policy_only-r001-20260818T022131Z,loan_to_credit,3,124,200,14.778900,
policy_only,1,2,perf-policy_only-r001-20260818T022131Z,loan_to_credit,3,125,200,15.402600,
policy_only,1,2,perf-policy_only-r001-20260818T022131Z,loan_to_credit,3,126,200,16.017500,
policy_only,1,2,perf-policy_only-r001-20260818T022131Z,loan_to_credit,3,127,200,15.889400,
policy_only,1,2,perf-policy_only-r001-20260818T022131Z,loan_to_credit,3,128,200,15.782700,
policy_only,1,2,perf-policy_only-r001-20260818T022131Z,loan_to_credit,3,129,200,15.050700,
policy_only,1,2,perf-policy_only-r001-20260818T022131Z,loan_to_credit,3,130,200,16.466100,
policy_only,1,2,perf-policy_only-r001-20260818T022131Z,loan_to_credit,3,131,200,16.717100,
policy_only,1,2,perf-policy_only-r001-20260818T022131Z,loan_to_credit,3,132,200,17.326800,
policy_only,1,2,perf-policy_only-r001-20260818T022131Z,loan_to_credit,3,133,200,16.701100,
policy_only,1,2,perf-policy_only-r001-20260818T022131Z,loan_to_credit,3,134,200,16.699400,
policy_only,1,2,perf-policy_only-r001-20260818T022131Z,loan_to_credit,3,135,200,15.941400,
policy_only,1,2,perf-policy_only-r001-20260818T022131Z,loan_to_credit,3,136,200,15.992500,
policy_only,1,2,perf-policy_only-r001-20260818T022131Z,loan_to_credit,3,137,200,16.348400,
policy_only,1,2,perf-policy_only-r001-20260818T022131Z,loan_to_credit,3,138,200,17.137100,
policy_only,1,2,perf-policy_only-r001-20260818T022131Z,loan_to_credit,3,139,200,15.473700,
policy_only,1,2,perf-policy_only-r001-20260818T022131Z,loan_to_credit,3,140,200,16.867100,
policy_only,1,2,perf-policy_only-r001-20260818T022131Z,loan_to_credit,3,141,200,17.087800,
policy_only,1,2,perf-policy_only-r001-20260818T022131Z,loan_to_credit,3,142,200,16.178900,
policy_only,1,2,perf-policy_only-r001-20260818T022131Z,loan_to_credit,3,143,200,16.948100,
policy_only,1,2,perf-policy_only-r001-20260818T022131Z,loan_to_credit,3,144,200,15.987100,
policy_only,1,2,perf-policy_only-r001-20260818T022131Z,loan_to_credit,3,145,200,17.135500,
policy_only,1,2,perf-policy_only-r001-20260818T022131Z,loan_to_credit,3,146,200,16.947700,
policy_only,1,2,perf-policy_only-r001-20260818T022131Z,loan_to_credit,3,147,200,16.246000,
policy_only,1,2,perf-policy_only-r001-20260818T022131Z,loan_to_credit,3,148,200,16.981000,
policy_only,1,2,perf-policy_only-r001-20260818T022131Z,loan_to_credit,3,149,200,16.508600,
policy_only,1,2,perf-policy_only-r001-20260818T022131Z,loan_to_credit,3,150,200,16.343000,
policy_only,1,2,perf-policy_only-r001-20260818T022131Z,loan_to_credit,3,151,200,16.622400,
policy_only,1,2,perf-policy_only-r001-20260818T022131Z,loan_to_credit,3,152,200,16.069500,
policy_only,1,2,perf-policy_only-r001-20260818T022131Z,loan_to_credit,3,153,200,15.743400,
policy_only,1,2,perf-policy_only-r001-20260818T022131Z,loan_to_credit,3,154,200,16.423700,
policy_only,1,2,perf-policy_only-r001-20260818T022131Z,loan_to_credit,3,155,200,16.889400,
policy_only,1,2,perf-policy_only-r001-20260818T022131Z,loan_to_credit,3,156,200,16.710500,
policy_only,1,2,perf-policy_only-r001-20260818T022131Z,loan_to_credit,3,157,200,16.074600,
policy_only,1,2,perf-policy_only-r001-20260818T022131Z,loan_to_credit,3,158,200,16.896900,
policy_only,1,2,perf-policy_only-r001-20260818T022131Z,loan_to_credit,3,159,200,15.818200,
policy_only,1,2,perf-policy_only-r001-20260818T022131Z,loan_to_credit,3,160,200,15.953300,
policy_only,1,2,perf-policy_only-r001-20260818T022131Z,loan_to_credit,3,161,200,16.161800,
policy_only,1,2,perf-policy_only-r001-20260818T022131Z,loan_to_credit,3,162,200,15.762000,
policy_only,1,2,perf-policy_only-r001-20260818T022131Z,loan_to_credit,3,163,200,16.325000,
policy_only,1,2,perf-policy_only-r001-20260818T022131Z,loan_to_credit,3,164,200,17.392600,
policy_only,1,2,perf-policy_only-r001-20260818T022131Z,loan_to_credit,3,165,200,16.353100,
policy_only,1,2,perf-policy_only-r001-20260818T022131Z,loan_to_credit,3,166,200,16.182300,
policy_only,1,2,perf-policy_only-r001-20260818T022131Z,loan_to_credit,3,167,200,15.899600,
policy_only,1,2,perf-policy_only-r001-20260818T022131Z,loan_to_credit,3,168,200,17.107400,
policy_only,1,2,perf-policy_only-r001-20260818T022131Z,loan_to_credit,3,169,200,16.004300,
policy_only,1,2,perf-policy_only-r001-20260818T022131Z,loan_to_credit,3,170,200,15.853000,
policy_only,1,2,perf-policy_only-r001-20260818T022131Z,loan_to_credit,3,171,200,16.513800,
policy_only,1,2,perf-policy_only-r001-20260818T022131Z,loan_to_credit,3,172,200,15.607100,
policy_only,1,2,perf-policy_only-r001-20260818T022131Z,loan_to_credit,3,173,200,15.823700,
policy_only,1,2,perf-policy_only-r001-20260818T022131Z,loan_to_credit,3,174,200,16.312400,
policy_only,1,2,perf-policy_only-r001-20260818T022131Z,loan_to_credit,3,175,200,17.286500,
policy_only,1,2,perf-policy_only-r001-20260818T022131Z,loan_to_credit,3,176,200,16.382000,
policy_only,1,2,perf-policy_only-r001-20260818T022131Z,loan_to_credit,3,177,200,15.934900,
policy_only,1,2,perf-policy_only-r001-20260818T022131Z,loan_to_credit,3,178,200,15.888000,
policy_only,1,2,perf-policy_only-r001-20260818T022131Z,loan_to_credit,3,179,200,16.203300,
policy_only,1,2,perf-policy_only-r001-20260818T022131Z,loan_to_credit,3,180,200,15.795400,
policy_only,1,2,perf-policy_only-r001-20260818T022131Z,loan_to_credit,3,181,200,15.928500,
policy_only,1,2,perf-policy_only-r001-20260818T022131Z,loan_to_credit,3,182,200,15.797300,
policy_only,1,2,perf-policy_only-r001-20260818T022131Z,loan_to_credit,3,183,200,16.077600,
policy_only,1,2,perf-policy_only-r001-20260818T022131Z,loan_to_credit,3,184,200,16.180900,
policy_only,1,2,perf-policy_only-r001-20260818T022131Z,loan_to_credit,3,185,200,15.585700,
policy_only,1,2,perf-policy_only-r001-20260818T022131Z,loan_to_credit,3,186,200,15.246200,
policy_only,1,2,perf-policy_only-r001-20260818T022131Z,loan_to_credit,3,187,200,20.843500,
policy_only,1,2,perf-policy_only-r001-20260818T022131Z,loan_to_credit,3,188,200,18.254900,
policy_only,1,2,perf-policy_only-r001-20260818T022131Z,loan_to_credit,3,189,200,17.121100,
policy_only,1,2,perf-policy_only-r001-20260818T022131Z,loan_to_credit,3,190,200,18.394600,
policy_only,1,2,perf-policy_only-r001-20260818T022131Z,loan_to_credit,3,191,200,17.014700,
policy_only,1,2,perf-policy_only-r001-20260818T022131Z,loan_to_credit,3,192,200,17.160300,
policy_only,1,2,perf-policy_only-r001-20260818T022131Z,loan_to_credit,3,193,200,17.845400,
policy_only,1,2,perf-policy_only-r001-20260818T022131Z,loan_to_credit,3,194,200,16.747800,
policy_only,1,2,perf-policy_only-r001-20260818T022131Z,loan_to_credit,3,195,200,17.686600,
policy_only,1,2,perf-policy_only-r001-20260818T022131Z,loan_to_credit,3,196,200,17.054200,
policy_only,1,2,perf-policy_only-r001-20260818T022131Z,loan_to_credit,3,197,200,17.253500,
policy_only,1,2,perf-policy_only-r001-20260818T022131Z,loan_to_credit,3,198,200,17.584500,
policy_only,1,2,perf-policy_only-r001-20260818T022131Z,loan_to_credit,3,199,200,18.314700,
policy_only,1,2,perf-policy_only-r001-20260818T022131Z,loan_to_credit,3,200,200,16.261500,
policy_only,1,2,perf-policy_only-r001-20260818T022131Z,loan_to_aml,1,1,200,17.015800,
policy_only,1,2,perf-policy_only-r001-20260818T022131Z,loan_to_aml,1,2,200,17.524300,
policy_only,1,2,perf-policy_only-r001-20260818T022131Z,loan_to_aml,1,3,200,18.778800,
policy_only,1,2,perf-policy_only-r001-20260818T022131Z,loan_to_aml,1,4,200,16.431800,
policy_only,1,2,perf-policy_only-r001-20260818T022131Z,loan_to_aml,1,5,200,17.296900,
policy_only,1,2,perf-policy_only-r001-20260818T022131Z,loan_to_aml,1,6,200,16.885300,
policy_only,1,2,perf-policy_only-r001-20260818T022131Z,loan_to_aml,1,7,200,16.848800,
policy_only,1,2,perf-policy_only-r001-20260818T022131Z,loan_to_aml,1,8,200,15.385200,
policy_only,1,2,perf-policy_only-r001-20260818T022131Z,loan_to_aml,1,9,200,16.298600,
policy_only,1,2,perf-policy_only-r001-20260818T022131Z,loan_to_aml,1,10,200,16.242300,
policy_only,1,2,perf-policy_only-r001-20260818T022131Z,loan_to_aml,1,11,200,16.596800,
policy_only,1,2,perf-policy_only-r001-20260818T022131Z,loan_to_aml,1,12,200,16.047000,
policy_only,1,2,perf-policy_only-r001-20260818T022131Z,loan_to_aml,1,13,200,16.077100,
policy_only,1,2,perf-policy_only-r001-20260818T022131Z,loan_to_aml,1,14,200,16.921200,
policy_only,1,2,perf-policy_only-r001-20260818T022131Z,loan_to_aml,1,15,200,15.921800,
policy_only,1,2,perf-policy_only-r001-20260818T022131Z,loan_to_aml,1,16,200,16.563400,
policy_only,1,2,perf-policy_only-r001-20260818T022131Z,loan_to_aml,1,17,200,16.185600,
policy_only,1,2,perf-policy_only-r001-20260818T022131Z,loan_to_aml,1,18,200,15.812400,
policy_only,1,2,perf-policy_only-r001-20260818T022131Z,loan_to_aml,1,19,200,16.392000,
policy_only,1,2,perf-policy_only-r001-20260818T022131Z,loan_to_aml,1,20,200,15.620600,
policy_only,1,2,perf-policy_only-r001-20260818T022131Z,loan_to_aml,1,21,200,16.382600,
policy_only,1,2,perf-policy_only-r001-20260818T022131Z,loan_to_aml,1,22,200,17.019600,
policy_only,1,2,perf-policy_only-r001-20260818T022131Z,loan_to_aml,1,23,200,17.170500,
policy_only,1,2,perf-policy_only-r001-20260818T022131Z,loan_to_aml,1,24,200,16.642800,
policy_only,1,2,perf-policy_only-r001-20260818T022131Z,loan_to_aml,1,25,200,15.656500,
policy_only,1,2,perf-policy_only-r001-20260818T022131Z,loan_to_aml,1,26,200,16.159300,
policy_only,1,2,perf-policy_only-r001-20260818T022131Z,loan_to_aml,1,27,200,16.027500,
policy_only,1,2,perf-policy_only-r001-20260818T022131Z,loan_to_aml,1,28,200,16.117100,
policy_only,1,2,perf-policy_only-r001-20260818T022131Z,loan_to_aml,1,29,200,16.692300,
policy_only,1,2,perf-policy_only-r001-20260818T022131Z,loan_to_aml,1,30,200,16.210200,
policy_only,1,2,perf-policy_only-r001-20260818T022131Z,loan_to_aml,1,31,200,16.094700,
policy_only,1,2,perf-policy_only-r001-20260818T022131Z,loan_to_aml,1,32,200,16.020400,
policy_only,1,2,perf-policy_only-r001-20260818T022131Z,loan_to_aml,1,33,200,15.693100,
policy_only,1,2,perf-policy_only-r001-20260818T022131Z,loan_to_aml,1,34,200,16.031200,
policy_only,1,2,perf-policy_only-r001-20260818T022131Z,loan_to_aml,1,35,200,15.599300,
policy_only,1,2,perf-policy_only-r001-20260818T022131Z,loan_to_aml,1,36,200,15.198900,
policy_only,1,2,perf-policy_only-r001-20260818T022131Z,loan_to_aml,1,37,200,16.125900,
policy_only,1,2,perf-policy_only-r001-20260818T022131Z,loan_to_aml,1,38,200,16.321700,
policy_only,1,2,perf-policy_only-r001-20260818T022131Z,loan_to_aml,1,39,200,16.745400,
policy_only,1,2,perf-policy_only-r001-20260818T022131Z,loan_to_aml,1,40,200,15.652800,
policy_only,1,2,perf-policy_only-r001-20260818T022131Z,loan_to_aml,1,41,200,19.993300,
policy_only,1,2,perf-policy_only-r001-20260818T022131Z,loan_to_aml,1,42,200,19.223800,
policy_only,1,2,perf-policy_only-r001-20260818T022131Z,loan_to_aml,1,43,200,15.962800,
policy_only,1,2,perf-policy_only-r001-20260818T022131Z,loan_to_aml,1,44,200,16.903700,
policy_only,1,2,perf-policy_only-r001-20260818T022131Z,loan_to_aml,1,45,200,16.074100,
policy_only,1,2,perf-policy_only-r001-20260818T022131Z,loan_to_aml,1,46,200,15.547100,
policy_only,1,2,perf-policy_only-r001-20260818T022131Z,loan_to_aml,1,47,200,16.467900,
policy_only,1,2,perf-policy_only-r001-20260818T022131Z,loan_to_aml,1,48,200,16.707600,
policy_only,1,2,perf-policy_only-r001-20260818T022131Z,loan_to_aml,1,49,200,16.036100,
policy_only,1,2,perf-policy_only-r001-20260818T022131Z,loan_to_aml,1,50,200,15.951800,
policy_only,1,2,perf-policy_only-r001-20260818T022131Z,loan_to_aml,1,51,200,16.687400,
policy_only,1,2,perf-policy_only-r001-20260818T022131Z,loan_to_aml,1,52,200,17.454700,
policy_only,1,2,perf-policy_only-r001-20260818T022131Z,loan_to_aml,1,53,200,16.537300,
policy_only,1,2,perf-policy_only-r001-20260818T022131Z,loan_to_aml,1,54,200,16.918800,
policy_only,1,2,perf-policy_only-r001-20260818T022131Z,loan_to_aml,1,55,200,19.243300,
policy_only,1,2,perf-policy_only-r001-20260818T022131Z,loan_to_aml,1,56,200,15.926600,
policy_only,1,2,perf-policy_only-r001-20260818T022131Z,loan_to_aml,1,57,200,15.663700,
policy_only,1,2,perf-policy_only-r001-20260818T022131Z,loan_to_aml,1,58,200,18.746000,
policy_only,1,2,perf-policy_only-r001-20260818T022131Z,loan_to_aml,1,59,200,16.514200,
policy_only,1,2,perf-policy_only-r001-20260818T022131Z,loan_to_aml,1,60,200,16.036400,
policy_only,1,2,perf-policy_only-r001-20260818T022131Z,loan_to_aml,1,61,200,15.871900,
policy_only,1,2,perf-policy_only-r001-20260818T022131Z,loan_to_aml,1,62,200,15.884000,
policy_only,1,2,perf-policy_only-r001-20260818T022131Z,loan_to_aml,1,63,200,16.156400,
policy_only,1,2,perf-policy_only-r001-20260818T022131Z,loan_to_aml,1,64,200,16.324200,
policy_only,1,2,perf-policy_only-r001-20260818T022131Z,loan_to_aml,1,65,200,15.133000,
policy_only,1,2,perf-policy_only-r001-20260818T022131Z,loan_to_aml,1,66,200,15.327200,
policy_only,1,2,perf-policy_only-r001-20260818T022131Z,loan_to_aml,1,67,200,16.535300,
policy_only,1,2,perf-policy_only-r001-20260818T022131Z,loan_to_aml,1,68,200,16.896100,
policy_only,1,2,perf-policy_only-r001-20260818T022131Z,loan_to_aml,1,69,200,15.858100,
policy_only,1,2,perf-policy_only-r001-20260818T022131Z,loan_to_aml,1,70,200,15.662200,
policy_only,1,2,perf-policy_only-r001-20260818T022131Z,loan_to_aml,1,71,200,16.300500,
policy_only,1,2,perf-policy_only-r001-20260818T022131Z,loan_to_aml,1,72,200,17.231000,
policy_only,1,2,perf-policy_only-r001-20260818T022131Z,loan_to_aml,1,73,200,15.572300,
policy_only,1,2,perf-policy_only-r001-20260818T022131Z,loan_to_aml,1,74,200,15.765900,
policy_only,1,2,perf-policy_only-r001-20260818T022131Z,loan_to_aml,1,75,200,16.188400,
policy_only,1,2,perf-policy_only-r001-20260818T022131Z,loan_to_aml,1,76,200,16.587500,
policy_only,1,2,perf-policy_only-r001-20260818T022131Z,loan_to_aml,1,77,200,17.168900,
policy_only,1,2,perf-policy_only-r001-20260818T022131Z,loan_to_aml,1,78,200,16.552500,
policy_only,1,2,perf-policy_only-r001-20260818T022131Z,loan_to_aml,1,79,200,16.853900,
policy_only,1,2,perf-policy_only-r001-20260818T022131Z,loan_to_aml,1,80,200,16.706100,
policy_only,1,2,perf-policy_only-r001-20260818T022131Z,loan_to_aml,1,81,200,15.866300,
policy_only,1,2,perf-policy_only-r001-20260818T022131Z,loan_to_aml,1,82,200,16.284800,
policy_only,1,2,perf-policy_only-r001-20260818T022131Z,loan_to_aml,1,83,200,15.626200,
policy_only,1,2,perf-policy_only-r001-20260818T022131Z,loan_to_aml,1,84,200,16.053800,
policy_only,1,2,perf-policy_only-r001-20260818T022131Z,loan_to_aml,1,85,200,15.814000,
policy_only,1,2,perf-policy_only-r001-20260818T022131Z,loan_to_aml,1,86,200,16.251600,
policy_only,1,2,perf-policy_only-r001-20260818T022131Z,loan_to_aml,1,87,200,16.160800,
policy_only,1,2,perf-policy_only-r001-20260818T022131Z,loan_to_aml,1,88,200,15.724500,
policy_only,1,2,perf-policy_only-r001-20260818T022131Z,loan_to_aml,1,89,200,16.441900,
policy_only,1,2,perf-policy_only-r001-20260818T022131Z,loan_to_aml,1,90,200,17.507200,
policy_only,1,2,perf-policy_only-r001-20260818T022131Z,loan_to_aml,1,91,200,16.067900,
policy_only,1,2,perf-policy_only-r001-20260818T022131Z,loan_to_aml,1,92,200,15.969600,
policy_only,1,2,perf-policy_only-r001-20260818T022131Z,loan_to_aml,1,93,200,15.898200,
policy_only,1,2,perf-policy_only-r001-20260818T022131Z,loan_to_aml,1,94,200,16.037500,
policy_only,1,2,perf-policy_only-r001-20260818T022131Z,loan_to_aml,1,95,200,15.796400,
policy_only,1,2,perf-policy_only-r001-20260818T022131Z,loan_to_aml,1,96,200,15.073500,
policy_only,1,2,perf-policy_only-r001-20260818T022131Z,loan_to_aml,1,97,200,15.999100,
policy_only,1,2,perf-policy_only-r001-20260818T022131Z,loan_to_aml,1,98,200,14.648500,
policy_only,1,2,perf-policy_only-r001-20260818T022131Z,loan_to_aml,1,99,200,15.056900,
policy_only,1,2,perf-policy_only-r001-20260818T022131Z,loan_to_aml,1,100,200,15.460600,
policy_only,1,2,perf-policy_only-r001-20260818T022131Z,loan_to_aml,1,101,200,15.970500,
policy_only,1,2,perf-policy_only-r001-20260818T022131Z,loan_to_aml,1,102,200,16.024800,
policy_only,1,2,perf-policy_only-r001-20260818T022131Z,loan_to_aml,1,103,200,16.961900,
policy_only,1,2,perf-policy_only-r001-20260818T022131Z,loan_to_aml,1,104,200,16.921100,
policy_only,1,2,perf-policy_only-r001-20260818T022131Z,loan_to_aml,1,105,200,16.089400,
policy_only,1,2,perf-policy_only-r001-20260818T022131Z,loan_to_aml,1,106,200,15.665700,
policy_only,1,2,perf-policy_only-r001-20260818T022131Z,loan_to_aml,1,107,200,16.132300,
policy_only,1,2,perf-policy_only-r001-20260818T022131Z,loan_to_aml,1,108,200,15.556000,
policy_only,1,2,perf-policy_only-r001-20260818T022131Z,loan_to_aml,1,109,200,15.931500,
policy_only,1,2,perf-policy_only-r001-20260818T022131Z,loan_to_aml,1,110,200,16.225500,
policy_only,1,2,perf-policy_only-r001-20260818T022131Z,loan_to_aml,1,111,200,15.683700,
policy_only,1,2,perf-policy_only-r001-20260818T022131Z,loan_to_aml,1,112,200,16.123200,
policy_only,1,2,perf-policy_only-r001-20260818T022131Z,loan_to_aml,1,113,200,16.632800,
policy_only,1,2,perf-policy_only-r001-20260818T022131Z,loan_to_aml,1,114,200,16.872800,
policy_only,1,2,perf-policy_only-r001-20260818T022131Z,loan_to_aml,1,115,200,15.545800,
policy_only,1,2,perf-policy_only-r001-20260818T022131Z,loan_to_aml,1,116,200,14.804700,
policy_only,1,2,perf-policy_only-r001-20260818T022131Z,loan_to_aml,1,117,200,15.588600,
policy_only,1,2,perf-policy_only-r001-20260818T022131Z,loan_to_aml,1,118,200,16.931000,
policy_only,1,2,perf-policy_only-r001-20260818T022131Z,loan_to_aml,1,119,200,15.605200,
policy_only,1,2,perf-policy_only-r001-20260818T022131Z,loan_to_aml,1,120,200,15.893600,
policy_only,1,2,perf-policy_only-r001-20260818T022131Z,loan_to_aml,1,121,200,16.169000,
policy_only,1,2,perf-policy_only-r001-20260818T022131Z,loan_to_aml,1,122,200,15.867000,
policy_only,1,2,perf-policy_only-r001-20260818T022131Z,loan_to_aml,1,123,200,16.007700,
policy_only,1,2,perf-policy_only-r001-20260818T022131Z,loan_to_aml,1,124,200,16.248100,
policy_only,1,2,perf-policy_only-r001-20260818T022131Z,loan_to_aml,1,125,200,16.081100,
policy_only,1,2,perf-policy_only-r001-20260818T022131Z,loan_to_aml,1,126,200,16.914500,
policy_only,1,2,perf-policy_only-r001-20260818T022131Z,loan_to_aml,1,127,200,15.770200,
policy_only,1,2,perf-policy_only-r001-20260818T022131Z,loan_to_aml,1,128,200,16.282100,
policy_only,1,2,perf-policy_only-r001-20260818T022131Z,loan_to_aml,1,129,200,15.788400,
policy_only,1,2,perf-policy_only-r001-20260818T022131Z,loan_to_aml,1,130,200,15.875300,
policy_only,1,2,perf-policy_only-r001-20260818T022131Z,loan_to_aml,1,131,200,15.775700,
policy_only,1,2,perf-policy_only-r001-20260818T022131Z,loan_to_aml,1,132,200,16.320600,
policy_only,1,2,perf-policy_only-r001-20260818T022131Z,loan_to_aml,1,133,200,17.125600,
policy_only,1,2,perf-policy_only-r001-20260818T022131Z,loan_to_aml,1,134,200,17.348200,
policy_only,1,2,perf-policy_only-r001-20260818T022131Z,loan_to_aml,1,135,200,15.659900,
policy_only,1,2,perf-policy_only-r001-20260818T022131Z,loan_to_aml,1,136,200,16.960400,
policy_only,1,2,perf-policy_only-r001-20260818T022131Z,loan_to_aml,1,137,200,15.568200,
policy_only,1,2,perf-policy_only-r001-20260818T022131Z,loan_to_aml,1,138,200,16.293100,
policy_only,1,2,perf-policy_only-r001-20260818T022131Z,loan_to_aml,1,139,200,15.588500,
policy_only,1,2,perf-policy_only-r001-20260818T022131Z,loan_to_aml,1,140,200,15.927700,
policy_only,1,2,perf-policy_only-r001-20260818T022131Z,loan_to_aml,1,141,200,16.167200,
policy_only,1,2,perf-policy_only-r001-20260818T022131Z,loan_to_aml,1,142,200,16.325200,
policy_only,1,2,perf-policy_only-r001-20260818T022131Z,loan_to_aml,1,143,200,16.985800,
policy_only,1,2,perf-policy_only-r001-20260818T022131Z,loan_to_aml,1,144,200,17.005600,
policy_only,1,2,perf-policy_only-r001-20260818T022131Z,loan_to_aml,1,145,200,15.900200,
policy_only,1,2,perf-policy_only-r001-20260818T022131Z,loan_to_aml,1,146,200,16.622200,
policy_only,1,2,perf-policy_only-r001-20260818T022131Z,loan_to_aml,1,147,200,16.155800,
policy_only,1,2,perf-policy_only-r001-20260818T022131Z,loan_to_aml,1,148,200,15.740700,
policy_only,1,2,perf-policy_only-r001-20260818T022131Z,loan_to_aml,1,149,200,15.967600,
policy_only,1,2,perf-policy_only-r001-20260818T022131Z,loan_to_aml,1,150,200,17.049000,
policy_only,1,2,perf-policy_only-r001-20260818T022131Z,loan_to_aml,1,151,200,16.025300,
policy_only,1,2,perf-policy_only-r001-20260818T022131Z,loan_to_aml,1,152,200,16.586900,
policy_only,1,2,perf-policy_only-r001-20260818T022131Z,loan_to_aml,1,153,200,16.403200,
policy_only,1,2,perf-policy_only-r001-20260818T022131Z,loan_to_aml,1,154,200,16.219600,
policy_only,1,2,perf-policy_only-r001-20260818T022131Z,loan_to_aml,1,155,200,15.719500,
policy_only,1,2,perf-policy_only-r001-20260818T022131Z,loan_to_aml,1,156,200,15.778700,
policy_only,1,2,perf-policy_only-r001-20260818T022131Z,loan_to_aml,1,157,200,15.040800,
policy_only,1,2,perf-policy_only-r001-20260818T022131Z,loan_to_aml,1,158,200,15.952400,
policy_only,1,2,perf-policy_only-r001-20260818T022131Z,loan_to_aml,1,159,200,16.091000,
policy_only,1,2,perf-policy_only-r001-20260818T022131Z,loan_to_aml,1,160,200,16.032300,
policy_only,1,2,perf-policy_only-r001-20260818T022131Z,loan_to_aml,1,161,200,15.951400,
policy_only,1,2,perf-policy_only-r001-20260818T022131Z,loan_to_aml,1,162,200,16.184300,
policy_only,1,2,perf-policy_only-r001-20260818T022131Z,loan_to_aml,1,163,200,15.922000,
policy_only,1,2,perf-policy_only-r001-20260818T022131Z,loan_to_aml,1,164,200,15.910300,
policy_only,1,2,perf-policy_only-r001-20260818T022131Z,loan_to_aml,1,165,200,16.156900,
policy_only,1,2,perf-policy_only-r001-20260818T022131Z,loan_to_aml,1,166,200,15.435500,
policy_only,1,2,perf-policy_only-r001-20260818T022131Z,loan_to_aml,1,167,200,16.426200,
policy_only,1,2,perf-policy_only-r001-20260818T022131Z,loan_to_aml,1,168,200,15.472900,
policy_only,1,2,perf-policy_only-r001-20260818T022131Z,loan_to_aml,1,169,200,15.070700,
policy_only,1,2,perf-policy_only-r001-20260818T022131Z,loan_to_aml,1,170,200,16.284600,
policy_only,1,2,perf-policy_only-r001-20260818T022131Z,loan_to_aml,1,171,200,15.525200,
policy_only,1,2,perf-policy_only-r001-20260818T022131Z,loan_to_aml,1,172,200,15.467200,
policy_only,1,2,perf-policy_only-r001-20260818T022131Z,loan_to_aml,1,173,200,15.811200,
policy_only,1,2,perf-policy_only-r001-20260818T022131Z,loan_to_aml,1,174,200,16.034200,
policy_only,1,2,perf-policy_only-r001-20260818T022131Z,loan_to_aml,1,175,200,15.738700,
policy_only,1,2,perf-policy_only-r001-20260818T022131Z,loan_to_aml,1,176,200,16.435800,
policy_only,1,2,perf-policy_only-r001-20260818T022131Z,loan_to_aml,1,177,200,15.976500,
policy_only,1,2,perf-policy_only-r001-20260818T022131Z,loan_to_aml,1,178,200,17.127100,
policy_only,1,2,perf-policy_only-r001-20260818T022131Z,loan_to_aml,1,179,200,16.703300,
policy_only,1,2,perf-policy_only-r001-20260818T022131Z,loan_to_aml,1,180,200,17.166900,
policy_only,1,2,perf-policy_only-r001-20260818T022131Z,loan_to_aml,1,181,200,16.857800,
policy_only,1,2,perf-policy_only-r001-20260818T022131Z,loan_to_aml,1,182,200,16.692200,
policy_only,1,2,perf-policy_only-r001-20260818T022131Z,loan_to_aml,1,183,200,16.254300,
policy_only,1,2,perf-policy_only-r001-20260818T022131Z,loan_to_aml,1,184,200,19.968100,
policy_only,1,2,perf-policy_only-r001-20260818T022131Z,loan_to_aml,1,185,200,15.866800,
policy_only,1,2,perf-policy_only-r001-20260818T022131Z,loan_to_aml,1,186,200,15.741300,
policy_only,1,2,perf-policy_only-r001-20260818T022131Z,loan_to_aml,1,187,200,16.201800,
policy_only,1,2,perf-policy_only-r001-20260818T022131Z,loan_to_aml,1,188,200,15.871700,
policy_only,1,2,perf-policy_only-r001-20260818T022131Z,loan_to_aml,1,189,200,16.191400,
policy_only,1,2,perf-policy_only-r001-20260818T022131Z,loan_to_aml,1,190,200,15.839100,
policy_only,1,2,perf-policy_only-r001-20260818T022131Z,loan_to_aml,1,191,200,16.044100,
policy_only,1,2,perf-policy_only-r001-20260818T022131Z,loan_to_aml,1,192,200,16.319300,
policy_only,1,2,perf-policy_only-r001-20260818T022131Z,loan_to_aml,1,193,200,16.684400,
policy_only,1,2,perf-policy_only-r001-20260818T022131Z,loan_to_aml,1,194,200,15.743600,
policy_only,1,2,perf-policy_only-r001-20260818T022131Z,loan_to_aml,1,195,200,16.210700,
policy_only,1,2,perf-policy_only-r001-20260818T022131Z,loan_to_aml,1,196,200,16.085100,
policy_only,1,2,perf-policy_only-r001-20260818T022131Z,loan_to_aml,1,197,200,15.481900,
policy_only,1,2,perf-policy_only-r001-20260818T022131Z,loan_to_aml,1,198,200,16.219400,
policy_only,1,2,perf-policy_only-r001-20260818T022131Z,loan_to_aml,1,199,200,15.877500,
policy_only,1,2,perf-policy_only-r001-20260818T022131Z,loan_to_aml,1,200,200,16.029400,
policy_only,1,2,perf-policy_only-r001-20260818T022131Z,loan_to_aml,2,1,200,15.982600,
policy_only,1,2,perf-policy_only-r001-20260818T022131Z,loan_to_aml,2,2,200,15.749400,
policy_only,1,2,perf-policy_only-r001-20260818T022131Z,loan_to_aml,2,3,200,16.192400,
policy_only,1,2,perf-policy_only-r001-20260818T022131Z,loan_to_aml,2,4,200,16.155300,
policy_only,1,2,perf-policy_only-r001-20260818T022131Z,loan_to_aml,2,5,200,15.574900,
policy_only,1,2,perf-policy_only-r001-20260818T022131Z,loan_to_aml,2,6,200,16.300700,
policy_only,1,2,perf-policy_only-r001-20260818T022131Z,loan_to_aml,2,7,200,15.337000,
policy_only,1,2,perf-policy_only-r001-20260818T022131Z,loan_to_aml,2,8,200,16.646800,
policy_only,1,2,perf-policy_only-r001-20260818T022131Z,loan_to_aml,2,9,200,16.839100,
policy_only,1,2,perf-policy_only-r001-20260818T022131Z,loan_to_aml,2,10,200,16.623200,
policy_only,1,2,perf-policy_only-r001-20260818T022131Z,loan_to_aml,2,11,200,15.703300,
policy_only,1,2,perf-policy_only-r001-20260818T022131Z,loan_to_aml,2,12,200,16.195300,
policy_only,1,2,perf-policy_only-r001-20260818T022131Z,loan_to_aml,2,13,200,16.550800,
policy_only,1,2,perf-policy_only-r001-20260818T022131Z,loan_to_aml,2,14,200,16.985800,
policy_only,1,2,perf-policy_only-r001-20260818T022131Z,loan_to_aml,2,15,200,16.991700,
policy_only,1,2,perf-policy_only-r001-20260818T022131Z,loan_to_aml,2,16,200,15.483300,
policy_only,1,2,perf-policy_only-r001-20260818T022131Z,loan_to_aml,2,17,200,16.026400,
policy_only,1,2,perf-policy_only-r001-20260818T022131Z,loan_to_aml,2,18,200,16.134200,
policy_only,1,2,perf-policy_only-r001-20260818T022131Z,loan_to_aml,2,19,200,16.022500,
policy_only,1,2,perf-policy_only-r001-20260818T022131Z,loan_to_aml,2,20,200,16.572400,
policy_only,1,2,perf-policy_only-r001-20260818T022131Z,loan_to_aml,2,21,200,16.517100,
policy_only,1,2,perf-policy_only-r001-20260818T022131Z,loan_to_aml,2,22,200,17.322700,
policy_only,1,2,perf-policy_only-r001-20260818T022131Z,loan_to_aml,2,23,200,15.426600,
policy_only,1,2,perf-policy_only-r001-20260818T022131Z,loan_to_aml,2,24,200,16.447500,
policy_only,1,2,perf-policy_only-r001-20260818T022131Z,loan_to_aml,2,25,200,15.495800,
policy_only,1,2,perf-policy_only-r001-20260818T022131Z,loan_to_aml,2,26,200,16.195000,
policy_only,1,2,perf-policy_only-r001-20260818T022131Z,loan_to_aml,2,27,200,15.768000,
policy_only,1,2,perf-policy_only-r001-20260818T022131Z,loan_to_aml,2,28,200,17.181800,
policy_only,1,2,perf-policy_only-r001-20260818T022131Z,loan_to_aml,2,29,200,15.920500,
policy_only,1,2,perf-policy_only-r001-20260818T022131Z,loan_to_aml,2,30,200,15.887500,
policy_only,1,2,perf-policy_only-r001-20260818T022131Z,loan_to_aml,2,31,200,17.653800,
policy_only,1,2,perf-policy_only-r001-20260818T022131Z,loan_to_aml,2,32,200,19.941500,
policy_only,1,2,perf-policy_only-r001-20260818T022131Z,loan_to_aml,2,33,200,17.441800,
policy_only,1,2,perf-policy_only-r001-20260818T022131Z,loan_to_aml,2,34,200,17.351100,
policy_only,1,2,perf-policy_only-r001-20260818T022131Z,loan_to_aml,2,35,200,17.970800,
policy_only,1,2,perf-policy_only-r001-20260818T022131Z,loan_to_aml,2,36,200,17.018500,
policy_only,1,2,perf-policy_only-r001-20260818T022131Z,loan_to_aml,2,37,200,18.102200,
policy_only,1,2,perf-policy_only-r001-20260818T022131Z,loan_to_aml,2,38,200,16.546800,
policy_only,1,2,perf-policy_only-r001-20260818T022131Z,loan_to_aml,2,39,200,17.184000,
policy_only,1,2,perf-policy_only-r001-20260818T022131Z,loan_to_aml,2,40,200,16.948900,
policy_only,1,2,perf-policy_only-r001-20260818T022131Z,loan_to_aml,2,41,200,16.869500,
policy_only,1,2,perf-policy_only-r001-20260818T022131Z,loan_to_aml,2,42,200,17.031900,
policy_only,1,2,perf-policy_only-r001-20260818T022131Z,loan_to_aml,2,43,200,18.241300,
policy_only,1,2,perf-policy_only-r001-20260818T022131Z,loan_to_aml,2,44,200,15.473300,
policy_only,1,2,perf-policy_only-r001-20260818T022131Z,loan_to_aml,2,45,200,17.978300,
policy_only,1,2,perf-policy_only-r001-20260818T022131Z,loan_to_aml,2,46,200,17.451600,
policy_only,1,2,perf-policy_only-r001-20260818T022131Z,loan_to_aml,2,47,200,17.571800,
policy_only,1,2,perf-policy_only-r001-20260818T022131Z,loan_to_aml,2,48,200,16.781600,
policy_only,1,2,perf-policy_only-r001-20260818T022131Z,loan_to_aml,2,49,200,16.541400,
policy_only,1,2,perf-policy_only-r001-20260818T022131Z,loan_to_aml,2,50,200,19.267000,
policy_only,1,2,perf-policy_only-r001-20260818T022131Z,loan_to_aml,2,51,200,18.111300,
policy_only,1,2,perf-policy_only-r001-20260818T022131Z,loan_to_aml,2,52,200,17.617700,
policy_only,1,2,perf-policy_only-r001-20260818T022131Z,loan_to_aml,2,53,200,18.510400,
policy_only,1,2,perf-policy_only-r001-20260818T022131Z,loan_to_aml,2,54,200,17.530600,
policy_only,1,2,perf-policy_only-r001-20260818T022131Z,loan_to_aml,2,55,200,18.287800,
policy_only,1,2,perf-policy_only-r001-20260818T022131Z,loan_to_aml,2,56,200,18.887800,
policy_only,1,2,perf-policy_only-r001-20260818T022131Z,loan_to_aml,2,57,200,19.326900,
policy_only,1,2,perf-policy_only-r001-20260818T022131Z,loan_to_aml,2,58,200,17.249700,
policy_only,1,2,perf-policy_only-r001-20260818T022131Z,loan_to_aml,2,59,200,16.551600,
policy_only,1,2,perf-policy_only-r001-20260818T022131Z,loan_to_aml,2,60,200,17.148200,
policy_only,1,2,perf-policy_only-r001-20260818T022131Z,loan_to_aml,2,61,200,15.694100,
policy_only,1,2,perf-policy_only-r001-20260818T022131Z,loan_to_aml,2,62,200,16.068700,
policy_only,1,2,perf-policy_only-r001-20260818T022131Z,loan_to_aml,2,63,200,16.184500,
policy_only,1,2,perf-policy_only-r001-20260818T022131Z,loan_to_aml,2,64,200,17.369700,
policy_only,1,2,perf-policy_only-r001-20260818T022131Z,loan_to_aml,2,65,200,16.441700,
policy_only,1,2,perf-policy_only-r001-20260818T022131Z,loan_to_aml,2,66,200,15.700600,
policy_only,1,2,perf-policy_only-r001-20260818T022131Z,loan_to_aml,2,67,200,16.485600,
policy_only,1,2,perf-policy_only-r001-20260818T022131Z,loan_to_aml,2,68,200,15.497300,
policy_only,1,2,perf-policy_only-r001-20260818T022131Z,loan_to_aml,2,69,200,16.046400,
policy_only,1,2,perf-policy_only-r001-20260818T022131Z,loan_to_aml,2,70,200,15.833200,
policy_only,1,2,perf-policy_only-r001-20260818T022131Z,loan_to_aml,2,71,200,16.067400,
policy_only,1,2,perf-policy_only-r001-20260818T022131Z,loan_to_aml,2,72,200,16.031400,
policy_only,1,2,perf-policy_only-r001-20260818T022131Z,loan_to_aml,2,73,200,17.303600,
policy_only,1,2,perf-policy_only-r001-20260818T022131Z,loan_to_aml,2,74,200,18.573700,
policy_only,1,2,perf-policy_only-r001-20260818T022131Z,loan_to_aml,2,75,200,18.622200,
policy_only,1,2,perf-policy_only-r001-20260818T022131Z,loan_to_aml,2,76,200,17.073800,
policy_only,1,2,perf-policy_only-r001-20260818T022131Z,loan_to_aml,2,77,200,16.349200,
policy_only,1,2,perf-policy_only-r001-20260818T022131Z,loan_to_aml,2,78,200,16.678300,
policy_only,1,2,perf-policy_only-r001-20260818T022131Z,loan_to_aml,2,79,200,16.881200,
policy_only,1,2,perf-policy_only-r001-20260818T022131Z,loan_to_aml,2,80,200,16.800100,
policy_only,1,2,perf-policy_only-r001-20260818T022131Z,loan_to_aml,2,81,200,16.692200,
policy_only,1,2,perf-policy_only-r001-20260818T022131Z,loan_to_aml,2,82,200,17.374800,
policy_only,1,2,perf-policy_only-r001-20260818T022131Z,loan_to_aml,2,83,200,17.193700,
policy_only,1,2,perf-policy_only-r001-20260818T022131Z,loan_to_aml,2,84,200,17.055500,
policy_only,1,2,perf-policy_only-r001-20260818T022131Z,loan_to_aml,2,85,200,16.456600,
policy_only,1,2,perf-policy_only-r001-20260818T022131Z,loan_to_aml,2,86,200,17.060100,
policy_only,1,2,perf-policy_only-r001-20260818T022131Z,loan_to_aml,2,87,200,15.968200,
policy_only,1,2,perf-policy_only-r001-20260818T022131Z,loan_to_aml,2,88,200,15.471200,
policy_only,1,2,perf-policy_only-r001-20260818T022131Z,loan_to_aml,2,89,200,16.467600,
policy_only,1,2,perf-policy_only-r001-20260818T022131Z,loan_to_aml,2,90,200,15.395300,
policy_only,1,2,perf-policy_only-r001-20260818T022131Z,loan_to_aml,2,91,200,16.542600,
policy_only,1,2,perf-policy_only-r001-20260818T022131Z,loan_to_aml,2,92,200,15.849800,
policy_only,1,2,perf-policy_only-r001-20260818T022131Z,loan_to_aml,2,93,200,16.048000,
policy_only,1,2,perf-policy_only-r001-20260818T022131Z,loan_to_aml,2,94,200,16.103700,
policy_only,1,2,perf-policy_only-r001-20260818T022131Z,loan_to_aml,2,95,200,15.520000,
policy_only,1,2,perf-policy_only-r001-20260818T022131Z,loan_to_aml,2,96,200,15.995500,
policy_only,1,2,perf-policy_only-r001-20260818T022131Z,loan_to_aml,2,97,200,15.846500,
policy_only,1,2,perf-policy_only-r001-20260818T022131Z,loan_to_aml,2,98,200,16.050700,
policy_only,1,2,perf-policy_only-r001-20260818T022131Z,loan_to_aml,2,99,200,16.098900,
policy_only,1,2,perf-policy_only-r001-20260818T022131Z,loan_to_aml,2,100,200,16.251000,
policy_only,1,2,perf-policy_only-r001-20260818T022131Z,loan_to_aml,2,101,200,15.585100,
policy_only,1,2,perf-policy_only-r001-20260818T022131Z,loan_to_aml,2,102,200,16.072700,
policy_only,1,2,perf-policy_only-r001-20260818T022131Z,loan_to_aml,2,103,200,16.602400,
policy_only,1,2,perf-policy_only-r001-20260818T022131Z,loan_to_aml,2,104,200,16.377400,
policy_only,1,2,perf-policy_only-r001-20260818T022131Z,loan_to_aml,2,105,200,16.106500,
policy_only,1,2,perf-policy_only-r001-20260818T022131Z,loan_to_aml,2,106,200,19.224800,
policy_only,1,2,perf-policy_only-r001-20260818T022131Z,loan_to_aml,2,107,200,19.403300,
policy_only,1,2,perf-policy_only-r001-20260818T022131Z,loan_to_aml,2,108,200,16.808600,
policy_only,1,2,perf-policy_only-r001-20260818T022131Z,loan_to_aml,2,109,200,17.630600,
policy_only,1,2,perf-policy_only-r001-20260818T022131Z,loan_to_aml,2,110,200,17.111200,
policy_only,1,2,perf-policy_only-r001-20260818T022131Z,loan_to_aml,2,111,200,20.058300,
policy_only,1,2,perf-policy_only-r001-20260818T022131Z,loan_to_aml,2,112,200,17.330400,
policy_only,1,2,perf-policy_only-r001-20260818T022131Z,loan_to_aml,2,113,200,17.252100,
policy_only,1,2,perf-policy_only-r001-20260818T022131Z,loan_to_aml,2,114,200,17.232000,
policy_only,1,2,perf-policy_only-r001-20260818T022131Z,loan_to_aml,2,115,200,15.692200,
policy_only,1,2,perf-policy_only-r001-20260818T022131Z,loan_to_aml,2,116,200,15.951200,
policy_only,1,2,perf-policy_only-r001-20260818T022131Z,loan_to_aml,2,117,200,16.326300,
policy_only,1,2,perf-policy_only-r001-20260818T022131Z,loan_to_aml,2,118,200,16.596900,
policy_only,1,2,perf-policy_only-r001-20260818T022131Z,loan_to_aml,2,119,200,16.033300,
policy_only,1,2,perf-policy_only-r001-20260818T022131Z,loan_to_aml,2,120,200,16.142200,
policy_only,1,2,perf-policy_only-r001-20260818T022131Z,loan_to_aml,2,121,200,16.800800,
policy_only,1,2,perf-policy_only-r001-20260818T022131Z,loan_to_aml,2,122,200,17.130000,
policy_only,1,2,perf-policy_only-r001-20260818T022131Z,loan_to_aml,2,123,200,15.700200,
policy_only,1,2,perf-policy_only-r001-20260818T022131Z,loan_to_aml,2,124,200,15.707400,
policy_only,1,2,perf-policy_only-r001-20260818T022131Z,loan_to_aml,2,125,200,16.601300,
policy_only,1,2,perf-policy_only-r001-20260818T022131Z,loan_to_aml,2,126,200,17.205000,
policy_only,1,2,perf-policy_only-r001-20260818T022131Z,loan_to_aml,2,127,200,17.323300,
policy_only,1,2,perf-policy_only-r001-20260818T022131Z,loan_to_aml,2,128,200,16.373800,
policy_only,1,2,perf-policy_only-r001-20260818T022131Z,loan_to_aml,2,129,200,15.445900,
policy_only,1,2,perf-policy_only-r001-20260818T022131Z,loan_to_aml,2,130,200,15.864800,
policy_only,1,2,perf-policy_only-r001-20260818T022131Z,loan_to_aml,2,131,200,16.193400,
policy_only,1,2,perf-policy_only-r001-20260818T022131Z,loan_to_aml,2,132,200,15.929900,
policy_only,1,2,perf-policy_only-r001-20260818T022131Z,loan_to_aml,2,133,200,16.323000,
policy_only,1,2,perf-policy_only-r001-20260818T022131Z,loan_to_aml,2,134,200,15.777300,
policy_only,1,2,perf-policy_only-r001-20260818T022131Z,loan_to_aml,2,135,200,17.339300,
policy_only,1,2,perf-policy_only-r001-20260818T022131Z,loan_to_aml,2,136,200,16.797800,
policy_only,1,2,perf-policy_only-r001-20260818T022131Z,loan_to_aml,2,137,200,17.404300,
policy_only,1,2,perf-policy_only-r001-20260818T022131Z,loan_to_aml,2,138,200,16.509900,
policy_only,1,2,perf-policy_only-r001-20260818T022131Z,loan_to_aml,2,139,200,16.301800,
policy_only,1,2,perf-policy_only-r001-20260818T022131Z,loan_to_aml,2,140,200,16.649000,
policy_only,1,2,perf-policy_only-r001-20260818T022131Z,loan_to_aml,2,141,200,15.910600,
policy_only,1,2,perf-policy_only-r001-20260818T022131Z,loan_to_aml,2,142,200,15.705100,
policy_only,1,2,perf-policy_only-r001-20260818T022131Z,loan_to_aml,2,143,200,16.479400,
policy_only,1,2,perf-policy_only-r001-20260818T022131Z,loan_to_aml,2,144,200,15.968300,
policy_only,1,2,perf-policy_only-r001-20260818T022131Z,loan_to_aml,2,145,200,16.918900,
policy_only,1,2,perf-policy_only-r001-20260818T022131Z,loan_to_aml,2,146,200,17.164000,
policy_only,1,2,perf-policy_only-r001-20260818T022131Z,loan_to_aml,2,147,200,15.704800,
policy_only,1,2,perf-policy_only-r001-20260818T022131Z,loan_to_aml,2,148,200,16.515000,
policy_only,1,2,perf-policy_only-r001-20260818T022131Z,loan_to_aml,2,149,200,16.464000,
policy_only,1,2,perf-policy_only-r001-20260818T022131Z,loan_to_aml,2,150,200,15.927700,
policy_only,1,2,perf-policy_only-r001-20260818T022131Z,loan_to_aml,2,151,200,16.047300,
policy_only,1,2,perf-policy_only-r001-20260818T022131Z,loan_to_aml,2,152,200,15.820900,
policy_only,1,2,perf-policy_only-r001-20260818T022131Z,loan_to_aml,2,153,200,15.804800,
policy_only,1,2,perf-policy_only-r001-20260818T022131Z,loan_to_aml,2,154,200,16.295800,
policy_only,1,2,perf-policy_only-r001-20260818T022131Z,loan_to_aml,2,155,200,15.923300,
policy_only,1,2,perf-policy_only-r001-20260818T022131Z,loan_to_aml,2,156,200,16.025300,
policy_only,1,2,perf-policy_only-r001-20260818T022131Z,loan_to_aml,2,157,200,17.912600,
policy_only,1,2,perf-policy_only-r001-20260818T022131Z,loan_to_aml,2,158,200,16.070600,
policy_only,1,2,perf-policy_only-r001-20260818T022131Z,loan_to_aml,2,159,200,16.231800,
policy_only,1,2,perf-policy_only-r001-20260818T022131Z,loan_to_aml,2,160,200,16.839300,
policy_only,1,2,perf-policy_only-r001-20260818T022131Z,loan_to_aml,2,161,200,16.104000,
policy_only,1,2,perf-policy_only-r001-20260818T022131Z,loan_to_aml,2,162,200,16.807800,
policy_only,1,2,perf-policy_only-r001-20260818T022131Z,loan_to_aml,2,163,200,15.907900,
policy_only,1,2,perf-policy_only-r001-20260818T022131Z,loan_to_aml,2,164,200,16.852800,
policy_only,1,2,perf-policy_only-r001-20260818T022131Z,loan_to_aml,2,165,200,17.497400,
policy_only,1,2,perf-policy_only-r001-20260818T022131Z,loan_to_aml,2,166,200,17.438400,
policy_only,1,2,perf-policy_only-r001-20260818T022131Z,loan_to_aml,2,167,200,18.731000,
policy_only,1,2,perf-policy_only-r001-20260818T022131Z,loan_to_aml,2,168,200,17.411500,
policy_only,1,2,perf-policy_only-r001-20260818T022131Z,loan_to_aml,2,169,200,15.864900,
policy_only,1,2,perf-policy_only-r001-20260818T022131Z,loan_to_aml,2,170,200,17.419500,
policy_only,1,2,perf-policy_only-r001-20260818T022131Z,loan_to_aml,2,171,200,18.928300,
policy_only,1,2,perf-policy_only-r001-20260818T022131Z,loan_to_aml,2,172,200,16.635300,
policy_only,1,2,perf-policy_only-r001-20260818T022131Z,loan_to_aml,2,173,200,17.488700,
policy_only,1,2,perf-policy_only-r001-20260818T022131Z,loan_to_aml,2,174,200,17.442500,
policy_only,1,2,perf-policy_only-r001-20260818T022131Z,loan_to_aml,2,175,200,17.088100,
policy_only,1,2,perf-policy_only-r001-20260818T022131Z,loan_to_aml,2,176,200,16.945700,
policy_only,1,2,perf-policy_only-r001-20260818T022131Z,loan_to_aml,2,177,200,17.269400,
policy_only,1,2,perf-policy_only-r001-20260818T022131Z,loan_to_aml,2,178,200,20.043900,
policy_only,1,2,perf-policy_only-r001-20260818T022131Z,loan_to_aml,2,179,200,18.296100,
policy_only,1,2,perf-policy_only-r001-20260818T022131Z,loan_to_aml,2,180,200,21.479800,
policy_only,1,2,perf-policy_only-r001-20260818T022131Z,loan_to_aml,2,181,200,19.050100,
policy_only,1,2,perf-policy_only-r001-20260818T022131Z,loan_to_aml,2,182,200,18.276100,
policy_only,1,2,perf-policy_only-r001-20260818T022131Z,loan_to_aml,2,183,200,17.047800,
policy_only,1,2,perf-policy_only-r001-20260818T022131Z,loan_to_aml,2,184,200,16.539900,
policy_only,1,2,perf-policy_only-r001-20260818T022131Z,loan_to_aml,2,185,200,16.925700,
policy_only,1,2,perf-policy_only-r001-20260818T022131Z,loan_to_aml,2,186,200,17.255900,
policy_only,1,2,perf-policy_only-r001-20260818T022131Z,loan_to_aml,2,187,200,18.732200,
policy_only,1,2,perf-policy_only-r001-20260818T022131Z,loan_to_aml,2,188,200,17.069000,
policy_only,1,2,perf-policy_only-r001-20260818T022131Z,loan_to_aml,2,189,200,17.115400,
policy_only,1,2,perf-policy_only-r001-20260818T022131Z,loan_to_aml,2,190,200,17.670500,
policy_only,1,2,perf-policy_only-r001-20260818T022131Z,loan_to_aml,2,191,200,17.292100,
policy_only,1,2,perf-policy_only-r001-20260818T022131Z,loan_to_aml,2,192,200,16.837900,
policy_only,1,2,perf-policy_only-r001-20260818T022131Z,loan_to_aml,2,193,200,16.914200,
policy_only,1,2,perf-policy_only-r001-20260818T022131Z,loan_to_aml,2,194,200,17.652200,
policy_only,1,2,perf-policy_only-r001-20260818T022131Z,loan_to_aml,2,195,200,17.831500,
policy_only,1,2,perf-policy_only-r001-20260818T022131Z,loan_to_aml,2,196,200,18.407300,
policy_only,1,2,perf-policy_only-r001-20260818T022131Z,loan_to_aml,2,197,200,17.268600,
policy_only,1,2,perf-policy_only-r001-20260818T022131Z,loan_to_aml,2,198,200,17.247800,
policy_only,1,2,perf-policy_only-r001-20260818T022131Z,loan_to_aml,2,199,200,17.733100,
policy_only,1,2,perf-policy_only-r001-20260818T022131Z,loan_to_aml,2,200,200,16.968700,
policy_only,1,2,perf-policy_only-r001-20260818T022131Z,loan_to_aml,3,1,200,17.307400,
policy_only,1,2,perf-policy_only-r001-20260818T022131Z,loan_to_aml,3,2,200,17.379500,
policy_only,1,2,perf-policy_only-r001-20260818T022131Z,loan_to_aml,3,3,200,15.819300,
policy_only,1,2,perf-policy_only-r001-20260818T022131Z,loan_to_aml,3,4,200,16.065000,
policy_only,1,2,perf-policy_only-r001-20260818T022131Z,loan_to_aml,3,5,200,15.571600,
policy_only,1,2,perf-policy_only-r001-20260818T022131Z,loan_to_aml,3,6,200,15.706600,
policy_only,1,2,perf-policy_only-r001-20260818T022131Z,loan_to_aml,3,7,200,15.465100,
policy_only,1,2,perf-policy_only-r001-20260818T022131Z,loan_to_aml,3,8,200,15.926100,
policy_only,1,2,perf-policy_only-r001-20260818T022131Z,loan_to_aml,3,9,200,14.879700,
policy_only,1,2,perf-policy_only-r001-20260818T022131Z,loan_to_aml,3,10,200,15.066400,
policy_only,1,2,perf-policy_only-r001-20260818T022131Z,loan_to_aml,3,11,200,15.940200,
policy_only,1,2,perf-policy_only-r001-20260818T022131Z,loan_to_aml,3,12,200,16.162800,
policy_only,1,2,perf-policy_only-r001-20260818T022131Z,loan_to_aml,3,13,200,15.913600,
policy_only,1,2,perf-policy_only-r001-20260818T022131Z,loan_to_aml,3,14,200,16.028500,
policy_only,1,2,perf-policy_only-r001-20260818T022131Z,loan_to_aml,3,15,200,15.656100,
policy_only,1,2,perf-policy_only-r001-20260818T022131Z,loan_to_aml,3,16,200,16.458300,
policy_only,1,2,perf-policy_only-r001-20260818T022131Z,loan_to_aml,3,17,200,15.374000,
policy_only,1,2,perf-policy_only-r001-20260818T022131Z,loan_to_aml,3,18,200,16.142000,
policy_only,1,2,perf-policy_only-r001-20260818T022131Z,loan_to_aml,3,19,200,16.102500,
policy_only,1,2,perf-policy_only-r001-20260818T022131Z,loan_to_aml,3,20,200,16.049700,
policy_only,1,2,perf-policy_only-r001-20260818T022131Z,loan_to_aml,3,21,200,15.839800,
policy_only,1,2,perf-policy_only-r001-20260818T022131Z,loan_to_aml,3,22,200,16.069300,
policy_only,1,2,perf-policy_only-r001-20260818T022131Z,loan_to_aml,3,23,200,15.961800,
policy_only,1,2,perf-policy_only-r001-20260818T022131Z,loan_to_aml,3,24,200,15.887900,
policy_only,1,2,perf-policy_only-r001-20260818T022131Z,loan_to_aml,3,25,200,16.001100,
policy_only,1,2,perf-policy_only-r001-20260818T022131Z,loan_to_aml,3,26,200,16.198900,
policy_only,1,2,perf-policy_only-r001-20260818T022131Z,loan_to_aml,3,27,200,15.909600,
policy_only,1,2,perf-policy_only-r001-20260818T022131Z,loan_to_aml,3,28,200,18.333700,
policy_only,1,2,perf-policy_only-r001-20260818T022131Z,loan_to_aml,3,29,200,16.335500,
policy_only,1,2,perf-policy_only-r001-20260818T022131Z,loan_to_aml,3,30,200,16.559700,
policy_only,1,2,perf-policy_only-r001-20260818T022131Z,loan_to_aml,3,31,200,16.892300,
policy_only,1,2,perf-policy_only-r001-20260818T022131Z,loan_to_aml,3,32,200,16.135300,
policy_only,1,2,perf-policy_only-r001-20260818T022131Z,loan_to_aml,3,33,200,15.598900,
policy_only,1,2,perf-policy_only-r001-20260818T022131Z,loan_to_aml,3,34,200,15.935400,
policy_only,1,2,perf-policy_only-r001-20260818T022131Z,loan_to_aml,3,35,200,15.872500,
policy_only,1,2,perf-policy_only-r001-20260818T022131Z,loan_to_aml,3,36,200,16.010000,
policy_only,1,2,perf-policy_only-r001-20260818T022131Z,loan_to_aml,3,37,200,15.978700,
policy_only,1,2,perf-policy_only-r001-20260818T022131Z,loan_to_aml,3,38,200,16.003700,
policy_only,1,2,perf-policy_only-r001-20260818T022131Z,loan_to_aml,3,39,200,16.118000,
policy_only,1,2,perf-policy_only-r001-20260818T022131Z,loan_to_aml,3,40,200,15.945100,
policy_only,1,2,perf-policy_only-r001-20260818T022131Z,loan_to_aml,3,41,200,15.926400,
policy_only,1,2,perf-policy_only-r001-20260818T022131Z,loan_to_aml,3,42,200,16.099200,
policy_only,1,2,perf-policy_only-r001-20260818T022131Z,loan_to_aml,3,43,200,15.828500,
policy_only,1,2,perf-policy_only-r001-20260818T022131Z,loan_to_aml,3,44,200,15.921300,
policy_only,1,2,perf-policy_only-r001-20260818T022131Z,loan_to_aml,3,45,200,16.006500,
policy_only,1,2,perf-policy_only-r001-20260818T022131Z,loan_to_aml,3,46,200,15.645700,
policy_only,1,2,perf-policy_only-r001-20260818T022131Z,loan_to_aml,3,47,200,16.229200,
policy_only,1,2,perf-policy_only-r001-20260818T022131Z,loan_to_aml,3,48,200,15.791800,
policy_only,1,2,perf-policy_only-r001-20260818T022131Z,loan_to_aml,3,49,200,16.223000,
policy_only,1,2,perf-policy_only-r001-20260818T022131Z,loan_to_aml,3,50,200,15.665700,
policy_only,1,2,perf-policy_only-r001-20260818T022131Z,loan_to_aml,3,51,200,16.257100,
policy_only,1,2,perf-policy_only-r001-20260818T022131Z,loan_to_aml,3,52,200,15.739100,
policy_only,1,2,perf-policy_only-r001-20260818T022131Z,loan_to_aml,3,53,200,16.775200,
policy_only,1,2,perf-policy_only-r001-20260818T022131Z,loan_to_aml,3,54,200,15.881500,
policy_only,1,2,perf-policy_only-r001-20260818T022131Z,loan_to_aml,3,55,200,16.120700,
policy_only,1,2,perf-policy_only-r001-20260818T022131Z,loan_to_aml,3,56,200,16.405100,
policy_only,1,2,perf-policy_only-r001-20260818T022131Z,loan_to_aml,3,57,200,15.799300,
policy_only,1,2,perf-policy_only-r001-20260818T022131Z,loan_to_aml,3,58,200,18.071100,
policy_only,1,2,perf-policy_only-r001-20260818T022131Z,loan_to_aml,3,59,200,20.741700,
policy_only,1,2,perf-policy_only-r001-20260818T022131Z,loan_to_aml,3,60,200,18.403600,
policy_only,1,2,perf-policy_only-r001-20260818T022131Z,loan_to_aml,3,61,200,17.414900,
policy_only,1,2,perf-policy_only-r001-20260818T022131Z,loan_to_aml,3,62,200,16.519700,
policy_only,1,2,perf-policy_only-r001-20260818T022131Z,loan_to_aml,3,63,200,16.129200,
policy_only,1,2,perf-policy_only-r001-20260818T022131Z,loan_to_aml,3,64,200,15.823900,
policy_only,1,2,perf-policy_only-r001-20260818T022131Z,loan_to_aml,3,65,200,16.050900,
policy_only,1,2,perf-policy_only-r001-20260818T022131Z,loan_to_aml,3,66,200,15.350300,
policy_only,1,2,perf-policy_only-r001-20260818T022131Z,loan_to_aml,3,67,200,15.283900,
policy_only,1,2,perf-policy_only-r001-20260818T022131Z,loan_to_aml,3,68,200,15.975400,
policy_only,1,2,perf-policy_only-r001-20260818T022131Z,loan_to_aml,3,69,200,16.013500,
policy_only,1,2,perf-policy_only-r001-20260818T022131Z,loan_to_aml,3,70,200,16.131000,
policy_only,1,2,perf-policy_only-r001-20260818T022131Z,loan_to_aml,3,71,200,15.855400,
policy_only,1,2,perf-policy_only-r001-20260818T022131Z,loan_to_aml,3,72,200,16.340600,
policy_only,1,2,perf-policy_only-r001-20260818T022131Z,loan_to_aml,3,73,200,15.418600,
policy_only,1,2,perf-policy_only-r001-20260818T022131Z,loan_to_aml,3,74,200,15.994400,
policy_only,1,2,perf-policy_only-r001-20260818T022131Z,loan_to_aml,3,75,200,16.351900,
policy_only,1,2,perf-policy_only-r001-20260818T022131Z,loan_to_aml,3,76,200,16.874400,
policy_only,1,2,perf-policy_only-r001-20260818T022131Z,loan_to_aml,3,77,200,16.011200,
policy_only,1,2,perf-policy_only-r001-20260818T022131Z,loan_to_aml,3,78,200,15.947300,
policy_only,1,2,perf-policy_only-r001-20260818T022131Z,loan_to_aml,3,79,200,17.108600,
policy_only,1,2,perf-policy_only-r001-20260818T022131Z,loan_to_aml,3,80,200,15.644300,
policy_only,1,2,perf-policy_only-r001-20260818T022131Z,loan_to_aml,3,81,200,16.032600,
policy_only,1,2,perf-policy_only-r001-20260818T022131Z,loan_to_aml,3,82,200,16.063200,
policy_only,1,2,perf-policy_only-r001-20260818T022131Z,loan_to_aml,3,83,200,17.774100,
policy_only,1,2,perf-policy_only-r001-20260818T022131Z,loan_to_aml,3,84,200,16.743000,
policy_only,1,2,perf-policy_only-r001-20260818T022131Z,loan_to_aml,3,85,200,16.585500,
policy_only,1,2,perf-policy_only-r001-20260818T022131Z,loan_to_aml,3,86,200,15.991400,
policy_only,1,2,perf-policy_only-r001-20260818T022131Z,loan_to_aml,3,87,200,16.078400,
policy_only,1,2,perf-policy_only-r001-20260818T022131Z,loan_to_aml,3,88,200,16.196800,
policy_only,1,2,perf-policy_only-r001-20260818T022131Z,loan_to_aml,3,89,200,16.794600,
policy_only,1,2,perf-policy_only-r001-20260818T022131Z,loan_to_aml,3,90,200,17.002100,
policy_only,1,2,perf-policy_only-r001-20260818T022131Z,loan_to_aml,3,91,200,16.212600,
policy_only,1,2,perf-policy_only-r001-20260818T022131Z,loan_to_aml,3,92,200,16.733100,
policy_only,1,2,perf-policy_only-r001-20260818T022131Z,loan_to_aml,3,93,200,16.758800,
policy_only,1,2,perf-policy_only-r001-20260818T022131Z,loan_to_aml,3,94,200,16.971900,
policy_only,1,2,perf-policy_only-r001-20260818T022131Z,loan_to_aml,3,95,200,16.075500,
policy_only,1,2,perf-policy_only-r001-20260818T022131Z,loan_to_aml,3,96,200,15.628900,
policy_only,1,2,perf-policy_only-r001-20260818T022131Z,loan_to_aml,3,97,200,16.116700,
policy_only,1,2,perf-policy_only-r001-20260818T022131Z,loan_to_aml,3,98,200,16.767900,
policy_only,1,2,perf-policy_only-r001-20260818T022131Z,loan_to_aml,3,99,200,15.523400,
policy_only,1,2,perf-policy_only-r001-20260818T022131Z,loan_to_aml,3,100,200,16.259600,
policy_only,1,2,perf-policy_only-r001-20260818T022131Z,loan_to_aml,3,101,200,16.727400,
policy_only,1,2,perf-policy_only-r001-20260818T022131Z,loan_to_aml,3,102,200,15.658600,
policy_only,1,2,perf-policy_only-r001-20260818T022131Z,loan_to_aml,3,103,200,15.863600,
policy_only,1,2,perf-policy_only-r001-20260818T022131Z,loan_to_aml,3,104,200,16.029200,
policy_only,1,2,perf-policy_only-r001-20260818T022131Z,loan_to_aml,3,105,200,16.215800,
policy_only,1,2,perf-policy_only-r001-20260818T022131Z,loan_to_aml,3,106,200,15.681000,
policy_only,1,2,perf-policy_only-r001-20260818T022131Z,loan_to_aml,3,107,200,16.049200,
policy_only,1,2,perf-policy_only-r001-20260818T022131Z,loan_to_aml,3,108,200,15.983900,
policy_only,1,2,perf-policy_only-r001-20260818T022131Z,loan_to_aml,3,109,200,16.309000,
policy_only,1,2,perf-policy_only-r001-20260818T022131Z,loan_to_aml,3,110,200,15.894100,
policy_only,1,2,perf-policy_only-r001-20260818T022131Z,loan_to_aml,3,111,200,15.661100,
policy_only,1,2,perf-policy_only-r001-20260818T022131Z,loan_to_aml,3,112,200,18.100200,
policy_only,1,2,perf-policy_only-r001-20260818T022131Z,loan_to_aml,3,113,200,15.829000,
policy_only,1,2,perf-policy_only-r001-20260818T022131Z,loan_to_aml,3,114,200,16.119500,
policy_only,1,2,perf-policy_only-r001-20260818T022131Z,loan_to_aml,3,115,200,15.860100,
policy_only,1,2,perf-policy_only-r001-20260818T022131Z,loan_to_aml,3,116,200,16.088800,
policy_only,1,2,perf-policy_only-r001-20260818T022131Z,loan_to_aml,3,117,200,15.924800,
policy_only,1,2,perf-policy_only-r001-20260818T022131Z,loan_to_aml,3,118,200,15.798500,
policy_only,1,2,perf-policy_only-r001-20260818T022131Z,loan_to_aml,3,119,200,16.153200,
policy_only,1,2,perf-policy_only-r001-20260818T022131Z,loan_to_aml,3,120,200,16.099100,
policy_only,1,2,perf-policy_only-r001-20260818T022131Z,loan_to_aml,3,121,200,17.682500,
policy_only,1,2,perf-policy_only-r001-20260818T022131Z,loan_to_aml,3,122,200,17.387800,
policy_only,1,2,perf-policy_only-r001-20260818T022131Z,loan_to_aml,3,123,200,15.488500,
policy_only,1,2,perf-policy_only-r001-20260818T022131Z,loan_to_aml,3,124,200,16.235600,
policy_only,1,2,perf-policy_only-r001-20260818T022131Z,loan_to_aml,3,125,200,16.096700,
policy_only,1,2,perf-policy_only-r001-20260818T022131Z,loan_to_aml,3,126,200,15.911000,
policy_only,1,2,perf-policy_only-r001-20260818T022131Z,loan_to_aml,3,127,200,16.240700,
policy_only,1,2,perf-policy_only-r001-20260818T022131Z,loan_to_aml,3,128,200,15.919300,
policy_only,1,2,perf-policy_only-r001-20260818T022131Z,loan_to_aml,3,129,200,16.135100,
policy_only,1,2,perf-policy_only-r001-20260818T022131Z,loan_to_aml,3,130,200,15.654700,
policy_only,1,2,perf-policy_only-r001-20260818T022131Z,loan_to_aml,3,131,200,16.170700,
policy_only,1,2,perf-policy_only-r001-20260818T022131Z,loan_to_aml,3,132,200,17.039100,
policy_only,1,2,perf-policy_only-r001-20260818T022131Z,loan_to_aml,3,133,200,16.695600,
policy_only,1,2,perf-policy_only-r001-20260818T022131Z,loan_to_aml,3,134,200,17.422600,
policy_only,1,2,perf-policy_only-r001-20260818T022131Z,loan_to_aml,3,135,200,17.037300,
policy_only,1,2,perf-policy_only-r001-20260818T022131Z,loan_to_aml,3,136,200,16.499800,
policy_only,1,2,perf-policy_only-r001-20260818T022131Z,loan_to_aml,3,137,200,16.098600,
policy_only,1,2,perf-policy_only-r001-20260818T022131Z,loan_to_aml,3,138,200,16.586900,
policy_only,1,2,perf-policy_only-r001-20260818T022131Z,loan_to_aml,3,139,200,16.334200,
policy_only,1,2,perf-policy_only-r001-20260818T022131Z,loan_to_aml,3,140,200,16.057400,
policy_only,1,2,perf-policy_only-r001-20260818T022131Z,loan_to_aml,3,141,200,15.983200,
policy_only,1,2,perf-policy_only-r001-20260818T022131Z,loan_to_aml,3,142,200,15.764700,
policy_only,1,2,perf-policy_only-r001-20260818T022131Z,loan_to_aml,3,143,200,15.932600,
policy_only,1,2,perf-policy_only-r001-20260818T022131Z,loan_to_aml,3,144,200,15.814600,
policy_only,1,2,perf-policy_only-r001-20260818T022131Z,loan_to_aml,3,145,200,16.386600,
policy_only,1,2,perf-policy_only-r001-20260818T022131Z,loan_to_aml,3,146,200,15.691000,
policy_only,1,2,perf-policy_only-r001-20260818T022131Z,loan_to_aml,3,147,200,16.177600,
policy_only,1,2,perf-policy_only-r001-20260818T022131Z,loan_to_aml,3,148,200,15.792600,
policy_only,1,2,perf-policy_only-r001-20260818T022131Z,loan_to_aml,3,149,200,17.754800,
policy_only,1,2,perf-policy_only-r001-20260818T022131Z,loan_to_aml,3,150,200,16.363600,
policy_only,1,2,perf-policy_only-r001-20260818T022131Z,loan_to_aml,3,151,200,16.016400,
policy_only,1,2,perf-policy_only-r001-20260818T022131Z,loan_to_aml,3,152,200,16.128000,
policy_only,1,2,perf-policy_only-r001-20260818T022131Z,loan_to_aml,3,153,200,17.102600,
policy_only,1,2,perf-policy_only-r001-20260818T022131Z,loan_to_aml,3,154,200,17.667300,
policy_only,1,2,perf-policy_only-r001-20260818T022131Z,loan_to_aml,3,155,200,16.040900,
policy_only,1,2,perf-policy_only-r001-20260818T022131Z,loan_to_aml,3,156,200,16.089000,
policy_only,1,2,perf-policy_only-r001-20260818T022131Z,loan_to_aml,3,157,200,15.674700,
policy_only,1,2,perf-policy_only-r001-20260818T022131Z,loan_to_aml,3,158,200,15.809200,
policy_only,1,2,perf-policy_only-r001-20260818T022131Z,loan_to_aml,3,159,200,16.316400,
policy_only,1,2,perf-policy_only-r001-20260818T022131Z,loan_to_aml,3,160,200,15.987100,
policy_only,1,2,perf-policy_only-r001-20260818T022131Z,loan_to_aml,3,161,200,16.127500,
policy_only,1,2,perf-policy_only-r001-20260818T022131Z,loan_to_aml,3,162,200,16.955700,
policy_only,1,2,perf-policy_only-r001-20260818T022131Z,loan_to_aml,3,163,200,17.098500,
policy_only,1,2,perf-policy_only-r001-20260818T022131Z,loan_to_aml,3,164,200,16.795300,
policy_only,1,2,perf-policy_only-r001-20260818T022131Z,loan_to_aml,3,165,200,15.814100,
policy_only,1,2,perf-policy_only-r001-20260818T022131Z,loan_to_aml,3,166,200,16.011300,
policy_only,1,2,perf-policy_only-r001-20260818T022131Z,loan_to_aml,3,167,200,15.513000,
policy_only,1,2,perf-policy_only-r001-20260818T022131Z,loan_to_aml,3,168,200,15.271900,
policy_only,1,2,perf-policy_only-r001-20260818T022131Z,loan_to_aml,3,169,200,16.412700,
policy_only,1,2,perf-policy_only-r001-20260818T022131Z,loan_to_aml,3,170,200,16.639600,
policy_only,1,2,perf-policy_only-r001-20260818T022131Z,loan_to_aml,3,171,200,16.094600,
policy_only,1,2,perf-policy_only-r001-20260818T022131Z,loan_to_aml,3,172,200,15.747400,
policy_only,1,2,perf-policy_only-r001-20260818T022131Z,loan_to_aml,3,173,200,16.204500,
policy_only,1,2,perf-policy_only-r001-20260818T022131Z,loan_to_aml,3,174,200,15.791400,
policy_only,1,2,perf-policy_only-r001-20260818T022131Z,loan_to_aml,3,175,200,16.028600,
policy_only,1,2,perf-policy_only-r001-20260818T022131Z,loan_to_aml,3,176,200,15.905000,
policy_only,1,2,perf-policy_only-r001-20260818T022131Z,loan_to_aml,3,177,200,16.267900,
policy_only,1,2,perf-policy_only-r001-20260818T022131Z,loan_to_aml,3,178,200,17.603300,
policy_only,1,2,perf-policy_only-r001-20260818T022131Z,loan_to_aml,3,179,200,18.321000,
policy_only,1,2,perf-policy_only-r001-20260818T022131Z,loan_to_aml,3,180,200,18.113300,
policy_only,1,2,perf-policy_only-r001-20260818T022131Z,loan_to_aml,3,181,200,19.867800,
policy_only,1,2,perf-policy_only-r001-20260818T022131Z,loan_to_aml,3,182,200,17.368500,
policy_only,1,2,perf-policy_only-r001-20260818T022131Z,loan_to_aml,3,183,200,16.883800,
policy_only,1,2,perf-policy_only-r001-20260818T022131Z,loan_to_aml,3,184,200,17.514800,
policy_only,1,2,perf-policy_only-r001-20260818T022131Z,loan_to_aml,3,185,200,17.461400,
policy_only,1,2,perf-policy_only-r001-20260818T022131Z,loan_to_aml,3,186,200,16.995900,
policy_only,1,2,perf-policy_only-r001-20260818T022131Z,loan_to_aml,3,187,200,17.217600,
policy_only,1,2,perf-policy_only-r001-20260818T022131Z,loan_to_aml,3,188,200,16.827000,
policy_only,1,2,perf-policy_only-r001-20260818T022131Z,loan_to_aml,3,189,200,17.114500,
policy_only,1,2,perf-policy_only-r001-20260818T022131Z,loan_to_aml,3,190,200,18.026100,
policy_only,1,2,perf-policy_only-r001-20260818T022131Z,loan_to_aml,3,191,200,16.444700,
policy_only,1,2,perf-policy_only-r001-20260818T022131Z,loan_to_aml,3,192,200,17.104600,
policy_only,1,2,perf-policy_only-r001-20260818T022131Z,loan_to_aml,3,193,200,15.565800,
policy_only,1,2,perf-policy_only-r001-20260818T022131Z,loan_to_aml,3,194,200,16.894800,
policy_only,1,2,perf-policy_only-r001-20260818T022131Z,loan_to_aml,3,195,200,15.833700,
policy_only,1,2,perf-policy_only-r001-20260818T022131Z,loan_to_aml,3,196,200,16.300100,
policy_only,1,2,perf-policy_only-r001-20260818T022131Z,loan_to_aml,3,197,200,16.958800,
policy_only,1,2,perf-policy_only-r001-20260818T022131Z,loan_to_aml,3,198,200,16.096300,
policy_only,1,2,perf-policy_only-r001-20260818T022131Z,loan_to_aml,3,199,200,16.460400,
policy_only,1,2,perf-policy_only-r001-20260818T022131Z,loan_to_aml,3,200,200,16.203100,
policy_only,1,2,perf-policy_only-r001-20260818T022131Z,loan_to_approval,1,1,200,16.358800,
policy_only,1,2,perf-policy_only-r001-20260818T022131Z,loan_to_approval,1,2,200,16.656200,
policy_only,1,2,perf-policy_only-r001-20260818T022131Z,loan_to_approval,1,3,200,16.960500,
policy_only,1,2,perf-policy_only-r001-20260818T022131Z,loan_to_approval,1,4,200,16.622200,
policy_only,1,2,perf-policy_only-r001-20260818T022131Z,loan_to_approval,1,5,200,16.877600,
policy_only,1,2,perf-policy_only-r001-20260818T022131Z,loan_to_approval,1,6,200,16.662700,
policy_only,1,2,perf-policy_only-r001-20260818T022131Z,loan_to_approval,1,7,200,16.053300,
policy_only,1,2,perf-policy_only-r001-20260818T022131Z,loan_to_approval,1,8,200,16.021100,
policy_only,1,2,perf-policy_only-r001-20260818T022131Z,loan_to_approval,1,9,200,16.272000,
policy_only,1,2,perf-policy_only-r001-20260818T022131Z,loan_to_approval,1,10,200,16.603800,
policy_only,1,2,perf-policy_only-r001-20260818T022131Z,loan_to_approval,1,11,200,16.217600,
policy_only,1,2,perf-policy_only-r001-20260818T022131Z,loan_to_approval,1,12,200,15.657700,
policy_only,1,2,perf-policy_only-r001-20260818T022131Z,loan_to_approval,1,13,200,16.063000,
policy_only,1,2,perf-policy_only-r001-20260818T022131Z,loan_to_approval,1,14,200,16.124300,
policy_only,1,2,perf-policy_only-r001-20260818T022131Z,loan_to_approval,1,15,200,15.806800,
policy_only,1,2,perf-policy_only-r001-20260818T022131Z,loan_to_approval,1,16,200,15.918500,
policy_only,1,2,perf-policy_only-r001-20260818T022131Z,loan_to_approval,1,17,200,16.067100,
policy_only,1,2,perf-policy_only-r001-20260818T022131Z,loan_to_approval,1,18,200,15.923500,
policy_only,1,2,perf-policy_only-r001-20260818T022131Z,loan_to_approval,1,19,200,16.259900,
policy_only,1,2,perf-policy_only-r001-20260818T022131Z,loan_to_approval,1,20,200,15.578600,
policy_only,1,2,perf-policy_only-r001-20260818T022131Z,loan_to_approval,1,21,200,16.156600,
policy_only,1,2,perf-policy_only-r001-20260818T022131Z,loan_to_approval,1,22,200,16.946700,
policy_only,1,2,perf-policy_only-r001-20260818T022131Z,loan_to_approval,1,23,200,15.891100,
policy_only,1,2,perf-policy_only-r001-20260818T022131Z,loan_to_approval,1,24,200,17.860900,
policy_only,1,2,perf-policy_only-r001-20260818T022131Z,loan_to_approval,1,25,200,16.305300,
policy_only,1,2,perf-policy_only-r001-20260818T022131Z,loan_to_approval,1,26,200,16.535700,
policy_only,1,2,perf-policy_only-r001-20260818T022131Z,loan_to_approval,1,27,200,16.602500,
policy_only,1,2,perf-policy_only-r001-20260818T022131Z,loan_to_approval,1,28,200,15.783200,
policy_only,1,2,perf-policy_only-r001-20260818T022131Z,loan_to_approval,1,29,200,16.201000,
policy_only,1,2,perf-policy_only-r001-20260818T022131Z,loan_to_approval,1,30,200,15.864800,
policy_only,1,2,perf-policy_only-r001-20260818T022131Z,loan_to_approval,1,31,200,17.285900,
policy_only,1,2,perf-policy_only-r001-20260818T022131Z,loan_to_approval,1,32,200,17.157000,
policy_only,1,2,perf-policy_only-r001-20260818T022131Z,loan_to_approval,1,33,200,17.274100,
policy_only,1,2,perf-policy_only-r001-20260818T022131Z,loan_to_approval,1,34,200,16.043800,
policy_only,1,2,perf-policy_only-r001-20260818T022131Z,loan_to_approval,1,35,200,15.911100,
policy_only,1,2,perf-policy_only-r001-20260818T022131Z,loan_to_approval,1,36,200,16.276100,
policy_only,1,2,perf-policy_only-r001-20260818T022131Z,loan_to_approval,1,37,200,16.494600,
policy_only,1,2,perf-policy_only-r001-20260818T022131Z,loan_to_approval,1,38,200,16.309000,
policy_only,1,2,perf-policy_only-r001-20260818T022131Z,loan_to_approval,1,39,200,15.762400,
policy_only,1,2,perf-policy_only-r001-20260818T022131Z,loan_to_approval,1,40,200,16.321600,
policy_only,1,2,perf-policy_only-r001-20260818T022131Z,loan_to_approval,1,41,200,16.113300,
policy_only,1,2,perf-policy_only-r001-20260818T022131Z,loan_to_approval,1,42,200,15.504500,
policy_only,1,2,perf-policy_only-r001-20260818T022131Z,loan_to_approval,1,43,200,16.043300,
policy_only,1,2,perf-policy_only-r001-20260818T022131Z,loan_to_approval,1,44,200,15.729500,
policy_only,1,2,perf-policy_only-r001-20260818T022131Z,loan_to_approval,1,45,200,16.200200,
policy_only,1,2,perf-policy_only-r001-20260818T022131Z,loan_to_approval,1,46,200,15.738200,
policy_only,1,2,perf-policy_only-r001-20260818T022131Z,loan_to_approval,1,47,200,16.979300,
policy_only,1,2,perf-policy_only-r001-20260818T022131Z,loan_to_approval,1,48,200,16.149800,
policy_only,1,2,perf-policy_only-r001-20260818T022131Z,loan_to_approval,1,49,200,16.535000,
policy_only,1,2,perf-policy_only-r001-20260818T022131Z,loan_to_approval,1,50,200,19.221000,
policy_only,1,2,perf-policy_only-r001-20260818T022131Z,loan_to_approval,1,51,200,21.985400,
policy_only,1,2,perf-policy_only-r001-20260818T022131Z,loan_to_approval,1,52,200,17.403000,
policy_only,1,2,perf-policy_only-r001-20260818T022131Z,loan_to_approval,1,53,200,20.920500,
policy_only,1,2,perf-policy_only-r001-20260818T022131Z,loan_to_approval,1,54,200,20.541300,
policy_only,1,2,perf-policy_only-r001-20260818T022131Z,loan_to_approval,1,55,200,16.734000,
policy_only,1,2,perf-policy_only-r001-20260818T022131Z,loan_to_approval,1,56,200,17.089900,
policy_only,1,2,perf-policy_only-r001-20260818T022131Z,loan_to_approval,1,57,200,17.145900,
policy_only,1,2,perf-policy_only-r001-20260818T022131Z,loan_to_approval,1,58,200,16.735200,
policy_only,1,2,perf-policy_only-r001-20260818T022131Z,loan_to_approval,1,59,200,16.527500,
policy_only,1,2,perf-policy_only-r001-20260818T022131Z,loan_to_approval,1,60,200,17.418700,
policy_only,1,2,perf-policy_only-r001-20260818T022131Z,loan_to_approval,1,61,200,16.710500,
policy_only,1,2,perf-policy_only-r001-20260818T022131Z,loan_to_approval,1,62,200,15.955700,
policy_only,1,2,perf-policy_only-r001-20260818T022131Z,loan_to_approval,1,63,200,15.878500,
policy_only,1,2,perf-policy_only-r001-20260818T022131Z,loan_to_approval,1,64,200,16.060500,
policy_only,1,2,perf-policy_only-r001-20260818T022131Z,loan_to_approval,1,65,200,15.947000,
policy_only,1,2,perf-policy_only-r001-20260818T022131Z,loan_to_approval,1,66,200,17.093900,
policy_only,1,2,perf-policy_only-r001-20260818T022131Z,loan_to_approval,1,67,200,15.807200,
policy_only,1,2,perf-policy_only-r001-20260818T022131Z,loan_to_approval,1,68,200,15.727100,
policy_only,1,2,perf-policy_only-r001-20260818T022131Z,loan_to_approval,1,69,200,17.201900,
policy_only,1,2,perf-policy_only-r001-20260818T022131Z,loan_to_approval,1,70,200,15.932400,
policy_only,1,2,perf-policy_only-r001-20260818T022131Z,loan_to_approval,1,71,200,16.351500,
policy_only,1,2,perf-policy_only-r001-20260818T022131Z,loan_to_approval,1,72,200,16.611200,
policy_only,1,2,perf-policy_only-r001-20260818T022131Z,loan_to_approval,1,73,200,16.026400,
policy_only,1,2,perf-policy_only-r001-20260818T022131Z,loan_to_approval,1,74,200,15.742000,
policy_only,1,2,perf-policy_only-r001-20260818T022131Z,loan_to_approval,1,75,200,15.661200,
policy_only,1,2,perf-policy_only-r001-20260818T022131Z,loan_to_approval,1,76,200,15.548700,
policy_only,1,2,perf-policy_only-r001-20260818T022131Z,loan_to_approval,1,77,200,16.580600,
policy_only,1,2,perf-policy_only-r001-20260818T022131Z,loan_to_approval,1,78,200,18.680200,
policy_only,1,2,perf-policy_only-r001-20260818T022131Z,loan_to_approval,1,79,200,15.895100,
policy_only,1,2,perf-policy_only-r001-20260818T022131Z,loan_to_approval,1,80,200,16.002200,
policy_only,1,2,perf-policy_only-r001-20260818T022131Z,loan_to_approval,1,81,200,15.811700,
policy_only,1,2,perf-policy_only-r001-20260818T022131Z,loan_to_approval,1,82,200,16.121100,
policy_only,1,2,perf-policy_only-r001-20260818T022131Z,loan_to_approval,1,83,200,15.652900,
policy_only,1,2,perf-policy_only-r001-20260818T022131Z,loan_to_approval,1,84,200,16.036300,
policy_only,1,2,perf-policy_only-r001-20260818T022131Z,loan_to_approval,1,85,200,19.260000,
policy_only,1,2,perf-policy_only-r001-20260818T022131Z,loan_to_approval,1,86,200,16.849400,
policy_only,1,2,perf-policy_only-r001-20260818T022131Z,loan_to_approval,1,87,200,15.981500,
policy_only,1,2,perf-policy_only-r001-20260818T022131Z,loan_to_approval,1,88,200,17.276500,
policy_only,1,2,perf-policy_only-r001-20260818T022131Z,loan_to_approval,1,89,200,15.484000,
policy_only,1,2,perf-policy_only-r001-20260818T022131Z,loan_to_approval,1,90,200,16.123800,
policy_only,1,2,perf-policy_only-r001-20260818T022131Z,loan_to_approval,1,91,200,15.918800,
policy_only,1,2,perf-policy_only-r001-20260818T022131Z,loan_to_approval,1,92,200,16.481900,
policy_only,1,2,perf-policy_only-r001-20260818T022131Z,loan_to_approval,1,93,200,16.734500,
policy_only,1,2,perf-policy_only-r001-20260818T022131Z,loan_to_approval,1,94,200,15.956300,
policy_only,1,2,perf-policy_only-r001-20260818T022131Z,loan_to_approval,1,95,200,15.924900,
policy_only,1,2,perf-policy_only-r001-20260818T022131Z,loan_to_approval,1,96,200,16.042600,
policy_only,1,2,perf-policy_only-r001-20260818T022131Z,loan_to_approval,1,97,200,15.949800,
policy_only,1,2,perf-policy_only-r001-20260818T022131Z,loan_to_approval,1,98,200,15.713300,
policy_only,1,2,perf-policy_only-r001-20260818T022131Z,loan_to_approval,1,99,200,15.771400,
policy_only,1,2,perf-policy_only-r001-20260818T022131Z,loan_to_approval,1,100,200,16.323800,
policy_only,1,2,perf-policy_only-r001-20260818T022131Z,loan_to_approval,1,101,200,15.703700,
policy_only,1,2,perf-policy_only-r001-20260818T022131Z,loan_to_approval,1,102,200,15.806700,
policy_only,1,2,perf-policy_only-r001-20260818T022131Z,loan_to_approval,1,103,200,16.194100,
policy_only,1,2,perf-policy_only-r001-20260818T022131Z,loan_to_approval,1,104,200,15.963400,
policy_only,1,2,perf-policy_only-r001-20260818T022131Z,loan_to_approval,1,105,200,15.855300,
policy_only,1,2,perf-policy_only-r001-20260818T022131Z,loan_to_approval,1,106,200,15.548900,
policy_only,1,2,perf-policy_only-r001-20260818T022131Z,loan_to_approval,1,107,200,15.370700,
policy_only,1,2,perf-policy_only-r001-20260818T022131Z,loan_to_approval,1,108,200,15.304100,
policy_only,1,2,perf-policy_only-r001-20260818T022131Z,loan_to_approval,1,109,200,15.918900,
policy_only,1,2,perf-policy_only-r001-20260818T022131Z,loan_to_approval,1,110,200,16.242800,
policy_only,1,2,perf-policy_only-r001-20260818T022131Z,loan_to_approval,1,111,200,15.760900,
policy_only,1,2,perf-policy_only-r001-20260818T022131Z,loan_to_approval,1,112,200,15.671700,
policy_only,1,2,perf-policy_only-r001-20260818T022131Z,loan_to_approval,1,113,200,16.177100,
policy_only,1,2,perf-policy_only-r001-20260818T022131Z,loan_to_approval,1,114,200,15.979900,
policy_only,1,2,perf-policy_only-r001-20260818T022131Z,loan_to_approval,1,115,200,15.914800,
policy_only,1,2,perf-policy_only-r001-20260818T022131Z,loan_to_approval,1,116,200,16.094400,
policy_only,1,2,perf-policy_only-r001-20260818T022131Z,loan_to_approval,1,117,200,17.985900,
policy_only,1,2,perf-policy_only-r001-20260818T022131Z,loan_to_approval,1,118,200,16.309400,
policy_only,1,2,perf-policy_only-r001-20260818T022131Z,loan_to_approval,1,119,200,17.446100,
policy_only,1,2,perf-policy_only-r001-20260818T022131Z,loan_to_approval,1,120,200,17.366700,
policy_only,1,2,perf-policy_only-r001-20260818T022131Z,loan_to_approval,1,121,200,16.243700,
policy_only,1,2,perf-policy_only-r001-20260818T022131Z,loan_to_approval,1,122,200,16.593400,
policy_only,1,2,perf-policy_only-r001-20260818T022131Z,loan_to_approval,1,123,200,16.110500,
policy_only,1,2,perf-policy_only-r001-20260818T022131Z,loan_to_approval,1,124,200,15.929200,
policy_only,1,2,perf-policy_only-r001-20260818T022131Z,loan_to_approval,1,125,200,16.030600,
policy_only,1,2,perf-policy_only-r001-20260818T022131Z,loan_to_approval,1,126,200,16.027800,
policy_only,1,2,perf-policy_only-r001-20260818T022131Z,loan_to_approval,1,127,200,15.708700,
policy_only,1,2,perf-policy_only-r001-20260818T022131Z,loan_to_approval,1,128,200,16.224000,
policy_only,1,2,perf-policy_only-r001-20260818T022131Z,loan_to_approval,1,129,200,17.500200,
policy_only,1,2,perf-policy_only-r001-20260818T022131Z,loan_to_approval,1,130,200,16.277000,
policy_only,1,2,perf-policy_only-r001-20260818T022131Z,loan_to_approval,1,131,200,15.782900,
policy_only,1,2,perf-policy_only-r001-20260818T022131Z,loan_to_approval,1,132,200,15.792900,
policy_only,1,2,perf-policy_only-r001-20260818T022131Z,loan_to_approval,1,133,200,16.187600,
policy_only,1,2,perf-policy_only-r001-20260818T022131Z,loan_to_approval,1,134,200,15.841800,
policy_only,1,2,perf-policy_only-r001-20260818T022131Z,loan_to_approval,1,135,200,16.307800,
policy_only,1,2,perf-policy_only-r001-20260818T022131Z,loan_to_approval,1,136,200,15.994400,
policy_only,1,2,perf-policy_only-r001-20260818T022131Z,loan_to_approval,1,137,200,17.845400,
policy_only,1,2,perf-policy_only-r001-20260818T022131Z,loan_to_approval,1,138,200,15.825500,
policy_only,1,2,perf-policy_only-r001-20260818T022131Z,loan_to_approval,1,139,200,16.129300,
policy_only,1,2,perf-policy_only-r001-20260818T022131Z,loan_to_approval,1,140,200,15.621300,
policy_only,1,2,perf-policy_only-r001-20260818T022131Z,loan_to_approval,1,141,200,16.087500,
policy_only,1,2,perf-policy_only-r001-20260818T022131Z,loan_to_approval,1,142,200,14.823700,
policy_only,1,2,perf-policy_only-r001-20260818T022131Z,loan_to_approval,1,143,200,14.983900,
policy_only,1,2,perf-policy_only-r001-20260818T022131Z,loan_to_approval,1,144,200,16.405600,
policy_only,1,2,perf-policy_only-r001-20260818T022131Z,loan_to_approval,1,145,200,15.635100,
policy_only,1,2,perf-policy_only-r001-20260818T022131Z,loan_to_approval,1,146,200,14.879000,
policy_only,1,2,perf-policy_only-r001-20260818T022131Z,loan_to_approval,1,147,200,15.228200,
policy_only,1,2,perf-policy_only-r001-20260818T022131Z,loan_to_approval,1,148,200,16.046300,
policy_only,1,2,perf-policy_only-r001-20260818T022131Z,loan_to_approval,1,149,200,15.753700,
policy_only,1,2,perf-policy_only-r001-20260818T022131Z,loan_to_approval,1,150,200,16.479300,
policy_only,1,2,perf-policy_only-r001-20260818T022131Z,loan_to_approval,1,151,200,15.715500,
policy_only,1,2,perf-policy_only-r001-20260818T022131Z,loan_to_approval,1,152,200,16.118900,
policy_only,1,2,perf-policy_only-r001-20260818T022131Z,loan_to_approval,1,153,200,15.887700,
policy_only,1,2,perf-policy_only-r001-20260818T022131Z,loan_to_approval,1,154,200,15.818000,
policy_only,1,2,perf-policy_only-r001-20260818T022131Z,loan_to_approval,1,155,200,15.038000,
policy_only,1,2,perf-policy_only-r001-20260818T022131Z,loan_to_approval,1,156,200,16.507200,
policy_only,1,2,perf-policy_only-r001-20260818T022131Z,loan_to_approval,1,157,200,16.553300,
policy_only,1,2,perf-policy_only-r001-20260818T022131Z,loan_to_approval,1,158,200,15.890300,
policy_only,1,2,perf-policy_only-r001-20260818T022131Z,loan_to_approval,1,159,200,16.015200,
policy_only,1,2,perf-policy_only-r001-20260818T022131Z,loan_to_approval,1,160,200,15.857500,
policy_only,1,2,perf-policy_only-r001-20260818T022131Z,loan_to_approval,1,161,200,16.080700,
policy_only,1,2,perf-policy_only-r001-20260818T022131Z,loan_to_approval,1,162,200,15.973500,
policy_only,1,2,perf-policy_only-r001-20260818T022131Z,loan_to_approval,1,163,200,15.875500,
policy_only,1,2,perf-policy_only-r001-20260818T022131Z,loan_to_approval,1,164,200,15.842100,
policy_only,1,2,perf-policy_only-r001-20260818T022131Z,loan_to_approval,1,165,200,16.358200,
policy_only,1,2,perf-policy_only-r001-20260818T022131Z,loan_to_approval,1,166,200,14.732600,
policy_only,1,2,perf-policy_only-r001-20260818T022131Z,loan_to_approval,1,167,200,16.069300,
policy_only,1,2,perf-policy_only-r001-20260818T022131Z,loan_to_approval,1,168,200,15.994600,
policy_only,1,2,perf-policy_only-r001-20260818T022131Z,loan_to_approval,1,169,200,16.085900,
policy_only,1,2,perf-policy_only-r001-20260818T022131Z,loan_to_approval,1,170,200,16.018500,
policy_only,1,2,perf-policy_only-r001-20260818T022131Z,loan_to_approval,1,171,200,15.731000,
policy_only,1,2,perf-policy_only-r001-20260818T022131Z,loan_to_approval,1,172,200,15.777100,
policy_only,1,2,perf-policy_only-r001-20260818T022131Z,loan_to_approval,1,173,200,16.476300,
policy_only,1,2,perf-policy_only-r001-20260818T022131Z,loan_to_approval,1,174,200,16.834000,
policy_only,1,2,perf-policy_only-r001-20260818T022131Z,loan_to_approval,1,175,200,16.135000,
policy_only,1,2,perf-policy_only-r001-20260818T022131Z,loan_to_approval,1,176,200,15.668400,
policy_only,1,2,perf-policy_only-r001-20260818T022131Z,loan_to_approval,1,177,200,14.757600,
policy_only,1,2,perf-policy_only-r001-20260818T022131Z,loan_to_approval,1,178,200,15.283300,
policy_only,1,2,perf-policy_only-r001-20260818T022131Z,loan_to_approval,1,179,200,14.671600,
policy_only,1,2,perf-policy_only-r001-20260818T022131Z,loan_to_approval,1,180,200,15.094400,
policy_only,1,2,perf-policy_only-r001-20260818T022131Z,loan_to_approval,1,181,200,15.600300,
policy_only,1,2,perf-policy_only-r001-20260818T022131Z,loan_to_approval,1,182,200,15.370000,
policy_only,1,2,perf-policy_only-r001-20260818T022131Z,loan_to_approval,1,183,200,16.401800,
policy_only,1,2,perf-policy_only-r001-20260818T022131Z,loan_to_approval,1,184,200,15.827400,
policy_only,1,2,perf-policy_only-r001-20260818T022131Z,loan_to_approval,1,185,200,15.889900,
policy_only,1,2,perf-policy_only-r001-20260818T022131Z,loan_to_approval,1,186,200,15.928100,
policy_only,1,2,perf-policy_only-r001-20260818T022131Z,loan_to_approval,1,187,200,15.876000,
policy_only,1,2,perf-policy_only-r001-20260818T022131Z,loan_to_approval,1,188,200,15.891100,
policy_only,1,2,perf-policy_only-r001-20260818T022131Z,loan_to_approval,1,189,200,15.392500,
policy_only,1,2,perf-policy_only-r001-20260818T022131Z,loan_to_approval,1,190,200,16.057200,
policy_only,1,2,perf-policy_only-r001-20260818T022131Z,loan_to_approval,1,191,200,15.694700,
policy_only,1,2,perf-policy_only-r001-20260818T022131Z,loan_to_approval,1,192,200,16.061300,
policy_only,1,2,perf-policy_only-r001-20260818T022131Z,loan_to_approval,1,193,200,15.842400,
policy_only,1,2,perf-policy_only-r001-20260818T022131Z,loan_to_approval,1,194,200,15.954200,
policy_only,1,2,perf-policy_only-r001-20260818T022131Z,loan_to_approval,1,195,200,15.048300,
policy_only,1,2,perf-policy_only-r001-20260818T022131Z,loan_to_approval,1,196,200,16.169200,
policy_only,1,2,perf-policy_only-r001-20260818T022131Z,loan_to_approval,1,197,200,15.857700,
policy_only,1,2,perf-policy_only-r001-20260818T022131Z,loan_to_approval,1,198,200,15.724200,
policy_only,1,2,perf-policy_only-r001-20260818T022131Z,loan_to_approval,1,199,200,16.149500,
policy_only,1,2,perf-policy_only-r001-20260818T022131Z,loan_to_approval,1,200,200,15.793900,
policy_only,1,2,perf-policy_only-r001-20260818T022131Z,loan_to_approval,2,1,200,16.307800,
policy_only,1,2,perf-policy_only-r001-20260818T022131Z,loan_to_approval,2,2,200,15.745400,
policy_only,1,2,perf-policy_only-r001-20260818T022131Z,loan_to_approval,2,3,200,15.140300,
policy_only,1,2,perf-policy_only-r001-20260818T022131Z,loan_to_approval,2,4,200,16.242400,
policy_only,1,2,perf-policy_only-r001-20260818T022131Z,loan_to_approval,2,5,200,15.672500,
policy_only,1,2,perf-policy_only-r001-20260818T022131Z,loan_to_approval,2,6,200,14.823100,
policy_only,1,2,perf-policy_only-r001-20260818T022131Z,loan_to_approval,2,7,200,15.931100,
policy_only,1,2,perf-policy_only-r001-20260818T022131Z,loan_to_approval,2,8,200,16.458100,
policy_only,1,2,perf-policy_only-r001-20260818T022131Z,loan_to_approval,2,9,200,15.689000,
policy_only,1,2,perf-policy_only-r001-20260818T022131Z,loan_to_approval,2,10,200,16.553600,
policy_only,1,2,perf-policy_only-r001-20260818T022131Z,loan_to_approval,2,11,200,15.026300,
policy_only,1,2,perf-policy_only-r001-20260818T022131Z,loan_to_approval,2,12,200,15.360500,
policy_only,1,2,perf-policy_only-r001-20260818T022131Z,loan_to_approval,2,13,200,16.663600,
policy_only,1,2,perf-policy_only-r001-20260818T022131Z,loan_to_approval,2,14,200,14.777700,
policy_only,1,2,perf-policy_only-r001-20260818T022131Z,loan_to_approval,2,15,200,15.256800,
policy_only,1,2,perf-policy_only-r001-20260818T022131Z,loan_to_approval,2,16,200,15.935700,
policy_only,1,2,perf-policy_only-r001-20260818T022131Z,loan_to_approval,2,17,200,15.457600,
policy_only,1,2,perf-policy_only-r001-20260818T022131Z,loan_to_approval,2,18,200,15.838000,
policy_only,1,2,perf-policy_only-r001-20260818T022131Z,loan_to_approval,2,19,200,15.989100,
policy_only,1,2,perf-policy_only-r001-20260818T022131Z,loan_to_approval,2,20,200,14.501700,
policy_only,1,2,perf-policy_only-r001-20260818T022131Z,loan_to_approval,2,21,200,16.177200,
policy_only,1,2,perf-policy_only-r001-20260818T022131Z,loan_to_approval,2,22,200,16.204300,
policy_only,1,2,perf-policy_only-r001-20260818T022131Z,loan_to_approval,2,23,200,15.709100,
policy_only,1,2,perf-policy_only-r001-20260818T022131Z,loan_to_approval,2,24,200,15.486400,
policy_only,1,2,perf-policy_only-r001-20260818T022131Z,loan_to_approval,2,25,200,15.767700,
policy_only,1,2,perf-policy_only-r001-20260818T022131Z,loan_to_approval,2,26,200,14.339600,
policy_only,1,2,perf-policy_only-r001-20260818T022131Z,loan_to_approval,2,27,200,15.604200,
policy_only,1,2,perf-policy_only-r001-20260818T022131Z,loan_to_approval,2,28,200,15.016200,
policy_only,1,2,perf-policy_only-r001-20260818T022131Z,loan_to_approval,2,29,200,15.736000,
policy_only,1,2,perf-policy_only-r001-20260818T022131Z,loan_to_approval,2,30,200,16.134800,
policy_only,1,2,perf-policy_only-r001-20260818T022131Z,loan_to_approval,2,31,200,15.237300,
policy_only,1,2,perf-policy_only-r001-20260818T022131Z,loan_to_approval,2,32,200,14.318200,
policy_only,1,2,perf-policy_only-r001-20260818T022131Z,loan_to_approval,2,33,200,14.377600,
policy_only,1,2,perf-policy_only-r001-20260818T022131Z,loan_to_approval,2,34,200,15.014600,
policy_only,1,2,perf-policy_only-r001-20260818T022131Z,loan_to_approval,2,35,200,15.997300,
policy_only,1,2,perf-policy_only-r001-20260818T022131Z,loan_to_approval,2,36,200,15.246900,
policy_only,1,2,perf-policy_only-r001-20260818T022131Z,loan_to_approval,2,37,200,16.125600,
policy_only,1,2,perf-policy_only-r001-20260818T022131Z,loan_to_approval,2,38,200,16.186100,
policy_only,1,2,perf-policy_only-r001-20260818T022131Z,loan_to_approval,2,39,200,20.073200,
policy_only,1,2,perf-policy_only-r001-20260818T022131Z,loan_to_approval,2,40,200,17.783000,
policy_only,1,2,perf-policy_only-r001-20260818T022131Z,loan_to_approval,2,41,200,16.966300,
policy_only,1,2,perf-policy_only-r001-20260818T022131Z,loan_to_approval,2,42,200,16.547400,
policy_only,1,2,perf-policy_only-r001-20260818T022131Z,loan_to_approval,2,43,200,17.476300,
policy_only,1,2,perf-policy_only-r001-20260818T022131Z,loan_to_approval,2,44,200,19.124000,
policy_only,1,2,perf-policy_only-r001-20260818T022131Z,loan_to_approval,2,45,200,20.036000,
policy_only,1,2,perf-policy_only-r001-20260818T022131Z,loan_to_approval,2,46,200,16.779100,
policy_only,1,2,perf-policy_only-r001-20260818T022131Z,loan_to_approval,2,47,200,17.758000,
policy_only,1,2,perf-policy_only-r001-20260818T022131Z,loan_to_approval,2,48,200,15.772500,
policy_only,1,2,perf-policy_only-r001-20260818T022131Z,loan_to_approval,2,49,200,17.818500,
policy_only,1,2,perf-policy_only-r001-20260818T022131Z,loan_to_approval,2,50,200,16.620800,
policy_only,1,2,perf-policy_only-r001-20260818T022131Z,loan_to_approval,2,51,200,17.278900,
policy_only,1,2,perf-policy_only-r001-20260818T022131Z,loan_to_approval,2,52,200,15.131000,
policy_only,1,2,perf-policy_only-r001-20260818T022131Z,loan_to_approval,2,53,200,15.531600,
policy_only,1,2,perf-policy_only-r001-20260818T022131Z,loan_to_approval,2,54,200,16.839300,
policy_only,1,2,perf-policy_only-r001-20260818T022131Z,loan_to_approval,2,55,200,16.632400,
policy_only,1,2,perf-policy_only-r001-20260818T022131Z,loan_to_approval,2,56,200,15.919900,
policy_only,1,2,perf-policy_only-r001-20260818T022131Z,loan_to_approval,2,57,200,15.983900,
policy_only,1,2,perf-policy_only-r001-20260818T022131Z,loan_to_approval,2,58,200,17.140000,
policy_only,1,2,perf-policy_only-r001-20260818T022131Z,loan_to_approval,2,59,200,17.467300,
policy_only,1,2,perf-policy_only-r001-20260818T022131Z,loan_to_approval,2,60,200,16.740500,
policy_only,1,2,perf-policy_only-r001-20260818T022131Z,loan_to_approval,2,61,200,17.150600,
policy_only,1,2,perf-policy_only-r001-20260818T022131Z,loan_to_approval,2,62,200,16.383500,
policy_only,1,2,perf-policy_only-r001-20260818T022131Z,loan_to_approval,2,63,200,15.907500,
policy_only,1,2,perf-policy_only-r001-20260818T022131Z,loan_to_approval,2,64,200,15.793700,
policy_only,1,2,perf-policy_only-r001-20260818T022131Z,loan_to_approval,2,65,200,18.312600,
policy_only,1,2,perf-policy_only-r001-20260818T022131Z,loan_to_approval,2,66,200,15.450900,
policy_only,1,2,perf-policy_only-r001-20260818T022131Z,loan_to_approval,2,67,200,16.848400,
policy_only,1,2,perf-policy_only-r001-20260818T022131Z,loan_to_approval,2,68,200,18.829700,
policy_only,1,2,perf-policy_only-r001-20260818T022131Z,loan_to_approval,2,69,200,17.811600,
policy_only,1,2,perf-policy_only-r001-20260818T022131Z,loan_to_approval,2,70,200,17.189500,
policy_only,1,2,perf-policy_only-r001-20260818T022131Z,loan_to_approval,2,71,200,17.031400,
policy_only,1,2,perf-policy_only-r001-20260818T022131Z,loan_to_approval,2,72,200,16.993300,
policy_only,1,2,perf-policy_only-r001-20260818T022131Z,loan_to_approval,2,73,200,16.626300,
policy_only,1,2,perf-policy_only-r001-20260818T022131Z,loan_to_approval,2,74,200,16.041300,
policy_only,1,2,perf-policy_only-r001-20260818T022131Z,loan_to_approval,2,75,200,18.129100,
policy_only,1,2,perf-policy_only-r001-20260818T022131Z,loan_to_approval,2,76,200,15.796500,
policy_only,1,2,perf-policy_only-r001-20260818T022131Z,loan_to_approval,2,77,200,16.893500,
policy_only,1,2,perf-policy_only-r001-20260818T022131Z,loan_to_approval,2,78,200,15.702800,
policy_only,1,2,perf-policy_only-r001-20260818T022131Z,loan_to_approval,2,79,200,16.368200,
policy_only,1,2,perf-policy_only-r001-20260818T022131Z,loan_to_approval,2,80,200,15.922000,
policy_only,1,2,perf-policy_only-r001-20260818T022131Z,loan_to_approval,2,81,200,15.617900,
policy_only,1,2,perf-policy_only-r001-20260818T022131Z,loan_to_approval,2,82,200,16.171100,
policy_only,1,2,perf-policy_only-r001-20260818T022131Z,loan_to_approval,2,83,200,16.565100,
policy_only,1,2,perf-policy_only-r001-20260818T022131Z,loan_to_approval,2,84,200,16.426900,
policy_only,1,2,perf-policy_only-r001-20260818T022131Z,loan_to_approval,2,85,200,16.139700,
policy_only,1,2,perf-policy_only-r001-20260818T022131Z,loan_to_approval,2,86,200,16.058300,
policy_only,1,2,perf-policy_only-r001-20260818T022131Z,loan_to_approval,2,87,200,15.712100,
policy_only,1,2,perf-policy_only-r001-20260818T022131Z,loan_to_approval,2,88,200,15.792700,
policy_only,1,2,perf-policy_only-r001-20260818T022131Z,loan_to_approval,2,89,200,15.231700,
policy_only,1,2,perf-policy_only-r001-20260818T022131Z,loan_to_approval,2,90,200,15.498600,
policy_only,1,2,perf-policy_only-r001-20260818T022131Z,loan_to_approval,2,91,200,15.443000,
policy_only,1,2,perf-policy_only-r001-20260818T022131Z,loan_to_approval,2,92,200,16.003400,
policy_only,1,2,perf-policy_only-r001-20260818T022131Z,loan_to_approval,2,93,200,15.810600,
policy_only,1,2,perf-policy_only-r001-20260818T022131Z,loan_to_approval,2,94,200,14.806400,
policy_only,1,2,perf-policy_only-r001-20260818T022131Z,loan_to_approval,2,95,200,15.232800,
policy_only,1,2,perf-policy_only-r001-20260818T022131Z,loan_to_approval,2,96,200,16.459200,
policy_only,1,2,perf-policy_only-r001-20260818T022131Z,loan_to_approval,2,97,200,15.480200,
policy_only,1,2,perf-policy_only-r001-20260818T022131Z,loan_to_approval,2,98,200,16.111600,
policy_only,1,2,perf-policy_only-r001-20260818T022131Z,loan_to_approval,2,99,200,16.069400,
policy_only,1,2,perf-policy_only-r001-20260818T022131Z,loan_to_approval,2,100,200,18.070000,
policy_only,1,2,perf-policy_only-r001-20260818T022131Z,loan_to_approval,2,101,200,20.225400,
policy_only,1,2,perf-policy_only-r001-20260818T022131Z,loan_to_approval,2,102,200,15.552800,
policy_only,1,2,perf-policy_only-r001-20260818T022131Z,loan_to_approval,2,103,200,17.071300,
policy_only,1,2,perf-policy_only-r001-20260818T022131Z,loan_to_approval,2,104,200,16.054500,
policy_only,1,2,perf-policy_only-r001-20260818T022131Z,loan_to_approval,2,105,200,17.686100,
policy_only,1,2,perf-policy_only-r001-20260818T022131Z,loan_to_approval,2,106,200,19.077700,
policy_only,1,2,perf-policy_only-r001-20260818T022131Z,loan_to_approval,2,107,200,19.026200,
policy_only,1,2,perf-policy_only-r001-20260818T022131Z,loan_to_approval,2,108,200,20.747500,
policy_only,1,2,perf-policy_only-r001-20260818T022131Z,loan_to_approval,2,109,200,21.802000,
policy_only,1,2,perf-policy_only-r001-20260818T022131Z,loan_to_approval,2,110,200,18.660900,
policy_only,1,2,perf-policy_only-r001-20260818T022131Z,loan_to_approval,2,111,200,18.344100,
policy_only,1,2,perf-policy_only-r001-20260818T022131Z,loan_to_approval,2,112,200,19.895900,
policy_only,1,2,perf-policy_only-r001-20260818T022131Z,loan_to_approval,2,113,200,18.418200,
policy_only,1,2,perf-policy_only-r001-20260818T022131Z,loan_to_approval,2,114,200,16.931300,
policy_only,1,2,perf-policy_only-r001-20260818T022131Z,loan_to_approval,2,115,200,18.434900,
policy_only,1,2,perf-policy_only-r001-20260818T022131Z,loan_to_approval,2,116,200,15.310300,
policy_only,1,2,perf-policy_only-r001-20260818T022131Z,loan_to_approval,2,117,200,15.950600,
policy_only,1,2,perf-policy_only-r001-20260818T022131Z,loan_to_approval,2,118,200,15.774600,
policy_only,1,2,perf-policy_only-r001-20260818T022131Z,loan_to_approval,2,119,200,16.387900,
policy_only,1,2,perf-policy_only-r001-20260818T022131Z,loan_to_approval,2,120,200,15.567100,
policy_only,1,2,perf-policy_only-r001-20260818T022131Z,loan_to_approval,2,121,200,15.977000,
policy_only,1,2,perf-policy_only-r001-20260818T022131Z,loan_to_approval,2,122,200,18.455000,
policy_only,1,2,perf-policy_only-r001-20260818T022131Z,loan_to_approval,2,123,200,18.838100,
policy_only,1,2,perf-policy_only-r001-20260818T022131Z,loan_to_approval,2,124,200,18.904900,
policy_only,1,2,perf-policy_only-r001-20260818T022131Z,loan_to_approval,2,125,200,17.301800,
policy_only,1,2,perf-policy_only-r001-20260818T022131Z,loan_to_approval,2,126,200,16.763800,
policy_only,1,2,perf-policy_only-r001-20260818T022131Z,loan_to_approval,2,127,200,20.187300,
policy_only,1,2,perf-policy_only-r001-20260818T022131Z,loan_to_approval,2,128,200,18.142300,
policy_only,1,2,perf-policy_only-r001-20260818T022131Z,loan_to_approval,2,129,200,18.435900,
policy_only,1,2,perf-policy_only-r001-20260818T022131Z,loan_to_approval,2,130,200,16.069500,
policy_only,1,2,perf-policy_only-r001-20260818T022131Z,loan_to_approval,2,131,200,15.894900,
policy_only,1,2,perf-policy_only-r001-20260818T022131Z,loan_to_approval,2,132,200,16.302800,
policy_only,1,2,perf-policy_only-r001-20260818T022131Z,loan_to_approval,2,133,200,15.669100,
policy_only,1,2,perf-policy_only-r001-20260818T022131Z,loan_to_approval,2,134,200,15.212500,
policy_only,1,2,perf-policy_only-r001-20260818T022131Z,loan_to_approval,2,135,200,15.825300,
policy_only,1,2,perf-policy_only-r001-20260818T022131Z,loan_to_approval,2,136,200,15.256900,
policy_only,1,2,perf-policy_only-r001-20260818T022131Z,loan_to_approval,2,137,200,14.537600,
policy_only,1,2,perf-policy_only-r001-20260818T022131Z,loan_to_approval,2,138,200,16.275300,
policy_only,1,2,perf-policy_only-r001-20260818T022131Z,loan_to_approval,2,139,200,15.744300,
policy_only,1,2,perf-policy_only-r001-20260818T022131Z,loan_to_approval,2,140,200,15.043800,
policy_only,1,2,perf-policy_only-r001-20260818T022131Z,loan_to_approval,2,141,200,16.098200,
policy_only,1,2,perf-policy_only-r001-20260818T022131Z,loan_to_approval,2,142,200,16.029200,
policy_only,1,2,perf-policy_only-r001-20260818T022131Z,loan_to_approval,2,143,200,15.789600,
policy_only,1,2,perf-policy_only-r001-20260818T022131Z,loan_to_approval,2,144,200,15.868500,
policy_only,1,2,perf-policy_only-r001-20260818T022131Z,loan_to_approval,2,145,200,15.865200,
policy_only,1,2,perf-policy_only-r001-20260818T022131Z,loan_to_approval,2,146,200,14.881000,
policy_only,1,2,perf-policy_only-r001-20260818T022131Z,loan_to_approval,2,147,200,15.194600,
policy_only,1,2,perf-policy_only-r001-20260818T022131Z,loan_to_approval,2,148,200,16.035900,
policy_only,1,2,perf-policy_only-r001-20260818T022131Z,loan_to_approval,2,149,200,16.024700,
policy_only,1,2,perf-policy_only-r001-20260818T022131Z,loan_to_approval,2,150,200,16.112400,
policy_only,1,2,perf-policy_only-r001-20260818T022131Z,loan_to_approval,2,151,200,15.796700,
policy_only,1,2,perf-policy_only-r001-20260818T022131Z,loan_to_approval,2,152,200,15.910400,
policy_only,1,2,perf-policy_only-r001-20260818T022131Z,loan_to_approval,2,153,200,16.045800,
policy_only,1,2,perf-policy_only-r001-20260818T022131Z,loan_to_approval,2,154,200,16.051600,
policy_only,1,2,perf-policy_only-r001-20260818T022131Z,loan_to_approval,2,155,200,14.918900,
policy_only,1,2,perf-policy_only-r001-20260818T022131Z,loan_to_approval,2,156,200,16.002400,
policy_only,1,2,perf-policy_only-r001-20260818T022131Z,loan_to_approval,2,157,200,16.227600,
policy_only,1,2,perf-policy_only-r001-20260818T022131Z,loan_to_approval,2,158,200,16.903400,
policy_only,1,2,perf-policy_only-r001-20260818T022131Z,loan_to_approval,2,159,200,17.667900,
policy_only,1,2,perf-policy_only-r001-20260818T022131Z,loan_to_approval,2,160,200,16.341500,
policy_only,1,2,perf-policy_only-r001-20260818T022131Z,loan_to_approval,2,161,200,16.185500,
policy_only,1,2,perf-policy_only-r001-20260818T022131Z,loan_to_approval,2,162,200,17.001900,
policy_only,1,2,perf-policy_only-r001-20260818T022131Z,loan_to_approval,2,163,200,17.022600,
policy_only,1,2,perf-policy_only-r001-20260818T022131Z,loan_to_approval,2,164,200,15.765800,
policy_only,1,2,perf-policy_only-r001-20260818T022131Z,loan_to_approval,2,165,200,18.945500,
policy_only,1,2,perf-policy_only-r001-20260818T022131Z,loan_to_approval,2,166,200,16.016300,
policy_only,1,2,perf-policy_only-r001-20260818T022131Z,loan_to_approval,2,167,200,18.193500,
policy_only,1,2,perf-policy_only-r001-20260818T022131Z,loan_to_approval,2,168,200,18.243200,
policy_only,1,2,perf-policy_only-r001-20260818T022131Z,loan_to_approval,2,169,200,17.280900,
policy_only,1,2,perf-policy_only-r001-20260818T022131Z,loan_to_approval,2,170,200,18.735000,
policy_only,1,2,perf-policy_only-r001-20260818T022131Z,loan_to_approval,2,171,200,17.936000,
policy_only,1,2,perf-policy_only-r001-20260818T022131Z,loan_to_approval,2,172,200,16.619300,
policy_only,1,2,perf-policy_only-r001-20260818T022131Z,loan_to_approval,2,173,200,17.278800,
policy_only,1,2,perf-policy_only-r001-20260818T022131Z,loan_to_approval,2,174,200,17.386400,
policy_only,1,2,perf-policy_only-r001-20260818T022131Z,loan_to_approval,2,175,200,17.407200,
policy_only,1,2,perf-policy_only-r001-20260818T022131Z,loan_to_approval,2,176,200,17.029900,
policy_only,1,2,perf-policy_only-r001-20260818T022131Z,loan_to_approval,2,177,200,16.852200,
policy_only,1,2,perf-policy_only-r001-20260818T022131Z,loan_to_approval,2,178,200,17.674200,
policy_only,1,2,perf-policy_only-r001-20260818T022131Z,loan_to_approval,2,179,200,16.283000,
policy_only,1,2,perf-policy_only-r001-20260818T022131Z,loan_to_approval,2,180,200,17.003800,
policy_only,1,2,perf-policy_only-r001-20260818T022131Z,loan_to_approval,2,181,200,16.242400,
policy_only,1,2,perf-policy_only-r001-20260818T022131Z,loan_to_approval,2,182,200,16.586600,
policy_only,1,2,perf-policy_only-r001-20260818T022131Z,loan_to_approval,2,183,200,15.778100,
policy_only,1,2,perf-policy_only-r001-20260818T022131Z,loan_to_approval,2,184,200,15.640400,
policy_only,1,2,perf-policy_only-r001-20260818T022131Z,loan_to_approval,2,185,200,15.116500,
policy_only,1,2,perf-policy_only-r001-20260818T022131Z,loan_to_approval,2,186,200,16.198700,
policy_only,1,2,perf-policy_only-r001-20260818T022131Z,loan_to_approval,2,187,200,15.925900,
policy_only,1,2,perf-policy_only-r001-20260818T022131Z,loan_to_approval,2,188,200,17.325100,
policy_only,1,2,perf-policy_only-r001-20260818T022131Z,loan_to_approval,2,189,200,15.869200,
policy_only,1,2,perf-policy_only-r001-20260818T022131Z,loan_to_approval,2,190,200,16.050000,
policy_only,1,2,perf-policy_only-r001-20260818T022131Z,loan_to_approval,2,191,200,16.044100,
policy_only,1,2,perf-policy_only-r001-20260818T022131Z,loan_to_approval,2,192,200,15.668900,
policy_only,1,2,perf-policy_only-r001-20260818T022131Z,loan_to_approval,2,193,200,16.180400,
policy_only,1,2,perf-policy_only-r001-20260818T022131Z,loan_to_approval,2,194,200,16.238000,
policy_only,1,2,perf-policy_only-r001-20260818T022131Z,loan_to_approval,2,195,200,17.029200,
policy_only,1,2,perf-policy_only-r001-20260818T022131Z,loan_to_approval,2,196,200,16.739700,
policy_only,1,2,perf-policy_only-r001-20260818T022131Z,loan_to_approval,2,197,200,16.825900,
policy_only,1,2,perf-policy_only-r001-20260818T022131Z,loan_to_approval,2,198,200,16.342700,
policy_only,1,2,perf-policy_only-r001-20260818T022131Z,loan_to_approval,2,199,200,16.734700,
policy_only,1,2,perf-policy_only-r001-20260818T022131Z,loan_to_approval,2,200,200,17.368300,
policy_only,1,2,perf-policy_only-r001-20260818T022131Z,loan_to_approval,3,1,200,16.760000,
policy_only,1,2,perf-policy_only-r001-20260818T022131Z,loan_to_approval,3,2,200,16.681600,
policy_only,1,2,perf-policy_only-r001-20260818T022131Z,loan_to_approval,3,3,200,17.108400,
policy_only,1,2,perf-policy_only-r001-20260818T022131Z,loan_to_approval,3,4,200,17.662900,
policy_only,1,2,perf-policy_only-r001-20260818T022131Z,loan_to_approval,3,5,200,17.629700,
policy_only,1,2,perf-policy_only-r001-20260818T022131Z,loan_to_approval,3,6,200,17.803000,
policy_only,1,2,perf-policy_only-r001-20260818T022131Z,loan_to_approval,3,7,200,17.160300,
policy_only,1,2,perf-policy_only-r001-20260818T022131Z,loan_to_approval,3,8,200,17.185200,
policy_only,1,2,perf-policy_only-r001-20260818T022131Z,loan_to_approval,3,9,200,16.714500,
policy_only,1,2,perf-policy_only-r001-20260818T022131Z,loan_to_approval,3,10,200,16.800400,
policy_only,1,2,perf-policy_only-r001-20260818T022131Z,loan_to_approval,3,11,200,16.993100,
policy_only,1,2,perf-policy_only-r001-20260818T022131Z,loan_to_approval,3,12,200,16.990000,
policy_only,1,2,perf-policy_only-r001-20260818T022131Z,loan_to_approval,3,13,200,17.189300,
policy_only,1,2,perf-policy_only-r001-20260818T022131Z,loan_to_approval,3,14,200,16.620200,
policy_only,1,2,perf-policy_only-r001-20260818T022131Z,loan_to_approval,3,15,200,16.278200,
policy_only,1,2,perf-policy_only-r001-20260818T022131Z,loan_to_approval,3,16,200,16.654400,
policy_only,1,2,perf-policy_only-r001-20260818T022131Z,loan_to_approval,3,17,200,16.947500,
policy_only,1,2,perf-policy_only-r001-20260818T022131Z,loan_to_approval,3,18,200,15.847500,
policy_only,1,2,perf-policy_only-r001-20260818T022131Z,loan_to_approval,3,19,200,16.202300,
policy_only,1,2,perf-policy_only-r001-20260818T022131Z,loan_to_approval,3,20,200,16.991300,
policy_only,1,2,perf-policy_only-r001-20260818T022131Z,loan_to_approval,3,21,200,15.594000,
policy_only,1,2,perf-policy_only-r001-20260818T022131Z,loan_to_approval,3,22,200,17.637000,
policy_only,1,2,perf-policy_only-r001-20260818T022131Z,loan_to_approval,3,23,200,17.074700,
policy_only,1,2,perf-policy_only-r001-20260818T022131Z,loan_to_approval,3,24,200,18.100000,
policy_only,1,2,perf-policy_only-r001-20260818T022131Z,loan_to_approval,3,25,200,16.490000,
policy_only,1,2,perf-policy_only-r001-20260818T022131Z,loan_to_approval,3,26,200,17.304100,
policy_only,1,2,perf-policy_only-r001-20260818T022131Z,loan_to_approval,3,27,200,16.640500,
policy_only,1,2,perf-policy_only-r001-20260818T022131Z,loan_to_approval,3,28,200,15.728200,
policy_only,1,2,perf-policy_only-r001-20260818T022131Z,loan_to_approval,3,29,200,17.260200,
policy_only,1,2,perf-policy_only-r001-20260818T022131Z,loan_to_approval,3,30,200,16.917600,
policy_only,1,2,perf-policy_only-r001-20260818T022131Z,loan_to_approval,3,31,200,16.734800,
policy_only,1,2,perf-policy_only-r001-20260818T022131Z,loan_to_approval,3,32,200,15.607300,
policy_only,1,2,perf-policy_only-r001-20260818T022131Z,loan_to_approval,3,33,200,16.126300,
policy_only,1,2,perf-policy_only-r001-20260818T022131Z,loan_to_approval,3,34,200,16.009400,
policy_only,1,2,perf-policy_only-r001-20260818T022131Z,loan_to_approval,3,35,200,14.161900,
policy_only,1,2,perf-policy_only-r001-20260818T022131Z,loan_to_approval,3,36,200,14.688100,
policy_only,1,2,perf-policy_only-r001-20260818T022131Z,loan_to_approval,3,37,200,14.229800,
policy_only,1,2,perf-policy_only-r001-20260818T022131Z,loan_to_approval,3,38,200,14.186100,
policy_only,1,2,perf-policy_only-r001-20260818T022131Z,loan_to_approval,3,39,200,14.095100,
policy_only,1,2,perf-policy_only-r001-20260818T022131Z,loan_to_approval,3,40,200,13.914500,
policy_only,1,2,perf-policy_only-r001-20260818T022131Z,loan_to_approval,3,41,200,14.648600,
policy_only,1,2,perf-policy_only-r001-20260818T022131Z,loan_to_approval,3,42,200,14.799100,
policy_only,1,2,perf-policy_only-r001-20260818T022131Z,loan_to_approval,3,43,200,14.306800,
policy_only,1,2,perf-policy_only-r001-20260818T022131Z,loan_to_approval,3,44,200,13.905000,
policy_only,1,2,perf-policy_only-r001-20260818T022131Z,loan_to_approval,3,45,200,14.361000,
policy_only,1,2,perf-policy_only-r001-20260818T022131Z,loan_to_approval,3,46,200,13.990700,
policy_only,1,2,perf-policy_only-r001-20260818T022131Z,loan_to_approval,3,47,200,14.533900,
policy_only,1,2,perf-policy_only-r001-20260818T022131Z,loan_to_approval,3,48,200,13.913200,
policy_only,1,2,perf-policy_only-r001-20260818T022131Z,loan_to_approval,3,49,200,14.859700,
policy_only,1,2,perf-policy_only-r001-20260818T022131Z,loan_to_approval,3,50,200,14.825300,
policy_only,1,2,perf-policy_only-r001-20260818T022131Z,loan_to_approval,3,51,200,16.344700,
policy_only,1,2,perf-policy_only-r001-20260818T022131Z,loan_to_approval,3,52,200,15.861500,
policy_only,1,2,perf-policy_only-r001-20260818T022131Z,loan_to_approval,3,53,200,16.114700,
policy_only,1,2,perf-policy_only-r001-20260818T022131Z,loan_to_approval,3,54,200,15.112000,
policy_only,1,2,perf-policy_only-r001-20260818T022131Z,loan_to_approval,3,55,200,15.992900,
policy_only,1,2,perf-policy_only-r001-20260818T022131Z,loan_to_approval,3,56,200,16.098800,
policy_only,1,2,perf-policy_only-r001-20260818T022131Z,loan_to_approval,3,57,200,15.863100,
policy_only,1,2,perf-policy_only-r001-20260818T022131Z,loan_to_approval,3,58,200,15.928500,
policy_only,1,2,perf-policy_only-r001-20260818T022131Z,loan_to_approval,3,59,200,15.748300,
policy_only,1,2,perf-policy_only-r001-20260818T022131Z,loan_to_approval,3,60,200,16.048600,
policy_only,1,2,perf-policy_only-r001-20260818T022131Z,loan_to_approval,3,61,200,15.913400,
policy_only,1,2,perf-policy_only-r001-20260818T022131Z,loan_to_approval,3,62,200,16.231800,
policy_only,1,2,perf-policy_only-r001-20260818T022131Z,loan_to_approval,3,63,200,15.705900,
policy_only,1,2,perf-policy_only-r001-20260818T022131Z,loan_to_approval,3,64,200,15.941400,
policy_only,1,2,perf-policy_only-r001-20260818T022131Z,loan_to_approval,3,65,200,16.105800,
policy_only,1,2,perf-policy_only-r001-20260818T022131Z,loan_to_approval,3,66,200,16.062300,
policy_only,1,2,perf-policy_only-r001-20260818T022131Z,loan_to_approval,3,67,200,14.697500,
policy_only,1,2,perf-policy_only-r001-20260818T022131Z,loan_to_approval,3,68,200,16.296400,
policy_only,1,2,perf-policy_only-r001-20260818T022131Z,loan_to_approval,3,69,200,15.755900,
policy_only,1,2,perf-policy_only-r001-20260818T022131Z,loan_to_approval,3,70,200,16.152300,
policy_only,1,2,perf-policy_only-r001-20260818T022131Z,loan_to_approval,3,71,200,16.047300,
policy_only,1,2,perf-policy_only-r001-20260818T022131Z,loan_to_approval,3,72,200,16.705300,
policy_only,1,2,perf-policy_only-r001-20260818T022131Z,loan_to_approval,3,73,200,15.922300,
policy_only,1,2,perf-policy_only-r001-20260818T022131Z,loan_to_approval,3,74,200,15.940000,
policy_only,1,2,perf-policy_only-r001-20260818T022131Z,loan_to_approval,3,75,200,17.530100,
policy_only,1,2,perf-policy_only-r001-20260818T022131Z,loan_to_approval,3,76,200,15.504400,
policy_only,1,2,perf-policy_only-r001-20260818T022131Z,loan_to_approval,3,77,200,16.627700,
policy_only,1,2,perf-policy_only-r001-20260818T022131Z,loan_to_approval,3,78,200,16.795600,
policy_only,1,2,perf-policy_only-r001-20260818T022131Z,loan_to_approval,3,79,200,15.539800,
policy_only,1,2,perf-policy_only-r001-20260818T022131Z,loan_to_approval,3,80,200,15.943600,
policy_only,1,2,perf-policy_only-r001-20260818T022131Z,loan_to_approval,3,81,200,16.256400,
policy_only,1,2,perf-policy_only-r001-20260818T022131Z,loan_to_approval,3,82,200,15.721100,
policy_only,1,2,perf-policy_only-r001-20260818T022131Z,loan_to_approval,3,83,200,15.994100,
policy_only,1,2,perf-policy_only-r001-20260818T022131Z,loan_to_approval,3,84,200,16.301700,
policy_only,1,2,perf-policy_only-r001-20260818T022131Z,loan_to_approval,3,85,200,15.835600,
policy_only,1,2,perf-policy_only-r001-20260818T022131Z,loan_to_approval,3,86,200,16.146200,
policy_only,1,2,perf-policy_only-r001-20260818T022131Z,loan_to_approval,3,87,200,15.839300,
policy_only,1,2,perf-policy_only-r001-20260818T022131Z,loan_to_approval,3,88,200,16.030700,
policy_only,1,2,perf-policy_only-r001-20260818T022131Z,loan_to_approval,3,89,200,15.876900,
policy_only,1,2,perf-policy_only-r001-20260818T022131Z,loan_to_approval,3,90,200,18.065500,
policy_only,1,2,perf-policy_only-r001-20260818T022131Z,loan_to_approval,3,91,200,15.660500,
policy_only,1,2,perf-policy_only-r001-20260818T022131Z,loan_to_approval,3,92,200,15.903500,
policy_only,1,2,perf-policy_only-r001-20260818T022131Z,loan_to_approval,3,93,200,16.246900,
policy_only,1,2,perf-policy_only-r001-20260818T022131Z,loan_to_approval,3,94,200,15.783000,
policy_only,1,2,perf-policy_only-r001-20260818T022131Z,loan_to_approval,3,95,200,17.275100,
policy_only,1,2,perf-policy_only-r001-20260818T022131Z,loan_to_approval,3,96,200,15.923300,
policy_only,1,2,perf-policy_only-r001-20260818T022131Z,loan_to_approval,3,97,200,16.124300,
policy_only,1,2,perf-policy_only-r001-20260818T022131Z,loan_to_approval,3,98,200,15.631800,
policy_only,1,2,perf-policy_only-r001-20260818T022131Z,loan_to_approval,3,99,200,16.234000,
policy_only,1,2,perf-policy_only-r001-20260818T022131Z,loan_to_approval,3,100,200,15.720600,
policy_only,1,2,perf-policy_only-r001-20260818T022131Z,loan_to_approval,3,101,200,17.204500,
policy_only,1,2,perf-policy_only-r001-20260818T022131Z,loan_to_approval,3,102,200,15.809900,
policy_only,1,2,perf-policy_only-r001-20260818T022131Z,loan_to_approval,3,103,200,16.085900,
policy_only,1,2,perf-policy_only-r001-20260818T022131Z,loan_to_approval,3,104,200,16.245200,
policy_only,1,2,perf-policy_only-r001-20260818T022131Z,loan_to_approval,3,105,200,17.117300,
policy_only,1,2,perf-policy_only-r001-20260818T022131Z,loan_to_approval,3,106,200,16.787600,
policy_only,1,2,perf-policy_only-r001-20260818T022131Z,loan_to_approval,3,107,200,18.151600,
policy_only,1,2,perf-policy_only-r001-20260818T022131Z,loan_to_approval,3,108,200,19.060000,
policy_only,1,2,perf-policy_only-r001-20260818T022131Z,loan_to_approval,3,109,200,16.175900,
policy_only,1,2,perf-policy_only-r001-20260818T022131Z,loan_to_approval,3,110,200,14.989200,
policy_only,1,2,perf-policy_only-r001-20260818T022131Z,loan_to_approval,3,111,200,15.185600,
policy_only,1,2,perf-policy_only-r001-20260818T022131Z,loan_to_approval,3,112,200,15.004000,
policy_only,1,2,perf-policy_only-r001-20260818T022131Z,loan_to_approval,3,113,200,16.875400,
policy_only,1,2,perf-policy_only-r001-20260818T022131Z,loan_to_approval,3,114,200,15.805800,
policy_only,1,2,perf-policy_only-r001-20260818T022131Z,loan_to_approval,3,115,200,14.978300,
policy_only,1,2,perf-policy_only-r001-20260818T022131Z,loan_to_approval,3,116,200,14.960000,
policy_only,1,2,perf-policy_only-r001-20260818T022131Z,loan_to_approval,3,117,200,15.120200,
policy_only,1,2,perf-policy_only-r001-20260818T022131Z,loan_to_approval,3,118,200,16.162900,
policy_only,1,2,perf-policy_only-r001-20260818T022131Z,loan_to_approval,3,119,200,15.954300,
policy_only,1,2,perf-policy_only-r001-20260818T022131Z,loan_to_approval,3,120,200,16.007300,
policy_only,1,2,perf-policy_only-r001-20260818T022131Z,loan_to_approval,3,121,200,16.377000,
policy_only,1,2,perf-policy_only-r001-20260818T022131Z,loan_to_approval,3,122,200,15.624100,
policy_only,1,2,perf-policy_only-r001-20260818T022131Z,loan_to_approval,3,123,200,15.874400,
policy_only,1,2,perf-policy_only-r001-20260818T022131Z,loan_to_approval,3,124,200,16.192000,
policy_only,1,2,perf-policy_only-r001-20260818T022131Z,loan_to_approval,3,125,200,15.622400,
policy_only,1,2,perf-policy_only-r001-20260818T022131Z,loan_to_approval,3,126,200,15.051500,
policy_only,1,2,perf-policy_only-r001-20260818T022131Z,loan_to_approval,3,127,200,16.288800,
policy_only,1,2,perf-policy_only-r001-20260818T022131Z,loan_to_approval,3,128,200,15.698400,
policy_only,1,2,perf-policy_only-r001-20260818T022131Z,loan_to_approval,3,129,200,16.316900,
policy_only,1,2,perf-policy_only-r001-20260818T022131Z,loan_to_approval,3,130,200,15.599700,
policy_only,1,2,perf-policy_only-r001-20260818T022131Z,loan_to_approval,3,131,200,16.272100,
policy_only,1,2,perf-policy_only-r001-20260818T022131Z,loan_to_approval,3,132,200,15.709700,
policy_only,1,2,perf-policy_only-r001-20260818T022131Z,loan_to_approval,3,133,200,15.967600,
policy_only,1,2,perf-policy_only-r001-20260818T022131Z,loan_to_approval,3,134,200,16.127900,
policy_only,1,2,perf-policy_only-r001-20260818T022131Z,loan_to_approval,3,135,200,16.008100,
policy_only,1,2,perf-policy_only-r001-20260818T022131Z,loan_to_approval,3,136,200,16.007900,
policy_only,1,2,perf-policy_only-r001-20260818T022131Z,loan_to_approval,3,137,200,15.702200,
policy_only,1,2,perf-policy_only-r001-20260818T022131Z,loan_to_approval,3,138,200,15.964700,
policy_only,1,2,perf-policy_only-r001-20260818T022131Z,loan_to_approval,3,139,200,16.532600,
policy_only,1,2,perf-policy_only-r001-20260818T022131Z,loan_to_approval,3,140,200,15.838700,
policy_only,1,2,perf-policy_only-r001-20260818T022131Z,loan_to_approval,3,141,200,16.164800,
policy_only,1,2,perf-policy_only-r001-20260818T022131Z,loan_to_approval,3,142,200,16.567800,
policy_only,1,2,perf-policy_only-r001-20260818T022131Z,loan_to_approval,3,143,200,16.136500,
policy_only,1,2,perf-policy_only-r001-20260818T022131Z,loan_to_approval,3,144,200,15.605600,
policy_only,1,2,perf-policy_only-r001-20260818T022131Z,loan_to_approval,3,145,200,16.236200,
policy_only,1,2,perf-policy_only-r001-20260818T022131Z,loan_to_approval,3,146,200,16.143600,
policy_only,1,2,perf-policy_only-r001-20260818T022131Z,loan_to_approval,3,147,200,16.102000,
policy_only,1,2,perf-policy_only-r001-20260818T022131Z,loan_to_approval,3,148,200,15.440400,
policy_only,1,2,perf-policy_only-r001-20260818T022131Z,loan_to_approval,3,149,200,16.388500,
policy_only,1,2,perf-policy_only-r001-20260818T022131Z,loan_to_approval,3,150,200,15.810500,
policy_only,1,2,perf-policy_only-r001-20260818T022131Z,loan_to_approval,3,151,200,16.118700,
policy_only,1,2,perf-policy_only-r001-20260818T022131Z,loan_to_approval,3,152,200,15.727300,
policy_only,1,2,perf-policy_only-r001-20260818T022131Z,loan_to_approval,3,153,200,17.795100,
policy_only,1,2,perf-policy_only-r001-20260818T022131Z,loan_to_approval,3,154,200,16.150800,
policy_only,1,2,perf-policy_only-r001-20260818T022131Z,loan_to_approval,3,155,200,15.990200,
policy_only,1,2,perf-policy_only-r001-20260818T022131Z,loan_to_approval,3,156,200,16.025400,
policy_only,1,2,perf-policy_only-r001-20260818T022131Z,loan_to_approval,3,157,200,16.010600,
policy_only,1,2,perf-policy_only-r001-20260818T022131Z,loan_to_approval,3,158,200,15.704300,
policy_only,1,2,perf-policy_only-r001-20260818T022131Z,loan_to_approval,3,159,200,15.306700,
policy_only,1,2,perf-policy_only-r001-20260818T022131Z,loan_to_approval,3,160,200,16.144400,
policy_only,1,2,perf-policy_only-r001-20260818T022131Z,loan_to_approval,3,161,200,16.751300,
policy_only,1,2,perf-policy_only-r001-20260818T022131Z,loan_to_approval,3,162,200,15.177400,
policy_only,1,2,perf-policy_only-r001-20260818T022131Z,loan_to_approval,3,163,200,16.113800,
policy_only,1,2,perf-policy_only-r001-20260818T022131Z,loan_to_approval,3,164,200,15.706500,
policy_only,1,2,perf-policy_only-r001-20260818T022131Z,loan_to_approval,3,165,200,16.077800,
policy_only,1,2,perf-policy_only-r001-20260818T022131Z,loan_to_approval,3,166,200,16.010400,
policy_only,1,2,perf-policy_only-r001-20260818T022131Z,loan_to_approval,3,167,200,15.983300,
policy_only,1,2,perf-policy_only-r001-20260818T022131Z,loan_to_approval,3,168,200,15.894200,
policy_only,1,2,perf-policy_only-r001-20260818T022131Z,loan_to_approval,3,169,200,15.987900,
policy_only,1,2,perf-policy_only-r001-20260818T022131Z,loan_to_approval,3,170,200,15.469200,
policy_only,1,2,perf-policy_only-r001-20260818T022131Z,loan_to_approval,3,171,200,15.780300,
policy_only,1,2,perf-policy_only-r001-20260818T022131Z,loan_to_approval,3,172,200,15.658600,
policy_only,1,2,perf-policy_only-r001-20260818T022131Z,loan_to_approval,3,173,200,15.868500,
policy_only,1,2,perf-policy_only-r001-20260818T022131Z,loan_to_approval,3,174,200,14.629700,
policy_only,1,2,perf-policy_only-r001-20260818T022131Z,loan_to_approval,3,175,200,15.020900,
policy_only,1,2,perf-policy_only-r001-20260818T022131Z,loan_to_approval,3,176,200,18.565900,
policy_only,1,2,perf-policy_only-r001-20260818T022131Z,loan_to_approval,3,177,200,15.706900,
policy_only,1,2,perf-policy_only-r001-20260818T022131Z,loan_to_approval,3,178,200,17.751300,
policy_only,1,2,perf-policy_only-r001-20260818T022131Z,loan_to_approval,3,179,200,16.456000,
policy_only,1,2,perf-policy_only-r001-20260818T022131Z,loan_to_approval,3,180,200,15.808800,
policy_only,1,2,perf-policy_only-r001-20260818T022131Z,loan_to_approval,3,181,200,16.150100,
policy_only,1,2,perf-policy_only-r001-20260818T022131Z,loan_to_approval,3,182,200,16.533400,
policy_only,1,2,perf-policy_only-r001-20260818T022131Z,loan_to_approval,3,183,200,16.787500,
policy_only,1,2,perf-policy_only-r001-20260818T022131Z,loan_to_approval,3,184,200,16.926600,
policy_only,1,2,perf-policy_only-r001-20260818T022131Z,loan_to_approval,3,185,200,16.067300,
policy_only,1,2,perf-policy_only-r001-20260818T022131Z,loan_to_approval,3,186,200,15.908500,
policy_only,1,2,perf-policy_only-r001-20260818T022131Z,loan_to_approval,3,187,200,16.484700,
policy_only,1,2,perf-policy_only-r001-20260818T022131Z,loan_to_approval,3,188,200,15.787200,
policy_only,1,2,perf-policy_only-r001-20260818T022131Z,loan_to_approval,3,189,200,14.866400,
policy_only,1,2,perf-policy_only-r001-20260818T022131Z,loan_to_approval,3,190,200,16.671600,
policy_only,1,2,perf-policy_only-r001-20260818T022131Z,loan_to_approval,3,191,200,15.668500,
policy_only,1,2,perf-policy_only-r001-20260818T022131Z,loan_to_approval,3,192,200,16.294800,
policy_only,1,2,perf-policy_only-r001-20260818T022131Z,loan_to_approval,3,193,200,15.501200,
policy_only,1,2,perf-policy_only-r001-20260818T022131Z,loan_to_approval,3,194,200,16.288200,
policy_only,1,2,perf-policy_only-r001-20260818T022131Z,loan_to_approval,3,195,200,15.555900,
policy_only,1,2,perf-policy_only-r001-20260818T022131Z,loan_to_approval,3,196,200,14.792800,
policy_only,1,2,perf-policy_only-r001-20260818T022131Z,loan_to_approval,3,197,200,15.079600,
policy_only,1,2,perf-policy_only-r001-20260818T022131Z,loan_to_approval,3,198,200,16.159600,
policy_only,1,2,perf-policy_only-r001-20260818T022131Z,loan_to_approval,3,199,200,16.270400,
policy_only,1,2,perf-policy_only-r001-20260818T022131Z,loan_to_approval,3,200,200,15.480100,
