mode,round_id,order_position,experiment_run_id,flow,batch_id,request_id,status_code,latency_ms,error
segmentation_only,5,3,perf-segmentation_only-r005-20260818T023905Z,loan_to_customer,1,1,200,14.883100,
segmentation_only,5,3,perf-segmentation_only-r005-20260818T023905Z,loan_to_customer,1,2,200,15.123100,
segmentation_only,5,3,perf-segmentation_only-r005-20260818T023905Z,loan_to_customer,1,3,200,15.110100,
segmentation_only,5,3,perf-segmentation_only-r005-20260818T023905Z,loan_to_customer,1,4,200,15.305600,
segmentation_only,5,3,perf-segmentation_only-r005-20260818T023905Z,loan_to_customer,1,5,200,16.792600,
segmentation_only,5,3,perf-segmentation_only-r005-20260818T023905Z,loan_to_customer,1,6,200,14.004200,
segmentation_only,5,3,perf-segmentation_only-r005-20260818T023905Z,loan_to_customer,1,7,200,15.010500,
segmentation_only,5,3,perf-segmentation_only-r005-20260818T023905Z,loan_to_customer,1,8,200,14.645900,
segmentation_only,5,3,perf-segmentation_only-r005-20260818T023905Z,loan_to_customer,1,9,200,13.944000,
segmentation_only,5,3,perf-segmentation_only-r005-20260818T023905Z,loan_to_customer,1,10,200,14.093100,
segmentation_only,5,3,perf-segmentation_only-r005-20260818T023905Z,loan_to_customer,1,11,200,13.934600,
segmentation_only,5,3,perf-segmentation_only-r005-20260818T023905Z,loan_to_customer,1,12,200,14.160400,
segmentation_only,5,3,perf-segmentation_only-r005-20260818T023905Z,loan_to_customer,1,13,200,13.628500,
segmentation_only,5,3,perf-segmentation_only-r005-20260818T023905Z,loan_to_customer,1,14,200,14.363300,
segmentation_only,5,3,perf-segmentation_only-r005-20260818T023905Z,loan_to_customer,1,15,200,14.035400,
segmentation_only,5,3,perf-segmentation_only-r005-20260818T023905Z,loan_to_customer,1,16,200,13.860500,
segmentation_only,5,3,perf-segmentation_only-r005-20260818T023905Z,loan_to_customer,1,17,200,13.589500,
segmentation_only,5,3,perf-segmentation_only-r005-20260818T023905Z,loan_to_customer,1,18,200,15.207800,
segmentation_only,5,3,perf-segmentation_only-r005-20260818T023905Z,loan_to_customer,1,19,200,15.291600,
segmentation_only,5,3,perf-segmentation_only-r005-20260818T023905Z,loan_to_customer,1,20,200,14.108500,
segmentation_only,5,3,perf-segmentation_only-r005-20260818T023905Z,loan_to_customer,1,21,200,13.965000,
segmentation_only,5,3,perf-segmentation_only-r005-20260818T023905Z,loan_to_customer,1,22,200,13.993800,
segmentation_only,5,3,perf-segmentation_only-r005-20260818T023905Z,loan_to_customer,1,23,200,14.991000,
segmentation_only,5,3,perf-segmentation_only-r005-20260818T023905Z,loan_to_customer,1,24,200,16.163300,
segmentation_only,5,3,perf-segmentation_only-r005-20260818T023905Z,loan_to_customer,1,25,200,14.477600,
segmentation_only,5,3,perf-segmentation_only-r005-20260818T023905Z,loan_to_customer,1,26,200,13.865600,
segmentation_only,5,3,perf-segmentation_only-r005-20260818T023905Z,loan_to_customer,1,27,200,14.104100,
segmentation_only,5,3,perf-segmentation_only-r005-20260818T023905Z,loan_to_customer,1,28,200,13.669200,
segmentation_only,5,3,perf-segmentation_only-r005-20260818T023905Z,loan_to_customer,1,29,200,13.904300,
segmentation_only,5,3,perf-segmentation_only-r005-20260818T023905Z,loan_to_customer,1,30,200,14.273900,
segmentation_only,5,3,perf-segmentation_only-r005-20260818T023905Z,loan_to_customer,1,31,200,14.321100,
segmentation_only,5,3,perf-segmentation_only-r005-20260818T023905Z,loan_to_customer,1,32,200,14.491700,
segmentation_only,5,3,perf-segmentation_only-r005-20260818T023905Z,loan_to_customer,1,33,200,14.250100,
segmentation_only,5,3,perf-segmentation_only-r005-20260818T023905Z,loan_to_customer,1,34,200,14.519400,
segmentation_only,5,3,perf-segmentation_only-r005-20260818T023905Z,loan_to_customer,1,35,200,14.248600,
segmentation_only,5,3,perf-segmentation_only-r005-20260818T023905Z,loan_to_customer,1,36,200,13.976800,
segmentation_only,5,3,perf-segmentation_only-r005-20260818T023905Z,loan_to_customer,1,37,200,13.893600,
segmentation_only,5,3,perf-segmentation_only-r005-20260818T023905Z,loan_to_customer,1,38,200,13.849400,
segmentation_only,5,3,perf-segmentation_only-r005-20260818T023905Z,loan_to_customer,1,39,200,13.820700,
segmentation_only,5,3,perf-segmentation_only-r005-20260818T023905Z,loan_to_customer,1,40,200,13.888400,
segmentation_only,5,3,perf-segmentation_only-r005-20260818T023905Z,loan_to_customer,1,41,200,13.940300,
segmentation_only,5,3,perf-segmentation_only-r005-20260818T023905Z,loan_to_customer,1,42,200,14.337300,
segmentation_only,5,3,perf-segmentation_only-r005-20260818T023905Z,loan_to_customer,1,43,200,13.742300,
segmentation_only,5,3,perf-segmentation_only-r005-20260818T023905Z,loan_to_customer,1,44,200,14.834900,
segmentation_only,5,3,perf-segmentation_only-r005-20260818T023905Z,loan_to_customer,1,45,200,14.670400,
segmentation_only,5,3,perf-segmentation_only-r005-20260818T023905Z,loan_to_customer,1,46,200,13.922200,
segmentation_only,5,3,perf-segmentation_only-r005-20260818T023905Z,loan_to_customer,1,47,200,14.032400,
segmentation_only,5,3,perf-segmentation_only-r005-20260818T023905Z,loan_to_customer,1,48,200,14.349600,
segmentation_only,5,3,perf-segmentation_only-r005-20260818T023905Z,loan_to_customer,1,49,200,14.667000,
segmentation_only,5,3,perf-segmentation_only-r005-20260818T023905Z,loan_to_customer,1,50,200,14.289600,
segmentation_only,5,3,perf-segmentation_only-r005-20260818T023905Z,loan_to_customer,1,51,200,14.846800,
segmentation_only,5,3,perf-segmentation_only-r005-20260818T023905Z,loan_to_customer,1,52,200,14.093900,
segmentation_only,5,3,perf-segmentation_only-r005-20260818T023905Z,loan_to_customer,1,53,200,14.797100,
segmentation_only,5,3,perf-segmentation_only-r005-20260818T023905Z,loan_to_customer,1,54,200,14.578900,
segmentation_only,5,3,perf-segmentation_only-r005-20260818T023905Z,loan_to_customer,1,55,200,14.781700,
segmentation_only,5,3,perf-segmentation_only-r005-20260818T023905Z,loan_to_customer,1,56,200,14.578200,
segmentation_only,5,3,perf-segmentation_only-r005-20260818T023905Z,loan_to_customer,1,57,200,14.760200,
segmentation_only,5,3,perf-segmentation_only-r005-20260818T023905Z,loan_to_customer,1,58,200,14.302200,
segmentation_only,5,3,perf-segmentation_only-r005-20260818T023905Z,loan_to_customer,1,59,200,14.291800,
segmentation_only,5,3,perf-segmentation_only-r005-20260818T023905Z,loan_to_customer,1,60,200,14.084400,
segmentation_only,5,3,perf-segmentation_only-r005-20260818T023905Z,loan_to_customer,1,61,200,14.009900,
segmentation_only,5,3,perf-segmentation_only-r005-20260818T023905Z,loan_to_customer,1,62,200,14.652800,
segmentation_only,5,3,perf-segmentation_only-r005-20260818T023905Z,loan_to_customer,1,63,200,14.820500,
segmentation_only,5,3,perf-segmentation_only-r005-20260818T023905Z,loan_to_customer,1,64,200,14.313400,
segmentation_only,5,3,perf-segmentation_only-r005-20260818T023905Z,loan_to_customer,1,65,200,14.681600,
segmentation_only,5,3,perf-segmentation_only-r005-20260818T023905Z,loan_to_customer,1,66,200,14.391600,
segmentation_only,5,3,perf-segmentation_only-r005-20260818T023905Z,loan_to_customer,1,67,200,14.708200,
segmentation_only,5,3,perf-segmentation_only-r005-20260818T023905Z,loan_to_customer,1,68,200,14.827500,
segmentation_only,5,3,perf-segmentation_only-r005-20260818T023905Z,loan_to_customer,1,69,200,14.695100,
segmentation_only,5,3,perf-segmentation_only-r005-20260818T023905Z,loan_to_customer,1,70,200,13.871200,
segmentation_only,5,3,perf-segmentation_only-r005-20260818T023905Z,loan_to_customer,1,71,200,14.873900,
segmentation_only,5,3,perf-segmentation_only-r005-20260818T023905Z,loan_to_customer,1,72,200,14.422600,
segmentation_only,5,3,perf-segmentation_only-r005-20260818T023905Z,loan_to_customer,1,73,200,14.221400,
segmentation_only,5,3,perf-segmentation_only-r005-20260818T023905Z,loan_to_customer,1,74,200,14.055300,
segmentation_only,5,3,perf-segmentation_only-r005-20260818T023905Z,loan_to_customer,1,75,200,14.485300,
segmentation_only,5,3,perf-segmentation_only-r005-20260818T023905Z,loan_to_customer,1,76,200,15.077100,
segmentation_only,5,3,perf-segmentation_only-r005-20260818T023905Z,loan_to_customer,1,77,200,14.199600,
segmentation_only,5,3,perf-segmentation_only-r005-20260818T023905Z,loan_to_customer,1,78,200,14.230100,
segmentation_only,5,3,perf-segmentation_only-r005-20260818T023905Z,loan_to_customer,1,79,200,13.723500,
segmentation_only,5,3,perf-segmentation_only-r005-20260818T023905Z,loan_to_customer,1,80,200,14.182700,
segmentation_only,5,3,perf-segmentation_only-r005-20260818T023905Z,loan_to_customer,1,81,200,14.830500,
segmentation_only,5,3,perf-segmentation_only-r005-20260818T023905Z,loan_to_customer,1,82,200,14.808600,
segmentation_only,5,3,perf-segmentation_only-r005-20260818T023905Z,loan_to_customer,1,83,200,14.703000,
segmentation_only,5,3,perf-segmentation_only-r005-20260818T023905Z,loan_to_customer,1,84,200,14.163400,
segmentation_only,5,3,perf-segmentation_only-r005-20260818T023905Z,loan_to_customer,1,85,200,13.662000,
segmentation_only,5,3,perf-segmentation_only-r005-20260818T023905Z,loan_to_customer,1,86,200,14.896500,
segmentation_only,5,3,perf-segmentation_only-r005-20260818T023905Z,loan_to_customer,1,87,200,15.601100,
segmentation_only,5,3,perf-segmentation_only-r005-20260818T023905Z,loan_to_customer,1,88,200,15.756400,
segmentation_only,5,3,perf-segmentation_only-r005-20260818T023905Z,loan_to_customer,1,89,200,15.440700,
segmentation_only,5,3,perf-segmentation_only-r005-20260818T023905Z,loan_to_customer,1,90,200,15.007400,
segmentation_only,5,3,perf-segmentation_only-r005-20260818T023905Z,loan_to_customer,1,91,200,15.951100,
segmentation_only,5,3,perf-segmentation_only-r005-20260818T023905Z,loan_to_customer,1,92,200,16.189600,
segmentation_only,5,3,perf-segmentation_only-r005-20260818T023905Z,loan_to_customer,1,93,200,15.425800,
segmentation_only,5,3,perf-segmentation_only-r005-20260818T023905Z,loan_to_customer,1,94,200,14.454900,
segmentation_only,5,3,perf-segmentation_only-r005-20260818T023905Z,loan_to_customer,1,95,200,25.569900,
segmentation_only,5,3,perf-segmentation_only-r005-20260818T023905Z,loan_to_customer,1,96,200,14.442600,
segmentation_only,5,3,perf-segmentation_only-r005-20260818T023905Z,loan_to_customer,1,97,200,14.812500,
segmentation_only,5,3,perf-segmentation_only-r005-20260818T023905Z,loan_to_customer,1,98,200,15.171000,
segmentation_only,5,3,perf-segmentation_only-r005-20260818T023905Z,loan_to_customer,1,99,200,15.765600,
segmentation_only,5,3,perf-segmentation_only-r005-20260818T023905Z,loan_to_customer,1,100,200,16.000200,
segmentation_only,5,3,perf-segmentation_only-r005-20260818T023905Z,loan_to_customer,1,101,200,15.579600,
segmentation_only,5,3,perf-segmentation_only-r005-20260818T023905Z,loan_to_customer,1,102,200,15.406200,
segmentation_only,5,3,perf-segmentation_only-r005-20260818T023905Z,loan_to_customer,1,103,200,16.273200,
segmentation_only,5,3,perf-segmentation_only-r005-20260818T023905Z,loan_to_customer,1,104,200,16.180900,
segmentation_only,5,3,perf-segmentation_only-r005-20260818T023905Z,loan_to_customer,1,105,200,14.594500,
segmentation_only,5,3,perf-segmentation_only-r005-20260818T023905Z,loan_to_customer,1,106,200,14.752700,
segmentation_only,5,3,perf-segmentation_only-r005-20260818T023905Z,loan_to_customer,1,107,200,14.462200,
segmentation_only,5,3,perf-segmentation_only-r005-20260818T023905Z,loan_to_customer,1,108,200,15.192500,
segmentation_only,5,3,perf-segmentation_only-r005-20260818T023905Z,loan_to_customer,1,109,200,15.421200,
segmentation_only,5,3,perf-segmentation_only-r005-20260818T023905Z,loan_to_customer,1,110,200,14.530600,
segmentation_only,5,3,perf-segmentation_only-r005-20260818T023905Z,loan_to_customer,1,111,200,14.935800,
segmentation_only,5,3,perf-segmentation_only-r005-20260818T023905Z,loan_to_customer,1,112,200,14.832700,
segmentation_only,5,3,perf-segmentation_only-r005-20260818T023905Z,loan_to_customer,1,113,200,14.097700,
segmentation_only,5,3,perf-segmentation_only-r005-20260818T023905Z,loan_to_customer,1,114,200,14.557700,
segmentation_only,5,3,perf-segmentation_only-r005-20260818T023905Z,loan_to_customer,1,115,200,14.827700,
segmentation_only,5,3,perf-segmentation_only-r005-20260818T023905Z,loan_to_customer,1,116,200,14.184400,
segmentation_only,5,3,perf-segmentation_only-r005-20260818T023905Z,loan_to_customer,1,117,200,14.604100,
segmentation_only,5,3,perf-segmentation_only-r005-20260818T023905Z,loan_to_customer,1,118,200,14.555700,
segmentation_only,5,3,perf-segmentation_only-r005-20260818T023905Z,loan_to_customer,1,119,200,13.971000,
segmentation_only,5,3,perf-segmentation_only-r005-20260818T023905Z,loan_to_customer,1,120,200,13.802300,
segmentation_only,5,3,perf-segmentation_only-r005-20260818T023905Z,loan_to_customer,1,121,200,14.919700,
segmentation_only,5,3,perf-segmentation_only-r005-20260818T023905Z,loan_to_customer,1,122,200,15.323100,
segmentation_only,5,3,perf-segmentation_only-r005-20260818T023905Z,loan_to_customer,1,123,200,14.526800,
segmentation_only,5,3,perf-segmentation_only-r005-20260818T023905Z,loan_to_customer,1,124,200,14.383600,
segmentation_only,5,3,perf-segmentation_only-r005-20260818T023905Z,loan_to_customer,1,125,200,14.325100,
segmentation_only,5,3,perf-segmentation_only-r005-20260818T023905Z,loan_to_customer,1,126,200,15.271800,
segmentation_only,5,3,perf-segmentation_only-r005-20260818T023905Z,loan_to_customer,1,127,200,15.274200,
segmentation_only,5,3,perf-segmentation_only-r005-20260818T023905Z,loan_to_customer,1,128,200,15.227600,
segmentation_only,5,3,perf-segmentation_only-r005-20260818T023905Z,loan_to_customer,1,129,200,14.784300,
segmentation_only,5,3,perf-segmentation_only-r005-20260818T023905Z,loan_to_customer,1,130,200,14.547000,
segmentation_only,5,3,perf-segmentation_only-r005-20260818T023905Z,loan_to_customer,1,131,200,15.069600,
segmentation_only,5,3,perf-segmentation_only-r005-20260818T023905Z,loan_to_customer,1,132,200,15.482100,
segmentation_only,5,3,perf-segmentation_only-r005-20260818T023905Z,loan_to_customer,1,133,200,14.477800,
segmentation_only,5,3,perf-segmentation_only-r005-20260818T023905Z,loan_to_customer,1,134,200,14.753500,
segmentation_only,5,3,perf-segmentation_only-r005-20260818T023905Z,loan_to_customer,1,135,200,15.389900,
segmentation_only,5,3,perf-segmentation_only-r005-20260818T023905Z,loan_to_customer,1,136,200,14.152600,
segmentation_only,5,3,perf-segmentation_only-r005-20260818T023905Z,loan_to_customer,1,137,200,15.544600,
segmentation_only,5,3,perf-segmentation_only-r005-20260818T023905Z,loan_to_customer,1,138,200,13.854800,
segmentation_only,5,3,perf-segmentation_only-r005-20260818T023905Z,loan_to_customer,1,139,200,14.060300,
segmentation_only,5,3,perf-segmentation_only-r005-20260818T023905Z,loan_to_customer,1,140,200,14.381300,
segmentation_only,5,3,perf-segmentation_only-r005-20260818T023905Z,loan_to_customer,1,141,200,14.529200,
segmentation_only,5,3,perf-segmentation_only-r005-20260818T023905Z,loan_to_customer,1,142,200,13.431300,
segmentation_only,5,3,perf-segmentation_only-r005-20260818T023905Z,loan_to_customer,1,143,200,14.807700,
segmentation_only,5,3,perf-segmentation_only-r005-20260818T023905Z,loan_to_customer,1,144,200,13.977200,
segmentation_only,5,3,perf-segmentation_only-r005-20260818T023905Z,loan_to_customer,1,145,200,13.978600,
segmentation_only,5,3,perf-segmentation_only-r005-20260818T023905Z,loan_to_customer,1,146,200,14.696100,
segmentation_only,5,3,perf-segmentation_only-r005-20260818T023905Z,loan_to_customer,1,147,200,14.440600,
segmentation_only,5,3,perf-segmentation_only-r005-20260818T023905Z,loan_to_customer,1,148,200,15.161500,
segmentation_only,5,3,perf-segmentation_only-r005-20260818T023905Z,loan_to_customer,1,149,200,15.578900,
segmentation_only,5,3,perf-segmentation_only-r005-20260818T023905Z,loan_to_customer,1,150,200,14.456600,
segmentation_only,5,3,perf-segmentation_only-r005-20260818T023905Z,loan_to_customer,1,151,200,14.301500,
segmentation_only,5,3,perf-segmentation_only-r005-20260818T023905Z,loan_to_customer,1,152,200,14.312400,
segmentation_only,5,3,perf-segmentation_only-r005-20260818T023905Z,loan_to_customer,1,153,200,14.163800,
segmentation_only,5,3,perf-segmentation_only-r005-20260818T023905Z,loan_to_customer,1,154,200,13.982300,
segmentation_only,5,3,perf-segmentation_only-r005-20260818T023905Z,loan_to_customer,1,155,200,14.938100,
segmentation_only,5,3,perf-segmentation_only-r005-20260818T023905Z,loan_to_customer,1,156,200,14.444700,
segmentation_only,5,3,perf-segmentation_only-r005-20260818T023905Z,loan_to_customer,1,157,200,14.433600,
segmentation_only,5,3,perf-segmentation_only-r005-20260818T023905Z,loan_to_customer,1,158,200,13.616900,
segmentation_only,5,3,perf-segmentation_only-r005-20260818T023905Z,loan_to_customer,1,159,200,14.024400,
segmentation_only,5,3,perf-segmentation_only-r005-20260818T023905Z,loan_to_customer,1,160,200,13.857400,
segmentation_only,5,3,perf-segmentation_only-r005-20260818T023905Z,loan_to_customer,1,161,200,14.495500,
segmentation_only,5,3,perf-segmentation_only-r005-20260818T023905Z,loan_to_customer,1,162,200,14.682500,
segmentation_only,5,3,perf-segmentation_only-r005-20260818T023905Z,loan_to_customer,1,163,200,14.782500,
segmentation_only,5,3,perf-segmentation_only-r005-20260818T023905Z,loan_to_customer,1,164,200,13.705300,
segmentation_only,5,3,perf-segmentation_only-r005-20260818T023905Z,loan_to_customer,1,165,200,14.371800,
segmentation_only,5,3,perf-segmentation_only-r005-20260818T023905Z,loan_to_customer,1,166,200,14.288700,
segmentation_only,5,3,perf-segmentation_only-r005-20260818T023905Z,loan_to_customer,1,167,200,14.295100,
segmentation_only,5,3,perf-segmentation_only-r005-20260818T023905Z,loan_to_customer,1,168,200,14.367100,
segmentation_only,5,3,perf-segmentation_only-r005-20260818T023905Z,loan_to_customer,1,169,200,14.842600,
segmentation_only,5,3,perf-segmentation_only-r005-20260818T023905Z,loan_to_customer,1,170,200,14.537600,
segmentation_only,5,3,perf-segmentation_only-r005-20260818T023905Z,loan_to_customer,1,171,200,14.192400,
segmentation_only,5,3,perf-segmentation_only-r005-20260818T023905Z,loan_to_customer,1,172,200,14.885600,
segmentation_only,5,3,perf-segmentation_only-r005-20260818T023905Z,loan_to_customer,1,173,200,14.320100,
segmentation_only,5,3,perf-segmentation_only-r005-20260818T023905Z,loan_to_customer,1,174,200,14.327000,
segmentation_only,5,3,perf-segmentation_only-r005-20260818T023905Z,loan_to_customer,1,175,200,14.150000,
segmentation_only,5,3,perf-segmentation_only-r005-20260818T023905Z,loan_to_customer,1,176,200,14.241700,
segmentation_only,5,3,perf-segmentation_only-r005-20260818T023905Z,loan_to_customer,1,177,200,14.643100,
segmentation_only,5,3,perf-segmentation_only-r005-20260818T023905Z,loan_to_customer,1,178,200,14.701300,
segmentation_only,5,3,perf-segmentation_only-r005-20260818T023905Z,loan_to_customer,1,179,200,13.837200,
segmentation_only,5,3,perf-segmentation_only-r005-20260818T023905Z,loan_to_customer,1,180,200,13.848700,
segmentation_only,5,3,perf-segmentation_only-r005-20260818T023905Z,loan_to_customer,1,181,200,13.896100,
segmentation_only,5,3,perf-segmentation_only-r005-20260818T023905Z,loan_to_customer,1,182,200,14.507000,
segmentation_only,5,3,perf-segmentation_only-r005-20260818T023905Z,loan_to_customer,1,183,200,14.150000,
segmentation_only,5,3,perf-segmentation_only-r005-20260818T023905Z,loan_to_customer,1,184,200,14.811300,
segmentation_only,5,3,perf-segmentation_only-r005-20260818T023905Z,loan_to_customer,1,185,200,14.606200,
segmentation_only,5,3,perf-segmentation_only-r005-20260818T023905Z,loan_to_customer,1,186,200,13.787200,
segmentation_only,5,3,perf-segmentation_only-r005-20260818T023905Z,loan_to_customer,1,187,200,13.838300,
segmentation_only,5,3,perf-segmentation_only-r005-20260818T023905Z,loan_to_customer,1,188,200,14.368000,
segmentation_only,5,3,perf-segmentation_only-r005-20260818T023905Z,loan_to_customer,1,189,200,14.478800,
segmentation_only,5,3,perf-segmentation_only-r005-20260818T023905Z,loan_to_customer,1,190,200,14.322900,
segmentation_only,5,3,perf-segmentation_only-r005-20260818T023905Z,loan_to_customer,1,191,200,15.801500,
segmentation_only,5,3,perf-segmentation_only-r005-20260818T023905Z,loan_to_customer,1,192,200,15.043400,
segmentation_only,5,3,perf-segmentation_only-r005-20260818T023905Z,loan_to_customer,1,193,200,14.652400,
segmentation_only,5,3,perf-segmentation_only-r005-20260818T023905Z,loan_to_customer,1,194,200,14.398300,
segmentation_only,5,3,perf-segmentation_only-r005-20260818T023905Z,loan_to_customer,1,195,200,14.897100,
segmentation_only,5,3,perf-segmentation_only-r005-20260818T023905Z,loan_to_customer,1,196,200,15.183700,
segmentation_only,5,3,perf-segmentation_only-r005-20260818T023905Z,loan_to_customer,1,197,200,15.119800,
segmentation_only,5,3,perf-segmentation_only-r005-20260818T023905Z,loan_to_customer,1,198,200,14.723200,
segmentation_only,5,3,perf-segmentation_only-r005-20260818T023905Z,loan_to_customer,1,199,200,14.727400,
segmentation_only,5,3,perf-segmentation_only-r005-20260818T023905Z,loan_to_customer,1,200,200,14.600200,
segmentation_only,5,3,perf-segmentation_only-r005-20260818T023905Z,loan_to_customer,2,1,200,13.981200,
segmentation_only,5,3,perf-segmentation_only-r005-20260818T023905Z,loan_to_customer,2,2,200,13.960200,
segmentation_only,5,3,perf-segmentation_only-r005-20260818T023905Z,loan_to_customer,2,3,200,14.184900,
segmentation_only,5,3,perf-segmentation_only-r005-20260818T023905Z,loan_to_customer,2,4,200,13.854600,
segmentation_only,5,3,perf-segmentation_only-r005-20260818T023905Z,loan_to_customer,2,5,200,14.159300,
segmentation_only,5,3,perf-segmentation_only-r005-20260818T023905Z,loan_to_customer,2,6,200,13.794500,
segmentation_only,5,3,perf-segmentation_only-r005-20260818T023905Z,loan_to_customer,2,7,200,14.287000,
segmentation_only,5,3,perf-segmentation_only-r005-20260818T023905Z,loan_to_customer,2,8,200,13.724600,
segmentation_only,5,3,perf-segmentation_only-r005-20260818T023905Z,loan_to_customer,2,9,200,14.314200,
segmentation_only,5,3,perf-segmentation_only-r005-20260818T023905Z,loan_to_customer,2,10,200,14.133100,
segmentation_only,5,3,perf-segmentation_only-r005-20260818T023905Z,loan_to_customer,2,11,200,13.636900,
segmentation_only,5,3,perf-segmentation_only-r005-20260818T023905Z,loan_to_customer,2,12,200,13.834400,
segmentation_only,5,3,perf-segmentation_only-r005-20260818T023905Z,loan_to_customer,2,13,200,14.083100,
segmentation_only,5,3,perf-segmentation_only-r005-20260818T023905Z,loan_to_customer,2,14,200,14.574700,
segmentation_only,5,3,perf-segmentation_only-r005-20260818T023905Z,loan_to_customer,2,15,200,14.849200,
segmentation_only,5,3,perf-segmentation_only-r005-20260818T023905Z,loan_to_customer,2,16,200,14.290600,
segmentation_only,5,3,perf-segmentation_only-r005-20260818T023905Z,loan_to_customer,2,17,200,14.075400,
segmentation_only,5,3,perf-segmentation_only-r005-20260818T023905Z,loan_to_customer,2,18,200,13.591400,
segmentation_only,5,3,perf-segmentation_only-r005-20260818T023905Z,loan_to_customer,2,19,200,14.631500,
segmentation_only,5,3,perf-segmentation_only-r005-20260818T023905Z,loan_to_customer,2,20,200,15.799600,
segmentation_only,5,3,perf-segmentation_only-r005-20260818T023905Z,loan_to_customer,2,21,200,16.319900,
segmentation_only,5,3,perf-segmentation_only-r005-20260818T023905Z,loan_to_customer,2,22,200,16.246100,
segmentation_only,5,3,perf-segmentation_only-r005-20260818T023905Z,loan_to_customer,2,23,200,16.829000,
segmentation_only,5,3,perf-segmentation_only-r005-20260818T023905Z,loan_to_customer,2,24,200,17.672200,
segmentation_only,5,3,perf-segmentation_only-r005-20260818T023905Z,loan_to_customer,2,25,200,19.483000,
segmentation_only,5,3,perf-segmentation_only-r005-20260818T023905Z,loan_to_customer,2,26,200,19.500800,
segmentation_only,5,3,perf-segmentation_only-r005-20260818T023905Z,loan_to_customer,2,27,200,18.823100,
segmentation_only,5,3,perf-segmentation_only-r005-20260818T023905Z,loan_to_customer,2,28,200,16.691400,
segmentation_only,5,3,perf-segmentation_only-r005-20260818T023905Z,loan_to_customer,2,29,200,14.820500,
segmentation_only,5,3,perf-segmentation_only-r005-20260818T023905Z,loan_to_customer,2,30,200,14.511000,
segmentation_only,5,3,perf-segmentation_only-r005-20260818T023905Z,loan_to_customer,2,31,200,14.975100,
segmentation_only,5,3,perf-segmentation_only-r005-20260818T023905Z,loan_to_customer,2,32,200,14.609900,
segmentation_only,5,3,perf-segmentation_only-r005-20260818T023905Z,loan_to_customer,2,33,200,15.644500,
segmentation_only,5,3,perf-segmentation_only-r005-20260818T023905Z,loan_to_customer,2,34,200,15.177400,
segmentation_only,5,3,perf-segmentation_only-r005-20260818T023905Z,loan_to_customer,2,35,200,17.126700,
segmentation_only,5,3,perf-segmentation_only-r005-20260818T023905Z,loan_to_customer,2,36,200,16.553200,
segmentation_only,5,3,perf-segmentation_only-r005-20260818T023905Z,loan_to_customer,2,37,200,16.860200,
segmentation_only,5,3,perf-segmentation_only-r005-20260818T023905Z,loan_to_customer,2,38,200,16.398600,
segmentation_only,5,3,perf-segmentation_only-r005-20260818T023905Z,loan_to_customer,2,39,200,14.195000,
segmentation_only,5,3,perf-segmentation_only-r005-20260818T023905Z,loan_to_customer,2,40,200,15.488000,
segmentation_only,5,3,perf-segmentation_only-r005-20260818T023905Z,loan_to_customer,2,41,200,14.924700,
segmentation_only,5,3,perf-segmentation_only-r005-20260818T023905Z,loan_to_customer,2,42,200,14.410000,
segmentation_only,5,3,perf-segmentation_only-r005-20260818T023905Z,loan_to_customer,2,43,200,14.636600,
segmentation_only,5,3,perf-segmentation_only-r005-20260818T023905Z,loan_to_customer,2,44,200,14.767900,
segmentation_only,5,3,perf-segmentation_only-r005-20260818T023905Z,loan_to_customer,2,45,200,14.394000,
segmentation_only,5,3,perf-segmentation_only-r005-20260818T023905Z,loan_to_customer,2,46,200,14.996500,
segmentation_only,5,3,perf-segmentation_only-r005-20260818T023905Z,loan_to_customer,2,47,200,15.505500,
segmentation_only,5,3,perf-segmentation_only-r005-20260818T023905Z,loan_to_customer,2,48,200,14.590900,
segmentation_only,5,3,perf-segmentation_only-r005-20260818T023905Z,loan_to_customer,2,49,200,14.190200,
segmentation_only,5,3,perf-segmentation_only-r005-20260818T023905Z,loan_to_customer,2,50,200,14.399600,
segmentation_only,5,3,perf-segmentation_only-r005-20260818T023905Z,loan_to_customer,2,51,200,14.098600,
segmentation_only,5,3,perf-segmentation_only-r005-20260818T023905Z,loan_to_customer,2,52,200,15.468500,
segmentation_only,5,3,perf-segmentation_only-r005-20260818T023905Z,loan_to_customer,2,53,200,14.293300,
segmentation_only,5,3,perf-segmentation_only-r005-20260818T023905Z,loan_to_customer,2,54,200,14.400900,
segmentation_only,5,3,perf-segmentation_only-r005-20260818T023905Z,loan_to_customer,2,55,200,14.580000,
segmentation_only,5,3,perf-segmentation_only-r005-20260818T023905Z,loan_to_customer,2,56,200,14.173300,
segmentation_only,5,3,perf-segmentation_only-r005-20260818T023905Z,loan_to_customer,2,57,200,14.175400,
segmentation_only,5,3,perf-segmentation_only-r005-20260818T023905Z,loan_to_customer,2,58,200,14.809100,
segmentation_only,5,3,perf-segmentation_only-r005-20260818T023905Z,loan_to_customer,2,59,200,13.865400,
segmentation_only,5,3,perf-segmentation_only-r005-20260818T023905Z,loan_to_customer,2,60,200,14.378700,
segmentation_only,5,3,perf-segmentation_only-r005-20260818T023905Z,loan_to_customer,2,61,200,14.495100,
segmentation_only,5,3,perf-segmentation_only-r005-20260818T023905Z,loan_to_customer,2,62,200,14.595700,
segmentation_only,5,3,perf-segmentation_only-r005-20260818T023905Z,loan_to_customer,2,63,200,14.771000,
segmentation_only,5,3,perf-segmentation_only-r005-20260818T023905Z,loan_to_customer,2,64,200,14.602500,
segmentation_only,5,3,perf-segmentation_only-r005-20260818T023905Z,loan_to_customer,2,65,200,15.015400,
segmentation_only,5,3,perf-segmentation_only-r005-20260818T023905Z,loan_to_customer,2,66,200,16.657600,
segmentation_only,5,3,perf-segmentation_only-r005-20260818T023905Z,loan_to_customer,2,67,200,16.922000,
segmentation_only,5,3,perf-segmentation_only-r005-20260818T023905Z,loan_to_customer,2,68,200,19.176400,
segmentation_only,5,3,perf-segmentation_only-r005-20260818T023905Z,loan_to_customer,2,69,200,17.395400,
segmentation_only,5,3,perf-segmentation_only-r005-20260818T023905Z,loan_to_customer,2,70,200,17.332800,
segmentation_only,5,3,perf-segmentation_only-r005-20260818T023905Z,loan_to_customer,2,71,200,15.575200,
segmentation_only,5,3,perf-segmentation_only-r005-20260818T023905Z,loan_to_customer,2,72,200,16.238800,
segmentation_only,5,3,perf-segmentation_only-r005-20260818T023905Z,loan_to_customer,2,73,200,15.162100,
segmentation_only,5,3,perf-segmentation_only-r005-20260818T023905Z,loan_to_customer,2,74,200,14.841300,
segmentation_only,5,3,perf-segmentation_only-r005-20260818T023905Z,loan_to_customer,2,75,200,14.358400,
segmentation_only,5,3,perf-segmentation_only-r005-20260818T023905Z,loan_to_customer,2,76,200,15.067100,
segmentation_only,5,3,perf-segmentation_only-r005-20260818T023905Z,loan_to_customer,2,77,200,15.028700,
segmentation_only,5,3,perf-segmentation_only-r005-20260818T023905Z,loan_to_customer,2,78,200,14.875500,
segmentation_only,5,3,perf-segmentation_only-r005-20260818T023905Z,loan_to_customer,2,79,200,15.482100,
segmentation_only,5,3,perf-segmentation_only-r005-20260818T023905Z,loan_to_customer,2,80,200,15.615200,
segmentation_only,5,3,perf-segmentation_only-r005-20260818T023905Z,loan_to_customer,2,81,200,15.061600,
segmentation_only,5,3,perf-segmentation_only-r005-20260818T023905Z,loan_to_customer,2,82,200,14.633200,
segmentation_only,5,3,perf-segmentation_only-r005-20260818T023905Z,loan_to_customer,2,83,200,14.472000,
segmentation_only,5,3,perf-segmentation_only-r005-20260818T023905Z,loan_to_customer,2,84,200,14.656600,
segmentation_only,5,3,perf-segmentation_only-r005-20260818T023905Z,loan_to_customer,2,85,200,14.145700,
segmentation_only,5,3,perf-segmentation_only-r005-20260818T023905Z,loan_to_customer,2,86,200,14.370000,
segmentation_only,5,3,perf-segmentation_only-r005-20260818T023905Z,loan_to_customer,2,87,200,14.049900,
segmentation_only,5,3,perf-segmentation_only-r005-20260818T023905Z,loan_to_customer,2,88,200,15.076700,
segmentation_only,5,3,perf-segmentation_only-r005-20260818T023905Z,loan_to_customer,2,89,200,14.948500,
segmentation_only,5,3,perf-segmentation_only-r005-20260818T023905Z,loan_to_customer,2,90,200,14.790800,
segmentation_only,5,3,perf-segmentation_only-r005-20260818T023905Z,loan_to_customer,2,91,200,15.245100,
segmentation_only,5,3,perf-segmentation_only-r005-20260818T023905Z,loan_to_customer,2,92,200,14.333100,
segmentation_only,5,3,perf-segmentation_only-r005-20260818T023905Z,loan_to_customer,2,93,200,16.607700,
segmentation_only,5,3,perf-segmentation_only-r005-20260818T023905Z,loan_to_customer,2,94,200,15.312600,
segmentation_only,5,3,perf-segmentation_only-r005-20260818T023905Z,loan_to_customer,2,95,200,14.923900,
segmentation_only,5,3,perf-segmentation_only-r005-20260818T023905Z,loan_to_customer,2,96,200,15.728500,
segmentation_only,5,3,perf-segmentation_only-r005-20260818T023905Z,loan_to_customer,2,97,200,15.006400,
segmentation_only,5,3,perf-segmentation_only-r005-20260818T023905Z,loan_to_customer,2,98,200,14.503700,
segmentation_only,5,3,perf-segmentation_only-r005-20260818T023905Z,loan_to_customer,2,99,200,14.590500,
segmentation_only,5,3,perf-segmentation_only-r005-20260818T023905Z,loan_to_customer,2,100,200,15.671400,
segmentation_only,5,3,perf-segmentation_only-r005-20260818T023905Z,loan_to_customer,2,101,200,14.573400,
segmentation_only,5,3,perf-segmentation_only-r005-20260818T023905Z,loan_to_customer,2,102,200,14.752000,
segmentation_only,5,3,perf-segmentation_only-r005-20260818T023905Z,loan_to_customer,2,103,200,14.502500,
segmentation_only,5,3,perf-segmentation_only-r005-20260818T023905Z,loan_to_customer,2,104,200,15.337400,
segmentation_only,5,3,perf-segmentation_only-r005-20260818T023905Z,loan_to_customer,2,105,200,15.093600,
segmentation_only,5,3,perf-segmentation_only-r005-20260818T023905Z,loan_to_customer,2,106,200,15.060600,
segmentation_only,5,3,perf-segmentation_only-r005-20260818T023905Z,loan_to_customer,2,107,200,15.742000,
segmentation_only,5,3,perf-segmentation_only-r005-20260818T023905Z,loan_to_customer,2,108,200,15.491100,
segmentation_only,5,3,perf-segmentation_only-r005-20260818T023905Z,loan_to_customer,2,109,200,15.214700,
segmentation_only,5,3,perf-segmentation_only-r005-20260818T023905Z,loan_to_customer,2,110,200,15.686500,
segmentation_only,5,3,perf-segmentation_only-r005-20260818T023905Z,loan_to_customer,2,111,200,16.045800,
segmentation_only,5,3,perf-segmentation_only-r005-20260818T023905Z,loan_to_customer,2,112,200,16.342800,
segmentation_only,5,3,perf-segmentation_only-r005-20260818T023905Z,loan_to_customer,2,113,200,16.951100,
segmentation_only,5,3,perf-segmentation_only-r005-20260818T023905Z,loan_to_customer,2,114,200,16.242700,
segmentation_only,5,3,perf-segmentation_only-r005-20260818T023905Z,loan_to_customer,2,115,200,16.741000,
segmentation_only,5,3,perf-segmentation_only-r005-20260818T023905Z,loan_to_customer,2,116,200,16.847400,
segmentation_only,5,3,perf-segmentation_only-r005-20260818T023905Z,loan_to_customer,2,117,200,15.958500,
segmentation_only,5,3,perf-segmentation_only-r005-20260818T023905Z,loan_to_customer,2,118,200,16.282100,
segmentation_only,5,3,perf-segmentation_only-r005-20260818T023905Z,loan_to_customer,2,119,200,16.061100,
segmentation_only,5,3,perf-segmentation_only-r005-20260818T023905Z,loan_to_customer,2,120,200,16.050000,
segmentation_only,5,3,perf-segmentation_only-r005-20260818T023905Z,loan_to_customer,2,121,200,16.651800,
segmentation_only,5,3,perf-segmentation_only-r005-20260818T023905Z,loan_to_customer,2,122,200,16.455600,
segmentation_only,5,3,perf-segmentation_only-r005-20260818T023905Z,loan_to_customer,2,123,200,15.996600,
segmentation_only,5,3,perf-segmentation_only-r005-20260818T023905Z,loan_to_customer,2,124,200,16.034900,
segmentation_only,5,3,perf-segmentation_only-r005-20260818T023905Z,loan_to_customer,2,125,200,16.355600,
segmentation_only,5,3,perf-segmentation_only-r005-20260818T023905Z,loan_to_customer,2,126,200,16.541800,
segmentation_only,5,3,perf-segmentation_only-r005-20260818T023905Z,loan_to_customer,2,127,200,16.577400,
segmentation_only,5,3,perf-segmentation_only-r005-20260818T023905Z,loan_to_customer,2,128,200,16.866900,
segmentation_only,5,3,perf-segmentation_only-r005-20260818T023905Z,loan_to_customer,2,129,200,17.409100,
segmentation_only,5,3,perf-segmentation_only-r005-20260818T023905Z,loan_to_customer,2,130,200,17.018000,
segmentation_only,5,3,perf-segmentation_only-r005-20260818T023905Z,loan_to_customer,2,131,200,16.787800,
segmentation_only,5,3,perf-segmentation_only-r005-20260818T023905Z,loan_to_customer,2,132,200,16.349300,
segmentation_only,5,3,perf-segmentation_only-r005-20260818T023905Z,loan_to_customer,2,133,200,16.931700,
segmentation_only,5,3,perf-segmentation_only-r005-20260818T023905Z,loan_to_customer,2,134,200,16.348200,
segmentation_only,5,3,perf-segmentation_only-r005-20260818T023905Z,loan_to_customer,2,135,200,16.037400,
segmentation_only,5,3,perf-segmentation_only-r005-20260818T023905Z,loan_to_customer,2,136,200,16.367200,
segmentation_only,5,3,perf-segmentation_only-r005-20260818T023905Z,loan_to_customer,2,137,200,15.777300,
segmentation_only,5,3,perf-segmentation_only-r005-20260818T023905Z,loan_to_customer,2,138,200,16.728400,
segmentation_only,5,3,perf-segmentation_only-r005-20260818T023905Z,loan_to_customer,2,139,200,16.484300,
segmentation_only,5,3,perf-segmentation_only-r005-20260818T023905Z,loan_to_customer,2,140,200,15.959700,
segmentation_only,5,3,perf-segmentation_only-r005-20260818T023905Z,loan_to_customer,2,141,200,16.518700,
segmentation_only,5,3,perf-segmentation_only-r005-20260818T023905Z,loan_to_customer,2,142,200,16.035500,
segmentation_only,5,3,perf-segmentation_only-r005-20260818T023905Z,loan_to_customer,2,143,200,15.993400,
segmentation_only,5,3,perf-segmentation_only-r005-20260818T023905Z,loan_to_customer,2,144,200,17.404700,
segmentation_only,5,3,perf-segmentation_only-r005-20260818T023905Z,loan_to_customer,2,145,200,16.109100,
segmentation_only,5,3,perf-segmentation_only-r005-20260818T023905Z,loan_to_customer,2,146,200,15.806800,
segmentation_only,5,3,perf-segmentation_only-r005-20260818T023905Z,loan_to_customer,2,147,200,16.613500,
segmentation_only,5,3,perf-segmentation_only-r005-20260818T023905Z,loan_to_customer,2,148,200,15.718000,
segmentation_only,5,3,perf-segmentation_only-r005-20260818T023905Z,loan_to_customer,2,149,200,15.293500,
segmentation_only,5,3,perf-segmentation_only-r005-20260818T023905Z,loan_to_customer,2,150,200,15.063500,
segmentation_only,5,3,perf-segmentation_only-r005-20260818T023905Z,loan_to_customer,2,151,200,14.776000,
segmentation_only,5,3,perf-segmentation_only-r005-20260818T023905Z,loan_to_customer,2,152,200,14.656100,
segmentation_only,5,3,perf-segmentation_only-r005-20260818T023905Z,loan_to_customer,2,153,200,14.874600,
segmentation_only,5,3,perf-segmentation_only-r005-20260818T023905Z,loan_to_customer,2,154,200,14.530200,
segmentation_only,5,3,perf-segmentation_only-r005-20260818T023905Z,loan_to_customer,2,155,200,14.465300,
segmentation_only,5,3,perf-segmentation_only-r005-20260818T023905Z,loan_to_customer,2,156,200,13.822900,
segmentation_only,5,3,perf-segmentation_only-r005-20260818T023905Z,loan_to_customer,2,157,200,17.962300,
segmentation_only,5,3,perf-segmentation_only-r005-20260818T023905Z,loan_to_customer,2,158,200,15.924800,
segmentation_only,5,3,perf-segmentation_only-r005-20260818T023905Z,loan_to_customer,2,159,200,16.273700,
segmentation_only,5,3,perf-segmentation_only-r005-20260818T023905Z,loan_to_customer,2,160,200,16.514400,
segmentation_only,5,3,perf-segmentation_only-r005-20260818T023905Z,loan_to_customer,2,161,200,15.623800,
segmentation_only,5,3,perf-segmentation_only-r005-20260818T023905Z,loan_to_customer,2,162,200,14.964300,
segmentation_only,5,3,perf-segmentation_only-r005-20260818T023905Z,loan_to_customer,2,163,200,15.138200,
segmentation_only,5,3,perf-segmentation_only-r005-20260818T023905Z,loan_to_customer,2,164,200,14.458200,
segmentation_only,5,3,perf-segmentation_only-r005-20260818T023905Z,loan_to_customer,2,165,200,14.728100,
segmentation_only,5,3,perf-segmentation_only-r005-20260818T023905Z,loan_to_customer,2,166,200,14.852300,
segmentation_only,5,3,perf-segmentation_only-r005-20260818T023905Z,loan_to_customer,2,167,200,14.777200,
segmentation_only,5,3,perf-segmentation_only-r005-20260818T023905Z,loan_to_customer,2,168,200,15.016500,
segmentation_only,5,3,perf-segmentation_only-r005-20260818T023905Z,loan_to_customer,2,169,200,15.081900,
segmentation_only,5,3,perf-segmentation_only-r005-20260818T023905Z,loan_to_customer,2,170,200,14.183300,
segmentation_only,5,3,perf-segmentation_only-r005-20260818T023905Z,loan_to_customer,2,171,200,14.235300,
segmentation_only,5,3,perf-segmentation_only-r005-20260818T023905Z,loan_to_customer,2,172,200,14.453200,
segmentation_only,5,3,perf-segmentation_only-r005-20260818T023905Z,loan_to_customer,2,173,200,14.296800,
segmentation_only,5,3,perf-segmentation_only-r005-20260818T023905Z,loan_to_customer,2,174,200,14.916600,
segmentation_only,5,3,perf-segmentation_only-r005-20260818T023905Z,loan_to_customer,2,175,200,14.221300,
segmentation_only,5,3,perf-segmentation_only-r005-20260818T023905Z,loan_to_customer,2,176,200,13.809800,
segmentation_only,5,3,perf-segmentation_only-r005-20260818T023905Z,loan_to_customer,2,177,200,15.262800,
segmentation_only,5,3,perf-segmentation_only-r005-20260818T023905Z,loan_to_customer,2,178,200,13.894200,
segmentation_only,5,3,perf-segmentation_only-r005-20260818T023905Z,loan_to_customer,2,179,200,14.143000,
segmentation_only,5,3,perf-segmentation_only-r005-20260818T023905Z,loan_to_customer,2,180,200,14.139700,
segmentation_only,5,3,perf-segmentation_only-r005-20260818T023905Z,loan_to_customer,2,181,200,14.118700,
segmentation_only,5,3,perf-segmentation_only-r005-20260818T023905Z,loan_to_customer,2,182,200,14.562900,
segmentation_only,5,3,perf-segmentation_only-r005-20260818T023905Z,loan_to_customer,2,183,200,14.900800,
segmentation_only,5,3,perf-segmentation_only-r005-20260818T023905Z,loan_to_customer,2,184,200,14.582100,
segmentation_only,5,3,perf-segmentation_only-r005-20260818T023905Z,loan_to_customer,2,185,200,14.319300,
segmentation_only,5,3,perf-segmentation_only-r005-20260818T023905Z,loan_to_customer,2,186,200,14.660400,
segmentation_only,5,3,perf-segmentation_only-r005-20260818T023905Z,loan_to_customer,2,187,200,14.723600,
segmentation_only,5,3,perf-segmentation_only-r005-20260818T023905Z,loan_to_customer,2,188,200,13.871900,
segmentation_only,5,3,perf-segmentation_only-r005-20260818T023905Z,loan_to_customer,2,189,200,14.754200,
segmentation_only,5,3,perf-segmentation_only-r005-20260818T023905Z,loan_to_customer,2,190,200,14.939200,
segmentation_only,5,3,perf-segmentation_only-r005-20260818T023905Z,loan_to_customer,2,191,200,15.021400,
segmentation_only,5,3,perf-segmentation_only-r005-20260818T023905Z,loan_to_customer,2,192,200,14.505900,
segmentation_only,5,3,perf-segmentation_only-r005-20260818T023905Z,loan_to_customer,2,193,200,14.225700,
segmentation_only,5,3,perf-segmentation_only-r005-20260818T023905Z,loan_to_customer,2,194,200,15.049700,
segmentation_only,5,3,perf-segmentation_only-r005-20260818T023905Z,loan_to_customer,2,195,200,14.641000,
segmentation_only,5,3,perf-segmentation_only-r005-20260818T023905Z,loan_to_customer,2,196,200,14.228900,
segmentation_only,5,3,perf-segmentation_only-r005-20260818T023905Z,loan_to_customer,2,197,200,14.669200,
segmentation_only,5,3,perf-segmentation_only-r005-20260818T023905Z,loan_to_customer,2,198,200,14.650100,
segmentation_only,5,3,perf-segmentation_only-r005-20260818T023905Z,loan_to_customer,2,199,200,14.357100,
segmentation_only,5,3,perf-segmentation_only-r005-20260818T023905Z,loan_to_customer,2,200,200,14.468700,
segmentation_only,5,3,perf-segmentation_only-r005-20260818T023905Z,loan_to_customer,3,1,200,14.582000,
segmentation_only,5,3,perf-segmentation_only-r005-20260818T023905Z,loan_to_customer,3,2,200,15.096900,
segmentation_only,5,3,perf-segmentation_only-r005-20260818T023905Z,loan_to_customer,3,3,200,14.749600,
segmentation_only,5,3,perf-segmentation_only-r005-20260818T023905Z,loan_to_customer,3,4,200,14.018400,
segmentation_only,5,3,perf-segmentation_only-r005-20260818T023905Z,loan_to_customer,3,5,200,15.291700,
segmentation_only,5,3,perf-segmentation_only-r005-20260818T023905Z,loan_to_customer,3,6,200,15.235000,
segmentation_only,5,3,perf-segmentation_only-r005-20260818T023905Z,loan_to_customer,3,7,200,15.217000,
segmentation_only,5,3,perf-segmentation_only-r005-20260818T023905Z,loan_to_customer,3,8,200,15.001200,
segmentation_only,5,3,perf-segmentation_only-r005-20260818T023905Z,loan_to_customer,3,9,200,15.771900,
segmentation_only,5,3,perf-segmentation_only-r005-20260818T023905Z,loan_to_customer,3,10,200,15.151300,
segmentation_only,5,3,perf-segmentation_only-r005-20260818T023905Z,loan_to_customer,3,11,200,15.349200,
segmentation_only,5,3,perf-segmentation_only-r005-20260818T023905Z,loan_to_customer,3,12,200,15.553300,
segmentation_only,5,3,perf-segmentation_only-r005-20260818T023905Z,loan_to_customer,3,13,200,14.494100,
segmentation_only,5,3,perf-segmentation_only-r005-20260818T023905Z,loan_to_customer,3,14,200,14.283700,
segmentation_only,5,3,perf-segmentation_only-r005-20260818T023905Z,loan_to_customer,3,15,200,14.283800,
segmentation_only,5,3,perf-segmentation_only-r005-20260818T023905Z,loan_to_customer,3,16,200,13.879700,
segmentation_only,5,3,perf-segmentation_only-r005-20260818T023905Z,loan_to_customer,3,17,200,14.094400,
segmentation_only,5,3,perf-segmentation_only-r005-20260818T023905Z,loan_to_customer,3,18,200,14.256100,
segmentation_only,5,3,perf-segmentation_only-r005-20260818T023905Z,loan_to_customer,3,19,200,15.613100,
segmentation_only,5,3,perf-segmentation_only-r005-20260818T023905Z,loan_to_customer,3,20,200,14.749400,
segmentation_only,5,3,perf-segmentation_only-r005-20260818T023905Z,loan_to_customer,3,21,200,14.667600,
segmentation_only,5,3,perf-segmentation_only-r005-20260818T023905Z,loan_to_customer,3,22,200,14.329400,
segmentation_only,5,3,perf-segmentation_only-r005-20260818T023905Z,loan_to_customer,3,23,200,15.089900,
segmentation_only,5,3,perf-segmentation_only-r005-20260818T023905Z,loan_to_customer,3,24,200,14.260900,
segmentation_only,5,3,perf-segmentation_only-r005-20260818T023905Z,loan_to_customer,3,25,200,14.662200,
segmentation_only,5,3,perf-segmentation_only-r005-20260818T023905Z,loan_to_customer,3,26,200,14.504300,
segmentation_only,5,3,perf-segmentation_only-r005-20260818T023905Z,loan_to_customer,3,27,200,14.259100,
segmentation_only,5,3,perf-segmentation_only-r005-20260818T023905Z,loan_to_customer,3,28,200,15.341100,
segmentation_only,5,3,perf-segmentation_only-r005-20260818T023905Z,loan_to_customer,3,29,200,14.055800,
segmentation_only,5,3,perf-segmentation_only-r005-20260818T023905Z,loan_to_customer,3,30,200,14.053500,
segmentation_only,5,3,perf-segmentation_only-r005-20260818T023905Z,loan_to_customer,3,31,200,14.956200,
segmentation_only,5,3,perf-segmentation_only-r005-20260818T023905Z,loan_to_customer,3,32,200,14.809200,
segmentation_only,5,3,perf-segmentation_only-r005-20260818T023905Z,loan_to_customer,3,33,200,13.824200,
segmentation_only,5,3,perf-segmentation_only-r005-20260818T023905Z,loan_to_customer,3,34,200,14.484700,
segmentation_only,5,3,perf-segmentation_only-r005-20260818T023905Z,loan_to_customer,3,35,200,14.516900,
segmentation_only,5,3,perf-segmentation_only-r005-20260818T023905Z,loan_to_customer,3,36,200,14.985600,
segmentation_only,5,3,perf-segmentation_only-r005-20260818T023905Z,loan_to_customer,3,37,200,13.975200,
segmentation_only,5,3,perf-segmentation_only-r005-20260818T023905Z,loan_to_customer,3,38,200,16.329300,
segmentation_only,5,3,perf-segmentation_only-r005-20260818T023905Z,loan_to_customer,3,39,200,14.287400,
segmentation_only,5,3,perf-segmentation_only-r005-20260818T023905Z,loan_to_customer,3,40,200,13.982600,
segmentation_only,5,3,perf-segmentation_only-r005-20260818T023905Z,loan_to_customer,3,41,200,15.204100,
segmentation_only,5,3,perf-segmentation_only-r005-20260818T023905Z,loan_to_customer,3,42,200,15.183300,
segmentation_only,5,3,perf-segmentation_only-r005-20260818T023905Z,loan_to_customer,3,43,200,14.829300,
segmentation_only,5,3,perf-segmentation_only-r005-20260818T023905Z,loan_to_customer,3,44,200,14.594700,
segmentation_only,5,3,perf-segmentation_only-r005-20260818T023905Z,loan_to_customer,3,45,200,14.441600,
segmentation_only,5,3,perf-segmentation_only-r005-20260818T023905Z,loan_to_customer,3,46,200,14.685300,
segmentation_only,5,3,perf-segmentation_only-r005-20260818T023905Z,loan_to_customer,3,47,200,14.091200,
segmentation_only,5,3,perf-segmentation_only-r005-20260818T023905Z,loan_to_customer,3,48,200,14.300600,
segmentation_only,5,3,perf-segmentation_only-r005-20260818T023905Z,loan_to_customer,3,49,200,13.786400,
segmentation_only,5,3,perf-segmentation_only-r005-20260818T023905Z,loan_to_customer,3,50,200,14.212800,
segmentation_only,5,3,perf-segmentation_only-r005-20260818T023905Z,loan_to_customer,3,51,200,14.098000,
segmentation_only,5,3,perf-segmentation_only-r005-20260818T023905Z,loan_to_customer,3,52,200,14.116600,
segmentation_only,5,3,perf-segmentation_only-r005-20260818T023905Z,loan_to_customer,3,53,200,14.522300,
segmentation_only,5,3,perf-segmentation_only-r005-20260818T023905Z,loan_to_customer,3,54,200,13.794400,
segmentation_only,5,3,perf-segmentation_only-r005-20260818T023905Z,loan_to_customer,3,55,200,13.593200,
segmentation_only,5,3,perf-segmentation_only-r005-20260818T023905Z,loan_to_customer,3,56,200,14.834500,
segmentation_only,5,3,perf-segmentation_only-r005-20260818T023905Z,loan_to_customer,3,57,200,14.249900,
segmentation_only,5,3,perf-segmentation_only-r005-20260818T023905Z,loan_to_customer,3,58,200,14.558900,
segmentation_only,5,3,perf-segmentation_only-r005-20260818T023905Z,loan_to_customer,3,59,200,14.309600,
segmentation_only,5,3,perf-segmentation_only-r005-20260818T023905Z,loan_to_customer,3,60,200,14.388600,
segmentation_only,5,3,perf-segmentation_only-r005-20260818T023905Z,loan_to_customer,3,61,200,14.377400,
segmentation_only,5,3,perf-segmentation_only-r005-20260818T023905Z,loan_to_customer,3,62,200,14.045200,
segmentation_only,5,3,perf-segmentation_only-r005-20260818T023905Z,loan_to_customer,3,63,200,14.893300,
segmentation_only,5,3,perf-segmentation_only-r005-20260818T023905Z,loan_to_customer,3,64,200,13.977600,
segmentation_only,5,3,perf-segmentation_only-r005-20260818T023905Z,loan_to_customer,3,65,200,14.234400,
segmentation_only,5,3,perf-segmentation_only-r005-20260818T023905Z,loan_to_customer,3,66,200,14.629300,
segmentation_only,5,3,perf-segmentation_only-r005-20260818T023905Z,loan_to_customer,3,67,200,14.954600,
segmentation_only,5,3,perf-segmentation_only-r005-20260818T023905Z,loan_to_customer,3,68,200,15.024300,
segmentation_only,5,3,perf-segmentation_only-r005-20260818T023905Z,loan_to_customer,3,69,200,13.816900,
segmentation_only,5,3,perf-segmentation_only-r005-20260818T023905Z,loan_to_customer,3,70,200,14.137900,
segmentation_only,5,3,perf-segmentation_only-r005-20260818T023905Z,loan_to_customer,3,71,200,14.035100,
segmentation_only,5,3,perf-segmentation_only-r005-20260818T023905Z,loan_to_customer,3,72,200,13.884000,
segmentation_only,5,3,perf-segmentation_only-r005-20260818T023905Z,loan_to_customer,3,73,200,14.531600,
segmentation_only,5,3,perf-segmentation_only-r005-20260818T023905Z,loan_to_customer,3,74,200,14.364900,
segmentation_only,5,3,perf-segmentation_only-r005-20260818T023905Z,loan_to_customer,3,75,200,14.155600,
segmentation_only,5,3,perf-segmentation_only-r005-20260818T023905Z,loan_to_customer,3,76,200,14.150900,
segmentation_only,5,3,perf-segmentation_only-r005-20260818T023905Z,loan_to_customer,3,77,200,13.858300,
segmentation_only,5,3,perf-segmentation_only-r005-20260818T023905Z,loan_to_customer,3,78,200,16.312000,
segmentation_only,5,3,perf-segmentation_only-r005-20260818T023905Z,loan_to_customer,3,79,200,17.877500,
segmentation_only,5,3,perf-segmentation_only-r005-20260818T023905Z,loan_to_customer,3,80,200,14.490600,
segmentation_only,5,3,perf-segmentation_only-r005-20260818T023905Z,loan_to_customer,3,81,200,14.628000,
segmentation_only,5,3,perf-segmentation_only-r005-20260818T023905Z,loan_to_customer,3,82,200,14.468700,
segmentation_only,5,3,perf-segmentation_only-r005-20260818T023905Z,loan_to_customer,3,83,200,14.230900,
segmentation_only,5,3,perf-segmentation_only-r005-20260818T023905Z,loan_to_customer,3,84,200,13.886600,
segmentation_only,5,3,perf-segmentation_only-r005-20260818T023905Z,loan_to_customer,3,85,200,14.126000,
segmentation_only,5,3,perf-segmentation_only-r005-20260818T023905Z,loan_to_customer,3,86,200,14.005300,
segmentation_only,5,3,perf-segmentation_only-r005-20260818T023905Z,loan_to_customer,3,87,200,14.340800,
segmentation_only,5,3,perf-segmentation_only-r005-20260818T023905Z,loan_to_customer,3,88,200,15.538400,
segmentation_only,5,3,perf-segmentation_only-r005-20260818T023905Z,loan_to_customer,3,89,200,15.088700,
segmentation_only,5,3,perf-segmentation_only-r005-20260818T023905Z,loan_to_customer,3,90,200,14.419300,
segmentation_only,5,3,perf-segmentation_only-r005-20260818T023905Z,loan_to_customer,3,91,200,14.786100,
segmentation_only,5,3,perf-segmentation_only-r005-20260818T023905Z,loan_to_customer,3,92,200,15.079800,
segmentation_only,5,3,perf-segmentation_only-r005-20260818T023905Z,loan_to_customer,3,93,200,13.782100,
segmentation_only,5,3,perf-segmentation_only-r005-20260818T023905Z,loan_to_customer,3,94,200,13.883900,
segmentation_only,5,3,perf-segmentation_only-r005-20260818T023905Z,loan_to_customer,3,95,200,13.996900,
segmentation_only,5,3,perf-segmentation_only-r005-20260818T023905Z,loan_to_customer,3,96,200,14.052200,
segmentation_only,5,3,perf-segmentation_only-r005-20260818T023905Z,loan_to_customer,3,97,200,14.243300,
segmentation_only,5,3,perf-segmentation_only-r005-20260818T023905Z,loan_to_customer,3,98,200,15.119200,
segmentation_only,5,3,perf-segmentation_only-r005-20260818T023905Z,loan_to_customer,3,99,200,13.828400,
segmentation_only,5,3,perf-segmentation_only-r005-20260818T023905Z,loan_to_customer,3,100,200,14.291600,
segmentation_only,5,3,perf-segmentation_only-r005-20260818T023905Z,loan_to_customer,3,101,200,14.886100,
segmentation_only,5,3,perf-segmentation_only-r005-20260818T023905Z,loan_to_customer,3,102,200,14.750100,
segmentation_only,5,3,perf-segmentation_only-r005-20260818T023905Z,loan_to_customer,3,103,200,14.897700,
segmentation_only,5,3,perf-segmentation_only-r005-20260818T023905Z,loan_to_customer,3,104,200,15.862400,
segmentation_only,5,3,perf-segmentation_only-r005-20260818T023905Z,loan_to_customer,3,105,200,14.689300,
segmentation_only,5,3,perf-segmentation_only-r005-20260818T023905Z,loan_to_customer,3,106,200,14.338000,
segmentation_only,5,3,perf-segmentation_only-r005-20260818T023905Z,loan_to_customer,3,107,200,14.485100,
segmentation_only,5,3,perf-segmentation_only-r005-20260818T023905Z,loan_to_customer,3,108,200,14.938800,
segmentation_only,5,3,perf-segmentation_only-r005-20260818T023905Z,loan_to_customer,3,109,200,14.832200,
segmentation_only,5,3,perf-segmentation_only-r005-20260818T023905Z,loan_to_customer,3,110,200,13.921500,
segmentation_only,5,3,perf-segmentation_only-r005-20260818T023905Z,loan_to_customer,3,111,200,15.004200,
segmentation_only,5,3,perf-segmentation_only-r005-20260818T023905Z,loan_to_customer,3,112,200,14.660700,
segmentation_only,5,3,perf-segmentation_only-r005-20260818T023905Z,loan_to_customer,3,113,200,13.913500,
segmentation_only,5,3,perf-segmentation_only-r005-20260818T023905Z,loan_to_customer,3,114,200,14.903600,
segmentation_only,5,3,perf-segmentation_only-r005-20260818T023905Z,loan_to_customer,3,115,200,14.399400,
segmentation_only,5,3,perf-segmentation_only-r005-20260818T023905Z,loan_to_customer,3,116,200,14.228100,
segmentation_only,5,3,perf-segmentation_only-r005-20260818T023905Z,loan_to_customer,3,117,200,14.219600,
segmentation_only,5,3,perf-segmentation_only-r005-20260818T023905Z,loan_to_customer,3,118,200,14.297700,
segmentation_only,5,3,perf-segmentation_only-r005-20260818T023905Z,loan_to_customer,3,119,200,14.906000,
segmentation_only,5,3,perf-segmentation_only-r005-20260818T023905Z,loan_to_customer,3,120,200,14.579900,
segmentation_only,5,3,perf-segmentation_only-r005-20260818T023905Z,loan_to_customer,3,121,200,14.416500,
segmentation_only,5,3,perf-segmentation_only-r005-20260818T023905Z,loan_to_customer,3,122,200,18.030300,
segmentation_only,5,3,perf-segmentation_only-r005-20260818T023905Z,loan_to_customer,3,123,200,15.445100,
segmentation_only,5,3,perf-segmentation_only-r005-20260818T023905Z,loan_to_customer,3,124,200,14.355700,
segmentation_only,5,3,perf-segmentation_only-r005-20260818T023905Z,loan_to_customer,3,125,200,14.317500,
segmentation_only,5,3,perf-segmentation_only-r005-20260818T023905Z,loan_to_customer,3,126,200,14.353900,
segmentation_only,5,3,perf-segmentation_only-r005-20260818T023905Z,loan_to_customer,3,127,200,14.423800,
segmentation_only,5,3,perf-segmentation_only-r005-20260818T023905Z,loan_to_customer,3,128,200,14.892000,
segmentation_only,5,3,perf-segmentation_only-r005-20260818T023905Z,loan_to_customer,3,129,200,14.346100,
segmentation_only,5,3,perf-segmentation_only-r005-20260818T023905Z,loan_to_customer,3,130,200,14.556400,
segmentation_only,5,3,perf-segmentation_only-r005-20260818T023905Z,loan_to_customer,3,131,200,14.295100,
segmentation_only,5,3,perf-segmentation_only-r005-20260818T023905Z,loan_to_customer,3,132,200,14.460200,
segmentation_only,5,3,perf-segmentation_only-r005-20260818T023905Z,loan_to_customer,3,133,200,14.923900,
segmentation_only,5,3,perf-segmentation_only-r005-20260818T023905Z,loan_to_customer,3,134,200,13.631000,
segmentation_only,5,3,perf-segmentation_only-r005-20260818T023905Z,loan_to_customer,3,135,200,14.179400,
segmentation_only,5,3,perf-segmentation_only-r005-20260818T023905Z,loan_to_customer,3,136,200,14.461600,
segmentation_only,5,3,perf-segmentation_only-r005-20260818T023905Z,loan_to_customer,3,137,200,14.474000,
segmentation_only,5,3,perf-segmentation_only-r005-20260818T023905Z,loan_to_customer,3,138,200,14.523200,
segmentation_only,5,3,perf-segmentation_only-r005-20260818T023905Z,loan_to_customer,3,139,200,14.965200,
segmentation_only,5,3,perf-segmentation_only-r005-20260818T023905Z,loan_to_customer,3,140,200,14.734600,
segmentation_only,5,3,perf-segmentation_only-r005-20260818T023905Z,loan_to_customer,3,141,200,14.233600,
segmentation_only,5,3,perf-segmentation_only-r005-20260818T023905Z,loan_to_customer,3,142,200,14.302900,
segmentation_only,5,3,perf-segmentation_only-r005-20260818T023905Z,loan_to_customer,3,143,200,14.587800,
segmentation_only,5,3,perf-segmentation_only-r005-20260818T023905Z,loan_to_customer,3,144,200,13.819300,
segmentation_only,5,3,perf-segmentation_only-r005-20260818T023905Z,loan_to_customer,3,145,200,13.761000,
segmentation_only,5,3,perf-segmentation_only-r005-20260818T023905Z,loan_to_customer,3,146,200,14.052400,
segmentation_only,5,3,perf-segmentation_only-r005-20260818T023905Z,loan_to_customer,3,147,200,13.818700,
segmentation_only,5,3,perf-segmentation_only-r005-20260818T023905Z,loan_to_customer,3,148,200,14.190700,
segmentation_only,5,3,perf-segmentation_only-r005-20260818T023905Z,loan_to_customer,3,149,200,15.068100,
segmentation_only,5,3,perf-segmentation_only-r005-20260818T023905Z,loan_to_customer,3,150,200,14.964700,
segmentation_only,5,3,perf-segmentation_only-r005-20260818T023905Z,loan_to_customer,3,151,200,14.724600,
segmentation_only,5,3,perf-segmentation_only-r005-20260818T023905Z,loan_to_customer,3,152,200,15.546900,
segmentation_only,5,3,perf-segmentation_only-r005-20260818T023905Z,loan_to_customer,3,153,200,14.911100,
segmentation_only,5,3,perf-segmentation_only-r005-20260818T023905Z,loan_to_customer,3,154,200,15.741300,
segmentation_only,5,3,perf-segmentation_only-r005-20260818T023905Z,loan_to_customer,3,155,200,14.897600,
segmentation_only,5,3,perf-segmentation_only-r005-20260818T023905Z,loan_to_customer,3,156,200,14.633200,
segmentation_only,5,3,perf-segmentation_only-r005-20260818T023905Z,loan_to_customer,3,157,200,13.948400,
segmentation_only,5,3,perf-segmentation_only-r005-20260818T023905Z,loan_to_customer,3,158,200,14.425000,
segmentation_only,5,3,perf-segmentation_only-r005-20260818T023905Z,loan_to_customer,3,159,200,14.823100,
segmentation_only,5,3,perf-segmentation_only-r005-20260818T023905Z,loan_to_customer,3,160,200,15.633400,
segmentation_only,5,3,perf-segmentation_only-r005-20260818T023905Z,loan_to_customer,3,161,200,15.174600,
segmentation_only,5,3,perf-segmentation_only-r005-20260818T023905Z,loan_to_customer,3,162,200,14.573500,
segmentation_only,5,3,perf-segmentation_only-r005-20260818T023905Z,loan_to_customer,3,163,200,14.658800,
segmentation_only,5,3,perf-segmentation_only-r005-20260818T023905Z,loan_to_customer,3,164,200,14.488100,
segmentation_only,5,3,perf-segmentation_only-r005-20260818T023905Z,loan_to_customer,3,165,200,14.381300,
segmentation_only,5,3,perf-segmentation_only-r005-20260818T023905Z,loan_to_customer,3,166,200,14.477500,
segmentation_only,5,3,perf-segmentation_only-r005-20260818T023905Z,loan_to_customer,3,167,200,14.350600,
segmentation_only,5,3,perf-segmentation_only-r005-20260818T023905Z,loan_to_customer,3,168,200,14.808600,
segmentation_only,5,3,perf-segmentation_only-r005-20260818T023905Z,loan_to_customer,3,169,200,14.724800,
segmentation_only,5,3,perf-segmentation_only-r005-20260818T023905Z,loan_to_customer,3,170,200,15.030900,
segmentation_only,5,3,perf-segmentation_only-r005-20260818T023905Z,loan_to_customer,3,171,200,14.842900,
segmentation_only,5,3,perf-segmentation_only-r005-20260818T023905Z,loan_to_customer,3,172,200,18.808900,
segmentation_only,5,3,perf-segmentation_only-r005-20260818T023905Z,loan_to_customer,3,173,200,15.630100,
segmentation_only,5,3,perf-segmentation_only-r005-20260818T023905Z,loan_to_customer,3,174,200,21.553700,
segmentation_only,5,3,perf-segmentation_only-r005-20260818T023905Z,loan_to_customer,3,175,200,15.587500,
segmentation_only,5,3,perf-segmentation_only-r005-20260818T023905Z,loan_to_customer,3,176,200,15.388400,
segmentation_only,5,3,perf-segmentation_only-r005-20260818T023905Z,loan_to_customer,3,177,200,15.161300,
segmentation_only,5,3,perf-segmentation_only-r005-20260818T023905Z,loan_to_customer,3,178,200,14.397100,
segmentation_only,5,3,perf-segmentation_only-r005-20260818T023905Z,loan_to_customer,3,179,200,15.243300,
segmentation_only,5,3,perf-segmentation_only-r005-20260818T023905Z,loan_to_customer,3,180,200,15.663800,
segmentation_only,5,3,perf-segmentation_only-r005-20260818T023905Z,loan_to_customer,3,181,200,14.583900,
segmentation_only,5,3,perf-segmentation_only-r005-20260818T023905Z,loan_to_customer,3,182,200,15.190500,
segmentation_only,5,3,perf-segmentation_only-r005-20260818T023905Z,loan_to_customer,3,183,200,14.881300,
segmentation_only,5,3,perf-segmentation_only-r005-20260818T023905Z,loan_to_customer,3,184,200,14.237300,
segmentation_only,5,3,perf-segmentation_only-r005-20260818T023905Z,loan_to_customer,3,185,200,14.000100,
segmentation_only,5,3,perf-segmentation_only-r005-20260818T023905Z,loan_to_customer,3,186,200,14.626200,
segmentation_only,5,3,perf-segmentation_only-r005-20260818T023905Z,loan_to_customer,3,187,200,13.915000,
segmentation_only,5,3,perf-segmentation_only-r005-20260818T023905Z,loan_to_customer,3,188,200,14.140000,
segmentation_only,5,3,perf-segmentation_only-r005-20260818T023905Z,loan_to_customer,3,189,200,14.969000,
segmentation_only,5,3,perf-segmentation_only-r005-20260818T023905Z,loan_to_customer,3,190,200,14.222200,
segmentation_only,5,3,perf-segmentation_only-r005-20260818T023905Z,loan_to_customer,3,191,200,14.683400,
segmentation_only,5,3,perf-segmentation_only-r005-20260818T023905Z,loan_to_customer,3,192,200,13.928100,
segmentation_only,5,3,perf-segmentation_only-r005-20260818T023905Z,loan_to_customer,3,193,200,13.869200,
segmentation_only,5,3,perf-segmentation_only-r005-20260818T023905Z,loan_to_customer,3,194,200,14.113600,
segmentation_only,5,3,perf-segmentation_only-r005-20260818T023905Z,loan_to_customer,3,195,200,13.973400,
segmentation_only,5,3,perf-segmentation_only-r005-20260818T023905Z,loan_to_customer,3,196,200,13.614700,
segmentation_only,5,3,perf-segmentation_only-r005-20260818T023905Z,loan_to_customer,3,197,200,13.842100,
segmentation_only,5,3,perf-segmentation_only-r005-20260818T023905Z,loan_to_customer,3,198,200,14.929000,
segmentation_only,5,3,perf-segmentation_only-r005-20260818T023905Z,loan_to_customer,3,199,200,14.247700,
segmentation_only,5,3,perf-segmentation_only-r005-20260818T023905Z,loan_to_customer,3,200,200,14.013000,
segmentation_only,5,3,perf-segmentation_only-r005-20260818T023905Z,loan_to_credit,1,1,200,16.017700,
segmentation_only,5,3,perf-segmentation_only-r005-20260818T023905Z,loan_to_credit,1,2,200,15.452700,
segmentation_only,5,3,perf-segmentation_only-r005-20260818T023905Z,loan_to_credit,1,3,200,16.240900,
segmentation_only,5,3,perf-segmentation_only-r005-20260818T023905Z,loan_to_credit,1,4,200,16.020800,
segmentation_only,5,3,perf-segmentation_only-r005-20260818T023905Z,loan_to_credit,1,5,200,15.654400,
segmentation_only,5,3,perf-segmentation_only-r005-20260818T023905Z,loan_to_credit,1,6,200,15.938500,
segmentation_only,5,3,perf-segmentation_only-r005-20260818T023905Z,loan_to_credit,1,7,200,15.040300,
segmentation_only,5,3,perf-segmentation_only-r005-20260818T023905Z,loan_to_credit,1,8,200,15.992400,
segmentation_only,5,3,perf-segmentation_only-r005-20260818T023905Z,loan_to_credit,1,9,200,16.168400,
segmentation_only,5,3,perf-segmentation_only-r005-20260818T023905Z,loan_to_credit,1,10,200,16.092500,
segmentation_only,5,3,perf-segmentation_only-r005-20260818T023905Z,loan_to_credit,1,11,200,15.833500,
segmentation_only,5,3,perf-segmentation_only-r005-20260818T023905Z,loan_to_credit,1,12,200,16.049400,
segmentation_only,5,3,perf-segmentation_only-r005-20260818T023905Z,loan_to_credit,1,13,200,15.583300,
segmentation_only,5,3,perf-segmentation_only-r005-20260818T023905Z,loan_to_credit,1,14,200,15.268800,
segmentation_only,5,3,perf-segmentation_only-r005-20260818T023905Z,loan_to_credit,1,15,200,15.817900,
segmentation_only,5,3,perf-segmentation_only-r005-20260818T023905Z,loan_to_credit,1,16,200,15.959600,
segmentation_only,5,3,perf-segmentation_only-r005-20260818T023905Z,loan_to_credit,1,17,200,14.770300,
segmentation_only,5,3,perf-segmentation_only-r005-20260818T023905Z,loan_to_credit,1,18,200,15.269000,
segmentation_only,5,3,perf-segmentation_only-r005-20260818T023905Z,loan_to_credit,1,19,200,16.389200,
segmentation_only,5,3,perf-segmentation_only-r005-20260818T023905Z,loan_to_credit,1,20,200,15.384000,
segmentation_only,5,3,perf-segmentation_only-r005-20260818T023905Z,loan_to_credit,1,21,200,16.112400,
segmentation_only,5,3,perf-segmentation_only-r005-20260818T023905Z,loan_to_credit,1,22,200,16.105000,
segmentation_only,5,3,perf-segmentation_only-r005-20260818T023905Z,loan_to_credit,1,23,200,15.825000,
segmentation_only,5,3,perf-segmentation_only-r005-20260818T023905Z,loan_to_credit,1,24,200,16.051800,
segmentation_only,5,3,perf-segmentation_only-r005-20260818T023905Z,loan_to_credit,1,25,200,15.844100,
segmentation_only,5,3,perf-segmentation_only-r005-20260818T023905Z,loan_to_credit,1,26,200,16.025300,
segmentation_only,5,3,perf-segmentation_only-r005-20260818T023905Z,loan_to_credit,1,27,200,16.094500,
segmentation_only,5,3,perf-segmentation_only-r005-20260818T023905Z,loan_to_credit,1,28,200,18.171600,
segmentation_only,5,3,perf-segmentation_only-r005-20260818T023905Z,loan_to_credit,1,29,200,15.775900,
segmentation_only,5,3,perf-segmentation_only-r005-20260818T023905Z,loan_to_credit,1,30,200,18.959700,
segmentation_only,5,3,perf-segmentation_only-r005-20260818T023905Z,loan_to_credit,1,31,200,15.910000,
segmentation_only,5,3,perf-segmentation_only-r005-20260818T023905Z,loan_to_credit,1,32,200,15.905400,
segmentation_only,5,3,perf-segmentation_only-r005-20260818T023905Z,loan_to_credit,1,33,200,16.099800,
segmentation_only,5,3,perf-segmentation_only-r005-20260818T023905Z,loan_to_credit,1,34,200,15.799800,
segmentation_only,5,3,perf-segmentation_only-r005-20260818T023905Z,loan_to_credit,1,35,200,15.127900,
segmentation_only,5,3,perf-segmentation_only-r005-20260818T023905Z,loan_to_credit,1,36,200,16.780500,
segmentation_only,5,3,perf-segmentation_only-r005-20260818T023905Z,loan_to_credit,1,37,200,15.087400,
segmentation_only,5,3,perf-segmentation_only-r005-20260818T023905Z,loan_to_credit,1,38,200,15.781600,
segmentation_only,5,3,perf-segmentation_only-r005-20260818T023905Z,loan_to_credit,1,39,200,15.058400,
segmentation_only,5,3,perf-segmentation_only-r005-20260818T023905Z,loan_to_credit,1,40,200,16.221500,
segmentation_only,5,3,perf-segmentation_only-r005-20260818T023905Z,loan_to_credit,1,41,200,16.220900,
segmentation_only,5,3,perf-segmentation_only-r005-20260818T023905Z,loan_to_credit,1,42,200,15.644800,
segmentation_only,5,3,perf-segmentation_only-r005-20260818T023905Z,loan_to_credit,1,43,200,15.965200,
segmentation_only,5,3,perf-segmentation_only-r005-20260818T023905Z,loan_to_credit,1,44,200,16.111300,
segmentation_only,5,3,perf-segmentation_only-r005-20260818T023905Z,loan_to_credit,1,45,200,15.651700,
segmentation_only,5,3,perf-segmentation_only-r005-20260818T023905Z,loan_to_credit,1,46,200,16.828500,
segmentation_only,5,3,perf-segmentation_only-r005-20260818T023905Z,loan_to_credit,1,47,200,15.303900,
segmentation_only,5,3,perf-segmentation_only-r005-20260818T023905Z,loan_to_credit,1,48,200,16.250100,
segmentation_only,5,3,perf-segmentation_only-r005-20260818T023905Z,loan_to_credit,1,49,200,15.971600,
segmentation_only,5,3,perf-segmentation_only-r005-20260818T023905Z,loan_to_credit,1,50,200,15.855400,
segmentation_only,5,3,perf-segmentation_only-r005-20260818T023905Z,loan_to_credit,1,51,200,15.890900,
segmentation_only,5,3,perf-segmentation_only-r005-20260818T023905Z,loan_to_credit,1,52,200,15.903300,
segmentation_only,5,3,perf-segmentation_only-r005-20260818T023905Z,loan_to_credit,1,53,200,16.143100,
segmentation_only,5,3,perf-segmentation_only-r005-20260818T023905Z,loan_to_credit,1,54,200,15.614500,
segmentation_only,5,3,perf-segmentation_only-r005-20260818T023905Z,loan_to_credit,1,55,200,16.054800,
segmentation_only,5,3,perf-segmentation_only-r005-20260818T023905Z,loan_to_credit,1,56,200,17.268400,
segmentation_only,5,3,perf-segmentation_only-r005-20260818T023905Z,loan_to_credit,1,57,200,15.673300,
segmentation_only,5,3,perf-segmentation_only-r005-20260818T023905Z,loan_to_credit,1,58,200,16.745300,
segmentation_only,5,3,perf-segmentation_only-r005-20260818T023905Z,loan_to_credit,1,59,200,16.493600,
segmentation_only,5,3,perf-segmentation_only-r005-20260818T023905Z,loan_to_credit,1,60,200,17.182100,
segmentation_only,5,3,perf-segmentation_only-r005-20260818T023905Z,loan_to_credit,1,61,200,16.757700,
segmentation_only,5,3,perf-segmentation_only-r005-20260818T023905Z,loan_to_credit,1,62,200,16.461600,
segmentation_only,5,3,perf-segmentation_only-r005-20260818T023905Z,loan_to_credit,1,63,200,16.461500,
segmentation_only,5,3,perf-segmentation_only-r005-20260818T023905Z,loan_to_credit,1,64,200,17.273400,
segmentation_only,5,3,perf-segmentation_only-r005-20260818T023905Z,loan_to_credit,1,65,200,16.576400,
segmentation_only,5,3,perf-segmentation_only-r005-20260818T023905Z,loan_to_credit,1,66,200,16.356400,
segmentation_only,5,3,perf-segmentation_only-r005-20260818T023905Z,loan_to_credit,1,67,200,16.766000,
segmentation_only,5,3,perf-segmentation_only-r005-20260818T023905Z,loan_to_credit,1,68,200,15.834200,
segmentation_only,5,3,perf-segmentation_only-r005-20260818T023905Z,loan_to_credit,1,69,200,15.896700,
segmentation_only,5,3,perf-segmentation_only-r005-20260818T023905Z,loan_to_credit,1,70,200,17.163100,
segmentation_only,5,3,perf-segmentation_only-r005-20260818T023905Z,loan_to_credit,1,71,200,15.863000,
segmentation_only,5,3,perf-segmentation_only-r005-20260818T023905Z,loan_to_credit,1,72,200,16.085200,
segmentation_only,5,3,perf-segmentation_only-r005-20260818T023905Z,loan_to_credit,1,73,200,16.965200,
segmentation_only,5,3,perf-segmentation_only-r005-20260818T023905Z,loan_to_credit,1,74,200,17.531600,
segmentation_only,5,3,perf-segmentation_only-r005-20260818T023905Z,loan_to_credit,1,75,200,16.278100,
segmentation_only,5,3,perf-segmentation_only-r005-20260818T023905Z,loan_to_credit,1,76,200,16.183700,
segmentation_only,5,3,perf-segmentation_only-r005-20260818T023905Z,loan_to_credit,1,77,200,15.678800,
segmentation_only,5,3,perf-segmentation_only-r005-20260818T023905Z,loan_to_credit,1,78,200,16.220400,
segmentation_only,5,3,perf-segmentation_only-r005-20260818T023905Z,loan_to_credit,1,79,200,15.973900,
segmentation_only,5,3,perf-segmentation_only-r005-20260818T023905Z,loan_to_credit,1,80,200,15.781700,
segmentation_only,5,3,perf-segmentation_only-r005-20260818T023905Z,loan_to_credit,1,81,200,16.378000,
segmentation_only,5,3,perf-segmentation_only-r005-20260818T023905Z,loan_to_credit,1,82,200,16.076800,
segmentation_only,5,3,perf-segmentation_only-r005-20260818T023905Z,loan_to_credit,1,83,200,15.625800,
segmentation_only,5,3,perf-segmentation_only-r005-20260818T023905Z,loan_to_credit,1,84,200,16.062800,
segmentation_only,5,3,perf-segmentation_only-r005-20260818T023905Z,loan_to_credit,1,85,200,15.939900,
segmentation_only,5,3,perf-segmentation_only-r005-20260818T023905Z,loan_to_credit,1,86,200,16.031200,
segmentation_only,5,3,perf-segmentation_only-r005-20260818T023905Z,loan_to_credit,1,87,200,15.791900,
segmentation_only,5,3,perf-segmentation_only-r005-20260818T023905Z,loan_to_credit,1,88,200,16.749300,
segmentation_only,5,3,perf-segmentation_only-r005-20260818T023905Z,loan_to_credit,1,89,200,16.278600,
segmentation_only,5,3,perf-segmentation_only-r005-20260818T023905Z,loan_to_credit,1,90,200,15.835900,
segmentation_only,5,3,perf-segmentation_only-r005-20260818T023905Z,loan_to_credit,1,91,200,16.224100,
segmentation_only,5,3,perf-segmentation_only-r005-20260818T023905Z,loan_to_credit,1,92,200,16.201800,
segmentation_only,5,3,perf-segmentation_only-r005-20260818T023905Z,loan_to_credit,1,93,200,16.114400,
segmentation_only,5,3,perf-segmentation_only-r005-20260818T023905Z,loan_to_credit,1,94,200,16.087600,
segmentation_only,5,3,perf-segmentation_only-r005-20260818T023905Z,loan_to_credit,1,95,200,16.688200,
segmentation_only,5,3,perf-segmentation_only-r005-20260818T023905Z,loan_to_credit,1,96,200,15.713100,
segmentation_only,5,3,perf-segmentation_only-r005-20260818T023905Z,loan_to_credit,1,97,200,15.965800,
segmentation_only,5,3,perf-segmentation_only-r005-20260818T023905Z,loan_to_credit,1,98,200,16.046700,
segmentation_only,5,3,perf-segmentation_only-r005-20260818T023905Z,loan_to_credit,1,99,200,15.941500,
segmentation_only,5,3,perf-segmentation_only-r005-20260818T023905Z,loan_to_credit,1,100,200,15.896600,
segmentation_only,5,3,perf-segmentation_only-r005-20260818T023905Z,loan_to_credit,1,101,200,16.267000,
segmentation_only,5,3,perf-segmentation_only-r005-20260818T023905Z,loan_to_credit,1,102,200,16.129400,
segmentation_only,5,3,perf-segmentation_only-r005-20260818T023905Z,loan_to_credit,1,103,200,15.457000,
segmentation_only,5,3,perf-segmentation_only-r005-20260818T023905Z,loan_to_credit,1,104,200,16.343100,
segmentation_only,5,3,perf-segmentation_only-r005-20260818T023905Z,loan_to_credit,1,105,200,16.724800,
segmentation_only,5,3,perf-segmentation_only-r005-20260818T023905Z,loan_to_credit,1,106,200,16.227400,
segmentation_only,5,3,perf-segmentation_only-r005-20260818T023905Z,loan_to_credit,1,107,200,16.936300,
segmentation_only,5,3,perf-segmentation_only-r005-20260818T023905Z,loan_to_credit,1,108,200,15.915700,
segmentation_only,5,3,perf-segmentation_only-r005-20260818T023905Z,loan_to_credit,1,109,200,15.833500,
segmentation_only,5,3,perf-segmentation_only-r005-20260818T023905Z,loan_to_credit,1,110,200,16.029400,
segmentation_only,5,3,perf-segmentation_only-r005-20260818T023905Z,loan_to_credit,1,111,200,15.735000,
segmentation_only,5,3,perf-segmentation_only-r005-20260818T023905Z,loan_to_credit,1,112,200,15.957100,
segmentation_only,5,3,perf-segmentation_only-r005-20260818T023905Z,loan_to_credit,1,113,200,15.115400,
segmentation_only,5,3,perf-segmentation_only-r005-20260818T023905Z,loan_to_credit,1,114,200,16.021700,
segmentation_only,5,3,perf-segmentation_only-r005-20260818T023905Z,loan_to_credit,1,115,200,15.963900,
segmentation_only,5,3,perf-segmentation_only-r005-20260818T023905Z,loan_to_credit,1,116,200,15.823100,
segmentation_only,5,3,perf-segmentation_only-r005-20260818T023905Z,loan_to_credit,1,117,200,16.455000,
segmentation_only,5,3,perf-segmentation_only-r005-20260818T023905Z,loan_to_credit,1,118,200,17.229000,
segmentation_only,5,3,perf-segmentation_only-r005-20260818T023905Z,loan_to_credit,1,119,200,16.376800,
segmentation_only,5,3,perf-segmentation_only-r005-20260818T023905Z,loan_to_credit,1,120,200,16.308600,
segmentation_only,5,3,perf-segmentation_only-r005-20260818T023905Z,loan_to_credit,1,121,200,15.879800,
segmentation_only,5,3,perf-segmentation_only-r005-20260818T023905Z,loan_to_credit,1,122,200,15.628200,
segmentation_only,5,3,perf-segmentation_only-r005-20260818T023905Z,loan_to_credit,1,123,200,15.626300,
segmentation_only,5,3,perf-segmentation_only-r005-20260818T023905Z,loan_to_credit,1,124,200,16.215600,
segmentation_only,5,3,perf-segmentation_only-r005-20260818T023905Z,loan_to_credit,1,125,200,15.559200,
segmentation_only,5,3,perf-segmentation_only-r005-20260818T023905Z,loan_to_credit,1,126,200,15.549400,
segmentation_only,5,3,perf-segmentation_only-r005-20260818T023905Z,loan_to_credit,1,127,200,16.368800,
segmentation_only,5,3,perf-segmentation_only-r005-20260818T023905Z,loan_to_credit,1,128,200,17.067900,
segmentation_only,5,3,perf-segmentation_only-r005-20260818T023905Z,loan_to_credit,1,129,200,16.929000,
segmentation_only,5,3,perf-segmentation_only-r005-20260818T023905Z,loan_to_credit,1,130,200,15.688500,
segmentation_only,5,3,perf-segmentation_only-r005-20260818T023905Z,loan_to_credit,1,131,200,16.328000,
segmentation_only,5,3,perf-segmentation_only-r005-20260818T023905Z,loan_to_credit,1,132,200,16.874400,
segmentation_only,5,3,perf-segmentation_only-r005-20260818T023905Z,loan_to_credit,1,133,200,16.834300,
segmentation_only,5,3,perf-segmentation_only-r005-20260818T023905Z,loan_to_credit,1,134,200,15.795300,
segmentation_only,5,3,perf-segmentation_only-r005-20260818T023905Z,loan_to_credit,1,135,200,16.062700,
segmentation_only,5,3,perf-segmentation_only-r005-20260818T023905Z,loan_to_credit,1,136,200,16.190100,
segmentation_only,5,3,perf-segmentation_only-r005-20260818T023905Z,loan_to_credit,1,137,200,20.246200,
segmentation_only,5,3,perf-segmentation_only-r005-20260818T023905Z,loan_to_credit,1,138,200,16.954900,
segmentation_only,5,3,perf-segmentation_only-r005-20260818T023905Z,loan_to_credit,1,139,200,16.942000,
segmentation_only,5,3,perf-segmentation_only-r005-20260818T023905Z,loan_to_credit,1,140,200,15.820300,
segmentation_only,5,3,perf-segmentation_only-r005-20260818T023905Z,loan_to_credit,1,141,200,16.217200,
segmentation_only,5,3,perf-segmentation_only-r005-20260818T023905Z,loan_to_credit,1,142,200,16.499900,
segmentation_only,5,3,perf-segmentation_only-r005-20260818T023905Z,loan_to_credit,1,143,200,16.035800,
segmentation_only,5,3,perf-segmentation_only-r005-20260818T023905Z,loan_to_credit,1,144,200,15.916100,
segmentation_only,5,3,perf-segmentation_only-r005-20260818T023905Z,loan_to_credit,1,145,200,18.450900,
segmentation_only,5,3,perf-segmentation_only-r005-20260818T023905Z,loan_to_credit,1,146,200,16.717000,
segmentation_only,5,3,perf-segmentation_only-r005-20260818T023905Z,loan_to_credit,1,147,200,16.937400,
segmentation_only,5,3,perf-segmentation_only-r005-20260818T023905Z,loan_to_credit,1,148,200,15.868500,
segmentation_only,5,3,perf-segmentation_only-r005-20260818T023905Z,loan_to_credit,1,149,200,16.940700,
segmentation_only,5,3,perf-segmentation_only-r005-20260818T023905Z,loan_to_credit,1,150,200,16.268300,
segmentation_only,5,3,perf-segmentation_only-r005-20260818T023905Z,loan_to_credit,1,151,200,15.524300,
segmentation_only,5,3,perf-segmentation_only-r005-20260818T023905Z,loan_to_credit,1,152,200,16.291400,
segmentation_only,5,3,perf-segmentation_only-r005-20260818T023905Z,loan_to_credit,1,153,200,15.711100,
segmentation_only,5,3,perf-segmentation_only-r005-20260818T023905Z,loan_to_credit,1,154,200,16.307700,
segmentation_only,5,3,perf-segmentation_only-r005-20260818T023905Z,loan_to_credit,1,155,200,15.865900,
segmentation_only,5,3,perf-segmentation_only-r005-20260818T023905Z,loan_to_credit,1,156,200,15.718200,
segmentation_only,5,3,perf-segmentation_only-r005-20260818T023905Z,loan_to_credit,1,157,200,16.044600,
segmentation_only,5,3,perf-segmentation_only-r005-20260818T023905Z,loan_to_credit,1,158,200,16.261600,
segmentation_only,5,3,perf-segmentation_only-r005-20260818T023905Z,loan_to_credit,1,159,200,15.653400,
segmentation_only,5,3,perf-segmentation_only-r005-20260818T023905Z,loan_to_credit,1,160,200,16.117300,
segmentation_only,5,3,perf-segmentation_only-r005-20260818T023905Z,loan_to_credit,1,161,200,16.041600,
segmentation_only,5,3,perf-segmentation_only-r005-20260818T023905Z,loan_to_credit,1,162,200,15.949900,
segmentation_only,5,3,perf-segmentation_only-r005-20260818T023905Z,loan_to_credit,1,163,200,15.777400,
segmentation_only,5,3,perf-segmentation_only-r005-20260818T023905Z,loan_to_credit,1,164,200,16.424800,
segmentation_only,5,3,perf-segmentation_only-r005-20260818T023905Z,loan_to_credit,1,165,200,15.601200,
segmentation_only,5,3,perf-segmentation_only-r005-20260818T023905Z,loan_to_credit,1,166,200,16.141700,
segmentation_only,5,3,perf-segmentation_only-r005-20260818T023905Z,loan_to_credit,1,167,200,15.654200,
segmentation_only,5,3,perf-segmentation_only-r005-20260818T023905Z,loan_to_credit,1,168,200,16.939700,
segmentation_only,5,3,perf-segmentation_only-r005-20260818T023905Z,loan_to_credit,1,169,200,15.342400,
segmentation_only,5,3,perf-segmentation_only-r005-20260818T023905Z,loan_to_credit,1,170,200,16.087500,
segmentation_only,5,3,perf-segmentation_only-r005-20260818T023905Z,loan_to_credit,1,171,200,16.715600,
segmentation_only,5,3,perf-segmentation_only-r005-20260818T023905Z,loan_to_credit,1,172,200,16.050100,
segmentation_only,5,3,perf-segmentation_only-r005-20260818T023905Z,loan_to_credit,1,173,200,16.461100,
segmentation_only,5,3,perf-segmentation_only-r005-20260818T023905Z,loan_to_credit,1,174,200,15.522100,
segmentation_only,5,3,perf-segmentation_only-r005-20260818T023905Z,loan_to_credit,1,175,200,16.269900,
segmentation_only,5,3,perf-segmentation_only-r005-20260818T023905Z,loan_to_credit,1,176,200,15.531000,
segmentation_only,5,3,perf-segmentation_only-r005-20260818T023905Z,loan_to_credit,1,177,200,17.150600,
segmentation_only,5,3,perf-segmentation_only-r005-20260818T023905Z,loan_to_credit,1,178,200,16.308600,
segmentation_only,5,3,perf-segmentation_only-r005-20260818T023905Z,loan_to_credit,1,179,200,15.857800,
segmentation_only,5,3,perf-segmentation_only-r005-20260818T023905Z,loan_to_credit,1,180,200,15.898400,
segmentation_only,5,3,perf-segmentation_only-r005-20260818T023905Z,loan_to_credit,1,181,200,15.985800,
segmentation_only,5,3,perf-segmentation_only-r005-20260818T023905Z,loan_to_credit,1,182,200,17.036600,
segmentation_only,5,3,perf-segmentation_only-r005-20260818T023905Z,loan_to_credit,1,183,200,16.974200,
segmentation_only,5,3,perf-segmentation_only-r005-20260818T023905Z,loan_to_credit,1,184,200,15.719300,
segmentation_only,5,3,perf-segmentation_only-r005-20260818T023905Z,loan_to_credit,1,185,200,16.698700,
segmentation_only,5,3,perf-segmentation_only-r005-20260818T023905Z,loan_to_credit,1,186,200,16.839100,
segmentation_only,5,3,perf-segmentation_only-r005-20260818T023905Z,loan_to_credit,1,187,200,16.804900,
segmentation_only,5,3,perf-segmentation_only-r005-20260818T023905Z,loan_to_credit,1,188,200,15.590900,
segmentation_only,5,3,perf-segmentation_only-r005-20260818T023905Z,loan_to_credit,1,189,200,16.288700,
segmentation_only,5,3,perf-segmentation_only-r005-20260818T023905Z,loan_to_credit,1,190,200,15.876500,
segmentation_only,5,3,perf-segmentation_only-r005-20260818T023905Z,loan_to_credit,1,191,200,18.369300,
segmentation_only,5,3,perf-segmentation_only-r005-20260818T023905Z,loan_to_credit,1,192,200,16.834600,
segmentation_only,5,3,perf-segmentation_only-r005-20260818T023905Z,loan_to_credit,1,193,200,16.939300,
segmentation_only,5,3,perf-segmentation_only-r005-20260818T023905Z,loan_to_credit,1,194,200,18.616900,
segmentation_only,5,3,perf-segmentation_only-r005-20260818T023905Z,loan_to_credit,1,195,200,17.664600,
segmentation_only,5,3,perf-segmentation_only-r005-20260818T023905Z,loan_to_credit,1,196,200,16.527900,
segmentation_only,5,3,perf-segmentation_only-r005-20260818T023905Z,loan_to_credit,1,197,200,15.731900,
segmentation_only,5,3,perf-segmentation_only-r005-20260818T023905Z,loan_to_credit,1,198,200,16.494800,
segmentation_only,5,3,perf-segmentation_only-r005-20260818T023905Z,loan_to_credit,1,199,200,15.550800,
segmentation_only,5,3,perf-segmentation_only-r005-20260818T023905Z,loan_to_credit,1,200,200,15.967100,
segmentation_only,5,3,perf-segmentation_only-r005-20260818T023905Z,loan_to_credit,2,1,200,15.677000,
segmentation_only,5,3,perf-segmentation_only-r005-20260818T023905Z,loan_to_credit,2,2,200,15.133900,
segmentation_only,5,3,perf-segmentation_only-r005-20260818T023905Z,loan_to_credit,2,3,200,15.931500,
segmentation_only,5,3,perf-segmentation_only-r005-20260818T023905Z,loan_to_credit,2,4,200,15.967400,
segmentation_only,5,3,perf-segmentation_only-r005-20260818T023905Z,loan_to_credit,2,5,200,16.005200,
segmentation_only,5,3,perf-segmentation_only-r005-20260818T023905Z,loan_to_credit,2,6,200,16.217700,
segmentation_only,5,3,perf-segmentation_only-r005-20260818T023905Z,loan_to_credit,2,7,200,15.810700,
segmentation_only,5,3,perf-segmentation_only-r005-20260818T023905Z,loan_to_credit,2,8,200,16.204500,
segmentation_only,5,3,perf-segmentation_only-r005-20260818T023905Z,loan_to_credit,2,9,200,15.991600,
segmentation_only,5,3,perf-segmentation_only-r005-20260818T023905Z,loan_to_credit,2,10,200,15.899200,
segmentation_only,5,3,perf-segmentation_only-r005-20260818T023905Z,loan_to_credit,2,11,200,15.811500,
segmentation_only,5,3,perf-segmentation_only-r005-20260818T023905Z,loan_to_credit,2,12,200,16.221200,
segmentation_only,5,3,perf-segmentation_only-r005-20260818T023905Z,loan_to_credit,2,13,200,16.017100,
segmentation_only,5,3,perf-segmentation_only-r005-20260818T023905Z,loan_to_credit,2,14,200,15.466500,
segmentation_only,5,3,perf-segmentation_only-r005-20260818T023905Z,loan_to_credit,2,15,200,16.138300,
segmentation_only,5,3,perf-segmentation_only-r005-20260818T023905Z,loan_to_credit,2,16,200,15.222500,
segmentation_only,5,3,perf-segmentation_only-r005-20260818T023905Z,loan_to_credit,2,17,200,15.482200,
segmentation_only,5,3,perf-segmentation_only-r005-20260818T023905Z,loan_to_credit,2,18,200,16.644700,
segmentation_only,5,3,perf-segmentation_only-r005-20260818T023905Z,loan_to_credit,2,19,200,16.545900,
segmentation_only,5,3,perf-segmentation_only-r005-20260818T023905Z,loan_to_credit,2,20,200,16.216800,
segmentation_only,5,3,perf-segmentation_only-r005-20260818T023905Z,loan_to_credit,2,21,200,16.502000,
segmentation_only,5,3,perf-segmentation_only-r005-20260818T023905Z,loan_to_credit,2,22,200,17.018200,
segmentation_only,5,3,perf-segmentation_only-r005-20260818T023905Z,loan_to_credit,2,23,200,15.288400,
segmentation_only,5,3,perf-segmentation_only-r005-20260818T023905Z,loan_to_credit,2,24,200,16.218700,
segmentation_only,5,3,perf-segmentation_only-r005-20260818T023905Z,loan_to_credit,2,25,200,15.743200,
segmentation_only,5,3,perf-segmentation_only-r005-20260818T023905Z,loan_to_credit,2,26,200,15.760000,
segmentation_only,5,3,perf-segmentation_only-r005-20260818T023905Z,loan_to_credit,2,27,200,16.167300,
segmentation_only,5,3,perf-segmentation_only-r005-20260818T023905Z,loan_to_credit,2,28,200,15.940700,
segmentation_only,5,3,perf-segmentation_only-r005-20260818T023905Z,loan_to_credit,2,29,200,15.888600,
segmentation_only,5,3,perf-segmentation_only-r005-20260818T023905Z,loan_to_credit,2,30,200,15.162000,
segmentation_only,5,3,perf-segmentation_only-r005-20260818T023905Z,loan_to_credit,2,31,200,16.049500,
segmentation_only,5,3,perf-segmentation_only-r005-20260818T023905Z,loan_to_credit,2,32,200,15.966900,
segmentation_only,5,3,perf-segmentation_only-r005-20260818T023905Z,loan_to_credit,2,33,200,15.896000,
segmentation_only,5,3,perf-segmentation_only-r005-20260818T023905Z,loan_to_credit,2,34,200,17.420100,
segmentation_only,5,3,perf-segmentation_only-r005-20260818T023905Z,loan_to_credit,2,35,200,15.523400,
segmentation_only,5,3,perf-segmentation_only-r005-20260818T023905Z,loan_to_credit,2,36,200,15.809000,
segmentation_only,5,3,perf-segmentation_only-r005-20260818T023905Z,loan_to_credit,2,37,200,15.938100,
segmentation_only,5,3,perf-segmentation_only-r005-20260818T023905Z,loan_to_credit,2,38,200,16.125500,
segmentation_only,5,3,perf-segmentation_only-r005-20260818T023905Z,loan_to_credit,2,39,200,16.034900,
segmentation_only,5,3,perf-segmentation_only-r005-20260818T023905Z,loan_to_credit,2,40,200,16.281300,
segmentation_only,5,3,perf-segmentation_only-r005-20260818T023905Z,loan_to_credit,2,41,200,16.174300,
segmentation_only,5,3,perf-segmentation_only-r005-20260818T023905Z,loan_to_credit,2,42,200,16.860200,
segmentation_only,5,3,perf-segmentation_only-r005-20260818T023905Z,loan_to_credit,2,43,200,16.272700,
segmentation_only,5,3,perf-segmentation_only-r005-20260818T023905Z,loan_to_credit,2,44,200,17.209600,
segmentation_only,5,3,perf-segmentation_only-r005-20260818T023905Z,loan_to_credit,2,45,200,18.055400,
segmentation_only,5,3,perf-segmentation_only-r005-20260818T023905Z,loan_to_credit,2,46,200,17.794000,
segmentation_only,5,3,perf-segmentation_only-r005-20260818T023905Z,loan_to_credit,2,47,200,19.146600,
segmentation_only,5,3,perf-segmentation_only-r005-20260818T023905Z,loan_to_credit,2,48,200,19.698800,
segmentation_only,5,3,perf-segmentation_only-r005-20260818T023905Z,loan_to_credit,2,49,200,19.491000,
segmentation_only,5,3,perf-segmentation_only-r005-20260818T023905Z,loan_to_credit,2,50,200,20.835700,
segmentation_only,5,3,perf-segmentation_only-r005-20260818T023905Z,loan_to_credit,2,51,200,20.458300,
segmentation_only,5,3,perf-segmentation_only-r005-20260818T023905Z,loan_to_credit,2,52,200,16.582200,
segmentation_only,5,3,perf-segmentation_only-r005-20260818T023905Z,loan_to_credit,2,53,200,16.120500,
segmentation_only,5,3,perf-segmentation_only-r005-20260818T023905Z,loan_to_credit,2,54,200,15.821100,
segmentation_only,5,3,perf-segmentation_only-r005-20260818T023905Z,loan_to_credit,2,55,200,15.938700,
segmentation_only,5,3,perf-segmentation_only-r005-20260818T023905Z,loan_to_credit,2,56,200,16.032000,
segmentation_only,5,3,perf-segmentation_only-r005-20260818T023905Z,loan_to_credit,2,57,200,16.466300,
segmentation_only,5,3,perf-segmentation_only-r005-20260818T023905Z,loan_to_credit,2,58,200,17.254800,
segmentation_only,5,3,perf-segmentation_only-r005-20260818T023905Z,loan_to_credit,2,59,200,18.305500,
segmentation_only,5,3,perf-segmentation_only-r005-20260818T023905Z,loan_to_credit,2,60,200,17.281500,
segmentation_only,5,3,perf-segmentation_only-r005-20260818T023905Z,loan_to_credit,2,61,200,16.709400,
segmentation_only,5,3,perf-segmentation_only-r005-20260818T023905Z,loan_to_credit,2,62,200,16.237000,
segmentation_only,5,3,perf-segmentation_only-r005-20260818T023905Z,loan_to_credit,2,63,200,18.911600,
segmentation_only,5,3,perf-segmentation_only-r005-20260818T023905Z,loan_to_credit,2,64,200,17.561200,
segmentation_only,5,3,perf-segmentation_only-r005-20260818T023905Z,loan_to_credit,2,65,200,18.323900,
segmentation_only,5,3,perf-segmentation_only-r005-20260818T023905Z,loan_to_credit,2,66,200,15.811300,
segmentation_only,5,3,perf-segmentation_only-r005-20260818T023905Z,loan_to_credit,2,67,200,17.025500,
segmentation_only,5,3,perf-segmentation_only-r005-20260818T023905Z,loan_to_credit,2,68,200,15.588800,
segmentation_only,5,3,perf-segmentation_only-r005-20260818T023905Z,loan_to_credit,2,69,200,16.387200,
segmentation_only,5,3,perf-segmentation_only-r005-20260818T023905Z,loan_to_credit,2,70,200,16.889000,
segmentation_only,5,3,perf-segmentation_only-r005-20260818T023905Z,loan_to_credit,2,71,200,15.995800,
segmentation_only,5,3,perf-segmentation_only-r005-20260818T023905Z,loan_to_credit,2,72,200,16.607900,
segmentation_only,5,3,perf-segmentation_only-r005-20260818T023905Z,loan_to_credit,2,73,200,15.942400,
segmentation_only,5,3,perf-segmentation_only-r005-20260818T023905Z,loan_to_credit,2,74,200,16.400600,
segmentation_only,5,3,perf-segmentation_only-r005-20260818T023905Z,loan_to_credit,2,75,200,16.856700,
segmentation_only,5,3,perf-segmentation_only-r005-20260818T023905Z,loan_to_credit,2,76,200,15.736700,
segmentation_only,5,3,perf-segmentation_only-r005-20260818T023905Z,loan_to_credit,2,77,200,16.752800,
segmentation_only,5,3,perf-segmentation_only-r005-20260818T023905Z,loan_to_credit,2,78,200,16.569700,
segmentation_only,5,3,perf-segmentation_only-r005-20260818T023905Z,loan_to_credit,2,79,200,17.014100,
segmentation_only,5,3,perf-segmentation_only-r005-20260818T023905Z,loan_to_credit,2,80,200,15.865100,
segmentation_only,5,3,perf-segmentation_only-r005-20260818T023905Z,loan_to_credit,2,81,200,17.256000,
segmentation_only,5,3,perf-segmentation_only-r005-20260818T023905Z,loan_to_credit,2,82,200,16.907100,
segmentation_only,5,3,perf-segmentation_only-r005-20260818T023905Z,loan_to_credit,2,83,200,15.787700,
segmentation_only,5,3,perf-segmentation_only-r005-20260818T023905Z,loan_to_credit,2,84,200,15.805400,
segmentation_only,5,3,perf-segmentation_only-r005-20260818T023905Z,loan_to_credit,2,85,200,17.054000,
segmentation_only,5,3,perf-segmentation_only-r005-20260818T023905Z,loan_to_credit,2,86,200,16.409000,
segmentation_only,5,3,perf-segmentation_only-r005-20260818T023905Z,loan_to_credit,2,87,200,16.589300,
segmentation_only,5,3,perf-segmentation_only-r005-20260818T023905Z,loan_to_credit,2,88,200,16.120500,
segmentation_only,5,3,perf-segmentation_only-r005-20260818T023905Z,loan_to_credit,2,89,200,16.196900,
segmentation_only,5,3,perf-segmentation_only-r005-20260818T023905Z,loan_to_credit,2,90,200,16.850800,
segmentation_only,5,3,perf-segmentation_only-r005-20260818T023905Z,loan_to_credit,2,91,200,15.489400,
segmentation_only,5,3,perf-segmentation_only-r005-20260818T023905Z,loan_to_credit,2,92,200,16.008200,
segmentation_only,5,3,perf-segmentation_only-r005-20260818T023905Z,loan_to_credit,2,93,200,17.612400,
segmentation_only,5,3,perf-segmentation_only-r005-20260818T023905Z,loan_to_credit,2,94,200,16.561000,
segmentation_only,5,3,perf-segmentation_only-r005-20260818T023905Z,loan_to_credit,2,95,200,16.799900,
segmentation_only,5,3,perf-segmentation_only-r005-20260818T023905Z,loan_to_credit,2,96,200,18.619900,
segmentation_only,5,3,perf-segmentation_only-r005-20260818T023905Z,loan_to_credit,2,97,200,17.313700,
segmentation_only,5,3,perf-segmentation_only-r005-20260818T023905Z,loan_to_credit,2,98,200,19.138100,
segmentation_only,5,3,perf-segmentation_only-r005-20260818T023905Z,loan_to_credit,2,99,200,17.279800,
segmentation_only,5,3,perf-segmentation_only-r005-20260818T023905Z,loan_to_credit,2,100,200,17.438500,
segmentation_only,5,3,perf-segmentation_only-r005-20260818T023905Z,loan_to_credit,2,101,200,16.426000,
segmentation_only,5,3,perf-segmentation_only-r005-20260818T023905Z,loan_to_credit,2,102,200,17.256700,
segmentation_only,5,3,perf-segmentation_only-r005-20260818T023905Z,loan_to_credit,2,103,200,17.633200,
segmentation_only,5,3,perf-segmentation_only-r005-20260818T023905Z,loan_to_credit,2,104,200,17.139200,
segmentation_only,5,3,perf-segmentation_only-r005-20260818T023905Z,loan_to_credit,2,105,200,17.073900,
segmentation_only,5,3,perf-segmentation_only-r005-20260818T023905Z,loan_to_credit,2,106,200,16.208100,
segmentation_only,5,3,perf-segmentation_only-r005-20260818T023905Z,loan_to_credit,2,107,200,16.651900,
segmentation_only,5,3,perf-segmentation_only-r005-20260818T023905Z,loan_to_credit,2,108,200,15.462200,
segmentation_only,5,3,perf-segmentation_only-r005-20260818T023905Z,loan_to_credit,2,109,200,16.254200,
segmentation_only,5,3,perf-segmentation_only-r005-20260818T023905Z,loan_to_credit,2,110,200,15.888700,
segmentation_only,5,3,perf-segmentation_only-r005-20260818T023905Z,loan_to_credit,2,111,200,16.284500,
segmentation_only,5,3,perf-segmentation_only-r005-20260818T023905Z,loan_to_credit,2,112,200,15.407800,
segmentation_only,5,3,perf-segmentation_only-r005-20260818T023905Z,loan_to_credit,2,113,200,16.364000,
segmentation_only,5,3,perf-segmentation_only-r005-20260818T023905Z,loan_to_credit,2,114,200,15.947400,
segmentation_only,5,3,perf-segmentation_only-r005-20260818T023905Z,loan_to_credit,2,115,200,15.588800,
segmentation_only,5,3,perf-segmentation_only-r005-20260818T023905Z,loan_to_credit,2,116,200,15.341700,
segmentation_only,5,3,perf-segmentation_only-r005-20260818T023905Z,loan_to_credit,2,117,200,17.715100,
segmentation_only,5,3,perf-segmentation_only-r005-20260818T023905Z,loan_to_credit,2,118,200,17.436700,
segmentation_only,5,3,perf-segmentation_only-r005-20260818T023905Z,loan_to_credit,2,119,200,16.855900,
segmentation_only,5,3,perf-segmentation_only-r005-20260818T023905Z,loan_to_credit,2,120,200,17.044700,
segmentation_only,5,3,perf-segmentation_only-r005-20260818T023905Z,loan_to_credit,2,121,200,19.358200,
segmentation_only,5,3,perf-segmentation_only-r005-20260818T023905Z,loan_to_credit,2,122,200,16.721400,
segmentation_only,5,3,perf-segmentation_only-r005-20260818T023905Z,loan_to_credit,2,123,200,15.791800,
segmentation_only,5,3,perf-segmentation_only-r005-20260818T023905Z,loan_to_credit,2,124,200,15.788700,
segmentation_only,5,3,perf-segmentation_only-r005-20260818T023905Z,loan_to_credit,2,125,200,15.902900,
segmentation_only,5,3,perf-segmentation_only-r005-20260818T023905Z,loan_to_credit,2,126,200,16.268800,
segmentation_only,5,3,perf-segmentation_only-r005-20260818T023905Z,loan_to_credit,2,127,200,15.666600,
segmentation_only,5,3,perf-segmentation_only-r005-20260818T023905Z,loan_to_credit,2,128,200,15.909200,
segmentation_only,5,3,perf-segmentation_only-r005-20260818T023905Z,loan_to_credit,2,129,200,16.076200,
segmentation_only,5,3,perf-segmentation_only-r005-20260818T023905Z,loan_to_credit,2,130,200,15.669300,
segmentation_only,5,3,perf-segmentation_only-r005-20260818T023905Z,loan_to_credit,2,131,200,15.212400,
segmentation_only,5,3,perf-segmentation_only-r005-20260818T023905Z,loan_to_credit,2,132,200,16.686800,
segmentation_only,5,3,perf-segmentation_only-r005-20260818T023905Z,loan_to_credit,2,133,200,16.864500,
segmentation_only,5,3,perf-segmentation_only-r005-20260818T023905Z,loan_to_credit,2,134,200,16.538200,
segmentation_only,5,3,perf-segmentation_only-r005-20260818T023905Z,loan_to_credit,2,135,200,15.943200,
segmentation_only,5,3,perf-segmentation_only-r005-20260818T023905Z,loan_to_credit,2,136,200,16.127200,
segmentation_only,5,3,perf-segmentation_only-r005-20260818T023905Z,loan_to_credit,2,137,200,18.238700,
segmentation_only,5,3,perf-segmentation_only-r005-20260818T023905Z,loan_to_credit,2,138,200,16.001900,
segmentation_only,5,3,perf-segmentation_only-r005-20260818T023905Z,loan_to_credit,2,139,200,15.868400,
segmentation_only,5,3,perf-segmentation_only-r005-20260818T023905Z,loan_to_credit,2,140,200,15.894200,
segmentation_only,5,3,perf-segmentation_only-r005-20260818T023905Z,loan_to_credit,2,141,200,16.087400,
segmentation_only,5,3,perf-segmentation_only-r005-20260818T023905Z,loan_to_credit,2,142,200,15.967900,
segmentation_only,5,3,perf-segmentation_only-r005-20260818T023905Z,loan_to_credit,2,143,200,16.980600,
segmentation_only,5,3,perf-segmentation_only-r005-20260818T023905Z,loan_to_credit,2,144,200,17.203300,
segmentation_only,5,3,perf-segmentation_only-r005-20260818T023905Z,loan_to_credit,2,145,200,17.102100,
segmentation_only,5,3,perf-segmentation_only-r005-20260818T023905Z,loan_to_credit,2,146,200,17.528600,
segmentation_only,5,3,perf-segmentation_only-r005-20260818T023905Z,loan_to_credit,2,147,200,16.935400,
segmentation_only,5,3,perf-segmentation_only-r005-20260818T023905Z,loan_to_credit,2,148,200,16.659300,
segmentation_only,5,3,perf-segmentation_only-r005-20260818T023905Z,loan_to_credit,2,149,200,16.018800,
segmentation_only,5,3,perf-segmentation_only-r005-20260818T023905Z,loan_to_credit,2,150,200,16.028300,
segmentation_only,5,3,perf-segmentation_only-r005-20260818T023905Z,loan_to_credit,2,151,200,17.077700,
segmentation_only,5,3,perf-segmentation_only-r005-20260818T023905Z,loan_to_credit,2,152,200,16.334200,
segmentation_only,5,3,perf-segmentation_only-r005-20260818T023905Z,loan_to_credit,2,153,200,16.175400,
segmentation_only,5,3,perf-segmentation_only-r005-20260818T023905Z,loan_to_credit,2,154,200,17.128100,
segmentation_only,5,3,perf-segmentation_only-r005-20260818T023905Z,loan_to_credit,2,155,200,16.799700,
segmentation_only,5,3,perf-segmentation_only-r005-20260818T023905Z,loan_to_credit,2,156,200,16.726800,
segmentation_only,5,3,perf-segmentation_only-r005-20260818T023905Z,loan_to_credit,2,157,200,16.230900,
segmentation_only,5,3,perf-segmentation_only-r005-20260818T023905Z,loan_to_credit,2,158,200,16.715100,
segmentation_only,5,3,perf-segmentation_only-r005-20260818T023905Z,loan_to_credit,2,159,200,16.838200,
segmentation_only,5,3,perf-segmentation_only-r005-20260818T023905Z,loan_to_credit,2,160,200,16.044600,
segmentation_only,5,3,perf-segmentation_only-r005-20260818T023905Z,loan_to_credit,2,161,200,15.635700,
segmentation_only,5,3,perf-segmentation_only-r005-20260818T023905Z,loan_to_credit,2,162,200,17.145000,
segmentation_only,5,3,perf-segmentation_only-r005-20260818T023905Z,loan_to_credit,2,163,200,17.759700,
segmentation_only,5,3,perf-segmentation_only-r005-20260818T023905Z,loan_to_credit,2,164,200,16.585900,
segmentation_only,5,3,perf-segmentation_only-r005-20260818T023905Z,loan_to_credit,2,165,200,17.128600,
segmentation_only,5,3,perf-segmentation_only-r005-20260818T023905Z,loan_to_credit,2,166,200,18.098700,
segmentation_only,5,3,perf-segmentation_only-r005-20260818T023905Z,loan_to_credit,2,167,200,17.944100,
segmentation_only,5,3,perf-segmentation_only-r005-20260818T023905Z,loan_to_credit,2,168,200,18.093200,
segmentation_only,5,3,perf-segmentation_only-r005-20260818T023905Z,loan_to_credit,2,169,200,18.271900,
segmentation_only,5,3,perf-segmentation_only-r005-20260818T023905Z,loan_to_credit,2,170,200,17.989500,
segmentation_only,5,3,perf-segmentation_only-r005-20260818T023905Z,loan_to_credit,2,171,200,17.735200,
segmentation_only,5,3,perf-segmentation_only-r005-20260818T023905Z,loan_to_credit,2,172,200,22.875300,
segmentation_only,5,3,perf-segmentation_only-r005-20260818T023905Z,loan_to_credit,2,173,200,18.151600,
segmentation_only,5,3,perf-segmentation_only-r005-20260818T023905Z,loan_to_credit,2,174,200,18.244400,
segmentation_only,5,3,perf-segmentation_only-r005-20260818T023905Z,loan_to_credit,2,175,200,18.392500,
segmentation_only,5,3,perf-segmentation_only-r005-20260818T023905Z,loan_to_credit,2,176,200,16.402100,
segmentation_only,5,3,perf-segmentation_only-r005-20260818T023905Z,loan_to_credit,2,177,200,16.172100,
segmentation_only,5,3,perf-segmentation_only-r005-20260818T023905Z,loan_to_credit,2,178,200,17.503900,
segmentation_only,5,3,perf-segmentation_only-r005-20260818T023905Z,loan_to_credit,2,179,200,18.009500,
segmentation_only,5,3,perf-segmentation_only-r005-20260818T023905Z,loan_to_credit,2,180,200,17.760500,
segmentation_only,5,3,perf-segmentation_only-r005-20260818T023905Z,loan_to_credit,2,181,200,17.098500,
segmentation_only,5,3,perf-segmentation_only-r005-20260818T023905Z,loan_to_credit,2,182,200,18.058100,
segmentation_only,5,3,perf-segmentation_only-r005-20260818T023905Z,loan_to_credit,2,183,200,16.333800,
segmentation_only,5,3,perf-segmentation_only-r005-20260818T023905Z,loan_to_credit,2,184,200,17.244300,
segmentation_only,5,3,perf-segmentation_only-r005-20260818T023905Z,loan_to_credit,2,185,200,17.268600,
segmentation_only,5,3,perf-segmentation_only-r005-20260818T023905Z,loan_to_credit,2,186,200,17.817700,
segmentation_only,5,3,perf-segmentation_only-r005-20260818T023905Z,loan_to_credit,2,187,200,16.750000,
segmentation_only,5,3,perf-segmentation_only-r005-20260818T023905Z,loan_to_credit,2,188,200,18.409800,
segmentation_only,5,3,perf-segmentation_only-r005-20260818T023905Z,loan_to_credit,2,189,200,16.439400,
segmentation_only,5,3,perf-segmentation_only-r005-20260818T023905Z,loan_to_credit,2,190,200,19.432000,
segmentation_only,5,3,perf-segmentation_only-r005-20260818T023905Z,loan_to_credit,2,191,200,16.636100,
segmentation_only,5,3,perf-segmentation_only-r005-20260818T023905Z,loan_to_credit,2,192,200,17.103900,
segmentation_only,5,3,perf-segmentation_only-r005-20260818T023905Z,loan_to_credit,2,193,200,17.197800,
segmentation_only,5,3,perf-segmentation_only-r005-20260818T023905Z,loan_to_credit,2,194,200,18.090700,
segmentation_only,5,3,perf-segmentation_only-r005-20260818T023905Z,loan_to_credit,2,195,200,17.854300,
segmentation_only,5,3,perf-segmentation_only-r005-20260818T023905Z,loan_to_credit,2,196,200,18.542600,
segmentation_only,5,3,perf-segmentation_only-r005-20260818T023905Z,loan_to_credit,2,197,200,18.969800,
segmentation_only,5,3,perf-segmentation_only-r005-20260818T023905Z,loan_to_credit,2,198,200,17.686000,
segmentation_only,5,3,perf-segmentation_only-r005-20260818T023905Z,loan_to_credit,2,199,200,17.689300,
segmentation_only,5,3,perf-segmentation_only-r005-20260818T023905Z,loan_to_credit,2,200,200,17.123200,
segmentation_only,5,3,perf-segmentation_only-r005-20260818T023905Z,loan_to_credit,3,1,200,19.712100,
segmentation_only,5,3,perf-segmentation_only-r005-20260818T023905Z,loan_to_credit,3,2,200,17.919900,
segmentation_only,5,3,perf-segmentation_only-r005-20260818T023905Z,loan_to_credit,3,3,200,17.095600,
segmentation_only,5,3,perf-segmentation_only-r005-20260818T023905Z,loan_to_credit,3,4,200,16.710000,
segmentation_only,5,3,perf-segmentation_only-r005-20260818T023905Z,loan_to_credit,3,5,200,17.799100,
segmentation_only,5,3,perf-segmentation_only-r005-20260818T023905Z,loan_to_credit,3,6,200,16.869400,
segmentation_only,5,3,perf-segmentation_only-r005-20260818T023905Z,loan_to_credit,3,7,200,15.909300,
segmentation_only,5,3,perf-segmentation_only-r005-20260818T023905Z,loan_to_credit,3,8,200,15.991700,
segmentation_only,5,3,perf-segmentation_only-r005-20260818T023905Z,loan_to_credit,3,9,200,18.267700,
segmentation_only,5,3,perf-segmentation_only-r005-20260818T023905Z,loan_to_credit,3,10,200,17.041500,
segmentation_only,5,3,perf-segmentation_only-r005-20260818T023905Z,loan_to_credit,3,11,200,16.915700,
segmentation_only,5,3,perf-segmentation_only-r005-20260818T023905Z,loan_to_credit,3,12,200,17.037100,
segmentation_only,5,3,perf-segmentation_only-r005-20260818T023905Z,loan_to_credit,3,13,200,15.798500,
segmentation_only,5,3,perf-segmentation_only-r005-20260818T023905Z,loan_to_credit,3,14,200,15.766600,
segmentation_only,5,3,perf-segmentation_only-r005-20260818T023905Z,loan_to_credit,3,15,200,15.803900,
segmentation_only,5,3,perf-segmentation_only-r005-20260818T023905Z,loan_to_credit,3,16,200,16.048500,
segmentation_only,5,3,perf-segmentation_only-r005-20260818T023905Z,loan_to_credit,3,17,200,16.198100,
segmentation_only,5,3,perf-segmentation_only-r005-20260818T023905Z,loan_to_credit,3,18,200,15.908800,
segmentation_only,5,3,perf-segmentation_only-r005-20260818T023905Z,loan_to_credit,3,19,200,16.232700,
segmentation_only,5,3,perf-segmentation_only-r005-20260818T023905Z,loan_to_credit,3,20,200,15.838300,
segmentation_only,5,3,perf-segmentation_only-r005-20260818T023905Z,loan_to_credit,3,21,200,15.970500,
segmentation_only,5,3,perf-segmentation_only-r005-20260818T023905Z,loan_to_credit,3,22,200,15.541600,
segmentation_only,5,3,perf-segmentation_only-r005-20260818T023905Z,loan_to_credit,3,23,200,16.547200,
segmentation_only,5,3,perf-segmentation_only-r005-20260818T023905Z,loan_to_credit,3,24,200,15.772200,
segmentation_only,5,3,perf-segmentation_only-r005-20260818T023905Z,loan_to_credit,3,25,200,15.732200,
segmentation_only,5,3,perf-segmentation_only-r005-20260818T023905Z,loan_to_credit,3,26,200,16.259400,
segmentation_only,5,3,perf-segmentation_only-r005-20260818T023905Z,loan_to_credit,3,27,200,16.182800,
segmentation_only,5,3,perf-segmentation_only-r005-20260818T023905Z,loan_to_credit,3,28,200,16.678000,
segmentation_only,5,3,perf-segmentation_only-r005-20260818T023905Z,loan_to_credit,3,29,200,16.353200,
segmentation_only,5,3,perf-segmentation_only-r005-20260818T023905Z,loan_to_credit,3,30,200,15.563700,
segmentation_only,5,3,perf-segmentation_only-r005-20260818T023905Z,loan_to_credit,3,31,200,15.833000,
segmentation_only,5,3,perf-segmentation_only-r005-20260818T023905Z,loan_to_credit,3,32,200,16.452100,
segmentation_only,5,3,perf-segmentation_only-r005-20260818T023905Z,loan_to_credit,3,33,200,17.095200,
segmentation_only,5,3,perf-segmentation_only-r005-20260818T023905Z,loan_to_credit,3,34,200,15.895900,
segmentation_only,5,3,perf-segmentation_only-r005-20260818T023905Z,loan_to_credit,3,35,200,16.853800,
segmentation_only,5,3,perf-segmentation_only-r005-20260818T023905Z,loan_to_credit,3,36,200,15.533000,
segmentation_only,5,3,perf-segmentation_only-r005-20260818T023905Z,loan_to_credit,3,37,200,15.985600,
segmentation_only,5,3,perf-segmentation_only-r005-20260818T023905Z,loan_to_credit,3,38,200,16.193500,
segmentation_only,5,3,perf-segmentation_only-r005-20260818T023905Z,loan_to_credit,3,39,200,16.091800,
segmentation_only,5,3,perf-segmentation_only-r005-20260818T023905Z,loan_to_credit,3,40,200,16.879400,
segmentation_only,5,3,perf-segmentation_only-r005-20260818T023905Z,loan_to_credit,3,41,200,17.359100,
segmentation_only,5,3,perf-segmentation_only-r005-20260818T023905Z,loan_to_credit,3,42,200,16.852900,
segmentation_only,5,3,perf-segmentation_only-r005-20260818T023905Z,loan_to_credit,3,43,200,16.916800,
segmentation_only,5,3,perf-segmentation_only-r005-20260818T023905Z,loan_to_credit,3,44,200,15.906700,
segmentation_only,5,3,perf-segmentation_only-r005-20260818T023905Z,loan_to_credit,3,45,200,16.001300,
segmentation_only,5,3,perf-segmentation_only-r005-20260818T023905Z,loan_to_credit,3,46,200,15.901200,
segmentation_only,5,3,perf-segmentation_only-r005-20260818T023905Z,loan_to_credit,3,47,200,15.953700,
segmentation_only,5,3,perf-segmentation_only-r005-20260818T023905Z,loan_to_credit,3,48,200,15.949500,
segmentation_only,5,3,perf-segmentation_only-r005-20260818T023905Z,loan_to_credit,3,49,200,16.001100,
segmentation_only,5,3,perf-segmentation_only-r005-20260818T023905Z,loan_to_credit,3,50,200,16.152800,
segmentation_only,5,3,perf-segmentation_only-r005-20260818T023905Z,loan_to_credit,3,51,200,15.460400,
segmentation_only,5,3,perf-segmentation_only-r005-20260818T023905Z,loan_to_credit,3,52,200,16.262000,
segmentation_only,5,3,perf-segmentation_only-r005-20260818T023905Z,loan_to_credit,3,53,200,16.133300,
segmentation_only,5,3,perf-segmentation_only-r005-20260818T023905Z,loan_to_credit,3,54,200,15.937800,
segmentation_only,5,3,perf-segmentation_only-r005-20260818T023905Z,loan_to_credit,3,55,200,17.301500,
segmentation_only,5,3,perf-segmentation_only-r005-20260818T023905Z,loan_to_credit,3,56,200,16.634000,
segmentation_only,5,3,perf-segmentation_only-r005-20260818T023905Z,loan_to_credit,3,57,200,15.902900,
segmentation_only,5,3,perf-segmentation_only-r005-20260818T023905Z,loan_to_credit,3,58,200,15.621100,
segmentation_only,5,3,perf-segmentation_only-r005-20260818T023905Z,loan_to_credit,3,59,200,16.210500,
segmentation_only,5,3,perf-segmentation_only-r005-20260818T023905Z,loan_to_credit,3,60,200,16.231900,
segmentation_only,5,3,perf-segmentation_only-r005-20260818T023905Z,loan_to_credit,3,61,200,15.853600,
segmentation_only,5,3,perf-segmentation_only-r005-20260818T023905Z,loan_to_credit,3,62,200,15.884700,
segmentation_only,5,3,perf-segmentation_only-r005-20260818T023905Z,loan_to_credit,3,63,200,16.144500,
segmentation_only,5,3,perf-segmentation_only-r005-20260818T023905Z,loan_to_credit,3,64,200,15.753800,
segmentation_only,5,3,perf-segmentation_only-r005-20260818T023905Z,loan_to_credit,3,65,200,15.999300,
segmentation_only,5,3,perf-segmentation_only-r005-20260818T023905Z,loan_to_credit,3,66,200,16.147400,
segmentation_only,5,3,perf-segmentation_only-r005-20260818T023905Z,loan_to_credit,3,67,200,16.089700,
segmentation_only,5,3,perf-segmentation_only-r005-20260818T023905Z,loan_to_credit,3,68,200,15.756000,
segmentation_only,5,3,perf-segmentation_only-r005-20260818T023905Z,loan_to_credit,3,69,200,16.067800,
segmentation_only,5,3,perf-segmentation_only-r005-20260818T023905Z,loan_to_credit,3,70,200,15.844600,
segmentation_only,5,3,perf-segmentation_only-r005-20260818T023905Z,loan_to_credit,3,71,200,17.021400,
segmentation_only,5,3,perf-segmentation_only-r005-20260818T023905Z,loan_to_credit,3,72,200,16.253500,
segmentation_only,5,3,perf-segmentation_only-r005-20260818T023905Z,loan_to_credit,3,73,200,15.929800,
segmentation_only,5,3,perf-segmentation_only-r005-20260818T023905Z,loan_to_credit,3,74,200,17.121000,
segmentation_only,5,3,perf-segmentation_only-r005-20260818T023905Z,loan_to_credit,3,75,200,15.900400,
segmentation_only,5,3,perf-segmentation_only-r005-20260818T023905Z,loan_to_credit,3,76,200,15.993600,
segmentation_only,5,3,perf-segmentation_only-r005-20260818T023905Z,loan_to_credit,3,77,200,16.496600,
segmentation_only,5,3,perf-segmentation_only-r005-20260818T023905Z,loan_to_credit,3,78,200,16.449300,
segmentation_only,5,3,perf-segmentation_only-r005-20260818T023905Z,loan_to_credit,3,79,200,15.980100,
segmentation_only,5,3,perf-segmentation_only-r005-20260818T023905Z,loan_to_credit,3,80,200,15.604800,
segmentation_only,5,3,perf-segmentation_only-r005-20260818T023905Z,loan_to_credit,3,81,200,16.388700,
segmentation_only,5,3,perf-segmentation_only-r005-20260818T023905Z,loan_to_credit,3,82,200,15.509100,
segmentation_only,5,3,perf-segmentation_only-r005-20260818T023905Z,loan_to_credit,3,83,200,16.059700,
segmentation_only,5,3,perf-segmentation_only-r005-20260818T023905Z,loan_to_credit,3,84,200,15.045500,
segmentation_only,5,3,perf-segmentation_only-r005-20260818T023905Z,loan_to_credit,3,85,200,16.080300,
segmentation_only,5,3,perf-segmentation_only-r005-20260818T023905Z,loan_to_credit,3,86,200,15.946500,
segmentation_only,5,3,perf-segmentation_only-r005-20260818T023905Z,loan_to_credit,3,87,200,16.311200,
segmentation_only,5,3,perf-segmentation_only-r005-20260818T023905Z,loan_to_credit,3,88,200,16.800400,
segmentation_only,5,3,perf-segmentation_only-r005-20260818T023905Z,loan_to_credit,3,89,200,16.822900,
segmentation_only,5,3,perf-segmentation_only-r005-20260818T023905Z,loan_to_credit,3,90,200,16.054000,
segmentation_only,5,3,perf-segmentation_only-r005-20260818T023905Z,loan_to_credit,3,91,200,15.900400,
segmentation_only,5,3,perf-segmentation_only-r005-20260818T023905Z,loan_to_credit,3,92,200,16.088200,
segmentation_only,5,3,perf-segmentation_only-r005-20260818T023905Z,loan_to_credit,3,93,200,15.860000,
segmentation_only,5,3,perf-segmentation_only-r005-20260818T023905Z,loan_to_credit,3,94,200,15.947500,
segmentation_only,5,3,perf-segmentation_only-r005-20260818T023905Z,loan_to_credit,3,95,200,15.685800,
segmentation_only,5,3,perf-segmentation_only-r005-20260818T023905Z,loan_to_credit,3,96,200,16.328600,
segmentation_only,5,3,perf-segmentation_only-r005-20260818T023905Z,loan_to_credit,3,97,200,17.385900,
segmentation_only,5,3,perf-segmentation_only-r005-20260818T023905Z,loan_to_credit,3,98,200,16.721600,
segmentation_only,5,3,perf-segmentation_only-r005-20260818T023905Z,loan_to_credit,3,99,200,15.770000,
segmentation_only,5,3,perf-segmentation_only-r005-20260818T023905Z,loan_to_credit,3,100,200,16.020200,
segmentation_only,5,3,perf-segmentation_only-r005-20260818T023905Z,loan_to_credit,3,101,200,16.017700,
segmentation_only,5,3,perf-segmentation_only-r005-20260818T023905Z,loan_to_credit,3,102,200,16.237600,
segmentation_only,5,3,perf-segmentation_only-r005-20260818T023905Z,loan_to_credit,3,103,200,15.954400,
segmentation_only,5,3,perf-segmentation_only-r005-20260818T023905Z,loan_to_credit,3,104,200,15.925800,
segmentation_only,5,3,perf-segmentation_only-r005-20260818T023905Z,loan_to_credit,3,105,200,15.803600,
segmentation_only,5,3,perf-segmentation_only-r005-20260818T023905Z,loan_to_credit,3,106,200,15.963700,
segmentation_only,5,3,perf-segmentation_only-r005-20260818T023905Z,loan_to_credit,3,107,200,16.921900,
segmentation_only,5,3,perf-segmentation_only-r005-20260818T023905Z,loan_to_credit,3,108,200,15.146000,
segmentation_only,5,3,perf-segmentation_only-r005-20260818T023905Z,loan_to_credit,3,109,200,16.056200,
segmentation_only,5,3,perf-segmentation_only-r005-20260818T023905Z,loan_to_credit,3,110,200,15.940200,
segmentation_only,5,3,perf-segmentation_only-r005-20260818T023905Z,loan_to_credit,3,111,200,15.966900,
segmentation_only,5,3,perf-segmentation_only-r005-20260818T023905Z,loan_to_credit,3,112,200,15.787600,
segmentation_only,5,3,perf-segmentation_only-r005-20260818T023905Z,loan_to_credit,3,113,200,15.899700,
segmentation_only,5,3,perf-segmentation_only-r005-20260818T023905Z,loan_to_credit,3,114,200,16.123900,
segmentation_only,5,3,perf-segmentation_only-r005-20260818T023905Z,loan_to_credit,3,115,200,15.738900,
segmentation_only,5,3,perf-segmentation_only-r005-20260818T023905Z,loan_to_credit,3,116,200,16.123000,
segmentation_only,5,3,perf-segmentation_only-r005-20260818T023905Z,loan_to_credit,3,117,200,16.007900,
segmentation_only,5,3,perf-segmentation_only-r005-20260818T023905Z,loan_to_credit,3,118,200,17.256100,
segmentation_only,5,3,perf-segmentation_only-r005-20260818T023905Z,loan_to_credit,3,119,200,16.869800,
segmentation_only,5,3,perf-segmentation_only-r005-20260818T023905Z,loan_to_credit,3,120,200,17.449200,
segmentation_only,5,3,perf-segmentation_only-r005-20260818T023905Z,loan_to_credit,3,121,200,16.334200,
segmentation_only,5,3,perf-segmentation_only-r005-20260818T023905Z,loan_to_credit,3,122,200,15.902700,
segmentation_only,5,3,perf-segmentation_only-r005-20260818T023905Z,loan_to_credit,3,123,200,15.981400,
segmentation_only,5,3,perf-segmentation_only-r005-20260818T023905Z,loan_to_credit,3,124,200,16.235400,
segmentation_only,5,3,perf-segmentation_only-r005-20260818T023905Z,loan_to_credit,3,125,200,15.938700,
segmentation_only,5,3,perf-segmentation_only-r005-20260818T023905Z,loan_to_credit,3,126,200,15.994700,
segmentation_only,5,3,perf-segmentation_only-r005-20260818T023905Z,loan_to_credit,3,127,200,16.090300,
segmentation_only,5,3,perf-segmentation_only-r005-20260818T023905Z,loan_to_credit,3,128,200,15.768500,
segmentation_only,5,3,perf-segmentation_only-r005-20260818T023905Z,loan_to_credit,3,129,200,16.046800,
segmentation_only,5,3,perf-segmentation_only-r005-20260818T023905Z,loan_to_credit,3,130,200,15.804500,
segmentation_only,5,3,perf-segmentation_only-r005-20260818T023905Z,loan_to_credit,3,131,200,16.027200,
segmentation_only,5,3,perf-segmentation_only-r005-20260818T023905Z,loan_to_credit,3,132,200,16.074300,
segmentation_only,5,3,perf-segmentation_only-r005-20260818T023905Z,loan_to_credit,3,133,200,16.005500,
segmentation_only,5,3,perf-segmentation_only-r005-20260818T023905Z,loan_to_credit,3,134,200,19.416600,
segmentation_only,5,3,perf-segmentation_only-r005-20260818T023905Z,loan_to_credit,3,135,200,16.021400,
segmentation_only,5,3,perf-segmentation_only-r005-20260818T023905Z,loan_to_credit,3,136,200,16.639100,
segmentation_only,5,3,perf-segmentation_only-r005-20260818T023905Z,loan_to_credit,3,137,200,16.364000,
segmentation_only,5,3,perf-segmentation_only-r005-20260818T023905Z,loan_to_credit,3,138,200,16.562600,
segmentation_only,5,3,perf-segmentation_only-r005-20260818T023905Z,loan_to_credit,3,139,200,15.945400,
segmentation_only,5,3,perf-segmentation_only-r005-20260818T023905Z,loan_to_credit,3,140,200,15.885500,
segmentation_only,5,3,perf-segmentation_only-r005-20260818T023905Z,loan_to_credit,3,141,200,15.701800,
segmentation_only,5,3,perf-segmentation_only-r005-20260818T023905Z,loan_to_credit,3,142,200,16.163000,
segmentation_only,5,3,perf-segmentation_only-r005-20260818T023905Z,loan_to_credit,3,143,200,17.167300,
segmentation_only,5,3,perf-segmentation_only-r005-20260818T023905Z,loan_to_credit,3,144,200,15.664900,
segmentation_only,5,3,perf-segmentation_only-r005-20260818T023905Z,loan_to_credit,3,145,200,15.207700,
segmentation_only,5,3,perf-segmentation_only-r005-20260818T023905Z,loan_to_credit,3,146,200,16.137200,
segmentation_only,5,3,perf-segmentation_only-r005-20260818T023905Z,loan_to_credit,3,147,200,16.845500,
segmentation_only,5,3,perf-segmentation_only-r005-20260818T023905Z,loan_to_credit,3,148,200,16.336900,
segmentation_only,5,3,perf-segmentation_only-r005-20260818T023905Z,loan_to_credit,3,149,200,15.480500,
segmentation_only,5,3,perf-segmentation_only-r005-20260818T023905Z,loan_to_credit,3,150,200,15.906400,
segmentation_only,5,3,perf-segmentation_only-r005-20260818T023905Z,loan_to_credit,3,151,200,16.334600,
segmentation_only,5,3,perf-segmentation_only-r005-20260818T023905Z,loan_to_credit,3,152,200,17.039700,
segmentation_only,5,3,perf-segmentation_only-r005-20260818T023905Z,loan_to_credit,3,153,200,16.412400,
segmentation_only,5,3,perf-segmentation_only-r005-20260818T023905Z,loan_to_credit,3,154,200,15.938900,
segmentation_only,5,3,perf-segmentation_only-r005-20260818T023905Z,loan_to_credit,3,155,200,16.321300,
segmentation_only,5,3,perf-segmentation_only-r005-20260818T023905Z,loan_to_credit,3,156,200,17.226000,
segmentation_only,5,3,perf-segmentation_only-r005-20260818T023905Z,loan_to_credit,3,157,200,15.398600,
segmentation_only,5,3,perf-segmentation_only-r005-20260818T023905Z,loan_to_credit,3,158,200,16.484600,
segmentation_only,5,3,perf-segmentation_only-r005-20260818T023905Z,loan_to_credit,3,159,200,16.778400,
segmentation_only,5,3,perf-segmentation_only-r005-20260818T023905Z,loan_to_credit,3,160,200,15.882400,
segmentation_only,5,3,perf-segmentation_only-r005-20260818T023905Z,loan_to_credit,3,161,200,16.162700,
segmentation_only,5,3,perf-segmentation_only-r005-20260818T023905Z,loan_to_credit,3,162,200,15.660900,
segmentation_only,5,3,perf-segmentation_only-r005-20260818T023905Z,loan_to_credit,3,163,200,16.109500,
segmentation_only,5,3,perf-segmentation_only-r005-20260818T023905Z,loan_to_credit,3,164,200,16.576700,
segmentation_only,5,3,perf-segmentation_only-r005-20260818T023905Z,loan_to_credit,3,165,200,19.680400,
segmentation_only,5,3,perf-segmentation_only-r005-20260818T023905Z,loan_to_credit,3,166,200,16.059100,
segmentation_only,5,3,perf-segmentation_only-r005-20260818T023905Z,loan_to_credit,3,167,200,19.035000,
segmentation_only,5,3,perf-segmentation_only-r005-20260818T023905Z,loan_to_credit,3,168,200,19.924900,
segmentation_only,5,3,perf-segmentation_only-r005-20260818T023905Z,loan_to_credit,3,169,200,17.984100,
segmentation_only,5,3,perf-segmentation_only-r005-20260818T023905Z,loan_to_credit,3,170,200,18.310600,
segmentation_only,5,3,perf-segmentation_only-r005-20260818T023905Z,loan_to_credit,3,171,200,18.435400,
segmentation_only,5,3,perf-segmentation_only-r005-20260818T023905Z,loan_to_credit,3,172,200,17.572300,
segmentation_only,5,3,perf-segmentation_only-r005-20260818T023905Z,loan_to_credit,3,173,200,22.608400,
segmentation_only,5,3,perf-segmentation_only-r005-20260818T023905Z,loan_to_credit,3,174,200,18.255100,
segmentation_only,5,3,perf-segmentation_only-r005-20260818T023905Z,loan_to_credit,3,175,200,17.681400,
segmentation_only,5,3,perf-segmentation_only-r005-20260818T023905Z,loan_to_credit,3,176,200,16.988800,
segmentation_only,5,3,perf-segmentation_only-r005-20260818T023905Z,loan_to_credit,3,177,200,17.406800,
segmentation_only,5,3,perf-segmentation_only-r005-20260818T023905Z,loan_to_credit,3,178,200,17.173200,
segmentation_only,5,3,perf-segmentation_only-r005-20260818T023905Z,loan_to_credit,3,179,200,17.522900,
segmentation_only,5,3,perf-segmentation_only-r005-20260818T023905Z,loan_to_credit,3,180,200,15.954600,
segmentation_only,5,3,perf-segmentation_only-r005-20260818T023905Z,loan_to_credit,3,181,200,16.775200,
segmentation_only,5,3,perf-segmentation_only-r005-20260818T023905Z,loan_to_credit,3,182,200,16.129700,
segmentation_only,5,3,perf-segmentation_only-r005-20260818T023905Z,loan_to_credit,3,183,200,15.805200,
segmentation_only,5,3,perf-segmentation_only-r005-20260818T023905Z,loan_to_credit,3,184,200,16.151600,
segmentation_only,5,3,perf-segmentation_only-r005-20260818T023905Z,loan_to_credit,3,185,200,15.807500,
segmentation_only,5,3,perf-segmentation_only-r005-20260818T023905Z,loan_to_credit,3,186,200,15.941100,
segmentation_only,5,3,perf-segmentation_only-r005-20260818T023905Z,loan_to_credit,3,187,200,17.336900,
segmentation_only,5,3,perf-segmentation_only-r005-20260818T023905Z,loan_to_credit,3,188,200,16.279500,
segmentation_only,5,3,perf-segmentation_only-r005-20260818T023905Z,loan_to_credit,3,189,200,16.163700,
segmentation_only,5,3,perf-segmentation_only-r005-20260818T023905Z,loan_to_credit,3,190,200,15.691100,
segmentation_only,5,3,perf-segmentation_only-r005-20260818T023905Z,loan_to_credit,3,191,200,16.055100,
segmentation_only,5,3,perf-segmentation_only-r005-20260818T023905Z,loan_to_credit,3,192,200,16.351300,
segmentation_only,5,3,perf-segmentation_only-r005-20260818T023905Z,loan_to_credit,3,193,200,15.876600,
segmentation_only,5,3,perf-segmentation_only-r005-20260818T023905Z,loan_to_credit,3,194,200,16.956100,
segmentation_only,5,3,perf-segmentation_only-r005-20260818T023905Z,loan_to_credit,3,195,200,16.375300,
segmentation_only,5,3,perf-segmentation_only-r005-20260818T023905Z,loan_to_credit,3,196,200,16.643400,
segmentation_only,5,3,perf-segmentation_only-r005-20260818T023905Z,loan_to_credit,3,197,200,16.700400,
segmentation_only,5,3,perf-segmentation_only-r005-20260818T023905Z,loan_to_credit,3,198,200,16.130900,
segmentation_only,5,3,perf-segmentation_only-r005-20260818T023905Z,loan_to_credit,3,199,200,19.339900,
segmentation_only,5,3,perf-segmentation_only-r005-20260818T023905Z,loan_to_credit,3,200,200,19.079200,
segmentation_only,5,3,perf-segmentation_only-r005-20260818T023905Z,loan_to_aml,1,1,200,16.659600,
segmentation_only,5,3,perf-segmentation_only-r005-20260818T023905Z,loan_to_aml,1,2,200,16.622200,
segmentation_only,5,3,perf-segmentation_only-r005-20260818T023905Z,loan_to_aml,1,3,200,16.319400,
segmentation_only,5,3,perf-segmentation_only-r005-20260818T023905Z,loan_to_aml,1,4,200,17.819500,
segmentation_only,5,3,perf-segmentation_only-r005-20260818T023905Z,loan_to_aml,1,5,200,16.745900,
segmentation_only,5,3,perf-segmentation_only-r005-20260818T023905Z,loan_to_aml,1,6,200,17.340800,
segmentation_only,5,3,perf-segmentation_only-r005-20260818T023905Z,loan_to_aml,1,7,200,16.755600,
segmentation_only,5,3,perf-segmentation_only-r005-20260818T023905Z,loan_to_aml,1,8,200,16.990500,
segmentation_only,5,3,perf-segmentation_only-r005-20260818T023905Z,loan_to_aml,1,9,200,17.166900,
segmentation_only,5,3,perf-segmentation_only-r005-20260818T023905Z,loan_to_aml,1,10,200,17.490600,
segmentation_only,5,3,perf-segmentation_only-r005-20260818T023905Z,loan_to_aml,1,11,200,16.636600,
segmentation_only,5,3,perf-segmentation_only-r005-20260818T023905Z,loan_to_aml,1,12,200,17.048300,
segmentation_only,5,3,perf-segmentation_only-r005-20260818T023905Z,loan_to_aml,1,13,200,16.707900,
segmentation_only,5,3,perf-segmentation_only-r005-20260818T023905Z,loan_to_aml,1,14,200,15.830700,
segmentation_only,5,3,perf-segmentation_only-r005-20260818T023905Z,loan_to_aml,1,15,200,17.250800,
segmentation_only,5,3,perf-segmentation_only-r005-20260818T023905Z,loan_to_aml,1,16,200,17.573700,
segmentation_only,5,3,perf-segmentation_only-r005-20260818T023905Z,loan_to_aml,1,17,200,17.075700,
segmentation_only,5,3,perf-segmentation_only-r005-20260818T023905Z,loan_to_aml,1,18,200,15.730400,
segmentation_only,5,3,perf-segmentation_only-r005-20260818T023905Z,loan_to_aml,1,19,200,16.491300,
segmentation_only,5,3,perf-segmentation_only-r005-20260818T023905Z,loan_to_aml,1,20,200,15.477000,
segmentation_only,5,3,perf-segmentation_only-r005-20260818T023905Z,loan_to_aml,1,21,200,15.888800,
segmentation_only,5,3,perf-segmentation_only-r005-20260818T023905Z,loan_to_aml,1,22,200,16.246000,
segmentation_only,5,3,perf-segmentation_only-r005-20260818T023905Z,loan_to_aml,1,23,200,16.103100,
segmentation_only,5,3,perf-segmentation_only-r005-20260818T023905Z,loan_to_aml,1,24,200,17.151600,
segmentation_only,5,3,perf-segmentation_only-r005-20260818T023905Z,loan_to_aml,1,25,200,16.510200,
segmentation_only,5,3,perf-segmentation_only-r005-20260818T023905Z,loan_to_aml,1,26,200,15.758600,
segmentation_only,5,3,perf-segmentation_only-r005-20260818T023905Z,loan_to_aml,1,27,200,16.387100,
segmentation_only,5,3,perf-segmentation_only-r005-20260818T023905Z,loan_to_aml,1,28,200,16.849300,
segmentation_only,5,3,perf-segmentation_only-r005-20260818T023905Z,loan_to_aml,1,29,200,16.786600,
segmentation_only,5,3,perf-segmentation_only-r005-20260818T023905Z,loan_to_aml,1,30,200,16.251600,
segmentation_only,5,3,perf-segmentation_only-r005-20260818T023905Z,loan_to_aml,1,31,200,15.740000,
segmentation_only,5,3,perf-segmentation_only-r005-20260818T023905Z,loan_to_aml,1,32,200,18.097500,
segmentation_only,5,3,perf-segmentation_only-r005-20260818T023905Z,loan_to_aml,1,33,200,15.974700,
segmentation_only,5,3,perf-segmentation_only-r005-20260818T023905Z,loan_to_aml,1,34,200,18.468800,
segmentation_only,5,3,perf-segmentation_only-r005-20260818T023905Z,loan_to_aml,1,35,200,18.120800,
segmentation_only,5,3,perf-segmentation_only-r005-20260818T023905Z,loan_to_aml,1,36,200,16.727700,
segmentation_only,5,3,perf-segmentation_only-r005-20260818T023905Z,loan_to_aml,1,37,200,15.483900,
segmentation_only,5,3,perf-segmentation_only-r005-20260818T023905Z,loan_to_aml,1,38,200,16.338700,
segmentation_only,5,3,perf-segmentation_only-r005-20260818T023905Z,loan_to_aml,1,39,200,15.558500,
segmentation_only,5,3,perf-segmentation_only-r005-20260818T023905Z,loan_to_aml,1,40,200,16.179600,
segmentation_only,5,3,perf-segmentation_only-r005-20260818T023905Z,loan_to_aml,1,41,200,16.958200,
segmentation_only,5,3,perf-segmentation_only-r005-20260818T023905Z,loan_to_aml,1,42,200,15.905200,
segmentation_only,5,3,perf-segmentation_only-r005-20260818T023905Z,loan_to_aml,1,43,200,15.990800,
segmentation_only,5,3,perf-segmentation_only-r005-20260818T023905Z,loan_to_aml,1,44,200,16.293600,
segmentation_only,5,3,perf-segmentation_only-r005-20260818T023905Z,loan_to_aml,1,45,200,15.770600,
segmentation_only,5,3,perf-segmentation_only-r005-20260818T023905Z,loan_to_aml,1,46,200,15.935100,
segmentation_only,5,3,perf-segmentation_only-r005-20260818T023905Z,loan_to_aml,1,47,200,16.116100,
segmentation_only,5,3,perf-segmentation_only-r005-20260818T023905Z,loan_to_aml,1,48,200,15.784400,
segmentation_only,5,3,perf-segmentation_only-r005-20260818T023905Z,loan_to_aml,1,49,200,16.157300,
segmentation_only,5,3,perf-segmentation_only-r005-20260818T023905Z,loan_to_aml,1,50,200,15.986400,
segmentation_only,5,3,perf-segmentation_only-r005-20260818T023905Z,loan_to_aml,1,51,200,15.887000,
segmentation_only,5,3,perf-segmentation_only-r005-20260818T023905Z,loan_to_aml,1,52,200,15.931700,
segmentation_only,5,3,perf-segmentation_only-r005-20260818T023905Z,loan_to_aml,1,53,200,17.779100,
segmentation_only,5,3,perf-segmentation_only-r005-20260818T023905Z,loan_to_aml,1,54,200,16.469800,
segmentation_only,5,3,perf-segmentation_only-r005-20260818T023905Z,loan_to_aml,1,55,200,15.932500,
segmentation_only,5,3,perf-segmentation_only-r005-20260818T023905Z,loan_to_aml,1,56,200,15.951700,
segmentation_only,5,3,perf-segmentation_only-r005-20260818T023905Z,loan_to_aml,1,57,200,15.857200,
segmentation_only,5,3,perf-segmentation_only-r005-20260818T023905Z,loan_to_aml,1,58,200,15.831100,
segmentation_only,5,3,perf-segmentation_only-r005-20260818T023905Z,loan_to_aml,1,59,200,16.388100,
segmentation_only,5,3,perf-segmentation_only-r005-20260818T023905Z,loan_to_aml,1,60,200,16.754000,
segmentation_only,5,3,perf-segmentation_only-r005-20260818T023905Z,loan_to_aml,1,61,200,16.201000,
segmentation_only,5,3,perf-segmentation_only-r005-20260818T023905Z,loan_to_aml,1,62,200,15.702400,
segmentation_only,5,3,perf-segmentation_only-r005-20260818T023905Z,loan_to_aml,1,63,200,15.888400,
segmentation_only,5,3,perf-segmentation_only-r005-20260818T023905Z,loan_to_aml,1,64,200,16.251200,
segmentation_only,5,3,perf-segmentation_only-r005-20260818T023905Z,loan_to_aml,1,65,200,18.887900,
segmentation_only,5,3,perf-segmentation_only-r005-20260818T023905Z,loan_to_aml,1,66,200,15.537000,
segmentation_only,5,3,perf-segmentation_only-r005-20260818T023905Z,loan_to_aml,1,67,200,16.157300,
segmentation_only,5,3,perf-segmentation_only-r005-20260818T023905Z,loan_to_aml,1,68,200,16.257300,
segmentation_only,5,3,perf-segmentation_only-r005-20260818T023905Z,loan_to_aml,1,69,200,15.766700,
segmentation_only,5,3,perf-segmentation_only-r005-20260818T023905Z,loan_to_aml,1,70,200,15.901700,
segmentation_only,5,3,perf-segmentation_only-r005-20260818T023905Z,loan_to_aml,1,71,200,16.493000,
segmentation_only,5,3,perf-segmentation_only-r005-20260818T023905Z,loan_to_aml,1,72,200,17.672100,
segmentation_only,5,3,perf-segmentation_only-r005-20260818T023905Z,loan_to_aml,1,73,200,16.230900,
segmentation_only,5,3,perf-segmentation_only-r005-20260818T023905Z,loan_to_aml,1,74,200,18.912200,
segmentation_only,5,3,perf-segmentation_only-r005-20260818T023905Z,loan_to_aml,1,75,200,17.124300,
segmentation_only,5,3,perf-segmentation_only-r005-20260818T023905Z,loan_to_aml,1,76,200,17.607900,
segmentation_only,5,3,perf-segmentation_only-r005-20260818T023905Z,loan_to_aml,1,77,200,16.254800,
segmentation_only,5,3,perf-segmentation_only-r005-20260818T023905Z,loan_to_aml,1,78,200,17.046000,
segmentation_only,5,3,perf-segmentation_only-r005-20260818T023905Z,loan_to_aml,1,79,200,16.430100,
segmentation_only,5,3,perf-segmentation_only-r005-20260818T023905Z,loan_to_aml,1,80,200,15.046500,
segmentation_only,5,3,perf-segmentation_only-r005-20260818T023905Z,loan_to_aml,1,81,200,17.464600,
segmentation_only,5,3,perf-segmentation_only-r005-20260818T023905Z,loan_to_aml,1,82,200,15.367800,
segmentation_only,5,3,perf-segmentation_only-r005-20260818T023905Z,loan_to_aml,1,83,200,16.608700,
segmentation_only,5,3,perf-segmentation_only-r005-20260818T023905Z,loan_to_aml,1,84,200,16.935000,
segmentation_only,5,3,perf-segmentation_only-r005-20260818T023905Z,loan_to_aml,1,85,200,16.831100,
segmentation_only,5,3,perf-segmentation_only-r005-20260818T023905Z,loan_to_aml,1,86,200,17.524000,
segmentation_only,5,3,perf-segmentation_only-r005-20260818T023905Z,loan_to_aml,1,87,200,17.680700,
segmentation_only,5,3,perf-segmentation_only-r005-20260818T023905Z,loan_to_aml,1,88,200,16.565100,
segmentation_only,5,3,perf-segmentation_only-r005-20260818T023905Z,loan_to_aml,1,89,200,15.943700,
segmentation_only,5,3,perf-segmentation_only-r005-20260818T023905Z,loan_to_aml,1,90,200,17.251400,
segmentation_only,5,3,perf-segmentation_only-r005-20260818T023905Z,loan_to_aml,1,91,200,15.939200,
segmentation_only,5,3,perf-segmentation_only-r005-20260818T023905Z,loan_to_aml,1,92,200,16.883900,
segmentation_only,5,3,perf-segmentation_only-r005-20260818T023905Z,loan_to_aml,1,93,200,15.865800,
segmentation_only,5,3,perf-segmentation_only-r005-20260818T023905Z,loan_to_aml,1,94,200,16.052200,
segmentation_only,5,3,perf-segmentation_only-r005-20260818T023905Z,loan_to_aml,1,95,200,17.509300,
segmentation_only,5,3,perf-segmentation_only-r005-20260818T023905Z,loan_to_aml,1,96,200,16.752700,
segmentation_only,5,3,perf-segmentation_only-r005-20260818T023905Z,loan_to_aml,1,97,200,15.691700,
segmentation_only,5,3,perf-segmentation_only-r005-20260818T023905Z,loan_to_aml,1,98,200,15.869200,
segmentation_only,5,3,perf-segmentation_only-r005-20260818T023905Z,loan_to_aml,1,99,200,16.249600,
segmentation_only,5,3,perf-segmentation_only-r005-20260818T023905Z,loan_to_aml,1,100,200,15.787600,
segmentation_only,5,3,perf-segmentation_only-r005-20260818T023905Z,loan_to_aml,1,101,200,16.250700,
segmentation_only,5,3,perf-segmentation_only-r005-20260818T023905Z,loan_to_aml,1,102,200,17.464300,
segmentation_only,5,3,perf-segmentation_only-r005-20260818T023905Z,loan_to_aml,1,103,200,16.401300,
segmentation_only,5,3,perf-segmentation_only-r005-20260818T023905Z,loan_to_aml,1,104,200,15.785300,
segmentation_only,5,3,perf-segmentation_only-r005-20260818T023905Z,loan_to_aml,1,105,200,17.025300,
segmentation_only,5,3,perf-segmentation_only-r005-20260818T023905Z,loan_to_aml,1,106,200,17.849400,
segmentation_only,5,3,perf-segmentation_only-r005-20260818T023905Z,loan_to_aml,1,107,200,17.135400,
segmentation_only,5,3,perf-segmentation_only-r005-20260818T023905Z,loan_to_aml,1,108,200,16.233200,
segmentation_only,5,3,perf-segmentation_only-r005-20260818T023905Z,loan_to_aml,1,109,200,17.404400,
segmentation_only,5,3,perf-segmentation_only-r005-20260818T023905Z,loan_to_aml,1,110,200,17.498700,
segmentation_only,5,3,perf-segmentation_only-r005-20260818T023905Z,loan_to_aml,1,111,200,16.678900,
segmentation_only,5,3,perf-segmentation_only-r005-20260818T023905Z,loan_to_aml,1,112,200,16.236300,
segmentation_only,5,3,perf-segmentation_only-r005-20260818T023905Z,loan_to_aml,1,113,200,15.421800,
segmentation_only,5,3,perf-segmentation_only-r005-20260818T023905Z,loan_to_aml,1,114,200,15.618400,
segmentation_only,5,3,perf-segmentation_only-r005-20260818T023905Z,loan_to_aml,1,115,200,16.172300,
segmentation_only,5,3,perf-segmentation_only-r005-20260818T023905Z,loan_to_aml,1,116,200,15.737200,
segmentation_only,5,3,perf-segmentation_only-r005-20260818T023905Z,loan_to_aml,1,117,200,17.575500,
segmentation_only,5,3,perf-segmentation_only-r005-20260818T023905Z,loan_to_aml,1,118,200,16.107500,
segmentation_only,5,3,perf-segmentation_only-r005-20260818T023905Z,loan_to_aml,1,119,200,15.631000,
segmentation_only,5,3,perf-segmentation_only-r005-20260818T023905Z,loan_to_aml,1,120,200,15.951400,
segmentation_only,5,3,perf-segmentation_only-r005-20260818T023905Z,loan_to_aml,1,121,200,16.408500,
segmentation_only,5,3,perf-segmentation_only-r005-20260818T023905Z,loan_to_aml,1,122,200,16.195300,
segmentation_only,5,3,perf-segmentation_only-r005-20260818T023905Z,loan_to_aml,1,123,200,17.346000,
segmentation_only,5,3,perf-segmentation_only-r005-20260818T023905Z,loan_to_aml,1,124,200,16.615200,
segmentation_only,5,3,perf-segmentation_only-r005-20260818T023905Z,loan_to_aml,1,125,200,15.485000,
segmentation_only,5,3,perf-segmentation_only-r005-20260818T023905Z,loan_to_aml,1,126,200,15.249100,
segmentation_only,5,3,perf-segmentation_only-r005-20260818T023905Z,loan_to_aml,1,127,200,15.565000,
segmentation_only,5,3,perf-segmentation_only-r005-20260818T023905Z,loan_to_aml,1,128,200,15.240000,
segmentation_only,5,3,perf-segmentation_only-r005-20260818T023905Z,loan_to_aml,1,129,200,15.998200,
segmentation_only,5,3,perf-segmentation_only-r005-20260818T023905Z,loan_to_aml,1,130,200,15.874700,
segmentation_only,5,3,perf-segmentation_only-r005-20260818T023905Z,loan_to_aml,1,131,200,14.968300,
segmentation_only,5,3,perf-segmentation_only-r005-20260818T023905Z,loan_to_aml,1,132,200,15.864200,
segmentation_only,5,3,perf-segmentation_only-r005-20260818T023905Z,loan_to_aml,1,133,200,16.320700,
segmentation_only,5,3,perf-segmentation_only-r005-20260818T023905Z,loan_to_aml,1,134,200,15.848600,
segmentation_only,5,3,perf-segmentation_only-r005-20260818T023905Z,loan_to_aml,1,135,200,15.991500,
segmentation_only,5,3,perf-segmentation_only-r005-20260818T023905Z,loan_to_aml,1,136,200,15.978400,
segmentation_only,5,3,perf-segmentation_only-r005-20260818T023905Z,loan_to_aml,1,137,200,16.192900,
segmentation_only,5,3,perf-segmentation_only-r005-20260818T023905Z,loan_to_aml,1,138,200,15.724900,
segmentation_only,5,3,perf-segmentation_only-r005-20260818T023905Z,loan_to_aml,1,139,200,16.326300,
segmentation_only,5,3,perf-segmentation_only-r005-20260818T023905Z,loan_to_aml,1,140,200,15.819100,
segmentation_only,5,3,perf-segmentation_only-r005-20260818T023905Z,loan_to_aml,1,141,200,15.899800,
segmentation_only,5,3,perf-segmentation_only-r005-20260818T023905Z,loan_to_aml,1,142,200,17.961800,
segmentation_only,5,3,perf-segmentation_only-r005-20260818T023905Z,loan_to_aml,1,143,200,17.308600,
segmentation_only,5,3,perf-segmentation_only-r005-20260818T023905Z,loan_to_aml,1,144,200,16.533800,
segmentation_only,5,3,perf-segmentation_only-r005-20260818T023905Z,loan_to_aml,1,145,200,16.768200,
segmentation_only,5,3,perf-segmentation_only-r005-20260818T023905Z,loan_to_aml,1,146,200,16.320600,
segmentation_only,5,3,perf-segmentation_only-r005-20260818T023905Z,loan_to_aml,1,147,200,16.923100,
segmentation_only,5,3,perf-segmentation_only-r005-20260818T023905Z,loan_to_aml,1,148,200,16.214500,
segmentation_only,5,3,perf-segmentation_only-r005-20260818T023905Z,loan_to_aml,1,149,200,15.812600,
segmentation_only,5,3,perf-segmentation_only-r005-20260818T023905Z,loan_to_aml,1,150,200,16.446400,
segmentation_only,5,3,perf-segmentation_only-r005-20260818T023905Z,loan_to_aml,1,151,200,16.885300,
segmentation_only,5,3,perf-segmentation_only-r005-20260818T023905Z,loan_to_aml,1,152,200,15.893900,
segmentation_only,5,3,perf-segmentation_only-r005-20260818T023905Z,loan_to_aml,1,153,200,15.545500,
segmentation_only,5,3,perf-segmentation_only-r005-20260818T023905Z,loan_to_aml,1,154,200,16.148800,
segmentation_only,5,3,perf-segmentation_only-r005-20260818T023905Z,loan_to_aml,1,155,200,15.871200,
segmentation_only,5,3,perf-segmentation_only-r005-20260818T023905Z,loan_to_aml,1,156,200,17.019700,
segmentation_only,5,3,perf-segmentation_only-r005-20260818T023905Z,loan_to_aml,1,157,200,15.461500,
segmentation_only,5,3,perf-segmentation_only-r005-20260818T023905Z,loan_to_aml,1,158,200,16.260700,
segmentation_only,5,3,perf-segmentation_only-r005-20260818T023905Z,loan_to_aml,1,159,200,16.292000,
segmentation_only,5,3,perf-segmentation_only-r005-20260818T023905Z,loan_to_aml,1,160,200,15.644600,
segmentation_only,5,3,perf-segmentation_only-r005-20260818T023905Z,loan_to_aml,1,161,200,16.594300,
segmentation_only,5,3,perf-segmentation_only-r005-20260818T023905Z,loan_to_aml,1,162,200,16.892100,
segmentation_only,5,3,perf-segmentation_only-r005-20260818T023905Z,loan_to_aml,1,163,200,15.607000,
segmentation_only,5,3,perf-segmentation_only-r005-20260818T023905Z,loan_to_aml,1,164,200,16.011300,
segmentation_only,5,3,perf-segmentation_only-r005-20260818T023905Z,loan_to_aml,1,165,200,16.373800,
segmentation_only,5,3,perf-segmentation_only-r005-20260818T023905Z,loan_to_aml,1,166,200,15.541900,
segmentation_only,5,3,perf-segmentation_only-r005-20260818T023905Z,loan_to_aml,1,167,200,16.130700,
segmentation_only,5,3,perf-segmentation_only-r005-20260818T023905Z,loan_to_aml,1,168,200,15.515900,
segmentation_only,5,3,perf-segmentation_only-r005-20260818T023905Z,loan_to_aml,1,169,200,16.126900,
segmentation_only,5,3,perf-segmentation_only-r005-20260818T023905Z,loan_to_aml,1,170,200,16.225300,
segmentation_only,5,3,perf-segmentation_only-r005-20260818T023905Z,loan_to_aml,1,171,200,16.253600,
segmentation_only,5,3,perf-segmentation_only-r005-20260818T023905Z,loan_to_aml,1,172,200,15.495700,
segmentation_only,5,3,perf-segmentation_only-r005-20260818T023905Z,loan_to_aml,1,173,200,16.169900,
segmentation_only,5,3,perf-segmentation_only-r005-20260818T023905Z,loan_to_aml,1,174,200,16.343000,
segmentation_only,5,3,perf-segmentation_only-r005-20260818T023905Z,loan_to_aml,1,175,200,15.541600,
segmentation_only,5,3,perf-segmentation_only-r005-20260818T023905Z,loan_to_aml,1,176,200,16.106400,
segmentation_only,5,3,perf-segmentation_only-r005-20260818T023905Z,loan_to_aml,1,177,200,15.876000,
segmentation_only,5,3,perf-segmentation_only-r005-20260818T023905Z,loan_to_aml,1,178,200,15.653600,
segmentation_only,5,3,perf-segmentation_only-r005-20260818T023905Z,loan_to_aml,1,179,200,16.696300,
segmentation_only,5,3,perf-segmentation_only-r005-20260818T023905Z,loan_to_aml,1,180,200,16.681800,
segmentation_only,5,3,perf-segmentation_only-r005-20260818T023905Z,loan_to_aml,1,181,200,16.322500,
segmentation_only,5,3,perf-segmentation_only-r005-20260818T023905Z,loan_to_aml,1,182,200,16.318000,
segmentation_only,5,3,perf-segmentation_only-r005-20260818T023905Z,loan_to_aml,1,183,200,16.465000,
segmentation_only,5,3,perf-segmentation_only-r005-20260818T023905Z,loan_to_aml,1,184,200,16.186200,
segmentation_only,5,3,perf-segmentation_only-r005-20260818T023905Z,loan_to_aml,1,185,200,16.721000,
segmentation_only,5,3,perf-segmentation_only-r005-20260818T023905Z,loan_to_aml,1,186,200,15.982900,
segmentation_only,5,3,perf-segmentation_only-r005-20260818T023905Z,loan_to_aml,1,187,200,15.742700,
segmentation_only,5,3,perf-segmentation_only-r005-20260818T023905Z,loan_to_aml,1,188,200,16.184200,
segmentation_only,5,3,perf-segmentation_only-r005-20260818T023905Z,loan_to_aml,1,189,200,15.944500,
segmentation_only,5,3,perf-segmentation_only-r005-20260818T023905Z,loan_to_aml,1,190,200,19.215400,
segmentation_only,5,3,perf-segmentation_only-r005-20260818T023905Z,loan_to_aml,1,191,200,15.630800,
segmentation_only,5,3,perf-segmentation_only-r005-20260818T023905Z,loan_to_aml,1,192,200,16.226000,
segmentation_only,5,3,perf-segmentation_only-r005-20260818T023905Z,loan_to_aml,1,193,200,16.646000,
segmentation_only,5,3,perf-segmentation_only-r005-20260818T023905Z,loan_to_aml,1,194,200,17.220100,
segmentation_only,5,3,perf-segmentation_only-r005-20260818T023905Z,loan_to_aml,1,195,200,17.516500,
segmentation_only,5,3,perf-segmentation_only-r005-20260818T023905Z,loan_to_aml,1,196,200,16.500800,
segmentation_only,5,3,perf-segmentation_only-r005-20260818T023905Z,loan_to_aml,1,197,200,16.920000,
segmentation_only,5,3,perf-segmentation_only-r005-20260818T023905Z,loan_to_aml,1,198,200,15.680900,
segmentation_only,5,3,perf-segmentation_only-r005-20260818T023905Z,loan_to_aml,1,199,200,16.073000,
segmentation_only,5,3,perf-segmentation_only-r005-20260818T023905Z,loan_to_aml,1,200,200,15.811600,
segmentation_only,5,3,perf-segmentation_only-r005-20260818T023905Z,loan_to_aml,2,1,200,16.125600,
segmentation_only,5,3,perf-segmentation_only-r005-20260818T023905Z,loan_to_aml,2,2,200,17.313100,
segmentation_only,5,3,perf-segmentation_only-r005-20260818T023905Z,loan_to_aml,2,3,200,16.790600,
segmentation_only,5,3,perf-segmentation_only-r005-20260818T023905Z,loan_to_aml,2,4,200,16.975900,
segmentation_only,5,3,perf-segmentation_only-r005-20260818T023905Z,loan_to_aml,2,5,200,17.123700,
segmentation_only,5,3,perf-segmentation_only-r005-20260818T023905Z,loan_to_aml,2,6,200,20.464200,
segmentation_only,5,3,perf-segmentation_only-r005-20260818T023905Z,loan_to_aml,2,7,200,16.513100,
segmentation_only,5,3,perf-segmentation_only-r005-20260818T023905Z,loan_to_aml,2,8,200,16.829500,
segmentation_only,5,3,perf-segmentation_only-r005-20260818T023905Z,loan_to_aml,2,9,200,16.148300,
segmentation_only,5,3,perf-segmentation_only-r005-20260818T023905Z,loan_to_aml,2,10,200,15.687700,
segmentation_only,5,3,perf-segmentation_only-r005-20260818T023905Z,loan_to_aml,2,11,200,16.517900,
segmentation_only,5,3,perf-segmentation_only-r005-20260818T023905Z,loan_to_aml,2,12,200,16.951300,
segmentation_only,5,3,perf-segmentation_only-r005-20260818T023905Z,loan_to_aml,2,13,200,17.001900,
segmentation_only,5,3,perf-segmentation_only-r005-20260818T023905Z,loan_to_aml,2,14,200,16.927800,
segmentation_only,5,3,perf-segmentation_only-r005-20260818T023905Z,loan_to_aml,2,15,200,16.064100,
segmentation_only,5,3,perf-segmentation_only-r005-20260818T023905Z,loan_to_aml,2,16,200,16.856100,
segmentation_only,5,3,perf-segmentation_only-r005-20260818T023905Z,loan_to_aml,2,17,200,17.152300,
segmentation_only,5,3,perf-segmentation_only-r005-20260818T023905Z,loan_to_aml,2,18,200,15.553300,
segmentation_only,5,3,perf-segmentation_only-r005-20260818T023905Z,loan_to_aml,2,19,200,16.290100,
segmentation_only,5,3,perf-segmentation_only-r005-20260818T023905Z,loan_to_aml,2,20,200,16.688400,
segmentation_only,5,3,perf-segmentation_only-r005-20260818T023905Z,loan_to_aml,2,21,200,15.905900,
segmentation_only,5,3,perf-segmentation_only-r005-20260818T023905Z,loan_to_aml,2,22,200,15.839300,
segmentation_only,5,3,perf-segmentation_only-r005-20260818T023905Z,loan_to_aml,2,23,200,15.957400,
segmentation_only,5,3,perf-segmentation_only-r005-20260818T023905Z,loan_to_aml,2,24,200,15.901300,
segmentation_only,5,3,perf-segmentation_only-r005-20260818T023905Z,loan_to_aml,2,25,200,16.557200,
segmentation_only,5,3,perf-segmentation_only-r005-20260818T023905Z,loan_to_aml,2,26,200,17.005700,
segmentation_only,5,3,perf-segmentation_only-r005-20260818T023905Z,loan_to_aml,2,27,200,20.319500,
segmentation_only,5,3,perf-segmentation_only-r005-20260818T023905Z,loan_to_aml,2,28,200,18.164200,
segmentation_only,5,3,perf-segmentation_only-r005-20260818T023905Z,loan_to_aml,2,29,200,19.256600,
segmentation_only,5,3,perf-segmentation_only-r005-20260818T023905Z,loan_to_aml,2,30,200,19.017300,
segmentation_only,5,3,perf-segmentation_only-r005-20260818T023905Z,loan_to_aml,2,31,200,20.129200,
segmentation_only,5,3,perf-segmentation_only-r005-20260818T023905Z,loan_to_aml,2,32,200,20.862100,
segmentation_only,5,3,perf-segmentation_only-r005-20260818T023905Z,loan_to_aml,2,33,200,17.991000,
segmentation_only,5,3,perf-segmentation_only-r005-20260818T023905Z,loan_to_aml,2,34,200,16.802400,
segmentation_only,5,3,perf-segmentation_only-r005-20260818T023905Z,loan_to_aml,2,35,200,17.273100,
segmentation_only,5,3,perf-segmentation_only-r005-20260818T023905Z,loan_to_aml,2,36,200,16.877400,
segmentation_only,5,3,perf-segmentation_only-r005-20260818T023905Z,loan_to_aml,2,37,200,18.196100,
segmentation_only,5,3,perf-segmentation_only-r005-20260818T023905Z,loan_to_aml,2,38,200,18.132100,
segmentation_only,5,3,perf-segmentation_only-r005-20260818T023905Z,loan_to_aml,2,39,200,16.459500,
segmentation_only,5,3,perf-segmentation_only-r005-20260818T023905Z,loan_to_aml,2,40,200,16.893900,
segmentation_only,5,3,perf-segmentation_only-r005-20260818T023905Z,loan_to_aml,2,41,200,15.871100,
segmentation_only,5,3,perf-segmentation_only-r005-20260818T023905Z,loan_to_aml,2,42,200,16.065900,
segmentation_only,5,3,perf-segmentation_only-r005-20260818T023905Z,loan_to_aml,2,43,200,17.354700,
segmentation_only,5,3,perf-segmentation_only-r005-20260818T023905Z,loan_to_aml,2,44,200,16.563300,
segmentation_only,5,3,perf-segmentation_only-r005-20260818T023905Z,loan_to_aml,2,45,200,15.956700,
segmentation_only,5,3,perf-segmentation_only-r005-20260818T023905Z,loan_to_aml,2,46,200,15.739400,
segmentation_only,5,3,perf-segmentation_only-r005-20260818T023905Z,loan_to_aml,2,47,200,15.936100,
segmentation_only,5,3,perf-segmentation_only-r005-20260818T023905Z,loan_to_aml,2,48,200,20.001800,
segmentation_only,5,3,perf-segmentation_only-r005-20260818T023905Z,loan_to_aml,2,49,200,19.785600,
segmentation_only,5,3,perf-segmentation_only-r005-20260818T023905Z,loan_to_aml,2,50,200,18.223600,
segmentation_only,5,3,perf-segmentation_only-r005-20260818T023905Z,loan_to_aml,2,51,200,17.687800,
segmentation_only,5,3,perf-segmentation_only-r005-20260818T023905Z,loan_to_aml,2,52,200,17.297600,
segmentation_only,5,3,perf-segmentation_only-r005-20260818T023905Z,loan_to_aml,2,53,200,17.342200,
segmentation_only,5,3,perf-segmentation_only-r005-20260818T023905Z,loan_to_aml,2,54,200,16.835800,
segmentation_only,5,3,perf-segmentation_only-r005-20260818T023905Z,loan_to_aml,2,55,200,18.146400,
segmentation_only,5,3,perf-segmentation_only-r005-20260818T023905Z,loan_to_aml,2,56,200,17.626300,
segmentation_only,5,3,perf-segmentation_only-r005-20260818T023905Z,loan_to_aml,2,57,200,17.597400,
segmentation_only,5,3,perf-segmentation_only-r005-20260818T023905Z,loan_to_aml,2,58,200,17.259600,
segmentation_only,5,3,perf-segmentation_only-r005-20260818T023905Z,loan_to_aml,2,59,200,16.502400,
segmentation_only,5,3,perf-segmentation_only-r005-20260818T023905Z,loan_to_aml,2,60,200,15.916400,
segmentation_only,5,3,perf-segmentation_only-r005-20260818T023905Z,loan_to_aml,2,61,200,15.794600,
segmentation_only,5,3,perf-segmentation_only-r005-20260818T023905Z,loan_to_aml,2,62,200,15.636800,
segmentation_only,5,3,perf-segmentation_only-r005-20260818T023905Z,loan_to_aml,2,63,200,14.922500,
segmentation_only,5,3,perf-segmentation_only-r005-20260818T023905Z,loan_to_aml,2,64,200,16.152700,
segmentation_only,5,3,perf-segmentation_only-r005-20260818T023905Z,loan_to_aml,2,65,200,16.042700,
segmentation_only,5,3,perf-segmentation_only-r005-20260818T023905Z,loan_to_aml,2,66,200,15.853600,
segmentation_only,5,3,perf-segmentation_only-r005-20260818T023905Z,loan_to_aml,2,67,200,16.467700,
segmentation_only,5,3,perf-segmentation_only-r005-20260818T023905Z,loan_to_aml,2,68,200,16.447700,
segmentation_only,5,3,perf-segmentation_only-r005-20260818T023905Z,loan_to_aml,2,69,200,17.510800,
segmentation_only,5,3,perf-segmentation_only-r005-20260818T023905Z,loan_to_aml,2,70,200,16.764600,
segmentation_only,5,3,perf-segmentation_only-r005-20260818T023905Z,loan_to_aml,2,71,200,16.309500,
segmentation_only,5,3,perf-segmentation_only-r005-20260818T023905Z,loan_to_aml,2,72,200,16.807700,
segmentation_only,5,3,perf-segmentation_only-r005-20260818T023905Z,loan_to_aml,2,73,200,15.931400,
segmentation_only,5,3,perf-segmentation_only-r005-20260818T023905Z,loan_to_aml,2,74,200,16.782700,
segmentation_only,5,3,perf-segmentation_only-r005-20260818T023905Z,loan_to_aml,2,75,200,16.004600,
segmentation_only,5,3,perf-segmentation_only-r005-20260818T023905Z,loan_to_aml,2,76,200,15.864700,
segmentation_only,5,3,perf-segmentation_only-r005-20260818T023905Z,loan_to_aml,2,77,200,15.988600,
segmentation_only,5,3,perf-segmentation_only-r005-20260818T023905Z,loan_to_aml,2,78,200,16.227500,
segmentation_only,5,3,perf-segmentation_only-r005-20260818T023905Z,loan_to_aml,2,79,200,15.830600,
segmentation_only,5,3,perf-segmentation_only-r005-20260818T023905Z,loan_to_aml,2,80,200,15.956000,
segmentation_only,5,3,perf-segmentation_only-r005-20260818T023905Z,loan_to_aml,2,81,200,16.225400,
segmentation_only,5,3,perf-segmentation_only-r005-20260818T023905Z,loan_to_aml,2,82,200,16.806600,
segmentation_only,5,3,perf-segmentation_only-r005-20260818T023905Z,loan_to_aml,2,83,200,19.310200,
segmentation_only,5,3,perf-segmentation_only-r005-20260818T023905Z,loan_to_aml,2,84,200,17.106300,
segmentation_only,5,3,perf-segmentation_only-r005-20260818T023905Z,loan_to_aml,2,85,200,24.525000,
segmentation_only,5,3,perf-segmentation_only-r005-20260818T023905Z,loan_to_aml,2,86,200,17.889800,
segmentation_only,5,3,perf-segmentation_only-r005-20260818T023905Z,loan_to_aml,2,87,200,20.058500,
segmentation_only,5,3,perf-segmentation_only-r005-20260818T023905Z,loan_to_aml,2,88,200,18.250900,
segmentation_only,5,3,perf-segmentation_only-r005-20260818T023905Z,loan_to_aml,2,89,200,17.153100,
segmentation_only,5,3,perf-segmentation_only-r005-20260818T023905Z,loan_to_aml,2,90,200,16.793800,
segmentation_only,5,3,perf-segmentation_only-r005-20260818T023905Z,loan_to_aml,2,91,200,16.302200,
segmentation_only,5,3,perf-segmentation_only-r005-20260818T023905Z,loan_to_aml,2,92,200,17.848300,
segmentation_only,5,3,perf-segmentation_only-r005-20260818T023905Z,loan_to_aml,2,93,200,17.722200,
segmentation_only,5,3,perf-segmentation_only-r005-20260818T023905Z,loan_to_aml,2,94,200,17.238800,
segmentation_only,5,3,perf-segmentation_only-r005-20260818T023905Z,loan_to_aml,2,95,200,16.872000,
segmentation_only,5,3,perf-segmentation_only-r005-20260818T023905Z,loan_to_aml,2,96,200,16.915500,
segmentation_only,5,3,perf-segmentation_only-r005-20260818T023905Z,loan_to_aml,2,97,200,16.836300,
segmentation_only,5,3,perf-segmentation_only-r005-20260818T023905Z,loan_to_aml,2,98,200,16.150400,
segmentation_only,5,3,perf-segmentation_only-r005-20260818T023905Z,loan_to_aml,2,99,200,16.680500,
segmentation_only,5,3,perf-segmentation_only-r005-20260818T023905Z,loan_to_aml,2,100,200,16.107100,
segmentation_only,5,3,perf-segmentation_only-r005-20260818T023905Z,loan_to_aml,2,101,200,15.785500,
segmentation_only,5,3,perf-segmentation_only-r005-20260818T023905Z,loan_to_aml,2,102,200,16.250900,
segmentation_only,5,3,perf-segmentation_only-r005-20260818T023905Z,loan_to_aml,2,103,200,16.403400,
segmentation_only,5,3,perf-segmentation_only-r005-20260818T023905Z,loan_to_aml,2,104,200,16.414900,
segmentation_only,5,3,perf-segmentation_only-r005-20260818T023905Z,loan_to_aml,2,105,200,17.033000,
segmentation_only,5,3,perf-segmentation_only-r005-20260818T023905Z,loan_to_aml,2,106,200,17.491500,
segmentation_only,5,3,perf-segmentation_only-r005-20260818T023905Z,loan_to_aml,2,107,200,17.177900,
segmentation_only,5,3,perf-segmentation_only-r005-20260818T023905Z,loan_to_aml,2,108,200,16.720700,
segmentation_only,5,3,perf-segmentation_only-r005-20260818T023905Z,loan_to_aml,2,109,200,18.671700,
segmentation_only,5,3,perf-segmentation_only-r005-20260818T023905Z,loan_to_aml,2,110,200,16.814300,
segmentation_only,5,3,perf-segmentation_only-r005-20260818T023905Z,loan_to_aml,2,111,200,16.654500,
segmentation_only,5,3,perf-segmentation_only-r005-20260818T023905Z,loan_to_aml,2,112,200,16.999700,
segmentation_only,5,3,perf-segmentation_only-r005-20260818T023905Z,loan_to_aml,2,113,200,15.958700,
segmentation_only,5,3,perf-segmentation_only-r005-20260818T023905Z,loan_to_aml,2,114,200,15.847100,
segmentation_only,5,3,perf-segmentation_only-r005-20260818T023905Z,loan_to_aml,2,115,200,16.166500,
segmentation_only,5,3,perf-segmentation_only-r005-20260818T023905Z,loan_to_aml,2,116,200,16.310400,
segmentation_only,5,3,perf-segmentation_only-r005-20260818T023905Z,loan_to_aml,2,117,200,15.450300,
segmentation_only,5,3,perf-segmentation_only-r005-20260818T023905Z,loan_to_aml,2,118,200,16.470400,
segmentation_only,5,3,perf-segmentation_only-r005-20260818T023905Z,loan_to_aml,2,119,200,15.541900,
segmentation_only,5,3,perf-segmentation_only-r005-20260818T023905Z,loan_to_aml,2,120,200,16.102400,
segmentation_only,5,3,perf-segmentation_only-r005-20260818T023905Z,loan_to_aml,2,121,200,15.906100,
segmentation_only,5,3,perf-segmentation_only-r005-20260818T023905Z,loan_to_aml,2,122,200,15.997000,
segmentation_only,5,3,perf-segmentation_only-r005-20260818T023905Z,loan_to_aml,2,123,200,15.772000,
segmentation_only,5,3,perf-segmentation_only-r005-20260818T023905Z,loan_to_aml,2,124,200,15.413300,
segmentation_only,5,3,perf-segmentation_only-r005-20260818T023905Z,loan_to_aml,2,125,200,17.233500,
segmentation_only,5,3,perf-segmentation_only-r005-20260818T023905Z,loan_to_aml,2,126,200,17.045200,
segmentation_only,5,3,perf-segmentation_only-r005-20260818T023905Z,loan_to_aml,2,127,200,16.579400,
segmentation_only,5,3,perf-segmentation_only-r005-20260818T023905Z,loan_to_aml,2,128,200,16.325000,
segmentation_only,5,3,perf-segmentation_only-r005-20260818T023905Z,loan_to_aml,2,129,200,18.819800,
segmentation_only,5,3,perf-segmentation_only-r005-20260818T023905Z,loan_to_aml,2,130,200,16.851600,
segmentation_only,5,3,perf-segmentation_only-r005-20260818T023905Z,loan_to_aml,2,131,200,15.668400,
segmentation_only,5,3,perf-segmentation_only-r005-20260818T023905Z,loan_to_aml,2,132,200,14.892500,
segmentation_only,5,3,perf-segmentation_only-r005-20260818T023905Z,loan_to_aml,2,133,200,16.961600,
segmentation_only,5,3,perf-segmentation_only-r005-20260818T023905Z,loan_to_aml,2,134,200,16.539600,
segmentation_only,5,3,perf-segmentation_only-r005-20260818T023905Z,loan_to_aml,2,135,200,15.674400,
segmentation_only,5,3,perf-segmentation_only-r005-20260818T023905Z,loan_to_aml,2,136,200,16.472300,
segmentation_only,5,3,perf-segmentation_only-r005-20260818T023905Z,loan_to_aml,2,137,200,16.714300,
segmentation_only,5,3,perf-segmentation_only-r005-20260818T023905Z,loan_to_aml,2,138,200,16.913800,
segmentation_only,5,3,perf-segmentation_only-r005-20260818T023905Z,loan_to_aml,2,139,200,15.732100,
segmentation_only,5,3,perf-segmentation_only-r005-20260818T023905Z,loan_to_aml,2,140,200,17.560400,
segmentation_only,5,3,perf-segmentation_only-r005-20260818T023905Z,loan_to_aml,2,141,200,17.220800,
segmentation_only,5,3,perf-segmentation_only-r005-20260818T023905Z,loan_to_aml,2,142,200,16.521800,
segmentation_only,5,3,perf-segmentation_only-r005-20260818T023905Z,loan_to_aml,2,143,200,15.942500,
segmentation_only,5,3,perf-segmentation_only-r005-20260818T023905Z,loan_to_aml,2,144,200,15.806400,
segmentation_only,5,3,perf-segmentation_only-r005-20260818T023905Z,loan_to_aml,2,145,200,16.250400,
segmentation_only,5,3,perf-segmentation_only-r005-20260818T023905Z,loan_to_aml,2,146,200,15.650300,
segmentation_only,5,3,perf-segmentation_only-r005-20260818T023905Z,loan_to_aml,2,147,200,15.954800,
segmentation_only,5,3,perf-segmentation_only-r005-20260818T023905Z,loan_to_aml,2,148,200,15.870600,
segmentation_only,5,3,perf-segmentation_only-r005-20260818T023905Z,loan_to_aml,2,149,200,15.132300,
segmentation_only,5,3,perf-segmentation_only-r005-20260818T023905Z,loan_to_aml,2,150,200,15.792000,
segmentation_only,5,3,perf-segmentation_only-r005-20260818T023905Z,loan_to_aml,2,151,200,15.941400,
segmentation_only,5,3,perf-segmentation_only-r005-20260818T023905Z,loan_to_aml,2,152,200,15.974300,
segmentation_only,5,3,perf-segmentation_only-r005-20260818T023905Z,loan_to_aml,2,153,200,19.886900,
segmentation_only,5,3,perf-segmentation_only-r005-20260818T023905Z,loan_to_aml,2,154,200,20.668600,
segmentation_only,5,3,perf-segmentation_only-r005-20260818T023905Z,loan_to_aml,2,155,200,17.812100,
segmentation_only,5,3,perf-segmentation_only-r005-20260818T023905Z,loan_to_aml,2,156,200,18.656100,
segmentation_only,5,3,perf-segmentation_only-r005-20260818T023905Z,loan_to_aml,2,157,200,18.637800,
segmentation_only,5,3,perf-segmentation_only-r005-20260818T023905Z,loan_to_aml,2,158,200,18.422000,
segmentation_only,5,3,perf-segmentation_only-r005-20260818T023905Z,loan_to_aml,2,159,200,17.608500,
segmentation_only,5,3,perf-segmentation_only-r005-20260818T023905Z,loan_to_aml,2,160,200,18.558100,
segmentation_only,5,3,perf-segmentation_only-r005-20260818T023905Z,loan_to_aml,2,161,200,16.664300,
segmentation_only,5,3,perf-segmentation_only-r005-20260818T023905Z,loan_to_aml,2,162,200,16.155600,
segmentation_only,5,3,perf-segmentation_only-r005-20260818T023905Z,loan_to_aml,2,163,200,15.776500,
segmentation_only,5,3,perf-segmentation_only-r005-20260818T023905Z,loan_to_aml,2,164,200,15.820900,
segmentation_only,5,3,perf-segmentation_only-r005-20260818T023905Z,loan_to_aml,2,165,200,16.412600,
segmentation_only,5,3,perf-segmentation_only-r005-20260818T023905Z,loan_to_aml,2,166,200,16.178900,
segmentation_only,5,3,perf-segmentation_only-r005-20260818T023905Z,loan_to_aml,2,167,200,16.536300,
segmentation_only,5,3,perf-segmentation_only-r005-20260818T023905Z,loan_to_aml,2,168,200,16.076000,
segmentation_only,5,3,perf-segmentation_only-r005-20260818T023905Z,loan_to_aml,2,169,200,16.155300,
segmentation_only,5,3,perf-segmentation_only-r005-20260818T023905Z,loan_to_aml,2,170,200,21.328600,
segmentation_only,5,3,perf-segmentation_only-r005-20260818T023905Z,loan_to_aml,2,171,200,18.409600,
segmentation_only,5,3,perf-segmentation_only-r005-20260818T023905Z,loan_to_aml,2,172,200,17.392000,
segmentation_only,5,3,perf-segmentation_only-r005-20260818T023905Z,loan_to_aml,2,173,200,15.593900,
segmentation_only,5,3,perf-segmentation_only-r005-20260818T023905Z,loan_to_aml,2,174,200,15.662200,
segmentation_only,5,3,perf-segmentation_only-r005-20260818T023905Z,loan_to_aml,2,175,200,15.007400,
segmentation_only,5,3,perf-segmentation_only-r005-20260818T023905Z,loan_to_aml,2,176,200,15.177900,
segmentation_only,5,3,perf-segmentation_only-r005-20260818T023905Z,loan_to_aml,2,177,200,16.071900,
segmentation_only,5,3,perf-segmentation_only-r005-20260818T023905Z,loan_to_aml,2,178,200,16.291300,
segmentation_only,5,3,perf-segmentation_only-r005-20260818T023905Z,loan_to_aml,2,179,200,15.750000,
segmentation_only,5,3,perf-segmentation_only-r005-20260818T023905Z,loan_to_aml,2,180,200,16.319600,
segmentation_only,5,3,perf-segmentation_only-r005-20260818T023905Z,loan_to_aml,2,181,200,15.531200,
segmentation_only,5,3,perf-segmentation_only-r005-20260818T023905Z,loan_to_aml,2,182,200,15.964400,
segmentation_only,5,3,perf-segmentation_only-r005-20260818T023905Z,loan_to_aml,2,183,200,16.419700,
segmentation_only,5,3,perf-segmentation_only-r005-20260818T023905Z,loan_to_aml,2,184,200,16.941400,
segmentation_only,5,3,perf-segmentation_only-r005-20260818T023905Z,loan_to_aml,2,185,200,17.133700,
segmentation_only,5,3,perf-segmentation_only-r005-20260818T023905Z,loan_to_aml,2,186,200,17.645600,
segmentation_only,5,3,perf-segmentation_only-r005-20260818T023905Z,loan_to_aml,2,187,200,17.757600,
segmentation_only,5,3,perf-segmentation_only-r005-20260818T023905Z,loan_to_aml,2,188,200,17.992500,
segmentation_only,5,3,perf-segmentation_only-r005-20260818T023905Z,loan_to_aml,2,189,200,17.101800,
segmentation_only,5,3,perf-segmentation_only-r005-20260818T023905Z,loan_to_aml,2,190,200,17.131700,
segmentation_only,5,3,perf-segmentation_only-r005-20260818T023905Z,loan_to_aml,2,191,200,17.352700,
segmentation_only,5,3,perf-segmentation_only-r005-20260818T023905Z,loan_to_aml,2,192,200,17.229400,
segmentation_only,5,3,perf-segmentation_only-r005-20260818T023905Z,loan_to_aml,2,193,200,17.469000,
segmentation_only,5,3,perf-segmentation_only-r005-20260818T023905Z,loan_to_aml,2,194,200,18.885800,
segmentation_only,5,3,perf-segmentation_only-r005-20260818T023905Z,loan_to_aml,2,195,200,18.834400,
segmentation_only,5,3,perf-segmentation_only-r005-20260818T023905Z,loan_to_aml,2,196,200,17.593900,
segmentation_only,5,3,perf-segmentation_only-r005-20260818T023905Z,loan_to_aml,2,197,200,18.043300,
segmentation_only,5,3,perf-segmentation_only-r005-20260818T023905Z,loan_to_aml,2,198,200,16.878900,
segmentation_only,5,3,perf-segmentation_only-r005-20260818T023905Z,loan_to_aml,2,199,200,19.871700,
segmentation_only,5,3,perf-segmentation_only-r005-20260818T023905Z,loan_to_aml,2,200,200,17.380800,
segmentation_only,5,3,perf-segmentation_only-r005-20260818T023905Z,loan_to_aml,3,1,200,17.910700,
segmentation_only,5,3,perf-segmentation_only-r005-20260818T023905Z,loan_to_aml,3,2,200,16.641600,
segmentation_only,5,3,perf-segmentation_only-r005-20260818T023905Z,loan_to_aml,3,3,200,17.184800,
segmentation_only,5,3,perf-segmentation_only-r005-20260818T023905Z,loan_to_aml,3,4,200,16.964800,
segmentation_only,5,3,perf-segmentation_only-r005-20260818T023905Z,loan_to_aml,3,5,200,19.567000,
segmentation_only,5,3,perf-segmentation_only-r005-20260818T023905Z,loan_to_aml,3,6,200,18.719600,
segmentation_only,5,3,perf-segmentation_only-r005-20260818T023905Z,loan_to_aml,3,7,200,17.920700,
segmentation_only,5,3,perf-segmentation_only-r005-20260818T023905Z,loan_to_aml,3,8,200,17.808500,
segmentation_only,5,3,perf-segmentation_only-r005-20260818T023905Z,loan_to_aml,3,9,200,16.857100,
segmentation_only,5,3,perf-segmentation_only-r005-20260818T023905Z,loan_to_aml,3,10,200,17.844800,
segmentation_only,5,3,perf-segmentation_only-r005-20260818T023905Z,loan_to_aml,3,11,200,16.556200,
segmentation_only,5,3,perf-segmentation_only-r005-20260818T023905Z,loan_to_aml,3,12,200,20.557400,
segmentation_only,5,3,perf-segmentation_only-r005-20260818T023905Z,loan_to_aml,3,13,200,20.035600,
segmentation_only,5,3,perf-segmentation_only-r005-20260818T023905Z,loan_to_aml,3,14,200,16.402900,
segmentation_only,5,3,perf-segmentation_only-r005-20260818T023905Z,loan_to_aml,3,15,200,17.767400,
segmentation_only,5,3,perf-segmentation_only-r005-20260818T023905Z,loan_to_aml,3,16,200,17.696300,
segmentation_only,5,3,perf-segmentation_only-r005-20260818T023905Z,loan_to_aml,3,17,200,17.506700,
segmentation_only,5,3,perf-segmentation_only-r005-20260818T023905Z,loan_to_aml,3,18,200,16.035900,
segmentation_only,5,3,perf-segmentation_only-r005-20260818T023905Z,loan_to_aml,3,19,200,16.652900,
segmentation_only,5,3,perf-segmentation_only-r005-20260818T023905Z,loan_to_aml,3,20,200,17.474400,
segmentation_only,5,3,perf-segmentation_only-r005-20260818T023905Z,loan_to_aml,3,21,200,16.688300,
segmentation_only,5,3,perf-segmentation_only-r005-20260818T023905Z,loan_to_aml,3,22,200,16.893800,
segmentation_only,5,3,perf-segmentation_only-r005-20260818T023905Z,loan_to_aml,3,23,200,16.195700,
segmentation_only,5,3,perf-segmentation_only-r005-20260818T023905Z,loan_to_aml,3,24,200,16.560100,
segmentation_only,5,3,perf-segmentation_only-r005-20260818T023905Z,loan_to_aml,3,25,200,15.939400,
segmentation_only,5,3,perf-segmentation_only-r005-20260818T023905Z,loan_to_aml,3,26,200,15.828000,
segmentation_only,5,3,perf-segmentation_only-r005-20260818T023905Z,loan_to_aml,3,27,200,17.369400,
segmentation_only,5,3,perf-segmentation_only-r005-20260818T023905Z,loan_to_aml,3,28,200,15.938400,
segmentation_only,5,3,perf-segmentation_only-r005-20260818T023905Z,loan_to_aml,3,29,200,19.075800,
segmentation_only,5,3,perf-segmentation_only-r005-20260818T023905Z,loan_to_aml,3,30,200,15.580300,
segmentation_only,5,3,perf-segmentation_only-r005-20260818T023905Z,loan_to_aml,3,31,200,16.158300,
segmentation_only,5,3,perf-segmentation_only-r005-20260818T023905Z,loan_to_aml,3,32,200,17.003500,
segmentation_only,5,3,perf-segmentation_only-r005-20260818T023905Z,loan_to_aml,3,33,200,16.972900,
segmentation_only,5,3,perf-segmentation_only-r005-20260818T023905Z,loan_to_aml,3,34,200,16.444700,
segmentation_only,5,3,perf-segmentation_only-r005-20260818T023905Z,loan_to_aml,3,35,200,16.541000,
segmentation_only,5,3,perf-segmentation_only-r005-20260818T023905Z,loan_to_aml,3,36,200,16.140800,
segmentation_only,5,3,perf-segmentation_only-r005-20260818T023905Z,loan_to_aml,3,37,200,16.520600,
segmentation_only,5,3,perf-segmentation_only-r005-20260818T023905Z,loan_to_aml,3,38,200,16.767900,
segmentation_only,5,3,perf-segmentation_only-r005-20260818T023905Z,loan_to_aml,3,39,200,16.834300,
segmentation_only,5,3,perf-segmentation_only-r005-20260818T023905Z,loan_to_aml,3,40,200,15.580200,
segmentation_only,5,3,perf-segmentation_only-r005-20260818T023905Z,loan_to_aml,3,41,200,16.035000,
segmentation_only,5,3,perf-segmentation_only-r005-20260818T023905Z,loan_to_aml,3,42,200,15.927500,
segmentation_only,5,3,perf-segmentation_only-r005-20260818T023905Z,loan_to_aml,3,43,200,25.081500,
segmentation_only,5,3,perf-segmentation_only-r005-20260818T023905Z,loan_to_aml,3,44,200,17.282500,
segmentation_only,5,3,perf-segmentation_only-r005-20260818T023905Z,loan_to_aml,3,45,200,15.677400,
segmentation_only,5,3,perf-segmentation_only-r005-20260818T023905Z,loan_to_aml,3,46,200,16.248500,
segmentation_only,5,3,perf-segmentation_only-r005-20260818T023905Z,loan_to_aml,3,47,200,17.040800,
segmentation_only,5,3,perf-segmentation_only-r005-20260818T023905Z,loan_to_aml,3,48,200,16.935000,
segmentation_only,5,3,perf-segmentation_only-r005-20260818T023905Z,loan_to_aml,3,49,200,16.777100,
segmentation_only,5,3,perf-segmentation_only-r005-20260818T023905Z,loan_to_aml,3,50,200,16.919700,
segmentation_only,5,3,perf-segmentation_only-r005-20260818T023905Z,loan_to_aml,3,51,200,16.881300,
segmentation_only,5,3,perf-segmentation_only-r005-20260818T023905Z,loan_to_aml,3,52,200,16.637900,
segmentation_only,5,3,perf-segmentation_only-r005-20260818T023905Z,loan_to_aml,3,53,200,17.954100,
segmentation_only,5,3,perf-segmentation_only-r005-20260818T023905Z,loan_to_aml,3,54,200,16.723000,
segmentation_only,5,3,perf-segmentation_only-r005-20260818T023905Z,loan_to_aml,3,55,200,15.527000,
segmentation_only,5,3,perf-segmentation_only-r005-20260818T023905Z,loan_to_aml,3,56,200,16.128700,
segmentation_only,5,3,perf-segmentation_only-r005-20260818T023905Z,loan_to_aml,3,57,200,16.900700,
segmentation_only,5,3,perf-segmentation_only-r005-20260818T023905Z,loan_to_aml,3,58,200,16.481600,
segmentation_only,5,3,perf-segmentation_only-r005-20260818T023905Z,loan_to_aml,3,59,200,16.919400,
segmentation_only,5,3,perf-segmentation_only-r005-20260818T023905Z,loan_to_aml,3,60,200,16.646300,
segmentation_only,5,3,perf-segmentation_only-r005-20260818T023905Z,loan_to_aml,3,61,200,16.822000,
segmentation_only,5,3,perf-segmentation_only-r005-20260818T023905Z,loan_to_aml,3,62,200,16.243800,
segmentation_only,5,3,perf-segmentation_only-r005-20260818T023905Z,loan_to_aml,3,63,200,16.798100,
segmentation_only,5,3,perf-segmentation_only-r005-20260818T023905Z,loan_to_aml,3,64,200,15.889300,
segmentation_only,5,3,perf-segmentation_only-r005-20260818T023905Z,loan_to_aml,3,65,200,15.600400,
segmentation_only,5,3,perf-segmentation_only-r005-20260818T023905Z,loan_to_aml,3,66,200,16.179000,
segmentation_only,5,3,perf-segmentation_only-r005-20260818T023905Z,loan_to_aml,3,67,200,15.712300,
segmentation_only,5,3,perf-segmentation_only-r005-20260818T023905Z,loan_to_aml,3,68,200,14.960400,
segmentation_only,5,3,perf-segmentation_only-r005-20260818T023905Z,loan_to_aml,3,69,200,15.963000,
segmentation_only,5,3,perf-segmentation_only-r005-20260818T023905Z,loan_to_aml,3,70,200,16.285900,
segmentation_only,5,3,perf-segmentation_only-r005-20260818T023905Z,loan_to_aml,3,71,200,16.163800,
segmentation_only,5,3,perf-segmentation_only-r005-20260818T023905Z,loan_to_aml,3,72,200,16.282200,
segmentation_only,5,3,perf-segmentation_only-r005-20260818T023905Z,loan_to_aml,3,73,200,16.461600,
segmentation_only,5,3,perf-segmentation_only-r005-20260818T023905Z,loan_to_aml,3,74,200,16.380200,
segmentation_only,5,3,perf-segmentation_only-r005-20260818T023905Z,loan_to_aml,3,75,200,15.851300,
segmentation_only,5,3,perf-segmentation_only-r005-20260818T023905Z,loan_to_aml,3,76,200,15.699900,
segmentation_only,5,3,perf-segmentation_only-r005-20260818T023905Z,loan_to_aml,3,77,200,16.222500,
segmentation_only,5,3,perf-segmentation_only-r005-20260818T023905Z,loan_to_aml,3,78,200,15.674900,
segmentation_only,5,3,perf-segmentation_only-r005-20260818T023905Z,loan_to_aml,3,79,200,15.976400,
segmentation_only,5,3,perf-segmentation_only-r005-20260818T023905Z,loan_to_aml,3,80,200,16.123400,
segmentation_only,5,3,perf-segmentation_only-r005-20260818T023905Z,loan_to_aml,3,81,200,16.065700,
segmentation_only,5,3,perf-segmentation_only-r005-20260818T023905Z,loan_to_aml,3,82,200,15.978300,
segmentation_only,5,3,perf-segmentation_only-r005-20260818T023905Z,loan_to_aml,3,83,200,15.885000,
segmentation_only,5,3,perf-segmentation_only-r005-20260818T023905Z,loan_to_aml,3,84,200,16.139400,
segmentation_only,5,3,perf-segmentation_only-r005-20260818T023905Z,loan_to_aml,3,85,200,16.259400,
segmentation_only,5,3,perf-segmentation_only-r005-20260818T023905Z,loan_to_aml,3,86,200,16.824700,
segmentation_only,5,3,perf-segmentation_only-r005-20260818T023905Z,loan_to_aml,3,87,200,15.717400,
segmentation_only,5,3,perf-segmentation_only-r005-20260818T023905Z,loan_to_aml,3,88,200,16.550900,
segmentation_only,5,3,perf-segmentation_only-r005-20260818T023905Z,loan_to_aml,3,89,200,16.423700,
segmentation_only,5,3,perf-segmentation_only-r005-20260818T023905Z,loan_to_aml,3,90,200,15.787000,
segmentation_only,5,3,perf-segmentation_only-r005-20260818T023905Z,loan_to_aml,3,91,200,16.430400,
segmentation_only,5,3,perf-segmentation_only-r005-20260818T023905Z,loan_to_aml,3,92,200,16.800000,
segmentation_only,5,3,perf-segmentation_only-r005-20260818T023905Z,loan_to_aml,3,93,200,15.741300,
segmentation_only,5,3,perf-segmentation_only-r005-20260818T023905Z,loan_to_aml,3,94,200,16.331600,
segmentation_only,5,3,perf-segmentation_only-r005-20260818T023905Z,loan_to_aml,3,95,200,15.631200,
segmentation_only,5,3,perf-segmentation_only-r005-20260818T023905Z,loan_to_aml,3,96,200,16.565300,
segmentation_only,5,3,perf-segmentation_only-r005-20260818T023905Z,loan_to_aml,3,97,200,17.370800,
segmentation_only,5,3,perf-segmentation_only-r005-20260818T023905Z,loan_to_aml,3,98,200,17.309400,
segmentation_only,5,3,perf-segmentation_only-r005-20260818T023905Z,loan_to_aml,3,99,200,15.611900,
segmentation_only,5,3,perf-segmentation_only-r005-20260818T023905Z,loan_to_aml,3,100,200,16.003700,
segmentation_only,5,3,perf-segmentation_only-r005-20260818T023905Z,loan_to_aml,3,101,200,16.160800,
segmentation_only,5,3,perf-segmentation_only-r005-20260818T023905Z,loan_to_aml,3,102,200,15.791000,
segmentation_only,5,3,perf-segmentation_only-r005-20260818T023905Z,loan_to_aml,3,103,200,16.281000,
segmentation_only,5,3,perf-segmentation_only-r005-20260818T023905Z,loan_to_aml,3,104,200,15.817900,
segmentation_only,5,3,perf-segmentation_only-r005-20260818T023905Z,loan_to_aml,3,105,200,15.960900,
segmentation_only,5,3,perf-segmentation_only-r005-20260818T023905Z,loan_to_aml,3,106,200,15.919000,
segmentation_only,5,3,perf-segmentation_only-r005-20260818T023905Z,loan_to_aml,3,107,200,16.364100,
segmentation_only,5,3,perf-segmentation_only-r005-20260818T023905Z,loan_to_aml,3,108,200,16.773700,
segmentation_only,5,3,perf-segmentation_only-r005-20260818T023905Z,loan_to_aml,3,109,200,15.880300,
segmentation_only,5,3,perf-segmentation_only-r005-20260818T023905Z,loan_to_aml,3,110,200,15.800200,
segmentation_only,5,3,perf-segmentation_only-r005-20260818T023905Z,loan_to_aml,3,111,200,16.127700,
segmentation_only,5,3,perf-segmentation_only-r005-20260818T023905Z,loan_to_aml,3,112,200,15.823300,
segmentation_only,5,3,perf-segmentation_only-r005-20260818T023905Z,loan_to_aml,3,113,200,16.047000,
segmentation_only,5,3,perf-segmentation_only-r005-20260818T023905Z,loan_to_aml,3,114,200,15.923600,
segmentation_only,5,3,perf-segmentation_only-r005-20260818T023905Z,loan_to_aml,3,115,200,16.582500,
segmentation_only,5,3,perf-segmentation_only-r005-20260818T023905Z,loan_to_aml,3,116,200,15.645300,
segmentation_only,5,3,perf-segmentation_only-r005-20260818T023905Z,loan_to_aml,3,117,200,15.960500,
segmentation_only,5,3,perf-segmentation_only-r005-20260818T023905Z,loan_to_aml,3,118,200,16.240000,
segmentation_only,5,3,perf-segmentation_only-r005-20260818T023905Z,loan_to_aml,3,119,200,15.497900,
segmentation_only,5,3,perf-segmentation_only-r005-20260818T023905Z,loan_to_aml,3,120,200,15.357700,
segmentation_only,5,3,perf-segmentation_only-r005-20260818T023905Z,loan_to_aml,3,121,200,16.979100,
segmentation_only,5,3,perf-segmentation_only-r005-20260818T023905Z,loan_to_aml,3,122,200,16.642700,
segmentation_only,5,3,perf-segmentation_only-r005-20260818T023905Z,loan_to_aml,3,123,200,16.061700,
segmentation_only,5,3,perf-segmentation_only-r005-20260818T023905Z,loan_to_aml,3,124,200,14.878800,
segmentation_only,5,3,perf-segmentation_only-r005-20260818T023905Z,loan_to_aml,3,125,200,16.368900,
segmentation_only,5,3,perf-segmentation_only-r005-20260818T023905Z,loan_to_aml,3,126,200,15.856700,
segmentation_only,5,3,perf-segmentation_only-r005-20260818T023905Z,loan_to_aml,3,127,200,15.880000,
segmentation_only,5,3,perf-segmentation_only-r005-20260818T023905Z,loan_to_aml,3,128,200,16.051700,
segmentation_only,5,3,perf-segmentation_only-r005-20260818T023905Z,loan_to_aml,3,129,200,16.012300,
segmentation_only,5,3,perf-segmentation_only-r005-20260818T023905Z,loan_to_aml,3,130,200,15.962500,
segmentation_only,5,3,perf-segmentation_only-r005-20260818T023905Z,loan_to_aml,3,131,200,16.195000,
segmentation_only,5,3,perf-segmentation_only-r005-20260818T023905Z,loan_to_aml,3,132,200,15.747600,
segmentation_only,5,3,perf-segmentation_only-r005-20260818T023905Z,loan_to_aml,3,133,200,17.116600,
segmentation_only,5,3,perf-segmentation_only-r005-20260818T023905Z,loan_to_aml,3,134,200,16.929700,
segmentation_only,5,3,perf-segmentation_only-r005-20260818T023905Z,loan_to_aml,3,135,200,15.660700,
segmentation_only,5,3,perf-segmentation_only-r005-20260818T023905Z,loan_to_aml,3,136,200,17.338300,
segmentation_only,5,3,perf-segmentation_only-r005-20260818T023905Z,loan_to_aml,3,137,200,15.752300,
segmentation_only,5,3,perf-segmentation_only-r005-20260818T023905Z,loan_to_aml,3,138,200,16.934600,
segmentation_only,5,3,perf-segmentation_only-r005-20260818T023905Z,loan_to_aml,3,139,200,16.234100,
segmentation_only,5,3,perf-segmentation_only-r005-20260818T023905Z,loan_to_aml,3,140,200,16.079400,
segmentation_only,5,3,perf-segmentation_only-r005-20260818T023905Z,loan_to_aml,3,141,200,15.583700,
segmentation_only,5,3,perf-segmentation_only-r005-20260818T023905Z,loan_to_aml,3,142,200,16.416400,
segmentation_only,5,3,perf-segmentation_only-r005-20260818T023905Z,loan_to_aml,3,143,200,15.514600,
segmentation_only,5,3,perf-segmentation_only-r005-20260818T023905Z,loan_to_aml,3,144,200,14.955400,
segmentation_only,5,3,perf-segmentation_only-r005-20260818T023905Z,loan_to_aml,3,145,200,15.956900,
segmentation_only,5,3,perf-segmentation_only-r005-20260818T023905Z,loan_to_aml,3,146,200,15.057400,
segmentation_only,5,3,perf-segmentation_only-r005-20260818T023905Z,loan_to_aml,3,147,200,16.071800,
segmentation_only,5,3,perf-segmentation_only-r005-20260818T023905Z,loan_to_aml,3,148,200,16.022900,
segmentation_only,5,3,perf-segmentation_only-r005-20260818T023905Z,loan_to_aml,3,149,200,17.358600,
segmentation_only,5,3,perf-segmentation_only-r005-20260818T023905Z,loan_to_aml,3,150,200,17.756800,
segmentation_only,5,3,perf-segmentation_only-r005-20260818T023905Z,loan_to_aml,3,151,200,17.987500,
segmentation_only,5,3,perf-segmentation_only-r005-20260818T023905Z,loan_to_aml,3,152,200,17.244900,
segmentation_only,5,3,perf-segmentation_only-r005-20260818T023905Z,loan_to_aml,3,153,200,16.677600,
segmentation_only,5,3,perf-segmentation_only-r005-20260818T023905Z,loan_to_aml,3,154,200,16.568700,
segmentation_only,5,3,perf-segmentation_only-r005-20260818T023905Z,loan_to_aml,3,155,200,16.364000,
segmentation_only,5,3,perf-segmentation_only-r005-20260818T023905Z,loan_to_aml,3,156,200,16.142500,
segmentation_only,5,3,perf-segmentation_only-r005-20260818T023905Z,loan_to_aml,3,157,200,17.043100,
segmentation_only,5,3,perf-segmentation_only-r005-20260818T023905Z,loan_to_aml,3,158,200,17.086000,
segmentation_only,5,3,perf-segmentation_only-r005-20260818T023905Z,loan_to_aml,3,159,200,15.890900,
segmentation_only,5,3,perf-segmentation_only-r005-20260818T023905Z,loan_to_aml,3,160,200,16.894400,
segmentation_only,5,3,perf-segmentation_only-r005-20260818T023905Z,loan_to_aml,3,161,200,17.032500,
segmentation_only,5,3,perf-segmentation_only-r005-20260818T023905Z,loan_to_aml,3,162,200,16.538900,
segmentation_only,5,3,perf-segmentation_only-r005-20260818T023905Z,loan_to_aml,3,163,200,17.152900,
segmentation_only,5,3,perf-segmentation_only-r005-20260818T023905Z,loan_to_aml,3,164,200,15.373800,
segmentation_only,5,3,perf-segmentation_only-r005-20260818T023905Z,loan_to_aml,3,165,200,16.562200,
segmentation_only,5,3,perf-segmentation_only-r005-20260818T023905Z,loan_to_aml,3,166,200,16.027700,
segmentation_only,5,3,perf-segmentation_only-r005-20260818T023905Z,loan_to_aml,3,167,200,15.725000,
segmentation_only,5,3,perf-segmentation_only-r005-20260818T023905Z,loan_to_aml,3,168,200,16.087100,
segmentation_only,5,3,perf-segmentation_only-r005-20260818T023905Z,loan_to_aml,3,169,200,15.951600,
segmentation_only,5,3,perf-segmentation_only-r005-20260818T023905Z,loan_to_aml,3,170,200,15.977500,
segmentation_only,5,3,perf-segmentation_only-r005-20260818T023905Z,loan_to_aml,3,171,200,16.251400,
segmentation_only,5,3,perf-segmentation_only-r005-20260818T023905Z,loan_to_aml,3,172,200,16.024600,
segmentation_only,5,3,perf-segmentation_only-r005-20260818T023905Z,loan_to_aml,3,173,200,16.000500,
segmentation_only,5,3,perf-segmentation_only-r005-20260818T023905Z,loan_to_aml,3,174,200,15.950800,
segmentation_only,5,3,perf-segmentation_only-r005-20260818T023905Z,loan_to_aml,3,175,200,16.519900,
segmentation_only,5,3,perf-segmentation_only-r005-20260818T023905Z,loan_to_aml,3,176,200,19.431700,
segmentation_only,5,3,perf-segmentation_only-r005-20260818T023905Z,loan_to_aml,3,177,200,15.905900,
segmentation_only,5,3,perf-segmentation_only-r005-20260818T023905Z,loan_to_aml,3,178,200,16.079900,
segmentation_only,5,3,perf-segmentation_only-r005-20260818T023905Z,loan_to_aml,3,179,200,16.940000,
segmentation_only,5,3,perf-segmentation_only-r005-20260818T023905Z,loan_to_aml,3,180,200,16.776000,
segmentation_only,5,3,perf-segmentation_only-r005-20260818T023905Z,loan_to_aml,3,181,200,16.014900,
segmentation_only,5,3,perf-segmentation_only-r005-20260818T023905Z,loan_to_aml,3,182,200,16.512500,
segmentation_only,5,3,perf-segmentation_only-r005-20260818T023905Z,loan_to_aml,3,183,200,16.674000,
segmentation_only,5,3,perf-segmentation_only-r005-20260818T023905Z,loan_to_aml,3,184,200,16.933900,
segmentation_only,5,3,perf-segmentation_only-r005-20260818T023905Z,loan_to_aml,3,185,200,16.033700,
segmentation_only,5,3,perf-segmentation_only-r005-20260818T023905Z,loan_to_aml,3,186,200,17.399500,
segmentation_only,5,3,perf-segmentation_only-r005-20260818T023905Z,loan_to_aml,3,187,200,18.181300,
segmentation_only,5,3,perf-segmentation_only-r005-20260818T023905Z,loan_to_aml,3,188,200,17.190600,
segmentation_only,5,3,perf-segmentation_only-r005-20260818T023905Z,loan_to_aml,3,189,200,21.797900,
segmentation_only,5,3,perf-segmentation_only-r005-20260818T023905Z,loan_to_aml,3,190,200,24.900800,
segmentation_only,5,3,perf-segmentation_only-r005-20260818T023905Z,loan_to_aml,3,191,200,16.958600,
segmentation_only,5,3,perf-segmentation_only-r005-20260818T023905Z,loan_to_aml,3,192,200,17.854900,
segmentation_only,5,3,perf-segmentation_only-r005-20260818T023905Z,loan_to_aml,3,193,200,17.238500,
segmentation_only,5,3,perf-segmentation_only-r005-20260818T023905Z,loan_to_aml,3,194,200,17.202700,
segmentation_only,5,3,perf-segmentation_only-r005-20260818T023905Z,loan_to_aml,3,195,200,17.008900,
segmentation_only,5,3,perf-segmentation_only-r005-20260818T023905Z,loan_to_aml,3,196,200,16.358100,
segmentation_only,5,3,perf-segmentation_only-r005-20260818T023905Z,loan_to_aml,3,197,200,16.452100,
segmentation_only,5,3,perf-segmentation_only-r005-20260818T023905Z,loan_to_aml,3,198,200,15.995700,
segmentation_only,5,3,perf-segmentation_only-r005-20260818T023905Z,loan_to_aml,3,199,200,15.984900,
segmentation_only,5,3,perf-segmentation_only-r005-20260818T023905Z,loan_to_aml,3,200,200,16.060500,
segmentation_only,5,3,perf-segmentation_only-r005-20260818T023905Z,loan_to_approval,1,1,200,15.631600,
segmentation_only,5,3,perf-segmentation_only-r005-20260818T023905Z,loan_to_approval,1,2,200,15.748400,
segmentation_only,5,3,perf-segmentation_only-r005-20260818T023905Z,loan_to_approval,1,3,200,15.065500,
segmentation_only,5,3,perf-segmentation_only-r005-20260818T023905Z,loan_to_approval,1,4,200,15.965300,
segmentation_only,5,3,perf-segmentation_only-r005-20260818T023905Z,loan_to_approval,1,5,200,15.914700,
segmentation_only,5,3,perf-segmentation_only-r005-20260818T023905Z,loan_to_approval,1,6,200,17.097300,
segmentation_only,5,3,perf-segmentation_only-r005-20260818T023905Z,loan_to_approval,1,7,200,16.060800,
segmentation_only,5,3,perf-segmentation_only-r005-20260818T023905Z,loan_to_approval,1,8,200,16.211000,
segmentation_only,5,3,perf-segmentation_only-r005-20260818T023905Z,loan_to_approval,1,9,200,16.935400,
segmentation_only,5,3,perf-segmentation_only-r005-20260818T023905Z,loan_to_approval,1,10,200,16.015700,
segmentation_only,5,3,perf-segmentation_only-r005-20260818T023905Z,loan_to_approval,1,11,200,16.043100,
segmentation_only,5,3,perf-segmentation_only-r005-20260818T023905Z,loan_to_approval,1,12,200,16.100500,
segmentation_only,5,3,perf-segmentation_only-r005-20260818T023905Z,loan_to_approval,1,13,200,17.083100,
segmentation_only,5,3,perf-segmentation_only-r005-20260818T023905Z,loan_to_approval,1,14,200,16.660500,
segmentation_only,5,3,perf-segmentation_only-r005-20260818T023905Z,loan_to_approval,1,15,200,15.915000,
segmentation_only,5,3,perf-segmentation_only-r005-20260818T023905Z,loan_to_approval,1,16,200,16.238300,
segmentation_only,5,3,perf-segmentation_only-r005-20260818T023905Z,loan_to_approval,1,17,200,16.587700,
segmentation_only,5,3,perf-segmentation_only-r005-20260818T023905Z,loan_to_approval,1,18,200,16.290000,
segmentation_only,5,3,perf-segmentation_only-r005-20260818T023905Z,loan_to_approval,1,19,200,16.135500,
segmentation_only,5,3,perf-segmentation_only-r005-20260818T023905Z,loan_to_approval,1,20,200,16.874300,
segmentation_only,5,3,perf-segmentation_only-r005-20260818T023905Z,loan_to_approval,1,21,200,16.854900,
segmentation_only,5,3,perf-segmentation_only-r005-20260818T023905Z,loan_to_approval,1,22,200,16.873600,
segmentation_only,5,3,perf-segmentation_only-r005-20260818T023905Z,loan_to_approval,1,23,200,15.591900,
segmentation_only,5,3,perf-segmentation_only-r005-20260818T023905Z,loan_to_approval,1,24,200,16.335800,
segmentation_only,5,3,perf-segmentation_only-r005-20260818T023905Z,loan_to_approval,1,25,200,17.329600,
segmentation_only,5,3,perf-segmentation_only-r005-20260818T023905Z,loan_to_approval,1,26,200,16.969700,
segmentation_only,5,3,perf-segmentation_only-r005-20260818T023905Z,loan_to_approval,1,27,200,16.827600,
segmentation_only,5,3,perf-segmentation_only-r005-20260818T023905Z,loan_to_approval,1,28,200,15.745000,
segmentation_only,5,3,perf-segmentation_only-r005-20260818T023905Z,loan_to_approval,1,29,200,16.229000,
segmentation_only,5,3,perf-segmentation_only-r005-20260818T023905Z,loan_to_approval,1,30,200,15.820800,
segmentation_only,5,3,perf-segmentation_only-r005-20260818T023905Z,loan_to_approval,1,31,200,16.462700,
segmentation_only,5,3,perf-segmentation_only-r005-20260818T023905Z,loan_to_approval,1,32,200,16.158000,
segmentation_only,5,3,perf-segmentation_only-r005-20260818T023905Z,loan_to_approval,1,33,200,16.143700,
segmentation_only,5,3,perf-segmentation_only-r005-20260818T023905Z,loan_to_approval,1,34,200,16.113800,
segmentation_only,5,3,perf-segmentation_only-r005-20260818T023905Z,loan_to_approval,1,35,200,15.797300,
segmentation_only,5,3,perf-segmentation_only-r005-20260818T023905Z,loan_to_approval,1,36,200,16.347700,
segmentation_only,5,3,perf-segmentation_only-r005-20260818T023905Z,loan_to_approval,1,37,200,15.767000,
segmentation_only,5,3,perf-segmentation_only-r005-20260818T023905Z,loan_to_approval,1,38,200,15.967700,
segmentation_only,5,3,perf-segmentation_only-r005-20260818T023905Z,loan_to_approval,1,39,200,17.104200,
segmentation_only,5,3,perf-segmentation_only-r005-20260818T023905Z,loan_to_approval,1,40,200,15.658500,
segmentation_only,5,3,perf-segmentation_only-r005-20260818T023905Z,loan_to_approval,1,41,200,16.028400,
segmentation_only,5,3,perf-segmentation_only-r005-20260818T023905Z,loan_to_approval,1,42,200,16.151700,
segmentation_only,5,3,perf-segmentation_only-r005-20260818T023905Z,loan_to_approval,1,43,200,16.796000,
segmentation_only,5,3,perf-segmentation_only-r005-20260818T023905Z,loan_to_approval,1,44,200,16.716500,
segmentation_only,5,3,perf-segmentation_only-r005-20260818T023905Z,loan_to_approval,1,45,200,15.917300,
segmentation_only,5,3,perf-segmentation_only-r005-20260818T023905Z,loan_to_approval,1,46,200,16.906100,
segmentation_only,5,3,perf-segmentation_only-r005-20260818T023905Z,loan_to_approval,1,47,200,15.295000,
segmentation_only,5,3,perf-segmentation_only-r005-20260818T023905Z,loan_to_approval,1,48,200,15.378800,
segmentation_only,5,3,perf-segmentation_only-r005-20260818T023905Z,loan_to_approval,1,49,200,15.645900,
segmentation_only,5,3,perf-segmentation_only-r005-20260818T023905Z,loan_to_approval,1,50,200,16.221000,
segmentation_only,5,3,perf-segmentation_only-r005-20260818T023905Z,loan_to_approval,1,51,200,17.070300,
segmentation_only,5,3,perf-segmentation_only-r005-20260818T023905Z,loan_to_approval,1,52,200,15.925100,
segmentation_only,5,3,perf-segmentation_only-r005-20260818T023905Z,loan_to_approval,1,53,200,15.719900,
segmentation_only,5,3,perf-segmentation_only-r005-20260818T023905Z,loan_to_approval,1,54,200,16.494300,
segmentation_only,5,3,perf-segmentation_only-r005-20260818T023905Z,loan_to_approval,1,55,200,15.853200,
segmentation_only,5,3,perf-segmentation_only-r005-20260818T023905Z,loan_to_approval,1,56,200,15.851700,
segmentation_only,5,3,perf-segmentation_only-r005-20260818T023905Z,loan_to_approval,1,57,200,15.882700,
segmentation_only,5,3,perf-segmentation_only-r005-20260818T023905Z,loan_to_approval,1,58,200,16.248400,
segmentation_only,5,3,perf-segmentation_only-r005-20260818T023905Z,loan_to_approval,1,59,200,16.102700,
segmentation_only,5,3,perf-segmentation_only-r005-20260818T023905Z,loan_to_approval,1,60,200,15.472000,
segmentation_only,5,3,perf-segmentation_only-r005-20260818T023905Z,loan_to_approval,1,61,200,16.585800,
segmentation_only,5,3,perf-segmentation_only-r005-20260818T023905Z,loan_to_approval,1,62,200,16.371000,
segmentation_only,5,3,perf-segmentation_only-r005-20260818T023905Z,loan_to_approval,1,63,200,16.254600,
segmentation_only,5,3,perf-segmentation_only-r005-20260818T023905Z,loan_to_approval,1,64,200,15.714900,
segmentation_only,5,3,perf-segmentation_only-r005-20260818T023905Z,loan_to_approval,1,65,200,15.829000,
segmentation_only,5,3,perf-segmentation_only-r005-20260818T023905Z,loan_to_approval,1,66,200,16.471700,
segmentation_only,5,3,perf-segmentation_only-r005-20260818T023905Z,loan_to_approval,1,67,200,16.519800,
segmentation_only,5,3,perf-segmentation_only-r005-20260818T023905Z,loan_to_approval,1,68,200,16.560700,
segmentation_only,5,3,perf-segmentation_only-r005-20260818T023905Z,loan_to_approval,1,69,200,15.626600,
segmentation_only,5,3,perf-segmentation_only-r005-20260818T023905Z,loan_to_approval,1,70,200,17.333000,
segmentation_only,5,3,perf-segmentation_only-r005-20260818T023905Z,loan_to_approval,1,71,200,15.682400,
segmentation_only,5,3,perf-segmentation_only-r005-20260818T023905Z,loan_to_approval,1,72,200,14.677300,
segmentation_only,5,3,perf-segmentation_only-r005-20260818T023905Z,loan_to_approval,1,73,200,16.209300,
segmentation_only,5,3,perf-segmentation_only-r005-20260818T023905Z,loan_to_approval,1,74,200,15.956600,
segmentation_only,5,3,perf-segmentation_only-r005-20260818T023905Z,loan_to_approval,1,75,200,16.105100,
segmentation_only,5,3,perf-segmentation_only-r005-20260818T023905Z,loan_to_approval,1,76,200,16.231100,
segmentation_only,5,3,perf-segmentation_only-r005-20260818T023905Z,loan_to_approval,1,77,200,15.573900,
segmentation_only,5,3,perf-segmentation_only-r005-20260818T023905Z,loan_to_approval,1,78,200,15.771100,
segmentation_only,5,3,perf-segmentation_only-r005-20260818T023905Z,loan_to_approval,1,79,200,16.218900,
segmentation_only,5,3,perf-segmentation_only-r005-20260818T023905Z,loan_to_approval,1,80,200,15.937100,
segmentation_only,5,3,perf-segmentation_only-r005-20260818T023905Z,loan_to_approval,1,81,200,16.102900,
segmentation_only,5,3,perf-segmentation_only-r005-20260818T023905Z,loan_to_approval,1,82,200,16.444400,
segmentation_only,5,3,perf-segmentation_only-r005-20260818T023905Z,loan_to_approval,1,83,200,17.652800,
segmentation_only,5,3,perf-segmentation_only-r005-20260818T023905Z,loan_to_approval,1,84,200,16.968000,
segmentation_only,5,3,perf-segmentation_only-r005-20260818T023905Z,loan_to_approval,1,85,200,17.085100,
segmentation_only,5,3,perf-segmentation_only-r005-20260818T023905Z,loan_to_approval,1,86,200,16.271400,
segmentation_only,5,3,perf-segmentation_only-r005-20260818T023905Z,loan_to_approval,1,87,200,16.672700,
segmentation_only,5,3,perf-segmentation_only-r005-20260818T023905Z,loan_to_approval,1,88,200,17.246300,
segmentation_only,5,3,perf-segmentation_only-r005-20260818T023905Z,loan_to_approval,1,89,200,16.343400,
segmentation_only,5,3,perf-segmentation_only-r005-20260818T023905Z,loan_to_approval,1,90,200,16.367600,
segmentation_only,5,3,perf-segmentation_only-r005-20260818T023905Z,loan_to_approval,1,91,200,17.249400,
segmentation_only,5,3,perf-segmentation_only-r005-20260818T023905Z,loan_to_approval,1,92,200,16.298900,
segmentation_only,5,3,perf-segmentation_only-r005-20260818T023905Z,loan_to_approval,1,93,200,15.933200,
segmentation_only,5,3,perf-segmentation_only-r005-20260818T023905Z,loan_to_approval,1,94,200,16.071900,
segmentation_only,5,3,perf-segmentation_only-r005-20260818T023905Z,loan_to_approval,1,95,200,16.095400,
segmentation_only,5,3,perf-segmentation_only-r005-20260818T023905Z,loan_to_approval,1,96,200,15.587300,
segmentation_only,5,3,perf-segmentation_only-r005-20260818T023905Z,loan_to_approval,1,97,200,15.061500,
segmentation_only,5,3,perf-segmentation_only-r005-20260818T023905Z,loan_to_approval,1,98,200,15.968600,
segmentation_only,5,3,perf-segmentation_only-r005-20260818T023905Z,loan_to_approval,1,99,200,17.276100,
segmentation_only,5,3,perf-segmentation_only-r005-20260818T023905Z,loan_to_approval,1,100,200,17.242600,
segmentation_only,5,3,perf-segmentation_only-r005-20260818T023905Z,loan_to_approval,1,101,200,16.057200,
segmentation_only,5,3,perf-segmentation_only-r005-20260818T023905Z,loan_to_approval,1,102,200,16.586800,
segmentation_only,5,3,perf-segmentation_only-r005-20260818T023905Z,loan_to_approval,1,103,200,15.837400,
segmentation_only,5,3,perf-segmentation_only-r005-20260818T023905Z,loan_to_approval,1,104,200,16.294800,
segmentation_only,5,3,perf-segmentation_only-r005-20260818T023905Z,loan_to_approval,1,105,200,15.838700,
segmentation_only,5,3,perf-segmentation_only-r005-20260818T023905Z,loan_to_approval,1,106,200,15.996100,
segmentation_only,5,3,perf-segmentation_only-r005-20260818T023905Z,loan_to_approval,1,107,200,15.847400,
segmentation_only,5,3,perf-segmentation_only-r005-20260818T023905Z,loan_to_approval,1,108,200,15.012300,
segmentation_only,5,3,perf-segmentation_only-r005-20260818T023905Z,loan_to_approval,1,109,200,15.874000,
segmentation_only,5,3,perf-segmentation_only-r005-20260818T023905Z,loan_to_approval,1,110,200,16.281800,
segmentation_only,5,3,perf-segmentation_only-r005-20260818T023905Z,loan_to_approval,1,111,200,15.741500,
segmentation_only,5,3,perf-segmentation_only-r005-20260818T023905Z,loan_to_approval,1,112,200,16.004500,
segmentation_only,5,3,perf-segmentation_only-r005-20260818T023905Z,loan_to_approval,1,113,200,17.487700,
segmentation_only,5,3,perf-segmentation_only-r005-20260818T023905Z,loan_to_approval,1,114,200,16.572100,
segmentation_only,5,3,perf-segmentation_only-r005-20260818T023905Z,loan_to_approval,1,115,200,15.766700,
segmentation_only,5,3,perf-segmentation_only-r005-20260818T023905Z,loan_to_approval,1,116,200,16.239300,
segmentation_only,5,3,perf-segmentation_only-r005-20260818T023905Z,loan_to_approval,1,117,200,16.320200,
segmentation_only,5,3,perf-segmentation_only-r005-20260818T023905Z,loan_to_approval,1,118,200,18.727400,
segmentation_only,5,3,perf-segmentation_only-r005-20260818T023905Z,loan_to_approval,1,119,200,16.401300,
segmentation_only,5,3,perf-segmentation_only-r005-20260818T023905Z,loan_to_approval,1,120,200,16.293800,
segmentation_only,5,3,perf-segmentation_only-r005-20260818T023905Z,loan_to_approval,1,121,200,16.851500,
segmentation_only,5,3,perf-segmentation_only-r005-20260818T023905Z,loan_to_approval,1,122,200,16.300100,
segmentation_only,5,3,perf-segmentation_only-r005-20260818T023905Z,loan_to_approval,1,123,200,15.755300,
segmentation_only,5,3,perf-segmentation_only-r005-20260818T023905Z,loan_to_approval,1,124,200,16.229500,
segmentation_only,5,3,perf-segmentation_only-r005-20260818T023905Z,loan_to_approval,1,125,200,16.398200,
segmentation_only,5,3,perf-segmentation_only-r005-20260818T023905Z,loan_to_approval,1,126,200,16.689300,
segmentation_only,5,3,perf-segmentation_only-r005-20260818T023905Z,loan_to_approval,1,127,200,15.817300,
segmentation_only,5,3,perf-segmentation_only-r005-20260818T023905Z,loan_to_approval,1,128,200,15.408900,
segmentation_only,5,3,perf-segmentation_only-r005-20260818T023905Z,loan_to_approval,1,129,200,15.239400,
segmentation_only,5,3,perf-segmentation_only-r005-20260818T023905Z,loan_to_approval,1,130,200,15.922700,
segmentation_only,5,3,perf-segmentation_only-r005-20260818T023905Z,loan_to_approval,1,131,200,15.145300,
segmentation_only,5,3,perf-segmentation_only-r005-20260818T023905Z,loan_to_approval,1,132,200,15.897500,
segmentation_only,5,3,perf-segmentation_only-r005-20260818T023905Z,loan_to_approval,1,133,200,16.280700,
segmentation_only,5,3,perf-segmentation_only-r005-20260818T023905Z,loan_to_approval,1,134,200,15.755200,
segmentation_only,5,3,perf-segmentation_only-r005-20260818T023905Z,loan_to_approval,1,135,200,15.834900,
segmentation_only,5,3,perf-segmentation_only-r005-20260818T023905Z,loan_to_approval,1,136,200,16.230000,
segmentation_only,5,3,perf-segmentation_only-r005-20260818T023905Z,loan_to_approval,1,137,200,15.900700,
segmentation_only,5,3,perf-segmentation_only-r005-20260818T023905Z,loan_to_approval,1,138,200,15.993300,
segmentation_only,5,3,perf-segmentation_only-r005-20260818T023905Z,loan_to_approval,1,139,200,16.095500,
segmentation_only,5,3,perf-segmentation_only-r005-20260818T023905Z,loan_to_approval,1,140,200,15.780300,
segmentation_only,5,3,perf-segmentation_only-r005-20260818T023905Z,loan_to_approval,1,141,200,15.075300,
segmentation_only,5,3,perf-segmentation_only-r005-20260818T023905Z,loan_to_approval,1,142,200,16.004000,
segmentation_only,5,3,perf-segmentation_only-r005-20260818T023905Z,loan_to_approval,1,143,200,15.838800,
segmentation_only,5,3,perf-segmentation_only-r005-20260818T023905Z,loan_to_approval,1,144,200,15.923600,
segmentation_only,5,3,perf-segmentation_only-r005-20260818T023905Z,loan_to_approval,1,145,200,16.223300,
segmentation_only,5,3,perf-segmentation_only-r005-20260818T023905Z,loan_to_approval,1,146,200,16.088700,
segmentation_only,5,3,perf-segmentation_only-r005-20260818T023905Z,loan_to_approval,1,147,200,16.761400,
segmentation_only,5,3,perf-segmentation_only-r005-20260818T023905Z,loan_to_approval,1,148,200,16.508600,
segmentation_only,5,3,perf-segmentation_only-r005-20260818T023905Z,loan_to_approval,1,149,200,16.636400,
segmentation_only,5,3,perf-segmentation_only-r005-20260818T023905Z,loan_to_approval,1,150,200,17.103800,
segmentation_only,5,3,perf-segmentation_only-r005-20260818T023905Z,loan_to_approval,1,151,200,15.754300,
segmentation_only,5,3,perf-segmentation_only-r005-20260818T023905Z,loan_to_approval,1,152,200,14.492900,
segmentation_only,5,3,perf-segmentation_only-r005-20260818T023905Z,loan_to_approval,1,153,200,15.370000,
segmentation_only,5,3,perf-segmentation_only-r005-20260818T023905Z,loan_to_approval,1,154,200,16.099300,
segmentation_only,5,3,perf-segmentation_only-r005-20260818T023905Z,loan_to_approval,1,155,200,15.910900,
segmentation_only,5,3,perf-segmentation_only-r005-20260818T023905Z,loan_to_approval,1,156,200,15.973600,
segmentation_only,5,3,perf-segmentation_only-r005-20260818T023905Z,loan_to_approval,1,157,200,16.227300,
segmentation_only,5,3,perf-segmentation_only-r005-20260818T023905Z,loan_to_approval,1,158,200,15.616700,
segmentation_only,5,3,perf-segmentation_only-r005-20260818T023905Z,loan_to_approval,1,159,200,15.415000,
segmentation_only,5,3,perf-segmentation_only-r005-20260818T023905Z,loan_to_approval,1,160,200,16.846100,
segmentation_only,5,3,perf-segmentation_only-r005-20260818T023905Z,loan_to_approval,1,161,200,16.742800,
segmentation_only,5,3,perf-segmentation_only-r005-20260818T023905Z,loan_to_approval,1,162,200,17.167300,
segmentation_only,5,3,perf-segmentation_only-r005-20260818T023905Z,loan_to_approval,1,163,200,15.708500,
segmentation_only,5,3,perf-segmentation_only-r005-20260818T023905Z,loan_to_approval,1,164,200,15.750500,
segmentation_only,5,3,perf-segmentation_only-r005-20260818T023905Z,loan_to_approval,1,165,200,16.081900,
segmentation_only,5,3,perf-segmentation_only-r005-20260818T023905Z,loan_to_approval,1,166,200,15.900200,
segmentation_only,5,3,perf-segmentation_only-r005-20260818T023905Z,loan_to_approval,1,167,200,15.811700,
segmentation_only,5,3,perf-segmentation_only-r005-20260818T023905Z,loan_to_approval,1,168,200,16.170000,
segmentation_only,5,3,perf-segmentation_only-r005-20260818T023905Z,loan_to_approval,1,169,200,16.017200,
segmentation_only,5,3,perf-segmentation_only-r005-20260818T023905Z,loan_to_approval,1,170,200,16.057200,
segmentation_only,5,3,perf-segmentation_only-r005-20260818T023905Z,loan_to_approval,1,171,200,15.628000,
segmentation_only,5,3,perf-segmentation_only-r005-20260818T023905Z,loan_to_approval,1,172,200,16.713400,
segmentation_only,5,3,perf-segmentation_only-r005-20260818T023905Z,loan_to_approval,1,173,200,16.051200,
segmentation_only,5,3,perf-segmentation_only-r005-20260818T023905Z,loan_to_approval,1,174,200,15.637700,
segmentation_only,5,3,perf-segmentation_only-r005-20260818T023905Z,loan_to_approval,1,175,200,16.957800,
segmentation_only,5,3,perf-segmentation_only-r005-20260818T023905Z,loan_to_approval,1,176,200,16.164800,
segmentation_only,5,3,perf-segmentation_only-r005-20260818T023905Z,loan_to_approval,1,177,200,15.717800,
segmentation_only,5,3,perf-segmentation_only-r005-20260818T023905Z,loan_to_approval,1,178,200,16.093300,
segmentation_only,5,3,perf-segmentation_only-r005-20260818T023905Z,loan_to_approval,1,179,200,15.757600,
segmentation_only,5,3,perf-segmentation_only-r005-20260818T023905Z,loan_to_approval,1,180,200,16.222600,
segmentation_only,5,3,perf-segmentation_only-r005-20260818T023905Z,loan_to_approval,1,181,200,15.860000,
segmentation_only,5,3,perf-segmentation_only-r005-20260818T023905Z,loan_to_approval,1,182,200,15.973300,
segmentation_only,5,3,perf-segmentation_only-r005-20260818T023905Z,loan_to_approval,1,183,200,16.748200,
segmentation_only,5,3,perf-segmentation_only-r005-20260818T023905Z,loan_to_approval,1,184,200,15.738800,
segmentation_only,5,3,perf-segmentation_only-r005-20260818T023905Z,loan_to_approval,1,185,200,14.911700,
segmentation_only,5,3,perf-segmentation_only-r005-20260818T023905Z,loan_to_approval,1,186,200,15.264700,
segmentation_only,5,3,perf-segmentation_only-r005-20260818T023905Z,loan_to_approval,1,187,200,16.191000,
segmentation_only,5,3,perf-segmentation_only-r005-20260818T023905Z,loan_to_approval,1,188,200,16.127700,
segmentation_only,5,3,perf-segmentation_only-r005-20260818T023905Z,loan_to_approval,1,189,200,16.038000,
segmentation_only,5,3,perf-segmentation_only-r005-20260818T023905Z,loan_to_approval,1,190,200,15.895900,
segmentation_only,5,3,perf-segmentation_only-r005-20260818T023905Z,loan_to_approval,1,191,200,16.693700,
segmentation_only,5,3,perf-segmentation_only-r005-20260818T023905Z,loan_to_approval,1,192,200,16.121900,
segmentation_only,5,3,perf-segmentation_only-r005-20260818T023905Z,loan_to_approval,1,193,200,15.901400,
segmentation_only,5,3,perf-segmentation_only-r005-20260818T023905Z,loan_to_approval,1,194,200,16.001300,
segmentation_only,5,3,perf-segmentation_only-r005-20260818T023905Z,loan_to_approval,1,195,200,15.731600,
segmentation_only,5,3,perf-segmentation_only-r005-20260818T023905Z,loan_to_approval,1,196,200,16.252100,
segmentation_only,5,3,perf-segmentation_only-r005-20260818T023905Z,loan_to_approval,1,197,200,15.799300,
segmentation_only,5,3,perf-segmentation_only-r005-20260818T023905Z,loan_to_approval,1,198,200,15.957000,
segmentation_only,5,3,perf-segmentation_only-r005-20260818T023905Z,loan_to_approval,1,199,200,16.186600,
segmentation_only,5,3,perf-segmentation_only-r005-20260818T023905Z,loan_to_approval,1,200,200,15.573600,
segmentation_only,5,3,perf-segmentation_only-r005-20260818T023905Z,loan_to_approval,2,1,200,16.731900,
segmentation_only,5,3,perf-segmentation_only-r005-20260818T023905Z,loan_to_approval,2,2,200,15.620500,
segmentation_only,5,3,perf-segmentation_only-r005-20260818T023905Z,loan_to_approval,2,3,200,15.981500,
segmentation_only,5,3,perf-segmentation_only-r005-20260818T023905Z,loan_to_approval,2,4,200,14.933000,
segmentation_only,5,3,perf-segmentation_only-r005-20260818T023905Z,loan_to_approval,2,5,200,15.964400,
segmentation_only,5,3,perf-segmentation_only-r005-20260818T023905Z,loan_to_approval,2,6,200,15.711000,
segmentation_only,5,3,perf-segmentation_only-r005-20260818T023905Z,loan_to_approval,2,7,200,16.023600,
segmentation_only,5,3,perf-segmentation_only-r005-20260818T023905Z,loan_to_approval,2,8,200,16.681100,
segmentation_only,5,3,perf-segmentation_only-r005-20260818T023905Z,loan_to_approval,2,9,200,17.452200,
segmentation_only,5,3,perf-segmentation_only-r005-20260818T023905Z,loan_to_approval,2,10,200,17.966800,
segmentation_only,5,3,perf-segmentation_only-r005-20260818T023905Z,loan_to_approval,2,11,200,18.032600,
segmentation_only,5,3,perf-segmentation_only-r005-20260818T023905Z,loan_to_approval,2,12,200,22.060300,
segmentation_only,5,3,perf-segmentation_only-r005-20260818T023905Z,loan_to_approval,2,13,200,19.951400,
segmentation_only,5,3,perf-segmentation_only-r005-20260818T023905Z,loan_to_approval,2,14,200,19.838900,
segmentation_only,5,3,perf-segmentation_only-r005-20260818T023905Z,loan_to_approval,2,15,200,19.966600,
segmentation_only,5,3,perf-segmentation_only-r005-20260818T023905Z,loan_to_approval,2,16,200,19.822200,
segmentation_only,5,3,perf-segmentation_only-r005-20260818T023905Z,loan_to_approval,2,17,200,16.506900,
segmentation_only,5,3,perf-segmentation_only-r005-20260818T023905Z,loan_to_approval,2,18,200,17.007700,
segmentation_only,5,3,perf-segmentation_only-r005-20260818T023905Z,loan_to_approval,2,19,200,16.015500,
segmentation_only,5,3,perf-segmentation_only-r005-20260818T023905Z,loan_to_approval,2,20,200,15.992600,
segmentation_only,5,3,perf-segmentation_only-r005-20260818T023905Z,loan_to_approval,2,21,200,16.384000,
segmentation_only,5,3,perf-segmentation_only-r005-20260818T023905Z,loan_to_approval,2,22,200,16.991400,
segmentation_only,5,3,perf-segmentation_only-r005-20260818T023905Z,loan_to_approval,2,23,200,17.219100,
segmentation_only,5,3,perf-segmentation_only-r005-20260818T023905Z,loan_to_approval,2,24,200,16.498300,
segmentation_only,5,3,perf-segmentation_only-r005-20260818T023905Z,loan_to_approval,2,25,200,16.613300,
segmentation_only,5,3,perf-segmentation_only-r005-20260818T023905Z,loan_to_approval,2,26,200,16.115200,
segmentation_only,5,3,perf-segmentation_only-r005-20260818T023905Z,loan_to_approval,2,27,200,16.780600,
segmentation_only,5,3,perf-segmentation_only-r005-20260818T023905Z,loan_to_approval,2,28,200,15.942000,
segmentation_only,5,3,perf-segmentation_only-r005-20260818T023905Z,loan_to_approval,2,29,200,16.292800,
segmentation_only,5,3,perf-segmentation_only-r005-20260818T023905Z,loan_to_approval,2,30,200,15.562300,
segmentation_only,5,3,perf-segmentation_only-r005-20260818T023905Z,loan_to_approval,2,31,200,16.528100,
segmentation_only,5,3,perf-segmentation_only-r005-20260818T023905Z,loan_to_approval,2,32,200,15.683100,
segmentation_only,5,3,perf-segmentation_only-r005-20260818T023905Z,loan_to_approval,2,33,200,15.863700,
segmentation_only,5,3,perf-segmentation_only-r005-20260818T023905Z,loan_to_approval,2,34,200,16.118300,
segmentation_only,5,3,perf-segmentation_only-r005-20260818T023905Z,loan_to_approval,2,35,200,16.051900,
segmentation_only,5,3,perf-segmentation_only-r005-20260818T023905Z,loan_to_approval,2,36,200,19.559900,
segmentation_only,5,3,perf-segmentation_only-r005-20260818T023905Z,loan_to_approval,2,37,200,17.279000,
segmentation_only,5,3,perf-segmentation_only-r005-20260818T023905Z,loan_to_approval,2,38,200,17.564600,
segmentation_only,5,3,perf-segmentation_only-r005-20260818T023905Z,loan_to_approval,2,39,200,17.085500,
segmentation_only,5,3,perf-segmentation_only-r005-20260818T023905Z,loan_to_approval,2,40,200,16.372000,
segmentation_only,5,3,perf-segmentation_only-r005-20260818T023905Z,loan_to_approval,2,41,200,17.276500,
segmentation_only,5,3,perf-segmentation_only-r005-20260818T023905Z,loan_to_approval,2,42,200,16.378000,
segmentation_only,5,3,perf-segmentation_only-r005-20260818T023905Z,loan_to_approval,2,43,200,16.884400,
segmentation_only,5,3,perf-segmentation_only-r005-20260818T023905Z,loan_to_approval,2,44,200,17.110100,
segmentation_only,5,3,perf-segmentation_only-r005-20260818T023905Z,loan_to_approval,2,45,200,16.582300,
segmentation_only,5,3,perf-segmentation_only-r005-20260818T023905Z,loan_to_approval,2,46,200,16.566900,
segmentation_only,5,3,perf-segmentation_only-r005-20260818T023905Z,loan_to_approval,2,47,200,16.895400,
segmentation_only,5,3,perf-segmentation_only-r005-20260818T023905Z,loan_to_approval,2,48,200,17.378000,
segmentation_only,5,3,perf-segmentation_only-r005-20260818T023905Z,loan_to_approval,2,49,200,17.348900,
segmentation_only,5,3,perf-segmentation_only-r005-20260818T023905Z,loan_to_approval,2,50,200,16.170100,
segmentation_only,5,3,perf-segmentation_only-r005-20260818T023905Z,loan_to_approval,2,51,200,16.290900,
segmentation_only,5,3,perf-segmentation_only-r005-20260818T023905Z,loan_to_approval,2,52,200,16.976800,
segmentation_only,5,3,perf-segmentation_only-r005-20260818T023905Z,loan_to_approval,2,53,200,16.751100,
segmentation_only,5,3,perf-segmentation_only-r005-20260818T023905Z,loan_to_approval,2,54,200,16.473800,
segmentation_only,5,3,perf-segmentation_only-r005-20260818T023905Z,loan_to_approval,2,55,200,16.506400,
segmentation_only,5,3,perf-segmentation_only-r005-20260818T023905Z,loan_to_approval,2,56,200,15.756100,
segmentation_only,5,3,perf-segmentation_only-r005-20260818T023905Z,loan_to_approval,2,57,200,16.167700,
segmentation_only,5,3,perf-segmentation_only-r005-20260818T023905Z,loan_to_approval,2,58,200,15.881500,
segmentation_only,5,3,perf-segmentation_only-r005-20260818T023905Z,loan_to_approval,2,59,200,16.817900,
segmentation_only,5,3,perf-segmentation_only-r005-20260818T023905Z,loan_to_approval,2,60,200,17.439800,
segmentation_only,5,3,perf-segmentation_only-r005-20260818T023905Z,loan_to_approval,2,61,200,20.057600,
segmentation_only,5,3,perf-segmentation_only-r005-20260818T023905Z,loan_to_approval,2,62,200,15.588300,
segmentation_only,5,3,perf-segmentation_only-r005-20260818T023905Z,loan_to_approval,2,63,200,16.841100,
segmentation_only,5,3,perf-segmentation_only-r005-20260818T023905Z,loan_to_approval,2,64,200,17.080000,
segmentation_only,5,3,perf-segmentation_only-r005-20260818T023905Z,loan_to_approval,2,65,200,16.034300,
segmentation_only,5,3,perf-segmentation_only-r005-20260818T023905Z,loan_to_approval,2,66,200,16.450000,
segmentation_only,5,3,perf-segmentation_only-r005-20260818T023905Z,loan_to_approval,2,67,200,16.495900,
segmentation_only,5,3,perf-segmentation_only-r005-20260818T023905Z,loan_to_approval,2,68,200,16.528800,
segmentation_only,5,3,perf-segmentation_only-r005-20260818T023905Z,loan_to_approval,2,69,200,17.094400,
segmentation_only,5,3,perf-segmentation_only-r005-20260818T023905Z,loan_to_approval,2,70,200,16.396500,
segmentation_only,5,3,perf-segmentation_only-r005-20260818T023905Z,loan_to_approval,2,71,200,16.214900,
segmentation_only,5,3,perf-segmentation_only-r005-20260818T023905Z,loan_to_approval,2,72,200,17.181600,
segmentation_only,5,3,perf-segmentation_only-r005-20260818T023905Z,loan_to_approval,2,73,200,16.194000,
segmentation_only,5,3,perf-segmentation_only-r005-20260818T023905Z,loan_to_approval,2,74,200,16.508600,
segmentation_only,5,3,perf-segmentation_only-r005-20260818T023905Z,loan_to_approval,2,75,200,17.924100,
segmentation_only,5,3,perf-segmentation_only-r005-20260818T023905Z,loan_to_approval,2,76,200,21.063700,
segmentation_only,5,3,perf-segmentation_only-r005-20260818T023905Z,loan_to_approval,2,77,200,17.937900,
segmentation_only,5,3,perf-segmentation_only-r005-20260818T023905Z,loan_to_approval,2,78,200,17.540000,
segmentation_only,5,3,perf-segmentation_only-r005-20260818T023905Z,loan_to_approval,2,79,200,18.599300,
segmentation_only,5,3,perf-segmentation_only-r005-20260818T023905Z,loan_to_approval,2,80,200,18.224400,
segmentation_only,5,3,perf-segmentation_only-r005-20260818T023905Z,loan_to_approval,2,81,200,17.892800,
segmentation_only,5,3,perf-segmentation_only-r005-20260818T023905Z,loan_to_approval,2,82,200,17.443000,
segmentation_only,5,3,perf-segmentation_only-r005-20260818T023905Z,loan_to_approval,2,83,200,16.163600,
segmentation_only,5,3,perf-segmentation_only-r005-20260818T023905Z,loan_to_approval,2,84,200,17.219300,
segmentation_only,5,3,perf-segmentation_only-r005-20260818T023905Z,loan_to_approval,2,85,200,16.518200,
segmentation_only,5,3,perf-segmentation_only-r005-20260818T023905Z,loan_to_approval,2,86,200,17.441200,
segmentation_only,5,3,perf-segmentation_only-r005-20260818T023905Z,loan_to_approval,2,87,200,16.448700,
segmentation_only,5,3,perf-segmentation_only-r005-20260818T023905Z,loan_to_approval,2,88,200,15.907100,
segmentation_only,5,3,perf-segmentation_only-r005-20260818T023905Z,loan_to_approval,2,89,200,15.991400,
segmentation_only,5,3,perf-segmentation_only-r005-20260818T023905Z,loan_to_approval,2,90,200,16.367200,
segmentation_only,5,3,perf-segmentation_only-r005-20260818T023905Z,loan_to_approval,2,91,200,16.722900,
segmentation_only,5,3,perf-segmentation_only-r005-20260818T023905Z,loan_to_approval,2,92,200,15.955900,
segmentation_only,5,3,perf-segmentation_only-r005-20260818T023905Z,loan_to_approval,2,93,200,15.681200,
segmentation_only,5,3,perf-segmentation_only-r005-20260818T023905Z,loan_to_approval,2,94,200,15.980500,
segmentation_only,5,3,perf-segmentation_only-r005-20260818T023905Z,loan_to_approval,2,95,200,16.162800,
segmentation_only,5,3,perf-segmentation_only-r005-20260818T023905Z,loan_to_approval,2,96,200,17.094300,
segmentation_only,5,3,perf-segmentation_only-r005-20260818T023905Z,loan_to_approval,2,97,200,15.887900,
segmentation_only,5,3,perf-segmentation_only-r005-20260818T023905Z,loan_to_approval,2,98,200,16.115800,
segmentation_only,5,3,perf-segmentation_only-r005-20260818T023905Z,loan_to_approval,2,99,200,15.950900,
segmentation_only,5,3,perf-segmentation_only-r005-20260818T023905Z,loan_to_approval,2,100,200,15.927800,
segmentation_only,5,3,perf-segmentation_only-r005-20260818T023905Z,loan_to_approval,2,101,200,17.359400,
segmentation_only,5,3,perf-segmentation_only-r005-20260818T023905Z,loan_to_approval,2,102,200,15.525700,
segmentation_only,5,3,perf-segmentation_only-r005-20260818T023905Z,loan_to_approval,2,103,200,17.278100,
segmentation_only,5,3,perf-segmentation_only-r005-20260818T023905Z,loan_to_approval,2,104,200,15.789600,
segmentation_only,5,3,perf-segmentation_only-r005-20260818T023905Z,loan_to_approval,2,105,200,15.859800,
segmentation_only,5,3,perf-segmentation_only-r005-20260818T023905Z,loan_to_approval,2,106,200,16.071200,
segmentation_only,5,3,perf-segmentation_only-r005-20260818T023905Z,loan_to_approval,2,107,200,16.016900,
segmentation_only,5,3,perf-segmentation_only-r005-20260818T023905Z,loan_to_approval,2,108,200,17.098600,
segmentation_only,5,3,perf-segmentation_only-r005-20260818T023905Z,loan_to_approval,2,109,200,15.576300,
segmentation_only,5,3,perf-segmentation_only-r005-20260818T023905Z,loan_to_approval,2,110,200,16.248200,
segmentation_only,5,3,perf-segmentation_only-r005-20260818T023905Z,loan_to_approval,2,111,200,15.939800,
segmentation_only,5,3,perf-segmentation_only-r005-20260818T023905Z,loan_to_approval,2,112,200,16.765500,
segmentation_only,5,3,perf-segmentation_only-r005-20260818T023905Z,loan_to_approval,2,113,200,16.180900,
segmentation_only,5,3,perf-segmentation_only-r005-20260818T023905Z,loan_to_approval,2,114,200,16.158400,
segmentation_only,5,3,perf-segmentation_only-r005-20260818T023905Z,loan_to_approval,2,115,200,17.875100,
segmentation_only,5,3,perf-segmentation_only-r005-20260818T023905Z,loan_to_approval,2,116,200,15.829100,
segmentation_only,5,3,perf-segmentation_only-r005-20260818T023905Z,loan_to_approval,2,117,200,14.998800,
segmentation_only,5,3,perf-segmentation_only-r005-20260818T023905Z,loan_to_approval,2,118,200,16.099500,
segmentation_only,5,3,perf-segmentation_only-r005-20260818T023905Z,loan_to_approval,2,119,200,15.883000,
segmentation_only,5,3,perf-segmentation_only-r005-20260818T023905Z,loan_to_approval,2,120,200,15.887000,
segmentation_only,5,3,perf-segmentation_only-r005-20260818T023905Z,loan_to_approval,2,121,200,15.481400,
segmentation_only,5,3,perf-segmentation_only-r005-20260818T023905Z,loan_to_approval,2,122,200,16.767600,
segmentation_only,5,3,perf-segmentation_only-r005-20260818T023905Z,loan_to_approval,2,123,200,15.491100,
segmentation_only,5,3,perf-segmentation_only-r005-20260818T023905Z,loan_to_approval,2,124,200,16.250200,
segmentation_only,5,3,perf-segmentation_only-r005-20260818T023905Z,loan_to_approval,2,125,200,16.173500,
segmentation_only,5,3,perf-segmentation_only-r005-20260818T023905Z,loan_to_approval,2,126,200,15.779400,
segmentation_only,5,3,perf-segmentation_only-r005-20260818T023905Z,loan_to_approval,2,127,200,16.044100,
segmentation_only,5,3,perf-segmentation_only-r005-20260818T023905Z,loan_to_approval,2,128,200,15.799700,
segmentation_only,5,3,perf-segmentation_only-r005-20260818T023905Z,loan_to_approval,2,129,200,16.225800,
segmentation_only,5,3,perf-segmentation_only-r005-20260818T023905Z,loan_to_approval,2,130,200,17.015200,
segmentation_only,5,3,perf-segmentation_only-r005-20260818T023905Z,loan_to_approval,2,131,200,15.404900,
segmentation_only,5,3,perf-segmentation_only-r005-20260818T023905Z,loan_to_approval,2,132,200,16.312400,
segmentation_only,5,3,perf-segmentation_only-r005-20260818T023905Z,loan_to_approval,2,133,200,17.063400,
segmentation_only,5,3,perf-segmentation_only-r005-20260818T023905Z,loan_to_approval,2,134,200,16.499800,
segmentation_only,5,3,perf-segmentation_only-r005-20260818T023905Z,loan_to_approval,2,135,200,15.529600,
segmentation_only,5,3,perf-segmentation_only-r005-20260818T023905Z,loan_to_approval,2,136,200,16.371300,
segmentation_only,5,3,perf-segmentation_only-r005-20260818T023905Z,loan_to_approval,2,137,200,18.558700,
segmentation_only,5,3,perf-segmentation_only-r005-20260818T023905Z,loan_to_approval,2,138,200,22.543100,
segmentation_only,5,3,perf-segmentation_only-r005-20260818T023905Z,loan_to_approval,2,139,200,18.641600,
segmentation_only,5,3,perf-segmentation_only-r005-20260818T023905Z,loan_to_approval,2,140,200,19.267900,
segmentation_only,5,3,perf-segmentation_only-r005-20260818T023905Z,loan_to_approval,2,141,200,19.217400,
segmentation_only,5,3,perf-segmentation_only-r005-20260818T023905Z,loan_to_approval,2,142,200,16.829600,
segmentation_only,5,3,perf-segmentation_only-r005-20260818T023905Z,loan_to_approval,2,143,200,16.459200,
segmentation_only,5,3,perf-segmentation_only-r005-20260818T023905Z,loan_to_approval,2,144,200,16.304000,
segmentation_only,5,3,perf-segmentation_only-r005-20260818T023905Z,loan_to_approval,2,145,200,16.783100,
segmentation_only,5,3,perf-segmentation_only-r005-20260818T023905Z,loan_to_approval,2,146,200,16.988100,
segmentation_only,5,3,perf-segmentation_only-r005-20260818T023905Z,loan_to_approval,2,147,200,17.451400,
segmentation_only,5,3,perf-segmentation_only-r005-20260818T023905Z,loan_to_approval,2,148,200,16.519100,
segmentation_only,5,3,perf-segmentation_only-r005-20260818T023905Z,loan_to_approval,2,149,200,17.189300,
segmentation_only,5,3,perf-segmentation_only-r005-20260818T023905Z,loan_to_approval,2,150,200,16.739000,
segmentation_only,5,3,perf-segmentation_only-r005-20260818T023905Z,loan_to_approval,2,151,200,16.423000,
segmentation_only,5,3,perf-segmentation_only-r005-20260818T023905Z,loan_to_approval,2,152,200,16.248400,
segmentation_only,5,3,perf-segmentation_only-r005-20260818T023905Z,loan_to_approval,2,153,200,15.072900,
segmentation_only,5,3,perf-segmentation_only-r005-20260818T023905Z,loan_to_approval,2,154,200,16.774100,
segmentation_only,5,3,perf-segmentation_only-r005-20260818T023905Z,loan_to_approval,2,155,200,16.070200,
segmentation_only,5,3,perf-segmentation_only-r005-20260818T023905Z,loan_to_approval,2,156,200,16.234600,
segmentation_only,5,3,perf-segmentation_only-r005-20260818T023905Z,loan_to_approval,2,157,200,16.101200,
segmentation_only,5,3,perf-segmentation_only-r005-20260818T023905Z,loan_to_approval,2,158,200,15.567900,
segmentation_only,5,3,perf-segmentation_only-r005-20260818T023905Z,loan_to_approval,2,159,200,14.910800,
segmentation_only,5,3,perf-segmentation_only-r005-20260818T023905Z,loan_to_approval,2,160,200,15.357500,
segmentation_only,5,3,perf-segmentation_only-r005-20260818T023905Z,loan_to_approval,2,161,200,15.761800,
segmentation_only,5,3,perf-segmentation_only-r005-20260818T023905Z,loan_to_approval,2,162,200,15.960800,
segmentation_only,5,3,perf-segmentation_only-r005-20260818T023905Z,loan_to_approval,2,163,200,18.270200,
segmentation_only,5,3,perf-segmentation_only-r005-20260818T023905Z,loan_to_approval,2,164,200,16.802100,
segmentation_only,5,3,perf-segmentation_only-r005-20260818T023905Z,loan_to_approval,2,165,200,15.993900,
segmentation_only,5,3,perf-segmentation_only-r005-20260818T023905Z,loan_to_approval,2,166,200,15.750700,
segmentation_only,5,3,perf-segmentation_only-r005-20260818T023905Z,loan_to_approval,2,167,200,16.925900,
segmentation_only,5,3,perf-segmentation_only-r005-20260818T023905Z,loan_to_approval,2,168,200,16.510600,
segmentation_only,5,3,perf-segmentation_only-r005-20260818T023905Z,loan_to_approval,2,169,200,15.657000,
segmentation_only,5,3,perf-segmentation_only-r005-20260818T023905Z,loan_to_approval,2,170,200,15.785900,
segmentation_only,5,3,perf-segmentation_only-r005-20260818T023905Z,loan_to_approval,2,171,200,16.197000,
segmentation_only,5,3,perf-segmentation_only-r005-20260818T023905Z,loan_to_approval,2,172,200,15.777900,
segmentation_only,5,3,perf-segmentation_only-r005-20260818T023905Z,loan_to_approval,2,173,200,16.287100,
segmentation_only,5,3,perf-segmentation_only-r005-20260818T023905Z,loan_to_approval,2,174,200,17.024400,
segmentation_only,5,3,perf-segmentation_only-r005-20260818T023905Z,loan_to_approval,2,175,200,15.610100,
segmentation_only,5,3,perf-segmentation_only-r005-20260818T023905Z,loan_to_approval,2,176,200,15.026500,
segmentation_only,5,3,perf-segmentation_only-r005-20260818T023905Z,loan_to_approval,2,177,200,15.949600,
segmentation_only,5,3,perf-segmentation_only-r005-20260818T023905Z,loan_to_approval,2,178,200,16.341100,
segmentation_only,5,3,perf-segmentation_only-r005-20260818T023905Z,loan_to_approval,2,179,200,15.883200,
segmentation_only,5,3,perf-segmentation_only-r005-20260818T023905Z,loan_to_approval,2,180,200,15.855500,
segmentation_only,5,3,perf-segmentation_only-r005-20260818T023905Z,loan_to_approval,2,181,200,16.379200,
segmentation_only,5,3,perf-segmentation_only-r005-20260818T023905Z,loan_to_approval,2,182,200,15.391800,
segmentation_only,5,3,perf-segmentation_only-r005-20260818T023905Z,loan_to_approval,2,183,200,15.490000,
segmentation_only,5,3,perf-segmentation_only-r005-20260818T023905Z,loan_to_approval,2,184,200,15.528100,
segmentation_only,5,3,perf-segmentation_only-r005-20260818T023905Z,loan_to_approval,2,185,200,15.091100,
segmentation_only,5,3,perf-segmentation_only-r005-20260818T023905Z,loan_to_approval,2,186,200,15.977500,
segmentation_only,5,3,perf-segmentation_only-r005-20260818T023905Z,loan_to_approval,2,187,200,15.968300,
segmentation_only,5,3,perf-segmentation_only-r005-20260818T023905Z,loan_to_approval,2,188,200,16.001600,
segmentation_only,5,3,perf-segmentation_only-r005-20260818T023905Z,loan_to_approval,2,189,200,15.990700,
segmentation_only,5,3,perf-segmentation_only-r005-20260818T023905Z,loan_to_approval,2,190,200,17.005700,
segmentation_only,5,3,perf-segmentation_only-r005-20260818T023905Z,loan_to_approval,2,191,200,17.221000,
segmentation_only,5,3,perf-segmentation_only-r005-20260818T023905Z,loan_to_approval,2,192,200,17.043200,
segmentation_only,5,3,perf-segmentation_only-r005-20260818T023905Z,loan_to_approval,2,193,200,15.843700,
segmentation_only,5,3,perf-segmentation_only-r005-20260818T023905Z,loan_to_approval,2,194,200,16.713200,
segmentation_only,5,3,perf-segmentation_only-r005-20260818T023905Z,loan_to_approval,2,195,200,17.087300,
segmentation_only,5,3,perf-segmentation_only-r005-20260818T023905Z,loan_to_approval,2,196,200,18.766100,
segmentation_only,5,3,perf-segmentation_only-r005-20260818T023905Z,loan_to_approval,2,197,200,18.351300,
segmentation_only,5,3,perf-segmentation_only-r005-20260818T023905Z,loan_to_approval,2,198,200,17.735000,
segmentation_only,5,3,perf-segmentation_only-r005-20260818T023905Z,loan_to_approval,2,199,200,17.175300,
segmentation_only,5,3,perf-segmentation_only-r005-20260818T023905Z,loan_to_approval,2,200,200,15.839300,
segmentation_only,5,3,perf-segmentation_only-r005-20260818T023905Z,loan_to_approval,3,1,200,15.917400,
segmentation_only,5,3,perf-segmentation_only-r005-20260818T023905Z,loan_to_approval,3,2,200,18.601200,
segmentation_only,5,3,perf-segmentation_only-r005-20260818T023905Z,loan_to_approval,3,3,200,17.743000,
segmentation_only,5,3,perf-segmentation_only-r005-20260818T023905Z,loan_to_approval,3,4,200,20.036200,
segmentation_only,5,3,perf-segmentation_only-r005-20260818T023905Z,loan_to_approval,3,5,200,19.919900,
segmentation_only,5,3,perf-segmentation_only-r005-20260818T023905Z,loan_to_approval,3,6,200,15.471500,
segmentation_only,5,3,perf-segmentation_only-r005-20260818T023905Z,loan_to_approval,3,7,200,17.207700,
segmentation_only,5,3,perf-segmentation_only-r005-20260818T023905Z,loan_to_approval,3,8,200,17.399100,
segmentation_only,5,3,perf-segmentation_only-r005-20260818T023905Z,loan_to_approval,3,9,200,20.058400,
segmentation_only,5,3,perf-segmentation_only-r005-20260818T023905Z,loan_to_approval,3,10,200,18.968500,
segmentation_only,5,3,perf-segmentation_only-r005-20260818T023905Z,loan_to_approval,3,11,200,17.704500,
segmentation_only,5,3,perf-segmentation_only-r005-20260818T023905Z,loan_to_approval,3,12,200,18.281900,
segmentation_only,5,3,perf-segmentation_only-r005-20260818T023905Z,loan_to_approval,3,13,200,17.161900,
segmentation_only,5,3,perf-segmentation_only-r005-20260818T023905Z,loan_to_approval,3,14,200,16.570400,
segmentation_only,5,3,perf-segmentation_only-r005-20260818T023905Z,loan_to_approval,3,15,200,16.898700,
segmentation_only,5,3,perf-segmentation_only-r005-20260818T023905Z,loan_to_approval,3,16,200,17.273600,
segmentation_only,5,3,perf-segmentation_only-r005-20260818T023905Z,loan_to_approval,3,17,200,17.675000,
segmentation_only,5,3,perf-segmentation_only-r005-20260818T023905Z,loan_to_approval,3,18,200,17.491600,
segmentation_only,5,3,perf-segmentation_only-r005-20260818T023905Z,loan_to_approval,3,19,200,17.954000,
segmentation_only,5,3,perf-segmentation_only-r005-20260818T023905Z,loan_to_approval,3,20,200,21.170300,
segmentation_only,5,3,perf-segmentation_only-r005-20260818T023905Z,loan_to_approval,3,21,200,20.739400,
segmentation_only,5,3,perf-segmentation_only-r005-20260818T023905Z,loan_to_approval,3,22,200,17.769000,
segmentation_only,5,3,perf-segmentation_only-r005-20260818T023905Z,loan_to_approval,3,23,200,19.156000,
segmentation_only,5,3,perf-segmentation_only-r005-20260818T023905Z,loan_to_approval,3,24,200,17.268800,
segmentation_only,5,3,perf-segmentation_only-r005-20260818T023905Z,loan_to_approval,3,25,200,17.794500,
segmentation_only,5,3,perf-segmentation_only-r005-20260818T023905Z,loan_to_approval,3,26,200,17.664200,
segmentation_only,5,3,perf-segmentation_only-r005-20260818T023905Z,loan_to_approval,3,27,200,17.337600,
segmentation_only,5,3,perf-segmentation_only-r005-20260818T023905Z,loan_to_approval,3,28,200,17.645400,
segmentation_only,5,3,perf-segmentation_only-r005-20260818T023905Z,loan_to_approval,3,29,200,18.112200,
segmentation_only,5,3,perf-segmentation_only-r005-20260818T023905Z,loan_to_approval,3,30,200,18.056800,
segmentation_only,5,3,perf-segmentation_only-r005-20260818T023905Z,loan_to_approval,3,31,200,18.054600,
segmentation_only,5,3,perf-segmentation_only-r005-20260818T023905Z,loan_to_approval,3,32,200,17.119400,
segmentation_only,5,3,perf-segmentation_only-r005-20260818T023905Z,loan_to_approval,3,33,200,18.593100,
segmentation_only,5,3,perf-segmentation_only-r005-20260818T023905Z,loan_to_approval,3,34,200,16.952600,
segmentation_only,5,3,perf-segmentation_only-r005-20260818T023905Z,loan_to_approval,3,35,200,17.513200,
segmentation_only,5,3,perf-segmentation_only-r005-20260818T023905Z,loan_to_approval,3,36,200,17.339900,
segmentation_only,5,3,perf-segmentation_only-r005-20260818T023905Z,loan_to_approval,3,37,200,17.096400,
segmentation_only,5,3,perf-segmentation_only-r005-20260818T023905Z,loan_to_approval,3,38,200,17.547800,
segmentation_only,5,3,perf-segmentation_only-r005-20260818T023905Z,loan_to_approval,3,39,200,17.479100,
segmentation_only,5,3,perf-segmentation_only-r005-20260818T023905Z,loan_to_approval,3,40,200,17.084900,
segmentation_only,5,3,perf-segmentation_only-r005-20260818T023905Z,loan_to_approval,3,41,200,16.888900,
segmentation_only,5,3,perf-segmentation_only-r005-20260818T023905Z,loan_to_approval,3,42,200,16.899800,
segmentation_only,5,3,perf-segmentation_only-r005-20260818T023905Z,loan_to_approval,3,43,200,17.038000,
segmentation_only,5,3,perf-segmentation_only-r005-20260818T023905Z,loan_to_approval,3,44,200,16.657800,
segmentation_only,5,3,perf-segmentation_only-r005-20260818T023905Z,loan_to_approval,3,45,200,16.865800,
segmentation_only,5,3,perf-segmentation_only-r005-20260818T023905Z,loan_to_approval,3,46,200,16.058700,
segmentation_only,5,3,perf-segmentation_only-r005-20260818T023905Z,loan_to_approval,3,47,200,18.327100,
segmentation_only,5,3,perf-segmentation_only-r005-20260818T023905Z,loan_to_approval,3,48,200,17.425500,
segmentation_only,5,3,perf-segmentation_only-r005-20260818T023905Z,loan_to_approval,3,49,200,17.354600,
segmentation_only,5,3,perf-segmentation_only-r005-20260818T023905Z,loan_to_approval,3,50,200,17.109900,
segmentation_only,5,3,perf-segmentation_only-r005-20260818T023905Z,loan_to_approval,3,51,200,16.869900,
segmentation_only,5,3,perf-segmentation_only-r005-20260818T023905Z,loan_to_approval,3,52,200,16.808000,
segmentation_only,5,3,perf-segmentation_only-r005-20260818T023905Z,loan_to_approval,3,53,200,15.911000,
segmentation_only,5,3,perf-segmentation_only-r005-20260818T023905Z,loan_to_approval,3,54,200,15.999800,
segmentation_only,5,3,perf-segmentation_only-r005-20260818T023905Z,loan_to_approval,3,55,200,15.908600,
segmentation_only,5,3,perf-segmentation_only-r005-20260818T023905Z,loan_to_approval,3,56,200,16.369500,
segmentation_only,5,3,perf-segmentation_only-r005-20260818T023905Z,loan_to_approval,3,57,200,17.798300,
segmentation_only,5,3,perf-segmentation_only-r005-20260818T023905Z,loan_to_approval,3,58,200,16.834000,
segmentation_only,5,3,perf-segmentation_only-r005-20260818T023905Z,loan_to_approval,3,59,200,16.794400,
segmentation_only,5,3,perf-segmentation_only-r005-20260818T023905Z,loan_to_approval,3,60,200,16.611900,
segmentation_only,5,3,perf-segmentation_only-r005-20260818T023905Z,loan_to_approval,3,61,200,16.865600,
segmentation_only,5,3,perf-segmentation_only-r005-20260818T023905Z,loan_to_approval,3,62,200,16.852500,
segmentation_only,5,3,perf-segmentation_only-r005-20260818T023905Z,loan_to_approval,3,63,200,15.724800,
segmentation_only,5,3,perf-segmentation_only-r005-20260818T023905Z,loan_to_approval,3,64,200,17.540700,
segmentation_only,5,3,perf-segmentation_only-r005-20260818T023905Z,loan_to_approval,3,65,200,16.631700,
segmentation_only,5,3,perf-segmentation_only-r005-20260818T023905Z,loan_to_approval,3,66,200,15.558800,
segmentation_only,5,3,perf-segmentation_only-r005-20260818T023905Z,loan_to_approval,3,67,200,16.266300,
segmentation_only,5,3,perf-segmentation_only-r005-20260818T023905Z,loan_to_approval,3,68,200,16.186600,
segmentation_only,5,3,perf-segmentation_only-r005-20260818T023905Z,loan_to_approval,3,69,200,15.578700,
segmentation_only,5,3,perf-segmentation_only-r005-20260818T023905Z,loan_to_approval,3,70,200,16.130900,
segmentation_only,5,3,perf-segmentation_only-r005-20260818T023905Z,loan_to_approval,3,71,200,17.340200,
segmentation_only,5,3,perf-segmentation_only-r005-20260818T023905Z,loan_to_approval,3,72,200,15.381000,
segmentation_only,5,3,perf-segmentation_only-r005-20260818T023905Z,loan_to_approval,3,73,200,15.842600,
segmentation_only,5,3,perf-segmentation_only-r005-20260818T023905Z,loan_to_approval,3,74,200,15.973200,
segmentation_only,5,3,perf-segmentation_only-r005-20260818T023905Z,loan_to_approval,3,75,200,15.989500,
segmentation_only,5,3,perf-segmentation_only-r005-20260818T023905Z,loan_to_approval,3,76,200,16.604600,
segmentation_only,5,3,perf-segmentation_only-r005-20260818T023905Z,loan_to_approval,3,77,200,16.680600,
segmentation_only,5,3,perf-segmentation_only-r005-20260818T023905Z,loan_to_approval,3,78,200,15.730400,
segmentation_only,5,3,perf-segmentation_only-r005-20260818T023905Z,loan_to_approval,3,79,200,16.415200,
segmentation_only,5,3,perf-segmentation_only-r005-20260818T023905Z,loan_to_approval,3,80,200,15.995500,
segmentation_only,5,3,perf-segmentation_only-r005-20260818T023905Z,loan_to_approval,3,81,200,16.798900,
segmentation_only,5,3,perf-segmentation_only-r005-20260818T023905Z,loan_to_approval,3,82,200,16.111000,
segmentation_only,5,3,perf-segmentation_only-r005-20260818T023905Z,loan_to_approval,3,83,200,16.085500,
segmentation_only,5,3,perf-segmentation_only-r005-20260818T023905Z,loan_to_approval,3,84,200,16.446700,
segmentation_only,5,3,perf-segmentation_only-r005-20260818T023905Z,loan_to_approval,3,85,200,15.870500,
segmentation_only,5,3,perf-segmentation_only-r005-20260818T023905Z,loan_to_approval,3,86,200,16.587800,
segmentation_only,5,3,perf-segmentation_only-r005-20260818T023905Z,loan_to_approval,3,87,200,15.854500,
segmentation_only,5,3,perf-segmentation_only-r005-20260818T023905Z,loan_to_approval,3,88,200,15.851800,
segmentation_only,5,3,perf-segmentation_only-r005-20260818T023905Z,loan_to_approval,3,89,200,16.035000,
segmentation_only,5,3,perf-segmentation_only-r005-20260818T023905Z,loan_to_approval,3,90,200,15.523500,
segmentation_only,5,3,perf-segmentation_only-r005-20260818T023905Z,loan_to_approval,3,91,200,15.120700,
segmentation_only,5,3,perf-segmentation_only-r005-20260818T023905Z,loan_to_approval,3,92,200,16.098900,
segmentation_only,5,3,perf-segmentation_only-r005-20260818T023905Z,loan_to_approval,3,93,200,16.146800,
segmentation_only,5,3,perf-segmentation_only-r005-20260818T023905Z,loan_to_approval,3,94,200,15.620500,
segmentation_only,5,3,perf-segmentation_only-r005-20260818T023905Z,loan_to_approval,3,95,200,16.473900,
segmentation_only,5,3,perf-segmentation_only-r005-20260818T023905Z,loan_to_approval,3,96,200,15.846300,
segmentation_only,5,3,perf-segmentation_only-r005-20260818T023905Z,loan_to_approval,3,97,200,15.650900,
segmentation_only,5,3,perf-segmentation_only-r005-20260818T023905Z,loan_to_approval,3,98,200,16.372600,
segmentation_only,5,3,perf-segmentation_only-r005-20260818T023905Z,loan_to_approval,3,99,200,15.732000,
segmentation_only,5,3,perf-segmentation_only-r005-20260818T023905Z,loan_to_approval,3,100,200,16.229300,
segmentation_only,5,3,perf-segmentation_only-r005-20260818T023905Z,loan_to_approval,3,101,200,16.023600,
segmentation_only,5,3,perf-segmentation_only-r005-20260818T023905Z,loan_to_approval,3,102,200,15.930700,
segmentation_only,5,3,perf-segmentation_only-r005-20260818T023905Z,loan_to_approval,3,103,200,16.292400,
segmentation_only,5,3,perf-segmentation_only-r005-20260818T023905Z,loan_to_approval,3,104,200,16.035200,
segmentation_only,5,3,perf-segmentation_only-r005-20260818T023905Z,loan_to_approval,3,105,200,16.702400,
segmentation_only,5,3,perf-segmentation_only-r005-20260818T023905Z,loan_to_approval,3,106,200,15.931900,
segmentation_only,5,3,perf-segmentation_only-r005-20260818T023905Z,loan_to_approval,3,107,200,16.007600,
segmentation_only,5,3,perf-segmentation_only-r005-20260818T023905Z,loan_to_approval,3,108,200,16.180400,
segmentation_only,5,3,perf-segmentation_only-r005-20260818T023905Z,loan_to_approval,3,109,200,15.484500,
segmentation_only,5,3,perf-segmentation_only-r005-20260818T023905Z,loan_to_approval,3,110,200,15.757000,
segmentation_only,5,3,perf-segmentation_only-r005-20260818T023905Z,loan_to_approval,3,111,200,16.509700,
segmentation_only,5,3,perf-segmentation_only-r005-20260818T023905Z,loan_to_approval,3,112,200,17.128300,
segmentation_only,5,3,perf-segmentation_only-r005-20260818T023905Z,loan_to_approval,3,113,200,16.665100,
segmentation_only,5,3,perf-segmentation_only-r005-20260818T023905Z,loan_to_approval,3,114,200,16.289000,
segmentation_only,5,3,perf-segmentation_only-r005-20260818T023905Z,loan_to_approval,3,115,200,15.551800,
segmentation_only,5,3,perf-segmentation_only-r005-20260818T023905Z,loan_to_approval,3,116,200,19.090700,
segmentation_only,5,3,perf-segmentation_only-r005-20260818T023905Z,loan_to_approval,3,117,200,15.608700,
segmentation_only,5,3,perf-segmentation_only-r005-20260818T023905Z,loan_to_approval,3,118,200,16.197600,
segmentation_only,5,3,perf-segmentation_only-r005-20260818T023905Z,loan_to_approval,3,119,200,16.264200,
segmentation_only,5,3,perf-segmentation_only-r005-20260818T023905Z,loan_to_approval,3,120,200,17.160500,
segmentation_only,5,3,perf-segmentation_only-r005-20260818T023905Z,loan_to_approval,3,121,200,16.599600,
segmentation_only,5,3,perf-segmentation_only-r005-20260818T023905Z,loan_to_approval,3,122,200,16.569000,
segmentation_only,5,3,perf-segmentation_only-r005-20260818T023905Z,loan_to_approval,3,123,200,15.419600,
segmentation_only,5,3,perf-segmentation_only-r005-20260818T023905Z,loan_to_approval,3,124,200,15.819400,
segmentation_only,5,3,perf-segmentation_only-r005-20260818T023905Z,loan_to_approval,3,125,200,16.169300,
segmentation_only,5,3,perf-segmentation_only-r005-20260818T023905Z,loan_to_approval,3,126,200,15.719300,
segmentation_only,5,3,perf-segmentation_only-r005-20260818T023905Z,loan_to_approval,3,127,200,15.871100,
segmentation_only,5,3,perf-segmentation_only-r005-20260818T023905Z,loan_to_approval,3,128,200,16.172900,
segmentation_only,5,3,perf-segmentation_only-r005-20260818T023905Z,loan_to_approval,3,129,200,16.349100,
segmentation_only,5,3,perf-segmentation_only-r005-20260818T023905Z,loan_to_approval,3,130,200,16.606700,
segmentation_only,5,3,perf-segmentation_only-r005-20260818T023905Z,loan_to_approval,3,131,200,16.242900,
segmentation_only,5,3,perf-segmentation_only-r005-20260818T023905Z,loan_to_approval,3,132,200,15.620300,
segmentation_only,5,3,perf-segmentation_only-r005-20260818T023905Z,loan_to_approval,3,133,200,15.977300,
segmentation_only,5,3,perf-segmentation_only-r005-20260818T023905Z,loan_to_approval,3,134,200,16.034000,
segmentation_only,5,3,perf-segmentation_only-r005-20260818T023905Z,loan_to_approval,3,135,200,15.949000,
segmentation_only,5,3,perf-segmentation_only-r005-20260818T023905Z,loan_to_approval,3,136,200,15.986200,
segmentation_only,5,3,perf-segmentation_only-r005-20260818T023905Z,loan_to_approval,3,137,200,17.266300,
segmentation_only,5,3,perf-segmentation_only-r005-20260818T023905Z,loan_to_approval,3,138,200,20.440100,
segmentation_only,5,3,perf-segmentation_only-r005-20260818T023905Z,loan_to_approval,3,139,200,18.456600,
segmentation_only,5,3,perf-segmentation_only-r005-20260818T023905Z,loan_to_approval,3,140,200,15.744500,
segmentation_only,5,3,perf-segmentation_only-r005-20260818T023905Z,loan_to_approval,3,141,200,16.220900,
segmentation_only,5,3,perf-segmentation_only-r005-20260818T023905Z,loan_to_approval,3,142,200,16.036300,
segmentation_only,5,3,perf-segmentation_only-r005-20260818T023905Z,loan_to_approval,3,143,200,15.900700,
segmentation_only,5,3,perf-segmentation_only-r005-20260818T023905Z,loan_to_approval,3,144,200,15.967900,
segmentation_only,5,3,perf-segmentation_only-r005-20260818T023905Z,loan_to_approval,3,145,200,16.093700,
segmentation_only,5,3,perf-segmentation_only-r005-20260818T023905Z,loan_to_approval,3,146,200,15.781500,
segmentation_only,5,3,perf-segmentation_only-r005-20260818T023905Z,loan_to_approval,3,147,200,20.084700,
segmentation_only,5,3,perf-segmentation_only-r005-20260818T023905Z,loan_to_approval,3,148,200,17.499000,
segmentation_only,5,3,perf-segmentation_only-r005-20260818T023905Z,loan_to_approval,3,149,200,16.503200,
segmentation_only,5,3,perf-segmentation_only-r005-20260818T023905Z,loan_to_approval,3,150,200,17.057900,
segmentation_only,5,3,perf-segmentation_only-r005-20260818T023905Z,loan_to_approval,3,151,200,16.788300,
segmentation_only,5,3,perf-segmentation_only-r005-20260818T023905Z,loan_to_approval,3,152,200,15.732600,
segmentation_only,5,3,perf-segmentation_only-r005-20260818T023905Z,loan_to_approval,3,153,200,16.076400,
segmentation_only,5,3,perf-segmentation_only-r005-20260818T023905Z,loan_to_approval,3,154,200,16.910900,
segmentation_only,5,3,perf-segmentation_only-r005-20260818T023905Z,loan_to_approval,3,155,200,15.998400,
segmentation_only,5,3,perf-segmentation_only-r005-20260818T023905Z,loan_to_approval,3,156,200,16.484800,
segmentation_only,5,3,perf-segmentation_only-r005-20260818T023905Z,loan_to_approval,3,157,200,16.584600,
segmentation_only,5,3,perf-segmentation_only-r005-20260818T023905Z,loan_to_approval,3,158,200,15.980400,
segmentation_only,5,3,perf-segmentation_only-r005-20260818T023905Z,loan_to_approval,3,159,200,16.019000,
segmentation_only,5,3,perf-segmentation_only-r005-20260818T023905Z,loan_to_approval,3,160,200,16.869200,
segmentation_only,5,3,perf-segmentation_only-r005-20260818T023905Z,loan_to_approval,3,161,200,16.073600,
segmentation_only,5,3,perf-segmentation_only-r005-20260818T023905Z,loan_to_approval,3,162,200,16.529000,
segmentation_only,5,3,perf-segmentation_only-r005-20260818T023905Z,loan_to_approval,3,163,200,17.166200,
segmentation_only,5,3,perf-segmentation_only-r005-20260818T023905Z,loan_to_approval,3,164,200,17.121300,
segmentation_only,5,3,perf-segmentation_only-r005-20260818T023905Z,loan_to_approval,3,165,200,16.126400,
segmentation_only,5,3,perf-segmentation_only-r005-20260818T023905Z,loan_to_approval,3,166,200,15.962900,
segmentation_only,5,3,perf-segmentation_only-r005-20260818T023905Z,loan_to_approval,3,167,200,15.850000,
segmentation_only,5,3,perf-segmentation_only-r005-20260818T023905Z,loan_to_approval,3,168,200,16.715500,
segmentation_only,5,3,perf-segmentation_only-r005-20260818T023905Z,loan_to_approval,3,169,200,16.801200,
segmentation_only,5,3,perf-segmentation_only-r005-20260818T023905Z,loan_to_approval,3,170,200,16.813900,
segmentation_only,5,3,perf-segmentation_only-r005-20260818T023905Z,loan_to_approval,3,171,200,15.931300,
segmentation_only,5,3,perf-segmentation_only-r005-20260818T023905Z,loan_to_approval,3,172,200,16.871000,
segmentation_only,5,3,perf-segmentation_only-r005-20260818T023905Z,loan_to_approval,3,173,200,15.686900,
segmentation_only,5,3,perf-segmentation_only-r005-20260818T023905Z,loan_to_approval,3,174,200,17.318100,
segmentation_only,5,3,perf-segmentation_only-r005-20260818T023905Z,loan_to_approval,3,175,200,17.211500,
segmentation_only,5,3,perf-segmentation_only-r005-20260818T023905Z,loan_to_approval,3,176,200,16.142900,
segmentation_only,5,3,perf-segmentation_only-r005-20260818T023905Z,loan_to_approval,3,177,200,15.427400,
segmentation_only,5,3,perf-segmentation_only-r005-20260818T023905Z,loan_to_approval,3,178,200,15.910300,
segmentation_only,5,3,perf-segmentation_only-r005-20260818T023905Z,loan_to_approval,3,179,200,16.556300,
segmentation_only,5,3,perf-segmentation_only-r005-20260818T023905Z,loan_to_approval,3,180,200,18.126400,
segmentation_only,5,3,perf-segmentation_only-r005-20260818T023905Z,loan_to_approval,3,181,200,16.666500,
segmentation_only,5,3,perf-segmentation_only-r005-20260818T023905Z,loan_to_approval,3,182,200,18.434200,
segmentation_only,5,3,perf-segmentation_only-r005-20260818T023905Z,loan_to_approval,3,183,200,18.442300,
segmentation_only,5,3,perf-segmentation_only-r005-20260818T023905Z,loan_to_approval,3,184,200,19.836700,
segmentation_only,5,3,perf-segmentation_only-r005-20260818T023905Z,loan_to_approval,3,185,200,17.277100,
segmentation_only,5,3,perf-segmentation_only-r005-20260818T023905Z,loan_to_approval,3,186,200,16.869500,
segmentation_only,5,3,perf-segmentation_only-r005-20260818T023905Z,loan_to_approval,3,187,200,15.971000,
segmentation_only,5,3,perf-segmentation_only-r005-20260818T023905Z,loan_to_approval,3,188,200,16.913900,
segmentation_only,5,3,perf-segmentation_only-r005-20260818T023905Z,loan_to_approval,3,189,200,17.057100,
segmentation_only,5,3,perf-segmentation_only-r005-20260818T023905Z,loan_to_approval,3,190,200,16.905800,
segmentation_only,5,3,perf-segmentation_only-r005-20260818T023905Z,loan_to_approval,3,191,200,17.044200,
segmentation_only,5,3,perf-segmentation_only-r005-20260818T023905Z,loan_to_approval,3,192,200,17.376100,
segmentation_only,5,3,perf-segmentation_only-r005-20260818T023905Z,loan_to_approval,3,193,200,16.218500,
segmentation_only,5,3,perf-segmentation_only-r005-20260818T023905Z,loan_to_approval,3,194,200,16.206200,
segmentation_only,5,3,perf-segmentation_only-r005-20260818T023905Z,loan_to_approval,3,195,200,15.871200,
segmentation_only,5,3,perf-segmentation_only-r005-20260818T023905Z,loan_to_approval,3,196,200,15.947400,
segmentation_only,5,3,perf-segmentation_only-r005-20260818T023905Z,loan_to_approval,3,197,200,15.993500,
segmentation_only,5,3,perf-segmentation_only-r005-20260818T023905Z,loan_to_approval,3,198,200,16.297400,
segmentation_only,5,3,perf-segmentation_only-r005-20260818T023905Z,loan_to_approval,3,199,200,16.667800,
segmentation_only,5,3,perf-segmentation_only-r005-20260818T023905Z,loan_to_approval,3,200,200,15.848200,
