mode,round_id,order_position,experiment_run_id,flow,batch_id,request_id,status_code,latency_ms,error
segmentation_only,10,2,perf-segmentation_only-r010-20260818T053927Z,loan_to_customer,1,1,200,14.206500,
segmentation_only,10,2,perf-segmentation_only-r010-20260818T053927Z,loan_to_customer,1,2,200,15.235900,
segmentation_only,10,2,perf-segmentation_only-r010-20260818T053927Z,loan_to_customer,1,3,200,14.275100,
segmentation_only,10,2,perf-segmentation_only-r010-20260818T053927Z,loan_to_customer,1,4,200,14.649500,
segmentation_only,10,2,perf-segmentation_only-r010-20260818T053927Z,loan_to_customer,1,5,200,14.250000,
segmentation_only,10,2,perf-segmentation_only-r010-20260818T053927Z,loan_to_customer,1,6,200,14.196600,
segmentation_only,10,2,perf-segmentation_only-r010-20260818T053927Z,loan_to_customer,1,7,200,15.291500,
segmentation_only,10,2,perf-segmentation_only-r010-20260818T053927Z,loan_to_customer,1,8,200,15.463900,
segmentation_only,10,2,perf-segmentation_only-r010-20260818T053927Z,loan_to_customer,1,9,200,15.487800,
segmentation_only,10,2,perf-segmentation_only-r010-20260818T053927Z,loan_to_customer,1,10,200,15.275400,
segmentation_only,10,2,perf-segmentation_only-r010-20260818T053927Z,loan_to_customer,1,11,200,16.337600,
segmentation_only,10,2,perf-segmentation_only-r010-20260818T053927Z,loan_to_customer,1,12,200,15.404500,
segmentation_only,10,2,perf-segmentation_only-r010-20260818T053927Z,loan_to_customer,1,13,200,15.509800,
segmentation_only,10,2,perf-segmentation_only-r010-20260818T053927Z,loan_to_customer,1,14,200,15.968100,
segmentation_only,10,2,perf-segmentation_only-r010-20260818T053927Z,loan_to_customer,1,15,200,15.358600,
segmentation_only,10,2,perf-segmentation_only-r010-20260818T053927Z,loan_to_customer,1,16,200,14.893600,
segmentation_only,10,2,perf-segmentation_only-r010-20260818T053927Z,loan_to_customer,1,17,200,14.036200,
segmentation_only,10,2,perf-segmentation_only-r010-20260818T053927Z,loan_to_customer,1,18,200,14.433900,
segmentation_only,10,2,perf-segmentation_only-r010-20260818T053927Z,loan_to_customer,1,19,200,14.620400,
segmentation_only,10,2,perf-segmentation_only-r010-20260818T053927Z,loan_to_customer,1,20,200,14.423600,
segmentation_only,10,2,perf-segmentation_only-r010-20260818T053927Z,loan_to_customer,1,21,200,14.257400,
segmentation_only,10,2,perf-segmentation_only-r010-20260818T053927Z,loan_to_customer,1,22,200,15.074900,
segmentation_only,10,2,perf-segmentation_only-r010-20260818T053927Z,loan_to_customer,1,23,200,14.541000,
segmentation_only,10,2,perf-segmentation_only-r010-20260818T053927Z,loan_to_customer,1,24,200,16.334100,
segmentation_only,10,2,perf-segmentation_only-r010-20260818T053927Z,loan_to_customer,1,25,200,14.842700,
segmentation_only,10,2,perf-segmentation_only-r010-20260818T053927Z,loan_to_customer,1,26,200,14.264900,
segmentation_only,10,2,perf-segmentation_only-r010-20260818T053927Z,loan_to_customer,1,27,200,14.044700,
segmentation_only,10,2,perf-segmentation_only-r010-20260818T053927Z,loan_to_customer,1,28,200,14.640400,
segmentation_only,10,2,perf-segmentation_only-r010-20260818T053927Z,loan_to_customer,1,29,200,14.651800,
segmentation_only,10,2,perf-segmentation_only-r010-20260818T053927Z,loan_to_customer,1,30,200,14.870200,
segmentation_only,10,2,perf-segmentation_only-r010-20260818T053927Z,loan_to_customer,1,31,200,14.382500,
segmentation_only,10,2,perf-segmentation_only-r010-20260818T053927Z,loan_to_customer,1,32,200,14.288700,
segmentation_only,10,2,perf-segmentation_only-r010-20260818T053927Z,loan_to_customer,1,33,200,13.985300,
segmentation_only,10,2,perf-segmentation_only-r010-20260818T053927Z,loan_to_customer,1,34,200,14.481100,
segmentation_only,10,2,perf-segmentation_only-r010-20260818T053927Z,loan_to_customer,1,35,200,13.968900,
segmentation_only,10,2,perf-segmentation_only-r010-20260818T053927Z,loan_to_customer,1,36,200,13.758200,
segmentation_only,10,2,perf-segmentation_only-r010-20260818T053927Z,loan_to_customer,1,37,200,14.567300,
segmentation_only,10,2,perf-segmentation_only-r010-20260818T053927Z,loan_to_customer,1,38,200,14.541600,
segmentation_only,10,2,perf-segmentation_only-r010-20260818T053927Z,loan_to_customer,1,39,200,14.469000,
segmentation_only,10,2,perf-segmentation_only-r010-20260818T053927Z,loan_to_customer,1,40,200,14.170600,
segmentation_only,10,2,perf-segmentation_only-r010-20260818T053927Z,loan_to_customer,1,41,200,14.378900,
segmentation_only,10,2,perf-segmentation_only-r010-20260818T053927Z,loan_to_customer,1,42,200,14.010400,
segmentation_only,10,2,perf-segmentation_only-r010-20260818T053927Z,loan_to_customer,1,43,200,13.959100,
segmentation_only,10,2,perf-segmentation_only-r010-20260818T053927Z,loan_to_customer,1,44,200,14.210400,
segmentation_only,10,2,perf-segmentation_only-r010-20260818T053927Z,loan_to_customer,1,45,200,14.154000,
segmentation_only,10,2,perf-segmentation_only-r010-20260818T053927Z,loan_to_customer,1,46,200,14.234600,
segmentation_only,10,2,perf-segmentation_only-r010-20260818T053927Z,loan_to_customer,1,47,200,14.326600,
segmentation_only,10,2,perf-segmentation_only-r010-20260818T053927Z,loan_to_customer,1,48,200,14.317800,
segmentation_only,10,2,perf-segmentation_only-r010-20260818T053927Z,loan_to_customer,1,49,200,14.526700,
segmentation_only,10,2,perf-segmentation_only-r010-20260818T053927Z,loan_to_customer,1,50,200,14.234400,
segmentation_only,10,2,perf-segmentation_only-r010-20260818T053927Z,loan_to_customer,1,51,200,14.403600,
segmentation_only,10,2,perf-segmentation_only-r010-20260818T053927Z,loan_to_customer,1,52,200,14.789000,
segmentation_only,10,2,perf-segmentation_only-r010-20260818T053927Z,loan_to_customer,1,53,200,14.813400,
segmentation_only,10,2,perf-segmentation_only-r010-20260818T053927Z,loan_to_customer,1,54,200,15.521800,
segmentation_only,10,2,perf-segmentation_only-r010-20260818T053927Z,loan_to_customer,1,55,200,15.740400,
segmentation_only,10,2,perf-segmentation_only-r010-20260818T053927Z,loan_to_customer,1,56,200,16.320600,
segmentation_only,10,2,perf-segmentation_only-r010-20260818T053927Z,loan_to_customer,1,57,200,15.125900,
segmentation_only,10,2,perf-segmentation_only-r010-20260818T053927Z,loan_to_customer,1,58,200,14.768900,
segmentation_only,10,2,perf-segmentation_only-r010-20260818T053927Z,loan_to_customer,1,59,200,14.533900,
segmentation_only,10,2,perf-segmentation_only-r010-20260818T053927Z,loan_to_customer,1,60,200,13.908400,
segmentation_only,10,2,perf-segmentation_only-r010-20260818T053927Z,loan_to_customer,1,61,200,14.454200,
segmentation_only,10,2,perf-segmentation_only-r010-20260818T053927Z,loan_to_customer,1,62,200,14.542700,
segmentation_only,10,2,perf-segmentation_only-r010-20260818T053927Z,loan_to_customer,1,63,200,14.426400,
segmentation_only,10,2,perf-segmentation_only-r010-20260818T053927Z,loan_to_customer,1,64,200,14.520000,
segmentation_only,10,2,perf-segmentation_only-r010-20260818T053927Z,loan_to_customer,1,65,200,14.244300,
segmentation_only,10,2,perf-segmentation_only-r010-20260818T053927Z,loan_to_customer,1,66,200,14.778900,
segmentation_only,10,2,perf-segmentation_only-r010-20260818T053927Z,loan_to_customer,1,67,200,13.747900,
segmentation_only,10,2,perf-segmentation_only-r010-20260818T053927Z,loan_to_customer,1,68,200,14.431400,
segmentation_only,10,2,perf-segmentation_only-r010-20260818T053927Z,loan_to_customer,1,69,200,14.242300,
segmentation_only,10,2,perf-segmentation_only-r010-20260818T053927Z,loan_to_customer,1,70,200,14.124700,
segmentation_only,10,2,perf-segmentation_only-r010-20260818T053927Z,loan_to_customer,1,71,200,14.781400,
segmentation_only,10,2,perf-segmentation_only-r010-20260818T053927Z,loan_to_customer,1,72,200,14.329400,
segmentation_only,10,2,perf-segmentation_only-r010-20260818T053927Z,loan_to_customer,1,73,200,14.843100,
segmentation_only,10,2,perf-segmentation_only-r010-20260818T053927Z,loan_to_customer,1,74,200,14.093200,
segmentation_only,10,2,perf-segmentation_only-r010-20260818T053927Z,loan_to_customer,1,75,200,14.674500,
segmentation_only,10,2,perf-segmentation_only-r010-20260818T053927Z,loan_to_customer,1,76,200,16.084100,
segmentation_only,10,2,perf-segmentation_only-r010-20260818T053927Z,loan_to_customer,1,77,200,16.217600,
segmentation_only,10,2,perf-segmentation_only-r010-20260818T053927Z,loan_to_customer,1,78,200,14.793600,
segmentation_only,10,2,perf-segmentation_only-r010-20260818T053927Z,loan_to_customer,1,79,200,15.292500,
segmentation_only,10,2,perf-segmentation_only-r010-20260818T053927Z,loan_to_customer,1,80,200,14.934500,
segmentation_only,10,2,perf-segmentation_only-r010-20260818T053927Z,loan_to_customer,1,81,200,15.019400,
segmentation_only,10,2,perf-segmentation_only-r010-20260818T053927Z,loan_to_customer,1,82,200,15.224000,
segmentation_only,10,2,perf-segmentation_only-r010-20260818T053927Z,loan_to_customer,1,83,200,15.395600,
segmentation_only,10,2,perf-segmentation_only-r010-20260818T053927Z,loan_to_customer,1,84,200,14.531800,
segmentation_only,10,2,perf-segmentation_only-r010-20260818T053927Z,loan_to_customer,1,85,200,14.200900,
segmentation_only,10,2,perf-segmentation_only-r010-20260818T053927Z,loan_to_customer,1,86,200,14.601500,
segmentation_only,10,2,perf-segmentation_only-r010-20260818T053927Z,loan_to_customer,1,87,200,14.362800,
segmentation_only,10,2,perf-segmentation_only-r010-20260818T053927Z,loan_to_customer,1,88,200,14.515900,
segmentation_only,10,2,perf-segmentation_only-r010-20260818T053927Z,loan_to_customer,1,89,200,14.747900,
segmentation_only,10,2,perf-segmentation_only-r010-20260818T053927Z,loan_to_customer,1,90,200,14.414500,
segmentation_only,10,2,perf-segmentation_only-r010-20260818T053927Z,loan_to_customer,1,91,200,14.900400,
segmentation_only,10,2,perf-segmentation_only-r010-20260818T053927Z,loan_to_customer,1,92,200,15.231200,
segmentation_only,10,2,perf-segmentation_only-r010-20260818T053927Z,loan_to_customer,1,93,200,14.600100,
segmentation_only,10,2,perf-segmentation_only-r010-20260818T053927Z,loan_to_customer,1,94,200,14.983600,
segmentation_only,10,2,perf-segmentation_only-r010-20260818T053927Z,loan_to_customer,1,95,200,27.278000,
segmentation_only,10,2,perf-segmentation_only-r010-20260818T053927Z,loan_to_customer,1,96,200,14.659500,
segmentation_only,10,2,perf-segmentation_only-r010-20260818T053927Z,loan_to_customer,1,97,200,14.512100,
segmentation_only,10,2,perf-segmentation_only-r010-20260818T053927Z,loan_to_customer,1,98,200,13.399600,
segmentation_only,10,2,perf-segmentation_only-r010-20260818T053927Z,loan_to_customer,1,99,200,14.567900,
segmentation_only,10,2,perf-segmentation_only-r010-20260818T053927Z,loan_to_customer,1,100,200,14.328100,
segmentation_only,10,2,perf-segmentation_only-r010-20260818T053927Z,loan_to_customer,1,101,200,14.709100,
segmentation_only,10,2,perf-segmentation_only-r010-20260818T053927Z,loan_to_customer,1,102,200,13.940200,
segmentation_only,10,2,perf-segmentation_only-r010-20260818T053927Z,loan_to_customer,1,103,200,14.055800,
segmentation_only,10,2,perf-segmentation_only-r010-20260818T053927Z,loan_to_customer,1,104,200,14.058200,
segmentation_only,10,2,perf-segmentation_only-r010-20260818T053927Z,loan_to_customer,1,105,200,14.213300,
segmentation_only,10,2,perf-segmentation_only-r010-20260818T053927Z,loan_to_customer,1,106,200,14.135800,
segmentation_only,10,2,perf-segmentation_only-r010-20260818T053927Z,loan_to_customer,1,107,200,14.477700,
segmentation_only,10,2,perf-segmentation_only-r010-20260818T053927Z,loan_to_customer,1,108,200,14.332100,
segmentation_only,10,2,perf-segmentation_only-r010-20260818T053927Z,loan_to_customer,1,109,200,14.316800,
segmentation_only,10,2,perf-segmentation_only-r010-20260818T053927Z,loan_to_customer,1,110,200,14.933400,
segmentation_only,10,2,perf-segmentation_only-r010-20260818T053927Z,loan_to_customer,1,111,200,14.888900,
segmentation_only,10,2,perf-segmentation_only-r010-20260818T053927Z,loan_to_customer,1,112,200,14.236700,
segmentation_only,10,2,perf-segmentation_only-r010-20260818T053927Z,loan_to_customer,1,113,200,14.760900,
segmentation_only,10,2,perf-segmentation_only-r010-20260818T053927Z,loan_to_customer,1,114,200,14.328700,
segmentation_only,10,2,perf-segmentation_only-r010-20260818T053927Z,loan_to_customer,1,115,200,14.345200,
segmentation_only,10,2,perf-segmentation_only-r010-20260818T053927Z,loan_to_customer,1,116,200,14.842700,
segmentation_only,10,2,perf-segmentation_only-r010-20260818T053927Z,loan_to_customer,1,117,200,14.522000,
segmentation_only,10,2,perf-segmentation_only-r010-20260818T053927Z,loan_to_customer,1,118,200,14.349500,
segmentation_only,10,2,perf-segmentation_only-r010-20260818T053927Z,loan_to_customer,1,119,200,14.371800,
segmentation_only,10,2,perf-segmentation_only-r010-20260818T053927Z,loan_to_customer,1,120,200,15.039200,
segmentation_only,10,2,perf-segmentation_only-r010-20260818T053927Z,loan_to_customer,1,121,200,15.605800,
segmentation_only,10,2,perf-segmentation_only-r010-20260818T053927Z,loan_to_customer,1,122,200,14.925900,
segmentation_only,10,2,perf-segmentation_only-r010-20260818T053927Z,loan_to_customer,1,123,200,13.817300,
segmentation_only,10,2,perf-segmentation_only-r010-20260818T053927Z,loan_to_customer,1,124,200,14.663400,
segmentation_only,10,2,perf-segmentation_only-r010-20260818T053927Z,loan_to_customer,1,125,200,14.428400,
segmentation_only,10,2,perf-segmentation_only-r010-20260818T053927Z,loan_to_customer,1,126,200,14.560000,
segmentation_only,10,2,perf-segmentation_only-r010-20260818T053927Z,loan_to_customer,1,127,200,14.825700,
segmentation_only,10,2,perf-segmentation_only-r010-20260818T053927Z,loan_to_customer,1,128,200,15.751100,
segmentation_only,10,2,perf-segmentation_only-r010-20260818T053927Z,loan_to_customer,1,129,200,14.562600,
segmentation_only,10,2,perf-segmentation_only-r010-20260818T053927Z,loan_to_customer,1,130,200,14.521800,
segmentation_only,10,2,perf-segmentation_only-r010-20260818T053927Z,loan_to_customer,1,131,200,13.867800,
segmentation_only,10,2,perf-segmentation_only-r010-20260818T053927Z,loan_to_customer,1,132,200,15.582100,
segmentation_only,10,2,perf-segmentation_only-r010-20260818T053927Z,loan_to_customer,1,133,200,14.248700,
segmentation_only,10,2,perf-segmentation_only-r010-20260818T053927Z,loan_to_customer,1,134,200,14.253100,
segmentation_only,10,2,perf-segmentation_only-r010-20260818T053927Z,loan_to_customer,1,135,200,15.415500,
segmentation_only,10,2,perf-segmentation_only-r010-20260818T053927Z,loan_to_customer,1,136,200,13.934300,
segmentation_only,10,2,perf-segmentation_only-r010-20260818T053927Z,loan_to_customer,1,137,200,14.260500,
segmentation_only,10,2,perf-segmentation_only-r010-20260818T053927Z,loan_to_customer,1,138,200,14.669000,
segmentation_only,10,2,perf-segmentation_only-r010-20260818T053927Z,loan_to_customer,1,139,200,14.131600,
segmentation_only,10,2,perf-segmentation_only-r010-20260818T053927Z,loan_to_customer,1,140,200,14.452100,
segmentation_only,10,2,perf-segmentation_only-r010-20260818T053927Z,loan_to_customer,1,141,200,13.966200,
segmentation_only,10,2,perf-segmentation_only-r010-20260818T053927Z,loan_to_customer,1,142,200,14.726600,
segmentation_only,10,2,perf-segmentation_only-r010-20260818T053927Z,loan_to_customer,1,143,200,14.598900,
segmentation_only,10,2,perf-segmentation_only-r010-20260818T053927Z,loan_to_customer,1,144,200,14.539600,
segmentation_only,10,2,perf-segmentation_only-r010-20260818T053927Z,loan_to_customer,1,145,200,14.256900,
segmentation_only,10,2,perf-segmentation_only-r010-20260818T053927Z,loan_to_customer,1,146,200,14.906800,
segmentation_only,10,2,perf-segmentation_only-r010-20260818T053927Z,loan_to_customer,1,147,200,15.216200,
segmentation_only,10,2,perf-segmentation_only-r010-20260818T053927Z,loan_to_customer,1,148,200,14.221100,
segmentation_only,10,2,perf-segmentation_only-r010-20260818T053927Z,loan_to_customer,1,149,200,13.599900,
segmentation_only,10,2,perf-segmentation_only-r010-20260818T053927Z,loan_to_customer,1,150,200,15.060300,
segmentation_only,10,2,perf-segmentation_only-r010-20260818T053927Z,loan_to_customer,1,151,200,14.619500,
segmentation_only,10,2,perf-segmentation_only-r010-20260818T053927Z,loan_to_customer,1,152,200,14.323400,
segmentation_only,10,2,perf-segmentation_only-r010-20260818T053927Z,loan_to_customer,1,153,200,14.670300,
segmentation_only,10,2,perf-segmentation_only-r010-20260818T053927Z,loan_to_customer,1,154,200,14.242700,
segmentation_only,10,2,perf-segmentation_only-r010-20260818T053927Z,loan_to_customer,1,155,200,14.408400,
segmentation_only,10,2,perf-segmentation_only-r010-20260818T053927Z,loan_to_customer,1,156,200,15.712900,
segmentation_only,10,2,perf-segmentation_only-r010-20260818T053927Z,loan_to_customer,1,157,200,14.391900,
segmentation_only,10,2,perf-segmentation_only-r010-20260818T053927Z,loan_to_customer,1,158,200,14.069400,
segmentation_only,10,2,perf-segmentation_only-r010-20260818T053927Z,loan_to_customer,1,159,200,14.238800,
segmentation_only,10,2,perf-segmentation_only-r010-20260818T053927Z,loan_to_customer,1,160,200,14.172600,
segmentation_only,10,2,perf-segmentation_only-r010-20260818T053927Z,loan_to_customer,1,161,200,14.574100,
segmentation_only,10,2,perf-segmentation_only-r010-20260818T053927Z,loan_to_customer,1,162,200,14.904800,
segmentation_only,10,2,perf-segmentation_only-r010-20260818T053927Z,loan_to_customer,1,163,200,15.154400,
segmentation_only,10,2,perf-segmentation_only-r010-20260818T053927Z,loan_to_customer,1,164,200,15.348300,
segmentation_only,10,2,perf-segmentation_only-r010-20260818T053927Z,loan_to_customer,1,165,200,14.725700,
segmentation_only,10,2,perf-segmentation_only-r010-20260818T053927Z,loan_to_customer,1,166,200,14.832700,
segmentation_only,10,2,perf-segmentation_only-r010-20260818T053927Z,loan_to_customer,1,167,200,14.551300,
segmentation_only,10,2,perf-segmentation_only-r010-20260818T053927Z,loan_to_customer,1,168,200,15.492600,
segmentation_only,10,2,perf-segmentation_only-r010-20260818T053927Z,loan_to_customer,1,169,200,14.639600,
segmentation_only,10,2,perf-segmentation_only-r010-20260818T053927Z,loan_to_customer,1,170,200,14.547100,
segmentation_only,10,2,perf-segmentation_only-r010-20260818T053927Z,loan_to_customer,1,171,200,14.353300,
segmentation_only,10,2,perf-segmentation_only-r010-20260818T053927Z,loan_to_customer,1,172,200,14.497700,
segmentation_only,10,2,perf-segmentation_only-r010-20260818T053927Z,loan_to_customer,1,173,200,14.800300,
segmentation_only,10,2,perf-segmentation_only-r010-20260818T053927Z,loan_to_customer,1,174,200,14.951000,
segmentation_only,10,2,perf-segmentation_only-r010-20260818T053927Z,loan_to_customer,1,175,200,14.998300,
segmentation_only,10,2,perf-segmentation_only-r010-20260818T053927Z,loan_to_customer,1,176,200,14.861900,
segmentation_only,10,2,perf-segmentation_only-r010-20260818T053927Z,loan_to_customer,1,177,200,15.163500,
segmentation_only,10,2,perf-segmentation_only-r010-20260818T053927Z,loan_to_customer,1,178,200,14.692100,
segmentation_only,10,2,perf-segmentation_only-r010-20260818T053927Z,loan_to_customer,1,179,200,15.150900,
segmentation_only,10,2,perf-segmentation_only-r010-20260818T053927Z,loan_to_customer,1,180,200,14.814900,
segmentation_only,10,2,perf-segmentation_only-r010-20260818T053927Z,loan_to_customer,1,181,200,14.691400,
segmentation_only,10,2,perf-segmentation_only-r010-20260818T053927Z,loan_to_customer,1,182,200,15.083100,
segmentation_only,10,2,perf-segmentation_only-r010-20260818T053927Z,loan_to_customer,1,183,200,14.740700,
segmentation_only,10,2,perf-segmentation_only-r010-20260818T053927Z,loan_to_customer,1,184,200,14.907700,
segmentation_only,10,2,perf-segmentation_only-r010-20260818T053927Z,loan_to_customer,1,185,200,14.991500,
segmentation_only,10,2,perf-segmentation_only-r010-20260818T053927Z,loan_to_customer,1,186,200,15.461800,
segmentation_only,10,2,perf-segmentation_only-r010-20260818T053927Z,loan_to_customer,1,187,200,15.683200,
segmentation_only,10,2,perf-segmentation_only-r010-20260818T053927Z,loan_to_customer,1,188,200,15.542900,
segmentation_only,10,2,perf-segmentation_only-r010-20260818T053927Z,loan_to_customer,1,189,200,14.498300,
segmentation_only,10,2,perf-segmentation_only-r010-20260818T053927Z,loan_to_customer,1,190,200,15.001800,
segmentation_only,10,2,perf-segmentation_only-r010-20260818T053927Z,loan_to_customer,1,191,200,15.867200,
segmentation_only,10,2,perf-segmentation_only-r010-20260818T053927Z,loan_to_customer,1,192,200,16.073400,
segmentation_only,10,2,perf-segmentation_only-r010-20260818T053927Z,loan_to_customer,1,193,200,15.595300,
segmentation_only,10,2,perf-segmentation_only-r010-20260818T053927Z,loan_to_customer,1,194,200,14.806200,
segmentation_only,10,2,perf-segmentation_only-r010-20260818T053927Z,loan_to_customer,1,195,200,13.843000,
segmentation_only,10,2,perf-segmentation_only-r010-20260818T053927Z,loan_to_customer,1,196,200,14.174500,
segmentation_only,10,2,perf-segmentation_only-r010-20260818T053927Z,loan_to_customer,1,197,200,15.065500,
segmentation_only,10,2,perf-segmentation_only-r010-20260818T053927Z,loan_to_customer,1,198,200,14.771200,
segmentation_only,10,2,perf-segmentation_only-r010-20260818T053927Z,loan_to_customer,1,199,200,14.592100,
segmentation_only,10,2,perf-segmentation_only-r010-20260818T053927Z,loan_to_customer,1,200,200,14.717600,
segmentation_only,10,2,perf-segmentation_only-r010-20260818T053927Z,loan_to_customer,2,1,200,14.929200,
segmentation_only,10,2,perf-segmentation_only-r010-20260818T053927Z,loan_to_customer,2,2,200,14.806700,
segmentation_only,10,2,perf-segmentation_only-r010-20260818T053927Z,loan_to_customer,2,3,200,15.109000,
segmentation_only,10,2,perf-segmentation_only-r010-20260818T053927Z,loan_to_customer,2,4,200,14.227200,
segmentation_only,10,2,perf-segmentation_only-r010-20260818T053927Z,loan_to_customer,2,5,200,14.462600,
segmentation_only,10,2,perf-segmentation_only-r010-20260818T053927Z,loan_to_customer,2,6,200,14.061400,
segmentation_only,10,2,perf-segmentation_only-r010-20260818T053927Z,loan_to_customer,2,7,200,14.437900,
segmentation_only,10,2,perf-segmentation_only-r010-20260818T053927Z,loan_to_customer,2,8,200,14.424400,
segmentation_only,10,2,perf-segmentation_only-r010-20260818T053927Z,loan_to_customer,2,9,200,14.818600,
segmentation_only,10,2,perf-segmentation_only-r010-20260818T053927Z,loan_to_customer,2,10,200,14.868800,
segmentation_only,10,2,perf-segmentation_only-r010-20260818T053927Z,loan_to_customer,2,11,200,14.336600,
segmentation_only,10,2,perf-segmentation_only-r010-20260818T053927Z,loan_to_customer,2,12,200,14.163800,
segmentation_only,10,2,perf-segmentation_only-r010-20260818T053927Z,loan_to_customer,2,13,200,14.545400,
segmentation_only,10,2,perf-segmentation_only-r010-20260818T053927Z,loan_to_customer,2,14,200,14.634700,
segmentation_only,10,2,perf-segmentation_only-r010-20260818T053927Z,loan_to_customer,2,15,200,13.959800,
segmentation_only,10,2,perf-segmentation_only-r010-20260818T053927Z,loan_to_customer,2,16,200,14.019900,
segmentation_only,10,2,perf-segmentation_only-r010-20260818T053927Z,loan_to_customer,2,17,200,14.861500,
segmentation_only,10,2,perf-segmentation_only-r010-20260818T053927Z,loan_to_customer,2,18,200,15.489500,
segmentation_only,10,2,perf-segmentation_only-r010-20260818T053927Z,loan_to_customer,2,19,200,15.730300,
segmentation_only,10,2,perf-segmentation_only-r010-20260818T053927Z,loan_to_customer,2,20,200,15.080800,
segmentation_only,10,2,perf-segmentation_only-r010-20260818T053927Z,loan_to_customer,2,21,200,14.768800,
segmentation_only,10,2,perf-segmentation_only-r010-20260818T053927Z,loan_to_customer,2,22,200,14.732500,
segmentation_only,10,2,perf-segmentation_only-r010-20260818T053927Z,loan_to_customer,2,23,200,14.908000,
segmentation_only,10,2,perf-segmentation_only-r010-20260818T053927Z,loan_to_customer,2,24,200,15.379700,
segmentation_only,10,2,perf-segmentation_only-r010-20260818T053927Z,loan_to_customer,2,25,200,15.922800,
segmentation_only,10,2,perf-segmentation_only-r010-20260818T053927Z,loan_to_customer,2,26,200,15.393600,
segmentation_only,10,2,perf-segmentation_only-r010-20260818T053927Z,loan_to_customer,2,27,200,18.123400,
segmentation_only,10,2,perf-segmentation_only-r010-20260818T053927Z,loan_to_customer,2,28,200,16.537400,
segmentation_only,10,2,perf-segmentation_only-r010-20260818T053927Z,loan_to_customer,2,29,200,16.915400,
segmentation_only,10,2,perf-segmentation_only-r010-20260818T053927Z,loan_to_customer,2,30,200,16.834300,
segmentation_only,10,2,perf-segmentation_only-r010-20260818T053927Z,loan_to_customer,2,31,200,19.522700,
segmentation_only,10,2,perf-segmentation_only-r010-20260818T053927Z,loan_to_customer,2,32,200,19.141300,
segmentation_only,10,2,perf-segmentation_only-r010-20260818T053927Z,loan_to_customer,2,33,200,18.811600,
segmentation_only,10,2,perf-segmentation_only-r010-20260818T053927Z,loan_to_customer,2,34,200,19.502400,
segmentation_only,10,2,perf-segmentation_only-r010-20260818T053927Z,loan_to_customer,2,35,200,15.883300,
segmentation_only,10,2,perf-segmentation_only-r010-20260818T053927Z,loan_to_customer,2,36,200,14.302900,
segmentation_only,10,2,perf-segmentation_only-r010-20260818T053927Z,loan_to_customer,2,37,200,14.575300,
segmentation_only,10,2,perf-segmentation_only-r010-20260818T053927Z,loan_to_customer,2,38,200,17.483300,
segmentation_only,10,2,perf-segmentation_only-r010-20260818T053927Z,loan_to_customer,2,39,200,14.447000,
segmentation_only,10,2,perf-segmentation_only-r010-20260818T053927Z,loan_to_customer,2,40,200,14.219400,
segmentation_only,10,2,perf-segmentation_only-r010-20260818T053927Z,loan_to_customer,2,41,200,15.559600,
segmentation_only,10,2,perf-segmentation_only-r010-20260818T053927Z,loan_to_customer,2,42,200,15.033300,
segmentation_only,10,2,perf-segmentation_only-r010-20260818T053927Z,loan_to_customer,2,43,200,15.664300,
segmentation_only,10,2,perf-segmentation_only-r010-20260818T053927Z,loan_to_customer,2,44,200,15.786300,
segmentation_only,10,2,perf-segmentation_only-r010-20260818T053927Z,loan_to_customer,2,45,200,15.476100,
segmentation_only,10,2,perf-segmentation_only-r010-20260818T053927Z,loan_to_customer,2,46,200,15.739500,
segmentation_only,10,2,perf-segmentation_only-r010-20260818T053927Z,loan_to_customer,2,47,200,15.282800,
segmentation_only,10,2,perf-segmentation_only-r010-20260818T053927Z,loan_to_customer,2,48,200,14.436900,
segmentation_only,10,2,perf-segmentation_only-r010-20260818T053927Z,loan_to_customer,2,49,200,14.487000,
segmentation_only,10,2,perf-segmentation_only-r010-20260818T053927Z,loan_to_customer,2,50,200,14.762300,
segmentation_only,10,2,perf-segmentation_only-r010-20260818T053927Z,loan_to_customer,2,51,200,14.218700,
segmentation_only,10,2,perf-segmentation_only-r010-20260818T053927Z,loan_to_customer,2,52,200,14.571400,
segmentation_only,10,2,perf-segmentation_only-r010-20260818T053927Z,loan_to_customer,2,53,200,15.271200,
segmentation_only,10,2,perf-segmentation_only-r010-20260818T053927Z,loan_to_customer,2,54,200,15.451000,
segmentation_only,10,2,perf-segmentation_only-r010-20260818T053927Z,loan_to_customer,2,55,200,15.115600,
segmentation_only,10,2,perf-segmentation_only-r010-20260818T053927Z,loan_to_customer,2,56,200,14.863500,
segmentation_only,10,2,perf-segmentation_only-r010-20260818T053927Z,loan_to_customer,2,57,200,14.209800,
segmentation_only,10,2,perf-segmentation_only-r010-20260818T053927Z,loan_to_customer,2,58,200,14.494400,
segmentation_only,10,2,perf-segmentation_only-r010-20260818T053927Z,loan_to_customer,2,59,200,14.903700,
segmentation_only,10,2,perf-segmentation_only-r010-20260818T053927Z,loan_to_customer,2,60,200,14.658100,
segmentation_only,10,2,perf-segmentation_only-r010-20260818T053927Z,loan_to_customer,2,61,200,14.537600,
segmentation_only,10,2,perf-segmentation_only-r010-20260818T053927Z,loan_to_customer,2,62,200,13.692800,
segmentation_only,10,2,perf-segmentation_only-r010-20260818T053927Z,loan_to_customer,2,63,200,14.354100,
segmentation_only,10,2,perf-segmentation_only-r010-20260818T053927Z,loan_to_customer,2,64,200,15.283400,
segmentation_only,10,2,perf-segmentation_only-r010-20260818T053927Z,loan_to_customer,2,65,200,16.901800,
segmentation_only,10,2,perf-segmentation_only-r010-20260818T053927Z,loan_to_customer,2,66,200,17.025700,
segmentation_only,10,2,perf-segmentation_only-r010-20260818T053927Z,loan_to_customer,2,67,200,16.297100,
segmentation_only,10,2,perf-segmentation_only-r010-20260818T053927Z,loan_to_customer,2,68,200,15.983500,
segmentation_only,10,2,perf-segmentation_only-r010-20260818T053927Z,loan_to_customer,2,69,200,17.203000,
segmentation_only,10,2,perf-segmentation_only-r010-20260818T053927Z,loan_to_customer,2,70,200,15.252700,
segmentation_only,10,2,perf-segmentation_only-r010-20260818T053927Z,loan_to_customer,2,71,200,14.935700,
segmentation_only,10,2,perf-segmentation_only-r010-20260818T053927Z,loan_to_customer,2,72,200,14.933800,
segmentation_only,10,2,perf-segmentation_only-r010-20260818T053927Z,loan_to_customer,2,73,200,14.539600,
segmentation_only,10,2,perf-segmentation_only-r010-20260818T053927Z,loan_to_customer,2,74,200,14.750600,
segmentation_only,10,2,perf-segmentation_only-r010-20260818T053927Z,loan_to_customer,2,75,200,15.116600,
segmentation_only,10,2,perf-segmentation_only-r010-20260818T053927Z,loan_to_customer,2,76,200,14.445200,
segmentation_only,10,2,perf-segmentation_only-r010-20260818T053927Z,loan_to_customer,2,77,200,14.399700,
segmentation_only,10,2,perf-segmentation_only-r010-20260818T053927Z,loan_to_customer,2,78,200,14.277400,
segmentation_only,10,2,perf-segmentation_only-r010-20260818T053927Z,loan_to_customer,2,79,200,14.219800,
segmentation_only,10,2,perf-segmentation_only-r010-20260818T053927Z,loan_to_customer,2,80,200,14.227600,
segmentation_only,10,2,perf-segmentation_only-r010-20260818T053927Z,loan_to_customer,2,81,200,14.887800,
segmentation_only,10,2,perf-segmentation_only-r010-20260818T053927Z,loan_to_customer,2,82,200,15.345800,
segmentation_only,10,2,perf-segmentation_only-r010-20260818T053927Z,loan_to_customer,2,83,200,14.571400,
segmentation_only,10,2,perf-segmentation_only-r010-20260818T053927Z,loan_to_customer,2,84,200,13.947900,
segmentation_only,10,2,perf-segmentation_only-r010-20260818T053927Z,loan_to_customer,2,85,200,13.630400,
segmentation_only,10,2,perf-segmentation_only-r010-20260818T053927Z,loan_to_customer,2,86,200,14.401000,
segmentation_only,10,2,perf-segmentation_only-r010-20260818T053927Z,loan_to_customer,2,87,200,14.149300,
segmentation_only,10,2,perf-segmentation_only-r010-20260818T053927Z,loan_to_customer,2,88,200,14.357700,
segmentation_only,10,2,perf-segmentation_only-r010-20260818T053927Z,loan_to_customer,2,89,200,14.417000,
segmentation_only,10,2,perf-segmentation_only-r010-20260818T053927Z,loan_to_customer,2,90,200,14.393900,
segmentation_only,10,2,perf-segmentation_only-r010-20260818T053927Z,loan_to_customer,2,91,200,14.538800,
segmentation_only,10,2,perf-segmentation_only-r010-20260818T053927Z,loan_to_customer,2,92,200,14.998600,
segmentation_only,10,2,perf-segmentation_only-r010-20260818T053927Z,loan_to_customer,2,93,200,14.898400,
segmentation_only,10,2,perf-segmentation_only-r010-20260818T053927Z,loan_to_customer,2,94,200,15.574100,
segmentation_only,10,2,perf-segmentation_only-r010-20260818T053927Z,loan_to_customer,2,95,200,14.554100,
segmentation_only,10,2,perf-segmentation_only-r010-20260818T053927Z,loan_to_customer,2,96,200,15.629900,
segmentation_only,10,2,perf-segmentation_only-r010-20260818T053927Z,loan_to_customer,2,97,200,15.681100,
segmentation_only,10,2,perf-segmentation_only-r010-20260818T053927Z,loan_to_customer,2,98,200,14.703900,
segmentation_only,10,2,perf-segmentation_only-r010-20260818T053927Z,loan_to_customer,2,99,200,15.774700,
segmentation_only,10,2,perf-segmentation_only-r010-20260818T053927Z,loan_to_customer,2,100,200,16.421600,
segmentation_only,10,2,perf-segmentation_only-r010-20260818T053927Z,loan_to_customer,2,101,200,15.290600,
segmentation_only,10,2,perf-segmentation_only-r010-20260818T053927Z,loan_to_customer,2,102,200,14.632300,
segmentation_only,10,2,perf-segmentation_only-r010-20260818T053927Z,loan_to_customer,2,103,200,14.766400,
segmentation_only,10,2,perf-segmentation_only-r010-20260818T053927Z,loan_to_customer,2,104,200,14.804700,
segmentation_only,10,2,perf-segmentation_only-r010-20260818T053927Z,loan_to_customer,2,105,200,14.364300,
segmentation_only,10,2,perf-segmentation_only-r010-20260818T053927Z,loan_to_customer,2,106,200,15.409600,
segmentation_only,10,2,perf-segmentation_only-r010-20260818T053927Z,loan_to_customer,2,107,200,14.439500,
segmentation_only,10,2,perf-segmentation_only-r010-20260818T053927Z,loan_to_customer,2,108,200,14.441000,
segmentation_only,10,2,perf-segmentation_only-r010-20260818T053927Z,loan_to_customer,2,109,200,13.892500,
segmentation_only,10,2,perf-segmentation_only-r010-20260818T053927Z,loan_to_customer,2,110,200,14.694100,
segmentation_only,10,2,perf-segmentation_only-r010-20260818T053927Z,loan_to_customer,2,111,200,13.673800,
segmentation_only,10,2,perf-segmentation_only-r010-20260818T053927Z,loan_to_customer,2,112,200,14.519800,
segmentation_only,10,2,perf-segmentation_only-r010-20260818T053927Z,loan_to_customer,2,113,200,14.564400,
segmentation_only,10,2,perf-segmentation_only-r010-20260818T053927Z,loan_to_customer,2,114,200,14.652100,
segmentation_only,10,2,perf-segmentation_only-r010-20260818T053927Z,loan_to_customer,2,115,200,13.930900,
segmentation_only,10,2,perf-segmentation_only-r010-20260818T053927Z,loan_to_customer,2,116,200,13.987000,
segmentation_only,10,2,perf-segmentation_only-r010-20260818T053927Z,loan_to_customer,2,117,200,14.560200,
segmentation_only,10,2,perf-segmentation_only-r010-20260818T053927Z,loan_to_customer,2,118,200,14.288800,
segmentation_only,10,2,perf-segmentation_only-r010-20260818T053927Z,loan_to_customer,2,119,200,14.022000,
segmentation_only,10,2,perf-segmentation_only-r010-20260818T053927Z,loan_to_customer,2,120,200,14.582000,
segmentation_only,10,2,perf-segmentation_only-r010-20260818T053927Z,loan_to_customer,2,121,200,13.969600,
segmentation_only,10,2,perf-segmentation_only-r010-20260818T053927Z,loan_to_customer,2,122,200,13.989600,
segmentation_only,10,2,perf-segmentation_only-r010-20260818T053927Z,loan_to_customer,2,123,200,13.956200,
segmentation_only,10,2,perf-segmentation_only-r010-20260818T053927Z,loan_to_customer,2,124,200,14.236600,
segmentation_only,10,2,perf-segmentation_only-r010-20260818T053927Z,loan_to_customer,2,125,200,13.292500,
segmentation_only,10,2,perf-segmentation_only-r010-20260818T053927Z,loan_to_customer,2,126,200,14.060100,
segmentation_only,10,2,perf-segmentation_only-r010-20260818T053927Z,loan_to_customer,2,127,200,14.481900,
segmentation_only,10,2,perf-segmentation_only-r010-20260818T053927Z,loan_to_customer,2,128,200,17.845800,
segmentation_only,10,2,perf-segmentation_only-r010-20260818T053927Z,loan_to_customer,2,129,200,18.306100,
segmentation_only,10,2,perf-segmentation_only-r010-20260818T053927Z,loan_to_customer,2,130,200,15.400300,
segmentation_only,10,2,perf-segmentation_only-r010-20260818T053927Z,loan_to_customer,2,131,200,15.027100,
segmentation_only,10,2,perf-segmentation_only-r010-20260818T053927Z,loan_to_customer,2,132,200,15.295300,
segmentation_only,10,2,perf-segmentation_only-r010-20260818T053927Z,loan_to_customer,2,133,200,15.039000,
segmentation_only,10,2,perf-segmentation_only-r010-20260818T053927Z,loan_to_customer,2,134,200,14.823200,
segmentation_only,10,2,perf-segmentation_only-r010-20260818T053927Z,loan_to_customer,2,135,200,14.555600,
segmentation_only,10,2,perf-segmentation_only-r010-20260818T053927Z,loan_to_customer,2,136,200,15.744000,
segmentation_only,10,2,perf-segmentation_only-r010-20260818T053927Z,loan_to_customer,2,137,200,14.666400,
segmentation_only,10,2,perf-segmentation_only-r010-20260818T053927Z,loan_to_customer,2,138,200,14.792000,
segmentation_only,10,2,perf-segmentation_only-r010-20260818T053927Z,loan_to_customer,2,139,200,14.067700,
segmentation_only,10,2,perf-segmentation_only-r010-20260818T053927Z,loan_to_customer,2,140,200,14.385500,
segmentation_only,10,2,perf-segmentation_only-r010-20260818T053927Z,loan_to_customer,2,141,200,13.884600,
segmentation_only,10,2,perf-segmentation_only-r010-20260818T053927Z,loan_to_customer,2,142,200,14.389200,
segmentation_only,10,2,perf-segmentation_only-r010-20260818T053927Z,loan_to_customer,2,143,200,14.162400,
segmentation_only,10,2,perf-segmentation_only-r010-20260818T053927Z,loan_to_customer,2,144,200,14.198500,
segmentation_only,10,2,perf-segmentation_only-r010-20260818T053927Z,loan_to_customer,2,145,200,14.231200,
segmentation_only,10,2,perf-segmentation_only-r010-20260818T053927Z,loan_to_customer,2,146,200,14.173200,
segmentation_only,10,2,perf-segmentation_only-r010-20260818T053927Z,loan_to_customer,2,147,200,13.700700,
segmentation_only,10,2,perf-segmentation_only-r010-20260818T053927Z,loan_to_customer,2,148,200,16.649800,
segmentation_only,10,2,perf-segmentation_only-r010-20260818T053927Z,loan_to_customer,2,149,200,14.960900,
segmentation_only,10,2,perf-segmentation_only-r010-20260818T053927Z,loan_to_customer,2,150,200,14.953900,
segmentation_only,10,2,perf-segmentation_only-r010-20260818T053927Z,loan_to_customer,2,151,200,15.209800,
segmentation_only,10,2,perf-segmentation_only-r010-20260818T053927Z,loan_to_customer,2,152,200,15.090700,
segmentation_only,10,2,perf-segmentation_only-r010-20260818T053927Z,loan_to_customer,2,153,200,15.214400,
segmentation_only,10,2,perf-segmentation_only-r010-20260818T053927Z,loan_to_customer,2,154,200,15.085200,
segmentation_only,10,2,perf-segmentation_only-r010-20260818T053927Z,loan_to_customer,2,155,200,14.889700,
segmentation_only,10,2,perf-segmentation_only-r010-20260818T053927Z,loan_to_customer,2,156,200,15.074600,
segmentation_only,10,2,perf-segmentation_only-r010-20260818T053927Z,loan_to_customer,2,157,200,15.544900,
segmentation_only,10,2,perf-segmentation_only-r010-20260818T053927Z,loan_to_customer,2,158,200,15.649000,
segmentation_only,10,2,perf-segmentation_only-r010-20260818T053927Z,loan_to_customer,2,159,200,14.826100,
segmentation_only,10,2,perf-segmentation_only-r010-20260818T053927Z,loan_to_customer,2,160,200,15.050500,
segmentation_only,10,2,perf-segmentation_only-r010-20260818T053927Z,loan_to_customer,2,161,200,15.177200,
segmentation_only,10,2,perf-segmentation_only-r010-20260818T053927Z,loan_to_customer,2,162,200,15.578900,
segmentation_only,10,2,perf-segmentation_only-r010-20260818T053927Z,loan_to_customer,2,163,200,14.184900,
segmentation_only,10,2,perf-segmentation_only-r010-20260818T053927Z,loan_to_customer,2,164,200,15.258200,
segmentation_only,10,2,perf-segmentation_only-r010-20260818T053927Z,loan_to_customer,2,165,200,14.964800,
segmentation_only,10,2,perf-segmentation_only-r010-20260818T053927Z,loan_to_customer,2,166,200,14.450100,
segmentation_only,10,2,perf-segmentation_only-r010-20260818T053927Z,loan_to_customer,2,167,200,14.393200,
segmentation_only,10,2,perf-segmentation_only-r010-20260818T053927Z,loan_to_customer,2,168,200,15.581800,
segmentation_only,10,2,perf-segmentation_only-r010-20260818T053927Z,loan_to_customer,2,169,200,17.933800,
segmentation_only,10,2,perf-segmentation_only-r010-20260818T053927Z,loan_to_customer,2,170,200,15.857300,
segmentation_only,10,2,perf-segmentation_only-r010-20260818T053927Z,loan_to_customer,2,171,200,16.535900,
segmentation_only,10,2,perf-segmentation_only-r010-20260818T053927Z,loan_to_customer,2,172,200,16.300100,
segmentation_only,10,2,perf-segmentation_only-r010-20260818T053927Z,loan_to_customer,2,173,200,16.246400,
segmentation_only,10,2,perf-segmentation_only-r010-20260818T053927Z,loan_to_customer,2,174,200,15.059200,
segmentation_only,10,2,perf-segmentation_only-r010-20260818T053927Z,loan_to_customer,2,175,200,14.534200,
segmentation_only,10,2,perf-segmentation_only-r010-20260818T053927Z,loan_to_customer,2,176,200,14.432400,
segmentation_only,10,2,perf-segmentation_only-r010-20260818T053927Z,loan_to_customer,2,177,200,14.774300,
segmentation_only,10,2,perf-segmentation_only-r010-20260818T053927Z,loan_to_customer,2,178,200,14.750800,
segmentation_only,10,2,perf-segmentation_only-r010-20260818T053927Z,loan_to_customer,2,179,200,14.743300,
segmentation_only,10,2,perf-segmentation_only-r010-20260818T053927Z,loan_to_customer,2,180,200,14.436300,
segmentation_only,10,2,perf-segmentation_only-r010-20260818T053927Z,loan_to_customer,2,181,200,14.187100,
segmentation_only,10,2,perf-segmentation_only-r010-20260818T053927Z,loan_to_customer,2,182,200,14.009900,
segmentation_only,10,2,perf-segmentation_only-r010-20260818T053927Z,loan_to_customer,2,183,200,14.638800,
segmentation_only,10,2,perf-segmentation_only-r010-20260818T053927Z,loan_to_customer,2,184,200,14.985800,
segmentation_only,10,2,perf-segmentation_only-r010-20260818T053927Z,loan_to_customer,2,185,200,13.980200,
segmentation_only,10,2,perf-segmentation_only-r010-20260818T053927Z,loan_to_customer,2,186,200,14.087200,
segmentation_only,10,2,perf-segmentation_only-r010-20260818T053927Z,loan_to_customer,2,187,200,14.630600,
segmentation_only,10,2,perf-segmentation_only-r010-20260818T053927Z,loan_to_customer,2,188,200,14.759700,
segmentation_only,10,2,perf-segmentation_only-r010-20260818T053927Z,loan_to_customer,2,189,200,14.065200,
segmentation_only,10,2,perf-segmentation_only-r010-20260818T053927Z,loan_to_customer,2,190,200,14.964300,
segmentation_only,10,2,perf-segmentation_only-r010-20260818T053927Z,loan_to_customer,2,191,200,14.632800,
segmentation_only,10,2,perf-segmentation_only-r010-20260818T053927Z,loan_to_customer,2,192,200,14.495000,
segmentation_only,10,2,perf-segmentation_only-r010-20260818T053927Z,loan_to_customer,2,193,200,14.001800,
segmentation_only,10,2,perf-segmentation_only-r010-20260818T053927Z,loan_to_customer,2,194,200,14.276900,
segmentation_only,10,2,perf-segmentation_only-r010-20260818T053927Z,loan_to_customer,2,195,200,15.052100,
segmentation_only,10,2,perf-segmentation_only-r010-20260818T053927Z,loan_to_customer,2,196,200,14.824100,
segmentation_only,10,2,perf-segmentation_only-r010-20260818T053927Z,loan_to_customer,2,197,200,13.868300,
segmentation_only,10,2,perf-segmentation_only-r010-20260818T053927Z,loan_to_customer,2,198,200,14.886000,
segmentation_only,10,2,perf-segmentation_only-r010-20260818T053927Z,loan_to_customer,2,199,200,14.523900,
segmentation_only,10,2,perf-segmentation_only-r010-20260818T053927Z,loan_to_customer,2,200,200,14.730300,
segmentation_only,10,2,perf-segmentation_only-r010-20260818T053927Z,loan_to_customer,3,1,200,14.707700,
segmentation_only,10,2,perf-segmentation_only-r010-20260818T053927Z,loan_to_customer,3,2,200,13.699100,
segmentation_only,10,2,perf-segmentation_only-r010-20260818T053927Z,loan_to_customer,3,3,200,14.453100,
segmentation_only,10,2,perf-segmentation_only-r010-20260818T053927Z,loan_to_customer,3,4,200,14.103500,
segmentation_only,10,2,perf-segmentation_only-r010-20260818T053927Z,loan_to_customer,3,5,200,15.588700,
segmentation_only,10,2,perf-segmentation_only-r010-20260818T053927Z,loan_to_customer,3,6,200,15.264600,
segmentation_only,10,2,perf-segmentation_only-r010-20260818T053927Z,loan_to_customer,3,7,200,14.843800,
segmentation_only,10,2,perf-segmentation_only-r010-20260818T053927Z,loan_to_customer,3,8,200,15.070000,
segmentation_only,10,2,perf-segmentation_only-r010-20260818T053927Z,loan_to_customer,3,9,200,14.325200,
segmentation_only,10,2,perf-segmentation_only-r010-20260818T053927Z,loan_to_customer,3,10,200,13.941500,
segmentation_only,10,2,perf-segmentation_only-r010-20260818T053927Z,loan_to_customer,3,11,200,14.277100,
segmentation_only,10,2,perf-segmentation_only-r010-20260818T053927Z,loan_to_customer,3,12,200,14.160900,
segmentation_only,10,2,perf-segmentation_only-r010-20260818T053927Z,loan_to_customer,3,13,200,14.156700,
segmentation_only,10,2,perf-segmentation_only-r010-20260818T053927Z,loan_to_customer,3,14,200,14.059800,
segmentation_only,10,2,perf-segmentation_only-r010-20260818T053927Z,loan_to_customer,3,15,200,14.313100,
segmentation_only,10,2,perf-segmentation_only-r010-20260818T053927Z,loan_to_customer,3,16,200,13.903300,
segmentation_only,10,2,perf-segmentation_only-r010-20260818T053927Z,loan_to_customer,3,17,200,14.472500,
segmentation_only,10,2,perf-segmentation_only-r010-20260818T053927Z,loan_to_customer,3,18,200,13.989100,
segmentation_only,10,2,perf-segmentation_only-r010-20260818T053927Z,loan_to_customer,3,19,200,14.685100,
segmentation_only,10,2,perf-segmentation_only-r010-20260818T053927Z,loan_to_customer,3,20,200,14.574100,
segmentation_only,10,2,perf-segmentation_only-r010-20260818T053927Z,loan_to_customer,3,21,200,14.944700,
segmentation_only,10,2,perf-segmentation_only-r010-20260818T053927Z,loan_to_customer,3,22,200,14.205400,
segmentation_only,10,2,perf-segmentation_only-r010-20260818T053927Z,loan_to_customer,3,23,200,13.969400,
segmentation_only,10,2,perf-segmentation_only-r010-20260818T053927Z,loan_to_customer,3,24,200,14.555700,
segmentation_only,10,2,perf-segmentation_only-r010-20260818T053927Z,loan_to_customer,3,25,200,13.877500,
segmentation_only,10,2,perf-segmentation_only-r010-20260818T053927Z,loan_to_customer,3,26,200,14.455700,
segmentation_only,10,2,perf-segmentation_only-r010-20260818T053927Z,loan_to_customer,3,27,200,14.188000,
segmentation_only,10,2,perf-segmentation_only-r010-20260818T053927Z,loan_to_customer,3,28,200,13.832200,
segmentation_only,10,2,perf-segmentation_only-r010-20260818T053927Z,loan_to_customer,3,29,200,14.772800,
segmentation_only,10,2,perf-segmentation_only-r010-20260818T053927Z,loan_to_customer,3,30,200,14.219700,
segmentation_only,10,2,perf-segmentation_only-r010-20260818T053927Z,loan_to_customer,3,31,200,14.087500,
segmentation_only,10,2,perf-segmentation_only-r010-20260818T053927Z,loan_to_customer,3,32,200,14.228500,
segmentation_only,10,2,perf-segmentation_only-r010-20260818T053927Z,loan_to_customer,3,33,200,14.254300,
segmentation_only,10,2,perf-segmentation_only-r010-20260818T053927Z,loan_to_customer,3,34,200,14.435900,
segmentation_only,10,2,perf-segmentation_only-r010-20260818T053927Z,loan_to_customer,3,35,200,14.364000,
segmentation_only,10,2,perf-segmentation_only-r010-20260818T053927Z,loan_to_customer,3,36,200,15.067800,
segmentation_only,10,2,perf-segmentation_only-r010-20260818T053927Z,loan_to_customer,3,37,200,13.857000,
segmentation_only,10,2,perf-segmentation_only-r010-20260818T053927Z,loan_to_customer,3,38,200,13.876600,
segmentation_only,10,2,perf-segmentation_only-r010-20260818T053927Z,loan_to_customer,3,39,200,14.135200,
segmentation_only,10,2,perf-segmentation_only-r010-20260818T053927Z,loan_to_customer,3,40,200,13.656000,
segmentation_only,10,2,perf-segmentation_only-r010-20260818T053927Z,loan_to_customer,3,41,200,14.347600,
segmentation_only,10,2,perf-segmentation_only-r010-20260818T053927Z,loan_to_customer,3,42,200,15.013800,
segmentation_only,10,2,perf-segmentation_only-r010-20260818T053927Z,loan_to_customer,3,43,200,15.232900,
segmentation_only,10,2,perf-segmentation_only-r010-20260818T053927Z,loan_to_customer,3,44,200,15.617700,
segmentation_only,10,2,perf-segmentation_only-r010-20260818T053927Z,loan_to_customer,3,45,200,15.431100,
segmentation_only,10,2,perf-segmentation_only-r010-20260818T053927Z,loan_to_customer,3,46,200,14.469900,
segmentation_only,10,2,perf-segmentation_only-r010-20260818T053927Z,loan_to_customer,3,47,200,14.169700,
segmentation_only,10,2,perf-segmentation_only-r010-20260818T053927Z,loan_to_customer,3,48,200,14.509600,
segmentation_only,10,2,perf-segmentation_only-r010-20260818T053927Z,loan_to_customer,3,49,200,14.468600,
segmentation_only,10,2,perf-segmentation_only-r010-20260818T053927Z,loan_to_customer,3,50,200,14.655500,
segmentation_only,10,2,perf-segmentation_only-r010-20260818T053927Z,loan_to_customer,3,51,200,14.481600,
segmentation_only,10,2,perf-segmentation_only-r010-20260818T053927Z,loan_to_customer,3,52,200,15.071500,
segmentation_only,10,2,perf-segmentation_only-r010-20260818T053927Z,loan_to_customer,3,53,200,14.314300,
segmentation_only,10,2,perf-segmentation_only-r010-20260818T053927Z,loan_to_customer,3,54,200,15.144000,
segmentation_only,10,2,perf-segmentation_only-r010-20260818T053927Z,loan_to_customer,3,55,200,14.529100,
segmentation_only,10,2,perf-segmentation_only-r010-20260818T053927Z,loan_to_customer,3,56,200,15.279600,
segmentation_only,10,2,perf-segmentation_only-r010-20260818T053927Z,loan_to_customer,3,57,200,15.188500,
segmentation_only,10,2,perf-segmentation_only-r010-20260818T053927Z,loan_to_customer,3,58,200,14.550800,
segmentation_only,10,2,perf-segmentation_only-r010-20260818T053927Z,loan_to_customer,3,59,200,15.006400,
segmentation_only,10,2,perf-segmentation_only-r010-20260818T053927Z,loan_to_customer,3,60,200,14.401100,
segmentation_only,10,2,perf-segmentation_only-r010-20260818T053927Z,loan_to_customer,3,61,200,13.816000,
segmentation_only,10,2,perf-segmentation_only-r010-20260818T053927Z,loan_to_customer,3,62,200,13.708500,
segmentation_only,10,2,perf-segmentation_only-r010-20260818T053927Z,loan_to_customer,3,63,200,14.325300,
segmentation_only,10,2,perf-segmentation_only-r010-20260818T053927Z,loan_to_customer,3,64,200,13.871900,
segmentation_only,10,2,perf-segmentation_only-r010-20260818T053927Z,loan_to_customer,3,65,200,13.863300,
segmentation_only,10,2,perf-segmentation_only-r010-20260818T053927Z,loan_to_customer,3,66,200,13.784600,
segmentation_only,10,2,perf-segmentation_only-r010-20260818T053927Z,loan_to_customer,3,67,200,13.962100,
segmentation_only,10,2,perf-segmentation_only-r010-20260818T053927Z,loan_to_customer,3,68,200,14.342300,
segmentation_only,10,2,perf-segmentation_only-r010-20260818T053927Z,loan_to_customer,3,69,200,13.911600,
segmentation_only,10,2,perf-segmentation_only-r010-20260818T053927Z,loan_to_customer,3,70,200,13.784300,
segmentation_only,10,2,perf-segmentation_only-r010-20260818T053927Z,loan_to_customer,3,71,200,14.961500,
segmentation_only,10,2,perf-segmentation_only-r010-20260818T053927Z,loan_to_customer,3,72,200,14.880200,
segmentation_only,10,2,perf-segmentation_only-r010-20260818T053927Z,loan_to_customer,3,73,200,14.361600,
segmentation_only,10,2,perf-segmentation_only-r010-20260818T053927Z,loan_to_customer,3,74,200,14.849100,
segmentation_only,10,2,perf-segmentation_only-r010-20260818T053927Z,loan_to_customer,3,75,200,15.944700,
segmentation_only,10,2,perf-segmentation_only-r010-20260818T053927Z,loan_to_customer,3,76,200,14.222900,
segmentation_only,10,2,perf-segmentation_only-r010-20260818T053927Z,loan_to_customer,3,77,200,14.364200,
segmentation_only,10,2,perf-segmentation_only-r010-20260818T053927Z,loan_to_customer,3,78,200,14.896900,
segmentation_only,10,2,perf-segmentation_only-r010-20260818T053927Z,loan_to_customer,3,79,200,15.157400,
segmentation_only,10,2,perf-segmentation_only-r010-20260818T053927Z,loan_to_customer,3,80,200,14.765000,
segmentation_only,10,2,perf-segmentation_only-r010-20260818T053927Z,loan_to_customer,3,81,200,14.310700,
segmentation_only,10,2,perf-segmentation_only-r010-20260818T053927Z,loan_to_customer,3,82,200,14.600600,
segmentation_only,10,2,perf-segmentation_only-r010-20260818T053927Z,loan_to_customer,3,83,200,14.555600,
segmentation_only,10,2,perf-segmentation_only-r010-20260818T053927Z,loan_to_customer,3,84,200,15.737300,
segmentation_only,10,2,perf-segmentation_only-r010-20260818T053927Z,loan_to_customer,3,85,200,14.884000,
segmentation_only,10,2,perf-segmentation_only-r010-20260818T053927Z,loan_to_customer,3,86,200,13.849700,
segmentation_only,10,2,perf-segmentation_only-r010-20260818T053927Z,loan_to_customer,3,87,200,14.683500,
segmentation_only,10,2,perf-segmentation_only-r010-20260818T053927Z,loan_to_customer,3,88,200,14.292200,
segmentation_only,10,2,perf-segmentation_only-r010-20260818T053927Z,loan_to_customer,3,89,200,13.716500,
segmentation_only,10,2,perf-segmentation_only-r010-20260818T053927Z,loan_to_customer,3,90,200,13.940300,
segmentation_only,10,2,perf-segmentation_only-r010-20260818T053927Z,loan_to_customer,3,91,200,14.306600,
segmentation_only,10,2,perf-segmentation_only-r010-20260818T053927Z,loan_to_customer,3,92,200,14.862600,
segmentation_only,10,2,perf-segmentation_only-r010-20260818T053927Z,loan_to_customer,3,93,200,14.000300,
segmentation_only,10,2,perf-segmentation_only-r010-20260818T053927Z,loan_to_customer,3,94,200,14.336400,
segmentation_only,10,2,perf-segmentation_only-r010-20260818T053927Z,loan_to_customer,3,95,200,14.470900,
segmentation_only,10,2,perf-segmentation_only-r010-20260818T053927Z,loan_to_customer,3,96,200,14.442300,
segmentation_only,10,2,perf-segmentation_only-r010-20260818T053927Z,loan_to_customer,3,97,200,14.795200,
segmentation_only,10,2,perf-segmentation_only-r010-20260818T053927Z,loan_to_customer,3,98,200,14.696600,
segmentation_only,10,2,perf-segmentation_only-r010-20260818T053927Z,loan_to_customer,3,99,200,14.613000,
segmentation_only,10,2,perf-segmentation_only-r010-20260818T053927Z,loan_to_customer,3,100,200,15.383500,
segmentation_only,10,2,perf-segmentation_only-r010-20260818T053927Z,loan_to_customer,3,101,200,15.785800,
segmentation_only,10,2,perf-segmentation_only-r010-20260818T053927Z,loan_to_customer,3,102,200,15.308500,
segmentation_only,10,2,perf-segmentation_only-r010-20260818T053927Z,loan_to_customer,3,103,200,15.331700,
segmentation_only,10,2,perf-segmentation_only-r010-20260818T053927Z,loan_to_customer,3,104,200,15.157500,
segmentation_only,10,2,perf-segmentation_only-r010-20260818T053927Z,loan_to_customer,3,105,200,15.425700,
segmentation_only,10,2,perf-segmentation_only-r010-20260818T053927Z,loan_to_customer,3,106,200,15.976300,
segmentation_only,10,2,perf-segmentation_only-r010-20260818T053927Z,loan_to_customer,3,107,200,15.317600,
segmentation_only,10,2,perf-segmentation_only-r010-20260818T053927Z,loan_to_customer,3,108,200,17.471600,
segmentation_only,10,2,perf-segmentation_only-r010-20260818T053927Z,loan_to_customer,3,109,200,14.574400,
segmentation_only,10,2,perf-segmentation_only-r010-20260818T053927Z,loan_to_customer,3,110,200,14.334400,
segmentation_only,10,2,perf-segmentation_only-r010-20260818T053927Z,loan_to_customer,3,111,200,14.906100,
segmentation_only,10,2,perf-segmentation_only-r010-20260818T053927Z,loan_to_customer,3,112,200,15.017500,
segmentation_only,10,2,perf-segmentation_only-r010-20260818T053927Z,loan_to_customer,3,113,200,14.957600,
segmentation_only,10,2,perf-segmentation_only-r010-20260818T053927Z,loan_to_customer,3,114,200,14.995200,
segmentation_only,10,2,perf-segmentation_only-r010-20260818T053927Z,loan_to_customer,3,115,200,14.517900,
segmentation_only,10,2,perf-segmentation_only-r010-20260818T053927Z,loan_to_customer,3,116,200,14.100000,
segmentation_only,10,2,perf-segmentation_only-r010-20260818T053927Z,loan_to_customer,3,117,200,14.635600,
segmentation_only,10,2,perf-segmentation_only-r010-20260818T053927Z,loan_to_customer,3,118,200,13.820700,
segmentation_only,10,2,perf-segmentation_only-r010-20260818T053927Z,loan_to_customer,3,119,200,14.112300,
segmentation_only,10,2,perf-segmentation_only-r010-20260818T053927Z,loan_to_customer,3,120,200,14.439300,
segmentation_only,10,2,perf-segmentation_only-r010-20260818T053927Z,loan_to_customer,3,121,200,14.301100,
segmentation_only,10,2,perf-segmentation_only-r010-20260818T053927Z,loan_to_customer,3,122,200,17.203400,
segmentation_only,10,2,perf-segmentation_only-r010-20260818T053927Z,loan_to_customer,3,123,200,14.629500,
segmentation_only,10,2,perf-segmentation_only-r010-20260818T053927Z,loan_to_customer,3,124,200,14.435700,
segmentation_only,10,2,perf-segmentation_only-r010-20260818T053927Z,loan_to_customer,3,125,200,14.051700,
segmentation_only,10,2,perf-segmentation_only-r010-20260818T053927Z,loan_to_customer,3,126,200,14.042100,
segmentation_only,10,2,perf-segmentation_only-r010-20260818T053927Z,loan_to_customer,3,127,200,13.961100,
segmentation_only,10,2,perf-segmentation_only-r010-20260818T053927Z,loan_to_customer,3,128,200,14.368800,
segmentation_only,10,2,perf-segmentation_only-r010-20260818T053927Z,loan_to_customer,3,129,200,13.753600,
segmentation_only,10,2,perf-segmentation_only-r010-20260818T053927Z,loan_to_customer,3,130,200,13.882600,
segmentation_only,10,2,perf-segmentation_only-r010-20260818T053927Z,loan_to_customer,3,131,200,14.680000,
segmentation_only,10,2,perf-segmentation_only-r010-20260818T053927Z,loan_to_customer,3,132,200,13.820900,
segmentation_only,10,2,perf-segmentation_only-r010-20260818T053927Z,loan_to_customer,3,133,200,13.722500,
segmentation_only,10,2,perf-segmentation_only-r010-20260818T053927Z,loan_to_customer,3,134,200,14.240300,
segmentation_only,10,2,perf-segmentation_only-r010-20260818T053927Z,loan_to_customer,3,135,200,14.239100,
segmentation_only,10,2,perf-segmentation_only-r010-20260818T053927Z,loan_to_customer,3,136,200,13.700700,
segmentation_only,10,2,perf-segmentation_only-r010-20260818T053927Z,loan_to_customer,3,137,200,14.327100,
segmentation_only,10,2,perf-segmentation_only-r010-20260818T053927Z,loan_to_customer,3,138,200,14.823800,
segmentation_only,10,2,perf-segmentation_only-r010-20260818T053927Z,loan_to_customer,3,139,200,13.813600,
segmentation_only,10,2,perf-segmentation_only-r010-20260818T053927Z,loan_to_customer,3,140,200,14.927300,
segmentation_only,10,2,perf-segmentation_only-r010-20260818T053927Z,loan_to_customer,3,141,200,14.398500,
segmentation_only,10,2,perf-segmentation_only-r010-20260818T053927Z,loan_to_customer,3,142,200,13.969900,
segmentation_only,10,2,perf-segmentation_only-r010-20260818T053927Z,loan_to_customer,3,143,200,14.650500,
segmentation_only,10,2,perf-segmentation_only-r010-20260818T053927Z,loan_to_customer,3,144,200,14.728800,
segmentation_only,10,2,perf-segmentation_only-r010-20260818T053927Z,loan_to_customer,3,145,200,14.543900,
segmentation_only,10,2,perf-segmentation_only-r010-20260818T053927Z,loan_to_customer,3,146,200,13.956000,
segmentation_only,10,2,perf-segmentation_only-r010-20260818T053927Z,loan_to_customer,3,147,200,14.888000,
segmentation_only,10,2,perf-segmentation_only-r010-20260818T053927Z,loan_to_customer,3,148,200,15.291900,
segmentation_only,10,2,perf-segmentation_only-r010-20260818T053927Z,loan_to_customer,3,149,200,15.820100,
segmentation_only,10,2,perf-segmentation_only-r010-20260818T053927Z,loan_to_customer,3,150,200,16.238000,
segmentation_only,10,2,perf-segmentation_only-r010-20260818T053927Z,loan_to_customer,3,151,200,16.233000,
segmentation_only,10,2,perf-segmentation_only-r010-20260818T053927Z,loan_to_customer,3,152,200,17.189300,
segmentation_only,10,2,perf-segmentation_only-r010-20260818T053927Z,loan_to_customer,3,153,200,17.253200,
segmentation_only,10,2,perf-segmentation_only-r010-20260818T053927Z,loan_to_customer,3,154,200,17.559000,
segmentation_only,10,2,perf-segmentation_only-r010-20260818T053927Z,loan_to_customer,3,155,200,17.038300,
segmentation_only,10,2,perf-segmentation_only-r010-20260818T053927Z,loan_to_customer,3,156,200,16.624600,
segmentation_only,10,2,perf-segmentation_only-r010-20260818T053927Z,loan_to_customer,3,157,200,16.504900,
segmentation_only,10,2,perf-segmentation_only-r010-20260818T053927Z,loan_to_customer,3,158,200,16.443100,
segmentation_only,10,2,perf-segmentation_only-r010-20260818T053927Z,loan_to_customer,3,159,200,17.245600,
segmentation_only,10,2,perf-segmentation_only-r010-20260818T053927Z,loan_to_customer,3,160,200,17.285300,
segmentation_only,10,2,perf-segmentation_only-r010-20260818T053927Z,loan_to_customer,3,161,200,17.193600,
segmentation_only,10,2,perf-segmentation_only-r010-20260818T053927Z,loan_to_customer,3,162,200,17.493900,
segmentation_only,10,2,perf-segmentation_only-r010-20260818T053927Z,loan_to_customer,3,163,200,16.870300,
segmentation_only,10,2,perf-segmentation_only-r010-20260818T053927Z,loan_to_customer,3,164,200,17.052500,
segmentation_only,10,2,perf-segmentation_only-r010-20260818T053927Z,loan_to_customer,3,165,200,16.803900,
segmentation_only,10,2,perf-segmentation_only-r010-20260818T053927Z,loan_to_customer,3,166,200,16.883400,
segmentation_only,10,2,perf-segmentation_only-r010-20260818T053927Z,loan_to_customer,3,167,200,15.839600,
segmentation_only,10,2,perf-segmentation_only-r010-20260818T053927Z,loan_to_customer,3,168,200,15.896500,
segmentation_only,10,2,perf-segmentation_only-r010-20260818T053927Z,loan_to_customer,3,169,200,16.324800,
segmentation_only,10,2,perf-segmentation_only-r010-20260818T053927Z,loan_to_customer,3,170,200,17.532200,
segmentation_only,10,2,perf-segmentation_only-r010-20260818T053927Z,loan_to_customer,3,171,200,17.310500,
segmentation_only,10,2,perf-segmentation_only-r010-20260818T053927Z,loan_to_customer,3,172,200,16.753700,
segmentation_only,10,2,perf-segmentation_only-r010-20260818T053927Z,loan_to_customer,3,173,200,16.532000,
segmentation_only,10,2,perf-segmentation_only-r010-20260818T053927Z,loan_to_customer,3,174,200,18.186700,
segmentation_only,10,2,perf-segmentation_only-r010-20260818T053927Z,loan_to_customer,3,175,200,16.596800,
segmentation_only,10,2,perf-segmentation_only-r010-20260818T053927Z,loan_to_customer,3,176,200,17.412700,
segmentation_only,10,2,perf-segmentation_only-r010-20260818T053927Z,loan_to_customer,3,177,200,16.772600,
segmentation_only,10,2,perf-segmentation_only-r010-20260818T053927Z,loan_to_customer,3,178,200,15.489000,
segmentation_only,10,2,perf-segmentation_only-r010-20260818T053927Z,loan_to_customer,3,179,200,17.028800,
segmentation_only,10,2,perf-segmentation_only-r010-20260818T053927Z,loan_to_customer,3,180,200,16.624600,
segmentation_only,10,2,perf-segmentation_only-r010-20260818T053927Z,loan_to_customer,3,181,200,16.456100,
segmentation_only,10,2,perf-segmentation_only-r010-20260818T053927Z,loan_to_customer,3,182,200,17.500600,
segmentation_only,10,2,perf-segmentation_only-r010-20260818T053927Z,loan_to_customer,3,183,200,16.274900,
segmentation_only,10,2,perf-segmentation_only-r010-20260818T053927Z,loan_to_customer,3,184,200,16.477100,
segmentation_only,10,2,perf-segmentation_only-r010-20260818T053927Z,loan_to_customer,3,185,200,15.685000,
segmentation_only,10,2,perf-segmentation_only-r010-20260818T053927Z,loan_to_customer,3,186,200,17.094800,
segmentation_only,10,2,perf-segmentation_only-r010-20260818T053927Z,loan_to_customer,3,187,200,16.554700,
segmentation_only,10,2,perf-segmentation_only-r010-20260818T053927Z,loan_to_customer,3,188,200,15.696100,
segmentation_only,10,2,perf-segmentation_only-r010-20260818T053927Z,loan_to_customer,3,189,200,17.107000,
segmentation_only,10,2,perf-segmentation_only-r010-20260818T053927Z,loan_to_customer,3,190,200,16.429400,
segmentation_only,10,2,perf-segmentation_only-r010-20260818T053927Z,loan_to_customer,3,191,200,15.720200,
segmentation_only,10,2,perf-segmentation_only-r010-20260818T053927Z,loan_to_customer,3,192,200,15.637500,
segmentation_only,10,2,perf-segmentation_only-r010-20260818T053927Z,loan_to_customer,3,193,200,17.122400,
segmentation_only,10,2,perf-segmentation_only-r010-20260818T053927Z,loan_to_customer,3,194,200,17.449500,
segmentation_only,10,2,perf-segmentation_only-r010-20260818T053927Z,loan_to_customer,3,195,200,17.798800,
segmentation_only,10,2,perf-segmentation_only-r010-20260818T053927Z,loan_to_customer,3,196,200,17.047900,
segmentation_only,10,2,perf-segmentation_only-r010-20260818T053927Z,loan_to_customer,3,197,200,16.799700,
segmentation_only,10,2,perf-segmentation_only-r010-20260818T053927Z,loan_to_customer,3,198,200,16.037300,
segmentation_only,10,2,perf-segmentation_only-r010-20260818T053927Z,loan_to_customer,3,199,200,15.844400,
segmentation_only,10,2,perf-segmentation_only-r010-20260818T053927Z,loan_to_customer,3,200,200,15.259500,
segmentation_only,10,2,perf-segmentation_only-r010-20260818T053927Z,loan_to_credit,1,1,200,17.356200,
segmentation_only,10,2,perf-segmentation_only-r010-20260818T053927Z,loan_to_credit,1,2,200,16.541800,
segmentation_only,10,2,perf-segmentation_only-r010-20260818T053927Z,loan_to_credit,1,3,200,15.881100,
segmentation_only,10,2,perf-segmentation_only-r010-20260818T053927Z,loan_to_credit,1,4,200,16.509800,
segmentation_only,10,2,perf-segmentation_only-r010-20260818T053927Z,loan_to_credit,1,5,200,17.634900,
segmentation_only,10,2,perf-segmentation_only-r010-20260818T053927Z,loan_to_credit,1,6,200,17.434100,
segmentation_only,10,2,perf-segmentation_only-r010-20260818T053927Z,loan_to_credit,1,7,200,17.148300,
segmentation_only,10,2,perf-segmentation_only-r010-20260818T053927Z,loan_to_credit,1,8,200,16.577900,
segmentation_only,10,2,perf-segmentation_only-r010-20260818T053927Z,loan_to_credit,1,9,200,16.716800,
segmentation_only,10,2,perf-segmentation_only-r010-20260818T053927Z,loan_to_credit,1,10,200,17.235700,
segmentation_only,10,2,perf-segmentation_only-r010-20260818T053927Z,loan_to_credit,1,11,200,17.519400,
segmentation_only,10,2,perf-segmentation_only-r010-20260818T053927Z,loan_to_credit,1,12,200,17.907900,
segmentation_only,10,2,perf-segmentation_only-r010-20260818T053927Z,loan_to_credit,1,13,200,17.987700,
segmentation_only,10,2,perf-segmentation_only-r010-20260818T053927Z,loan_to_credit,1,14,200,17.597000,
segmentation_only,10,2,perf-segmentation_only-r010-20260818T053927Z,loan_to_credit,1,15,200,16.850500,
segmentation_only,10,2,perf-segmentation_only-r010-20260818T053927Z,loan_to_credit,1,16,200,17.005400,
segmentation_only,10,2,perf-segmentation_only-r010-20260818T053927Z,loan_to_credit,1,17,200,17.006100,
segmentation_only,10,2,perf-segmentation_only-r010-20260818T053927Z,loan_to_credit,1,18,200,15.968400,
segmentation_only,10,2,perf-segmentation_only-r010-20260818T053927Z,loan_to_credit,1,19,200,17.135300,
segmentation_only,10,2,perf-segmentation_only-r010-20260818T053927Z,loan_to_credit,1,20,200,16.861000,
segmentation_only,10,2,perf-segmentation_only-r010-20260818T053927Z,loan_to_credit,1,21,200,17.662700,
segmentation_only,10,2,perf-segmentation_only-r010-20260818T053927Z,loan_to_credit,1,22,200,17.562300,
segmentation_only,10,2,perf-segmentation_only-r010-20260818T053927Z,loan_to_credit,1,23,200,16.910500,
segmentation_only,10,2,perf-segmentation_only-r010-20260818T053927Z,loan_to_credit,1,24,200,15.237700,
segmentation_only,10,2,perf-segmentation_only-r010-20260818T053927Z,loan_to_credit,1,25,200,18.060400,
segmentation_only,10,2,perf-segmentation_only-r010-20260818T053927Z,loan_to_credit,1,26,200,17.736200,
segmentation_only,10,2,perf-segmentation_only-r010-20260818T053927Z,loan_to_credit,1,27,200,17.970000,
segmentation_only,10,2,perf-segmentation_only-r010-20260818T053927Z,loan_to_credit,1,28,200,17.266700,
segmentation_only,10,2,perf-segmentation_only-r010-20260818T053927Z,loan_to_credit,1,29,200,15.909900,
segmentation_only,10,2,perf-segmentation_only-r010-20260818T053927Z,loan_to_credit,1,30,200,16.082300,
segmentation_only,10,2,perf-segmentation_only-r010-20260818T053927Z,loan_to_credit,1,31,200,16.364500,
segmentation_only,10,2,perf-segmentation_only-r010-20260818T053927Z,loan_to_credit,1,32,200,15.479600,
segmentation_only,10,2,perf-segmentation_only-r010-20260818T053927Z,loan_to_credit,1,33,200,15.982500,
segmentation_only,10,2,perf-segmentation_only-r010-20260818T053927Z,loan_to_credit,1,34,200,16.450200,
segmentation_only,10,2,perf-segmentation_only-r010-20260818T053927Z,loan_to_credit,1,35,200,15.952400,
segmentation_only,10,2,perf-segmentation_only-r010-20260818T053927Z,loan_to_credit,1,36,200,16.799500,
segmentation_only,10,2,perf-segmentation_only-r010-20260818T053927Z,loan_to_credit,1,37,200,15.912700,
segmentation_only,10,2,perf-segmentation_only-r010-20260818T053927Z,loan_to_credit,1,38,200,15.886300,
segmentation_only,10,2,perf-segmentation_only-r010-20260818T053927Z,loan_to_credit,1,39,200,16.266400,
segmentation_only,10,2,perf-segmentation_only-r010-20260818T053927Z,loan_to_credit,1,40,200,16.923600,
segmentation_only,10,2,perf-segmentation_only-r010-20260818T053927Z,loan_to_credit,1,41,200,15.980600,
segmentation_only,10,2,perf-segmentation_only-r010-20260818T053927Z,loan_to_credit,1,42,200,15.898600,
segmentation_only,10,2,perf-segmentation_only-r010-20260818T053927Z,loan_to_credit,1,43,200,15.882900,
segmentation_only,10,2,perf-segmentation_only-r010-20260818T053927Z,loan_to_credit,1,44,200,15.931500,
segmentation_only,10,2,perf-segmentation_only-r010-20260818T053927Z,loan_to_credit,1,45,200,16.962300,
segmentation_only,10,2,perf-segmentation_only-r010-20260818T053927Z,loan_to_credit,1,46,200,15.984800,
segmentation_only,10,2,perf-segmentation_only-r010-20260818T053927Z,loan_to_credit,1,47,200,15.982300,
segmentation_only,10,2,perf-segmentation_only-r010-20260818T053927Z,loan_to_credit,1,48,200,17.092200,
segmentation_only,10,2,perf-segmentation_only-r010-20260818T053927Z,loan_to_credit,1,49,200,15.696000,
segmentation_only,10,2,perf-segmentation_only-r010-20260818T053927Z,loan_to_credit,1,50,200,16.141100,
segmentation_only,10,2,perf-segmentation_only-r010-20260818T053927Z,loan_to_credit,1,51,200,18.074600,
segmentation_only,10,2,perf-segmentation_only-r010-20260818T053927Z,loan_to_credit,1,52,200,17.403800,
segmentation_only,10,2,perf-segmentation_only-r010-20260818T053927Z,loan_to_credit,1,53,200,16.820900,
segmentation_only,10,2,perf-segmentation_only-r010-20260818T053927Z,loan_to_credit,1,54,200,16.534700,
segmentation_only,10,2,perf-segmentation_only-r010-20260818T053927Z,loan_to_credit,1,55,200,17.162300,
segmentation_only,10,2,perf-segmentation_only-r010-20260818T053927Z,loan_to_credit,1,56,200,16.118800,
segmentation_only,10,2,perf-segmentation_only-r010-20260818T053927Z,loan_to_credit,1,57,200,16.775900,
segmentation_only,10,2,perf-segmentation_only-r010-20260818T053927Z,loan_to_credit,1,58,200,17.532900,
segmentation_only,10,2,perf-segmentation_only-r010-20260818T053927Z,loan_to_credit,1,59,200,17.873400,
segmentation_only,10,2,perf-segmentation_only-r010-20260818T053927Z,loan_to_credit,1,60,200,16.422900,
segmentation_only,10,2,perf-segmentation_only-r010-20260818T053927Z,loan_to_credit,1,61,200,16.258400,
segmentation_only,10,2,perf-segmentation_only-r010-20260818T053927Z,loan_to_credit,1,62,200,16.953100,
segmentation_only,10,2,perf-segmentation_only-r010-20260818T053927Z,loan_to_credit,1,63,200,16.211100,
segmentation_only,10,2,perf-segmentation_only-r010-20260818T053927Z,loan_to_credit,1,64,200,17.679800,
segmentation_only,10,2,perf-segmentation_only-r010-20260818T053927Z,loan_to_credit,1,65,200,15.891900,
segmentation_only,10,2,perf-segmentation_only-r010-20260818T053927Z,loan_to_credit,1,66,200,16.038000,
segmentation_only,10,2,perf-segmentation_only-r010-20260818T053927Z,loan_to_credit,1,67,200,18.382200,
segmentation_only,10,2,perf-segmentation_only-r010-20260818T053927Z,loan_to_credit,1,68,200,15.305200,
segmentation_only,10,2,perf-segmentation_only-r010-20260818T053927Z,loan_to_credit,1,69,200,15.955700,
segmentation_only,10,2,perf-segmentation_only-r010-20260818T053927Z,loan_to_credit,1,70,200,16.044800,
segmentation_only,10,2,perf-segmentation_only-r010-20260818T053927Z,loan_to_credit,1,71,200,15.770300,
segmentation_only,10,2,perf-segmentation_only-r010-20260818T053927Z,loan_to_credit,1,72,200,14.966400,
segmentation_only,10,2,perf-segmentation_only-r010-20260818T053927Z,loan_to_credit,1,73,200,18.618700,
segmentation_only,10,2,perf-segmentation_only-r010-20260818T053927Z,loan_to_credit,1,74,200,15.518600,
segmentation_only,10,2,perf-segmentation_only-r010-20260818T053927Z,loan_to_credit,1,75,200,15.911300,
segmentation_only,10,2,perf-segmentation_only-r010-20260818T053927Z,loan_to_credit,1,76,200,16.158500,
segmentation_only,10,2,perf-segmentation_only-r010-20260818T053927Z,loan_to_credit,1,77,200,16.155200,
segmentation_only,10,2,perf-segmentation_only-r010-20260818T053927Z,loan_to_credit,1,78,200,17.240000,
segmentation_only,10,2,perf-segmentation_only-r010-20260818T053927Z,loan_to_credit,1,79,200,16.599300,
segmentation_only,10,2,perf-segmentation_only-r010-20260818T053927Z,loan_to_credit,1,80,200,16.999400,
segmentation_only,10,2,perf-segmentation_only-r010-20260818T053927Z,loan_to_credit,1,81,200,17.112000,
segmentation_only,10,2,perf-segmentation_only-r010-20260818T053927Z,loan_to_credit,1,82,200,16.986400,
segmentation_only,10,2,perf-segmentation_only-r010-20260818T053927Z,loan_to_credit,1,83,200,18.207300,
segmentation_only,10,2,perf-segmentation_only-r010-20260818T053927Z,loan_to_credit,1,84,200,16.879200,
segmentation_only,10,2,perf-segmentation_only-r010-20260818T053927Z,loan_to_credit,1,85,200,16.895600,
segmentation_only,10,2,perf-segmentation_only-r010-20260818T053927Z,loan_to_credit,1,86,200,15.939500,
segmentation_only,10,2,perf-segmentation_only-r010-20260818T053927Z,loan_to_credit,1,87,200,16.639000,
segmentation_only,10,2,perf-segmentation_only-r010-20260818T053927Z,loan_to_credit,1,88,200,16.054500,
segmentation_only,10,2,perf-segmentation_only-r010-20260818T053927Z,loan_to_credit,1,89,200,17.107100,
segmentation_only,10,2,perf-segmentation_only-r010-20260818T053927Z,loan_to_credit,1,90,200,16.088900,
segmentation_only,10,2,perf-segmentation_only-r010-20260818T053927Z,loan_to_credit,1,91,200,17.056600,
segmentation_only,10,2,perf-segmentation_only-r010-20260818T053927Z,loan_to_credit,1,92,200,15.529100,
segmentation_only,10,2,perf-segmentation_only-r010-20260818T053927Z,loan_to_credit,1,93,200,16.288100,
segmentation_only,10,2,perf-segmentation_only-r010-20260818T053927Z,loan_to_credit,1,94,200,15.656500,
segmentation_only,10,2,perf-segmentation_only-r010-20260818T053927Z,loan_to_credit,1,95,200,16.308400,
segmentation_only,10,2,perf-segmentation_only-r010-20260818T053927Z,loan_to_credit,1,96,200,16.042200,
segmentation_only,10,2,perf-segmentation_only-r010-20260818T053927Z,loan_to_credit,1,97,200,16.229700,
segmentation_only,10,2,perf-segmentation_only-r010-20260818T053927Z,loan_to_credit,1,98,200,16.509100,
segmentation_only,10,2,perf-segmentation_only-r010-20260818T053927Z,loan_to_credit,1,99,200,16.291700,
segmentation_only,10,2,perf-segmentation_only-r010-20260818T053927Z,loan_to_credit,1,100,200,16.815000,
segmentation_only,10,2,perf-segmentation_only-r010-20260818T053927Z,loan_to_credit,1,101,200,16.594700,
segmentation_only,10,2,perf-segmentation_only-r010-20260818T053927Z,loan_to_credit,1,102,200,17.250800,
segmentation_only,10,2,perf-segmentation_only-r010-20260818T053927Z,loan_to_credit,1,103,200,16.319800,
segmentation_only,10,2,perf-segmentation_only-r010-20260818T053927Z,loan_to_credit,1,104,200,16.802900,
segmentation_only,10,2,perf-segmentation_only-r010-20260818T053927Z,loan_to_credit,1,105,200,16.150700,
segmentation_only,10,2,perf-segmentation_only-r010-20260818T053927Z,loan_to_credit,1,106,200,15.463900,
segmentation_only,10,2,perf-segmentation_only-r010-20260818T053927Z,loan_to_credit,1,107,200,16.213700,
segmentation_only,10,2,perf-segmentation_only-r010-20260818T053927Z,loan_to_credit,1,108,200,15.856200,
segmentation_only,10,2,perf-segmentation_only-r010-20260818T053927Z,loan_to_credit,1,109,200,16.140000,
segmentation_only,10,2,perf-segmentation_only-r010-20260818T053927Z,loan_to_credit,1,110,200,16.745300,
segmentation_only,10,2,perf-segmentation_only-r010-20260818T053927Z,loan_to_credit,1,111,200,15.957200,
segmentation_only,10,2,perf-segmentation_only-r010-20260818T053927Z,loan_to_credit,1,112,200,16.034500,
segmentation_only,10,2,perf-segmentation_only-r010-20260818T053927Z,loan_to_credit,1,113,200,16.070200,
segmentation_only,10,2,perf-segmentation_only-r010-20260818T053927Z,loan_to_credit,1,114,200,17.750500,
segmentation_only,10,2,perf-segmentation_only-r010-20260818T053927Z,loan_to_credit,1,115,200,16.226200,
segmentation_only,10,2,perf-segmentation_only-r010-20260818T053927Z,loan_to_credit,1,116,200,16.547800,
segmentation_only,10,2,perf-segmentation_only-r010-20260818T053927Z,loan_to_credit,1,117,200,16.743300,
segmentation_only,10,2,perf-segmentation_only-r010-20260818T053927Z,loan_to_credit,1,118,200,16.538000,
segmentation_only,10,2,perf-segmentation_only-r010-20260818T053927Z,loan_to_credit,1,119,200,16.322300,
segmentation_only,10,2,perf-segmentation_only-r010-20260818T053927Z,loan_to_credit,1,120,200,15.606500,
segmentation_only,10,2,perf-segmentation_only-r010-20260818T053927Z,loan_to_credit,1,121,200,16.228700,
segmentation_only,10,2,perf-segmentation_only-r010-20260818T053927Z,loan_to_credit,1,122,200,15.659200,
segmentation_only,10,2,perf-segmentation_only-r010-20260818T053927Z,loan_to_credit,1,123,200,16.112800,
segmentation_only,10,2,perf-segmentation_only-r010-20260818T053927Z,loan_to_credit,1,124,200,17.154000,
segmentation_only,10,2,perf-segmentation_only-r010-20260818T053927Z,loan_to_credit,1,125,200,16.106600,
segmentation_only,10,2,perf-segmentation_only-r010-20260818T053927Z,loan_to_credit,1,126,200,17.512600,
segmentation_only,10,2,perf-segmentation_only-r010-20260818T053927Z,loan_to_credit,1,127,200,16.612900,
segmentation_only,10,2,perf-segmentation_only-r010-20260818T053927Z,loan_to_credit,1,128,200,16.784500,
segmentation_only,10,2,perf-segmentation_only-r010-20260818T053927Z,loan_to_credit,1,129,200,16.650700,
segmentation_only,10,2,perf-segmentation_only-r010-20260818T053927Z,loan_to_credit,1,130,200,16.141900,
segmentation_only,10,2,perf-segmentation_only-r010-20260818T053927Z,loan_to_credit,1,131,200,16.113800,
segmentation_only,10,2,perf-segmentation_only-r010-20260818T053927Z,loan_to_credit,1,132,200,15.830500,
segmentation_only,10,2,perf-segmentation_only-r010-20260818T053927Z,loan_to_credit,1,133,200,16.261500,
segmentation_only,10,2,perf-segmentation_only-r010-20260818T053927Z,loan_to_credit,1,134,200,15.923700,
segmentation_only,10,2,perf-segmentation_only-r010-20260818T053927Z,loan_to_credit,1,135,200,16.510300,
segmentation_only,10,2,perf-segmentation_only-r010-20260818T053927Z,loan_to_credit,1,136,200,16.522900,
segmentation_only,10,2,perf-segmentation_only-r010-20260818T053927Z,loan_to_credit,1,137,200,17.000200,
segmentation_only,10,2,perf-segmentation_only-r010-20260818T053927Z,loan_to_credit,1,138,200,17.421200,
segmentation_only,10,2,perf-segmentation_only-r010-20260818T053927Z,loan_to_credit,1,139,200,16.446300,
segmentation_only,10,2,perf-segmentation_only-r010-20260818T053927Z,loan_to_credit,1,140,200,16.915200,
segmentation_only,10,2,perf-segmentation_only-r010-20260818T053927Z,loan_to_credit,1,141,200,21.176300,
segmentation_only,10,2,perf-segmentation_only-r010-20260818T053927Z,loan_to_credit,1,142,200,16.785400,
segmentation_only,10,2,perf-segmentation_only-r010-20260818T053927Z,loan_to_credit,1,143,200,15.690000,
segmentation_only,10,2,perf-segmentation_only-r010-20260818T053927Z,loan_to_credit,1,144,200,16.241000,
segmentation_only,10,2,perf-segmentation_only-r010-20260818T053927Z,loan_to_credit,1,145,200,16.935500,
segmentation_only,10,2,perf-segmentation_only-r010-20260818T053927Z,loan_to_credit,1,146,200,16.861000,
segmentation_only,10,2,perf-segmentation_only-r010-20260818T053927Z,loan_to_credit,1,147,200,17.836800,
segmentation_only,10,2,perf-segmentation_only-r010-20260818T053927Z,loan_to_credit,1,148,200,15.875700,
segmentation_only,10,2,perf-segmentation_only-r010-20260818T053927Z,loan_to_credit,1,149,200,16.032500,
segmentation_only,10,2,perf-segmentation_only-r010-20260818T053927Z,loan_to_credit,1,150,200,15.789900,
segmentation_only,10,2,perf-segmentation_only-r010-20260818T053927Z,loan_to_credit,1,151,200,16.241400,
segmentation_only,10,2,perf-segmentation_only-r010-20260818T053927Z,loan_to_credit,1,152,200,15.570900,
segmentation_only,10,2,perf-segmentation_only-r010-20260818T053927Z,loan_to_credit,1,153,200,15.666100,
segmentation_only,10,2,perf-segmentation_only-r010-20260818T053927Z,loan_to_credit,1,154,200,16.553000,
segmentation_only,10,2,perf-segmentation_only-r010-20260818T053927Z,loan_to_credit,1,155,200,16.156600,
segmentation_only,10,2,perf-segmentation_only-r010-20260818T053927Z,loan_to_credit,1,156,200,16.514400,
segmentation_only,10,2,perf-segmentation_only-r010-20260818T053927Z,loan_to_credit,1,157,200,15.503700,
segmentation_only,10,2,perf-segmentation_only-r010-20260818T053927Z,loan_to_credit,1,158,200,15.895000,
segmentation_only,10,2,perf-segmentation_only-r010-20260818T053927Z,loan_to_credit,1,159,200,16.187100,
segmentation_only,10,2,perf-segmentation_only-r010-20260818T053927Z,loan_to_credit,1,160,200,16.017900,
segmentation_only,10,2,perf-segmentation_only-r010-20260818T053927Z,loan_to_credit,1,161,200,16.682600,
segmentation_only,10,2,perf-segmentation_only-r010-20260818T053927Z,loan_to_credit,1,162,200,15.896600,
segmentation_only,10,2,perf-segmentation_only-r010-20260818T053927Z,loan_to_credit,1,163,200,16.289500,
segmentation_only,10,2,perf-segmentation_only-r010-20260818T053927Z,loan_to_credit,1,164,200,16.235300,
segmentation_only,10,2,perf-segmentation_only-r010-20260818T053927Z,loan_to_credit,1,165,200,16.722200,
segmentation_only,10,2,perf-segmentation_only-r010-20260818T053927Z,loan_to_credit,1,166,200,15.926200,
segmentation_only,10,2,perf-segmentation_only-r010-20260818T053927Z,loan_to_credit,1,167,200,15.842700,
segmentation_only,10,2,perf-segmentation_only-r010-20260818T053927Z,loan_to_credit,1,168,200,16.961700,
segmentation_only,10,2,perf-segmentation_only-r010-20260818T053927Z,loan_to_credit,1,169,200,16.387700,
segmentation_only,10,2,perf-segmentation_only-r010-20260818T053927Z,loan_to_credit,1,170,200,16.515900,
segmentation_only,10,2,perf-segmentation_only-r010-20260818T053927Z,loan_to_credit,1,171,200,16.028100,
segmentation_only,10,2,perf-segmentation_only-r010-20260818T053927Z,loan_to_credit,1,172,200,15.944100,
segmentation_only,10,2,perf-segmentation_only-r010-20260818T053927Z,loan_to_credit,1,173,200,16.268400,
segmentation_only,10,2,perf-segmentation_only-r010-20260818T053927Z,loan_to_credit,1,174,200,15.941600,
segmentation_only,10,2,perf-segmentation_only-r010-20260818T053927Z,loan_to_credit,1,175,200,15.675000,
segmentation_only,10,2,perf-segmentation_only-r010-20260818T053927Z,loan_to_credit,1,176,200,16.067400,
segmentation_only,10,2,perf-segmentation_only-r010-20260818T053927Z,loan_to_credit,1,177,200,17.216500,
segmentation_only,10,2,perf-segmentation_only-r010-20260818T053927Z,loan_to_credit,1,178,200,16.081500,
segmentation_only,10,2,perf-segmentation_only-r010-20260818T053927Z,loan_to_credit,1,179,200,17.253900,
segmentation_only,10,2,perf-segmentation_only-r010-20260818T053927Z,loan_to_credit,1,180,200,16.798900,
segmentation_only,10,2,perf-segmentation_only-r010-20260818T053927Z,loan_to_credit,1,181,200,16.546600,
segmentation_only,10,2,perf-segmentation_only-r010-20260818T053927Z,loan_to_credit,1,182,200,15.979600,
segmentation_only,10,2,perf-segmentation_only-r010-20260818T053927Z,loan_to_credit,1,183,200,15.976200,
segmentation_only,10,2,perf-segmentation_only-r010-20260818T053927Z,loan_to_credit,1,184,200,15.667100,
segmentation_only,10,2,perf-segmentation_only-r010-20260818T053927Z,loan_to_credit,1,185,200,15.257700,
segmentation_only,10,2,perf-segmentation_only-r010-20260818T053927Z,loan_to_credit,1,186,200,16.094800,
segmentation_only,10,2,perf-segmentation_only-r010-20260818T053927Z,loan_to_credit,1,187,200,15.886700,
segmentation_only,10,2,perf-segmentation_only-r010-20260818T053927Z,loan_to_credit,1,188,200,15.972500,
segmentation_only,10,2,perf-segmentation_only-r010-20260818T053927Z,loan_to_credit,1,189,200,16.000000,
segmentation_only,10,2,perf-segmentation_only-r010-20260818T053927Z,loan_to_credit,1,190,200,15.983900,
segmentation_only,10,2,perf-segmentation_only-r010-20260818T053927Z,loan_to_credit,1,191,200,19.278700,
segmentation_only,10,2,perf-segmentation_only-r010-20260818T053927Z,loan_to_credit,1,192,200,15.578500,
segmentation_only,10,2,perf-segmentation_only-r010-20260818T053927Z,loan_to_credit,1,193,200,15.813900,
segmentation_only,10,2,perf-segmentation_only-r010-20260818T053927Z,loan_to_credit,1,194,200,15.868300,
segmentation_only,10,2,perf-segmentation_only-r010-20260818T053927Z,loan_to_credit,1,195,200,16.227400,
segmentation_only,10,2,perf-segmentation_only-r010-20260818T053927Z,loan_to_credit,1,196,200,16.355100,
segmentation_only,10,2,perf-segmentation_only-r010-20260818T053927Z,loan_to_credit,1,197,200,15.571600,
segmentation_only,10,2,perf-segmentation_only-r010-20260818T053927Z,loan_to_credit,1,198,200,16.258200,
segmentation_only,10,2,perf-segmentation_only-r010-20260818T053927Z,loan_to_credit,1,199,200,16.323600,
segmentation_only,10,2,perf-segmentation_only-r010-20260818T053927Z,loan_to_credit,1,200,200,16.640700,
segmentation_only,10,2,perf-segmentation_only-r010-20260818T053927Z,loan_to_credit,2,1,200,15.817900,
segmentation_only,10,2,perf-segmentation_only-r010-20260818T053927Z,loan_to_credit,2,2,200,16.119800,
segmentation_only,10,2,perf-segmentation_only-r010-20260818T053927Z,loan_to_credit,2,3,200,16.066700,
segmentation_only,10,2,perf-segmentation_only-r010-20260818T053927Z,loan_to_credit,2,4,200,17.024900,
segmentation_only,10,2,perf-segmentation_only-r010-20260818T053927Z,loan_to_credit,2,5,200,16.948900,
segmentation_only,10,2,perf-segmentation_only-r010-20260818T053927Z,loan_to_credit,2,6,200,15.764000,
segmentation_only,10,2,perf-segmentation_only-r010-20260818T053927Z,loan_to_credit,2,7,200,17.311400,
segmentation_only,10,2,perf-segmentation_only-r010-20260818T053927Z,loan_to_credit,2,8,200,16.861300,
segmentation_only,10,2,perf-segmentation_only-r010-20260818T053927Z,loan_to_credit,2,9,200,15.996500,
segmentation_only,10,2,perf-segmentation_only-r010-20260818T053927Z,loan_to_credit,2,10,200,16.839100,
segmentation_only,10,2,perf-segmentation_only-r010-20260818T053927Z,loan_to_credit,2,11,200,17.424700,
segmentation_only,10,2,perf-segmentation_only-r010-20260818T053927Z,loan_to_credit,2,12,200,16.380400,
segmentation_only,10,2,perf-segmentation_only-r010-20260818T053927Z,loan_to_credit,2,13,200,16.046000,
segmentation_only,10,2,perf-segmentation_only-r010-20260818T053927Z,loan_to_credit,2,14,200,15.996800,
segmentation_only,10,2,perf-segmentation_only-r010-20260818T053927Z,loan_to_credit,2,15,200,15.844900,
segmentation_only,10,2,perf-segmentation_only-r010-20260818T053927Z,loan_to_credit,2,16,200,16.247200,
segmentation_only,10,2,perf-segmentation_only-r010-20260818T053927Z,loan_to_credit,2,17,200,16.796900,
segmentation_only,10,2,perf-segmentation_only-r010-20260818T053927Z,loan_to_credit,2,18,200,15.739000,
segmentation_only,10,2,perf-segmentation_only-r010-20260818T053927Z,loan_to_credit,2,19,200,16.466900,
segmentation_only,10,2,perf-segmentation_only-r010-20260818T053927Z,loan_to_credit,2,20,200,15.820200,
segmentation_only,10,2,perf-segmentation_only-r010-20260818T053927Z,loan_to_credit,2,21,200,16.021600,
segmentation_only,10,2,perf-segmentation_only-r010-20260818T053927Z,loan_to_credit,2,22,200,15.805500,
segmentation_only,10,2,perf-segmentation_only-r010-20260818T053927Z,loan_to_credit,2,23,200,15.814700,
segmentation_only,10,2,perf-segmentation_only-r010-20260818T053927Z,loan_to_credit,2,24,200,16.014000,
segmentation_only,10,2,perf-segmentation_only-r010-20260818T053927Z,loan_to_credit,2,25,200,16.087600,
segmentation_only,10,2,perf-segmentation_only-r010-20260818T053927Z,loan_to_credit,2,26,200,16.067300,
segmentation_only,10,2,perf-segmentation_only-r010-20260818T053927Z,loan_to_credit,2,27,200,16.031900,
segmentation_only,10,2,perf-segmentation_only-r010-20260818T053927Z,loan_to_credit,2,28,200,16.901200,
segmentation_only,10,2,perf-segmentation_only-r010-20260818T053927Z,loan_to_credit,2,29,200,15.847800,
segmentation_only,10,2,perf-segmentation_only-r010-20260818T053927Z,loan_to_credit,2,30,200,15.814800,
segmentation_only,10,2,perf-segmentation_only-r010-20260818T053927Z,loan_to_credit,2,31,200,17.080000,
segmentation_only,10,2,perf-segmentation_only-r010-20260818T053927Z,loan_to_credit,2,32,200,16.172300,
segmentation_only,10,2,perf-segmentation_only-r010-20260818T053927Z,loan_to_credit,2,33,200,15.901300,
segmentation_only,10,2,perf-segmentation_only-r010-20260818T053927Z,loan_to_credit,2,34,200,16.268600,
segmentation_only,10,2,perf-segmentation_only-r010-20260818T053927Z,loan_to_credit,2,35,200,15.729800,
segmentation_only,10,2,perf-segmentation_only-r010-20260818T053927Z,loan_to_credit,2,36,200,16.671100,
segmentation_only,10,2,perf-segmentation_only-r010-20260818T053927Z,loan_to_credit,2,37,200,16.529600,
segmentation_only,10,2,perf-segmentation_only-r010-20260818T053927Z,loan_to_credit,2,38,200,16.035800,
segmentation_only,10,2,perf-segmentation_only-r010-20260818T053927Z,loan_to_credit,2,39,200,16.770800,
segmentation_only,10,2,perf-segmentation_only-r010-20260818T053927Z,loan_to_credit,2,40,200,16.094900,
segmentation_only,10,2,perf-segmentation_only-r010-20260818T053927Z,loan_to_credit,2,41,200,17.274700,
segmentation_only,10,2,perf-segmentation_only-r010-20260818T053927Z,loan_to_credit,2,42,200,18.721500,
segmentation_only,10,2,perf-segmentation_only-r010-20260818T053927Z,loan_to_credit,2,43,200,21.705600,
segmentation_only,10,2,perf-segmentation_only-r010-20260818T053927Z,loan_to_credit,2,44,200,19.039500,
segmentation_only,10,2,perf-segmentation_only-r010-20260818T053927Z,loan_to_credit,2,45,200,17.423100,
segmentation_only,10,2,perf-segmentation_only-r010-20260818T053927Z,loan_to_credit,2,46,200,20.710700,
segmentation_only,10,2,perf-segmentation_only-r010-20260818T053927Z,loan_to_credit,2,47,200,20.176800,
segmentation_only,10,2,perf-segmentation_only-r010-20260818T053927Z,loan_to_credit,2,48,200,20.838700,
segmentation_only,10,2,perf-segmentation_only-r010-20260818T053927Z,loan_to_credit,2,49,200,20.139100,
segmentation_only,10,2,perf-segmentation_only-r010-20260818T053927Z,loan_to_credit,2,50,200,16.405300,
segmentation_only,10,2,perf-segmentation_only-r010-20260818T053927Z,loan_to_credit,2,51,200,17.613700,
segmentation_only,10,2,perf-segmentation_only-r010-20260818T053927Z,loan_to_credit,2,52,200,16.744600,
segmentation_only,10,2,perf-segmentation_only-r010-20260818T053927Z,loan_to_credit,2,53,200,17.318300,
segmentation_only,10,2,perf-segmentation_only-r010-20260818T053927Z,loan_to_credit,2,54,200,17.914100,
segmentation_only,10,2,perf-segmentation_only-r010-20260818T053927Z,loan_to_credit,2,55,200,17.012100,
segmentation_only,10,2,perf-segmentation_only-r010-20260818T053927Z,loan_to_credit,2,56,200,16.798900,
segmentation_only,10,2,perf-segmentation_only-r010-20260818T053927Z,loan_to_credit,2,57,200,15.853300,
segmentation_only,10,2,perf-segmentation_only-r010-20260818T053927Z,loan_to_credit,2,58,200,17.496600,
segmentation_only,10,2,perf-segmentation_only-r010-20260818T053927Z,loan_to_credit,2,59,200,18.403800,
segmentation_only,10,2,perf-segmentation_only-r010-20260818T053927Z,loan_to_credit,2,60,200,16.610800,
segmentation_only,10,2,perf-segmentation_only-r010-20260818T053927Z,loan_to_credit,2,61,200,16.227400,
segmentation_only,10,2,perf-segmentation_only-r010-20260818T053927Z,loan_to_credit,2,62,200,17.326400,
segmentation_only,10,2,perf-segmentation_only-r010-20260818T053927Z,loan_to_credit,2,63,200,16.885300,
segmentation_only,10,2,perf-segmentation_only-r010-20260818T053927Z,loan_to_credit,2,64,200,19.061800,
segmentation_only,10,2,perf-segmentation_only-r010-20260818T053927Z,loan_to_credit,2,65,200,17.532500,
segmentation_only,10,2,perf-segmentation_only-r010-20260818T053927Z,loan_to_credit,2,66,200,17.248300,
segmentation_only,10,2,perf-segmentation_only-r010-20260818T053927Z,loan_to_credit,2,67,200,18.282400,
segmentation_only,10,2,perf-segmentation_only-r010-20260818T053927Z,loan_to_credit,2,68,200,18.328500,
segmentation_only,10,2,perf-segmentation_only-r010-20260818T053927Z,loan_to_credit,2,69,200,17.931100,
segmentation_only,10,2,perf-segmentation_only-r010-20260818T053927Z,loan_to_credit,2,70,200,18.255400,
segmentation_only,10,2,perf-segmentation_only-r010-20260818T053927Z,loan_to_credit,2,71,200,17.160400,
segmentation_only,10,2,perf-segmentation_only-r010-20260818T053927Z,loan_to_credit,2,72,200,16.960700,
segmentation_only,10,2,perf-segmentation_only-r010-20260818T053927Z,loan_to_credit,2,73,200,16.827000,
segmentation_only,10,2,perf-segmentation_only-r010-20260818T053927Z,loan_to_credit,2,74,200,16.716000,
segmentation_only,10,2,perf-segmentation_only-r010-20260818T053927Z,loan_to_credit,2,75,200,16.395300,
segmentation_only,10,2,perf-segmentation_only-r010-20260818T053927Z,loan_to_credit,2,76,200,17.011600,
segmentation_only,10,2,perf-segmentation_only-r010-20260818T053927Z,loan_to_credit,2,77,200,16.786400,
segmentation_only,10,2,perf-segmentation_only-r010-20260818T053927Z,loan_to_credit,2,78,200,16.374500,
segmentation_only,10,2,perf-segmentation_only-r010-20260818T053927Z,loan_to_credit,2,79,200,16.300400,
segmentation_only,10,2,perf-segmentation_only-r010-20260818T053927Z,loan_to_credit,2,80,200,16.665500,
segmentation_only,10,2,perf-segmentation_only-r010-20260818T053927Z,loan_to_credit,2,81,200,16.385900,
segmentation_only,10,2,perf-segmentation_only-r010-20260818T053927Z,loan_to_credit,2,82,200,16.171500,
segmentation_only,10,2,perf-segmentation_only-r010-20260818T053927Z,loan_to_credit,2,83,200,15.677400,
segmentation_only,10,2,perf-segmentation_only-r010-20260818T053927Z,loan_to_credit,2,84,200,16.336500,
segmentation_only,10,2,perf-segmentation_only-r010-20260818T053927Z,loan_to_credit,2,85,200,17.489900,
segmentation_only,10,2,perf-segmentation_only-r010-20260818T053927Z,loan_to_credit,2,86,200,17.873900,
segmentation_only,10,2,perf-segmentation_only-r010-20260818T053927Z,loan_to_credit,2,87,200,17.805200,
segmentation_only,10,2,perf-segmentation_only-r010-20260818T053927Z,loan_to_credit,2,88,200,16.613100,
segmentation_only,10,2,perf-segmentation_only-r010-20260818T053927Z,loan_to_credit,2,89,200,18.770400,
segmentation_only,10,2,perf-segmentation_only-r010-20260818T053927Z,loan_to_credit,2,90,200,17.425200,
segmentation_only,10,2,perf-segmentation_only-r010-20260818T053927Z,loan_to_credit,2,91,200,16.881200,
segmentation_only,10,2,perf-segmentation_only-r010-20260818T053927Z,loan_to_credit,2,92,200,15.805100,
segmentation_only,10,2,perf-segmentation_only-r010-20260818T053927Z,loan_to_credit,2,93,200,15.504800,
segmentation_only,10,2,perf-segmentation_only-r010-20260818T053927Z,loan_to_credit,2,94,200,16.147700,
segmentation_only,10,2,perf-segmentation_only-r010-20260818T053927Z,loan_to_credit,2,95,200,16.401700,
segmentation_only,10,2,perf-segmentation_only-r010-20260818T053927Z,loan_to_credit,2,96,200,16.889000,
segmentation_only,10,2,perf-segmentation_only-r010-20260818T053927Z,loan_to_credit,2,97,200,16.059800,
segmentation_only,10,2,perf-segmentation_only-r010-20260818T053927Z,loan_to_credit,2,98,200,16.795100,
segmentation_only,10,2,perf-segmentation_only-r010-20260818T053927Z,loan_to_credit,2,99,200,16.802900,
segmentation_only,10,2,perf-segmentation_only-r010-20260818T053927Z,loan_to_credit,2,100,200,16.765700,
segmentation_only,10,2,perf-segmentation_only-r010-20260818T053927Z,loan_to_credit,2,101,200,17.370900,
segmentation_only,10,2,perf-segmentation_only-r010-20260818T053927Z,loan_to_credit,2,102,200,16.378400,
segmentation_only,10,2,perf-segmentation_only-r010-20260818T053927Z,loan_to_credit,2,103,200,16.650500,
segmentation_only,10,2,perf-segmentation_only-r010-20260818T053927Z,loan_to_credit,2,104,200,15.696400,
segmentation_only,10,2,perf-segmentation_only-r010-20260818T053927Z,loan_to_credit,2,105,200,16.116700,
segmentation_only,10,2,perf-segmentation_only-r010-20260818T053927Z,loan_to_credit,2,106,200,16.064900,
segmentation_only,10,2,perf-segmentation_only-r010-20260818T053927Z,loan_to_credit,2,107,200,15.938400,
segmentation_only,10,2,perf-segmentation_only-r010-20260818T053927Z,loan_to_credit,2,108,200,16.927500,
segmentation_only,10,2,perf-segmentation_only-r010-20260818T053927Z,loan_to_credit,2,109,200,16.977800,
segmentation_only,10,2,perf-segmentation_only-r010-20260818T053927Z,loan_to_credit,2,110,200,16.635400,
segmentation_only,10,2,perf-segmentation_only-r010-20260818T053927Z,loan_to_credit,2,111,200,18.352900,
segmentation_only,10,2,perf-segmentation_only-r010-20260818T053927Z,loan_to_credit,2,112,200,16.048600,
segmentation_only,10,2,perf-segmentation_only-r010-20260818T053927Z,loan_to_credit,2,113,200,17.245000,
segmentation_only,10,2,perf-segmentation_only-r010-20260818T053927Z,loan_to_credit,2,114,200,16.955900,
segmentation_only,10,2,perf-segmentation_only-r010-20260818T053927Z,loan_to_credit,2,115,200,16.892600,
segmentation_only,10,2,perf-segmentation_only-r010-20260818T053927Z,loan_to_credit,2,116,200,16.610000,
segmentation_only,10,2,perf-segmentation_only-r010-20260818T053927Z,loan_to_credit,2,117,200,15.945200,
segmentation_only,10,2,perf-segmentation_only-r010-20260818T053927Z,loan_to_credit,2,118,200,14.904000,
segmentation_only,10,2,perf-segmentation_only-r010-20260818T053927Z,loan_to_credit,2,119,200,14.863400,
segmentation_only,10,2,perf-segmentation_only-r010-20260818T053927Z,loan_to_credit,2,120,200,15.646700,
segmentation_only,10,2,perf-segmentation_only-r010-20260818T053927Z,loan_to_credit,2,121,200,15.338400,
segmentation_only,10,2,perf-segmentation_only-r010-20260818T053927Z,loan_to_credit,2,122,200,15.182000,
segmentation_only,10,2,perf-segmentation_only-r010-20260818T053927Z,loan_to_credit,2,123,200,16.077800,
segmentation_only,10,2,perf-segmentation_only-r010-20260818T053927Z,loan_to_credit,2,124,200,15.979600,
segmentation_only,10,2,perf-segmentation_only-r010-20260818T053927Z,loan_to_credit,2,125,200,16.119600,
segmentation_only,10,2,perf-segmentation_only-r010-20260818T053927Z,loan_to_credit,2,126,200,17.154000,
segmentation_only,10,2,perf-segmentation_only-r010-20260818T053927Z,loan_to_credit,2,127,200,16.288500,
segmentation_only,10,2,perf-segmentation_only-r010-20260818T053927Z,loan_to_credit,2,128,200,16.364000,
segmentation_only,10,2,perf-segmentation_only-r010-20260818T053927Z,loan_to_credit,2,129,200,17.083700,
segmentation_only,10,2,perf-segmentation_only-r010-20260818T053927Z,loan_to_credit,2,130,200,15.986500,
segmentation_only,10,2,perf-segmentation_only-r010-20260818T053927Z,loan_to_credit,2,131,200,17.137400,
segmentation_only,10,2,perf-segmentation_only-r010-20260818T053927Z,loan_to_credit,2,132,200,16.941400,
segmentation_only,10,2,perf-segmentation_only-r010-20260818T053927Z,loan_to_credit,2,133,200,17.060500,
segmentation_only,10,2,perf-segmentation_only-r010-20260818T053927Z,loan_to_credit,2,134,200,17.116800,
segmentation_only,10,2,perf-segmentation_only-r010-20260818T053927Z,loan_to_credit,2,135,200,16.469800,
segmentation_only,10,2,perf-segmentation_only-r010-20260818T053927Z,loan_to_credit,2,136,200,16.146300,
segmentation_only,10,2,perf-segmentation_only-r010-20260818T053927Z,loan_to_credit,2,137,200,15.735900,
segmentation_only,10,2,perf-segmentation_only-r010-20260818T053927Z,loan_to_credit,2,138,200,16.034100,
segmentation_only,10,2,perf-segmentation_only-r010-20260818T053927Z,loan_to_credit,2,139,200,16.092700,
segmentation_only,10,2,perf-segmentation_only-r010-20260818T053927Z,loan_to_credit,2,140,200,16.070400,
segmentation_only,10,2,perf-segmentation_only-r010-20260818T053927Z,loan_to_credit,2,141,200,16.345900,
segmentation_only,10,2,perf-segmentation_only-r010-20260818T053927Z,loan_to_credit,2,142,200,16.636500,
segmentation_only,10,2,perf-segmentation_only-r010-20260818T053927Z,loan_to_credit,2,143,200,15.572000,
segmentation_only,10,2,perf-segmentation_only-r010-20260818T053927Z,loan_to_credit,2,144,200,15.963900,
segmentation_only,10,2,perf-segmentation_only-r010-20260818T053927Z,loan_to_credit,2,145,200,16.290200,
segmentation_only,10,2,perf-segmentation_only-r010-20260818T053927Z,loan_to_credit,2,146,200,16.998500,
segmentation_only,10,2,perf-segmentation_only-r010-20260818T053927Z,loan_to_credit,2,147,200,15.884900,
segmentation_only,10,2,perf-segmentation_only-r010-20260818T053927Z,loan_to_credit,2,148,200,15.906300,
segmentation_only,10,2,perf-segmentation_only-r010-20260818T053927Z,loan_to_credit,2,149,200,16.827200,
segmentation_only,10,2,perf-segmentation_only-r010-20260818T053927Z,loan_to_credit,2,150,200,16.116400,
segmentation_only,10,2,perf-segmentation_only-r010-20260818T053927Z,loan_to_credit,2,151,200,17.361800,
segmentation_only,10,2,perf-segmentation_only-r010-20260818T053927Z,loan_to_credit,2,152,200,17.081800,
segmentation_only,10,2,perf-segmentation_only-r010-20260818T053927Z,loan_to_credit,2,153,200,15.434800,
segmentation_only,10,2,perf-segmentation_only-r010-20260818T053927Z,loan_to_credit,2,154,200,15.892000,
segmentation_only,10,2,perf-segmentation_only-r010-20260818T053927Z,loan_to_credit,2,155,200,15.913600,
segmentation_only,10,2,perf-segmentation_only-r010-20260818T053927Z,loan_to_credit,2,156,200,15.728900,
segmentation_only,10,2,perf-segmentation_only-r010-20260818T053927Z,loan_to_credit,2,157,200,15.867800,
segmentation_only,10,2,perf-segmentation_only-r010-20260818T053927Z,loan_to_credit,2,158,200,16.904500,
segmentation_only,10,2,perf-segmentation_only-r010-20260818T053927Z,loan_to_credit,2,159,200,16.108900,
segmentation_only,10,2,perf-segmentation_only-r010-20260818T053927Z,loan_to_credit,2,160,200,17.676500,
segmentation_only,10,2,perf-segmentation_only-r010-20260818T053927Z,loan_to_credit,2,161,200,16.725700,
segmentation_only,10,2,perf-segmentation_only-r010-20260818T053927Z,loan_to_credit,2,162,200,20.689000,
segmentation_only,10,2,perf-segmentation_only-r010-20260818T053927Z,loan_to_credit,2,163,200,17.252200,
segmentation_only,10,2,perf-segmentation_only-r010-20260818T053927Z,loan_to_credit,2,164,200,17.724700,
segmentation_only,10,2,perf-segmentation_only-r010-20260818T053927Z,loan_to_credit,2,165,200,17.310800,
segmentation_only,10,2,perf-segmentation_only-r010-20260818T053927Z,loan_to_credit,2,166,200,17.983800,
segmentation_only,10,2,perf-segmentation_only-r010-20260818T053927Z,loan_to_credit,2,167,200,17.807900,
segmentation_only,10,2,perf-segmentation_only-r010-20260818T053927Z,loan_to_credit,2,168,200,17.270000,
segmentation_only,10,2,perf-segmentation_only-r010-20260818T053927Z,loan_to_credit,2,169,200,18.614400,
segmentation_only,10,2,perf-segmentation_only-r010-20260818T053927Z,loan_to_credit,2,170,200,20.454400,
segmentation_only,10,2,perf-segmentation_only-r010-20260818T053927Z,loan_to_credit,2,171,200,19.336900,
segmentation_only,10,2,perf-segmentation_only-r010-20260818T053927Z,loan_to_credit,2,172,200,18.054000,
segmentation_only,10,2,perf-segmentation_only-r010-20260818T053927Z,loan_to_credit,2,173,200,17.799600,
segmentation_only,10,2,perf-segmentation_only-r010-20260818T053927Z,loan_to_credit,2,174,200,16.109400,
segmentation_only,10,2,perf-segmentation_only-r010-20260818T053927Z,loan_to_credit,2,175,200,15.310100,
segmentation_only,10,2,perf-segmentation_only-r010-20260818T053927Z,loan_to_credit,2,176,200,16.187800,
segmentation_only,10,2,perf-segmentation_only-r010-20260818T053927Z,loan_to_credit,2,177,200,16.066100,
segmentation_only,10,2,perf-segmentation_only-r010-20260818T053927Z,loan_to_credit,2,178,200,15.905900,
segmentation_only,10,2,perf-segmentation_only-r010-20260818T053927Z,loan_to_credit,2,179,200,16.215600,
segmentation_only,10,2,perf-segmentation_only-r010-20260818T053927Z,loan_to_credit,2,180,200,15.592800,
segmentation_only,10,2,perf-segmentation_only-r010-20260818T053927Z,loan_to_credit,2,181,200,15.903200,
segmentation_only,10,2,perf-segmentation_only-r010-20260818T053927Z,loan_to_credit,2,182,200,16.460800,
segmentation_only,10,2,perf-segmentation_only-r010-20260818T053927Z,loan_to_credit,2,183,200,16.660300,
segmentation_only,10,2,perf-segmentation_only-r010-20260818T053927Z,loan_to_credit,2,184,200,16.034600,
segmentation_only,10,2,perf-segmentation_only-r010-20260818T053927Z,loan_to_credit,2,185,200,17.346600,
segmentation_only,10,2,perf-segmentation_only-r010-20260818T053927Z,loan_to_credit,2,186,200,16.830300,
segmentation_only,10,2,perf-segmentation_only-r010-20260818T053927Z,loan_to_credit,2,187,200,15.771600,
segmentation_only,10,2,perf-segmentation_only-r010-20260818T053927Z,loan_to_credit,2,188,200,16.418900,
segmentation_only,10,2,perf-segmentation_only-r010-20260818T053927Z,loan_to_credit,2,189,200,16.584100,
segmentation_only,10,2,perf-segmentation_only-r010-20260818T053927Z,loan_to_credit,2,190,200,17.548500,
segmentation_only,10,2,perf-segmentation_only-r010-20260818T053927Z,loan_to_credit,2,191,200,16.498000,
segmentation_only,10,2,perf-segmentation_only-r010-20260818T053927Z,loan_to_credit,2,192,200,17.371200,
segmentation_only,10,2,perf-segmentation_only-r010-20260818T053927Z,loan_to_credit,2,193,200,16.898800,
segmentation_only,10,2,perf-segmentation_only-r010-20260818T053927Z,loan_to_credit,2,194,200,16.790300,
segmentation_only,10,2,perf-segmentation_only-r010-20260818T053927Z,loan_to_credit,2,195,200,16.845800,
segmentation_only,10,2,perf-segmentation_only-r010-20260818T053927Z,loan_to_credit,2,196,200,16.777600,
segmentation_only,10,2,perf-segmentation_only-r010-20260818T053927Z,loan_to_credit,2,197,200,16.914200,
segmentation_only,10,2,perf-segmentation_only-r010-20260818T053927Z,loan_to_credit,2,198,200,16.309700,
segmentation_only,10,2,perf-segmentation_only-r010-20260818T053927Z,loan_to_credit,2,199,200,16.486900,
segmentation_only,10,2,perf-segmentation_only-r010-20260818T053927Z,loan_to_credit,2,200,200,16.399300,
segmentation_only,10,2,perf-segmentation_only-r010-20260818T053927Z,loan_to_credit,3,1,200,16.690100,
segmentation_only,10,2,perf-segmentation_only-r010-20260818T053927Z,loan_to_credit,3,2,200,16.446500,
segmentation_only,10,2,perf-segmentation_only-r010-20260818T053927Z,loan_to_credit,3,3,200,16.867800,
segmentation_only,10,2,perf-segmentation_only-r010-20260818T053927Z,loan_to_credit,3,4,200,16.773900,
segmentation_only,10,2,perf-segmentation_only-r010-20260818T053927Z,loan_to_credit,3,5,200,16.289300,
segmentation_only,10,2,perf-segmentation_only-r010-20260818T053927Z,loan_to_credit,3,6,200,16.820100,
segmentation_only,10,2,perf-segmentation_only-r010-20260818T053927Z,loan_to_credit,3,7,200,15.976100,
segmentation_only,10,2,perf-segmentation_only-r010-20260818T053927Z,loan_to_credit,3,8,200,15.669700,
segmentation_only,10,2,perf-segmentation_only-r010-20260818T053927Z,loan_to_credit,3,9,200,16.056300,
segmentation_only,10,2,perf-segmentation_only-r010-20260818T053927Z,loan_to_credit,3,10,200,17.506000,
segmentation_only,10,2,perf-segmentation_only-r010-20260818T053927Z,loan_to_credit,3,11,200,16.674000,
segmentation_only,10,2,perf-segmentation_only-r010-20260818T053927Z,loan_to_credit,3,12,200,15.841200,
segmentation_only,10,2,perf-segmentation_only-r010-20260818T053927Z,loan_to_credit,3,13,200,17.019200,
segmentation_only,10,2,perf-segmentation_only-r010-20260818T053927Z,loan_to_credit,3,14,200,15.524000,
segmentation_only,10,2,perf-segmentation_only-r010-20260818T053927Z,loan_to_credit,3,15,200,16.283000,
segmentation_only,10,2,perf-segmentation_only-r010-20260818T053927Z,loan_to_credit,3,16,200,15.755600,
segmentation_only,10,2,perf-segmentation_only-r010-20260818T053927Z,loan_to_credit,3,17,200,16.114100,
segmentation_only,10,2,perf-segmentation_only-r010-20260818T053927Z,loan_to_credit,3,18,200,16.441200,
segmentation_only,10,2,perf-segmentation_only-r010-20260818T053927Z,loan_to_credit,3,19,200,16.064300,
segmentation_only,10,2,perf-segmentation_only-r010-20260818T053927Z,loan_to_credit,3,20,200,16.793100,
segmentation_only,10,2,perf-segmentation_only-r010-20260818T053927Z,loan_to_credit,3,21,200,15.768800,
segmentation_only,10,2,perf-segmentation_only-r010-20260818T053927Z,loan_to_credit,3,22,200,15.914900,
segmentation_only,10,2,perf-segmentation_only-r010-20260818T053927Z,loan_to_credit,3,23,200,15.815200,
segmentation_only,10,2,perf-segmentation_only-r010-20260818T053927Z,loan_to_credit,3,24,200,16.684800,
segmentation_only,10,2,perf-segmentation_only-r010-20260818T053927Z,loan_to_credit,3,25,200,17.200500,
segmentation_only,10,2,perf-segmentation_only-r010-20260818T053927Z,loan_to_credit,3,26,200,17.366500,
segmentation_only,10,2,perf-segmentation_only-r010-20260818T053927Z,loan_to_credit,3,27,200,17.248700,
segmentation_only,10,2,perf-segmentation_only-r010-20260818T053927Z,loan_to_credit,3,28,200,16.491200,
segmentation_only,10,2,perf-segmentation_only-r010-20260818T053927Z,loan_to_credit,3,29,200,15.859400,
segmentation_only,10,2,perf-segmentation_only-r010-20260818T053927Z,loan_to_credit,3,30,200,15.985000,
segmentation_only,10,2,perf-segmentation_only-r010-20260818T053927Z,loan_to_credit,3,31,200,15.995600,
segmentation_only,10,2,perf-segmentation_only-r010-20260818T053927Z,loan_to_credit,3,32,200,16.762900,
segmentation_only,10,2,perf-segmentation_only-r010-20260818T053927Z,loan_to_credit,3,33,200,17.758600,
segmentation_only,10,2,perf-segmentation_only-r010-20260818T053927Z,loan_to_credit,3,34,200,16.693000,
segmentation_only,10,2,perf-segmentation_only-r010-20260818T053927Z,loan_to_credit,3,35,200,16.081200,
segmentation_only,10,2,perf-segmentation_only-r010-20260818T053927Z,loan_to_credit,3,36,200,15.802600,
segmentation_only,10,2,perf-segmentation_only-r010-20260818T053927Z,loan_to_credit,3,37,200,15.972800,
segmentation_only,10,2,perf-segmentation_only-r010-20260818T053927Z,loan_to_credit,3,38,200,16.233100,
segmentation_only,10,2,perf-segmentation_only-r010-20260818T053927Z,loan_to_credit,3,39,200,16.840000,
segmentation_only,10,2,perf-segmentation_only-r010-20260818T053927Z,loan_to_credit,3,40,200,15.904600,
segmentation_only,10,2,perf-segmentation_only-r010-20260818T053927Z,loan_to_credit,3,41,200,15.645200,
segmentation_only,10,2,perf-segmentation_only-r010-20260818T053927Z,loan_to_credit,3,42,200,14.878500,
segmentation_only,10,2,perf-segmentation_only-r010-20260818T053927Z,loan_to_credit,3,43,200,16.386200,
segmentation_only,10,2,perf-segmentation_only-r010-20260818T053927Z,loan_to_credit,3,44,200,16.002600,
segmentation_only,10,2,perf-segmentation_only-r010-20260818T053927Z,loan_to_credit,3,45,200,15.780500,
segmentation_only,10,2,perf-segmentation_only-r010-20260818T053927Z,loan_to_credit,3,46,200,17.274200,
segmentation_only,10,2,perf-segmentation_only-r010-20260818T053927Z,loan_to_credit,3,47,200,17.908200,
segmentation_only,10,2,perf-segmentation_only-r010-20260818T053927Z,loan_to_credit,3,48,200,17.160700,
segmentation_only,10,2,perf-segmentation_only-r010-20260818T053927Z,loan_to_credit,3,49,200,17.434600,
segmentation_only,10,2,perf-segmentation_only-r010-20260818T053927Z,loan_to_credit,3,50,200,16.678200,
segmentation_only,10,2,perf-segmentation_only-r010-20260818T053927Z,loan_to_credit,3,51,200,18.043600,
segmentation_only,10,2,perf-segmentation_only-r010-20260818T053927Z,loan_to_credit,3,52,200,16.672300,
segmentation_only,10,2,perf-segmentation_only-r010-20260818T053927Z,loan_to_credit,3,53,200,17.212400,
segmentation_only,10,2,perf-segmentation_only-r010-20260818T053927Z,loan_to_credit,3,54,200,16.925200,
segmentation_only,10,2,perf-segmentation_only-r010-20260818T053927Z,loan_to_credit,3,55,200,17.185000,
segmentation_only,10,2,perf-segmentation_only-r010-20260818T053927Z,loan_to_credit,3,56,200,18.298800,
segmentation_only,10,2,perf-segmentation_only-r010-20260818T053927Z,loan_to_credit,3,57,200,17.822000,
segmentation_only,10,2,perf-segmentation_only-r010-20260818T053927Z,loan_to_credit,3,58,200,17.710000,
segmentation_only,10,2,perf-segmentation_only-r010-20260818T053927Z,loan_to_credit,3,59,200,16.928300,
segmentation_only,10,2,perf-segmentation_only-r010-20260818T053927Z,loan_to_credit,3,60,200,17.063900,
segmentation_only,10,2,perf-segmentation_only-r010-20260818T053927Z,loan_to_credit,3,61,200,16.520600,
segmentation_only,10,2,perf-segmentation_only-r010-20260818T053927Z,loan_to_credit,3,62,200,16.867600,
segmentation_only,10,2,perf-segmentation_only-r010-20260818T053927Z,loan_to_credit,3,63,200,16.206200,
segmentation_only,10,2,perf-segmentation_only-r010-20260818T053927Z,loan_to_credit,3,64,200,17.949100,
segmentation_only,10,2,perf-segmentation_only-r010-20260818T053927Z,loan_to_credit,3,65,200,17.259200,
segmentation_only,10,2,perf-segmentation_only-r010-20260818T053927Z,loan_to_credit,3,66,200,17.063700,
segmentation_only,10,2,perf-segmentation_only-r010-20260818T053927Z,loan_to_credit,3,67,200,17.247600,
segmentation_only,10,2,perf-segmentation_only-r010-20260818T053927Z,loan_to_credit,3,68,200,16.416100,
segmentation_only,10,2,perf-segmentation_only-r010-20260818T053927Z,loan_to_credit,3,69,200,17.709100,
segmentation_only,10,2,perf-segmentation_only-r010-20260818T053927Z,loan_to_credit,3,70,200,17.260700,
segmentation_only,10,2,perf-segmentation_only-r010-20260818T053927Z,loan_to_credit,3,71,200,16.900400,
segmentation_only,10,2,perf-segmentation_only-r010-20260818T053927Z,loan_to_credit,3,72,200,17.177200,
segmentation_only,10,2,perf-segmentation_only-r010-20260818T053927Z,loan_to_credit,3,73,200,17.001100,
segmentation_only,10,2,perf-segmentation_only-r010-20260818T053927Z,loan_to_credit,3,74,200,16.813100,
segmentation_only,10,2,perf-segmentation_only-r010-20260818T053927Z,loan_to_credit,3,75,200,19.961900,
segmentation_only,10,2,perf-segmentation_only-r010-20260818T053927Z,loan_to_credit,3,76,200,16.914200,
segmentation_only,10,2,perf-segmentation_only-r010-20260818T053927Z,loan_to_credit,3,77,200,15.486200,
segmentation_only,10,2,perf-segmentation_only-r010-20260818T053927Z,loan_to_credit,3,78,200,16.293200,
segmentation_only,10,2,perf-segmentation_only-r010-20260818T053927Z,loan_to_credit,3,79,200,16.119700,
segmentation_only,10,2,perf-segmentation_only-r010-20260818T053927Z,loan_to_credit,3,80,200,15.727700,
segmentation_only,10,2,perf-segmentation_only-r010-20260818T053927Z,loan_to_credit,3,81,200,16.227800,
segmentation_only,10,2,perf-segmentation_only-r010-20260818T053927Z,loan_to_credit,3,82,200,16.525300,
segmentation_only,10,2,perf-segmentation_only-r010-20260818T053927Z,loan_to_credit,3,83,200,16.338100,
segmentation_only,10,2,perf-segmentation_only-r010-20260818T053927Z,loan_to_credit,3,84,200,15.890900,
segmentation_only,10,2,perf-segmentation_only-r010-20260818T053927Z,loan_to_credit,3,85,200,17.983400,
segmentation_only,10,2,perf-segmentation_only-r010-20260818T053927Z,loan_to_credit,3,86,200,17.783900,
segmentation_only,10,2,perf-segmentation_only-r010-20260818T053927Z,loan_to_credit,3,87,200,18.338700,
segmentation_only,10,2,perf-segmentation_only-r010-20260818T053927Z,loan_to_credit,3,88,200,19.231800,
segmentation_only,10,2,perf-segmentation_only-r010-20260818T053927Z,loan_to_credit,3,89,200,17.383200,
segmentation_only,10,2,perf-segmentation_only-r010-20260818T053927Z,loan_to_credit,3,90,200,17.538800,
segmentation_only,10,2,perf-segmentation_only-r010-20260818T053927Z,loan_to_credit,3,91,200,16.574500,
segmentation_only,10,2,perf-segmentation_only-r010-20260818T053927Z,loan_to_credit,3,92,200,16.913700,
segmentation_only,10,2,perf-segmentation_only-r010-20260818T053927Z,loan_to_credit,3,93,200,15.949100,
segmentation_only,10,2,perf-segmentation_only-r010-20260818T053927Z,loan_to_credit,3,94,200,16.952000,
segmentation_only,10,2,perf-segmentation_only-r010-20260818T053927Z,loan_to_credit,3,95,200,16.289200,
segmentation_only,10,2,perf-segmentation_only-r010-20260818T053927Z,loan_to_credit,3,96,200,16.951300,
segmentation_only,10,2,perf-segmentation_only-r010-20260818T053927Z,loan_to_credit,3,97,200,17.037700,
segmentation_only,10,2,perf-segmentation_only-r010-20260818T053927Z,loan_to_credit,3,98,200,17.144200,
segmentation_only,10,2,perf-segmentation_only-r010-20260818T053927Z,loan_to_credit,3,99,200,16.263300,
segmentation_only,10,2,perf-segmentation_only-r010-20260818T053927Z,loan_to_credit,3,100,200,16.331300,
segmentation_only,10,2,perf-segmentation_only-r010-20260818T053927Z,loan_to_credit,3,101,200,15.663000,
segmentation_only,10,2,perf-segmentation_only-r010-20260818T053927Z,loan_to_credit,3,102,200,16.221700,
segmentation_only,10,2,perf-segmentation_only-r010-20260818T053927Z,loan_to_credit,3,103,200,16.252300,
segmentation_only,10,2,perf-segmentation_only-r010-20260818T053927Z,loan_to_credit,3,104,200,15.710400,
segmentation_only,10,2,perf-segmentation_only-r010-20260818T053927Z,loan_to_credit,3,105,200,17.010300,
segmentation_only,10,2,perf-segmentation_only-r010-20260818T053927Z,loan_to_credit,3,106,200,17.637200,
segmentation_only,10,2,perf-segmentation_only-r010-20260818T053927Z,loan_to_credit,3,107,200,16.065600,
segmentation_only,10,2,perf-segmentation_only-r010-20260818T053927Z,loan_to_credit,3,108,200,16.256000,
segmentation_only,10,2,perf-segmentation_only-r010-20260818T053927Z,loan_to_credit,3,109,200,15.992000,
segmentation_only,10,2,perf-segmentation_only-r010-20260818T053927Z,loan_to_credit,3,110,200,17.557000,
segmentation_only,10,2,perf-segmentation_only-r010-20260818T053927Z,loan_to_credit,3,111,200,16.588900,
segmentation_only,10,2,perf-segmentation_only-r010-20260818T053927Z,loan_to_credit,3,112,200,16.880000,
segmentation_only,10,2,perf-segmentation_only-r010-20260818T053927Z,loan_to_credit,3,113,200,15.947400,
segmentation_only,10,2,perf-segmentation_only-r010-20260818T053927Z,loan_to_credit,3,114,200,16.914600,
segmentation_only,10,2,perf-segmentation_only-r010-20260818T053927Z,loan_to_credit,3,115,200,17.035400,
segmentation_only,10,2,perf-segmentation_only-r010-20260818T053927Z,loan_to_credit,3,116,200,17.232000,
segmentation_only,10,2,perf-segmentation_only-r010-20260818T053927Z,loan_to_credit,3,117,200,17.212100,
segmentation_only,10,2,perf-segmentation_only-r010-20260818T053927Z,loan_to_credit,3,118,200,19.876600,
segmentation_only,10,2,perf-segmentation_only-r010-20260818T053927Z,loan_to_credit,3,119,200,16.539500,
segmentation_only,10,2,perf-segmentation_only-r010-20260818T053927Z,loan_to_credit,3,120,200,15.875700,
segmentation_only,10,2,perf-segmentation_only-r010-20260818T053927Z,loan_to_credit,3,121,200,15.809900,
segmentation_only,10,2,perf-segmentation_only-r010-20260818T053927Z,loan_to_credit,3,122,200,16.055000,
segmentation_only,10,2,perf-segmentation_only-r010-20260818T053927Z,loan_to_credit,3,123,200,16.917400,
segmentation_only,10,2,perf-segmentation_only-r010-20260818T053927Z,loan_to_credit,3,124,200,18.245100,
segmentation_only,10,2,perf-segmentation_only-r010-20260818T053927Z,loan_to_credit,3,125,200,15.703500,
segmentation_only,10,2,perf-segmentation_only-r010-20260818T053927Z,loan_to_credit,3,126,200,15.842400,
segmentation_only,10,2,perf-segmentation_only-r010-20260818T053927Z,loan_to_credit,3,127,200,16.633600,
segmentation_only,10,2,perf-segmentation_only-r010-20260818T053927Z,loan_to_credit,3,128,200,15.412800,
segmentation_only,10,2,perf-segmentation_only-r010-20260818T053927Z,loan_to_credit,3,129,200,16.394700,
segmentation_only,10,2,perf-segmentation_only-r010-20260818T053927Z,loan_to_credit,3,130,200,16.666800,
segmentation_only,10,2,perf-segmentation_only-r010-20260818T053927Z,loan_to_credit,3,131,200,16.175400,
segmentation_only,10,2,perf-segmentation_only-r010-20260818T053927Z,loan_to_credit,3,132,200,15.827500,
segmentation_only,10,2,perf-segmentation_only-r010-20260818T053927Z,loan_to_credit,3,133,200,16.041100,
segmentation_only,10,2,perf-segmentation_only-r010-20260818T053927Z,loan_to_credit,3,134,200,16.249600,
segmentation_only,10,2,perf-segmentation_only-r010-20260818T053927Z,loan_to_credit,3,135,200,15.583000,
segmentation_only,10,2,perf-segmentation_only-r010-20260818T053927Z,loan_to_credit,3,136,200,16.059500,
segmentation_only,10,2,perf-segmentation_only-r010-20260818T053927Z,loan_to_credit,3,137,200,15.760100,
segmentation_only,10,2,perf-segmentation_only-r010-20260818T053927Z,loan_to_credit,3,138,200,16.193900,
segmentation_only,10,2,perf-segmentation_only-r010-20260818T053927Z,loan_to_credit,3,139,200,15.743100,
segmentation_only,10,2,perf-segmentation_only-r010-20260818T053927Z,loan_to_credit,3,140,200,16.278500,
segmentation_only,10,2,perf-segmentation_only-r010-20260818T053927Z,loan_to_credit,3,141,200,16.158600,
segmentation_only,10,2,perf-segmentation_only-r010-20260818T053927Z,loan_to_credit,3,142,200,16.722300,
segmentation_only,10,2,perf-segmentation_only-r010-20260818T053927Z,loan_to_credit,3,143,200,16.934200,
segmentation_only,10,2,perf-segmentation_only-r010-20260818T053927Z,loan_to_credit,3,144,200,15.984100,
segmentation_only,10,2,perf-segmentation_only-r010-20260818T053927Z,loan_to_credit,3,145,200,16.859200,
segmentation_only,10,2,perf-segmentation_only-r010-20260818T053927Z,loan_to_credit,3,146,200,16.203300,
segmentation_only,10,2,perf-segmentation_only-r010-20260818T053927Z,loan_to_credit,3,147,200,17.502700,
segmentation_only,10,2,perf-segmentation_only-r010-20260818T053927Z,loan_to_credit,3,148,200,16.658300,
segmentation_only,10,2,perf-segmentation_only-r010-20260818T053927Z,loan_to_credit,3,149,200,17.494500,
segmentation_only,10,2,perf-segmentation_only-r010-20260818T053927Z,loan_to_credit,3,150,200,16.886800,
segmentation_only,10,2,perf-segmentation_only-r010-20260818T053927Z,loan_to_credit,3,151,200,16.420800,
segmentation_only,10,2,perf-segmentation_only-r010-20260818T053927Z,loan_to_credit,3,152,200,16.874700,
segmentation_only,10,2,perf-segmentation_only-r010-20260818T053927Z,loan_to_credit,3,153,200,17.038200,
segmentation_only,10,2,perf-segmentation_only-r010-20260818T053927Z,loan_to_credit,3,154,200,15.781600,
segmentation_only,10,2,perf-segmentation_only-r010-20260818T053927Z,loan_to_credit,3,155,200,17.253200,
segmentation_only,10,2,perf-segmentation_only-r010-20260818T053927Z,loan_to_credit,3,156,200,15.449500,
segmentation_only,10,2,perf-segmentation_only-r010-20260818T053927Z,loan_to_credit,3,157,200,16.033500,
segmentation_only,10,2,perf-segmentation_only-r010-20260818T053927Z,loan_to_credit,3,158,200,17.904900,
segmentation_only,10,2,perf-segmentation_only-r010-20260818T053927Z,loan_to_credit,3,159,200,16.027400,
segmentation_only,10,2,perf-segmentation_only-r010-20260818T053927Z,loan_to_credit,3,160,200,17.521000,
segmentation_only,10,2,perf-segmentation_only-r010-20260818T053927Z,loan_to_credit,3,161,200,16.218700,
segmentation_only,10,2,perf-segmentation_only-r010-20260818T053927Z,loan_to_credit,3,162,200,16.001300,
segmentation_only,10,2,perf-segmentation_only-r010-20260818T053927Z,loan_to_credit,3,163,200,16.409600,
segmentation_only,10,2,perf-segmentation_only-r010-20260818T053927Z,loan_to_credit,3,164,200,17.006800,
segmentation_only,10,2,perf-segmentation_only-r010-20260818T053927Z,loan_to_credit,3,165,200,16.447700,
segmentation_only,10,2,perf-segmentation_only-r010-20260818T053927Z,loan_to_credit,3,166,200,16.892400,
segmentation_only,10,2,perf-segmentation_only-r010-20260818T053927Z,loan_to_credit,3,167,200,16.523100,
segmentation_only,10,2,perf-segmentation_only-r010-20260818T053927Z,loan_to_credit,3,168,200,17.028900,
segmentation_only,10,2,perf-segmentation_only-r010-20260818T053927Z,loan_to_credit,3,169,200,15.866300,
segmentation_only,10,2,perf-segmentation_only-r010-20260818T053927Z,loan_to_credit,3,170,200,20.277400,
segmentation_only,10,2,perf-segmentation_only-r010-20260818T053927Z,loan_to_credit,3,171,200,17.134100,
segmentation_only,10,2,perf-segmentation_only-r010-20260818T053927Z,loan_to_credit,3,172,200,16.597800,
segmentation_only,10,2,perf-segmentation_only-r010-20260818T053927Z,loan_to_credit,3,173,200,17.467600,
segmentation_only,10,2,perf-segmentation_only-r010-20260818T053927Z,loan_to_credit,3,174,200,17.132100,
segmentation_only,10,2,perf-segmentation_only-r010-20260818T053927Z,loan_to_credit,3,175,200,18.538200,
segmentation_only,10,2,perf-segmentation_only-r010-20260818T053927Z,loan_to_credit,3,176,200,17.638600,
segmentation_only,10,2,perf-segmentation_only-r010-20260818T053927Z,loan_to_credit,3,177,200,17.533100,
segmentation_only,10,2,perf-segmentation_only-r010-20260818T053927Z,loan_to_credit,3,178,200,16.954700,
segmentation_only,10,2,perf-segmentation_only-r010-20260818T053927Z,loan_to_credit,3,179,200,17.835300,
segmentation_only,10,2,perf-segmentation_only-r010-20260818T053927Z,loan_to_credit,3,180,200,17.045600,
segmentation_only,10,2,perf-segmentation_only-r010-20260818T053927Z,loan_to_credit,3,181,200,17.155800,
segmentation_only,10,2,perf-segmentation_only-r010-20260818T053927Z,loan_to_credit,3,182,200,17.295500,
segmentation_only,10,2,perf-segmentation_only-r010-20260818T053927Z,loan_to_credit,3,183,200,17.591000,
segmentation_only,10,2,perf-segmentation_only-r010-20260818T053927Z,loan_to_credit,3,184,200,17.135100,
segmentation_only,10,2,perf-segmentation_only-r010-20260818T053927Z,loan_to_credit,3,185,200,18.320000,
segmentation_only,10,2,perf-segmentation_only-r010-20260818T053927Z,loan_to_credit,3,186,200,17.526600,
segmentation_only,10,2,perf-segmentation_only-r010-20260818T053927Z,loan_to_credit,3,187,200,16.924300,
segmentation_only,10,2,perf-segmentation_only-r010-20260818T053927Z,loan_to_credit,3,188,200,18.960900,
segmentation_only,10,2,perf-segmentation_only-r010-20260818T053927Z,loan_to_credit,3,189,200,18.074900,
segmentation_only,10,2,perf-segmentation_only-r010-20260818T053927Z,loan_to_credit,3,190,200,16.864300,
segmentation_only,10,2,perf-segmentation_only-r010-20260818T053927Z,loan_to_credit,3,191,200,17.560700,
segmentation_only,10,2,perf-segmentation_only-r010-20260818T053927Z,loan_to_credit,3,192,200,19.099600,
segmentation_only,10,2,perf-segmentation_only-r010-20260818T053927Z,loan_to_credit,3,193,200,18.320400,
segmentation_only,10,2,perf-segmentation_only-r010-20260818T053927Z,loan_to_credit,3,194,200,17.036400,
segmentation_only,10,2,perf-segmentation_only-r010-20260818T053927Z,loan_to_credit,3,195,200,16.917600,
segmentation_only,10,2,perf-segmentation_only-r010-20260818T053927Z,loan_to_credit,3,196,200,17.184900,
segmentation_only,10,2,perf-segmentation_only-r010-20260818T053927Z,loan_to_credit,3,197,200,18.035400,
segmentation_only,10,2,perf-segmentation_only-r010-20260818T053927Z,loan_to_credit,3,198,200,18.129000,
segmentation_only,10,2,perf-segmentation_only-r010-20260818T053927Z,loan_to_credit,3,199,200,17.587500,
segmentation_only,10,2,perf-segmentation_only-r010-20260818T053927Z,loan_to_credit,3,200,200,18.213900,
segmentation_only,10,2,perf-segmentation_only-r010-20260818T053927Z,loan_to_aml,1,1,200,16.321800,
segmentation_only,10,2,perf-segmentation_only-r010-20260818T053927Z,loan_to_aml,1,2,200,16.511700,
segmentation_only,10,2,perf-segmentation_only-r010-20260818T053927Z,loan_to_aml,1,3,200,16.632700,
segmentation_only,10,2,perf-segmentation_only-r010-20260818T053927Z,loan_to_aml,1,4,200,16.975500,
segmentation_only,10,2,perf-segmentation_only-r010-20260818T053927Z,loan_to_aml,1,5,200,16.630700,
segmentation_only,10,2,perf-segmentation_only-r010-20260818T053927Z,loan_to_aml,1,6,200,16.122700,
segmentation_only,10,2,perf-segmentation_only-r010-20260818T053927Z,loan_to_aml,1,7,200,16.130000,
segmentation_only,10,2,perf-segmentation_only-r010-20260818T053927Z,loan_to_aml,1,8,200,17.540500,
segmentation_only,10,2,perf-segmentation_only-r010-20260818T053927Z,loan_to_aml,1,9,200,16.883700,
segmentation_only,10,2,perf-segmentation_only-r010-20260818T053927Z,loan_to_aml,1,10,200,16.090500,
segmentation_only,10,2,perf-segmentation_only-r010-20260818T053927Z,loan_to_aml,1,11,200,16.396300,
segmentation_only,10,2,perf-segmentation_only-r010-20260818T053927Z,loan_to_aml,1,12,200,16.361100,
segmentation_only,10,2,perf-segmentation_only-r010-20260818T053927Z,loan_to_aml,1,13,200,15.495800,
segmentation_only,10,2,perf-segmentation_only-r010-20260818T053927Z,loan_to_aml,1,14,200,15.919300,
segmentation_only,10,2,perf-segmentation_only-r010-20260818T053927Z,loan_to_aml,1,15,200,17.056600,
segmentation_only,10,2,perf-segmentation_only-r010-20260818T053927Z,loan_to_aml,1,16,200,16.104600,
segmentation_only,10,2,perf-segmentation_only-r010-20260818T053927Z,loan_to_aml,1,17,200,17.128200,
segmentation_only,10,2,perf-segmentation_only-r010-20260818T053927Z,loan_to_aml,1,18,200,18.521400,
segmentation_only,10,2,perf-segmentation_only-r010-20260818T053927Z,loan_to_aml,1,19,200,18.071900,
segmentation_only,10,2,perf-segmentation_only-r010-20260818T053927Z,loan_to_aml,1,20,200,18.325300,
segmentation_only,10,2,perf-segmentation_only-r010-20260818T053927Z,loan_to_aml,1,21,200,17.883600,
segmentation_only,10,2,perf-segmentation_only-r010-20260818T053927Z,loan_to_aml,1,22,200,18.807300,
segmentation_only,10,2,perf-segmentation_only-r010-20260818T053927Z,loan_to_aml,1,23,200,16.259800,
segmentation_only,10,2,perf-segmentation_only-r010-20260818T053927Z,loan_to_aml,1,24,200,17.031900,
segmentation_only,10,2,perf-segmentation_only-r010-20260818T053927Z,loan_to_aml,1,25,200,17.134900,
segmentation_only,10,2,perf-segmentation_only-r010-20260818T053927Z,loan_to_aml,1,26,200,16.412200,
segmentation_only,10,2,perf-segmentation_only-r010-20260818T053927Z,loan_to_aml,1,27,200,16.436000,
segmentation_only,10,2,perf-segmentation_only-r010-20260818T053927Z,loan_to_aml,1,28,200,16.681200,
segmentation_only,10,2,perf-segmentation_only-r010-20260818T053927Z,loan_to_aml,1,29,200,17.015100,
segmentation_only,10,2,perf-segmentation_only-r010-20260818T053927Z,loan_to_aml,1,30,200,16.405600,
segmentation_only,10,2,perf-segmentation_only-r010-20260818T053927Z,loan_to_aml,1,31,200,16.907800,
segmentation_only,10,2,perf-segmentation_only-r010-20260818T053927Z,loan_to_aml,1,32,200,16.162900,
segmentation_only,10,2,perf-segmentation_only-r010-20260818T053927Z,loan_to_aml,1,33,200,16.211000,
segmentation_only,10,2,perf-segmentation_only-r010-20260818T053927Z,loan_to_aml,1,34,200,16.250300,
segmentation_only,10,2,perf-segmentation_only-r010-20260818T053927Z,loan_to_aml,1,35,200,15.884800,
segmentation_only,10,2,perf-segmentation_only-r010-20260818T053927Z,loan_to_aml,1,36,200,16.156800,
segmentation_only,10,2,perf-segmentation_only-r010-20260818T053927Z,loan_to_aml,1,37,200,15.651700,
segmentation_only,10,2,perf-segmentation_only-r010-20260818T053927Z,loan_to_aml,1,38,200,16.160500,
segmentation_only,10,2,perf-segmentation_only-r010-20260818T053927Z,loan_to_aml,1,39,200,15.594300,
segmentation_only,10,2,perf-segmentation_only-r010-20260818T053927Z,loan_to_aml,1,40,200,16.097100,
segmentation_only,10,2,perf-segmentation_only-r010-20260818T053927Z,loan_to_aml,1,41,200,17.540800,
segmentation_only,10,2,perf-segmentation_only-r010-20260818T053927Z,loan_to_aml,1,42,200,16.792900,
segmentation_only,10,2,perf-segmentation_only-r010-20260818T053927Z,loan_to_aml,1,43,200,16.913400,
segmentation_only,10,2,perf-segmentation_only-r010-20260818T053927Z,loan_to_aml,1,44,200,18.034700,
segmentation_only,10,2,perf-segmentation_only-r010-20260818T053927Z,loan_to_aml,1,45,200,17.244900,
segmentation_only,10,2,perf-segmentation_only-r010-20260818T053927Z,loan_to_aml,1,46,200,17.044500,
segmentation_only,10,2,perf-segmentation_only-r010-20260818T053927Z,loan_to_aml,1,47,200,16.500400,
segmentation_only,10,2,perf-segmentation_only-r010-20260818T053927Z,loan_to_aml,1,48,200,17.000300,
segmentation_only,10,2,perf-segmentation_only-r010-20260818T053927Z,loan_to_aml,1,49,200,16.784000,
segmentation_only,10,2,perf-segmentation_only-r010-20260818T053927Z,loan_to_aml,1,50,200,16.212900,
segmentation_only,10,2,perf-segmentation_only-r010-20260818T053927Z,loan_to_aml,1,51,200,17.254500,
segmentation_only,10,2,perf-segmentation_only-r010-20260818T053927Z,loan_to_aml,1,52,200,16.957700,
segmentation_only,10,2,perf-segmentation_only-r010-20260818T053927Z,loan_to_aml,1,53,200,17.684200,
segmentation_only,10,2,perf-segmentation_only-r010-20260818T053927Z,loan_to_aml,1,54,200,16.199000,
segmentation_only,10,2,perf-segmentation_only-r010-20260818T053927Z,loan_to_aml,1,55,200,16.871800,
segmentation_only,10,2,perf-segmentation_only-r010-20260818T053927Z,loan_to_aml,1,56,200,16.672300,
segmentation_only,10,2,perf-segmentation_only-r010-20260818T053927Z,loan_to_aml,1,57,200,16.079400,
segmentation_only,10,2,perf-segmentation_only-r010-20260818T053927Z,loan_to_aml,1,58,200,16.253700,
segmentation_only,10,2,perf-segmentation_only-r010-20260818T053927Z,loan_to_aml,1,59,200,15.608000,
segmentation_only,10,2,perf-segmentation_only-r010-20260818T053927Z,loan_to_aml,1,60,200,15.969600,
segmentation_only,10,2,perf-segmentation_only-r010-20260818T053927Z,loan_to_aml,1,61,200,16.088600,
segmentation_only,10,2,perf-segmentation_only-r010-20260818T053927Z,loan_to_aml,1,62,200,16.148100,
segmentation_only,10,2,perf-segmentation_only-r010-20260818T053927Z,loan_to_aml,1,63,200,15.742100,
segmentation_only,10,2,perf-segmentation_only-r010-20260818T053927Z,loan_to_aml,1,64,200,19.162800,
segmentation_only,10,2,perf-segmentation_only-r010-20260818T053927Z,loan_to_aml,1,65,200,16.697600,
segmentation_only,10,2,perf-segmentation_only-r010-20260818T053927Z,loan_to_aml,1,66,200,15.854600,
segmentation_only,10,2,perf-segmentation_only-r010-20260818T053927Z,loan_to_aml,1,67,200,16.127800,
segmentation_only,10,2,perf-segmentation_only-r010-20260818T053927Z,loan_to_aml,1,68,200,16.410700,
segmentation_only,10,2,perf-segmentation_only-r010-20260818T053927Z,loan_to_aml,1,69,200,15.767200,
segmentation_only,10,2,perf-segmentation_only-r010-20260818T053927Z,loan_to_aml,1,70,200,15.952500,
segmentation_only,10,2,perf-segmentation_only-r010-20260818T053927Z,loan_to_aml,1,71,200,15.972400,
segmentation_only,10,2,perf-segmentation_only-r010-20260818T053927Z,loan_to_aml,1,72,200,15.975700,
segmentation_only,10,2,perf-segmentation_only-r010-20260818T053927Z,loan_to_aml,1,73,200,15.809900,
segmentation_only,10,2,perf-segmentation_only-r010-20260818T053927Z,loan_to_aml,1,74,200,16.710900,
segmentation_only,10,2,perf-segmentation_only-r010-20260818T053927Z,loan_to_aml,1,75,200,16.424900,
segmentation_only,10,2,perf-segmentation_only-r010-20260818T053927Z,loan_to_aml,1,76,200,17.646700,
segmentation_only,10,2,perf-segmentation_only-r010-20260818T053927Z,loan_to_aml,1,77,200,16.376400,
segmentation_only,10,2,perf-segmentation_only-r010-20260818T053927Z,loan_to_aml,1,78,200,15.862900,
segmentation_only,10,2,perf-segmentation_only-r010-20260818T053927Z,loan_to_aml,1,79,200,17.317800,
segmentation_only,10,2,perf-segmentation_only-r010-20260818T053927Z,loan_to_aml,1,80,200,15.249200,
segmentation_only,10,2,perf-segmentation_only-r010-20260818T053927Z,loan_to_aml,1,81,200,16.341900,
segmentation_only,10,2,perf-segmentation_only-r010-20260818T053927Z,loan_to_aml,1,82,200,17.201500,
segmentation_only,10,2,perf-segmentation_only-r010-20260818T053927Z,loan_to_aml,1,83,200,17.362000,
segmentation_only,10,2,perf-segmentation_only-r010-20260818T053927Z,loan_to_aml,1,84,200,16.564100,
segmentation_only,10,2,perf-segmentation_only-r010-20260818T053927Z,loan_to_aml,1,85,200,16.499300,
segmentation_only,10,2,perf-segmentation_only-r010-20260818T053927Z,loan_to_aml,1,86,200,16.698400,
segmentation_only,10,2,perf-segmentation_only-r010-20260818T053927Z,loan_to_aml,1,87,200,16.697000,
segmentation_only,10,2,perf-segmentation_only-r010-20260818T053927Z,loan_to_aml,1,88,200,15.916500,
segmentation_only,10,2,perf-segmentation_only-r010-20260818T053927Z,loan_to_aml,1,89,200,16.363700,
segmentation_only,10,2,perf-segmentation_only-r010-20260818T053927Z,loan_to_aml,1,90,200,16.781700,
segmentation_only,10,2,perf-segmentation_only-r010-20260818T053927Z,loan_to_aml,1,91,200,15.978200,
segmentation_only,10,2,perf-segmentation_only-r010-20260818T053927Z,loan_to_aml,1,92,200,15.560900,
segmentation_only,10,2,perf-segmentation_only-r010-20260818T053927Z,loan_to_aml,1,93,200,15.882800,
segmentation_only,10,2,perf-segmentation_only-r010-20260818T053927Z,loan_to_aml,1,94,200,16.043900,
segmentation_only,10,2,perf-segmentation_only-r010-20260818T053927Z,loan_to_aml,1,95,200,15.842400,
segmentation_only,10,2,perf-segmentation_only-r010-20260818T053927Z,loan_to_aml,1,96,200,16.097100,
segmentation_only,10,2,perf-segmentation_only-r010-20260818T053927Z,loan_to_aml,1,97,200,15.872900,
segmentation_only,10,2,perf-segmentation_only-r010-20260818T053927Z,loan_to_aml,1,98,200,16.408900,
segmentation_only,10,2,perf-segmentation_only-r010-20260818T053927Z,loan_to_aml,1,99,200,15.624600,
segmentation_only,10,2,perf-segmentation_only-r010-20260818T053927Z,loan_to_aml,1,100,200,16.144000,
segmentation_only,10,2,perf-segmentation_only-r010-20260818T053927Z,loan_to_aml,1,101,200,17.822000,
segmentation_only,10,2,perf-segmentation_only-r010-20260818T053927Z,loan_to_aml,1,102,200,16.348500,
segmentation_only,10,2,perf-segmentation_only-r010-20260818T053927Z,loan_to_aml,1,103,200,15.919800,
segmentation_only,10,2,perf-segmentation_only-r010-20260818T053927Z,loan_to_aml,1,104,200,15.912100,
segmentation_only,10,2,perf-segmentation_only-r010-20260818T053927Z,loan_to_aml,1,105,200,15.910400,
segmentation_only,10,2,perf-segmentation_only-r010-20260818T053927Z,loan_to_aml,1,106,200,15.964700,
segmentation_only,10,2,perf-segmentation_only-r010-20260818T053927Z,loan_to_aml,1,107,200,17.208700,
segmentation_only,10,2,perf-segmentation_only-r010-20260818T053927Z,loan_to_aml,1,108,200,17.091800,
segmentation_only,10,2,perf-segmentation_only-r010-20260818T053927Z,loan_to_aml,1,109,200,16.540200,
segmentation_only,10,2,perf-segmentation_only-r010-20260818T053927Z,loan_to_aml,1,110,200,16.264500,
segmentation_only,10,2,perf-segmentation_only-r010-20260818T053927Z,loan_to_aml,1,111,200,16.827700,
segmentation_only,10,2,perf-segmentation_only-r010-20260818T053927Z,loan_to_aml,1,112,200,16.799800,
segmentation_only,10,2,perf-segmentation_only-r010-20260818T053927Z,loan_to_aml,1,113,200,17.812300,
segmentation_only,10,2,perf-segmentation_only-r010-20260818T053927Z,loan_to_aml,1,114,200,17.525600,
segmentation_only,10,2,perf-segmentation_only-r010-20260818T053927Z,loan_to_aml,1,115,200,16.850700,
segmentation_only,10,2,perf-segmentation_only-r010-20260818T053927Z,loan_to_aml,1,116,200,16.042900,
segmentation_only,10,2,perf-segmentation_only-r010-20260818T053927Z,loan_to_aml,1,117,200,16.000400,
segmentation_only,10,2,perf-segmentation_only-r010-20260818T053927Z,loan_to_aml,1,118,200,15.672200,
segmentation_only,10,2,perf-segmentation_only-r010-20260818T053927Z,loan_to_aml,1,119,200,16.388100,
segmentation_only,10,2,perf-segmentation_only-r010-20260818T053927Z,loan_to_aml,1,120,200,16.640500,
segmentation_only,10,2,perf-segmentation_only-r010-20260818T053927Z,loan_to_aml,1,121,200,15.737400,
segmentation_only,10,2,perf-segmentation_only-r010-20260818T053927Z,loan_to_aml,1,122,200,16.362700,
segmentation_only,10,2,perf-segmentation_only-r010-20260818T053927Z,loan_to_aml,1,123,200,17.977700,
segmentation_only,10,2,perf-segmentation_only-r010-20260818T053927Z,loan_to_aml,1,124,200,15.744000,
segmentation_only,10,2,perf-segmentation_only-r010-20260818T053927Z,loan_to_aml,1,125,200,16.067700,
segmentation_only,10,2,perf-segmentation_only-r010-20260818T053927Z,loan_to_aml,1,126,200,16.843300,
segmentation_only,10,2,perf-segmentation_only-r010-20260818T053927Z,loan_to_aml,1,127,200,17.443100,
segmentation_only,10,2,perf-segmentation_only-r010-20260818T053927Z,loan_to_aml,1,128,200,15.573700,
segmentation_only,10,2,perf-segmentation_only-r010-20260818T053927Z,loan_to_aml,1,129,200,17.206600,
segmentation_only,10,2,perf-segmentation_only-r010-20260818T053927Z,loan_to_aml,1,130,200,15.961000,
segmentation_only,10,2,perf-segmentation_only-r010-20260818T053927Z,loan_to_aml,1,131,200,16.600400,
segmentation_only,10,2,perf-segmentation_only-r010-20260818T053927Z,loan_to_aml,1,132,200,16.072300,
segmentation_only,10,2,perf-segmentation_only-r010-20260818T053927Z,loan_to_aml,1,133,200,16.181700,
segmentation_only,10,2,perf-segmentation_only-r010-20260818T053927Z,loan_to_aml,1,134,200,15.836400,
segmentation_only,10,2,perf-segmentation_only-r010-20260818T053927Z,loan_to_aml,1,135,200,16.124600,
segmentation_only,10,2,perf-segmentation_only-r010-20260818T053927Z,loan_to_aml,1,136,200,15.913500,
segmentation_only,10,2,perf-segmentation_only-r010-20260818T053927Z,loan_to_aml,1,137,200,15.581700,
segmentation_only,10,2,perf-segmentation_only-r010-20260818T053927Z,loan_to_aml,1,138,200,15.797300,
segmentation_only,10,2,perf-segmentation_only-r010-20260818T053927Z,loan_to_aml,1,139,200,15.752000,
segmentation_only,10,2,perf-segmentation_only-r010-20260818T053927Z,loan_to_aml,1,140,200,16.820300,
segmentation_only,10,2,perf-segmentation_only-r010-20260818T053927Z,loan_to_aml,1,141,200,16.141400,
segmentation_only,10,2,perf-segmentation_only-r010-20260818T053927Z,loan_to_aml,1,142,200,18.011800,
segmentation_only,10,2,perf-segmentation_only-r010-20260818T053927Z,loan_to_aml,1,143,200,17.432300,
segmentation_only,10,2,perf-segmentation_only-r010-20260818T053927Z,loan_to_aml,1,144,200,17.354200,
segmentation_only,10,2,perf-segmentation_only-r010-20260818T053927Z,loan_to_aml,1,145,200,18.114900,
segmentation_only,10,2,perf-segmentation_only-r010-20260818T053927Z,loan_to_aml,1,146,200,17.826300,
segmentation_only,10,2,perf-segmentation_only-r010-20260818T053927Z,loan_to_aml,1,147,200,19.200200,
segmentation_only,10,2,perf-segmentation_only-r010-20260818T053927Z,loan_to_aml,1,148,200,18.737400,
segmentation_only,10,2,perf-segmentation_only-r010-20260818T053927Z,loan_to_aml,1,149,200,17.535000,
segmentation_only,10,2,perf-segmentation_only-r010-20260818T053927Z,loan_to_aml,1,150,200,18.195800,
segmentation_only,10,2,perf-segmentation_only-r010-20260818T053927Z,loan_to_aml,1,151,200,17.294800,
segmentation_only,10,2,perf-segmentation_only-r010-20260818T053927Z,loan_to_aml,1,152,200,17.467800,
segmentation_only,10,2,perf-segmentation_only-r010-20260818T053927Z,loan_to_aml,1,153,200,16.570100,
segmentation_only,10,2,perf-segmentation_only-r010-20260818T053927Z,loan_to_aml,1,154,200,16.580200,
segmentation_only,10,2,perf-segmentation_only-r010-20260818T053927Z,loan_to_aml,1,155,200,17.414900,
segmentation_only,10,2,perf-segmentation_only-r010-20260818T053927Z,loan_to_aml,1,156,200,16.796900,
segmentation_only,10,2,perf-segmentation_only-r010-20260818T053927Z,loan_to_aml,1,157,200,16.832200,
segmentation_only,10,2,perf-segmentation_only-r010-20260818T053927Z,loan_to_aml,1,158,200,17.263200,
segmentation_only,10,2,perf-segmentation_only-r010-20260818T053927Z,loan_to_aml,1,159,200,16.013900,
segmentation_only,10,2,perf-segmentation_only-r010-20260818T053927Z,loan_to_aml,1,160,200,16.988900,
segmentation_only,10,2,perf-segmentation_only-r010-20260818T053927Z,loan_to_aml,1,161,200,16.771900,
segmentation_only,10,2,perf-segmentation_only-r010-20260818T053927Z,loan_to_aml,1,162,200,16.187500,
segmentation_only,10,2,perf-segmentation_only-r010-20260818T053927Z,loan_to_aml,1,163,200,16.017000,
segmentation_only,10,2,perf-segmentation_only-r010-20260818T053927Z,loan_to_aml,1,164,200,16.854300,
segmentation_only,10,2,perf-segmentation_only-r010-20260818T053927Z,loan_to_aml,1,165,200,15.982400,
segmentation_only,10,2,perf-segmentation_only-r010-20260818T053927Z,loan_to_aml,1,166,200,15.891300,
segmentation_only,10,2,perf-segmentation_only-r010-20260818T053927Z,loan_to_aml,1,167,200,15.839700,
segmentation_only,10,2,perf-segmentation_only-r010-20260818T053927Z,loan_to_aml,1,168,200,16.248700,
segmentation_only,10,2,perf-segmentation_only-r010-20260818T053927Z,loan_to_aml,1,169,200,17.002900,
segmentation_only,10,2,perf-segmentation_only-r010-20260818T053927Z,loan_to_aml,1,170,200,16.785300,
segmentation_only,10,2,perf-segmentation_only-r010-20260818T053927Z,loan_to_aml,1,171,200,16.770400,
segmentation_only,10,2,perf-segmentation_only-r010-20260818T053927Z,loan_to_aml,1,172,200,16.266100,
segmentation_only,10,2,perf-segmentation_only-r010-20260818T053927Z,loan_to_aml,1,173,200,17.038600,
segmentation_only,10,2,perf-segmentation_only-r010-20260818T053927Z,loan_to_aml,1,174,200,16.143800,
segmentation_only,10,2,perf-segmentation_only-r010-20260818T053927Z,loan_to_aml,1,175,200,17.553900,
segmentation_only,10,2,perf-segmentation_only-r010-20260818T053927Z,loan_to_aml,1,176,200,17.410100,
segmentation_only,10,2,perf-segmentation_only-r010-20260818T053927Z,loan_to_aml,1,177,200,16.779300,
segmentation_only,10,2,perf-segmentation_only-r010-20260818T053927Z,loan_to_aml,1,178,200,15.861700,
segmentation_only,10,2,perf-segmentation_only-r010-20260818T053927Z,loan_to_aml,1,179,200,16.281600,
segmentation_only,10,2,perf-segmentation_only-r010-20260818T053927Z,loan_to_aml,1,180,200,16.557700,
segmentation_only,10,2,perf-segmentation_only-r010-20260818T053927Z,loan_to_aml,1,181,200,16.163100,
segmentation_only,10,2,perf-segmentation_only-r010-20260818T053927Z,loan_to_aml,1,182,200,15.748500,
segmentation_only,10,2,perf-segmentation_only-r010-20260818T053927Z,loan_to_aml,1,183,200,16.260600,
segmentation_only,10,2,perf-segmentation_only-r010-20260818T053927Z,loan_to_aml,1,184,200,16.119300,
segmentation_only,10,2,perf-segmentation_only-r010-20260818T053927Z,loan_to_aml,1,185,200,16.790800,
segmentation_only,10,2,perf-segmentation_only-r010-20260818T053927Z,loan_to_aml,1,186,200,15.862700,
segmentation_only,10,2,perf-segmentation_only-r010-20260818T053927Z,loan_to_aml,1,187,200,17.061300,
segmentation_only,10,2,perf-segmentation_only-r010-20260818T053927Z,loan_to_aml,1,188,200,16.045300,
segmentation_only,10,2,perf-segmentation_only-r010-20260818T053927Z,loan_to_aml,1,189,200,17.307100,
segmentation_only,10,2,perf-segmentation_only-r010-20260818T053927Z,loan_to_aml,1,190,200,16.920900,
segmentation_only,10,2,perf-segmentation_only-r010-20260818T053927Z,loan_to_aml,1,191,200,15.790700,
segmentation_only,10,2,perf-segmentation_only-r010-20260818T053927Z,loan_to_aml,1,192,200,16.616200,
segmentation_only,10,2,perf-segmentation_only-r010-20260818T053927Z,loan_to_aml,1,193,200,16.119400,
segmentation_only,10,2,perf-segmentation_only-r010-20260818T053927Z,loan_to_aml,1,194,200,15.903500,
segmentation_only,10,2,perf-segmentation_only-r010-20260818T053927Z,loan_to_aml,1,195,200,16.341900,
segmentation_only,10,2,perf-segmentation_only-r010-20260818T053927Z,loan_to_aml,1,196,200,15.688300,
segmentation_only,10,2,perf-segmentation_only-r010-20260818T053927Z,loan_to_aml,1,197,200,15.989300,
segmentation_only,10,2,perf-segmentation_only-r010-20260818T053927Z,loan_to_aml,1,198,200,15.856000,
segmentation_only,10,2,perf-segmentation_only-r010-20260818T053927Z,loan_to_aml,1,199,200,16.150000,
segmentation_only,10,2,perf-segmentation_only-r010-20260818T053927Z,loan_to_aml,1,200,200,15.972100,
segmentation_only,10,2,perf-segmentation_only-r010-20260818T053927Z,loan_to_aml,2,1,200,16.117700,
segmentation_only,10,2,perf-segmentation_only-r010-20260818T053927Z,loan_to_aml,2,2,200,17.147200,
segmentation_only,10,2,perf-segmentation_only-r010-20260818T053927Z,loan_to_aml,2,3,200,15.746900,
segmentation_only,10,2,perf-segmentation_only-r010-20260818T053927Z,loan_to_aml,2,4,200,16.987900,
segmentation_only,10,2,perf-segmentation_only-r010-20260818T053927Z,loan_to_aml,2,5,200,17.210400,
segmentation_only,10,2,perf-segmentation_only-r010-20260818T053927Z,loan_to_aml,2,6,200,17.201600,
segmentation_only,10,2,perf-segmentation_only-r010-20260818T053927Z,loan_to_aml,2,7,200,16.590000,
segmentation_only,10,2,perf-segmentation_only-r010-20260818T053927Z,loan_to_aml,2,8,200,17.888400,
segmentation_only,10,2,perf-segmentation_only-r010-20260818T053927Z,loan_to_aml,2,9,200,15.978000,
segmentation_only,10,2,perf-segmentation_only-r010-20260818T053927Z,loan_to_aml,2,10,200,15.899700,
segmentation_only,10,2,perf-segmentation_only-r010-20260818T053927Z,loan_to_aml,2,11,200,16.055500,
segmentation_only,10,2,perf-segmentation_only-r010-20260818T053927Z,loan_to_aml,2,12,200,15.932400,
segmentation_only,10,2,perf-segmentation_only-r010-20260818T053927Z,loan_to_aml,2,13,200,16.067300,
segmentation_only,10,2,perf-segmentation_only-r010-20260818T053927Z,loan_to_aml,2,14,200,15.803500,
segmentation_only,10,2,perf-segmentation_only-r010-20260818T053927Z,loan_to_aml,2,15,200,16.070900,
segmentation_only,10,2,perf-segmentation_only-r010-20260818T053927Z,loan_to_aml,2,16,200,16.007900,
segmentation_only,10,2,perf-segmentation_only-r010-20260818T053927Z,loan_to_aml,2,17,200,16.937200,
segmentation_only,10,2,perf-segmentation_only-r010-20260818T053927Z,loan_to_aml,2,18,200,19.636700,
segmentation_only,10,2,perf-segmentation_only-r010-20260818T053927Z,loan_to_aml,2,19,200,18.176500,
segmentation_only,10,2,perf-segmentation_only-r010-20260818T053927Z,loan_to_aml,2,20,200,18.911300,
segmentation_only,10,2,perf-segmentation_only-r010-20260818T053927Z,loan_to_aml,2,21,200,18.733200,
segmentation_only,10,2,perf-segmentation_only-r010-20260818T053927Z,loan_to_aml,2,22,200,18.434000,
segmentation_only,10,2,perf-segmentation_only-r010-20260818T053927Z,loan_to_aml,2,23,200,20.583100,
segmentation_only,10,2,perf-segmentation_only-r010-20260818T053927Z,loan_to_aml,2,24,200,20.454600,
segmentation_only,10,2,perf-segmentation_only-r010-20260818T053927Z,loan_to_aml,2,25,200,22.260600,
segmentation_only,10,2,perf-segmentation_only-r010-20260818T053927Z,loan_to_aml,2,26,200,17.833700,
segmentation_only,10,2,perf-segmentation_only-r010-20260818T053927Z,loan_to_aml,2,27,200,16.086400,
segmentation_only,10,2,perf-segmentation_only-r010-20260818T053927Z,loan_to_aml,2,28,200,18.492900,
segmentation_only,10,2,perf-segmentation_only-r010-20260818T053927Z,loan_to_aml,2,29,200,16.266100,
segmentation_only,10,2,perf-segmentation_only-r010-20260818T053927Z,loan_to_aml,2,30,200,15.970400,
segmentation_only,10,2,perf-segmentation_only-r010-20260818T053927Z,loan_to_aml,2,31,200,16.349600,
segmentation_only,10,2,perf-segmentation_only-r010-20260818T053927Z,loan_to_aml,2,32,200,17.887900,
segmentation_only,10,2,perf-segmentation_only-r010-20260818T053927Z,loan_to_aml,2,33,200,18.614700,
segmentation_only,10,2,perf-segmentation_only-r010-20260818T053927Z,loan_to_aml,2,34,200,16.743000,
segmentation_only,10,2,perf-segmentation_only-r010-20260818T053927Z,loan_to_aml,2,35,200,16.580000,
segmentation_only,10,2,perf-segmentation_only-r010-20260818T053927Z,loan_to_aml,2,36,200,18.342500,
segmentation_only,10,2,perf-segmentation_only-r010-20260818T053927Z,loan_to_aml,2,37,200,17.628900,
segmentation_only,10,2,perf-segmentation_only-r010-20260818T053927Z,loan_to_aml,2,38,200,17.540000,
segmentation_only,10,2,perf-segmentation_only-r010-20260818T053927Z,loan_to_aml,2,39,200,17.685100,
segmentation_only,10,2,perf-segmentation_only-r010-20260818T053927Z,loan_to_aml,2,40,200,16.140400,
segmentation_only,10,2,perf-segmentation_only-r010-20260818T053927Z,loan_to_aml,2,41,200,16.170900,
segmentation_only,10,2,perf-segmentation_only-r010-20260818T053927Z,loan_to_aml,2,42,200,17.654500,
segmentation_only,10,2,perf-segmentation_only-r010-20260818T053927Z,loan_to_aml,2,43,200,16.785900,
segmentation_only,10,2,perf-segmentation_only-r010-20260818T053927Z,loan_to_aml,2,44,200,16.736200,
segmentation_only,10,2,perf-segmentation_only-r010-20260818T053927Z,loan_to_aml,2,45,200,16.647700,
segmentation_only,10,2,perf-segmentation_only-r010-20260818T053927Z,loan_to_aml,2,46,200,16.093300,
segmentation_only,10,2,perf-segmentation_only-r010-20260818T053927Z,loan_to_aml,2,47,200,15.708100,
segmentation_only,10,2,perf-segmentation_only-r010-20260818T053927Z,loan_to_aml,2,48,200,16.063400,
segmentation_only,10,2,perf-segmentation_only-r010-20260818T053927Z,loan_to_aml,2,49,200,15.748200,
segmentation_only,10,2,perf-segmentation_only-r010-20260818T053927Z,loan_to_aml,2,50,200,16.100700,
segmentation_only,10,2,perf-segmentation_only-r010-20260818T053927Z,loan_to_aml,2,51,200,16.922300,
segmentation_only,10,2,perf-segmentation_only-r010-20260818T053927Z,loan_to_aml,2,52,200,16.602200,
segmentation_only,10,2,perf-segmentation_only-r010-20260818T053927Z,loan_to_aml,2,53,200,16.816000,
segmentation_only,10,2,perf-segmentation_only-r010-20260818T053927Z,loan_to_aml,2,54,200,16.934900,
segmentation_only,10,2,perf-segmentation_only-r010-20260818T053927Z,loan_to_aml,2,55,200,17.543700,
segmentation_only,10,2,perf-segmentation_only-r010-20260818T053927Z,loan_to_aml,2,56,200,17.673700,
segmentation_only,10,2,perf-segmentation_only-r010-20260818T053927Z,loan_to_aml,2,57,200,17.196000,
segmentation_only,10,2,perf-segmentation_only-r010-20260818T053927Z,loan_to_aml,2,58,200,16.889700,
segmentation_only,10,2,perf-segmentation_only-r010-20260818T053927Z,loan_to_aml,2,59,200,16.416400,
segmentation_only,10,2,perf-segmentation_only-r010-20260818T053927Z,loan_to_aml,2,60,200,16.191900,
segmentation_only,10,2,perf-segmentation_only-r010-20260818T053927Z,loan_to_aml,2,61,200,17.065200,
segmentation_only,10,2,perf-segmentation_only-r010-20260818T053927Z,loan_to_aml,2,62,200,16.675500,
segmentation_only,10,2,perf-segmentation_only-r010-20260818T053927Z,loan_to_aml,2,63,200,15.920700,
segmentation_only,10,2,perf-segmentation_only-r010-20260818T053927Z,loan_to_aml,2,64,200,15.986000,
segmentation_only,10,2,perf-segmentation_only-r010-20260818T053927Z,loan_to_aml,2,65,200,15.952200,
segmentation_only,10,2,perf-segmentation_only-r010-20260818T053927Z,loan_to_aml,2,66,200,18.526100,
segmentation_only,10,2,perf-segmentation_only-r010-20260818T053927Z,loan_to_aml,2,67,200,18.530600,
segmentation_only,10,2,perf-segmentation_only-r010-20260818T053927Z,loan_to_aml,2,68,200,19.489300,
segmentation_only,10,2,perf-segmentation_only-r010-20260818T053927Z,loan_to_aml,2,69,200,18.738000,
segmentation_only,10,2,perf-segmentation_only-r010-20260818T053927Z,loan_to_aml,2,70,200,25.059300,
segmentation_only,10,2,perf-segmentation_only-r010-20260818T053927Z,loan_to_aml,2,71,200,18.616100,
segmentation_only,10,2,perf-segmentation_only-r010-20260818T053927Z,loan_to_aml,2,72,200,17.715400,
segmentation_only,10,2,perf-segmentation_only-r010-20260818T053927Z,loan_to_aml,2,73,200,18.228200,
segmentation_only,10,2,perf-segmentation_only-r010-20260818T053927Z,loan_to_aml,2,74,200,15.639600,
segmentation_only,10,2,perf-segmentation_only-r010-20260818T053927Z,loan_to_aml,2,75,200,15.940300,
segmentation_only,10,2,perf-segmentation_only-r010-20260818T053927Z,loan_to_aml,2,76,200,16.887200,
segmentation_only,10,2,perf-segmentation_only-r010-20260818T053927Z,loan_to_aml,2,77,200,16.507200,
segmentation_only,10,2,perf-segmentation_only-r010-20260818T053927Z,loan_to_aml,2,78,200,17.297900,
segmentation_only,10,2,perf-segmentation_only-r010-20260818T053927Z,loan_to_aml,2,79,200,16.768300,
segmentation_only,10,2,perf-segmentation_only-r010-20260818T053927Z,loan_to_aml,2,80,200,17.437200,
segmentation_only,10,2,perf-segmentation_only-r010-20260818T053927Z,loan_to_aml,2,81,200,16.250100,
segmentation_only,10,2,perf-segmentation_only-r010-20260818T053927Z,loan_to_aml,2,82,200,15.633000,
segmentation_only,10,2,perf-segmentation_only-r010-20260818T053927Z,loan_to_aml,2,83,200,16.847000,
segmentation_only,10,2,perf-segmentation_only-r010-20260818T053927Z,loan_to_aml,2,84,200,17.359600,
segmentation_only,10,2,perf-segmentation_only-r010-20260818T053927Z,loan_to_aml,2,85,200,15.208400,
segmentation_only,10,2,perf-segmentation_only-r010-20260818T053927Z,loan_to_aml,2,86,200,15.963300,
segmentation_only,10,2,perf-segmentation_only-r010-20260818T053927Z,loan_to_aml,2,87,200,15.809900,
segmentation_only,10,2,perf-segmentation_only-r010-20260818T053927Z,loan_to_aml,2,88,200,15.699100,
segmentation_only,10,2,perf-segmentation_only-r010-20260818T053927Z,loan_to_aml,2,89,200,16.685400,
segmentation_only,10,2,perf-segmentation_only-r010-20260818T053927Z,loan_to_aml,2,90,200,15.267200,
segmentation_only,10,2,perf-segmentation_only-r010-20260818T053927Z,loan_to_aml,2,91,200,15.143700,
segmentation_only,10,2,perf-segmentation_only-r010-20260818T053927Z,loan_to_aml,2,92,200,17.320700,
segmentation_only,10,2,perf-segmentation_only-r010-20260818T053927Z,loan_to_aml,2,93,200,16.948000,
segmentation_only,10,2,perf-segmentation_only-r010-20260818T053927Z,loan_to_aml,2,94,200,15.869400,
segmentation_only,10,2,perf-segmentation_only-r010-20260818T053927Z,loan_to_aml,2,95,200,16.156700,
segmentation_only,10,2,perf-segmentation_only-r010-20260818T053927Z,loan_to_aml,2,96,200,16.957100,
segmentation_only,10,2,perf-segmentation_only-r010-20260818T053927Z,loan_to_aml,2,97,200,16.729700,
segmentation_only,10,2,perf-segmentation_only-r010-20260818T053927Z,loan_to_aml,2,98,200,17.788000,
segmentation_only,10,2,perf-segmentation_only-r010-20260818T053927Z,loan_to_aml,2,99,200,16.968600,
segmentation_only,10,2,perf-segmentation_only-r010-20260818T053927Z,loan_to_aml,2,100,200,17.463700,
segmentation_only,10,2,perf-segmentation_only-r010-20260818T053927Z,loan_to_aml,2,101,200,16.715200,
segmentation_only,10,2,perf-segmentation_only-r010-20260818T053927Z,loan_to_aml,2,102,200,17.157500,
segmentation_only,10,2,perf-segmentation_only-r010-20260818T053927Z,loan_to_aml,2,103,200,16.786600,
segmentation_only,10,2,perf-segmentation_only-r010-20260818T053927Z,loan_to_aml,2,104,200,17.350300,
segmentation_only,10,2,perf-segmentation_only-r010-20260818T053927Z,loan_to_aml,2,105,200,16.896600,
segmentation_only,10,2,perf-segmentation_only-r010-20260818T053927Z,loan_to_aml,2,106,200,16.889700,
segmentation_only,10,2,perf-segmentation_only-r010-20260818T053927Z,loan_to_aml,2,107,200,15.785600,
segmentation_only,10,2,perf-segmentation_only-r010-20260818T053927Z,loan_to_aml,2,108,200,16.071400,
segmentation_only,10,2,perf-segmentation_only-r010-20260818T053927Z,loan_to_aml,2,109,200,15.785900,
segmentation_only,10,2,perf-segmentation_only-r010-20260818T053927Z,loan_to_aml,2,110,200,15.776200,
segmentation_only,10,2,perf-segmentation_only-r010-20260818T053927Z,loan_to_aml,2,111,200,15.312500,
segmentation_only,10,2,perf-segmentation_only-r010-20260818T053927Z,loan_to_aml,2,112,200,16.884800,
segmentation_only,10,2,perf-segmentation_only-r010-20260818T053927Z,loan_to_aml,2,113,200,16.155600,
segmentation_only,10,2,perf-segmentation_only-r010-20260818T053927Z,loan_to_aml,2,114,200,16.125200,
segmentation_only,10,2,perf-segmentation_only-r010-20260818T053927Z,loan_to_aml,2,115,200,15.404600,
segmentation_only,10,2,perf-segmentation_only-r010-20260818T053927Z,loan_to_aml,2,116,200,15.256500,
segmentation_only,10,2,perf-segmentation_only-r010-20260818T053927Z,loan_to_aml,2,117,200,16.190700,
segmentation_only,10,2,perf-segmentation_only-r010-20260818T053927Z,loan_to_aml,2,118,200,15.749100,
segmentation_only,10,2,perf-segmentation_only-r010-20260818T053927Z,loan_to_aml,2,119,200,16.219600,
segmentation_only,10,2,perf-segmentation_only-r010-20260818T053927Z,loan_to_aml,2,120,200,15.822200,
segmentation_only,10,2,perf-segmentation_only-r010-20260818T053927Z,loan_to_aml,2,121,200,15.865900,
segmentation_only,10,2,perf-segmentation_only-r010-20260818T053927Z,loan_to_aml,2,122,200,16.140400,
segmentation_only,10,2,perf-segmentation_only-r010-20260818T053927Z,loan_to_aml,2,123,200,15.975900,
segmentation_only,10,2,perf-segmentation_only-r010-20260818T053927Z,loan_to_aml,2,124,200,16.121200,
segmentation_only,10,2,perf-segmentation_only-r010-20260818T053927Z,loan_to_aml,2,125,200,16.930000,
segmentation_only,10,2,perf-segmentation_only-r010-20260818T053927Z,loan_to_aml,2,126,200,16.174100,
segmentation_only,10,2,perf-segmentation_only-r010-20260818T053927Z,loan_to_aml,2,127,200,18.790200,
segmentation_only,10,2,perf-segmentation_only-r010-20260818T053927Z,loan_to_aml,2,128,200,20.317700,
segmentation_only,10,2,perf-segmentation_only-r010-20260818T053927Z,loan_to_aml,2,129,200,17.701800,
segmentation_only,10,2,perf-segmentation_only-r010-20260818T053927Z,loan_to_aml,2,130,200,16.891200,
segmentation_only,10,2,perf-segmentation_only-r010-20260818T053927Z,loan_to_aml,2,131,200,17.127200,
segmentation_only,10,2,perf-segmentation_only-r010-20260818T053927Z,loan_to_aml,2,132,200,16.480200,
segmentation_only,10,2,perf-segmentation_only-r010-20260818T053927Z,loan_to_aml,2,133,200,16.086500,
segmentation_only,10,2,perf-segmentation_only-r010-20260818T053927Z,loan_to_aml,2,134,200,17.168800,
segmentation_only,10,2,perf-segmentation_only-r010-20260818T053927Z,loan_to_aml,2,135,200,15.842800,
segmentation_only,10,2,perf-segmentation_only-r010-20260818T053927Z,loan_to_aml,2,136,200,16.878400,
segmentation_only,10,2,perf-segmentation_only-r010-20260818T053927Z,loan_to_aml,2,137,200,16.004800,
segmentation_only,10,2,perf-segmentation_only-r010-20260818T053927Z,loan_to_aml,2,138,200,16.218400,
segmentation_only,10,2,perf-segmentation_only-r010-20260818T053927Z,loan_to_aml,2,139,200,15.862700,
segmentation_only,10,2,perf-segmentation_only-r010-20260818T053927Z,loan_to_aml,2,140,200,17.010900,
segmentation_only,10,2,perf-segmentation_only-r010-20260818T053927Z,loan_to_aml,2,141,200,16.245300,
segmentation_only,10,2,perf-segmentation_only-r010-20260818T053927Z,loan_to_aml,2,142,200,15.653200,
segmentation_only,10,2,perf-segmentation_only-r010-20260818T053927Z,loan_to_aml,2,143,200,17.286000,
segmentation_only,10,2,perf-segmentation_only-r010-20260818T053927Z,loan_to_aml,2,144,200,16.937300,
segmentation_only,10,2,perf-segmentation_only-r010-20260818T053927Z,loan_to_aml,2,145,200,20.837600,
segmentation_only,10,2,perf-segmentation_only-r010-20260818T053927Z,loan_to_aml,2,146,200,20.248000,
segmentation_only,10,2,perf-segmentation_only-r010-20260818T053927Z,loan_to_aml,2,147,200,17.611000,
segmentation_only,10,2,perf-segmentation_only-r010-20260818T053927Z,loan_to_aml,2,148,200,18.191000,
segmentation_only,10,2,perf-segmentation_only-r010-20260818T053927Z,loan_to_aml,2,149,200,18.161100,
segmentation_only,10,2,perf-segmentation_only-r010-20260818T053927Z,loan_to_aml,2,150,200,16.856700,
segmentation_only,10,2,perf-segmentation_only-r010-20260818T053927Z,loan_to_aml,2,151,200,17.079600,
segmentation_only,10,2,perf-segmentation_only-r010-20260818T053927Z,loan_to_aml,2,152,200,16.914400,
segmentation_only,10,2,perf-segmentation_only-r010-20260818T053927Z,loan_to_aml,2,153,200,16.896300,
segmentation_only,10,2,perf-segmentation_only-r010-20260818T053927Z,loan_to_aml,2,154,200,16.656000,
segmentation_only,10,2,perf-segmentation_only-r010-20260818T053927Z,loan_to_aml,2,155,200,16.072200,
segmentation_only,10,2,perf-segmentation_only-r010-20260818T053927Z,loan_to_aml,2,156,200,16.369300,
segmentation_only,10,2,perf-segmentation_only-r010-20260818T053927Z,loan_to_aml,2,157,200,16.834000,
segmentation_only,10,2,perf-segmentation_only-r010-20260818T053927Z,loan_to_aml,2,158,200,16.853000,
segmentation_only,10,2,perf-segmentation_only-r010-20260818T053927Z,loan_to_aml,2,159,200,15.885500,
segmentation_only,10,2,perf-segmentation_only-r010-20260818T053927Z,loan_to_aml,2,160,200,18.433100,
segmentation_only,10,2,perf-segmentation_only-r010-20260818T053927Z,loan_to_aml,2,161,200,17.737300,
segmentation_only,10,2,perf-segmentation_only-r010-20260818T053927Z,loan_to_aml,2,162,200,17.902800,
segmentation_only,10,2,perf-segmentation_only-r010-20260818T053927Z,loan_to_aml,2,163,200,16.064700,
segmentation_only,10,2,perf-segmentation_only-r010-20260818T053927Z,loan_to_aml,2,164,200,17.004700,
segmentation_only,10,2,perf-segmentation_only-r010-20260818T053927Z,loan_to_aml,2,165,200,16.495200,
segmentation_only,10,2,perf-segmentation_only-r010-20260818T053927Z,loan_to_aml,2,166,200,16.388800,
segmentation_only,10,2,perf-segmentation_only-r010-20260818T053927Z,loan_to_aml,2,167,200,15.435100,
segmentation_only,10,2,perf-segmentation_only-r010-20260818T053927Z,loan_to_aml,2,168,200,16.002800,
segmentation_only,10,2,perf-segmentation_only-r010-20260818T053927Z,loan_to_aml,2,169,200,16.625000,
segmentation_only,10,2,perf-segmentation_only-r010-20260818T053927Z,loan_to_aml,2,170,200,15.573000,
segmentation_only,10,2,perf-segmentation_only-r010-20260818T053927Z,loan_to_aml,2,171,200,16.064700,
segmentation_only,10,2,perf-segmentation_only-r010-20260818T053927Z,loan_to_aml,2,172,200,16.103500,
segmentation_only,10,2,perf-segmentation_only-r010-20260818T053927Z,loan_to_aml,2,173,200,15.529400,
segmentation_only,10,2,perf-segmentation_only-r010-20260818T053927Z,loan_to_aml,2,174,200,16.465400,
segmentation_only,10,2,perf-segmentation_only-r010-20260818T053927Z,loan_to_aml,2,175,200,15.746700,
segmentation_only,10,2,perf-segmentation_only-r010-20260818T053927Z,loan_to_aml,2,176,200,16.093800,
segmentation_only,10,2,perf-segmentation_only-r010-20260818T053927Z,loan_to_aml,2,177,200,17.175600,
segmentation_only,10,2,perf-segmentation_only-r010-20260818T053927Z,loan_to_aml,2,178,200,15.567800,
segmentation_only,10,2,perf-segmentation_only-r010-20260818T053927Z,loan_to_aml,2,179,200,16.358400,
segmentation_only,10,2,perf-segmentation_only-r010-20260818T053927Z,loan_to_aml,2,180,200,16.832700,
segmentation_only,10,2,perf-segmentation_only-r010-20260818T053927Z,loan_to_aml,2,181,200,15.601700,
segmentation_only,10,2,perf-segmentation_only-r010-20260818T053927Z,loan_to_aml,2,182,200,16.145200,
segmentation_only,10,2,perf-segmentation_only-r010-20260818T053927Z,loan_to_aml,2,183,200,15.819900,
segmentation_only,10,2,perf-segmentation_only-r010-20260818T053927Z,loan_to_aml,2,184,200,16.182400,
segmentation_only,10,2,perf-segmentation_only-r010-20260818T053927Z,loan_to_aml,2,185,200,17.240600,
segmentation_only,10,2,perf-segmentation_only-r010-20260818T053927Z,loan_to_aml,2,186,200,17.113500,
segmentation_only,10,2,perf-segmentation_only-r010-20260818T053927Z,loan_to_aml,2,187,200,16.079000,
segmentation_only,10,2,perf-segmentation_only-r010-20260818T053927Z,loan_to_aml,2,188,200,15.431300,
segmentation_only,10,2,perf-segmentation_only-r010-20260818T053927Z,loan_to_aml,2,189,200,16.116000,
segmentation_only,10,2,perf-segmentation_only-r010-20260818T053927Z,loan_to_aml,2,190,200,16.144900,
segmentation_only,10,2,perf-segmentation_only-r010-20260818T053927Z,loan_to_aml,2,191,200,17.457900,
segmentation_only,10,2,perf-segmentation_only-r010-20260818T053927Z,loan_to_aml,2,192,200,18.449600,
segmentation_only,10,2,perf-segmentation_only-r010-20260818T053927Z,loan_to_aml,2,193,200,17.286100,
segmentation_only,10,2,perf-segmentation_only-r010-20260818T053927Z,loan_to_aml,2,194,200,16.973800,
segmentation_only,10,2,perf-segmentation_only-r010-20260818T053927Z,loan_to_aml,2,195,200,16.862200,
segmentation_only,10,2,perf-segmentation_only-r010-20260818T053927Z,loan_to_aml,2,196,200,17.398500,
segmentation_only,10,2,perf-segmentation_only-r010-20260818T053927Z,loan_to_aml,2,197,200,17.198400,
segmentation_only,10,2,perf-segmentation_only-r010-20260818T053927Z,loan_to_aml,2,198,200,15.864900,
segmentation_only,10,2,perf-segmentation_only-r010-20260818T053927Z,loan_to_aml,2,199,200,15.932900,
segmentation_only,10,2,perf-segmentation_only-r010-20260818T053927Z,loan_to_aml,2,200,200,16.370100,
segmentation_only,10,2,perf-segmentation_only-r010-20260818T053927Z,loan_to_aml,3,1,200,17.019200,
segmentation_only,10,2,perf-segmentation_only-r010-20260818T053927Z,loan_to_aml,3,2,200,16.640500,
segmentation_only,10,2,perf-segmentation_only-r010-20260818T053927Z,loan_to_aml,3,3,200,16.423900,
segmentation_only,10,2,perf-segmentation_only-r010-20260818T053927Z,loan_to_aml,3,4,200,16.696600,
segmentation_only,10,2,perf-segmentation_only-r010-20260818T053927Z,loan_to_aml,3,5,200,16.052900,
segmentation_only,10,2,perf-segmentation_only-r010-20260818T053927Z,loan_to_aml,3,6,200,17.333200,
segmentation_only,10,2,perf-segmentation_only-r010-20260818T053927Z,loan_to_aml,3,7,200,16.246000,
segmentation_only,10,2,perf-segmentation_only-r010-20260818T053927Z,loan_to_aml,3,8,200,16.072500,
segmentation_only,10,2,perf-segmentation_only-r010-20260818T053927Z,loan_to_aml,3,9,200,15.979100,
segmentation_only,10,2,perf-segmentation_only-r010-20260818T053927Z,loan_to_aml,3,10,200,16.383300,
segmentation_only,10,2,perf-segmentation_only-r010-20260818T053927Z,loan_to_aml,3,11,200,16.763100,
segmentation_only,10,2,perf-segmentation_only-r010-20260818T053927Z,loan_to_aml,3,12,200,16.778500,
segmentation_only,10,2,perf-segmentation_only-r010-20260818T053927Z,loan_to_aml,3,13,200,16.056600,
segmentation_only,10,2,perf-segmentation_only-r010-20260818T053927Z,loan_to_aml,3,14,200,16.249900,
segmentation_only,10,2,perf-segmentation_only-r010-20260818T053927Z,loan_to_aml,3,15,200,15.846800,
segmentation_only,10,2,perf-segmentation_only-r010-20260818T053927Z,loan_to_aml,3,16,200,16.005600,
segmentation_only,10,2,perf-segmentation_only-r010-20260818T053927Z,loan_to_aml,3,17,200,17.272800,
segmentation_only,10,2,perf-segmentation_only-r010-20260818T053927Z,loan_to_aml,3,18,200,16.613300,
segmentation_only,10,2,perf-segmentation_only-r010-20260818T053927Z,loan_to_aml,3,19,200,18.230500,
segmentation_only,10,2,perf-segmentation_only-r010-20260818T053927Z,loan_to_aml,3,20,200,16.455500,
segmentation_only,10,2,perf-segmentation_only-r010-20260818T053927Z,loan_to_aml,3,21,200,17.726300,
segmentation_only,10,2,perf-segmentation_only-r010-20260818T053927Z,loan_to_aml,3,22,200,17.137900,
segmentation_only,10,2,perf-segmentation_only-r010-20260818T053927Z,loan_to_aml,3,23,200,17.562700,
segmentation_only,10,2,perf-segmentation_only-r010-20260818T053927Z,loan_to_aml,3,24,200,15.708000,
segmentation_only,10,2,perf-segmentation_only-r010-20260818T053927Z,loan_to_aml,3,25,200,16.314500,
segmentation_only,10,2,perf-segmentation_only-r010-20260818T053927Z,loan_to_aml,3,26,200,15.391600,
segmentation_only,10,2,perf-segmentation_only-r010-20260818T053927Z,loan_to_aml,3,27,200,16.120200,
segmentation_only,10,2,perf-segmentation_only-r010-20260818T053927Z,loan_to_aml,3,28,200,16.019600,
segmentation_only,10,2,perf-segmentation_only-r010-20260818T053927Z,loan_to_aml,3,29,200,15.674600,
segmentation_only,10,2,perf-segmentation_only-r010-20260818T053927Z,loan_to_aml,3,30,200,16.112500,
segmentation_only,10,2,perf-segmentation_only-r010-20260818T053927Z,loan_to_aml,3,31,200,16.209100,
segmentation_only,10,2,perf-segmentation_only-r010-20260818T053927Z,loan_to_aml,3,32,200,16.471800,
segmentation_only,10,2,perf-segmentation_only-r010-20260818T053927Z,loan_to_aml,3,33,200,16.279300,
segmentation_only,10,2,perf-segmentation_only-r010-20260818T053927Z,loan_to_aml,3,34,200,16.128100,
segmentation_only,10,2,perf-segmentation_only-r010-20260818T053927Z,loan_to_aml,3,35,200,16.035500,
segmentation_only,10,2,perf-segmentation_only-r010-20260818T053927Z,loan_to_aml,3,36,200,15.950100,
segmentation_only,10,2,perf-segmentation_only-r010-20260818T053927Z,loan_to_aml,3,37,200,17.821900,
segmentation_only,10,2,perf-segmentation_only-r010-20260818T053927Z,loan_to_aml,3,38,200,16.904100,
segmentation_only,10,2,perf-segmentation_only-r010-20260818T053927Z,loan_to_aml,3,39,200,16.235300,
segmentation_only,10,2,perf-segmentation_only-r010-20260818T053927Z,loan_to_aml,3,40,200,15.879100,
segmentation_only,10,2,perf-segmentation_only-r010-20260818T053927Z,loan_to_aml,3,41,200,15.832900,
segmentation_only,10,2,perf-segmentation_only-r010-20260818T053927Z,loan_to_aml,3,42,200,16.160900,
segmentation_only,10,2,perf-segmentation_only-r010-20260818T053927Z,loan_to_aml,3,43,200,15.939700,
segmentation_only,10,2,perf-segmentation_only-r010-20260818T053927Z,loan_to_aml,3,44,200,15.916000,
segmentation_only,10,2,perf-segmentation_only-r010-20260818T053927Z,loan_to_aml,3,45,200,17.407100,
segmentation_only,10,2,perf-segmentation_only-r010-20260818T053927Z,loan_to_aml,3,46,200,16.940800,
segmentation_only,10,2,perf-segmentation_only-r010-20260818T053927Z,loan_to_aml,3,47,200,16.934900,
segmentation_only,10,2,perf-segmentation_only-r010-20260818T053927Z,loan_to_aml,3,48,200,17.020300,
segmentation_only,10,2,perf-segmentation_only-r010-20260818T053927Z,loan_to_aml,3,49,200,16.796800,
segmentation_only,10,2,perf-segmentation_only-r010-20260818T053927Z,loan_to_aml,3,50,200,16.877300,
segmentation_only,10,2,perf-segmentation_only-r010-20260818T053927Z,loan_to_aml,3,51,200,15.801600,
segmentation_only,10,2,perf-segmentation_only-r010-20260818T053927Z,loan_to_aml,3,52,200,16.719200,
segmentation_only,10,2,perf-segmentation_only-r010-20260818T053927Z,loan_to_aml,3,53,200,16.797000,
segmentation_only,10,2,perf-segmentation_only-r010-20260818T053927Z,loan_to_aml,3,54,200,16.328600,
segmentation_only,10,2,perf-segmentation_only-r010-20260818T053927Z,loan_to_aml,3,55,200,16.006400,
segmentation_only,10,2,perf-segmentation_only-r010-20260818T053927Z,loan_to_aml,3,56,200,16.124500,
segmentation_only,10,2,perf-segmentation_only-r010-20260818T053927Z,loan_to_aml,3,57,200,15.958900,
segmentation_only,10,2,perf-segmentation_only-r010-20260818T053927Z,loan_to_aml,3,58,200,15.949600,
segmentation_only,10,2,perf-segmentation_only-r010-20260818T053927Z,loan_to_aml,3,59,200,16.525600,
segmentation_only,10,2,perf-segmentation_only-r010-20260818T053927Z,loan_to_aml,3,60,200,16.642500,
segmentation_only,10,2,perf-segmentation_only-r010-20260818T053927Z,loan_to_aml,3,61,200,16.322100,
segmentation_only,10,2,perf-segmentation_only-r010-20260818T053927Z,loan_to_aml,3,62,200,17.941200,
segmentation_only,10,2,perf-segmentation_only-r010-20260818T053927Z,loan_to_aml,3,63,200,16.692900,
segmentation_only,10,2,perf-segmentation_only-r010-20260818T053927Z,loan_to_aml,3,64,200,15.943800,
segmentation_only,10,2,perf-segmentation_only-r010-20260818T053927Z,loan_to_aml,3,65,200,16.973800,
segmentation_only,10,2,perf-segmentation_only-r010-20260818T053927Z,loan_to_aml,3,66,200,15.944300,
segmentation_only,10,2,perf-segmentation_only-r010-20260818T053927Z,loan_to_aml,3,67,200,16.084900,
segmentation_only,10,2,perf-segmentation_only-r010-20260818T053927Z,loan_to_aml,3,68,200,17.018700,
segmentation_only,10,2,perf-segmentation_only-r010-20260818T053927Z,loan_to_aml,3,69,200,16.317400,
segmentation_only,10,2,perf-segmentation_only-r010-20260818T053927Z,loan_to_aml,3,70,200,16.699200,
segmentation_only,10,2,perf-segmentation_only-r010-20260818T053927Z,loan_to_aml,3,71,200,15.707400,
segmentation_only,10,2,perf-segmentation_only-r010-20260818T053927Z,loan_to_aml,3,72,200,16.620300,
segmentation_only,10,2,perf-segmentation_only-r010-20260818T053927Z,loan_to_aml,3,73,200,16.256300,
segmentation_only,10,2,perf-segmentation_only-r010-20260818T053927Z,loan_to_aml,3,74,200,16.105300,
segmentation_only,10,2,perf-segmentation_only-r010-20260818T053927Z,loan_to_aml,3,75,200,15.928000,
segmentation_only,10,2,perf-segmentation_only-r010-20260818T053927Z,loan_to_aml,3,76,200,16.094300,
segmentation_only,10,2,perf-segmentation_only-r010-20260818T053927Z,loan_to_aml,3,77,200,16.965500,
segmentation_only,10,2,perf-segmentation_only-r010-20260818T053927Z,loan_to_aml,3,78,200,17.277100,
segmentation_only,10,2,perf-segmentation_only-r010-20260818T053927Z,loan_to_aml,3,79,200,16.933000,
segmentation_only,10,2,perf-segmentation_only-r010-20260818T053927Z,loan_to_aml,3,80,200,16.996900,
segmentation_only,10,2,perf-segmentation_only-r010-20260818T053927Z,loan_to_aml,3,81,200,16.136000,
segmentation_only,10,2,perf-segmentation_only-r010-20260818T053927Z,loan_to_aml,3,82,200,16.342600,
segmentation_only,10,2,perf-segmentation_only-r010-20260818T053927Z,loan_to_aml,3,83,200,16.408500,
segmentation_only,10,2,perf-segmentation_only-r010-20260818T053927Z,loan_to_aml,3,84,200,16.181200,
segmentation_only,10,2,perf-segmentation_only-r010-20260818T053927Z,loan_to_aml,3,85,200,16.851900,
segmentation_only,10,2,perf-segmentation_only-r010-20260818T053927Z,loan_to_aml,3,86,200,17.209000,
segmentation_only,10,2,perf-segmentation_only-r010-20260818T053927Z,loan_to_aml,3,87,200,16.589400,
segmentation_only,10,2,perf-segmentation_only-r010-20260818T053927Z,loan_to_aml,3,88,200,15.887500,
segmentation_only,10,2,perf-segmentation_only-r010-20260818T053927Z,loan_to_aml,3,89,200,15.847800,
segmentation_only,10,2,perf-segmentation_only-r010-20260818T053927Z,loan_to_aml,3,90,200,16.922600,
segmentation_only,10,2,perf-segmentation_only-r010-20260818T053927Z,loan_to_aml,3,91,200,16.076800,
segmentation_only,10,2,perf-segmentation_only-r010-20260818T053927Z,loan_to_aml,3,92,200,16.117100,
segmentation_only,10,2,perf-segmentation_only-r010-20260818T053927Z,loan_to_aml,3,93,200,17.400400,
segmentation_only,10,2,perf-segmentation_only-r010-20260818T053927Z,loan_to_aml,3,94,200,16.702700,
segmentation_only,10,2,perf-segmentation_only-r010-20260818T053927Z,loan_to_aml,3,95,200,15.907300,
segmentation_only,10,2,perf-segmentation_only-r010-20260818T053927Z,loan_to_aml,3,96,200,15.985300,
segmentation_only,10,2,perf-segmentation_only-r010-20260818T053927Z,loan_to_aml,3,97,200,16.653100,
segmentation_only,10,2,perf-segmentation_only-r010-20260818T053927Z,loan_to_aml,3,98,200,16.905000,
segmentation_only,10,2,perf-segmentation_only-r010-20260818T053927Z,loan_to_aml,3,99,200,16.455200,
segmentation_only,10,2,perf-segmentation_only-r010-20260818T053927Z,loan_to_aml,3,100,200,16.790300,
segmentation_only,10,2,perf-segmentation_only-r010-20260818T053927Z,loan_to_aml,3,101,200,16.039900,
segmentation_only,10,2,perf-segmentation_only-r010-20260818T053927Z,loan_to_aml,3,102,200,15.814500,
segmentation_only,10,2,perf-segmentation_only-r010-20260818T053927Z,loan_to_aml,3,103,200,17.260500,
segmentation_only,10,2,perf-segmentation_only-r010-20260818T053927Z,loan_to_aml,3,104,200,16.641500,
segmentation_only,10,2,perf-segmentation_only-r010-20260818T053927Z,loan_to_aml,3,105,200,16.092900,
segmentation_only,10,2,perf-segmentation_only-r010-20260818T053927Z,loan_to_aml,3,106,200,15.906100,
segmentation_only,10,2,perf-segmentation_only-r010-20260818T053927Z,loan_to_aml,3,107,200,16.980600,
segmentation_only,10,2,perf-segmentation_only-r010-20260818T053927Z,loan_to_aml,3,108,200,16.045300,
segmentation_only,10,2,perf-segmentation_only-r010-20260818T053927Z,loan_to_aml,3,109,200,16.211800,
segmentation_only,10,2,perf-segmentation_only-r010-20260818T053927Z,loan_to_aml,3,110,200,15.996100,
segmentation_only,10,2,perf-segmentation_only-r010-20260818T053927Z,loan_to_aml,3,111,200,17.761300,
segmentation_only,10,2,perf-segmentation_only-r010-20260818T053927Z,loan_to_aml,3,112,200,15.983200,
segmentation_only,10,2,perf-segmentation_only-r010-20260818T053927Z,loan_to_aml,3,113,200,16.790700,
segmentation_only,10,2,perf-segmentation_only-r010-20260818T053927Z,loan_to_aml,3,114,200,16.066700,
segmentation_only,10,2,perf-segmentation_only-r010-20260818T053927Z,loan_to_aml,3,115,200,18.107300,
segmentation_only,10,2,perf-segmentation_only-r010-20260818T053927Z,loan_to_aml,3,116,200,17.281500,
segmentation_only,10,2,perf-segmentation_only-r010-20260818T053927Z,loan_to_aml,3,117,200,16.718500,
segmentation_only,10,2,perf-segmentation_only-r010-20260818T053927Z,loan_to_aml,3,118,200,17.473200,
segmentation_only,10,2,perf-segmentation_only-r010-20260818T053927Z,loan_to_aml,3,119,200,16.567800,
segmentation_only,10,2,perf-segmentation_only-r010-20260818T053927Z,loan_to_aml,3,120,200,17.818100,
segmentation_only,10,2,perf-segmentation_only-r010-20260818T053927Z,loan_to_aml,3,121,200,17.372000,
segmentation_only,10,2,perf-segmentation_only-r010-20260818T053927Z,loan_to_aml,3,122,200,16.954200,
segmentation_only,10,2,perf-segmentation_only-r010-20260818T053927Z,loan_to_aml,3,123,200,17.692300,
segmentation_only,10,2,perf-segmentation_only-r010-20260818T053927Z,loan_to_aml,3,124,200,15.897100,
segmentation_only,10,2,perf-segmentation_only-r010-20260818T053927Z,loan_to_aml,3,125,200,17.125300,
segmentation_only,10,2,perf-segmentation_only-r010-20260818T053927Z,loan_to_aml,3,126,200,15.616700,
segmentation_only,10,2,perf-segmentation_only-r010-20260818T053927Z,loan_to_aml,3,127,200,16.405900,
segmentation_only,10,2,perf-segmentation_only-r010-20260818T053927Z,loan_to_aml,3,128,200,17.663000,
segmentation_only,10,2,perf-segmentation_only-r010-20260818T053927Z,loan_to_aml,3,129,200,17.425500,
segmentation_only,10,2,perf-segmentation_only-r010-20260818T053927Z,loan_to_aml,3,130,200,16.632100,
segmentation_only,10,2,perf-segmentation_only-r010-20260818T053927Z,loan_to_aml,3,131,200,16.517700,
segmentation_only,10,2,perf-segmentation_only-r010-20260818T053927Z,loan_to_aml,3,132,200,16.511900,
segmentation_only,10,2,perf-segmentation_only-r010-20260818T053927Z,loan_to_aml,3,133,200,16.297900,
segmentation_only,10,2,perf-segmentation_only-r010-20260818T053927Z,loan_to_aml,3,134,200,16.834100,
segmentation_only,10,2,perf-segmentation_only-r010-20260818T053927Z,loan_to_aml,3,135,200,15.851500,
segmentation_only,10,2,perf-segmentation_only-r010-20260818T053927Z,loan_to_aml,3,136,200,16.029100,
segmentation_only,10,2,perf-segmentation_only-r010-20260818T053927Z,loan_to_aml,3,137,200,15.861800,
segmentation_only,10,2,perf-segmentation_only-r010-20260818T053927Z,loan_to_aml,3,138,200,16.616200,
segmentation_only,10,2,perf-segmentation_only-r010-20260818T053927Z,loan_to_aml,3,139,200,18.578400,
segmentation_only,10,2,perf-segmentation_only-r010-20260818T053927Z,loan_to_aml,3,140,200,16.067100,
segmentation_only,10,2,perf-segmentation_only-r010-20260818T053927Z,loan_to_aml,3,141,200,17.701000,
segmentation_only,10,2,perf-segmentation_only-r010-20260818T053927Z,loan_to_aml,3,142,200,16.929300,
segmentation_only,10,2,perf-segmentation_only-r010-20260818T053927Z,loan_to_aml,3,143,200,16.077800,
segmentation_only,10,2,perf-segmentation_only-r010-20260818T053927Z,loan_to_aml,3,144,200,16.980900,
segmentation_only,10,2,perf-segmentation_only-r010-20260818T053927Z,loan_to_aml,3,145,200,19.707300,
segmentation_only,10,2,perf-segmentation_only-r010-20260818T053927Z,loan_to_aml,3,146,200,16.429500,
segmentation_only,10,2,perf-segmentation_only-r010-20260818T053927Z,loan_to_aml,3,147,200,16.888900,
segmentation_only,10,2,perf-segmentation_only-r010-20260818T053927Z,loan_to_aml,3,148,200,16.929800,
segmentation_only,10,2,perf-segmentation_only-r010-20260818T053927Z,loan_to_aml,3,149,200,17.017900,
segmentation_only,10,2,perf-segmentation_only-r010-20260818T053927Z,loan_to_aml,3,150,200,15.897600,
segmentation_only,10,2,perf-segmentation_only-r010-20260818T053927Z,loan_to_aml,3,151,200,16.641300,
segmentation_only,10,2,perf-segmentation_only-r010-20260818T053927Z,loan_to_aml,3,152,200,16.345300,
segmentation_only,10,2,perf-segmentation_only-r010-20260818T053927Z,loan_to_aml,3,153,200,17.198200,
segmentation_only,10,2,perf-segmentation_only-r010-20260818T053927Z,loan_to_aml,3,154,200,16.906900,
segmentation_only,10,2,perf-segmentation_only-r010-20260818T053927Z,loan_to_aml,3,155,200,16.549900,
segmentation_only,10,2,perf-segmentation_only-r010-20260818T053927Z,loan_to_aml,3,156,200,16.917200,
segmentation_only,10,2,perf-segmentation_only-r010-20260818T053927Z,loan_to_aml,3,157,200,17.140500,
segmentation_only,10,2,perf-segmentation_only-r010-20260818T053927Z,loan_to_aml,3,158,200,16.184200,
segmentation_only,10,2,perf-segmentation_only-r010-20260818T053927Z,loan_to_aml,3,159,200,16.937800,
segmentation_only,10,2,perf-segmentation_only-r010-20260818T053927Z,loan_to_aml,3,160,200,16.476000,
segmentation_only,10,2,perf-segmentation_only-r010-20260818T053927Z,loan_to_aml,3,161,200,16.229700,
segmentation_only,10,2,perf-segmentation_only-r010-20260818T053927Z,loan_to_aml,3,162,200,16.310400,
segmentation_only,10,2,perf-segmentation_only-r010-20260818T053927Z,loan_to_aml,3,163,200,15.877600,
segmentation_only,10,2,perf-segmentation_only-r010-20260818T053927Z,loan_to_aml,3,164,200,16.789600,
segmentation_only,10,2,perf-segmentation_only-r010-20260818T053927Z,loan_to_aml,3,165,200,16.936300,
segmentation_only,10,2,perf-segmentation_only-r010-20260818T053927Z,loan_to_aml,3,166,200,16.498900,
segmentation_only,10,2,perf-segmentation_only-r010-20260818T053927Z,loan_to_aml,3,167,200,16.630600,
segmentation_only,10,2,perf-segmentation_only-r010-20260818T053927Z,loan_to_aml,3,168,200,16.071400,
segmentation_only,10,2,perf-segmentation_only-r010-20260818T053927Z,loan_to_aml,3,169,200,17.058200,
segmentation_only,10,2,perf-segmentation_only-r010-20260818T053927Z,loan_to_aml,3,170,200,16.472700,
segmentation_only,10,2,perf-segmentation_only-r010-20260818T053927Z,loan_to_aml,3,171,200,16.281100,
segmentation_only,10,2,perf-segmentation_only-r010-20260818T053927Z,loan_to_aml,3,172,200,15.854200,
segmentation_only,10,2,perf-segmentation_only-r010-20260818T053927Z,loan_to_aml,3,173,200,16.809300,
segmentation_only,10,2,perf-segmentation_only-r010-20260818T053927Z,loan_to_aml,3,174,200,18.226200,
segmentation_only,10,2,perf-segmentation_only-r010-20260818T053927Z,loan_to_aml,3,175,200,17.095300,
segmentation_only,10,2,perf-segmentation_only-r010-20260818T053927Z,loan_to_aml,3,176,200,17.071100,
segmentation_only,10,2,perf-segmentation_only-r010-20260818T053927Z,loan_to_aml,3,177,200,17.344700,
segmentation_only,10,2,perf-segmentation_only-r010-20260818T053927Z,loan_to_aml,3,178,200,19.419700,
segmentation_only,10,2,perf-segmentation_only-r010-20260818T053927Z,loan_to_aml,3,179,200,17.719400,
segmentation_only,10,2,perf-segmentation_only-r010-20260818T053927Z,loan_to_aml,3,180,200,17.667000,
segmentation_only,10,2,perf-segmentation_only-r010-20260818T053927Z,loan_to_aml,3,181,200,16.676800,
segmentation_only,10,2,perf-segmentation_only-r010-20260818T053927Z,loan_to_aml,3,182,200,15.516100,
segmentation_only,10,2,perf-segmentation_only-r010-20260818T053927Z,loan_to_aml,3,183,200,16.315000,
segmentation_only,10,2,perf-segmentation_only-r010-20260818T053927Z,loan_to_aml,3,184,200,16.111900,
segmentation_only,10,2,perf-segmentation_only-r010-20260818T053927Z,loan_to_aml,3,185,200,15.780900,
segmentation_only,10,2,perf-segmentation_only-r010-20260818T053927Z,loan_to_aml,3,186,200,15.745900,
segmentation_only,10,2,perf-segmentation_only-r010-20260818T053927Z,loan_to_aml,3,187,200,16.195100,
segmentation_only,10,2,perf-segmentation_only-r010-20260818T053927Z,loan_to_aml,3,188,200,15.958900,
segmentation_only,10,2,perf-segmentation_only-r010-20260818T053927Z,loan_to_aml,3,189,200,17.426900,
segmentation_only,10,2,perf-segmentation_only-r010-20260818T053927Z,loan_to_aml,3,190,200,17.084300,
segmentation_only,10,2,perf-segmentation_only-r010-20260818T053927Z,loan_to_aml,3,191,200,17.021900,
segmentation_only,10,2,perf-segmentation_only-r010-20260818T053927Z,loan_to_aml,3,192,200,16.850000,
segmentation_only,10,2,perf-segmentation_only-r010-20260818T053927Z,loan_to_aml,3,193,200,16.846300,
segmentation_only,10,2,perf-segmentation_only-r010-20260818T053927Z,loan_to_aml,3,194,200,17.182700,
segmentation_only,10,2,perf-segmentation_only-r010-20260818T053927Z,loan_to_aml,3,195,200,18.186500,
segmentation_only,10,2,perf-segmentation_only-r010-20260818T053927Z,loan_to_aml,3,196,200,16.307100,
segmentation_only,10,2,perf-segmentation_only-r010-20260818T053927Z,loan_to_aml,3,197,200,16.922400,
segmentation_only,10,2,perf-segmentation_only-r010-20260818T053927Z,loan_to_aml,3,198,200,18.275400,
segmentation_only,10,2,perf-segmentation_only-r010-20260818T053927Z,loan_to_aml,3,199,200,17.088100,
segmentation_only,10,2,perf-segmentation_only-r010-20260818T053927Z,loan_to_aml,3,200,200,18.679000,
segmentation_only,10,2,perf-segmentation_only-r010-20260818T053927Z,loan_to_approval,1,1,200,17.889900,
segmentation_only,10,2,perf-segmentation_only-r010-20260818T053927Z,loan_to_approval,1,2,200,17.169800,
segmentation_only,10,2,perf-segmentation_only-r010-20260818T053927Z,loan_to_approval,1,3,200,16.602500,
segmentation_only,10,2,perf-segmentation_only-r010-20260818T053927Z,loan_to_approval,1,4,200,17.407200,
segmentation_only,10,2,perf-segmentation_only-r010-20260818T053927Z,loan_to_approval,1,5,200,16.827500,
segmentation_only,10,2,perf-segmentation_only-r010-20260818T053927Z,loan_to_approval,1,6,200,16.452300,
segmentation_only,10,2,perf-segmentation_only-r010-20260818T053927Z,loan_to_approval,1,7,200,16.366500,
segmentation_only,10,2,perf-segmentation_only-r010-20260818T053927Z,loan_to_approval,1,8,200,15.647400,
segmentation_only,10,2,perf-segmentation_only-r010-20260818T053927Z,loan_to_approval,1,9,200,17.657100,
segmentation_only,10,2,perf-segmentation_only-r010-20260818T053927Z,loan_to_approval,1,10,200,16.522800,
segmentation_only,10,2,perf-segmentation_only-r010-20260818T053927Z,loan_to_approval,1,11,200,17.399200,
segmentation_only,10,2,perf-segmentation_only-r010-20260818T053927Z,loan_to_approval,1,12,200,16.428800,
segmentation_only,10,2,perf-segmentation_only-r010-20260818T053927Z,loan_to_approval,1,13,200,16.206000,
segmentation_only,10,2,perf-segmentation_only-r010-20260818T053927Z,loan_to_approval,1,14,200,16.420500,
segmentation_only,10,2,perf-segmentation_only-r010-20260818T053927Z,loan_to_approval,1,15,200,15.977200,
segmentation_only,10,2,perf-segmentation_only-r010-20260818T053927Z,loan_to_approval,1,16,200,16.024200,
segmentation_only,10,2,perf-segmentation_only-r010-20260818T053927Z,loan_to_approval,1,17,200,15.783000,
segmentation_only,10,2,perf-segmentation_only-r010-20260818T053927Z,loan_to_approval,1,18,200,16.330100,
segmentation_only,10,2,perf-segmentation_only-r010-20260818T053927Z,loan_to_approval,1,19,200,17.147900,
segmentation_only,10,2,perf-segmentation_only-r010-20260818T053927Z,loan_to_approval,1,20,200,15.893300,
segmentation_only,10,2,perf-segmentation_only-r010-20260818T053927Z,loan_to_approval,1,21,200,16.239800,
segmentation_only,10,2,perf-segmentation_only-r010-20260818T053927Z,loan_to_approval,1,22,200,16.177800,
segmentation_only,10,2,perf-segmentation_only-r010-20260818T053927Z,loan_to_approval,1,23,200,17.132500,
segmentation_only,10,2,perf-segmentation_only-r010-20260818T053927Z,loan_to_approval,1,24,200,16.357300,
segmentation_only,10,2,perf-segmentation_only-r010-20260818T053927Z,loan_to_approval,1,25,200,15.968900,
segmentation_only,10,2,perf-segmentation_only-r010-20260818T053927Z,loan_to_approval,1,26,200,16.191300,
segmentation_only,10,2,perf-segmentation_only-r010-20260818T053927Z,loan_to_approval,1,27,200,18.952100,
segmentation_only,10,2,perf-segmentation_only-r010-20260818T053927Z,loan_to_approval,1,28,200,17.215900,
segmentation_only,10,2,perf-segmentation_only-r010-20260818T053927Z,loan_to_approval,1,29,200,18.130400,
segmentation_only,10,2,perf-segmentation_only-r010-20260818T053927Z,loan_to_approval,1,30,200,18.651600,
segmentation_only,10,2,perf-segmentation_only-r010-20260818T053927Z,loan_to_approval,1,31,200,18.437100,
segmentation_only,10,2,perf-segmentation_only-r010-20260818T053927Z,loan_to_approval,1,32,200,16.939800,
segmentation_only,10,2,perf-segmentation_only-r010-20260818T053927Z,loan_to_approval,1,33,200,16.366500,
segmentation_only,10,2,perf-segmentation_only-r010-20260818T053927Z,loan_to_approval,1,34,200,17.278500,
segmentation_only,10,2,perf-segmentation_only-r010-20260818T053927Z,loan_to_approval,1,35,200,17.231200,
segmentation_only,10,2,perf-segmentation_only-r010-20260818T053927Z,loan_to_approval,1,36,200,16.518200,
segmentation_only,10,2,perf-segmentation_only-r010-20260818T053927Z,loan_to_approval,1,37,200,16.737700,
segmentation_only,10,2,perf-segmentation_only-r010-20260818T053927Z,loan_to_approval,1,38,200,17.031900,
segmentation_only,10,2,perf-segmentation_only-r010-20260818T053927Z,loan_to_approval,1,39,200,17.555100,
segmentation_only,10,2,perf-segmentation_only-r010-20260818T053927Z,loan_to_approval,1,40,200,17.138500,
segmentation_only,10,2,perf-segmentation_only-r010-20260818T053927Z,loan_to_approval,1,41,200,16.501300,
segmentation_only,10,2,perf-segmentation_only-r010-20260818T053927Z,loan_to_approval,1,42,200,17.026200,
segmentation_only,10,2,perf-segmentation_only-r010-20260818T053927Z,loan_to_approval,1,43,200,16.970300,
segmentation_only,10,2,perf-segmentation_only-r010-20260818T053927Z,loan_to_approval,1,44,200,16.870300,
segmentation_only,10,2,perf-segmentation_only-r010-20260818T053927Z,loan_to_approval,1,45,200,16.951200,
segmentation_only,10,2,perf-segmentation_only-r010-20260818T053927Z,loan_to_approval,1,46,200,15.962500,
segmentation_only,10,2,perf-segmentation_only-r010-20260818T053927Z,loan_to_approval,1,47,200,15.984000,
segmentation_only,10,2,perf-segmentation_only-r010-20260818T053927Z,loan_to_approval,1,48,200,16.933200,
segmentation_only,10,2,perf-segmentation_only-r010-20260818T053927Z,loan_to_approval,1,49,200,16.773500,
segmentation_only,10,2,perf-segmentation_only-r010-20260818T053927Z,loan_to_approval,1,50,200,16.276700,
segmentation_only,10,2,perf-segmentation_only-r010-20260818T053927Z,loan_to_approval,1,51,200,16.548100,
segmentation_only,10,2,perf-segmentation_only-r010-20260818T053927Z,loan_to_approval,1,52,200,15.860900,
segmentation_only,10,2,perf-segmentation_only-r010-20260818T053927Z,loan_to_approval,1,53,200,15.606600,
segmentation_only,10,2,perf-segmentation_only-r010-20260818T053927Z,loan_to_approval,1,54,200,15.743900,
segmentation_only,10,2,perf-segmentation_only-r010-20260818T053927Z,loan_to_approval,1,55,200,16.088400,
segmentation_only,10,2,perf-segmentation_only-r010-20260818T053927Z,loan_to_approval,1,56,200,16.450700,
segmentation_only,10,2,perf-segmentation_only-r010-20260818T053927Z,loan_to_approval,1,57,200,15.751400,
segmentation_only,10,2,perf-segmentation_only-r010-20260818T053927Z,loan_to_approval,1,58,200,16.750900,
segmentation_only,10,2,perf-segmentation_only-r010-20260818T053927Z,loan_to_approval,1,59,200,16.839700,
segmentation_only,10,2,perf-segmentation_only-r010-20260818T053927Z,loan_to_approval,1,60,200,16.052200,
segmentation_only,10,2,perf-segmentation_only-r010-20260818T053927Z,loan_to_approval,1,61,200,16.036700,
segmentation_only,10,2,perf-segmentation_only-r010-20260818T053927Z,loan_to_approval,1,62,200,15.544000,
segmentation_only,10,2,perf-segmentation_only-r010-20260818T053927Z,loan_to_approval,1,63,200,16.142700,
segmentation_only,10,2,perf-segmentation_only-r010-20260818T053927Z,loan_to_approval,1,64,200,16.150700,
segmentation_only,10,2,perf-segmentation_only-r010-20260818T053927Z,loan_to_approval,1,65,200,16.057700,
segmentation_only,10,2,perf-segmentation_only-r010-20260818T053927Z,loan_to_approval,1,66,200,15.724800,
segmentation_only,10,2,perf-segmentation_only-r010-20260818T053927Z,loan_to_approval,1,67,200,16.196400,
segmentation_only,10,2,perf-segmentation_only-r010-20260818T053927Z,loan_to_approval,1,68,200,16.054500,
segmentation_only,10,2,perf-segmentation_only-r010-20260818T053927Z,loan_to_approval,1,69,200,15.596400,
segmentation_only,10,2,perf-segmentation_only-r010-20260818T053927Z,loan_to_approval,1,70,200,15.949800,
segmentation_only,10,2,perf-segmentation_only-r010-20260818T053927Z,loan_to_approval,1,71,200,16.018300,
segmentation_only,10,2,perf-segmentation_only-r010-20260818T053927Z,loan_to_approval,1,72,200,19.318600,
segmentation_only,10,2,perf-segmentation_only-r010-20260818T053927Z,loan_to_approval,1,73,200,15.812600,
segmentation_only,10,2,perf-segmentation_only-r010-20260818T053927Z,loan_to_approval,1,74,200,17.212700,
segmentation_only,10,2,perf-segmentation_only-r010-20260818T053927Z,loan_to_approval,1,75,200,17.089300,
segmentation_only,10,2,perf-segmentation_only-r010-20260818T053927Z,loan_to_approval,1,76,200,16.974000,
segmentation_only,10,2,perf-segmentation_only-r010-20260818T053927Z,loan_to_approval,1,77,200,16.639100,
segmentation_only,10,2,perf-segmentation_only-r010-20260818T053927Z,loan_to_approval,1,78,200,16.020800,
segmentation_only,10,2,perf-segmentation_only-r010-20260818T053927Z,loan_to_approval,1,79,200,17.147100,
segmentation_only,10,2,perf-segmentation_only-r010-20260818T053927Z,loan_to_approval,1,80,200,17.002200,
segmentation_only,10,2,perf-segmentation_only-r010-20260818T053927Z,loan_to_approval,1,81,200,17.063300,
segmentation_only,10,2,perf-segmentation_only-r010-20260818T053927Z,loan_to_approval,1,82,200,16.434100,
segmentation_only,10,2,perf-segmentation_only-r010-20260818T053927Z,loan_to_approval,1,83,200,15.877800,
segmentation_only,10,2,perf-segmentation_only-r010-20260818T053927Z,loan_to_approval,1,84,200,16.072600,
segmentation_only,10,2,perf-segmentation_only-r010-20260818T053927Z,loan_to_approval,1,85,200,16.064900,
segmentation_only,10,2,perf-segmentation_only-r010-20260818T053927Z,loan_to_approval,1,86,200,16.052000,
segmentation_only,10,2,perf-segmentation_only-r010-20260818T053927Z,loan_to_approval,1,87,200,15.868800,
segmentation_only,10,2,perf-segmentation_only-r010-20260818T053927Z,loan_to_approval,1,88,200,16.861700,
segmentation_only,10,2,perf-segmentation_only-r010-20260818T053927Z,loan_to_approval,1,89,200,16.414100,
segmentation_only,10,2,perf-segmentation_only-r010-20260818T053927Z,loan_to_approval,1,90,200,16.063100,
segmentation_only,10,2,perf-segmentation_only-r010-20260818T053927Z,loan_to_approval,1,91,200,15.904900,
segmentation_only,10,2,perf-segmentation_only-r010-20260818T053927Z,loan_to_approval,1,92,200,16.940600,
segmentation_only,10,2,perf-segmentation_only-r010-20260818T053927Z,loan_to_approval,1,93,200,16.160100,
segmentation_only,10,2,perf-segmentation_only-r010-20260818T053927Z,loan_to_approval,1,94,200,15.392900,
segmentation_only,10,2,perf-segmentation_only-r010-20260818T053927Z,loan_to_approval,1,95,200,16.395300,
segmentation_only,10,2,perf-segmentation_only-r010-20260818T053927Z,loan_to_approval,1,96,200,16.771900,
segmentation_only,10,2,perf-segmentation_only-r010-20260818T053927Z,loan_to_approval,1,97,200,17.744700,
segmentation_only,10,2,perf-segmentation_only-r010-20260818T053927Z,loan_to_approval,1,98,200,17.460300,
segmentation_only,10,2,perf-segmentation_only-r010-20260818T053927Z,loan_to_approval,1,99,200,17.318300,
segmentation_only,10,2,perf-segmentation_only-r010-20260818T053927Z,loan_to_approval,1,100,200,16.063700,
segmentation_only,10,2,perf-segmentation_only-r010-20260818T053927Z,loan_to_approval,1,101,200,16.015100,
segmentation_only,10,2,perf-segmentation_only-r010-20260818T053927Z,loan_to_approval,1,102,200,16.319600,
segmentation_only,10,2,perf-segmentation_only-r010-20260818T053927Z,loan_to_approval,1,103,200,17.137700,
segmentation_only,10,2,perf-segmentation_only-r010-20260818T053927Z,loan_to_approval,1,104,200,15.784500,
segmentation_only,10,2,perf-segmentation_only-r010-20260818T053927Z,loan_to_approval,1,105,200,16.250700,
segmentation_only,10,2,perf-segmentation_only-r010-20260818T053927Z,loan_to_approval,1,106,200,15.751900,
segmentation_only,10,2,perf-segmentation_only-r010-20260818T053927Z,loan_to_approval,1,107,200,17.270500,
segmentation_only,10,2,perf-segmentation_only-r010-20260818T053927Z,loan_to_approval,1,108,200,15.618800,
segmentation_only,10,2,perf-segmentation_only-r010-20260818T053927Z,loan_to_approval,1,109,200,15.898200,
segmentation_only,10,2,perf-segmentation_only-r010-20260818T053927Z,loan_to_approval,1,110,200,15.957000,
segmentation_only,10,2,perf-segmentation_only-r010-20260818T053927Z,loan_to_approval,1,111,200,15.882200,
segmentation_only,10,2,perf-segmentation_only-r010-20260818T053927Z,loan_to_approval,1,112,200,16.445200,
segmentation_only,10,2,perf-segmentation_only-r010-20260818T053927Z,loan_to_approval,1,113,200,17.100900,
segmentation_only,10,2,perf-segmentation_only-r010-20260818T053927Z,loan_to_approval,1,114,200,16.769100,
segmentation_only,10,2,perf-segmentation_only-r010-20260818T053927Z,loan_to_approval,1,115,200,15.762800,
segmentation_only,10,2,perf-segmentation_only-r010-20260818T053927Z,loan_to_approval,1,116,200,15.988400,
segmentation_only,10,2,perf-segmentation_only-r010-20260818T053927Z,loan_to_approval,1,117,200,17.156600,
segmentation_only,10,2,perf-segmentation_only-r010-20260818T053927Z,loan_to_approval,1,118,200,15.682700,
segmentation_only,10,2,perf-segmentation_only-r010-20260818T053927Z,loan_to_approval,1,119,200,16.155800,
segmentation_only,10,2,perf-segmentation_only-r010-20260818T053927Z,loan_to_approval,1,120,200,16.132700,
segmentation_only,10,2,perf-segmentation_only-r010-20260818T053927Z,loan_to_approval,1,121,200,16.139600,
segmentation_only,10,2,perf-segmentation_only-r010-20260818T053927Z,loan_to_approval,1,122,200,15.605100,
segmentation_only,10,2,perf-segmentation_only-r010-20260818T053927Z,loan_to_approval,1,123,200,16.141700,
segmentation_only,10,2,perf-segmentation_only-r010-20260818T053927Z,loan_to_approval,1,124,200,16.203100,
segmentation_only,10,2,perf-segmentation_only-r010-20260818T053927Z,loan_to_approval,1,125,200,16.951800,
segmentation_only,10,2,perf-segmentation_only-r010-20260818T053927Z,loan_to_approval,1,126,200,17.412500,
segmentation_only,10,2,perf-segmentation_only-r010-20260818T053927Z,loan_to_approval,1,127,200,16.633700,
segmentation_only,10,2,perf-segmentation_only-r010-20260818T053927Z,loan_to_approval,1,128,200,16.745200,
segmentation_only,10,2,perf-segmentation_only-r010-20260818T053927Z,loan_to_approval,1,129,200,16.972500,
segmentation_only,10,2,perf-segmentation_only-r010-20260818T053927Z,loan_to_approval,1,130,200,18.180700,
segmentation_only,10,2,perf-segmentation_only-r010-20260818T053927Z,loan_to_approval,1,131,200,17.078300,
segmentation_only,10,2,perf-segmentation_only-r010-20260818T053927Z,loan_to_approval,1,132,200,18.200400,
segmentation_only,10,2,perf-segmentation_only-r010-20260818T053927Z,loan_to_approval,1,133,200,17.843400,
segmentation_only,10,2,perf-segmentation_only-r010-20260818T053927Z,loan_to_approval,1,134,200,17.712500,
segmentation_only,10,2,perf-segmentation_only-r010-20260818T053927Z,loan_to_approval,1,135,200,17.062000,
segmentation_only,10,2,perf-segmentation_only-r010-20260818T053927Z,loan_to_approval,1,136,200,17.318000,
segmentation_only,10,2,perf-segmentation_only-r010-20260818T053927Z,loan_to_approval,1,137,200,16.874800,
segmentation_only,10,2,perf-segmentation_only-r010-20260818T053927Z,loan_to_approval,1,138,200,17.520600,
segmentation_only,10,2,perf-segmentation_only-r010-20260818T053927Z,loan_to_approval,1,139,200,16.990500,
segmentation_only,10,2,perf-segmentation_only-r010-20260818T053927Z,loan_to_approval,1,140,200,16.929000,
segmentation_only,10,2,perf-segmentation_only-r010-20260818T053927Z,loan_to_approval,1,141,200,17.138800,
segmentation_only,10,2,perf-segmentation_only-r010-20260818T053927Z,loan_to_approval,1,142,200,18.855900,
segmentation_only,10,2,perf-segmentation_only-r010-20260818T053927Z,loan_to_approval,1,143,200,17.368100,
segmentation_only,10,2,perf-segmentation_only-r010-20260818T053927Z,loan_to_approval,1,144,200,16.932200,
segmentation_only,10,2,perf-segmentation_only-r010-20260818T053927Z,loan_to_approval,1,145,200,16.672900,
segmentation_only,10,2,perf-segmentation_only-r010-20260818T053927Z,loan_to_approval,1,146,200,17.002300,
segmentation_only,10,2,perf-segmentation_only-r010-20260818T053927Z,loan_to_approval,1,147,200,17.362900,
segmentation_only,10,2,perf-segmentation_only-r010-20260818T053927Z,loan_to_approval,1,148,200,17.886700,
segmentation_only,10,2,perf-segmentation_only-r010-20260818T053927Z,loan_to_approval,1,149,200,18.375600,
segmentation_only,10,2,perf-segmentation_only-r010-20260818T053927Z,loan_to_approval,1,150,200,17.586000,
segmentation_only,10,2,perf-segmentation_only-r010-20260818T053927Z,loan_to_approval,1,151,200,17.135900,
segmentation_only,10,2,perf-segmentation_only-r010-20260818T053927Z,loan_to_approval,1,152,200,17.989800,
segmentation_only,10,2,perf-segmentation_only-r010-20260818T053927Z,loan_to_approval,1,153,200,16.233800,
segmentation_only,10,2,perf-segmentation_only-r010-20260818T053927Z,loan_to_approval,1,154,200,16.215000,
segmentation_only,10,2,perf-segmentation_only-r010-20260818T053927Z,loan_to_approval,1,155,200,17.479100,
segmentation_only,10,2,perf-segmentation_only-r010-20260818T053927Z,loan_to_approval,1,156,200,17.671300,
segmentation_only,10,2,perf-segmentation_only-r010-20260818T053927Z,loan_to_approval,1,157,200,16.531200,
segmentation_only,10,2,perf-segmentation_only-r010-20260818T053927Z,loan_to_approval,1,158,200,17.066400,
segmentation_only,10,2,perf-segmentation_only-r010-20260818T053927Z,loan_to_approval,1,159,200,17.085000,
segmentation_only,10,2,perf-segmentation_only-r010-20260818T053927Z,loan_to_approval,1,160,200,17.083300,
segmentation_only,10,2,perf-segmentation_only-r010-20260818T053927Z,loan_to_approval,1,161,200,16.838200,
segmentation_only,10,2,perf-segmentation_only-r010-20260818T053927Z,loan_to_approval,1,162,200,17.158700,
segmentation_only,10,2,perf-segmentation_only-r010-20260818T053927Z,loan_to_approval,1,163,200,16.938700,
segmentation_only,10,2,perf-segmentation_only-r010-20260818T053927Z,loan_to_approval,1,164,200,16.878000,
segmentation_only,10,2,perf-segmentation_only-r010-20260818T053927Z,loan_to_approval,1,165,200,17.219300,
segmentation_only,10,2,perf-segmentation_only-r010-20260818T053927Z,loan_to_approval,1,166,200,16.980400,
segmentation_only,10,2,perf-segmentation_only-r010-20260818T053927Z,loan_to_approval,1,167,200,18.165700,
segmentation_only,10,2,perf-segmentation_only-r010-20260818T053927Z,loan_to_approval,1,168,200,16.870100,
segmentation_only,10,2,perf-segmentation_only-r010-20260818T053927Z,loan_to_approval,1,169,200,16.350800,
segmentation_only,10,2,perf-segmentation_only-r010-20260818T053927Z,loan_to_approval,1,170,200,16.940300,
segmentation_only,10,2,perf-segmentation_only-r010-20260818T053927Z,loan_to_approval,1,171,200,17.162300,
segmentation_only,10,2,perf-segmentation_only-r010-20260818T053927Z,loan_to_approval,1,172,200,17.379100,
segmentation_only,10,2,perf-segmentation_only-r010-20260818T053927Z,loan_to_approval,1,173,200,17.227100,
segmentation_only,10,2,perf-segmentation_only-r010-20260818T053927Z,loan_to_approval,1,174,200,16.413200,
segmentation_only,10,2,perf-segmentation_only-r010-20260818T053927Z,loan_to_approval,1,175,200,15.806000,
segmentation_only,10,2,perf-segmentation_only-r010-20260818T053927Z,loan_to_approval,1,176,200,16.232100,
segmentation_only,10,2,perf-segmentation_only-r010-20260818T053927Z,loan_to_approval,1,177,200,16.223500,
segmentation_only,10,2,perf-segmentation_only-r010-20260818T053927Z,loan_to_approval,1,178,200,16.663900,
segmentation_only,10,2,perf-segmentation_only-r010-20260818T053927Z,loan_to_approval,1,179,200,16.034700,
segmentation_only,10,2,perf-segmentation_only-r010-20260818T053927Z,loan_to_approval,1,180,200,15.579800,
segmentation_only,10,2,perf-segmentation_only-r010-20260818T053927Z,loan_to_approval,1,181,200,15.778700,
segmentation_only,10,2,perf-segmentation_only-r010-20260818T053927Z,loan_to_approval,1,182,200,16.068100,
segmentation_only,10,2,perf-segmentation_only-r010-20260818T053927Z,loan_to_approval,1,183,200,16.624000,
segmentation_only,10,2,perf-segmentation_only-r010-20260818T053927Z,loan_to_approval,1,184,200,15.725700,
segmentation_only,10,2,perf-segmentation_only-r010-20260818T053927Z,loan_to_approval,1,185,200,16.169500,
segmentation_only,10,2,perf-segmentation_only-r010-20260818T053927Z,loan_to_approval,1,186,200,16.580800,
segmentation_only,10,2,perf-segmentation_only-r010-20260818T053927Z,loan_to_approval,1,187,200,16.181400,
segmentation_only,10,2,perf-segmentation_only-r010-20260818T053927Z,loan_to_approval,1,188,200,15.673100,
segmentation_only,10,2,perf-segmentation_only-r010-20260818T053927Z,loan_to_approval,1,189,200,16.153500,
segmentation_only,10,2,perf-segmentation_only-r010-20260818T053927Z,loan_to_approval,1,190,200,16.056300,
segmentation_only,10,2,perf-segmentation_only-r010-20260818T053927Z,loan_to_approval,1,191,200,16.125500,
segmentation_only,10,2,perf-segmentation_only-r010-20260818T053927Z,loan_to_approval,1,192,200,15.877000,
segmentation_only,10,2,perf-segmentation_only-r010-20260818T053927Z,loan_to_approval,1,193,200,15.814700,
segmentation_only,10,2,perf-segmentation_only-r010-20260818T053927Z,loan_to_approval,1,194,200,16.833200,
segmentation_only,10,2,perf-segmentation_only-r010-20260818T053927Z,loan_to_approval,1,195,200,18.249500,
segmentation_only,10,2,perf-segmentation_only-r010-20260818T053927Z,loan_to_approval,1,196,200,18.758300,
segmentation_only,10,2,perf-segmentation_only-r010-20260818T053927Z,loan_to_approval,1,197,200,19.148800,
segmentation_only,10,2,perf-segmentation_only-r010-20260818T053927Z,loan_to_approval,1,198,200,22.424800,
segmentation_only,10,2,perf-segmentation_only-r010-20260818T053927Z,loan_to_approval,1,199,200,21.842900,
segmentation_only,10,2,perf-segmentation_only-r010-20260818T053927Z,loan_to_approval,1,200,200,19.927200,
segmentation_only,10,2,perf-segmentation_only-r010-20260818T053927Z,loan_to_approval,2,1,200,18.603400,
segmentation_only,10,2,perf-segmentation_only-r010-20260818T053927Z,loan_to_approval,2,2,200,17.322300,
segmentation_only,10,2,perf-segmentation_only-r010-20260818T053927Z,loan_to_approval,2,3,200,17.080300,
segmentation_only,10,2,perf-segmentation_only-r010-20260818T053927Z,loan_to_approval,2,4,200,17.025300,
segmentation_only,10,2,perf-segmentation_only-r010-20260818T053927Z,loan_to_approval,2,5,200,17.351700,
segmentation_only,10,2,perf-segmentation_only-r010-20260818T053927Z,loan_to_approval,2,6,200,19.118300,
segmentation_only,10,2,perf-segmentation_only-r010-20260818T053927Z,loan_to_approval,2,7,200,17.213700,
segmentation_only,10,2,perf-segmentation_only-r010-20260818T053927Z,loan_to_approval,2,8,200,17.431500,
segmentation_only,10,2,perf-segmentation_only-r010-20260818T053927Z,loan_to_approval,2,9,200,17.665000,
segmentation_only,10,2,perf-segmentation_only-r010-20260818T053927Z,loan_to_approval,2,10,200,16.612300,
segmentation_only,10,2,perf-segmentation_only-r010-20260818T053927Z,loan_to_approval,2,11,200,17.653100,
segmentation_only,10,2,perf-segmentation_only-r010-20260818T053927Z,loan_to_approval,2,12,200,16.174900,
segmentation_only,10,2,perf-segmentation_only-r010-20260818T053927Z,loan_to_approval,2,13,200,17.641700,
segmentation_only,10,2,perf-segmentation_only-r010-20260818T053927Z,loan_to_approval,2,14,200,16.554900,
segmentation_only,10,2,perf-segmentation_only-r010-20260818T053927Z,loan_to_approval,2,15,200,16.042800,
segmentation_only,10,2,perf-segmentation_only-r010-20260818T053927Z,loan_to_approval,2,16,200,16.412000,
segmentation_only,10,2,perf-segmentation_only-r010-20260818T053927Z,loan_to_approval,2,17,200,20.791500,
segmentation_only,10,2,perf-segmentation_only-r010-20260818T053927Z,loan_to_approval,2,18,200,20.311200,
segmentation_only,10,2,perf-segmentation_only-r010-20260818T053927Z,loan_to_approval,2,19,200,17.803300,
segmentation_only,10,2,perf-segmentation_only-r010-20260818T053927Z,loan_to_approval,2,20,200,16.658300,
segmentation_only,10,2,perf-segmentation_only-r010-20260818T053927Z,loan_to_approval,2,21,200,17.137200,
segmentation_only,10,2,perf-segmentation_only-r010-20260818T053927Z,loan_to_approval,2,22,200,17.211100,
segmentation_only,10,2,perf-segmentation_only-r010-20260818T053927Z,loan_to_approval,2,23,200,16.968900,
segmentation_only,10,2,perf-segmentation_only-r010-20260818T053927Z,loan_to_approval,2,24,200,16.679900,
segmentation_only,10,2,perf-segmentation_only-r010-20260818T053927Z,loan_to_approval,2,25,200,15.559700,
segmentation_only,10,2,perf-segmentation_only-r010-20260818T053927Z,loan_to_approval,2,26,200,15.929100,
segmentation_only,10,2,perf-segmentation_only-r010-20260818T053927Z,loan_to_approval,2,27,200,17.602300,
segmentation_only,10,2,perf-segmentation_only-r010-20260818T053927Z,loan_to_approval,2,28,200,17.595900,
segmentation_only,10,2,perf-segmentation_only-r010-20260818T053927Z,loan_to_approval,2,29,200,17.829200,
segmentation_only,10,2,perf-segmentation_only-r010-20260818T053927Z,loan_to_approval,2,30,200,17.774900,
segmentation_only,10,2,perf-segmentation_only-r010-20260818T053927Z,loan_to_approval,2,31,200,16.938900,
segmentation_only,10,2,perf-segmentation_only-r010-20260818T053927Z,loan_to_approval,2,32,200,18.249000,
segmentation_only,10,2,perf-segmentation_only-r010-20260818T053927Z,loan_to_approval,2,33,200,17.624400,
segmentation_only,10,2,perf-segmentation_only-r010-20260818T053927Z,loan_to_approval,2,34,200,18.504700,
segmentation_only,10,2,perf-segmentation_only-r010-20260818T053927Z,loan_to_approval,2,35,200,17.342100,
segmentation_only,10,2,perf-segmentation_only-r010-20260818T053927Z,loan_to_approval,2,36,200,16.675600,
segmentation_only,10,2,perf-segmentation_only-r010-20260818T053927Z,loan_to_approval,2,37,200,17.088700,
segmentation_only,10,2,perf-segmentation_only-r010-20260818T053927Z,loan_to_approval,2,38,200,17.175900,
segmentation_only,10,2,perf-segmentation_only-r010-20260818T053927Z,loan_to_approval,2,39,200,17.760900,
segmentation_only,10,2,perf-segmentation_only-r010-20260818T053927Z,loan_to_approval,2,40,200,17.397200,
segmentation_only,10,2,perf-segmentation_only-r010-20260818T053927Z,loan_to_approval,2,41,200,17.636900,
segmentation_only,10,2,perf-segmentation_only-r010-20260818T053927Z,loan_to_approval,2,42,200,17.542000,
segmentation_only,10,2,perf-segmentation_only-r010-20260818T053927Z,loan_to_approval,2,43,200,16.763500,
segmentation_only,10,2,perf-segmentation_only-r010-20260818T053927Z,loan_to_approval,2,44,200,16.660600,
segmentation_only,10,2,perf-segmentation_only-r010-20260818T053927Z,loan_to_approval,2,45,200,16.862000,
segmentation_only,10,2,perf-segmentation_only-r010-20260818T053927Z,loan_to_approval,2,46,200,15.951900,
segmentation_only,10,2,perf-segmentation_only-r010-20260818T053927Z,loan_to_approval,2,47,200,15.862400,
segmentation_only,10,2,perf-segmentation_only-r010-20260818T053927Z,loan_to_approval,2,48,200,16.117100,
segmentation_only,10,2,perf-segmentation_only-r010-20260818T053927Z,loan_to_approval,2,49,200,17.625800,
segmentation_only,10,2,perf-segmentation_only-r010-20260818T053927Z,loan_to_approval,2,50,200,16.411400,
segmentation_only,10,2,perf-segmentation_only-r010-20260818T053927Z,loan_to_approval,2,51,200,15.875600,
segmentation_only,10,2,perf-segmentation_only-r010-20260818T053927Z,loan_to_approval,2,52,200,20.878000,
segmentation_only,10,2,perf-segmentation_only-r010-20260818T053927Z,loan_to_approval,2,53,200,17.767500,
segmentation_only,10,2,perf-segmentation_only-r010-20260818T053927Z,loan_to_approval,2,54,200,17.893000,
segmentation_only,10,2,perf-segmentation_only-r010-20260818T053927Z,loan_to_approval,2,55,200,16.995900,
segmentation_only,10,2,perf-segmentation_only-r010-20260818T053927Z,loan_to_approval,2,56,200,17.040200,
segmentation_only,10,2,perf-segmentation_only-r010-20260818T053927Z,loan_to_approval,2,57,200,18.879400,
segmentation_only,10,2,perf-segmentation_only-r010-20260818T053927Z,loan_to_approval,2,58,200,18.039000,
segmentation_only,10,2,perf-segmentation_only-r010-20260818T053927Z,loan_to_approval,2,59,200,17.115600,
segmentation_only,10,2,perf-segmentation_only-r010-20260818T053927Z,loan_to_approval,2,60,200,17.687900,
segmentation_only,10,2,perf-segmentation_only-r010-20260818T053927Z,loan_to_approval,2,61,200,16.862800,
segmentation_only,10,2,perf-segmentation_only-r010-20260818T053927Z,loan_to_approval,2,62,200,16.946600,
segmentation_only,10,2,perf-segmentation_only-r010-20260818T053927Z,loan_to_approval,2,63,200,17.753600,
segmentation_only,10,2,perf-segmentation_only-r010-20260818T053927Z,loan_to_approval,2,64,200,17.502000,
segmentation_only,10,2,perf-segmentation_only-r010-20260818T053927Z,loan_to_approval,2,65,200,17.722600,
segmentation_only,10,2,perf-segmentation_only-r010-20260818T053927Z,loan_to_approval,2,66,200,17.234700,
segmentation_only,10,2,perf-segmentation_only-r010-20260818T053927Z,loan_to_approval,2,67,200,16.229300,
segmentation_only,10,2,perf-segmentation_only-r010-20260818T053927Z,loan_to_approval,2,68,200,16.414900,
segmentation_only,10,2,perf-segmentation_only-r010-20260818T053927Z,loan_to_approval,2,69,200,17.319800,
segmentation_only,10,2,perf-segmentation_only-r010-20260818T053927Z,loan_to_approval,2,70,200,17.233000,
segmentation_only,10,2,perf-segmentation_only-r010-20260818T053927Z,loan_to_approval,2,71,200,16.460000,
segmentation_only,10,2,perf-segmentation_only-r010-20260818T053927Z,loan_to_approval,2,72,200,16.730800,
segmentation_only,10,2,perf-segmentation_only-r010-20260818T053927Z,loan_to_approval,2,73,200,17.212600,
segmentation_only,10,2,perf-segmentation_only-r010-20260818T053927Z,loan_to_approval,2,74,200,17.041200,
segmentation_only,10,2,perf-segmentation_only-r010-20260818T053927Z,loan_to_approval,2,75,200,16.483100,
segmentation_only,10,2,perf-segmentation_only-r010-20260818T053927Z,loan_to_approval,2,76,200,15.977900,
segmentation_only,10,2,perf-segmentation_only-r010-20260818T053927Z,loan_to_approval,2,77,200,16.768900,
segmentation_only,10,2,perf-segmentation_only-r010-20260818T053927Z,loan_to_approval,2,78,200,16.578900,
segmentation_only,10,2,perf-segmentation_only-r010-20260818T053927Z,loan_to_approval,2,79,200,16.272400,
segmentation_only,10,2,perf-segmentation_only-r010-20260818T053927Z,loan_to_approval,2,80,200,16.644800,
segmentation_only,10,2,perf-segmentation_only-r010-20260818T053927Z,loan_to_approval,2,81,200,15.871600,
segmentation_only,10,2,perf-segmentation_only-r010-20260818T053927Z,loan_to_approval,2,82,200,16.972900,
segmentation_only,10,2,perf-segmentation_only-r010-20260818T053927Z,loan_to_approval,2,83,200,15.807800,
segmentation_only,10,2,perf-segmentation_only-r010-20260818T053927Z,loan_to_approval,2,84,200,16.870500,
segmentation_only,10,2,perf-segmentation_only-r010-20260818T053927Z,loan_to_approval,2,85,200,15.888300,
segmentation_only,10,2,perf-segmentation_only-r010-20260818T053927Z,loan_to_approval,2,86,200,15.958700,
segmentation_only,10,2,perf-segmentation_only-r010-20260818T053927Z,loan_to_approval,2,87,200,16.016900,
segmentation_only,10,2,perf-segmentation_only-r010-20260818T053927Z,loan_to_approval,2,88,200,15.661800,
segmentation_only,10,2,perf-segmentation_only-r010-20260818T053927Z,loan_to_approval,2,89,200,17.066700,
segmentation_only,10,2,perf-segmentation_only-r010-20260818T053927Z,loan_to_approval,2,90,200,16.197300,
segmentation_only,10,2,perf-segmentation_only-r010-20260818T053927Z,loan_to_approval,2,91,200,15.839900,
segmentation_only,10,2,perf-segmentation_only-r010-20260818T053927Z,loan_to_approval,2,92,200,15.885800,
segmentation_only,10,2,perf-segmentation_only-r010-20260818T053927Z,loan_to_approval,2,93,200,16.279900,
segmentation_only,10,2,perf-segmentation_only-r010-20260818T053927Z,loan_to_approval,2,94,200,17.350100,
segmentation_only,10,2,perf-segmentation_only-r010-20260818T053927Z,loan_to_approval,2,95,200,16.705400,
segmentation_only,10,2,perf-segmentation_only-r010-20260818T053927Z,loan_to_approval,2,96,200,16.590600,
segmentation_only,10,2,perf-segmentation_only-r010-20260818T053927Z,loan_to_approval,2,97,200,16.300500,
segmentation_only,10,2,perf-segmentation_only-r010-20260818T053927Z,loan_to_approval,2,98,200,15.804000,
segmentation_only,10,2,perf-segmentation_only-r010-20260818T053927Z,loan_to_approval,2,99,200,15.989700,
segmentation_only,10,2,perf-segmentation_only-r010-20260818T053927Z,loan_to_approval,2,100,200,16.564700,
segmentation_only,10,2,perf-segmentation_only-r010-20260818T053927Z,loan_to_approval,2,101,200,16.430400,
segmentation_only,10,2,perf-segmentation_only-r010-20260818T053927Z,loan_to_approval,2,102,200,15.886300,
segmentation_only,10,2,perf-segmentation_only-r010-20260818T053927Z,loan_to_approval,2,103,200,17.037300,
segmentation_only,10,2,perf-segmentation_only-r010-20260818T053927Z,loan_to_approval,2,104,200,16.924200,
segmentation_only,10,2,perf-segmentation_only-r010-20260818T053927Z,loan_to_approval,2,105,200,15.983500,
segmentation_only,10,2,perf-segmentation_only-r010-20260818T053927Z,loan_to_approval,2,106,200,15.948200,
segmentation_only,10,2,perf-segmentation_only-r010-20260818T053927Z,loan_to_approval,2,107,200,16.760700,
segmentation_only,10,2,perf-segmentation_only-r010-20260818T053927Z,loan_to_approval,2,108,200,16.887500,
segmentation_only,10,2,perf-segmentation_only-r010-20260818T053927Z,loan_to_approval,2,109,200,16.526400,
segmentation_only,10,2,perf-segmentation_only-r010-20260818T053927Z,loan_to_approval,2,110,200,15.775200,
segmentation_only,10,2,perf-segmentation_only-r010-20260818T053927Z,loan_to_approval,2,111,200,15.768000,
segmentation_only,10,2,perf-segmentation_only-r010-20260818T053927Z,loan_to_approval,2,112,200,16.500300,
segmentation_only,10,2,perf-segmentation_only-r010-20260818T053927Z,loan_to_approval,2,113,200,15.897000,
segmentation_only,10,2,perf-segmentation_only-r010-20260818T053927Z,loan_to_approval,2,114,200,15.737400,
segmentation_only,10,2,perf-segmentation_only-r010-20260818T053927Z,loan_to_approval,2,115,200,16.959000,
segmentation_only,10,2,perf-segmentation_only-r010-20260818T053927Z,loan_to_approval,2,116,200,17.268200,
segmentation_only,10,2,perf-segmentation_only-r010-20260818T053927Z,loan_to_approval,2,117,200,15.809800,
segmentation_only,10,2,perf-segmentation_only-r010-20260818T053927Z,loan_to_approval,2,118,200,15.741100,
segmentation_only,10,2,perf-segmentation_only-r010-20260818T053927Z,loan_to_approval,2,119,200,16.206300,
segmentation_only,10,2,perf-segmentation_only-r010-20260818T053927Z,loan_to_approval,2,120,200,17.856300,
segmentation_only,10,2,perf-segmentation_only-r010-20260818T053927Z,loan_to_approval,2,121,200,19.257100,
segmentation_only,10,2,perf-segmentation_only-r010-20260818T053927Z,loan_to_approval,2,122,200,20.443100,
segmentation_only,10,2,perf-segmentation_only-r010-20260818T053927Z,loan_to_approval,2,123,200,18.886800,
segmentation_only,10,2,perf-segmentation_only-r010-20260818T053927Z,loan_to_approval,2,124,200,17.811700,
segmentation_only,10,2,perf-segmentation_only-r010-20260818T053927Z,loan_to_approval,2,125,200,17.239800,
segmentation_only,10,2,perf-segmentation_only-r010-20260818T053927Z,loan_to_approval,2,126,200,18.504100,
segmentation_only,10,2,perf-segmentation_only-r010-20260818T053927Z,loan_to_approval,2,127,200,18.506900,
segmentation_only,10,2,perf-segmentation_only-r010-20260818T053927Z,loan_to_approval,2,128,200,17.398500,
segmentation_only,10,2,perf-segmentation_only-r010-20260818T053927Z,loan_to_approval,2,129,200,17.672500,
segmentation_only,10,2,perf-segmentation_only-r010-20260818T053927Z,loan_to_approval,2,130,200,18.156400,
segmentation_only,10,2,perf-segmentation_only-r010-20260818T053927Z,loan_to_approval,2,131,200,17.765900,
segmentation_only,10,2,perf-segmentation_only-r010-20260818T053927Z,loan_to_approval,2,132,200,17.100200,
segmentation_only,10,2,perf-segmentation_only-r010-20260818T053927Z,loan_to_approval,2,133,200,16.008700,
segmentation_only,10,2,perf-segmentation_only-r010-20260818T053927Z,loan_to_approval,2,134,200,16.365300,
segmentation_only,10,2,perf-segmentation_only-r010-20260818T053927Z,loan_to_approval,2,135,200,15.538300,
segmentation_only,10,2,perf-segmentation_only-r010-20260818T053927Z,loan_to_approval,2,136,200,15.709300,
segmentation_only,10,2,perf-segmentation_only-r010-20260818T053927Z,loan_to_approval,2,137,200,15.136900,
segmentation_only,10,2,perf-segmentation_only-r010-20260818T053927Z,loan_to_approval,2,138,200,14.857800,
segmentation_only,10,2,perf-segmentation_only-r010-20260818T053927Z,loan_to_approval,2,139,200,16.588000,
segmentation_only,10,2,perf-segmentation_only-r010-20260818T053927Z,loan_to_approval,2,140,200,15.581100,
segmentation_only,10,2,perf-segmentation_only-r010-20260818T053927Z,loan_to_approval,2,141,200,16.285300,
segmentation_only,10,2,perf-segmentation_only-r010-20260818T053927Z,loan_to_approval,2,142,200,15.704100,
segmentation_only,10,2,perf-segmentation_only-r010-20260818T053927Z,loan_to_approval,2,143,200,16.243500,
segmentation_only,10,2,perf-segmentation_only-r010-20260818T053927Z,loan_to_approval,2,144,200,15.602600,
segmentation_only,10,2,perf-segmentation_only-r010-20260818T053927Z,loan_to_approval,2,145,200,15.893800,
segmentation_only,10,2,perf-segmentation_only-r010-20260818T053927Z,loan_to_approval,2,146,200,16.458700,
segmentation_only,10,2,perf-segmentation_only-r010-20260818T053927Z,loan_to_approval,2,147,200,15.865900,
segmentation_only,10,2,perf-segmentation_only-r010-20260818T053927Z,loan_to_approval,2,148,200,15.747800,
segmentation_only,10,2,perf-segmentation_only-r010-20260818T053927Z,loan_to_approval,2,149,200,16.274400,
segmentation_only,10,2,perf-segmentation_only-r010-20260818T053927Z,loan_to_approval,2,150,200,16.026300,
segmentation_only,10,2,perf-segmentation_only-r010-20260818T053927Z,loan_to_approval,2,151,200,15.719100,
segmentation_only,10,2,perf-segmentation_only-r010-20260818T053927Z,loan_to_approval,2,152,200,15.807000,
segmentation_only,10,2,perf-segmentation_only-r010-20260818T053927Z,loan_to_approval,2,153,200,16.608200,
segmentation_only,10,2,perf-segmentation_only-r010-20260818T053927Z,loan_to_approval,2,154,200,17.514200,
segmentation_only,10,2,perf-segmentation_only-r010-20260818T053927Z,loan_to_approval,2,155,200,16.208700,
segmentation_only,10,2,perf-segmentation_only-r010-20260818T053927Z,loan_to_approval,2,156,200,17.535800,
segmentation_only,10,2,perf-segmentation_only-r010-20260818T053927Z,loan_to_approval,2,157,200,16.713400,
segmentation_only,10,2,perf-segmentation_only-r010-20260818T053927Z,loan_to_approval,2,158,200,16.582800,
segmentation_only,10,2,perf-segmentation_only-r010-20260818T053927Z,loan_to_approval,2,159,200,15.793800,
segmentation_only,10,2,perf-segmentation_only-r010-20260818T053927Z,loan_to_approval,2,160,200,16.097400,
segmentation_only,10,2,perf-segmentation_only-r010-20260818T053927Z,loan_to_approval,2,161,200,15.822600,
segmentation_only,10,2,perf-segmentation_only-r010-20260818T053927Z,loan_to_approval,2,162,200,16.499100,
segmentation_only,10,2,perf-segmentation_only-r010-20260818T053927Z,loan_to_approval,2,163,200,15.337000,
segmentation_only,10,2,perf-segmentation_only-r010-20260818T053927Z,loan_to_approval,2,164,200,16.466300,
segmentation_only,10,2,perf-segmentation_only-r010-20260818T053927Z,loan_to_approval,2,165,200,15.477000,
segmentation_only,10,2,perf-segmentation_only-r010-20260818T053927Z,loan_to_approval,2,166,200,16.045900,
segmentation_only,10,2,perf-segmentation_only-r010-20260818T053927Z,loan_to_approval,2,167,200,16.083000,
segmentation_only,10,2,perf-segmentation_only-r010-20260818T053927Z,loan_to_approval,2,168,200,15.833600,
segmentation_only,10,2,perf-segmentation_only-r010-20260818T053927Z,loan_to_approval,2,169,200,16.196700,
segmentation_only,10,2,perf-segmentation_only-r010-20260818T053927Z,loan_to_approval,2,170,200,15.579700,
segmentation_only,10,2,perf-segmentation_only-r010-20260818T053927Z,loan_to_approval,2,171,200,15.510700,
segmentation_only,10,2,perf-segmentation_only-r010-20260818T053927Z,loan_to_approval,2,172,200,16.100100,
segmentation_only,10,2,perf-segmentation_only-r010-20260818T053927Z,loan_to_approval,2,173,200,16.852800,
segmentation_only,10,2,perf-segmentation_only-r010-20260818T053927Z,loan_to_approval,2,174,200,16.374500,
segmentation_only,10,2,perf-segmentation_only-r010-20260818T053927Z,loan_to_approval,2,175,200,16.635700,
segmentation_only,10,2,perf-segmentation_only-r010-20260818T053927Z,loan_to_approval,2,176,200,15.890100,
segmentation_only,10,2,perf-segmentation_only-r010-20260818T053927Z,loan_to_approval,2,177,200,15.850400,
segmentation_only,10,2,perf-segmentation_only-r010-20260818T053927Z,loan_to_approval,2,178,200,16.134200,
segmentation_only,10,2,perf-segmentation_only-r010-20260818T053927Z,loan_to_approval,2,179,200,15.861200,
segmentation_only,10,2,perf-segmentation_only-r010-20260818T053927Z,loan_to_approval,2,180,200,15.933200,
segmentation_only,10,2,perf-segmentation_only-r010-20260818T053927Z,loan_to_approval,2,181,200,16.530800,
segmentation_only,10,2,perf-segmentation_only-r010-20260818T053927Z,loan_to_approval,2,182,200,15.488500,
segmentation_only,10,2,perf-segmentation_only-r010-20260818T053927Z,loan_to_approval,2,183,200,16.075700,
segmentation_only,10,2,perf-segmentation_only-r010-20260818T053927Z,loan_to_approval,2,184,200,17.174500,
segmentation_only,10,2,perf-segmentation_only-r010-20260818T053927Z,loan_to_approval,2,185,200,15.540600,
segmentation_only,10,2,perf-segmentation_only-r010-20260818T053927Z,loan_to_approval,2,186,200,16.170900,
segmentation_only,10,2,perf-segmentation_only-r010-20260818T053927Z,loan_to_approval,2,187,200,15.909400,
segmentation_only,10,2,perf-segmentation_only-r010-20260818T053927Z,loan_to_approval,2,188,200,17.288000,
segmentation_only,10,2,perf-segmentation_only-r010-20260818T053927Z,loan_to_approval,2,189,200,17.199800,
segmentation_only,10,2,perf-segmentation_only-r010-20260818T053927Z,loan_to_approval,2,190,200,16.433800,
segmentation_only,10,2,perf-segmentation_only-r010-20260818T053927Z,loan_to_approval,2,191,200,15.861600,
segmentation_only,10,2,perf-segmentation_only-r010-20260818T053927Z,loan_to_approval,2,192,200,16.387400,
segmentation_only,10,2,perf-segmentation_only-r010-20260818T053927Z,loan_to_approval,2,193,200,15.625300,
segmentation_only,10,2,perf-segmentation_only-r010-20260818T053927Z,loan_to_approval,2,194,200,16.027100,
segmentation_only,10,2,perf-segmentation_only-r010-20260818T053927Z,loan_to_approval,2,195,200,15.928700,
segmentation_only,10,2,perf-segmentation_only-r010-20260818T053927Z,loan_to_approval,2,196,200,15.286800,
segmentation_only,10,2,perf-segmentation_only-r010-20260818T053927Z,loan_to_approval,2,197,200,17.860800,
segmentation_only,10,2,perf-segmentation_only-r010-20260818T053927Z,loan_to_approval,2,198,200,16.049000,
segmentation_only,10,2,perf-segmentation_only-r010-20260818T053927Z,loan_to_approval,2,199,200,17.186200,
segmentation_only,10,2,perf-segmentation_only-r010-20260818T053927Z,loan_to_approval,2,200,200,16.718500,
segmentation_only,10,2,perf-segmentation_only-r010-20260818T053927Z,loan_to_approval,3,1,200,17.407800,
segmentation_only,10,2,perf-segmentation_only-r010-20260818T053927Z,loan_to_approval,3,2,200,16.087900,
segmentation_only,10,2,perf-segmentation_only-r010-20260818T053927Z,loan_to_approval,3,3,200,14.886100,
segmentation_only,10,2,perf-segmentation_only-r010-20260818T053927Z,loan_to_approval,3,4,200,16.269300,
segmentation_only,10,2,perf-segmentation_only-r010-20260818T053927Z,loan_to_approval,3,5,200,15.983200,
segmentation_only,10,2,perf-segmentation_only-r010-20260818T053927Z,loan_to_approval,3,6,200,15.718000,
segmentation_only,10,2,perf-segmentation_only-r010-20260818T053927Z,loan_to_approval,3,7,200,16.094800,
segmentation_only,10,2,perf-segmentation_only-r010-20260818T053927Z,loan_to_approval,3,8,200,16.122400,
segmentation_only,10,2,perf-segmentation_only-r010-20260818T053927Z,loan_to_approval,3,9,200,15.789600,
segmentation_only,10,2,perf-segmentation_only-r010-20260818T053927Z,loan_to_approval,3,10,200,15.062100,
segmentation_only,10,2,perf-segmentation_only-r010-20260818T053927Z,loan_to_approval,3,11,200,16.577600,
segmentation_only,10,2,perf-segmentation_only-r010-20260818T053927Z,loan_to_approval,3,12,200,16.853900,
segmentation_only,10,2,perf-segmentation_only-r010-20260818T053927Z,loan_to_approval,3,13,200,15.633800,
segmentation_only,10,2,perf-segmentation_only-r010-20260818T053927Z,loan_to_approval,3,14,200,16.103500,
segmentation_only,10,2,perf-segmentation_only-r010-20260818T053927Z,loan_to_approval,3,15,200,16.916700,
segmentation_only,10,2,perf-segmentation_only-r010-20260818T053927Z,loan_to_approval,3,16,200,16.070300,
segmentation_only,10,2,perf-segmentation_only-r010-20260818T053927Z,loan_to_approval,3,17,200,16.070200,
segmentation_only,10,2,perf-segmentation_only-r010-20260818T053927Z,loan_to_approval,3,18,200,15.845000,
segmentation_only,10,2,perf-segmentation_only-r010-20260818T053927Z,loan_to_approval,3,19,200,16.036400,
segmentation_only,10,2,perf-segmentation_only-r010-20260818T053927Z,loan_to_approval,3,20,200,15.860600,
segmentation_only,10,2,perf-segmentation_only-r010-20260818T053927Z,loan_to_approval,3,21,200,17.507900,
segmentation_only,10,2,perf-segmentation_only-r010-20260818T053927Z,loan_to_approval,3,22,200,16.893700,
segmentation_only,10,2,perf-segmentation_only-r010-20260818T053927Z,loan_to_approval,3,23,200,16.758300,
segmentation_only,10,2,perf-segmentation_only-r010-20260818T053927Z,loan_to_approval,3,24,200,16.738900,
segmentation_only,10,2,perf-segmentation_only-r010-20260818T053927Z,loan_to_approval,3,25,200,17.480300,
segmentation_only,10,2,perf-segmentation_only-r010-20260818T053927Z,loan_to_approval,3,26,200,16.435100,
segmentation_only,10,2,perf-segmentation_only-r010-20260818T053927Z,loan_to_approval,3,27,200,15.864500,
segmentation_only,10,2,perf-segmentation_only-r010-20260818T053927Z,loan_to_approval,3,28,200,15.998900,
segmentation_only,10,2,perf-segmentation_only-r010-20260818T053927Z,loan_to_approval,3,29,200,15.977900,
segmentation_only,10,2,perf-segmentation_only-r010-20260818T053927Z,loan_to_approval,3,30,200,16.104400,
segmentation_only,10,2,perf-segmentation_only-r010-20260818T053927Z,loan_to_approval,3,31,200,16.101000,
segmentation_only,10,2,perf-segmentation_only-r010-20260818T053927Z,loan_to_approval,3,32,200,15.612000,
segmentation_only,10,2,perf-segmentation_only-r010-20260818T053927Z,loan_to_approval,3,33,200,15.355600,
segmentation_only,10,2,perf-segmentation_only-r010-20260818T053927Z,loan_to_approval,3,34,200,15.946100,
segmentation_only,10,2,perf-segmentation_only-r010-20260818T053927Z,loan_to_approval,3,35,200,16.440100,
segmentation_only,10,2,perf-segmentation_only-r010-20260818T053927Z,loan_to_approval,3,36,200,15.297000,
segmentation_only,10,2,perf-segmentation_only-r010-20260818T053927Z,loan_to_approval,3,37,200,19.784600,
segmentation_only,10,2,perf-segmentation_only-r010-20260818T053927Z,loan_to_approval,3,38,200,16.489000,
segmentation_only,10,2,perf-segmentation_only-r010-20260818T053927Z,loan_to_approval,3,39,200,16.114200,
segmentation_only,10,2,perf-segmentation_only-r010-20260818T053927Z,loan_to_approval,3,40,200,16.925500,
segmentation_only,10,2,perf-segmentation_only-r010-20260818T053927Z,loan_to_approval,3,41,200,15.903100,
segmentation_only,10,2,perf-segmentation_only-r010-20260818T053927Z,loan_to_approval,3,42,200,15.616500,
segmentation_only,10,2,perf-segmentation_only-r010-20260818T053927Z,loan_to_approval,3,43,200,16.593200,
segmentation_only,10,2,perf-segmentation_only-r010-20260818T053927Z,loan_to_approval,3,44,200,15.253300,
segmentation_only,10,2,perf-segmentation_only-r010-20260818T053927Z,loan_to_approval,3,45,200,16.326400,
segmentation_only,10,2,perf-segmentation_only-r010-20260818T053927Z,loan_to_approval,3,46,200,17.041200,
segmentation_only,10,2,perf-segmentation_only-r010-20260818T053927Z,loan_to_approval,3,47,200,17.181700,
segmentation_only,10,2,perf-segmentation_only-r010-20260818T053927Z,loan_to_approval,3,48,200,15.390200,
segmentation_only,10,2,perf-segmentation_only-r010-20260818T053927Z,loan_to_approval,3,49,200,16.247200,
segmentation_only,10,2,perf-segmentation_only-r010-20260818T053927Z,loan_to_approval,3,50,200,15.856200,
segmentation_only,10,2,perf-segmentation_only-r010-20260818T053927Z,loan_to_approval,3,51,200,16.269800,
segmentation_only,10,2,perf-segmentation_only-r010-20260818T053927Z,loan_to_approval,3,52,200,17.081200,
segmentation_only,10,2,perf-segmentation_only-r010-20260818T053927Z,loan_to_approval,3,53,200,16.899400,
segmentation_only,10,2,perf-segmentation_only-r010-20260818T053927Z,loan_to_approval,3,54,200,16.934900,
segmentation_only,10,2,perf-segmentation_only-r010-20260818T053927Z,loan_to_approval,3,55,200,17.181100,
segmentation_only,10,2,perf-segmentation_only-r010-20260818T053927Z,loan_to_approval,3,56,200,15.783900,
segmentation_only,10,2,perf-segmentation_only-r010-20260818T053927Z,loan_to_approval,3,57,200,16.205900,
segmentation_only,10,2,perf-segmentation_only-r010-20260818T053927Z,loan_to_approval,3,58,200,15.510500,
segmentation_only,10,2,perf-segmentation_only-r010-20260818T053927Z,loan_to_approval,3,59,200,15.901300,
segmentation_only,10,2,perf-segmentation_only-r010-20260818T053927Z,loan_to_approval,3,60,200,16.322200,
segmentation_only,10,2,perf-segmentation_only-r010-20260818T053927Z,loan_to_approval,3,61,200,15.696500,
segmentation_only,10,2,perf-segmentation_only-r010-20260818T053927Z,loan_to_approval,3,62,200,16.151500,
segmentation_only,10,2,perf-segmentation_only-r010-20260818T053927Z,loan_to_approval,3,63,200,15.875200,
segmentation_only,10,2,perf-segmentation_only-r010-20260818T053927Z,loan_to_approval,3,64,200,16.011400,
segmentation_only,10,2,perf-segmentation_only-r010-20260818T053927Z,loan_to_approval,3,65,200,16.308600,
segmentation_only,10,2,perf-segmentation_only-r010-20260818T053927Z,loan_to_approval,3,66,200,15.676200,
segmentation_only,10,2,perf-segmentation_only-r010-20260818T053927Z,loan_to_approval,3,67,200,15.905400,
segmentation_only,10,2,perf-segmentation_only-r010-20260818T053927Z,loan_to_approval,3,68,200,18.445500,
segmentation_only,10,2,perf-segmentation_only-r010-20260818T053927Z,loan_to_approval,3,69,200,16.501100,
segmentation_only,10,2,perf-segmentation_only-r010-20260818T053927Z,loan_to_approval,3,70,200,15.939800,
segmentation_only,10,2,perf-segmentation_only-r010-20260818T053927Z,loan_to_approval,3,71,200,15.889500,
segmentation_only,10,2,perf-segmentation_only-r010-20260818T053927Z,loan_to_approval,3,72,200,16.081100,
segmentation_only,10,2,perf-segmentation_only-r010-20260818T053927Z,loan_to_approval,3,73,200,15.695200,
segmentation_only,10,2,perf-segmentation_only-r010-20260818T053927Z,loan_to_approval,3,74,200,16.499600,
segmentation_only,10,2,perf-segmentation_only-r010-20260818T053927Z,loan_to_approval,3,75,200,17.092600,
segmentation_only,10,2,perf-segmentation_only-r010-20260818T053927Z,loan_to_approval,3,76,200,15.663900,
segmentation_only,10,2,perf-segmentation_only-r010-20260818T053927Z,loan_to_approval,3,77,200,16.667600,
segmentation_only,10,2,perf-segmentation_only-r010-20260818T053927Z,loan_to_approval,3,78,200,16.524700,
segmentation_only,10,2,perf-segmentation_only-r010-20260818T053927Z,loan_to_approval,3,79,200,16.935700,
segmentation_only,10,2,perf-segmentation_only-r010-20260818T053927Z,loan_to_approval,3,80,200,15.734500,
segmentation_only,10,2,perf-segmentation_only-r010-20260818T053927Z,loan_to_approval,3,81,200,15.911400,
segmentation_only,10,2,perf-segmentation_only-r010-20260818T053927Z,loan_to_approval,3,82,200,15.417300,
segmentation_only,10,2,perf-segmentation_only-r010-20260818T053927Z,loan_to_approval,3,83,200,17.064500,
segmentation_only,10,2,perf-segmentation_only-r010-20260818T053927Z,loan_to_approval,3,84,200,16.788200,
segmentation_only,10,2,perf-segmentation_only-r010-20260818T053927Z,loan_to_approval,3,85,200,17.068000,
segmentation_only,10,2,perf-segmentation_only-r010-20260818T053927Z,loan_to_approval,3,86,200,16.882900,
segmentation_only,10,2,perf-segmentation_only-r010-20260818T053927Z,loan_to_approval,3,87,200,16.570500,
segmentation_only,10,2,perf-segmentation_only-r010-20260818T053927Z,loan_to_approval,3,88,200,16.058100,
segmentation_only,10,2,perf-segmentation_only-r010-20260818T053927Z,loan_to_approval,3,89,200,16.192600,
segmentation_only,10,2,perf-segmentation_only-r010-20260818T053927Z,loan_to_approval,3,90,200,15.898000,
segmentation_only,10,2,perf-segmentation_only-r010-20260818T053927Z,loan_to_approval,3,91,200,15.660100,
segmentation_only,10,2,perf-segmentation_only-r010-20260818T053927Z,loan_to_approval,3,92,200,16.481500,
segmentation_only,10,2,perf-segmentation_only-r010-20260818T053927Z,loan_to_approval,3,93,200,17.169700,
segmentation_only,10,2,perf-segmentation_only-r010-20260818T053927Z,loan_to_approval,3,94,200,16.957500,
segmentation_only,10,2,perf-segmentation_only-r010-20260818T053927Z,loan_to_approval,3,95,200,15.458200,
segmentation_only,10,2,perf-segmentation_only-r010-20260818T053927Z,loan_to_approval,3,96,200,15.954000,
segmentation_only,10,2,perf-segmentation_only-r010-20260818T053927Z,loan_to_approval,3,97,200,15.941600,
segmentation_only,10,2,perf-segmentation_only-r010-20260818T053927Z,loan_to_approval,3,98,200,16.054300,
segmentation_only,10,2,perf-segmentation_only-r010-20260818T053927Z,loan_to_approval,3,99,200,16.090500,
segmentation_only,10,2,perf-segmentation_only-r010-20260818T053927Z,loan_to_approval,3,100,200,15.919800,
segmentation_only,10,2,perf-segmentation_only-r010-20260818T053927Z,loan_to_approval,3,101,200,15.964300,
segmentation_only,10,2,perf-segmentation_only-r010-20260818T053927Z,loan_to_approval,3,102,200,15.854600,
segmentation_only,10,2,perf-segmentation_only-r010-20260818T053927Z,loan_to_approval,3,103,200,15.133600,
segmentation_only,10,2,perf-segmentation_only-r010-20260818T053927Z,loan_to_approval,3,104,200,14.797500,
segmentation_only,10,2,perf-segmentation_only-r010-20260818T053927Z,loan_to_approval,3,105,200,14.981300,
segmentation_only,10,2,perf-segmentation_only-r010-20260818T053927Z,loan_to_approval,3,106,200,16.548500,
segmentation_only,10,2,perf-segmentation_only-r010-20260818T053927Z,loan_to_approval,3,107,200,15.883200,
segmentation_only,10,2,perf-segmentation_only-r010-20260818T053927Z,loan_to_approval,3,108,200,15.930200,
segmentation_only,10,2,perf-segmentation_only-r010-20260818T053927Z,loan_to_approval,3,109,200,15.977600,
segmentation_only,10,2,perf-segmentation_only-r010-20260818T053927Z,loan_to_approval,3,110,200,16.035600,
segmentation_only,10,2,perf-segmentation_only-r010-20260818T053927Z,loan_to_approval,3,111,200,18.395200,
segmentation_only,10,2,perf-segmentation_only-r010-20260818T053927Z,loan_to_approval,3,112,200,20.382400,
segmentation_only,10,2,perf-segmentation_only-r010-20260818T053927Z,loan_to_approval,3,113,200,18.382500,
segmentation_only,10,2,perf-segmentation_only-r010-20260818T053927Z,loan_to_approval,3,114,200,17.274800,
segmentation_only,10,2,perf-segmentation_only-r010-20260818T053927Z,loan_to_approval,3,115,200,17.640200,
segmentation_only,10,2,perf-segmentation_only-r010-20260818T053927Z,loan_to_approval,3,116,200,18.396300,
segmentation_only,10,2,perf-segmentation_only-r010-20260818T053927Z,loan_to_approval,3,117,200,17.788700,
segmentation_only,10,2,perf-segmentation_only-r010-20260818T053927Z,loan_to_approval,3,118,200,19.099900,
segmentation_only,10,2,perf-segmentation_only-r010-20260818T053927Z,loan_to_approval,3,119,200,18.341200,
segmentation_only,10,2,perf-segmentation_only-r010-20260818T053927Z,loan_to_approval,3,120,200,17.929000,
segmentation_only,10,2,perf-segmentation_only-r010-20260818T053927Z,loan_to_approval,3,121,200,17.415500,
segmentation_only,10,2,perf-segmentation_only-r010-20260818T053927Z,loan_to_approval,3,122,200,16.408700,
segmentation_only,10,2,perf-segmentation_only-r010-20260818T053927Z,loan_to_approval,3,123,200,17.174600,
segmentation_only,10,2,perf-segmentation_only-r010-20260818T053927Z,loan_to_approval,3,124,200,16.305400,
segmentation_only,10,2,perf-segmentation_only-r010-20260818T053927Z,loan_to_approval,3,125,200,16.914500,
segmentation_only,10,2,perf-segmentation_only-r010-20260818T053927Z,loan_to_approval,3,126,200,16.763600,
segmentation_only,10,2,perf-segmentation_only-r010-20260818T053927Z,loan_to_approval,3,127,200,17.032500,
segmentation_only,10,2,perf-segmentation_only-r010-20260818T053927Z,loan_to_approval,3,128,200,17.157400,
segmentation_only,10,2,perf-segmentation_only-r010-20260818T053927Z,loan_to_approval,3,129,200,16.685900,
segmentation_only,10,2,perf-segmentation_only-r010-20260818T053927Z,loan_to_approval,3,130,200,15.736800,
segmentation_only,10,2,perf-segmentation_only-r010-20260818T053927Z,loan_to_approval,3,131,200,15.987200,
segmentation_only,10,2,perf-segmentation_only-r010-20260818T053927Z,loan_to_approval,3,132,200,14.855600,
segmentation_only,10,2,perf-segmentation_only-r010-20260818T053927Z,loan_to_approval,3,133,200,15.286500,
segmentation_only,10,2,perf-segmentation_only-r010-20260818T053927Z,loan_to_approval,3,134,200,16.079400,
segmentation_only,10,2,perf-segmentation_only-r010-20260818T053927Z,loan_to_approval,3,135,200,16.025500,
segmentation_only,10,2,perf-segmentation_only-r010-20260818T053927Z,loan_to_approval,3,136,200,17.061700,
segmentation_only,10,2,perf-segmentation_only-r010-20260818T053927Z,loan_to_approval,3,137,200,16.918800,
segmentation_only,10,2,perf-segmentation_only-r010-20260818T053927Z,loan_to_approval,3,138,200,17.038200,
segmentation_only,10,2,perf-segmentation_only-r010-20260818T053927Z,loan_to_approval,3,139,200,15.528300,
segmentation_only,10,2,perf-segmentation_only-r010-20260818T053927Z,loan_to_approval,3,140,200,15.822100,
segmentation_only,10,2,perf-segmentation_only-r010-20260818T053927Z,loan_to_approval,3,141,200,16.483900,
segmentation_only,10,2,perf-segmentation_only-r010-20260818T053927Z,loan_to_approval,3,142,200,18.337400,
segmentation_only,10,2,perf-segmentation_only-r010-20260818T053927Z,loan_to_approval,3,143,200,17.204200,
segmentation_only,10,2,perf-segmentation_only-r010-20260818T053927Z,loan_to_approval,3,144,200,17.041500,
segmentation_only,10,2,perf-segmentation_only-r010-20260818T053927Z,loan_to_approval,3,145,200,17.888600,
segmentation_only,10,2,perf-segmentation_only-r010-20260818T053927Z,loan_to_approval,3,146,200,17.743300,
segmentation_only,10,2,perf-segmentation_only-r010-20260818T053927Z,loan_to_approval,3,147,200,16.687000,
segmentation_only,10,2,perf-segmentation_only-r010-20260818T053927Z,loan_to_approval,3,148,200,17.523400,
segmentation_only,10,2,perf-segmentation_only-r010-20260818T053927Z,loan_to_approval,3,149,200,16.583400,
segmentation_only,10,2,perf-segmentation_only-r010-20260818T053927Z,loan_to_approval,3,150,200,17.948600,
segmentation_only,10,2,perf-segmentation_only-r010-20260818T053927Z,loan_to_approval,3,151,200,18.317400,
segmentation_only,10,2,perf-segmentation_only-r010-20260818T053927Z,loan_to_approval,3,152,200,20.367700,
segmentation_only,10,2,perf-segmentation_only-r010-20260818T053927Z,loan_to_approval,3,153,200,19.116300,
segmentation_only,10,2,perf-segmentation_only-r010-20260818T053927Z,loan_to_approval,3,154,200,16.914500,
segmentation_only,10,2,perf-segmentation_only-r010-20260818T053927Z,loan_to_approval,3,155,200,18.231500,
segmentation_only,10,2,perf-segmentation_only-r010-20260818T053927Z,loan_to_approval,3,156,200,19.033800,
segmentation_only,10,2,perf-segmentation_only-r010-20260818T053927Z,loan_to_approval,3,157,200,18.900000,
segmentation_only,10,2,perf-segmentation_only-r010-20260818T053927Z,loan_to_approval,3,158,200,21.314800,
segmentation_only,10,2,perf-segmentation_only-r010-20260818T053927Z,loan_to_approval,3,159,200,16.551300,
segmentation_only,10,2,perf-segmentation_only-r010-20260818T053927Z,loan_to_approval,3,160,200,18.229400,
segmentation_only,10,2,perf-segmentation_only-r010-20260818T053927Z,loan_to_approval,3,161,200,17.539700,
segmentation_only,10,2,perf-segmentation_only-r010-20260818T053927Z,loan_to_approval,3,162,200,21.866800,
segmentation_only,10,2,perf-segmentation_only-r010-20260818T053927Z,loan_to_approval,3,163,200,19.665600,
segmentation_only,10,2,perf-segmentation_only-r010-20260818T053927Z,loan_to_approval,3,164,200,16.761600,
segmentation_only,10,2,perf-segmentation_only-r010-20260818T053927Z,loan_to_approval,3,165,200,16.450800,
segmentation_only,10,2,perf-segmentation_only-r010-20260818T053927Z,loan_to_approval,3,166,200,16.175100,
segmentation_only,10,2,perf-segmentation_only-r010-20260818T053927Z,loan_to_approval,3,167,200,16.096400,
segmentation_only,10,2,perf-segmentation_only-r010-20260818T053927Z,loan_to_approval,3,168,200,16.823900,
segmentation_only,10,2,perf-segmentation_only-r010-20260818T053927Z,loan_to_approval,3,169,200,15.901000,
segmentation_only,10,2,perf-segmentation_only-r010-20260818T053927Z,loan_to_approval,3,170,200,17.183700,
segmentation_only,10,2,perf-segmentation_only-r010-20260818T053927Z,loan_to_approval,3,171,200,20.193800,
segmentation_only,10,2,perf-segmentation_only-r010-20260818T053927Z,loan_to_approval,3,172,200,19.022600,
segmentation_only,10,2,perf-segmentation_only-r010-20260818T053927Z,loan_to_approval,3,173,200,16.496900,
segmentation_only,10,2,perf-segmentation_only-r010-20260818T053927Z,loan_to_approval,3,174,200,18.052000,
segmentation_only,10,2,perf-segmentation_only-r010-20260818T053927Z,loan_to_approval,3,175,200,16.912300,
segmentation_only,10,2,perf-segmentation_only-r010-20260818T053927Z,loan_to_approval,3,176,200,15.945700,
segmentation_only,10,2,perf-segmentation_only-r010-20260818T053927Z,loan_to_approval,3,177,200,15.803100,
segmentation_only,10,2,perf-segmentation_only-r010-20260818T053927Z,loan_to_approval,3,178,200,16.257700,
segmentation_only,10,2,perf-segmentation_only-r010-20260818T053927Z,loan_to_approval,3,179,200,17.826000,
segmentation_only,10,2,perf-segmentation_only-r010-20260818T053927Z,loan_to_approval,3,180,200,17.187500,
segmentation_only,10,2,perf-segmentation_only-r010-20260818T053927Z,loan_to_approval,3,181,200,16.837200,
segmentation_only,10,2,perf-segmentation_only-r010-20260818T053927Z,loan_to_approval,3,182,200,16.231200,
segmentation_only,10,2,perf-segmentation_only-r010-20260818T053927Z,loan_to_approval,3,183,200,16.268700,
segmentation_only,10,2,perf-segmentation_only-r010-20260818T053927Z,loan_to_approval,3,184,200,16.540000,
segmentation_only,10,2,perf-segmentation_only-r010-20260818T053927Z,loan_to_approval,3,185,200,15.958900,
segmentation_only,10,2,perf-segmentation_only-r010-20260818T053927Z,loan_to_approval,3,186,200,15.989100,
segmentation_only,10,2,perf-segmentation_only-r010-20260818T053927Z,loan_to_approval,3,187,200,16.658900,
segmentation_only,10,2,perf-segmentation_only-r010-20260818T053927Z,loan_to_approval,3,188,200,20.558800,
segmentation_only,10,2,perf-segmentation_only-r010-20260818T053927Z,loan_to_approval,3,189,200,16.742100,
segmentation_only,10,2,perf-segmentation_only-r010-20260818T053927Z,loan_to_approval,3,190,200,16.094000,
segmentation_only,10,2,perf-segmentation_only-r010-20260818T053927Z,loan_to_approval,3,191,200,15.607200,
segmentation_only,10,2,perf-segmentation_only-r010-20260818T053927Z,loan_to_approval,3,192,200,16.033900,
segmentation_only,10,2,perf-segmentation_only-r010-20260818T053927Z,loan_to_approval,3,193,200,16.077500,
segmentation_only,10,2,perf-segmentation_only-r010-20260818T053927Z,loan_to_approval,3,194,200,15.907100,
segmentation_only,10,2,perf-segmentation_only-r010-20260818T053927Z,loan_to_approval,3,195,200,15.881800,
segmentation_only,10,2,perf-segmentation_only-r010-20260818T053927Z,loan_to_approval,3,196,200,16.143700,
segmentation_only,10,2,perf-segmentation_only-r010-20260818T053927Z,loan_to_approval,3,197,200,15.882300,
segmentation_only,10,2,perf-segmentation_only-r010-20260818T053927Z,loan_to_approval,3,198,200,15.850900,
segmentation_only,10,2,perf-segmentation_only-r010-20260818T053927Z,loan_to_approval,3,199,200,14.881200,
segmentation_only,10,2,perf-segmentation_only-r010-20260818T053927Z,loan_to_approval,3,200,200,16.429900,
