mode,round_id,order_position,experiment_run_id,flow,batch_id,request_id,status_code,latency_ms,error
policy_only,10,1,perf-policy_only-r010-20260818T025746Z,loan_to_customer,1,1,200,14.750800,
policy_only,10,1,perf-policy_only-r010-20260818T025746Z,loan_to_customer,1,2,200,14.124100,
policy_only,10,1,perf-policy_only-r010-20260818T025746Z,loan_to_customer,1,3,200,13.790700,
policy_only,10,1,perf-policy_only-r010-20260818T025746Z,loan_to_customer,1,4,200,14.010800,
policy_only,10,1,perf-policy_only-r010-20260818T025746Z,loan_to_customer,1,5,200,13.783700,
policy_only,10,1,perf-policy_only-r010-20260818T025746Z,loan_to_customer,1,6,200,13.695800,
policy_only,10,1,perf-policy_only-r010-20260818T025746Z,loan_to_customer,1,7,200,13.604500,
policy_only,10,1,perf-policy_only-r010-20260818T025746Z,loan_to_customer,1,8,200,13.942000,
policy_only,10,1,perf-policy_only-r010-20260818T025746Z,loan_to_customer,1,9,200,14.071000,
policy_only,10,1,perf-policy_only-r010-20260818T025746Z,loan_to_customer,1,10,200,13.742000,
policy_only,10,1,perf-policy_only-r010-20260818T025746Z,loan_to_customer,1,11,200,14.338400,
policy_only,10,1,perf-policy_only-r010-20260818T025746Z,loan_to_customer,1,12,200,13.698000,
policy_only,10,1,perf-policy_only-r010-20260818T025746Z,loan_to_customer,1,13,200,14.197200,
policy_only,10,1,perf-policy_only-r010-20260818T025746Z,loan_to_customer,1,14,200,14.247000,
policy_only,10,1,perf-policy_only-r010-20260818T025746Z,loan_to_customer,1,15,200,13.531500,
policy_only,10,1,perf-policy_only-r010-20260818T025746Z,loan_to_customer,1,16,200,13.964100,
policy_only,10,1,perf-policy_only-r010-20260818T025746Z,loan_to_customer,1,17,200,13.860900,
policy_only,10,1,perf-policy_only-r010-20260818T025746Z,loan_to_customer,1,18,200,14.560900,
policy_only,10,1,perf-policy_only-r010-20260818T025746Z,loan_to_customer,1,19,200,13.607000,
policy_only,10,1,perf-policy_only-r010-20260818T025746Z,loan_to_customer,1,20,200,13.904800,
policy_only,10,1,perf-policy_only-r010-20260818T025746Z,loan_to_customer,1,21,200,14.405400,
policy_only,10,1,perf-policy_only-r010-20260818T025746Z,loan_to_customer,1,22,200,13.819900,
policy_only,10,1,perf-policy_only-r010-20260818T025746Z,loan_to_customer,1,23,200,13.855000,
policy_only,10,1,perf-policy_only-r010-20260818T025746Z,loan_to_customer,1,24,200,15.920900,
policy_only,10,1,perf-policy_only-r010-20260818T025746Z,loan_to_customer,1,25,200,14.898200,
policy_only,10,1,perf-policy_only-r010-20260818T025746Z,loan_to_customer,1,26,200,14.292800,
policy_only,10,1,perf-policy_only-r010-20260818T025746Z,loan_to_customer,1,27,200,14.429600,
policy_only,10,1,perf-policy_only-r010-20260818T025746Z,loan_to_customer,1,28,200,13.593700,
policy_only,10,1,perf-policy_only-r010-20260818T025746Z,loan_to_customer,1,29,200,13.978700,
policy_only,10,1,perf-policy_only-r010-20260818T025746Z,loan_to_customer,1,30,200,15.044700,
policy_only,10,1,perf-policy_only-r010-20260818T025746Z,loan_to_customer,1,31,200,14.700300,
policy_only,10,1,perf-policy_only-r010-20260818T025746Z,loan_to_customer,1,32,200,14.671100,
policy_only,10,1,perf-policy_only-r010-20260818T025746Z,loan_to_customer,1,33,200,14.032700,
policy_only,10,1,perf-policy_only-r010-20260818T025746Z,loan_to_customer,1,34,200,13.889300,
policy_only,10,1,perf-policy_only-r010-20260818T025746Z,loan_to_customer,1,35,200,13.566200,
policy_only,10,1,perf-policy_only-r010-20260818T025746Z,loan_to_customer,1,36,200,13.996900,
policy_only,10,1,perf-policy_only-r010-20260818T025746Z,loan_to_customer,1,37,200,14.869400,
policy_only,10,1,perf-policy_only-r010-20260818T025746Z,loan_to_customer,1,38,200,14.782400,
policy_only,10,1,perf-policy_only-r010-20260818T025746Z,loan_to_customer,1,39,200,13.850600,
policy_only,10,1,perf-policy_only-r010-20260818T025746Z,loan_to_customer,1,40,200,14.183600,
policy_only,10,1,perf-policy_only-r010-20260818T025746Z,loan_to_customer,1,41,200,14.008500,
policy_only,10,1,perf-policy_only-r010-20260818T025746Z,loan_to_customer,1,42,200,13.987600,
policy_only,10,1,perf-policy_only-r010-20260818T025746Z,loan_to_customer,1,43,200,14.066200,
policy_only,10,1,perf-policy_only-r010-20260818T025746Z,loan_to_customer,1,44,200,13.877400,
policy_only,10,1,perf-policy_only-r010-20260818T025746Z,loan_to_customer,1,45,200,13.875500,
policy_only,10,1,perf-policy_only-r010-20260818T025746Z,loan_to_customer,1,46,200,13.850800,
policy_only,10,1,perf-policy_only-r010-20260818T025746Z,loan_to_customer,1,47,200,14.345100,
policy_only,10,1,perf-policy_only-r010-20260818T025746Z,loan_to_customer,1,48,200,13.972600,
policy_only,10,1,perf-policy_only-r010-20260818T025746Z,loan_to_customer,1,49,200,14.732700,
policy_only,10,1,perf-policy_only-r010-20260818T025746Z,loan_to_customer,1,50,200,13.752000,
policy_only,10,1,perf-policy_only-r010-20260818T025746Z,loan_to_customer,1,51,200,14.515500,
policy_only,10,1,perf-policy_only-r010-20260818T025746Z,loan_to_customer,1,52,200,14.303100,
policy_only,10,1,perf-policy_only-r010-20260818T025746Z,loan_to_customer,1,53,200,14.545200,
policy_only,10,1,perf-policy_only-r010-20260818T025746Z,loan_to_customer,1,54,200,14.109400,
policy_only,10,1,perf-policy_only-r010-20260818T025746Z,loan_to_customer,1,55,200,13.629800,
policy_only,10,1,perf-policy_only-r010-20260818T025746Z,loan_to_customer,1,56,200,13.644900,
policy_only,10,1,perf-policy_only-r010-20260818T025746Z,loan_to_customer,1,57,200,13.853500,
policy_only,10,1,perf-policy_only-r010-20260818T025746Z,loan_to_customer,1,58,200,14.547500,
policy_only,10,1,perf-policy_only-r010-20260818T025746Z,loan_to_customer,1,59,200,15.083100,
policy_only,10,1,perf-policy_only-r010-20260818T025746Z,loan_to_customer,1,60,200,14.391500,
policy_only,10,1,perf-policy_only-r010-20260818T025746Z,loan_to_customer,1,61,200,14.030100,
policy_only,10,1,perf-policy_only-r010-20260818T025746Z,loan_to_customer,1,62,200,13.754800,
policy_only,10,1,perf-policy_only-r010-20260818T025746Z,loan_to_customer,1,63,200,14.311400,
policy_only,10,1,perf-policy_only-r010-20260818T025746Z,loan_to_customer,1,64,200,13.576800,
policy_only,10,1,perf-policy_only-r010-20260818T025746Z,loan_to_customer,1,65,200,13.785900,
policy_only,10,1,perf-policy_only-r010-20260818T025746Z,loan_to_customer,1,66,200,13.981700,
policy_only,10,1,perf-policy_only-r010-20260818T025746Z,loan_to_customer,1,67,200,13.980400,
policy_only,10,1,perf-policy_only-r010-20260818T025746Z,loan_to_customer,1,68,200,14.122200,
policy_only,10,1,perf-policy_only-r010-20260818T025746Z,loan_to_customer,1,69,200,14.304500,
policy_only,10,1,perf-policy_only-r010-20260818T025746Z,loan_to_customer,1,70,200,13.914100,
policy_only,10,1,perf-policy_only-r010-20260818T025746Z,loan_to_customer,1,71,200,13.767700,
policy_only,10,1,perf-policy_only-r010-20260818T025746Z,loan_to_customer,1,72,200,14.092600,
policy_only,10,1,perf-policy_only-r010-20260818T025746Z,loan_to_customer,1,73,200,14.572400,
policy_only,10,1,perf-policy_only-r010-20260818T025746Z,loan_to_customer,1,74,200,14.538900,
policy_only,10,1,perf-policy_only-r010-20260818T025746Z,loan_to_customer,1,75,200,14.503800,
policy_only,10,1,perf-policy_only-r010-20260818T025746Z,loan_to_customer,1,76,200,15.077200,
policy_only,10,1,perf-policy_only-r010-20260818T025746Z,loan_to_customer,1,77,200,14.163900,
policy_only,10,1,perf-policy_only-r010-20260818T025746Z,loan_to_customer,1,78,200,13.909200,
policy_only,10,1,perf-policy_only-r010-20260818T025746Z,loan_to_customer,1,79,200,14.314500,
policy_only,10,1,perf-policy_only-r010-20260818T025746Z,loan_to_customer,1,80,200,13.552600,
policy_only,10,1,perf-policy_only-r010-20260818T025746Z,loan_to_customer,1,81,200,13.996800,
policy_only,10,1,perf-policy_only-r010-20260818T025746Z,loan_to_customer,1,82,200,14.321400,
policy_only,10,1,perf-policy_only-r010-20260818T025746Z,loan_to_customer,1,83,200,14.527400,
policy_only,10,1,perf-policy_only-r010-20260818T025746Z,loan_to_customer,1,84,200,13.958600,
policy_only,10,1,perf-policy_only-r010-20260818T025746Z,loan_to_customer,1,85,200,14.299100,
policy_only,10,1,perf-policy_only-r010-20260818T025746Z,loan_to_customer,1,86,200,14.066000,
policy_only,10,1,perf-policy_only-r010-20260818T025746Z,loan_to_customer,1,87,200,13.848000,
policy_only,10,1,perf-policy_only-r010-20260818T025746Z,loan_to_customer,1,88,200,14.525500,
policy_only,10,1,perf-policy_only-r010-20260818T025746Z,loan_to_customer,1,89,200,15.217900,
policy_only,10,1,perf-policy_only-r010-20260818T025746Z,loan_to_customer,1,90,200,15.898000,
policy_only,10,1,perf-policy_only-r010-20260818T025746Z,loan_to_customer,1,91,200,13.472000,
policy_only,10,1,perf-policy_only-r010-20260818T025746Z,loan_to_customer,1,92,200,14.160400,
policy_only,10,1,perf-policy_only-r010-20260818T025746Z,loan_to_customer,1,93,200,14.000300,
policy_only,10,1,perf-policy_only-r010-20260818T025746Z,loan_to_customer,1,94,200,14.514400,
policy_only,10,1,perf-policy_only-r010-20260818T025746Z,loan_to_customer,1,95,200,24.307800,
policy_only,10,1,perf-policy_only-r010-20260818T025746Z,loan_to_customer,1,96,200,14.039900,
policy_only,10,1,perf-policy_only-r010-20260818T025746Z,loan_to_customer,1,97,200,14.291400,
policy_only,10,1,perf-policy_only-r010-20260818T025746Z,loan_to_customer,1,98,200,14.069700,
policy_only,10,1,perf-policy_only-r010-20260818T025746Z,loan_to_customer,1,99,200,14.067900,
policy_only,10,1,perf-policy_only-r010-20260818T025746Z,loan_to_customer,1,100,200,13.967900,
policy_only,10,1,perf-policy_only-r010-20260818T025746Z,loan_to_customer,1,101,200,14.589800,
policy_only,10,1,perf-policy_only-r010-20260818T025746Z,loan_to_customer,1,102,200,13.948100,
policy_only,10,1,perf-policy_only-r010-20260818T025746Z,loan_to_customer,1,103,200,13.959600,
policy_only,10,1,perf-policy_only-r010-20260818T025746Z,loan_to_customer,1,104,200,13.950300,
policy_only,10,1,perf-policy_only-r010-20260818T025746Z,loan_to_customer,1,105,200,14.347000,
policy_only,10,1,perf-policy_only-r010-20260818T025746Z,loan_to_customer,1,106,200,14.260700,
policy_only,10,1,perf-policy_only-r010-20260818T025746Z,loan_to_customer,1,107,200,14.205300,
policy_only,10,1,perf-policy_only-r010-20260818T025746Z,loan_to_customer,1,108,200,13.958800,
policy_only,10,1,perf-policy_only-r010-20260818T025746Z,loan_to_customer,1,109,200,13.830400,
policy_only,10,1,perf-policy_only-r010-20260818T025746Z,loan_to_customer,1,110,200,13.826400,
policy_only,10,1,perf-policy_only-r010-20260818T025746Z,loan_to_customer,1,111,200,14.677600,
policy_only,10,1,perf-policy_only-r010-20260818T025746Z,loan_to_customer,1,112,200,14.298900,
policy_only,10,1,perf-policy_only-r010-20260818T025746Z,loan_to_customer,1,113,200,14.564100,
policy_only,10,1,perf-policy_only-r010-20260818T025746Z,loan_to_customer,1,114,200,14.639900,
policy_only,10,1,perf-policy_only-r010-20260818T025746Z,loan_to_customer,1,115,200,14.352000,
policy_only,10,1,perf-policy_only-r010-20260818T025746Z,loan_to_customer,1,116,200,13.833000,
policy_only,10,1,perf-policy_only-r010-20260818T025746Z,loan_to_customer,1,117,200,13.717600,
policy_only,10,1,perf-policy_only-r010-20260818T025746Z,loan_to_customer,1,118,200,14.147600,
policy_only,10,1,perf-policy_only-r010-20260818T025746Z,loan_to_customer,1,119,200,13.341500,
policy_only,10,1,perf-policy_only-r010-20260818T025746Z,loan_to_customer,1,120,200,13.979100,
policy_only,10,1,perf-policy_only-r010-20260818T025746Z,loan_to_customer,1,121,200,14.200400,
policy_only,10,1,perf-policy_only-r010-20260818T025746Z,loan_to_customer,1,122,200,13.841500,
policy_only,10,1,perf-policy_only-r010-20260818T025746Z,loan_to_customer,1,123,200,14.145000,
policy_only,10,1,perf-policy_only-r010-20260818T025746Z,loan_to_customer,1,124,200,14.920600,
policy_only,10,1,perf-policy_only-r010-20260818T025746Z,loan_to_customer,1,125,200,15.529400,
policy_only,10,1,perf-policy_only-r010-20260818T025746Z,loan_to_customer,1,126,200,14.854400,
policy_only,10,1,perf-policy_only-r010-20260818T025746Z,loan_to_customer,1,127,200,14.907100,
policy_only,10,1,perf-policy_only-r010-20260818T025746Z,loan_to_customer,1,128,200,14.371200,
policy_only,10,1,perf-policy_only-r010-20260818T025746Z,loan_to_customer,1,129,200,15.638000,
policy_only,10,1,perf-policy_only-r010-20260818T025746Z,loan_to_customer,1,130,200,14.710100,
policy_only,10,1,perf-policy_only-r010-20260818T025746Z,loan_to_customer,1,131,200,14.018800,
policy_only,10,1,perf-policy_only-r010-20260818T025746Z,loan_to_customer,1,132,200,14.711200,
policy_only,10,1,perf-policy_only-r010-20260818T025746Z,loan_to_customer,1,133,200,14.313900,
policy_only,10,1,perf-policy_only-r010-20260818T025746Z,loan_to_customer,1,134,200,15.090700,
policy_only,10,1,perf-policy_only-r010-20260818T025746Z,loan_to_customer,1,135,200,14.736800,
policy_only,10,1,perf-policy_only-r010-20260818T025746Z,loan_to_customer,1,136,200,15.640500,
policy_only,10,1,perf-policy_only-r010-20260818T025746Z,loan_to_customer,1,137,200,14.880100,
policy_only,10,1,perf-policy_only-r010-20260818T025746Z,loan_to_customer,1,138,200,14.738400,
policy_only,10,1,perf-policy_only-r010-20260818T025746Z,loan_to_customer,1,139,200,14.216500,
policy_only,10,1,perf-policy_only-r010-20260818T025746Z,loan_to_customer,1,140,200,14.547400,
policy_only,10,1,perf-policy_only-r010-20260818T025746Z,loan_to_customer,1,141,200,16.493800,
policy_only,10,1,perf-policy_only-r010-20260818T025746Z,loan_to_customer,1,142,200,15.743200,
policy_only,10,1,perf-policy_only-r010-20260818T025746Z,loan_to_customer,1,143,200,15.676000,
policy_only,10,1,perf-policy_only-r010-20260818T025746Z,loan_to_customer,1,144,200,15.480200,
policy_only,10,1,perf-policy_only-r010-20260818T025746Z,loan_to_customer,1,145,200,16.711800,
policy_only,10,1,perf-policy_only-r010-20260818T025746Z,loan_to_customer,1,146,200,15.927200,
policy_only,10,1,perf-policy_only-r010-20260818T025746Z,loan_to_customer,1,147,200,16.344500,
policy_only,10,1,perf-policy_only-r010-20260818T025746Z,loan_to_customer,1,148,200,16.649200,
policy_only,10,1,perf-policy_only-r010-20260818T025746Z,loan_to_customer,1,149,200,15.911100,
policy_only,10,1,perf-policy_only-r010-20260818T025746Z,loan_to_customer,1,150,200,15.405800,
policy_only,10,1,perf-policy_only-r010-20260818T025746Z,loan_to_customer,1,151,200,15.894100,
policy_only,10,1,perf-policy_only-r010-20260818T025746Z,loan_to_customer,1,152,200,15.692600,
policy_only,10,1,perf-policy_only-r010-20260818T025746Z,loan_to_customer,1,153,200,16.201300,
policy_only,10,1,perf-policy_only-r010-20260818T025746Z,loan_to_customer,1,154,200,16.078700,
policy_only,10,1,perf-policy_only-r010-20260818T025746Z,loan_to_customer,1,155,200,16.660700,
policy_only,10,1,perf-policy_only-r010-20260818T025746Z,loan_to_customer,1,156,200,16.414100,
policy_only,10,1,perf-policy_only-r010-20260818T025746Z,loan_to_customer,1,157,200,15.342600,
policy_only,10,1,perf-policy_only-r010-20260818T025746Z,loan_to_customer,1,158,200,15.461500,
policy_only,10,1,perf-policy_only-r010-20260818T025746Z,loan_to_customer,1,159,200,16.026100,
policy_only,10,1,perf-policy_only-r010-20260818T025746Z,loan_to_customer,1,160,200,16.288000,
policy_only,10,1,perf-policy_only-r010-20260818T025746Z,loan_to_customer,1,161,200,15.358600,
policy_only,10,1,perf-policy_only-r010-20260818T025746Z,loan_to_customer,1,162,200,15.949600,
policy_only,10,1,perf-policy_only-r010-20260818T025746Z,loan_to_customer,1,163,200,15.858200,
policy_only,10,1,perf-policy_only-r010-20260818T025746Z,loan_to_customer,1,164,200,15.877500,
policy_only,10,1,perf-policy_only-r010-20260818T025746Z,loan_to_customer,1,165,200,15.886100,
policy_only,10,1,perf-policy_only-r010-20260818T025746Z,loan_to_customer,1,166,200,15.768500,
policy_only,10,1,perf-policy_only-r010-20260818T025746Z,loan_to_customer,1,167,200,15.867800,
policy_only,10,1,perf-policy_only-r010-20260818T025746Z,loan_to_customer,1,168,200,15.752200,
policy_only,10,1,perf-policy_only-r010-20260818T025746Z,loan_to_customer,1,169,200,15.018700,
policy_only,10,1,perf-policy_only-r010-20260818T025746Z,loan_to_customer,1,170,200,14.890300,
policy_only,10,1,perf-policy_only-r010-20260818T025746Z,loan_to_customer,1,171,200,15.025100,
policy_only,10,1,perf-policy_only-r010-20260818T025746Z,loan_to_customer,1,172,200,15.157900,
policy_only,10,1,perf-policy_only-r010-20260818T025746Z,loan_to_customer,1,173,200,15.526200,
policy_only,10,1,perf-policy_only-r010-20260818T025746Z,loan_to_customer,1,174,200,14.500100,
policy_only,10,1,perf-policy_only-r010-20260818T025746Z,loan_to_customer,1,175,200,14.515500,
policy_only,10,1,perf-policy_only-r010-20260818T025746Z,loan_to_customer,1,176,200,14.406200,
policy_only,10,1,perf-policy_only-r010-20260818T025746Z,loan_to_customer,1,177,200,13.714300,
policy_only,10,1,perf-policy_only-r010-20260818T025746Z,loan_to_customer,1,178,200,13.921200,
policy_only,10,1,perf-policy_only-r010-20260818T025746Z,loan_to_customer,1,179,200,14.293600,
policy_only,10,1,perf-policy_only-r010-20260818T025746Z,loan_to_customer,1,180,200,14.972000,
policy_only,10,1,perf-policy_only-r010-20260818T025746Z,loan_to_customer,1,181,200,14.302300,
policy_only,10,1,perf-policy_only-r010-20260818T025746Z,loan_to_customer,1,182,200,13.969500,
policy_only,10,1,perf-policy_only-r010-20260818T025746Z,loan_to_customer,1,183,200,14.288800,
policy_only,10,1,perf-policy_only-r010-20260818T025746Z,loan_to_customer,1,184,200,13.907400,
policy_only,10,1,perf-policy_only-r010-20260818T025746Z,loan_to_customer,1,185,200,13.894000,
policy_only,10,1,perf-policy_only-r010-20260818T025746Z,loan_to_customer,1,186,200,13.855900,
policy_only,10,1,perf-policy_only-r010-20260818T025746Z,loan_to_customer,1,187,200,14.133200,
policy_only,10,1,perf-policy_only-r010-20260818T025746Z,loan_to_customer,1,188,200,14.452900,
policy_only,10,1,perf-policy_only-r010-20260818T025746Z,loan_to_customer,1,189,200,14.053700,
policy_only,10,1,perf-policy_only-r010-20260818T025746Z,loan_to_customer,1,190,200,13.928900,
policy_only,10,1,perf-policy_only-r010-20260818T025746Z,loan_to_customer,1,191,200,15.032300,
policy_only,10,1,perf-policy_only-r010-20260818T025746Z,loan_to_customer,1,192,200,13.854300,
policy_only,10,1,perf-policy_only-r010-20260818T025746Z,loan_to_customer,1,193,200,14.428400,
policy_only,10,1,perf-policy_only-r010-20260818T025746Z,loan_to_customer,1,194,200,13.985700,
policy_only,10,1,perf-policy_only-r010-20260818T025746Z,loan_to_customer,1,195,200,14.169200,
policy_only,10,1,perf-policy_only-r010-20260818T025746Z,loan_to_customer,1,196,200,14.659900,
policy_only,10,1,perf-policy_only-r010-20260818T025746Z,loan_to_customer,1,197,200,14.933700,
policy_only,10,1,perf-policy_only-r010-20260818T025746Z,loan_to_customer,1,198,200,14.656800,
policy_only,10,1,perf-policy_only-r010-20260818T025746Z,loan_to_customer,1,199,200,13.868000,
policy_only,10,1,perf-policy_only-r010-20260818T025746Z,loan_to_customer,1,200,200,13.413700,
policy_only,10,1,perf-policy_only-r010-20260818T025746Z,loan_to_customer,2,1,200,14.575900,
policy_only,10,1,perf-policy_only-r010-20260818T025746Z,loan_to_customer,2,2,200,14.512000,
policy_only,10,1,perf-policy_only-r010-20260818T025746Z,loan_to_customer,2,3,200,14.107600,
policy_only,10,1,perf-policy_only-r010-20260818T025746Z,loan_to_customer,2,4,200,14.518100,
policy_only,10,1,perf-policy_only-r010-20260818T025746Z,loan_to_customer,2,5,200,13.692300,
policy_only,10,1,perf-policy_only-r010-20260818T025746Z,loan_to_customer,2,6,200,14.030000,
policy_only,10,1,perf-policy_only-r010-20260818T025746Z,loan_to_customer,2,7,200,14.386900,
policy_only,10,1,perf-policy_only-r010-20260818T025746Z,loan_to_customer,2,8,200,13.579400,
policy_only,10,1,perf-policy_only-r010-20260818T025746Z,loan_to_customer,2,9,200,13.814900,
policy_only,10,1,perf-policy_only-r010-20260818T025746Z,loan_to_customer,2,10,200,14.071600,
policy_only,10,1,perf-policy_only-r010-20260818T025746Z,loan_to_customer,2,11,200,13.989200,
policy_only,10,1,perf-policy_only-r010-20260818T025746Z,loan_to_customer,2,12,200,13.350600,
policy_only,10,1,perf-policy_only-r010-20260818T025746Z,loan_to_customer,2,13,200,13.723000,
policy_only,10,1,perf-policy_only-r010-20260818T025746Z,loan_to_customer,2,14,200,14.454900,
policy_only,10,1,perf-policy_only-r010-20260818T025746Z,loan_to_customer,2,15,200,14.406300,
policy_only,10,1,perf-policy_only-r010-20260818T025746Z,loan_to_customer,2,16,200,14.019000,
policy_only,10,1,perf-policy_only-r010-20260818T025746Z,loan_to_customer,2,17,200,14.207300,
policy_only,10,1,perf-policy_only-r010-20260818T025746Z,loan_to_customer,2,18,200,14.294400,
policy_only,10,1,perf-policy_only-r010-20260818T025746Z,loan_to_customer,2,19,200,13.677100,
policy_only,10,1,perf-policy_only-r010-20260818T025746Z,loan_to_customer,2,20,200,14.232300,
policy_only,10,1,perf-policy_only-r010-20260818T025746Z,loan_to_customer,2,21,200,14.756800,
policy_only,10,1,perf-policy_only-r010-20260818T025746Z,loan_to_customer,2,22,200,16.739300,
policy_only,10,1,perf-policy_only-r010-20260818T025746Z,loan_to_customer,2,23,200,16.442000,
policy_only,10,1,perf-policy_only-r010-20260818T025746Z,loan_to_customer,2,24,200,17.961400,
policy_only,10,1,perf-policy_only-r010-20260818T025746Z,loan_to_customer,2,25,200,18.623700,
policy_only,10,1,perf-policy_only-r010-20260818T025746Z,loan_to_customer,2,26,200,18.396600,
policy_only,10,1,perf-policy_only-r010-20260818T025746Z,loan_to_customer,2,27,200,18.579200,
policy_only,10,1,perf-policy_only-r010-20260818T025746Z,loan_to_customer,2,28,200,18.822900,
policy_only,10,1,perf-policy_only-r010-20260818T025746Z,loan_to_customer,2,29,200,17.888300,
policy_only,10,1,perf-policy_only-r010-20260818T025746Z,loan_to_customer,2,30,200,16.151400,
policy_only,10,1,perf-policy_only-r010-20260818T025746Z,loan_to_customer,2,31,200,14.796000,
policy_only,10,1,perf-policy_only-r010-20260818T025746Z,loan_to_customer,2,32,200,14.988400,
policy_only,10,1,perf-policy_only-r010-20260818T025746Z,loan_to_customer,2,33,200,14.725200,
policy_only,10,1,perf-policy_only-r010-20260818T025746Z,loan_to_customer,2,34,200,15.741900,
policy_only,10,1,perf-policy_only-r010-20260818T025746Z,loan_to_customer,2,35,200,15.182800,
policy_only,10,1,perf-policy_only-r010-20260818T025746Z,loan_to_customer,2,36,200,14.898800,
policy_only,10,1,perf-policy_only-r010-20260818T025746Z,loan_to_customer,2,37,200,14.998200,
policy_only,10,1,perf-policy_only-r010-20260818T025746Z,loan_to_customer,2,38,200,15.488100,
policy_only,10,1,perf-policy_only-r010-20260818T025746Z,loan_to_customer,2,39,200,15.317900,
policy_only,10,1,perf-policy_only-r010-20260818T025746Z,loan_to_customer,2,40,200,15.500400,
policy_only,10,1,perf-policy_only-r010-20260818T025746Z,loan_to_customer,2,41,200,16.840800,
policy_only,10,1,perf-policy_only-r010-20260818T025746Z,loan_to_customer,2,42,200,15.883600,
policy_only,10,1,perf-policy_only-r010-20260818T025746Z,loan_to_customer,2,43,200,14.376500,
policy_only,10,1,perf-policy_only-r010-20260818T025746Z,loan_to_customer,2,44,200,13.820500,
policy_only,10,1,perf-policy_only-r010-20260818T025746Z,loan_to_customer,2,45,200,13.480800,
policy_only,10,1,perf-policy_only-r010-20260818T025746Z,loan_to_customer,2,46,200,13.982600,
policy_only,10,1,perf-policy_only-r010-20260818T025746Z,loan_to_customer,2,47,200,15.479800,
policy_only,10,1,perf-policy_only-r010-20260818T025746Z,loan_to_customer,2,48,200,14.920600,
policy_only,10,1,perf-policy_only-r010-20260818T025746Z,loan_to_customer,2,49,200,14.745000,
policy_only,10,1,perf-policy_only-r010-20260818T025746Z,loan_to_customer,2,50,200,15.167800,
policy_only,10,1,perf-policy_only-r010-20260818T025746Z,loan_to_customer,2,51,200,14.491700,
policy_only,10,1,perf-policy_only-r010-20260818T025746Z,loan_to_customer,2,52,200,15.491800,
policy_only,10,1,perf-policy_only-r010-20260818T025746Z,loan_to_customer,2,53,200,13.597900,
policy_only,10,1,perf-policy_only-r010-20260818T025746Z,loan_to_customer,2,54,200,14.303100,
policy_only,10,1,perf-policy_only-r010-20260818T025746Z,loan_to_customer,2,55,200,14.177000,
policy_only,10,1,perf-policy_only-r010-20260818T025746Z,loan_to_customer,2,56,200,14.108100,
policy_only,10,1,perf-policy_only-r010-20260818T025746Z,loan_to_customer,2,57,200,14.753800,
policy_only,10,1,perf-policy_only-r010-20260818T025746Z,loan_to_customer,2,58,200,14.100900,
policy_only,10,1,perf-policy_only-r010-20260818T025746Z,loan_to_customer,2,59,200,14.252700,
policy_only,10,1,perf-policy_only-r010-20260818T025746Z,loan_to_customer,2,60,200,14.014200,
policy_only,10,1,perf-policy_only-r010-20260818T025746Z,loan_to_customer,2,61,200,14.793000,
policy_only,10,1,perf-policy_only-r010-20260818T025746Z,loan_to_customer,2,62,200,15.053800,
policy_only,10,1,perf-policy_only-r010-20260818T025746Z,loan_to_customer,2,63,200,14.922700,
policy_only,10,1,perf-policy_only-r010-20260818T025746Z,loan_to_customer,2,64,200,16.082600,
policy_only,10,1,perf-policy_only-r010-20260818T025746Z,loan_to_customer,2,65,200,15.073400,
policy_only,10,1,perf-policy_only-r010-20260818T025746Z,loan_to_customer,2,66,200,17.062000,
policy_only,10,1,perf-policy_only-r010-20260818T025746Z,loan_to_customer,2,67,200,15.961100,
policy_only,10,1,perf-policy_only-r010-20260818T025746Z,loan_to_customer,2,68,200,19.044700,
policy_only,10,1,perf-policy_only-r010-20260818T025746Z,loan_to_customer,2,69,200,16.952600,
policy_only,10,1,perf-policy_only-r010-20260818T025746Z,loan_to_customer,2,70,200,15.973300,
policy_only,10,1,perf-policy_only-r010-20260818T025746Z,loan_to_customer,2,71,200,16.656000,
policy_only,10,1,perf-policy_only-r010-20260818T025746Z,loan_to_customer,2,72,200,15.172400,
policy_only,10,1,perf-policy_only-r010-20260818T025746Z,loan_to_customer,2,73,200,13.897200,
policy_only,10,1,perf-policy_only-r010-20260818T025746Z,loan_to_customer,2,74,200,14.316200,
policy_only,10,1,perf-policy_only-r010-20260818T025746Z,loan_to_customer,2,75,200,14.657300,
policy_only,10,1,perf-policy_only-r010-20260818T025746Z,loan_to_customer,2,76,200,14.465400,
policy_only,10,1,perf-policy_only-r010-20260818T025746Z,loan_to_customer,2,77,200,15.063400,
policy_only,10,1,perf-policy_only-r010-20260818T025746Z,loan_to_customer,2,78,200,14.860900,
policy_only,10,1,perf-policy_only-r010-20260818T025746Z,loan_to_customer,2,79,200,14.627800,
policy_only,10,1,perf-policy_only-r010-20260818T025746Z,loan_to_customer,2,80,200,14.352200,
policy_only,10,1,perf-policy_only-r010-20260818T025746Z,loan_to_customer,2,81,200,14.598500,
policy_only,10,1,perf-policy_only-r010-20260818T025746Z,loan_to_customer,2,82,200,14.969800,
policy_only,10,1,perf-policy_only-r010-20260818T025746Z,loan_to_customer,2,83,200,16.858700,
policy_only,10,1,perf-policy_only-r010-20260818T025746Z,loan_to_customer,2,84,200,17.708200,
policy_only,10,1,perf-policy_only-r010-20260818T025746Z,loan_to_customer,2,85,200,15.037700,
policy_only,10,1,perf-policy_only-r010-20260818T025746Z,loan_to_customer,2,86,200,14.560300,
policy_only,10,1,perf-policy_only-r010-20260818T025746Z,loan_to_customer,2,87,200,14.607700,
policy_only,10,1,perf-policy_only-r010-20260818T025746Z,loan_to_customer,2,88,200,14.470600,
policy_only,10,1,perf-policy_only-r010-20260818T025746Z,loan_to_customer,2,89,200,14.118400,
policy_only,10,1,perf-policy_only-r010-20260818T025746Z,loan_to_customer,2,90,200,14.075100,
policy_only,10,1,perf-policy_only-r010-20260818T025746Z,loan_to_customer,2,91,200,14.014900,
policy_only,10,1,perf-policy_only-r010-20260818T025746Z,loan_to_customer,2,92,200,14.339100,
policy_only,10,1,perf-policy_only-r010-20260818T025746Z,loan_to_customer,2,93,200,14.009000,
policy_only,10,1,perf-policy_only-r010-20260818T025746Z,loan_to_customer,2,94,200,14.248800,
policy_only,10,1,perf-policy_only-r010-20260818T025746Z,loan_to_customer,2,95,200,14.142800,
policy_only,10,1,perf-policy_only-r010-20260818T025746Z,loan_to_customer,2,96,200,15.758900,
policy_only,10,1,perf-policy_only-r010-20260818T025746Z,loan_to_customer,2,97,200,14.967000,
policy_only,10,1,perf-policy_only-r010-20260818T025746Z,loan_to_customer,2,98,200,15.157700,
policy_only,10,1,perf-policy_only-r010-20260818T025746Z,loan_to_customer,2,99,200,14.131200,
policy_only,10,1,perf-policy_only-r010-20260818T025746Z,loan_to_customer,2,100,200,14.216900,
policy_only,10,1,perf-policy_only-r010-20260818T025746Z,loan_to_customer,2,101,200,14.474400,
policy_only,10,1,perf-policy_only-r010-20260818T025746Z,loan_to_customer,2,102,200,13.986400,
policy_only,10,1,perf-policy_only-r010-20260818T025746Z,loan_to_customer,2,103,200,14.627300,
policy_only,10,1,perf-policy_only-r010-20260818T025746Z,loan_to_customer,2,104,200,14.149700,
policy_only,10,1,perf-policy_only-r010-20260818T025746Z,loan_to_customer,2,105,200,14.059100,
policy_only,10,1,perf-policy_only-r010-20260818T025746Z,loan_to_customer,2,106,200,13.884100,
policy_only,10,1,perf-policy_only-r010-20260818T025746Z,loan_to_customer,2,107,200,14.603800,
policy_only,10,1,perf-policy_only-r010-20260818T025746Z,loan_to_customer,2,108,200,14.310300,
policy_only,10,1,perf-policy_only-r010-20260818T025746Z,loan_to_customer,2,109,200,14.472700,
policy_only,10,1,perf-policy_only-r010-20260818T025746Z,loan_to_customer,2,110,200,13.667300,
policy_only,10,1,perf-policy_only-r010-20260818T025746Z,loan_to_customer,2,111,200,14.342500,
policy_only,10,1,perf-policy_only-r010-20260818T025746Z,loan_to_customer,2,112,200,14.867700,
policy_only,10,1,perf-policy_only-r010-20260818T025746Z,loan_to_customer,2,113,200,14.228800,
policy_only,10,1,perf-policy_only-r010-20260818T025746Z,loan_to_customer,2,114,200,14.017000,
policy_only,10,1,perf-policy_only-r010-20260818T025746Z,loan_to_customer,2,115,200,14.031200,
policy_only,10,1,perf-policy_only-r010-20260818T025746Z,loan_to_customer,2,116,200,14.068600,
policy_only,10,1,perf-policy_only-r010-20260818T025746Z,loan_to_customer,2,117,200,14.829200,
policy_only,10,1,perf-policy_only-r010-20260818T025746Z,loan_to_customer,2,118,200,14.263500,
policy_only,10,1,perf-policy_only-r010-20260818T025746Z,loan_to_customer,2,119,200,14.243200,
policy_only,10,1,perf-policy_only-r010-20260818T025746Z,loan_to_customer,2,120,200,14.200700,
policy_only,10,1,perf-policy_only-r010-20260818T025746Z,loan_to_customer,2,121,200,14.100100,
policy_only,10,1,perf-policy_only-r010-20260818T025746Z,loan_to_customer,2,122,200,13.893100,
policy_only,10,1,perf-policy_only-r010-20260818T025746Z,loan_to_customer,2,123,200,13.812800,
policy_only,10,1,perf-policy_only-r010-20260818T025746Z,loan_to_customer,2,124,200,14.700500,
policy_only,10,1,perf-policy_only-r010-20260818T025746Z,loan_to_customer,2,125,200,14.540500,
policy_only,10,1,perf-policy_only-r010-20260818T025746Z,loan_to_customer,2,126,200,14.781700,
policy_only,10,1,perf-policy_only-r010-20260818T025746Z,loan_to_customer,2,127,200,13.977100,
policy_only,10,1,perf-policy_only-r010-20260818T025746Z,loan_to_customer,2,128,200,14.187400,
policy_only,10,1,perf-policy_only-r010-20260818T025746Z,loan_to_customer,2,129,200,14.942300,
policy_only,10,1,perf-policy_only-r010-20260818T025746Z,loan_to_customer,2,130,200,14.245500,
policy_only,10,1,perf-policy_only-r010-20260818T025746Z,loan_to_customer,2,131,200,14.535100,
policy_only,10,1,perf-policy_only-r010-20260818T025746Z,loan_to_customer,2,132,200,15.944600,
policy_only,10,1,perf-policy_only-r010-20260818T025746Z,loan_to_customer,2,133,200,14.620700,
policy_only,10,1,perf-policy_only-r010-20260818T025746Z,loan_to_customer,2,134,200,15.227500,
policy_only,10,1,perf-policy_only-r010-20260818T025746Z,loan_to_customer,2,135,200,14.685200,
policy_only,10,1,perf-policy_only-r010-20260818T025746Z,loan_to_customer,2,136,200,15.304100,
policy_only,10,1,perf-policy_only-r010-20260818T025746Z,loan_to_customer,2,137,200,14.938000,
policy_only,10,1,perf-policy_only-r010-20260818T025746Z,loan_to_customer,2,138,200,14.656400,
policy_only,10,1,perf-policy_only-r010-20260818T025746Z,loan_to_customer,2,139,200,14.352100,
policy_only,10,1,perf-policy_only-r010-20260818T025746Z,loan_to_customer,2,140,200,14.331100,
policy_only,10,1,perf-policy_only-r010-20260818T025746Z,loan_to_customer,2,141,200,14.313200,
policy_only,10,1,perf-policy_only-r010-20260818T025746Z,loan_to_customer,2,142,200,14.110600,
policy_only,10,1,perf-policy_only-r010-20260818T025746Z,loan_to_customer,2,143,200,13.779400,
policy_only,10,1,perf-policy_only-r010-20260818T025746Z,loan_to_customer,2,144,200,14.014400,
policy_only,10,1,perf-policy_only-r010-20260818T025746Z,loan_to_customer,2,145,200,14.299700,
policy_only,10,1,perf-policy_only-r010-20260818T025746Z,loan_to_customer,2,146,200,13.805400,
policy_only,10,1,perf-policy_only-r010-20260818T025746Z,loan_to_customer,2,147,200,14.091700,
policy_only,10,1,perf-policy_only-r010-20260818T025746Z,loan_to_customer,2,148,200,14.001900,
policy_only,10,1,perf-policy_only-r010-20260818T025746Z,loan_to_customer,2,149,200,14.108800,
policy_only,10,1,perf-policy_only-r010-20260818T025746Z,loan_to_customer,2,150,200,14.019800,
policy_only,10,1,perf-policy_only-r010-20260818T025746Z,loan_to_customer,2,151,200,14.461000,
policy_only,10,1,perf-policy_only-r010-20260818T025746Z,loan_to_customer,2,152,200,14.719400,
policy_only,10,1,perf-policy_only-r010-20260818T025746Z,loan_to_customer,2,153,200,13.813000,
policy_only,10,1,perf-policy_only-r010-20260818T025746Z,loan_to_customer,2,154,200,14.057500,
policy_only,10,1,perf-policy_only-r010-20260818T025746Z,loan_to_customer,2,155,200,13.846700,
policy_only,10,1,perf-policy_only-r010-20260818T025746Z,loan_to_customer,2,156,200,13.405300,
policy_only,10,1,perf-policy_only-r010-20260818T025746Z,loan_to_customer,2,157,200,14.241800,
policy_only,10,1,perf-policy_only-r010-20260818T025746Z,loan_to_customer,2,158,200,14.362800,
policy_only,10,1,perf-policy_only-r010-20260818T025746Z,loan_to_customer,2,159,200,13.467400,
policy_only,10,1,perf-policy_only-r010-20260818T025746Z,loan_to_customer,2,160,200,14.676800,
policy_only,10,1,perf-policy_only-r010-20260818T025746Z,loan_to_customer,2,161,200,13.790900,
policy_only,10,1,perf-policy_only-r010-20260818T025746Z,loan_to_customer,2,162,200,13.762900,
policy_only,10,1,perf-policy_only-r010-20260818T025746Z,loan_to_customer,2,163,200,13.764000,
policy_only,10,1,perf-policy_only-r010-20260818T025746Z,loan_to_customer,2,164,200,13.899100,
policy_only,10,1,perf-policy_only-r010-20260818T025746Z,loan_to_customer,2,165,200,13.714400,
policy_only,10,1,perf-policy_only-r010-20260818T025746Z,loan_to_customer,2,166,200,15.651200,
policy_only,10,1,perf-policy_only-r010-20260818T025746Z,loan_to_customer,2,167,200,18.561000,
policy_only,10,1,perf-policy_only-r010-20260818T025746Z,loan_to_customer,2,168,200,16.175900,
policy_only,10,1,perf-policy_only-r010-20260818T025746Z,loan_to_customer,2,169,200,16.523400,
policy_only,10,1,perf-policy_only-r010-20260818T025746Z,loan_to_customer,2,170,200,16.312200,
policy_only,10,1,perf-policy_only-r010-20260818T025746Z,loan_to_customer,2,171,200,16.024000,
policy_only,10,1,perf-policy_only-r010-20260818T025746Z,loan_to_customer,2,172,200,15.832000,
policy_only,10,1,perf-policy_only-r010-20260818T025746Z,loan_to_customer,2,173,200,15.004700,
policy_only,10,1,perf-policy_only-r010-20260818T025746Z,loan_to_customer,2,174,200,14.857100,
policy_only,10,1,perf-policy_only-r010-20260818T025746Z,loan_to_customer,2,175,200,15.108200,
policy_only,10,1,perf-policy_only-r010-20260818T025746Z,loan_to_customer,2,176,200,14.807300,
policy_only,10,1,perf-policy_only-r010-20260818T025746Z,loan_to_customer,2,177,200,15.263600,
policy_only,10,1,perf-policy_only-r010-20260818T025746Z,loan_to_customer,2,178,200,14.063400,
policy_only,10,1,perf-policy_only-r010-20260818T025746Z,loan_to_customer,2,179,200,14.862600,
policy_only,10,1,perf-policy_only-r010-20260818T025746Z,loan_to_customer,2,180,200,13.842500,
policy_only,10,1,perf-policy_only-r010-20260818T025746Z,loan_to_customer,2,181,200,14.274800,
policy_only,10,1,perf-policy_only-r010-20260818T025746Z,loan_to_customer,2,182,200,13.792400,
policy_only,10,1,perf-policy_only-r010-20260818T025746Z,loan_to_customer,2,183,200,13.783200,
policy_only,10,1,perf-policy_only-r010-20260818T025746Z,loan_to_customer,2,184,200,14.553200,
policy_only,10,1,perf-policy_only-r010-20260818T025746Z,loan_to_customer,2,185,200,13.819800,
policy_only,10,1,perf-policy_only-r010-20260818T025746Z,loan_to_customer,2,186,200,13.514200,
policy_only,10,1,perf-policy_only-r010-20260818T025746Z,loan_to_customer,2,187,200,13.838600,
policy_only,10,1,perf-policy_only-r010-20260818T025746Z,loan_to_customer,2,188,200,13.807400,
policy_only,10,1,perf-policy_only-r010-20260818T025746Z,loan_to_customer,2,189,200,13.772000,
policy_only,10,1,perf-policy_only-r010-20260818T025746Z,loan_to_customer,2,190,200,13.720700,
policy_only,10,1,perf-policy_only-r010-20260818T025746Z,loan_to_customer,2,191,200,14.249600,
policy_only,10,1,perf-policy_only-r010-20260818T025746Z,loan_to_customer,2,192,200,13.591400,
policy_only,10,1,perf-policy_only-r010-20260818T025746Z,loan_to_customer,2,193,200,13.844700,
policy_only,10,1,perf-policy_only-r010-20260818T025746Z,loan_to_customer,2,194,200,13.983800,
policy_only,10,1,perf-policy_only-r010-20260818T025746Z,loan_to_customer,2,195,200,14.132700,
policy_only,10,1,perf-policy_only-r010-20260818T025746Z,loan_to_customer,2,196,200,14.130100,
policy_only,10,1,perf-policy_only-r010-20260818T025746Z,loan_to_customer,2,197,200,13.672200,
policy_only,10,1,perf-policy_only-r010-20260818T025746Z,loan_to_customer,2,198,200,14.697200,
policy_only,10,1,perf-policy_only-r010-20260818T025746Z,loan_to_customer,2,199,200,14.332400,
policy_only,10,1,perf-policy_only-r010-20260818T025746Z,loan_to_customer,2,200,200,13.466100,
policy_only,10,1,perf-policy_only-r010-20260818T025746Z,loan_to_customer,3,1,200,14.726400,
policy_only,10,1,perf-policy_only-r010-20260818T025746Z,loan_to_customer,3,2,200,14.216700,
policy_only,10,1,perf-policy_only-r010-20260818T025746Z,loan_to_customer,3,3,200,14.339800,
policy_only,10,1,perf-policy_only-r010-20260818T025746Z,loan_to_customer,3,4,200,14.310400,
policy_only,10,1,perf-policy_only-r010-20260818T025746Z,loan_to_customer,3,5,200,14.150400,
policy_only,10,1,perf-policy_only-r010-20260818T025746Z,loan_to_customer,3,6,200,14.221500,
policy_only,10,1,perf-policy_only-r010-20260818T025746Z,loan_to_customer,3,7,200,15.049100,
policy_only,10,1,perf-policy_only-r010-20260818T025746Z,loan_to_customer,3,8,200,14.888100,
policy_only,10,1,perf-policy_only-r010-20260818T025746Z,loan_to_customer,3,9,200,14.891200,
policy_only,10,1,perf-policy_only-r010-20260818T025746Z,loan_to_customer,3,10,200,14.985000,
policy_only,10,1,perf-policy_only-r010-20260818T025746Z,loan_to_customer,3,11,200,14.959400,
policy_only,10,1,perf-policy_only-r010-20260818T025746Z,loan_to_customer,3,12,200,15.230600,
policy_only,10,1,perf-policy_only-r010-20260818T025746Z,loan_to_customer,3,13,200,14.108400,
policy_only,10,1,perf-policy_only-r010-20260818T025746Z,loan_to_customer,3,14,200,14.327900,
policy_only,10,1,perf-policy_only-r010-20260818T025746Z,loan_to_customer,3,15,200,13.870700,
policy_only,10,1,perf-policy_only-r010-20260818T025746Z,loan_to_customer,3,16,200,13.980700,
policy_only,10,1,perf-policy_only-r010-20260818T025746Z,loan_to_customer,3,17,200,14.082600,
policy_only,10,1,perf-policy_only-r010-20260818T025746Z,loan_to_customer,3,18,200,14.009900,
policy_only,10,1,perf-policy_only-r010-20260818T025746Z,loan_to_customer,3,19,200,13.931600,
policy_only,10,1,perf-policy_only-r010-20260818T025746Z,loan_to_customer,3,20,200,14.314000,
policy_only,10,1,perf-policy_only-r010-20260818T025746Z,loan_to_customer,3,21,200,13.915900,
policy_only,10,1,perf-policy_only-r010-20260818T025746Z,loan_to_customer,3,22,200,13.680200,
policy_only,10,1,perf-policy_only-r010-20260818T025746Z,loan_to_customer,3,23,200,13.395900,
policy_only,10,1,perf-policy_only-r010-20260818T025746Z,loan_to_customer,3,24,200,13.680600,
policy_only,10,1,perf-policy_only-r010-20260818T025746Z,loan_to_customer,3,25,200,13.781300,
policy_only,10,1,perf-policy_only-r010-20260818T025746Z,loan_to_customer,3,26,200,14.050300,
policy_only,10,1,perf-policy_only-r010-20260818T025746Z,loan_to_customer,3,27,200,14.059900,
policy_only,10,1,perf-policy_only-r010-20260818T025746Z,loan_to_customer,3,28,200,14.330600,
policy_only,10,1,perf-policy_only-r010-20260818T025746Z,loan_to_customer,3,29,200,13.352300,
policy_only,10,1,perf-policy_only-r010-20260818T025746Z,loan_to_customer,3,30,200,14.018300,
policy_only,10,1,perf-policy_only-r010-20260818T025746Z,loan_to_customer,3,31,200,13.759400,
policy_only,10,1,perf-policy_only-r010-20260818T025746Z,loan_to_customer,3,32,200,14.150700,
policy_only,10,1,perf-policy_only-r010-20260818T025746Z,loan_to_customer,3,33,200,14.721500,
policy_only,10,1,perf-policy_only-r010-20260818T025746Z,loan_to_customer,3,34,200,14.362500,
policy_only,10,1,perf-policy_only-r010-20260818T025746Z,loan_to_customer,3,35,200,14.317200,
policy_only,10,1,perf-policy_only-r010-20260818T025746Z,loan_to_customer,3,36,200,14.116000,
policy_only,10,1,perf-policy_only-r010-20260818T025746Z,loan_to_customer,3,37,200,14.262900,
policy_only,10,1,perf-policy_only-r010-20260818T025746Z,loan_to_customer,3,38,200,13.821500,
policy_only,10,1,perf-policy_only-r010-20260818T025746Z,loan_to_customer,3,39,200,15.022100,
policy_only,10,1,perf-policy_only-r010-20260818T025746Z,loan_to_customer,3,40,200,14.756500,
policy_only,10,1,perf-policy_only-r010-20260818T025746Z,loan_to_customer,3,41,200,14.334200,
policy_only,10,1,perf-policy_only-r010-20260818T025746Z,loan_to_customer,3,42,200,14.328000,
policy_only,10,1,perf-policy_only-r010-20260818T025746Z,loan_to_customer,3,43,200,14.768100,
policy_only,10,1,perf-policy_only-r010-20260818T025746Z,loan_to_customer,3,44,200,13.651900,
policy_only,10,1,perf-policy_only-r010-20260818T025746Z,loan_to_customer,3,45,200,14.060100,
policy_only,10,1,perf-policy_only-r010-20260818T025746Z,loan_to_customer,3,46,200,13.771700,
policy_only,10,1,perf-policy_only-r010-20260818T025746Z,loan_to_customer,3,47,200,14.178200,
policy_only,10,1,perf-policy_only-r010-20260818T025746Z,loan_to_customer,3,48,200,14.422700,
policy_only,10,1,perf-policy_only-r010-20260818T025746Z,loan_to_customer,3,49,200,14.179600,
policy_only,10,1,perf-policy_only-r010-20260818T025746Z,loan_to_customer,3,50,200,14.033000,
policy_only,10,1,perf-policy_only-r010-20260818T025746Z,loan_to_customer,3,51,200,13.528900,
policy_only,10,1,perf-policy_only-r010-20260818T025746Z,loan_to_customer,3,52,200,14.340000,
policy_only,10,1,perf-policy_only-r010-20260818T025746Z,loan_to_customer,3,53,200,14.292400,
policy_only,10,1,perf-policy_only-r010-20260818T025746Z,loan_to_customer,3,54,200,13.864400,
policy_only,10,1,perf-policy_only-r010-20260818T025746Z,loan_to_customer,3,55,200,13.872700,
policy_only,10,1,perf-policy_only-r010-20260818T025746Z,loan_to_customer,3,56,200,14.274800,
policy_only,10,1,perf-policy_only-r010-20260818T025746Z,loan_to_customer,3,57,200,14.455100,
policy_only,10,1,perf-policy_only-r010-20260818T025746Z,loan_to_customer,3,58,200,13.906900,
policy_only,10,1,perf-policy_only-r010-20260818T025746Z,loan_to_customer,3,59,200,13.875400,
policy_only,10,1,perf-policy_only-r010-20260818T025746Z,loan_to_customer,3,60,200,14.410700,
policy_only,10,1,perf-policy_only-r010-20260818T025746Z,loan_to_customer,3,61,200,14.118700,
policy_only,10,1,perf-policy_only-r010-20260818T025746Z,loan_to_customer,3,62,200,14.166900,
policy_only,10,1,perf-policy_only-r010-20260818T025746Z,loan_to_customer,3,63,200,13.959400,
policy_only,10,1,perf-policy_only-r010-20260818T025746Z,loan_to_customer,3,64,200,13.879100,
policy_only,10,1,perf-policy_only-r010-20260818T025746Z,loan_to_customer,3,65,200,13.336100,
policy_only,10,1,perf-policy_only-r010-20260818T025746Z,loan_to_customer,3,66,200,13.521400,
policy_only,10,1,perf-policy_only-r010-20260818T025746Z,loan_to_customer,3,67,200,13.956700,
policy_only,10,1,perf-policy_only-r010-20260818T025746Z,loan_to_customer,3,68,200,14.057600,
policy_only,10,1,perf-policy_only-r010-20260818T025746Z,loan_to_customer,3,69,200,14.173600,
policy_only,10,1,perf-policy_only-r010-20260818T025746Z,loan_to_customer,3,70,200,14.106100,
policy_only,10,1,perf-policy_only-r010-20260818T025746Z,loan_to_customer,3,71,200,14.146900,
policy_only,10,1,perf-policy_only-r010-20260818T025746Z,loan_to_customer,3,72,200,14.050500,
policy_only,10,1,perf-policy_only-r010-20260818T025746Z,loan_to_customer,3,73,200,14.007400,
policy_only,10,1,perf-policy_only-r010-20260818T025746Z,loan_to_customer,3,74,200,13.894400,
policy_only,10,1,perf-policy_only-r010-20260818T025746Z,loan_to_customer,3,75,200,13.944700,
policy_only,10,1,perf-policy_only-r010-20260818T025746Z,loan_to_customer,3,76,200,13.751900,
policy_only,10,1,perf-policy_only-r010-20260818T025746Z,loan_to_customer,3,77,200,14.202600,
policy_only,10,1,perf-policy_only-r010-20260818T025746Z,loan_to_customer,3,78,200,14.352300,
policy_only,10,1,perf-policy_only-r010-20260818T025746Z,loan_to_customer,3,79,200,14.101000,
policy_only,10,1,perf-policy_only-r010-20260818T025746Z,loan_to_customer,3,80,200,14.625200,
policy_only,10,1,perf-policy_only-r010-20260818T025746Z,loan_to_customer,3,81,200,14.242900,
policy_only,10,1,perf-policy_only-r010-20260818T025746Z,loan_to_customer,3,82,200,14.999600,
policy_only,10,1,perf-policy_only-r010-20260818T025746Z,loan_to_customer,3,83,200,14.340400,
policy_only,10,1,perf-policy_only-r010-20260818T025746Z,loan_to_customer,3,84,200,14.412900,
policy_only,10,1,perf-policy_only-r010-20260818T025746Z,loan_to_customer,3,85,200,14.911000,
policy_only,10,1,perf-policy_only-r010-20260818T025746Z,loan_to_customer,3,86,200,13.945000,
policy_only,10,1,perf-policy_only-r010-20260818T025746Z,loan_to_customer,3,87,200,13.718900,
policy_only,10,1,perf-policy_only-r010-20260818T025746Z,loan_to_customer,3,88,200,13.878600,
policy_only,10,1,perf-policy_only-r010-20260818T025746Z,loan_to_customer,3,89,200,13.577900,
policy_only,10,1,perf-policy_only-r010-20260818T025746Z,loan_to_customer,3,90,200,13.860200,
policy_only,10,1,perf-policy_only-r010-20260818T025746Z,loan_to_customer,3,91,200,14.234800,
policy_only,10,1,perf-policy_only-r010-20260818T025746Z,loan_to_customer,3,92,200,14.859100,
policy_only,10,1,perf-policy_only-r010-20260818T025746Z,loan_to_customer,3,93,200,13.812300,
policy_only,10,1,perf-policy_only-r010-20260818T025746Z,loan_to_customer,3,94,200,13.817200,
policy_only,10,1,perf-policy_only-r010-20260818T025746Z,loan_to_customer,3,95,200,14.035600,
policy_only,10,1,perf-policy_only-r010-20260818T025746Z,loan_to_customer,3,96,200,13.725400,
policy_only,10,1,perf-policy_only-r010-20260818T025746Z,loan_to_customer,3,97,200,13.743600,
policy_only,10,1,perf-policy_only-r010-20260818T025746Z,loan_to_customer,3,98,200,13.738500,
policy_only,10,1,perf-policy_only-r010-20260818T025746Z,loan_to_customer,3,99,200,14.501700,
policy_only,10,1,perf-policy_only-r010-20260818T025746Z,loan_to_customer,3,100,200,14.477000,
policy_only,10,1,perf-policy_only-r010-20260818T025746Z,loan_to_customer,3,101,200,14.077900,
policy_only,10,1,perf-policy_only-r010-20260818T025746Z,loan_to_customer,3,102,200,14.868000,
policy_only,10,1,perf-policy_only-r010-20260818T025746Z,loan_to_customer,3,103,200,14.306200,
policy_only,10,1,perf-policy_only-r010-20260818T025746Z,loan_to_customer,3,104,200,13.874300,
policy_only,10,1,perf-policy_only-r010-20260818T025746Z,loan_to_customer,3,105,200,13.961100,
policy_only,10,1,perf-policy_only-r010-20260818T025746Z,loan_to_customer,3,106,200,14.481800,
policy_only,10,1,perf-policy_only-r010-20260818T025746Z,loan_to_customer,3,107,200,14.266500,
policy_only,10,1,perf-policy_only-r010-20260818T025746Z,loan_to_customer,3,108,200,14.866400,
policy_only,10,1,perf-policy_only-r010-20260818T025746Z,loan_to_customer,3,109,200,13.703000,
policy_only,10,1,perf-policy_only-r010-20260818T025746Z,loan_to_customer,3,110,200,13.946600,
policy_only,10,1,perf-policy_only-r010-20260818T025746Z,loan_to_customer,3,111,200,14.655900,
policy_only,10,1,perf-policy_only-r010-20260818T025746Z,loan_to_customer,3,112,200,13.626400,
policy_only,10,1,perf-policy_only-r010-20260818T025746Z,loan_to_customer,3,113,200,14.105200,
policy_only,10,1,perf-policy_only-r010-20260818T025746Z,loan_to_customer,3,114,200,14.416700,
policy_only,10,1,perf-policy_only-r010-20260818T025746Z,loan_to_customer,3,115,200,14.420700,
policy_only,10,1,perf-policy_only-r010-20260818T025746Z,loan_to_customer,3,116,200,14.430700,
policy_only,10,1,perf-policy_only-r010-20260818T025746Z,loan_to_customer,3,117,200,14.268800,
policy_only,10,1,perf-policy_only-r010-20260818T025746Z,loan_to_customer,3,118,200,14.341000,
policy_only,10,1,perf-policy_only-r010-20260818T025746Z,loan_to_customer,3,119,200,13.939600,
policy_only,10,1,perf-policy_only-r010-20260818T025746Z,loan_to_customer,3,120,200,14.286400,
policy_only,10,1,perf-policy_only-r010-20260818T025746Z,loan_to_customer,3,121,200,14.058700,
policy_only,10,1,perf-policy_only-r010-20260818T025746Z,loan_to_customer,3,122,200,14.085500,
policy_only,10,1,perf-policy_only-r010-20260818T025746Z,loan_to_customer,3,123,200,13.978100,
policy_only,10,1,perf-policy_only-r010-20260818T025746Z,loan_to_customer,3,124,200,14.595200,
policy_only,10,1,perf-policy_only-r010-20260818T025746Z,loan_to_customer,3,125,200,14.639200,
policy_only,10,1,perf-policy_only-r010-20260818T025746Z,loan_to_customer,3,126,200,14.106400,
policy_only,10,1,perf-policy_only-r010-20260818T025746Z,loan_to_customer,3,127,200,13.897600,
policy_only,10,1,perf-policy_only-r010-20260818T025746Z,loan_to_customer,3,128,200,14.243800,
policy_only,10,1,perf-policy_only-r010-20260818T025746Z,loan_to_customer,3,129,200,14.834200,
policy_only,10,1,perf-policy_only-r010-20260818T025746Z,loan_to_customer,3,130,200,14.743700,
policy_only,10,1,perf-policy_only-r010-20260818T025746Z,loan_to_customer,3,131,200,14.649400,
policy_only,10,1,perf-policy_only-r010-20260818T025746Z,loan_to_customer,3,132,200,13.921000,
policy_only,10,1,perf-policy_only-r010-20260818T025746Z,loan_to_customer,3,133,200,14.148900,
policy_only,10,1,perf-policy_only-r010-20260818T025746Z,loan_to_customer,3,134,200,13.679600,
policy_only,10,1,perf-policy_only-r010-20260818T025746Z,loan_to_customer,3,135,200,13.952000,
policy_only,10,1,perf-policy_only-r010-20260818T025746Z,loan_to_customer,3,136,200,14.387300,
policy_only,10,1,perf-policy_only-r010-20260818T025746Z,loan_to_customer,3,137,200,14.174700,
policy_only,10,1,perf-policy_only-r010-20260818T025746Z,loan_to_customer,3,138,200,14.284100,
policy_only,10,1,perf-policy_only-r010-20260818T025746Z,loan_to_customer,3,139,200,14.211400,
policy_only,10,1,perf-policy_only-r010-20260818T025746Z,loan_to_customer,3,140,200,14.114900,
policy_only,10,1,perf-policy_only-r010-20260818T025746Z,loan_to_customer,3,141,200,14.349800,
policy_only,10,1,perf-policy_only-r010-20260818T025746Z,loan_to_customer,3,142,200,14.079600,
policy_only,10,1,perf-policy_only-r010-20260818T025746Z,loan_to_customer,3,143,200,13.898400,
policy_only,10,1,perf-policy_only-r010-20260818T025746Z,loan_to_customer,3,144,200,14.499300,
policy_only,10,1,perf-policy_only-r010-20260818T025746Z,loan_to_customer,3,145,200,13.682900,
policy_only,10,1,perf-policy_only-r010-20260818T025746Z,loan_to_customer,3,146,200,14.228800,
policy_only,10,1,perf-policy_only-r010-20260818T025746Z,loan_to_customer,3,147,200,14.277100,
policy_only,10,1,perf-policy_only-r010-20260818T025746Z,loan_to_customer,3,148,200,13.877100,
policy_only,10,1,perf-policy_only-r010-20260818T025746Z,loan_to_customer,3,149,200,13.993300,
policy_only,10,1,perf-policy_only-r010-20260818T025746Z,loan_to_customer,3,150,200,14.090900,
policy_only,10,1,perf-policy_only-r010-20260818T025746Z,loan_to_customer,3,151,200,14.347600,
policy_only,10,1,perf-policy_only-r010-20260818T025746Z,loan_to_customer,3,152,200,15.454300,
policy_only,10,1,perf-policy_only-r010-20260818T025746Z,loan_to_customer,3,153,200,15.100700,
policy_only,10,1,perf-policy_only-r010-20260818T025746Z,loan_to_customer,3,154,200,15.278400,
policy_only,10,1,perf-policy_only-r010-20260818T025746Z,loan_to_customer,3,155,200,15.291500,
policy_only,10,1,perf-policy_only-r010-20260818T025746Z,loan_to_customer,3,156,200,14.823400,
policy_only,10,1,perf-policy_only-r010-20260818T025746Z,loan_to_customer,3,157,200,15.039900,
policy_only,10,1,perf-policy_only-r010-20260818T025746Z,loan_to_customer,3,158,200,15.706700,
policy_only,10,1,perf-policy_only-r010-20260818T025746Z,loan_to_customer,3,159,200,15.459000,
policy_only,10,1,perf-policy_only-r010-20260818T025746Z,loan_to_customer,3,160,200,14.766200,
policy_only,10,1,perf-policy_only-r010-20260818T025746Z,loan_to_customer,3,161,200,14.189900,
policy_only,10,1,perf-policy_only-r010-20260818T025746Z,loan_to_customer,3,162,200,13.779300,
policy_only,10,1,perf-policy_only-r010-20260818T025746Z,loan_to_customer,3,163,200,14.278200,
policy_only,10,1,perf-policy_only-r010-20260818T025746Z,loan_to_customer,3,164,200,14.424200,
policy_only,10,1,perf-policy_only-r010-20260818T025746Z,loan_to_customer,3,165,200,13.881600,
policy_only,10,1,perf-policy_only-r010-20260818T025746Z,loan_to_customer,3,166,200,13.985300,
policy_only,10,1,perf-policy_only-r010-20260818T025746Z,loan_to_customer,3,167,200,13.824000,
policy_only,10,1,perf-policy_only-r010-20260818T025746Z,loan_to_customer,3,168,200,13.694100,
policy_only,10,1,perf-policy_only-r010-20260818T025746Z,loan_to_customer,3,169,200,14.482300,
policy_only,10,1,perf-policy_only-r010-20260818T025746Z,loan_to_customer,3,170,200,14.059400,
policy_only,10,1,perf-policy_only-r010-20260818T025746Z,loan_to_customer,3,171,200,13.492600,
policy_only,10,1,perf-policy_only-r010-20260818T025746Z,loan_to_customer,3,172,200,16.024800,
policy_only,10,1,perf-policy_only-r010-20260818T025746Z,loan_to_customer,3,173,200,14.789400,
policy_only,10,1,perf-policy_only-r010-20260818T025746Z,loan_to_customer,3,174,200,15.645900,
policy_only,10,1,perf-policy_only-r010-20260818T025746Z,loan_to_customer,3,175,200,13.952800,
policy_only,10,1,perf-policy_only-r010-20260818T025746Z,loan_to_customer,3,176,200,15.675200,
policy_only,10,1,perf-policy_only-r010-20260818T025746Z,loan_to_customer,3,177,200,13.919800,
policy_only,10,1,perf-policy_only-r010-20260818T025746Z,loan_to_customer,3,178,200,13.710800,
policy_only,10,1,perf-policy_only-r010-20260818T025746Z,loan_to_customer,3,179,200,14.638600,
policy_only,10,1,perf-policy_only-r010-20260818T025746Z,loan_to_customer,3,180,200,14.718700,
policy_only,10,1,perf-policy_only-r010-20260818T025746Z,loan_to_customer,3,181,200,14.954800,
policy_only,10,1,perf-policy_only-r010-20260818T025746Z,loan_to_customer,3,182,200,15.198300,
policy_only,10,1,perf-policy_only-r010-20260818T025746Z,loan_to_customer,3,183,200,14.169900,
policy_only,10,1,perf-policy_only-r010-20260818T025746Z,loan_to_customer,3,184,200,14.404500,
policy_only,10,1,perf-policy_only-r010-20260818T025746Z,loan_to_customer,3,185,200,14.624500,
policy_only,10,1,perf-policy_only-r010-20260818T025746Z,loan_to_customer,3,186,200,14.790200,
policy_only,10,1,perf-policy_only-r010-20260818T025746Z,loan_to_customer,3,187,200,15.015600,
policy_only,10,1,perf-policy_only-r010-20260818T025746Z,loan_to_customer,3,188,200,15.421000,
policy_only,10,1,perf-policy_only-r010-20260818T025746Z,loan_to_customer,3,189,200,15.875400,
policy_only,10,1,perf-policy_only-r010-20260818T025746Z,loan_to_customer,3,190,200,15.357800,
policy_only,10,1,perf-policy_only-r010-20260818T025746Z,loan_to_customer,3,191,200,15.297900,
policy_only,10,1,perf-policy_only-r010-20260818T025746Z,loan_to_customer,3,192,200,14.805400,
policy_only,10,1,perf-policy_only-r010-20260818T025746Z,loan_to_customer,3,193,200,15.684000,
policy_only,10,1,perf-policy_only-r010-20260818T025746Z,loan_to_customer,3,194,200,15.919400,
policy_only,10,1,perf-policy_only-r010-20260818T025746Z,loan_to_customer,3,195,200,14.732300,
policy_only,10,1,perf-policy_only-r010-20260818T025746Z,loan_to_customer,3,196,200,14.100500,
policy_only,10,1,perf-policy_only-r010-20260818T025746Z,loan_to_customer,3,197,200,13.780500,
policy_only,10,1,perf-policy_only-r010-20260818T025746Z,loan_to_customer,3,198,200,14.841800,
policy_only,10,1,perf-policy_only-r010-20260818T025746Z,loan_to_customer,3,199,200,14.453100,
policy_only,10,1,perf-policy_only-r010-20260818T025746Z,loan_to_customer,3,200,200,15.503900,
policy_only,10,1,perf-policy_only-r010-20260818T025746Z,loan_to_credit,1,1,200,16.744900,
policy_only,10,1,perf-policy_only-r010-20260818T025746Z,loan_to_credit,1,2,200,16.799600,
policy_only,10,1,perf-policy_only-r010-20260818T025746Z,loan_to_credit,1,3,200,16.017800,
policy_only,10,1,perf-policy_only-r010-20260818T025746Z,loan_to_credit,1,4,200,17.555600,
policy_only,10,1,perf-policy_only-r010-20260818T025746Z,loan_to_credit,1,5,200,17.907300,
policy_only,10,1,perf-policy_only-r010-20260818T025746Z,loan_to_credit,1,6,200,17.340800,
policy_only,10,1,perf-policy_only-r010-20260818T025746Z,loan_to_credit,1,7,200,16.290400,
policy_only,10,1,perf-policy_only-r010-20260818T025746Z,loan_to_credit,1,8,200,17.154300,
policy_only,10,1,perf-policy_only-r010-20260818T025746Z,loan_to_credit,1,9,200,16.401800,
policy_only,10,1,perf-policy_only-r010-20260818T025746Z,loan_to_credit,1,10,200,16.170900,
policy_only,10,1,perf-policy_only-r010-20260818T025746Z,loan_to_credit,1,11,200,16.951600,
policy_only,10,1,perf-policy_only-r010-20260818T025746Z,loan_to_credit,1,12,200,15.693500,
policy_only,10,1,perf-policy_only-r010-20260818T025746Z,loan_to_credit,1,13,200,16.142100,
policy_only,10,1,perf-policy_only-r010-20260818T025746Z,loan_to_credit,1,14,200,16.417100,
policy_only,10,1,perf-policy_only-r010-20260818T025746Z,loan_to_credit,1,15,200,16.808900,
policy_only,10,1,perf-policy_only-r010-20260818T025746Z,loan_to_credit,1,16,200,15.934200,
policy_only,10,1,perf-policy_only-r010-20260818T025746Z,loan_to_credit,1,17,200,15.674700,
policy_only,10,1,perf-policy_only-r010-20260818T025746Z,loan_to_credit,1,18,200,16.065200,
policy_only,10,1,perf-policy_only-r010-20260818T025746Z,loan_to_credit,1,19,200,15.795600,
policy_only,10,1,perf-policy_only-r010-20260818T025746Z,loan_to_credit,1,20,200,16.484000,
policy_only,10,1,perf-policy_only-r010-20260818T025746Z,loan_to_credit,1,21,200,16.802200,
policy_only,10,1,perf-policy_only-r010-20260818T025746Z,loan_to_credit,1,22,200,16.910100,
policy_only,10,1,perf-policy_only-r010-20260818T025746Z,loan_to_credit,1,23,200,18.444700,
policy_only,10,1,perf-policy_only-r010-20260818T025746Z,loan_to_credit,1,24,200,20.755000,
policy_only,10,1,perf-policy_only-r010-20260818T025746Z,loan_to_credit,1,25,200,18.277400,
policy_only,10,1,perf-policy_only-r010-20260818T025746Z,loan_to_credit,1,26,200,18.126100,
policy_only,10,1,perf-policy_only-r010-20260818T025746Z,loan_to_credit,1,27,200,18.792400,
policy_only,10,1,perf-policy_only-r010-20260818T025746Z,loan_to_credit,1,28,200,16.263200,
policy_only,10,1,perf-policy_only-r010-20260818T025746Z,loan_to_credit,1,29,200,16.130600,
policy_only,10,1,perf-policy_only-r010-20260818T025746Z,loan_to_credit,1,30,200,15.999400,
policy_only,10,1,perf-policy_only-r010-20260818T025746Z,loan_to_credit,1,31,200,16.026300,
policy_only,10,1,perf-policy_only-r010-20260818T025746Z,loan_to_credit,1,32,200,17.264300,
policy_only,10,1,perf-policy_only-r010-20260818T025746Z,loan_to_credit,1,33,200,16.828600,
policy_only,10,1,perf-policy_only-r010-20260818T025746Z,loan_to_credit,1,34,200,15.828600,
policy_only,10,1,perf-policy_only-r010-20260818T025746Z,loan_to_credit,1,35,200,15.979400,
policy_only,10,1,perf-policy_only-r010-20260818T025746Z,loan_to_credit,1,36,200,16.789200,
policy_only,10,1,perf-policy_only-r010-20260818T025746Z,loan_to_credit,1,37,200,14.993700,
policy_only,10,1,perf-policy_only-r010-20260818T025746Z,loan_to_credit,1,38,200,16.013100,
policy_only,10,1,perf-policy_only-r010-20260818T025746Z,loan_to_credit,1,39,200,16.048200,
policy_only,10,1,perf-policy_only-r010-20260818T025746Z,loan_to_credit,1,40,200,15.853600,
policy_only,10,1,perf-policy_only-r010-20260818T025746Z,loan_to_credit,1,41,200,16.108200,
policy_only,10,1,perf-policy_only-r010-20260818T025746Z,loan_to_credit,1,42,200,15.926900,
policy_only,10,1,perf-policy_only-r010-20260818T025746Z,loan_to_credit,1,43,200,16.553500,
policy_only,10,1,perf-policy_only-r010-20260818T025746Z,loan_to_credit,1,44,200,17.944700,
policy_only,10,1,perf-policy_only-r010-20260818T025746Z,loan_to_credit,1,45,200,16.434000,
policy_only,10,1,perf-policy_only-r010-20260818T025746Z,loan_to_credit,1,46,200,15.881800,
policy_only,10,1,perf-policy_only-r010-20260818T025746Z,loan_to_credit,1,47,200,16.228100,
policy_only,10,1,perf-policy_only-r010-20260818T025746Z,loan_to_credit,1,48,200,15.770900,
policy_only,10,1,perf-policy_only-r010-20260818T025746Z,loan_to_credit,1,49,200,16.015700,
policy_only,10,1,perf-policy_only-r010-20260818T025746Z,loan_to_credit,1,50,200,15.820000,
policy_only,10,1,perf-policy_only-r010-20260818T025746Z,loan_to_credit,1,51,200,17.015100,
policy_only,10,1,perf-policy_only-r010-20260818T025746Z,loan_to_credit,1,52,200,15.661600,
policy_only,10,1,perf-policy_only-r010-20260818T025746Z,loan_to_credit,1,53,200,16.550200,
policy_only,10,1,perf-policy_only-r010-20260818T025746Z,loan_to_credit,1,54,200,15.584800,
policy_only,10,1,perf-policy_only-r010-20260818T025746Z,loan_to_credit,1,55,200,16.462500,
policy_only,10,1,perf-policy_only-r010-20260818T025746Z,loan_to_credit,1,56,200,16.046000,
policy_only,10,1,perf-policy_only-r010-20260818T025746Z,loan_to_credit,1,57,200,15.876900,
policy_only,10,1,perf-policy_only-r010-20260818T025746Z,loan_to_credit,1,58,200,15.941300,
policy_only,10,1,perf-policy_only-r010-20260818T025746Z,loan_to_credit,1,59,200,20.044500,
policy_only,10,1,perf-policy_only-r010-20260818T025746Z,loan_to_credit,1,60,200,16.177900,
policy_only,10,1,perf-policy_only-r010-20260818T025746Z,loan_to_credit,1,61,200,17.967400,
policy_only,10,1,perf-policy_only-r010-20260818T025746Z,loan_to_credit,1,62,200,16.576300,
policy_only,10,1,perf-policy_only-r010-20260818T025746Z,loan_to_credit,1,63,200,17.178200,
policy_only,10,1,perf-policy_only-r010-20260818T025746Z,loan_to_credit,1,64,200,16.157900,
policy_only,10,1,perf-policy_only-r010-20260818T025746Z,loan_to_credit,1,65,200,17.720700,
policy_only,10,1,perf-policy_only-r010-20260818T025746Z,loan_to_credit,1,66,200,17.118500,
policy_only,10,1,perf-policy_only-r010-20260818T025746Z,loan_to_credit,1,67,200,17.388400,
policy_only,10,1,perf-policy_only-r010-20260818T025746Z,loan_to_credit,1,68,200,16.876700,
policy_only,10,1,perf-policy_only-r010-20260818T025746Z,loan_to_credit,1,69,200,16.934800,
policy_only,10,1,perf-policy_only-r010-20260818T025746Z,loan_to_credit,1,70,200,16.456700,
policy_only,10,1,perf-policy_only-r010-20260818T025746Z,loan_to_credit,1,71,200,16.320000,
policy_only,10,1,perf-policy_only-r010-20260818T025746Z,loan_to_credit,1,72,200,15.610400,
policy_only,10,1,perf-policy_only-r010-20260818T025746Z,loan_to_credit,1,73,200,15.907200,
policy_only,10,1,perf-policy_only-r010-20260818T025746Z,loan_to_credit,1,74,200,16.163200,
policy_only,10,1,perf-policy_only-r010-20260818T025746Z,loan_to_credit,1,75,200,16.044500,
policy_only,10,1,perf-policy_only-r010-20260818T025746Z,loan_to_credit,1,76,200,15.383000,
policy_only,10,1,perf-policy_only-r010-20260818T025746Z,loan_to_credit,1,77,200,15.862300,
policy_only,10,1,perf-policy_only-r010-20260818T025746Z,loan_to_credit,1,78,200,15.531200,
policy_only,10,1,perf-policy_only-r010-20260818T025746Z,loan_to_credit,1,79,200,14.997100,
policy_only,10,1,perf-policy_only-r010-20260818T025746Z,loan_to_credit,1,80,200,15.919400,
policy_only,10,1,perf-policy_only-r010-20260818T025746Z,loan_to_credit,1,81,200,18.215700,
policy_only,10,1,perf-policy_only-r010-20260818T025746Z,loan_to_credit,1,82,200,16.802700,
policy_only,10,1,perf-policy_only-r010-20260818T025746Z,loan_to_credit,1,83,200,16.020300,
policy_only,10,1,perf-policy_only-r010-20260818T025746Z,loan_to_credit,1,84,200,16.235600,
policy_only,10,1,perf-policy_only-r010-20260818T025746Z,loan_to_credit,1,85,200,18.016900,
policy_only,10,1,perf-policy_only-r010-20260818T025746Z,loan_to_credit,1,86,200,16.591700,
policy_only,10,1,perf-policy_only-r010-20260818T025746Z,loan_to_credit,1,87,200,17.290700,
policy_only,10,1,perf-policy_only-r010-20260818T025746Z,loan_to_credit,1,88,200,16.876700,
policy_only,10,1,perf-policy_only-r010-20260818T025746Z,loan_to_credit,1,89,200,16.094200,
policy_only,10,1,perf-policy_only-r010-20260818T025746Z,loan_to_credit,1,90,200,16.107100,
policy_only,10,1,perf-policy_only-r010-20260818T025746Z,loan_to_credit,1,91,200,17.659400,
policy_only,10,1,perf-policy_only-r010-20260818T025746Z,loan_to_credit,1,92,200,15.976800,
policy_only,10,1,perf-policy_only-r010-20260818T025746Z,loan_to_credit,1,93,200,15.994200,
policy_only,10,1,perf-policy_only-r010-20260818T025746Z,loan_to_credit,1,94,200,15.725600,
policy_only,10,1,perf-policy_only-r010-20260818T025746Z,loan_to_credit,1,95,200,15.943800,
policy_only,10,1,perf-policy_only-r010-20260818T025746Z,loan_to_credit,1,96,200,16.028800,
policy_only,10,1,perf-policy_only-r010-20260818T025746Z,loan_to_credit,1,97,200,16.026600,
policy_only,10,1,perf-policy_only-r010-20260818T025746Z,loan_to_credit,1,98,200,16.413600,
policy_only,10,1,perf-policy_only-r010-20260818T025746Z,loan_to_credit,1,99,200,15.653100,
policy_only,10,1,perf-policy_only-r010-20260818T025746Z,loan_to_credit,1,100,200,17.785100,
policy_only,10,1,perf-policy_only-r010-20260818T025746Z,loan_to_credit,1,101,200,18.610800,
policy_only,10,1,perf-policy_only-r010-20260818T025746Z,loan_to_credit,1,102,200,15.660700,
policy_only,10,1,perf-policy_only-r010-20260818T025746Z,loan_to_credit,1,103,200,15.737800,
policy_only,10,1,perf-policy_only-r010-20260818T025746Z,loan_to_credit,1,104,200,16.263200,
policy_only,10,1,perf-policy_only-r010-20260818T025746Z,loan_to_credit,1,105,200,16.241300,
policy_only,10,1,perf-policy_only-r010-20260818T025746Z,loan_to_credit,1,106,200,15.462300,
policy_only,10,1,perf-policy_only-r010-20260818T025746Z,loan_to_credit,1,107,200,16.101700,
policy_only,10,1,perf-policy_only-r010-20260818T025746Z,loan_to_credit,1,108,200,16.451300,
policy_only,10,1,perf-policy_only-r010-20260818T025746Z,loan_to_credit,1,109,200,15.427800,
policy_only,10,1,perf-policy_only-r010-20260818T025746Z,loan_to_credit,1,110,200,16.141600,
policy_only,10,1,perf-policy_only-r010-20260818T025746Z,loan_to_credit,1,111,200,15.931300,
policy_only,10,1,perf-policy_only-r010-20260818T025746Z,loan_to_credit,1,112,200,15.926300,
policy_only,10,1,perf-policy_only-r010-20260818T025746Z,loan_to_credit,1,113,200,15.934900,
policy_only,10,1,perf-policy_only-r010-20260818T025746Z,loan_to_credit,1,114,200,16.284400,
policy_only,10,1,perf-policy_only-r010-20260818T025746Z,loan_to_credit,1,115,200,15.851000,
policy_only,10,1,perf-policy_only-r010-20260818T025746Z,loan_to_credit,1,116,200,15.599100,
policy_only,10,1,perf-policy_only-r010-20260818T025746Z,loan_to_credit,1,117,200,16.082200,
policy_only,10,1,perf-policy_only-r010-20260818T025746Z,loan_to_credit,1,118,200,15.775400,
policy_only,10,1,perf-policy_only-r010-20260818T025746Z,loan_to_credit,1,119,200,16.267800,
policy_only,10,1,perf-policy_only-r010-20260818T025746Z,loan_to_credit,1,120,200,17.342700,
policy_only,10,1,perf-policy_only-r010-20260818T025746Z,loan_to_credit,1,121,200,15.571800,
policy_only,10,1,perf-policy_only-r010-20260818T025746Z,loan_to_credit,1,122,200,16.130500,
policy_only,10,1,perf-policy_only-r010-20260818T025746Z,loan_to_credit,1,123,200,16.161900,
policy_only,10,1,perf-policy_only-r010-20260818T025746Z,loan_to_credit,1,124,200,15.789400,
policy_only,10,1,perf-policy_only-r010-20260818T025746Z,loan_to_credit,1,125,200,16.070600,
policy_only,10,1,perf-policy_only-r010-20260818T025746Z,loan_to_credit,1,126,200,16.766500,
policy_only,10,1,perf-policy_only-r010-20260818T025746Z,loan_to_credit,1,127,200,15.826700,
policy_only,10,1,perf-policy_only-r010-20260818T025746Z,loan_to_credit,1,128,200,15.847700,
policy_only,10,1,perf-policy_only-r010-20260818T025746Z,loan_to_credit,1,129,200,16.689600,
policy_only,10,1,perf-policy_only-r010-20260818T025746Z,loan_to_credit,1,130,200,17.092000,
policy_only,10,1,perf-policy_only-r010-20260818T025746Z,loan_to_credit,1,131,200,16.652100,
policy_only,10,1,perf-policy_only-r010-20260818T025746Z,loan_to_credit,1,132,200,15.691500,
policy_only,10,1,perf-policy_only-r010-20260818T025746Z,loan_to_credit,1,133,200,17.067800,
policy_only,10,1,perf-policy_only-r010-20260818T025746Z,loan_to_credit,1,134,200,15.987300,
policy_only,10,1,perf-policy_only-r010-20260818T025746Z,loan_to_credit,1,135,200,15.661800,
policy_only,10,1,perf-policy_only-r010-20260818T025746Z,loan_to_credit,1,136,200,15.363500,
policy_only,10,1,perf-policy_only-r010-20260818T025746Z,loan_to_credit,1,137,200,15.831500,
policy_only,10,1,perf-policy_only-r010-20260818T025746Z,loan_to_credit,1,138,200,14.853100,
policy_only,10,1,perf-policy_only-r010-20260818T025746Z,loan_to_credit,1,139,200,15.448900,
policy_only,10,1,perf-policy_only-r010-20260818T025746Z,loan_to_credit,1,140,200,15.639500,
policy_only,10,1,perf-policy_only-r010-20260818T025746Z,loan_to_credit,1,141,200,15.133500,
policy_only,10,1,perf-policy_only-r010-20260818T025746Z,loan_to_credit,1,142,200,16.041600,
policy_only,10,1,perf-policy_only-r010-20260818T025746Z,loan_to_credit,1,143,200,16.209500,
policy_only,10,1,perf-policy_only-r010-20260818T025746Z,loan_to_credit,1,144,200,15.713600,
policy_only,10,1,perf-policy_only-r010-20260818T025746Z,loan_to_credit,1,145,200,15.830900,
policy_only,10,1,perf-policy_only-r010-20260818T025746Z,loan_to_credit,1,146,200,16.312200,
policy_only,10,1,perf-policy_only-r010-20260818T025746Z,loan_to_credit,1,147,200,15.706500,
policy_only,10,1,perf-policy_only-r010-20260818T025746Z,loan_to_credit,1,148,200,19.020100,
policy_only,10,1,perf-policy_only-r010-20260818T025746Z,loan_to_credit,1,149,200,15.682000,
policy_only,10,1,perf-policy_only-r010-20260818T025746Z,loan_to_credit,1,150,200,16.100800,
policy_only,10,1,perf-policy_only-r010-20260818T025746Z,loan_to_credit,1,151,200,16.087800,
policy_only,10,1,perf-policy_only-r010-20260818T025746Z,loan_to_credit,1,152,200,15.799600,
policy_only,10,1,perf-policy_only-r010-20260818T025746Z,loan_to_credit,1,153,200,16.325500,
policy_only,10,1,perf-policy_only-r010-20260818T025746Z,loan_to_credit,1,154,200,16.109000,
policy_only,10,1,perf-policy_only-r010-20260818T025746Z,loan_to_credit,1,155,200,16.838600,
policy_only,10,1,perf-policy_only-r010-20260818T025746Z,loan_to_credit,1,156,200,15.919600,
policy_only,10,1,perf-policy_only-r010-20260818T025746Z,loan_to_credit,1,157,200,16.064000,
policy_only,10,1,perf-policy_only-r010-20260818T025746Z,loan_to_credit,1,158,200,16.460600,
policy_only,10,1,perf-policy_only-r010-20260818T025746Z,loan_to_credit,1,159,200,16.184900,
policy_only,10,1,perf-policy_only-r010-20260818T025746Z,loan_to_credit,1,160,200,16.148500,
policy_only,10,1,perf-policy_only-r010-20260818T025746Z,loan_to_credit,1,161,200,15.902300,
policy_only,10,1,perf-policy_only-r010-20260818T025746Z,loan_to_credit,1,162,200,16.043800,
policy_only,10,1,perf-policy_only-r010-20260818T025746Z,loan_to_credit,1,163,200,15.962800,
policy_only,10,1,perf-policy_only-r010-20260818T025746Z,loan_to_credit,1,164,200,16.274400,
policy_only,10,1,perf-policy_only-r010-20260818T025746Z,loan_to_credit,1,165,200,16.694200,
policy_only,10,1,perf-policy_only-r010-20260818T025746Z,loan_to_credit,1,166,200,16.168800,
policy_only,10,1,perf-policy_only-r010-20260818T025746Z,loan_to_credit,1,167,200,15.815600,
policy_only,10,1,perf-policy_only-r010-20260818T025746Z,loan_to_credit,1,168,200,16.547200,
policy_only,10,1,perf-policy_only-r010-20260818T025746Z,loan_to_credit,1,169,200,16.345800,
policy_only,10,1,perf-policy_only-r010-20260818T025746Z,loan_to_credit,1,170,200,15.792800,
policy_only,10,1,perf-policy_only-r010-20260818T025746Z,loan_to_credit,1,171,200,16.297000,
policy_only,10,1,perf-policy_only-r010-20260818T025746Z,loan_to_credit,1,172,200,15.908600,
policy_only,10,1,perf-policy_only-r010-20260818T025746Z,loan_to_credit,1,173,200,16.491200,
policy_only,10,1,perf-policy_only-r010-20260818T025746Z,loan_to_credit,1,174,200,16.625800,
policy_only,10,1,perf-policy_only-r010-20260818T025746Z,loan_to_credit,1,175,200,15.877500,
policy_only,10,1,perf-policy_only-r010-20260818T025746Z,loan_to_credit,1,176,200,16.001800,
policy_only,10,1,perf-policy_only-r010-20260818T025746Z,loan_to_credit,1,177,200,15.880500,
policy_only,10,1,perf-policy_only-r010-20260818T025746Z,loan_to_credit,1,178,200,16.426900,
policy_only,10,1,perf-policy_only-r010-20260818T025746Z,loan_to_credit,1,179,200,16.801100,
policy_only,10,1,perf-policy_only-r010-20260818T025746Z,loan_to_credit,1,180,200,16.295800,
policy_only,10,1,perf-policy_only-r010-20260818T025746Z,loan_to_credit,1,181,200,15.129700,
policy_only,10,1,perf-policy_only-r010-20260818T025746Z,loan_to_credit,1,182,200,14.963100,
policy_only,10,1,perf-policy_only-r010-20260818T025746Z,loan_to_credit,1,183,200,16.517700,
policy_only,10,1,perf-policy_only-r010-20260818T025746Z,loan_to_credit,1,184,200,15.818400,
policy_only,10,1,perf-policy_only-r010-20260818T025746Z,loan_to_credit,1,185,200,16.083300,
policy_only,10,1,perf-policy_only-r010-20260818T025746Z,loan_to_credit,1,186,200,15.990200,
policy_only,10,1,perf-policy_only-r010-20260818T025746Z,loan_to_credit,1,187,200,16.098600,
policy_only,10,1,perf-policy_only-r010-20260818T025746Z,loan_to_credit,1,188,200,16.440200,
policy_only,10,1,perf-policy_only-r010-20260818T025746Z,loan_to_credit,1,189,200,16.230300,
policy_only,10,1,perf-policy_only-r010-20260818T025746Z,loan_to_credit,1,190,200,16.076900,
policy_only,10,1,perf-policy_only-r010-20260818T025746Z,loan_to_credit,1,191,200,15.997300,
policy_only,10,1,perf-policy_only-r010-20260818T025746Z,loan_to_credit,1,192,200,15.725600,
policy_only,10,1,perf-policy_only-r010-20260818T025746Z,loan_to_credit,1,193,200,16.040200,
policy_only,10,1,perf-policy_only-r010-20260818T025746Z,loan_to_credit,1,194,200,17.405900,
policy_only,10,1,perf-policy_only-r010-20260818T025746Z,loan_to_credit,1,195,200,17.491600,
policy_only,10,1,perf-policy_only-r010-20260818T025746Z,loan_to_credit,1,196,200,16.537500,
policy_only,10,1,perf-policy_only-r010-20260818T025746Z,loan_to_credit,1,197,200,16.870800,
policy_only,10,1,perf-policy_only-r010-20260818T025746Z,loan_to_credit,1,198,200,17.040900,
policy_only,10,1,perf-policy_only-r010-20260818T025746Z,loan_to_credit,1,199,200,16.530700,
policy_only,10,1,perf-policy_only-r010-20260818T025746Z,loan_to_credit,1,200,200,16.138000,
policy_only,10,1,perf-policy_only-r010-20260818T025746Z,loan_to_credit,2,1,200,15.826100,
policy_only,10,1,perf-policy_only-r010-20260818T025746Z,loan_to_credit,2,2,200,15.772400,
policy_only,10,1,perf-policy_only-r010-20260818T025746Z,loan_to_credit,2,3,200,16.146800,
policy_only,10,1,perf-policy_only-r010-20260818T025746Z,loan_to_credit,2,4,200,15.919200,
policy_only,10,1,perf-policy_only-r010-20260818T025746Z,loan_to_credit,2,5,200,16.057000,
policy_only,10,1,perf-policy_only-r010-20260818T025746Z,loan_to_credit,2,6,200,16.016800,
policy_only,10,1,perf-policy_only-r010-20260818T025746Z,loan_to_credit,2,7,200,15.785900,
policy_only,10,1,perf-policy_only-r010-20260818T025746Z,loan_to_credit,2,8,200,16.197700,
policy_only,10,1,perf-policy_only-r010-20260818T025746Z,loan_to_credit,2,9,200,15.913000,
policy_only,10,1,perf-policy_only-r010-20260818T025746Z,loan_to_credit,2,10,200,17.623500,
policy_only,10,1,perf-policy_only-r010-20260818T025746Z,loan_to_credit,2,11,200,16.656800,
policy_only,10,1,perf-policy_only-r010-20260818T025746Z,loan_to_credit,2,12,200,17.163800,
policy_only,10,1,perf-policy_only-r010-20260818T025746Z,loan_to_credit,2,13,200,16.602100,
policy_only,10,1,perf-policy_only-r010-20260818T025746Z,loan_to_credit,2,14,200,15.899500,
policy_only,10,1,perf-policy_only-r010-20260818T025746Z,loan_to_credit,2,15,200,17.082700,
policy_only,10,1,perf-policy_only-r010-20260818T025746Z,loan_to_credit,2,16,200,17.158200,
policy_only,10,1,perf-policy_only-r010-20260818T025746Z,loan_to_credit,2,17,200,17.388300,
policy_only,10,1,perf-policy_only-r010-20260818T025746Z,loan_to_credit,2,18,200,17.268800,
policy_only,10,1,perf-policy_only-r010-20260818T025746Z,loan_to_credit,2,19,200,17.592600,
policy_only,10,1,perf-policy_only-r010-20260818T025746Z,loan_to_credit,2,20,200,18.719700,
policy_only,10,1,perf-policy_only-r010-20260818T025746Z,loan_to_credit,2,21,200,16.935700,
policy_only,10,1,perf-policy_only-r010-20260818T025746Z,loan_to_credit,2,22,200,17.007700,
policy_only,10,1,perf-policy_only-r010-20260818T025746Z,loan_to_credit,2,23,200,16.098300,
policy_only,10,1,perf-policy_only-r010-20260818T025746Z,loan_to_credit,2,24,200,17.000900,
policy_only,10,1,perf-policy_only-r010-20260818T025746Z,loan_to_credit,2,25,200,17.028100,
policy_only,10,1,perf-policy_only-r010-20260818T025746Z,loan_to_credit,2,26,200,16.662800,
policy_only,10,1,perf-policy_only-r010-20260818T025746Z,loan_to_credit,2,27,200,17.098400,
policy_only,10,1,perf-policy_only-r010-20260818T025746Z,loan_to_credit,2,28,200,17.030500,
policy_only,10,1,perf-policy_only-r010-20260818T025746Z,loan_to_credit,2,29,200,17.205300,
policy_only,10,1,perf-policy_only-r010-20260818T025746Z,loan_to_credit,2,30,200,16.732500,
policy_only,10,1,perf-policy_only-r010-20260818T025746Z,loan_to_credit,2,31,200,17.117000,
policy_only,10,1,perf-policy_only-r010-20260818T025746Z,loan_to_credit,2,32,200,17.946000,
policy_only,10,1,perf-policy_only-r010-20260818T025746Z,loan_to_credit,2,33,200,18.484300,
policy_only,10,1,perf-policy_only-r010-20260818T025746Z,loan_to_credit,2,34,200,18.625100,
policy_only,10,1,perf-policy_only-r010-20260818T025746Z,loan_to_credit,2,35,200,17.666000,
policy_only,10,1,perf-policy_only-r010-20260818T025746Z,loan_to_credit,2,36,200,17.168200,
policy_only,10,1,perf-policy_only-r010-20260818T025746Z,loan_to_credit,2,37,200,17.335800,
policy_only,10,1,perf-policy_only-r010-20260818T025746Z,loan_to_credit,2,38,200,17.830700,
policy_only,10,1,perf-policy_only-r010-20260818T025746Z,loan_to_credit,2,39,200,19.980900,
policy_only,10,1,perf-policy_only-r010-20260818T025746Z,loan_to_credit,2,40,200,18.174300,
policy_only,10,1,perf-policy_only-r010-20260818T025746Z,loan_to_credit,2,41,200,17.455800,
policy_only,10,1,perf-policy_only-r010-20260818T025746Z,loan_to_credit,2,42,200,15.916800,
policy_only,10,1,perf-policy_only-r010-20260818T025746Z,loan_to_credit,2,43,200,17.242100,
policy_only,10,1,perf-policy_only-r010-20260818T025746Z,loan_to_credit,2,44,200,17.932300,
policy_only,10,1,perf-policy_only-r010-20260818T025746Z,loan_to_credit,2,45,200,16.720900,
policy_only,10,1,perf-policy_only-r010-20260818T025746Z,loan_to_credit,2,46,200,16.320500,
policy_only,10,1,perf-policy_only-r010-20260818T025746Z,loan_to_credit,2,47,200,16.866000,
policy_only,10,1,perf-policy_only-r010-20260818T025746Z,loan_to_credit,2,48,200,16.461800,
policy_only,10,1,perf-policy_only-r010-20260818T025746Z,loan_to_credit,2,49,200,17.296800,
policy_only,10,1,perf-policy_only-r010-20260818T025746Z,loan_to_credit,2,50,200,17.379500,
policy_only,10,1,perf-policy_only-r010-20260818T025746Z,loan_to_credit,2,51,200,17.103900,
policy_only,10,1,perf-policy_only-r010-20260818T025746Z,loan_to_credit,2,52,200,17.826000,
policy_only,10,1,perf-policy_only-r010-20260818T025746Z,loan_to_credit,2,53,200,19.337400,
policy_only,10,1,perf-policy_only-r010-20260818T025746Z,loan_to_credit,2,54,200,20.041000,
policy_only,10,1,perf-policy_only-r010-20260818T025746Z,loan_to_credit,2,55,200,19.165100,
policy_only,10,1,perf-policy_only-r010-20260818T025746Z,loan_to_credit,2,56,200,18.842400,
policy_only,10,1,perf-policy_only-r010-20260818T025746Z,loan_to_credit,2,57,200,19.718000,
policy_only,10,1,perf-policy_only-r010-20260818T025746Z,loan_to_credit,2,58,200,22.138400,
policy_only,10,1,perf-policy_only-r010-20260818T025746Z,loan_to_credit,2,59,200,21.358700,
policy_only,10,1,perf-policy_only-r010-20260818T025746Z,loan_to_credit,2,60,200,17.974500,
policy_only,10,1,perf-policy_only-r010-20260818T025746Z,loan_to_credit,2,61,200,16.416800,
policy_only,10,1,perf-policy_only-r010-20260818T025746Z,loan_to_credit,2,62,200,17.324700,
policy_only,10,1,perf-policy_only-r010-20260818T025746Z,loan_to_credit,2,63,200,17.213000,
policy_only,10,1,perf-policy_only-r010-20260818T025746Z,loan_to_credit,2,64,200,17.967500,
policy_only,10,1,perf-policy_only-r010-20260818T025746Z,loan_to_credit,2,65,200,17.167700,
policy_only,10,1,perf-policy_only-r010-20260818T025746Z,loan_to_credit,2,66,200,16.672400,
policy_only,10,1,perf-policy_only-r010-20260818T025746Z,loan_to_credit,2,67,200,20.094600,
policy_only,10,1,perf-policy_only-r010-20260818T025746Z,loan_to_credit,2,68,200,19.308700,
policy_only,10,1,perf-policy_only-r010-20260818T025746Z,loan_to_credit,2,69,200,16.548400,
policy_only,10,1,perf-policy_only-r010-20260818T025746Z,loan_to_credit,2,70,200,17.173200,
policy_only,10,1,perf-policy_only-r010-20260818T025746Z,loan_to_credit,2,71,200,16.706500,
policy_only,10,1,perf-policy_only-r010-20260818T025746Z,loan_to_credit,2,72,200,16.888400,
policy_only,10,1,perf-policy_only-r010-20260818T025746Z,loan_to_credit,2,73,200,17.516900,
policy_only,10,1,perf-policy_only-r010-20260818T025746Z,loan_to_credit,2,74,200,17.363700,
policy_only,10,1,perf-policy_only-r010-20260818T025746Z,loan_to_credit,2,75,200,16.453300,
policy_only,10,1,perf-policy_only-r010-20260818T025746Z,loan_to_credit,2,76,200,18.613300,
policy_only,10,1,perf-policy_only-r010-20260818T025746Z,loan_to_credit,2,77,200,16.759700,
policy_only,10,1,perf-policy_only-r010-20260818T025746Z,loan_to_credit,2,78,200,17.823100,
policy_only,10,1,perf-policy_only-r010-20260818T025746Z,loan_to_credit,2,79,200,16.415800,
policy_only,10,1,perf-policy_only-r010-20260818T025746Z,loan_to_credit,2,80,200,15.802500,
policy_only,10,1,perf-policy_only-r010-20260818T025746Z,loan_to_credit,2,81,200,16.617700,
policy_only,10,1,perf-policy_only-r010-20260818T025746Z,loan_to_credit,2,82,200,16.499800,
policy_only,10,1,perf-policy_only-r010-20260818T025746Z,loan_to_credit,2,83,200,17.068200,
policy_only,10,1,perf-policy_only-r010-20260818T025746Z,loan_to_credit,2,84,200,16.820900,
policy_only,10,1,perf-policy_only-r010-20260818T025746Z,loan_to_credit,2,85,200,17.040200,
policy_only,10,1,perf-policy_only-r010-20260818T025746Z,loan_to_credit,2,86,200,15.979300,
policy_only,10,1,perf-policy_only-r010-20260818T025746Z,loan_to_credit,2,87,200,17.619200,
policy_only,10,1,perf-policy_only-r010-20260818T025746Z,loan_to_credit,2,88,200,16.121200,
policy_only,10,1,perf-policy_only-r010-20260818T025746Z,loan_to_credit,2,89,200,16.250000,
policy_only,10,1,perf-policy_only-r010-20260818T025746Z,loan_to_credit,2,90,200,16.019500,
policy_only,10,1,perf-policy_only-r010-20260818T025746Z,loan_to_credit,2,91,200,16.739700,
policy_only,10,1,perf-policy_only-r010-20260818T025746Z,loan_to_credit,2,92,200,15.946500,
policy_only,10,1,perf-policy_only-r010-20260818T025746Z,loan_to_credit,2,93,200,15.864900,
policy_only,10,1,perf-policy_only-r010-20260818T025746Z,loan_to_credit,2,94,200,16.424900,
policy_only,10,1,perf-policy_only-r010-20260818T025746Z,loan_to_credit,2,95,200,15.539900,
policy_only,10,1,perf-policy_only-r010-20260818T025746Z,loan_to_credit,2,96,200,16.491300,
policy_only,10,1,perf-policy_only-r010-20260818T025746Z,loan_to_credit,2,97,200,15.310700,
policy_only,10,1,perf-policy_only-r010-20260818T025746Z,loan_to_credit,2,98,200,19.568400,
policy_only,10,1,perf-policy_only-r010-20260818T025746Z,loan_to_credit,2,99,200,18.878700,
policy_only,10,1,perf-policy_only-r010-20260818T025746Z,loan_to_credit,2,100,200,19.880700,
policy_only,10,1,perf-policy_only-r010-20260818T025746Z,loan_to_credit,2,101,200,17.042900,
policy_only,10,1,perf-policy_only-r010-20260818T025746Z,loan_to_credit,2,102,200,18.024600,
policy_only,10,1,perf-policy_only-r010-20260818T025746Z,loan_to_credit,2,103,200,18.254400,
policy_only,10,1,perf-policy_only-r010-20260818T025746Z,loan_to_credit,2,104,200,18.346200,
policy_only,10,1,perf-policy_only-r010-20260818T025746Z,loan_to_credit,2,105,200,17.657400,
policy_only,10,1,perf-policy_only-r010-20260818T025746Z,loan_to_credit,2,106,200,16.922900,
policy_only,10,1,perf-policy_only-r010-20260818T025746Z,loan_to_credit,2,107,200,16.841900,
policy_only,10,1,perf-policy_only-r010-20260818T025746Z,loan_to_credit,2,108,200,16.668700,
policy_only,10,1,perf-policy_only-r010-20260818T025746Z,loan_to_credit,2,109,200,17.180800,
policy_only,10,1,perf-policy_only-r010-20260818T025746Z,loan_to_credit,2,110,200,16.686600,
policy_only,10,1,perf-policy_only-r010-20260818T025746Z,loan_to_credit,2,111,200,15.883200,
policy_only,10,1,perf-policy_only-r010-20260818T025746Z,loan_to_credit,2,112,200,16.069200,
policy_only,10,1,perf-policy_only-r010-20260818T025746Z,loan_to_credit,2,113,200,15.781100,
policy_only,10,1,perf-policy_only-r010-20260818T025746Z,loan_to_credit,2,114,200,15.938700,
policy_only,10,1,perf-policy_only-r010-20260818T025746Z,loan_to_credit,2,115,200,16.676000,
policy_only,10,1,perf-policy_only-r010-20260818T025746Z,loan_to_credit,2,116,200,17.787700,
policy_only,10,1,perf-policy_only-r010-20260818T025746Z,loan_to_credit,2,117,200,17.442500,
policy_only,10,1,perf-policy_only-r010-20260818T025746Z,loan_to_credit,2,118,200,18.339800,
policy_only,10,1,perf-policy_only-r010-20260818T025746Z,loan_to_credit,2,119,200,18.787400,
policy_only,10,1,perf-policy_only-r010-20260818T025746Z,loan_to_credit,2,120,200,18.657300,
policy_only,10,1,perf-policy_only-r010-20260818T025746Z,loan_to_credit,2,121,200,18.678300,
policy_only,10,1,perf-policy_only-r010-20260818T025746Z,loan_to_credit,2,122,200,17.757000,
policy_only,10,1,perf-policy_only-r010-20260818T025746Z,loan_to_credit,2,123,200,17.481400,
policy_only,10,1,perf-policy_only-r010-20260818T025746Z,loan_to_credit,2,124,200,17.771600,
policy_only,10,1,perf-policy_only-r010-20260818T025746Z,loan_to_credit,2,125,200,18.006500,
policy_only,10,1,perf-policy_only-r010-20260818T025746Z,loan_to_credit,2,126,200,17.637200,
policy_only,10,1,perf-policy_only-r010-20260818T025746Z,loan_to_credit,2,127,200,17.891100,
policy_only,10,1,perf-policy_only-r010-20260818T025746Z,loan_to_credit,2,128,200,17.119700,
policy_only,10,1,perf-policy_only-r010-20260818T025746Z,loan_to_credit,2,129,200,16.117200,
policy_only,10,1,perf-policy_only-r010-20260818T025746Z,loan_to_credit,2,130,200,16.879200,
policy_only,10,1,perf-policy_only-r010-20260818T025746Z,loan_to_credit,2,131,200,16.205400,
policy_only,10,1,perf-policy_only-r010-20260818T025746Z,loan_to_credit,2,132,200,15.598300,
policy_only,10,1,perf-policy_only-r010-20260818T025746Z,loan_to_credit,2,133,200,15.990800,
policy_only,10,1,perf-policy_only-r010-20260818T025746Z,loan_to_credit,2,134,200,15.932700,
policy_only,10,1,perf-policy_only-r010-20260818T025746Z,loan_to_credit,2,135,200,16.380600,
policy_only,10,1,perf-policy_only-r010-20260818T025746Z,loan_to_credit,2,136,200,15.659000,
policy_only,10,1,perf-policy_only-r010-20260818T025746Z,loan_to_credit,2,137,200,15.844500,
policy_only,10,1,perf-policy_only-r010-20260818T025746Z,loan_to_credit,2,138,200,16.393600,
policy_only,10,1,perf-policy_only-r010-20260818T025746Z,loan_to_credit,2,139,200,15.714400,
policy_only,10,1,perf-policy_only-r010-20260818T025746Z,loan_to_credit,2,140,200,15.934100,
policy_only,10,1,perf-policy_only-r010-20260818T025746Z,loan_to_credit,2,141,200,15.930900,
policy_only,10,1,perf-policy_only-r010-20260818T025746Z,loan_to_credit,2,142,200,16.080900,
policy_only,10,1,perf-policy_only-r010-20260818T025746Z,loan_to_credit,2,143,200,16.239700,
policy_only,10,1,perf-policy_only-r010-20260818T025746Z,loan_to_credit,2,144,200,16.907200,
policy_only,10,1,perf-policy_only-r010-20260818T025746Z,loan_to_credit,2,145,200,16.921800,
policy_only,10,1,perf-policy_only-r010-20260818T025746Z,loan_to_credit,2,146,200,15.868100,
policy_only,10,1,perf-policy_only-r010-20260818T025746Z,loan_to_credit,2,147,200,16.230900,
policy_only,10,1,perf-policy_only-r010-20260818T025746Z,loan_to_credit,2,148,200,16.652800,
policy_only,10,1,perf-policy_only-r010-20260818T025746Z,loan_to_credit,2,149,200,15.657900,
policy_only,10,1,perf-policy_only-r010-20260818T025746Z,loan_to_credit,2,150,200,16.502800,
policy_only,10,1,perf-policy_only-r010-20260818T025746Z,loan_to_credit,2,151,200,16.825100,
policy_only,10,1,perf-policy_only-r010-20260818T025746Z,loan_to_credit,2,152,200,15.932700,
policy_only,10,1,perf-policy_only-r010-20260818T025746Z,loan_to_credit,2,153,200,15.960200,
policy_only,10,1,perf-policy_only-r010-20260818T025746Z,loan_to_credit,2,154,200,15.604600,
policy_only,10,1,perf-policy_only-r010-20260818T025746Z,loan_to_credit,2,155,200,16.639700,
policy_only,10,1,perf-policy_only-r010-20260818T025746Z,loan_to_credit,2,156,200,17.228500,
policy_only,10,1,perf-policy_only-r010-20260818T025746Z,loan_to_credit,2,157,200,20.331700,
policy_only,10,1,perf-policy_only-r010-20260818T025746Z,loan_to_credit,2,158,200,16.304200,
policy_only,10,1,perf-policy_only-r010-20260818T025746Z,loan_to_credit,2,159,200,17.760200,
policy_only,10,1,perf-policy_only-r010-20260818T025746Z,loan_to_credit,2,160,200,18.323100,
policy_only,10,1,perf-policy_only-r010-20260818T025746Z,loan_to_credit,2,161,200,17.688000,
policy_only,10,1,perf-policy_only-r010-20260818T025746Z,loan_to_credit,2,162,200,17.760800,
policy_only,10,1,perf-policy_only-r010-20260818T025746Z,loan_to_credit,2,163,200,17.488000,
policy_only,10,1,perf-policy_only-r010-20260818T025746Z,loan_to_credit,2,164,200,16.668400,
policy_only,10,1,perf-policy_only-r010-20260818T025746Z,loan_to_credit,2,165,200,15.860200,
policy_only,10,1,perf-policy_only-r010-20260818T025746Z,loan_to_credit,2,166,200,16.508800,
policy_only,10,1,perf-policy_only-r010-20260818T025746Z,loan_to_credit,2,167,200,16.600400,
policy_only,10,1,perf-policy_only-r010-20260818T025746Z,loan_to_credit,2,168,200,15.716100,
policy_only,10,1,perf-policy_only-r010-20260818T025746Z,loan_to_credit,2,169,200,16.259600,
policy_only,10,1,perf-policy_only-r010-20260818T025746Z,loan_to_credit,2,170,200,16.990600,
policy_only,10,1,perf-policy_only-r010-20260818T025746Z,loan_to_credit,2,171,200,15.917400,
policy_only,10,1,perf-policy_only-r010-20260818T025746Z,loan_to_credit,2,172,200,16.079900,
policy_only,10,1,perf-policy_only-r010-20260818T025746Z,loan_to_credit,2,173,200,16.685800,
policy_only,10,1,perf-policy_only-r010-20260818T025746Z,loan_to_credit,2,174,200,16.237000,
policy_only,10,1,perf-policy_only-r010-20260818T025746Z,loan_to_credit,2,175,200,16.818500,
policy_only,10,1,perf-policy_only-r010-20260818T025746Z,loan_to_credit,2,176,200,17.546900,
policy_only,10,1,perf-policy_only-r010-20260818T025746Z,loan_to_credit,2,177,200,18.987700,
policy_only,10,1,perf-policy_only-r010-20260818T025746Z,loan_to_credit,2,178,200,18.117000,
policy_only,10,1,perf-policy_only-r010-20260818T025746Z,loan_to_credit,2,179,200,19.279500,
policy_only,10,1,perf-policy_only-r010-20260818T025746Z,loan_to_credit,2,180,200,18.054300,
policy_only,10,1,perf-policy_only-r010-20260818T025746Z,loan_to_credit,2,181,200,18.596300,
policy_only,10,1,perf-policy_only-r010-20260818T025746Z,loan_to_credit,2,182,200,18.727200,
policy_only,10,1,perf-policy_only-r010-20260818T025746Z,loan_to_credit,2,183,200,16.702600,
policy_only,10,1,perf-policy_only-r010-20260818T025746Z,loan_to_credit,2,184,200,16.042000,
policy_only,10,1,perf-policy_only-r010-20260818T025746Z,loan_to_credit,2,185,200,18.951800,
policy_only,10,1,perf-policy_only-r010-20260818T025746Z,loan_to_credit,2,186,200,16.893100,
policy_only,10,1,perf-policy_only-r010-20260818T025746Z,loan_to_credit,2,187,200,17.261100,
policy_only,10,1,perf-policy_only-r010-20260818T025746Z,loan_to_credit,2,188,200,16.972700,
policy_only,10,1,perf-policy_only-r010-20260818T025746Z,loan_to_credit,2,189,200,16.848600,
policy_only,10,1,perf-policy_only-r010-20260818T025746Z,loan_to_credit,2,190,200,16.754000,
policy_only,10,1,perf-policy_only-r010-20260818T025746Z,loan_to_credit,2,191,200,15.609200,
policy_only,10,1,perf-policy_only-r010-20260818T025746Z,loan_to_credit,2,192,200,16.488000,
policy_only,10,1,perf-policy_only-r010-20260818T025746Z,loan_to_credit,2,193,200,15.555000,
policy_only,10,1,perf-policy_only-r010-20260818T025746Z,loan_to_credit,2,194,200,16.183500,
policy_only,10,1,perf-policy_only-r010-20260818T025746Z,loan_to_credit,2,195,200,16.381200,
policy_only,10,1,perf-policy_only-r010-20260818T025746Z,loan_to_credit,2,196,200,15.200100,
policy_only,10,1,perf-policy_only-r010-20260818T025746Z,loan_to_credit,2,197,200,16.379700,
policy_only,10,1,perf-policy_only-r010-20260818T025746Z,loan_to_credit,2,198,200,16.149700,
policy_only,10,1,perf-policy_only-r010-20260818T025746Z,loan_to_credit,2,199,200,16.256200,
policy_only,10,1,perf-policy_only-r010-20260818T025746Z,loan_to_credit,2,200,200,16.741400,
policy_only,10,1,perf-policy_only-r010-20260818T025746Z,loan_to_credit,3,1,200,15.886300,
policy_only,10,1,perf-policy_only-r010-20260818T025746Z,loan_to_credit,3,2,200,16.069500,
policy_only,10,1,perf-policy_only-r010-20260818T025746Z,loan_to_credit,3,3,200,15.722100,
policy_only,10,1,perf-policy_only-r010-20260818T025746Z,loan_to_credit,3,4,200,15.885800,
policy_only,10,1,perf-policy_only-r010-20260818T025746Z,loan_to_credit,3,5,200,15.452500,
policy_only,10,1,perf-policy_only-r010-20260818T025746Z,loan_to_credit,3,6,200,16.495400,
policy_only,10,1,perf-policy_only-r010-20260818T025746Z,loan_to_credit,3,7,200,16.150600,
policy_only,10,1,perf-policy_only-r010-20260818T025746Z,loan_to_credit,3,8,200,15.587300,
policy_only,10,1,perf-policy_only-r010-20260818T025746Z,loan_to_credit,3,9,200,15.065800,
policy_only,10,1,perf-policy_only-r010-20260818T025746Z,loan_to_credit,3,10,200,15.111600,
policy_only,10,1,perf-policy_only-r010-20260818T025746Z,loan_to_credit,3,11,200,14.890900,
policy_only,10,1,perf-policy_only-r010-20260818T025746Z,loan_to_credit,3,12,200,14.982000,
policy_only,10,1,perf-policy_only-r010-20260818T025746Z,loan_to_credit,3,13,200,16.256200,
policy_only,10,1,perf-policy_only-r010-20260818T025746Z,loan_to_credit,3,14,200,16.107500,
policy_only,10,1,perf-policy_only-r010-20260818T025746Z,loan_to_credit,3,15,200,15.775300,
policy_only,10,1,perf-policy_only-r010-20260818T025746Z,loan_to_credit,3,16,200,16.635700,
policy_only,10,1,perf-policy_only-r010-20260818T025746Z,loan_to_credit,3,17,200,16.399800,
policy_only,10,1,perf-policy_only-r010-20260818T025746Z,loan_to_credit,3,18,200,15.950800,
policy_only,10,1,perf-policy_only-r010-20260818T025746Z,loan_to_credit,3,19,200,18.048700,
policy_only,10,1,perf-policy_only-r010-20260818T025746Z,loan_to_credit,3,20,200,15.724800,
policy_only,10,1,perf-policy_only-r010-20260818T025746Z,loan_to_credit,3,21,200,16.289200,
policy_only,10,1,perf-policy_only-r010-20260818T025746Z,loan_to_credit,3,22,200,15.494300,
policy_only,10,1,perf-policy_only-r010-20260818T025746Z,loan_to_credit,3,23,200,16.317400,
policy_only,10,1,perf-policy_only-r010-20260818T025746Z,loan_to_credit,3,24,200,15.749200,
policy_only,10,1,perf-policy_only-r010-20260818T025746Z,loan_to_credit,3,25,200,16.313400,
policy_only,10,1,perf-policy_only-r010-20260818T025746Z,loan_to_credit,3,26,200,15.709300,
policy_only,10,1,perf-policy_only-r010-20260818T025746Z,loan_to_credit,3,27,200,16.290400,
policy_only,10,1,perf-policy_only-r010-20260818T025746Z,loan_to_credit,3,28,200,16.461800,
policy_only,10,1,perf-policy_only-r010-20260818T025746Z,loan_to_credit,3,29,200,16.190600,
policy_only,10,1,perf-policy_only-r010-20260818T025746Z,loan_to_credit,3,30,200,15.903900,
policy_only,10,1,perf-policy_only-r010-20260818T025746Z,loan_to_credit,3,31,200,16.252000,
policy_only,10,1,perf-policy_only-r010-20260818T025746Z,loan_to_credit,3,32,200,17.358600,
policy_only,10,1,perf-policy_only-r010-20260818T025746Z,loan_to_credit,3,33,200,16.509100,
policy_only,10,1,perf-policy_only-r010-20260818T025746Z,loan_to_credit,3,34,200,16.317000,
policy_only,10,1,perf-policy_only-r010-20260818T025746Z,loan_to_credit,3,35,200,16.899000,
policy_only,10,1,perf-policy_only-r010-20260818T025746Z,loan_to_credit,3,36,200,15.817700,
policy_only,10,1,perf-policy_only-r010-20260818T025746Z,loan_to_credit,3,37,200,16.052100,
policy_only,10,1,perf-policy_only-r010-20260818T025746Z,loan_to_credit,3,38,200,16.101400,
policy_only,10,1,perf-policy_only-r010-20260818T025746Z,loan_to_credit,3,39,200,15.378800,
policy_only,10,1,perf-policy_only-r010-20260818T025746Z,loan_to_credit,3,40,200,16.088200,
policy_only,10,1,perf-policy_only-r010-20260818T025746Z,loan_to_credit,3,41,200,16.706500,
policy_only,10,1,perf-policy_only-r010-20260818T025746Z,loan_to_credit,3,42,200,17.006000,
policy_only,10,1,perf-policy_only-r010-20260818T025746Z,loan_to_credit,3,43,200,16.726900,
policy_only,10,1,perf-policy_only-r010-20260818T025746Z,loan_to_credit,3,44,200,15.867300,
policy_only,10,1,perf-policy_only-r010-20260818T025746Z,loan_to_credit,3,45,200,16.842700,
policy_only,10,1,perf-policy_only-r010-20260818T025746Z,loan_to_credit,3,46,200,17.198500,
policy_only,10,1,perf-policy_only-r010-20260818T025746Z,loan_to_credit,3,47,200,15.873800,
policy_only,10,1,perf-policy_only-r010-20260818T025746Z,loan_to_credit,3,48,200,16.104500,
policy_only,10,1,perf-policy_only-r010-20260818T025746Z,loan_to_credit,3,49,200,16.000700,
policy_only,10,1,perf-policy_only-r010-20260818T025746Z,loan_to_credit,3,50,200,18.852000,
policy_only,10,1,perf-policy_only-r010-20260818T025746Z,loan_to_credit,3,51,200,15.510500,
policy_only,10,1,perf-policy_only-r010-20260818T025746Z,loan_to_credit,3,52,200,16.071600,
policy_only,10,1,perf-policy_only-r010-20260818T025746Z,loan_to_credit,3,53,200,15.957300,
policy_only,10,1,perf-policy_only-r010-20260818T025746Z,loan_to_credit,3,54,200,15.923900,
policy_only,10,1,perf-policy_only-r010-20260818T025746Z,loan_to_credit,3,55,200,16.201000,
policy_only,10,1,perf-policy_only-r010-20260818T025746Z,loan_to_credit,3,56,200,17.408000,
policy_only,10,1,perf-policy_only-r010-20260818T025746Z,loan_to_credit,3,57,200,15.719000,
policy_only,10,1,perf-policy_only-r010-20260818T025746Z,loan_to_credit,3,58,200,16.192400,
policy_only,10,1,perf-policy_only-r010-20260818T025746Z,loan_to_credit,3,59,200,16.394800,
policy_only,10,1,perf-policy_only-r010-20260818T025746Z,loan_to_credit,3,60,200,16.278800,
policy_only,10,1,perf-policy_only-r010-20260818T025746Z,loan_to_credit,3,61,200,15.893600,
policy_only,10,1,perf-policy_only-r010-20260818T025746Z,loan_to_credit,3,62,200,16.196800,
policy_only,10,1,perf-policy_only-r010-20260818T025746Z,loan_to_credit,3,63,200,15.820200,
policy_only,10,1,perf-policy_only-r010-20260818T025746Z,loan_to_credit,3,64,200,15.851600,
policy_only,10,1,perf-policy_only-r010-20260818T025746Z,loan_to_credit,3,65,200,16.851200,
policy_only,10,1,perf-policy_only-r010-20260818T025746Z,loan_to_credit,3,66,200,16.125700,
policy_only,10,1,perf-policy_only-r010-20260818T025746Z,loan_to_credit,3,67,200,16.084500,
policy_only,10,1,perf-policy_only-r010-20260818T025746Z,loan_to_credit,3,68,200,16.108700,
policy_only,10,1,perf-policy_only-r010-20260818T025746Z,loan_to_credit,3,69,200,15.477300,
policy_only,10,1,perf-policy_only-r010-20260818T025746Z,loan_to_credit,3,70,200,15.086100,
policy_only,10,1,perf-policy_only-r010-20260818T025746Z,loan_to_credit,3,71,200,15.997100,
policy_only,10,1,perf-policy_only-r010-20260818T025746Z,loan_to_credit,3,72,200,16.050800,
policy_only,10,1,perf-policy_only-r010-20260818T025746Z,loan_to_credit,3,73,200,15.740500,
policy_only,10,1,perf-policy_only-r010-20260818T025746Z,loan_to_credit,3,74,200,16.146800,
policy_only,10,1,perf-policy_only-r010-20260818T025746Z,loan_to_credit,3,75,200,16.063000,
policy_only,10,1,perf-policy_only-r010-20260818T025746Z,loan_to_credit,3,76,200,15.903100,
policy_only,10,1,perf-policy_only-r010-20260818T025746Z,loan_to_credit,3,77,200,15.914300,
policy_only,10,1,perf-policy_only-r010-20260818T025746Z,loan_to_credit,3,78,200,15.862100,
policy_only,10,1,perf-policy_only-r010-20260818T025746Z,loan_to_credit,3,79,200,16.266700,
policy_only,10,1,perf-policy_only-r010-20260818T025746Z,loan_to_credit,3,80,200,15.871000,
policy_only,10,1,perf-policy_only-r010-20260818T025746Z,loan_to_credit,3,81,200,18.404400,
policy_only,10,1,perf-policy_only-r010-20260818T025746Z,loan_to_credit,3,82,200,15.528400,
policy_only,10,1,perf-policy_only-r010-20260818T025746Z,loan_to_credit,3,83,200,16.134700,
policy_only,10,1,perf-policy_only-r010-20260818T025746Z,loan_to_credit,3,84,200,16.485400,
policy_only,10,1,perf-policy_only-r010-20260818T025746Z,loan_to_credit,3,85,200,16.940500,
policy_only,10,1,perf-policy_only-r010-20260818T025746Z,loan_to_credit,3,86,200,17.078000,
policy_only,10,1,perf-policy_only-r010-20260818T025746Z,loan_to_credit,3,87,200,16.738400,
policy_only,10,1,perf-policy_only-r010-20260818T025746Z,loan_to_credit,3,88,200,18.125200,
policy_only,10,1,perf-policy_only-r010-20260818T025746Z,loan_to_credit,3,89,200,16.505500,
policy_only,10,1,perf-policy_only-r010-20260818T025746Z,loan_to_credit,3,90,200,16.119300,
policy_only,10,1,perf-policy_only-r010-20260818T025746Z,loan_to_credit,3,91,200,15.955800,
policy_only,10,1,perf-policy_only-r010-20260818T025746Z,loan_to_credit,3,92,200,17.147100,
policy_only,10,1,perf-policy_only-r010-20260818T025746Z,loan_to_credit,3,93,200,15.959400,
policy_only,10,1,perf-policy_only-r010-20260818T025746Z,loan_to_credit,3,94,200,16.969800,
policy_only,10,1,perf-policy_only-r010-20260818T025746Z,loan_to_credit,3,95,200,17.147000,
policy_only,10,1,perf-policy_only-r010-20260818T025746Z,loan_to_credit,3,96,200,16.911600,
policy_only,10,1,perf-policy_only-r010-20260818T025746Z,loan_to_credit,3,97,200,16.978600,
policy_only,10,1,perf-policy_only-r010-20260818T025746Z,loan_to_credit,3,98,200,17.198700,
policy_only,10,1,perf-policy_only-r010-20260818T025746Z,loan_to_credit,3,99,200,16.789300,
policy_only,10,1,perf-policy_only-r010-20260818T025746Z,loan_to_credit,3,100,200,16.747400,
policy_only,10,1,perf-policy_only-r010-20260818T025746Z,loan_to_credit,3,101,200,15.984400,
policy_only,10,1,perf-policy_only-r010-20260818T025746Z,loan_to_credit,3,102,200,17.582500,
policy_only,10,1,perf-policy_only-r010-20260818T025746Z,loan_to_credit,3,103,200,18.175600,
policy_only,10,1,perf-policy_only-r010-20260818T025746Z,loan_to_credit,3,104,200,16.528200,
policy_only,10,1,perf-policy_only-r010-20260818T025746Z,loan_to_credit,3,105,200,16.809100,
policy_only,10,1,perf-policy_only-r010-20260818T025746Z,loan_to_credit,3,106,200,15.959800,
policy_only,10,1,perf-policy_only-r010-20260818T025746Z,loan_to_credit,3,107,200,16.961700,
policy_only,10,1,perf-policy_only-r010-20260818T025746Z,loan_to_credit,3,108,200,16.966600,
policy_only,10,1,perf-policy_only-r010-20260818T025746Z,loan_to_credit,3,109,200,17.033700,
policy_only,10,1,perf-policy_only-r010-20260818T025746Z,loan_to_credit,3,110,200,16.990300,
policy_only,10,1,perf-policy_only-r010-20260818T025746Z,loan_to_credit,3,111,200,16.956100,
policy_only,10,1,perf-policy_only-r010-20260818T025746Z,loan_to_credit,3,112,200,17.142600,
policy_only,10,1,perf-policy_only-r010-20260818T025746Z,loan_to_credit,3,113,200,16.184900,
policy_only,10,1,perf-policy_only-r010-20260818T025746Z,loan_to_credit,3,114,200,16.701700,
policy_only,10,1,perf-policy_only-r010-20260818T025746Z,loan_to_credit,3,115,200,16.868300,
policy_only,10,1,perf-policy_only-r010-20260818T025746Z,loan_to_credit,3,116,200,17.919200,
policy_only,10,1,perf-policy_only-r010-20260818T025746Z,loan_to_credit,3,117,200,16.748800,
policy_only,10,1,perf-policy_only-r010-20260818T025746Z,loan_to_credit,3,118,200,16.405900,
policy_only,10,1,perf-policy_only-r010-20260818T025746Z,loan_to_credit,3,119,200,16.570500,
policy_only,10,1,perf-policy_only-r010-20260818T025746Z,loan_to_credit,3,120,200,16.100400,
policy_only,10,1,perf-policy_only-r010-20260818T025746Z,loan_to_credit,3,121,200,15.753800,
policy_only,10,1,perf-policy_only-r010-20260818T025746Z,loan_to_credit,3,122,200,16.153200,
policy_only,10,1,perf-policy_only-r010-20260818T025746Z,loan_to_credit,3,123,200,15.474400,
policy_only,10,1,perf-policy_only-r010-20260818T025746Z,loan_to_credit,3,124,200,15.245400,
policy_only,10,1,perf-policy_only-r010-20260818T025746Z,loan_to_credit,3,125,200,15.911500,
policy_only,10,1,perf-policy_only-r010-20260818T025746Z,loan_to_credit,3,126,200,16.122500,
policy_only,10,1,perf-policy_only-r010-20260818T025746Z,loan_to_credit,3,127,200,15.868200,
policy_only,10,1,perf-policy_only-r010-20260818T025746Z,loan_to_credit,3,128,200,16.048200,
policy_only,10,1,perf-policy_only-r010-20260818T025746Z,loan_to_credit,3,129,200,15.848400,
policy_only,10,1,perf-policy_only-r010-20260818T025746Z,loan_to_credit,3,130,200,15.978000,
policy_only,10,1,perf-policy_only-r010-20260818T025746Z,loan_to_credit,3,131,200,17.215600,
policy_only,10,1,perf-policy_only-r010-20260818T025746Z,loan_to_credit,3,132,200,17.531300,
policy_only,10,1,perf-policy_only-r010-20260818T025746Z,loan_to_credit,3,133,200,16.602000,
policy_only,10,1,perf-policy_only-r010-20260818T025746Z,loan_to_credit,3,134,200,15.374300,
policy_only,10,1,perf-policy_only-r010-20260818T025746Z,loan_to_credit,3,135,200,15.218700,
policy_only,10,1,perf-policy_only-r010-20260818T025746Z,loan_to_credit,3,136,200,16.102000,
policy_only,10,1,perf-policy_only-r010-20260818T025746Z,loan_to_credit,3,137,200,15.945900,
policy_only,10,1,perf-policy_only-r010-20260818T025746Z,loan_to_credit,3,138,200,17.343400,
policy_only,10,1,perf-policy_only-r010-20260818T025746Z,loan_to_credit,3,139,200,15.814100,
policy_only,10,1,perf-policy_only-r010-20260818T025746Z,loan_to_credit,3,140,200,16.174000,
policy_only,10,1,perf-policy_only-r010-20260818T025746Z,loan_to_credit,3,141,200,16.179700,
policy_only,10,1,perf-policy_only-r010-20260818T025746Z,loan_to_credit,3,142,200,18.769400,
policy_only,10,1,perf-policy_only-r010-20260818T025746Z,loan_to_credit,3,143,200,16.667200,
policy_only,10,1,perf-policy_only-r010-20260818T025746Z,loan_to_credit,3,144,200,15.950700,
policy_only,10,1,perf-policy_only-r010-20260818T025746Z,loan_to_credit,3,145,200,16.564900,
policy_only,10,1,perf-policy_only-r010-20260818T025746Z,loan_to_credit,3,146,200,16.407500,
policy_only,10,1,perf-policy_only-r010-20260818T025746Z,loan_to_credit,3,147,200,15.976000,
policy_only,10,1,perf-policy_only-r010-20260818T025746Z,loan_to_credit,3,148,200,16.164200,
policy_only,10,1,perf-policy_only-r010-20260818T025746Z,loan_to_credit,3,149,200,16.300600,
policy_only,10,1,perf-policy_only-r010-20260818T025746Z,loan_to_credit,3,150,200,16.858200,
policy_only,10,1,perf-policy_only-r010-20260818T025746Z,loan_to_credit,3,151,200,15.635700,
policy_only,10,1,perf-policy_only-r010-20260818T025746Z,loan_to_credit,3,152,200,16.108900,
policy_only,10,1,perf-policy_only-r010-20260818T025746Z,loan_to_credit,3,153,200,15.669200,
policy_only,10,1,perf-policy_only-r010-20260818T025746Z,loan_to_credit,3,154,200,16.244900,
policy_only,10,1,perf-policy_only-r010-20260818T025746Z,loan_to_credit,3,155,200,15.829900,
policy_only,10,1,perf-policy_only-r010-20260818T025746Z,loan_to_credit,3,156,200,15.956600,
policy_only,10,1,perf-policy_only-r010-20260818T025746Z,loan_to_credit,3,157,200,15.918700,
policy_only,10,1,perf-policy_only-r010-20260818T025746Z,loan_to_credit,3,158,200,16.261400,
policy_only,10,1,perf-policy_only-r010-20260818T025746Z,loan_to_credit,3,159,200,16.023500,
policy_only,10,1,perf-policy_only-r010-20260818T025746Z,loan_to_credit,3,160,200,19.184900,
policy_only,10,1,perf-policy_only-r010-20260818T025746Z,loan_to_credit,3,161,200,16.144000,
policy_only,10,1,perf-policy_only-r010-20260818T025746Z,loan_to_credit,3,162,200,17.486900,
policy_only,10,1,perf-policy_only-r010-20260818T025746Z,loan_to_credit,3,163,200,16.963700,
policy_only,10,1,perf-policy_only-r010-20260818T025746Z,loan_to_credit,3,164,200,16.607900,
policy_only,10,1,perf-policy_only-r010-20260818T025746Z,loan_to_credit,3,165,200,15.978400,
policy_only,10,1,perf-policy_only-r010-20260818T025746Z,loan_to_credit,3,166,200,16.371300,
policy_only,10,1,perf-policy_only-r010-20260818T025746Z,loan_to_credit,3,167,200,15.817600,
policy_only,10,1,perf-policy_only-r010-20260818T025746Z,loan_to_credit,3,168,200,16.478100,
policy_only,10,1,perf-policy_only-r010-20260818T025746Z,loan_to_credit,3,169,200,16.620100,
policy_only,10,1,perf-policy_only-r010-20260818T025746Z,loan_to_credit,3,170,200,17.086000,
policy_only,10,1,perf-policy_only-r010-20260818T025746Z,loan_to_credit,3,171,200,17.042800,
policy_only,10,1,perf-policy_only-r010-20260818T025746Z,loan_to_credit,3,172,200,17.071000,
policy_only,10,1,perf-policy_only-r010-20260818T025746Z,loan_to_credit,3,173,200,19.824000,
policy_only,10,1,perf-policy_only-r010-20260818T025746Z,loan_to_credit,3,174,200,17.525000,
policy_only,10,1,perf-policy_only-r010-20260818T025746Z,loan_to_credit,3,175,200,16.901700,
policy_only,10,1,perf-policy_only-r010-20260818T025746Z,loan_to_credit,3,176,200,16.865600,
policy_only,10,1,perf-policy_only-r010-20260818T025746Z,loan_to_credit,3,177,200,16.925200,
policy_only,10,1,perf-policy_only-r010-20260818T025746Z,loan_to_credit,3,178,200,16.514700,
policy_only,10,1,perf-policy_only-r010-20260818T025746Z,loan_to_credit,3,179,200,16.517500,
policy_only,10,1,perf-policy_only-r010-20260818T025746Z,loan_to_credit,3,180,200,16.514900,
policy_only,10,1,perf-policy_only-r010-20260818T025746Z,loan_to_credit,3,181,200,16.162000,
policy_only,10,1,perf-policy_only-r010-20260818T025746Z,loan_to_credit,3,182,200,17.971100,
policy_only,10,1,perf-policy_only-r010-20260818T025746Z,loan_to_credit,3,183,200,17.543300,
policy_only,10,1,perf-policy_only-r010-20260818T025746Z,loan_to_credit,3,184,200,16.240700,
policy_only,10,1,perf-policy_only-r010-20260818T025746Z,loan_to_credit,3,185,200,15.842000,
policy_only,10,1,perf-policy_only-r010-20260818T025746Z,loan_to_credit,3,186,200,16.574500,
policy_only,10,1,perf-policy_only-r010-20260818T025746Z,loan_to_credit,3,187,200,15.822000,
policy_only,10,1,perf-policy_only-r010-20260818T025746Z,loan_to_credit,3,188,200,17.224500,
policy_only,10,1,perf-policy_only-r010-20260818T025746Z,loan_to_credit,3,189,200,15.675300,
policy_only,10,1,perf-policy_only-r010-20260818T025746Z,loan_to_credit,3,190,200,17.207400,
policy_only,10,1,perf-policy_only-r010-20260818T025746Z,loan_to_credit,3,191,200,16.700300,
policy_only,10,1,perf-policy_only-r010-20260818T025746Z,loan_to_credit,3,192,200,16.349400,
policy_only,10,1,perf-policy_only-r010-20260818T025746Z,loan_to_credit,3,193,200,16.707100,
policy_only,10,1,perf-policy_only-r010-20260818T025746Z,loan_to_credit,3,194,200,15.578900,
policy_only,10,1,perf-policy_only-r010-20260818T025746Z,loan_to_credit,3,195,200,16.336500,
policy_only,10,1,perf-policy_only-r010-20260818T025746Z,loan_to_credit,3,196,200,15.330400,
policy_only,10,1,perf-policy_only-r010-20260818T025746Z,loan_to_credit,3,197,200,16.207000,
policy_only,10,1,perf-policy_only-r010-20260818T025746Z,loan_to_credit,3,198,200,15.895600,
policy_only,10,1,perf-policy_only-r010-20260818T025746Z,loan_to_credit,3,199,200,16.352900,
policy_only,10,1,perf-policy_only-r010-20260818T025746Z,loan_to_credit,3,200,200,15.721200,
policy_only,10,1,perf-policy_only-r010-20260818T025746Z,loan_to_aml,1,1,200,16.520100,
policy_only,10,1,perf-policy_only-r010-20260818T025746Z,loan_to_aml,1,2,200,16.884100,
policy_only,10,1,perf-policy_only-r010-20260818T025746Z,loan_to_aml,1,3,200,15.589900,
policy_only,10,1,perf-policy_only-r010-20260818T025746Z,loan_to_aml,1,4,200,16.010600,
policy_only,10,1,perf-policy_only-r010-20260818T025746Z,loan_to_aml,1,5,200,15.860600,
policy_only,10,1,perf-policy_only-r010-20260818T025746Z,loan_to_aml,1,6,200,16.256000,
policy_only,10,1,perf-policy_only-r010-20260818T025746Z,loan_to_aml,1,7,200,16.045400,
policy_only,10,1,perf-policy_only-r010-20260818T025746Z,loan_to_aml,1,8,200,17.264600,
policy_only,10,1,perf-policy_only-r010-20260818T025746Z,loan_to_aml,1,9,200,16.792400,
policy_only,10,1,perf-policy_only-r010-20260818T025746Z,loan_to_aml,1,10,200,17.300800,
policy_only,10,1,perf-policy_only-r010-20260818T025746Z,loan_to_aml,1,11,200,18.148800,
policy_only,10,1,perf-policy_only-r010-20260818T025746Z,loan_to_aml,1,12,200,17.867300,
policy_only,10,1,perf-policy_only-r010-20260818T025746Z,loan_to_aml,1,13,200,16.539200,
policy_only,10,1,perf-policy_only-r010-20260818T025746Z,loan_to_aml,1,14,200,15.630400,
policy_only,10,1,perf-policy_only-r010-20260818T025746Z,loan_to_aml,1,15,200,16.346700,
policy_only,10,1,perf-policy_only-r010-20260818T025746Z,loan_to_aml,1,16,200,15.551000,
policy_only,10,1,perf-policy_only-r010-20260818T025746Z,loan_to_aml,1,17,200,16.396200,
policy_only,10,1,perf-policy_only-r010-20260818T025746Z,loan_to_aml,1,18,200,16.833900,
policy_only,10,1,perf-policy_only-r010-20260818T025746Z,loan_to_aml,1,19,200,15.718900,
policy_only,10,1,perf-policy_only-r010-20260818T025746Z,loan_to_aml,1,20,200,16.468300,
policy_only,10,1,perf-policy_only-r010-20260818T025746Z,loan_to_aml,1,21,200,16.528900,
policy_only,10,1,perf-policy_only-r010-20260818T025746Z,loan_to_aml,1,22,200,15.665400,
policy_only,10,1,perf-policy_only-r010-20260818T025746Z,loan_to_aml,1,23,200,16.339100,
policy_only,10,1,perf-policy_only-r010-20260818T025746Z,loan_to_aml,1,24,200,17.224800,
policy_only,10,1,perf-policy_only-r010-20260818T025746Z,loan_to_aml,1,25,200,16.109300,
policy_only,10,1,perf-policy_only-r010-20260818T025746Z,loan_to_aml,1,26,200,15.990800,
policy_only,10,1,perf-policy_only-r010-20260818T025746Z,loan_to_aml,1,27,200,15.405800,
policy_only,10,1,perf-policy_only-r010-20260818T025746Z,loan_to_aml,1,28,200,16.264400,
policy_only,10,1,perf-policy_only-r010-20260818T025746Z,loan_to_aml,1,29,200,15.887200,
policy_only,10,1,perf-policy_only-r010-20260818T025746Z,loan_to_aml,1,30,200,15.824400,
policy_only,10,1,perf-policy_only-r010-20260818T025746Z,loan_to_aml,1,31,200,14.872300,
policy_only,10,1,perf-policy_only-r010-20260818T025746Z,loan_to_aml,1,32,200,16.391500,
policy_only,10,1,perf-policy_only-r010-20260818T025746Z,loan_to_aml,1,33,200,15.892200,
policy_only,10,1,perf-policy_only-r010-20260818T025746Z,loan_to_aml,1,34,200,14.695500,
policy_only,10,1,perf-policy_only-r010-20260818T025746Z,loan_to_aml,1,35,200,16.288400,
policy_only,10,1,perf-policy_only-r010-20260818T025746Z,loan_to_aml,1,36,200,16.097400,
policy_only,10,1,perf-policy_only-r010-20260818T025746Z,loan_to_aml,1,37,200,16.553500,
policy_only,10,1,perf-policy_only-r010-20260818T025746Z,loan_to_aml,1,38,200,16.128800,
policy_only,10,1,perf-policy_only-r010-20260818T025746Z,loan_to_aml,1,39,200,15.837200,
policy_only,10,1,perf-policy_only-r010-20260818T025746Z,loan_to_aml,1,40,200,16.001700,
policy_only,10,1,perf-policy_only-r010-20260818T025746Z,loan_to_aml,1,41,200,16.225400,
policy_only,10,1,perf-policy_only-r010-20260818T025746Z,loan_to_aml,1,42,200,15.801100,
policy_only,10,1,perf-policy_only-r010-20260818T025746Z,loan_to_aml,1,43,200,16.270600,
policy_only,10,1,perf-policy_only-r010-20260818T025746Z,loan_to_aml,1,44,200,18.920000,
policy_only,10,1,perf-policy_only-r010-20260818T025746Z,loan_to_aml,1,45,200,16.447100,
policy_only,10,1,perf-policy_only-r010-20260818T025746Z,loan_to_aml,1,46,200,15.936900,
policy_only,10,1,perf-policy_only-r010-20260818T025746Z,loan_to_aml,1,47,200,16.654600,
policy_only,10,1,perf-policy_only-r010-20260818T025746Z,loan_to_aml,1,48,200,18.391800,
policy_only,10,1,perf-policy_only-r010-20260818T025746Z,loan_to_aml,1,49,200,17.385300,
policy_only,10,1,perf-policy_only-r010-20260818T025746Z,loan_to_aml,1,50,200,16.114900,
policy_only,10,1,perf-policy_only-r010-20260818T025746Z,loan_to_aml,1,51,200,17.213000,
policy_only,10,1,perf-policy_only-r010-20260818T025746Z,loan_to_aml,1,52,200,19.013200,
policy_only,10,1,perf-policy_only-r010-20260818T025746Z,loan_to_aml,1,53,200,18.190200,
policy_only,10,1,perf-policy_only-r010-20260818T025746Z,loan_to_aml,1,54,200,16.798100,
policy_only,10,1,perf-policy_only-r010-20260818T025746Z,loan_to_aml,1,55,200,16.858800,
policy_only,10,1,perf-policy_only-r010-20260818T025746Z,loan_to_aml,1,56,200,15.909600,
policy_only,10,1,perf-policy_only-r010-20260818T025746Z,loan_to_aml,1,57,200,15.900200,
policy_only,10,1,perf-policy_only-r010-20260818T025746Z,loan_to_aml,1,58,200,16.049800,
policy_only,10,1,perf-policy_only-r010-20260818T025746Z,loan_to_aml,1,59,200,15.815500,
policy_only,10,1,perf-policy_only-r010-20260818T025746Z,loan_to_aml,1,60,200,16.161100,
policy_only,10,1,perf-policy_only-r010-20260818T025746Z,loan_to_aml,1,61,200,15.600700,
policy_only,10,1,perf-policy_only-r010-20260818T025746Z,loan_to_aml,1,62,200,16.172800,
policy_only,10,1,perf-policy_only-r010-20260818T025746Z,loan_to_aml,1,63,200,16.126400,
policy_only,10,1,perf-policy_only-r010-20260818T025746Z,loan_to_aml,1,64,200,16.899400,
policy_only,10,1,perf-policy_only-r010-20260818T025746Z,loan_to_aml,1,65,200,15.848400,
policy_only,10,1,perf-policy_only-r010-20260818T025746Z,loan_to_aml,1,66,200,15.857000,
policy_only,10,1,perf-policy_only-r010-20260818T025746Z,loan_to_aml,1,67,200,16.274500,
policy_only,10,1,perf-policy_only-r010-20260818T025746Z,loan_to_aml,1,68,200,15.722200,
policy_only,10,1,perf-policy_only-r010-20260818T025746Z,loan_to_aml,1,69,200,16.223700,
policy_only,10,1,perf-policy_only-r010-20260818T025746Z,loan_to_aml,1,70,200,15.566300,
policy_only,10,1,perf-policy_only-r010-20260818T025746Z,loan_to_aml,1,71,200,15.978300,
policy_only,10,1,perf-policy_only-r010-20260818T025746Z,loan_to_aml,1,72,200,16.421100,
policy_only,10,1,perf-policy_only-r010-20260818T025746Z,loan_to_aml,1,73,200,17.080000,
policy_only,10,1,perf-policy_only-r010-20260818T025746Z,loan_to_aml,1,74,200,16.255100,
policy_only,10,1,perf-policy_only-r010-20260818T025746Z,loan_to_aml,1,75,200,16.953200,
policy_only,10,1,perf-policy_only-r010-20260818T025746Z,loan_to_aml,1,76,200,17.051000,
policy_only,10,1,perf-policy_only-r010-20260818T025746Z,loan_to_aml,1,77,200,16.453900,
policy_only,10,1,perf-policy_only-r010-20260818T025746Z,loan_to_aml,1,78,200,17.252400,
policy_only,10,1,perf-policy_only-r010-20260818T025746Z,loan_to_aml,1,79,200,15.938400,
policy_only,10,1,perf-policy_only-r010-20260818T025746Z,loan_to_aml,1,80,200,16.798900,
policy_only,10,1,perf-policy_only-r010-20260818T025746Z,loan_to_aml,1,81,200,15.771000,
policy_only,10,1,perf-policy_only-r010-20260818T025746Z,loan_to_aml,1,82,200,16.113900,
policy_only,10,1,perf-policy_only-r010-20260818T025746Z,loan_to_aml,1,83,200,16.071000,
policy_only,10,1,perf-policy_only-r010-20260818T025746Z,loan_to_aml,1,84,200,15.799900,
policy_only,10,1,perf-policy_only-r010-20260818T025746Z,loan_to_aml,1,85,200,15.880200,
policy_only,10,1,perf-policy_only-r010-20260818T025746Z,loan_to_aml,1,86,200,16.132400,
policy_only,10,1,perf-policy_only-r010-20260818T025746Z,loan_to_aml,1,87,200,15.741300,
policy_only,10,1,perf-policy_only-r010-20260818T025746Z,loan_to_aml,1,88,200,16.258000,
policy_only,10,1,perf-policy_only-r010-20260818T025746Z,loan_to_aml,1,89,200,15.633900,
policy_only,10,1,perf-policy_only-r010-20260818T025746Z,loan_to_aml,1,90,200,16.210400,
policy_only,10,1,perf-policy_only-r010-20260818T025746Z,loan_to_aml,1,91,200,16.494300,
policy_only,10,1,perf-policy_only-r010-20260818T025746Z,loan_to_aml,1,92,200,16.419200,
policy_only,10,1,perf-policy_only-r010-20260818T025746Z,loan_to_aml,1,93,200,16.038600,
policy_only,10,1,perf-policy_only-r010-20260818T025746Z,loan_to_aml,1,94,200,16.233300,
policy_only,10,1,perf-policy_only-r010-20260818T025746Z,loan_to_aml,1,95,200,15.980800,
policy_only,10,1,perf-policy_only-r010-20260818T025746Z,loan_to_aml,1,96,200,16.603200,
policy_only,10,1,perf-policy_only-r010-20260818T025746Z,loan_to_aml,1,97,200,15.383800,
policy_only,10,1,perf-policy_only-r010-20260818T025746Z,loan_to_aml,1,98,200,15.686600,
policy_only,10,1,perf-policy_only-r010-20260818T025746Z,loan_to_aml,1,99,200,16.220900,
policy_only,10,1,perf-policy_only-r010-20260818T025746Z,loan_to_aml,1,100,200,15.573700,
policy_only,10,1,perf-policy_only-r010-20260818T025746Z,loan_to_aml,1,101,200,14.869000,
policy_only,10,1,perf-policy_only-r010-20260818T025746Z,loan_to_aml,1,102,200,16.254400,
policy_only,10,1,perf-policy_only-r010-20260818T025746Z,loan_to_aml,1,103,200,16.165600,
policy_only,10,1,perf-policy_only-r010-20260818T025746Z,loan_to_aml,1,104,200,16.261400,
policy_only,10,1,perf-policy_only-r010-20260818T025746Z,loan_to_aml,1,105,200,15.456500,
policy_only,10,1,perf-policy_only-r010-20260818T025746Z,loan_to_aml,1,106,200,19.371100,
policy_only,10,1,perf-policy_only-r010-20260818T025746Z,loan_to_aml,1,107,200,18.692900,
policy_only,10,1,perf-policy_only-r010-20260818T025746Z,loan_to_aml,1,108,200,15.704000,
policy_only,10,1,perf-policy_only-r010-20260818T025746Z,loan_to_aml,1,109,200,15.704900,
policy_only,10,1,perf-policy_only-r010-20260818T025746Z,loan_to_aml,1,110,200,16.292100,
policy_only,10,1,perf-policy_only-r010-20260818T025746Z,loan_to_aml,1,111,200,16.144500,
policy_only,10,1,perf-policy_only-r010-20260818T025746Z,loan_to_aml,1,112,200,15.892700,
policy_only,10,1,perf-policy_only-r010-20260818T025746Z,loan_to_aml,1,113,200,16.042800,
policy_only,10,1,perf-policy_only-r010-20260818T025746Z,loan_to_aml,1,114,200,16.224800,
policy_only,10,1,perf-policy_only-r010-20260818T025746Z,loan_to_aml,1,115,200,15.424300,
policy_only,10,1,perf-policy_only-r010-20260818T025746Z,loan_to_aml,1,116,200,15.568200,
policy_only,10,1,perf-policy_only-r010-20260818T025746Z,loan_to_aml,1,117,200,16.219000,
policy_only,10,1,perf-policy_only-r010-20260818T025746Z,loan_to_aml,1,118,200,15.899300,
policy_only,10,1,perf-policy_only-r010-20260818T025746Z,loan_to_aml,1,119,200,15.264600,
policy_only,10,1,perf-policy_only-r010-20260818T025746Z,loan_to_aml,1,120,200,16.540800,
policy_only,10,1,perf-policy_only-r010-20260818T025746Z,loan_to_aml,1,121,200,15.773300,
policy_only,10,1,perf-policy_only-r010-20260818T025746Z,loan_to_aml,1,122,200,15.957800,
policy_only,10,1,perf-policy_only-r010-20260818T025746Z,loan_to_aml,1,123,200,15.757600,
policy_only,10,1,perf-policy_only-r010-20260818T025746Z,loan_to_aml,1,124,200,16.048900,
policy_only,10,1,perf-policy_only-r010-20260818T025746Z,loan_to_aml,1,125,200,15.099800,
policy_only,10,1,perf-policy_only-r010-20260818T025746Z,loan_to_aml,1,126,200,16.070300,
policy_only,10,1,perf-policy_only-r010-20260818T025746Z,loan_to_aml,1,127,200,16.069500,
policy_only,10,1,perf-policy_only-r010-20260818T025746Z,loan_to_aml,1,128,200,15.923500,
policy_only,10,1,perf-policy_only-r010-20260818T025746Z,loan_to_aml,1,129,200,15.885500,
policy_only,10,1,perf-policy_only-r010-20260818T025746Z,loan_to_aml,1,130,200,16.207000,
policy_only,10,1,perf-policy_only-r010-20260818T025746Z,loan_to_aml,1,131,200,15.618000,
policy_only,10,1,perf-policy_only-r010-20260818T025746Z,loan_to_aml,1,132,200,16.137100,
policy_only,10,1,perf-policy_only-r010-20260818T025746Z,loan_to_aml,1,133,200,15.742200,
policy_only,10,1,perf-policy_only-r010-20260818T025746Z,loan_to_aml,1,134,200,16.320200,
policy_only,10,1,perf-policy_only-r010-20260818T025746Z,loan_to_aml,1,135,200,15.716300,
policy_only,10,1,perf-policy_only-r010-20260818T025746Z,loan_to_aml,1,136,200,16.091900,
policy_only,10,1,perf-policy_only-r010-20260818T025746Z,loan_to_aml,1,137,200,15.776500,
policy_only,10,1,perf-policy_only-r010-20260818T025746Z,loan_to_aml,1,138,200,16.177900,
policy_only,10,1,perf-policy_only-r010-20260818T025746Z,loan_to_aml,1,139,200,16.260700,
policy_only,10,1,perf-policy_only-r010-20260818T025746Z,loan_to_aml,1,140,200,15.866100,
policy_only,10,1,perf-policy_only-r010-20260818T025746Z,loan_to_aml,1,141,200,15.904900,
policy_only,10,1,perf-policy_only-r010-20260818T025746Z,loan_to_aml,1,142,200,16.393700,
policy_only,10,1,perf-policy_only-r010-20260818T025746Z,loan_to_aml,1,143,200,16.706700,
policy_only,10,1,perf-policy_only-r010-20260818T025746Z,loan_to_aml,1,144,200,15.477300,
policy_only,10,1,perf-policy_only-r010-20260818T025746Z,loan_to_aml,1,145,200,16.062100,
policy_only,10,1,perf-policy_only-r010-20260818T025746Z,loan_to_aml,1,146,200,15.321400,
policy_only,10,1,perf-policy_only-r010-20260818T025746Z,loan_to_aml,1,147,200,15.774700,
policy_only,10,1,perf-policy_only-r010-20260818T025746Z,loan_to_aml,1,148,200,15.877400,
policy_only,10,1,perf-policy_only-r010-20260818T025746Z,loan_to_aml,1,149,200,16.204400,
policy_only,10,1,perf-policy_only-r010-20260818T025746Z,loan_to_aml,1,150,200,15.830800,
policy_only,10,1,perf-policy_only-r010-20260818T025746Z,loan_to_aml,1,151,200,17.162400,
policy_only,10,1,perf-policy_only-r010-20260818T025746Z,loan_to_aml,1,152,200,15.856400,
policy_only,10,1,perf-policy_only-r010-20260818T025746Z,loan_to_aml,1,153,200,15.826700,
policy_only,10,1,perf-policy_only-r010-20260818T025746Z,loan_to_aml,1,154,200,16.152100,
policy_only,10,1,perf-policy_only-r010-20260818T025746Z,loan_to_aml,1,155,200,16.405700,
policy_only,10,1,perf-policy_only-r010-20260818T025746Z,loan_to_aml,1,156,200,16.315400,
policy_only,10,1,perf-policy_only-r010-20260818T025746Z,loan_to_aml,1,157,200,16.047900,
policy_only,10,1,perf-policy_only-r010-20260818T025746Z,loan_to_aml,1,158,200,15.912700,
policy_only,10,1,perf-policy_only-r010-20260818T025746Z,loan_to_aml,1,159,200,15.951900,
policy_only,10,1,perf-policy_only-r010-20260818T025746Z,loan_to_aml,1,160,200,16.086700,
policy_only,10,1,perf-policy_only-r010-20260818T025746Z,loan_to_aml,1,161,200,15.789100,
policy_only,10,1,perf-policy_only-r010-20260818T025746Z,loan_to_aml,1,162,200,16.384200,
policy_only,10,1,perf-policy_only-r010-20260818T025746Z,loan_to_aml,1,163,200,15.742900,
policy_only,10,1,perf-policy_only-r010-20260818T025746Z,loan_to_aml,1,164,200,15.832300,
policy_only,10,1,perf-policy_only-r010-20260818T025746Z,loan_to_aml,1,165,200,16.744100,
policy_only,10,1,perf-policy_only-r010-20260818T025746Z,loan_to_aml,1,166,200,15.575100,
policy_only,10,1,perf-policy_only-r010-20260818T025746Z,loan_to_aml,1,167,200,16.286300,
policy_only,10,1,perf-policy_only-r010-20260818T025746Z,loan_to_aml,1,168,200,15.962800,
policy_only,10,1,perf-policy_only-r010-20260818T025746Z,loan_to_aml,1,169,200,15.904500,
policy_only,10,1,perf-policy_only-r010-20260818T025746Z,loan_to_aml,1,170,200,16.787000,
policy_only,10,1,perf-policy_only-r010-20260818T025746Z,loan_to_aml,1,171,200,15.965700,
policy_only,10,1,perf-policy_only-r010-20260818T025746Z,loan_to_aml,1,172,200,16.428100,
policy_only,10,1,perf-policy_only-r010-20260818T025746Z,loan_to_aml,1,173,200,15.105800,
policy_only,10,1,perf-policy_only-r010-20260818T025746Z,loan_to_aml,1,174,200,16.524900,
policy_only,10,1,perf-policy_only-r010-20260818T025746Z,loan_to_aml,1,175,200,15.793300,
policy_only,10,1,perf-policy_only-r010-20260818T025746Z,loan_to_aml,1,176,200,14.982000,
policy_only,10,1,perf-policy_only-r010-20260818T025746Z,loan_to_aml,1,177,200,16.122700,
policy_only,10,1,perf-policy_only-r010-20260818T025746Z,loan_to_aml,1,178,200,15.651900,
policy_only,10,1,perf-policy_only-r010-20260818T025746Z,loan_to_aml,1,179,200,16.177000,
policy_only,10,1,perf-policy_only-r010-20260818T025746Z,loan_to_aml,1,180,200,15.981000,
policy_only,10,1,perf-policy_only-r010-20260818T025746Z,loan_to_aml,1,181,200,15.757000,
policy_only,10,1,perf-policy_only-r010-20260818T025746Z,loan_to_aml,1,182,200,15.222200,
policy_only,10,1,perf-policy_only-r010-20260818T025746Z,loan_to_aml,1,183,200,16.050100,
policy_only,10,1,perf-policy_only-r010-20260818T025746Z,loan_to_aml,1,184,200,15.856300,
policy_only,10,1,perf-policy_only-r010-20260818T025746Z,loan_to_aml,1,185,200,16.008000,
policy_only,10,1,perf-policy_only-r010-20260818T025746Z,loan_to_aml,1,186,200,15.806400,
policy_only,10,1,perf-policy_only-r010-20260818T025746Z,loan_to_aml,1,187,200,16.172700,
policy_only,10,1,perf-policy_only-r010-20260818T025746Z,loan_to_aml,1,188,200,15.965700,
policy_only,10,1,perf-policy_only-r010-20260818T025746Z,loan_to_aml,1,189,200,15.540200,
policy_only,10,1,perf-policy_only-r010-20260818T025746Z,loan_to_aml,1,190,200,16.173300,
policy_only,10,1,perf-policy_only-r010-20260818T025746Z,loan_to_aml,1,191,200,16.600900,
policy_only,10,1,perf-policy_only-r010-20260818T025746Z,loan_to_aml,1,192,200,16.823000,
policy_only,10,1,perf-policy_only-r010-20260818T025746Z,loan_to_aml,1,193,200,17.809500,
policy_only,10,1,perf-policy_only-r010-20260818T025746Z,loan_to_aml,1,194,200,15.973300,
policy_only,10,1,perf-policy_only-r010-20260818T025746Z,loan_to_aml,1,195,200,16.169400,
policy_only,10,1,perf-policy_only-r010-20260818T025746Z,loan_to_aml,1,196,200,16.940500,
policy_only,10,1,perf-policy_only-r010-20260818T025746Z,loan_to_aml,1,197,200,15.808600,
policy_only,10,1,perf-policy_only-r010-20260818T025746Z,loan_to_aml,1,198,200,16.081100,
policy_only,10,1,perf-policy_only-r010-20260818T025746Z,loan_to_aml,1,199,200,16.449200,
policy_only,10,1,perf-policy_only-r010-20260818T025746Z,loan_to_aml,1,200,200,16.106700,
policy_only,10,1,perf-policy_only-r010-20260818T025746Z,loan_to_aml,2,1,200,16.311700,
policy_only,10,1,perf-policy_only-r010-20260818T025746Z,loan_to_aml,2,2,200,18.958400,
policy_only,10,1,perf-policy_only-r010-20260818T025746Z,loan_to_aml,2,3,200,15.833000,
policy_only,10,1,perf-policy_only-r010-20260818T025746Z,loan_to_aml,2,4,200,16.113400,
policy_only,10,1,perf-policy_only-r010-20260818T025746Z,loan_to_aml,2,5,200,17.469200,
policy_only,10,1,perf-policy_only-r010-20260818T025746Z,loan_to_aml,2,6,200,17.292200,
policy_only,10,1,perf-policy_only-r010-20260818T025746Z,loan_to_aml,2,7,200,18.114200,
policy_only,10,1,perf-policy_only-r010-20260818T025746Z,loan_to_aml,2,8,200,17.565100,
policy_only,10,1,perf-policy_only-r010-20260818T025746Z,loan_to_aml,2,9,200,17.036000,
policy_only,10,1,perf-policy_only-r010-20260818T025746Z,loan_to_aml,2,10,200,17.695600,
policy_only,10,1,perf-policy_only-r010-20260818T025746Z,loan_to_aml,2,11,200,16.437200,
policy_only,10,1,perf-policy_only-r010-20260818T025746Z,loan_to_aml,2,12,200,16.527700,
policy_only,10,1,perf-policy_only-r010-20260818T025746Z,loan_to_aml,2,13,200,17.057500,
policy_only,10,1,perf-policy_only-r010-20260818T025746Z,loan_to_aml,2,14,200,16.983600,
policy_only,10,1,perf-policy_only-r010-20260818T025746Z,loan_to_aml,2,15,200,16.774300,
policy_only,10,1,perf-policy_only-r010-20260818T025746Z,loan_to_aml,2,16,200,18.243200,
policy_only,10,1,perf-policy_only-r010-20260818T025746Z,loan_to_aml,2,17,200,16.562000,
policy_only,10,1,perf-policy_only-r010-20260818T025746Z,loan_to_aml,2,18,200,15.823500,
policy_only,10,1,perf-policy_only-r010-20260818T025746Z,loan_to_aml,2,19,200,16.382900,
policy_only,10,1,perf-policy_only-r010-20260818T025746Z,loan_to_aml,2,20,200,17.818500,
policy_only,10,1,perf-policy_only-r010-20260818T025746Z,loan_to_aml,2,21,200,16.121800,
policy_only,10,1,perf-policy_only-r010-20260818T025746Z,loan_to_aml,2,22,200,17.002500,
policy_only,10,1,perf-policy_only-r010-20260818T025746Z,loan_to_aml,2,23,200,16.870100,
policy_only,10,1,perf-policy_only-r010-20260818T025746Z,loan_to_aml,2,24,200,15.892100,
policy_only,10,1,perf-policy_only-r010-20260818T025746Z,loan_to_aml,2,25,200,17.241400,
policy_only,10,1,perf-policy_only-r010-20260818T025746Z,loan_to_aml,2,26,200,16.741400,
policy_only,10,1,perf-policy_only-r010-20260818T025746Z,loan_to_aml,2,27,200,16.132700,
policy_only,10,1,perf-policy_only-r010-20260818T025746Z,loan_to_aml,2,28,200,15.883600,
policy_only,10,1,perf-policy_only-r010-20260818T025746Z,loan_to_aml,2,29,200,15.943100,
policy_only,10,1,perf-policy_only-r010-20260818T025746Z,loan_to_aml,2,30,200,16.036500,
policy_only,10,1,perf-policy_only-r010-20260818T025746Z,loan_to_aml,2,31,200,16.276400,
policy_only,10,1,perf-policy_only-r010-20260818T025746Z,loan_to_aml,2,32,200,16.748700,
policy_only,10,1,perf-policy_only-r010-20260818T025746Z,loan_to_aml,2,33,200,16.798700,
policy_only,10,1,perf-policy_only-r010-20260818T025746Z,loan_to_aml,2,34,200,16.332100,
policy_only,10,1,perf-policy_only-r010-20260818T025746Z,loan_to_aml,2,35,200,17.655500,
policy_only,10,1,perf-policy_only-r010-20260818T025746Z,loan_to_aml,2,36,200,19.063300,
policy_only,10,1,perf-policy_only-r010-20260818T025746Z,loan_to_aml,2,37,200,22.695400,
policy_only,10,1,perf-policy_only-r010-20260818T025746Z,loan_to_aml,2,38,200,19.258700,
policy_only,10,1,perf-policy_only-r010-20260818T025746Z,loan_to_aml,2,39,200,19.509000,
policy_only,10,1,perf-policy_only-r010-20260818T025746Z,loan_to_aml,2,40,200,20.099600,
policy_only,10,1,perf-policy_only-r010-20260818T025746Z,loan_to_aml,2,41,200,20.656400,
policy_only,10,1,perf-policy_only-r010-20260818T025746Z,loan_to_aml,2,42,200,20.361800,
policy_only,10,1,perf-policy_only-r010-20260818T025746Z,loan_to_aml,2,43,200,17.917900,
policy_only,10,1,perf-policy_only-r010-20260818T025746Z,loan_to_aml,2,44,200,16.474700,
policy_only,10,1,perf-policy_only-r010-20260818T025746Z,loan_to_aml,2,45,200,18.270800,
policy_only,10,1,perf-policy_only-r010-20260818T025746Z,loan_to_aml,2,46,200,19.269800,
policy_only,10,1,perf-policy_only-r010-20260818T025746Z,loan_to_aml,2,47,200,18.603200,
policy_only,10,1,perf-policy_only-r010-20260818T025746Z,loan_to_aml,2,48,200,18.873200,
policy_only,10,1,perf-policy_only-r010-20260818T025746Z,loan_to_aml,2,49,200,18.199900,
policy_only,10,1,perf-policy_only-r010-20260818T025746Z,loan_to_aml,2,50,200,17.190700,
policy_only,10,1,perf-policy_only-r010-20260818T025746Z,loan_to_aml,2,51,200,18.938600,
policy_only,10,1,perf-policy_only-r010-20260818T025746Z,loan_to_aml,2,52,200,19.346700,
policy_only,10,1,perf-policy_only-r010-20260818T025746Z,loan_to_aml,2,53,200,17.501900,
policy_only,10,1,perf-policy_only-r010-20260818T025746Z,loan_to_aml,2,54,200,18.505100,
policy_only,10,1,perf-policy_only-r010-20260818T025746Z,loan_to_aml,2,55,200,18.912300,
policy_only,10,1,perf-policy_only-r010-20260818T025746Z,loan_to_aml,2,56,200,17.847000,
policy_only,10,1,perf-policy_only-r010-20260818T025746Z,loan_to_aml,2,57,200,19.813100,
policy_only,10,1,perf-policy_only-r010-20260818T025746Z,loan_to_aml,2,58,200,17.663400,
policy_only,10,1,perf-policy_only-r010-20260818T025746Z,loan_to_aml,2,59,200,18.840900,
policy_only,10,1,perf-policy_only-r010-20260818T025746Z,loan_to_aml,2,60,200,17.859200,
policy_only,10,1,perf-policy_only-r010-20260818T025746Z,loan_to_aml,2,61,200,17.682600,
policy_only,10,1,perf-policy_only-r010-20260818T025746Z,loan_to_aml,2,62,200,17.376000,
policy_only,10,1,perf-policy_only-r010-20260818T025746Z,loan_to_aml,2,63,200,16.938700,
policy_only,10,1,perf-policy_only-r010-20260818T025746Z,loan_to_aml,2,64,200,17.600200,
policy_only,10,1,perf-policy_only-r010-20260818T025746Z,loan_to_aml,2,65,200,17.165700,
policy_only,10,1,perf-policy_only-r010-20260818T025746Z,loan_to_aml,2,66,200,17.118600,
policy_only,10,1,perf-policy_only-r010-20260818T025746Z,loan_to_aml,2,67,200,17.506000,
policy_only,10,1,perf-policy_only-r010-20260818T025746Z,loan_to_aml,2,68,200,17.435500,
policy_only,10,1,perf-policy_only-r010-20260818T025746Z,loan_to_aml,2,69,200,17.631900,
policy_only,10,1,perf-policy_only-r010-20260818T025746Z,loan_to_aml,2,70,200,16.577500,
policy_only,10,1,perf-policy_only-r010-20260818T025746Z,loan_to_aml,2,71,200,16.876200,
policy_only,10,1,perf-policy_only-r010-20260818T025746Z,loan_to_aml,2,72,200,16.876000,
policy_only,10,1,perf-policy_only-r010-20260818T025746Z,loan_to_aml,2,73,200,17.297800,
policy_only,10,1,perf-policy_only-r010-20260818T025746Z,loan_to_aml,2,74,200,17.113000,
policy_only,10,1,perf-policy_only-r010-20260818T025746Z,loan_to_aml,2,75,200,16.071500,
policy_only,10,1,perf-policy_only-r010-20260818T025746Z,loan_to_aml,2,76,200,16.129800,
policy_only,10,1,perf-policy_only-r010-20260818T025746Z,loan_to_aml,2,77,200,16.055700,
policy_only,10,1,perf-policy_only-r010-20260818T025746Z,loan_to_aml,2,78,200,17.047400,
policy_only,10,1,perf-policy_only-r010-20260818T025746Z,loan_to_aml,2,79,200,17.144100,
policy_only,10,1,perf-policy_only-r010-20260818T025746Z,loan_to_aml,2,80,200,15.781500,
policy_only,10,1,perf-policy_only-r010-20260818T025746Z,loan_to_aml,2,81,200,17.005200,
policy_only,10,1,perf-policy_only-r010-20260818T025746Z,loan_to_aml,2,82,200,15.849700,
policy_only,10,1,perf-policy_only-r010-20260818T025746Z,loan_to_aml,2,83,200,15.698000,
policy_only,10,1,perf-policy_only-r010-20260818T025746Z,loan_to_aml,2,84,200,14.765100,
policy_only,10,1,perf-policy_only-r010-20260818T025746Z,loan_to_aml,2,85,200,15.434200,
policy_only,10,1,perf-policy_only-r010-20260818T025746Z,loan_to_aml,2,86,200,16.196500,
policy_only,10,1,perf-policy_only-r010-20260818T025746Z,loan_to_aml,2,87,200,15.610500,
policy_only,10,1,perf-policy_only-r010-20260818T025746Z,loan_to_aml,2,88,200,16.212600,
policy_only,10,1,perf-policy_only-r010-20260818T025746Z,loan_to_aml,2,89,200,24.437800,
policy_only,10,1,perf-policy_only-r010-20260818T025746Z,loan_to_aml,2,90,200,17.487700,
policy_only,10,1,perf-policy_only-r010-20260818T025746Z,loan_to_aml,2,91,200,19.477000,
policy_only,10,1,perf-policy_only-r010-20260818T025746Z,loan_to_aml,2,92,200,17.986800,
policy_only,10,1,perf-policy_only-r010-20260818T025746Z,loan_to_aml,2,93,200,20.039400,
policy_only,10,1,perf-policy_only-r010-20260818T025746Z,loan_to_aml,2,94,200,17.704100,
policy_only,10,1,perf-policy_only-r010-20260818T025746Z,loan_to_aml,2,95,200,16.563600,
policy_only,10,1,perf-policy_only-r010-20260818T025746Z,loan_to_aml,2,96,200,16.239400,
policy_only,10,1,perf-policy_only-r010-20260818T025746Z,loan_to_aml,2,97,200,17.233000,
policy_only,10,1,perf-policy_only-r010-20260818T025746Z,loan_to_aml,2,98,200,16.027100,
policy_only,10,1,perf-policy_only-r010-20260818T025746Z,loan_to_aml,2,99,200,17.525700,
policy_only,10,1,perf-policy_only-r010-20260818T025746Z,loan_to_aml,2,100,200,15.820600,
policy_only,10,1,perf-policy_only-r010-20260818T025746Z,loan_to_aml,2,101,200,16.020900,
policy_only,10,1,perf-policy_only-r010-20260818T025746Z,loan_to_aml,2,102,200,16.042500,
policy_only,10,1,perf-policy_only-r010-20260818T025746Z,loan_to_aml,2,103,200,15.775600,
policy_only,10,1,perf-policy_only-r010-20260818T025746Z,loan_to_aml,2,104,200,16.102500,
policy_only,10,1,perf-policy_only-r010-20260818T025746Z,loan_to_aml,2,105,200,16.990400,
policy_only,10,1,perf-policy_only-r010-20260818T025746Z,loan_to_aml,2,106,200,16.645400,
policy_only,10,1,perf-policy_only-r010-20260818T025746Z,loan_to_aml,2,107,200,14.906000,
policy_only,10,1,perf-policy_only-r010-20260818T025746Z,loan_to_aml,2,108,200,16.261000,
policy_only,10,1,perf-policy_only-r010-20260818T025746Z,loan_to_aml,2,109,200,16.335400,
policy_only,10,1,perf-policy_only-r010-20260818T025746Z,loan_to_aml,2,110,200,16.612600,
policy_only,10,1,perf-policy_only-r010-20260818T025746Z,loan_to_aml,2,111,200,16.413800,
policy_only,10,1,perf-policy_only-r010-20260818T025746Z,loan_to_aml,2,112,200,16.964400,
policy_only,10,1,perf-policy_only-r010-20260818T025746Z,loan_to_aml,2,113,200,16.684300,
policy_only,10,1,perf-policy_only-r010-20260818T025746Z,loan_to_aml,2,114,200,15.967800,
policy_only,10,1,perf-policy_only-r010-20260818T025746Z,loan_to_aml,2,115,200,15.976400,
policy_only,10,1,perf-policy_only-r010-20260818T025746Z,loan_to_aml,2,116,200,15.998600,
policy_only,10,1,perf-policy_only-r010-20260818T025746Z,loan_to_aml,2,117,200,15.037900,
policy_only,10,1,perf-policy_only-r010-20260818T025746Z,loan_to_aml,2,118,200,15.765600,
policy_only,10,1,perf-policy_only-r010-20260818T025746Z,loan_to_aml,2,119,200,16.363200,
policy_only,10,1,perf-policy_only-r010-20260818T025746Z,loan_to_aml,2,120,200,15.765600,
policy_only,10,1,perf-policy_only-r010-20260818T025746Z,loan_to_aml,2,121,200,16.120500,
policy_only,10,1,perf-policy_only-r010-20260818T025746Z,loan_to_aml,2,122,200,15.813100,
policy_only,10,1,perf-policy_only-r010-20260818T025746Z,loan_to_aml,2,123,200,16.045600,
policy_only,10,1,perf-policy_only-r010-20260818T025746Z,loan_to_aml,2,124,200,16.017800,
policy_only,10,1,perf-policy_only-r010-20260818T025746Z,loan_to_aml,2,125,200,15.586100,
policy_only,10,1,perf-policy_only-r010-20260818T025746Z,loan_to_aml,2,126,200,15.987700,
policy_only,10,1,perf-policy_only-r010-20260818T025746Z,loan_to_aml,2,127,200,16.329800,
policy_only,10,1,perf-policy_only-r010-20260818T025746Z,loan_to_aml,2,128,200,16.913300,
policy_only,10,1,perf-policy_only-r010-20260818T025746Z,loan_to_aml,2,129,200,17.198400,
policy_only,10,1,perf-policy_only-r010-20260818T025746Z,loan_to_aml,2,130,200,17.503400,
policy_only,10,1,perf-policy_only-r010-20260818T025746Z,loan_to_aml,2,131,200,16.559300,
policy_only,10,1,perf-policy_only-r010-20260818T025746Z,loan_to_aml,2,132,200,16.496100,
policy_only,10,1,perf-policy_only-r010-20260818T025746Z,loan_to_aml,2,133,200,16.061600,
policy_only,10,1,perf-policy_only-r010-20260818T025746Z,loan_to_aml,2,134,200,15.590200,
policy_only,10,1,perf-policy_only-r010-20260818T025746Z,loan_to_aml,2,135,200,16.577600,
policy_only,10,1,perf-policy_only-r010-20260818T025746Z,loan_to_aml,2,136,200,15.627000,
policy_only,10,1,perf-policy_only-r010-20260818T025746Z,loan_to_aml,2,137,200,16.212100,
policy_only,10,1,perf-policy_only-r010-20260818T025746Z,loan_to_aml,2,138,200,16.011900,
policy_only,10,1,perf-policy_only-r010-20260818T025746Z,loan_to_aml,2,139,200,15.913200,
policy_only,10,1,perf-policy_only-r010-20260818T025746Z,loan_to_aml,2,140,200,16.901500,
policy_only,10,1,perf-policy_only-r010-20260818T025746Z,loan_to_aml,2,141,200,15.890200,
policy_only,10,1,perf-policy_only-r010-20260818T025746Z,loan_to_aml,2,142,200,16.332100,
policy_only,10,1,perf-policy_only-r010-20260818T025746Z,loan_to_aml,2,143,200,16.702600,
policy_only,10,1,perf-policy_only-r010-20260818T025746Z,loan_to_aml,2,144,200,16.013500,
policy_only,10,1,perf-policy_only-r010-20260818T025746Z,loan_to_aml,2,145,200,17.196000,
policy_only,10,1,perf-policy_only-r010-20260818T025746Z,loan_to_aml,2,146,200,15.907600,
policy_only,10,1,perf-policy_only-r010-20260818T025746Z,loan_to_aml,2,147,200,16.090300,
policy_only,10,1,perf-policy_only-r010-20260818T025746Z,loan_to_aml,2,148,200,16.501800,
policy_only,10,1,perf-policy_only-r010-20260818T025746Z,loan_to_aml,2,149,200,16.323900,
policy_only,10,1,perf-policy_only-r010-20260818T025746Z,loan_to_aml,2,150,200,17.230700,
policy_only,10,1,perf-policy_only-r010-20260818T025746Z,loan_to_aml,2,151,200,15.717200,
policy_only,10,1,perf-policy_only-r010-20260818T025746Z,loan_to_aml,2,152,200,15.974200,
policy_only,10,1,perf-policy_only-r010-20260818T025746Z,loan_to_aml,2,153,200,16.600500,
policy_only,10,1,perf-policy_only-r010-20260818T025746Z,loan_to_aml,2,154,200,17.097600,
policy_only,10,1,perf-policy_only-r010-20260818T025746Z,loan_to_aml,2,155,200,15.838800,
policy_only,10,1,perf-policy_only-r010-20260818T025746Z,loan_to_aml,2,156,200,16.326400,
policy_only,10,1,perf-policy_only-r010-20260818T025746Z,loan_to_aml,2,157,200,15.678100,
policy_only,10,1,perf-policy_only-r010-20260818T025746Z,loan_to_aml,2,158,200,16.270100,
policy_only,10,1,perf-policy_only-r010-20260818T025746Z,loan_to_aml,2,159,200,16.946500,
policy_only,10,1,perf-policy_only-r010-20260818T025746Z,loan_to_aml,2,160,200,17.176200,
policy_only,10,1,perf-policy_only-r010-20260818T025746Z,loan_to_aml,2,161,200,18.784600,
policy_only,10,1,perf-policy_only-r010-20260818T025746Z,loan_to_aml,2,162,200,17.387200,
policy_only,10,1,perf-policy_only-r010-20260818T025746Z,loan_to_aml,2,163,200,19.041300,
policy_only,10,1,perf-policy_only-r010-20260818T025746Z,loan_to_aml,2,164,200,19.547200,
policy_only,10,1,perf-policy_only-r010-20260818T025746Z,loan_to_aml,2,165,200,17.573500,
policy_only,10,1,perf-policy_only-r010-20260818T025746Z,loan_to_aml,2,166,200,18.058100,
policy_only,10,1,perf-policy_only-r010-20260818T025746Z,loan_to_aml,2,167,200,16.668000,
policy_only,10,1,perf-policy_only-r010-20260818T025746Z,loan_to_aml,2,168,200,15.451200,
policy_only,10,1,perf-policy_only-r010-20260818T025746Z,loan_to_aml,2,169,200,16.714900,
policy_only,10,1,perf-policy_only-r010-20260818T025746Z,loan_to_aml,2,170,200,16.496000,
policy_only,10,1,perf-policy_only-r010-20260818T025746Z,loan_to_aml,2,171,200,16.772800,
policy_only,10,1,perf-policy_only-r010-20260818T025746Z,loan_to_aml,2,172,200,16.174300,
policy_only,10,1,perf-policy_only-r010-20260818T025746Z,loan_to_aml,2,173,200,16.039400,
policy_only,10,1,perf-policy_only-r010-20260818T025746Z,loan_to_aml,2,174,200,16.902800,
policy_only,10,1,perf-policy_only-r010-20260818T025746Z,loan_to_aml,2,175,200,17.014700,
policy_only,10,1,perf-policy_only-r010-20260818T025746Z,loan_to_aml,2,176,200,15.664700,
policy_only,10,1,perf-policy_only-r010-20260818T025746Z,loan_to_aml,2,177,200,15.818900,
policy_only,10,1,perf-policy_only-r010-20260818T025746Z,loan_to_aml,2,178,200,16.366200,
policy_only,10,1,perf-policy_only-r010-20260818T025746Z,loan_to_aml,2,179,200,16.444600,
policy_only,10,1,perf-policy_only-r010-20260818T025746Z,loan_to_aml,2,180,200,16.563200,
policy_only,10,1,perf-policy_only-r010-20260818T025746Z,loan_to_aml,2,181,200,15.737400,
policy_only,10,1,perf-policy_only-r010-20260818T025746Z,loan_to_aml,2,182,200,16.094100,
policy_only,10,1,perf-policy_only-r010-20260818T025746Z,loan_to_aml,2,183,200,16.514300,
policy_only,10,1,perf-policy_only-r010-20260818T025746Z,loan_to_aml,2,184,200,16.227100,
policy_only,10,1,perf-policy_only-r010-20260818T025746Z,loan_to_aml,2,185,200,15.478500,
policy_only,10,1,perf-policy_only-r010-20260818T025746Z,loan_to_aml,2,186,200,15.887800,
policy_only,10,1,perf-policy_only-r010-20260818T025746Z,loan_to_aml,2,187,200,15.780400,
policy_only,10,1,perf-policy_only-r010-20260818T025746Z,loan_to_aml,2,188,200,15.942200,
policy_only,10,1,perf-policy_only-r010-20260818T025746Z,loan_to_aml,2,189,200,16.055100,
policy_only,10,1,perf-policy_only-r010-20260818T025746Z,loan_to_aml,2,190,200,15.751700,
policy_only,10,1,perf-policy_only-r010-20260818T025746Z,loan_to_aml,2,191,200,15.032700,
policy_only,10,1,perf-policy_only-r010-20260818T025746Z,loan_to_aml,2,192,200,14.710400,
policy_only,10,1,perf-policy_only-r010-20260818T025746Z,loan_to_aml,2,193,200,14.954500,
policy_only,10,1,perf-policy_only-r010-20260818T025746Z,loan_to_aml,2,194,200,15.272900,
policy_only,10,1,perf-policy_only-r010-20260818T025746Z,loan_to_aml,2,195,200,16.056200,
policy_only,10,1,perf-policy_only-r010-20260818T025746Z,loan_to_aml,2,196,200,15.876600,
policy_only,10,1,perf-policy_only-r010-20260818T025746Z,loan_to_aml,2,197,200,15.997700,
policy_only,10,1,perf-policy_only-r010-20260818T025746Z,loan_to_aml,2,198,200,16.034600,
policy_only,10,1,perf-policy_only-r010-20260818T025746Z,loan_to_aml,2,199,200,16.001400,
policy_only,10,1,perf-policy_only-r010-20260818T025746Z,loan_to_aml,2,200,200,16.067800,
policy_only,10,1,perf-policy_only-r010-20260818T025746Z,loan_to_aml,3,1,200,16.078300,
policy_only,10,1,perf-policy_only-r010-20260818T025746Z,loan_to_aml,3,2,200,15.738800,
policy_only,10,1,perf-policy_only-r010-20260818T025746Z,loan_to_aml,3,3,200,16.006000,
policy_only,10,1,perf-policy_only-r010-20260818T025746Z,loan_to_aml,3,4,200,15.896300,
policy_only,10,1,perf-policy_only-r010-20260818T025746Z,loan_to_aml,3,5,200,14.880800,
policy_only,10,1,perf-policy_only-r010-20260818T025746Z,loan_to_aml,3,6,200,16.735400,
policy_only,10,1,perf-policy_only-r010-20260818T025746Z,loan_to_aml,3,7,200,16.520800,
policy_only,10,1,perf-policy_only-r010-20260818T025746Z,loan_to_aml,3,8,200,15.831300,
policy_only,10,1,perf-policy_only-r010-20260818T025746Z,loan_to_aml,3,9,200,16.183100,
policy_only,10,1,perf-policy_only-r010-20260818T025746Z,loan_to_aml,3,10,200,15.771800,
policy_only,10,1,perf-policy_only-r010-20260818T025746Z,loan_to_aml,3,11,200,16.484500,
policy_only,10,1,perf-policy_only-r010-20260818T025746Z,loan_to_aml,3,12,200,15.945100,
policy_only,10,1,perf-policy_only-r010-20260818T025746Z,loan_to_aml,3,13,200,15.981400,
policy_only,10,1,perf-policy_only-r010-20260818T025746Z,loan_to_aml,3,14,200,15.737000,
policy_only,10,1,perf-policy_only-r010-20260818T025746Z,loan_to_aml,3,15,200,15.974000,
policy_only,10,1,perf-policy_only-r010-20260818T025746Z,loan_to_aml,3,16,200,15.763500,
policy_only,10,1,perf-policy_only-r010-20260818T025746Z,loan_to_aml,3,17,200,15.295200,
policy_only,10,1,perf-policy_only-r010-20260818T025746Z,loan_to_aml,3,18,200,16.765500,
policy_only,10,1,perf-policy_only-r010-20260818T025746Z,loan_to_aml,3,19,200,15.897200,
policy_only,10,1,perf-policy_only-r010-20260818T025746Z,loan_to_aml,3,20,200,14.816900,
policy_only,10,1,perf-policy_only-r010-20260818T025746Z,loan_to_aml,3,21,200,16.370800,
policy_only,10,1,perf-policy_only-r010-20260818T025746Z,loan_to_aml,3,22,200,15.666000,
policy_only,10,1,perf-policy_only-r010-20260818T025746Z,loan_to_aml,3,23,200,16.007900,
policy_only,10,1,perf-policy_only-r010-20260818T025746Z,loan_to_aml,3,24,200,14.948000,
policy_only,10,1,perf-policy_only-r010-20260818T025746Z,loan_to_aml,3,25,200,16.219900,
policy_only,10,1,perf-policy_only-r010-20260818T025746Z,loan_to_aml,3,26,200,15.619200,
policy_only,10,1,perf-policy_only-r010-20260818T025746Z,loan_to_aml,3,27,200,15.272000,
policy_only,10,1,perf-policy_only-r010-20260818T025746Z,loan_to_aml,3,28,200,15.833200,
policy_only,10,1,perf-policy_only-r010-20260818T025746Z,loan_to_aml,3,29,200,15.793700,
policy_only,10,1,perf-policy_only-r010-20260818T025746Z,loan_to_aml,3,30,200,15.630400,
policy_only,10,1,perf-policy_only-r010-20260818T025746Z,loan_to_aml,3,31,200,17.088300,
policy_only,10,1,perf-policy_only-r010-20260818T025746Z,loan_to_aml,3,32,200,15.622400,
policy_only,10,1,perf-policy_only-r010-20260818T025746Z,loan_to_aml,3,33,200,16.181500,
policy_only,10,1,perf-policy_only-r010-20260818T025746Z,loan_to_aml,3,34,200,15.296200,
policy_only,10,1,perf-policy_only-r010-20260818T025746Z,loan_to_aml,3,35,200,15.558900,
policy_only,10,1,perf-policy_only-r010-20260818T025746Z,loan_to_aml,3,36,200,15.888800,
policy_only,10,1,perf-policy_only-r010-20260818T025746Z,loan_to_aml,3,37,200,16.025300,
policy_only,10,1,perf-policy_only-r010-20260818T025746Z,loan_to_aml,3,38,200,15.734900,
policy_only,10,1,perf-policy_only-r010-20260818T025746Z,loan_to_aml,3,39,200,16.238400,
policy_only,10,1,perf-policy_only-r010-20260818T025746Z,loan_to_aml,3,40,200,16.866200,
policy_only,10,1,perf-policy_only-r010-20260818T025746Z,loan_to_aml,3,41,200,15.796200,
policy_only,10,1,perf-policy_only-r010-20260818T025746Z,loan_to_aml,3,42,200,16.112800,
policy_only,10,1,perf-policy_only-r010-20260818T025746Z,loan_to_aml,3,43,200,15.950300,
policy_only,10,1,perf-policy_only-r010-20260818T025746Z,loan_to_aml,3,44,200,17.343400,
policy_only,10,1,perf-policy_only-r010-20260818T025746Z,loan_to_aml,3,45,200,16.687900,
policy_only,10,1,perf-policy_only-r010-20260818T025746Z,loan_to_aml,3,46,200,15.563600,
policy_only,10,1,perf-policy_only-r010-20260818T025746Z,loan_to_aml,3,47,200,15.531300,
policy_only,10,1,perf-policy_only-r010-20260818T025746Z,loan_to_aml,3,48,200,15.862900,
policy_only,10,1,perf-policy_only-r010-20260818T025746Z,loan_to_aml,3,49,200,16.032400,
policy_only,10,1,perf-policy_only-r010-20260818T025746Z,loan_to_aml,3,50,200,15.788600,
policy_only,10,1,perf-policy_only-r010-20260818T025746Z,loan_to_aml,3,51,200,15.900800,
policy_only,10,1,perf-policy_only-r010-20260818T025746Z,loan_to_aml,3,52,200,16.172700,
policy_only,10,1,perf-policy_only-r010-20260818T025746Z,loan_to_aml,3,53,200,16.109700,
policy_only,10,1,perf-policy_only-r010-20260818T025746Z,loan_to_aml,3,54,200,15.801900,
policy_only,10,1,perf-policy_only-r010-20260818T025746Z,loan_to_aml,3,55,200,16.058500,
policy_only,10,1,perf-policy_only-r010-20260818T025746Z,loan_to_aml,3,56,200,16.035400,
policy_only,10,1,perf-policy_only-r010-20260818T025746Z,loan_to_aml,3,57,200,17.032500,
policy_only,10,1,perf-policy_only-r010-20260818T025746Z,loan_to_aml,3,58,200,15.066800,
policy_only,10,1,perf-policy_only-r010-20260818T025746Z,loan_to_aml,3,59,200,15.947200,
policy_only,10,1,perf-policy_only-r010-20260818T025746Z,loan_to_aml,3,60,200,16.385700,
policy_only,10,1,perf-policy_only-r010-20260818T025746Z,loan_to_aml,3,61,200,16.917900,
policy_only,10,1,perf-policy_only-r010-20260818T025746Z,loan_to_aml,3,62,200,16.314300,
policy_only,10,1,perf-policy_only-r010-20260818T025746Z,loan_to_aml,3,63,200,16.354700,
policy_only,10,1,perf-policy_only-r010-20260818T025746Z,loan_to_aml,3,64,200,15.695900,
policy_only,10,1,perf-policy_only-r010-20260818T025746Z,loan_to_aml,3,65,200,15.987200,
policy_only,10,1,perf-policy_only-r010-20260818T025746Z,loan_to_aml,3,66,200,16.019100,
policy_only,10,1,perf-policy_only-r010-20260818T025746Z,loan_to_aml,3,67,200,15.756700,
policy_only,10,1,perf-policy_only-r010-20260818T025746Z,loan_to_aml,3,68,200,16.252300,
policy_only,10,1,perf-policy_only-r010-20260818T025746Z,loan_to_aml,3,69,200,15.640200,
policy_only,10,1,perf-policy_only-r010-20260818T025746Z,loan_to_aml,3,70,200,16.802500,
policy_only,10,1,perf-policy_only-r010-20260818T025746Z,loan_to_aml,3,71,200,16.540100,
policy_only,10,1,perf-policy_only-r010-20260818T025746Z,loan_to_aml,3,72,200,16.566400,
policy_only,10,1,perf-policy_only-r010-20260818T025746Z,loan_to_aml,3,73,200,16.291800,
policy_only,10,1,perf-policy_only-r010-20260818T025746Z,loan_to_aml,3,74,200,15.890200,
policy_only,10,1,perf-policy_only-r010-20260818T025746Z,loan_to_aml,3,75,200,16.095500,
policy_only,10,1,perf-policy_only-r010-20260818T025746Z,loan_to_aml,3,76,200,16.154000,
policy_only,10,1,perf-policy_only-r010-20260818T025746Z,loan_to_aml,3,77,200,17.257700,
policy_only,10,1,perf-policy_only-r010-20260818T025746Z,loan_to_aml,3,78,200,15.292100,
policy_only,10,1,perf-policy_only-r010-20260818T025746Z,loan_to_aml,3,79,200,16.472400,
policy_only,10,1,perf-policy_only-r010-20260818T025746Z,loan_to_aml,3,80,200,15.942800,
policy_only,10,1,perf-policy_only-r010-20260818T025746Z,loan_to_aml,3,81,200,16.841000,
policy_only,10,1,perf-policy_only-r010-20260818T025746Z,loan_to_aml,3,82,200,15.695800,
policy_only,10,1,perf-policy_only-r010-20260818T025746Z,loan_to_aml,3,83,200,15.730100,
policy_only,10,1,perf-policy_only-r010-20260818T025746Z,loan_to_aml,3,84,200,16.559300,
policy_only,10,1,perf-policy_only-r010-20260818T025746Z,loan_to_aml,3,85,200,16.653800,
policy_only,10,1,perf-policy_only-r010-20260818T025746Z,loan_to_aml,3,86,200,16.048000,
policy_only,10,1,perf-policy_only-r010-20260818T025746Z,loan_to_aml,3,87,200,15.967000,
policy_only,10,1,perf-policy_only-r010-20260818T025746Z,loan_to_aml,3,88,200,16.015100,
policy_only,10,1,perf-policy_only-r010-20260818T025746Z,loan_to_aml,3,89,200,15.616600,
policy_only,10,1,perf-policy_only-r010-20260818T025746Z,loan_to_aml,3,90,200,16.121800,
policy_only,10,1,perf-policy_only-r010-20260818T025746Z,loan_to_aml,3,91,200,16.117200,
policy_only,10,1,perf-policy_only-r010-20260818T025746Z,loan_to_aml,3,92,200,16.314500,
policy_only,10,1,perf-policy_only-r010-20260818T025746Z,loan_to_aml,3,93,200,16.304800,
policy_only,10,1,perf-policy_only-r010-20260818T025746Z,loan_to_aml,3,94,200,16.704900,
policy_only,10,1,perf-policy_only-r010-20260818T025746Z,loan_to_aml,3,95,200,15.578300,
policy_only,10,1,perf-policy_only-r010-20260818T025746Z,loan_to_aml,3,96,200,15.358400,
policy_only,10,1,perf-policy_only-r010-20260818T025746Z,loan_to_aml,3,97,200,15.929400,
policy_only,10,1,perf-policy_only-r010-20260818T025746Z,loan_to_aml,3,98,200,16.740900,
policy_only,10,1,perf-policy_only-r010-20260818T025746Z,loan_to_aml,3,99,200,16.254200,
policy_only,10,1,perf-policy_only-r010-20260818T025746Z,loan_to_aml,3,100,200,15.962700,
policy_only,10,1,perf-policy_only-r010-20260818T025746Z,loan_to_aml,3,101,200,15.575400,
policy_only,10,1,perf-policy_only-r010-20260818T025746Z,loan_to_aml,3,102,200,16.278000,
policy_only,10,1,perf-policy_only-r010-20260818T025746Z,loan_to_aml,3,103,200,16.141100,
policy_only,10,1,perf-policy_only-r010-20260818T025746Z,loan_to_aml,3,104,200,15.573000,
policy_only,10,1,perf-policy_only-r010-20260818T025746Z,loan_to_aml,3,105,200,16.001800,
policy_only,10,1,perf-policy_only-r010-20260818T025746Z,loan_to_aml,3,106,200,16.141200,
policy_only,10,1,perf-policy_only-r010-20260818T025746Z,loan_to_aml,3,107,200,18.247800,
policy_only,10,1,perf-policy_only-r010-20260818T025746Z,loan_to_aml,3,108,200,16.305700,
policy_only,10,1,perf-policy_only-r010-20260818T025746Z,loan_to_aml,3,109,200,16.528200,
policy_only,10,1,perf-policy_only-r010-20260818T025746Z,loan_to_aml,3,110,200,17.136800,
policy_only,10,1,perf-policy_only-r010-20260818T025746Z,loan_to_aml,3,111,200,16.545200,
policy_only,10,1,perf-policy_only-r010-20260818T025746Z,loan_to_aml,3,112,200,16.069500,
policy_only,10,1,perf-policy_only-r010-20260818T025746Z,loan_to_aml,3,113,200,16.019900,
policy_only,10,1,perf-policy_only-r010-20260818T025746Z,loan_to_aml,3,114,200,15.628200,
policy_only,10,1,perf-policy_only-r010-20260818T025746Z,loan_to_aml,3,115,200,15.069300,
policy_only,10,1,perf-policy_only-r010-20260818T025746Z,loan_to_aml,3,116,200,15.068600,
policy_only,10,1,perf-policy_only-r010-20260818T025746Z,loan_to_aml,3,117,200,15.850900,
policy_only,10,1,perf-policy_only-r010-20260818T025746Z,loan_to_aml,3,118,200,16.349800,
policy_only,10,1,perf-policy_only-r010-20260818T025746Z,loan_to_aml,3,119,200,15.778500,
policy_only,10,1,perf-policy_only-r010-20260818T025746Z,loan_to_aml,3,120,200,14.821900,
policy_only,10,1,perf-policy_only-r010-20260818T025746Z,loan_to_aml,3,121,200,14.870300,
policy_only,10,1,perf-policy_only-r010-20260818T025746Z,loan_to_aml,3,122,200,15.304300,
policy_only,10,1,perf-policy_only-r010-20260818T025746Z,loan_to_aml,3,123,200,16.031600,
policy_only,10,1,perf-policy_only-r010-20260818T025746Z,loan_to_aml,3,124,200,16.274200,
policy_only,10,1,perf-policy_only-r010-20260818T025746Z,loan_to_aml,3,125,200,15.850100,
policy_only,10,1,perf-policy_only-r010-20260818T025746Z,loan_to_aml,3,126,200,15.843700,
policy_only,10,1,perf-policy_only-r010-20260818T025746Z,loan_to_aml,3,127,200,16.007800,
policy_only,10,1,perf-policy_only-r010-20260818T025746Z,loan_to_aml,3,128,200,15.896400,
policy_only,10,1,perf-policy_only-r010-20260818T025746Z,loan_to_aml,3,129,200,15.835100,
policy_only,10,1,perf-policy_only-r010-20260818T025746Z,loan_to_aml,3,130,200,16.037300,
policy_only,10,1,perf-policy_only-r010-20260818T025746Z,loan_to_aml,3,131,200,15.955700,
policy_only,10,1,perf-policy_only-r010-20260818T025746Z,loan_to_aml,3,132,200,16.050900,
policy_only,10,1,perf-policy_only-r010-20260818T025746Z,loan_to_aml,3,133,200,15.962200,
policy_only,10,1,perf-policy_only-r010-20260818T025746Z,loan_to_aml,3,134,200,15.899800,
policy_only,10,1,perf-policy_only-r010-20260818T025746Z,loan_to_aml,3,135,200,16.058600,
policy_only,10,1,perf-policy_only-r010-20260818T025746Z,loan_to_aml,3,136,200,16.020800,
policy_only,10,1,perf-policy_only-r010-20260818T025746Z,loan_to_aml,3,137,200,15.810300,
policy_only,10,1,perf-policy_only-r010-20260818T025746Z,loan_to_aml,3,138,200,16.426800,
policy_only,10,1,perf-policy_only-r010-20260818T025746Z,loan_to_aml,3,139,200,16.455300,
policy_only,10,1,perf-policy_only-r010-20260818T025746Z,loan_to_aml,3,140,200,16.413600,
policy_only,10,1,perf-policy_only-r010-20260818T025746Z,loan_to_aml,3,141,200,17.167100,
policy_only,10,1,perf-policy_only-r010-20260818T025746Z,loan_to_aml,3,142,200,16.540100,
policy_only,10,1,perf-policy_only-r010-20260818T025746Z,loan_to_aml,3,143,200,15.910700,
policy_only,10,1,perf-policy_only-r010-20260818T025746Z,loan_to_aml,3,144,200,14.768500,
policy_only,10,1,perf-policy_only-r010-20260818T025746Z,loan_to_aml,3,145,200,15.119600,
policy_only,10,1,perf-policy_only-r010-20260818T025746Z,loan_to_aml,3,146,200,16.317900,
policy_only,10,1,perf-policy_only-r010-20260818T025746Z,loan_to_aml,3,147,200,15.536900,
policy_only,10,1,perf-policy_only-r010-20260818T025746Z,loan_to_aml,3,148,200,15.486900,
policy_only,10,1,perf-policy_only-r010-20260818T025746Z,loan_to_aml,3,149,200,15.919400,
policy_only,10,1,perf-policy_only-r010-20260818T025746Z,loan_to_aml,3,150,200,16.191600,
policy_only,10,1,perf-policy_only-r010-20260818T025746Z,loan_to_aml,3,151,200,15.428600,
policy_only,10,1,perf-policy_only-r010-20260818T025746Z,loan_to_aml,3,152,200,16.814800,
policy_only,10,1,perf-policy_only-r010-20260818T025746Z,loan_to_aml,3,153,200,17.735500,
policy_only,10,1,perf-policy_only-r010-20260818T025746Z,loan_to_aml,3,154,200,16.464900,
policy_only,10,1,perf-policy_only-r010-20260818T025746Z,loan_to_aml,3,155,200,15.999200,
policy_only,10,1,perf-policy_only-r010-20260818T025746Z,loan_to_aml,3,156,200,17.337000,
policy_only,10,1,perf-policy_only-r010-20260818T025746Z,loan_to_aml,3,157,200,16.732200,
policy_only,10,1,perf-policy_only-r010-20260818T025746Z,loan_to_aml,3,158,200,15.548700,
policy_only,10,1,perf-policy_only-r010-20260818T025746Z,loan_to_aml,3,159,200,16.381300,
policy_only,10,1,perf-policy_only-r010-20260818T025746Z,loan_to_aml,3,160,200,16.423600,
policy_only,10,1,perf-policy_only-r010-20260818T025746Z,loan_to_aml,3,161,200,16.770200,
policy_only,10,1,perf-policy_only-r010-20260818T025746Z,loan_to_aml,3,162,200,15.969600,
policy_only,10,1,perf-policy_only-r010-20260818T025746Z,loan_to_aml,3,163,200,17.550500,
policy_only,10,1,perf-policy_only-r010-20260818T025746Z,loan_to_aml,3,164,200,16.475000,
policy_only,10,1,perf-policy_only-r010-20260818T025746Z,loan_to_aml,3,165,200,16.850000,
policy_only,10,1,perf-policy_only-r010-20260818T025746Z,loan_to_aml,3,166,200,16.271400,
policy_only,10,1,perf-policy_only-r010-20260818T025746Z,loan_to_aml,3,167,200,17.482800,
policy_only,10,1,perf-policy_only-r010-20260818T025746Z,loan_to_aml,3,168,200,16.121300,
policy_only,10,1,perf-policy_only-r010-20260818T025746Z,loan_to_aml,3,169,200,16.690600,
policy_only,10,1,perf-policy_only-r010-20260818T025746Z,loan_to_aml,3,170,200,17.710700,
policy_only,10,1,perf-policy_only-r010-20260818T025746Z,loan_to_aml,3,171,200,16.765800,
policy_only,10,1,perf-policy_only-r010-20260818T025746Z,loan_to_aml,3,172,200,17.553200,
policy_only,10,1,perf-policy_only-r010-20260818T025746Z,loan_to_aml,3,173,200,16.401800,
policy_only,10,1,perf-policy_only-r010-20260818T025746Z,loan_to_aml,3,174,200,16.804100,
policy_only,10,1,perf-policy_only-r010-20260818T025746Z,loan_to_aml,3,175,200,16.140100,
policy_only,10,1,perf-policy_only-r010-20260818T025746Z,loan_to_aml,3,176,200,16.336400,
policy_only,10,1,perf-policy_only-r010-20260818T025746Z,loan_to_aml,3,177,200,16.796200,
policy_only,10,1,perf-policy_only-r010-20260818T025746Z,loan_to_aml,3,178,200,17.097000,
policy_only,10,1,perf-policy_only-r010-20260818T025746Z,loan_to_aml,3,179,200,16.643100,
policy_only,10,1,perf-policy_only-r010-20260818T025746Z,loan_to_aml,3,180,200,17.008700,
policy_only,10,1,perf-policy_only-r010-20260818T025746Z,loan_to_aml,3,181,200,15.867000,
policy_only,10,1,perf-policy_only-r010-20260818T025746Z,loan_to_aml,3,182,200,15.568600,
policy_only,10,1,perf-policy_only-r010-20260818T025746Z,loan_to_aml,3,183,200,15.988200,
policy_only,10,1,perf-policy_only-r010-20260818T025746Z,loan_to_aml,3,184,200,15.786100,
policy_only,10,1,perf-policy_only-r010-20260818T025746Z,loan_to_aml,3,185,200,18.236200,
policy_only,10,1,perf-policy_only-r010-20260818T025746Z,loan_to_aml,3,186,200,17.464700,
policy_only,10,1,perf-policy_only-r010-20260818T025746Z,loan_to_aml,3,187,200,16.288200,
policy_only,10,1,perf-policy_only-r010-20260818T025746Z,loan_to_aml,3,188,200,16.806100,
policy_only,10,1,perf-policy_only-r010-20260818T025746Z,loan_to_aml,3,189,200,17.410100,
policy_only,10,1,perf-policy_only-r010-20260818T025746Z,loan_to_aml,3,190,200,16.552000,
policy_only,10,1,perf-policy_only-r010-20260818T025746Z,loan_to_aml,3,191,200,16.017400,
policy_only,10,1,perf-policy_only-r010-20260818T025746Z,loan_to_aml,3,192,200,16.979000,
policy_only,10,1,perf-policy_only-r010-20260818T025746Z,loan_to_aml,3,193,200,16.683700,
policy_only,10,1,perf-policy_only-r010-20260818T025746Z,loan_to_aml,3,194,200,15.446200,
policy_only,10,1,perf-policy_only-r010-20260818T025746Z,loan_to_aml,3,195,200,15.184300,
policy_only,10,1,perf-policy_only-r010-20260818T025746Z,loan_to_aml,3,196,200,15.770800,
policy_only,10,1,perf-policy_only-r010-20260818T025746Z,loan_to_aml,3,197,200,16.161000,
policy_only,10,1,perf-policy_only-r010-20260818T025746Z,loan_to_aml,3,198,200,16.055300,
policy_only,10,1,perf-policy_only-r010-20260818T025746Z,loan_to_aml,3,199,200,17.572900,
policy_only,10,1,perf-policy_only-r010-20260818T025746Z,loan_to_aml,3,200,200,15.388000,
policy_only,10,1,perf-policy_only-r010-20260818T025746Z,loan_to_approval,1,1,200,15.602900,
policy_only,10,1,perf-policy_only-r010-20260818T025746Z,loan_to_approval,1,2,200,15.911800,
policy_only,10,1,perf-policy_only-r010-20260818T025746Z,loan_to_approval,1,3,200,16.279500,
policy_only,10,1,perf-policy_only-r010-20260818T025746Z,loan_to_approval,1,4,200,15.763100,
policy_only,10,1,perf-policy_only-r010-20260818T025746Z,loan_to_approval,1,5,200,16.125900,
policy_only,10,1,perf-policy_only-r010-20260818T025746Z,loan_to_approval,1,6,200,15.865600,
policy_only,10,1,perf-policy_only-r010-20260818T025746Z,loan_to_approval,1,7,200,15.807600,
policy_only,10,1,perf-policy_only-r010-20260818T025746Z,loan_to_approval,1,8,200,16.299500,
policy_only,10,1,perf-policy_only-r010-20260818T025746Z,loan_to_approval,1,9,200,17.212300,
policy_only,10,1,perf-policy_only-r010-20260818T025746Z,loan_to_approval,1,10,200,16.664700,
policy_only,10,1,perf-policy_only-r010-20260818T025746Z,loan_to_approval,1,11,200,15.959200,
policy_only,10,1,perf-policy_only-r010-20260818T025746Z,loan_to_approval,1,12,200,16.311100,
policy_only,10,1,perf-policy_only-r010-20260818T025746Z,loan_to_approval,1,13,200,16.141700,
policy_only,10,1,perf-policy_only-r010-20260818T025746Z,loan_to_approval,1,14,200,15.538600,
policy_only,10,1,perf-policy_only-r010-20260818T025746Z,loan_to_approval,1,15,200,15.713300,
policy_only,10,1,perf-policy_only-r010-20260818T025746Z,loan_to_approval,1,16,200,16.166100,
policy_only,10,1,perf-policy_only-r010-20260818T025746Z,loan_to_approval,1,17,200,15.943400,
policy_only,10,1,perf-policy_only-r010-20260818T025746Z,loan_to_approval,1,18,200,15.740800,
policy_only,10,1,perf-policy_only-r010-20260818T025746Z,loan_to_approval,1,19,200,15.076100,
policy_only,10,1,perf-policy_only-r010-20260818T025746Z,loan_to_approval,1,20,200,16.169800,
policy_only,10,1,perf-policy_only-r010-20260818T025746Z,loan_to_approval,1,21,200,15.773600,
policy_only,10,1,perf-policy_only-r010-20260818T025746Z,loan_to_approval,1,22,200,16.183800,
policy_only,10,1,perf-policy_only-r010-20260818T025746Z,loan_to_approval,1,23,200,15.861400,
policy_only,10,1,perf-policy_only-r010-20260818T025746Z,loan_to_approval,1,24,200,16.071000,
policy_only,10,1,perf-policy_only-r010-20260818T025746Z,loan_to_approval,1,25,200,15.998900,
policy_only,10,1,perf-policy_only-r010-20260818T025746Z,loan_to_approval,1,26,200,16.036800,
policy_only,10,1,perf-policy_only-r010-20260818T025746Z,loan_to_approval,1,27,200,16.004400,
policy_only,10,1,perf-policy_only-r010-20260818T025746Z,loan_to_approval,1,28,200,16.155800,
policy_only,10,1,perf-policy_only-r010-20260818T025746Z,loan_to_approval,1,29,200,16.849700,
policy_only,10,1,perf-policy_only-r010-20260818T025746Z,loan_to_approval,1,30,200,15.578600,
policy_only,10,1,perf-policy_only-r010-20260818T025746Z,loan_to_approval,1,31,200,15.938000,
policy_only,10,1,perf-policy_only-r010-20260818T025746Z,loan_to_approval,1,32,200,14.937800,
policy_only,10,1,perf-policy_only-r010-20260818T025746Z,loan_to_approval,1,33,200,16.308700,
policy_only,10,1,perf-policy_only-r010-20260818T025746Z,loan_to_approval,1,34,200,16.138500,
policy_only,10,1,perf-policy_only-r010-20260818T025746Z,loan_to_approval,1,35,200,16.000000,
policy_only,10,1,perf-policy_only-r010-20260818T025746Z,loan_to_approval,1,36,200,16.731500,
policy_only,10,1,perf-policy_only-r010-20260818T025746Z,loan_to_approval,1,37,200,16.541700,
policy_only,10,1,perf-policy_only-r010-20260818T025746Z,loan_to_approval,1,38,200,16.367100,
policy_only,10,1,perf-policy_only-r010-20260818T025746Z,loan_to_approval,1,39,200,16.097100,
policy_only,10,1,perf-policy_only-r010-20260818T025746Z,loan_to_approval,1,40,200,16.803200,
policy_only,10,1,perf-policy_only-r010-20260818T025746Z,loan_to_approval,1,41,200,16.644400,
policy_only,10,1,perf-policy_only-r010-20260818T025746Z,loan_to_approval,1,42,200,16.676600,
policy_only,10,1,perf-policy_only-r010-20260818T025746Z,loan_to_approval,1,43,200,16.043600,
policy_only,10,1,perf-policy_only-r010-20260818T025746Z,loan_to_approval,1,44,200,16.054900,
policy_only,10,1,perf-policy_only-r010-20260818T025746Z,loan_to_approval,1,45,200,16.593200,
policy_only,10,1,perf-policy_only-r010-20260818T025746Z,loan_to_approval,1,46,200,16.143000,
policy_only,10,1,perf-policy_only-r010-20260818T025746Z,loan_to_approval,1,47,200,15.845000,
policy_only,10,1,perf-policy_only-r010-20260818T025746Z,loan_to_approval,1,48,200,15.906900,
policy_only,10,1,perf-policy_only-r010-20260818T025746Z,loan_to_approval,1,49,200,16.028000,
policy_only,10,1,perf-policy_only-r010-20260818T025746Z,loan_to_approval,1,50,200,16.047300,
policy_only,10,1,perf-policy_only-r010-20260818T025746Z,loan_to_approval,1,51,200,17.776400,
policy_only,10,1,perf-policy_only-r010-20260818T025746Z,loan_to_approval,1,52,200,15.984100,
policy_only,10,1,perf-policy_only-r010-20260818T025746Z,loan_to_approval,1,53,200,16.042700,
policy_only,10,1,perf-policy_only-r010-20260818T025746Z,loan_to_approval,1,54,200,16.236000,
policy_only,10,1,perf-policy_only-r010-20260818T025746Z,loan_to_approval,1,55,200,15.913800,
policy_only,10,1,perf-policy_only-r010-20260818T025746Z,loan_to_approval,1,56,200,15.771700,
policy_only,10,1,perf-policy_only-r010-20260818T025746Z,loan_to_approval,1,57,200,18.586100,
policy_only,10,1,perf-policy_only-r010-20260818T025746Z,loan_to_approval,1,58,200,15.792300,
policy_only,10,1,perf-policy_only-r010-20260818T025746Z,loan_to_approval,1,59,200,15.400700,
policy_only,10,1,perf-policy_only-r010-20260818T025746Z,loan_to_approval,1,60,200,16.315000,
policy_only,10,1,perf-policy_only-r010-20260818T025746Z,loan_to_approval,1,61,200,17.085000,
policy_only,10,1,perf-policy_only-r010-20260818T025746Z,loan_to_approval,1,62,200,15.645800,
policy_only,10,1,perf-policy_only-r010-20260818T025746Z,loan_to_approval,1,63,200,14.914600,
policy_only,10,1,perf-policy_only-r010-20260818T025746Z,loan_to_approval,1,64,200,16.068500,
policy_only,10,1,perf-policy_only-r010-20260818T025746Z,loan_to_approval,1,65,200,15.940500,
policy_only,10,1,perf-policy_only-r010-20260818T025746Z,loan_to_approval,1,66,200,15.244400,
policy_only,10,1,perf-policy_only-r010-20260818T025746Z,loan_to_approval,1,67,200,15.899900,
policy_only,10,1,perf-policy_only-r010-20260818T025746Z,loan_to_approval,1,68,200,15.931000,
policy_only,10,1,perf-policy_only-r010-20260818T025746Z,loan_to_approval,1,69,200,17.062600,
policy_only,10,1,perf-policy_only-r010-20260818T025746Z,loan_to_approval,1,70,200,15.628400,
policy_only,10,1,perf-policy_only-r010-20260818T025746Z,loan_to_approval,1,71,200,16.145200,
policy_only,10,1,perf-policy_only-r010-20260818T025746Z,loan_to_approval,1,72,200,16.076400,
policy_only,10,1,perf-policy_only-r010-20260818T025746Z,loan_to_approval,1,73,200,17.244400,
policy_only,10,1,perf-policy_only-r010-20260818T025746Z,loan_to_approval,1,74,200,15.821900,
policy_only,10,1,perf-policy_only-r010-20260818T025746Z,loan_to_approval,1,75,200,17.383200,
policy_only,10,1,perf-policy_only-r010-20260818T025746Z,loan_to_approval,1,76,200,16.571700,
policy_only,10,1,perf-policy_only-r010-20260818T025746Z,loan_to_approval,1,77,200,16.465100,
policy_only,10,1,perf-policy_only-r010-20260818T025746Z,loan_to_approval,1,78,200,16.535800,
policy_only,10,1,perf-policy_only-r010-20260818T025746Z,loan_to_approval,1,79,200,15.750400,
policy_only,10,1,perf-policy_only-r010-20260818T025746Z,loan_to_approval,1,80,200,16.440100,
policy_only,10,1,perf-policy_only-r010-20260818T025746Z,loan_to_approval,1,81,200,15.895800,
policy_only,10,1,perf-policy_only-r010-20260818T025746Z,loan_to_approval,1,82,200,15.593700,
policy_only,10,1,perf-policy_only-r010-20260818T025746Z,loan_to_approval,1,83,200,16.397900,
policy_only,10,1,perf-policy_only-r010-20260818T025746Z,loan_to_approval,1,84,200,16.752900,
policy_only,10,1,perf-policy_only-r010-20260818T025746Z,loan_to_approval,1,85,200,15.756800,
policy_only,10,1,perf-policy_only-r010-20260818T025746Z,loan_to_approval,1,86,200,15.826100,
policy_only,10,1,perf-policy_only-r010-20260818T025746Z,loan_to_approval,1,87,200,16.319600,
policy_only,10,1,perf-policy_only-r010-20260818T025746Z,loan_to_approval,1,88,200,15.808500,
policy_only,10,1,perf-policy_only-r010-20260818T025746Z,loan_to_approval,1,89,200,15.960400,
policy_only,10,1,perf-policy_only-r010-20260818T025746Z,loan_to_approval,1,90,200,15.947600,
policy_only,10,1,perf-policy_only-r010-20260818T025746Z,loan_to_approval,1,91,200,15.859500,
policy_only,10,1,perf-policy_only-r010-20260818T025746Z,loan_to_approval,1,92,200,16.024200,
policy_only,10,1,perf-policy_only-r010-20260818T025746Z,loan_to_approval,1,93,200,16.735600,
policy_only,10,1,perf-policy_only-r010-20260818T025746Z,loan_to_approval,1,94,200,16.805900,
policy_only,10,1,perf-policy_only-r010-20260818T025746Z,loan_to_approval,1,95,200,17.070100,
policy_only,10,1,perf-policy_only-r010-20260818T025746Z,loan_to_approval,1,96,200,15.748100,
policy_only,10,1,perf-policy_only-r010-20260818T025746Z,loan_to_approval,1,97,200,17.193500,
policy_only,10,1,perf-policy_only-r010-20260818T025746Z,loan_to_approval,1,98,200,16.838400,
policy_only,10,1,perf-policy_only-r010-20260818T025746Z,loan_to_approval,1,99,200,15.424400,
policy_only,10,1,perf-policy_only-r010-20260818T025746Z,loan_to_approval,1,100,200,16.087900,
policy_only,10,1,perf-policy_only-r010-20260818T025746Z,loan_to_approval,1,101,200,16.070300,
policy_only,10,1,perf-policy_only-r010-20260818T025746Z,loan_to_approval,1,102,200,15.842700,
policy_only,10,1,perf-policy_only-r010-20260818T025746Z,loan_to_approval,1,103,200,15.186400,
policy_only,10,1,perf-policy_only-r010-20260818T025746Z,loan_to_approval,1,104,200,16.296300,
policy_only,10,1,perf-policy_only-r010-20260818T025746Z,loan_to_approval,1,105,200,16.497300,
policy_only,10,1,perf-policy_only-r010-20260818T025746Z,loan_to_approval,1,106,200,16.188100,
policy_only,10,1,perf-policy_only-r010-20260818T025746Z,loan_to_approval,1,107,200,15.942700,
policy_only,10,1,perf-policy_only-r010-20260818T025746Z,loan_to_approval,1,108,200,14.828800,
policy_only,10,1,perf-policy_only-r010-20260818T025746Z,loan_to_approval,1,109,200,16.214800,
policy_only,10,1,perf-policy_only-r010-20260818T025746Z,loan_to_approval,1,110,200,15.639100,
policy_only,10,1,perf-policy_only-r010-20260818T025746Z,loan_to_approval,1,111,200,14.810900,
policy_only,10,1,perf-policy_only-r010-20260818T025746Z,loan_to_approval,1,112,200,15.150400,
policy_only,10,1,perf-policy_only-r010-20260818T025746Z,loan_to_approval,1,113,200,15.180400,
policy_only,10,1,perf-policy_only-r010-20260818T025746Z,loan_to_approval,1,114,200,15.785400,
policy_only,10,1,perf-policy_only-r010-20260818T025746Z,loan_to_approval,1,115,200,16.229200,
policy_only,10,1,perf-policy_only-r010-20260818T025746Z,loan_to_approval,1,116,200,15.783700,
policy_only,10,1,perf-policy_only-r010-20260818T025746Z,loan_to_approval,1,117,200,16.650000,
policy_only,10,1,perf-policy_only-r010-20260818T025746Z,loan_to_approval,1,118,200,15.018800,
policy_only,10,1,perf-policy_only-r010-20260818T025746Z,loan_to_approval,1,119,200,16.379100,
policy_only,10,1,perf-policy_only-r010-20260818T025746Z,loan_to_approval,1,120,200,17.434600,
policy_only,10,1,perf-policy_only-r010-20260818T025746Z,loan_to_approval,1,121,200,16.408100,
policy_only,10,1,perf-policy_only-r010-20260818T025746Z,loan_to_approval,1,122,200,16.236800,
policy_only,10,1,perf-policy_only-r010-20260818T025746Z,loan_to_approval,1,123,200,16.191600,
policy_only,10,1,perf-policy_only-r010-20260818T025746Z,loan_to_approval,1,124,200,15.563100,
policy_only,10,1,perf-policy_only-r010-20260818T025746Z,loan_to_approval,1,125,200,16.116200,
policy_only,10,1,perf-policy_only-r010-20260818T025746Z,loan_to_approval,1,126,200,16.218300,
policy_only,10,1,perf-policy_only-r010-20260818T025746Z,loan_to_approval,1,127,200,15.895500,
policy_only,10,1,perf-policy_only-r010-20260818T025746Z,loan_to_approval,1,128,200,19.840900,
policy_only,10,1,perf-policy_only-r010-20260818T025746Z,loan_to_approval,1,129,200,19.189000,
policy_only,10,1,perf-policy_only-r010-20260818T025746Z,loan_to_approval,1,130,200,17.362100,
policy_only,10,1,perf-policy_only-r010-20260818T025746Z,loan_to_approval,1,131,200,15.278000,
policy_only,10,1,perf-policy_only-r010-20260818T025746Z,loan_to_approval,1,132,200,15.754200,
policy_only,10,1,perf-policy_only-r010-20260818T025746Z,loan_to_approval,1,133,200,16.051200,
policy_only,10,1,perf-policy_only-r010-20260818T025746Z,loan_to_approval,1,134,200,14.864400,
policy_only,10,1,perf-policy_only-r010-20260818T025746Z,loan_to_approval,1,135,200,21.811100,
policy_only,10,1,perf-policy_only-r010-20260818T025746Z,loan_to_approval,1,136,200,16.377900,
policy_only,10,1,perf-policy_only-r010-20260818T025746Z,loan_to_approval,1,137,200,20.202500,
policy_only,10,1,perf-policy_only-r010-20260818T025746Z,loan_to_approval,1,138,200,18.129100,
policy_only,10,1,perf-policy_only-r010-20260818T025746Z,loan_to_approval,1,139,200,17.370300,
policy_only,10,1,perf-policy_only-r010-20260818T025746Z,loan_to_approval,1,140,200,15.066300,
policy_only,10,1,perf-policy_only-r010-20260818T025746Z,loan_to_approval,1,141,200,16.319100,
policy_only,10,1,perf-policy_only-r010-20260818T025746Z,loan_to_approval,1,142,200,15.926500,
policy_only,10,1,perf-policy_only-r010-20260818T025746Z,loan_to_approval,1,143,200,16.045500,
policy_only,10,1,perf-policy_only-r010-20260818T025746Z,loan_to_approval,1,144,200,15.943000,
policy_only,10,1,perf-policy_only-r010-20260818T025746Z,loan_to_approval,1,145,200,16.194100,
policy_only,10,1,perf-policy_only-r010-20260818T025746Z,loan_to_approval,1,146,200,15.514800,
policy_only,10,1,perf-policy_only-r010-20260818T025746Z,loan_to_approval,1,147,200,16.203700,
policy_only,10,1,perf-policy_only-r010-20260818T025746Z,loan_to_approval,1,148,200,16.264800,
policy_only,10,1,perf-policy_only-r010-20260818T025746Z,loan_to_approval,1,149,200,15.736300,
policy_only,10,1,perf-policy_only-r010-20260818T025746Z,loan_to_approval,1,150,200,17.951500,
policy_only,10,1,perf-policy_only-r010-20260818T025746Z,loan_to_approval,1,151,200,17.868100,
policy_only,10,1,perf-policy_only-r010-20260818T025746Z,loan_to_approval,1,152,200,17.096200,
policy_only,10,1,perf-policy_only-r010-20260818T025746Z,loan_to_approval,1,153,200,20.331600,
policy_only,10,1,perf-policy_only-r010-20260818T025746Z,loan_to_approval,1,154,200,18.657700,
policy_only,10,1,perf-policy_only-r010-20260818T025746Z,loan_to_approval,1,155,200,18.610800,
policy_only,10,1,perf-policy_only-r010-20260818T025746Z,loan_to_approval,1,156,200,16.291700,
policy_only,10,1,perf-policy_only-r010-20260818T025746Z,loan_to_approval,1,157,200,15.854400,
policy_only,10,1,perf-policy_only-r010-20260818T025746Z,loan_to_approval,1,158,200,16.312500,
policy_only,10,1,perf-policy_only-r010-20260818T025746Z,loan_to_approval,1,159,200,15.820000,
policy_only,10,1,perf-policy_only-r010-20260818T025746Z,loan_to_approval,1,160,200,15.763000,
policy_only,10,1,perf-policy_only-r010-20260818T025746Z,loan_to_approval,1,161,200,16.678000,
policy_only,10,1,perf-policy_only-r010-20260818T025746Z,loan_to_approval,1,162,200,16.771500,
policy_only,10,1,perf-policy_only-r010-20260818T025746Z,loan_to_approval,1,163,200,15.480600,
policy_only,10,1,perf-policy_only-r010-20260818T025746Z,loan_to_approval,1,164,200,16.139300,
policy_only,10,1,perf-policy_only-r010-20260818T025746Z,loan_to_approval,1,165,200,17.234500,
policy_only,10,1,perf-policy_only-r010-20260818T025746Z,loan_to_approval,1,166,200,17.524300,
policy_only,10,1,perf-policy_only-r010-20260818T025746Z,loan_to_approval,1,167,200,17.373600,
policy_only,10,1,perf-policy_only-r010-20260818T025746Z,loan_to_approval,1,168,200,15.655700,
policy_only,10,1,perf-policy_only-r010-20260818T025746Z,loan_to_approval,1,169,200,16.380700,
policy_only,10,1,perf-policy_only-r010-20260818T025746Z,loan_to_approval,1,170,200,16.055000,
policy_only,10,1,perf-policy_only-r010-20260818T025746Z,loan_to_approval,1,171,200,17.733800,
policy_only,10,1,perf-policy_only-r010-20260818T025746Z,loan_to_approval,1,172,200,15.803800,
policy_only,10,1,perf-policy_only-r010-20260818T025746Z,loan_to_approval,1,173,200,16.236400,
policy_only,10,1,perf-policy_only-r010-20260818T025746Z,loan_to_approval,1,174,200,15.696400,
policy_only,10,1,perf-policy_only-r010-20260818T025746Z,loan_to_approval,1,175,200,15.575100,
policy_only,10,1,perf-policy_only-r010-20260818T025746Z,loan_to_approval,1,176,200,16.835200,
policy_only,10,1,perf-policy_only-r010-20260818T025746Z,loan_to_approval,1,177,200,16.571100,
policy_only,10,1,perf-policy_only-r010-20260818T025746Z,loan_to_approval,1,178,200,15.991400,
policy_only,10,1,perf-policy_only-r010-20260818T025746Z,loan_to_approval,1,179,200,17.244700,
policy_only,10,1,perf-policy_only-r010-20260818T025746Z,loan_to_approval,1,180,200,16.671900,
policy_only,10,1,perf-policy_only-r010-20260818T025746Z,loan_to_approval,1,181,200,17.121100,
policy_only,10,1,perf-policy_only-r010-20260818T025746Z,loan_to_approval,1,182,200,15.848000,
policy_only,10,1,perf-policy_only-r010-20260818T025746Z,loan_to_approval,1,183,200,16.471500,
policy_only,10,1,perf-policy_only-r010-20260818T025746Z,loan_to_approval,1,184,200,16.775500,
policy_only,10,1,perf-policy_only-r010-20260818T025746Z,loan_to_approval,1,185,200,15.757100,
policy_only,10,1,perf-policy_only-r010-20260818T025746Z,loan_to_approval,1,186,200,15.787200,
policy_only,10,1,perf-policy_only-r010-20260818T025746Z,loan_to_approval,1,187,200,16.221000,
policy_only,10,1,perf-policy_only-r010-20260818T025746Z,loan_to_approval,1,188,200,15.725800,
policy_only,10,1,perf-policy_only-r010-20260818T025746Z,loan_to_approval,1,189,200,15.999100,
policy_only,10,1,perf-policy_only-r010-20260818T025746Z,loan_to_approval,1,190,200,15.228400,
policy_only,10,1,perf-policy_only-r010-20260818T025746Z,loan_to_approval,1,191,200,15.788800,
policy_only,10,1,perf-policy_only-r010-20260818T025746Z,loan_to_approval,1,192,200,14.854700,
policy_only,10,1,perf-policy_only-r010-20260818T025746Z,loan_to_approval,1,193,200,15.555600,
policy_only,10,1,perf-policy_only-r010-20260818T025746Z,loan_to_approval,1,194,200,16.724800,
policy_only,10,1,perf-policy_only-r010-20260818T025746Z,loan_to_approval,1,195,200,15.975700,
policy_only,10,1,perf-policy_only-r010-20260818T025746Z,loan_to_approval,1,196,200,18.481200,
policy_only,10,1,perf-policy_only-r010-20260818T025746Z,loan_to_approval,1,197,200,16.589300,
policy_only,10,1,perf-policy_only-r010-20260818T025746Z,loan_to_approval,1,198,200,17.721100,
policy_only,10,1,perf-policy_only-r010-20260818T025746Z,loan_to_approval,1,199,200,17.238700,
policy_only,10,1,perf-policy_only-r010-20260818T025746Z,loan_to_approval,1,200,200,16.385000,
policy_only,10,1,perf-policy_only-r010-20260818T025746Z,loan_to_approval,2,1,200,16.690800,
policy_only,10,1,perf-policy_only-r010-20260818T025746Z,loan_to_approval,2,2,200,15.473200,
policy_only,10,1,perf-policy_only-r010-20260818T025746Z,loan_to_approval,2,3,200,15.579600,
policy_only,10,1,perf-policy_only-r010-20260818T025746Z,loan_to_approval,2,4,200,16.361000,
policy_only,10,1,perf-policy_only-r010-20260818T025746Z,loan_to_approval,2,5,200,16.061300,
policy_only,10,1,perf-policy_only-r010-20260818T025746Z,loan_to_approval,2,6,200,15.946700,
policy_only,10,1,perf-policy_only-r010-20260818T025746Z,loan_to_approval,2,7,200,16.316500,
policy_only,10,1,perf-policy_only-r010-20260818T025746Z,loan_to_approval,2,8,200,15.610600,
policy_only,10,1,perf-policy_only-r010-20260818T025746Z,loan_to_approval,2,9,200,16.217200,
policy_only,10,1,perf-policy_only-r010-20260818T025746Z,loan_to_approval,2,10,200,16.240200,
policy_only,10,1,perf-policy_only-r010-20260818T025746Z,loan_to_approval,2,11,200,15.733200,
policy_only,10,1,perf-policy_only-r010-20260818T025746Z,loan_to_approval,2,12,200,16.160800,
policy_only,10,1,perf-policy_only-r010-20260818T025746Z,loan_to_approval,2,13,200,16.805700,
policy_only,10,1,perf-policy_only-r010-20260818T025746Z,loan_to_approval,2,14,200,15.995500,
policy_only,10,1,perf-policy_only-r010-20260818T025746Z,loan_to_approval,2,15,200,15.708100,
policy_only,10,1,perf-policy_only-r010-20260818T025746Z,loan_to_approval,2,16,200,17.043700,
policy_only,10,1,perf-policy_only-r010-20260818T025746Z,loan_to_approval,2,17,200,15.979500,
policy_only,10,1,perf-policy_only-r010-20260818T025746Z,loan_to_approval,2,18,200,15.884300,
policy_only,10,1,perf-policy_only-r010-20260818T025746Z,loan_to_approval,2,19,200,16.108500,
policy_only,10,1,perf-policy_only-r010-20260818T025746Z,loan_to_approval,2,20,200,16.403500,
policy_only,10,1,perf-policy_only-r010-20260818T025746Z,loan_to_approval,2,21,200,17.288100,
policy_only,10,1,perf-policy_only-r010-20260818T025746Z,loan_to_approval,2,22,200,16.455000,
policy_only,10,1,perf-policy_only-r010-20260818T025746Z,loan_to_approval,2,23,200,16.327100,
policy_only,10,1,perf-policy_only-r010-20260818T025746Z,loan_to_approval,2,24,200,17.860600,
policy_only,10,1,perf-policy_only-r010-20260818T025746Z,loan_to_approval,2,25,200,18.183600,
policy_only,10,1,perf-policy_only-r010-20260818T025746Z,loan_to_approval,2,26,200,18.354800,
policy_only,10,1,perf-policy_only-r010-20260818T025746Z,loan_to_approval,2,27,200,19.163800,
policy_only,10,1,perf-policy_only-r010-20260818T025746Z,loan_to_approval,2,28,200,18.239500,
policy_only,10,1,perf-policy_only-r010-20260818T025746Z,loan_to_approval,2,29,200,19.016800,
policy_only,10,1,perf-policy_only-r010-20260818T025746Z,loan_to_approval,2,30,200,19.550100,
policy_only,10,1,perf-policy_only-r010-20260818T025746Z,loan_to_approval,2,31,200,19.223500,
policy_only,10,1,perf-policy_only-r010-20260818T025746Z,loan_to_approval,2,32,200,15.600200,
policy_only,10,1,perf-policy_only-r010-20260818T025746Z,loan_to_approval,2,33,200,16.351400,
policy_only,10,1,perf-policy_only-r010-20260818T025746Z,loan_to_approval,2,34,200,15.971300,
policy_only,10,1,perf-policy_only-r010-20260818T025746Z,loan_to_approval,2,35,200,16.046600,
policy_only,10,1,perf-policy_only-r010-20260818T025746Z,loan_to_approval,2,36,200,17.222500,
policy_only,10,1,perf-policy_only-r010-20260818T025746Z,loan_to_approval,2,37,200,18.127800,
policy_only,10,1,perf-policy_only-r010-20260818T025746Z,loan_to_approval,2,38,200,18.059400,
policy_only,10,1,perf-policy_only-r010-20260818T025746Z,loan_to_approval,2,39,200,18.769700,
policy_only,10,1,perf-policy_only-r010-20260818T025746Z,loan_to_approval,2,40,200,18.055000,
policy_only,10,1,perf-policy_only-r010-20260818T025746Z,loan_to_approval,2,41,200,16.712200,
policy_only,10,1,perf-policy_only-r010-20260818T025746Z,loan_to_approval,2,42,200,15.661800,
policy_only,10,1,perf-policy_only-r010-20260818T025746Z,loan_to_approval,2,43,200,16.110000,
policy_only,10,1,perf-policy_only-r010-20260818T025746Z,loan_to_approval,2,44,200,15.559500,
policy_only,10,1,perf-policy_only-r010-20260818T025746Z,loan_to_approval,2,45,200,16.977500,
policy_only,10,1,perf-policy_only-r010-20260818T025746Z,loan_to_approval,2,46,200,16.249300,
policy_only,10,1,perf-policy_only-r010-20260818T025746Z,loan_to_approval,2,47,200,17.759300,
policy_only,10,1,perf-policy_only-r010-20260818T025746Z,loan_to_approval,2,48,200,17.190000,
policy_only,10,1,perf-policy_only-r010-20260818T025746Z,loan_to_approval,2,49,200,17.288000,
policy_only,10,1,perf-policy_only-r010-20260818T025746Z,loan_to_approval,2,50,200,17.301300,
policy_only,10,1,perf-policy_only-r010-20260818T025746Z,loan_to_approval,2,51,200,16.370100,
policy_only,10,1,perf-policy_only-r010-20260818T025746Z,loan_to_approval,2,52,200,15.987000,
policy_only,10,1,perf-policy_only-r010-20260818T025746Z,loan_to_approval,2,53,200,15.917000,
policy_only,10,1,perf-policy_only-r010-20260818T025746Z,loan_to_approval,2,54,200,16.154400,
policy_only,10,1,perf-policy_only-r010-20260818T025746Z,loan_to_approval,2,55,200,15.784900,
policy_only,10,1,perf-policy_only-r010-20260818T025746Z,loan_to_approval,2,56,200,16.155000,
policy_only,10,1,perf-policy_only-r010-20260818T025746Z,loan_to_approval,2,57,200,15.938300,
policy_only,10,1,perf-policy_only-r010-20260818T025746Z,loan_to_approval,2,58,200,16.091300,
policy_only,10,1,perf-policy_only-r010-20260818T025746Z,loan_to_approval,2,59,200,15.844700,
policy_only,10,1,perf-policy_only-r010-20260818T025746Z,loan_to_approval,2,60,200,15.666500,
policy_only,10,1,perf-policy_only-r010-20260818T025746Z,loan_to_approval,2,61,200,16.223700,
policy_only,10,1,perf-policy_only-r010-20260818T025746Z,loan_to_approval,2,62,200,15.961000,
policy_only,10,1,perf-policy_only-r010-20260818T025746Z,loan_to_approval,2,63,200,16.056300,
policy_only,10,1,perf-policy_only-r010-20260818T025746Z,loan_to_approval,2,64,200,15.974700,
policy_only,10,1,perf-policy_only-r010-20260818T025746Z,loan_to_approval,2,65,200,17.656700,
policy_only,10,1,perf-policy_only-r010-20260818T025746Z,loan_to_approval,2,66,200,16.558200,
policy_only,10,1,perf-policy_only-r010-20260818T025746Z,loan_to_approval,2,67,200,17.963700,
policy_only,10,1,perf-policy_only-r010-20260818T025746Z,loan_to_approval,2,68,200,17.349500,
policy_only,10,1,perf-policy_only-r010-20260818T025746Z,loan_to_approval,2,69,200,17.019200,
policy_only,10,1,perf-policy_only-r010-20260818T025746Z,loan_to_approval,2,70,200,16.224900,
policy_only,10,1,perf-policy_only-r010-20260818T025746Z,loan_to_approval,2,71,200,16.428700,
policy_only,10,1,perf-policy_only-r010-20260818T025746Z,loan_to_approval,2,72,200,15.540500,
policy_only,10,1,perf-policy_only-r010-20260818T025746Z,loan_to_approval,2,73,200,17.470300,
policy_only,10,1,perf-policy_only-r010-20260818T025746Z,loan_to_approval,2,74,200,17.933800,
policy_only,10,1,perf-policy_only-r010-20260818T025746Z,loan_to_approval,2,75,200,17.115900,
policy_only,10,1,perf-policy_only-r010-20260818T025746Z,loan_to_approval,2,76,200,16.922000,
policy_only,10,1,perf-policy_only-r010-20260818T025746Z,loan_to_approval,2,77,200,17.202300,
policy_only,10,1,perf-policy_only-r010-20260818T025746Z,loan_to_approval,2,78,200,18.020400,
policy_only,10,1,perf-policy_only-r010-20260818T025746Z,loan_to_approval,2,79,200,17.384200,
policy_only,10,1,perf-policy_only-r010-20260818T025746Z,loan_to_approval,2,80,200,17.396300,
policy_only,10,1,perf-policy_only-r010-20260818T025746Z,loan_to_approval,2,81,200,17.954800,
policy_only,10,1,perf-policy_only-r010-20260818T025746Z,loan_to_approval,2,82,200,16.556100,
policy_only,10,1,perf-policy_only-r010-20260818T025746Z,loan_to_approval,2,83,200,17.276600,
policy_only,10,1,perf-policy_only-r010-20260818T025746Z,loan_to_approval,2,84,200,16.597500,
policy_only,10,1,perf-policy_only-r010-20260818T025746Z,loan_to_approval,2,85,200,17.351600,
policy_only,10,1,perf-policy_only-r010-20260818T025746Z,loan_to_approval,2,86,200,18.585300,
policy_only,10,1,perf-policy_only-r010-20260818T025746Z,loan_to_approval,2,87,200,21.869300,
policy_only,10,1,perf-policy_only-r010-20260818T025746Z,loan_to_approval,2,88,200,19.213800,
policy_only,10,1,perf-policy_only-r010-20260818T025746Z,loan_to_approval,2,89,200,23.923300,
policy_only,10,1,perf-policy_only-r010-20260818T025746Z,loan_to_approval,2,90,200,20.778300,
policy_only,10,1,perf-policy_only-r010-20260818T025746Z,loan_to_approval,2,91,200,17.775700,
policy_only,10,1,perf-policy_only-r010-20260818T025746Z,loan_to_approval,2,92,200,19.879000,
policy_only,10,1,perf-policy_only-r010-20260818T025746Z,loan_to_approval,2,93,200,17.094900,
policy_only,10,1,perf-policy_only-r010-20260818T025746Z,loan_to_approval,2,94,200,18.039800,
policy_only,10,1,perf-policy_only-r010-20260818T025746Z,loan_to_approval,2,95,200,18.078000,
policy_only,10,1,perf-policy_only-r010-20260818T025746Z,loan_to_approval,2,96,200,18.008100,
policy_only,10,1,perf-policy_only-r010-20260818T025746Z,loan_to_approval,2,97,200,17.817500,
policy_only,10,1,perf-policy_only-r010-20260818T025746Z,loan_to_approval,2,98,200,17.777600,
policy_only,10,1,perf-policy_only-r010-20260818T025746Z,loan_to_approval,2,99,200,18.074900,
policy_only,10,1,perf-policy_only-r010-20260818T025746Z,loan_to_approval,2,100,200,18.777900,
policy_only,10,1,perf-policy_only-r010-20260818T025746Z,loan_to_approval,2,101,200,16.661800,
policy_only,10,1,perf-policy_only-r010-20260818T025746Z,loan_to_approval,2,102,200,15.805900,
policy_only,10,1,perf-policy_only-r010-20260818T025746Z,loan_to_approval,2,103,200,18.312000,
policy_only,10,1,perf-policy_only-r010-20260818T025746Z,loan_to_approval,2,104,200,17.822900,
policy_only,10,1,perf-policy_only-r010-20260818T025746Z,loan_to_approval,2,105,200,15.884000,
policy_only,10,1,perf-policy_only-r010-20260818T025746Z,loan_to_approval,2,106,200,17.379400,
policy_only,10,1,perf-policy_only-r010-20260818T025746Z,loan_to_approval,2,107,200,16.627900,
policy_only,10,1,perf-policy_only-r010-20260818T025746Z,loan_to_approval,2,108,200,16.085500,
policy_only,10,1,perf-policy_only-r010-20260818T025746Z,loan_to_approval,2,109,200,16.801500,
policy_only,10,1,perf-policy_only-r010-20260818T025746Z,loan_to_approval,2,110,200,15.917400,
policy_only,10,1,perf-policy_only-r010-20260818T025746Z,loan_to_approval,2,111,200,16.293300,
policy_only,10,1,perf-policy_only-r010-20260818T025746Z,loan_to_approval,2,112,200,15.732100,
policy_only,10,1,perf-policy_only-r010-20260818T025746Z,loan_to_approval,2,113,200,17.390100,
policy_only,10,1,perf-policy_only-r010-20260818T025746Z,loan_to_approval,2,114,200,16.971600,
policy_only,10,1,perf-policy_only-r010-20260818T025746Z,loan_to_approval,2,115,200,17.273500,
policy_only,10,1,perf-policy_only-r010-20260818T025746Z,loan_to_approval,2,116,200,18.760200,
policy_only,10,1,perf-policy_only-r010-20260818T025746Z,loan_to_approval,2,117,200,16.742700,
policy_only,10,1,perf-policy_only-r010-20260818T025746Z,loan_to_approval,2,118,200,15.980100,
policy_only,10,1,perf-policy_only-r010-20260818T025746Z,loan_to_approval,2,119,200,16.879500,
policy_only,10,1,perf-policy_only-r010-20260818T025746Z,loan_to_approval,2,120,200,16.082500,
policy_only,10,1,perf-policy_only-r010-20260818T025746Z,loan_to_approval,2,121,200,16.576000,
policy_only,10,1,perf-policy_only-r010-20260818T025746Z,loan_to_approval,2,122,200,16.189200,
policy_only,10,1,perf-policy_only-r010-20260818T025746Z,loan_to_approval,2,123,200,16.225300,
policy_only,10,1,perf-policy_only-r010-20260818T025746Z,loan_to_approval,2,124,200,16.901300,
policy_only,10,1,perf-policy_only-r010-20260818T025746Z,loan_to_approval,2,125,200,16.820800,
policy_only,10,1,perf-policy_only-r010-20260818T025746Z,loan_to_approval,2,126,200,17.250600,
policy_only,10,1,perf-policy_only-r010-20260818T025746Z,loan_to_approval,2,127,200,16.900600,
policy_only,10,1,perf-policy_only-r010-20260818T025746Z,loan_to_approval,2,128,200,17.326700,
policy_only,10,1,perf-policy_only-r010-20260818T025746Z,loan_to_approval,2,129,200,15.968300,
policy_only,10,1,perf-policy_only-r010-20260818T025746Z,loan_to_approval,2,130,200,16.120300,
policy_only,10,1,perf-policy_only-r010-20260818T025746Z,loan_to_approval,2,131,200,16.277500,
policy_only,10,1,perf-policy_only-r010-20260818T025746Z,loan_to_approval,2,132,200,15.936400,
policy_only,10,1,perf-policy_only-r010-20260818T025746Z,loan_to_approval,2,133,200,15.546600,
policy_only,10,1,perf-policy_only-r010-20260818T025746Z,loan_to_approval,2,134,200,16.334500,
policy_only,10,1,perf-policy_only-r010-20260818T025746Z,loan_to_approval,2,135,200,15.642700,
policy_only,10,1,perf-policy_only-r010-20260818T025746Z,loan_to_approval,2,136,200,16.234100,
policy_only,10,1,perf-policy_only-r010-20260818T025746Z,loan_to_approval,2,137,200,15.970000,
policy_only,10,1,perf-policy_only-r010-20260818T025746Z,loan_to_approval,2,138,200,15.926000,
policy_only,10,1,perf-policy_only-r010-20260818T025746Z,loan_to_approval,2,139,200,15.992000,
policy_only,10,1,perf-policy_only-r010-20260818T025746Z,loan_to_approval,2,140,200,16.378100,
policy_only,10,1,perf-policy_only-r010-20260818T025746Z,loan_to_approval,2,141,200,16.384200,
policy_only,10,1,perf-policy_only-r010-20260818T025746Z,loan_to_approval,2,142,200,15.389600,
policy_only,10,1,perf-policy_only-r010-20260818T025746Z,loan_to_approval,2,143,200,16.496500,
policy_only,10,1,perf-policy_only-r010-20260818T025746Z,loan_to_approval,2,144,200,16.949000,
policy_only,10,1,perf-policy_only-r010-20260818T025746Z,loan_to_approval,2,145,200,18.189700,
policy_only,10,1,perf-policy_only-r010-20260818T025746Z,loan_to_approval,2,146,200,16.194200,
policy_only,10,1,perf-policy_only-r010-20260818T025746Z,loan_to_approval,2,147,200,18.035900,
policy_only,10,1,perf-policy_only-r010-20260818T025746Z,loan_to_approval,2,148,200,17.231700,
policy_only,10,1,perf-policy_only-r010-20260818T025746Z,loan_to_approval,2,149,200,18.886400,
policy_only,10,1,perf-policy_only-r010-20260818T025746Z,loan_to_approval,2,150,200,19.424700,
policy_only,10,1,perf-policy_only-r010-20260818T025746Z,loan_to_approval,2,151,200,20.065000,
policy_only,10,1,perf-policy_only-r010-20260818T025746Z,loan_to_approval,2,152,200,19.569700,
policy_only,10,1,perf-policy_only-r010-20260818T025746Z,loan_to_approval,2,153,200,18.183300,
policy_only,10,1,perf-policy_only-r010-20260818T025746Z,loan_to_approval,2,154,200,16.505100,
policy_only,10,1,perf-policy_only-r010-20260818T025746Z,loan_to_approval,2,155,200,15.823100,
policy_only,10,1,perf-policy_only-r010-20260818T025746Z,loan_to_approval,2,156,200,17.642600,
policy_only,10,1,perf-policy_only-r010-20260818T025746Z,loan_to_approval,2,157,200,17.257400,
policy_only,10,1,perf-policy_only-r010-20260818T025746Z,loan_to_approval,2,158,200,16.383200,
policy_only,10,1,perf-policy_only-r010-20260818T025746Z,loan_to_approval,2,159,200,17.147200,
policy_only,10,1,perf-policy_only-r010-20260818T025746Z,loan_to_approval,2,160,200,16.781100,
policy_only,10,1,perf-policy_only-r010-20260818T025746Z,loan_to_approval,2,161,200,16.015000,
policy_only,10,1,perf-policy_only-r010-20260818T025746Z,loan_to_approval,2,162,200,17.273700,
policy_only,10,1,perf-policy_only-r010-20260818T025746Z,loan_to_approval,2,163,200,16.538000,
policy_only,10,1,perf-policy_only-r010-20260818T025746Z,loan_to_approval,2,164,200,16.845700,
policy_only,10,1,perf-policy_only-r010-20260818T025746Z,loan_to_approval,2,165,200,16.273400,
policy_only,10,1,perf-policy_only-r010-20260818T025746Z,loan_to_approval,2,166,200,16.695300,
policy_only,10,1,perf-policy_only-r010-20260818T025746Z,loan_to_approval,2,167,200,17.408800,
policy_only,10,1,perf-policy_only-r010-20260818T025746Z,loan_to_approval,2,168,200,16.539600,
policy_only,10,1,perf-policy_only-r010-20260818T025746Z,loan_to_approval,2,169,200,16.290600,
policy_only,10,1,perf-policy_only-r010-20260818T025746Z,loan_to_approval,2,170,200,15.771500,
policy_only,10,1,perf-policy_only-r010-20260818T025746Z,loan_to_approval,2,171,200,15.798900,
policy_only,10,1,perf-policy_only-r010-20260818T025746Z,loan_to_approval,2,172,200,16.162200,
policy_only,10,1,perf-policy_only-r010-20260818T025746Z,loan_to_approval,2,173,200,15.826200,
policy_only,10,1,perf-policy_only-r010-20260818T025746Z,loan_to_approval,2,174,200,15.708100,
policy_only,10,1,perf-policy_only-r010-20260818T025746Z,loan_to_approval,2,175,200,16.210100,
policy_only,10,1,perf-policy_only-r010-20260818T025746Z,loan_to_approval,2,176,200,21.712900,
policy_only,10,1,perf-policy_only-r010-20260818T025746Z,loan_to_approval,2,177,200,19.313700,
policy_only,10,1,perf-policy_only-r010-20260818T025746Z,loan_to_approval,2,178,200,16.049400,
policy_only,10,1,perf-policy_only-r010-20260818T025746Z,loan_to_approval,2,179,200,17.139500,
policy_only,10,1,perf-policy_only-r010-20260818T025746Z,loan_to_approval,2,180,200,17.064100,
policy_only,10,1,perf-policy_only-r010-20260818T025746Z,loan_to_approval,2,181,200,16.650300,
policy_only,10,1,perf-policy_only-r010-20260818T025746Z,loan_to_approval,2,182,200,15.907100,
policy_only,10,1,perf-policy_only-r010-20260818T025746Z,loan_to_approval,2,183,200,16.072400,
policy_only,10,1,perf-policy_only-r010-20260818T025746Z,loan_to_approval,2,184,200,15.902300,
policy_only,10,1,perf-policy_only-r010-20260818T025746Z,loan_to_approval,2,185,200,16.225600,
policy_only,10,1,perf-policy_only-r010-20260818T025746Z,loan_to_approval,2,186,200,16.825700,
policy_only,10,1,perf-policy_only-r010-20260818T025746Z,loan_to_approval,2,187,200,16.891200,
policy_only,10,1,perf-policy_only-r010-20260818T025746Z,loan_to_approval,2,188,200,17.542700,
policy_only,10,1,perf-policy_only-r010-20260818T025746Z,loan_to_approval,2,189,200,16.541000,
policy_only,10,1,perf-policy_only-r010-20260818T025746Z,loan_to_approval,2,190,200,16.086000,
policy_only,10,1,perf-policy_only-r010-20260818T025746Z,loan_to_approval,2,191,200,16.188100,
policy_only,10,1,perf-policy_only-r010-20260818T025746Z,loan_to_approval,2,192,200,15.460800,
policy_only,10,1,perf-policy_only-r010-20260818T025746Z,loan_to_approval,2,193,200,15.788200,
policy_only,10,1,perf-policy_only-r010-20260818T025746Z,loan_to_approval,2,194,200,15.237400,
policy_only,10,1,perf-policy_only-r010-20260818T025746Z,loan_to_approval,2,195,200,16.116400,
policy_only,10,1,perf-policy_only-r010-20260818T025746Z,loan_to_approval,2,196,200,16.608500,
policy_only,10,1,perf-policy_only-r010-20260818T025746Z,loan_to_approval,2,197,200,16.117900,
policy_only,10,1,perf-policy_only-r010-20260818T025746Z,loan_to_approval,2,198,200,15.867300,
policy_only,10,1,perf-policy_only-r010-20260818T025746Z,loan_to_approval,2,199,200,14.862000,
policy_only,10,1,perf-policy_only-r010-20260818T025746Z,loan_to_approval,2,200,200,15.011600,
policy_only,10,1,perf-policy_only-r010-20260818T025746Z,loan_to_approval,3,1,200,15.998300,
policy_only,10,1,perf-policy_only-r010-20260818T025746Z,loan_to_approval,3,2,200,15.467300,
policy_only,10,1,perf-policy_only-r010-20260818T025746Z,loan_to_approval,3,3,200,16.589100,
policy_only,10,1,perf-policy_only-r010-20260818T025746Z,loan_to_approval,3,4,200,16.101100,
policy_only,10,1,perf-policy_only-r010-20260818T025746Z,loan_to_approval,3,5,200,15.737800,
policy_only,10,1,perf-policy_only-r010-20260818T025746Z,loan_to_approval,3,6,200,16.117100,
policy_only,10,1,perf-policy_only-r010-20260818T025746Z,loan_to_approval,3,7,200,18.460400,
policy_only,10,1,perf-policy_only-r010-20260818T025746Z,loan_to_approval,3,8,200,16.500300,
policy_only,10,1,perf-policy_only-r010-20260818T025746Z,loan_to_approval,3,9,200,15.892100,
policy_only,10,1,perf-policy_only-r010-20260818T025746Z,loan_to_approval,3,10,200,15.756200,
policy_only,10,1,perf-policy_only-r010-20260818T025746Z,loan_to_approval,3,11,200,16.067600,
policy_only,10,1,perf-policy_only-r010-20260818T025746Z,loan_to_approval,3,12,200,15.832100,
policy_only,10,1,perf-policy_only-r010-20260818T025746Z,loan_to_approval,3,13,200,15.360300,
policy_only,10,1,perf-policy_only-r010-20260818T025746Z,loan_to_approval,3,14,200,16.036500,
policy_only,10,1,perf-policy_only-r010-20260818T025746Z,loan_to_approval,3,15,200,15.814900,
policy_only,10,1,perf-policy_only-r010-20260818T025746Z,loan_to_approval,3,16,200,16.324200,
policy_only,10,1,perf-policy_only-r010-20260818T025746Z,loan_to_approval,3,17,200,16.710700,
policy_only,10,1,perf-policy_only-r010-20260818T025746Z,loan_to_approval,3,18,200,16.372200,
policy_only,10,1,perf-policy_only-r010-20260818T025746Z,loan_to_approval,3,19,200,16.635400,
policy_only,10,1,perf-policy_only-r010-20260818T025746Z,loan_to_approval,3,20,200,16.450100,
policy_only,10,1,perf-policy_only-r010-20260818T025746Z,loan_to_approval,3,21,200,16.908400,
policy_only,10,1,perf-policy_only-r010-20260818T025746Z,loan_to_approval,3,22,200,15.278300,
policy_only,10,1,perf-policy_only-r010-20260818T025746Z,loan_to_approval,3,23,200,15.488800,
policy_only,10,1,perf-policy_only-r010-20260818T025746Z,loan_to_approval,3,24,200,15.935600,
policy_only,10,1,perf-policy_only-r010-20260818T025746Z,loan_to_approval,3,25,200,16.033100,
policy_only,10,1,perf-policy_only-r010-20260818T025746Z,loan_to_approval,3,26,200,15.954700,
policy_only,10,1,perf-policy_only-r010-20260818T025746Z,loan_to_approval,3,27,200,15.734000,
policy_only,10,1,perf-policy_only-r010-20260818T025746Z,loan_to_approval,3,28,200,16.120700,
policy_only,10,1,perf-policy_only-r010-20260818T025746Z,loan_to_approval,3,29,200,16.846300,
policy_only,10,1,perf-policy_only-r010-20260818T025746Z,loan_to_approval,3,30,200,15.965000,
policy_only,10,1,perf-policy_only-r010-20260818T025746Z,loan_to_approval,3,31,200,15.919000,
policy_only,10,1,perf-policy_only-r010-20260818T025746Z,loan_to_approval,3,32,200,15.846400,
policy_only,10,1,perf-policy_only-r010-20260818T025746Z,loan_to_approval,3,33,200,16.200300,
policy_only,10,1,perf-policy_only-r010-20260818T025746Z,loan_to_approval,3,34,200,16.158900,
policy_only,10,1,perf-policy_only-r010-20260818T025746Z,loan_to_approval,3,35,200,16.280300,
policy_only,10,1,perf-policy_only-r010-20260818T025746Z,loan_to_approval,3,36,200,16.829000,
policy_only,10,1,perf-policy_only-r010-20260818T025746Z,loan_to_approval,3,37,200,16.363900,
policy_only,10,1,perf-policy_only-r010-20260818T025746Z,loan_to_approval,3,38,200,16.634300,
policy_only,10,1,perf-policy_only-r010-20260818T025746Z,loan_to_approval,3,39,200,16.676400,
policy_only,10,1,perf-policy_only-r010-20260818T025746Z,loan_to_approval,3,40,200,15.851200,
policy_only,10,1,perf-policy_only-r010-20260818T025746Z,loan_to_approval,3,41,200,15.953100,
policy_only,10,1,perf-policy_only-r010-20260818T025746Z,loan_to_approval,3,42,200,14.811700,
policy_only,10,1,perf-policy_only-r010-20260818T025746Z,loan_to_approval,3,43,200,15.147500,
policy_only,10,1,perf-policy_only-r010-20260818T025746Z,loan_to_approval,3,44,200,15.941000,
policy_only,10,1,perf-policy_only-r010-20260818T025746Z,loan_to_approval,3,45,200,16.074100,
policy_only,10,1,perf-policy_only-r010-20260818T025746Z,loan_to_approval,3,46,200,16.211600,
policy_only,10,1,perf-policy_only-r010-20260818T025746Z,loan_to_approval,3,47,200,17.322300,
policy_only,10,1,perf-policy_only-r010-20260818T025746Z,loan_to_approval,3,48,200,16.497400,
policy_only,10,1,perf-policy_only-r010-20260818T025746Z,loan_to_approval,3,49,200,15.920300,
policy_only,10,1,perf-policy_only-r010-20260818T025746Z,loan_to_approval,3,50,200,15.853300,
policy_only,10,1,perf-policy_only-r010-20260818T025746Z,loan_to_approval,3,51,200,16.203900,
policy_only,10,1,perf-policy_only-r010-20260818T025746Z,loan_to_approval,3,52,200,16.161300,
policy_only,10,1,perf-policy_only-r010-20260818T025746Z,loan_to_approval,3,53,200,15.862000,
policy_only,10,1,perf-policy_only-r010-20260818T025746Z,loan_to_approval,3,54,200,15.720400,
policy_only,10,1,perf-policy_only-r010-20260818T025746Z,loan_to_approval,3,55,200,16.202400,
policy_only,10,1,perf-policy_only-r010-20260818T025746Z,loan_to_approval,3,56,200,16.179700,
policy_only,10,1,perf-policy_only-r010-20260818T025746Z,loan_to_approval,3,57,200,16.206800,
policy_only,10,1,perf-policy_only-r010-20260818T025746Z,loan_to_approval,3,58,200,16.379700,
policy_only,10,1,perf-policy_only-r010-20260818T025746Z,loan_to_approval,3,59,200,16.186400,
policy_only,10,1,perf-policy_only-r010-20260818T025746Z,loan_to_approval,3,60,200,15.924000,
policy_only,10,1,perf-policy_only-r010-20260818T025746Z,loan_to_approval,3,61,200,15.904200,
policy_only,10,1,perf-policy_only-r010-20260818T025746Z,loan_to_approval,3,62,200,15.966900,
policy_only,10,1,perf-policy_only-r010-20260818T025746Z,loan_to_approval,3,63,200,16.064000,
policy_only,10,1,perf-policy_only-r010-20260818T025746Z,loan_to_approval,3,64,200,15.863200,
policy_only,10,1,perf-policy_only-r010-20260818T025746Z,loan_to_approval,3,65,200,16.043400,
policy_only,10,1,perf-policy_only-r010-20260818T025746Z,loan_to_approval,3,66,200,16.272000,
policy_only,10,1,perf-policy_only-r010-20260818T025746Z,loan_to_approval,3,67,200,16.708400,
policy_only,10,1,perf-policy_only-r010-20260818T025746Z,loan_to_approval,3,68,200,16.244700,
policy_only,10,1,perf-policy_only-r010-20260818T025746Z,loan_to_approval,3,69,200,20.085300,
policy_only,10,1,perf-policy_only-r010-20260818T025746Z,loan_to_approval,3,70,200,17.849700,
policy_only,10,1,perf-policy_only-r010-20260818T025746Z,loan_to_approval,3,71,200,17.916100,
policy_only,10,1,perf-policy_only-r010-20260818T025746Z,loan_to_approval,3,72,200,16.061500,
policy_only,10,1,perf-policy_only-r010-20260818T025746Z,loan_to_approval,3,73,200,17.266600,
policy_only,10,1,perf-policy_only-r010-20260818T025746Z,loan_to_approval,3,74,200,17.185300,
policy_only,10,1,perf-policy_only-r010-20260818T025746Z,loan_to_approval,3,75,200,16.420000,
policy_only,10,1,perf-policy_only-r010-20260818T025746Z,loan_to_approval,3,76,200,16.234800,
policy_only,10,1,perf-policy_only-r010-20260818T025746Z,loan_to_approval,3,77,200,16.683500,
policy_only,10,1,perf-policy_only-r010-20260818T025746Z,loan_to_approval,3,78,200,16.148500,
policy_only,10,1,perf-policy_only-r010-20260818T025746Z,loan_to_approval,3,79,200,16.680400,
policy_only,10,1,perf-policy_only-r010-20260818T025746Z,loan_to_approval,3,80,200,15.837500,
policy_only,10,1,perf-policy_only-r010-20260818T025746Z,loan_to_approval,3,81,200,15.994300,
policy_only,10,1,perf-policy_only-r010-20260818T025746Z,loan_to_approval,3,82,200,15.843500,
policy_only,10,1,perf-policy_only-r010-20260818T025746Z,loan_to_approval,3,83,200,16.547000,
policy_only,10,1,perf-policy_only-r010-20260818T025746Z,loan_to_approval,3,84,200,17.086600,
policy_only,10,1,perf-policy_only-r010-20260818T025746Z,loan_to_approval,3,85,200,15.662600,
policy_only,10,1,perf-policy_only-r010-20260818T025746Z,loan_to_approval,3,86,200,15.659600,
policy_only,10,1,perf-policy_only-r010-20260818T025746Z,loan_to_approval,3,87,200,16.038000,
policy_only,10,1,perf-policy_only-r010-20260818T025746Z,loan_to_approval,3,88,200,14.926900,
policy_only,10,1,perf-policy_only-r010-20260818T025746Z,loan_to_approval,3,89,200,16.104000,
policy_only,10,1,perf-policy_only-r010-20260818T025746Z,loan_to_approval,3,90,200,16.217500,
policy_only,10,1,perf-policy_only-r010-20260818T025746Z,loan_to_approval,3,91,200,15.972400,
policy_only,10,1,perf-policy_only-r010-20260818T025746Z,loan_to_approval,3,92,200,15.544900,
policy_only,10,1,perf-policy_only-r010-20260818T025746Z,loan_to_approval,3,93,200,16.046600,
policy_only,10,1,perf-policy_only-r010-20260818T025746Z,loan_to_approval,3,94,200,15.054500,
policy_only,10,1,perf-policy_only-r010-20260818T025746Z,loan_to_approval,3,95,200,16.448400,
policy_only,10,1,perf-policy_only-r010-20260818T025746Z,loan_to_approval,3,96,200,15.409500,
policy_only,10,1,perf-policy_only-r010-20260818T025746Z,loan_to_approval,3,97,200,16.041700,
policy_only,10,1,perf-policy_only-r010-20260818T025746Z,loan_to_approval,3,98,200,16.260500,
policy_only,10,1,perf-policy_only-r010-20260818T025746Z,loan_to_approval,3,99,200,15.958200,
policy_only,10,1,perf-policy_only-r010-20260818T025746Z,loan_to_approval,3,100,200,20.211400,
policy_only,10,1,perf-policy_only-r010-20260818T025746Z,loan_to_approval,3,101,200,16.606200,
policy_only,10,1,perf-policy_only-r010-20260818T025746Z,loan_to_approval,3,102,200,15.762700,
policy_only,10,1,perf-policy_only-r010-20260818T025746Z,loan_to_approval,3,103,200,15.996100,
policy_only,10,1,perf-policy_only-r010-20260818T025746Z,loan_to_approval,3,104,200,15.910500,
policy_only,10,1,perf-policy_only-r010-20260818T025746Z,loan_to_approval,3,105,200,15.389900,
policy_only,10,1,perf-policy_only-r010-20260818T025746Z,loan_to_approval,3,106,200,15.867800,
policy_only,10,1,perf-policy_only-r010-20260818T025746Z,loan_to_approval,3,107,200,15.915200,
policy_only,10,1,perf-policy_only-r010-20260818T025746Z,loan_to_approval,3,108,200,16.481000,
policy_only,10,1,perf-policy_only-r010-20260818T025746Z,loan_to_approval,3,109,200,16.933800,
policy_only,10,1,perf-policy_only-r010-20260818T025746Z,loan_to_approval,3,110,200,17.199800,
policy_only,10,1,perf-policy_only-r010-20260818T025746Z,loan_to_approval,3,111,200,16.329700,
policy_only,10,1,perf-policy_only-r010-20260818T025746Z,loan_to_approval,3,112,200,15.760500,
policy_only,10,1,perf-policy_only-r010-20260818T025746Z,loan_to_approval,3,113,200,16.697000,
policy_only,10,1,perf-policy_only-r010-20260818T025746Z,loan_to_approval,3,114,200,15.397400,
policy_only,10,1,perf-policy_only-r010-20260818T025746Z,loan_to_approval,3,115,200,15.964900,
policy_only,10,1,perf-policy_only-r010-20260818T025746Z,loan_to_approval,3,116,200,15.986800,
policy_only,10,1,perf-policy_only-r010-20260818T025746Z,loan_to_approval,3,117,200,15.930300,
policy_only,10,1,perf-policy_only-r010-20260818T025746Z,loan_to_approval,3,118,200,15.012900,
policy_only,10,1,perf-policy_only-r010-20260818T025746Z,loan_to_approval,3,119,200,16.186200,
policy_only,10,1,perf-policy_only-r010-20260818T025746Z,loan_to_approval,3,120,200,15.805000,
policy_only,10,1,perf-policy_only-r010-20260818T025746Z,loan_to_approval,3,121,200,15.985000,
policy_only,10,1,perf-policy_only-r010-20260818T025746Z,loan_to_approval,3,122,200,16.144000,
policy_only,10,1,perf-policy_only-r010-20260818T025746Z,loan_to_approval,3,123,200,15.836000,
policy_only,10,1,perf-policy_only-r010-20260818T025746Z,loan_to_approval,3,124,200,15.871800,
policy_only,10,1,perf-policy_only-r010-20260818T025746Z,loan_to_approval,3,125,200,16.062900,
policy_only,10,1,perf-policy_only-r010-20260818T025746Z,loan_to_approval,3,126,200,15.836500,
policy_only,10,1,perf-policy_only-r010-20260818T025746Z,loan_to_approval,3,127,200,16.014600,
policy_only,10,1,perf-policy_only-r010-20260818T025746Z,loan_to_approval,3,128,200,15.964200,
policy_only,10,1,perf-policy_only-r010-20260818T025746Z,loan_to_approval,3,129,200,15.895300,
policy_only,10,1,perf-policy_only-r010-20260818T025746Z,loan_to_approval,3,130,200,16.299600,
policy_only,10,1,perf-policy_only-r010-20260818T025746Z,loan_to_approval,3,131,200,16.867400,
policy_only,10,1,perf-policy_only-r010-20260818T025746Z,loan_to_approval,3,132,200,16.821400,
policy_only,10,1,perf-policy_only-r010-20260818T025746Z,loan_to_approval,3,133,200,16.474100,
policy_only,10,1,perf-policy_only-r010-20260818T025746Z,loan_to_approval,3,134,200,16.884700,
policy_only,10,1,perf-policy_only-r010-20260818T025746Z,loan_to_approval,3,135,200,15.857200,
policy_only,10,1,perf-policy_only-r010-20260818T025746Z,loan_to_approval,3,136,200,15.735100,
policy_only,10,1,perf-policy_only-r010-20260818T025746Z,loan_to_approval,3,137,200,16.425300,
policy_only,10,1,perf-policy_only-r010-20260818T025746Z,loan_to_approval,3,138,200,15.684800,
policy_only,10,1,perf-policy_only-r010-20260818T025746Z,loan_to_approval,3,139,200,15.786100,
policy_only,10,1,perf-policy_only-r010-20260818T025746Z,loan_to_approval,3,140,200,16.807700,
policy_only,10,1,perf-policy_only-r010-20260818T025746Z,loan_to_approval,3,141,200,17.842400,
policy_only,10,1,perf-policy_only-r010-20260818T025746Z,loan_to_approval,3,142,200,16.849400,
policy_only,10,1,perf-policy_only-r010-20260818T025746Z,loan_to_approval,3,143,200,18.261500,
policy_only,10,1,perf-policy_only-r010-20260818T025746Z,loan_to_approval,3,144,200,16.507100,
policy_only,10,1,perf-policy_only-r010-20260818T025746Z,loan_to_approval,3,145,200,16.000300,
policy_only,10,1,perf-policy_only-r010-20260818T025746Z,loan_to_approval,3,146,200,16.773700,
policy_only,10,1,perf-policy_only-r010-20260818T025746Z,loan_to_approval,3,147,200,16.142100,
policy_only,10,1,perf-policy_only-r010-20260818T025746Z,loan_to_approval,3,148,200,16.191700,
policy_only,10,1,perf-policy_only-r010-20260818T025746Z,loan_to_approval,3,149,200,16.505300,
policy_only,10,1,perf-policy_only-r010-20260818T025746Z,loan_to_approval,3,150,200,16.623400,
policy_only,10,1,perf-policy_only-r010-20260818T025746Z,loan_to_approval,3,151,200,17.817800,
policy_only,10,1,perf-policy_only-r010-20260818T025746Z,loan_to_approval,3,152,200,16.811300,
policy_only,10,1,perf-policy_only-r010-20260818T025746Z,loan_to_approval,3,153,200,17.080700,
policy_only,10,1,perf-policy_only-r010-20260818T025746Z,loan_to_approval,3,154,200,16.573300,
policy_only,10,1,perf-policy_only-r010-20260818T025746Z,loan_to_approval,3,155,200,16.151100,
policy_only,10,1,perf-policy_only-r010-20260818T025746Z,loan_to_approval,3,156,200,16.232900,
policy_only,10,1,perf-policy_only-r010-20260818T025746Z,loan_to_approval,3,157,200,16.759700,
policy_only,10,1,perf-policy_only-r010-20260818T025746Z,loan_to_approval,3,158,200,16.122000,
policy_only,10,1,perf-policy_only-r010-20260818T025746Z,loan_to_approval,3,159,200,16.102000,
policy_only,10,1,perf-policy_only-r010-20260818T025746Z,loan_to_approval,3,160,200,15.585000,
policy_only,10,1,perf-policy_only-r010-20260818T025746Z,loan_to_approval,3,161,200,16.524800,
policy_only,10,1,perf-policy_only-r010-20260818T025746Z,loan_to_approval,3,162,200,17.213500,
policy_only,10,1,perf-policy_only-r010-20260818T025746Z,loan_to_approval,3,163,200,15.981800,
policy_only,10,1,perf-policy_only-r010-20260818T025746Z,loan_to_approval,3,164,200,15.312100,
policy_only,10,1,perf-policy_only-r010-20260818T025746Z,loan_to_approval,3,165,200,15.748300,
policy_only,10,1,perf-policy_only-r010-20260818T025746Z,loan_to_approval,3,166,200,15.020500,
policy_only,10,1,perf-policy_only-r010-20260818T025746Z,loan_to_approval,3,167,200,15.948700,
policy_only,10,1,perf-policy_only-r010-20260818T025746Z,loan_to_approval,3,168,200,16.302100,
policy_only,10,1,perf-policy_only-r010-20260818T025746Z,loan_to_approval,3,169,200,17.280800,
policy_only,10,1,perf-policy_only-r010-20260818T025746Z,loan_to_approval,3,170,200,16.252500,
policy_only,10,1,perf-policy_only-r010-20260818T025746Z,loan_to_approval,3,171,200,16.406300,
policy_only,10,1,perf-policy_only-r010-20260818T025746Z,loan_to_approval,3,172,200,16.943500,
policy_only,10,1,perf-policy_only-r010-20260818T025746Z,loan_to_approval,3,173,200,17.035900,
policy_only,10,1,perf-policy_only-r010-20260818T025746Z,loan_to_approval,3,174,200,16.681300,
policy_only,10,1,perf-policy_only-r010-20260818T025746Z,loan_to_approval,3,175,200,16.101900,
policy_only,10,1,perf-policy_only-r010-20260818T025746Z,loan_to_approval,3,176,200,15.727300,
policy_only,10,1,perf-policy_only-r010-20260818T025746Z,loan_to_approval,3,177,200,16.676300,
policy_only,10,1,perf-policy_only-r010-20260818T025746Z,loan_to_approval,3,178,200,16.690700,
policy_only,10,1,perf-policy_only-r010-20260818T025746Z,loan_to_approval,3,179,200,16.493600,
policy_only,10,1,perf-policy_only-r010-20260818T025746Z,loan_to_approval,3,180,200,15.230100,
policy_only,10,1,perf-policy_only-r010-20260818T025746Z,loan_to_approval,3,181,200,16.241200,
policy_only,10,1,perf-policy_only-r010-20260818T025746Z,loan_to_approval,3,182,200,16.216700,
policy_only,10,1,perf-policy_only-r010-20260818T025746Z,loan_to_approval,3,183,200,15.946100,
policy_only,10,1,perf-policy_only-r010-20260818T025746Z,loan_to_approval,3,184,200,15.901800,
policy_only,10,1,perf-policy_only-r010-20260818T025746Z,loan_to_approval,3,185,200,17.091300,
policy_only,10,1,perf-policy_only-r010-20260818T025746Z,loan_to_approval,3,186,200,16.556400,
policy_only,10,1,perf-policy_only-r010-20260818T025746Z,loan_to_approval,3,187,200,16.025800,
policy_only,10,1,perf-policy_only-r010-20260818T025746Z,loan_to_approval,3,188,200,15.901700,
policy_only,10,1,perf-policy_only-r010-20260818T025746Z,loan_to_approval,3,189,200,15.844600,
policy_only,10,1,perf-policy_only-r010-20260818T025746Z,loan_to_approval,3,190,200,16.224100,
policy_only,10,1,perf-policy_only-r010-20260818T025746Z,loan_to_approval,3,191,200,16.044000,
policy_only,10,1,perf-policy_only-r010-20260818T025746Z,loan_to_approval,3,192,200,15.542300,
policy_only,10,1,perf-policy_only-r010-20260818T025746Z,loan_to_approval,3,193,200,20.943100,
policy_only,10,1,perf-policy_only-r010-20260818T025746Z,loan_to_approval,3,194,200,17.329700,
policy_only,10,1,perf-policy_only-r010-20260818T025746Z,loan_to_approval,3,195,200,19.267200,
policy_only,10,1,perf-policy_only-r010-20260818T025746Z,loan_to_approval,3,196,200,19.312400,
policy_only,10,1,perf-policy_only-r010-20260818T025746Z,loan_to_approval,3,197,200,18.286700,
policy_only,10,1,perf-policy_only-r010-20260818T025746Z,loan_to_approval,3,198,200,17.751200,
policy_only,10,1,perf-policy_only-r010-20260818T025746Z,loan_to_approval,3,199,200,17.049800,
policy_only,10,1,perf-policy_only-r010-20260818T025746Z,loan_to_approval,3,200,200,17.839100,
