mode,round_id,order_position,experiment_run_id,flow,batch_id,request_id,status_code,latency_ms,error
policy_only,3,4,perf-policy_only-r003-20260818T051222Z,loan_to_customer,1,1,200,14.327800,
policy_only,3,4,perf-policy_only-r003-20260818T051222Z,loan_to_customer,1,2,200,14.086200,
policy_only,3,4,perf-policy_only-r003-20260818T051222Z,loan_to_customer,1,3,200,14.098500,
policy_only,3,4,perf-policy_only-r003-20260818T051222Z,loan_to_customer,1,4,200,14.230600,
policy_only,3,4,perf-policy_only-r003-20260818T051222Z,loan_to_customer,1,5,200,13.861300,
policy_only,3,4,perf-policy_only-r003-20260818T051222Z,loan_to_customer,1,6,200,13.866100,
policy_only,3,4,perf-policy_only-r003-20260818T051222Z,loan_to_customer,1,7,200,14.011000,
policy_only,3,4,perf-policy_only-r003-20260818T051222Z,loan_to_customer,1,8,200,14.733600,
policy_only,3,4,perf-policy_only-r003-20260818T051222Z,loan_to_customer,1,9,200,13.922100,
policy_only,3,4,perf-policy_only-r003-20260818T051222Z,loan_to_customer,1,10,200,14.092200,
policy_only,3,4,perf-policy_only-r003-20260818T051222Z,loan_to_customer,1,11,200,14.306900,
policy_only,3,4,perf-policy_only-r003-20260818T051222Z,loan_to_customer,1,12,200,13.952900,
policy_only,3,4,perf-policy_only-r003-20260818T051222Z,loan_to_customer,1,13,200,13.943400,
policy_only,3,4,perf-policy_only-r003-20260818T051222Z,loan_to_customer,1,14,200,14.819200,
policy_only,3,4,perf-policy_only-r003-20260818T051222Z,loan_to_customer,1,15,200,14.354100,
policy_only,3,4,perf-policy_only-r003-20260818T051222Z,loan_to_customer,1,16,200,14.283400,
policy_only,3,4,perf-policy_only-r003-20260818T051222Z,loan_to_customer,1,17,200,14.673900,
policy_only,3,4,perf-policy_only-r003-20260818T051222Z,loan_to_customer,1,18,200,14.395100,
policy_only,3,4,perf-policy_only-r003-20260818T051222Z,loan_to_customer,1,19,200,14.389200,
policy_only,3,4,perf-policy_only-r003-20260818T051222Z,loan_to_customer,1,20,200,14.042200,
policy_only,3,4,perf-policy_only-r003-20260818T051222Z,loan_to_customer,1,21,200,14.027400,
policy_only,3,4,perf-policy_only-r003-20260818T051222Z,loan_to_customer,1,22,200,14.154500,
policy_only,3,4,perf-policy_only-r003-20260818T051222Z,loan_to_customer,1,23,200,14.504400,
policy_only,3,4,perf-policy_only-r003-20260818T051222Z,loan_to_customer,1,24,200,17.038100,
policy_only,3,4,perf-policy_only-r003-20260818T051222Z,loan_to_customer,1,25,200,15.404100,
policy_only,3,4,perf-policy_only-r003-20260818T051222Z,loan_to_customer,1,26,200,14.380300,
policy_only,3,4,perf-policy_only-r003-20260818T051222Z,loan_to_customer,1,27,200,15.474500,
policy_only,3,4,perf-policy_only-r003-20260818T051222Z,loan_to_customer,1,28,200,14.146900,
policy_only,3,4,perf-policy_only-r003-20260818T051222Z,loan_to_customer,1,29,200,14.202900,
policy_only,3,4,perf-policy_only-r003-20260818T051222Z,loan_to_customer,1,30,200,14.135400,
policy_only,3,4,perf-policy_only-r003-20260818T051222Z,loan_to_customer,1,31,200,14.572400,
policy_only,3,4,perf-policy_only-r003-20260818T051222Z,loan_to_customer,1,32,200,14.500400,
policy_only,3,4,perf-policy_only-r003-20260818T051222Z,loan_to_customer,1,33,200,15.093100,
policy_only,3,4,perf-policy_only-r003-20260818T051222Z,loan_to_customer,1,34,200,14.530100,
policy_only,3,4,perf-policy_only-r003-20260818T051222Z,loan_to_customer,1,35,200,14.323200,
policy_only,3,4,perf-policy_only-r003-20260818T051222Z,loan_to_customer,1,36,200,13.415700,
policy_only,3,4,perf-policy_only-r003-20260818T051222Z,loan_to_customer,1,37,200,14.128300,
policy_only,3,4,perf-policy_only-r003-20260818T051222Z,loan_to_customer,1,38,200,13.515600,
policy_only,3,4,perf-policy_only-r003-20260818T051222Z,loan_to_customer,1,39,200,13.951300,
policy_only,3,4,perf-policy_only-r003-20260818T051222Z,loan_to_customer,1,40,200,14.109700,
policy_only,3,4,perf-policy_only-r003-20260818T051222Z,loan_to_customer,1,41,200,14.600800,
policy_only,3,4,perf-policy_only-r003-20260818T051222Z,loan_to_customer,1,42,200,13.662500,
policy_only,3,4,perf-policy_only-r003-20260818T051222Z,loan_to_customer,1,43,200,14.005300,
policy_only,3,4,perf-policy_only-r003-20260818T051222Z,loan_to_customer,1,44,200,13.723200,
policy_only,3,4,perf-policy_only-r003-20260818T051222Z,loan_to_customer,1,45,200,14.225000,
policy_only,3,4,perf-policy_only-r003-20260818T051222Z,loan_to_customer,1,46,200,13.925400,
policy_only,3,4,perf-policy_only-r003-20260818T051222Z,loan_to_customer,1,47,200,14.297100,
policy_only,3,4,perf-policy_only-r003-20260818T051222Z,loan_to_customer,1,48,200,14.221300,
policy_only,3,4,perf-policy_only-r003-20260818T051222Z,loan_to_customer,1,49,200,14.072800,
policy_only,3,4,perf-policy_only-r003-20260818T051222Z,loan_to_customer,1,50,200,14.093800,
policy_only,3,4,perf-policy_only-r003-20260818T051222Z,loan_to_customer,1,51,200,14.514500,
policy_only,3,4,perf-policy_only-r003-20260818T051222Z,loan_to_customer,1,52,200,14.685400,
policy_only,3,4,perf-policy_only-r003-20260818T051222Z,loan_to_customer,1,53,200,15.696200,
policy_only,3,4,perf-policy_only-r003-20260818T051222Z,loan_to_customer,1,54,200,15.049100,
policy_only,3,4,perf-policy_only-r003-20260818T051222Z,loan_to_customer,1,55,200,15.217700,
policy_only,3,4,perf-policy_only-r003-20260818T051222Z,loan_to_customer,1,56,200,15.557800,
policy_only,3,4,perf-policy_only-r003-20260818T051222Z,loan_to_customer,1,57,200,15.695100,
policy_only,3,4,perf-policy_only-r003-20260818T051222Z,loan_to_customer,1,58,200,16.219100,
policy_only,3,4,perf-policy_only-r003-20260818T051222Z,loan_to_customer,1,59,200,15.920500,
policy_only,3,4,perf-policy_only-r003-20260818T051222Z,loan_to_customer,1,60,200,14.907400,
policy_only,3,4,perf-policy_only-r003-20260818T051222Z,loan_to_customer,1,61,200,14.087400,
policy_only,3,4,perf-policy_only-r003-20260818T051222Z,loan_to_customer,1,62,200,14.581500,
policy_only,3,4,perf-policy_only-r003-20260818T051222Z,loan_to_customer,1,63,200,14.565500,
policy_only,3,4,perf-policy_only-r003-20260818T051222Z,loan_to_customer,1,64,200,15.178500,
policy_only,3,4,perf-policy_only-r003-20260818T051222Z,loan_to_customer,1,65,200,14.310500,
policy_only,3,4,perf-policy_only-r003-20260818T051222Z,loan_to_customer,1,66,200,14.455600,
policy_only,3,4,perf-policy_only-r003-20260818T051222Z,loan_to_customer,1,67,200,13.907900,
policy_only,3,4,perf-policy_only-r003-20260818T051222Z,loan_to_customer,1,68,200,13.904400,
policy_only,3,4,perf-policy_only-r003-20260818T051222Z,loan_to_customer,1,69,200,13.941000,
policy_only,3,4,perf-policy_only-r003-20260818T051222Z,loan_to_customer,1,70,200,13.229300,
policy_only,3,4,perf-policy_only-r003-20260818T051222Z,loan_to_customer,1,71,200,14.859500,
policy_only,3,4,perf-policy_only-r003-20260818T051222Z,loan_to_customer,1,72,200,14.027200,
policy_only,3,4,perf-policy_only-r003-20260818T051222Z,loan_to_customer,1,73,200,13.681700,
policy_only,3,4,perf-policy_only-r003-20260818T051222Z,loan_to_customer,1,74,200,13.906500,
policy_only,3,4,perf-policy_only-r003-20260818T051222Z,loan_to_customer,1,75,200,14.053400,
policy_only,3,4,perf-policy_only-r003-20260818T051222Z,loan_to_customer,1,76,200,13.816300,
policy_only,3,4,perf-policy_only-r003-20260818T051222Z,loan_to_customer,1,77,200,14.478800,
policy_only,3,4,perf-policy_only-r003-20260818T051222Z,loan_to_customer,1,78,200,14.046000,
policy_only,3,4,perf-policy_only-r003-20260818T051222Z,loan_to_customer,1,79,200,14.351000,
policy_only,3,4,perf-policy_only-r003-20260818T051222Z,loan_to_customer,1,80,200,14.606500,
policy_only,3,4,perf-policy_only-r003-20260818T051222Z,loan_to_customer,1,81,200,14.604900,
policy_only,3,4,perf-policy_only-r003-20260818T051222Z,loan_to_customer,1,82,200,15.041600,
policy_only,3,4,perf-policy_only-r003-20260818T051222Z,loan_to_customer,1,83,200,15.019100,
policy_only,3,4,perf-policy_only-r003-20260818T051222Z,loan_to_customer,1,84,200,14.123000,
policy_only,3,4,perf-policy_only-r003-20260818T051222Z,loan_to_customer,1,85,200,15.171400,
policy_only,3,4,perf-policy_only-r003-20260818T051222Z,loan_to_customer,1,86,200,14.780200,
policy_only,3,4,perf-policy_only-r003-20260818T051222Z,loan_to_customer,1,87,200,15.209700,
policy_only,3,4,perf-policy_only-r003-20260818T051222Z,loan_to_customer,1,88,200,15.938700,
policy_only,3,4,perf-policy_only-r003-20260818T051222Z,loan_to_customer,1,89,200,15.221300,
policy_only,3,4,perf-policy_only-r003-20260818T051222Z,loan_to_customer,1,90,200,14.179700,
policy_only,3,4,perf-policy_only-r003-20260818T051222Z,loan_to_customer,1,91,200,14.984800,
policy_only,3,4,perf-policy_only-r003-20260818T051222Z,loan_to_customer,1,92,200,15.181800,
policy_only,3,4,perf-policy_only-r003-20260818T051222Z,loan_to_customer,1,93,200,15.631000,
policy_only,3,4,perf-policy_only-r003-20260818T051222Z,loan_to_customer,1,94,200,15.971200,
policy_only,3,4,perf-policy_only-r003-20260818T051222Z,loan_to_customer,1,95,200,26.886300,
policy_only,3,4,perf-policy_only-r003-20260818T051222Z,loan_to_customer,1,96,200,15.621300,
policy_only,3,4,perf-policy_only-r003-20260818T051222Z,loan_to_customer,1,97,200,15.217000,
policy_only,3,4,perf-policy_only-r003-20260818T051222Z,loan_to_customer,1,98,200,15.070200,
policy_only,3,4,perf-policy_only-r003-20260818T051222Z,loan_to_customer,1,99,200,15.001000,
policy_only,3,4,perf-policy_only-r003-20260818T051222Z,loan_to_customer,1,100,200,14.553300,
policy_only,3,4,perf-policy_only-r003-20260818T051222Z,loan_to_customer,1,101,200,14.496100,
policy_only,3,4,perf-policy_only-r003-20260818T051222Z,loan_to_customer,1,102,200,14.374900,
policy_only,3,4,perf-policy_only-r003-20260818T051222Z,loan_to_customer,1,103,200,13.923700,
policy_only,3,4,perf-policy_only-r003-20260818T051222Z,loan_to_customer,1,104,200,13.688700,
policy_only,3,4,perf-policy_only-r003-20260818T051222Z,loan_to_customer,1,105,200,14.048400,
policy_only,3,4,perf-policy_only-r003-20260818T051222Z,loan_to_customer,1,106,200,14.320500,
policy_only,3,4,perf-policy_only-r003-20260818T051222Z,loan_to_customer,1,107,200,13.911300,
policy_only,3,4,perf-policy_only-r003-20260818T051222Z,loan_to_customer,1,108,200,15.173700,
policy_only,3,4,perf-policy_only-r003-20260818T051222Z,loan_to_customer,1,109,200,15.550300,
policy_only,3,4,perf-policy_only-r003-20260818T051222Z,loan_to_customer,1,110,200,14.780700,
policy_only,3,4,perf-policy_only-r003-20260818T051222Z,loan_to_customer,1,111,200,14.609500,
policy_only,3,4,perf-policy_only-r003-20260818T051222Z,loan_to_customer,1,112,200,14.297100,
policy_only,3,4,perf-policy_only-r003-20260818T051222Z,loan_to_customer,1,113,200,14.775800,
policy_only,3,4,perf-policy_only-r003-20260818T051222Z,loan_to_customer,1,114,200,14.058300,
policy_only,3,4,perf-policy_only-r003-20260818T051222Z,loan_to_customer,1,115,200,15.114100,
policy_only,3,4,perf-policy_only-r003-20260818T051222Z,loan_to_customer,1,116,200,13.782200,
policy_only,3,4,perf-policy_only-r003-20260818T051222Z,loan_to_customer,1,117,200,14.380200,
policy_only,3,4,perf-policy_only-r003-20260818T051222Z,loan_to_customer,1,118,200,14.478500,
policy_only,3,4,perf-policy_only-r003-20260818T051222Z,loan_to_customer,1,119,200,14.796100,
policy_only,3,4,perf-policy_only-r003-20260818T051222Z,loan_to_customer,1,120,200,14.412600,
policy_only,3,4,perf-policy_only-r003-20260818T051222Z,loan_to_customer,1,121,200,14.892200,
policy_only,3,4,perf-policy_only-r003-20260818T051222Z,loan_to_customer,1,122,200,14.508400,
policy_only,3,4,perf-policy_only-r003-20260818T051222Z,loan_to_customer,1,123,200,14.312600,
policy_only,3,4,perf-policy_only-r003-20260818T051222Z,loan_to_customer,1,124,200,14.458400,
policy_only,3,4,perf-policy_only-r003-20260818T051222Z,loan_to_customer,1,125,200,14.029100,
policy_only,3,4,perf-policy_only-r003-20260818T051222Z,loan_to_customer,1,126,200,15.592300,
policy_only,3,4,perf-policy_only-r003-20260818T051222Z,loan_to_customer,1,127,200,15.435500,
policy_only,3,4,perf-policy_only-r003-20260818T051222Z,loan_to_customer,1,128,200,15.637700,
policy_only,3,4,perf-policy_only-r003-20260818T051222Z,loan_to_customer,1,129,200,15.080600,
policy_only,3,4,perf-policy_only-r003-20260818T051222Z,loan_to_customer,1,130,200,14.934000,
policy_only,3,4,perf-policy_only-r003-20260818T051222Z,loan_to_customer,1,131,200,15.126400,
policy_only,3,4,perf-policy_only-r003-20260818T051222Z,loan_to_customer,1,132,200,15.837600,
policy_only,3,4,perf-policy_only-r003-20260818T051222Z,loan_to_customer,1,133,200,15.864000,
policy_only,3,4,perf-policy_only-r003-20260818T051222Z,loan_to_customer,1,134,200,14.613200,
policy_only,3,4,perf-policy_only-r003-20260818T051222Z,loan_to_customer,1,135,200,14.495300,
policy_only,3,4,perf-policy_only-r003-20260818T051222Z,loan_to_customer,1,136,200,13.925300,
policy_only,3,4,perf-policy_only-r003-20260818T051222Z,loan_to_customer,1,137,200,13.895800,
policy_only,3,4,perf-policy_only-r003-20260818T051222Z,loan_to_customer,1,138,200,13.642800,
policy_only,3,4,perf-policy_only-r003-20260818T051222Z,loan_to_customer,1,139,200,13.947100,
policy_only,3,4,perf-policy_only-r003-20260818T051222Z,loan_to_customer,1,140,200,14.189400,
policy_only,3,4,perf-policy_only-r003-20260818T051222Z,loan_to_customer,1,141,200,14.030500,
policy_only,3,4,perf-policy_only-r003-20260818T051222Z,loan_to_customer,1,142,200,13.510000,
policy_only,3,4,perf-policy_only-r003-20260818T051222Z,loan_to_customer,1,143,200,14.100700,
policy_only,3,4,perf-policy_only-r003-20260818T051222Z,loan_to_customer,1,144,200,14.974400,
policy_only,3,4,perf-policy_only-r003-20260818T051222Z,loan_to_customer,1,145,200,14.323300,
policy_only,3,4,perf-policy_only-r003-20260818T051222Z,loan_to_customer,1,146,200,14.006900,
policy_only,3,4,perf-policy_only-r003-20260818T051222Z,loan_to_customer,1,147,200,14.287200,
policy_only,3,4,perf-policy_only-r003-20260818T051222Z,loan_to_customer,1,148,200,14.198100,
policy_only,3,4,perf-policy_only-r003-20260818T051222Z,loan_to_customer,1,149,200,14.137900,
policy_only,3,4,perf-policy_only-r003-20260818T051222Z,loan_to_customer,1,150,200,13.923500,
policy_only,3,4,perf-policy_only-r003-20260818T051222Z,loan_to_customer,1,151,200,13.814200,
policy_only,3,4,perf-policy_only-r003-20260818T051222Z,loan_to_customer,1,152,200,13.895200,
policy_only,3,4,perf-policy_only-r003-20260818T051222Z,loan_to_customer,1,153,200,14.216600,
policy_only,3,4,perf-policy_only-r003-20260818T051222Z,loan_to_customer,1,154,200,13.907500,
policy_only,3,4,perf-policy_only-r003-20260818T051222Z,loan_to_customer,1,155,200,14.129600,
policy_only,3,4,perf-policy_only-r003-20260818T051222Z,loan_to_customer,1,156,200,14.841600,
policy_only,3,4,perf-policy_only-r003-20260818T051222Z,loan_to_customer,1,157,200,14.592900,
policy_only,3,4,perf-policy_only-r003-20260818T051222Z,loan_to_customer,1,158,200,14.289700,
policy_only,3,4,perf-policy_only-r003-20260818T051222Z,loan_to_customer,1,159,200,14.819700,
policy_only,3,4,perf-policy_only-r003-20260818T051222Z,loan_to_customer,1,160,200,14.657800,
policy_only,3,4,perf-policy_only-r003-20260818T051222Z,loan_to_customer,1,161,200,14.609300,
policy_only,3,4,perf-policy_only-r003-20260818T051222Z,loan_to_customer,1,162,200,15.170900,
policy_only,3,4,perf-policy_only-r003-20260818T051222Z,loan_to_customer,1,163,200,14.568000,
policy_only,3,4,perf-policy_only-r003-20260818T051222Z,loan_to_customer,1,164,200,14.837900,
policy_only,3,4,perf-policy_only-r003-20260818T051222Z,loan_to_customer,1,165,200,15.347400,
policy_only,3,4,perf-policy_only-r003-20260818T051222Z,loan_to_customer,1,166,200,14.923200,
policy_only,3,4,perf-policy_only-r003-20260818T051222Z,loan_to_customer,1,167,200,14.913000,
policy_only,3,4,perf-policy_only-r003-20260818T051222Z,loan_to_customer,1,168,200,15.649000,
policy_only,3,4,perf-policy_only-r003-20260818T051222Z,loan_to_customer,1,169,200,14.922100,
policy_only,3,4,perf-policy_only-r003-20260818T051222Z,loan_to_customer,1,170,200,14.739600,
policy_only,3,4,perf-policy_only-r003-20260818T051222Z,loan_to_customer,1,171,200,14.540500,
policy_only,3,4,perf-policy_only-r003-20260818T051222Z,loan_to_customer,1,172,200,15.443700,
policy_only,3,4,perf-policy_only-r003-20260818T051222Z,loan_to_customer,1,173,200,14.412300,
policy_only,3,4,perf-policy_only-r003-20260818T051222Z,loan_to_customer,1,174,200,14.166700,
policy_only,3,4,perf-policy_only-r003-20260818T051222Z,loan_to_customer,1,175,200,14.459400,
policy_only,3,4,perf-policy_only-r003-20260818T051222Z,loan_to_customer,1,176,200,14.551000,
policy_only,3,4,perf-policy_only-r003-20260818T051222Z,loan_to_customer,1,177,200,14.712100,
policy_only,3,4,perf-policy_only-r003-20260818T051222Z,loan_to_customer,1,178,200,14.420300,
policy_only,3,4,perf-policy_only-r003-20260818T051222Z,loan_to_customer,1,179,200,14.132600,
policy_only,3,4,perf-policy_only-r003-20260818T051222Z,loan_to_customer,1,180,200,14.936300,
policy_only,3,4,perf-policy_only-r003-20260818T051222Z,loan_to_customer,1,181,200,14.706300,
policy_only,3,4,perf-policy_only-r003-20260818T051222Z,loan_to_customer,1,182,200,14.182200,
policy_only,3,4,perf-policy_only-r003-20260818T051222Z,loan_to_customer,1,183,200,14.862100,
policy_only,3,4,perf-policy_only-r003-20260818T051222Z,loan_to_customer,1,184,200,14.162500,
policy_only,3,4,perf-policy_only-r003-20260818T051222Z,loan_to_customer,1,185,200,14.036900,
policy_only,3,4,perf-policy_only-r003-20260818T051222Z,loan_to_customer,1,186,200,14.335800,
policy_only,3,4,perf-policy_only-r003-20260818T051222Z,loan_to_customer,1,187,200,14.103000,
policy_only,3,4,perf-policy_only-r003-20260818T051222Z,loan_to_customer,1,188,200,14.245500,
policy_only,3,4,perf-policy_only-r003-20260818T051222Z,loan_to_customer,1,189,200,14.157100,
policy_only,3,4,perf-policy_only-r003-20260818T051222Z,loan_to_customer,1,190,200,14.573000,
policy_only,3,4,perf-policy_only-r003-20260818T051222Z,loan_to_customer,1,191,200,14.782600,
policy_only,3,4,perf-policy_only-r003-20260818T051222Z,loan_to_customer,1,192,200,14.663600,
policy_only,3,4,perf-policy_only-r003-20260818T051222Z,loan_to_customer,1,193,200,14.663000,
policy_only,3,4,perf-policy_only-r003-20260818T051222Z,loan_to_customer,1,194,200,14.804800,
policy_only,3,4,perf-policy_only-r003-20260818T051222Z,loan_to_customer,1,195,200,14.315100,
policy_only,3,4,perf-policy_only-r003-20260818T051222Z,loan_to_customer,1,196,200,14.743700,
policy_only,3,4,perf-policy_only-r003-20260818T051222Z,loan_to_customer,1,197,200,16.645100,
policy_only,3,4,perf-policy_only-r003-20260818T051222Z,loan_to_customer,1,198,200,14.866900,
policy_only,3,4,perf-policy_only-r003-20260818T051222Z,loan_to_customer,1,199,200,14.795700,
policy_only,3,4,perf-policy_only-r003-20260818T051222Z,loan_to_customer,1,200,200,17.117800,
policy_only,3,4,perf-policy_only-r003-20260818T051222Z,loan_to_customer,2,1,200,15.683100,
policy_only,3,4,perf-policy_only-r003-20260818T051222Z,loan_to_customer,2,2,200,14.429700,
policy_only,3,4,perf-policy_only-r003-20260818T051222Z,loan_to_customer,2,3,200,14.393600,
policy_only,3,4,perf-policy_only-r003-20260818T051222Z,loan_to_customer,2,4,200,15.574800,
policy_only,3,4,perf-policy_only-r003-20260818T051222Z,loan_to_customer,2,5,200,15.652100,
policy_only,3,4,perf-policy_only-r003-20260818T051222Z,loan_to_customer,2,6,200,15.131300,
policy_only,3,4,perf-policy_only-r003-20260818T051222Z,loan_to_customer,2,7,200,15.260900,
policy_only,3,4,perf-policy_only-r003-20260818T051222Z,loan_to_customer,2,8,200,15.079600,
policy_only,3,4,perf-policy_only-r003-20260818T051222Z,loan_to_customer,2,9,200,14.148300,
policy_only,3,4,perf-policy_only-r003-20260818T051222Z,loan_to_customer,2,10,200,14.640300,
policy_only,3,4,perf-policy_only-r003-20260818T051222Z,loan_to_customer,2,11,200,14.072800,
policy_only,3,4,perf-policy_only-r003-20260818T051222Z,loan_to_customer,2,12,200,14.441400,
policy_only,3,4,perf-policy_only-r003-20260818T051222Z,loan_to_customer,2,13,200,15.009600,
policy_only,3,4,perf-policy_only-r003-20260818T051222Z,loan_to_customer,2,14,200,15.404900,
policy_only,3,4,perf-policy_only-r003-20260818T051222Z,loan_to_customer,2,15,200,14.849200,
policy_only,3,4,perf-policy_only-r003-20260818T051222Z,loan_to_customer,2,16,200,14.416000,
policy_only,3,4,perf-policy_only-r003-20260818T051222Z,loan_to_customer,2,17,200,14.442000,
policy_only,3,4,perf-policy_only-r003-20260818T051222Z,loan_to_customer,2,18,200,14.107100,
policy_only,3,4,perf-policy_only-r003-20260818T051222Z,loan_to_customer,2,19,200,14.327100,
policy_only,3,4,perf-policy_only-r003-20260818T051222Z,loan_to_customer,2,20,200,14.839300,
policy_only,3,4,perf-policy_only-r003-20260818T051222Z,loan_to_customer,2,21,200,15.796300,
policy_only,3,4,perf-policy_only-r003-20260818T051222Z,loan_to_customer,2,22,200,16.899200,
policy_only,3,4,perf-policy_only-r003-20260818T051222Z,loan_to_customer,2,23,200,16.217600,
policy_only,3,4,perf-policy_only-r003-20260818T051222Z,loan_to_customer,2,24,200,16.745600,
policy_only,3,4,perf-policy_only-r003-20260818T051222Z,loan_to_customer,2,25,200,16.990200,
policy_only,3,4,perf-policy_only-r003-20260818T051222Z,loan_to_customer,2,26,200,22.367200,
policy_only,3,4,perf-policy_only-r003-20260818T051222Z,loan_to_customer,2,27,200,20.647500,
policy_only,3,4,perf-policy_only-r003-20260818T051222Z,loan_to_customer,2,28,200,19.277100,
policy_only,3,4,perf-policy_only-r003-20260818T051222Z,loan_to_customer,2,29,200,17.457900,
policy_only,3,4,perf-policy_only-r003-20260818T051222Z,loan_to_customer,2,30,200,16.080900,
policy_only,3,4,perf-policy_only-r003-20260818T051222Z,loan_to_customer,2,31,200,15.292700,
policy_only,3,4,perf-policy_only-r003-20260818T051222Z,loan_to_customer,2,32,200,15.636700,
policy_only,3,4,perf-policy_only-r003-20260818T051222Z,loan_to_customer,2,33,200,15.490000,
policy_only,3,4,perf-policy_only-r003-20260818T051222Z,loan_to_customer,2,34,200,15.470600,
policy_only,3,4,perf-policy_only-r003-20260818T051222Z,loan_to_customer,2,35,200,16.145200,
policy_only,3,4,perf-policy_only-r003-20260818T051222Z,loan_to_customer,2,36,200,16.366800,
policy_only,3,4,perf-policy_only-r003-20260818T051222Z,loan_to_customer,2,37,200,14.949700,
policy_only,3,4,perf-policy_only-r003-20260818T051222Z,loan_to_customer,2,38,200,16.459400,
policy_only,3,4,perf-policy_only-r003-20260818T051222Z,loan_to_customer,2,39,200,15.169600,
policy_only,3,4,perf-policy_only-r003-20260818T051222Z,loan_to_customer,2,40,200,14.986700,
policy_only,3,4,perf-policy_only-r003-20260818T051222Z,loan_to_customer,2,41,200,15.098300,
policy_only,3,4,perf-policy_only-r003-20260818T051222Z,loan_to_customer,2,42,200,15.475700,
policy_only,3,4,perf-policy_only-r003-20260818T051222Z,loan_to_customer,2,43,200,14.881700,
policy_only,3,4,perf-policy_only-r003-20260818T051222Z,loan_to_customer,2,44,200,13.893300,
policy_only,3,4,perf-policy_only-r003-20260818T051222Z,loan_to_customer,2,45,200,14.159100,
policy_only,3,4,perf-policy_only-r003-20260818T051222Z,loan_to_customer,2,46,200,14.104800,
policy_only,3,4,perf-policy_only-r003-20260818T051222Z,loan_to_customer,2,47,200,14.619900,
policy_only,3,4,perf-policy_only-r003-20260818T051222Z,loan_to_customer,2,48,200,14.341800,
policy_only,3,4,perf-policy_only-r003-20260818T051222Z,loan_to_customer,2,49,200,14.814000,
policy_only,3,4,perf-policy_only-r003-20260818T051222Z,loan_to_customer,2,50,200,15.127400,
policy_only,3,4,perf-policy_only-r003-20260818T051222Z,loan_to_customer,2,51,200,15.325600,
policy_only,3,4,perf-policy_only-r003-20260818T051222Z,loan_to_customer,2,52,200,14.368200,
policy_only,3,4,perf-policy_only-r003-20260818T051222Z,loan_to_customer,2,53,200,13.942300,
policy_only,3,4,perf-policy_only-r003-20260818T051222Z,loan_to_customer,2,54,200,14.196300,
policy_only,3,4,perf-policy_only-r003-20260818T051222Z,loan_to_customer,2,55,200,14.110400,
policy_only,3,4,perf-policy_only-r003-20260818T051222Z,loan_to_customer,2,56,200,15.323700,
policy_only,3,4,perf-policy_only-r003-20260818T051222Z,loan_to_customer,2,57,200,14.531800,
policy_only,3,4,perf-policy_only-r003-20260818T051222Z,loan_to_customer,2,58,200,14.388200,
policy_only,3,4,perf-policy_only-r003-20260818T051222Z,loan_to_customer,2,59,200,14.031000,
policy_only,3,4,perf-policy_only-r003-20260818T051222Z,loan_to_customer,2,60,200,14.871500,
policy_only,3,4,perf-policy_only-r003-20260818T051222Z,loan_to_customer,2,61,200,15.163900,
policy_only,3,4,perf-policy_only-r003-20260818T051222Z,loan_to_customer,2,62,200,15.394300,
policy_only,3,4,perf-policy_only-r003-20260818T051222Z,loan_to_customer,2,63,200,16.777400,
policy_only,3,4,perf-policy_only-r003-20260818T051222Z,loan_to_customer,2,64,200,15.781900,
policy_only,3,4,perf-policy_only-r003-20260818T051222Z,loan_to_customer,2,65,200,17.449700,
policy_only,3,4,perf-policy_only-r003-20260818T051222Z,loan_to_customer,2,66,200,17.779700,
policy_only,3,4,perf-policy_only-r003-20260818T051222Z,loan_to_customer,2,67,200,16.501600,
policy_only,3,4,perf-policy_only-r003-20260818T051222Z,loan_to_customer,2,68,200,18.431300,
policy_only,3,4,perf-policy_only-r003-20260818T051222Z,loan_to_customer,2,69,200,16.133600,
policy_only,3,4,perf-policy_only-r003-20260818T051222Z,loan_to_customer,2,70,200,14.272300,
policy_only,3,4,perf-policy_only-r003-20260818T051222Z,loan_to_customer,2,71,200,13.969400,
policy_only,3,4,perf-policy_only-r003-20260818T051222Z,loan_to_customer,2,72,200,14.631300,
policy_only,3,4,perf-policy_only-r003-20260818T051222Z,loan_to_customer,2,73,200,14.283500,
policy_only,3,4,perf-policy_only-r003-20260818T051222Z,loan_to_customer,2,74,200,15.790200,
policy_only,3,4,perf-policy_only-r003-20260818T051222Z,loan_to_customer,2,75,200,15.325000,
policy_only,3,4,perf-policy_only-r003-20260818T051222Z,loan_to_customer,2,76,200,14.096700,
policy_only,3,4,perf-policy_only-r003-20260818T051222Z,loan_to_customer,2,77,200,14.065100,
policy_only,3,4,perf-policy_only-r003-20260818T051222Z,loan_to_customer,2,78,200,14.687700,
policy_only,3,4,perf-policy_only-r003-20260818T051222Z,loan_to_customer,2,79,200,14.417000,
policy_only,3,4,perf-policy_only-r003-20260818T051222Z,loan_to_customer,2,80,200,14.081100,
policy_only,3,4,perf-policy_only-r003-20260818T051222Z,loan_to_customer,2,81,200,14.755900,
policy_only,3,4,perf-policy_only-r003-20260818T051222Z,loan_to_customer,2,82,200,14.703900,
policy_only,3,4,perf-policy_only-r003-20260818T051222Z,loan_to_customer,2,83,200,15.870200,
policy_only,3,4,perf-policy_only-r003-20260818T051222Z,loan_to_customer,2,84,200,16.212700,
policy_only,3,4,perf-policy_only-r003-20260818T051222Z,loan_to_customer,2,85,200,15.581200,
policy_only,3,4,perf-policy_only-r003-20260818T051222Z,loan_to_customer,2,86,200,15.432800,
policy_only,3,4,perf-policy_only-r003-20260818T051222Z,loan_to_customer,2,87,200,14.492700,
policy_only,3,4,perf-policy_only-r003-20260818T051222Z,loan_to_customer,2,88,200,14.106500,
policy_only,3,4,perf-policy_only-r003-20260818T051222Z,loan_to_customer,2,89,200,14.162400,
policy_only,3,4,perf-policy_only-r003-20260818T051222Z,loan_to_customer,2,90,200,14.760500,
policy_only,3,4,perf-policy_only-r003-20260818T051222Z,loan_to_customer,2,91,200,14.548000,
policy_only,3,4,perf-policy_only-r003-20260818T051222Z,loan_to_customer,2,92,200,15.138700,
policy_only,3,4,perf-policy_only-r003-20260818T051222Z,loan_to_customer,2,93,200,14.735900,
policy_only,3,4,perf-policy_only-r003-20260818T051222Z,loan_to_customer,2,94,200,14.870900,
policy_only,3,4,perf-policy_only-r003-20260818T051222Z,loan_to_customer,2,95,200,15.777700,
policy_only,3,4,perf-policy_only-r003-20260818T051222Z,loan_to_customer,2,96,200,14.815500,
policy_only,3,4,perf-policy_only-r003-20260818T051222Z,loan_to_customer,2,97,200,14.353700,
policy_only,3,4,perf-policy_only-r003-20260818T051222Z,loan_to_customer,2,98,200,14.182300,
policy_only,3,4,perf-policy_only-r003-20260818T051222Z,loan_to_customer,2,99,200,14.938400,
policy_only,3,4,perf-policy_only-r003-20260818T051222Z,loan_to_customer,2,100,200,17.385100,
policy_only,3,4,perf-policy_only-r003-20260818T051222Z,loan_to_customer,2,101,200,16.625800,
policy_only,3,4,perf-policy_only-r003-20260818T051222Z,loan_to_customer,2,102,200,16.749500,
policy_only,3,4,perf-policy_only-r003-20260818T051222Z,loan_to_customer,2,103,200,16.196800,
policy_only,3,4,perf-policy_only-r003-20260818T051222Z,loan_to_customer,2,104,200,15.893300,
policy_only,3,4,perf-policy_only-r003-20260818T051222Z,loan_to_customer,2,105,200,15.902700,
policy_only,3,4,perf-policy_only-r003-20260818T051222Z,loan_to_customer,2,106,200,14.965500,
policy_only,3,4,perf-policy_only-r003-20260818T051222Z,loan_to_customer,2,107,200,14.485400,
policy_only,3,4,perf-policy_only-r003-20260818T051222Z,loan_to_customer,2,108,200,14.842300,
policy_only,3,4,perf-policy_only-r003-20260818T051222Z,loan_to_customer,2,109,200,15.006000,
policy_only,3,4,perf-policy_only-r003-20260818T051222Z,loan_to_customer,2,110,200,15.378600,
policy_only,3,4,perf-policy_only-r003-20260818T051222Z,loan_to_customer,2,111,200,14.072800,
policy_only,3,4,perf-policy_only-r003-20260818T051222Z,loan_to_customer,2,112,200,14.620100,
policy_only,3,4,perf-policy_only-r003-20260818T051222Z,loan_to_customer,2,113,200,14.972500,
policy_only,3,4,perf-policy_only-r003-20260818T051222Z,loan_to_customer,2,114,200,14.698700,
policy_only,3,4,perf-policy_only-r003-20260818T051222Z,loan_to_customer,2,115,200,14.156200,
policy_only,3,4,perf-policy_only-r003-20260818T051222Z,loan_to_customer,2,116,200,14.516400,
policy_only,3,4,perf-policy_only-r003-20260818T051222Z,loan_to_customer,2,117,200,13.866800,
policy_only,3,4,perf-policy_only-r003-20260818T051222Z,loan_to_customer,2,118,200,14.656100,
policy_only,3,4,perf-policy_only-r003-20260818T051222Z,loan_to_customer,2,119,200,14.055000,
policy_only,3,4,perf-policy_only-r003-20260818T051222Z,loan_to_customer,2,120,200,13.786600,
policy_only,3,4,perf-policy_only-r003-20260818T051222Z,loan_to_customer,2,121,200,14.021600,
policy_only,3,4,perf-policy_only-r003-20260818T051222Z,loan_to_customer,2,122,200,13.615300,
policy_only,3,4,perf-policy_only-r003-20260818T051222Z,loan_to_customer,2,123,200,14.038200,
policy_only,3,4,perf-policy_only-r003-20260818T051222Z,loan_to_customer,2,124,200,14.809600,
policy_only,3,4,perf-policy_only-r003-20260818T051222Z,loan_to_customer,2,125,200,14.144900,
policy_only,3,4,perf-policy_only-r003-20260818T051222Z,loan_to_customer,2,126,200,15.014100,
policy_only,3,4,perf-policy_only-r003-20260818T051222Z,loan_to_customer,2,127,200,15.446900,
policy_only,3,4,perf-policy_only-r003-20260818T051222Z,loan_to_customer,2,128,200,14.559300,
policy_only,3,4,perf-policy_only-r003-20260818T051222Z,loan_to_customer,2,129,200,16.636700,
policy_only,3,4,perf-policy_only-r003-20260818T051222Z,loan_to_customer,2,130,200,16.005400,
policy_only,3,4,perf-policy_only-r003-20260818T051222Z,loan_to_customer,2,131,200,15.525400,
policy_only,3,4,perf-policy_only-r003-20260818T051222Z,loan_to_customer,2,132,200,14.560400,
policy_only,3,4,perf-policy_only-r003-20260818T051222Z,loan_to_customer,2,133,200,14.383100,
policy_only,3,4,perf-policy_only-r003-20260818T051222Z,loan_to_customer,2,134,200,14.387800,
policy_only,3,4,perf-policy_only-r003-20260818T051222Z,loan_to_customer,2,135,200,15.061200,
policy_only,3,4,perf-policy_only-r003-20260818T051222Z,loan_to_customer,2,136,200,15.012700,
policy_only,3,4,perf-policy_only-r003-20260818T051222Z,loan_to_customer,2,137,200,15.364400,
policy_only,3,4,perf-policy_only-r003-20260818T051222Z,loan_to_customer,2,138,200,14.350600,
policy_only,3,4,perf-policy_only-r003-20260818T051222Z,loan_to_customer,2,139,200,14.009700,
policy_only,3,4,perf-policy_only-r003-20260818T051222Z,loan_to_customer,2,140,200,14.332700,
policy_only,3,4,perf-policy_only-r003-20260818T051222Z,loan_to_customer,2,141,200,13.857600,
policy_only,3,4,perf-policy_only-r003-20260818T051222Z,loan_to_customer,2,142,200,14.025200,
policy_only,3,4,perf-policy_only-r003-20260818T051222Z,loan_to_customer,2,143,200,14.375200,
policy_only,3,4,perf-policy_only-r003-20260818T051222Z,loan_to_customer,2,144,200,14.276900,
policy_only,3,4,perf-policy_only-r003-20260818T051222Z,loan_to_customer,2,145,200,13.963300,
policy_only,3,4,perf-policy_only-r003-20260818T051222Z,loan_to_customer,2,146,200,14.068000,
policy_only,3,4,perf-policy_only-r003-20260818T051222Z,loan_to_customer,2,147,200,14.354200,
policy_only,3,4,perf-policy_only-r003-20260818T051222Z,loan_to_customer,2,148,200,13.782900,
policy_only,3,4,perf-policy_only-r003-20260818T051222Z,loan_to_customer,2,149,200,14.522000,
policy_only,3,4,perf-policy_only-r003-20260818T051222Z,loan_to_customer,2,150,200,14.252800,
policy_only,3,4,perf-policy_only-r003-20260818T051222Z,loan_to_customer,2,151,200,13.592000,
policy_only,3,4,perf-policy_only-r003-20260818T051222Z,loan_to_customer,2,152,200,14.012800,
policy_only,3,4,perf-policy_only-r003-20260818T051222Z,loan_to_customer,2,153,200,14.145800,
policy_only,3,4,perf-policy_only-r003-20260818T051222Z,loan_to_customer,2,154,200,14.567700,
policy_only,3,4,perf-policy_only-r003-20260818T051222Z,loan_to_customer,2,155,200,13.981900,
policy_only,3,4,perf-policy_only-r003-20260818T051222Z,loan_to_customer,2,156,200,14.282900,
policy_only,3,4,perf-policy_only-r003-20260818T051222Z,loan_to_customer,2,157,200,13.551000,
policy_only,3,4,perf-policy_only-r003-20260818T051222Z,loan_to_customer,2,158,200,15.946700,
policy_only,3,4,perf-policy_only-r003-20260818T051222Z,loan_to_customer,2,159,200,15.223300,
policy_only,3,4,perf-policy_only-r003-20260818T051222Z,loan_to_customer,2,160,200,15.247000,
policy_only,3,4,perf-policy_only-r003-20260818T051222Z,loan_to_customer,2,161,200,14.930700,
policy_only,3,4,perf-policy_only-r003-20260818T051222Z,loan_to_customer,2,162,200,14.284600,
policy_only,3,4,perf-policy_only-r003-20260818T051222Z,loan_to_customer,2,163,200,15.990800,
policy_only,3,4,perf-policy_only-r003-20260818T051222Z,loan_to_customer,2,164,200,19.438800,
policy_only,3,4,perf-policy_only-r003-20260818T051222Z,loan_to_customer,2,165,200,16.803300,
policy_only,3,4,perf-policy_only-r003-20260818T051222Z,loan_to_customer,2,166,200,16.296400,
policy_only,3,4,perf-policy_only-r003-20260818T051222Z,loan_to_customer,2,167,200,16.168000,
policy_only,3,4,perf-policy_only-r003-20260818T051222Z,loan_to_customer,2,168,200,15.688500,
policy_only,3,4,perf-policy_only-r003-20260818T051222Z,loan_to_customer,2,169,200,15.119800,
policy_only,3,4,perf-policy_only-r003-20260818T051222Z,loan_to_customer,2,170,200,15.354100,
policy_only,3,4,perf-policy_only-r003-20260818T051222Z,loan_to_customer,2,171,200,15.496300,
policy_only,3,4,perf-policy_only-r003-20260818T051222Z,loan_to_customer,2,172,200,15.480000,
policy_only,3,4,perf-policy_only-r003-20260818T051222Z,loan_to_customer,2,173,200,15.726300,
policy_only,3,4,perf-policy_only-r003-20260818T051222Z,loan_to_customer,2,174,200,16.107800,
policy_only,3,4,perf-policy_only-r003-20260818T051222Z,loan_to_customer,2,175,200,15.897700,
policy_only,3,4,perf-policy_only-r003-20260818T051222Z,loan_to_customer,2,176,200,15.649700,
policy_only,3,4,perf-policy_only-r003-20260818T051222Z,loan_to_customer,2,177,200,15.680700,
policy_only,3,4,perf-policy_only-r003-20260818T051222Z,loan_to_customer,2,178,200,17.130000,
policy_only,3,4,perf-policy_only-r003-20260818T051222Z,loan_to_customer,2,179,200,15.361600,
policy_only,3,4,perf-policy_only-r003-20260818T051222Z,loan_to_customer,2,180,200,16.033400,
policy_only,3,4,perf-policy_only-r003-20260818T051222Z,loan_to_customer,2,181,200,15.394100,
policy_only,3,4,perf-policy_only-r003-20260818T051222Z,loan_to_customer,2,182,200,15.833100,
policy_only,3,4,perf-policy_only-r003-20260818T051222Z,loan_to_customer,2,183,200,15.019100,
policy_only,3,4,perf-policy_only-r003-20260818T051222Z,loan_to_customer,2,184,200,14.766000,
policy_only,3,4,perf-policy_only-r003-20260818T051222Z,loan_to_customer,2,185,200,14.685400,
policy_only,3,4,perf-policy_only-r003-20260818T051222Z,loan_to_customer,2,186,200,14.626200,
policy_only,3,4,perf-policy_only-r003-20260818T051222Z,loan_to_customer,2,187,200,14.604500,
policy_only,3,4,perf-policy_only-r003-20260818T051222Z,loan_to_customer,2,188,200,17.359400,
policy_only,3,4,perf-policy_only-r003-20260818T051222Z,loan_to_customer,2,189,200,15.567500,
policy_only,3,4,perf-policy_only-r003-20260818T051222Z,loan_to_customer,2,190,200,14.304800,
policy_only,3,4,perf-policy_only-r003-20260818T051222Z,loan_to_customer,2,191,200,14.858000,
policy_only,3,4,perf-policy_only-r003-20260818T051222Z,loan_to_customer,2,192,200,15.194600,
policy_only,3,4,perf-policy_only-r003-20260818T051222Z,loan_to_customer,2,193,200,14.006600,
policy_only,3,4,perf-policy_only-r003-20260818T051222Z,loan_to_customer,2,194,200,14.254900,
policy_only,3,4,perf-policy_only-r003-20260818T051222Z,loan_to_customer,2,195,200,14.175600,
policy_only,3,4,perf-policy_only-r003-20260818T051222Z,loan_to_customer,2,196,200,14.630800,
policy_only,3,4,perf-policy_only-r003-20260818T051222Z,loan_to_customer,2,197,200,14.088500,
policy_only,3,4,perf-policy_only-r003-20260818T051222Z,loan_to_customer,2,198,200,14.964600,
policy_only,3,4,perf-policy_only-r003-20260818T051222Z,loan_to_customer,2,199,200,14.191500,
policy_only,3,4,perf-policy_only-r003-20260818T051222Z,loan_to_customer,2,200,200,14.468100,
policy_only,3,4,perf-policy_only-r003-20260818T051222Z,loan_to_customer,3,1,200,14.658700,
policy_only,3,4,perf-policy_only-r003-20260818T051222Z,loan_to_customer,3,2,200,14.133700,
policy_only,3,4,perf-policy_only-r003-20260818T051222Z,loan_to_customer,3,3,200,14.620500,
policy_only,3,4,perf-policy_only-r003-20260818T051222Z,loan_to_customer,3,4,200,13.833000,
policy_only,3,4,perf-policy_only-r003-20260818T051222Z,loan_to_customer,3,5,200,15.277200,
policy_only,3,4,perf-policy_only-r003-20260818T051222Z,loan_to_customer,3,6,200,14.729400,
policy_only,3,4,perf-policy_only-r003-20260818T051222Z,loan_to_customer,3,7,200,14.346800,
policy_only,3,4,perf-policy_only-r003-20260818T051222Z,loan_to_customer,3,8,200,14.915300,
policy_only,3,4,perf-policy_only-r003-20260818T051222Z,loan_to_customer,3,9,200,14.004800,
policy_only,3,4,perf-policy_only-r003-20260818T051222Z,loan_to_customer,3,10,200,14.236500,
policy_only,3,4,perf-policy_only-r003-20260818T051222Z,loan_to_customer,3,11,200,14.342300,
policy_only,3,4,perf-policy_only-r003-20260818T051222Z,loan_to_customer,3,12,200,13.576500,
policy_only,3,4,perf-policy_only-r003-20260818T051222Z,loan_to_customer,3,13,200,14.399600,
policy_only,3,4,perf-policy_only-r003-20260818T051222Z,loan_to_customer,3,14,200,14.504900,
policy_only,3,4,perf-policy_only-r003-20260818T051222Z,loan_to_customer,3,15,200,14.248300,
policy_only,3,4,perf-policy_only-r003-20260818T051222Z,loan_to_customer,3,16,200,13.892500,
policy_only,3,4,perf-policy_only-r003-20260818T051222Z,loan_to_customer,3,17,200,13.919800,
policy_only,3,4,perf-policy_only-r003-20260818T051222Z,loan_to_customer,3,18,200,14.233100,
policy_only,3,4,perf-policy_only-r003-20260818T051222Z,loan_to_customer,3,19,200,13.584900,
policy_only,3,4,perf-policy_only-r003-20260818T051222Z,loan_to_customer,3,20,200,14.218600,
policy_only,3,4,perf-policy_only-r003-20260818T051222Z,loan_to_customer,3,21,200,14.489700,
policy_only,3,4,perf-policy_only-r003-20260818T051222Z,loan_to_customer,3,22,200,13.991200,
policy_only,3,4,perf-policy_only-r003-20260818T051222Z,loan_to_customer,3,23,200,14.350100,
policy_only,3,4,perf-policy_only-r003-20260818T051222Z,loan_to_customer,3,24,200,13.937400,
policy_only,3,4,perf-policy_only-r003-20260818T051222Z,loan_to_customer,3,25,200,14.257200,
policy_only,3,4,perf-policy_only-r003-20260818T051222Z,loan_to_customer,3,26,200,14.162800,
policy_only,3,4,perf-policy_only-r003-20260818T051222Z,loan_to_customer,3,27,200,14.460800,
policy_only,3,4,perf-policy_only-r003-20260818T051222Z,loan_to_customer,3,28,200,15.008700,
policy_only,3,4,perf-policy_only-r003-20260818T051222Z,loan_to_customer,3,29,200,14.674600,
policy_only,3,4,perf-policy_only-r003-20260818T051222Z,loan_to_customer,3,30,200,14.500000,
policy_only,3,4,perf-policy_only-r003-20260818T051222Z,loan_to_customer,3,31,200,14.124200,
policy_only,3,4,perf-policy_only-r003-20260818T051222Z,loan_to_customer,3,32,200,15.223100,
policy_only,3,4,perf-policy_only-r003-20260818T051222Z,loan_to_customer,3,33,200,14.141300,
policy_only,3,4,perf-policy_only-r003-20260818T051222Z,loan_to_customer,3,34,200,14.047100,
policy_only,3,4,perf-policy_only-r003-20260818T051222Z,loan_to_customer,3,35,200,13.894700,
policy_only,3,4,perf-policy_only-r003-20260818T051222Z,loan_to_customer,3,36,200,14.354700,
policy_only,3,4,perf-policy_only-r003-20260818T051222Z,loan_to_customer,3,37,200,17.249000,
policy_only,3,4,perf-policy_only-r003-20260818T051222Z,loan_to_customer,3,38,200,15.832200,
policy_only,3,4,perf-policy_only-r003-20260818T051222Z,loan_to_customer,3,39,200,15.426100,
policy_only,3,4,perf-policy_only-r003-20260818T051222Z,loan_to_customer,3,40,200,15.736100,
policy_only,3,4,perf-policy_only-r003-20260818T051222Z,loan_to_customer,3,41,200,14.787700,
policy_only,3,4,perf-policy_only-r003-20260818T051222Z,loan_to_customer,3,42,200,14.467000,
policy_only,3,4,perf-policy_only-r003-20260818T051222Z,loan_to_customer,3,43,200,15.509400,
policy_only,3,4,perf-policy_only-r003-20260818T051222Z,loan_to_customer,3,44,200,15.241600,
policy_only,3,4,perf-policy_only-r003-20260818T051222Z,loan_to_customer,3,45,200,14.905800,
policy_only,3,4,perf-policy_only-r003-20260818T051222Z,loan_to_customer,3,46,200,14.873600,
policy_only,3,4,perf-policy_only-r003-20260818T051222Z,loan_to_customer,3,47,200,14.760100,
policy_only,3,4,perf-policy_only-r003-20260818T051222Z,loan_to_customer,3,48,200,14.878800,
policy_only,3,4,perf-policy_only-r003-20260818T051222Z,loan_to_customer,3,49,200,14.727900,
policy_only,3,4,perf-policy_only-r003-20260818T051222Z,loan_to_customer,3,50,200,14.631000,
policy_only,3,4,perf-policy_only-r003-20260818T051222Z,loan_to_customer,3,51,200,14.554400,
policy_only,3,4,perf-policy_only-r003-20260818T051222Z,loan_to_customer,3,52,200,14.641900,
policy_only,3,4,perf-policy_only-r003-20260818T051222Z,loan_to_customer,3,53,200,14.131400,
policy_only,3,4,perf-policy_only-r003-20260818T051222Z,loan_to_customer,3,54,200,15.138300,
policy_only,3,4,perf-policy_only-r003-20260818T051222Z,loan_to_customer,3,55,200,14.637200,
policy_only,3,4,perf-policy_only-r003-20260818T051222Z,loan_to_customer,3,56,200,14.419600,
policy_only,3,4,perf-policy_only-r003-20260818T051222Z,loan_to_customer,3,57,200,15.021700,
policy_only,3,4,perf-policy_only-r003-20260818T051222Z,loan_to_customer,3,58,200,14.162500,
policy_only,3,4,perf-policy_only-r003-20260818T051222Z,loan_to_customer,3,59,200,14.007900,
policy_only,3,4,perf-policy_only-r003-20260818T051222Z,loan_to_customer,3,60,200,14.071900,
policy_only,3,4,perf-policy_only-r003-20260818T051222Z,loan_to_customer,3,61,200,13.949000,
policy_only,3,4,perf-policy_only-r003-20260818T051222Z,loan_to_customer,3,62,200,13.798700,
policy_only,3,4,perf-policy_only-r003-20260818T051222Z,loan_to_customer,3,63,200,14.370600,
policy_only,3,4,perf-policy_only-r003-20260818T051222Z,loan_to_customer,3,64,200,14.230400,
policy_only,3,4,perf-policy_only-r003-20260818T051222Z,loan_to_customer,3,65,200,14.650700,
policy_only,3,4,perf-policy_only-r003-20260818T051222Z,loan_to_customer,3,66,200,15.022700,
policy_only,3,4,perf-policy_only-r003-20260818T051222Z,loan_to_customer,3,67,200,14.745500,
policy_only,3,4,perf-policy_only-r003-20260818T051222Z,loan_to_customer,3,68,200,14.239300,
policy_only,3,4,perf-policy_only-r003-20260818T051222Z,loan_to_customer,3,69,200,14.956600,
policy_only,3,4,perf-policy_only-r003-20260818T051222Z,loan_to_customer,3,70,200,13.614100,
policy_only,3,4,perf-policy_only-r003-20260818T051222Z,loan_to_customer,3,71,200,14.393200,
policy_only,3,4,perf-policy_only-r003-20260818T051222Z,loan_to_customer,3,72,200,14.548400,
policy_only,3,4,perf-policy_only-r003-20260818T051222Z,loan_to_customer,3,73,200,14.672700,
policy_only,3,4,perf-policy_only-r003-20260818T051222Z,loan_to_customer,3,74,200,13.873800,
policy_only,3,4,perf-policy_only-r003-20260818T051222Z,loan_to_customer,3,75,200,13.488200,
policy_only,3,4,perf-policy_only-r003-20260818T051222Z,loan_to_customer,3,76,200,15.411900,
policy_only,3,4,perf-policy_only-r003-20260818T051222Z,loan_to_customer,3,77,200,14.168700,
policy_only,3,4,perf-policy_only-r003-20260818T051222Z,loan_to_customer,3,78,200,15.646700,
policy_only,3,4,perf-policy_only-r003-20260818T051222Z,loan_to_customer,3,79,200,14.903300,
policy_only,3,4,perf-policy_only-r003-20260818T051222Z,loan_to_customer,3,80,200,15.038700,
policy_only,3,4,perf-policy_only-r003-20260818T051222Z,loan_to_customer,3,81,200,14.808600,
policy_only,3,4,perf-policy_only-r003-20260818T051222Z,loan_to_customer,3,82,200,13.107900,
policy_only,3,4,perf-policy_only-r003-20260818T051222Z,loan_to_customer,3,83,200,14.287300,
policy_only,3,4,perf-policy_only-r003-20260818T051222Z,loan_to_customer,3,84,200,14.244200,
policy_only,3,4,perf-policy_only-r003-20260818T051222Z,loan_to_customer,3,85,200,13.714400,
policy_only,3,4,perf-policy_only-r003-20260818T051222Z,loan_to_customer,3,86,200,14.009300,
policy_only,3,4,perf-policy_only-r003-20260818T051222Z,loan_to_customer,3,87,200,14.426400,
policy_only,3,4,perf-policy_only-r003-20260818T051222Z,loan_to_customer,3,88,200,13.384200,
policy_only,3,4,perf-policy_only-r003-20260818T051222Z,loan_to_customer,3,89,200,13.514200,
policy_only,3,4,perf-policy_only-r003-20260818T051222Z,loan_to_customer,3,90,200,14.305800,
policy_only,3,4,perf-policy_only-r003-20260818T051222Z,loan_to_customer,3,91,200,14.677400,
policy_only,3,4,perf-policy_only-r003-20260818T051222Z,loan_to_customer,3,92,200,14.779300,
policy_only,3,4,perf-policy_only-r003-20260818T051222Z,loan_to_customer,3,93,200,14.054200,
policy_only,3,4,perf-policy_only-r003-20260818T051222Z,loan_to_customer,3,94,200,14.466300,
policy_only,3,4,perf-policy_only-r003-20260818T051222Z,loan_to_customer,3,95,200,14.274900,
policy_only,3,4,perf-policy_only-r003-20260818T051222Z,loan_to_customer,3,96,200,14.951800,
policy_only,3,4,perf-policy_only-r003-20260818T051222Z,loan_to_customer,3,97,200,15.549300,
policy_only,3,4,perf-policy_only-r003-20260818T051222Z,loan_to_customer,3,98,200,14.633500,
policy_only,3,4,perf-policy_only-r003-20260818T051222Z,loan_to_customer,3,99,200,14.619800,
policy_only,3,4,perf-policy_only-r003-20260818T051222Z,loan_to_customer,3,100,200,14.303500,
policy_only,3,4,perf-policy_only-r003-20260818T051222Z,loan_to_customer,3,101,200,13.963100,
policy_only,3,4,perf-policy_only-r003-20260818T051222Z,loan_to_customer,3,102,200,14.694700,
policy_only,3,4,perf-policy_only-r003-20260818T051222Z,loan_to_customer,3,103,200,13.668200,
policy_only,3,4,perf-policy_only-r003-20260818T051222Z,loan_to_customer,3,104,200,13.971500,
policy_only,3,4,perf-policy_only-r003-20260818T051222Z,loan_to_customer,3,105,200,14.514400,
policy_only,3,4,perf-policy_only-r003-20260818T051222Z,loan_to_customer,3,106,200,14.389700,
policy_only,3,4,perf-policy_only-r003-20260818T051222Z,loan_to_customer,3,107,200,14.897300,
policy_only,3,4,perf-policy_only-r003-20260818T051222Z,loan_to_customer,3,108,200,15.293700,
policy_only,3,4,perf-policy_only-r003-20260818T051222Z,loan_to_customer,3,109,200,13.825100,
policy_only,3,4,perf-policy_only-r003-20260818T051222Z,loan_to_customer,3,110,200,14.400600,
policy_only,3,4,perf-policy_only-r003-20260818T051222Z,loan_to_customer,3,111,200,14.670100,
policy_only,3,4,perf-policy_only-r003-20260818T051222Z,loan_to_customer,3,112,200,14.288200,
policy_only,3,4,perf-policy_only-r003-20260818T051222Z,loan_to_customer,3,113,200,14.482600,
policy_only,3,4,perf-policy_only-r003-20260818T051222Z,loan_to_customer,3,114,200,15.162600,
policy_only,3,4,perf-policy_only-r003-20260818T051222Z,loan_to_customer,3,115,200,14.879600,
policy_only,3,4,perf-policy_only-r003-20260818T051222Z,loan_to_customer,3,116,200,14.736600,
policy_only,3,4,perf-policy_only-r003-20260818T051222Z,loan_to_customer,3,117,200,15.093700,
policy_only,3,4,perf-policy_only-r003-20260818T051222Z,loan_to_customer,3,118,200,14.979500,
policy_only,3,4,perf-policy_only-r003-20260818T051222Z,loan_to_customer,3,119,200,14.936700,
policy_only,3,4,perf-policy_only-r003-20260818T051222Z,loan_to_customer,3,120,200,14.143800,
policy_only,3,4,perf-policy_only-r003-20260818T051222Z,loan_to_customer,3,121,200,14.647300,
policy_only,3,4,perf-policy_only-r003-20260818T051222Z,loan_to_customer,3,122,200,15.319800,
policy_only,3,4,perf-policy_only-r003-20260818T051222Z,loan_to_customer,3,123,200,14.965600,
policy_only,3,4,perf-policy_only-r003-20260818T051222Z,loan_to_customer,3,124,200,14.423900,
policy_only,3,4,perf-policy_only-r003-20260818T051222Z,loan_to_customer,3,125,200,13.950500,
policy_only,3,4,perf-policy_only-r003-20260818T051222Z,loan_to_customer,3,126,200,13.974900,
policy_only,3,4,perf-policy_only-r003-20260818T051222Z,loan_to_customer,3,127,200,14.952700,
policy_only,3,4,perf-policy_only-r003-20260818T051222Z,loan_to_customer,3,128,200,14.418200,
policy_only,3,4,perf-policy_only-r003-20260818T051222Z,loan_to_customer,3,129,200,14.114900,
policy_only,3,4,perf-policy_only-r003-20260818T051222Z,loan_to_customer,3,130,200,14.501500,
policy_only,3,4,perf-policy_only-r003-20260818T051222Z,loan_to_customer,3,131,200,13.514300,
policy_only,3,4,perf-policy_only-r003-20260818T051222Z,loan_to_customer,3,132,200,14.476600,
policy_only,3,4,perf-policy_only-r003-20260818T051222Z,loan_to_customer,3,133,200,13.880600,
policy_only,3,4,perf-policy_only-r003-20260818T051222Z,loan_to_customer,3,134,200,13.417200,
policy_only,3,4,perf-policy_only-r003-20260818T051222Z,loan_to_customer,3,135,200,14.124000,
policy_only,3,4,perf-policy_only-r003-20260818T051222Z,loan_to_customer,3,136,200,15.265500,
policy_only,3,4,perf-policy_only-r003-20260818T051222Z,loan_to_customer,3,137,200,14.013900,
policy_only,3,4,perf-policy_only-r003-20260818T051222Z,loan_to_customer,3,138,200,13.627000,
policy_only,3,4,perf-policy_only-r003-20260818T051222Z,loan_to_customer,3,139,200,13.746500,
policy_only,3,4,perf-policy_only-r003-20260818T051222Z,loan_to_customer,3,140,200,14.983800,
policy_only,3,4,perf-policy_only-r003-20260818T051222Z,loan_to_customer,3,141,200,14.972900,
policy_only,3,4,perf-policy_only-r003-20260818T051222Z,loan_to_customer,3,142,200,15.178400,
policy_only,3,4,perf-policy_only-r003-20260818T051222Z,loan_to_customer,3,143,200,14.959700,
policy_only,3,4,perf-policy_only-r003-20260818T051222Z,loan_to_customer,3,144,200,14.815300,
policy_only,3,4,perf-policy_only-r003-20260818T051222Z,loan_to_customer,3,145,200,16.980600,
policy_only,3,4,perf-policy_only-r003-20260818T051222Z,loan_to_customer,3,146,200,14.419600,
policy_only,3,4,perf-policy_only-r003-20260818T051222Z,loan_to_customer,3,147,200,15.300100,
policy_only,3,4,perf-policy_only-r003-20260818T051222Z,loan_to_customer,3,148,200,14.169200,
policy_only,3,4,perf-policy_only-r003-20260818T051222Z,loan_to_customer,3,149,200,14.832600,
policy_only,3,4,perf-policy_only-r003-20260818T051222Z,loan_to_customer,3,150,200,14.730800,
policy_only,3,4,perf-policy_only-r003-20260818T051222Z,loan_to_customer,3,151,200,14.994000,
policy_only,3,4,perf-policy_only-r003-20260818T051222Z,loan_to_customer,3,152,200,14.436400,
policy_only,3,4,perf-policy_only-r003-20260818T051222Z,loan_to_customer,3,153,200,14.098800,
policy_only,3,4,perf-policy_only-r003-20260818T051222Z,loan_to_customer,3,154,200,14.619500,
policy_only,3,4,perf-policy_only-r003-20260818T051222Z,loan_to_customer,3,155,200,14.537500,
policy_only,3,4,perf-policy_only-r003-20260818T051222Z,loan_to_customer,3,156,200,14.040500,
policy_only,3,4,perf-policy_only-r003-20260818T051222Z,loan_to_customer,3,157,200,14.986700,
policy_only,3,4,perf-policy_only-r003-20260818T051222Z,loan_to_customer,3,158,200,14.308200,
policy_only,3,4,perf-policy_only-r003-20260818T051222Z,loan_to_customer,3,159,200,14.342200,
policy_only,3,4,perf-policy_only-r003-20260818T051222Z,loan_to_customer,3,160,200,14.308300,
policy_only,3,4,perf-policy_only-r003-20260818T051222Z,loan_to_customer,3,161,200,13.514000,
policy_only,3,4,perf-policy_only-r003-20260818T051222Z,loan_to_customer,3,162,200,14.909900,
policy_only,3,4,perf-policy_only-r003-20260818T051222Z,loan_to_customer,3,163,200,14.393400,
policy_only,3,4,perf-policy_only-r003-20260818T051222Z,loan_to_customer,3,164,200,14.571900,
policy_only,3,4,perf-policy_only-r003-20260818T051222Z,loan_to_customer,3,165,200,14.733500,
policy_only,3,4,perf-policy_only-r003-20260818T051222Z,loan_to_customer,3,166,200,14.988900,
policy_only,3,4,perf-policy_only-r003-20260818T051222Z,loan_to_customer,3,167,200,15.383400,
policy_only,3,4,perf-policy_only-r003-20260818T051222Z,loan_to_customer,3,168,200,14.164000,
policy_only,3,4,perf-policy_only-r003-20260818T051222Z,loan_to_customer,3,169,200,14.711900,
policy_only,3,4,perf-policy_only-r003-20260818T051222Z,loan_to_customer,3,170,200,14.249300,
policy_only,3,4,perf-policy_only-r003-20260818T051222Z,loan_to_customer,3,171,200,18.224200,
policy_only,3,4,perf-policy_only-r003-20260818T051222Z,loan_to_customer,3,172,200,15.602700,
policy_only,3,4,perf-policy_only-r003-20260818T051222Z,loan_to_customer,3,173,200,14.926200,
policy_only,3,4,perf-policy_only-r003-20260818T051222Z,loan_to_customer,3,174,200,15.003100,
policy_only,3,4,perf-policy_only-r003-20260818T051222Z,loan_to_customer,3,175,200,14.720300,
policy_only,3,4,perf-policy_only-r003-20260818T051222Z,loan_to_customer,3,176,200,15.170000,
policy_only,3,4,perf-policy_only-r003-20260818T051222Z,loan_to_customer,3,177,200,16.188100,
policy_only,3,4,perf-policy_only-r003-20260818T051222Z,loan_to_customer,3,178,200,14.444100,
policy_only,3,4,perf-policy_only-r003-20260818T051222Z,loan_to_customer,3,179,200,16.692400,
policy_only,3,4,perf-policy_only-r003-20260818T051222Z,loan_to_customer,3,180,200,15.558600,
policy_only,3,4,perf-policy_only-r003-20260818T051222Z,loan_to_customer,3,181,200,15.486000,
policy_only,3,4,perf-policy_only-r003-20260818T051222Z,loan_to_customer,3,182,200,15.888700,
policy_only,3,4,perf-policy_only-r003-20260818T051222Z,loan_to_customer,3,183,200,16.334800,
policy_only,3,4,perf-policy_only-r003-20260818T051222Z,loan_to_customer,3,184,200,16.018100,
policy_only,3,4,perf-policy_only-r003-20260818T051222Z,loan_to_customer,3,185,200,15.076000,
policy_only,3,4,perf-policy_only-r003-20260818T051222Z,loan_to_customer,3,186,200,15.169600,
policy_only,3,4,perf-policy_only-r003-20260818T051222Z,loan_to_customer,3,187,200,15.170000,
policy_only,3,4,perf-policy_only-r003-20260818T051222Z,loan_to_customer,3,188,200,15.354100,
policy_only,3,4,perf-policy_only-r003-20260818T051222Z,loan_to_customer,3,189,200,16.253400,
policy_only,3,4,perf-policy_only-r003-20260818T051222Z,loan_to_customer,3,190,200,14.590700,
policy_only,3,4,perf-policy_only-r003-20260818T051222Z,loan_to_customer,3,191,200,14.592100,
policy_only,3,4,perf-policy_only-r003-20260818T051222Z,loan_to_customer,3,192,200,14.893900,
policy_only,3,4,perf-policy_only-r003-20260818T051222Z,loan_to_customer,3,193,200,14.378000,
policy_only,3,4,perf-policy_only-r003-20260818T051222Z,loan_to_customer,3,194,200,14.694100,
policy_only,3,4,perf-policy_only-r003-20260818T051222Z,loan_to_customer,3,195,200,14.542500,
policy_only,3,4,perf-policy_only-r003-20260818T051222Z,loan_to_customer,3,196,200,14.269500,
policy_only,3,4,perf-policy_only-r003-20260818T051222Z,loan_to_customer,3,197,200,14.606000,
policy_only,3,4,perf-policy_only-r003-20260818T051222Z,loan_to_customer,3,198,200,14.767600,
policy_only,3,4,perf-policy_only-r003-20260818T051222Z,loan_to_customer,3,199,200,14.509500,
policy_only,3,4,perf-policy_only-r003-20260818T051222Z,loan_to_customer,3,200,200,15.451500,
policy_only,3,4,perf-policy_only-r003-20260818T051222Z,loan_to_credit,1,1,200,17.015400,
policy_only,3,4,perf-policy_only-r003-20260818T051222Z,loan_to_credit,1,2,200,17.555400,
policy_only,3,4,perf-policy_only-r003-20260818T051222Z,loan_to_credit,1,3,200,16.922600,
policy_only,3,4,perf-policy_only-r003-20260818T051222Z,loan_to_credit,1,4,200,18.641700,
policy_only,3,4,perf-policy_only-r003-20260818T051222Z,loan_to_credit,1,5,200,18.178400,
policy_only,3,4,perf-policy_only-r003-20260818T051222Z,loan_to_credit,1,6,200,16.730800,
policy_only,3,4,perf-policy_only-r003-20260818T051222Z,loan_to_credit,1,7,200,18.899500,
policy_only,3,4,perf-policy_only-r003-20260818T051222Z,loan_to_credit,1,8,200,17.783200,
policy_only,3,4,perf-policy_only-r003-20260818T051222Z,loan_to_credit,1,9,200,16.948900,
policy_only,3,4,perf-policy_only-r003-20260818T051222Z,loan_to_credit,1,10,200,16.915300,
policy_only,3,4,perf-policy_only-r003-20260818T051222Z,loan_to_credit,1,11,200,19.759800,
policy_only,3,4,perf-policy_only-r003-20260818T051222Z,loan_to_credit,1,12,200,17.209600,
policy_only,3,4,perf-policy_only-r003-20260818T051222Z,loan_to_credit,1,13,200,16.500300,
policy_only,3,4,perf-policy_only-r003-20260818T051222Z,loan_to_credit,1,14,200,15.984300,
policy_only,3,4,perf-policy_only-r003-20260818T051222Z,loan_to_credit,1,15,200,16.922200,
policy_only,3,4,perf-policy_only-r003-20260818T051222Z,loan_to_credit,1,16,200,17.605500,
policy_only,3,4,perf-policy_only-r003-20260818T051222Z,loan_to_credit,1,17,200,16.930900,
policy_only,3,4,perf-policy_only-r003-20260818T051222Z,loan_to_credit,1,18,200,16.729700,
policy_only,3,4,perf-policy_only-r003-20260818T051222Z,loan_to_credit,1,19,200,17.015400,
policy_only,3,4,perf-policy_only-r003-20260818T051222Z,loan_to_credit,1,20,200,16.998100,
policy_only,3,4,perf-policy_only-r003-20260818T051222Z,loan_to_credit,1,21,200,17.270700,
policy_only,3,4,perf-policy_only-r003-20260818T051222Z,loan_to_credit,1,22,200,17.897600,
policy_only,3,4,perf-policy_only-r003-20260818T051222Z,loan_to_credit,1,23,200,17.911200,
policy_only,3,4,perf-policy_only-r003-20260818T051222Z,loan_to_credit,1,24,200,17.931500,
policy_only,3,4,perf-policy_only-r003-20260818T051222Z,loan_to_credit,1,25,200,17.595200,
policy_only,3,4,perf-policy_only-r003-20260818T051222Z,loan_to_credit,1,26,200,17.611900,
policy_only,3,4,perf-policy_only-r003-20260818T051222Z,loan_to_credit,1,27,200,16.599700,
policy_only,3,4,perf-policy_only-r003-20260818T051222Z,loan_to_credit,1,28,200,17.067900,
policy_only,3,4,perf-policy_only-r003-20260818T051222Z,loan_to_credit,1,29,200,18.013900,
policy_only,3,4,perf-policy_only-r003-20260818T051222Z,loan_to_credit,1,30,200,18.236700,
policy_only,3,4,perf-policy_only-r003-20260818T051222Z,loan_to_credit,1,31,200,17.951300,
policy_only,3,4,perf-policy_only-r003-20260818T051222Z,loan_to_credit,1,32,200,17.699800,
policy_only,3,4,perf-policy_only-r003-20260818T051222Z,loan_to_credit,1,33,200,16.639300,
policy_only,3,4,perf-policy_only-r003-20260818T051222Z,loan_to_credit,1,34,200,17.257400,
policy_only,3,4,perf-policy_only-r003-20260818T051222Z,loan_to_credit,1,35,200,16.806600,
policy_only,3,4,perf-policy_only-r003-20260818T051222Z,loan_to_credit,1,36,200,17.151900,
policy_only,3,4,perf-policy_only-r003-20260818T051222Z,loan_to_credit,1,37,200,15.578300,
policy_only,3,4,perf-policy_only-r003-20260818T051222Z,loan_to_credit,1,38,200,17.644500,
policy_only,3,4,perf-policy_only-r003-20260818T051222Z,loan_to_credit,1,39,200,17.647800,
policy_only,3,4,perf-policy_only-r003-20260818T051222Z,loan_to_credit,1,40,200,18.821500,
policy_only,3,4,perf-policy_only-r003-20260818T051222Z,loan_to_credit,1,41,200,19.848200,
policy_only,3,4,perf-policy_only-r003-20260818T051222Z,loan_to_credit,1,42,200,17.077800,
policy_only,3,4,perf-policy_only-r003-20260818T051222Z,loan_to_credit,1,43,200,15.685500,
policy_only,3,4,perf-policy_only-r003-20260818T051222Z,loan_to_credit,1,44,200,16.482200,
policy_only,3,4,perf-policy_only-r003-20260818T051222Z,loan_to_credit,1,45,200,17.130100,
policy_only,3,4,perf-policy_only-r003-20260818T051222Z,loan_to_credit,1,46,200,16.694600,
policy_only,3,4,perf-policy_only-r003-20260818T051222Z,loan_to_credit,1,47,200,15.935400,
policy_only,3,4,perf-policy_only-r003-20260818T051222Z,loan_to_credit,1,48,200,15.920600,
policy_only,3,4,perf-policy_only-r003-20260818T051222Z,loan_to_credit,1,49,200,15.707700,
policy_only,3,4,perf-policy_only-r003-20260818T051222Z,loan_to_credit,1,50,200,15.397100,
policy_only,3,4,perf-policy_only-r003-20260818T051222Z,loan_to_credit,1,51,200,16.187700,
policy_only,3,4,perf-policy_only-r003-20260818T051222Z,loan_to_credit,1,52,200,16.659900,
policy_only,3,4,perf-policy_only-r003-20260818T051222Z,loan_to_credit,1,53,200,16.006100,
policy_only,3,4,perf-policy_only-r003-20260818T051222Z,loan_to_credit,1,54,200,16.558900,
policy_only,3,4,perf-policy_only-r003-20260818T051222Z,loan_to_credit,1,55,200,17.135400,
policy_only,3,4,perf-policy_only-r003-20260818T051222Z,loan_to_credit,1,56,200,17.422600,
policy_only,3,4,perf-policy_only-r003-20260818T051222Z,loan_to_credit,1,57,200,16.794500,
policy_only,3,4,perf-policy_only-r003-20260818T051222Z,loan_to_credit,1,58,200,15.890200,
policy_only,3,4,perf-policy_only-r003-20260818T051222Z,loan_to_credit,1,59,200,16.429100,
policy_only,3,4,perf-policy_only-r003-20260818T051222Z,loan_to_credit,1,60,200,16.819400,
policy_only,3,4,perf-policy_only-r003-20260818T051222Z,loan_to_credit,1,61,200,16.418400,
policy_only,3,4,perf-policy_only-r003-20260818T051222Z,loan_to_credit,1,62,200,17.576700,
policy_only,3,4,perf-policy_only-r003-20260818T051222Z,loan_to_credit,1,63,200,16.612900,
policy_only,3,4,perf-policy_only-r003-20260818T051222Z,loan_to_credit,1,64,200,16.224800,
policy_only,3,4,perf-policy_only-r003-20260818T051222Z,loan_to_credit,1,65,200,15.706900,
policy_only,3,4,perf-policy_only-r003-20260818T051222Z,loan_to_credit,1,66,200,16.192600,
policy_only,3,4,perf-policy_only-r003-20260818T051222Z,loan_to_credit,1,67,200,16.055100,
policy_only,3,4,perf-policy_only-r003-20260818T051222Z,loan_to_credit,1,68,200,16.086100,
policy_only,3,4,perf-policy_only-r003-20260818T051222Z,loan_to_credit,1,69,200,15.921800,
policy_only,3,4,perf-policy_only-r003-20260818T051222Z,loan_to_credit,1,70,200,15.647100,
policy_only,3,4,perf-policy_only-r003-20260818T051222Z,loan_to_credit,1,71,200,19.409300,
policy_only,3,4,perf-policy_only-r003-20260818T051222Z,loan_to_credit,1,72,200,16.602800,
policy_only,3,4,perf-policy_only-r003-20260818T051222Z,loan_to_credit,1,73,200,16.208600,
policy_only,3,4,perf-policy_only-r003-20260818T051222Z,loan_to_credit,1,74,200,15.784900,
policy_only,3,4,perf-policy_only-r003-20260818T051222Z,loan_to_credit,1,75,200,15.859000,
policy_only,3,4,perf-policy_only-r003-20260818T051222Z,loan_to_credit,1,76,200,16.318000,
policy_only,3,4,perf-policy_only-r003-20260818T051222Z,loan_to_credit,1,77,200,15.918600,
policy_only,3,4,perf-policy_only-r003-20260818T051222Z,loan_to_credit,1,78,200,15.590300,
policy_only,3,4,perf-policy_only-r003-20260818T051222Z,loan_to_credit,1,79,200,16.338700,
policy_only,3,4,perf-policy_only-r003-20260818T051222Z,loan_to_credit,1,80,200,15.862300,
policy_only,3,4,perf-policy_only-r003-20260818T051222Z,loan_to_credit,1,81,200,16.380300,
policy_only,3,4,perf-policy_only-r003-20260818T051222Z,loan_to_credit,1,82,200,15.467500,
policy_only,3,4,perf-policy_only-r003-20260818T051222Z,loan_to_credit,1,83,200,15.923100,
policy_only,3,4,perf-policy_only-r003-20260818T051222Z,loan_to_credit,1,84,200,16.318500,
policy_only,3,4,perf-policy_only-r003-20260818T051222Z,loan_to_credit,1,85,200,17.129800,
policy_only,3,4,perf-policy_only-r003-20260818T051222Z,loan_to_credit,1,86,200,17.253000,
policy_only,3,4,perf-policy_only-r003-20260818T051222Z,loan_to_credit,1,87,200,19.163800,
policy_only,3,4,perf-policy_only-r003-20260818T051222Z,loan_to_credit,1,88,200,18.042600,
policy_only,3,4,perf-policy_only-r003-20260818T051222Z,loan_to_credit,1,89,200,17.899600,
policy_only,3,4,perf-policy_only-r003-20260818T051222Z,loan_to_credit,1,90,200,18.068500,
policy_only,3,4,perf-policy_only-r003-20260818T051222Z,loan_to_credit,1,91,200,16.186100,
policy_only,3,4,perf-policy_only-r003-20260818T051222Z,loan_to_credit,1,92,200,16.348100,
policy_only,3,4,perf-policy_only-r003-20260818T051222Z,loan_to_credit,1,93,200,18.534300,
policy_only,3,4,perf-policy_only-r003-20260818T051222Z,loan_to_credit,1,94,200,18.411800,
policy_only,3,4,perf-policy_only-r003-20260818T051222Z,loan_to_credit,1,95,200,18.871500,
policy_only,3,4,perf-policy_only-r003-20260818T051222Z,loan_to_credit,1,96,200,17.330100,
policy_only,3,4,perf-policy_only-r003-20260818T051222Z,loan_to_credit,1,97,200,18.063000,
policy_only,3,4,perf-policy_only-r003-20260818T051222Z,loan_to_credit,1,98,200,18.299900,
policy_only,3,4,perf-policy_only-r003-20260818T051222Z,loan_to_credit,1,99,200,17.144800,
policy_only,3,4,perf-policy_only-r003-20260818T051222Z,loan_to_credit,1,100,200,19.143800,
policy_only,3,4,perf-policy_only-r003-20260818T051222Z,loan_to_credit,1,101,200,16.442900,
policy_only,3,4,perf-policy_only-r003-20260818T051222Z,loan_to_credit,1,102,200,22.497500,
policy_only,3,4,perf-policy_only-r003-20260818T051222Z,loan_to_credit,1,103,200,19.046300,
policy_only,3,4,perf-policy_only-r003-20260818T051222Z,loan_to_credit,1,104,200,16.554100,
policy_only,3,4,perf-policy_only-r003-20260818T051222Z,loan_to_credit,1,105,200,16.859100,
policy_only,3,4,perf-policy_only-r003-20260818T051222Z,loan_to_credit,1,106,200,18.575200,
policy_only,3,4,perf-policy_only-r003-20260818T051222Z,loan_to_credit,1,107,200,17.708900,
policy_only,3,4,perf-policy_only-r003-20260818T051222Z,loan_to_credit,1,108,200,17.103200,
policy_only,3,4,perf-policy_only-r003-20260818T051222Z,loan_to_credit,1,109,200,16.665200,
policy_only,3,4,perf-policy_only-r003-20260818T051222Z,loan_to_credit,1,110,200,17.041900,
policy_only,3,4,perf-policy_only-r003-20260818T051222Z,loan_to_credit,1,111,200,17.118500,
policy_only,3,4,perf-policy_only-r003-20260818T051222Z,loan_to_credit,1,112,200,18.477700,
policy_only,3,4,perf-policy_only-r003-20260818T051222Z,loan_to_credit,1,113,200,17.046100,
policy_only,3,4,perf-policy_only-r003-20260818T051222Z,loan_to_credit,1,114,200,16.201700,
policy_only,3,4,perf-policy_only-r003-20260818T051222Z,loan_to_credit,1,115,200,19.299700,
policy_only,3,4,perf-policy_only-r003-20260818T051222Z,loan_to_credit,1,116,200,18.150200,
policy_only,3,4,perf-policy_only-r003-20260818T051222Z,loan_to_credit,1,117,200,18.035600,
policy_only,3,4,perf-policy_only-r003-20260818T051222Z,loan_to_credit,1,118,200,18.193500,
policy_only,3,4,perf-policy_only-r003-20260818T051222Z,loan_to_credit,1,119,200,17.939900,
policy_only,3,4,perf-policy_only-r003-20260818T051222Z,loan_to_credit,1,120,200,17.281000,
policy_only,3,4,perf-policy_only-r003-20260818T051222Z,loan_to_credit,1,121,200,17.169100,
policy_only,3,4,perf-policy_only-r003-20260818T051222Z,loan_to_credit,1,122,200,16.725500,
policy_only,3,4,perf-policy_only-r003-20260818T051222Z,loan_to_credit,1,123,200,17.546700,
policy_only,3,4,perf-policy_only-r003-20260818T051222Z,loan_to_credit,1,124,200,17.164000,
policy_only,3,4,perf-policy_only-r003-20260818T051222Z,loan_to_credit,1,125,200,17.504600,
policy_only,3,4,perf-policy_only-r003-20260818T051222Z,loan_to_credit,1,126,200,16.781700,
policy_only,3,4,perf-policy_only-r003-20260818T051222Z,loan_to_credit,1,127,200,17.066700,
policy_only,3,4,perf-policy_only-r003-20260818T051222Z,loan_to_credit,1,128,200,15.877600,
policy_only,3,4,perf-policy_only-r003-20260818T051222Z,loan_to_credit,1,129,200,16.248000,
policy_only,3,4,perf-policy_only-r003-20260818T051222Z,loan_to_credit,1,130,200,19.199700,
policy_only,3,4,perf-policy_only-r003-20260818T051222Z,loan_to_credit,1,131,200,18.312700,
policy_only,3,4,perf-policy_only-r003-20260818T051222Z,loan_to_credit,1,132,200,16.653500,
policy_only,3,4,perf-policy_only-r003-20260818T051222Z,loan_to_credit,1,133,200,17.514500,
policy_only,3,4,perf-policy_only-r003-20260818T051222Z,loan_to_credit,1,134,200,16.402900,
policy_only,3,4,perf-policy_only-r003-20260818T051222Z,loan_to_credit,1,135,200,17.486900,
policy_only,3,4,perf-policy_only-r003-20260818T051222Z,loan_to_credit,1,136,200,17.097700,
policy_only,3,4,perf-policy_only-r003-20260818T051222Z,loan_to_credit,1,137,200,16.837400,
policy_only,3,4,perf-policy_only-r003-20260818T051222Z,loan_to_credit,1,138,200,15.873500,
policy_only,3,4,perf-policy_only-r003-20260818T051222Z,loan_to_credit,1,139,200,15.989400,
policy_only,3,4,perf-policy_only-r003-20260818T051222Z,loan_to_credit,1,140,200,16.113500,
policy_only,3,4,perf-policy_only-r003-20260818T051222Z,loan_to_credit,1,141,200,17.055100,
policy_only,3,4,perf-policy_only-r003-20260818T051222Z,loan_to_credit,1,142,200,15.981200,
policy_only,3,4,perf-policy_only-r003-20260818T051222Z,loan_to_credit,1,143,200,18.656700,
policy_only,3,4,perf-policy_only-r003-20260818T051222Z,loan_to_credit,1,144,200,17.330200,
policy_only,3,4,perf-policy_only-r003-20260818T051222Z,loan_to_credit,1,145,200,16.892000,
policy_only,3,4,perf-policy_only-r003-20260818T051222Z,loan_to_credit,1,146,200,16.910700,
policy_only,3,4,perf-policy_only-r003-20260818T051222Z,loan_to_credit,1,147,200,16.657200,
policy_only,3,4,perf-policy_only-r003-20260818T051222Z,loan_to_credit,1,148,200,14.856600,
policy_only,3,4,perf-policy_only-r003-20260818T051222Z,loan_to_credit,1,149,200,15.555500,
policy_only,3,4,perf-policy_only-r003-20260818T051222Z,loan_to_credit,1,150,200,15.827000,
policy_only,3,4,perf-policy_only-r003-20260818T051222Z,loan_to_credit,1,151,200,17.440500,
policy_only,3,4,perf-policy_only-r003-20260818T051222Z,loan_to_credit,1,152,200,16.796000,
policy_only,3,4,perf-policy_only-r003-20260818T051222Z,loan_to_credit,1,153,200,17.293800,
policy_only,3,4,perf-policy_only-r003-20260818T051222Z,loan_to_credit,1,154,200,16.575800,
policy_only,3,4,perf-policy_only-r003-20260818T051222Z,loan_to_credit,1,155,200,17.164900,
policy_only,3,4,perf-policy_only-r003-20260818T051222Z,loan_to_credit,1,156,200,18.527100,
policy_only,3,4,perf-policy_only-r003-20260818T051222Z,loan_to_credit,1,157,200,17.823700,
policy_only,3,4,perf-policy_only-r003-20260818T051222Z,loan_to_credit,1,158,200,15.863500,
policy_only,3,4,perf-policy_only-r003-20260818T051222Z,loan_to_credit,1,159,200,19.268800,
policy_only,3,4,perf-policy_only-r003-20260818T051222Z,loan_to_credit,1,160,200,15.539900,
policy_only,3,4,perf-policy_only-r003-20260818T051222Z,loan_to_credit,1,161,200,15.264900,
policy_only,3,4,perf-policy_only-r003-20260818T051222Z,loan_to_credit,1,162,200,15.661000,
policy_only,3,4,perf-policy_only-r003-20260818T051222Z,loan_to_credit,1,163,200,16.101500,
policy_only,3,4,perf-policy_only-r003-20260818T051222Z,loan_to_credit,1,164,200,16.283500,
policy_only,3,4,perf-policy_only-r003-20260818T051222Z,loan_to_credit,1,165,200,15.699700,
policy_only,3,4,perf-policy_only-r003-20260818T051222Z,loan_to_credit,1,166,200,15.622600,
policy_only,3,4,perf-policy_only-r003-20260818T051222Z,loan_to_credit,1,167,200,17.040900,
policy_only,3,4,perf-policy_only-r003-20260818T051222Z,loan_to_credit,1,168,200,16.790700,
policy_only,3,4,perf-policy_only-r003-20260818T051222Z,loan_to_credit,1,169,200,16.575500,
policy_only,3,4,perf-policy_only-r003-20260818T051222Z,loan_to_credit,1,170,200,15.019700,
policy_only,3,4,perf-policy_only-r003-20260818T051222Z,loan_to_credit,1,171,200,16.222000,
policy_only,3,4,perf-policy_only-r003-20260818T051222Z,loan_to_credit,1,172,200,16.092500,
policy_only,3,4,perf-policy_only-r003-20260818T051222Z,loan_to_credit,1,173,200,15.592900,
policy_only,3,4,perf-policy_only-r003-20260818T051222Z,loan_to_credit,1,174,200,14.900500,
policy_only,3,4,perf-policy_only-r003-20260818T051222Z,loan_to_credit,1,175,200,16.434300,
policy_only,3,4,perf-policy_only-r003-20260818T051222Z,loan_to_credit,1,176,200,16.958700,
policy_only,3,4,perf-policy_only-r003-20260818T051222Z,loan_to_credit,1,177,200,16.062000,
policy_only,3,4,perf-policy_only-r003-20260818T051222Z,loan_to_credit,1,178,200,17.225800,
policy_only,3,4,perf-policy_only-r003-20260818T051222Z,loan_to_credit,1,179,200,16.604700,
policy_only,3,4,perf-policy_only-r003-20260818T051222Z,loan_to_credit,1,180,200,15.820400,
policy_only,3,4,perf-policy_only-r003-20260818T051222Z,loan_to_credit,1,181,200,15.961000,
policy_only,3,4,perf-policy_only-r003-20260818T051222Z,loan_to_credit,1,182,200,16.048500,
policy_only,3,4,perf-policy_only-r003-20260818T051222Z,loan_to_credit,1,183,200,15.958000,
policy_only,3,4,perf-policy_only-r003-20260818T051222Z,loan_to_credit,1,184,200,15.906500,
policy_only,3,4,perf-policy_only-r003-20260818T051222Z,loan_to_credit,1,185,200,17.532200,
policy_only,3,4,perf-policy_only-r003-20260818T051222Z,loan_to_credit,1,186,200,16.770900,
policy_only,3,4,perf-policy_only-r003-20260818T051222Z,loan_to_credit,1,187,200,15.990400,
policy_only,3,4,perf-policy_only-r003-20260818T051222Z,loan_to_credit,1,188,200,15.654000,
policy_only,3,4,perf-policy_only-r003-20260818T051222Z,loan_to_credit,1,189,200,15.946300,
policy_only,3,4,perf-policy_only-r003-20260818T051222Z,loan_to_credit,1,190,200,16.119100,
policy_only,3,4,perf-policy_only-r003-20260818T051222Z,loan_to_credit,1,191,200,15.681400,
policy_only,3,4,perf-policy_only-r003-20260818T051222Z,loan_to_credit,1,192,200,16.313500,
policy_only,3,4,perf-policy_only-r003-20260818T051222Z,loan_to_credit,1,193,200,15.981200,
policy_only,3,4,perf-policy_only-r003-20260818T051222Z,loan_to_credit,1,194,200,16.681800,
policy_only,3,4,perf-policy_only-r003-20260818T051222Z,loan_to_credit,1,195,200,15.254900,
policy_only,3,4,perf-policy_only-r003-20260818T051222Z,loan_to_credit,1,196,200,15.986400,
policy_only,3,4,perf-policy_only-r003-20260818T051222Z,loan_to_credit,1,197,200,16.171200,
policy_only,3,4,perf-policy_only-r003-20260818T051222Z,loan_to_credit,1,198,200,16.929900,
policy_only,3,4,perf-policy_only-r003-20260818T051222Z,loan_to_credit,1,199,200,17.057300,
policy_only,3,4,perf-policy_only-r003-20260818T051222Z,loan_to_credit,1,200,200,16.799000,
policy_only,3,4,perf-policy_only-r003-20260818T051222Z,loan_to_credit,2,1,200,15.833700,
policy_only,3,4,perf-policy_only-r003-20260818T051222Z,loan_to_credit,2,2,200,15.524000,
policy_only,3,4,perf-policy_only-r003-20260818T051222Z,loan_to_credit,2,3,200,16.454300,
policy_only,3,4,perf-policy_only-r003-20260818T051222Z,loan_to_credit,2,4,200,16.773300,
policy_only,3,4,perf-policy_only-r003-20260818T051222Z,loan_to_credit,2,5,200,17.210100,
policy_only,3,4,perf-policy_only-r003-20260818T051222Z,loan_to_credit,2,6,200,15.859000,
policy_only,3,4,perf-policy_only-r003-20260818T051222Z,loan_to_credit,2,7,200,16.635700,
policy_only,3,4,perf-policy_only-r003-20260818T051222Z,loan_to_credit,2,8,200,16.911100,
policy_only,3,4,perf-policy_only-r003-20260818T051222Z,loan_to_credit,2,9,200,16.695900,
policy_only,3,4,perf-policy_only-r003-20260818T051222Z,loan_to_credit,2,10,200,16.763500,
policy_only,3,4,perf-policy_only-r003-20260818T051222Z,loan_to_credit,2,11,200,16.447200,
policy_only,3,4,perf-policy_only-r003-20260818T051222Z,loan_to_credit,2,12,200,16.379100,
policy_only,3,4,perf-policy_only-r003-20260818T051222Z,loan_to_credit,2,13,200,16.605300,
policy_only,3,4,perf-policy_only-r003-20260818T051222Z,loan_to_credit,2,14,200,15.890700,
policy_only,3,4,perf-policy_only-r003-20260818T051222Z,loan_to_credit,2,15,200,15.534300,
policy_only,3,4,perf-policy_only-r003-20260818T051222Z,loan_to_credit,2,16,200,16.215100,
policy_only,3,4,perf-policy_only-r003-20260818T051222Z,loan_to_credit,2,17,200,15.788300,
policy_only,3,4,perf-policy_only-r003-20260818T051222Z,loan_to_credit,2,18,200,17.223900,
policy_only,3,4,perf-policy_only-r003-20260818T051222Z,loan_to_credit,2,19,200,16.850300,
policy_only,3,4,perf-policy_only-r003-20260818T051222Z,loan_to_credit,2,20,200,16.929500,
policy_only,3,4,perf-policy_only-r003-20260818T051222Z,loan_to_credit,2,21,200,15.942300,
policy_only,3,4,perf-policy_only-r003-20260818T051222Z,loan_to_credit,2,22,200,16.044200,
policy_only,3,4,perf-policy_only-r003-20260818T051222Z,loan_to_credit,2,23,200,16.616800,
policy_only,3,4,perf-policy_only-r003-20260818T051222Z,loan_to_credit,2,24,200,16.354600,
policy_only,3,4,perf-policy_only-r003-20260818T051222Z,loan_to_credit,2,25,200,15.669900,
policy_only,3,4,perf-policy_only-r003-20260818T051222Z,loan_to_credit,2,26,200,15.965500,
policy_only,3,4,perf-policy_only-r003-20260818T051222Z,loan_to_credit,2,27,200,14.902100,
policy_only,3,4,perf-policy_only-r003-20260818T051222Z,loan_to_credit,2,28,200,15.571700,
policy_only,3,4,perf-policy_only-r003-20260818T051222Z,loan_to_credit,2,29,200,15.758500,
policy_only,3,4,perf-policy_only-r003-20260818T051222Z,loan_to_credit,2,30,200,16.121300,
policy_only,3,4,perf-policy_only-r003-20260818T051222Z,loan_to_credit,2,31,200,16.603300,
policy_only,3,4,perf-policy_only-r003-20260818T051222Z,loan_to_credit,2,32,200,15.729400,
policy_only,3,4,perf-policy_only-r003-20260818T051222Z,loan_to_credit,2,33,200,15.251300,
policy_only,3,4,perf-policy_only-r003-20260818T051222Z,loan_to_credit,2,34,200,16.465100,
policy_only,3,4,perf-policy_only-r003-20260818T051222Z,loan_to_credit,2,35,200,15.773700,
policy_only,3,4,perf-policy_only-r003-20260818T051222Z,loan_to_credit,2,36,200,17.377900,
policy_only,3,4,perf-policy_only-r003-20260818T051222Z,loan_to_credit,2,37,200,18.129300,
policy_only,3,4,perf-policy_only-r003-20260818T051222Z,loan_to_credit,2,38,200,17.789000,
policy_only,3,4,perf-policy_only-r003-20260818T051222Z,loan_to_credit,2,39,200,18.579900,
policy_only,3,4,perf-policy_only-r003-20260818T051222Z,loan_to_credit,2,40,200,19.051700,
policy_only,3,4,perf-policy_only-r003-20260818T051222Z,loan_to_credit,2,41,200,19.315300,
policy_only,3,4,perf-policy_only-r003-20260818T051222Z,loan_to_credit,2,42,200,20.348100,
policy_only,3,4,perf-policy_only-r003-20260818T051222Z,loan_to_credit,2,43,200,21.927900,
policy_only,3,4,perf-policy_only-r003-20260818T051222Z,loan_to_credit,2,44,200,21.353300,
policy_only,3,4,perf-policy_only-r003-20260818T051222Z,loan_to_credit,2,45,200,16.722000,
policy_only,3,4,perf-policy_only-r003-20260818T051222Z,loan_to_credit,2,46,200,15.815500,
policy_only,3,4,perf-policy_only-r003-20260818T051222Z,loan_to_credit,2,47,200,16.294500,
policy_only,3,4,perf-policy_only-r003-20260818T051222Z,loan_to_credit,2,48,200,16.781900,
policy_only,3,4,perf-policy_only-r003-20260818T051222Z,loan_to_credit,2,49,200,18.000800,
policy_only,3,4,perf-policy_only-r003-20260818T051222Z,loan_to_credit,2,50,200,16.412100,
policy_only,3,4,perf-policy_only-r003-20260818T051222Z,loan_to_credit,2,51,200,17.559200,
policy_only,3,4,perf-policy_only-r003-20260818T051222Z,loan_to_credit,2,52,200,16.781500,
policy_only,3,4,perf-policy_only-r003-20260818T051222Z,loan_to_credit,2,53,200,15.894900,
policy_only,3,4,perf-policy_only-r003-20260818T051222Z,loan_to_credit,2,54,200,17.217700,
policy_only,3,4,perf-policy_only-r003-20260818T051222Z,loan_to_credit,2,55,200,15.708700,
policy_only,3,4,perf-policy_only-r003-20260818T051222Z,loan_to_credit,2,56,200,18.010400,
policy_only,3,4,perf-policy_only-r003-20260818T051222Z,loan_to_credit,2,57,200,16.153100,
policy_only,3,4,perf-policy_only-r003-20260818T051222Z,loan_to_credit,2,58,200,16.783700,
policy_only,3,4,perf-policy_only-r003-20260818T051222Z,loan_to_credit,2,59,200,20.153400,
policy_only,3,4,perf-policy_only-r003-20260818T051222Z,loan_to_credit,2,60,200,18.217800,
policy_only,3,4,perf-policy_only-r003-20260818T051222Z,loan_to_credit,2,61,200,17.498500,
policy_only,3,4,perf-policy_only-r003-20260818T051222Z,loan_to_credit,2,62,200,17.720700,
policy_only,3,4,perf-policy_only-r003-20260818T051222Z,loan_to_credit,2,63,200,17.036100,
policy_only,3,4,perf-policy_only-r003-20260818T051222Z,loan_to_credit,2,64,200,17.313900,
policy_only,3,4,perf-policy_only-r003-20260818T051222Z,loan_to_credit,2,65,200,19.898900,
policy_only,3,4,perf-policy_only-r003-20260818T051222Z,loan_to_credit,2,66,200,16.646000,
policy_only,3,4,perf-policy_only-r003-20260818T051222Z,loan_to_credit,2,67,200,15.818100,
policy_only,3,4,perf-policy_only-r003-20260818T051222Z,loan_to_credit,2,68,200,17.363900,
policy_only,3,4,perf-policy_only-r003-20260818T051222Z,loan_to_credit,2,69,200,17.060000,
policy_only,3,4,perf-policy_only-r003-20260818T051222Z,loan_to_credit,2,70,200,16.293800,
policy_only,3,4,perf-policy_only-r003-20260818T051222Z,loan_to_credit,2,71,200,17.207400,
policy_only,3,4,perf-policy_only-r003-20260818T051222Z,loan_to_credit,2,72,200,16.884200,
policy_only,3,4,perf-policy_only-r003-20260818T051222Z,loan_to_credit,2,73,200,15.450800,
policy_only,3,4,perf-policy_only-r003-20260818T051222Z,loan_to_credit,2,74,200,15.960300,
policy_only,3,4,perf-policy_only-r003-20260818T051222Z,loan_to_credit,2,75,200,15.970300,
policy_only,3,4,perf-policy_only-r003-20260818T051222Z,loan_to_credit,2,76,200,17.200600,
policy_only,3,4,perf-policy_only-r003-20260818T051222Z,loan_to_credit,2,77,200,18.428000,
policy_only,3,4,perf-policy_only-r003-20260818T051222Z,loan_to_credit,2,78,200,18.005100,
policy_only,3,4,perf-policy_only-r003-20260818T051222Z,loan_to_credit,2,79,200,17.075100,
policy_only,3,4,perf-policy_only-r003-20260818T051222Z,loan_to_credit,2,80,200,16.759800,
policy_only,3,4,perf-policy_only-r003-20260818T051222Z,loan_to_credit,2,81,200,18.183800,
policy_only,3,4,perf-policy_only-r003-20260818T051222Z,loan_to_credit,2,82,200,17.216200,
policy_only,3,4,perf-policy_only-r003-20260818T051222Z,loan_to_credit,2,83,200,16.443100,
policy_only,3,4,perf-policy_only-r003-20260818T051222Z,loan_to_credit,2,84,200,18.713300,
policy_only,3,4,perf-policy_only-r003-20260818T051222Z,loan_to_credit,2,85,200,16.855100,
policy_only,3,4,perf-policy_only-r003-20260818T051222Z,loan_to_credit,2,86,200,19.016400,
policy_only,3,4,perf-policy_only-r003-20260818T051222Z,loan_to_credit,2,87,200,17.980200,
policy_only,3,4,perf-policy_only-r003-20260818T051222Z,loan_to_credit,2,88,200,18.986100,
policy_only,3,4,perf-policy_only-r003-20260818T051222Z,loan_to_credit,2,89,200,16.712700,
policy_only,3,4,perf-policy_only-r003-20260818T051222Z,loan_to_credit,2,90,200,16.379200,
policy_only,3,4,perf-policy_only-r003-20260818T051222Z,loan_to_credit,2,91,200,15.928100,
policy_only,3,4,perf-policy_only-r003-20260818T051222Z,loan_to_credit,2,92,200,16.371200,
policy_only,3,4,perf-policy_only-r003-20260818T051222Z,loan_to_credit,2,93,200,15.388100,
policy_only,3,4,perf-policy_only-r003-20260818T051222Z,loan_to_credit,2,94,200,16.530600,
policy_only,3,4,perf-policy_only-r003-20260818T051222Z,loan_to_credit,2,95,200,17.380100,
policy_only,3,4,perf-policy_only-r003-20260818T051222Z,loan_to_credit,2,96,200,16.635200,
policy_only,3,4,perf-policy_only-r003-20260818T051222Z,loan_to_credit,2,97,200,16.802900,
policy_only,3,4,perf-policy_only-r003-20260818T051222Z,loan_to_credit,2,98,200,16.397500,
policy_only,3,4,perf-policy_only-r003-20260818T051222Z,loan_to_credit,2,99,200,16.665400,
policy_only,3,4,perf-policy_only-r003-20260818T051222Z,loan_to_credit,2,100,200,18.121200,
policy_only,3,4,perf-policy_only-r003-20260818T051222Z,loan_to_credit,2,101,200,16.624200,
policy_only,3,4,perf-policy_only-r003-20260818T051222Z,loan_to_credit,2,102,200,17.307800,
policy_only,3,4,perf-policy_only-r003-20260818T051222Z,loan_to_credit,2,103,200,17.259300,
policy_only,3,4,perf-policy_only-r003-20260818T051222Z,loan_to_credit,2,104,200,16.071300,
policy_only,3,4,perf-policy_only-r003-20260818T051222Z,loan_to_credit,2,105,200,15.295000,
policy_only,3,4,perf-policy_only-r003-20260818T051222Z,loan_to_credit,2,106,200,16.985900,
policy_only,3,4,perf-policy_only-r003-20260818T051222Z,loan_to_credit,2,107,200,15.574800,
policy_only,3,4,perf-policy_only-r003-20260818T051222Z,loan_to_credit,2,108,200,15.231600,
policy_only,3,4,perf-policy_only-r003-20260818T051222Z,loan_to_credit,2,109,200,16.107600,
policy_only,3,4,perf-policy_only-r003-20260818T051222Z,loan_to_credit,2,110,200,16.008900,
policy_only,3,4,perf-policy_only-r003-20260818T051222Z,loan_to_credit,2,111,200,16.003000,
policy_only,3,4,perf-policy_only-r003-20260818T051222Z,loan_to_credit,2,112,200,15.836400,
policy_only,3,4,perf-policy_only-r003-20260818T051222Z,loan_to_credit,2,113,200,16.845400,
policy_only,3,4,perf-policy_only-r003-20260818T051222Z,loan_to_credit,2,114,200,16.039700,
policy_only,3,4,perf-policy_only-r003-20260818T051222Z,loan_to_credit,2,115,200,16.146700,
policy_only,3,4,perf-policy_only-r003-20260818T051222Z,loan_to_credit,2,116,200,15.926700,
policy_only,3,4,perf-policy_only-r003-20260818T051222Z,loan_to_credit,2,117,200,15.683800,
policy_only,3,4,perf-policy_only-r003-20260818T051222Z,loan_to_credit,2,118,200,16.220800,
policy_only,3,4,perf-policy_only-r003-20260818T051222Z,loan_to_credit,2,119,200,16.956500,
policy_only,3,4,perf-policy_only-r003-20260818T051222Z,loan_to_credit,2,120,200,16.023700,
policy_only,3,4,perf-policy_only-r003-20260818T051222Z,loan_to_credit,2,121,200,15.741700,
policy_only,3,4,perf-policy_only-r003-20260818T051222Z,loan_to_credit,2,122,200,16.703500,
policy_only,3,4,perf-policy_only-r003-20260818T051222Z,loan_to_credit,2,123,200,16.587900,
policy_only,3,4,perf-policy_only-r003-20260818T051222Z,loan_to_credit,2,124,200,15.657900,
policy_only,3,4,perf-policy_only-r003-20260818T051222Z,loan_to_credit,2,125,200,15.355300,
policy_only,3,4,perf-policy_only-r003-20260818T051222Z,loan_to_credit,2,126,200,16.098100,
policy_only,3,4,perf-policy_only-r003-20260818T051222Z,loan_to_credit,2,127,200,17.097000,
policy_only,3,4,perf-policy_only-r003-20260818T051222Z,loan_to_credit,2,128,200,16.918400,
policy_only,3,4,perf-policy_only-r003-20260818T051222Z,loan_to_credit,2,129,200,16.802600,
policy_only,3,4,perf-policy_only-r003-20260818T051222Z,loan_to_credit,2,130,200,15.873400,
policy_only,3,4,perf-policy_only-r003-20260818T051222Z,loan_to_credit,2,131,200,16.123000,
policy_only,3,4,perf-policy_only-r003-20260818T051222Z,loan_to_credit,2,132,200,16.823400,
policy_only,3,4,perf-policy_only-r003-20260818T051222Z,loan_to_credit,2,133,200,17.404900,
policy_only,3,4,perf-policy_only-r003-20260818T051222Z,loan_to_credit,2,134,200,18.611700,
policy_only,3,4,perf-policy_only-r003-20260818T051222Z,loan_to_credit,2,135,200,16.902500,
policy_only,3,4,perf-policy_only-r003-20260818T051222Z,loan_to_credit,2,136,200,17.210600,
policy_only,3,4,perf-policy_only-r003-20260818T051222Z,loan_to_credit,2,137,200,16.740000,
policy_only,3,4,perf-policy_only-r003-20260818T051222Z,loan_to_credit,2,138,200,15.788600,
policy_only,3,4,perf-policy_only-r003-20260818T051222Z,loan_to_credit,2,139,200,16.629900,
policy_only,3,4,perf-policy_only-r003-20260818T051222Z,loan_to_credit,2,140,200,16.754100,
policy_only,3,4,perf-policy_only-r003-20260818T051222Z,loan_to_credit,2,141,200,15.699000,
policy_only,3,4,perf-policy_only-r003-20260818T051222Z,loan_to_credit,2,142,200,16.933200,
policy_only,3,4,perf-policy_only-r003-20260818T051222Z,loan_to_credit,2,143,200,17.224200,
policy_only,3,4,perf-policy_only-r003-20260818T051222Z,loan_to_credit,2,144,200,15.671400,
policy_only,3,4,perf-policy_only-r003-20260818T051222Z,loan_to_credit,2,145,200,16.025800,
policy_only,3,4,perf-policy_only-r003-20260818T051222Z,loan_to_credit,2,146,200,16.055500,
policy_only,3,4,perf-policy_only-r003-20260818T051222Z,loan_to_credit,2,147,200,16.417800,
policy_only,3,4,perf-policy_only-r003-20260818T051222Z,loan_to_credit,2,148,200,15.787900,
policy_only,3,4,perf-policy_only-r003-20260818T051222Z,loan_to_credit,2,149,200,16.666800,
policy_only,3,4,perf-policy_only-r003-20260818T051222Z,loan_to_credit,2,150,200,15.835400,
policy_only,3,4,perf-policy_only-r003-20260818T051222Z,loan_to_credit,2,151,200,15.282300,
policy_only,3,4,perf-policy_only-r003-20260818T051222Z,loan_to_credit,2,152,200,14.806700,
policy_only,3,4,perf-policy_only-r003-20260818T051222Z,loan_to_credit,2,153,200,16.036000,
policy_only,3,4,perf-policy_only-r003-20260818T051222Z,loan_to_credit,2,154,200,15.976200,
policy_only,3,4,perf-policy_only-r003-20260818T051222Z,loan_to_credit,2,155,200,17.318700,
policy_only,3,4,perf-policy_only-r003-20260818T051222Z,loan_to_credit,2,156,200,15.933400,
policy_only,3,4,perf-policy_only-r003-20260818T051222Z,loan_to_credit,2,157,200,15.938300,
policy_only,3,4,perf-policy_only-r003-20260818T051222Z,loan_to_credit,2,158,200,16.272500,
policy_only,3,4,perf-policy_only-r003-20260818T051222Z,loan_to_credit,2,159,200,16.717900,
policy_only,3,4,perf-policy_only-r003-20260818T051222Z,loan_to_credit,2,160,200,17.012800,
policy_only,3,4,perf-policy_only-r003-20260818T051222Z,loan_to_credit,2,161,200,16.575400,
policy_only,3,4,perf-policy_only-r003-20260818T051222Z,loan_to_credit,2,162,200,16.591500,
policy_only,3,4,perf-policy_only-r003-20260818T051222Z,loan_to_credit,2,163,200,17.577700,
policy_only,3,4,perf-policy_only-r003-20260818T051222Z,loan_to_credit,2,164,200,19.521500,
policy_only,3,4,perf-policy_only-r003-20260818T051222Z,loan_to_credit,2,165,200,19.227900,
policy_only,3,4,perf-policy_only-r003-20260818T051222Z,loan_to_credit,2,166,200,18.475300,
policy_only,3,4,perf-policy_only-r003-20260818T051222Z,loan_to_credit,2,167,200,17.167700,
policy_only,3,4,perf-policy_only-r003-20260818T051222Z,loan_to_credit,2,168,200,17.112100,
policy_only,3,4,perf-policy_only-r003-20260818T051222Z,loan_to_credit,2,169,200,16.821800,
policy_only,3,4,perf-policy_only-r003-20260818T051222Z,loan_to_credit,2,170,200,16.613400,
policy_only,3,4,perf-policy_only-r003-20260818T051222Z,loan_to_credit,2,171,200,17.029100,
policy_only,3,4,perf-policy_only-r003-20260818T051222Z,loan_to_credit,2,172,200,16.872000,
policy_only,3,4,perf-policy_only-r003-20260818T051222Z,loan_to_credit,2,173,200,16.050000,
policy_only,3,4,perf-policy_only-r003-20260818T051222Z,loan_to_credit,2,174,200,15.688400,
policy_only,3,4,perf-policy_only-r003-20260818T051222Z,loan_to_credit,2,175,200,16.218100,
policy_only,3,4,perf-policy_only-r003-20260818T051222Z,loan_to_credit,2,176,200,15.981500,
policy_only,3,4,perf-policy_only-r003-20260818T051222Z,loan_to_credit,2,177,200,16.127500,
policy_only,3,4,perf-policy_only-r003-20260818T051222Z,loan_to_credit,2,178,200,15.650000,
policy_only,3,4,perf-policy_only-r003-20260818T051222Z,loan_to_credit,2,179,200,16.463100,
policy_only,3,4,perf-policy_only-r003-20260818T051222Z,loan_to_credit,2,180,200,16.577000,
policy_only,3,4,perf-policy_only-r003-20260818T051222Z,loan_to_credit,2,181,200,15.566000,
policy_only,3,4,perf-policy_only-r003-20260818T051222Z,loan_to_credit,2,182,200,16.196100,
policy_only,3,4,perf-policy_only-r003-20260818T051222Z,loan_to_credit,2,183,200,16.125100,
policy_only,3,4,perf-policy_only-r003-20260818T051222Z,loan_to_credit,2,184,200,15.863300,
policy_only,3,4,perf-policy_only-r003-20260818T051222Z,loan_to_credit,2,185,200,15.560500,
policy_only,3,4,perf-policy_only-r003-20260818T051222Z,loan_to_credit,2,186,200,16.254000,
policy_only,3,4,perf-policy_only-r003-20260818T051222Z,loan_to_credit,2,187,200,15.974600,
policy_only,3,4,perf-policy_only-r003-20260818T051222Z,loan_to_credit,2,188,200,15.927000,
policy_only,3,4,perf-policy_only-r003-20260818T051222Z,loan_to_credit,2,189,200,16.793600,
policy_only,3,4,perf-policy_only-r003-20260818T051222Z,loan_to_credit,2,190,200,16.945400,
policy_only,3,4,perf-policy_only-r003-20260818T051222Z,loan_to_credit,2,191,200,15.715700,
policy_only,3,4,perf-policy_only-r003-20260818T051222Z,loan_to_credit,2,192,200,15.879100,
policy_only,3,4,perf-policy_only-r003-20260818T051222Z,loan_to_credit,2,193,200,16.805600,
policy_only,3,4,perf-policy_only-r003-20260818T051222Z,loan_to_credit,2,194,200,16.059500,
policy_only,3,4,perf-policy_only-r003-20260818T051222Z,loan_to_credit,2,195,200,18.243800,
policy_only,3,4,perf-policy_only-r003-20260818T051222Z,loan_to_credit,2,196,200,17.115100,
policy_only,3,4,perf-policy_only-r003-20260818T051222Z,loan_to_credit,2,197,200,17.921400,
policy_only,3,4,perf-policy_only-r003-20260818T051222Z,loan_to_credit,2,198,200,16.381700,
policy_only,3,4,perf-policy_only-r003-20260818T051222Z,loan_to_credit,2,199,200,15.723900,
policy_only,3,4,perf-policy_only-r003-20260818T051222Z,loan_to_credit,2,200,200,15.392100,
policy_only,3,4,perf-policy_only-r003-20260818T051222Z,loan_to_credit,3,1,200,15.877800,
policy_only,3,4,perf-policy_only-r003-20260818T051222Z,loan_to_credit,3,2,200,17.471700,
policy_only,3,4,perf-policy_only-r003-20260818T051222Z,loan_to_credit,3,3,200,17.276200,
policy_only,3,4,perf-policy_only-r003-20260818T051222Z,loan_to_credit,3,4,200,16.771700,
policy_only,3,4,perf-policy_only-r003-20260818T051222Z,loan_to_credit,3,5,200,16.685100,
policy_only,3,4,perf-policy_only-r003-20260818T051222Z,loan_to_credit,3,6,200,16.078900,
policy_only,3,4,perf-policy_only-r003-20260818T051222Z,loan_to_credit,3,7,200,17.228500,
policy_only,3,4,perf-policy_only-r003-20260818T051222Z,loan_to_credit,3,8,200,16.506600,
policy_only,3,4,perf-policy_only-r003-20260818T051222Z,loan_to_credit,3,9,200,15.815900,
policy_only,3,4,perf-policy_only-r003-20260818T051222Z,loan_to_credit,3,10,200,16.154500,
policy_only,3,4,perf-policy_only-r003-20260818T051222Z,loan_to_credit,3,11,200,15.804000,
policy_only,3,4,perf-policy_only-r003-20260818T051222Z,loan_to_credit,3,12,200,15.985400,
policy_only,3,4,perf-policy_only-r003-20260818T051222Z,loan_to_credit,3,13,200,16.031000,
policy_only,3,4,perf-policy_only-r003-20260818T051222Z,loan_to_credit,3,14,200,15.850100,
policy_only,3,4,perf-policy_only-r003-20260818T051222Z,loan_to_credit,3,15,200,15.989900,
policy_only,3,4,perf-policy_only-r003-20260818T051222Z,loan_to_credit,3,16,200,16.170800,
policy_only,3,4,perf-policy_only-r003-20260818T051222Z,loan_to_credit,3,17,200,16.886500,
policy_only,3,4,perf-policy_only-r003-20260818T051222Z,loan_to_credit,3,18,200,15.957300,
policy_only,3,4,perf-policy_only-r003-20260818T051222Z,loan_to_credit,3,19,200,15.736800,
policy_only,3,4,perf-policy_only-r003-20260818T051222Z,loan_to_credit,3,20,200,16.409700,
policy_only,3,4,perf-policy_only-r003-20260818T051222Z,loan_to_credit,3,21,200,16.561100,
policy_only,3,4,perf-policy_only-r003-20260818T051222Z,loan_to_credit,3,22,200,16.482100,
policy_only,3,4,perf-policy_only-r003-20260818T051222Z,loan_to_credit,3,23,200,15.948700,
policy_only,3,4,perf-policy_only-r003-20260818T051222Z,loan_to_credit,3,24,200,17.360500,
policy_only,3,4,perf-policy_only-r003-20260818T051222Z,loan_to_credit,3,25,200,16.356000,
policy_only,3,4,perf-policy_only-r003-20260818T051222Z,loan_to_credit,3,26,200,17.656300,
policy_only,3,4,perf-policy_only-r003-20260818T051222Z,loan_to_credit,3,27,200,17.595300,
policy_only,3,4,perf-policy_only-r003-20260818T051222Z,loan_to_credit,3,28,200,16.882600,
policy_only,3,4,perf-policy_only-r003-20260818T051222Z,loan_to_credit,3,29,200,15.926600,
policy_only,3,4,perf-policy_only-r003-20260818T051222Z,loan_to_credit,3,30,200,15.729400,
policy_only,3,4,perf-policy_only-r003-20260818T051222Z,loan_to_credit,3,31,200,15.869100,
policy_only,3,4,perf-policy_only-r003-20260818T051222Z,loan_to_credit,3,32,200,16.676800,
policy_only,3,4,perf-policy_only-r003-20260818T051222Z,loan_to_credit,3,33,200,16.262700,
policy_only,3,4,perf-policy_only-r003-20260818T051222Z,loan_to_credit,3,34,200,15.962200,
policy_only,3,4,perf-policy_only-r003-20260818T051222Z,loan_to_credit,3,35,200,17.040200,
policy_only,3,4,perf-policy_only-r003-20260818T051222Z,loan_to_credit,3,36,200,16.297300,
policy_only,3,4,perf-policy_only-r003-20260818T051222Z,loan_to_credit,3,37,200,15.778700,
policy_only,3,4,perf-policy_only-r003-20260818T051222Z,loan_to_credit,3,38,200,16.654600,
policy_only,3,4,perf-policy_only-r003-20260818T051222Z,loan_to_credit,3,39,200,16.258200,
policy_only,3,4,perf-policy_only-r003-20260818T051222Z,loan_to_credit,3,40,200,15.953000,
policy_only,3,4,perf-policy_only-r003-20260818T051222Z,loan_to_credit,3,41,200,16.241300,
policy_only,3,4,perf-policy_only-r003-20260818T051222Z,loan_to_credit,3,42,200,15.590800,
policy_only,3,4,perf-policy_only-r003-20260818T051222Z,loan_to_credit,3,43,200,15.151900,
policy_only,3,4,perf-policy_only-r003-20260818T051222Z,loan_to_credit,3,44,200,16.327000,
policy_only,3,4,perf-policy_only-r003-20260818T051222Z,loan_to_credit,3,45,200,15.287800,
policy_only,3,4,perf-policy_only-r003-20260818T051222Z,loan_to_credit,3,46,200,15.377500,
policy_only,3,4,perf-policy_only-r003-20260818T051222Z,loan_to_credit,3,47,200,15.979400,
policy_only,3,4,perf-policy_only-r003-20260818T051222Z,loan_to_credit,3,48,200,15.751900,
policy_only,3,4,perf-policy_only-r003-20260818T051222Z,loan_to_credit,3,49,200,15.188500,
policy_only,3,4,perf-policy_only-r003-20260818T051222Z,loan_to_credit,3,50,200,16.043900,
policy_only,3,4,perf-policy_only-r003-20260818T051222Z,loan_to_credit,3,51,200,15.956000,
policy_only,3,4,perf-policy_only-r003-20260818T051222Z,loan_to_credit,3,52,200,16.024400,
policy_only,3,4,perf-policy_only-r003-20260818T051222Z,loan_to_credit,3,53,200,15.984300,
policy_only,3,4,perf-policy_only-r003-20260818T051222Z,loan_to_credit,3,54,200,15.691900,
policy_only,3,4,perf-policy_only-r003-20260818T051222Z,loan_to_credit,3,55,200,15.001300,
policy_only,3,4,perf-policy_only-r003-20260818T051222Z,loan_to_credit,3,56,200,17.273500,
policy_only,3,4,perf-policy_only-r003-20260818T051222Z,loan_to_credit,3,57,200,17.069100,
policy_only,3,4,perf-policy_only-r003-20260818T051222Z,loan_to_credit,3,58,200,17.080000,
policy_only,3,4,perf-policy_only-r003-20260818T051222Z,loan_to_credit,3,59,200,17.074200,
policy_only,3,4,perf-policy_only-r003-20260818T051222Z,loan_to_credit,3,60,200,17.003700,
policy_only,3,4,perf-policy_only-r003-20260818T051222Z,loan_to_credit,3,61,200,16.716800,
policy_only,3,4,perf-policy_only-r003-20260818T051222Z,loan_to_credit,3,62,200,15.710300,
policy_only,3,4,perf-policy_only-r003-20260818T051222Z,loan_to_credit,3,63,200,16.138100,
policy_only,3,4,perf-policy_only-r003-20260818T051222Z,loan_to_credit,3,64,200,15.985900,
policy_only,3,4,perf-policy_only-r003-20260818T051222Z,loan_to_credit,3,65,200,16.383500,
policy_only,3,4,perf-policy_only-r003-20260818T051222Z,loan_to_credit,3,66,200,16.023300,
policy_only,3,4,perf-policy_only-r003-20260818T051222Z,loan_to_credit,3,67,200,18.542500,
policy_only,3,4,perf-policy_only-r003-20260818T051222Z,loan_to_credit,3,68,200,15.884700,
policy_only,3,4,perf-policy_only-r003-20260818T051222Z,loan_to_credit,3,69,200,15.742700,
policy_only,3,4,perf-policy_only-r003-20260818T051222Z,loan_to_credit,3,70,200,15.401200,
policy_only,3,4,perf-policy_only-r003-20260818T051222Z,loan_to_credit,3,71,200,15.455200,
policy_only,3,4,perf-policy_only-r003-20260818T051222Z,loan_to_credit,3,72,200,16.082900,
policy_only,3,4,perf-policy_only-r003-20260818T051222Z,loan_to_credit,3,73,200,16.196800,
policy_only,3,4,perf-policy_only-r003-20260818T051222Z,loan_to_credit,3,74,200,15.878100,
policy_only,3,4,perf-policy_only-r003-20260818T051222Z,loan_to_credit,3,75,200,16.083800,
policy_only,3,4,perf-policy_only-r003-20260818T051222Z,loan_to_credit,3,76,200,15.919200,
policy_only,3,4,perf-policy_only-r003-20260818T051222Z,loan_to_credit,3,77,200,16.160300,
policy_only,3,4,perf-policy_only-r003-20260818T051222Z,loan_to_credit,3,78,200,16.061300,
policy_only,3,4,perf-policy_only-r003-20260818T051222Z,loan_to_credit,3,79,200,16.671300,
policy_only,3,4,perf-policy_only-r003-20260818T051222Z,loan_to_credit,3,80,200,16.126700,
policy_only,3,4,perf-policy_only-r003-20260818T051222Z,loan_to_credit,3,81,200,15.907300,
policy_only,3,4,perf-policy_only-r003-20260818T051222Z,loan_to_credit,3,82,200,16.198200,
policy_only,3,4,perf-policy_only-r003-20260818T051222Z,loan_to_credit,3,83,200,16.118400,
policy_only,3,4,perf-policy_only-r003-20260818T051222Z,loan_to_credit,3,84,200,15.937100,
policy_only,3,4,perf-policy_only-r003-20260818T051222Z,loan_to_credit,3,85,200,15.769400,
policy_only,3,4,perf-policy_only-r003-20260818T051222Z,loan_to_credit,3,86,200,16.120000,
policy_only,3,4,perf-policy_only-r003-20260818T051222Z,loan_to_credit,3,87,200,15.928100,
policy_only,3,4,perf-policy_only-r003-20260818T051222Z,loan_to_credit,3,88,200,16.091800,
policy_only,3,4,perf-policy_only-r003-20260818T051222Z,loan_to_credit,3,89,200,16.840300,
policy_only,3,4,perf-policy_only-r003-20260818T051222Z,loan_to_credit,3,90,200,17.093800,
policy_only,3,4,perf-policy_only-r003-20260818T051222Z,loan_to_credit,3,91,200,16.797800,
policy_only,3,4,perf-policy_only-r003-20260818T051222Z,loan_to_credit,3,92,200,16.184900,
policy_only,3,4,perf-policy_only-r003-20260818T051222Z,loan_to_credit,3,93,200,15.481900,
policy_only,3,4,perf-policy_only-r003-20260818T051222Z,loan_to_credit,3,94,200,15.128600,
policy_only,3,4,perf-policy_only-r003-20260818T051222Z,loan_to_credit,3,95,200,15.974700,
policy_only,3,4,perf-policy_only-r003-20260818T051222Z,loan_to_credit,3,96,200,17.020200,
policy_only,3,4,perf-policy_only-r003-20260818T051222Z,loan_to_credit,3,97,200,15.921600,
policy_only,3,4,perf-policy_only-r003-20260818T051222Z,loan_to_credit,3,98,200,17.769800,
policy_only,3,4,perf-policy_only-r003-20260818T051222Z,loan_to_credit,3,99,200,15.636000,
policy_only,3,4,perf-policy_only-r003-20260818T051222Z,loan_to_credit,3,100,200,15.620500,
policy_only,3,4,perf-policy_only-r003-20260818T051222Z,loan_to_credit,3,101,200,16.291400,
policy_only,3,4,perf-policy_only-r003-20260818T051222Z,loan_to_credit,3,102,200,15.684600,
policy_only,3,4,perf-policy_only-r003-20260818T051222Z,loan_to_credit,3,103,200,16.391000,
policy_only,3,4,perf-policy_only-r003-20260818T051222Z,loan_to_credit,3,104,200,16.888300,
policy_only,3,4,perf-policy_only-r003-20260818T051222Z,loan_to_credit,3,105,200,15.854700,
policy_only,3,4,perf-policy_only-r003-20260818T051222Z,loan_to_credit,3,106,200,17.076800,
policy_only,3,4,perf-policy_only-r003-20260818T051222Z,loan_to_credit,3,107,200,16.848700,
policy_only,3,4,perf-policy_only-r003-20260818T051222Z,loan_to_credit,3,108,200,15.549300,
policy_only,3,4,perf-policy_only-r003-20260818T051222Z,loan_to_credit,3,109,200,15.888700,
policy_only,3,4,perf-policy_only-r003-20260818T051222Z,loan_to_credit,3,110,200,16.048500,
policy_only,3,4,perf-policy_only-r003-20260818T051222Z,loan_to_credit,3,111,200,16.158200,
policy_only,3,4,perf-policy_only-r003-20260818T051222Z,loan_to_credit,3,112,200,15.954700,
policy_only,3,4,perf-policy_only-r003-20260818T051222Z,loan_to_credit,3,113,200,16.046100,
policy_only,3,4,perf-policy_only-r003-20260818T051222Z,loan_to_credit,3,114,200,16.704900,
policy_only,3,4,perf-policy_only-r003-20260818T051222Z,loan_to_credit,3,115,200,15.952300,
policy_only,3,4,perf-policy_only-r003-20260818T051222Z,loan_to_credit,3,116,200,16.273000,
policy_only,3,4,perf-policy_only-r003-20260818T051222Z,loan_to_credit,3,117,200,16.321600,
policy_only,3,4,perf-policy_only-r003-20260818T051222Z,loan_to_credit,3,118,200,16.349800,
policy_only,3,4,perf-policy_only-r003-20260818T051222Z,loan_to_credit,3,119,200,17.132200,
policy_only,3,4,perf-policy_only-r003-20260818T051222Z,loan_to_credit,3,120,200,17.850000,
policy_only,3,4,perf-policy_only-r003-20260818T051222Z,loan_to_credit,3,121,200,16.509100,
policy_only,3,4,perf-policy_only-r003-20260818T051222Z,loan_to_credit,3,122,200,16.842800,
policy_only,3,4,perf-policy_only-r003-20260818T051222Z,loan_to_credit,3,123,200,17.269100,
policy_only,3,4,perf-policy_only-r003-20260818T051222Z,loan_to_credit,3,124,200,16.751400,
policy_only,3,4,perf-policy_only-r003-20260818T051222Z,loan_to_credit,3,125,200,16.926000,
policy_only,3,4,perf-policy_only-r003-20260818T051222Z,loan_to_credit,3,126,200,16.213100,
policy_only,3,4,perf-policy_only-r003-20260818T051222Z,loan_to_credit,3,127,200,15.603900,
policy_only,3,4,perf-policy_only-r003-20260818T051222Z,loan_to_credit,3,128,200,15.154000,
policy_only,3,4,perf-policy_only-r003-20260818T051222Z,loan_to_credit,3,129,200,16.544200,
policy_only,3,4,perf-policy_only-r003-20260818T051222Z,loan_to_credit,3,130,200,16.602000,
policy_only,3,4,perf-policy_only-r003-20260818T051222Z,loan_to_credit,3,131,200,15.867000,
policy_only,3,4,perf-policy_only-r003-20260818T051222Z,loan_to_credit,3,132,200,20.174700,
policy_only,3,4,perf-policy_only-r003-20260818T051222Z,loan_to_credit,3,133,200,16.662600,
policy_only,3,4,perf-policy_only-r003-20260818T051222Z,loan_to_credit,3,134,200,16.157100,
policy_only,3,4,perf-policy_only-r003-20260818T051222Z,loan_to_credit,3,135,200,17.192100,
policy_only,3,4,perf-policy_only-r003-20260818T051222Z,loan_to_credit,3,136,200,16.570800,
policy_only,3,4,perf-policy_only-r003-20260818T051222Z,loan_to_credit,3,137,200,16.034800,
policy_only,3,4,perf-policy_only-r003-20260818T051222Z,loan_to_credit,3,138,200,15.841100,
policy_only,3,4,perf-policy_only-r003-20260818T051222Z,loan_to_credit,3,139,200,16.043600,
policy_only,3,4,perf-policy_only-r003-20260818T051222Z,loan_to_credit,3,140,200,16.175200,
policy_only,3,4,perf-policy_only-r003-20260818T051222Z,loan_to_credit,3,141,200,16.537800,
policy_only,3,4,perf-policy_only-r003-20260818T051222Z,loan_to_credit,3,142,200,16.530000,
policy_only,3,4,perf-policy_only-r003-20260818T051222Z,loan_to_credit,3,143,200,16.500400,
policy_only,3,4,perf-policy_only-r003-20260818T051222Z,loan_to_credit,3,144,200,16.519400,
policy_only,3,4,perf-policy_only-r003-20260818T051222Z,loan_to_credit,3,145,200,16.770200,
policy_only,3,4,perf-policy_only-r003-20260818T051222Z,loan_to_credit,3,146,200,15.940300,
policy_only,3,4,perf-policy_only-r003-20260818T051222Z,loan_to_credit,3,147,200,15.842200,
policy_only,3,4,perf-policy_only-r003-20260818T051222Z,loan_to_credit,3,148,200,16.000500,
policy_only,3,4,perf-policy_only-r003-20260818T051222Z,loan_to_credit,3,149,200,16.212300,
policy_only,3,4,perf-policy_only-r003-20260818T051222Z,loan_to_credit,3,150,200,15.980100,
policy_only,3,4,perf-policy_only-r003-20260818T051222Z,loan_to_credit,3,151,200,15.816000,
policy_only,3,4,perf-policy_only-r003-20260818T051222Z,loan_to_credit,3,152,200,16.886800,
policy_only,3,4,perf-policy_only-r003-20260818T051222Z,loan_to_credit,3,153,200,16.930500,
policy_only,3,4,perf-policy_only-r003-20260818T051222Z,loan_to_credit,3,154,200,17.709900,
policy_only,3,4,perf-policy_only-r003-20260818T051222Z,loan_to_credit,3,155,200,17.019300,
policy_only,3,4,perf-policy_only-r003-20260818T051222Z,loan_to_credit,3,156,200,17.877400,
policy_only,3,4,perf-policy_only-r003-20260818T051222Z,loan_to_credit,3,157,200,17.026700,
policy_only,3,4,perf-policy_only-r003-20260818T051222Z,loan_to_credit,3,158,200,16.464700,
policy_only,3,4,perf-policy_only-r003-20260818T051222Z,loan_to_credit,3,159,200,16.349600,
policy_only,3,4,perf-policy_only-r003-20260818T051222Z,loan_to_credit,3,160,200,16.916500,
policy_only,3,4,perf-policy_only-r003-20260818T051222Z,loan_to_credit,3,161,200,18.086400,
policy_only,3,4,perf-policy_only-r003-20260818T051222Z,loan_to_credit,3,162,200,17.456100,
policy_only,3,4,perf-policy_only-r003-20260818T051222Z,loan_to_credit,3,163,200,16.120000,
policy_only,3,4,perf-policy_only-r003-20260818T051222Z,loan_to_credit,3,164,200,17.476500,
policy_only,3,4,perf-policy_only-r003-20260818T051222Z,loan_to_credit,3,165,200,17.925100,
policy_only,3,4,perf-policy_only-r003-20260818T051222Z,loan_to_credit,3,166,200,16.847500,
policy_only,3,4,perf-policy_only-r003-20260818T051222Z,loan_to_credit,3,167,200,16.769500,
policy_only,3,4,perf-policy_only-r003-20260818T051222Z,loan_to_credit,3,168,200,15.680400,
policy_only,3,4,perf-policy_only-r003-20260818T051222Z,loan_to_credit,3,169,200,16.027400,
policy_only,3,4,perf-policy_only-r003-20260818T051222Z,loan_to_credit,3,170,200,16.046800,
policy_only,3,4,perf-policy_only-r003-20260818T051222Z,loan_to_credit,3,171,200,15.851300,
policy_only,3,4,perf-policy_only-r003-20260818T051222Z,loan_to_credit,3,172,200,17.073600,
policy_only,3,4,perf-policy_only-r003-20260818T051222Z,loan_to_credit,3,173,200,15.548000,
policy_only,3,4,perf-policy_only-r003-20260818T051222Z,loan_to_credit,3,174,200,15.554600,
policy_only,3,4,perf-policy_only-r003-20260818T051222Z,loan_to_credit,3,175,200,15.646800,
policy_only,3,4,perf-policy_only-r003-20260818T051222Z,loan_to_credit,3,176,200,16.027900,
policy_only,3,4,perf-policy_only-r003-20260818T051222Z,loan_to_credit,3,177,200,15.991000,
policy_only,3,4,perf-policy_only-r003-20260818T051222Z,loan_to_credit,3,178,200,15.986100,
policy_only,3,4,perf-policy_only-r003-20260818T051222Z,loan_to_credit,3,179,200,15.895700,
policy_only,3,4,perf-policy_only-r003-20260818T051222Z,loan_to_credit,3,180,200,17.516700,
policy_only,3,4,perf-policy_only-r003-20260818T051222Z,loan_to_credit,3,181,200,15.304500,
policy_only,3,4,perf-policy_only-r003-20260818T051222Z,loan_to_credit,3,182,200,15.598200,
policy_only,3,4,perf-policy_only-r003-20260818T051222Z,loan_to_credit,3,183,200,16.626100,
policy_only,3,4,perf-policy_only-r003-20260818T051222Z,loan_to_credit,3,184,200,17.818200,
policy_only,3,4,perf-policy_only-r003-20260818T051222Z,loan_to_credit,3,185,200,17.447000,
policy_only,3,4,perf-policy_only-r003-20260818T051222Z,loan_to_credit,3,186,200,16.798100,
policy_only,3,4,perf-policy_only-r003-20260818T051222Z,loan_to_credit,3,187,200,16.977400,
policy_only,3,4,perf-policy_only-r003-20260818T051222Z,loan_to_credit,3,188,200,15.773400,
policy_only,3,4,perf-policy_only-r003-20260818T051222Z,loan_to_credit,3,189,200,16.106600,
policy_only,3,4,perf-policy_only-r003-20260818T051222Z,loan_to_credit,3,190,200,16.120400,
policy_only,3,4,perf-policy_only-r003-20260818T051222Z,loan_to_credit,3,191,200,16.678700,
policy_only,3,4,perf-policy_only-r003-20260818T051222Z,loan_to_credit,3,192,200,16.423100,
policy_only,3,4,perf-policy_only-r003-20260818T051222Z,loan_to_credit,3,193,200,18.675900,
policy_only,3,4,perf-policy_only-r003-20260818T051222Z,loan_to_credit,3,194,200,18.016000,
policy_only,3,4,perf-policy_only-r003-20260818T051222Z,loan_to_credit,3,195,200,17.490500,
policy_only,3,4,perf-policy_only-r003-20260818T051222Z,loan_to_credit,3,196,200,19.740000,
policy_only,3,4,perf-policy_only-r003-20260818T051222Z,loan_to_credit,3,197,200,19.263900,
policy_only,3,4,perf-policy_only-r003-20260818T051222Z,loan_to_credit,3,198,200,16.519700,
policy_only,3,4,perf-policy_only-r003-20260818T051222Z,loan_to_credit,3,199,200,16.898000,
policy_only,3,4,perf-policy_only-r003-20260818T051222Z,loan_to_credit,3,200,200,15.948100,
policy_only,3,4,perf-policy_only-r003-20260818T051222Z,loan_to_aml,1,1,200,15.751800,
policy_only,3,4,perf-policy_only-r003-20260818T051222Z,loan_to_aml,1,2,200,16.551100,
policy_only,3,4,perf-policy_only-r003-20260818T051222Z,loan_to_aml,1,3,200,16.809100,
policy_only,3,4,perf-policy_only-r003-20260818T051222Z,loan_to_aml,1,4,200,16.893900,
policy_only,3,4,perf-policy_only-r003-20260818T051222Z,loan_to_aml,1,5,200,16.777600,
policy_only,3,4,perf-policy_only-r003-20260818T051222Z,loan_to_aml,1,6,200,17.206100,
policy_only,3,4,perf-policy_only-r003-20260818T051222Z,loan_to_aml,1,7,200,16.992800,
policy_only,3,4,perf-policy_only-r003-20260818T051222Z,loan_to_aml,1,8,200,17.109300,
policy_only,3,4,perf-policy_only-r003-20260818T051222Z,loan_to_aml,1,9,200,16.533500,
policy_only,3,4,perf-policy_only-r003-20260818T051222Z,loan_to_aml,1,10,200,17.530200,
policy_only,3,4,perf-policy_only-r003-20260818T051222Z,loan_to_aml,1,11,200,16.813700,
policy_only,3,4,perf-policy_only-r003-20260818T051222Z,loan_to_aml,1,12,200,17.021300,
policy_only,3,4,perf-policy_only-r003-20260818T051222Z,loan_to_aml,1,13,200,16.792200,
policy_only,3,4,perf-policy_only-r003-20260818T051222Z,loan_to_aml,1,14,200,17.226500,
policy_only,3,4,perf-policy_only-r003-20260818T051222Z,loan_to_aml,1,15,200,16.659300,
policy_only,3,4,perf-policy_only-r003-20260818T051222Z,loan_to_aml,1,16,200,17.547300,
policy_only,3,4,perf-policy_only-r003-20260818T051222Z,loan_to_aml,1,17,200,17.815800,
policy_only,3,4,perf-policy_only-r003-20260818T051222Z,loan_to_aml,1,18,200,17.638800,
policy_only,3,4,perf-policy_only-r003-20260818T051222Z,loan_to_aml,1,19,200,16.812300,
policy_only,3,4,perf-policy_only-r003-20260818T051222Z,loan_to_aml,1,20,200,16.433800,
policy_only,3,4,perf-policy_only-r003-20260818T051222Z,loan_to_aml,1,21,200,17.741500,
policy_only,3,4,perf-policy_only-r003-20260818T051222Z,loan_to_aml,1,22,200,18.141400,
policy_only,3,4,perf-policy_only-r003-20260818T051222Z,loan_to_aml,1,23,200,16.549000,
policy_only,3,4,perf-policy_only-r003-20260818T051222Z,loan_to_aml,1,24,200,17.875500,
policy_only,3,4,perf-policy_only-r003-20260818T051222Z,loan_to_aml,1,25,200,17.580600,
policy_only,3,4,perf-policy_only-r003-20260818T051222Z,loan_to_aml,1,26,200,19.354000,
policy_only,3,4,perf-policy_only-r003-20260818T051222Z,loan_to_aml,1,27,200,17.904800,
policy_only,3,4,perf-policy_only-r003-20260818T051222Z,loan_to_aml,1,28,200,20.084200,
policy_only,3,4,perf-policy_only-r003-20260818T051222Z,loan_to_aml,1,29,200,19.953100,
policy_only,3,4,perf-policy_only-r003-20260818T051222Z,loan_to_aml,1,30,200,21.955100,
policy_only,3,4,perf-policy_only-r003-20260818T051222Z,loan_to_aml,1,31,200,17.805500,
policy_only,3,4,perf-policy_only-r003-20260818T051222Z,loan_to_aml,1,32,200,18.583900,
policy_only,3,4,perf-policy_only-r003-20260818T051222Z,loan_to_aml,1,33,200,17.613300,
policy_only,3,4,perf-policy_only-r003-20260818T051222Z,loan_to_aml,1,34,200,21.123700,
policy_only,3,4,perf-policy_only-r003-20260818T051222Z,loan_to_aml,1,35,200,24.288400,
policy_only,3,4,perf-policy_only-r003-20260818T051222Z,loan_to_aml,1,36,200,18.832100,
policy_only,3,4,perf-policy_only-r003-20260818T051222Z,loan_to_aml,1,37,200,21.590800,
policy_only,3,4,perf-policy_only-r003-20260818T051222Z,loan_to_aml,1,38,200,20.903600,
policy_only,3,4,perf-policy_only-r003-20260818T051222Z,loan_to_aml,1,39,200,19.418600,
policy_only,3,4,perf-policy_only-r003-20260818T051222Z,loan_to_aml,1,40,200,19.602200,
policy_only,3,4,perf-policy_only-r003-20260818T051222Z,loan_to_aml,1,41,200,17.657500,
policy_only,3,4,perf-policy_only-r003-20260818T051222Z,loan_to_aml,1,42,200,18.075500,
policy_only,3,4,perf-policy_only-r003-20260818T051222Z,loan_to_aml,1,43,200,18.147000,
policy_only,3,4,perf-policy_only-r003-20260818T051222Z,loan_to_aml,1,44,200,19.880100,
policy_only,3,4,perf-policy_only-r003-20260818T051222Z,loan_to_aml,1,45,200,19.425500,
policy_only,3,4,perf-policy_only-r003-20260818T051222Z,loan_to_aml,1,46,200,18.397100,
policy_only,3,4,perf-policy_only-r003-20260818T051222Z,loan_to_aml,1,47,200,18.992600,
policy_only,3,4,perf-policy_only-r003-20260818T051222Z,loan_to_aml,1,48,200,19.408700,
policy_only,3,4,perf-policy_only-r003-20260818T051222Z,loan_to_aml,1,49,200,17.810900,
policy_only,3,4,perf-policy_only-r003-20260818T051222Z,loan_to_aml,1,50,200,20.625900,
policy_only,3,4,perf-policy_only-r003-20260818T051222Z,loan_to_aml,1,51,200,19.252300,
policy_only,3,4,perf-policy_only-r003-20260818T051222Z,loan_to_aml,1,52,200,18.145800,
policy_only,3,4,perf-policy_only-r003-20260818T051222Z,loan_to_aml,1,53,200,18.141700,
policy_only,3,4,perf-policy_only-r003-20260818T051222Z,loan_to_aml,1,54,200,17.118400,
policy_only,3,4,perf-policy_only-r003-20260818T051222Z,loan_to_aml,1,55,200,17.012800,
policy_only,3,4,perf-policy_only-r003-20260818T051222Z,loan_to_aml,1,56,200,16.701100,
policy_only,3,4,perf-policy_only-r003-20260818T051222Z,loan_to_aml,1,57,200,15.854400,
policy_only,3,4,perf-policy_only-r003-20260818T051222Z,loan_to_aml,1,58,200,15.990900,
policy_only,3,4,perf-policy_only-r003-20260818T051222Z,loan_to_aml,1,59,200,16.854600,
policy_only,3,4,perf-policy_only-r003-20260818T051222Z,loan_to_aml,1,60,200,16.305900,
policy_only,3,4,perf-policy_only-r003-20260818T051222Z,loan_to_aml,1,61,200,16.987800,
policy_only,3,4,perf-policy_only-r003-20260818T051222Z,loan_to_aml,1,62,200,16.276900,
policy_only,3,4,perf-policy_only-r003-20260818T051222Z,loan_to_aml,1,63,200,16.721500,
policy_only,3,4,perf-policy_only-r003-20260818T051222Z,loan_to_aml,1,64,200,17.119500,
policy_only,3,4,perf-policy_only-r003-20260818T051222Z,loan_to_aml,1,65,200,16.489500,
policy_only,3,4,perf-policy_only-r003-20260818T051222Z,loan_to_aml,1,66,200,15.993000,
policy_only,3,4,perf-policy_only-r003-20260818T051222Z,loan_to_aml,1,67,200,15.985300,
policy_only,3,4,perf-policy_only-r003-20260818T051222Z,loan_to_aml,1,68,200,16.009500,
policy_only,3,4,perf-policy_only-r003-20260818T051222Z,loan_to_aml,1,69,200,14.712200,
policy_only,3,4,perf-policy_only-r003-20260818T051222Z,loan_to_aml,1,70,200,16.034200,
policy_only,3,4,perf-policy_only-r003-20260818T051222Z,loan_to_aml,1,71,200,15.247100,
policy_only,3,4,perf-policy_only-r003-20260818T051222Z,loan_to_aml,1,72,200,17.071400,
policy_only,3,4,perf-policy_only-r003-20260818T051222Z,loan_to_aml,1,73,200,16.353700,
policy_only,3,4,perf-policy_only-r003-20260818T051222Z,loan_to_aml,1,74,200,16.409200,
policy_only,3,4,perf-policy_only-r003-20260818T051222Z,loan_to_aml,1,75,200,15.891000,
policy_only,3,4,perf-policy_only-r003-20260818T051222Z,loan_to_aml,1,76,200,16.492400,
policy_only,3,4,perf-policy_only-r003-20260818T051222Z,loan_to_aml,1,77,200,15.255300,
policy_only,3,4,perf-policy_only-r003-20260818T051222Z,loan_to_aml,1,78,200,16.509400,
policy_only,3,4,perf-policy_only-r003-20260818T051222Z,loan_to_aml,1,79,200,16.076800,
policy_only,3,4,perf-policy_only-r003-20260818T051222Z,loan_to_aml,1,80,200,16.077100,
policy_only,3,4,perf-policy_only-r003-20260818T051222Z,loan_to_aml,1,81,200,16.897500,
policy_only,3,4,perf-policy_only-r003-20260818T051222Z,loan_to_aml,1,82,200,16.829100,
policy_only,3,4,perf-policy_only-r003-20260818T051222Z,loan_to_aml,1,83,200,16.247100,
policy_only,3,4,perf-policy_only-r003-20260818T051222Z,loan_to_aml,1,84,200,17.719800,
policy_only,3,4,perf-policy_only-r003-20260818T051222Z,loan_to_aml,1,85,200,17.722400,
policy_only,3,4,perf-policy_only-r003-20260818T051222Z,loan_to_aml,1,86,200,16.388200,
policy_only,3,4,perf-policy_only-r003-20260818T051222Z,loan_to_aml,1,87,200,15.827500,
policy_only,3,4,perf-policy_only-r003-20260818T051222Z,loan_to_aml,1,88,200,15.802400,
policy_only,3,4,perf-policy_only-r003-20260818T051222Z,loan_to_aml,1,89,200,16.213500,
policy_only,3,4,perf-policy_only-r003-20260818T051222Z,loan_to_aml,1,90,200,17.250300,
policy_only,3,4,perf-policy_only-r003-20260818T051222Z,loan_to_aml,1,91,200,15.862300,
policy_only,3,4,perf-policy_only-r003-20260818T051222Z,loan_to_aml,1,92,200,15.484800,
policy_only,3,4,perf-policy_only-r003-20260818T051222Z,loan_to_aml,1,93,200,16.102800,
policy_only,3,4,perf-policy_only-r003-20260818T051222Z,loan_to_aml,1,94,200,15.896000,
policy_only,3,4,perf-policy_only-r003-20260818T051222Z,loan_to_aml,1,95,200,15.806200,
policy_only,3,4,perf-policy_only-r003-20260818T051222Z,loan_to_aml,1,96,200,16.085500,
policy_only,3,4,perf-policy_only-r003-20260818T051222Z,loan_to_aml,1,97,200,16.028500,
policy_only,3,4,perf-policy_only-r003-20260818T051222Z,loan_to_aml,1,98,200,15.076900,
policy_only,3,4,perf-policy_only-r003-20260818T051222Z,loan_to_aml,1,99,200,15.931100,
policy_only,3,4,perf-policy_only-r003-20260818T051222Z,loan_to_aml,1,100,200,15.933000,
policy_only,3,4,perf-policy_only-r003-20260818T051222Z,loan_to_aml,1,101,200,16.480900,
policy_only,3,4,perf-policy_only-r003-20260818T051222Z,loan_to_aml,1,102,200,17.435200,
policy_only,3,4,perf-policy_only-r003-20260818T051222Z,loan_to_aml,1,103,200,16.080300,
policy_only,3,4,perf-policy_only-r003-20260818T051222Z,loan_to_aml,1,104,200,16.321200,
policy_only,3,4,perf-policy_only-r003-20260818T051222Z,loan_to_aml,1,105,200,15.658600,
policy_only,3,4,perf-policy_only-r003-20260818T051222Z,loan_to_aml,1,106,200,15.939000,
policy_only,3,4,perf-policy_only-r003-20260818T051222Z,loan_to_aml,1,107,200,16.022900,
policy_only,3,4,perf-policy_only-r003-20260818T051222Z,loan_to_aml,1,108,200,15.813900,
policy_only,3,4,perf-policy_only-r003-20260818T051222Z,loan_to_aml,1,109,200,16.457700,
policy_only,3,4,perf-policy_only-r003-20260818T051222Z,loan_to_aml,1,110,200,16.135500,
policy_only,3,4,perf-policy_only-r003-20260818T051222Z,loan_to_aml,1,111,200,16.776800,
policy_only,3,4,perf-policy_only-r003-20260818T051222Z,loan_to_aml,1,112,200,15.579700,
policy_only,3,4,perf-policy_only-r003-20260818T051222Z,loan_to_aml,1,113,200,16.217900,
policy_only,3,4,perf-policy_only-r003-20260818T051222Z,loan_to_aml,1,114,200,15.862500,
policy_only,3,4,perf-policy_only-r003-20260818T051222Z,loan_to_aml,1,115,200,16.335700,
policy_only,3,4,perf-policy_only-r003-20260818T051222Z,loan_to_aml,1,116,200,16.988200,
policy_only,3,4,perf-policy_only-r003-20260818T051222Z,loan_to_aml,1,117,200,16.802500,
policy_only,3,4,perf-policy_only-r003-20260818T051222Z,loan_to_aml,1,118,200,17.010600,
policy_only,3,4,perf-policy_only-r003-20260818T051222Z,loan_to_aml,1,119,200,15.665900,
policy_only,3,4,perf-policy_only-r003-20260818T051222Z,loan_to_aml,1,120,200,16.033100,
policy_only,3,4,perf-policy_only-r003-20260818T051222Z,loan_to_aml,1,121,200,16.397500,
policy_only,3,4,perf-policy_only-r003-20260818T051222Z,loan_to_aml,1,122,200,16.232100,
policy_only,3,4,perf-policy_only-r003-20260818T051222Z,loan_to_aml,1,123,200,17.459400,
policy_only,3,4,perf-policy_only-r003-20260818T051222Z,loan_to_aml,1,124,200,15.901300,
policy_only,3,4,perf-policy_only-r003-20260818T051222Z,loan_to_aml,1,125,200,16.070800,
policy_only,3,4,perf-policy_only-r003-20260818T051222Z,loan_to_aml,1,126,200,16.057300,
policy_only,3,4,perf-policy_only-r003-20260818T051222Z,loan_to_aml,1,127,200,15.803000,
policy_only,3,4,perf-policy_only-r003-20260818T051222Z,loan_to_aml,1,128,200,16.864500,
policy_only,3,4,perf-policy_only-r003-20260818T051222Z,loan_to_aml,1,129,200,16.126300,
policy_only,3,4,perf-policy_only-r003-20260818T051222Z,loan_to_aml,1,130,200,15.819600,
policy_only,3,4,perf-policy_only-r003-20260818T051222Z,loan_to_aml,1,131,200,15.016900,
policy_only,3,4,perf-policy_only-r003-20260818T051222Z,loan_to_aml,1,132,200,15.953400,
policy_only,3,4,perf-policy_only-r003-20260818T051222Z,loan_to_aml,1,133,200,14.824900,
policy_only,3,4,perf-policy_only-r003-20260818T051222Z,loan_to_aml,1,134,200,16.365100,
policy_only,3,4,perf-policy_only-r003-20260818T051222Z,loan_to_aml,1,135,200,16.210600,
policy_only,3,4,perf-policy_only-r003-20260818T051222Z,loan_to_aml,1,136,200,17.041500,
policy_only,3,4,perf-policy_only-r003-20260818T051222Z,loan_to_aml,1,137,200,17.656300,
policy_only,3,4,perf-policy_only-r003-20260818T051222Z,loan_to_aml,1,138,200,15.774900,
policy_only,3,4,perf-policy_only-r003-20260818T051222Z,loan_to_aml,1,139,200,15.844500,
policy_only,3,4,perf-policy_only-r003-20260818T051222Z,loan_to_aml,1,140,200,16.048600,
policy_only,3,4,perf-policy_only-r003-20260818T051222Z,loan_to_aml,1,141,200,16.285600,
policy_only,3,4,perf-policy_only-r003-20260818T051222Z,loan_to_aml,1,142,200,16.435300,
policy_only,3,4,perf-policy_only-r003-20260818T051222Z,loan_to_aml,1,143,200,16.848700,
policy_only,3,4,perf-policy_only-r003-20260818T051222Z,loan_to_aml,1,144,200,16.085800,
policy_only,3,4,perf-policy_only-r003-20260818T051222Z,loan_to_aml,1,145,200,16.677500,
policy_only,3,4,perf-policy_only-r003-20260818T051222Z,loan_to_aml,1,146,200,17.164000,
policy_only,3,4,perf-policy_only-r003-20260818T051222Z,loan_to_aml,1,147,200,16.642000,
policy_only,3,4,perf-policy_only-r003-20260818T051222Z,loan_to_aml,1,148,200,16.043600,
policy_only,3,4,perf-policy_only-r003-20260818T051222Z,loan_to_aml,1,149,200,15.816000,
policy_only,3,4,perf-policy_only-r003-20260818T051222Z,loan_to_aml,1,150,200,16.002300,
policy_only,3,4,perf-policy_only-r003-20260818T051222Z,loan_to_aml,1,151,200,15.843300,
policy_only,3,4,perf-policy_only-r003-20260818T051222Z,loan_to_aml,1,152,200,15.924100,
policy_only,3,4,perf-policy_only-r003-20260818T051222Z,loan_to_aml,1,153,200,16.407400,
policy_only,3,4,perf-policy_only-r003-20260818T051222Z,loan_to_aml,1,154,200,15.646800,
policy_only,3,4,perf-policy_only-r003-20260818T051222Z,loan_to_aml,1,155,200,16.029300,
policy_only,3,4,perf-policy_only-r003-20260818T051222Z,loan_to_aml,1,156,200,17.397400,
policy_only,3,4,perf-policy_only-r003-20260818T051222Z,loan_to_aml,1,157,200,17.413300,
policy_only,3,4,perf-policy_only-r003-20260818T051222Z,loan_to_aml,1,158,200,16.050900,
policy_only,3,4,perf-policy_only-r003-20260818T051222Z,loan_to_aml,1,159,200,16.053700,
policy_only,3,4,perf-policy_only-r003-20260818T051222Z,loan_to_aml,1,160,200,16.270100,
policy_only,3,4,perf-policy_only-r003-20260818T051222Z,loan_to_aml,1,161,200,16.290500,
policy_only,3,4,perf-policy_only-r003-20260818T051222Z,loan_to_aml,1,162,200,16.624700,
policy_only,3,4,perf-policy_only-r003-20260818T051222Z,loan_to_aml,1,163,200,15.793100,
policy_only,3,4,perf-policy_only-r003-20260818T051222Z,loan_to_aml,1,164,200,16.191500,
policy_only,3,4,perf-policy_only-r003-20260818T051222Z,loan_to_aml,1,165,200,16.773900,
policy_only,3,4,perf-policy_only-r003-20260818T051222Z,loan_to_aml,1,166,200,16.573100,
policy_only,3,4,perf-policy_only-r003-20260818T051222Z,loan_to_aml,1,167,200,16.464500,
policy_only,3,4,perf-policy_only-r003-20260818T051222Z,loan_to_aml,1,168,200,16.886400,
policy_only,3,4,perf-policy_only-r003-20260818T051222Z,loan_to_aml,1,169,200,16.009000,
policy_only,3,4,perf-policy_only-r003-20260818T051222Z,loan_to_aml,1,170,200,16.803600,
policy_only,3,4,perf-policy_only-r003-20260818T051222Z,loan_to_aml,1,171,200,16.056100,
policy_only,3,4,perf-policy_only-r003-20260818T051222Z,loan_to_aml,1,172,200,15.954100,
policy_only,3,4,perf-policy_only-r003-20260818T051222Z,loan_to_aml,1,173,200,16.085400,
policy_only,3,4,perf-policy_only-r003-20260818T051222Z,loan_to_aml,1,174,200,15.966800,
policy_only,3,4,perf-policy_only-r003-20260818T051222Z,loan_to_aml,1,175,200,16.279400,
policy_only,3,4,perf-policy_only-r003-20260818T051222Z,loan_to_aml,1,176,200,15.662100,
policy_only,3,4,perf-policy_only-r003-20260818T051222Z,loan_to_aml,1,177,200,17.520900,
policy_only,3,4,perf-policy_only-r003-20260818T051222Z,loan_to_aml,1,178,200,17.016000,
policy_only,3,4,perf-policy_only-r003-20260818T051222Z,loan_to_aml,1,179,200,15.840700,
policy_only,3,4,perf-policy_only-r003-20260818T051222Z,loan_to_aml,1,180,200,16.459700,
policy_only,3,4,perf-policy_only-r003-20260818T051222Z,loan_to_aml,1,181,200,17.800700,
policy_only,3,4,perf-policy_only-r003-20260818T051222Z,loan_to_aml,1,182,200,16.436200,
policy_only,3,4,perf-policy_only-r003-20260818T051222Z,loan_to_aml,1,183,200,15.887100,
policy_only,3,4,perf-policy_only-r003-20260818T051222Z,loan_to_aml,1,184,200,16.544500,
policy_only,3,4,perf-policy_only-r003-20260818T051222Z,loan_to_aml,1,185,200,16.385500,
policy_only,3,4,perf-policy_only-r003-20260818T051222Z,loan_to_aml,1,186,200,15.995500,
policy_only,3,4,perf-policy_only-r003-20260818T051222Z,loan_to_aml,1,187,200,17.290200,
policy_only,3,4,perf-policy_only-r003-20260818T051222Z,loan_to_aml,1,188,200,16.439100,
policy_only,3,4,perf-policy_only-r003-20260818T051222Z,loan_to_aml,1,189,200,15.918100,
policy_only,3,4,perf-policy_only-r003-20260818T051222Z,loan_to_aml,1,190,200,16.825700,
policy_only,3,4,perf-policy_only-r003-20260818T051222Z,loan_to_aml,1,191,200,16.130200,
policy_only,3,4,perf-policy_only-r003-20260818T051222Z,loan_to_aml,1,192,200,16.436300,
policy_only,3,4,perf-policy_only-r003-20260818T051222Z,loan_to_aml,1,193,200,15.873600,
policy_only,3,4,perf-policy_only-r003-20260818T051222Z,loan_to_aml,1,194,200,15.818600,
policy_only,3,4,perf-policy_only-r003-20260818T051222Z,loan_to_aml,1,195,200,16.315800,
policy_only,3,4,perf-policy_only-r003-20260818T051222Z,loan_to_aml,1,196,200,16.233800,
policy_only,3,4,perf-policy_only-r003-20260818T051222Z,loan_to_aml,1,197,200,16.795000,
policy_only,3,4,perf-policy_only-r003-20260818T051222Z,loan_to_aml,1,198,200,15.636400,
policy_only,3,4,perf-policy_only-r003-20260818T051222Z,loan_to_aml,1,199,200,15.991100,
policy_only,3,4,perf-policy_only-r003-20260818T051222Z,loan_to_aml,1,200,200,15.899800,
policy_only,3,4,perf-policy_only-r003-20260818T051222Z,loan_to_aml,2,1,200,14.644300,
policy_only,3,4,perf-policy_only-r003-20260818T051222Z,loan_to_aml,2,2,200,15.129300,
policy_only,3,4,perf-policy_only-r003-20260818T051222Z,loan_to_aml,2,3,200,16.254200,
policy_only,3,4,perf-policy_only-r003-20260818T051222Z,loan_to_aml,2,4,200,16.120800,
policy_only,3,4,perf-policy_only-r003-20260818T051222Z,loan_to_aml,2,5,200,16.678200,
policy_only,3,4,perf-policy_only-r003-20260818T051222Z,loan_to_aml,2,6,200,17.019800,
policy_only,3,4,perf-policy_only-r003-20260818T051222Z,loan_to_aml,2,7,200,15.907300,
policy_only,3,4,perf-policy_only-r003-20260818T051222Z,loan_to_aml,2,8,200,16.059600,
policy_only,3,4,perf-policy_only-r003-20260818T051222Z,loan_to_aml,2,9,200,16.860200,
policy_only,3,4,perf-policy_only-r003-20260818T051222Z,loan_to_aml,2,10,200,17.138000,
policy_only,3,4,perf-policy_only-r003-20260818T051222Z,loan_to_aml,2,11,200,17.150000,
policy_only,3,4,perf-policy_only-r003-20260818T051222Z,loan_to_aml,2,12,200,17.059400,
policy_only,3,4,perf-policy_only-r003-20260818T051222Z,loan_to_aml,2,13,200,15.676100,
policy_only,3,4,perf-policy_only-r003-20260818T051222Z,loan_to_aml,2,14,200,16.073000,
policy_only,3,4,perf-policy_only-r003-20260818T051222Z,loan_to_aml,2,15,200,17.190400,
policy_only,3,4,perf-policy_only-r003-20260818T051222Z,loan_to_aml,2,16,200,18.500300,
policy_only,3,4,perf-policy_only-r003-20260818T051222Z,loan_to_aml,2,17,200,18.050600,
policy_only,3,4,perf-policy_only-r003-20260818T051222Z,loan_to_aml,2,18,200,19.716300,
policy_only,3,4,perf-policy_only-r003-20260818T051222Z,loan_to_aml,2,19,200,19.339400,
policy_only,3,4,perf-policy_only-r003-20260818T051222Z,loan_to_aml,2,20,200,19.190800,
policy_only,3,4,perf-policy_only-r003-20260818T051222Z,loan_to_aml,2,21,200,19.532000,
policy_only,3,4,perf-policy_only-r003-20260818T051222Z,loan_to_aml,2,22,200,19.420900,
policy_only,3,4,perf-policy_only-r003-20260818T051222Z,loan_to_aml,2,23,200,20.485000,
policy_only,3,4,perf-policy_only-r003-20260818T051222Z,loan_to_aml,2,24,200,16.231900,
policy_only,3,4,perf-policy_only-r003-20260818T051222Z,loan_to_aml,2,25,200,16.194100,
policy_only,3,4,perf-policy_only-r003-20260818T051222Z,loan_to_aml,2,26,200,16.817500,
policy_only,3,4,perf-policy_only-r003-20260818T051222Z,loan_to_aml,2,27,200,15.930400,
policy_only,3,4,perf-policy_only-r003-20260818T051222Z,loan_to_aml,2,28,200,18.608200,
policy_only,3,4,perf-policy_only-r003-20260818T051222Z,loan_to_aml,2,29,200,16.243300,
policy_only,3,4,perf-policy_only-r003-20260818T051222Z,loan_to_aml,2,30,200,16.131200,
policy_only,3,4,perf-policy_only-r003-20260818T051222Z,loan_to_aml,2,31,200,16.126200,
policy_only,3,4,perf-policy_only-r003-20260818T051222Z,loan_to_aml,2,32,200,17.549100,
policy_only,3,4,perf-policy_only-r003-20260818T051222Z,loan_to_aml,2,33,200,18.153300,
policy_only,3,4,perf-policy_only-r003-20260818T051222Z,loan_to_aml,2,34,200,17.399000,
policy_only,3,4,perf-policy_only-r003-20260818T051222Z,loan_to_aml,2,35,200,17.036100,
policy_only,3,4,perf-policy_only-r003-20260818T051222Z,loan_to_aml,2,36,200,17.043300,
policy_only,3,4,perf-policy_only-r003-20260818T051222Z,loan_to_aml,2,37,200,16.655500,
policy_only,3,4,perf-policy_only-r003-20260818T051222Z,loan_to_aml,2,38,200,16.569000,
policy_only,3,4,perf-policy_only-r003-20260818T051222Z,loan_to_aml,2,39,200,16.942000,
policy_only,3,4,perf-policy_only-r003-20260818T051222Z,loan_to_aml,2,40,200,18.693800,
policy_only,3,4,perf-policy_only-r003-20260818T051222Z,loan_to_aml,2,41,200,16.824900,
policy_only,3,4,perf-policy_only-r003-20260818T051222Z,loan_to_aml,2,42,200,17.602000,
policy_only,3,4,perf-policy_only-r003-20260818T051222Z,loan_to_aml,2,43,200,17.164100,
policy_only,3,4,perf-policy_only-r003-20260818T051222Z,loan_to_aml,2,44,200,15.995300,
policy_only,3,4,perf-policy_only-r003-20260818T051222Z,loan_to_aml,2,45,200,15.745700,
policy_only,3,4,perf-policy_only-r003-20260818T051222Z,loan_to_aml,2,46,200,16.413900,
policy_only,3,4,perf-policy_only-r003-20260818T051222Z,loan_to_aml,2,47,200,17.740500,
policy_only,3,4,perf-policy_only-r003-20260818T051222Z,loan_to_aml,2,48,200,18.550300,
policy_only,3,4,perf-policy_only-r003-20260818T051222Z,loan_to_aml,2,49,200,18.566700,
policy_only,3,4,perf-policy_only-r003-20260818T051222Z,loan_to_aml,2,50,200,17.232600,
policy_only,3,4,perf-policy_only-r003-20260818T051222Z,loan_to_aml,2,51,200,16.971900,
policy_only,3,4,perf-policy_only-r003-20260818T051222Z,loan_to_aml,2,52,200,17.056900,
policy_only,3,4,perf-policy_only-r003-20260818T051222Z,loan_to_aml,2,53,200,17.291600,
policy_only,3,4,perf-policy_only-r003-20260818T051222Z,loan_to_aml,2,54,200,16.438500,
policy_only,3,4,perf-policy_only-r003-20260818T051222Z,loan_to_aml,2,55,200,17.308300,
policy_only,3,4,perf-policy_only-r003-20260818T051222Z,loan_to_aml,2,56,200,16.391600,
policy_only,3,4,perf-policy_only-r003-20260818T051222Z,loan_to_aml,2,57,200,15.669800,
policy_only,3,4,perf-policy_only-r003-20260818T051222Z,loan_to_aml,2,58,200,15.816700,
policy_only,3,4,perf-policy_only-r003-20260818T051222Z,loan_to_aml,2,59,200,16.460100,
policy_only,3,4,perf-policy_only-r003-20260818T051222Z,loan_to_aml,2,60,200,16.346700,
policy_only,3,4,perf-policy_only-r003-20260818T051222Z,loan_to_aml,2,61,200,15.626800,
policy_only,3,4,perf-policy_only-r003-20260818T051222Z,loan_to_aml,2,62,200,16.002800,
policy_only,3,4,perf-policy_only-r003-20260818T051222Z,loan_to_aml,2,63,200,15.880200,
policy_only,3,4,perf-policy_only-r003-20260818T051222Z,loan_to_aml,2,64,200,16.966600,
policy_only,3,4,perf-policy_only-r003-20260818T051222Z,loan_to_aml,2,65,200,16.312500,
policy_only,3,4,perf-policy_only-r003-20260818T051222Z,loan_to_aml,2,66,200,16.569900,
policy_only,3,4,perf-policy_only-r003-20260818T051222Z,loan_to_aml,2,67,200,16.213000,
policy_only,3,4,perf-policy_only-r003-20260818T051222Z,loan_to_aml,2,68,200,16.377400,
policy_only,3,4,perf-policy_only-r003-20260818T051222Z,loan_to_aml,2,69,200,16.511500,
policy_only,3,4,perf-policy_only-r003-20260818T051222Z,loan_to_aml,2,70,200,19.154400,
policy_only,3,4,perf-policy_only-r003-20260818T051222Z,loan_to_aml,2,71,200,17.470700,
policy_only,3,4,perf-policy_only-r003-20260818T051222Z,loan_to_aml,2,72,200,18.939100,
policy_only,3,4,perf-policy_only-r003-20260818T051222Z,loan_to_aml,2,73,200,17.974400,
policy_only,3,4,perf-policy_only-r003-20260818T051222Z,loan_to_aml,2,74,200,19.271900,
policy_only,3,4,perf-policy_only-r003-20260818T051222Z,loan_to_aml,2,75,200,18.438500,
policy_only,3,4,perf-policy_only-r003-20260818T051222Z,loan_to_aml,2,76,200,17.504800,
policy_only,3,4,perf-policy_only-r003-20260818T051222Z,loan_to_aml,2,77,200,17.203400,
policy_only,3,4,perf-policy_only-r003-20260818T051222Z,loan_to_aml,2,78,200,15.662700,
policy_only,3,4,perf-policy_only-r003-20260818T051222Z,loan_to_aml,2,79,200,16.500000,
policy_only,3,4,perf-policy_only-r003-20260818T051222Z,loan_to_aml,2,80,200,17.115800,
policy_only,3,4,perf-policy_only-r003-20260818T051222Z,loan_to_aml,2,81,200,17.682100,
policy_only,3,4,perf-policy_only-r003-20260818T051222Z,loan_to_aml,2,82,200,18.034500,
policy_only,3,4,perf-policy_only-r003-20260818T051222Z,loan_to_aml,2,83,200,16.579500,
policy_only,3,4,perf-policy_only-r003-20260818T051222Z,loan_to_aml,2,84,200,15.861900,
policy_only,3,4,perf-policy_only-r003-20260818T051222Z,loan_to_aml,2,85,200,17.180500,
policy_only,3,4,perf-policy_only-r003-20260818T051222Z,loan_to_aml,2,86,200,17.236500,
policy_only,3,4,perf-policy_only-r003-20260818T051222Z,loan_to_aml,2,87,200,17.725500,
policy_only,3,4,perf-policy_only-r003-20260818T051222Z,loan_to_aml,2,88,200,16.798900,
policy_only,3,4,perf-policy_only-r003-20260818T051222Z,loan_to_aml,2,89,200,17.437000,
policy_only,3,4,perf-policy_only-r003-20260818T051222Z,loan_to_aml,2,90,200,16.752700,
policy_only,3,4,perf-policy_only-r003-20260818T051222Z,loan_to_aml,2,91,200,16.568400,
policy_only,3,4,perf-policy_only-r003-20260818T051222Z,loan_to_aml,2,92,200,15.140000,
policy_only,3,4,perf-policy_only-r003-20260818T051222Z,loan_to_aml,2,93,200,16.180400,
policy_only,3,4,perf-policy_only-r003-20260818T051222Z,loan_to_aml,2,94,200,15.860600,
policy_only,3,4,perf-policy_only-r003-20260818T051222Z,loan_to_aml,2,95,200,16.275100,
policy_only,3,4,perf-policy_only-r003-20260818T051222Z,loan_to_aml,2,96,200,16.771900,
policy_only,3,4,perf-policy_only-r003-20260818T051222Z,loan_to_aml,2,97,200,15.673300,
policy_only,3,4,perf-policy_only-r003-20260818T051222Z,loan_to_aml,2,98,200,15.929900,
policy_only,3,4,perf-policy_only-r003-20260818T051222Z,loan_to_aml,2,99,200,16.106000,
policy_only,3,4,perf-policy_only-r003-20260818T051222Z,loan_to_aml,2,100,200,16.509000,
policy_only,3,4,perf-policy_only-r003-20260818T051222Z,loan_to_aml,2,101,200,17.256300,
policy_only,3,4,perf-policy_only-r003-20260818T051222Z,loan_to_aml,2,102,200,16.942100,
policy_only,3,4,perf-policy_only-r003-20260818T051222Z,loan_to_aml,2,103,200,16.967000,
policy_only,3,4,perf-policy_only-r003-20260818T051222Z,loan_to_aml,2,104,200,15.441400,
policy_only,3,4,perf-policy_only-r003-20260818T051222Z,loan_to_aml,2,105,200,16.145500,
policy_only,3,4,perf-policy_only-r003-20260818T051222Z,loan_to_aml,2,106,200,15.929400,
policy_only,3,4,perf-policy_only-r003-20260818T051222Z,loan_to_aml,2,107,200,16.122900,
policy_only,3,4,perf-policy_only-r003-20260818T051222Z,loan_to_aml,2,108,200,15.426000,
policy_only,3,4,perf-policy_only-r003-20260818T051222Z,loan_to_aml,2,109,200,16.710300,
policy_only,3,4,perf-policy_only-r003-20260818T051222Z,loan_to_aml,2,110,200,16.655800,
policy_only,3,4,perf-policy_only-r003-20260818T051222Z,loan_to_aml,2,111,200,15.825400,
policy_only,3,4,perf-policy_only-r003-20260818T051222Z,loan_to_aml,2,112,200,15.708600,
policy_only,3,4,perf-policy_only-r003-20260818T051222Z,loan_to_aml,2,113,200,16.261600,
policy_only,3,4,perf-policy_only-r003-20260818T051222Z,loan_to_aml,2,114,200,16.897200,
policy_only,3,4,perf-policy_only-r003-20260818T051222Z,loan_to_aml,2,115,200,17.448600,
policy_only,3,4,perf-policy_only-r003-20260818T051222Z,loan_to_aml,2,116,200,18.346400,
policy_only,3,4,perf-policy_only-r003-20260818T051222Z,loan_to_aml,2,117,200,16.287900,
policy_only,3,4,perf-policy_only-r003-20260818T051222Z,loan_to_aml,2,118,200,16.699700,
policy_only,3,4,perf-policy_only-r003-20260818T051222Z,loan_to_aml,2,119,200,16.007200,
policy_only,3,4,perf-policy_only-r003-20260818T051222Z,loan_to_aml,2,120,200,16.003900,
policy_only,3,4,perf-policy_only-r003-20260818T051222Z,loan_to_aml,2,121,200,16.285600,
policy_only,3,4,perf-policy_only-r003-20260818T051222Z,loan_to_aml,2,122,200,15.684100,
policy_only,3,4,perf-policy_only-r003-20260818T051222Z,loan_to_aml,2,123,200,14.812900,
policy_only,3,4,perf-policy_only-r003-20260818T051222Z,loan_to_aml,2,124,200,15.258700,
policy_only,3,4,perf-policy_only-r003-20260818T051222Z,loan_to_aml,2,125,200,16.344400,
policy_only,3,4,perf-policy_only-r003-20260818T051222Z,loan_to_aml,2,126,200,15.548900,
policy_only,3,4,perf-policy_only-r003-20260818T051222Z,loan_to_aml,2,127,200,15.803400,
policy_only,3,4,perf-policy_only-r003-20260818T051222Z,loan_to_aml,2,128,200,15.999300,
policy_only,3,4,perf-policy_only-r003-20260818T051222Z,loan_to_aml,2,129,200,15.984800,
policy_only,3,4,perf-policy_only-r003-20260818T051222Z,loan_to_aml,2,130,200,16.218600,
policy_only,3,4,perf-policy_only-r003-20260818T051222Z,loan_to_aml,2,131,200,19.327500,
policy_only,3,4,perf-policy_only-r003-20260818T051222Z,loan_to_aml,2,132,200,16.915700,
policy_only,3,4,perf-policy_only-r003-20260818T051222Z,loan_to_aml,2,133,200,16.934700,
policy_only,3,4,perf-policy_only-r003-20260818T051222Z,loan_to_aml,2,134,200,17.282800,
policy_only,3,4,perf-policy_only-r003-20260818T051222Z,loan_to_aml,2,135,200,16.495200,
policy_only,3,4,perf-policy_only-r003-20260818T051222Z,loan_to_aml,2,136,200,15.963200,
policy_only,3,4,perf-policy_only-r003-20260818T051222Z,loan_to_aml,2,137,200,15.970000,
policy_only,3,4,perf-policy_only-r003-20260818T051222Z,loan_to_aml,2,138,200,15.809900,
policy_only,3,4,perf-policy_only-r003-20260818T051222Z,loan_to_aml,2,139,200,15.862500,
policy_only,3,4,perf-policy_only-r003-20260818T051222Z,loan_to_aml,2,140,200,17.557300,
policy_only,3,4,perf-policy_only-r003-20260818T051222Z,loan_to_aml,2,141,200,15.465400,
policy_only,3,4,perf-policy_only-r003-20260818T051222Z,loan_to_aml,2,142,200,16.105100,
policy_only,3,4,perf-policy_only-r003-20260818T051222Z,loan_to_aml,2,143,200,18.328000,
policy_only,3,4,perf-policy_only-r003-20260818T051222Z,loan_to_aml,2,144,200,19.647100,
policy_only,3,4,perf-policy_only-r003-20260818T051222Z,loan_to_aml,2,145,200,17.144300,
policy_only,3,4,perf-policy_only-r003-20260818T051222Z,loan_to_aml,2,146,200,17.382400,
policy_only,3,4,perf-policy_only-r003-20260818T051222Z,loan_to_aml,2,147,200,16.420600,
policy_only,3,4,perf-policy_only-r003-20260818T051222Z,loan_to_aml,2,148,200,16.039000,
policy_only,3,4,perf-policy_only-r003-20260818T051222Z,loan_to_aml,2,149,200,16.100200,
policy_only,3,4,perf-policy_only-r003-20260818T051222Z,loan_to_aml,2,150,200,15.819700,
policy_only,3,4,perf-policy_only-r003-20260818T051222Z,loan_to_aml,2,151,200,16.036900,
policy_only,3,4,perf-policy_only-r003-20260818T051222Z,loan_to_aml,2,152,200,15.910100,
policy_only,3,4,perf-policy_only-r003-20260818T051222Z,loan_to_aml,2,153,200,15.908700,
policy_only,3,4,perf-policy_only-r003-20260818T051222Z,loan_to_aml,2,154,200,16.215300,
policy_only,3,4,perf-policy_only-r003-20260818T051222Z,loan_to_aml,2,155,200,15.880700,
policy_only,3,4,perf-policy_only-r003-20260818T051222Z,loan_to_aml,2,156,200,15.840400,
policy_only,3,4,perf-policy_only-r003-20260818T051222Z,loan_to_aml,2,157,200,15.897900,
policy_only,3,4,perf-policy_only-r003-20260818T051222Z,loan_to_aml,2,158,200,15.831400,
policy_only,3,4,perf-policy_only-r003-20260818T051222Z,loan_to_aml,2,159,200,16.202400,
policy_only,3,4,perf-policy_only-r003-20260818T051222Z,loan_to_aml,2,160,200,15.883700,
policy_only,3,4,perf-policy_only-r003-20260818T051222Z,loan_to_aml,2,161,200,17.131700,
policy_only,3,4,perf-policy_only-r003-20260818T051222Z,loan_to_aml,2,162,200,17.001800,
policy_only,3,4,perf-policy_only-r003-20260818T051222Z,loan_to_aml,2,163,200,17.270600,
policy_only,3,4,perf-policy_only-r003-20260818T051222Z,loan_to_aml,2,164,200,15.491800,
policy_only,3,4,perf-policy_only-r003-20260818T051222Z,loan_to_aml,2,165,200,16.281400,
policy_only,3,4,perf-policy_only-r003-20260818T051222Z,loan_to_aml,2,166,200,16.988300,
policy_only,3,4,perf-policy_only-r003-20260818T051222Z,loan_to_aml,2,167,200,16.982700,
policy_only,3,4,perf-policy_only-r003-20260818T051222Z,loan_to_aml,2,168,200,17.021700,
policy_only,3,4,perf-policy_only-r003-20260818T051222Z,loan_to_aml,2,169,200,15.953000,
policy_only,3,4,perf-policy_only-r003-20260818T051222Z,loan_to_aml,2,170,200,15.497400,
policy_only,3,4,perf-policy_only-r003-20260818T051222Z,loan_to_aml,2,171,200,15.433700,
policy_only,3,4,perf-policy_only-r003-20260818T051222Z,loan_to_aml,2,172,200,17.030600,
policy_only,3,4,perf-policy_only-r003-20260818T051222Z,loan_to_aml,2,173,200,15.788300,
policy_only,3,4,perf-policy_only-r003-20260818T051222Z,loan_to_aml,2,174,200,16.685300,
policy_only,3,4,perf-policy_only-r003-20260818T051222Z,loan_to_aml,2,175,200,16.386800,
policy_only,3,4,perf-policy_only-r003-20260818T051222Z,loan_to_aml,2,176,200,15.902100,
policy_only,3,4,perf-policy_only-r003-20260818T051222Z,loan_to_aml,2,177,200,16.295700,
policy_only,3,4,perf-policy_only-r003-20260818T051222Z,loan_to_aml,2,178,200,15.437900,
policy_only,3,4,perf-policy_only-r003-20260818T051222Z,loan_to_aml,2,179,200,16.069100,
policy_only,3,4,perf-policy_only-r003-20260818T051222Z,loan_to_aml,2,180,200,16.063400,
policy_only,3,4,perf-policy_only-r003-20260818T051222Z,loan_to_aml,2,181,200,15.808400,
policy_only,3,4,perf-policy_only-r003-20260818T051222Z,loan_to_aml,2,182,200,15.799600,
policy_only,3,4,perf-policy_only-r003-20260818T051222Z,loan_to_aml,2,183,200,16.434100,
policy_only,3,4,perf-policy_only-r003-20260818T051222Z,loan_to_aml,2,184,200,15.580300,
policy_only,3,4,perf-policy_only-r003-20260818T051222Z,loan_to_aml,2,185,200,16.158100,
policy_only,3,4,perf-policy_only-r003-20260818T051222Z,loan_to_aml,2,186,200,16.412200,
policy_only,3,4,perf-policy_only-r003-20260818T051222Z,loan_to_aml,2,187,200,15.876200,
policy_only,3,4,perf-policy_only-r003-20260818T051222Z,loan_to_aml,2,188,200,15.861700,
policy_only,3,4,perf-policy_only-r003-20260818T051222Z,loan_to_aml,2,189,200,16.095300,
policy_only,3,4,perf-policy_only-r003-20260818T051222Z,loan_to_aml,2,190,200,15.545500,
policy_only,3,4,perf-policy_only-r003-20260818T051222Z,loan_to_aml,2,191,200,16.138500,
policy_only,3,4,perf-policy_only-r003-20260818T051222Z,loan_to_aml,2,192,200,16.191800,
policy_only,3,4,perf-policy_only-r003-20260818T051222Z,loan_to_aml,2,193,200,18.663400,
policy_only,3,4,perf-policy_only-r003-20260818T051222Z,loan_to_aml,2,194,200,16.221500,
policy_only,3,4,perf-policy_only-r003-20260818T051222Z,loan_to_aml,2,195,200,17.095600,
policy_only,3,4,perf-policy_only-r003-20260818T051222Z,loan_to_aml,2,196,200,15.964000,
policy_only,3,4,perf-policy_only-r003-20260818T051222Z,loan_to_aml,2,197,200,16.920500,
policy_only,3,4,perf-policy_only-r003-20260818T051222Z,loan_to_aml,2,198,200,15.684900,
policy_only,3,4,perf-policy_only-r003-20260818T051222Z,loan_to_aml,2,199,200,16.138600,
policy_only,3,4,perf-policy_only-r003-20260818T051222Z,loan_to_aml,2,200,200,16.048200,
policy_only,3,4,perf-policy_only-r003-20260818T051222Z,loan_to_aml,3,1,200,17.266300,
policy_only,3,4,perf-policy_only-r003-20260818T051222Z,loan_to_aml,3,2,200,16.345700,
policy_only,3,4,perf-policy_only-r003-20260818T051222Z,loan_to_aml,3,3,200,16.176800,
policy_only,3,4,perf-policy_only-r003-20260818T051222Z,loan_to_aml,3,4,200,16.172100,
policy_only,3,4,perf-policy_only-r003-20260818T051222Z,loan_to_aml,3,5,200,16.898200,
policy_only,3,4,perf-policy_only-r003-20260818T051222Z,loan_to_aml,3,6,200,17.158200,
policy_only,3,4,perf-policy_only-r003-20260818T051222Z,loan_to_aml,3,7,200,16.685200,
policy_only,3,4,perf-policy_only-r003-20260818T051222Z,loan_to_aml,3,8,200,17.858000,
policy_only,3,4,perf-policy_only-r003-20260818T051222Z,loan_to_aml,3,9,200,16.016400,
policy_only,3,4,perf-policy_only-r003-20260818T051222Z,loan_to_aml,3,10,200,15.833500,
policy_only,3,4,perf-policy_only-r003-20260818T051222Z,loan_to_aml,3,11,200,16.317800,
policy_only,3,4,perf-policy_only-r003-20260818T051222Z,loan_to_aml,3,12,200,18.019200,
policy_only,3,4,perf-policy_only-r003-20260818T051222Z,loan_to_aml,3,13,200,16.975500,
policy_only,3,4,perf-policy_only-r003-20260818T051222Z,loan_to_aml,3,14,200,16.692900,
policy_only,3,4,perf-policy_only-r003-20260818T051222Z,loan_to_aml,3,15,200,17.519500,
policy_only,3,4,perf-policy_only-r003-20260818T051222Z,loan_to_aml,3,16,200,16.924200,
policy_only,3,4,perf-policy_only-r003-20260818T051222Z,loan_to_aml,3,17,200,16.511100,
policy_only,3,4,perf-policy_only-r003-20260818T051222Z,loan_to_aml,3,18,200,15.991100,
policy_only,3,4,perf-policy_only-r003-20260818T051222Z,loan_to_aml,3,19,200,15.876100,
policy_only,3,4,perf-policy_only-r003-20260818T051222Z,loan_to_aml,3,20,200,15.732900,
policy_only,3,4,perf-policy_only-r003-20260818T051222Z,loan_to_aml,3,21,200,15.370100,
policy_only,3,4,perf-policy_only-r003-20260818T051222Z,loan_to_aml,3,22,200,15.918600,
policy_only,3,4,perf-policy_only-r003-20260818T051222Z,loan_to_aml,3,23,200,17.432600,
policy_only,3,4,perf-policy_only-r003-20260818T051222Z,loan_to_aml,3,24,200,16.890600,
policy_only,3,4,perf-policy_only-r003-20260818T051222Z,loan_to_aml,3,25,200,16.635800,
policy_only,3,4,perf-policy_only-r003-20260818T051222Z,loan_to_aml,3,26,200,16.179500,
policy_only,3,4,perf-policy_only-r003-20260818T051222Z,loan_to_aml,3,27,200,15.538600,
policy_only,3,4,perf-policy_only-r003-20260818T051222Z,loan_to_aml,3,28,200,15.939300,
policy_only,3,4,perf-policy_only-r003-20260818T051222Z,loan_to_aml,3,29,200,16.557700,
policy_only,3,4,perf-policy_only-r003-20260818T051222Z,loan_to_aml,3,30,200,16.111100,
policy_only,3,4,perf-policy_only-r003-20260818T051222Z,loan_to_aml,3,31,200,16.772000,
policy_only,3,4,perf-policy_only-r003-20260818T051222Z,loan_to_aml,3,32,200,16.761100,
policy_only,3,4,perf-policy_only-r003-20260818T051222Z,loan_to_aml,3,33,200,15.955400,
policy_only,3,4,perf-policy_only-r003-20260818T051222Z,loan_to_aml,3,34,200,16.145500,
policy_only,3,4,perf-policy_only-r003-20260818T051222Z,loan_to_aml,3,35,200,17.232400,
policy_only,3,4,perf-policy_only-r003-20260818T051222Z,loan_to_aml,3,36,200,16.634200,
policy_only,3,4,perf-policy_only-r003-20260818T051222Z,loan_to_aml,3,37,200,17.692400,
policy_only,3,4,perf-policy_only-r003-20260818T051222Z,loan_to_aml,3,38,200,16.601300,
policy_only,3,4,perf-policy_only-r003-20260818T051222Z,loan_to_aml,3,39,200,16.856600,
policy_only,3,4,perf-policy_only-r003-20260818T051222Z,loan_to_aml,3,40,200,15.528300,
policy_only,3,4,perf-policy_only-r003-20260818T051222Z,loan_to_aml,3,41,200,16.511400,
policy_only,3,4,perf-policy_only-r003-20260818T051222Z,loan_to_aml,3,42,200,15.224300,
policy_only,3,4,perf-policy_only-r003-20260818T051222Z,loan_to_aml,3,43,200,15.087200,
policy_only,3,4,perf-policy_only-r003-20260818T051222Z,loan_to_aml,3,44,200,15.364800,
policy_only,3,4,perf-policy_only-r003-20260818T051222Z,loan_to_aml,3,45,200,15.579400,
policy_only,3,4,perf-policy_only-r003-20260818T051222Z,loan_to_aml,3,46,200,15.092200,
policy_only,3,4,perf-policy_only-r003-20260818T051222Z,loan_to_aml,3,47,200,15.428000,
policy_only,3,4,perf-policy_only-r003-20260818T051222Z,loan_to_aml,3,48,200,15.216000,
policy_only,3,4,perf-policy_only-r003-20260818T051222Z,loan_to_aml,3,49,200,15.246300,
policy_only,3,4,perf-policy_only-r003-20260818T051222Z,loan_to_aml,3,50,200,16.098300,
policy_only,3,4,perf-policy_only-r003-20260818T051222Z,loan_to_aml,3,51,200,16.218600,
policy_only,3,4,perf-policy_only-r003-20260818T051222Z,loan_to_aml,3,52,200,16.714400,
policy_only,3,4,perf-policy_only-r003-20260818T051222Z,loan_to_aml,3,53,200,15.818800,
policy_only,3,4,perf-policy_only-r003-20260818T051222Z,loan_to_aml,3,54,200,16.404800,
policy_only,3,4,perf-policy_only-r003-20260818T051222Z,loan_to_aml,3,55,200,16.250800,
policy_only,3,4,perf-policy_only-r003-20260818T051222Z,loan_to_aml,3,56,200,18.741500,
policy_only,3,4,perf-policy_only-r003-20260818T051222Z,loan_to_aml,3,57,200,15.821200,
policy_only,3,4,perf-policy_only-r003-20260818T051222Z,loan_to_aml,3,58,200,16.106900,
policy_only,3,4,perf-policy_only-r003-20260818T051222Z,loan_to_aml,3,59,200,16.982300,
policy_only,3,4,perf-policy_only-r003-20260818T051222Z,loan_to_aml,3,60,200,15.664400,
policy_only,3,4,perf-policy_only-r003-20260818T051222Z,loan_to_aml,3,61,200,16.536400,
policy_only,3,4,perf-policy_only-r003-20260818T051222Z,loan_to_aml,3,62,200,16.880200,
policy_only,3,4,perf-policy_only-r003-20260818T051222Z,loan_to_aml,3,63,200,16.630100,
policy_only,3,4,perf-policy_only-r003-20260818T051222Z,loan_to_aml,3,64,200,15.011300,
policy_only,3,4,perf-policy_only-r003-20260818T051222Z,loan_to_aml,3,65,200,16.129100,
policy_only,3,4,perf-policy_only-r003-20260818T051222Z,loan_to_aml,3,66,200,15.937100,
policy_only,3,4,perf-policy_only-r003-20260818T051222Z,loan_to_aml,3,67,200,16.064700,
policy_only,3,4,perf-policy_only-r003-20260818T051222Z,loan_to_aml,3,68,200,16.134900,
policy_only,3,4,perf-policy_only-r003-20260818T051222Z,loan_to_aml,3,69,200,17.004300,
policy_only,3,4,perf-policy_only-r003-20260818T051222Z,loan_to_aml,3,70,200,15.855000,
policy_only,3,4,perf-policy_only-r003-20260818T051222Z,loan_to_aml,3,71,200,16.029800,
policy_only,3,4,perf-policy_only-r003-20260818T051222Z,loan_to_aml,3,72,200,16.476000,
policy_only,3,4,perf-policy_only-r003-20260818T051222Z,loan_to_aml,3,73,200,16.163600,
policy_only,3,4,perf-policy_only-r003-20260818T051222Z,loan_to_aml,3,74,200,16.035100,
policy_only,3,4,perf-policy_only-r003-20260818T051222Z,loan_to_aml,3,75,200,15.792500,
policy_only,3,4,perf-policy_only-r003-20260818T051222Z,loan_to_aml,3,76,200,16.884900,
policy_only,3,4,perf-policy_only-r003-20260818T051222Z,loan_to_aml,3,77,200,16.023300,
policy_only,3,4,perf-policy_only-r003-20260818T051222Z,loan_to_aml,3,78,200,15.889500,
policy_only,3,4,perf-policy_only-r003-20260818T051222Z,loan_to_aml,3,79,200,16.150600,
policy_only,3,4,perf-policy_only-r003-20260818T051222Z,loan_to_aml,3,80,200,16.100100,
policy_only,3,4,perf-policy_only-r003-20260818T051222Z,loan_to_aml,3,81,200,16.292500,
policy_only,3,4,perf-policy_only-r003-20260818T051222Z,loan_to_aml,3,82,200,16.106200,
policy_only,3,4,perf-policy_only-r003-20260818T051222Z,loan_to_aml,3,83,200,15.779200,
policy_only,3,4,perf-policy_only-r003-20260818T051222Z,loan_to_aml,3,84,200,16.153700,
policy_only,3,4,perf-policy_only-r003-20260818T051222Z,loan_to_aml,3,85,200,15.496700,
policy_only,3,4,perf-policy_only-r003-20260818T051222Z,loan_to_aml,3,86,200,16.234200,
policy_only,3,4,perf-policy_only-r003-20260818T051222Z,loan_to_aml,3,87,200,16.148500,
policy_only,3,4,perf-policy_only-r003-20260818T051222Z,loan_to_aml,3,88,200,16.721000,
policy_only,3,4,perf-policy_only-r003-20260818T051222Z,loan_to_aml,3,89,200,16.003000,
policy_only,3,4,perf-policy_only-r003-20260818T051222Z,loan_to_aml,3,90,200,16.087800,
policy_only,3,4,perf-policy_only-r003-20260818T051222Z,loan_to_aml,3,91,200,15.809800,
policy_only,3,4,perf-policy_only-r003-20260818T051222Z,loan_to_aml,3,92,200,17.202000,
policy_only,3,4,perf-policy_only-r003-20260818T051222Z,loan_to_aml,3,93,200,16.884000,
policy_only,3,4,perf-policy_only-r003-20260818T051222Z,loan_to_aml,3,94,200,17.011100,
policy_only,3,4,perf-policy_only-r003-20260818T051222Z,loan_to_aml,3,95,200,16.416800,
policy_only,3,4,perf-policy_only-r003-20260818T051222Z,loan_to_aml,3,96,200,15.124400,
policy_only,3,4,perf-policy_only-r003-20260818T051222Z,loan_to_aml,3,97,200,16.319600,
policy_only,3,4,perf-policy_only-r003-20260818T051222Z,loan_to_aml,3,98,200,18.091700,
policy_only,3,4,perf-policy_only-r003-20260818T051222Z,loan_to_aml,3,99,200,16.065900,
policy_only,3,4,perf-policy_only-r003-20260818T051222Z,loan_to_aml,3,100,200,15.689100,
policy_only,3,4,perf-policy_only-r003-20260818T051222Z,loan_to_aml,3,101,200,15.926100,
policy_only,3,4,perf-policy_only-r003-20260818T051222Z,loan_to_aml,3,102,200,15.986800,
policy_only,3,4,perf-policy_only-r003-20260818T051222Z,loan_to_aml,3,103,200,16.159300,
policy_only,3,4,perf-policy_only-r003-20260818T051222Z,loan_to_aml,3,104,200,15.600100,
policy_only,3,4,perf-policy_only-r003-20260818T051222Z,loan_to_aml,3,105,200,16.395500,
policy_only,3,4,perf-policy_only-r003-20260818T051222Z,loan_to_aml,3,106,200,15.516000,
policy_only,3,4,perf-policy_only-r003-20260818T051222Z,loan_to_aml,3,107,200,16.268600,
policy_only,3,4,perf-policy_only-r003-20260818T051222Z,loan_to_aml,3,108,200,16.148700,
policy_only,3,4,perf-policy_only-r003-20260818T051222Z,loan_to_aml,3,109,200,15.843900,
policy_only,3,4,perf-policy_only-r003-20260818T051222Z,loan_to_aml,3,110,200,16.059400,
policy_only,3,4,perf-policy_only-r003-20260818T051222Z,loan_to_aml,3,111,200,15.857700,
policy_only,3,4,perf-policy_only-r003-20260818T051222Z,loan_to_aml,3,112,200,15.778900,
policy_only,3,4,perf-policy_only-r003-20260818T051222Z,loan_to_aml,3,113,200,16.355200,
policy_only,3,4,perf-policy_only-r003-20260818T051222Z,loan_to_aml,3,114,200,15.772000,
policy_only,3,4,perf-policy_only-r003-20260818T051222Z,loan_to_aml,3,115,200,15.981000,
policy_only,3,4,perf-policy_only-r003-20260818T051222Z,loan_to_aml,3,116,200,16.881700,
policy_only,3,4,perf-policy_only-r003-20260818T051222Z,loan_to_aml,3,117,200,16.034300,
policy_only,3,4,perf-policy_only-r003-20260818T051222Z,loan_to_aml,3,118,200,18.022200,
policy_only,3,4,perf-policy_only-r003-20260818T051222Z,loan_to_aml,3,119,200,15.826600,
policy_only,3,4,perf-policy_only-r003-20260818T051222Z,loan_to_aml,3,120,200,16.438700,
policy_only,3,4,perf-policy_only-r003-20260818T051222Z,loan_to_aml,3,121,200,15.933900,
policy_only,3,4,perf-policy_only-r003-20260818T051222Z,loan_to_aml,3,122,200,16.366000,
policy_only,3,4,perf-policy_only-r003-20260818T051222Z,loan_to_aml,3,123,200,16.789200,
policy_only,3,4,perf-policy_only-r003-20260818T051222Z,loan_to_aml,3,124,200,16.565900,
policy_only,3,4,perf-policy_only-r003-20260818T051222Z,loan_to_aml,3,125,200,16.346600,
policy_only,3,4,perf-policy_only-r003-20260818T051222Z,loan_to_aml,3,126,200,16.927500,
policy_only,3,4,perf-policy_only-r003-20260818T051222Z,loan_to_aml,3,127,200,16.819000,
policy_only,3,4,perf-policy_only-r003-20260818T051222Z,loan_to_aml,3,128,200,15.983100,
policy_only,3,4,perf-policy_only-r003-20260818T051222Z,loan_to_aml,3,129,200,16.033400,
policy_only,3,4,perf-policy_only-r003-20260818T051222Z,loan_to_aml,3,130,200,15.856200,
policy_only,3,4,perf-policy_only-r003-20260818T051222Z,loan_to_aml,3,131,200,15.825400,
policy_only,3,4,perf-policy_only-r003-20260818T051222Z,loan_to_aml,3,132,200,15.977400,
policy_only,3,4,perf-policy_only-r003-20260818T051222Z,loan_to_aml,3,133,200,16.134100,
policy_only,3,4,perf-policy_only-r003-20260818T051222Z,loan_to_aml,3,134,200,16.914200,
policy_only,3,4,perf-policy_only-r003-20260818T051222Z,loan_to_aml,3,135,200,16.881100,
policy_only,3,4,perf-policy_only-r003-20260818T051222Z,loan_to_aml,3,136,200,16.060900,
policy_only,3,4,perf-policy_only-r003-20260818T051222Z,loan_to_aml,3,137,200,17.235000,
policy_only,3,4,perf-policy_only-r003-20260818T051222Z,loan_to_aml,3,138,200,17.290500,
policy_only,3,4,perf-policy_only-r003-20260818T051222Z,loan_to_aml,3,139,200,15.532300,
policy_only,3,4,perf-policy_only-r003-20260818T051222Z,loan_to_aml,3,140,200,16.977000,
policy_only,3,4,perf-policy_only-r003-20260818T051222Z,loan_to_aml,3,141,200,20.700300,
policy_only,3,4,perf-policy_only-r003-20260818T051222Z,loan_to_aml,3,142,200,16.679800,
policy_only,3,4,perf-policy_only-r003-20260818T051222Z,loan_to_aml,3,143,200,16.657200,
policy_only,3,4,perf-policy_only-r003-20260818T051222Z,loan_to_aml,3,144,200,15.849900,
policy_only,3,4,perf-policy_only-r003-20260818T051222Z,loan_to_aml,3,145,200,16.880800,
policy_only,3,4,perf-policy_only-r003-20260818T051222Z,loan_to_aml,3,146,200,18.535200,
policy_only,3,4,perf-policy_only-r003-20260818T051222Z,loan_to_aml,3,147,200,17.619100,
policy_only,3,4,perf-policy_only-r003-20260818T051222Z,loan_to_aml,3,148,200,15.902000,
policy_only,3,4,perf-policy_only-r003-20260818T051222Z,loan_to_aml,3,149,200,16.005000,
policy_only,3,4,perf-policy_only-r003-20260818T051222Z,loan_to_aml,3,150,200,17.589400,
policy_only,3,4,perf-policy_only-r003-20260818T051222Z,loan_to_aml,3,151,200,16.430600,
policy_only,3,4,perf-policy_only-r003-20260818T051222Z,loan_to_aml,3,152,200,15.813500,
policy_only,3,4,perf-policy_only-r003-20260818T051222Z,loan_to_aml,3,153,200,15.987000,
policy_only,3,4,perf-policy_only-r003-20260818T051222Z,loan_to_aml,3,154,200,15.758700,
policy_only,3,4,perf-policy_only-r003-20260818T051222Z,loan_to_aml,3,155,200,16.399100,
policy_only,3,4,perf-policy_only-r003-20260818T051222Z,loan_to_aml,3,156,200,18.026600,
policy_only,3,4,perf-policy_only-r003-20260818T051222Z,loan_to_aml,3,157,200,17.116600,
policy_only,3,4,perf-policy_only-r003-20260818T051222Z,loan_to_aml,3,158,200,16.696300,
policy_only,3,4,perf-policy_only-r003-20260818T051222Z,loan_to_aml,3,159,200,17.398600,
policy_only,3,4,perf-policy_only-r003-20260818T051222Z,loan_to_aml,3,160,200,16.560100,
policy_only,3,4,perf-policy_only-r003-20260818T051222Z,loan_to_aml,3,161,200,15.780900,
policy_only,3,4,perf-policy_only-r003-20260818T051222Z,loan_to_aml,3,162,200,16.595500,
policy_only,3,4,perf-policy_only-r003-20260818T051222Z,loan_to_aml,3,163,200,16.983200,
policy_only,3,4,perf-policy_only-r003-20260818T051222Z,loan_to_aml,3,164,200,16.506700,
policy_only,3,4,perf-policy_only-r003-20260818T051222Z,loan_to_aml,3,165,200,15.977400,
policy_only,3,4,perf-policy_only-r003-20260818T051222Z,loan_to_aml,3,166,200,15.907200,
policy_only,3,4,perf-policy_only-r003-20260818T051222Z,loan_to_aml,3,167,200,15.913400,
policy_only,3,4,perf-policy_only-r003-20260818T051222Z,loan_to_aml,3,168,200,16.152200,
policy_only,3,4,perf-policy_only-r003-20260818T051222Z,loan_to_aml,3,169,200,15.687300,
policy_only,3,4,perf-policy_only-r003-20260818T051222Z,loan_to_aml,3,170,200,15.998200,
policy_only,3,4,perf-policy_only-r003-20260818T051222Z,loan_to_aml,3,171,200,15.843700,
policy_only,3,4,perf-policy_only-r003-20260818T051222Z,loan_to_aml,3,172,200,16.237400,
policy_only,3,4,perf-policy_only-r003-20260818T051222Z,loan_to_aml,3,173,200,16.210600,
policy_only,3,4,perf-policy_only-r003-20260818T051222Z,loan_to_aml,3,174,200,16.829300,
policy_only,3,4,perf-policy_only-r003-20260818T051222Z,loan_to_aml,3,175,200,16.375800,
policy_only,3,4,perf-policy_only-r003-20260818T051222Z,loan_to_aml,3,176,200,15.657700,
policy_only,3,4,perf-policy_only-r003-20260818T051222Z,loan_to_aml,3,177,200,16.308700,
policy_only,3,4,perf-policy_only-r003-20260818T051222Z,loan_to_aml,3,178,200,16.860900,
policy_only,3,4,perf-policy_only-r003-20260818T051222Z,loan_to_aml,3,179,200,18.064900,
policy_only,3,4,perf-policy_only-r003-20260818T051222Z,loan_to_aml,3,180,200,21.288000,
policy_only,3,4,perf-policy_only-r003-20260818T051222Z,loan_to_aml,3,181,200,20.937600,
policy_only,3,4,perf-policy_only-r003-20260818T051222Z,loan_to_aml,3,182,200,18.827300,
policy_only,3,4,perf-policy_only-r003-20260818T051222Z,loan_to_aml,3,183,200,18.131100,
policy_only,3,4,perf-policy_only-r003-20260818T051222Z,loan_to_aml,3,184,200,18.584100,
policy_only,3,4,perf-policy_only-r003-20260818T051222Z,loan_to_aml,3,185,200,19.127900,
policy_only,3,4,perf-policy_only-r003-20260818T051222Z,loan_to_aml,3,186,200,16.988200,
policy_only,3,4,perf-policy_only-r003-20260818T051222Z,loan_to_aml,3,187,200,16.795900,
policy_only,3,4,perf-policy_only-r003-20260818T051222Z,loan_to_aml,3,188,200,16.867400,
policy_only,3,4,perf-policy_only-r003-20260818T051222Z,loan_to_aml,3,189,200,16.419700,
policy_only,3,4,perf-policy_only-r003-20260818T051222Z,loan_to_aml,3,190,200,17.357400,
policy_only,3,4,perf-policy_only-r003-20260818T051222Z,loan_to_aml,3,191,200,17.936100,
policy_only,3,4,perf-policy_only-r003-20260818T051222Z,loan_to_aml,3,192,200,17.597700,
policy_only,3,4,perf-policy_only-r003-20260818T051222Z,loan_to_aml,3,193,200,17.008500,
policy_only,3,4,perf-policy_only-r003-20260818T051222Z,loan_to_aml,3,194,200,16.442000,
policy_only,3,4,perf-policy_only-r003-20260818T051222Z,loan_to_aml,3,195,200,15.978400,
policy_only,3,4,perf-policy_only-r003-20260818T051222Z,loan_to_aml,3,196,200,17.899300,
policy_only,3,4,perf-policy_only-r003-20260818T051222Z,loan_to_aml,3,197,200,16.477100,
policy_only,3,4,perf-policy_only-r003-20260818T051222Z,loan_to_aml,3,198,200,16.737000,
policy_only,3,4,perf-policy_only-r003-20260818T051222Z,loan_to_aml,3,199,200,16.110900,
policy_only,3,4,perf-policy_only-r003-20260818T051222Z,loan_to_aml,3,200,200,16.743000,
policy_only,3,4,perf-policy_only-r003-20260818T051222Z,loan_to_approval,1,1,200,16.054800,
policy_only,3,4,perf-policy_only-r003-20260818T051222Z,loan_to_approval,1,2,200,16.957500,
policy_only,3,4,perf-policy_only-r003-20260818T051222Z,loan_to_approval,1,3,200,15.641100,
policy_only,3,4,perf-policy_only-r003-20260818T051222Z,loan_to_approval,1,4,200,16.352000,
policy_only,3,4,perf-policy_only-r003-20260818T051222Z,loan_to_approval,1,5,200,16.667200,
policy_only,3,4,perf-policy_only-r003-20260818T051222Z,loan_to_approval,1,6,200,16.016900,
policy_only,3,4,perf-policy_only-r003-20260818T051222Z,loan_to_approval,1,7,200,15.763100,
policy_only,3,4,perf-policy_only-r003-20260818T051222Z,loan_to_approval,1,8,200,16.422400,
policy_only,3,4,perf-policy_only-r003-20260818T051222Z,loan_to_approval,1,9,200,16.698800,
policy_only,3,4,perf-policy_only-r003-20260818T051222Z,loan_to_approval,1,10,200,16.099000,
policy_only,3,4,perf-policy_only-r003-20260818T051222Z,loan_to_approval,1,11,200,15.753000,
policy_only,3,4,perf-policy_only-r003-20260818T051222Z,loan_to_approval,1,12,200,16.024600,
policy_only,3,4,perf-policy_only-r003-20260818T051222Z,loan_to_approval,1,13,200,15.764800,
policy_only,3,4,perf-policy_only-r003-20260818T051222Z,loan_to_approval,1,14,200,15.876600,
policy_only,3,4,perf-policy_only-r003-20260818T051222Z,loan_to_approval,1,15,200,15.895300,
policy_only,3,4,perf-policy_only-r003-20260818T051222Z,loan_to_approval,1,16,200,16.481000,
policy_only,3,4,perf-policy_only-r003-20260818T051222Z,loan_to_approval,1,17,200,16.084000,
policy_only,3,4,perf-policy_only-r003-20260818T051222Z,loan_to_approval,1,18,200,16.653600,
policy_only,3,4,perf-policy_only-r003-20260818T051222Z,loan_to_approval,1,19,200,16.353000,
policy_only,3,4,perf-policy_only-r003-20260818T051222Z,loan_to_approval,1,20,200,16.916900,
policy_only,3,4,perf-policy_only-r003-20260818T051222Z,loan_to_approval,1,21,200,15.673700,
policy_only,3,4,perf-policy_only-r003-20260818T051222Z,loan_to_approval,1,22,200,16.251300,
policy_only,3,4,perf-policy_only-r003-20260818T051222Z,loan_to_approval,1,23,200,15.917900,
policy_only,3,4,perf-policy_only-r003-20260818T051222Z,loan_to_approval,1,24,200,16.773500,
policy_only,3,4,perf-policy_only-r003-20260818T051222Z,loan_to_approval,1,25,200,15.926100,
policy_only,3,4,perf-policy_only-r003-20260818T051222Z,loan_to_approval,1,26,200,17.121800,
policy_only,3,4,perf-policy_only-r003-20260818T051222Z,loan_to_approval,1,27,200,16.568900,
policy_only,3,4,perf-policy_only-r003-20260818T051222Z,loan_to_approval,1,28,200,16.442800,
policy_only,3,4,perf-policy_only-r003-20260818T051222Z,loan_to_approval,1,29,200,16.269200,
policy_only,3,4,perf-policy_only-r003-20260818T051222Z,loan_to_approval,1,30,200,16.628600,
policy_only,3,4,perf-policy_only-r003-20260818T051222Z,loan_to_approval,1,31,200,16.206500,
policy_only,3,4,perf-policy_only-r003-20260818T051222Z,loan_to_approval,1,32,200,17.436600,
policy_only,3,4,perf-policy_only-r003-20260818T051222Z,loan_to_approval,1,33,200,16.070200,
policy_only,3,4,perf-policy_only-r003-20260818T051222Z,loan_to_approval,1,34,200,16.845700,
policy_only,3,4,perf-policy_only-r003-20260818T051222Z,loan_to_approval,1,35,200,17.093100,
policy_only,3,4,perf-policy_only-r003-20260818T051222Z,loan_to_approval,1,36,200,16.323400,
policy_only,3,4,perf-policy_only-r003-20260818T051222Z,loan_to_approval,1,37,200,15.846900,
policy_only,3,4,perf-policy_only-r003-20260818T051222Z,loan_to_approval,1,38,200,16.118400,
policy_only,3,4,perf-policy_only-r003-20260818T051222Z,loan_to_approval,1,39,200,15.694200,
policy_only,3,4,perf-policy_only-r003-20260818T051222Z,loan_to_approval,1,40,200,14.747600,
policy_only,3,4,perf-policy_only-r003-20260818T051222Z,loan_to_approval,1,41,200,15.189400,
policy_only,3,4,perf-policy_only-r003-20260818T051222Z,loan_to_approval,1,42,200,16.158800,
policy_only,3,4,perf-policy_only-r003-20260818T051222Z,loan_to_approval,1,43,200,16.124400,
policy_only,3,4,perf-policy_only-r003-20260818T051222Z,loan_to_approval,1,44,200,16.144000,
policy_only,3,4,perf-policy_only-r003-20260818T051222Z,loan_to_approval,1,45,200,17.032800,
policy_only,3,4,perf-policy_only-r003-20260818T051222Z,loan_to_approval,1,46,200,15.897400,
policy_only,3,4,perf-policy_only-r003-20260818T051222Z,loan_to_approval,1,47,200,18.049100,
policy_only,3,4,perf-policy_only-r003-20260818T051222Z,loan_to_approval,1,48,200,16.971000,
policy_only,3,4,perf-policy_only-r003-20260818T051222Z,loan_to_approval,1,49,200,17.305700,
policy_only,3,4,perf-policy_only-r003-20260818T051222Z,loan_to_approval,1,50,200,17.974000,
policy_only,3,4,perf-policy_only-r003-20260818T051222Z,loan_to_approval,1,51,200,17.758000,
policy_only,3,4,perf-policy_only-r003-20260818T051222Z,loan_to_approval,1,52,200,16.798400,
policy_only,3,4,perf-policy_only-r003-20260818T051222Z,loan_to_approval,1,53,200,16.877100,
policy_only,3,4,perf-policy_only-r003-20260818T051222Z,loan_to_approval,1,54,200,16.487400,
policy_only,3,4,perf-policy_only-r003-20260818T051222Z,loan_to_approval,1,55,200,16.687000,
policy_only,3,4,perf-policy_only-r003-20260818T051222Z,loan_to_approval,1,56,200,17.281300,
policy_only,3,4,perf-policy_only-r003-20260818T051222Z,loan_to_approval,1,57,200,18.416300,
policy_only,3,4,perf-policy_only-r003-20260818T051222Z,loan_to_approval,1,58,200,17.916000,
policy_only,3,4,perf-policy_only-r003-20260818T051222Z,loan_to_approval,1,59,200,17.633200,
policy_only,3,4,perf-policy_only-r003-20260818T051222Z,loan_to_approval,1,60,200,17.509700,
policy_only,3,4,perf-policy_only-r003-20260818T051222Z,loan_to_approval,1,61,200,17.211800,
policy_only,3,4,perf-policy_only-r003-20260818T051222Z,loan_to_approval,1,62,200,17.807100,
policy_only,3,4,perf-policy_only-r003-20260818T051222Z,loan_to_approval,1,63,200,17.437400,
policy_only,3,4,perf-policy_only-r003-20260818T051222Z,loan_to_approval,1,64,200,18.336900,
policy_only,3,4,perf-policy_only-r003-20260818T051222Z,loan_to_approval,1,65,200,16.370900,
policy_only,3,4,perf-policy_only-r003-20260818T051222Z,loan_to_approval,1,66,200,17.468400,
policy_only,3,4,perf-policy_only-r003-20260818T051222Z,loan_to_approval,1,67,200,17.342700,
policy_only,3,4,perf-policy_only-r003-20260818T051222Z,loan_to_approval,1,68,200,15.949100,
policy_only,3,4,perf-policy_only-r003-20260818T051222Z,loan_to_approval,1,69,200,17.163800,
policy_only,3,4,perf-policy_only-r003-20260818T051222Z,loan_to_approval,1,70,200,16.722300,
policy_only,3,4,perf-policy_only-r003-20260818T051222Z,loan_to_approval,1,71,200,17.171700,
policy_only,3,4,perf-policy_only-r003-20260818T051222Z,loan_to_approval,1,72,200,15.969300,
policy_only,3,4,perf-policy_only-r003-20260818T051222Z,loan_to_approval,1,73,200,17.340000,
policy_only,3,4,perf-policy_only-r003-20260818T051222Z,loan_to_approval,1,74,200,17.258000,
policy_only,3,4,perf-policy_only-r003-20260818T051222Z,loan_to_approval,1,75,200,16.422300,
policy_only,3,4,perf-policy_only-r003-20260818T051222Z,loan_to_approval,1,76,200,16.771500,
policy_only,3,4,perf-policy_only-r003-20260818T051222Z,loan_to_approval,1,77,200,15.523300,
policy_only,3,4,perf-policy_only-r003-20260818T051222Z,loan_to_approval,1,78,200,16.395400,
policy_only,3,4,perf-policy_only-r003-20260818T051222Z,loan_to_approval,1,79,200,16.269200,
policy_only,3,4,perf-policy_only-r003-20260818T051222Z,loan_to_approval,1,80,200,17.167100,
policy_only,3,4,perf-policy_only-r003-20260818T051222Z,loan_to_approval,1,81,200,18.539900,
policy_only,3,4,perf-policy_only-r003-20260818T051222Z,loan_to_approval,1,82,200,16.869200,
policy_only,3,4,perf-policy_only-r003-20260818T051222Z,loan_to_approval,1,83,200,16.616000,
policy_only,3,4,perf-policy_only-r003-20260818T051222Z,loan_to_approval,1,84,200,16.474900,
policy_only,3,4,perf-policy_only-r003-20260818T051222Z,loan_to_approval,1,85,200,16.924600,
policy_only,3,4,perf-policy_only-r003-20260818T051222Z,loan_to_approval,1,86,200,15.744900,
policy_only,3,4,perf-policy_only-r003-20260818T051222Z,loan_to_approval,1,87,200,16.231400,
policy_only,3,4,perf-policy_only-r003-20260818T051222Z,loan_to_approval,1,88,200,17.836700,
policy_only,3,4,perf-policy_only-r003-20260818T051222Z,loan_to_approval,1,89,200,15.800100,
policy_only,3,4,perf-policy_only-r003-20260818T051222Z,loan_to_approval,1,90,200,16.329900,
policy_only,3,4,perf-policy_only-r003-20260818T051222Z,loan_to_approval,1,91,200,16.633900,
policy_only,3,4,perf-policy_only-r003-20260818T051222Z,loan_to_approval,1,92,200,15.568300,
policy_only,3,4,perf-policy_only-r003-20260818T051222Z,loan_to_approval,1,93,200,16.492100,
policy_only,3,4,perf-policy_only-r003-20260818T051222Z,loan_to_approval,1,94,200,15.967000,
policy_only,3,4,perf-policy_only-r003-20260818T051222Z,loan_to_approval,1,95,200,15.563200,
policy_only,3,4,perf-policy_only-r003-20260818T051222Z,loan_to_approval,1,96,200,16.588700,
policy_only,3,4,perf-policy_only-r003-20260818T051222Z,loan_to_approval,1,97,200,15.587400,
policy_only,3,4,perf-policy_only-r003-20260818T051222Z,loan_to_approval,1,98,200,16.083300,
policy_only,3,4,perf-policy_only-r003-20260818T051222Z,loan_to_approval,1,99,200,15.980800,
policy_only,3,4,perf-policy_only-r003-20260818T051222Z,loan_to_approval,1,100,200,15.621000,
policy_only,3,4,perf-policy_only-r003-20260818T051222Z,loan_to_approval,1,101,200,16.080500,
policy_only,3,4,perf-policy_only-r003-20260818T051222Z,loan_to_approval,1,102,200,16.235700,
policy_only,3,4,perf-policy_only-r003-20260818T051222Z,loan_to_approval,1,103,200,15.739900,
policy_only,3,4,perf-policy_only-r003-20260818T051222Z,loan_to_approval,1,104,200,16.074100,
policy_only,3,4,perf-policy_only-r003-20260818T051222Z,loan_to_approval,1,105,200,16.158400,
policy_only,3,4,perf-policy_only-r003-20260818T051222Z,loan_to_approval,1,106,200,16.132100,
policy_only,3,4,perf-policy_only-r003-20260818T051222Z,loan_to_approval,1,107,200,16.220700,
policy_only,3,4,perf-policy_only-r003-20260818T051222Z,loan_to_approval,1,108,200,15.268300,
policy_only,3,4,perf-policy_only-r003-20260818T051222Z,loan_to_approval,1,109,200,16.191600,
policy_only,3,4,perf-policy_only-r003-20260818T051222Z,loan_to_approval,1,110,200,14.610800,
policy_only,3,4,perf-policy_only-r003-20260818T051222Z,loan_to_approval,1,111,200,15.513100,
policy_only,3,4,perf-policy_only-r003-20260818T051222Z,loan_to_approval,1,112,200,15.765600,
policy_only,3,4,perf-policy_only-r003-20260818T051222Z,loan_to_approval,1,113,200,16.199500,
policy_only,3,4,perf-policy_only-r003-20260818T051222Z,loan_to_approval,1,114,200,15.709600,
policy_only,3,4,perf-policy_only-r003-20260818T051222Z,loan_to_approval,1,115,200,16.155000,
policy_only,3,4,perf-policy_only-r003-20260818T051222Z,loan_to_approval,1,116,200,16.154700,
policy_only,3,4,perf-policy_only-r003-20260818T051222Z,loan_to_approval,1,117,200,17.707300,
policy_only,3,4,perf-policy_only-r003-20260818T051222Z,loan_to_approval,1,118,200,17.653500,
policy_only,3,4,perf-policy_only-r003-20260818T051222Z,loan_to_approval,1,119,200,16.564100,
policy_only,3,4,perf-policy_only-r003-20260818T051222Z,loan_to_approval,1,120,200,17.070800,
policy_only,3,4,perf-policy_only-r003-20260818T051222Z,loan_to_approval,1,121,200,17.109200,
policy_only,3,4,perf-policy_only-r003-20260818T051222Z,loan_to_approval,1,122,200,15.752500,
policy_only,3,4,perf-policy_only-r003-20260818T051222Z,loan_to_approval,1,123,200,16.067000,
policy_only,3,4,perf-policy_only-r003-20260818T051222Z,loan_to_approval,1,124,200,17.356900,
policy_only,3,4,perf-policy_only-r003-20260818T051222Z,loan_to_approval,1,125,200,16.307100,
policy_only,3,4,perf-policy_only-r003-20260818T051222Z,loan_to_approval,1,126,200,14.887300,
policy_only,3,4,perf-policy_only-r003-20260818T051222Z,loan_to_approval,1,127,200,16.341800,
policy_only,3,4,perf-policy_only-r003-20260818T051222Z,loan_to_approval,1,128,200,15.446500,
policy_only,3,4,perf-policy_only-r003-20260818T051222Z,loan_to_approval,1,129,200,16.660000,
policy_only,3,4,perf-policy_only-r003-20260818T051222Z,loan_to_approval,1,130,200,16.703600,
policy_only,3,4,perf-policy_only-r003-20260818T051222Z,loan_to_approval,1,131,200,16.934100,
policy_only,3,4,perf-policy_only-r003-20260818T051222Z,loan_to_approval,1,132,200,15.784600,
policy_only,3,4,perf-policy_only-r003-20260818T051222Z,loan_to_approval,1,133,200,15.924500,
policy_only,3,4,perf-policy_only-r003-20260818T051222Z,loan_to_approval,1,134,200,15.776300,
policy_only,3,4,perf-policy_only-r003-20260818T051222Z,loan_to_approval,1,135,200,15.997700,
policy_only,3,4,perf-policy_only-r003-20260818T051222Z,loan_to_approval,1,136,200,15.892900,
policy_only,3,4,perf-policy_only-r003-20260818T051222Z,loan_to_approval,1,137,200,16.065400,
policy_only,3,4,perf-policy_only-r003-20260818T051222Z,loan_to_approval,1,138,200,16.330900,
policy_only,3,4,perf-policy_only-r003-20260818T051222Z,loan_to_approval,1,139,200,15.657800,
policy_only,3,4,perf-policy_only-r003-20260818T051222Z,loan_to_approval,1,140,200,15.142000,
policy_only,3,4,perf-policy_only-r003-20260818T051222Z,loan_to_approval,1,141,200,15.931500,
policy_only,3,4,perf-policy_only-r003-20260818T051222Z,loan_to_approval,1,142,200,15.795400,
policy_only,3,4,perf-policy_only-r003-20260818T051222Z,loan_to_approval,1,143,200,16.830700,
policy_only,3,4,perf-policy_only-r003-20260818T051222Z,loan_to_approval,1,144,200,16.132600,
policy_only,3,4,perf-policy_only-r003-20260818T051222Z,loan_to_approval,1,145,200,16.061600,
policy_only,3,4,perf-policy_only-r003-20260818T051222Z,loan_to_approval,1,146,200,15.907000,
policy_only,3,4,perf-policy_only-r003-20260818T051222Z,loan_to_approval,1,147,200,15.995300,
policy_only,3,4,perf-policy_only-r003-20260818T051222Z,loan_to_approval,1,148,200,16.216500,
policy_only,3,4,perf-policy_only-r003-20260818T051222Z,loan_to_approval,1,149,200,16.150700,
policy_only,3,4,perf-policy_only-r003-20260818T051222Z,loan_to_approval,1,150,200,17.018000,
policy_only,3,4,perf-policy_only-r003-20260818T051222Z,loan_to_approval,1,151,200,15.538400,
policy_only,3,4,perf-policy_only-r003-20260818T051222Z,loan_to_approval,1,152,200,15.790300,
policy_only,3,4,perf-policy_only-r003-20260818T051222Z,loan_to_approval,1,153,200,16.329500,
policy_only,3,4,perf-policy_only-r003-20260818T051222Z,loan_to_approval,1,154,200,16.224300,
policy_only,3,4,perf-policy_only-r003-20260818T051222Z,loan_to_approval,1,155,200,17.313600,
policy_only,3,4,perf-policy_only-r003-20260818T051222Z,loan_to_approval,1,156,200,16.856300,
policy_only,3,4,perf-policy_only-r003-20260818T051222Z,loan_to_approval,1,157,200,16.203300,
policy_only,3,4,perf-policy_only-r003-20260818T051222Z,loan_to_approval,1,158,200,16.614700,
policy_only,3,4,perf-policy_only-r003-20260818T051222Z,loan_to_approval,1,159,200,15.749500,
policy_only,3,4,perf-policy_only-r003-20260818T051222Z,loan_to_approval,1,160,200,16.456300,
policy_only,3,4,perf-policy_only-r003-20260818T051222Z,loan_to_approval,1,161,200,16.233000,
policy_only,3,4,perf-policy_only-r003-20260818T051222Z,loan_to_approval,1,162,200,17.605300,
policy_only,3,4,perf-policy_only-r003-20260818T051222Z,loan_to_approval,1,163,200,15.592500,
policy_only,3,4,perf-policy_only-r003-20260818T051222Z,loan_to_approval,1,164,200,16.116800,
policy_only,3,4,perf-policy_only-r003-20260818T051222Z,loan_to_approval,1,165,200,15.841000,
policy_only,3,4,perf-policy_only-r003-20260818T051222Z,loan_to_approval,1,166,200,15.813900,
policy_only,3,4,perf-policy_only-r003-20260818T051222Z,loan_to_approval,1,167,200,16.247800,
policy_only,3,4,perf-policy_only-r003-20260818T051222Z,loan_to_approval,1,168,200,15.963600,
policy_only,3,4,perf-policy_only-r003-20260818T051222Z,loan_to_approval,1,169,200,15.976500,
policy_only,3,4,perf-policy_only-r003-20260818T051222Z,loan_to_approval,1,170,200,16.294900,
policy_only,3,4,perf-policy_only-r003-20260818T051222Z,loan_to_approval,1,171,200,18.410600,
policy_only,3,4,perf-policy_only-r003-20260818T051222Z,loan_to_approval,1,172,200,15.958100,
policy_only,3,4,perf-policy_only-r003-20260818T051222Z,loan_to_approval,1,173,200,16.303400,
policy_only,3,4,perf-policy_only-r003-20260818T051222Z,loan_to_approval,1,174,200,16.923700,
policy_only,3,4,perf-policy_only-r003-20260818T051222Z,loan_to_approval,1,175,200,17.254200,
policy_only,3,4,perf-policy_only-r003-20260818T051222Z,loan_to_approval,1,176,200,16.820800,
policy_only,3,4,perf-policy_only-r003-20260818T051222Z,loan_to_approval,1,177,200,16.966500,
policy_only,3,4,perf-policy_only-r003-20260818T051222Z,loan_to_approval,1,178,200,17.347700,
policy_only,3,4,perf-policy_only-r003-20260818T051222Z,loan_to_approval,1,179,200,16.446300,
policy_only,3,4,perf-policy_only-r003-20260818T051222Z,loan_to_approval,1,180,200,16.098600,
policy_only,3,4,perf-policy_only-r003-20260818T051222Z,loan_to_approval,1,181,200,15.903900,
policy_only,3,4,perf-policy_only-r003-20260818T051222Z,loan_to_approval,1,182,200,16.868300,
policy_only,3,4,perf-policy_only-r003-20260818T051222Z,loan_to_approval,1,183,200,16.463900,
policy_only,3,4,perf-policy_only-r003-20260818T051222Z,loan_to_approval,1,184,200,16.325200,
policy_only,3,4,perf-policy_only-r003-20260818T051222Z,loan_to_approval,1,185,200,15.835100,
policy_only,3,4,perf-policy_only-r003-20260818T051222Z,loan_to_approval,1,186,200,16.791200,
policy_only,3,4,perf-policy_only-r003-20260818T051222Z,loan_to_approval,1,187,200,16.690200,
policy_only,3,4,perf-policy_only-r003-20260818T051222Z,loan_to_approval,1,188,200,17.108700,
policy_only,3,4,perf-policy_only-r003-20260818T051222Z,loan_to_approval,1,189,200,17.187500,
policy_only,3,4,perf-policy_only-r003-20260818T051222Z,loan_to_approval,1,190,200,15.066600,
policy_only,3,4,perf-policy_only-r003-20260818T051222Z,loan_to_approval,1,191,200,15.135900,
policy_only,3,4,perf-policy_only-r003-20260818T051222Z,loan_to_approval,1,192,200,15.321600,
policy_only,3,4,perf-policy_only-r003-20260818T051222Z,loan_to_approval,1,193,200,16.038100,
policy_only,3,4,perf-policy_only-r003-20260818T051222Z,loan_to_approval,1,194,200,16.848500,
policy_only,3,4,perf-policy_only-r003-20260818T051222Z,loan_to_approval,1,195,200,15.877600,
policy_only,3,4,perf-policy_only-r003-20260818T051222Z,loan_to_approval,1,196,200,16.016600,
policy_only,3,4,perf-policy_only-r003-20260818T051222Z,loan_to_approval,1,197,200,16.220500,
policy_only,3,4,perf-policy_only-r003-20260818T051222Z,loan_to_approval,1,198,200,15.797800,
policy_only,3,4,perf-policy_only-r003-20260818T051222Z,loan_to_approval,1,199,200,16.689300,
policy_only,3,4,perf-policy_only-r003-20260818T051222Z,loan_to_approval,1,200,200,18.042600,
policy_only,3,4,perf-policy_only-r003-20260818T051222Z,loan_to_approval,2,1,200,18.227000,
policy_only,3,4,perf-policy_only-r003-20260818T051222Z,loan_to_approval,2,2,200,17.634200,
policy_only,3,4,perf-policy_only-r003-20260818T051222Z,loan_to_approval,2,3,200,18.357200,
policy_only,3,4,perf-policy_only-r003-20260818T051222Z,loan_to_approval,2,4,200,19.080700,
policy_only,3,4,perf-policy_only-r003-20260818T051222Z,loan_to_approval,2,5,200,18.393500,
policy_only,3,4,perf-policy_only-r003-20260818T051222Z,loan_to_approval,2,6,200,20.520800,
policy_only,3,4,perf-policy_only-r003-20260818T051222Z,loan_to_approval,2,7,200,19.441000,
policy_only,3,4,perf-policy_only-r003-20260818T051222Z,loan_to_approval,2,8,200,17.489000,
policy_only,3,4,perf-policy_only-r003-20260818T051222Z,loan_to_approval,2,9,200,15.711300,
policy_only,3,4,perf-policy_only-r003-20260818T051222Z,loan_to_approval,2,10,200,16.295900,
policy_only,3,4,perf-policy_only-r003-20260818T051222Z,loan_to_approval,2,11,200,16.933100,
policy_only,3,4,perf-policy_only-r003-20260818T051222Z,loan_to_approval,2,12,200,17.658800,
policy_only,3,4,perf-policy_only-r003-20260818T051222Z,loan_to_approval,2,13,200,18.177200,
policy_only,3,4,perf-policy_only-r003-20260818T051222Z,loan_to_approval,2,14,200,16.675900,
policy_only,3,4,perf-policy_only-r003-20260818T051222Z,loan_to_approval,2,15,200,16.909900,
policy_only,3,4,perf-policy_only-r003-20260818T051222Z,loan_to_approval,2,16,200,16.765600,
policy_only,3,4,perf-policy_only-r003-20260818T051222Z,loan_to_approval,2,17,200,17.157200,
policy_only,3,4,perf-policy_only-r003-20260818T051222Z,loan_to_approval,2,18,200,17.441300,
policy_only,3,4,perf-policy_only-r003-20260818T051222Z,loan_to_approval,2,19,200,17.218000,
policy_only,3,4,perf-policy_only-r003-20260818T051222Z,loan_to_approval,2,20,200,16.944400,
policy_only,3,4,perf-policy_only-r003-20260818T051222Z,loan_to_approval,2,21,200,18.344000,
policy_only,3,4,perf-policy_only-r003-20260818T051222Z,loan_to_approval,2,22,200,17.051600,
policy_only,3,4,perf-policy_only-r003-20260818T051222Z,loan_to_approval,2,23,200,17.553700,
policy_only,3,4,perf-policy_only-r003-20260818T051222Z,loan_to_approval,2,24,200,15.734100,
policy_only,3,4,perf-policy_only-r003-20260818T051222Z,loan_to_approval,2,25,200,15.732100,
policy_only,3,4,perf-policy_only-r003-20260818T051222Z,loan_to_approval,2,26,200,15.956800,
policy_only,3,4,perf-policy_only-r003-20260818T051222Z,loan_to_approval,2,27,200,16.191400,
policy_only,3,4,perf-policy_only-r003-20260818T051222Z,loan_to_approval,2,28,200,17.408000,
policy_only,3,4,perf-policy_only-r003-20260818T051222Z,loan_to_approval,2,29,200,16.799000,
policy_only,3,4,perf-policy_only-r003-20260818T051222Z,loan_to_approval,2,30,200,17.973800,
policy_only,3,4,perf-policy_only-r003-20260818T051222Z,loan_to_approval,2,31,200,15.982800,
policy_only,3,4,perf-policy_only-r003-20260818T051222Z,loan_to_approval,2,32,200,16.159500,
policy_only,3,4,perf-policy_only-r003-20260818T051222Z,loan_to_approval,2,33,200,16.979600,
policy_only,3,4,perf-policy_only-r003-20260818T051222Z,loan_to_approval,2,34,200,16.460200,
policy_only,3,4,perf-policy_only-r003-20260818T051222Z,loan_to_approval,2,35,200,16.199000,
policy_only,3,4,perf-policy_only-r003-20260818T051222Z,loan_to_approval,2,36,200,15.665300,
policy_only,3,4,perf-policy_only-r003-20260818T051222Z,loan_to_approval,2,37,200,15.981300,
policy_only,3,4,perf-policy_only-r003-20260818T051222Z,loan_to_approval,2,38,200,15.670100,
policy_only,3,4,perf-policy_only-r003-20260818T051222Z,loan_to_approval,2,39,200,17.732100,
policy_only,3,4,perf-policy_only-r003-20260818T051222Z,loan_to_approval,2,40,200,15.875900,
policy_only,3,4,perf-policy_only-r003-20260818T051222Z,loan_to_approval,2,41,200,16.894100,
policy_only,3,4,perf-policy_only-r003-20260818T051222Z,loan_to_approval,2,42,200,16.018600,
policy_only,3,4,perf-policy_only-r003-20260818T051222Z,loan_to_approval,2,43,200,16.504600,
policy_only,3,4,perf-policy_only-r003-20260818T051222Z,loan_to_approval,2,44,200,16.610400,
policy_only,3,4,perf-policy_only-r003-20260818T051222Z,loan_to_approval,2,45,200,17.709400,
policy_only,3,4,perf-policy_only-r003-20260818T051222Z,loan_to_approval,2,46,200,16.236200,
policy_only,3,4,perf-policy_only-r003-20260818T051222Z,loan_to_approval,2,47,200,17.221500,
policy_only,3,4,perf-policy_only-r003-20260818T051222Z,loan_to_approval,2,48,200,16.835400,
policy_only,3,4,perf-policy_only-r003-20260818T051222Z,loan_to_approval,2,49,200,17.504900,
policy_only,3,4,perf-policy_only-r003-20260818T051222Z,loan_to_approval,2,50,200,15.960800,
policy_only,3,4,perf-policy_only-r003-20260818T051222Z,loan_to_approval,2,51,200,16.076300,
policy_only,3,4,perf-policy_only-r003-20260818T051222Z,loan_to_approval,2,52,200,16.102200,
policy_only,3,4,perf-policy_only-r003-20260818T051222Z,loan_to_approval,2,53,200,15.880000,
policy_only,3,4,perf-policy_only-r003-20260818T051222Z,loan_to_approval,2,54,200,15.989600,
policy_only,3,4,perf-policy_only-r003-20260818T051222Z,loan_to_approval,2,55,200,16.207800,
policy_only,3,4,perf-policy_only-r003-20260818T051222Z,loan_to_approval,2,56,200,16.922800,
policy_only,3,4,perf-policy_only-r003-20260818T051222Z,loan_to_approval,2,57,200,15.787500,
policy_only,3,4,perf-policy_only-r003-20260818T051222Z,loan_to_approval,2,58,200,17.377800,
policy_only,3,4,perf-policy_only-r003-20260818T051222Z,loan_to_approval,2,59,200,15.938300,
policy_only,3,4,perf-policy_only-r003-20260818T051222Z,loan_to_approval,2,60,200,19.735900,
policy_only,3,4,perf-policy_only-r003-20260818T051222Z,loan_to_approval,2,61,200,17.064700,
policy_only,3,4,perf-policy_only-r003-20260818T051222Z,loan_to_approval,2,62,200,15.667300,
policy_only,3,4,perf-policy_only-r003-20260818T051222Z,loan_to_approval,2,63,200,16.278600,
policy_only,3,4,perf-policy_only-r003-20260818T051222Z,loan_to_approval,2,64,200,15.872200,
policy_only,3,4,perf-policy_only-r003-20260818T051222Z,loan_to_approval,2,65,200,15.844100,
policy_only,3,4,perf-policy_only-r003-20260818T051222Z,loan_to_approval,2,66,200,18.011800,
policy_only,3,4,perf-policy_only-r003-20260818T051222Z,loan_to_approval,2,67,200,17.879800,
policy_only,3,4,perf-policy_only-r003-20260818T051222Z,loan_to_approval,2,68,200,21.298200,
policy_only,3,4,perf-policy_only-r003-20260818T051222Z,loan_to_approval,2,69,200,19.378500,
policy_only,3,4,perf-policy_only-r003-20260818T051222Z,loan_to_approval,2,70,200,19.056400,
policy_only,3,4,perf-policy_only-r003-20260818T051222Z,loan_to_approval,2,71,200,16.973700,
policy_only,3,4,perf-policy_only-r003-20260818T051222Z,loan_to_approval,2,72,200,16.820200,
policy_only,3,4,perf-policy_only-r003-20260818T051222Z,loan_to_approval,2,73,200,18.254600,
policy_only,3,4,perf-policy_only-r003-20260818T051222Z,loan_to_approval,2,74,200,18.265900,
policy_only,3,4,perf-policy_only-r003-20260818T051222Z,loan_to_approval,2,75,200,16.900300,
policy_only,3,4,perf-policy_only-r003-20260818T051222Z,loan_to_approval,2,76,200,17.840100,
policy_only,3,4,perf-policy_only-r003-20260818T051222Z,loan_to_approval,2,77,200,16.764100,
policy_only,3,4,perf-policy_only-r003-20260818T051222Z,loan_to_approval,2,78,200,17.634900,
policy_only,3,4,perf-policy_only-r003-20260818T051222Z,loan_to_approval,2,79,200,17.162100,
policy_only,3,4,perf-policy_only-r003-20260818T051222Z,loan_to_approval,2,80,200,16.268400,
policy_only,3,4,perf-policy_only-r003-20260818T051222Z,loan_to_approval,2,81,200,16.060700,
policy_only,3,4,perf-policy_only-r003-20260818T051222Z,loan_to_approval,2,82,200,15.860700,
policy_only,3,4,perf-policy_only-r003-20260818T051222Z,loan_to_approval,2,83,200,16.466800,
policy_only,3,4,perf-policy_only-r003-20260818T051222Z,loan_to_approval,2,84,200,16.234500,
policy_only,3,4,perf-policy_only-r003-20260818T051222Z,loan_to_approval,2,85,200,17.075400,
policy_only,3,4,perf-policy_only-r003-20260818T051222Z,loan_to_approval,2,86,200,16.326800,
policy_only,3,4,perf-policy_only-r003-20260818T051222Z,loan_to_approval,2,87,200,14.966900,
policy_only,3,4,perf-policy_only-r003-20260818T051222Z,loan_to_approval,2,88,200,15.889900,
policy_only,3,4,perf-policy_only-r003-20260818T051222Z,loan_to_approval,2,89,200,15.805400,
policy_only,3,4,perf-policy_only-r003-20260818T051222Z,loan_to_approval,2,90,200,16.717300,
policy_only,3,4,perf-policy_only-r003-20260818T051222Z,loan_to_approval,2,91,200,16.609300,
policy_only,3,4,perf-policy_only-r003-20260818T051222Z,loan_to_approval,2,92,200,15.760100,
policy_only,3,4,perf-policy_only-r003-20260818T051222Z,loan_to_approval,2,93,200,16.190100,
policy_only,3,4,perf-policy_only-r003-20260818T051222Z,loan_to_approval,2,94,200,16.029800,
policy_only,3,4,perf-policy_only-r003-20260818T051222Z,loan_to_approval,2,95,200,18.877700,
policy_only,3,4,perf-policy_only-r003-20260818T051222Z,loan_to_approval,2,96,200,15.940800,
policy_only,3,4,perf-policy_only-r003-20260818T051222Z,loan_to_approval,2,97,200,15.916500,
policy_only,3,4,perf-policy_only-r003-20260818T051222Z,loan_to_approval,2,98,200,18.522900,
policy_only,3,4,perf-policy_only-r003-20260818T051222Z,loan_to_approval,2,99,200,17.692000,
policy_only,3,4,perf-policy_only-r003-20260818T051222Z,loan_to_approval,2,100,200,16.110200,
policy_only,3,4,perf-policy_only-r003-20260818T051222Z,loan_to_approval,2,101,200,15.875400,
policy_only,3,4,perf-policy_only-r003-20260818T051222Z,loan_to_approval,2,102,200,17.269200,
policy_only,3,4,perf-policy_only-r003-20260818T051222Z,loan_to_approval,2,103,200,16.678300,
policy_only,3,4,perf-policy_only-r003-20260818T051222Z,loan_to_approval,2,104,200,17.018900,
policy_only,3,4,perf-policy_only-r003-20260818T051222Z,loan_to_approval,2,105,200,16.241500,
policy_only,3,4,perf-policy_only-r003-20260818T051222Z,loan_to_approval,2,106,200,15.452500,
policy_only,3,4,perf-policy_only-r003-20260818T051222Z,loan_to_approval,2,107,200,16.076300,
policy_only,3,4,perf-policy_only-r003-20260818T051222Z,loan_to_approval,2,108,200,17.555300,
policy_only,3,4,perf-policy_only-r003-20260818T051222Z,loan_to_approval,2,109,200,18.345800,
policy_only,3,4,perf-policy_only-r003-20260818T051222Z,loan_to_approval,2,110,200,16.699300,
policy_only,3,4,perf-policy_only-r003-20260818T051222Z,loan_to_approval,2,111,200,17.549400,
policy_only,3,4,perf-policy_only-r003-20260818T051222Z,loan_to_approval,2,112,200,15.922200,
policy_only,3,4,perf-policy_only-r003-20260818T051222Z,loan_to_approval,2,113,200,15.773100,
policy_only,3,4,perf-policy_only-r003-20260818T051222Z,loan_to_approval,2,114,200,15.766500,
policy_only,3,4,perf-policy_only-r003-20260818T051222Z,loan_to_approval,2,115,200,17.001700,
policy_only,3,4,perf-policy_only-r003-20260818T051222Z,loan_to_approval,2,116,200,16.420000,
policy_only,3,4,perf-policy_only-r003-20260818T051222Z,loan_to_approval,2,117,200,15.898900,
policy_only,3,4,perf-policy_only-r003-20260818T051222Z,loan_to_approval,2,118,200,15.859300,
policy_only,3,4,perf-policy_only-r003-20260818T051222Z,loan_to_approval,2,119,200,16.214400,
policy_only,3,4,perf-policy_only-r003-20260818T051222Z,loan_to_approval,2,120,200,16.746600,
policy_only,3,4,perf-policy_only-r003-20260818T051222Z,loan_to_approval,2,121,200,15.878600,
policy_only,3,4,perf-policy_only-r003-20260818T051222Z,loan_to_approval,2,122,200,16.136600,
policy_only,3,4,perf-policy_only-r003-20260818T051222Z,loan_to_approval,2,123,200,16.929700,
policy_only,3,4,perf-policy_only-r003-20260818T051222Z,loan_to_approval,2,124,200,17.437600,
policy_only,3,4,perf-policy_only-r003-20260818T051222Z,loan_to_approval,2,125,200,17.064200,
policy_only,3,4,perf-policy_only-r003-20260818T051222Z,loan_to_approval,2,126,200,15.447300,
policy_only,3,4,perf-policy_only-r003-20260818T051222Z,loan_to_approval,2,127,200,17.194700,
policy_only,3,4,perf-policy_only-r003-20260818T051222Z,loan_to_approval,2,128,200,17.504400,
policy_only,3,4,perf-policy_only-r003-20260818T051222Z,loan_to_approval,2,129,200,21.258100,
policy_only,3,4,perf-policy_only-r003-20260818T051222Z,loan_to_approval,2,130,200,20.644100,
policy_only,3,4,perf-policy_only-r003-20260818T051222Z,loan_to_approval,2,131,200,16.777900,
policy_only,3,4,perf-policy_only-r003-20260818T051222Z,loan_to_approval,2,132,200,17.932100,
policy_only,3,4,perf-policy_only-r003-20260818T051222Z,loan_to_approval,2,133,200,16.721900,
policy_only,3,4,perf-policy_only-r003-20260818T051222Z,loan_to_approval,2,134,200,16.933700,
policy_only,3,4,perf-policy_only-r003-20260818T051222Z,loan_to_approval,2,135,200,17.137800,
policy_only,3,4,perf-policy_only-r003-20260818T051222Z,loan_to_approval,2,136,200,17.489600,
policy_only,3,4,perf-policy_only-r003-20260818T051222Z,loan_to_approval,2,137,200,15.874000,
policy_only,3,4,perf-policy_only-r003-20260818T051222Z,loan_to_approval,2,138,200,16.486800,
policy_only,3,4,perf-policy_only-r003-20260818T051222Z,loan_to_approval,2,139,200,17.079700,
policy_only,3,4,perf-policy_only-r003-20260818T051222Z,loan_to_approval,2,140,200,16.994100,
policy_only,3,4,perf-policy_only-r003-20260818T051222Z,loan_to_approval,2,141,200,16.848400,
policy_only,3,4,perf-policy_only-r003-20260818T051222Z,loan_to_approval,2,142,200,17.026500,
policy_only,3,4,perf-policy_only-r003-20260818T051222Z,loan_to_approval,2,143,200,15.357100,
policy_only,3,4,perf-policy_only-r003-20260818T051222Z,loan_to_approval,2,144,200,16.204100,
policy_only,3,4,perf-policy_only-r003-20260818T051222Z,loan_to_approval,2,145,200,16.054300,
policy_only,3,4,perf-policy_only-r003-20260818T051222Z,loan_to_approval,2,146,200,15.602400,
policy_only,3,4,perf-policy_only-r003-20260818T051222Z,loan_to_approval,2,147,200,16.529200,
policy_only,3,4,perf-policy_only-r003-20260818T051222Z,loan_to_approval,2,148,200,15.897700,
policy_only,3,4,perf-policy_only-r003-20260818T051222Z,loan_to_approval,2,149,200,16.753700,
policy_only,3,4,perf-policy_only-r003-20260818T051222Z,loan_to_approval,2,150,200,16.062900,
policy_only,3,4,perf-policy_only-r003-20260818T051222Z,loan_to_approval,2,151,200,15.922200,
policy_only,3,4,perf-policy_only-r003-20260818T051222Z,loan_to_approval,2,152,200,15.928000,
policy_only,3,4,perf-policy_only-r003-20260818T051222Z,loan_to_approval,2,153,200,16.073800,
policy_only,3,4,perf-policy_only-r003-20260818T051222Z,loan_to_approval,2,154,200,15.880700,
policy_only,3,4,perf-policy_only-r003-20260818T051222Z,loan_to_approval,2,155,200,16.315300,
policy_only,3,4,perf-policy_only-r003-20260818T051222Z,loan_to_approval,2,156,200,15.991300,
policy_only,3,4,perf-policy_only-r003-20260818T051222Z,loan_to_approval,2,157,200,16.642000,
policy_only,3,4,perf-policy_only-r003-20260818T051222Z,loan_to_approval,2,158,200,17.740500,
policy_only,3,4,perf-policy_only-r003-20260818T051222Z,loan_to_approval,2,159,200,20.626700,
policy_only,3,4,perf-policy_only-r003-20260818T051222Z,loan_to_approval,2,160,200,15.695800,
policy_only,3,4,perf-policy_only-r003-20260818T051222Z,loan_to_approval,2,161,200,16.043900,
policy_only,3,4,perf-policy_only-r003-20260818T051222Z,loan_to_approval,2,162,200,15.690200,
policy_only,3,4,perf-policy_only-r003-20260818T051222Z,loan_to_approval,2,163,200,16.399000,
policy_only,3,4,perf-policy_only-r003-20260818T051222Z,loan_to_approval,2,164,200,15.535100,
policy_only,3,4,perf-policy_only-r003-20260818T051222Z,loan_to_approval,2,165,200,16.448200,
policy_only,3,4,perf-policy_only-r003-20260818T051222Z,loan_to_approval,2,166,200,16.687700,
policy_only,3,4,perf-policy_only-r003-20260818T051222Z,loan_to_approval,2,167,200,16.230200,
policy_only,3,4,perf-policy_only-r003-20260818T051222Z,loan_to_approval,2,168,200,17.570500,
policy_only,3,4,perf-policy_only-r003-20260818T051222Z,loan_to_approval,2,169,200,16.305100,
policy_only,3,4,perf-policy_only-r003-20260818T051222Z,loan_to_approval,2,170,200,16.225600,
policy_only,3,4,perf-policy_only-r003-20260818T051222Z,loan_to_approval,2,171,200,16.026700,
policy_only,3,4,perf-policy_only-r003-20260818T051222Z,loan_to_approval,2,172,200,17.017200,
policy_only,3,4,perf-policy_only-r003-20260818T051222Z,loan_to_approval,2,173,200,15.584600,
policy_only,3,4,perf-policy_only-r003-20260818T051222Z,loan_to_approval,2,174,200,15.939700,
policy_only,3,4,perf-policy_only-r003-20260818T051222Z,loan_to_approval,2,175,200,16.093600,
policy_only,3,4,perf-policy_only-r003-20260818T051222Z,loan_to_approval,2,176,200,15.929200,
policy_only,3,4,perf-policy_only-r003-20260818T051222Z,loan_to_approval,2,177,200,15.801200,
policy_only,3,4,perf-policy_only-r003-20260818T051222Z,loan_to_approval,2,178,200,16.317500,
policy_only,3,4,perf-policy_only-r003-20260818T051222Z,loan_to_approval,2,179,200,15.727500,
policy_only,3,4,perf-policy_only-r003-20260818T051222Z,loan_to_approval,2,180,200,15.925000,
policy_only,3,4,perf-policy_only-r003-20260818T051222Z,loan_to_approval,2,181,200,16.702000,
policy_only,3,4,perf-policy_only-r003-20260818T051222Z,loan_to_approval,2,182,200,16.269900,
policy_only,3,4,perf-policy_only-r003-20260818T051222Z,loan_to_approval,2,183,200,15.805100,
policy_only,3,4,perf-policy_only-r003-20260818T051222Z,loan_to_approval,2,184,200,16.333700,
policy_only,3,4,perf-policy_only-r003-20260818T051222Z,loan_to_approval,2,185,200,16.138400,
policy_only,3,4,perf-policy_only-r003-20260818T051222Z,loan_to_approval,2,186,200,15.784400,
policy_only,3,4,perf-policy_only-r003-20260818T051222Z,loan_to_approval,2,187,200,16.358600,
policy_only,3,4,perf-policy_only-r003-20260818T051222Z,loan_to_approval,2,188,200,15.054300,
policy_only,3,4,perf-policy_only-r003-20260818T051222Z,loan_to_approval,2,189,200,15.359900,
policy_only,3,4,perf-policy_only-r003-20260818T051222Z,loan_to_approval,2,190,200,17.431400,
policy_only,3,4,perf-policy_only-r003-20260818T051222Z,loan_to_approval,2,191,200,15.581400,
policy_only,3,4,perf-policy_only-r003-20260818T051222Z,loan_to_approval,2,192,200,16.140000,
policy_only,3,4,perf-policy_only-r003-20260818T051222Z,loan_to_approval,2,193,200,15.941500,
policy_only,3,4,perf-policy_only-r003-20260818T051222Z,loan_to_approval,2,194,200,15.972100,
policy_only,3,4,perf-policy_only-r003-20260818T051222Z,loan_to_approval,2,195,200,15.153000,
policy_only,3,4,perf-policy_only-r003-20260818T051222Z,loan_to_approval,2,196,200,15.816700,
policy_only,3,4,perf-policy_only-r003-20260818T051222Z,loan_to_approval,2,197,200,16.390300,
policy_only,3,4,perf-policy_only-r003-20260818T051222Z,loan_to_approval,2,198,200,15.938800,
policy_only,3,4,perf-policy_only-r003-20260818T051222Z,loan_to_approval,2,199,200,16.908000,
policy_only,3,4,perf-policy_only-r003-20260818T051222Z,loan_to_approval,2,200,200,16.988200,
policy_only,3,4,perf-policy_only-r003-20260818T051222Z,loan_to_approval,3,1,200,17.261400,
policy_only,3,4,perf-policy_only-r003-20260818T051222Z,loan_to_approval,3,2,200,16.477800,
policy_only,3,4,perf-policy_only-r003-20260818T051222Z,loan_to_approval,3,3,200,16.912300,
policy_only,3,4,perf-policy_only-r003-20260818T051222Z,loan_to_approval,3,4,200,16.549200,
policy_only,3,4,perf-policy_only-r003-20260818T051222Z,loan_to_approval,3,5,200,16.708700,
policy_only,3,4,perf-policy_only-r003-20260818T051222Z,loan_to_approval,3,6,200,16.633100,
policy_only,3,4,perf-policy_only-r003-20260818T051222Z,loan_to_approval,3,7,200,16.158000,
policy_only,3,4,perf-policy_only-r003-20260818T051222Z,loan_to_approval,3,8,200,16.012000,
policy_only,3,4,perf-policy_only-r003-20260818T051222Z,loan_to_approval,3,9,200,16.269300,
policy_only,3,4,perf-policy_only-r003-20260818T051222Z,loan_to_approval,3,10,200,17.768900,
policy_only,3,4,perf-policy_only-r003-20260818T051222Z,loan_to_approval,3,11,200,17.002700,
policy_only,3,4,perf-policy_only-r003-20260818T051222Z,loan_to_approval,3,12,200,15.593300,
policy_only,3,4,perf-policy_only-r003-20260818T051222Z,loan_to_approval,3,13,200,15.772700,
policy_only,3,4,perf-policy_only-r003-20260818T051222Z,loan_to_approval,3,14,200,16.119600,
policy_only,3,4,perf-policy_only-r003-20260818T051222Z,loan_to_approval,3,15,200,15.904400,
policy_only,3,4,perf-policy_only-r003-20260818T051222Z,loan_to_approval,3,16,200,15.818600,
policy_only,3,4,perf-policy_only-r003-20260818T051222Z,loan_to_approval,3,17,200,16.290300,
policy_only,3,4,perf-policy_only-r003-20260818T051222Z,loan_to_approval,3,18,200,20.123900,
policy_only,3,4,perf-policy_only-r003-20260818T051222Z,loan_to_approval,3,19,200,19.170400,
policy_only,3,4,perf-policy_only-r003-20260818T051222Z,loan_to_approval,3,20,200,16.889500,
policy_only,3,4,perf-policy_only-r003-20260818T051222Z,loan_to_approval,3,21,200,16.552900,
policy_only,3,4,perf-policy_only-r003-20260818T051222Z,loan_to_approval,3,22,200,16.137200,
policy_only,3,4,perf-policy_only-r003-20260818T051222Z,loan_to_approval,3,23,200,15.870600,
policy_only,3,4,perf-policy_only-r003-20260818T051222Z,loan_to_approval,3,24,200,16.238900,
policy_only,3,4,perf-policy_only-r003-20260818T051222Z,loan_to_approval,3,25,200,16.950000,
policy_only,3,4,perf-policy_only-r003-20260818T051222Z,loan_to_approval,3,26,200,16.962400,
policy_only,3,4,perf-policy_only-r003-20260818T051222Z,loan_to_approval,3,27,200,17.149000,
policy_only,3,4,perf-policy_only-r003-20260818T051222Z,loan_to_approval,3,28,200,16.849800,
policy_only,3,4,perf-policy_only-r003-20260818T051222Z,loan_to_approval,3,29,200,17.655900,
policy_only,3,4,perf-policy_only-r003-20260818T051222Z,loan_to_approval,3,30,200,17.526000,
policy_only,3,4,perf-policy_only-r003-20260818T051222Z,loan_to_approval,3,31,200,16.875100,
policy_only,3,4,perf-policy_only-r003-20260818T051222Z,loan_to_approval,3,32,200,16.078400,
policy_only,3,4,perf-policy_only-r003-20260818T051222Z,loan_to_approval,3,33,200,16.865900,
policy_only,3,4,perf-policy_only-r003-20260818T051222Z,loan_to_approval,3,34,200,16.914000,
policy_only,3,4,perf-policy_only-r003-20260818T051222Z,loan_to_approval,3,35,200,17.091800,
policy_only,3,4,perf-policy_only-r003-20260818T051222Z,loan_to_approval,3,36,200,16.731700,
policy_only,3,4,perf-policy_only-r003-20260818T051222Z,loan_to_approval,3,37,200,16.959200,
policy_only,3,4,perf-policy_only-r003-20260818T051222Z,loan_to_approval,3,38,200,16.383000,
policy_only,3,4,perf-policy_only-r003-20260818T051222Z,loan_to_approval,3,39,200,15.530400,
policy_only,3,4,perf-policy_only-r003-20260818T051222Z,loan_to_approval,3,40,200,16.791400,
policy_only,3,4,perf-policy_only-r003-20260818T051222Z,loan_to_approval,3,41,200,16.409100,
policy_only,3,4,perf-policy_only-r003-20260818T051222Z,loan_to_approval,3,42,200,15.831200,
policy_only,3,4,perf-policy_only-r003-20260818T051222Z,loan_to_approval,3,43,200,16.149500,
policy_only,3,4,perf-policy_only-r003-20260818T051222Z,loan_to_approval,3,44,200,15.908500,
policy_only,3,4,perf-policy_only-r003-20260818T051222Z,loan_to_approval,3,45,200,15.700000,
policy_only,3,4,perf-policy_only-r003-20260818T051222Z,loan_to_approval,3,46,200,16.392500,
policy_only,3,4,perf-policy_only-r003-20260818T051222Z,loan_to_approval,3,47,200,17.083400,
policy_only,3,4,perf-policy_only-r003-20260818T051222Z,loan_to_approval,3,48,200,15.836200,
policy_only,3,4,perf-policy_only-r003-20260818T051222Z,loan_to_approval,3,49,200,16.685400,
policy_only,3,4,perf-policy_only-r003-20260818T051222Z,loan_to_approval,3,50,200,16.368600,
policy_only,3,4,perf-policy_only-r003-20260818T051222Z,loan_to_approval,3,51,200,15.395700,
policy_only,3,4,perf-policy_only-r003-20260818T051222Z,loan_to_approval,3,52,200,16.072700,
policy_only,3,4,perf-policy_only-r003-20260818T051222Z,loan_to_approval,3,53,200,17.405100,
policy_only,3,4,perf-policy_only-r003-20260818T051222Z,loan_to_approval,3,54,200,16.811000,
policy_only,3,4,perf-policy_only-r003-20260818T051222Z,loan_to_approval,3,55,200,15.662200,
policy_only,3,4,perf-policy_only-r003-20260818T051222Z,loan_to_approval,3,56,200,15.963700,
policy_only,3,4,perf-policy_only-r003-20260818T051222Z,loan_to_approval,3,57,200,16.142100,
policy_only,3,4,perf-policy_only-r003-20260818T051222Z,loan_to_approval,3,58,200,15.812200,
policy_only,3,4,perf-policy_only-r003-20260818T051222Z,loan_to_approval,3,59,200,16.503600,
policy_only,3,4,perf-policy_only-r003-20260818T051222Z,loan_to_approval,3,60,200,17.079600,
policy_only,3,4,perf-policy_only-r003-20260818T051222Z,loan_to_approval,3,61,200,17.226400,
policy_only,3,4,perf-policy_only-r003-20260818T051222Z,loan_to_approval,3,62,200,16.607800,
policy_only,3,4,perf-policy_only-r003-20260818T051222Z,loan_to_approval,3,63,200,16.798300,
policy_only,3,4,perf-policy_only-r003-20260818T051222Z,loan_to_approval,3,64,200,17.152900,
policy_only,3,4,perf-policy_only-r003-20260818T051222Z,loan_to_approval,3,65,200,16.855700,
policy_only,3,4,perf-policy_only-r003-20260818T051222Z,loan_to_approval,3,66,200,16.874800,
policy_only,3,4,perf-policy_only-r003-20260818T051222Z,loan_to_approval,3,67,200,15.923900,
policy_only,3,4,perf-policy_only-r003-20260818T051222Z,loan_to_approval,3,68,200,15.921800,
policy_only,3,4,perf-policy_only-r003-20260818T051222Z,loan_to_approval,3,69,200,16.173600,
policy_only,3,4,perf-policy_only-r003-20260818T051222Z,loan_to_approval,3,70,200,15.877100,
policy_only,3,4,perf-policy_only-r003-20260818T051222Z,loan_to_approval,3,71,200,15.500900,
policy_only,3,4,perf-policy_only-r003-20260818T051222Z,loan_to_approval,3,72,200,16.765200,
policy_only,3,4,perf-policy_only-r003-20260818T051222Z,loan_to_approval,3,73,200,16.213500,
policy_only,3,4,perf-policy_only-r003-20260818T051222Z,loan_to_approval,3,74,200,15.338400,
policy_only,3,4,perf-policy_only-r003-20260818T051222Z,loan_to_approval,3,75,200,15.843600,
policy_only,3,4,perf-policy_only-r003-20260818T051222Z,loan_to_approval,3,76,200,15.740300,
policy_only,3,4,perf-policy_only-r003-20260818T051222Z,loan_to_approval,3,77,200,16.546700,
policy_only,3,4,perf-policy_only-r003-20260818T051222Z,loan_to_approval,3,78,200,16.521500,
policy_only,3,4,perf-policy_only-r003-20260818T051222Z,loan_to_approval,3,79,200,16.979900,
policy_only,3,4,perf-policy_only-r003-20260818T051222Z,loan_to_approval,3,80,200,15.924300,
policy_only,3,4,perf-policy_only-r003-20260818T051222Z,loan_to_approval,3,81,200,16.082500,
policy_only,3,4,perf-policy_only-r003-20260818T051222Z,loan_to_approval,3,82,200,15.993800,
policy_only,3,4,perf-policy_only-r003-20260818T051222Z,loan_to_approval,3,83,200,16.055800,
policy_only,3,4,perf-policy_only-r003-20260818T051222Z,loan_to_approval,3,84,200,15.914100,
policy_only,3,4,perf-policy_only-r003-20260818T051222Z,loan_to_approval,3,85,200,15.924300,
policy_only,3,4,perf-policy_only-r003-20260818T051222Z,loan_to_approval,3,86,200,16.116800,
policy_only,3,4,perf-policy_only-r003-20260818T051222Z,loan_to_approval,3,87,200,15.595400,
policy_only,3,4,perf-policy_only-r003-20260818T051222Z,loan_to_approval,3,88,200,16.225200,
policy_only,3,4,perf-policy_only-r003-20260818T051222Z,loan_to_approval,3,89,200,15.799400,
policy_only,3,4,perf-policy_only-r003-20260818T051222Z,loan_to_approval,3,90,200,15.294800,
policy_only,3,4,perf-policy_only-r003-20260818T051222Z,loan_to_approval,3,91,200,16.195200,
policy_only,3,4,perf-policy_only-r003-20260818T051222Z,loan_to_approval,3,92,200,17.172100,
policy_only,3,4,perf-policy_only-r003-20260818T051222Z,loan_to_approval,3,93,200,16.337500,
policy_only,3,4,perf-policy_only-r003-20260818T051222Z,loan_to_approval,3,94,200,15.990500,
policy_only,3,4,perf-policy_only-r003-20260818T051222Z,loan_to_approval,3,95,200,15.980400,
policy_only,3,4,perf-policy_only-r003-20260818T051222Z,loan_to_approval,3,96,200,16.277100,
policy_only,3,4,perf-policy_only-r003-20260818T051222Z,loan_to_approval,3,97,200,16.457500,
policy_only,3,4,perf-policy_only-r003-20260818T051222Z,loan_to_approval,3,98,200,16.581500,
policy_only,3,4,perf-policy_only-r003-20260818T051222Z,loan_to_approval,3,99,200,16.755800,
policy_only,3,4,perf-policy_only-r003-20260818T051222Z,loan_to_approval,3,100,200,15.897100,
policy_only,3,4,perf-policy_only-r003-20260818T051222Z,loan_to_approval,3,101,200,16.023000,
policy_only,3,4,perf-policy_only-r003-20260818T051222Z,loan_to_approval,3,102,200,15.810600,
policy_only,3,4,perf-policy_only-r003-20260818T051222Z,loan_to_approval,3,103,200,16.047500,
policy_only,3,4,perf-policy_only-r003-20260818T051222Z,loan_to_approval,3,104,200,16.288200,
policy_only,3,4,perf-policy_only-r003-20260818T051222Z,loan_to_approval,3,105,200,17.094000,
policy_only,3,4,perf-policy_only-r003-20260818T051222Z,loan_to_approval,3,106,200,15.646700,
policy_only,3,4,perf-policy_only-r003-20260818T051222Z,loan_to_approval,3,107,200,15.981800,
policy_only,3,4,perf-policy_only-r003-20260818T051222Z,loan_to_approval,3,108,200,16.047600,
policy_only,3,4,perf-policy_only-r003-20260818T051222Z,loan_to_approval,3,109,200,16.368300,
policy_only,3,4,perf-policy_only-r003-20260818T051222Z,loan_to_approval,3,110,200,17.427600,
policy_only,3,4,perf-policy_only-r003-20260818T051222Z,loan_to_approval,3,111,200,16.365900,
policy_only,3,4,perf-policy_only-r003-20260818T051222Z,loan_to_approval,3,112,200,16.459500,
policy_only,3,4,perf-policy_only-r003-20260818T051222Z,loan_to_approval,3,113,200,17.399300,
policy_only,3,4,perf-policy_only-r003-20260818T051222Z,loan_to_approval,3,114,200,16.086700,
policy_only,3,4,perf-policy_only-r003-20260818T051222Z,loan_to_approval,3,115,200,16.858200,
policy_only,3,4,perf-policy_only-r003-20260818T051222Z,loan_to_approval,3,116,200,15.731000,
policy_only,3,4,perf-policy_only-r003-20260818T051222Z,loan_to_approval,3,117,200,16.291300,
policy_only,3,4,perf-policy_only-r003-20260818T051222Z,loan_to_approval,3,118,200,16.732700,
policy_only,3,4,perf-policy_only-r003-20260818T051222Z,loan_to_approval,3,119,200,16.387700,
policy_only,3,4,perf-policy_only-r003-20260818T051222Z,loan_to_approval,3,120,200,15.593300,
policy_only,3,4,perf-policy_only-r003-20260818T051222Z,loan_to_approval,3,121,200,15.909500,
policy_only,3,4,perf-policy_only-r003-20260818T051222Z,loan_to_approval,3,122,200,16.302700,
policy_only,3,4,perf-policy_only-r003-20260818T051222Z,loan_to_approval,3,123,200,17.527100,
policy_only,3,4,perf-policy_only-r003-20260818T051222Z,loan_to_approval,3,124,200,18.965300,
policy_only,3,4,perf-policy_only-r003-20260818T051222Z,loan_to_approval,3,125,200,16.234400,
policy_only,3,4,perf-policy_only-r003-20260818T051222Z,loan_to_approval,3,126,200,17.431700,
policy_only,3,4,perf-policy_only-r003-20260818T051222Z,loan_to_approval,3,127,200,17.095800,
policy_only,3,4,perf-policy_only-r003-20260818T051222Z,loan_to_approval,3,128,200,18.104300,
policy_only,3,4,perf-policy_only-r003-20260818T051222Z,loan_to_approval,3,129,200,16.675300,
policy_only,3,4,perf-policy_only-r003-20260818T051222Z,loan_to_approval,3,130,200,15.820800,
policy_only,3,4,perf-policy_only-r003-20260818T051222Z,loan_to_approval,3,131,200,15.998900,
policy_only,3,4,perf-policy_only-r003-20260818T051222Z,loan_to_approval,3,132,200,17.168700,
policy_only,3,4,perf-policy_only-r003-20260818T051222Z,loan_to_approval,3,133,200,16.748100,
policy_only,3,4,perf-policy_only-r003-20260818T051222Z,loan_to_approval,3,134,200,16.612700,
policy_only,3,4,perf-policy_only-r003-20260818T051222Z,loan_to_approval,3,135,200,16.135200,
policy_only,3,4,perf-policy_only-r003-20260818T051222Z,loan_to_approval,3,136,200,17.041500,
policy_only,3,4,perf-policy_only-r003-20260818T051222Z,loan_to_approval,3,137,200,16.795000,
policy_only,3,4,perf-policy_only-r003-20260818T051222Z,loan_to_approval,3,138,200,16.749800,
policy_only,3,4,perf-policy_only-r003-20260818T051222Z,loan_to_approval,3,139,200,16.566400,
policy_only,3,4,perf-policy_only-r003-20260818T051222Z,loan_to_approval,3,140,200,18.786000,
policy_only,3,4,perf-policy_only-r003-20260818T051222Z,loan_to_approval,3,141,200,18.425900,
policy_only,3,4,perf-policy_only-r003-20260818T051222Z,loan_to_approval,3,142,200,16.339500,
policy_only,3,4,perf-policy_only-r003-20260818T051222Z,loan_to_approval,3,143,200,15.614100,
policy_only,3,4,perf-policy_only-r003-20260818T051222Z,loan_to_approval,3,144,200,15.077800,
policy_only,3,4,perf-policy_only-r003-20260818T051222Z,loan_to_approval,3,145,200,16.220300,
policy_only,3,4,perf-policy_only-r003-20260818T051222Z,loan_to_approval,3,146,200,16.292300,
policy_only,3,4,perf-policy_only-r003-20260818T051222Z,loan_to_approval,3,147,200,16.914100,
policy_only,3,4,perf-policy_only-r003-20260818T051222Z,loan_to_approval,3,148,200,15.650400,
policy_only,3,4,perf-policy_only-r003-20260818T051222Z,loan_to_approval,3,149,200,16.098400,
policy_only,3,4,perf-policy_only-r003-20260818T051222Z,loan_to_approval,3,150,200,16.583200,
policy_only,3,4,perf-policy_only-r003-20260818T051222Z,loan_to_approval,3,151,200,16.797200,
policy_only,3,4,perf-policy_only-r003-20260818T051222Z,loan_to_approval,3,152,200,16.107400,
policy_only,3,4,perf-policy_only-r003-20260818T051222Z,loan_to_approval,3,153,200,17.061700,
policy_only,3,4,perf-policy_only-r003-20260818T051222Z,loan_to_approval,3,154,200,16.897100,
policy_only,3,4,perf-policy_only-r003-20260818T051222Z,loan_to_approval,3,155,200,16.812400,
policy_only,3,4,perf-policy_only-r003-20260818T051222Z,loan_to_approval,3,156,200,15.878000,
policy_only,3,4,perf-policy_only-r003-20260818T051222Z,loan_to_approval,3,157,200,16.875700,
policy_only,3,4,perf-policy_only-r003-20260818T051222Z,loan_to_approval,3,158,200,15.849500,
policy_only,3,4,perf-policy_only-r003-20260818T051222Z,loan_to_approval,3,159,200,16.227400,
policy_only,3,4,perf-policy_only-r003-20260818T051222Z,loan_to_approval,3,160,200,17.110900,
policy_only,3,4,perf-policy_only-r003-20260818T051222Z,loan_to_approval,3,161,200,17.232400,
policy_only,3,4,perf-policy_only-r003-20260818T051222Z,loan_to_approval,3,162,200,16.243100,
policy_only,3,4,perf-policy_only-r003-20260818T051222Z,loan_to_approval,3,163,200,18.979000,
policy_only,3,4,perf-policy_only-r003-20260818T051222Z,loan_to_approval,3,164,200,16.341400,
policy_only,3,4,perf-policy_only-r003-20260818T051222Z,loan_to_approval,3,165,200,17.419800,
policy_only,3,4,perf-policy_only-r003-20260818T051222Z,loan_to_approval,3,166,200,17.196500,
policy_only,3,4,perf-policy_only-r003-20260818T051222Z,loan_to_approval,3,167,200,17.265200,
policy_only,3,4,perf-policy_only-r003-20260818T051222Z,loan_to_approval,3,168,200,16.672400,
policy_only,3,4,perf-policy_only-r003-20260818T051222Z,loan_to_approval,3,169,200,17.304300,
policy_only,3,4,perf-policy_only-r003-20260818T051222Z,loan_to_approval,3,170,200,17.648100,
policy_only,3,4,perf-policy_only-r003-20260818T051222Z,loan_to_approval,3,171,200,18.248000,
policy_only,3,4,perf-policy_only-r003-20260818T051222Z,loan_to_approval,3,172,200,20.299600,
policy_only,3,4,perf-policy_only-r003-20260818T051222Z,loan_to_approval,3,173,200,19.125400,
policy_only,3,4,perf-policy_only-r003-20260818T051222Z,loan_to_approval,3,174,200,17.823900,
policy_only,3,4,perf-policy_only-r003-20260818T051222Z,loan_to_approval,3,175,200,20.439000,
policy_only,3,4,perf-policy_only-r003-20260818T051222Z,loan_to_approval,3,176,200,20.747200,
policy_only,3,4,perf-policy_only-r003-20260818T051222Z,loan_to_approval,3,177,200,20.050200,
policy_only,3,4,perf-policy_only-r003-20260818T051222Z,loan_to_approval,3,178,200,16.420500,
policy_only,3,4,perf-policy_only-r003-20260818T051222Z,loan_to_approval,3,179,200,18.320800,
policy_only,3,4,perf-policy_only-r003-20260818T051222Z,loan_to_approval,3,180,200,17.705600,
policy_only,3,4,perf-policy_only-r003-20260818T051222Z,loan_to_approval,3,181,200,16.643000,
policy_only,3,4,perf-policy_only-r003-20260818T051222Z,loan_to_approval,3,182,200,17.306500,
policy_only,3,4,perf-policy_only-r003-20260818T051222Z,loan_to_approval,3,183,200,16.659600,
policy_only,3,4,perf-policy_only-r003-20260818T051222Z,loan_to_approval,3,184,200,16.896800,
policy_only,3,4,perf-policy_only-r003-20260818T051222Z,loan_to_approval,3,185,200,15.865900,
policy_only,3,4,perf-policy_only-r003-20260818T051222Z,loan_to_approval,3,186,200,17.236300,
policy_only,3,4,perf-policy_only-r003-20260818T051222Z,loan_to_approval,3,187,200,17.257600,
policy_only,3,4,perf-policy_only-r003-20260818T051222Z,loan_to_approval,3,188,200,17.911500,
policy_only,3,4,perf-policy_only-r003-20260818T051222Z,loan_to_approval,3,189,200,17.002800,
policy_only,3,4,perf-policy_only-r003-20260818T051222Z,loan_to_approval,3,190,200,17.130000,
policy_only,3,4,perf-policy_only-r003-20260818T051222Z,loan_to_approval,3,191,200,16.502000,
policy_only,3,4,perf-policy_only-r003-20260818T051222Z,loan_to_approval,3,192,200,15.859800,
policy_only,3,4,perf-policy_only-r003-20260818T051222Z,loan_to_approval,3,193,200,16.259000,
policy_only,3,4,perf-policy_only-r003-20260818T051222Z,loan_to_approval,3,194,200,16.765700,
policy_only,3,4,perf-policy_only-r003-20260818T051222Z,loan_to_approval,3,195,200,16.642500,
policy_only,3,4,perf-policy_only-r003-20260818T051222Z,loan_to_approval,3,196,200,16.186300,
policy_only,3,4,perf-policy_only-r003-20260818T051222Z,loan_to_approval,3,197,200,15.869800,
policy_only,3,4,perf-policy_only-r003-20260818T051222Z,loan_to_approval,3,198,200,18.948600,
policy_only,3,4,perf-policy_only-r003-20260818T051222Z,loan_to_approval,3,199,200,17.271200,
policy_only,3,4,perf-policy_only-r003-20260818T051222Z,loan_to_approval,3,200,200,14.548100,
