mode,round_id,order_position,experiment_run_id,flow,batch_id,request_id,status_code,latency_ms,error
policy_only,10,1,perf-policy_only-r010-20260818T053825Z,loan_to_customer,1,1,200,14.507000,
policy_only,10,1,perf-policy_only-r010-20260818T053825Z,loan_to_customer,1,2,200,13.977500,
policy_only,10,1,perf-policy_only-r010-20260818T053825Z,loan_to_customer,1,3,200,14.885700,
policy_only,10,1,perf-policy_only-r010-20260818T053825Z,loan_to_customer,1,4,200,14.640600,
policy_only,10,1,perf-policy_only-r010-20260818T053825Z,loan_to_customer,1,5,200,14.352300,
policy_only,10,1,perf-policy_only-r010-20260818T053825Z,loan_to_customer,1,6,200,14.126100,
policy_only,10,1,perf-policy_only-r010-20260818T053825Z,loan_to_customer,1,7,200,14.382100,
policy_only,10,1,perf-policy_only-r010-20260818T053825Z,loan_to_customer,1,8,200,14.559700,
policy_only,10,1,perf-policy_only-r010-20260818T053825Z,loan_to_customer,1,9,200,13.996300,
policy_only,10,1,perf-policy_only-r010-20260818T053825Z,loan_to_customer,1,10,200,14.634300,
policy_only,10,1,perf-policy_only-r010-20260818T053825Z,loan_to_customer,1,11,200,14.108500,
policy_only,10,1,perf-policy_only-r010-20260818T053825Z,loan_to_customer,1,12,200,14.238500,
policy_only,10,1,perf-policy_only-r010-20260818T053825Z,loan_to_customer,1,13,200,14.060100,
policy_only,10,1,perf-policy_only-r010-20260818T053825Z,loan_to_customer,1,14,200,14.604300,
policy_only,10,1,perf-policy_only-r010-20260818T053825Z,loan_to_customer,1,15,200,14.441300,
policy_only,10,1,perf-policy_only-r010-20260818T053825Z,loan_to_customer,1,16,200,14.103700,
policy_only,10,1,perf-policy_only-r010-20260818T053825Z,loan_to_customer,1,17,200,14.358200,
policy_only,10,1,perf-policy_only-r010-20260818T053825Z,loan_to_customer,1,18,200,13.863200,
policy_only,10,1,perf-policy_only-r010-20260818T053825Z,loan_to_customer,1,19,200,14.193700,
policy_only,10,1,perf-policy_only-r010-20260818T053825Z,loan_to_customer,1,20,200,14.316700,
policy_only,10,1,perf-policy_only-r010-20260818T053825Z,loan_to_customer,1,21,200,14.770600,
policy_only,10,1,perf-policy_only-r010-20260818T053825Z,loan_to_customer,1,22,200,14.319300,
policy_only,10,1,perf-policy_only-r010-20260818T053825Z,loan_to_customer,1,23,200,14.740300,
policy_only,10,1,perf-policy_only-r010-20260818T053825Z,loan_to_customer,1,24,200,17.758600,
policy_only,10,1,perf-policy_only-r010-20260818T053825Z,loan_to_customer,1,25,200,14.906900,
policy_only,10,1,perf-policy_only-r010-20260818T053825Z,loan_to_customer,1,26,200,14.280100,
policy_only,10,1,perf-policy_only-r010-20260818T053825Z,loan_to_customer,1,27,200,14.348600,
policy_only,10,1,perf-policy_only-r010-20260818T053825Z,loan_to_customer,1,28,200,13.788800,
policy_only,10,1,perf-policy_only-r010-20260818T053825Z,loan_to_customer,1,29,200,13.867300,
policy_only,10,1,perf-policy_only-r010-20260818T053825Z,loan_to_customer,1,30,200,13.966500,
policy_only,10,1,perf-policy_only-r010-20260818T053825Z,loan_to_customer,1,31,200,13.974500,
policy_only,10,1,perf-policy_only-r010-20260818T053825Z,loan_to_customer,1,32,200,13.699400,
policy_only,10,1,perf-policy_only-r010-20260818T053825Z,loan_to_customer,1,33,200,14.308300,
policy_only,10,1,perf-policy_only-r010-20260818T053825Z,loan_to_customer,1,34,200,14.446500,
policy_only,10,1,perf-policy_only-r010-20260818T053825Z,loan_to_customer,1,35,200,14.176200,
policy_only,10,1,perf-policy_only-r010-20260818T053825Z,loan_to_customer,1,36,200,14.356900,
policy_only,10,1,perf-policy_only-r010-20260818T053825Z,loan_to_customer,1,37,200,14.512000,
policy_only,10,1,perf-policy_only-r010-20260818T053825Z,loan_to_customer,1,38,200,14.890500,
policy_only,10,1,perf-policy_only-r010-20260818T053825Z,loan_to_customer,1,39,200,14.370900,
policy_only,10,1,perf-policy_only-r010-20260818T053825Z,loan_to_customer,1,40,200,14.627200,
policy_only,10,1,perf-policy_only-r010-20260818T053825Z,loan_to_customer,1,41,200,14.143400,
policy_only,10,1,perf-policy_only-r010-20260818T053825Z,loan_to_customer,1,42,200,13.622100,
policy_only,10,1,perf-policy_only-r010-20260818T053825Z,loan_to_customer,1,43,200,14.436200,
policy_only,10,1,perf-policy_only-r010-20260818T053825Z,loan_to_customer,1,44,200,14.050400,
policy_only,10,1,perf-policy_only-r010-20260818T053825Z,loan_to_customer,1,45,200,14.219000,
policy_only,10,1,perf-policy_only-r010-20260818T053825Z,loan_to_customer,1,46,200,14.420500,
policy_only,10,1,perf-policy_only-r010-20260818T053825Z,loan_to_customer,1,47,200,14.009600,
policy_only,10,1,perf-policy_only-r010-20260818T053825Z,loan_to_customer,1,48,200,14.129500,
policy_only,10,1,perf-policy_only-r010-20260818T053825Z,loan_to_customer,1,49,200,14.301600,
policy_only,10,1,perf-policy_only-r010-20260818T053825Z,loan_to_customer,1,50,200,13.887500,
policy_only,10,1,perf-policy_only-r010-20260818T053825Z,loan_to_customer,1,51,200,15.206400,
policy_only,10,1,perf-policy_only-r010-20260818T053825Z,loan_to_customer,1,52,200,14.530600,
policy_only,10,1,perf-policy_only-r010-20260818T053825Z,loan_to_customer,1,53,200,14.118100,
policy_only,10,1,perf-policy_only-r010-20260818T053825Z,loan_to_customer,1,54,200,15.320500,
policy_only,10,1,perf-policy_only-r010-20260818T053825Z,loan_to_customer,1,55,200,15.020100,
policy_only,10,1,perf-policy_only-r010-20260818T053825Z,loan_to_customer,1,56,200,15.003200,
policy_only,10,1,perf-policy_only-r010-20260818T053825Z,loan_to_customer,1,57,200,14.883000,
policy_only,10,1,perf-policy_only-r010-20260818T053825Z,loan_to_customer,1,58,200,16.069800,
policy_only,10,1,perf-policy_only-r010-20260818T053825Z,loan_to_customer,1,59,200,15.858300,
policy_only,10,1,perf-policy_only-r010-20260818T053825Z,loan_to_customer,1,60,200,16.359800,
policy_only,10,1,perf-policy_only-r010-20260818T053825Z,loan_to_customer,1,61,200,15.039900,
policy_only,10,1,perf-policy_only-r010-20260818T053825Z,loan_to_customer,1,62,200,14.947700,
policy_only,10,1,perf-policy_only-r010-20260818T053825Z,loan_to_customer,1,63,200,15.949800,
policy_only,10,1,perf-policy_only-r010-20260818T053825Z,loan_to_customer,1,64,200,15.374200,
policy_only,10,1,perf-policy_only-r010-20260818T053825Z,loan_to_customer,1,65,200,15.087300,
policy_only,10,1,perf-policy_only-r010-20260818T053825Z,loan_to_customer,1,66,200,14.238900,
policy_only,10,1,perf-policy_only-r010-20260818T053825Z,loan_to_customer,1,67,200,14.302500,
policy_only,10,1,perf-policy_only-r010-20260818T053825Z,loan_to_customer,1,68,200,14.866900,
policy_only,10,1,perf-policy_only-r010-20260818T053825Z,loan_to_customer,1,69,200,15.227900,
policy_only,10,1,perf-policy_only-r010-20260818T053825Z,loan_to_customer,1,70,200,14.249900,
policy_only,10,1,perf-policy_only-r010-20260818T053825Z,loan_to_customer,1,71,200,14.255500,
policy_only,10,1,perf-policy_only-r010-20260818T053825Z,loan_to_customer,1,72,200,14.274700,
policy_only,10,1,perf-policy_only-r010-20260818T053825Z,loan_to_customer,1,73,200,14.333700,
policy_only,10,1,perf-policy_only-r010-20260818T053825Z,loan_to_customer,1,74,200,13.663700,
policy_only,10,1,perf-policy_only-r010-20260818T053825Z,loan_to_customer,1,75,200,14.070100,
policy_only,10,1,perf-policy_only-r010-20260818T053825Z,loan_to_customer,1,76,200,14.134600,
policy_only,10,1,perf-policy_only-r010-20260818T053825Z,loan_to_customer,1,77,200,14.122100,
policy_only,10,1,perf-policy_only-r010-20260818T053825Z,loan_to_customer,1,78,200,14.223300,
policy_only,10,1,perf-policy_only-r010-20260818T053825Z,loan_to_customer,1,79,200,13.847500,
policy_only,10,1,perf-policy_only-r010-20260818T053825Z,loan_to_customer,1,80,200,13.722500,
policy_only,10,1,perf-policy_only-r010-20260818T053825Z,loan_to_customer,1,81,200,14.631700,
policy_only,10,1,perf-policy_only-r010-20260818T053825Z,loan_to_customer,1,82,200,14.388200,
policy_only,10,1,perf-policy_only-r010-20260818T053825Z,loan_to_customer,1,83,200,14.212800,
policy_only,10,1,perf-policy_only-r010-20260818T053825Z,loan_to_customer,1,84,200,14.170100,
policy_only,10,1,perf-policy_only-r010-20260818T053825Z,loan_to_customer,1,85,200,14.093200,
policy_only,10,1,perf-policy_only-r010-20260818T053825Z,loan_to_customer,1,86,200,14.680700,
policy_only,10,1,perf-policy_only-r010-20260818T053825Z,loan_to_customer,1,87,200,14.373500,
policy_only,10,1,perf-policy_only-r010-20260818T053825Z,loan_to_customer,1,88,200,14.704800,
policy_only,10,1,perf-policy_only-r010-20260818T053825Z,loan_to_customer,1,89,200,14.394700,
policy_only,10,1,perf-policy_only-r010-20260818T053825Z,loan_to_customer,1,90,200,14.573600,
policy_only,10,1,perf-policy_only-r010-20260818T053825Z,loan_to_customer,1,91,200,15.218200,
policy_only,10,1,perf-policy_only-r010-20260818T053825Z,loan_to_customer,1,92,200,15.492100,
policy_only,10,1,perf-policy_only-r010-20260818T053825Z,loan_to_customer,1,93,200,15.418100,
policy_only,10,1,perf-policy_only-r010-20260818T053825Z,loan_to_customer,1,94,200,14.821400,
policy_only,10,1,perf-policy_only-r010-20260818T053825Z,loan_to_customer,1,95,200,23.819800,
policy_only,10,1,perf-policy_only-r010-20260818T053825Z,loan_to_customer,1,96,200,14.701600,
policy_only,10,1,perf-policy_only-r010-20260818T053825Z,loan_to_customer,1,97,200,14.476200,
policy_only,10,1,perf-policy_only-r010-20260818T053825Z,loan_to_customer,1,98,200,14.025600,
policy_only,10,1,perf-policy_only-r010-20260818T053825Z,loan_to_customer,1,99,200,14.812900,
policy_only,10,1,perf-policy_only-r010-20260818T053825Z,loan_to_customer,1,100,200,14.706100,
policy_only,10,1,perf-policy_only-r010-20260818T053825Z,loan_to_customer,1,101,200,14.239900,
policy_only,10,1,perf-policy_only-r010-20260818T053825Z,loan_to_customer,1,102,200,14.918700,
policy_only,10,1,perf-policy_only-r010-20260818T053825Z,loan_to_customer,1,103,200,13.963100,
policy_only,10,1,perf-policy_only-r010-20260818T053825Z,loan_to_customer,1,104,200,13.886500,
policy_only,10,1,perf-policy_only-r010-20260818T053825Z,loan_to_customer,1,105,200,14.861800,
policy_only,10,1,perf-policy_only-r010-20260818T053825Z,loan_to_customer,1,106,200,14.321100,
policy_only,10,1,perf-policy_only-r010-20260818T053825Z,loan_to_customer,1,107,200,13.684300,
policy_only,10,1,perf-policy_only-r010-20260818T053825Z,loan_to_customer,1,108,200,14.201800,
policy_only,10,1,perf-policy_only-r010-20260818T053825Z,loan_to_customer,1,109,200,14.261700,
policy_only,10,1,perf-policy_only-r010-20260818T053825Z,loan_to_customer,1,110,200,14.695700,
policy_only,10,1,perf-policy_only-r010-20260818T053825Z,loan_to_customer,1,111,200,13.952900,
policy_only,10,1,perf-policy_only-r010-20260818T053825Z,loan_to_customer,1,112,200,14.707700,
policy_only,10,1,perf-policy_only-r010-20260818T053825Z,loan_to_customer,1,113,200,14.809800,
policy_only,10,1,perf-policy_only-r010-20260818T053825Z,loan_to_customer,1,114,200,14.181100,
policy_only,10,1,perf-policy_only-r010-20260818T053825Z,loan_to_customer,1,115,200,14.195500,
policy_only,10,1,perf-policy_only-r010-20260818T053825Z,loan_to_customer,1,116,200,13.851500,
policy_only,10,1,perf-policy_only-r010-20260818T053825Z,loan_to_customer,1,117,200,14.252300,
policy_only,10,1,perf-policy_only-r010-20260818T053825Z,loan_to_customer,1,118,200,13.827600,
policy_only,10,1,perf-policy_only-r010-20260818T053825Z,loan_to_customer,1,119,200,14.300100,
policy_only,10,1,perf-policy_only-r010-20260818T053825Z,loan_to_customer,1,120,200,14.584000,
policy_only,10,1,perf-policy_only-r010-20260818T053825Z,loan_to_customer,1,121,200,15.102100,
policy_only,10,1,perf-policy_only-r010-20260818T053825Z,loan_to_customer,1,122,200,14.742500,
policy_only,10,1,perf-policy_only-r010-20260818T053825Z,loan_to_customer,1,123,200,14.547500,
policy_only,10,1,perf-policy_only-r010-20260818T053825Z,loan_to_customer,1,124,200,14.001300,
policy_only,10,1,perf-policy_only-r010-20260818T053825Z,loan_to_customer,1,125,200,15.576200,
policy_only,10,1,perf-policy_only-r010-20260818T053825Z,loan_to_customer,1,126,200,14.138600,
policy_only,10,1,perf-policy_only-r010-20260818T053825Z,loan_to_customer,1,127,200,15.711300,
policy_only,10,1,perf-policy_only-r010-20260818T053825Z,loan_to_customer,1,128,200,15.186300,
policy_only,10,1,perf-policy_only-r010-20260818T053825Z,loan_to_customer,1,129,200,15.101200,
policy_only,10,1,perf-policy_only-r010-20260818T053825Z,loan_to_customer,1,130,200,15.281500,
policy_only,10,1,perf-policy_only-r010-20260818T053825Z,loan_to_customer,1,131,200,14.725800,
policy_only,10,1,perf-policy_only-r010-20260818T053825Z,loan_to_customer,1,132,200,14.386000,
policy_only,10,1,perf-policy_only-r010-20260818T053825Z,loan_to_customer,1,133,200,14.800400,
policy_only,10,1,perf-policy_only-r010-20260818T053825Z,loan_to_customer,1,134,200,14.566000,
policy_only,10,1,perf-policy_only-r010-20260818T053825Z,loan_to_customer,1,135,200,15.276900,
policy_only,10,1,perf-policy_only-r010-20260818T053825Z,loan_to_customer,1,136,200,14.344900,
policy_only,10,1,perf-policy_only-r010-20260818T053825Z,loan_to_customer,1,137,200,14.358100,
policy_only,10,1,perf-policy_only-r010-20260818T053825Z,loan_to_customer,1,138,200,14.460800,
policy_only,10,1,perf-policy_only-r010-20260818T053825Z,loan_to_customer,1,139,200,14.475500,
policy_only,10,1,perf-policy_only-r010-20260818T053825Z,loan_to_customer,1,140,200,14.555400,
policy_only,10,1,perf-policy_only-r010-20260818T053825Z,loan_to_customer,1,141,200,14.714800,
policy_only,10,1,perf-policy_only-r010-20260818T053825Z,loan_to_customer,1,142,200,13.931900,
policy_only,10,1,perf-policy_only-r010-20260818T053825Z,loan_to_customer,1,143,200,14.488500,
policy_only,10,1,perf-policy_only-r010-20260818T053825Z,loan_to_customer,1,144,200,14.411700,
policy_only,10,1,perf-policy_only-r010-20260818T053825Z,loan_to_customer,1,145,200,14.488700,
policy_only,10,1,perf-policy_only-r010-20260818T053825Z,loan_to_customer,1,146,200,13.717300,
policy_only,10,1,perf-policy_only-r010-20260818T053825Z,loan_to_customer,1,147,200,14.844700,
policy_only,10,1,perf-policy_only-r010-20260818T053825Z,loan_to_customer,1,148,200,14.498300,
policy_only,10,1,perf-policy_only-r010-20260818T053825Z,loan_to_customer,1,149,200,14.079500,
policy_only,10,1,perf-policy_only-r010-20260818T053825Z,loan_to_customer,1,150,200,14.320500,
policy_only,10,1,perf-policy_only-r010-20260818T053825Z,loan_to_customer,1,151,200,14.194300,
policy_only,10,1,perf-policy_only-r010-20260818T053825Z,loan_to_customer,1,152,200,13.913100,
policy_only,10,1,perf-policy_only-r010-20260818T053825Z,loan_to_customer,1,153,200,14.007100,
policy_only,10,1,perf-policy_only-r010-20260818T053825Z,loan_to_customer,1,154,200,14.208900,
policy_only,10,1,perf-policy_only-r010-20260818T053825Z,loan_to_customer,1,155,200,13.741400,
policy_only,10,1,perf-policy_only-r010-20260818T053825Z,loan_to_customer,1,156,200,15.357900,
policy_only,10,1,perf-policy_only-r010-20260818T053825Z,loan_to_customer,1,157,200,15.128600,
policy_only,10,1,perf-policy_only-r010-20260818T053825Z,loan_to_customer,1,158,200,14.197300,
policy_only,10,1,perf-policy_only-r010-20260818T053825Z,loan_to_customer,1,159,200,14.381800,
policy_only,10,1,perf-policy_only-r010-20260818T053825Z,loan_to_customer,1,160,200,14.369100,
policy_only,10,1,perf-policy_only-r010-20260818T053825Z,loan_to_customer,1,161,200,15.358600,
policy_only,10,1,perf-policy_only-r010-20260818T053825Z,loan_to_customer,1,162,200,16.611700,
policy_only,10,1,perf-policy_only-r010-20260818T053825Z,loan_to_customer,1,163,200,15.977200,
policy_only,10,1,perf-policy_only-r010-20260818T053825Z,loan_to_customer,1,164,200,15.835200,
policy_only,10,1,perf-policy_only-r010-20260818T053825Z,loan_to_customer,1,165,200,15.181000,
policy_only,10,1,perf-policy_only-r010-20260818T053825Z,loan_to_customer,1,166,200,14.886300,
policy_only,10,1,perf-policy_only-r010-20260818T053825Z,loan_to_customer,1,167,200,14.735100,
policy_only,10,1,perf-policy_only-r010-20260818T053825Z,loan_to_customer,1,168,200,15.100600,
policy_only,10,1,perf-policy_only-r010-20260818T053825Z,loan_to_customer,1,169,200,15.317500,
policy_only,10,1,perf-policy_only-r010-20260818T053825Z,loan_to_customer,1,170,200,14.807100,
policy_only,10,1,perf-policy_only-r010-20260818T053825Z,loan_to_customer,1,171,200,14.455400,
policy_only,10,1,perf-policy_only-r010-20260818T053825Z,loan_to_customer,1,172,200,14.781900,
policy_only,10,1,perf-policy_only-r010-20260818T053825Z,loan_to_customer,1,173,200,14.791900,
policy_only,10,1,perf-policy_only-r010-20260818T053825Z,loan_to_customer,1,174,200,15.625200,
policy_only,10,1,perf-policy_only-r010-20260818T053825Z,loan_to_customer,1,175,200,14.543800,
policy_only,10,1,perf-policy_only-r010-20260818T053825Z,loan_to_customer,1,176,200,14.743700,
policy_only,10,1,perf-policy_only-r010-20260818T053825Z,loan_to_customer,1,177,200,14.691900,
policy_only,10,1,perf-policy_only-r010-20260818T053825Z,loan_to_customer,1,178,200,14.959200,
policy_only,10,1,perf-policy_only-r010-20260818T053825Z,loan_to_customer,1,179,200,14.555000,
policy_only,10,1,perf-policy_only-r010-20260818T053825Z,loan_to_customer,1,180,200,14.283500,
policy_only,10,1,perf-policy_only-r010-20260818T053825Z,loan_to_customer,1,181,200,13.956200,
policy_only,10,1,perf-policy_only-r010-20260818T053825Z,loan_to_customer,1,182,200,14.476800,
policy_only,10,1,perf-policy_only-r010-20260818T053825Z,loan_to_customer,1,183,200,14.374400,
policy_only,10,1,perf-policy_only-r010-20260818T053825Z,loan_to_customer,1,184,200,14.675700,
policy_only,10,1,perf-policy_only-r010-20260818T053825Z,loan_to_customer,1,185,200,14.683800,
policy_only,10,1,perf-policy_only-r010-20260818T053825Z,loan_to_customer,1,186,200,14.286600,
policy_only,10,1,perf-policy_only-r010-20260818T053825Z,loan_to_customer,1,187,200,14.859700,
policy_only,10,1,perf-policy_only-r010-20260818T053825Z,loan_to_customer,1,188,200,14.510100,
policy_only,10,1,perf-policy_only-r010-20260818T053825Z,loan_to_customer,1,189,200,14.391100,
policy_only,10,1,perf-policy_only-r010-20260818T053825Z,loan_to_customer,1,190,200,14.680300,
policy_only,10,1,perf-policy_only-r010-20260818T053825Z,loan_to_customer,1,191,200,14.635600,
policy_only,10,1,perf-policy_only-r010-20260818T053825Z,loan_to_customer,1,192,200,14.679000,
policy_only,10,1,perf-policy_only-r010-20260818T053825Z,loan_to_customer,1,193,200,14.148700,
policy_only,10,1,perf-policy_only-r010-20260818T053825Z,loan_to_customer,1,194,200,14.653900,
policy_only,10,1,perf-policy_only-r010-20260818T053825Z,loan_to_customer,1,195,200,14.926100,
policy_only,10,1,perf-policy_only-r010-20260818T053825Z,loan_to_customer,1,196,200,14.713600,
policy_only,10,1,perf-policy_only-r010-20260818T053825Z,loan_to_customer,1,197,200,16.629700,
policy_only,10,1,perf-policy_only-r010-20260818T053825Z,loan_to_customer,1,198,200,16.073900,
policy_only,10,1,perf-policy_only-r010-20260818T053825Z,loan_to_customer,1,199,200,16.171300,
policy_only,10,1,perf-policy_only-r010-20260818T053825Z,loan_to_customer,1,200,200,16.020100,
policy_only,10,1,perf-policy_only-r010-20260818T053825Z,loan_to_customer,2,1,200,16.064100,
policy_only,10,1,perf-policy_only-r010-20260818T053825Z,loan_to_customer,2,2,200,15.585200,
policy_only,10,1,perf-policy_only-r010-20260818T053825Z,loan_to_customer,2,3,200,15.095900,
policy_only,10,1,perf-policy_only-r010-20260818T053825Z,loan_to_customer,2,4,200,15.022300,
policy_only,10,1,perf-policy_only-r010-20260818T053825Z,loan_to_customer,2,5,200,13.947000,
policy_only,10,1,perf-policy_only-r010-20260818T053825Z,loan_to_customer,2,6,200,13.805200,
policy_only,10,1,perf-policy_only-r010-20260818T053825Z,loan_to_customer,2,7,200,13.679000,
policy_only,10,1,perf-policy_only-r010-20260818T053825Z,loan_to_customer,2,8,200,14.082100,
policy_only,10,1,perf-policy_only-r010-20260818T053825Z,loan_to_customer,2,9,200,14.131800,
policy_only,10,1,perf-policy_only-r010-20260818T053825Z,loan_to_customer,2,10,200,14.070500,
policy_only,10,1,perf-policy_only-r010-20260818T053825Z,loan_to_customer,2,11,200,14.455600,
policy_only,10,1,perf-policy_only-r010-20260818T053825Z,loan_to_customer,2,12,200,15.064000,
policy_only,10,1,perf-policy_only-r010-20260818T053825Z,loan_to_customer,2,13,200,14.769900,
policy_only,10,1,perf-policy_only-r010-20260818T053825Z,loan_to_customer,2,14,200,14.677900,
policy_only,10,1,perf-policy_only-r010-20260818T053825Z,loan_to_customer,2,15,200,14.093500,
policy_only,10,1,perf-policy_only-r010-20260818T053825Z,loan_to_customer,2,16,200,14.677500,
policy_only,10,1,perf-policy_only-r010-20260818T053825Z,loan_to_customer,2,17,200,14.239300,
policy_only,10,1,perf-policy_only-r010-20260818T053825Z,loan_to_customer,2,18,200,14.783500,
policy_only,10,1,perf-policy_only-r010-20260818T053825Z,loan_to_customer,2,19,200,13.944900,
policy_only,10,1,perf-policy_only-r010-20260818T053825Z,loan_to_customer,2,20,200,14.053900,
policy_only,10,1,perf-policy_only-r010-20260818T053825Z,loan_to_customer,2,21,200,13.727700,
policy_only,10,1,perf-policy_only-r010-20260818T053825Z,loan_to_customer,2,22,200,15.734600,
policy_only,10,1,perf-policy_only-r010-20260818T053825Z,loan_to_customer,2,23,200,15.550700,
policy_only,10,1,perf-policy_only-r010-20260818T053825Z,loan_to_customer,2,24,200,17.523000,
policy_only,10,1,perf-policy_only-r010-20260818T053825Z,loan_to_customer,2,25,200,16.003400,
policy_only,10,1,perf-policy_only-r010-20260818T053825Z,loan_to_customer,2,26,200,16.804400,
policy_only,10,1,perf-policy_only-r010-20260818T053825Z,loan_to_customer,2,27,200,18.063800,
policy_only,10,1,perf-policy_only-r010-20260818T053825Z,loan_to_customer,2,28,200,17.855500,
policy_only,10,1,perf-policy_only-r010-20260818T053825Z,loan_to_customer,2,29,200,20.108500,
policy_only,10,1,perf-policy_only-r010-20260818T053825Z,loan_to_customer,2,30,200,17.436000,
policy_only,10,1,perf-policy_only-r010-20260818T053825Z,loan_to_customer,2,31,200,16.023300,
policy_only,10,1,perf-policy_only-r010-20260818T053825Z,loan_to_customer,2,32,200,16.600100,
policy_only,10,1,perf-policy_only-r010-20260818T053825Z,loan_to_customer,2,33,200,15.834200,
policy_only,10,1,perf-policy_only-r010-20260818T053825Z,loan_to_customer,2,34,200,15.344500,
policy_only,10,1,perf-policy_only-r010-20260818T053825Z,loan_to_customer,2,35,200,15.824500,
policy_only,10,1,perf-policy_only-r010-20260818T053825Z,loan_to_customer,2,36,200,17.461200,
policy_only,10,1,perf-policy_only-r010-20260818T053825Z,loan_to_customer,2,37,200,16.175300,
policy_only,10,1,perf-policy_only-r010-20260818T053825Z,loan_to_customer,2,38,200,15.601800,
policy_only,10,1,perf-policy_only-r010-20260818T053825Z,loan_to_customer,2,39,200,14.336300,
policy_only,10,1,perf-policy_only-r010-20260818T053825Z,loan_to_customer,2,40,200,14.064600,
policy_only,10,1,perf-policy_only-r010-20260818T053825Z,loan_to_customer,2,41,200,13.981600,
policy_only,10,1,perf-policy_only-r010-20260818T053825Z,loan_to_customer,2,42,200,13.781500,
policy_only,10,1,perf-policy_only-r010-20260818T053825Z,loan_to_customer,2,43,200,15.490000,
policy_only,10,1,perf-policy_only-r010-20260818T053825Z,loan_to_customer,2,44,200,15.786800,
policy_only,10,1,perf-policy_only-r010-20260818T053825Z,loan_to_customer,2,45,200,16.478200,
policy_only,10,1,perf-policy_only-r010-20260818T053825Z,loan_to_customer,2,46,200,15.626200,
policy_only,10,1,perf-policy_only-r010-20260818T053825Z,loan_to_customer,2,47,200,15.347900,
policy_only,10,1,perf-policy_only-r010-20260818T053825Z,loan_to_customer,2,48,200,15.537100,
policy_only,10,1,perf-policy_only-r010-20260818T053825Z,loan_to_customer,2,49,200,14.801000,
policy_only,10,1,perf-policy_only-r010-20260818T053825Z,loan_to_customer,2,50,200,14.864000,
policy_only,10,1,perf-policy_only-r010-20260818T053825Z,loan_to_customer,2,51,200,14.327000,
policy_only,10,1,perf-policy_only-r010-20260818T053825Z,loan_to_customer,2,52,200,14.713600,
policy_only,10,1,perf-policy_only-r010-20260818T053825Z,loan_to_customer,2,53,200,13.708000,
policy_only,10,1,perf-policy_only-r010-20260818T053825Z,loan_to_customer,2,54,200,14.707900,
policy_only,10,1,perf-policy_only-r010-20260818T053825Z,loan_to_customer,2,55,200,14.922000,
policy_only,10,1,perf-policy_only-r010-20260818T053825Z,loan_to_customer,2,56,200,14.945900,
policy_only,10,1,perf-policy_only-r010-20260818T053825Z,loan_to_customer,2,57,200,14.667400,
policy_only,10,1,perf-policy_only-r010-20260818T053825Z,loan_to_customer,2,58,200,14.374600,
policy_only,10,1,perf-policy_only-r010-20260818T053825Z,loan_to_customer,2,59,200,14.444700,
policy_only,10,1,perf-policy_only-r010-20260818T053825Z,loan_to_customer,2,60,200,14.749100,
policy_only,10,1,perf-policy_only-r010-20260818T053825Z,loan_to_customer,2,61,200,15.429900,
policy_only,10,1,perf-policy_only-r010-20260818T053825Z,loan_to_customer,2,62,200,14.561000,
policy_only,10,1,perf-policy_only-r010-20260818T053825Z,loan_to_customer,2,63,200,14.515800,
policy_only,10,1,perf-policy_only-r010-20260818T053825Z,loan_to_customer,2,64,200,14.843800,
policy_only,10,1,perf-policy_only-r010-20260818T053825Z,loan_to_customer,2,65,200,15.413100,
policy_only,10,1,perf-policy_only-r010-20260818T053825Z,loan_to_customer,2,66,200,16.932700,
policy_only,10,1,perf-policy_only-r010-20260818T053825Z,loan_to_customer,2,67,200,18.566500,
policy_only,10,1,perf-policy_only-r010-20260818T053825Z,loan_to_customer,2,68,200,16.706600,
policy_only,10,1,perf-policy_only-r010-20260818T053825Z,loan_to_customer,2,69,200,17.235800,
policy_only,10,1,perf-policy_only-r010-20260818T053825Z,loan_to_customer,2,70,200,15.617900,
policy_only,10,1,perf-policy_only-r010-20260818T053825Z,loan_to_customer,2,71,200,15.297300,
policy_only,10,1,perf-policy_only-r010-20260818T053825Z,loan_to_customer,2,72,200,13.986800,
policy_only,10,1,perf-policy_only-r010-20260818T053825Z,loan_to_customer,2,73,200,14.521200,
policy_only,10,1,perf-policy_only-r010-20260818T053825Z,loan_to_customer,2,74,200,15.152800,
policy_only,10,1,perf-policy_only-r010-20260818T053825Z,loan_to_customer,2,75,200,14.317100,
policy_only,10,1,perf-policy_only-r010-20260818T053825Z,loan_to_customer,2,76,200,14.584400,
policy_only,10,1,perf-policy_only-r010-20260818T053825Z,loan_to_customer,2,77,200,14.252700,
policy_only,10,1,perf-policy_only-r010-20260818T053825Z,loan_to_customer,2,78,200,14.902800,
policy_only,10,1,perf-policy_only-r010-20260818T053825Z,loan_to_customer,2,79,200,14.029500,
policy_only,10,1,perf-policy_only-r010-20260818T053825Z,loan_to_customer,2,80,200,13.938500,
policy_only,10,1,perf-policy_only-r010-20260818T053825Z,loan_to_customer,2,81,200,14.167300,
policy_only,10,1,perf-policy_only-r010-20260818T053825Z,loan_to_customer,2,82,200,13.381300,
policy_only,10,1,perf-policy_only-r010-20260818T053825Z,loan_to_customer,2,83,200,14.628700,
policy_only,10,1,perf-policy_only-r010-20260818T053825Z,loan_to_customer,2,84,200,14.595600,
policy_only,10,1,perf-policy_only-r010-20260818T053825Z,loan_to_customer,2,85,200,15.027900,
policy_only,10,1,perf-policy_only-r010-20260818T053825Z,loan_to_customer,2,86,200,14.675800,
policy_only,10,1,perf-policy_only-r010-20260818T053825Z,loan_to_customer,2,87,200,14.522300,
policy_only,10,1,perf-policy_only-r010-20260818T053825Z,loan_to_customer,2,88,200,15.701000,
policy_only,10,1,perf-policy_only-r010-20260818T053825Z,loan_to_customer,2,89,200,16.023200,
policy_only,10,1,perf-policy_only-r010-20260818T053825Z,loan_to_customer,2,90,200,14.681200,
policy_only,10,1,perf-policy_only-r010-20260818T053825Z,loan_to_customer,2,91,200,14.804200,
policy_only,10,1,perf-policy_only-r010-20260818T053825Z,loan_to_customer,2,92,200,14.753900,
policy_only,10,1,perf-policy_only-r010-20260818T053825Z,loan_to_customer,2,93,200,15.541100,
policy_only,10,1,perf-policy_only-r010-20260818T053825Z,loan_to_customer,2,94,200,15.037000,
policy_only,10,1,perf-policy_only-r010-20260818T053825Z,loan_to_customer,2,95,200,14.297000,
policy_only,10,1,perf-policy_only-r010-20260818T053825Z,loan_to_customer,2,96,200,14.986200,
policy_only,10,1,perf-policy_only-r010-20260818T053825Z,loan_to_customer,2,97,200,15.364700,
policy_only,10,1,perf-policy_only-r010-20260818T053825Z,loan_to_customer,2,98,200,14.800000,
policy_only,10,1,perf-policy_only-r010-20260818T053825Z,loan_to_customer,2,99,200,15.271200,
policy_only,10,1,perf-policy_only-r010-20260818T053825Z,loan_to_customer,2,100,200,15.885800,
policy_only,10,1,perf-policy_only-r010-20260818T053825Z,loan_to_customer,2,101,200,15.054700,
policy_only,10,1,perf-policy_only-r010-20260818T053825Z,loan_to_customer,2,102,200,14.312400,
policy_only,10,1,perf-policy_only-r010-20260818T053825Z,loan_to_customer,2,103,200,14.315000,
policy_only,10,1,perf-policy_only-r010-20260818T053825Z,loan_to_customer,2,104,200,14.378800,
policy_only,10,1,perf-policy_only-r010-20260818T053825Z,loan_to_customer,2,105,200,14.526200,
policy_only,10,1,perf-policy_only-r010-20260818T053825Z,loan_to_customer,2,106,200,14.681200,
policy_only,10,1,perf-policy_only-r010-20260818T053825Z,loan_to_customer,2,107,200,14.644800,
policy_only,10,1,perf-policy_only-r010-20260818T053825Z,loan_to_customer,2,108,200,15.118700,
policy_only,10,1,perf-policy_only-r010-20260818T053825Z,loan_to_customer,2,109,200,15.592400,
policy_only,10,1,perf-policy_only-r010-20260818T053825Z,loan_to_customer,2,110,200,15.314700,
policy_only,10,1,perf-policy_only-r010-20260818T053825Z,loan_to_customer,2,111,200,14.516000,
policy_only,10,1,perf-policy_only-r010-20260818T053825Z,loan_to_customer,2,112,200,14.848600,
policy_only,10,1,perf-policy_only-r010-20260818T053825Z,loan_to_customer,2,113,200,15.018300,
policy_only,10,1,perf-policy_only-r010-20260818T053825Z,loan_to_customer,2,114,200,15.727000,
policy_only,10,1,perf-policy_only-r010-20260818T053825Z,loan_to_customer,2,115,200,16.248000,
policy_only,10,1,perf-policy_only-r010-20260818T053825Z,loan_to_customer,2,116,200,14.458900,
policy_only,10,1,perf-policy_only-r010-20260818T053825Z,loan_to_customer,2,117,200,14.397800,
policy_only,10,1,perf-policy_only-r010-20260818T053825Z,loan_to_customer,2,118,200,14.057500,
policy_only,10,1,perf-policy_only-r010-20260818T053825Z,loan_to_customer,2,119,200,14.582100,
policy_only,10,1,perf-policy_only-r010-20260818T053825Z,loan_to_customer,2,120,200,13.339100,
policy_only,10,1,perf-policy_only-r010-20260818T053825Z,loan_to_customer,2,121,200,14.700000,
policy_only,10,1,perf-policy_only-r010-20260818T053825Z,loan_to_customer,2,122,200,15.353500,
policy_only,10,1,perf-policy_only-r010-20260818T053825Z,loan_to_customer,2,123,200,15.839700,
policy_only,10,1,perf-policy_only-r010-20260818T053825Z,loan_to_customer,2,124,200,15.258100,
policy_only,10,1,perf-policy_only-r010-20260818T053825Z,loan_to_customer,2,125,200,15.201500,
policy_only,10,1,perf-policy_only-r010-20260818T053825Z,loan_to_customer,2,126,200,15.440200,
policy_only,10,1,perf-policy_only-r010-20260818T053825Z,loan_to_customer,2,127,200,16.267300,
policy_only,10,1,perf-policy_only-r010-20260818T053825Z,loan_to_customer,2,128,200,15.277500,
policy_only,10,1,perf-policy_only-r010-20260818T053825Z,loan_to_customer,2,129,200,15.402200,
policy_only,10,1,perf-policy_only-r010-20260818T053825Z,loan_to_customer,2,130,200,15.209200,
policy_only,10,1,perf-policy_only-r010-20260818T053825Z,loan_to_customer,2,131,200,15.297400,
policy_only,10,1,perf-policy_only-r010-20260818T053825Z,loan_to_customer,2,132,200,15.319300,
policy_only,10,1,perf-policy_only-r010-20260818T053825Z,loan_to_customer,2,133,200,14.699700,
policy_only,10,1,perf-policy_only-r010-20260818T053825Z,loan_to_customer,2,134,200,14.882800,
policy_only,10,1,perf-policy_only-r010-20260818T053825Z,loan_to_customer,2,135,200,16.113000,
policy_only,10,1,perf-policy_only-r010-20260818T053825Z,loan_to_customer,2,136,200,16.565600,
policy_only,10,1,perf-policy_only-r010-20260818T053825Z,loan_to_customer,2,137,200,15.673900,
policy_only,10,1,perf-policy_only-r010-20260818T053825Z,loan_to_customer,2,138,200,14.831300,
policy_only,10,1,perf-policy_only-r010-20260818T053825Z,loan_to_customer,2,139,200,15.072800,
policy_only,10,1,perf-policy_only-r010-20260818T053825Z,loan_to_customer,2,140,200,15.508500,
policy_only,10,1,perf-policy_only-r010-20260818T053825Z,loan_to_customer,2,141,200,14.156300,
policy_only,10,1,perf-policy_only-r010-20260818T053825Z,loan_to_customer,2,142,200,14.604400,
policy_only,10,1,perf-policy_only-r010-20260818T053825Z,loan_to_customer,2,143,200,14.196300,
policy_only,10,1,perf-policy_only-r010-20260818T053825Z,loan_to_customer,2,144,200,14.414100,
policy_only,10,1,perf-policy_only-r010-20260818T053825Z,loan_to_customer,2,145,200,14.907500,
policy_only,10,1,perf-policy_only-r010-20260818T053825Z,loan_to_customer,2,146,200,15.494500,
policy_only,10,1,perf-policy_only-r010-20260818T053825Z,loan_to_customer,2,147,200,14.393700,
policy_only,10,1,perf-policy_only-r010-20260818T053825Z,loan_to_customer,2,148,200,14.933300,
policy_only,10,1,perf-policy_only-r010-20260818T053825Z,loan_to_customer,2,149,200,14.829600,
policy_only,10,1,perf-policy_only-r010-20260818T053825Z,loan_to_customer,2,150,200,14.964700,
policy_only,10,1,perf-policy_only-r010-20260818T053825Z,loan_to_customer,2,151,200,14.638500,
policy_only,10,1,perf-policy_only-r010-20260818T053825Z,loan_to_customer,2,152,200,14.953600,
policy_only,10,1,perf-policy_only-r010-20260818T053825Z,loan_to_customer,2,153,200,14.268100,
policy_only,10,1,perf-policy_only-r010-20260818T053825Z,loan_to_customer,2,154,200,13.585000,
policy_only,10,1,perf-policy_only-r010-20260818T053825Z,loan_to_customer,2,155,200,13.993300,
policy_only,10,1,perf-policy_only-r010-20260818T053825Z,loan_to_customer,2,156,200,15.855200,
policy_only,10,1,perf-policy_only-r010-20260818T053825Z,loan_to_customer,2,157,200,14.402700,
policy_only,10,1,perf-policy_only-r010-20260818T053825Z,loan_to_customer,2,158,200,14.304000,
policy_only,10,1,perf-policy_only-r010-20260818T053825Z,loan_to_customer,2,159,200,14.788700,
policy_only,10,1,perf-policy_only-r010-20260818T053825Z,loan_to_customer,2,160,200,14.496600,
policy_only,10,1,perf-policy_only-r010-20260818T053825Z,loan_to_customer,2,161,200,14.070400,
policy_only,10,1,perf-policy_only-r010-20260818T053825Z,loan_to_customer,2,162,200,14.729900,
policy_only,10,1,perf-policy_only-r010-20260818T053825Z,loan_to_customer,2,163,200,14.293500,
policy_only,10,1,perf-policy_only-r010-20260818T053825Z,loan_to_customer,2,164,200,21.037500,
policy_only,10,1,perf-policy_only-r010-20260818T053825Z,loan_to_customer,2,165,200,16.509500,
policy_only,10,1,perf-policy_only-r010-20260818T053825Z,loan_to_customer,2,166,200,16.103000,
policy_only,10,1,perf-policy_only-r010-20260818T053825Z,loan_to_customer,2,167,200,16.140400,
policy_only,10,1,perf-policy_only-r010-20260818T053825Z,loan_to_customer,2,168,200,15.549000,
policy_only,10,1,perf-policy_only-r010-20260818T053825Z,loan_to_customer,2,169,200,14.875400,
policy_only,10,1,perf-policy_only-r010-20260818T053825Z,loan_to_customer,2,170,200,15.189000,
policy_only,10,1,perf-policy_only-r010-20260818T053825Z,loan_to_customer,2,171,200,14.480400,
policy_only,10,1,perf-policy_only-r010-20260818T053825Z,loan_to_customer,2,172,200,15.414700,
policy_only,10,1,perf-policy_only-r010-20260818T053825Z,loan_to_customer,2,173,200,15.207100,
policy_only,10,1,perf-policy_only-r010-20260818T053825Z,loan_to_customer,2,174,200,14.437400,
policy_only,10,1,perf-policy_only-r010-20260818T053825Z,loan_to_customer,2,175,200,14.098500,
policy_only,10,1,perf-policy_only-r010-20260818T053825Z,loan_to_customer,2,176,200,14.711600,
policy_only,10,1,perf-policy_only-r010-20260818T053825Z,loan_to_customer,2,177,200,13.559900,
policy_only,10,1,perf-policy_only-r010-20260818T053825Z,loan_to_customer,2,178,200,13.883800,
policy_only,10,1,perf-policy_only-r010-20260818T053825Z,loan_to_customer,2,179,200,13.919500,
policy_only,10,1,perf-policy_only-r010-20260818T053825Z,loan_to_customer,2,180,200,14.485200,
policy_only,10,1,perf-policy_only-r010-20260818T053825Z,loan_to_customer,2,181,200,13.890900,
policy_only,10,1,perf-policy_only-r010-20260818T053825Z,loan_to_customer,2,182,200,14.432300,
policy_only,10,1,perf-policy_only-r010-20260818T053825Z,loan_to_customer,2,183,200,14.305000,
policy_only,10,1,perf-policy_only-r010-20260818T053825Z,loan_to_customer,2,184,200,14.021400,
policy_only,10,1,perf-policy_only-r010-20260818T053825Z,loan_to_customer,2,185,200,14.571800,
policy_only,10,1,perf-policy_only-r010-20260818T053825Z,loan_to_customer,2,186,200,14.305800,
policy_only,10,1,perf-policy_only-r010-20260818T053825Z,loan_to_customer,2,187,200,14.745600,
policy_only,10,1,perf-policy_only-r010-20260818T053825Z,loan_to_customer,2,188,200,14.351400,
policy_only,10,1,perf-policy_only-r010-20260818T053825Z,loan_to_customer,2,189,200,14.248900,
policy_only,10,1,perf-policy_only-r010-20260818T053825Z,loan_to_customer,2,190,200,14.755600,
policy_only,10,1,perf-policy_only-r010-20260818T053825Z,loan_to_customer,2,191,200,14.919500,
policy_only,10,1,perf-policy_only-r010-20260818T053825Z,loan_to_customer,2,192,200,14.621500,
policy_only,10,1,perf-policy_only-r010-20260818T053825Z,loan_to_customer,2,193,200,14.460800,
policy_only,10,1,perf-policy_only-r010-20260818T053825Z,loan_to_customer,2,194,200,14.443600,
policy_only,10,1,perf-policy_only-r010-20260818T053825Z,loan_to_customer,2,195,200,14.354300,
policy_only,10,1,perf-policy_only-r010-20260818T053825Z,loan_to_customer,2,196,200,13.857700,
policy_only,10,1,perf-policy_only-r010-20260818T053825Z,loan_to_customer,2,197,200,14.715600,
policy_only,10,1,perf-policy_only-r010-20260818T053825Z,loan_to_customer,2,198,200,14.798900,
policy_only,10,1,perf-policy_only-r010-20260818T053825Z,loan_to_customer,2,199,200,14.726700,
policy_only,10,1,perf-policy_only-r010-20260818T053825Z,loan_to_customer,2,200,200,13.706000,
policy_only,10,1,perf-policy_only-r010-20260818T053825Z,loan_to_customer,3,1,200,14.187900,
policy_only,10,1,perf-policy_only-r010-20260818T053825Z,loan_to_customer,3,2,200,15.029000,
policy_only,10,1,perf-policy_only-r010-20260818T053825Z,loan_to_customer,3,3,200,14.258400,
policy_only,10,1,perf-policy_only-r010-20260818T053825Z,loan_to_customer,3,4,200,14.466300,
policy_only,10,1,perf-policy_only-r010-20260818T053825Z,loan_to_customer,3,5,200,15.948700,
policy_only,10,1,perf-policy_only-r010-20260818T053825Z,loan_to_customer,3,6,200,15.364100,
policy_only,10,1,perf-policy_only-r010-20260818T053825Z,loan_to_customer,3,7,200,15.234100,
policy_only,10,1,perf-policy_only-r010-20260818T053825Z,loan_to_customer,3,8,200,14.385300,
policy_only,10,1,perf-policy_only-r010-20260818T053825Z,loan_to_customer,3,9,200,13.825600,
policy_only,10,1,perf-policy_only-r010-20260818T053825Z,loan_to_customer,3,10,200,14.034800,
policy_only,10,1,perf-policy_only-r010-20260818T053825Z,loan_to_customer,3,11,200,14.634700,
policy_only,10,1,perf-policy_only-r010-20260818T053825Z,loan_to_customer,3,12,200,14.073400,
policy_only,10,1,perf-policy_only-r010-20260818T053825Z,loan_to_customer,3,13,200,14.208400,
policy_only,10,1,perf-policy_only-r010-20260818T053825Z,loan_to_customer,3,14,200,13.500300,
policy_only,10,1,perf-policy_only-r010-20260818T053825Z,loan_to_customer,3,15,200,13.942300,
policy_only,10,1,perf-policy_only-r010-20260818T053825Z,loan_to_customer,3,16,200,14.110200,
policy_only,10,1,perf-policy_only-r010-20260818T053825Z,loan_to_customer,3,17,200,14.115100,
policy_only,10,1,perf-policy_only-r010-20260818T053825Z,loan_to_customer,3,18,200,14.408500,
policy_only,10,1,perf-policy_only-r010-20260818T053825Z,loan_to_customer,3,19,200,14.244400,
policy_only,10,1,perf-policy_only-r010-20260818T053825Z,loan_to_customer,3,20,200,14.077200,
policy_only,10,1,perf-policy_only-r010-20260818T053825Z,loan_to_customer,3,21,200,14.890000,
policy_only,10,1,perf-policy_only-r010-20260818T053825Z,loan_to_customer,3,22,200,14.175900,
policy_only,10,1,perf-policy_only-r010-20260818T053825Z,loan_to_customer,3,23,200,13.807600,
policy_only,10,1,perf-policy_only-r010-20260818T053825Z,loan_to_customer,3,24,200,14.510500,
policy_only,10,1,perf-policy_only-r010-20260818T053825Z,loan_to_customer,3,25,200,14.410600,
policy_only,10,1,perf-policy_only-r010-20260818T053825Z,loan_to_customer,3,26,200,14.046900,
policy_only,10,1,perf-policy_only-r010-20260818T053825Z,loan_to_customer,3,27,200,13.925400,
policy_only,10,1,perf-policy_only-r010-20260818T053825Z,loan_to_customer,3,28,200,15.771600,
policy_only,10,1,perf-policy_only-r010-20260818T053825Z,loan_to_customer,3,29,200,14.905000,
policy_only,10,1,perf-policy_only-r010-20260818T053825Z,loan_to_customer,3,30,200,15.780900,
policy_only,10,1,perf-policy_only-r010-20260818T053825Z,loan_to_customer,3,31,200,14.265400,
policy_only,10,1,perf-policy_only-r010-20260818T053825Z,loan_to_customer,3,32,200,14.390600,
policy_only,10,1,perf-policy_only-r010-20260818T053825Z,loan_to_customer,3,33,200,13.277900,
policy_only,10,1,perf-policy_only-r010-20260818T053825Z,loan_to_customer,3,34,200,14.577300,
policy_only,10,1,perf-policy_only-r010-20260818T053825Z,loan_to_customer,3,35,200,14.555100,
policy_only,10,1,perf-policy_only-r010-20260818T053825Z,loan_to_customer,3,36,200,14.300800,
policy_only,10,1,perf-policy_only-r010-20260818T053825Z,loan_to_customer,3,37,200,13.826800,
policy_only,10,1,perf-policy_only-r010-20260818T053825Z,loan_to_customer,3,38,200,14.380500,
policy_only,10,1,perf-policy_only-r010-20260818T053825Z,loan_to_customer,3,39,200,13.526200,
policy_only,10,1,perf-policy_only-r010-20260818T053825Z,loan_to_customer,3,40,200,14.305900,
policy_only,10,1,perf-policy_only-r010-20260818T053825Z,loan_to_customer,3,41,200,14.410800,
policy_only,10,1,perf-policy_only-r010-20260818T053825Z,loan_to_customer,3,42,200,15.311400,
policy_only,10,1,perf-policy_only-r010-20260818T053825Z,loan_to_customer,3,43,200,15.188600,
policy_only,10,1,perf-policy_only-r010-20260818T053825Z,loan_to_customer,3,44,200,15.234300,
policy_only,10,1,perf-policy_only-r010-20260818T053825Z,loan_to_customer,3,45,200,14.064600,
policy_only,10,1,perf-policy_only-r010-20260818T053825Z,loan_to_customer,3,46,200,14.240600,
policy_only,10,1,perf-policy_only-r010-20260818T053825Z,loan_to_customer,3,47,200,14.632900,
policy_only,10,1,perf-policy_only-r010-20260818T053825Z,loan_to_customer,3,48,200,13.805900,
policy_only,10,1,perf-policy_only-r010-20260818T053825Z,loan_to_customer,3,49,200,14.240900,
policy_only,10,1,perf-policy_only-r010-20260818T053825Z,loan_to_customer,3,50,200,14.475700,
policy_only,10,1,perf-policy_only-r010-20260818T053825Z,loan_to_customer,3,51,200,14.002800,
policy_only,10,1,perf-policy_only-r010-20260818T053825Z,loan_to_customer,3,52,200,14.047100,
policy_only,10,1,perf-policy_only-r010-20260818T053825Z,loan_to_customer,3,53,200,14.422000,
policy_only,10,1,perf-policy_only-r010-20260818T053825Z,loan_to_customer,3,54,200,13.247600,
policy_only,10,1,perf-policy_only-r010-20260818T053825Z,loan_to_customer,3,55,200,14.262500,
policy_only,10,1,perf-policy_only-r010-20260818T053825Z,loan_to_customer,3,56,200,15.060900,
policy_only,10,1,perf-policy_only-r010-20260818T053825Z,loan_to_customer,3,57,200,16.244700,
policy_only,10,1,perf-policy_only-r010-20260818T053825Z,loan_to_customer,3,58,200,16.191100,
policy_only,10,1,perf-policy_only-r010-20260818T053825Z,loan_to_customer,3,59,200,16.033800,
policy_only,10,1,perf-policy_only-r010-20260818T053825Z,loan_to_customer,3,60,200,14.908200,
policy_only,10,1,perf-policy_only-r010-20260818T053825Z,loan_to_customer,3,61,200,15.641000,
policy_only,10,1,perf-policy_only-r010-20260818T053825Z,loan_to_customer,3,62,200,15.835900,
policy_only,10,1,perf-policy_only-r010-20260818T053825Z,loan_to_customer,3,63,200,15.804000,
policy_only,10,1,perf-policy_only-r010-20260818T053825Z,loan_to_customer,3,64,200,16.545400,
policy_only,10,1,perf-policy_only-r010-20260818T053825Z,loan_to_customer,3,65,200,17.813500,
policy_only,10,1,perf-policy_only-r010-20260818T053825Z,loan_to_customer,3,66,200,17.243500,
policy_only,10,1,perf-policy_only-r010-20260818T053825Z,loan_to_customer,3,67,200,17.009700,
policy_only,10,1,perf-policy_only-r010-20260818T053825Z,loan_to_customer,3,68,200,16.825800,
policy_only,10,1,perf-policy_only-r010-20260818T053825Z,loan_to_customer,3,69,200,17.671100,
policy_only,10,1,perf-policy_only-r010-20260818T053825Z,loan_to_customer,3,70,200,17.134600,
policy_only,10,1,perf-policy_only-r010-20260818T053825Z,loan_to_customer,3,71,200,17.995300,
policy_only,10,1,perf-policy_only-r010-20260818T053825Z,loan_to_customer,3,72,200,18.202100,
policy_only,10,1,perf-policy_only-r010-20260818T053825Z,loan_to_customer,3,73,200,16.538700,
policy_only,10,1,perf-policy_only-r010-20260818T053825Z,loan_to_customer,3,74,200,16.795800,
policy_only,10,1,perf-policy_only-r010-20260818T053825Z,loan_to_customer,3,75,200,17.385800,
policy_only,10,1,perf-policy_only-r010-20260818T053825Z,loan_to_customer,3,76,200,18.025900,
policy_only,10,1,perf-policy_only-r010-20260818T053825Z,loan_to_customer,3,77,200,18.060200,
policy_only,10,1,perf-policy_only-r010-20260818T053825Z,loan_to_customer,3,78,200,16.971600,
policy_only,10,1,perf-policy_only-r010-20260818T053825Z,loan_to_customer,3,79,200,16.685900,
policy_only,10,1,perf-policy_only-r010-20260818T053825Z,loan_to_customer,3,80,200,16.821100,
policy_only,10,1,perf-policy_only-r010-20260818T053825Z,loan_to_customer,3,81,200,16.051500,
policy_only,10,1,perf-policy_only-r010-20260818T053825Z,loan_to_customer,3,82,200,15.691200,
policy_only,10,1,perf-policy_only-r010-20260818T053825Z,loan_to_customer,3,83,200,16.532700,
policy_only,10,1,perf-policy_only-r010-20260818T053825Z,loan_to_customer,3,84,200,16.625900,
policy_only,10,1,perf-policy_only-r010-20260818T053825Z,loan_to_customer,3,85,200,16.558200,
policy_only,10,1,perf-policy_only-r010-20260818T053825Z,loan_to_customer,3,86,200,16.522000,
policy_only,10,1,perf-policy_only-r010-20260818T053825Z,loan_to_customer,3,87,200,16.705600,
policy_only,10,1,perf-policy_only-r010-20260818T053825Z,loan_to_customer,3,88,200,16.349700,
policy_only,10,1,perf-policy_only-r010-20260818T053825Z,loan_to_customer,3,89,200,16.914600,
policy_only,10,1,perf-policy_only-r010-20260818T053825Z,loan_to_customer,3,90,200,17.441300,
policy_only,10,1,perf-policy_only-r010-20260818T053825Z,loan_to_customer,3,91,200,16.774700,
policy_only,10,1,perf-policy_only-r010-20260818T053825Z,loan_to_customer,3,92,200,17.622900,
policy_only,10,1,perf-policy_only-r010-20260818T053825Z,loan_to_customer,3,93,200,16.574000,
policy_only,10,1,perf-policy_only-r010-20260818T053825Z,loan_to_customer,3,94,200,16.034800,
policy_only,10,1,perf-policy_only-r010-20260818T053825Z,loan_to_customer,3,95,200,15.750900,
policy_only,10,1,perf-policy_only-r010-20260818T053825Z,loan_to_customer,3,96,200,16.482900,
policy_only,10,1,perf-policy_only-r010-20260818T053825Z,loan_to_customer,3,97,200,16.196800,
policy_only,10,1,perf-policy_only-r010-20260818T053825Z,loan_to_customer,3,98,200,15.889000,
policy_only,10,1,perf-policy_only-r010-20260818T053825Z,loan_to_customer,3,99,200,16.246200,
policy_only,10,1,perf-policy_only-r010-20260818T053825Z,loan_to_customer,3,100,200,16.246400,
policy_only,10,1,perf-policy_only-r010-20260818T053825Z,loan_to_customer,3,101,200,15.961900,
policy_only,10,1,perf-policy_only-r010-20260818T053825Z,loan_to_customer,3,102,200,15.935400,
policy_only,10,1,perf-policy_only-r010-20260818T053825Z,loan_to_customer,3,103,200,17.101200,
policy_only,10,1,perf-policy_only-r010-20260818T053825Z,loan_to_customer,3,104,200,17.563200,
policy_only,10,1,perf-policy_only-r010-20260818T053825Z,loan_to_customer,3,105,200,15.540400,
policy_only,10,1,perf-policy_only-r010-20260818T053825Z,loan_to_customer,3,106,200,16.139200,
policy_only,10,1,perf-policy_only-r010-20260818T053825Z,loan_to_customer,3,107,200,16.091200,
policy_only,10,1,perf-policy_only-r010-20260818T053825Z,loan_to_customer,3,108,200,15.482500,
policy_only,10,1,perf-policy_only-r010-20260818T053825Z,loan_to_customer,3,109,200,15.783200,
policy_only,10,1,perf-policy_only-r010-20260818T053825Z,loan_to_customer,3,110,200,15.589600,
policy_only,10,1,perf-policy_only-r010-20260818T053825Z,loan_to_customer,3,111,200,14.537900,
policy_only,10,1,perf-policy_only-r010-20260818T053825Z,loan_to_customer,3,112,200,15.561100,
policy_only,10,1,perf-policy_only-r010-20260818T053825Z,loan_to_customer,3,113,200,15.702500,
policy_only,10,1,perf-policy_only-r010-20260818T053825Z,loan_to_customer,3,114,200,14.441800,
policy_only,10,1,perf-policy_only-r010-20260818T053825Z,loan_to_customer,3,115,200,14.498600,
policy_only,10,1,perf-policy_only-r010-20260818T053825Z,loan_to_customer,3,116,200,14.331100,
policy_only,10,1,perf-policy_only-r010-20260818T053825Z,loan_to_customer,3,117,200,13.411600,
policy_only,10,1,perf-policy_only-r010-20260818T053825Z,loan_to_customer,3,118,200,14.046300,
policy_only,10,1,perf-policy_only-r010-20260818T053825Z,loan_to_customer,3,119,200,15.304900,
policy_only,10,1,perf-policy_only-r010-20260818T053825Z,loan_to_customer,3,120,200,14.386000,
policy_only,10,1,perf-policy_only-r010-20260818T053825Z,loan_to_customer,3,121,200,14.459200,
policy_only,10,1,perf-policy_only-r010-20260818T053825Z,loan_to_customer,3,122,200,14.996600,
policy_only,10,1,perf-policy_only-r010-20260818T053825Z,loan_to_customer,3,123,200,14.930500,
policy_only,10,1,perf-policy_only-r010-20260818T053825Z,loan_to_customer,3,124,200,14.374200,
policy_only,10,1,perf-policy_only-r010-20260818T053825Z,loan_to_customer,3,125,200,13.917900,
policy_only,10,1,perf-policy_only-r010-20260818T053825Z,loan_to_customer,3,126,200,13.957300,
policy_only,10,1,perf-policy_only-r010-20260818T053825Z,loan_to_customer,3,127,200,14.113000,
policy_only,10,1,perf-policy_only-r010-20260818T053825Z,loan_to_customer,3,128,200,14.029000,
policy_only,10,1,perf-policy_only-r010-20260818T053825Z,loan_to_customer,3,129,200,13.921500,
policy_only,10,1,perf-policy_only-r010-20260818T053825Z,loan_to_customer,3,130,200,14.462100,
policy_only,10,1,perf-policy_only-r010-20260818T053825Z,loan_to_customer,3,131,200,14.220500,
policy_only,10,1,perf-policy_only-r010-20260818T053825Z,loan_to_customer,3,132,200,13.816700,
policy_only,10,1,perf-policy_only-r010-20260818T053825Z,loan_to_customer,3,133,200,13.783100,
policy_only,10,1,perf-policy_only-r010-20260818T053825Z,loan_to_customer,3,134,200,14.433400,
policy_only,10,1,perf-policy_only-r010-20260818T053825Z,loan_to_customer,3,135,200,14.458500,
policy_only,10,1,perf-policy_only-r010-20260818T053825Z,loan_to_customer,3,136,200,14.398400,
policy_only,10,1,perf-policy_only-r010-20260818T053825Z,loan_to_customer,3,137,200,14.087000,
policy_only,10,1,perf-policy_only-r010-20260818T053825Z,loan_to_customer,3,138,200,14.344900,
policy_only,10,1,perf-policy_only-r010-20260818T053825Z,loan_to_customer,3,139,200,14.229000,
policy_only,10,1,perf-policy_only-r010-20260818T053825Z,loan_to_customer,3,140,200,14.235400,
policy_only,10,1,perf-policy_only-r010-20260818T053825Z,loan_to_customer,3,141,200,15.009800,
policy_only,10,1,perf-policy_only-r010-20260818T053825Z,loan_to_customer,3,142,200,14.869200,
policy_only,10,1,perf-policy_only-r010-20260818T053825Z,loan_to_customer,3,143,200,14.661700,
policy_only,10,1,perf-policy_only-r010-20260818T053825Z,loan_to_customer,3,144,200,14.199300,
policy_only,10,1,perf-policy_only-r010-20260818T053825Z,loan_to_customer,3,145,200,14.264900,
policy_only,10,1,perf-policy_only-r010-20260818T053825Z,loan_to_customer,3,146,200,14.924700,
policy_only,10,1,perf-policy_only-r010-20260818T053825Z,loan_to_customer,3,147,200,14.679200,
policy_only,10,1,perf-policy_only-r010-20260818T053825Z,loan_to_customer,3,148,200,15.297700,
policy_only,10,1,perf-policy_only-r010-20260818T053825Z,loan_to_customer,3,149,200,15.158600,
policy_only,10,1,perf-policy_only-r010-20260818T053825Z,loan_to_customer,3,150,200,15.007500,
policy_only,10,1,perf-policy_only-r010-20260818T053825Z,loan_to_customer,3,151,200,14.392000,
policy_only,10,1,perf-policy_only-r010-20260818T053825Z,loan_to_customer,3,152,200,14.761900,
policy_only,10,1,perf-policy_only-r010-20260818T053825Z,loan_to_customer,3,153,200,14.499500,
policy_only,10,1,perf-policy_only-r010-20260818T053825Z,loan_to_customer,3,154,200,14.726900,
policy_only,10,1,perf-policy_only-r010-20260818T053825Z,loan_to_customer,3,155,200,15.247600,
policy_only,10,1,perf-policy_only-r010-20260818T053825Z,loan_to_customer,3,156,200,15.273600,
policy_only,10,1,perf-policy_only-r010-20260818T053825Z,loan_to_customer,3,157,200,16.366300,
policy_only,10,1,perf-policy_only-r010-20260818T053825Z,loan_to_customer,3,158,200,14.725500,
policy_only,10,1,perf-policy_only-r010-20260818T053825Z,loan_to_customer,3,159,200,13.911400,
policy_only,10,1,perf-policy_only-r010-20260818T053825Z,loan_to_customer,3,160,200,14.013500,
policy_only,10,1,perf-policy_only-r010-20260818T053825Z,loan_to_customer,3,161,200,13.244500,
policy_only,10,1,perf-policy_only-r010-20260818T053825Z,loan_to_customer,3,162,200,15.015100,
policy_only,10,1,perf-policy_only-r010-20260818T053825Z,loan_to_customer,3,163,200,14.174900,
policy_only,10,1,perf-policy_only-r010-20260818T053825Z,loan_to_customer,3,164,200,14.757300,
policy_only,10,1,perf-policy_only-r010-20260818T053825Z,loan_to_customer,3,165,200,14.754100,
policy_only,10,1,perf-policy_only-r010-20260818T053825Z,loan_to_customer,3,166,200,14.867000,
policy_only,10,1,perf-policy_only-r010-20260818T053825Z,loan_to_customer,3,167,200,14.384800,
policy_only,10,1,perf-policy_only-r010-20260818T053825Z,loan_to_customer,3,168,200,14.373100,
policy_only,10,1,perf-policy_only-r010-20260818T053825Z,loan_to_customer,3,169,200,14.511200,
policy_only,10,1,perf-policy_only-r010-20260818T053825Z,loan_to_customer,3,170,200,19.570800,
policy_only,10,1,perf-policy_only-r010-20260818T053825Z,loan_to_customer,3,171,200,16.875900,
policy_only,10,1,perf-policy_only-r010-20260818T053825Z,loan_to_customer,3,172,200,20.057800,
policy_only,10,1,perf-policy_only-r010-20260818T053825Z,loan_to_customer,3,173,200,15.708800,
policy_only,10,1,perf-policy_only-r010-20260818T053825Z,loan_to_customer,3,174,200,16.235300,
policy_only,10,1,perf-policy_only-r010-20260818T053825Z,loan_to_customer,3,175,200,15.730400,
policy_only,10,1,perf-policy_only-r010-20260818T053825Z,loan_to_customer,3,176,200,15.471000,
policy_only,10,1,perf-policy_only-r010-20260818T053825Z,loan_to_customer,3,177,200,14.928600,
policy_only,10,1,perf-policy_only-r010-20260818T053825Z,loan_to_customer,3,178,200,15.976700,
policy_only,10,1,perf-policy_only-r010-20260818T053825Z,loan_to_customer,3,179,200,15.542400,
policy_only,10,1,perf-policy_only-r010-20260818T053825Z,loan_to_customer,3,180,200,15.103500,
policy_only,10,1,perf-policy_only-r010-20260818T053825Z,loan_to_customer,3,181,200,15.524900,
policy_only,10,1,perf-policy_only-r010-20260818T053825Z,loan_to_customer,3,182,200,15.040200,
policy_only,10,1,perf-policy_only-r010-20260818T053825Z,loan_to_customer,3,183,200,14.753100,
policy_only,10,1,perf-policy_only-r010-20260818T053825Z,loan_to_customer,3,184,200,15.272400,
policy_only,10,1,perf-policy_only-r010-20260818T053825Z,loan_to_customer,3,185,200,15.046800,
policy_only,10,1,perf-policy_only-r010-20260818T053825Z,loan_to_customer,3,186,200,15.046100,
policy_only,10,1,perf-policy_only-r010-20260818T053825Z,loan_to_customer,3,187,200,15.345200,
policy_only,10,1,perf-policy_only-r010-20260818T053825Z,loan_to_customer,3,188,200,15.084800,
policy_only,10,1,perf-policy_only-r010-20260818T053825Z,loan_to_customer,3,189,200,15.170700,
policy_only,10,1,perf-policy_only-r010-20260818T053825Z,loan_to_customer,3,190,200,14.645000,
policy_only,10,1,perf-policy_only-r010-20260818T053825Z,loan_to_customer,3,191,200,14.968700,
policy_only,10,1,perf-policy_only-r010-20260818T053825Z,loan_to_customer,3,192,200,14.663400,
policy_only,10,1,perf-policy_only-r010-20260818T053825Z,loan_to_customer,3,193,200,15.022700,
policy_only,10,1,perf-policy_only-r010-20260818T053825Z,loan_to_customer,3,194,200,15.261700,
policy_only,10,1,perf-policy_only-r010-20260818T053825Z,loan_to_customer,3,195,200,15.473300,
policy_only,10,1,perf-policy_only-r010-20260818T053825Z,loan_to_customer,3,196,200,15.168500,
policy_only,10,1,perf-policy_only-r010-20260818T053825Z,loan_to_customer,3,197,200,15.267000,
policy_only,10,1,perf-policy_only-r010-20260818T053825Z,loan_to_customer,3,198,200,15.392800,
policy_only,10,1,perf-policy_only-r010-20260818T053825Z,loan_to_customer,3,199,200,15.232600,
policy_only,10,1,perf-policy_only-r010-20260818T053825Z,loan_to_customer,3,200,200,15.465300,
policy_only,10,1,perf-policy_only-r010-20260818T053825Z,loan_to_credit,1,1,200,18.893700,
policy_only,10,1,perf-policy_only-r010-20260818T053825Z,loan_to_credit,1,2,200,17.688400,
policy_only,10,1,perf-policy_only-r010-20260818T053825Z,loan_to_credit,1,3,200,16.628900,
policy_only,10,1,perf-policy_only-r010-20260818T053825Z,loan_to_credit,1,4,200,16.093300,
policy_only,10,1,perf-policy_only-r010-20260818T053825Z,loan_to_credit,1,5,200,15.892200,
policy_only,10,1,perf-policy_only-r010-20260818T053825Z,loan_to_credit,1,6,200,16.503000,
policy_only,10,1,perf-policy_only-r010-20260818T053825Z,loan_to_credit,1,7,200,17.110600,
policy_only,10,1,perf-policy_only-r010-20260818T053825Z,loan_to_credit,1,8,200,15.879000,
policy_only,10,1,perf-policy_only-r010-20260818T053825Z,loan_to_credit,1,9,200,15.754700,
policy_only,10,1,perf-policy_only-r010-20260818T053825Z,loan_to_credit,1,10,200,16.104100,
policy_only,10,1,perf-policy_only-r010-20260818T053825Z,loan_to_credit,1,11,200,15.978200,
policy_only,10,1,perf-policy_only-r010-20260818T053825Z,loan_to_credit,1,12,200,17.165700,
policy_only,10,1,perf-policy_only-r010-20260818T053825Z,loan_to_credit,1,13,200,17.212900,
policy_only,10,1,perf-policy_only-r010-20260818T053825Z,loan_to_credit,1,14,200,16.329600,
policy_only,10,1,perf-policy_only-r010-20260818T053825Z,loan_to_credit,1,15,200,16.314900,
policy_only,10,1,perf-policy_only-r010-20260818T053825Z,loan_to_credit,1,16,200,15.582400,
policy_only,10,1,perf-policy_only-r010-20260818T053825Z,loan_to_credit,1,17,200,16.185100,
policy_only,10,1,perf-policy_only-r010-20260818T053825Z,loan_to_credit,1,18,200,17.377800,
policy_only,10,1,perf-policy_only-r010-20260818T053825Z,loan_to_credit,1,19,200,16.615400,
policy_only,10,1,perf-policy_only-r010-20260818T053825Z,loan_to_credit,1,20,200,17.504100,
policy_only,10,1,perf-policy_only-r010-20260818T053825Z,loan_to_credit,1,21,200,18.004900,
policy_only,10,1,perf-policy_only-r010-20260818T053825Z,loan_to_credit,1,22,200,16.623000,
policy_only,10,1,perf-policy_only-r010-20260818T053825Z,loan_to_credit,1,23,200,15.676700,
policy_only,10,1,perf-policy_only-r010-20260818T053825Z,loan_to_credit,1,24,200,16.077900,
policy_only,10,1,perf-policy_only-r010-20260818T053825Z,loan_to_credit,1,25,200,15.756600,
policy_only,10,1,perf-policy_only-r010-20260818T053825Z,loan_to_credit,1,26,200,15.452200,
policy_only,10,1,perf-policy_only-r010-20260818T053825Z,loan_to_credit,1,27,200,15.547200,
policy_only,10,1,perf-policy_only-r010-20260818T053825Z,loan_to_credit,1,28,200,16.256300,
policy_only,10,1,perf-policy_only-r010-20260818T053825Z,loan_to_credit,1,29,200,17.057300,
policy_only,10,1,perf-policy_only-r010-20260818T053825Z,loan_to_credit,1,30,200,17.277500,
policy_only,10,1,perf-policy_only-r010-20260818T053825Z,loan_to_credit,1,31,200,16.644900,
policy_only,10,1,perf-policy_only-r010-20260818T053825Z,loan_to_credit,1,32,200,17.043500,
policy_only,10,1,perf-policy_only-r010-20260818T053825Z,loan_to_credit,1,33,200,15.708900,
policy_only,10,1,perf-policy_only-r010-20260818T053825Z,loan_to_credit,1,34,200,17.462400,
policy_only,10,1,perf-policy_only-r010-20260818T053825Z,loan_to_credit,1,35,200,18.170700,
policy_only,10,1,perf-policy_only-r010-20260818T053825Z,loan_to_credit,1,36,200,16.892100,
policy_only,10,1,perf-policy_only-r010-20260818T053825Z,loan_to_credit,1,37,200,20.702700,
policy_only,10,1,perf-policy_only-r010-20260818T053825Z,loan_to_credit,1,38,200,18.742700,
policy_only,10,1,perf-policy_only-r010-20260818T053825Z,loan_to_credit,1,39,200,17.791700,
policy_only,10,1,perf-policy_only-r010-20260818T053825Z,loan_to_credit,1,40,200,15.866100,
policy_only,10,1,perf-policy_only-r010-20260818T053825Z,loan_to_credit,1,41,200,17.630100,
policy_only,10,1,perf-policy_only-r010-20260818T053825Z,loan_to_credit,1,42,200,16.815200,
policy_only,10,1,perf-policy_only-r010-20260818T053825Z,loan_to_credit,1,43,200,17.164000,
policy_only,10,1,perf-policy_only-r010-20260818T053825Z,loan_to_credit,1,44,200,18.188300,
policy_only,10,1,perf-policy_only-r010-20260818T053825Z,loan_to_credit,1,45,200,16.582600,
policy_only,10,1,perf-policy_only-r010-20260818T053825Z,loan_to_credit,1,46,200,17.240400,
policy_only,10,1,perf-policy_only-r010-20260818T053825Z,loan_to_credit,1,47,200,16.617100,
policy_only,10,1,perf-policy_only-r010-20260818T053825Z,loan_to_credit,1,48,200,16.032900,
policy_only,10,1,perf-policy_only-r010-20260818T053825Z,loan_to_credit,1,49,200,17.220600,
policy_only,10,1,perf-policy_only-r010-20260818T053825Z,loan_to_credit,1,50,200,16.813800,
policy_only,10,1,perf-policy_only-r010-20260818T053825Z,loan_to_credit,1,51,200,16.925200,
policy_only,10,1,perf-policy_only-r010-20260818T053825Z,loan_to_credit,1,52,200,16.017600,
policy_only,10,1,perf-policy_only-r010-20260818T053825Z,loan_to_credit,1,53,200,16.163700,
policy_only,10,1,perf-policy_only-r010-20260818T053825Z,loan_to_credit,1,54,200,16.756900,
policy_only,10,1,perf-policy_only-r010-20260818T053825Z,loan_to_credit,1,55,200,16.722600,
policy_only,10,1,perf-policy_only-r010-20260818T053825Z,loan_to_credit,1,56,200,16.063700,
policy_only,10,1,perf-policy_only-r010-20260818T053825Z,loan_to_credit,1,57,200,15.596400,
policy_only,10,1,perf-policy_only-r010-20260818T053825Z,loan_to_credit,1,58,200,16.452700,
policy_only,10,1,perf-policy_only-r010-20260818T053825Z,loan_to_credit,1,59,200,16.930600,
policy_only,10,1,perf-policy_only-r010-20260818T053825Z,loan_to_credit,1,60,200,15.649500,
policy_only,10,1,perf-policy_only-r010-20260818T053825Z,loan_to_credit,1,61,200,16.226000,
policy_only,10,1,perf-policy_only-r010-20260818T053825Z,loan_to_credit,1,62,200,16.054600,
policy_only,10,1,perf-policy_only-r010-20260818T053825Z,loan_to_credit,1,63,200,16.084100,
policy_only,10,1,perf-policy_only-r010-20260818T053825Z,loan_to_credit,1,64,200,15.493300,
policy_only,10,1,perf-policy_only-r010-20260818T053825Z,loan_to_credit,1,65,200,15.005700,
policy_only,10,1,perf-policy_only-r010-20260818T053825Z,loan_to_credit,1,66,200,16.104700,
policy_only,10,1,perf-policy_only-r010-20260818T053825Z,loan_to_credit,1,67,200,18.281300,
policy_only,10,1,perf-policy_only-r010-20260818T053825Z,loan_to_credit,1,68,200,16.923200,
policy_only,10,1,perf-policy_only-r010-20260818T053825Z,loan_to_credit,1,69,200,15.783300,
policy_only,10,1,perf-policy_only-r010-20260818T053825Z,loan_to_credit,1,70,200,16.240500,
policy_only,10,1,perf-policy_only-r010-20260818T053825Z,loan_to_credit,1,71,200,17.158800,
policy_only,10,1,perf-policy_only-r010-20260818T053825Z,loan_to_credit,1,72,200,15.564900,
policy_only,10,1,perf-policy_only-r010-20260818T053825Z,loan_to_credit,1,73,200,16.892800,
policy_only,10,1,perf-policy_only-r010-20260818T053825Z,loan_to_credit,1,74,200,16.395200,
policy_only,10,1,perf-policy_only-r010-20260818T053825Z,loan_to_credit,1,75,200,20.920600,
policy_only,10,1,perf-policy_only-r010-20260818T053825Z,loan_to_credit,1,76,200,19.309100,
policy_only,10,1,perf-policy_only-r010-20260818T053825Z,loan_to_credit,1,77,200,15.869800,
policy_only,10,1,perf-policy_only-r010-20260818T053825Z,loan_to_credit,1,78,200,20.617000,
policy_only,10,1,perf-policy_only-r010-20260818T053825Z,loan_to_credit,1,79,200,19.308700,
policy_only,10,1,perf-policy_only-r010-20260818T053825Z,loan_to_credit,1,80,200,17.895700,
policy_only,10,1,perf-policy_only-r010-20260818T053825Z,loan_to_credit,1,81,200,19.466900,
policy_only,10,1,perf-policy_only-r010-20260818T053825Z,loan_to_credit,1,82,200,17.471900,
policy_only,10,1,perf-policy_only-r010-20260818T053825Z,loan_to_credit,1,83,200,16.996700,
policy_only,10,1,perf-policy_only-r010-20260818T053825Z,loan_to_credit,1,84,200,17.162200,
policy_only,10,1,perf-policy_only-r010-20260818T053825Z,loan_to_credit,1,85,200,16.406300,
policy_only,10,1,perf-policy_only-r010-20260818T053825Z,loan_to_credit,1,86,200,15.936700,
policy_only,10,1,perf-policy_only-r010-20260818T053825Z,loan_to_credit,1,87,200,16.170900,
policy_only,10,1,perf-policy_only-r010-20260818T053825Z,loan_to_credit,1,88,200,15.958200,
policy_only,10,1,perf-policy_only-r010-20260818T053825Z,loan_to_credit,1,89,200,17.008100,
policy_only,10,1,perf-policy_only-r010-20260818T053825Z,loan_to_credit,1,90,200,15.951700,
policy_only,10,1,perf-policy_only-r010-20260818T053825Z,loan_to_credit,1,91,200,15.911900,
policy_only,10,1,perf-policy_only-r010-20260818T053825Z,loan_to_credit,1,92,200,15.513200,
policy_only,10,1,perf-policy_only-r010-20260818T053825Z,loan_to_credit,1,93,200,16.411800,
policy_only,10,1,perf-policy_only-r010-20260818T053825Z,loan_to_credit,1,94,200,15.716300,
policy_only,10,1,perf-policy_only-r010-20260818T053825Z,loan_to_credit,1,95,200,16.095600,
policy_only,10,1,perf-policy_only-r010-20260818T053825Z,loan_to_credit,1,96,200,15.807600,
policy_only,10,1,perf-policy_only-r010-20260818T053825Z,loan_to_credit,1,97,200,16.862400,
policy_only,10,1,perf-policy_only-r010-20260818T053825Z,loan_to_credit,1,98,200,16.217400,
policy_only,10,1,perf-policy_only-r010-20260818T053825Z,loan_to_credit,1,99,200,16.140100,
policy_only,10,1,perf-policy_only-r010-20260818T053825Z,loan_to_credit,1,100,200,15.857400,
policy_only,10,1,perf-policy_only-r010-20260818T053825Z,loan_to_credit,1,101,200,16.077800,
policy_only,10,1,perf-policy_only-r010-20260818T053825Z,loan_to_credit,1,102,200,16.426300,
policy_only,10,1,perf-policy_only-r010-20260818T053825Z,loan_to_credit,1,103,200,16.606500,
policy_only,10,1,perf-policy_only-r010-20260818T053825Z,loan_to_credit,1,104,200,15.714400,
policy_only,10,1,perf-policy_only-r010-20260818T053825Z,loan_to_credit,1,105,200,16.397600,
policy_only,10,1,perf-policy_only-r010-20260818T053825Z,loan_to_credit,1,106,200,16.803200,
policy_only,10,1,perf-policy_only-r010-20260818T053825Z,loan_to_credit,1,107,200,16.983800,
policy_only,10,1,perf-policy_only-r010-20260818T053825Z,loan_to_credit,1,108,200,15.873400,
policy_only,10,1,perf-policy_only-r010-20260818T053825Z,loan_to_credit,1,109,200,16.192800,
policy_only,10,1,perf-policy_only-r010-20260818T053825Z,loan_to_credit,1,110,200,16.124600,
policy_only,10,1,perf-policy_only-r010-20260818T053825Z,loan_to_credit,1,111,200,15.688900,
policy_only,10,1,perf-policy_only-r010-20260818T053825Z,loan_to_credit,1,112,200,17.499300,
policy_only,10,1,perf-policy_only-r010-20260818T053825Z,loan_to_credit,1,113,200,16.705000,
policy_only,10,1,perf-policy_only-r010-20260818T053825Z,loan_to_credit,1,114,200,17.934700,
policy_only,10,1,perf-policy_only-r010-20260818T053825Z,loan_to_credit,1,115,200,18.376800,
policy_only,10,1,perf-policy_only-r010-20260818T053825Z,loan_to_credit,1,116,200,16.376400,
policy_only,10,1,perf-policy_only-r010-20260818T053825Z,loan_to_credit,1,117,200,16.987000,
policy_only,10,1,perf-policy_only-r010-20260818T053825Z,loan_to_credit,1,118,200,17.185600,
policy_only,10,1,perf-policy_only-r010-20260818T053825Z,loan_to_credit,1,119,200,21.049000,
policy_only,10,1,perf-policy_only-r010-20260818T053825Z,loan_to_credit,1,120,200,16.223200,
policy_only,10,1,perf-policy_only-r010-20260818T053825Z,loan_to_credit,1,121,200,16.106500,
policy_only,10,1,perf-policy_only-r010-20260818T053825Z,loan_to_credit,1,122,200,16.348700,
policy_only,10,1,perf-policy_only-r010-20260818T053825Z,loan_to_credit,1,123,200,16.833800,
policy_only,10,1,perf-policy_only-r010-20260818T053825Z,loan_to_credit,1,124,200,15.825200,
policy_only,10,1,perf-policy_only-r010-20260818T053825Z,loan_to_credit,1,125,200,16.531800,
policy_only,10,1,perf-policy_only-r010-20260818T053825Z,loan_to_credit,1,126,200,15.514500,
policy_only,10,1,perf-policy_only-r010-20260818T053825Z,loan_to_credit,1,127,200,15.941600,
policy_only,10,1,perf-policy_only-r010-20260818T053825Z,loan_to_credit,1,128,200,16.240700,
policy_only,10,1,perf-policy_only-r010-20260818T053825Z,loan_to_credit,1,129,200,15.471400,
policy_only,10,1,perf-policy_only-r010-20260818T053825Z,loan_to_credit,1,130,200,15.477000,
policy_only,10,1,perf-policy_only-r010-20260818T053825Z,loan_to_credit,1,131,200,16.469400,
policy_only,10,1,perf-policy_only-r010-20260818T053825Z,loan_to_credit,1,132,200,16.298700,
policy_only,10,1,perf-policy_only-r010-20260818T053825Z,loan_to_credit,1,133,200,15.963800,
policy_only,10,1,perf-policy_only-r010-20260818T053825Z,loan_to_credit,1,134,200,16.057700,
policy_only,10,1,perf-policy_only-r010-20260818T053825Z,loan_to_credit,1,135,200,16.041300,
policy_only,10,1,perf-policy_only-r010-20260818T053825Z,loan_to_credit,1,136,200,16.166000,
policy_only,10,1,perf-policy_only-r010-20260818T053825Z,loan_to_credit,1,137,200,15.821900,
policy_only,10,1,perf-policy_only-r010-20260818T053825Z,loan_to_credit,1,138,200,16.027800,
policy_only,10,1,perf-policy_only-r010-20260818T053825Z,loan_to_credit,1,139,200,16.707300,
policy_only,10,1,perf-policy_only-r010-20260818T053825Z,loan_to_credit,1,140,200,15.880100,
policy_only,10,1,perf-policy_only-r010-20260818T053825Z,loan_to_credit,1,141,200,16.262800,
policy_only,10,1,perf-policy_only-r010-20260818T053825Z,loan_to_credit,1,142,200,17.307100,
policy_only,10,1,perf-policy_only-r010-20260818T053825Z,loan_to_credit,1,143,200,16.869100,
policy_only,10,1,perf-policy_only-r010-20260818T053825Z,loan_to_credit,1,144,200,16.421800,
policy_only,10,1,perf-policy_only-r010-20260818T053825Z,loan_to_credit,1,145,200,16.447800,
policy_only,10,1,perf-policy_only-r010-20260818T053825Z,loan_to_credit,1,146,200,16.842600,
policy_only,10,1,perf-policy_only-r010-20260818T053825Z,loan_to_credit,1,147,200,15.862600,
policy_only,10,1,perf-policy_only-r010-20260818T053825Z,loan_to_credit,1,148,200,16.622200,
policy_only,10,1,perf-policy_only-r010-20260818T053825Z,loan_to_credit,1,149,200,15.465700,
policy_only,10,1,perf-policy_only-r010-20260818T053825Z,loan_to_credit,1,150,200,16.426000,
policy_only,10,1,perf-policy_only-r010-20260818T053825Z,loan_to_credit,1,151,200,17.344400,
policy_only,10,1,perf-policy_only-r010-20260818T053825Z,loan_to_credit,1,152,200,16.267500,
policy_only,10,1,perf-policy_only-r010-20260818T053825Z,loan_to_credit,1,153,200,15.519800,
policy_only,10,1,perf-policy_only-r010-20260818T053825Z,loan_to_credit,1,154,200,16.416800,
policy_only,10,1,perf-policy_only-r010-20260818T053825Z,loan_to_credit,1,155,200,16.207600,
policy_only,10,1,perf-policy_only-r010-20260818T053825Z,loan_to_credit,1,156,200,15.293600,
policy_only,10,1,perf-policy_only-r010-20260818T053825Z,loan_to_credit,1,157,200,16.258800,
policy_only,10,1,perf-policy_only-r010-20260818T053825Z,loan_to_credit,1,158,200,17.418800,
policy_only,10,1,perf-policy_only-r010-20260818T053825Z,loan_to_credit,1,159,200,17.240300,
policy_only,10,1,perf-policy_only-r010-20260818T053825Z,loan_to_credit,1,160,200,16.632400,
policy_only,10,1,perf-policy_only-r010-20260818T053825Z,loan_to_credit,1,161,200,15.760600,
policy_only,10,1,perf-policy_only-r010-20260818T053825Z,loan_to_credit,1,162,200,17.142800,
policy_only,10,1,perf-policy_only-r010-20260818T053825Z,loan_to_credit,1,163,200,15.439400,
policy_only,10,1,perf-policy_only-r010-20260818T053825Z,loan_to_credit,1,164,200,15.914000,
policy_only,10,1,perf-policy_only-r010-20260818T053825Z,loan_to_credit,1,165,200,16.134300,
policy_only,10,1,perf-policy_only-r010-20260818T053825Z,loan_to_credit,1,166,200,16.013200,
policy_only,10,1,perf-policy_only-r010-20260818T053825Z,loan_to_credit,1,167,200,16.739400,
policy_only,10,1,perf-policy_only-r010-20260818T053825Z,loan_to_credit,1,168,200,16.944300,
policy_only,10,1,perf-policy_only-r010-20260818T053825Z,loan_to_credit,1,169,200,15.475300,
policy_only,10,1,perf-policy_only-r010-20260818T053825Z,loan_to_credit,1,170,200,15.861500,
policy_only,10,1,perf-policy_only-r010-20260818T053825Z,loan_to_credit,1,171,200,17.104300,
policy_only,10,1,perf-policy_only-r010-20260818T053825Z,loan_to_credit,1,172,200,16.005600,
policy_only,10,1,perf-policy_only-r010-20260818T053825Z,loan_to_credit,1,173,200,15.866300,
policy_only,10,1,perf-policy_only-r010-20260818T053825Z,loan_to_credit,1,174,200,16.164800,
policy_only,10,1,perf-policy_only-r010-20260818T053825Z,loan_to_credit,1,175,200,17.129400,
policy_only,10,1,perf-policy_only-r010-20260818T053825Z,loan_to_credit,1,176,200,17.495500,
policy_only,10,1,perf-policy_only-r010-20260818T053825Z,loan_to_credit,1,177,200,16.187600,
policy_only,10,1,perf-policy_only-r010-20260818T053825Z,loan_to_credit,1,178,200,15.724900,
policy_only,10,1,perf-policy_only-r010-20260818T053825Z,loan_to_credit,1,179,200,16.993100,
policy_only,10,1,perf-policy_only-r010-20260818T053825Z,loan_to_credit,1,180,200,16.161500,
policy_only,10,1,perf-policy_only-r010-20260818T053825Z,loan_to_credit,1,181,200,15.850200,
policy_only,10,1,perf-policy_only-r010-20260818T053825Z,loan_to_credit,1,182,200,15.410700,
policy_only,10,1,perf-policy_only-r010-20260818T053825Z,loan_to_credit,1,183,200,15.744300,
policy_only,10,1,perf-policy_only-r010-20260818T053825Z,loan_to_credit,1,184,200,15.676300,
policy_only,10,1,perf-policy_only-r010-20260818T053825Z,loan_to_credit,1,185,200,16.424000,
policy_only,10,1,perf-policy_only-r010-20260818T053825Z,loan_to_credit,1,186,200,15.565700,
policy_only,10,1,perf-policy_only-r010-20260818T053825Z,loan_to_credit,1,187,200,16.228900,
policy_only,10,1,perf-policy_only-r010-20260818T053825Z,loan_to_credit,1,188,200,15.746000,
policy_only,10,1,perf-policy_only-r010-20260818T053825Z,loan_to_credit,1,189,200,14.770500,
policy_only,10,1,perf-policy_only-r010-20260818T053825Z,loan_to_credit,1,190,200,17.652700,
policy_only,10,1,perf-policy_only-r010-20260818T053825Z,loan_to_credit,1,191,200,16.859300,
policy_only,10,1,perf-policy_only-r010-20260818T053825Z,loan_to_credit,1,192,200,15.731500,
policy_only,10,1,perf-policy_only-r010-20260818T053825Z,loan_to_credit,1,193,200,15.798700,
policy_only,10,1,perf-policy_only-r010-20260818T053825Z,loan_to_credit,1,194,200,16.666900,
policy_only,10,1,perf-policy_only-r010-20260818T053825Z,loan_to_credit,1,195,200,16.318400,
policy_only,10,1,perf-policy_only-r010-20260818T053825Z,loan_to_credit,1,196,200,16.300400,
policy_only,10,1,perf-policy_only-r010-20260818T053825Z,loan_to_credit,1,197,200,16.040900,
policy_only,10,1,perf-policy_only-r010-20260818T053825Z,loan_to_credit,1,198,200,17.093300,
policy_only,10,1,perf-policy_only-r010-20260818T053825Z,loan_to_credit,1,199,200,16.343800,
policy_only,10,1,perf-policy_only-r010-20260818T053825Z,loan_to_credit,1,200,200,16.514400,
policy_only,10,1,perf-policy_only-r010-20260818T053825Z,loan_to_credit,2,1,200,15.824300,
policy_only,10,1,perf-policy_only-r010-20260818T053825Z,loan_to_credit,2,2,200,16.106600,
policy_only,10,1,perf-policy_only-r010-20260818T053825Z,loan_to_credit,2,3,200,15.776200,
policy_only,10,1,perf-policy_only-r010-20260818T053825Z,loan_to_credit,2,4,200,16.056100,
policy_only,10,1,perf-policy_only-r010-20260818T053825Z,loan_to_credit,2,5,200,16.701100,
policy_only,10,1,perf-policy_only-r010-20260818T053825Z,loan_to_credit,2,6,200,18.059800,
policy_only,10,1,perf-policy_only-r010-20260818T053825Z,loan_to_credit,2,7,200,17.824100,
policy_only,10,1,perf-policy_only-r010-20260818T053825Z,loan_to_credit,2,8,200,16.580700,
policy_only,10,1,perf-policy_only-r010-20260818T053825Z,loan_to_credit,2,9,200,16.865900,
policy_only,10,1,perf-policy_only-r010-20260818T053825Z,loan_to_credit,2,10,200,17.251500,
policy_only,10,1,perf-policy_only-r010-20260818T053825Z,loan_to_credit,2,11,200,16.947600,
policy_only,10,1,perf-policy_only-r010-20260818T053825Z,loan_to_credit,2,12,200,16.815600,
policy_only,10,1,perf-policy_only-r010-20260818T053825Z,loan_to_credit,2,13,200,15.875300,
policy_only,10,1,perf-policy_only-r010-20260818T053825Z,loan_to_credit,2,14,200,16.182000,
policy_only,10,1,perf-policy_only-r010-20260818T053825Z,loan_to_credit,2,15,200,15.490300,
policy_only,10,1,perf-policy_only-r010-20260818T053825Z,loan_to_credit,2,16,200,16.405200,
policy_only,10,1,perf-policy_only-r010-20260818T053825Z,loan_to_credit,2,17,200,15.670600,
policy_only,10,1,perf-policy_only-r010-20260818T053825Z,loan_to_credit,2,18,200,15.920200,
policy_only,10,1,perf-policy_only-r010-20260818T053825Z,loan_to_credit,2,19,200,16.216200,
policy_only,10,1,perf-policy_only-r010-20260818T053825Z,loan_to_credit,2,20,200,15.890300,
policy_only,10,1,perf-policy_only-r010-20260818T053825Z,loan_to_credit,2,21,200,15.904800,
policy_only,10,1,perf-policy_only-r010-20260818T053825Z,loan_to_credit,2,22,200,16.416200,
policy_only,10,1,perf-policy_only-r010-20260818T053825Z,loan_to_credit,2,23,200,15.339400,
policy_only,10,1,perf-policy_only-r010-20260818T053825Z,loan_to_credit,2,24,200,16.528600,
policy_only,10,1,perf-policy_only-r010-20260818T053825Z,loan_to_credit,2,25,200,16.744100,
policy_only,10,1,perf-policy_only-r010-20260818T053825Z,loan_to_credit,2,26,200,15.725500,
policy_only,10,1,perf-policy_only-r010-20260818T053825Z,loan_to_credit,2,27,200,16.020600,
policy_only,10,1,perf-policy_only-r010-20260818T053825Z,loan_to_credit,2,28,200,16.145100,
policy_only,10,1,perf-policy_only-r010-20260818T053825Z,loan_to_credit,2,29,200,15.621500,
policy_only,10,1,perf-policy_only-r010-20260818T053825Z,loan_to_credit,2,30,200,16.194300,
policy_only,10,1,perf-policy_only-r010-20260818T053825Z,loan_to_credit,2,31,200,16.969500,
policy_only,10,1,perf-policy_only-r010-20260818T053825Z,loan_to_credit,2,32,200,16.468100,
policy_only,10,1,perf-policy_only-r010-20260818T053825Z,loan_to_credit,2,33,200,17.711700,
policy_only,10,1,perf-policy_only-r010-20260818T053825Z,loan_to_credit,2,34,200,16.379900,
policy_only,10,1,perf-policy_only-r010-20260818T053825Z,loan_to_credit,2,35,200,16.687800,
policy_only,10,1,perf-policy_only-r010-20260818T053825Z,loan_to_credit,2,36,200,18.873100,
policy_only,10,1,perf-policy_only-r010-20260818T053825Z,loan_to_credit,2,37,200,18.973300,
policy_only,10,1,perf-policy_only-r010-20260818T053825Z,loan_to_credit,2,38,200,18.825600,
policy_only,10,1,perf-policy_only-r010-20260818T053825Z,loan_to_credit,2,39,200,19.855900,
policy_only,10,1,perf-policy_only-r010-20260818T053825Z,loan_to_credit,2,40,200,18.363600,
policy_only,10,1,perf-policy_only-r010-20260818T053825Z,loan_to_credit,2,41,200,20.663500,
policy_only,10,1,perf-policy_only-r010-20260818T053825Z,loan_to_credit,2,42,200,23.197100,
policy_only,10,1,perf-policy_only-r010-20260818T053825Z,loan_to_credit,2,43,200,17.863800,
policy_only,10,1,perf-policy_only-r010-20260818T053825Z,loan_to_credit,2,44,200,18.823300,
policy_only,10,1,perf-policy_only-r010-20260818T053825Z,loan_to_credit,2,45,200,17.404500,
policy_only,10,1,perf-policy_only-r010-20260818T053825Z,loan_to_credit,2,46,200,17.922800,
policy_only,10,1,perf-policy_only-r010-20260818T053825Z,loan_to_credit,2,47,200,17.234800,
policy_only,10,1,perf-policy_only-r010-20260818T053825Z,loan_to_credit,2,48,200,15.797600,
policy_only,10,1,perf-policy_only-r010-20260818T053825Z,loan_to_credit,2,49,200,17.246700,
policy_only,10,1,perf-policy_only-r010-20260818T053825Z,loan_to_credit,2,50,200,16.330900,
policy_only,10,1,perf-policy_only-r010-20260818T053825Z,loan_to_credit,2,51,200,17.280400,
policy_only,10,1,perf-policy_only-r010-20260818T053825Z,loan_to_credit,2,52,200,18.956800,
policy_only,10,1,perf-policy_only-r010-20260818T053825Z,loan_to_credit,2,53,200,19.501000,
policy_only,10,1,perf-policy_only-r010-20260818T053825Z,loan_to_credit,2,54,200,18.334700,
policy_only,10,1,perf-policy_only-r010-20260818T053825Z,loan_to_credit,2,55,200,17.493300,
policy_only,10,1,perf-policy_only-r010-20260818T053825Z,loan_to_credit,2,56,200,16.807600,
policy_only,10,1,perf-policy_only-r010-20260818T053825Z,loan_to_credit,2,57,200,17.003300,
policy_only,10,1,perf-policy_only-r010-20260818T053825Z,loan_to_credit,2,58,200,16.677300,
policy_only,10,1,perf-policy_only-r010-20260818T053825Z,loan_to_credit,2,59,200,16.358600,
policy_only,10,1,perf-policy_only-r010-20260818T053825Z,loan_to_credit,2,60,200,16.738200,
policy_only,10,1,perf-policy_only-r010-20260818T053825Z,loan_to_credit,2,61,200,16.931500,
policy_only,10,1,perf-policy_only-r010-20260818T053825Z,loan_to_credit,2,62,200,17.165400,
policy_only,10,1,perf-policy_only-r010-20260818T053825Z,loan_to_credit,2,63,200,17.918100,
policy_only,10,1,perf-policy_only-r010-20260818T053825Z,loan_to_credit,2,64,200,17.078700,
policy_only,10,1,perf-policy_only-r010-20260818T053825Z,loan_to_credit,2,65,200,17.019100,
policy_only,10,1,perf-policy_only-r010-20260818T053825Z,loan_to_credit,2,66,200,18.952600,
policy_only,10,1,perf-policy_only-r010-20260818T053825Z,loan_to_credit,2,67,200,18.543300,
policy_only,10,1,perf-policy_only-r010-20260818T053825Z,loan_to_credit,2,68,200,19.230900,
policy_only,10,1,perf-policy_only-r010-20260818T053825Z,loan_to_credit,2,69,200,17.155100,
policy_only,10,1,perf-policy_only-r010-20260818T053825Z,loan_to_credit,2,70,200,17.877700,
policy_only,10,1,perf-policy_only-r010-20260818T053825Z,loan_to_credit,2,71,200,17.380700,
policy_only,10,1,perf-policy_only-r010-20260818T053825Z,loan_to_credit,2,72,200,17.337900,
policy_only,10,1,perf-policy_only-r010-20260818T053825Z,loan_to_credit,2,73,200,15.669500,
policy_only,10,1,perf-policy_only-r010-20260818T053825Z,loan_to_credit,2,74,200,16.062700,
policy_only,10,1,perf-policy_only-r010-20260818T053825Z,loan_to_credit,2,75,200,16.023600,
policy_only,10,1,perf-policy_only-r010-20260818T053825Z,loan_to_credit,2,76,200,17.239300,
policy_only,10,1,perf-policy_only-r010-20260818T053825Z,loan_to_credit,2,77,200,16.334400,
policy_only,10,1,perf-policy_only-r010-20260818T053825Z,loan_to_credit,2,78,200,17.315000,
policy_only,10,1,perf-policy_only-r010-20260818T053825Z,loan_to_credit,2,79,200,17.550800,
policy_only,10,1,perf-policy_only-r010-20260818T053825Z,loan_to_credit,2,80,200,15.825700,
policy_only,10,1,perf-policy_only-r010-20260818T053825Z,loan_to_credit,2,81,200,18.619800,
policy_only,10,1,perf-policy_only-r010-20260818T053825Z,loan_to_credit,2,82,200,19.151400,
policy_only,10,1,perf-policy_only-r010-20260818T053825Z,loan_to_credit,2,83,200,17.288700,
policy_only,10,1,perf-policy_only-r010-20260818T053825Z,loan_to_credit,2,84,200,18.159100,
policy_only,10,1,perf-policy_only-r010-20260818T053825Z,loan_to_credit,2,85,200,16.891500,
policy_only,10,1,perf-policy_only-r010-20260818T053825Z,loan_to_credit,2,86,200,17.412200,
policy_only,10,1,perf-policy_only-r010-20260818T053825Z,loan_to_credit,2,87,200,15.863200,
policy_only,10,1,perf-policy_only-r010-20260818T053825Z,loan_to_credit,2,88,200,16.237800,
policy_only,10,1,perf-policy_only-r010-20260818T053825Z,loan_to_credit,2,89,200,16.938100,
policy_only,10,1,perf-policy_only-r010-20260818T053825Z,loan_to_credit,2,90,200,16.436700,
policy_only,10,1,perf-policy_only-r010-20260818T053825Z,loan_to_credit,2,91,200,17.315000,
policy_only,10,1,perf-policy_only-r010-20260818T053825Z,loan_to_credit,2,92,200,15.643100,
policy_only,10,1,perf-policy_only-r010-20260818T053825Z,loan_to_credit,2,93,200,16.387300,
policy_only,10,1,perf-policy_only-r010-20260818T053825Z,loan_to_credit,2,94,200,17.103100,
policy_only,10,1,perf-policy_only-r010-20260818T053825Z,loan_to_credit,2,95,200,17.176400,
policy_only,10,1,perf-policy_only-r010-20260818T053825Z,loan_to_credit,2,96,200,16.622900,
policy_only,10,1,perf-policy_only-r010-20260818T053825Z,loan_to_credit,2,97,200,17.027700,
policy_only,10,1,perf-policy_only-r010-20260818T053825Z,loan_to_credit,2,98,200,17.409500,
policy_only,10,1,perf-policy_only-r010-20260818T053825Z,loan_to_credit,2,99,200,16.935500,
policy_only,10,1,perf-policy_only-r010-20260818T053825Z,loan_to_credit,2,100,200,16.917900,
policy_only,10,1,perf-policy_only-r010-20260818T053825Z,loan_to_credit,2,101,200,16.566900,
policy_only,10,1,perf-policy_only-r010-20260818T053825Z,loan_to_credit,2,102,200,15.858800,
policy_only,10,1,perf-policy_only-r010-20260818T053825Z,loan_to_credit,2,103,200,16.089200,
policy_only,10,1,perf-policy_only-r010-20260818T053825Z,loan_to_credit,2,104,200,15.915100,
policy_only,10,1,perf-policy_only-r010-20260818T053825Z,loan_to_credit,2,105,200,15.975700,
policy_only,10,1,perf-policy_only-r010-20260818T053825Z,loan_to_credit,2,106,200,16.136600,
policy_only,10,1,perf-policy_only-r010-20260818T053825Z,loan_to_credit,2,107,200,15.773000,
policy_only,10,1,perf-policy_only-r010-20260818T053825Z,loan_to_credit,2,108,200,16.268400,
policy_only,10,1,perf-policy_only-r010-20260818T053825Z,loan_to_credit,2,109,200,17.906300,
policy_only,10,1,perf-policy_only-r010-20260818T053825Z,loan_to_credit,2,110,200,16.044300,
policy_only,10,1,perf-policy_only-r010-20260818T053825Z,loan_to_credit,2,111,200,16.641000,
policy_only,10,1,perf-policy_only-r010-20260818T053825Z,loan_to_credit,2,112,200,16.190400,
policy_only,10,1,perf-policy_only-r010-20260818T053825Z,loan_to_credit,2,113,200,15.956600,
policy_only,10,1,perf-policy_only-r010-20260818T053825Z,loan_to_credit,2,114,200,16.095200,
policy_only,10,1,perf-policy_only-r010-20260818T053825Z,loan_to_credit,2,115,200,17.325500,
policy_only,10,1,perf-policy_only-r010-20260818T053825Z,loan_to_credit,2,116,200,16.552000,
policy_only,10,1,perf-policy_only-r010-20260818T053825Z,loan_to_credit,2,117,200,15.876600,
policy_only,10,1,perf-policy_only-r010-20260818T053825Z,loan_to_credit,2,118,200,15.882100,
policy_only,10,1,perf-policy_only-r010-20260818T053825Z,loan_to_credit,2,119,200,15.913000,
policy_only,10,1,perf-policy_only-r010-20260818T053825Z,loan_to_credit,2,120,200,16.195000,
policy_only,10,1,perf-policy_only-r010-20260818T053825Z,loan_to_credit,2,121,200,16.128100,
policy_only,10,1,perf-policy_only-r010-20260818T053825Z,loan_to_credit,2,122,200,17.649600,
policy_only,10,1,perf-policy_only-r010-20260818T053825Z,loan_to_credit,2,123,200,17.344400,
policy_only,10,1,perf-policy_only-r010-20260818T053825Z,loan_to_credit,2,124,200,15.484400,
policy_only,10,1,perf-policy_only-r010-20260818T053825Z,loan_to_credit,2,125,200,16.050000,
policy_only,10,1,perf-policy_only-r010-20260818T053825Z,loan_to_credit,2,126,200,15.986300,
policy_only,10,1,perf-policy_only-r010-20260818T053825Z,loan_to_credit,2,127,200,17.225400,
policy_only,10,1,perf-policy_only-r010-20260818T053825Z,loan_to_credit,2,128,200,18.239100,
policy_only,10,1,perf-policy_only-r010-20260818T053825Z,loan_to_credit,2,129,200,17.361900,
policy_only,10,1,perf-policy_only-r010-20260818T053825Z,loan_to_credit,2,130,200,16.520600,
policy_only,10,1,perf-policy_only-r010-20260818T053825Z,loan_to_credit,2,131,200,15.626100,
policy_only,10,1,perf-policy_only-r010-20260818T053825Z,loan_to_credit,2,132,200,16.047300,
policy_only,10,1,perf-policy_only-r010-20260818T053825Z,loan_to_credit,2,133,200,16.606900,
policy_only,10,1,perf-policy_only-r010-20260818T053825Z,loan_to_credit,2,134,200,16.558700,
policy_only,10,1,perf-policy_only-r010-20260818T053825Z,loan_to_credit,2,135,200,16.371400,
policy_only,10,1,perf-policy_only-r010-20260818T053825Z,loan_to_credit,2,136,200,16.948200,
policy_only,10,1,perf-policy_only-r010-20260818T053825Z,loan_to_credit,2,137,200,17.537400,
policy_only,10,1,perf-policy_only-r010-20260818T053825Z,loan_to_credit,2,138,200,17.905100,
policy_only,10,1,perf-policy_only-r010-20260818T053825Z,loan_to_credit,2,139,200,16.924300,
policy_only,10,1,perf-policy_only-r010-20260818T053825Z,loan_to_credit,2,140,200,16.522100,
policy_only,10,1,perf-policy_only-r010-20260818T053825Z,loan_to_credit,2,141,200,17.400000,
policy_only,10,1,perf-policy_only-r010-20260818T053825Z,loan_to_credit,2,142,200,16.254000,
policy_only,10,1,perf-policy_only-r010-20260818T053825Z,loan_to_credit,2,143,200,16.651300,
policy_only,10,1,perf-policy_only-r010-20260818T053825Z,loan_to_credit,2,144,200,16.141000,
policy_only,10,1,perf-policy_only-r010-20260818T053825Z,loan_to_credit,2,145,200,16.113900,
policy_only,10,1,perf-policy_only-r010-20260818T053825Z,loan_to_credit,2,146,200,15.757200,
policy_only,10,1,perf-policy_only-r010-20260818T053825Z,loan_to_credit,2,147,200,15.866900,
policy_only,10,1,perf-policy_only-r010-20260818T053825Z,loan_to_credit,2,148,200,15.144900,
policy_only,10,1,perf-policy_only-r010-20260818T053825Z,loan_to_credit,2,149,200,17.204100,
policy_only,10,1,perf-policy_only-r010-20260818T053825Z,loan_to_credit,2,150,200,16.906800,
policy_only,10,1,perf-policy_only-r010-20260818T053825Z,loan_to_credit,2,151,200,15.542900,
policy_only,10,1,perf-policy_only-r010-20260818T053825Z,loan_to_credit,2,152,200,16.470000,
policy_only,10,1,perf-policy_only-r010-20260818T053825Z,loan_to_credit,2,153,200,16.712100,
policy_only,10,1,perf-policy_only-r010-20260818T053825Z,loan_to_credit,2,154,200,17.602300,
policy_only,10,1,perf-policy_only-r010-20260818T053825Z,loan_to_credit,2,155,200,16.556400,
policy_only,10,1,perf-policy_only-r010-20260818T053825Z,loan_to_credit,2,156,200,15.645200,
policy_only,10,1,perf-policy_only-r010-20260818T053825Z,loan_to_credit,2,157,200,15.948700,
policy_only,10,1,perf-policy_only-r010-20260818T053825Z,loan_to_credit,2,158,200,16.702800,
policy_only,10,1,perf-policy_only-r010-20260818T053825Z,loan_to_credit,2,159,200,16.618200,
policy_only,10,1,perf-policy_only-r010-20260818T053825Z,loan_to_credit,2,160,200,16.039000,
policy_only,10,1,perf-policy_only-r010-20260818T053825Z,loan_to_credit,2,161,200,15.737000,
policy_only,10,1,perf-policy_only-r010-20260818T053825Z,loan_to_credit,2,162,200,18.376600,
policy_only,10,1,perf-policy_only-r010-20260818T053825Z,loan_to_credit,2,163,200,20.154400,
policy_only,10,1,perf-policy_only-r010-20260818T053825Z,loan_to_credit,2,164,200,16.966100,
policy_only,10,1,perf-policy_only-r010-20260818T053825Z,loan_to_credit,2,165,200,17.322300,
policy_only,10,1,perf-policy_only-r010-20260818T053825Z,loan_to_credit,2,166,200,18.047700,
policy_only,10,1,perf-policy_only-r010-20260818T053825Z,loan_to_credit,2,167,200,16.231300,
policy_only,10,1,perf-policy_only-r010-20260818T053825Z,loan_to_credit,2,168,200,16.091200,
policy_only,10,1,perf-policy_only-r010-20260818T053825Z,loan_to_credit,2,169,200,17.097200,
policy_only,10,1,perf-policy_only-r010-20260818T053825Z,loan_to_credit,2,170,200,16.978200,
policy_only,10,1,perf-policy_only-r010-20260818T053825Z,loan_to_credit,2,171,200,15.683700,
policy_only,10,1,perf-policy_only-r010-20260818T053825Z,loan_to_credit,2,172,200,16.142900,
policy_only,10,1,perf-policy_only-r010-20260818T053825Z,loan_to_credit,2,173,200,15.520400,
policy_only,10,1,perf-policy_only-r010-20260818T053825Z,loan_to_credit,2,174,200,16.334600,
policy_only,10,1,perf-policy_only-r010-20260818T053825Z,loan_to_credit,2,175,200,15.836000,
policy_only,10,1,perf-policy_only-r010-20260818T053825Z,loan_to_credit,2,176,200,15.837400,
policy_only,10,1,perf-policy_only-r010-20260818T053825Z,loan_to_credit,2,177,200,15.978200,
policy_only,10,1,perf-policy_only-r010-20260818T053825Z,loan_to_credit,2,178,200,17.284300,
policy_only,10,1,perf-policy_only-r010-20260818T053825Z,loan_to_credit,2,179,200,16.017800,
policy_only,10,1,perf-policy_only-r010-20260818T053825Z,loan_to_credit,2,180,200,15.453600,
policy_only,10,1,perf-policy_only-r010-20260818T053825Z,loan_to_credit,2,181,200,16.266500,
policy_only,10,1,perf-policy_only-r010-20260818T053825Z,loan_to_credit,2,182,200,16.859400,
policy_only,10,1,perf-policy_only-r010-20260818T053825Z,loan_to_credit,2,183,200,16.815800,
policy_only,10,1,perf-policy_only-r010-20260818T053825Z,loan_to_credit,2,184,200,16.368100,
policy_only,10,1,perf-policy_only-r010-20260818T053825Z,loan_to_credit,2,185,200,15.850100,
policy_only,10,1,perf-policy_only-r010-20260818T053825Z,loan_to_credit,2,186,200,16.047600,
policy_only,10,1,perf-policy_only-r010-20260818T053825Z,loan_to_credit,2,187,200,15.962200,
policy_only,10,1,perf-policy_only-r010-20260818T053825Z,loan_to_credit,2,188,200,16.456300,
policy_only,10,1,perf-policy_only-r010-20260818T053825Z,loan_to_credit,2,189,200,16.957600,
policy_only,10,1,perf-policy_only-r010-20260818T053825Z,loan_to_credit,2,190,200,18.138200,
policy_only,10,1,perf-policy_only-r010-20260818T053825Z,loan_to_credit,2,191,200,16.571500,
policy_only,10,1,perf-policy_only-r010-20260818T053825Z,loan_to_credit,2,192,200,15.673600,
policy_only,10,1,perf-policy_only-r010-20260818T053825Z,loan_to_credit,2,193,200,16.373800,
policy_only,10,1,perf-policy_only-r010-20260818T053825Z,loan_to_credit,2,194,200,15.620500,
policy_only,10,1,perf-policy_only-r010-20260818T053825Z,loan_to_credit,2,195,200,15.984900,
policy_only,10,1,perf-policy_only-r010-20260818T053825Z,loan_to_credit,2,196,200,15.989400,
policy_only,10,1,perf-policy_only-r010-20260818T053825Z,loan_to_credit,2,197,200,15.634300,
policy_only,10,1,perf-policy_only-r010-20260818T053825Z,loan_to_credit,2,198,200,15.857500,
policy_only,10,1,perf-policy_only-r010-20260818T053825Z,loan_to_credit,2,199,200,16.316000,
policy_only,10,1,perf-policy_only-r010-20260818T053825Z,loan_to_credit,2,200,200,15.996500,
policy_only,10,1,perf-policy_only-r010-20260818T053825Z,loan_to_credit,3,1,200,16.088500,
policy_only,10,1,perf-policy_only-r010-20260818T053825Z,loan_to_credit,3,2,200,15.745500,
policy_only,10,1,perf-policy_only-r010-20260818T053825Z,loan_to_credit,3,3,200,16.265800,
policy_only,10,1,perf-policy_only-r010-20260818T053825Z,loan_to_credit,3,4,200,16.017400,
policy_only,10,1,perf-policy_only-r010-20260818T053825Z,loan_to_credit,3,5,200,16.373300,
policy_only,10,1,perf-policy_only-r010-20260818T053825Z,loan_to_credit,3,6,200,15.884400,
policy_only,10,1,perf-policy_only-r010-20260818T053825Z,loan_to_credit,3,7,200,16.489500,
policy_only,10,1,perf-policy_only-r010-20260818T053825Z,loan_to_credit,3,8,200,16.144200,
policy_only,10,1,perf-policy_only-r010-20260818T053825Z,loan_to_credit,3,9,200,15.972300,
policy_only,10,1,perf-policy_only-r010-20260818T053825Z,loan_to_credit,3,10,200,15.587200,
policy_only,10,1,perf-policy_only-r010-20260818T053825Z,loan_to_credit,3,11,200,16.628400,
policy_only,10,1,perf-policy_only-r010-20260818T053825Z,loan_to_credit,3,12,200,15.596100,
policy_only,10,1,perf-policy_only-r010-20260818T053825Z,loan_to_credit,3,13,200,15.869400,
policy_only,10,1,perf-policy_only-r010-20260818T053825Z,loan_to_credit,3,14,200,16.417100,
policy_only,10,1,perf-policy_only-r010-20260818T053825Z,loan_to_credit,3,15,200,17.231700,
policy_only,10,1,perf-policy_only-r010-20260818T053825Z,loan_to_credit,3,16,200,16.465900,
policy_only,10,1,perf-policy_only-r010-20260818T053825Z,loan_to_credit,3,17,200,15.892400,
policy_only,10,1,perf-policy_only-r010-20260818T053825Z,loan_to_credit,3,18,200,15.806300,
policy_only,10,1,perf-policy_only-r010-20260818T053825Z,loan_to_credit,3,19,200,16.179300,
policy_only,10,1,perf-policy_only-r010-20260818T053825Z,loan_to_credit,3,20,200,15.736200,
policy_only,10,1,perf-policy_only-r010-20260818T053825Z,loan_to_credit,3,21,200,16.642900,
policy_only,10,1,perf-policy_only-r010-20260818T053825Z,loan_to_credit,3,22,200,18.750700,
policy_only,10,1,perf-policy_only-r010-20260818T053825Z,loan_to_credit,3,23,200,16.239700,
policy_only,10,1,perf-policy_only-r010-20260818T053825Z,loan_to_credit,3,24,200,15.468000,
policy_only,10,1,perf-policy_only-r010-20260818T053825Z,loan_to_credit,3,25,200,16.126100,
policy_only,10,1,perf-policy_only-r010-20260818T053825Z,loan_to_credit,3,26,200,16.083100,
policy_only,10,1,perf-policy_only-r010-20260818T053825Z,loan_to_credit,3,27,200,15.996600,
policy_only,10,1,perf-policy_only-r010-20260818T053825Z,loan_to_credit,3,28,200,16.194800,
policy_only,10,1,perf-policy_only-r010-20260818T053825Z,loan_to_credit,3,29,200,15.585200,
policy_only,10,1,perf-policy_only-r010-20260818T053825Z,loan_to_credit,3,30,200,16.032100,
policy_only,10,1,perf-policy_only-r010-20260818T053825Z,loan_to_credit,3,31,200,15.808700,
policy_only,10,1,perf-policy_only-r010-20260818T053825Z,loan_to_credit,3,32,200,16.687900,
policy_only,10,1,perf-policy_only-r010-20260818T053825Z,loan_to_credit,3,33,200,16.372500,
policy_only,10,1,perf-policy_only-r010-20260818T053825Z,loan_to_credit,3,34,200,15.900200,
policy_only,10,1,perf-policy_only-r010-20260818T053825Z,loan_to_credit,3,35,200,15.939100,
policy_only,10,1,perf-policy_only-r010-20260818T053825Z,loan_to_credit,3,36,200,16.398000,
policy_only,10,1,perf-policy_only-r010-20260818T053825Z,loan_to_credit,3,37,200,15.578500,
policy_only,10,1,perf-policy_only-r010-20260818T053825Z,loan_to_credit,3,38,200,16.214900,
policy_only,10,1,perf-policy_only-r010-20260818T053825Z,loan_to_credit,3,39,200,15.756400,
policy_only,10,1,perf-policy_only-r010-20260818T053825Z,loan_to_credit,3,40,200,15.957100,
policy_only,10,1,perf-policy_only-r010-20260818T053825Z,loan_to_credit,3,41,200,15.924400,
policy_only,10,1,perf-policy_only-r010-20260818T053825Z,loan_to_credit,3,42,200,16.121400,
policy_only,10,1,perf-policy_only-r010-20260818T053825Z,loan_to_credit,3,43,200,16.062200,
policy_only,10,1,perf-policy_only-r010-20260818T053825Z,loan_to_credit,3,44,200,15.895300,
policy_only,10,1,perf-policy_only-r010-20260818T053825Z,loan_to_credit,3,45,200,16.211700,
policy_only,10,1,perf-policy_only-r010-20260818T053825Z,loan_to_credit,3,46,200,15.678400,
policy_only,10,1,perf-policy_only-r010-20260818T053825Z,loan_to_credit,3,47,200,16.093600,
policy_only,10,1,perf-policy_only-r010-20260818T053825Z,loan_to_credit,3,48,200,17.404500,
policy_only,10,1,perf-policy_only-r010-20260818T053825Z,loan_to_credit,3,49,200,15.632600,
policy_only,10,1,perf-policy_only-r010-20260818T053825Z,loan_to_credit,3,50,200,16.469400,
policy_only,10,1,perf-policy_only-r010-20260818T053825Z,loan_to_credit,3,51,200,15.517400,
policy_only,10,1,perf-policy_only-r010-20260818T053825Z,loan_to_credit,3,52,200,15.958100,
policy_only,10,1,perf-policy_only-r010-20260818T053825Z,loan_to_credit,3,53,200,16.316200,
policy_only,10,1,perf-policy_only-r010-20260818T053825Z,loan_to_credit,3,54,200,16.821300,
policy_only,10,1,perf-policy_only-r010-20260818T053825Z,loan_to_credit,3,55,200,15.905700,
policy_only,10,1,perf-policy_only-r010-20260818T053825Z,loan_to_credit,3,56,200,15.812300,
policy_only,10,1,perf-policy_only-r010-20260818T053825Z,loan_to_credit,3,57,200,16.288400,
policy_only,10,1,perf-policy_only-r010-20260818T053825Z,loan_to_credit,3,58,200,15.606100,
policy_only,10,1,perf-policy_only-r010-20260818T053825Z,loan_to_credit,3,59,200,15.770900,
policy_only,10,1,perf-policy_only-r010-20260818T053825Z,loan_to_credit,3,60,200,16.377100,
policy_only,10,1,perf-policy_only-r010-20260818T053825Z,loan_to_credit,3,61,200,15.854300,
policy_only,10,1,perf-policy_only-r010-20260818T053825Z,loan_to_credit,3,62,200,15.675200,
policy_only,10,1,perf-policy_only-r010-20260818T053825Z,loan_to_credit,3,63,200,16.262100,
policy_only,10,1,perf-policy_only-r010-20260818T053825Z,loan_to_credit,3,64,200,16.569600,
policy_only,10,1,perf-policy_only-r010-20260818T053825Z,loan_to_credit,3,65,200,16.082700,
policy_only,10,1,perf-policy_only-r010-20260818T053825Z,loan_to_credit,3,66,200,14.834200,
policy_only,10,1,perf-policy_only-r010-20260818T053825Z,loan_to_credit,3,67,200,16.057800,
policy_only,10,1,perf-policy_only-r010-20260818T053825Z,loan_to_credit,3,68,200,16.241100,
policy_only,10,1,perf-policy_only-r010-20260818T053825Z,loan_to_credit,3,69,200,16.178900,
policy_only,10,1,perf-policy_only-r010-20260818T053825Z,loan_to_credit,3,70,200,15.954500,
policy_only,10,1,perf-policy_only-r010-20260818T053825Z,loan_to_credit,3,71,200,15.465000,
policy_only,10,1,perf-policy_only-r010-20260818T053825Z,loan_to_credit,3,72,200,15.692800,
policy_only,10,1,perf-policy_only-r010-20260818T053825Z,loan_to_credit,3,73,200,16.543300,
policy_only,10,1,perf-policy_only-r010-20260818T053825Z,loan_to_credit,3,74,200,16.236500,
policy_only,10,1,perf-policy_only-r010-20260818T053825Z,loan_to_credit,3,75,200,15.852700,
policy_only,10,1,perf-policy_only-r010-20260818T053825Z,loan_to_credit,3,76,200,16.334400,
policy_only,10,1,perf-policy_only-r010-20260818T053825Z,loan_to_credit,3,77,200,15.837200,
policy_only,10,1,perf-policy_only-r010-20260818T053825Z,loan_to_credit,3,78,200,18.016900,
policy_only,10,1,perf-policy_only-r010-20260818T053825Z,loan_to_credit,3,79,200,16.666800,
policy_only,10,1,perf-policy_only-r010-20260818T053825Z,loan_to_credit,3,80,200,17.530400,
policy_only,10,1,perf-policy_only-r010-20260818T053825Z,loan_to_credit,3,81,200,15.383900,
policy_only,10,1,perf-policy_only-r010-20260818T053825Z,loan_to_credit,3,82,200,16.027900,
policy_only,10,1,perf-policy_only-r010-20260818T053825Z,loan_to_credit,3,83,200,17.472700,
policy_only,10,1,perf-policy_only-r010-20260818T053825Z,loan_to_credit,3,84,200,16.673600,
policy_only,10,1,perf-policy_only-r010-20260818T053825Z,loan_to_credit,3,85,200,15.826300,
policy_only,10,1,perf-policy_only-r010-20260818T053825Z,loan_to_credit,3,86,200,15.851200,
policy_only,10,1,perf-policy_only-r010-20260818T053825Z,loan_to_credit,3,87,200,15.980400,
policy_only,10,1,perf-policy_only-r010-20260818T053825Z,loan_to_credit,3,88,200,15.928500,
policy_only,10,1,perf-policy_only-r010-20260818T053825Z,loan_to_credit,3,89,200,17.009800,
policy_only,10,1,perf-policy_only-r010-20260818T053825Z,loan_to_credit,3,90,200,16.508500,
policy_only,10,1,perf-policy_only-r010-20260818T053825Z,loan_to_credit,3,91,200,15.714900,
policy_only,10,1,perf-policy_only-r010-20260818T053825Z,loan_to_credit,3,92,200,16.396400,
policy_only,10,1,perf-policy_only-r010-20260818T053825Z,loan_to_credit,3,93,200,16.722200,
policy_only,10,1,perf-policy_only-r010-20260818T053825Z,loan_to_credit,3,94,200,16.203200,
policy_only,10,1,perf-policy_only-r010-20260818T053825Z,loan_to_credit,3,95,200,18.548200,
policy_only,10,1,perf-policy_only-r010-20260818T053825Z,loan_to_credit,3,96,200,17.991700,
policy_only,10,1,perf-policy_only-r010-20260818T053825Z,loan_to_credit,3,97,200,17.359100,
policy_only,10,1,perf-policy_only-r010-20260818T053825Z,loan_to_credit,3,98,200,19.264600,
policy_only,10,1,perf-policy_only-r010-20260818T053825Z,loan_to_credit,3,99,200,18.475700,
policy_only,10,1,perf-policy_only-r010-20260818T053825Z,loan_to_credit,3,100,200,17.583300,
policy_only,10,1,perf-policy_only-r010-20260818T053825Z,loan_to_credit,3,101,200,17.856000,
policy_only,10,1,perf-policy_only-r010-20260818T053825Z,loan_to_credit,3,102,200,18.058900,
policy_only,10,1,perf-policy_only-r010-20260818T053825Z,loan_to_credit,3,103,200,17.568400,
policy_only,10,1,perf-policy_only-r010-20260818T053825Z,loan_to_credit,3,104,200,17.348100,
policy_only,10,1,perf-policy_only-r010-20260818T053825Z,loan_to_credit,3,105,200,17.816900,
policy_only,10,1,perf-policy_only-r010-20260818T053825Z,loan_to_credit,3,106,200,16.826600,
policy_only,10,1,perf-policy_only-r010-20260818T053825Z,loan_to_credit,3,107,200,17.358000,
policy_only,10,1,perf-policy_only-r010-20260818T053825Z,loan_to_credit,3,108,200,17.042400,
policy_only,10,1,perf-policy_only-r010-20260818T053825Z,loan_to_credit,3,109,200,17.949700,
policy_only,10,1,perf-policy_only-r010-20260818T053825Z,loan_to_credit,3,110,200,18.032100,
policy_only,10,1,perf-policy_only-r010-20260818T053825Z,loan_to_credit,3,111,200,17.992000,
policy_only,10,1,perf-policy_only-r010-20260818T053825Z,loan_to_credit,3,112,200,17.755900,
policy_only,10,1,perf-policy_only-r010-20260818T053825Z,loan_to_credit,3,113,200,18.270300,
policy_only,10,1,perf-policy_only-r010-20260818T053825Z,loan_to_credit,3,114,200,17.901000,
policy_only,10,1,perf-policy_only-r010-20260818T053825Z,loan_to_credit,3,115,200,18.563000,
policy_only,10,1,perf-policy_only-r010-20260818T053825Z,loan_to_credit,3,116,200,17.476200,
policy_only,10,1,perf-policy_only-r010-20260818T053825Z,loan_to_credit,3,117,200,18.549000,
policy_only,10,1,perf-policy_only-r010-20260818T053825Z,loan_to_credit,3,118,200,18.897200,
policy_only,10,1,perf-policy_only-r010-20260818T053825Z,loan_to_credit,3,119,200,18.203200,
policy_only,10,1,perf-policy_only-r010-20260818T053825Z,loan_to_credit,3,120,200,17.816400,
policy_only,10,1,perf-policy_only-r010-20260818T053825Z,loan_to_credit,3,121,200,18.604000,
policy_only,10,1,perf-policy_only-r010-20260818T053825Z,loan_to_credit,3,122,200,18.066100,
policy_only,10,1,perf-policy_only-r010-20260818T053825Z,loan_to_credit,3,123,200,17.658800,
policy_only,10,1,perf-policy_only-r010-20260818T053825Z,loan_to_credit,3,124,200,17.539200,
policy_only,10,1,perf-policy_only-r010-20260818T053825Z,loan_to_credit,3,125,200,16.642000,
policy_only,10,1,perf-policy_only-r010-20260818T053825Z,loan_to_credit,3,126,200,15.823100,
policy_only,10,1,perf-policy_only-r010-20260818T053825Z,loan_to_credit,3,127,200,16.120200,
policy_only,10,1,perf-policy_only-r010-20260818T053825Z,loan_to_credit,3,128,200,15.916500,
policy_only,10,1,perf-policy_only-r010-20260818T053825Z,loan_to_credit,3,129,200,17.066400,
policy_only,10,1,perf-policy_only-r010-20260818T053825Z,loan_to_credit,3,130,200,16.850100,
policy_only,10,1,perf-policy_only-r010-20260818T053825Z,loan_to_credit,3,131,200,15.689000,
policy_only,10,1,perf-policy_only-r010-20260818T053825Z,loan_to_credit,3,132,200,16.025300,
policy_only,10,1,perf-policy_only-r010-20260818T053825Z,loan_to_credit,3,133,200,15.857500,
policy_only,10,1,perf-policy_only-r010-20260818T053825Z,loan_to_credit,3,134,200,16.056900,
policy_only,10,1,perf-policy_only-r010-20260818T053825Z,loan_to_credit,3,135,200,16.982400,
policy_only,10,1,perf-policy_only-r010-20260818T053825Z,loan_to_credit,3,136,200,16.710100,
policy_only,10,1,perf-policy_only-r010-20260818T053825Z,loan_to_credit,3,137,200,16.394100,
policy_only,10,1,perf-policy_only-r010-20260818T053825Z,loan_to_credit,3,138,200,16.406200,
policy_only,10,1,perf-policy_only-r010-20260818T053825Z,loan_to_credit,3,139,200,16.885700,
policy_only,10,1,perf-policy_only-r010-20260818T053825Z,loan_to_credit,3,140,200,16.782100,
policy_only,10,1,perf-policy_only-r010-20260818T053825Z,loan_to_credit,3,141,200,16.434800,
policy_only,10,1,perf-policy_only-r010-20260818T053825Z,loan_to_credit,3,142,200,16.413700,
policy_only,10,1,perf-policy_only-r010-20260818T053825Z,loan_to_credit,3,143,200,15.916000,
policy_only,10,1,perf-policy_only-r010-20260818T053825Z,loan_to_credit,3,144,200,16.753000,
policy_only,10,1,perf-policy_only-r010-20260818T053825Z,loan_to_credit,3,145,200,16.623100,
policy_only,10,1,perf-policy_only-r010-20260818T053825Z,loan_to_credit,3,146,200,16.798400,
policy_only,10,1,perf-policy_only-r010-20260818T053825Z,loan_to_credit,3,147,200,17.873500,
policy_only,10,1,perf-policy_only-r010-20260818T053825Z,loan_to_credit,3,148,200,17.629000,
policy_only,10,1,perf-policy_only-r010-20260818T053825Z,loan_to_credit,3,149,200,16.964100,
policy_only,10,1,perf-policy_only-r010-20260818T053825Z,loan_to_credit,3,150,200,16.477700,
policy_only,10,1,perf-policy_only-r010-20260818T053825Z,loan_to_credit,3,151,200,15.671900,
policy_only,10,1,perf-policy_only-r010-20260818T053825Z,loan_to_credit,3,152,200,15.806000,
policy_only,10,1,perf-policy_only-r010-20260818T053825Z,loan_to_credit,3,153,200,17.279900,
policy_only,10,1,perf-policy_only-r010-20260818T053825Z,loan_to_credit,3,154,200,22.406500,
policy_only,10,1,perf-policy_only-r010-20260818T053825Z,loan_to_credit,3,155,200,16.656400,
policy_only,10,1,perf-policy_only-r010-20260818T053825Z,loan_to_credit,3,156,200,18.224100,
policy_only,10,1,perf-policy_only-r010-20260818T053825Z,loan_to_credit,3,157,200,17.034900,
policy_only,10,1,perf-policy_only-r010-20260818T053825Z,loan_to_credit,3,158,200,16.909600,
policy_only,10,1,perf-policy_only-r010-20260818T053825Z,loan_to_credit,3,159,200,17.375600,
policy_only,10,1,perf-policy_only-r010-20260818T053825Z,loan_to_credit,3,160,200,16.927000,
policy_only,10,1,perf-policy_only-r010-20260818T053825Z,loan_to_credit,3,161,200,16.219100,
policy_only,10,1,perf-policy_only-r010-20260818T053825Z,loan_to_credit,3,162,200,15.982900,
policy_only,10,1,perf-policy_only-r010-20260818T053825Z,loan_to_credit,3,163,200,15.973200,
policy_only,10,1,perf-policy_only-r010-20260818T053825Z,loan_to_credit,3,164,200,17.601300,
policy_only,10,1,perf-policy_only-r010-20260818T053825Z,loan_to_credit,3,165,200,16.523100,
policy_only,10,1,perf-policy_only-r010-20260818T053825Z,loan_to_credit,3,166,200,16.213000,
policy_only,10,1,perf-policy_only-r010-20260818T053825Z,loan_to_credit,3,167,200,16.411900,
policy_only,10,1,perf-policy_only-r010-20260818T053825Z,loan_to_credit,3,168,200,16.543600,
policy_only,10,1,perf-policy_only-r010-20260818T053825Z,loan_to_credit,3,169,200,17.556100,
policy_only,10,1,perf-policy_only-r010-20260818T053825Z,loan_to_credit,3,170,200,17.241200,
policy_only,10,1,perf-policy_only-r010-20260818T053825Z,loan_to_credit,3,171,200,18.342200,
policy_only,10,1,perf-policy_only-r010-20260818T053825Z,loan_to_credit,3,172,200,17.513800,
policy_only,10,1,perf-policy_only-r010-20260818T053825Z,loan_to_credit,3,173,200,16.063500,
policy_only,10,1,perf-policy_only-r010-20260818T053825Z,loan_to_credit,3,174,200,17.397800,
policy_only,10,1,perf-policy_only-r010-20260818T053825Z,loan_to_credit,3,175,200,17.141300,
policy_only,10,1,perf-policy_only-r010-20260818T053825Z,loan_to_credit,3,176,200,16.527900,
policy_only,10,1,perf-policy_only-r010-20260818T053825Z,loan_to_credit,3,177,200,17.217900,
policy_only,10,1,perf-policy_only-r010-20260818T053825Z,loan_to_credit,3,178,200,17.031200,
policy_only,10,1,perf-policy_only-r010-20260818T053825Z,loan_to_credit,3,179,200,16.870000,
policy_only,10,1,perf-policy_only-r010-20260818T053825Z,loan_to_credit,3,180,200,17.322000,
policy_only,10,1,perf-policy_only-r010-20260818T053825Z,loan_to_credit,3,181,200,16.901400,
policy_only,10,1,perf-policy_only-r010-20260818T053825Z,loan_to_credit,3,182,200,18.024700,
policy_only,10,1,perf-policy_only-r010-20260818T053825Z,loan_to_credit,3,183,200,17.248300,
policy_only,10,1,perf-policy_only-r010-20260818T053825Z,loan_to_credit,3,184,200,19.466600,
policy_only,10,1,perf-policy_only-r010-20260818T053825Z,loan_to_credit,3,185,200,22.243300,
policy_only,10,1,perf-policy_only-r010-20260818T053825Z,loan_to_credit,3,186,200,18.453700,
policy_only,10,1,perf-policy_only-r010-20260818T053825Z,loan_to_credit,3,187,200,17.448300,
policy_only,10,1,perf-policy_only-r010-20260818T053825Z,loan_to_credit,3,188,200,19.255800,
policy_only,10,1,perf-policy_only-r010-20260818T053825Z,loan_to_credit,3,189,200,16.385400,
policy_only,10,1,perf-policy_only-r010-20260818T053825Z,loan_to_credit,3,190,200,17.088100,
policy_only,10,1,perf-policy_only-r010-20260818T053825Z,loan_to_credit,3,191,200,17.377900,
policy_only,10,1,perf-policy_only-r010-20260818T053825Z,loan_to_credit,3,192,200,21.372800,
policy_only,10,1,perf-policy_only-r010-20260818T053825Z,loan_to_credit,3,193,200,21.114700,
policy_only,10,1,perf-policy_only-r010-20260818T053825Z,loan_to_credit,3,194,200,17.268600,
policy_only,10,1,perf-policy_only-r010-20260818T053825Z,loan_to_credit,3,195,200,17.282600,
policy_only,10,1,perf-policy_only-r010-20260818T053825Z,loan_to_credit,3,196,200,18.709000,
policy_only,10,1,perf-policy_only-r010-20260818T053825Z,loan_to_credit,3,197,200,17.570500,
policy_only,10,1,perf-policy_only-r010-20260818T053825Z,loan_to_credit,3,198,200,17.138000,
policy_only,10,1,perf-policy_only-r010-20260818T053825Z,loan_to_credit,3,199,200,16.559500,
policy_only,10,1,perf-policy_only-r010-20260818T053825Z,loan_to_credit,3,200,200,17.168500,
policy_only,10,1,perf-policy_only-r010-20260818T053825Z,loan_to_aml,1,1,200,16.971200,
policy_only,10,1,perf-policy_only-r010-20260818T053825Z,loan_to_aml,1,2,200,17.746600,
policy_only,10,1,perf-policy_only-r010-20260818T053825Z,loan_to_aml,1,3,200,15.629100,
policy_only,10,1,perf-policy_only-r010-20260818T053825Z,loan_to_aml,1,4,200,16.236900,
policy_only,10,1,perf-policy_only-r010-20260818T053825Z,loan_to_aml,1,5,200,15.483000,
policy_only,10,1,perf-policy_only-r010-20260818T053825Z,loan_to_aml,1,6,200,16.231200,
policy_only,10,1,perf-policy_only-r010-20260818T053825Z,loan_to_aml,1,7,200,17.312000,
policy_only,10,1,perf-policy_only-r010-20260818T053825Z,loan_to_aml,1,8,200,16.886200,
policy_only,10,1,perf-policy_only-r010-20260818T053825Z,loan_to_aml,1,9,200,16.803900,
policy_only,10,1,perf-policy_only-r010-20260818T053825Z,loan_to_aml,1,10,200,17.467800,
policy_only,10,1,perf-policy_only-r010-20260818T053825Z,loan_to_aml,1,11,200,17.903200,
policy_only,10,1,perf-policy_only-r010-20260818T053825Z,loan_to_aml,1,12,200,16.701800,
policy_only,10,1,perf-policy_only-r010-20260818T053825Z,loan_to_aml,1,13,200,16.346700,
policy_only,10,1,perf-policy_only-r010-20260818T053825Z,loan_to_aml,1,14,200,16.950300,
policy_only,10,1,perf-policy_only-r010-20260818T053825Z,loan_to_aml,1,15,200,16.844600,
policy_only,10,1,perf-policy_only-r010-20260818T053825Z,loan_to_aml,1,16,200,17.862300,
policy_only,10,1,perf-policy_only-r010-20260818T053825Z,loan_to_aml,1,17,200,16.677500,
policy_only,10,1,perf-policy_only-r010-20260818T053825Z,loan_to_aml,1,18,200,17.197300,
policy_only,10,1,perf-policy_only-r010-20260818T053825Z,loan_to_aml,1,19,200,17.262900,
policy_only,10,1,perf-policy_only-r010-20260818T053825Z,loan_to_aml,1,20,200,17.882100,
policy_only,10,1,perf-policy_only-r010-20260818T053825Z,loan_to_aml,1,21,200,16.871500,
policy_only,10,1,perf-policy_only-r010-20260818T053825Z,loan_to_aml,1,22,200,16.837700,
policy_only,10,1,perf-policy_only-r010-20260818T053825Z,loan_to_aml,1,23,200,17.610900,
policy_only,10,1,perf-policy_only-r010-20260818T053825Z,loan_to_aml,1,24,200,17.121100,
policy_only,10,1,perf-policy_only-r010-20260818T053825Z,loan_to_aml,1,25,200,15.845600,
policy_only,10,1,perf-policy_only-r010-20260818T053825Z,loan_to_aml,1,26,200,16.726900,
policy_only,10,1,perf-policy_only-r010-20260818T053825Z,loan_to_aml,1,27,200,16.757000,
policy_only,10,1,perf-policy_only-r010-20260818T053825Z,loan_to_aml,1,28,200,16.083200,
policy_only,10,1,perf-policy_only-r010-20260818T053825Z,loan_to_aml,1,29,200,17.838000,
policy_only,10,1,perf-policy_only-r010-20260818T053825Z,loan_to_aml,1,30,200,17.180600,
policy_only,10,1,perf-policy_only-r010-20260818T053825Z,loan_to_aml,1,31,200,17.775100,
policy_only,10,1,perf-policy_only-r010-20260818T053825Z,loan_to_aml,1,32,200,17.070700,
policy_only,10,1,perf-policy_only-r010-20260818T053825Z,loan_to_aml,1,33,200,17.187600,
policy_only,10,1,perf-policy_only-r010-20260818T053825Z,loan_to_aml,1,34,200,16.775800,
policy_only,10,1,perf-policy_only-r010-20260818T053825Z,loan_to_aml,1,35,200,17.132500,
policy_only,10,1,perf-policy_only-r010-20260818T053825Z,loan_to_aml,1,36,200,16.396700,
policy_only,10,1,perf-policy_only-r010-20260818T053825Z,loan_to_aml,1,37,200,16.940200,
policy_only,10,1,perf-policy_only-r010-20260818T053825Z,loan_to_aml,1,38,200,16.272000,
policy_only,10,1,perf-policy_only-r010-20260818T053825Z,loan_to_aml,1,39,200,15.928300,
policy_only,10,1,perf-policy_only-r010-20260818T053825Z,loan_to_aml,1,40,200,17.066600,
policy_only,10,1,perf-policy_only-r010-20260818T053825Z,loan_to_aml,1,41,200,17.037100,
policy_only,10,1,perf-policy_only-r010-20260818T053825Z,loan_to_aml,1,42,200,16.925700,
policy_only,10,1,perf-policy_only-r010-20260818T053825Z,loan_to_aml,1,43,200,16.505400,
policy_only,10,1,perf-policy_only-r010-20260818T053825Z,loan_to_aml,1,44,200,16.041900,
policy_only,10,1,perf-policy_only-r010-20260818T053825Z,loan_to_aml,1,45,200,16.202300,
policy_only,10,1,perf-policy_only-r010-20260818T053825Z,loan_to_aml,1,46,200,17.080300,
policy_only,10,1,perf-policy_only-r010-20260818T053825Z,loan_to_aml,1,47,200,17.001300,
policy_only,10,1,perf-policy_only-r010-20260818T053825Z,loan_to_aml,1,48,200,17.304500,
policy_only,10,1,perf-policy_only-r010-20260818T053825Z,loan_to_aml,1,49,200,16.217600,
policy_only,10,1,perf-policy_only-r010-20260818T053825Z,loan_to_aml,1,50,200,16.097800,
policy_only,10,1,perf-policy_only-r010-20260818T053825Z,loan_to_aml,1,51,200,16.072700,
policy_only,10,1,perf-policy_only-r010-20260818T053825Z,loan_to_aml,1,52,200,17.218800,
policy_only,10,1,perf-policy_only-r010-20260818T053825Z,loan_to_aml,1,53,200,18.173800,
policy_only,10,1,perf-policy_only-r010-20260818T053825Z,loan_to_aml,1,54,200,17.335300,
policy_only,10,1,perf-policy_only-r010-20260818T053825Z,loan_to_aml,1,55,200,17.498900,
policy_only,10,1,perf-policy_only-r010-20260818T053825Z,loan_to_aml,1,56,200,16.793700,
policy_only,10,1,perf-policy_only-r010-20260818T053825Z,loan_to_aml,1,57,200,15.855200,
policy_only,10,1,perf-policy_only-r010-20260818T053825Z,loan_to_aml,1,58,200,15.932700,
policy_only,10,1,perf-policy_only-r010-20260818T053825Z,loan_to_aml,1,59,200,15.993600,
policy_only,10,1,perf-policy_only-r010-20260818T053825Z,loan_to_aml,1,60,200,15.941800,
policy_only,10,1,perf-policy_only-r010-20260818T053825Z,loan_to_aml,1,61,200,17.125700,
policy_only,10,1,perf-policy_only-r010-20260818T053825Z,loan_to_aml,1,62,200,17.274900,
policy_only,10,1,perf-policy_only-r010-20260818T053825Z,loan_to_aml,1,63,200,16.672700,
policy_only,10,1,perf-policy_only-r010-20260818T053825Z,loan_to_aml,1,64,200,17.741300,
policy_only,10,1,perf-policy_only-r010-20260818T053825Z,loan_to_aml,1,65,200,16.299700,
policy_only,10,1,perf-policy_only-r010-20260818T053825Z,loan_to_aml,1,66,200,16.987200,
policy_only,10,1,perf-policy_only-r010-20260818T053825Z,loan_to_aml,1,67,200,16.069300,
policy_only,10,1,perf-policy_only-r010-20260818T053825Z,loan_to_aml,1,68,200,16.579400,
policy_only,10,1,perf-policy_only-r010-20260818T053825Z,loan_to_aml,1,69,200,16.126100,
policy_only,10,1,perf-policy_only-r010-20260818T053825Z,loan_to_aml,1,70,200,15.930400,
policy_only,10,1,perf-policy_only-r010-20260818T053825Z,loan_to_aml,1,71,200,16.820200,
policy_only,10,1,perf-policy_only-r010-20260818T053825Z,loan_to_aml,1,72,200,17.419000,
policy_only,10,1,perf-policy_only-r010-20260818T053825Z,loan_to_aml,1,73,200,17.143000,
policy_only,10,1,perf-policy_only-r010-20260818T053825Z,loan_to_aml,1,74,200,18.226100,
policy_only,10,1,perf-policy_only-r010-20260818T053825Z,loan_to_aml,1,75,200,17.620500,
policy_only,10,1,perf-policy_only-r010-20260818T053825Z,loan_to_aml,1,76,200,17.582400,
policy_only,10,1,perf-policy_only-r010-20260818T053825Z,loan_to_aml,1,77,200,16.293700,
policy_only,10,1,perf-policy_only-r010-20260818T053825Z,loan_to_aml,1,78,200,15.794900,
policy_only,10,1,perf-policy_only-r010-20260818T053825Z,loan_to_aml,1,79,200,16.769500,
policy_only,10,1,perf-policy_only-r010-20260818T053825Z,loan_to_aml,1,80,200,16.559500,
policy_only,10,1,perf-policy_only-r010-20260818T053825Z,loan_to_aml,1,81,200,17.008600,
policy_only,10,1,perf-policy_only-r010-20260818T053825Z,loan_to_aml,1,82,200,19.021200,
policy_only,10,1,perf-policy_only-r010-20260818T053825Z,loan_to_aml,1,83,200,16.986700,
policy_only,10,1,perf-policy_only-r010-20260818T053825Z,loan_to_aml,1,84,200,15.384600,
policy_only,10,1,perf-policy_only-r010-20260818T053825Z,loan_to_aml,1,85,200,16.143300,
policy_only,10,1,perf-policy_only-r010-20260818T053825Z,loan_to_aml,1,86,200,17.326600,
policy_only,10,1,perf-policy_only-r010-20260818T053825Z,loan_to_aml,1,87,200,17.248100,
policy_only,10,1,perf-policy_only-r010-20260818T053825Z,loan_to_aml,1,88,200,16.490300,
policy_only,10,1,perf-policy_only-r010-20260818T053825Z,loan_to_aml,1,89,200,16.759600,
policy_only,10,1,perf-policy_only-r010-20260818T053825Z,loan_to_aml,1,90,200,16.215900,
policy_only,10,1,perf-policy_only-r010-20260818T053825Z,loan_to_aml,1,91,200,16.078300,
policy_only,10,1,perf-policy_only-r010-20260818T053825Z,loan_to_aml,1,92,200,17.085200,
policy_only,10,1,perf-policy_only-r010-20260818T053825Z,loan_to_aml,1,93,200,15.810900,
policy_only,10,1,perf-policy_only-r010-20260818T053825Z,loan_to_aml,1,94,200,17.106300,
policy_only,10,1,perf-policy_only-r010-20260818T053825Z,loan_to_aml,1,95,200,16.478800,
policy_only,10,1,perf-policy_only-r010-20260818T053825Z,loan_to_aml,1,96,200,17.383000,
policy_only,10,1,perf-policy_only-r010-20260818T053825Z,loan_to_aml,1,97,200,15.762300,
policy_only,10,1,perf-policy_only-r010-20260818T053825Z,loan_to_aml,1,98,200,15.857200,
policy_only,10,1,perf-policy_only-r010-20260818T053825Z,loan_to_aml,1,99,200,16.365800,
policy_only,10,1,perf-policy_only-r010-20260818T053825Z,loan_to_aml,1,100,200,16.430300,
policy_only,10,1,perf-policy_only-r010-20260818T053825Z,loan_to_aml,1,101,200,16.916700,
policy_only,10,1,perf-policy_only-r010-20260818T053825Z,loan_to_aml,1,102,200,16.746000,
policy_only,10,1,perf-policy_only-r010-20260818T053825Z,loan_to_aml,1,103,200,16.521300,
policy_only,10,1,perf-policy_only-r010-20260818T053825Z,loan_to_aml,1,104,200,16.737500,
policy_only,10,1,perf-policy_only-r010-20260818T053825Z,loan_to_aml,1,105,200,16.486300,
policy_only,10,1,perf-policy_only-r010-20260818T053825Z,loan_to_aml,1,106,200,15.912400,
policy_only,10,1,perf-policy_only-r010-20260818T053825Z,loan_to_aml,1,107,200,17.157200,
policy_only,10,1,perf-policy_only-r010-20260818T053825Z,loan_to_aml,1,108,200,17.338500,
policy_only,10,1,perf-policy_only-r010-20260818T053825Z,loan_to_aml,1,109,200,16.361900,
policy_only,10,1,perf-policy_only-r010-20260818T053825Z,loan_to_aml,1,110,200,16.018200,
policy_only,10,1,perf-policy_only-r010-20260818T053825Z,loan_to_aml,1,111,200,16.801300,
policy_only,10,1,perf-policy_only-r010-20260818T053825Z,loan_to_aml,1,112,200,16.166500,
policy_only,10,1,perf-policy_only-r010-20260818T053825Z,loan_to_aml,1,113,200,15.970900,
policy_only,10,1,perf-policy_only-r010-20260818T053825Z,loan_to_aml,1,114,200,16.679300,
policy_only,10,1,perf-policy_only-r010-20260818T053825Z,loan_to_aml,1,115,200,16.354000,
policy_only,10,1,perf-policy_only-r010-20260818T053825Z,loan_to_aml,1,116,200,16.965500,
policy_only,10,1,perf-policy_only-r010-20260818T053825Z,loan_to_aml,1,117,200,17.597500,
policy_only,10,1,perf-policy_only-r010-20260818T053825Z,loan_to_aml,1,118,200,16.555100,
policy_only,10,1,perf-policy_only-r010-20260818T053825Z,loan_to_aml,1,119,200,17.011600,
policy_only,10,1,perf-policy_only-r010-20260818T053825Z,loan_to_aml,1,120,200,16.997400,
policy_only,10,1,perf-policy_only-r010-20260818T053825Z,loan_to_aml,1,121,200,16.828300,
policy_only,10,1,perf-policy_only-r010-20260818T053825Z,loan_to_aml,1,122,200,16.901800,
policy_only,10,1,perf-policy_only-r010-20260818T053825Z,loan_to_aml,1,123,200,16.708100,
policy_only,10,1,perf-policy_only-r010-20260818T053825Z,loan_to_aml,1,124,200,17.949700,
policy_only,10,1,perf-policy_only-r010-20260818T053825Z,loan_to_aml,1,125,200,17.416800,
policy_only,10,1,perf-policy_only-r010-20260818T053825Z,loan_to_aml,1,126,200,16.886100,
policy_only,10,1,perf-policy_only-r010-20260818T053825Z,loan_to_aml,1,127,200,16.850400,
policy_only,10,1,perf-policy_only-r010-20260818T053825Z,loan_to_aml,1,128,200,15.460600,
policy_only,10,1,perf-policy_only-r010-20260818T053825Z,loan_to_aml,1,129,200,16.313600,
policy_only,10,1,perf-policy_only-r010-20260818T053825Z,loan_to_aml,1,130,200,16.198800,
policy_only,10,1,perf-policy_only-r010-20260818T053825Z,loan_to_aml,1,131,200,16.160500,
policy_only,10,1,perf-policy_only-r010-20260818T053825Z,loan_to_aml,1,132,200,15.743400,
policy_only,10,1,perf-policy_only-r010-20260818T053825Z,loan_to_aml,1,133,200,16.101100,
policy_only,10,1,perf-policy_only-r010-20260818T053825Z,loan_to_aml,1,134,200,16.978700,
policy_only,10,1,perf-policy_only-r010-20260818T053825Z,loan_to_aml,1,135,200,16.033400,
policy_only,10,1,perf-policy_only-r010-20260818T053825Z,loan_to_aml,1,136,200,16.389700,
policy_only,10,1,perf-policy_only-r010-20260818T053825Z,loan_to_aml,1,137,200,16.260000,
policy_only,10,1,perf-policy_only-r010-20260818T053825Z,loan_to_aml,1,138,200,17.476300,
policy_only,10,1,perf-policy_only-r010-20260818T053825Z,loan_to_aml,1,139,200,17.980500,
policy_only,10,1,perf-policy_only-r010-20260818T053825Z,loan_to_aml,1,140,200,18.040100,
policy_only,10,1,perf-policy_only-r010-20260818T053825Z,loan_to_aml,1,141,200,16.750000,
policy_only,10,1,perf-policy_only-r010-20260818T053825Z,loan_to_aml,1,142,200,17.711700,
policy_only,10,1,perf-policy_only-r010-20260818T053825Z,loan_to_aml,1,143,200,20.279100,
policy_only,10,1,perf-policy_only-r010-20260818T053825Z,loan_to_aml,1,144,200,16.561400,
policy_only,10,1,perf-policy_only-r010-20260818T053825Z,loan_to_aml,1,145,200,16.308600,
policy_only,10,1,perf-policy_only-r010-20260818T053825Z,loan_to_aml,1,146,200,17.282800,
policy_only,10,1,perf-policy_only-r010-20260818T053825Z,loan_to_aml,1,147,200,16.609800,
policy_only,10,1,perf-policy_only-r010-20260818T053825Z,loan_to_aml,1,148,200,16.108500,
policy_only,10,1,perf-policy_only-r010-20260818T053825Z,loan_to_aml,1,149,200,16.610500,
policy_only,10,1,perf-policy_only-r010-20260818T053825Z,loan_to_aml,1,150,200,16.719400,
policy_only,10,1,perf-policy_only-r010-20260818T053825Z,loan_to_aml,1,151,200,16.177700,
policy_only,10,1,perf-policy_only-r010-20260818T053825Z,loan_to_aml,1,152,200,16.377800,
policy_only,10,1,perf-policy_only-r010-20260818T053825Z,loan_to_aml,1,153,200,15.568300,
policy_only,10,1,perf-policy_only-r010-20260818T053825Z,loan_to_aml,1,154,200,16.268400,
policy_only,10,1,perf-policy_only-r010-20260818T053825Z,loan_to_aml,1,155,200,15.668100,
policy_only,10,1,perf-policy_only-r010-20260818T053825Z,loan_to_aml,1,156,200,16.079500,
policy_only,10,1,perf-policy_only-r010-20260818T053825Z,loan_to_aml,1,157,200,16.250900,
policy_only,10,1,perf-policy_only-r010-20260818T053825Z,loan_to_aml,1,158,200,16.072000,
policy_only,10,1,perf-policy_only-r010-20260818T053825Z,loan_to_aml,1,159,200,16.776500,
policy_only,10,1,perf-policy_only-r010-20260818T053825Z,loan_to_aml,1,160,200,16.968100,
policy_only,10,1,perf-policy_only-r010-20260818T053825Z,loan_to_aml,1,161,200,16.712900,
policy_only,10,1,perf-policy_only-r010-20260818T053825Z,loan_to_aml,1,162,200,16.011400,
policy_only,10,1,perf-policy_only-r010-20260818T053825Z,loan_to_aml,1,163,200,16.841000,
policy_only,10,1,perf-policy_only-r010-20260818T053825Z,loan_to_aml,1,164,200,16.499300,
policy_only,10,1,perf-policy_only-r010-20260818T053825Z,loan_to_aml,1,165,200,17.062500,
policy_only,10,1,perf-policy_only-r010-20260818T053825Z,loan_to_aml,1,166,200,16.848700,
policy_only,10,1,perf-policy_only-r010-20260818T053825Z,loan_to_aml,1,167,200,15.989400,
policy_only,10,1,perf-policy_only-r010-20260818T053825Z,loan_to_aml,1,168,200,16.166000,
policy_only,10,1,perf-policy_only-r010-20260818T053825Z,loan_to_aml,1,169,200,17.166700,
policy_only,10,1,perf-policy_only-r010-20260818T053825Z,loan_to_aml,1,170,200,17.649400,
policy_only,10,1,perf-policy_only-r010-20260818T053825Z,loan_to_aml,1,171,200,17.941300,
policy_only,10,1,perf-policy_only-r010-20260818T053825Z,loan_to_aml,1,172,200,17.060800,
policy_only,10,1,perf-policy_only-r010-20260818T053825Z,loan_to_aml,1,173,200,17.444900,
policy_only,10,1,perf-policy_only-r010-20260818T053825Z,loan_to_aml,1,174,200,17.392900,
policy_only,10,1,perf-policy_only-r010-20260818T053825Z,loan_to_aml,1,175,200,17.026000,
policy_only,10,1,perf-policy_only-r010-20260818T053825Z,loan_to_aml,1,176,200,17.175700,
policy_only,10,1,perf-policy_only-r010-20260818T053825Z,loan_to_aml,1,177,200,16.572100,
policy_only,10,1,perf-policy_only-r010-20260818T053825Z,loan_to_aml,1,178,200,16.425700,
policy_only,10,1,perf-policy_only-r010-20260818T053825Z,loan_to_aml,1,179,200,17.032900,
policy_only,10,1,perf-policy_only-r010-20260818T053825Z,loan_to_aml,1,180,200,16.680300,
policy_only,10,1,perf-policy_only-r010-20260818T053825Z,loan_to_aml,1,181,200,17.069900,
policy_only,10,1,perf-policy_only-r010-20260818T053825Z,loan_to_aml,1,182,200,17.316300,
policy_only,10,1,perf-policy_only-r010-20260818T053825Z,loan_to_aml,1,183,200,16.791100,
policy_only,10,1,perf-policy_only-r010-20260818T053825Z,loan_to_aml,1,184,200,16.826900,
policy_only,10,1,perf-policy_only-r010-20260818T053825Z,loan_to_aml,1,185,200,17.007300,
policy_only,10,1,perf-policy_only-r010-20260818T053825Z,loan_to_aml,1,186,200,18.788300,
policy_only,10,1,perf-policy_only-r010-20260818T053825Z,loan_to_aml,1,187,200,17.200900,
policy_only,10,1,perf-policy_only-r010-20260818T053825Z,loan_to_aml,1,188,200,17.136700,
policy_only,10,1,perf-policy_only-r010-20260818T053825Z,loan_to_aml,1,189,200,16.870000,
policy_only,10,1,perf-policy_only-r010-20260818T053825Z,loan_to_aml,1,190,200,17.987600,
policy_only,10,1,perf-policy_only-r010-20260818T053825Z,loan_to_aml,1,191,200,17.755600,
policy_only,10,1,perf-policy_only-r010-20260818T053825Z,loan_to_aml,1,192,200,17.577800,
policy_only,10,1,perf-policy_only-r010-20260818T053825Z,loan_to_aml,1,193,200,16.274500,
policy_only,10,1,perf-policy_only-r010-20260818T053825Z,loan_to_aml,1,194,200,17.556100,
policy_only,10,1,perf-policy_only-r010-20260818T053825Z,loan_to_aml,1,195,200,17.818200,
policy_only,10,1,perf-policy_only-r010-20260818T053825Z,loan_to_aml,1,196,200,17.819900,
policy_only,10,1,perf-policy_only-r010-20260818T053825Z,loan_to_aml,1,197,200,18.060000,
policy_only,10,1,perf-policy_only-r010-20260818T053825Z,loan_to_aml,1,198,200,18.438300,
policy_only,10,1,perf-policy_only-r010-20260818T053825Z,loan_to_aml,1,199,200,17.728600,
policy_only,10,1,perf-policy_only-r010-20260818T053825Z,loan_to_aml,1,200,200,19.112300,
policy_only,10,1,perf-policy_only-r010-20260818T053825Z,loan_to_aml,2,1,200,17.893900,
policy_only,10,1,perf-policy_only-r010-20260818T053825Z,loan_to_aml,2,2,200,18.891900,
policy_only,10,1,perf-policy_only-r010-20260818T053825Z,loan_to_aml,2,3,200,17.743500,
policy_only,10,1,perf-policy_only-r010-20260818T053825Z,loan_to_aml,2,4,200,17.917400,
policy_only,10,1,perf-policy_only-r010-20260818T053825Z,loan_to_aml,2,5,200,18.397700,
policy_only,10,1,perf-policy_only-r010-20260818T053825Z,loan_to_aml,2,6,200,17.005200,
policy_only,10,1,perf-policy_only-r010-20260818T053825Z,loan_to_aml,2,7,200,17.558800,
policy_only,10,1,perf-policy_only-r010-20260818T053825Z,loan_to_aml,2,8,200,20.249500,
policy_only,10,1,perf-policy_only-r010-20260818T053825Z,loan_to_aml,2,9,200,19.596800,
policy_only,10,1,perf-policy_only-r010-20260818T053825Z,loan_to_aml,2,10,200,19.835200,
policy_only,10,1,perf-policy_only-r010-20260818T053825Z,loan_to_aml,2,11,200,18.920600,
policy_only,10,1,perf-policy_only-r010-20260818T053825Z,loan_to_aml,2,12,200,21.462700,
policy_only,10,1,perf-policy_only-r010-20260818T053825Z,loan_to_aml,2,13,200,19.952600,
policy_only,10,1,perf-policy_only-r010-20260818T053825Z,loan_to_aml,2,14,200,20.963000,
policy_only,10,1,perf-policy_only-r010-20260818T053825Z,loan_to_aml,2,15,200,20.989300,
policy_only,10,1,perf-policy_only-r010-20260818T053825Z,loan_to_aml,2,16,200,17.928300,
policy_only,10,1,perf-policy_only-r010-20260818T053825Z,loan_to_aml,2,17,200,16.959700,
policy_only,10,1,perf-policy_only-r010-20260818T053825Z,loan_to_aml,2,18,200,16.896800,
policy_only,10,1,perf-policy_only-r010-20260818T053825Z,loan_to_aml,2,19,200,16.803200,
policy_only,10,1,perf-policy_only-r010-20260818T053825Z,loan_to_aml,2,20,200,17.577400,
policy_only,10,1,perf-policy_only-r010-20260818T053825Z,loan_to_aml,2,21,200,18.447800,
policy_only,10,1,perf-policy_only-r010-20260818T053825Z,loan_to_aml,2,22,200,18.806300,
policy_only,10,1,perf-policy_only-r010-20260818T053825Z,loan_to_aml,2,23,200,17.565700,
policy_only,10,1,perf-policy_only-r010-20260818T053825Z,loan_to_aml,2,24,200,19.011000,
policy_only,10,1,perf-policy_only-r010-20260818T053825Z,loan_to_aml,2,25,200,18.029400,
policy_only,10,1,perf-policy_only-r010-20260818T053825Z,loan_to_aml,2,26,200,17.363700,
policy_only,10,1,perf-policy_only-r010-20260818T053825Z,loan_to_aml,2,27,200,17.000400,
policy_only,10,1,perf-policy_only-r010-20260818T053825Z,loan_to_aml,2,28,200,20.088700,
policy_only,10,1,perf-policy_only-r010-20260818T053825Z,loan_to_aml,2,29,200,16.821200,
policy_only,10,1,perf-policy_only-r010-20260818T053825Z,loan_to_aml,2,30,200,19.627000,
policy_only,10,1,perf-policy_only-r010-20260818T053825Z,loan_to_aml,2,31,200,17.553600,
policy_only,10,1,perf-policy_only-r010-20260818T053825Z,loan_to_aml,2,32,200,17.594000,
policy_only,10,1,perf-policy_only-r010-20260818T053825Z,loan_to_aml,2,33,200,18.332900,
policy_only,10,1,perf-policy_only-r010-20260818T053825Z,loan_to_aml,2,34,200,17.691600,
policy_only,10,1,perf-policy_only-r010-20260818T053825Z,loan_to_aml,2,35,200,17.212400,
policy_only,10,1,perf-policy_only-r010-20260818T053825Z,loan_to_aml,2,36,200,16.746600,
policy_only,10,1,perf-policy_only-r010-20260818T053825Z,loan_to_aml,2,37,200,15.592400,
policy_only,10,1,perf-policy_only-r010-20260818T053825Z,loan_to_aml,2,38,200,16.231800,
policy_only,10,1,perf-policy_only-r010-20260818T053825Z,loan_to_aml,2,39,200,17.165300,
policy_only,10,1,perf-policy_only-r010-20260818T053825Z,loan_to_aml,2,40,200,17.398000,
policy_only,10,1,perf-policy_only-r010-20260818T053825Z,loan_to_aml,2,41,200,18.661100,
policy_only,10,1,perf-policy_only-r010-20260818T053825Z,loan_to_aml,2,42,200,19.182400,
policy_only,10,1,perf-policy_only-r010-20260818T053825Z,loan_to_aml,2,43,200,18.433300,
policy_only,10,1,perf-policy_only-r010-20260818T053825Z,loan_to_aml,2,44,200,17.507900,
policy_only,10,1,perf-policy_only-r010-20260818T053825Z,loan_to_aml,2,45,200,18.372400,
policy_only,10,1,perf-policy_only-r010-20260818T053825Z,loan_to_aml,2,46,200,17.954600,
policy_only,10,1,perf-policy_only-r010-20260818T053825Z,loan_to_aml,2,47,200,17.510500,
policy_only,10,1,perf-policy_only-r010-20260818T053825Z,loan_to_aml,2,48,200,16.883100,
policy_only,10,1,perf-policy_only-r010-20260818T053825Z,loan_to_aml,2,49,200,17.115300,
policy_only,10,1,perf-policy_only-r010-20260818T053825Z,loan_to_aml,2,50,200,16.979200,
policy_only,10,1,perf-policy_only-r010-20260818T053825Z,loan_to_aml,2,51,200,17.476600,
policy_only,10,1,perf-policy_only-r010-20260818T053825Z,loan_to_aml,2,52,200,17.365100,
policy_only,10,1,perf-policy_only-r010-20260818T053825Z,loan_to_aml,2,53,200,18.099400,
policy_only,10,1,perf-policy_only-r010-20260818T053825Z,loan_to_aml,2,54,200,16.747300,
policy_only,10,1,perf-policy_only-r010-20260818T053825Z,loan_to_aml,2,55,200,15.826200,
policy_only,10,1,perf-policy_only-r010-20260818T053825Z,loan_to_aml,2,56,200,16.731000,
policy_only,10,1,perf-policy_only-r010-20260818T053825Z,loan_to_aml,2,57,200,16.798900,
policy_only,10,1,perf-policy_only-r010-20260818T053825Z,loan_to_aml,2,58,200,17.855400,
policy_only,10,1,perf-policy_only-r010-20260818T053825Z,loan_to_aml,2,59,200,19.490600,
policy_only,10,1,perf-policy_only-r010-20260818T053825Z,loan_to_aml,2,60,200,17.447500,
policy_only,10,1,perf-policy_only-r010-20260818T053825Z,loan_to_aml,2,61,200,19.170100,
policy_only,10,1,perf-policy_only-r010-20260818T053825Z,loan_to_aml,2,62,200,18.563300,
policy_only,10,1,perf-policy_only-r010-20260818T053825Z,loan_to_aml,2,63,200,16.813600,
policy_only,10,1,perf-policy_only-r010-20260818T053825Z,loan_to_aml,2,64,200,17.155900,
policy_only,10,1,perf-policy_only-r010-20260818T053825Z,loan_to_aml,2,65,200,15.467300,
policy_only,10,1,perf-policy_only-r010-20260818T053825Z,loan_to_aml,2,66,200,16.655100,
policy_only,10,1,perf-policy_only-r010-20260818T053825Z,loan_to_aml,2,67,200,16.898800,
policy_only,10,1,perf-policy_only-r010-20260818T053825Z,loan_to_aml,2,68,200,18.786600,
policy_only,10,1,perf-policy_only-r010-20260818T053825Z,loan_to_aml,2,69,200,18.669100,
policy_only,10,1,perf-policy_only-r010-20260818T053825Z,loan_to_aml,2,70,200,17.318600,
policy_only,10,1,perf-policy_only-r010-20260818T053825Z,loan_to_aml,2,71,200,17.124400,
policy_only,10,1,perf-policy_only-r010-20260818T053825Z,loan_to_aml,2,72,200,16.900800,
policy_only,10,1,perf-policy_only-r010-20260818T053825Z,loan_to_aml,2,73,200,16.929400,
policy_only,10,1,perf-policy_only-r010-20260818T053825Z,loan_to_aml,2,74,200,16.833300,
policy_only,10,1,perf-policy_only-r010-20260818T053825Z,loan_to_aml,2,75,200,16.223700,
policy_only,10,1,perf-policy_only-r010-20260818T053825Z,loan_to_aml,2,76,200,16.985500,
policy_only,10,1,perf-policy_only-r010-20260818T053825Z,loan_to_aml,2,77,200,15.778900,
policy_only,10,1,perf-policy_only-r010-20260818T053825Z,loan_to_aml,2,78,200,17.510300,
policy_only,10,1,perf-policy_only-r010-20260818T053825Z,loan_to_aml,2,79,200,16.741100,
policy_only,10,1,perf-policy_only-r010-20260818T053825Z,loan_to_aml,2,80,200,16.676500,
policy_only,10,1,perf-policy_only-r010-20260818T053825Z,loan_to_aml,2,81,200,16.115400,
policy_only,10,1,perf-policy_only-r010-20260818T053825Z,loan_to_aml,2,82,200,17.072900,
policy_only,10,1,perf-policy_only-r010-20260818T053825Z,loan_to_aml,2,83,200,17.486900,
policy_only,10,1,perf-policy_only-r010-20260818T053825Z,loan_to_aml,2,84,200,17.086800,
policy_only,10,1,perf-policy_only-r010-20260818T053825Z,loan_to_aml,2,85,200,16.314400,
policy_only,10,1,perf-policy_only-r010-20260818T053825Z,loan_to_aml,2,86,200,18.144300,
policy_only,10,1,perf-policy_only-r010-20260818T053825Z,loan_to_aml,2,87,200,16.881100,
policy_only,10,1,perf-policy_only-r010-20260818T053825Z,loan_to_aml,2,88,200,17.094000,
policy_only,10,1,perf-policy_only-r010-20260818T053825Z,loan_to_aml,2,89,200,17.168200,
policy_only,10,1,perf-policy_only-r010-20260818T053825Z,loan_to_aml,2,90,200,16.263100,
policy_only,10,1,perf-policy_only-r010-20260818T053825Z,loan_to_aml,2,91,200,16.218900,
policy_only,10,1,perf-policy_only-r010-20260818T053825Z,loan_to_aml,2,92,200,17.087700,
policy_only,10,1,perf-policy_only-r010-20260818T053825Z,loan_to_aml,2,93,200,15.974900,
policy_only,10,1,perf-policy_only-r010-20260818T053825Z,loan_to_aml,2,94,200,16.925300,
policy_only,10,1,perf-policy_only-r010-20260818T053825Z,loan_to_aml,2,95,200,16.675100,
policy_only,10,1,perf-policy_only-r010-20260818T053825Z,loan_to_aml,2,96,200,16.305800,
policy_only,10,1,perf-policy_only-r010-20260818T053825Z,loan_to_aml,2,97,200,16.782800,
policy_only,10,1,perf-policy_only-r010-20260818T053825Z,loan_to_aml,2,98,200,17.153600,
policy_only,10,1,perf-policy_only-r010-20260818T053825Z,loan_to_aml,2,99,200,18.075500,
policy_only,10,1,perf-policy_only-r010-20260818T053825Z,loan_to_aml,2,100,200,17.478900,
policy_only,10,1,perf-policy_only-r010-20260818T053825Z,loan_to_aml,2,101,200,16.269200,
policy_only,10,1,perf-policy_only-r010-20260818T053825Z,loan_to_aml,2,102,200,16.467300,
policy_only,10,1,perf-policy_only-r010-20260818T053825Z,loan_to_aml,2,103,200,17.168500,
policy_only,10,1,perf-policy_only-r010-20260818T053825Z,loan_to_aml,2,104,200,16.580300,
policy_only,10,1,perf-policy_only-r010-20260818T053825Z,loan_to_aml,2,105,200,16.964200,
policy_only,10,1,perf-policy_only-r010-20260818T053825Z,loan_to_aml,2,106,200,17.870200,
policy_only,10,1,perf-policy_only-r010-20260818T053825Z,loan_to_aml,2,107,200,17.305500,
policy_only,10,1,perf-policy_only-r010-20260818T053825Z,loan_to_aml,2,108,200,16.733600,
policy_only,10,1,perf-policy_only-r010-20260818T053825Z,loan_to_aml,2,109,200,15.912600,
policy_only,10,1,perf-policy_only-r010-20260818T053825Z,loan_to_aml,2,110,200,16.455800,
policy_only,10,1,perf-policy_only-r010-20260818T053825Z,loan_to_aml,2,111,200,17.557900,
policy_only,10,1,perf-policy_only-r010-20260818T053825Z,loan_to_aml,2,112,200,17.452400,
policy_only,10,1,perf-policy_only-r010-20260818T053825Z,loan_to_aml,2,113,200,17.246200,
policy_only,10,1,perf-policy_only-r010-20260818T053825Z,loan_to_aml,2,114,200,16.247600,
policy_only,10,1,perf-policy_only-r010-20260818T053825Z,loan_to_aml,2,115,200,16.129600,
policy_only,10,1,perf-policy_only-r010-20260818T053825Z,loan_to_aml,2,116,200,17.633000,
policy_only,10,1,perf-policy_only-r010-20260818T053825Z,loan_to_aml,2,117,200,17.913000,
policy_only,10,1,perf-policy_only-r010-20260818T053825Z,loan_to_aml,2,118,200,19.224900,
policy_only,10,1,perf-policy_only-r010-20260818T053825Z,loan_to_aml,2,119,200,18.350900,
policy_only,10,1,perf-policy_only-r010-20260818T053825Z,loan_to_aml,2,120,200,17.661200,
policy_only,10,1,perf-policy_only-r010-20260818T053825Z,loan_to_aml,2,121,200,17.322200,
policy_only,10,1,perf-policy_only-r010-20260818T053825Z,loan_to_aml,2,122,200,16.808000,
policy_only,10,1,perf-policy_only-r010-20260818T053825Z,loan_to_aml,2,123,200,16.570300,
policy_only,10,1,perf-policy_only-r010-20260818T053825Z,loan_to_aml,2,124,200,15.586800,
policy_only,10,1,perf-policy_only-r010-20260818T053825Z,loan_to_aml,2,125,200,16.412900,
policy_only,10,1,perf-policy_only-r010-20260818T053825Z,loan_to_aml,2,126,200,17.743300,
policy_only,10,1,perf-policy_only-r010-20260818T053825Z,loan_to_aml,2,127,200,16.526900,
policy_only,10,1,perf-policy_only-r010-20260818T053825Z,loan_to_aml,2,128,200,17.419300,
policy_only,10,1,perf-policy_only-r010-20260818T053825Z,loan_to_aml,2,129,200,16.038400,
policy_only,10,1,perf-policy_only-r010-20260818T053825Z,loan_to_aml,2,130,200,16.285700,
policy_only,10,1,perf-policy_only-r010-20260818T053825Z,loan_to_aml,2,131,200,16.950200,
policy_only,10,1,perf-policy_only-r010-20260818T053825Z,loan_to_aml,2,132,200,19.092900,
policy_only,10,1,perf-policy_only-r010-20260818T053825Z,loan_to_aml,2,133,200,17.192900,
policy_only,10,1,perf-policy_only-r010-20260818T053825Z,loan_to_aml,2,134,200,18.251700,
policy_only,10,1,perf-policy_only-r010-20260818T053825Z,loan_to_aml,2,135,200,17.361200,
policy_only,10,1,perf-policy_only-r010-20260818T053825Z,loan_to_aml,2,136,200,17.697900,
policy_only,10,1,perf-policy_only-r010-20260818T053825Z,loan_to_aml,2,137,200,16.207400,
policy_only,10,1,perf-policy_only-r010-20260818T053825Z,loan_to_aml,2,138,200,15.757100,
policy_only,10,1,perf-policy_only-r010-20260818T053825Z,loan_to_aml,2,139,200,15.950400,
policy_only,10,1,perf-policy_only-r010-20260818T053825Z,loan_to_aml,2,140,200,17.340400,
policy_only,10,1,perf-policy_only-r010-20260818T053825Z,loan_to_aml,2,141,200,16.928300,
policy_only,10,1,perf-policy_only-r010-20260818T053825Z,loan_to_aml,2,142,200,17.999800,
policy_only,10,1,perf-policy_only-r010-20260818T053825Z,loan_to_aml,2,143,200,17.969700,
policy_only,10,1,perf-policy_only-r010-20260818T053825Z,loan_to_aml,2,144,200,16.793400,
policy_only,10,1,perf-policy_only-r010-20260818T053825Z,loan_to_aml,2,145,200,16.534800,
policy_only,10,1,perf-policy_only-r010-20260818T053825Z,loan_to_aml,2,146,200,17.667000,
policy_only,10,1,perf-policy_only-r010-20260818T053825Z,loan_to_aml,2,147,200,17.383900,
policy_only,10,1,perf-policy_only-r010-20260818T053825Z,loan_to_aml,2,148,200,18.221600,
policy_only,10,1,perf-policy_only-r010-20260818T053825Z,loan_to_aml,2,149,200,15.609900,
policy_only,10,1,perf-policy_only-r010-20260818T053825Z,loan_to_aml,2,150,200,16.470600,
policy_only,10,1,perf-policy_only-r010-20260818T053825Z,loan_to_aml,2,151,200,15.813100,
policy_only,10,1,perf-policy_only-r010-20260818T053825Z,loan_to_aml,2,152,200,16.192200,
policy_only,10,1,perf-policy_only-r010-20260818T053825Z,loan_to_aml,2,153,200,16.336400,
policy_only,10,1,perf-policy_only-r010-20260818T053825Z,loan_to_aml,2,154,200,17.851300,
policy_only,10,1,perf-policy_only-r010-20260818T053825Z,loan_to_aml,2,155,200,15.976500,
policy_only,10,1,perf-policy_only-r010-20260818T053825Z,loan_to_aml,2,156,200,17.274200,
policy_only,10,1,perf-policy_only-r010-20260818T053825Z,loan_to_aml,2,157,200,16.270400,
policy_only,10,1,perf-policy_only-r010-20260818T053825Z,loan_to_aml,2,158,200,16.585600,
policy_only,10,1,perf-policy_only-r010-20260818T053825Z,loan_to_aml,2,159,200,16.528700,
policy_only,10,1,perf-policy_only-r010-20260818T053825Z,loan_to_aml,2,160,200,16.712700,
policy_only,10,1,perf-policy_only-r010-20260818T053825Z,loan_to_aml,2,161,200,16.542500,
policy_only,10,1,perf-policy_only-r010-20260818T053825Z,loan_to_aml,2,162,200,17.044400,
policy_only,10,1,perf-policy_only-r010-20260818T053825Z,loan_to_aml,2,163,200,16.738800,
policy_only,10,1,perf-policy_only-r010-20260818T053825Z,loan_to_aml,2,164,200,16.671900,
policy_only,10,1,perf-policy_only-r010-20260818T053825Z,loan_to_aml,2,165,200,17.273800,
policy_only,10,1,perf-policy_only-r010-20260818T053825Z,loan_to_aml,2,166,200,17.066500,
policy_only,10,1,perf-policy_only-r010-20260818T053825Z,loan_to_aml,2,167,200,17.080200,
policy_only,10,1,perf-policy_only-r010-20260818T053825Z,loan_to_aml,2,168,200,17.676900,
policy_only,10,1,perf-policy_only-r010-20260818T053825Z,loan_to_aml,2,169,200,16.866900,
policy_only,10,1,perf-policy_only-r010-20260818T053825Z,loan_to_aml,2,170,200,17.046400,
policy_only,10,1,perf-policy_only-r010-20260818T053825Z,loan_to_aml,2,171,200,17.440200,
policy_only,10,1,perf-policy_only-r010-20260818T053825Z,loan_to_aml,2,172,200,17.466100,
policy_only,10,1,perf-policy_only-r010-20260818T053825Z,loan_to_aml,2,173,200,16.952700,
policy_only,10,1,perf-policy_only-r010-20260818T053825Z,loan_to_aml,2,174,200,16.125200,
policy_only,10,1,perf-policy_only-r010-20260818T053825Z,loan_to_aml,2,175,200,16.898600,
policy_only,10,1,perf-policy_only-r010-20260818T053825Z,loan_to_aml,2,176,200,16.826200,
policy_only,10,1,perf-policy_only-r010-20260818T053825Z,loan_to_aml,2,177,200,15.756200,
policy_only,10,1,perf-policy_only-r010-20260818T053825Z,loan_to_aml,2,178,200,17.022300,
policy_only,10,1,perf-policy_only-r010-20260818T053825Z,loan_to_aml,2,179,200,17.821600,
policy_only,10,1,perf-policy_only-r010-20260818T053825Z,loan_to_aml,2,180,200,16.706500,
policy_only,10,1,perf-policy_only-r010-20260818T053825Z,loan_to_aml,2,181,200,16.652900,
policy_only,10,1,perf-policy_only-r010-20260818T053825Z,loan_to_aml,2,182,200,15.931500,
policy_only,10,1,perf-policy_only-r010-20260818T053825Z,loan_to_aml,2,183,200,16.099600,
policy_only,10,1,perf-policy_only-r010-20260818T053825Z,loan_to_aml,2,184,200,15.886500,
policy_only,10,1,perf-policy_only-r010-20260818T053825Z,loan_to_aml,2,185,200,17.328000,
policy_only,10,1,perf-policy_only-r010-20260818T053825Z,loan_to_aml,2,186,200,16.892500,
policy_only,10,1,perf-policy_only-r010-20260818T053825Z,loan_to_aml,2,187,200,16.677800,
policy_only,10,1,perf-policy_only-r010-20260818T053825Z,loan_to_aml,2,188,200,17.057300,
policy_only,10,1,perf-policy_only-r010-20260818T053825Z,loan_to_aml,2,189,200,16.766900,
policy_only,10,1,perf-policy_only-r010-20260818T053825Z,loan_to_aml,2,190,200,17.101400,
policy_only,10,1,perf-policy_only-r010-20260818T053825Z,loan_to_aml,2,191,200,15.741800,
policy_only,10,1,perf-policy_only-r010-20260818T053825Z,loan_to_aml,2,192,200,16.370300,
policy_only,10,1,perf-policy_only-r010-20260818T053825Z,loan_to_aml,2,193,200,16.279600,
policy_only,10,1,perf-policy_only-r010-20260818T053825Z,loan_to_aml,2,194,200,16.970600,
policy_only,10,1,perf-policy_only-r010-20260818T053825Z,loan_to_aml,2,195,200,16.611700,
policy_only,10,1,perf-policy_only-r010-20260818T053825Z,loan_to_aml,2,196,200,15.922700,
policy_only,10,1,perf-policy_only-r010-20260818T053825Z,loan_to_aml,2,197,200,16.097400,
policy_only,10,1,perf-policy_only-r010-20260818T053825Z,loan_to_aml,2,198,200,16.627800,
policy_only,10,1,perf-policy_only-r010-20260818T053825Z,loan_to_aml,2,199,200,16.263800,
policy_only,10,1,perf-policy_only-r010-20260818T053825Z,loan_to_aml,2,200,200,16.939600,
policy_only,10,1,perf-policy_only-r010-20260818T053825Z,loan_to_aml,3,1,200,16.525200,
policy_only,10,1,perf-policy_only-r010-20260818T053825Z,loan_to_aml,3,2,200,16.459700,
policy_only,10,1,perf-policy_only-r010-20260818T053825Z,loan_to_aml,3,3,200,19.870100,
policy_only,10,1,perf-policy_only-r010-20260818T053825Z,loan_to_aml,3,4,200,17.333600,
policy_only,10,1,perf-policy_only-r010-20260818T053825Z,loan_to_aml,3,5,200,16.878600,
policy_only,10,1,perf-policy_only-r010-20260818T053825Z,loan_to_aml,3,6,200,15.464600,
policy_only,10,1,perf-policy_only-r010-20260818T053825Z,loan_to_aml,3,7,200,16.605300,
policy_only,10,1,perf-policy_only-r010-20260818T053825Z,loan_to_aml,3,8,200,16.940500,
policy_only,10,1,perf-policy_only-r010-20260818T053825Z,loan_to_aml,3,9,200,19.311300,
policy_only,10,1,perf-policy_only-r010-20260818T053825Z,loan_to_aml,3,10,200,16.585800,
policy_only,10,1,perf-policy_only-r010-20260818T053825Z,loan_to_aml,3,11,200,17.170200,
policy_only,10,1,perf-policy_only-r010-20260818T053825Z,loan_to_aml,3,12,200,16.639400,
policy_only,10,1,perf-policy_only-r010-20260818T053825Z,loan_to_aml,3,13,200,16.768900,
policy_only,10,1,perf-policy_only-r010-20260818T053825Z,loan_to_aml,3,14,200,16.034700,
policy_only,10,1,perf-policy_only-r010-20260818T053825Z,loan_to_aml,3,15,200,16.083500,
policy_only,10,1,perf-policy_only-r010-20260818T053825Z,loan_to_aml,3,16,200,15.909000,
policy_only,10,1,perf-policy_only-r010-20260818T053825Z,loan_to_aml,3,17,200,16.034100,
policy_only,10,1,perf-policy_only-r010-20260818T053825Z,loan_to_aml,3,18,200,16.335100,
policy_only,10,1,perf-policy_only-r010-20260818T053825Z,loan_to_aml,3,19,200,16.777200,
policy_only,10,1,perf-policy_only-r010-20260818T053825Z,loan_to_aml,3,20,200,17.065700,
policy_only,10,1,perf-policy_only-r010-20260818T053825Z,loan_to_aml,3,21,200,16.700000,
policy_only,10,1,perf-policy_only-r010-20260818T053825Z,loan_to_aml,3,22,200,17.130900,
policy_only,10,1,perf-policy_only-r010-20260818T053825Z,loan_to_aml,3,23,200,16.748200,
policy_only,10,1,perf-policy_only-r010-20260818T053825Z,loan_to_aml,3,24,200,16.805800,
policy_only,10,1,perf-policy_only-r010-20260818T053825Z,loan_to_aml,3,25,200,16.571200,
policy_only,10,1,perf-policy_only-r010-20260818T053825Z,loan_to_aml,3,26,200,16.706600,
policy_only,10,1,perf-policy_only-r010-20260818T053825Z,loan_to_aml,3,27,200,16.544300,
policy_only,10,1,perf-policy_only-r010-20260818T053825Z,loan_to_aml,3,28,200,16.172800,
policy_only,10,1,perf-policy_only-r010-20260818T053825Z,loan_to_aml,3,29,200,16.149000,
policy_only,10,1,perf-policy_only-r010-20260818T053825Z,loan_to_aml,3,30,200,16.025100,
policy_only,10,1,perf-policy_only-r010-20260818T053825Z,loan_to_aml,3,31,200,15.809900,
policy_only,10,1,perf-policy_only-r010-20260818T053825Z,loan_to_aml,3,32,200,15.892700,
policy_only,10,1,perf-policy_only-r010-20260818T053825Z,loan_to_aml,3,33,200,15.948300,
policy_only,10,1,perf-policy_only-r010-20260818T053825Z,loan_to_aml,3,34,200,17.307600,
policy_only,10,1,perf-policy_only-r010-20260818T053825Z,loan_to_aml,3,35,200,16.741500,
policy_only,10,1,perf-policy_only-r010-20260818T053825Z,loan_to_aml,3,36,200,15.849300,
policy_only,10,1,perf-policy_only-r010-20260818T053825Z,loan_to_aml,3,37,200,16.449100,
policy_only,10,1,perf-policy_only-r010-20260818T053825Z,loan_to_aml,3,38,200,16.781600,
policy_only,10,1,perf-policy_only-r010-20260818T053825Z,loan_to_aml,3,39,200,18.692600,
policy_only,10,1,perf-policy_only-r010-20260818T053825Z,loan_to_aml,3,40,200,16.334400,
policy_only,10,1,perf-policy_only-r010-20260818T053825Z,loan_to_aml,3,41,200,15.749100,
policy_only,10,1,perf-policy_only-r010-20260818T053825Z,loan_to_aml,3,42,200,16.728300,
policy_only,10,1,perf-policy_only-r010-20260818T053825Z,loan_to_aml,3,43,200,17.115200,
policy_only,10,1,perf-policy_only-r010-20260818T053825Z,loan_to_aml,3,44,200,16.311500,
policy_only,10,1,perf-policy_only-r010-20260818T053825Z,loan_to_aml,3,45,200,17.478600,
policy_only,10,1,perf-policy_only-r010-20260818T053825Z,loan_to_aml,3,46,200,16.624800,
policy_only,10,1,perf-policy_only-r010-20260818T053825Z,loan_to_aml,3,47,200,17.016100,
policy_only,10,1,perf-policy_only-r010-20260818T053825Z,loan_to_aml,3,48,200,17.410700,
policy_only,10,1,perf-policy_only-r010-20260818T053825Z,loan_to_aml,3,49,200,16.216200,
policy_only,10,1,perf-policy_only-r010-20260818T053825Z,loan_to_aml,3,50,200,16.241400,
policy_only,10,1,perf-policy_only-r010-20260818T053825Z,loan_to_aml,3,51,200,17.062000,
policy_only,10,1,perf-policy_only-r010-20260818T053825Z,loan_to_aml,3,52,200,17.238000,
policy_only,10,1,perf-policy_only-r010-20260818T053825Z,loan_to_aml,3,53,200,16.686000,
policy_only,10,1,perf-policy_only-r010-20260818T053825Z,loan_to_aml,3,54,200,16.597600,
policy_only,10,1,perf-policy_only-r010-20260818T053825Z,loan_to_aml,3,55,200,16.194900,
policy_only,10,1,perf-policy_only-r010-20260818T053825Z,loan_to_aml,3,56,200,16.293200,
policy_only,10,1,perf-policy_only-r010-20260818T053825Z,loan_to_aml,3,57,200,16.495600,
policy_only,10,1,perf-policy_only-r010-20260818T053825Z,loan_to_aml,3,58,200,15.920000,
policy_only,10,1,perf-policy_only-r010-20260818T053825Z,loan_to_aml,3,59,200,16.010200,
policy_only,10,1,perf-policy_only-r010-20260818T053825Z,loan_to_aml,3,60,200,16.068800,
policy_only,10,1,perf-policy_only-r010-20260818T053825Z,loan_to_aml,3,61,200,16.023600,
policy_only,10,1,perf-policy_only-r010-20260818T053825Z,loan_to_aml,3,62,200,16.798900,
policy_only,10,1,perf-policy_only-r010-20260818T053825Z,loan_to_aml,3,63,200,15.678300,
policy_only,10,1,perf-policy_only-r010-20260818T053825Z,loan_to_aml,3,64,200,16.636800,
policy_only,10,1,perf-policy_only-r010-20260818T053825Z,loan_to_aml,3,65,200,19.398700,
policy_only,10,1,perf-policy_only-r010-20260818T053825Z,loan_to_aml,3,66,200,16.284800,
policy_only,10,1,perf-policy_only-r010-20260818T053825Z,loan_to_aml,3,67,200,16.364000,
policy_only,10,1,perf-policy_only-r010-20260818T053825Z,loan_to_aml,3,68,200,16.365700,
policy_only,10,1,perf-policy_only-r010-20260818T053825Z,loan_to_aml,3,69,200,16.141900,
policy_only,10,1,perf-policy_only-r010-20260818T053825Z,loan_to_aml,3,70,200,17.171500,
policy_only,10,1,perf-policy_only-r010-20260818T053825Z,loan_to_aml,3,71,200,17.000900,
policy_only,10,1,perf-policy_only-r010-20260818T053825Z,loan_to_aml,3,72,200,17.345900,
policy_only,10,1,perf-policy_only-r010-20260818T053825Z,loan_to_aml,3,73,200,17.231000,
policy_only,10,1,perf-policy_only-r010-20260818T053825Z,loan_to_aml,3,74,200,16.677900,
policy_only,10,1,perf-policy_only-r010-20260818T053825Z,loan_to_aml,3,75,200,16.394100,
policy_only,10,1,perf-policy_only-r010-20260818T053825Z,loan_to_aml,3,76,200,16.393800,
policy_only,10,1,perf-policy_only-r010-20260818T053825Z,loan_to_aml,3,77,200,17.108800,
policy_only,10,1,perf-policy_only-r010-20260818T053825Z,loan_to_aml,3,78,200,16.814400,
policy_only,10,1,perf-policy_only-r010-20260818T053825Z,loan_to_aml,3,79,200,17.142700,
policy_only,10,1,perf-policy_only-r010-20260818T053825Z,loan_to_aml,3,80,200,16.636600,
policy_only,10,1,perf-policy_only-r010-20260818T053825Z,loan_to_aml,3,81,200,16.132400,
policy_only,10,1,perf-policy_only-r010-20260818T053825Z,loan_to_aml,3,82,200,16.825200,
policy_only,10,1,perf-policy_only-r010-20260818T053825Z,loan_to_aml,3,83,200,16.137800,
policy_only,10,1,perf-policy_only-r010-20260818T053825Z,loan_to_aml,3,84,200,17.363100,
policy_only,10,1,perf-policy_only-r010-20260818T053825Z,loan_to_aml,3,85,200,16.605700,
policy_only,10,1,perf-policy_only-r010-20260818T053825Z,loan_to_aml,3,86,200,16.807000,
policy_only,10,1,perf-policy_only-r010-20260818T053825Z,loan_to_aml,3,87,200,18.106100,
policy_only,10,1,perf-policy_only-r010-20260818T053825Z,loan_to_aml,3,88,200,16.644000,
policy_only,10,1,perf-policy_only-r010-20260818T053825Z,loan_to_aml,3,89,200,16.820300,
policy_only,10,1,perf-policy_only-r010-20260818T053825Z,loan_to_aml,3,90,200,16.728900,
policy_only,10,1,perf-policy_only-r010-20260818T053825Z,loan_to_aml,3,91,200,16.544700,
policy_only,10,1,perf-policy_only-r010-20260818T053825Z,loan_to_aml,3,92,200,17.355300,
policy_only,10,1,perf-policy_only-r010-20260818T053825Z,loan_to_aml,3,93,200,18.099200,
policy_only,10,1,perf-policy_only-r010-20260818T053825Z,loan_to_aml,3,94,200,17.492300,
policy_only,10,1,perf-policy_only-r010-20260818T053825Z,loan_to_aml,3,95,200,19.042200,
policy_only,10,1,perf-policy_only-r010-20260818T053825Z,loan_to_aml,3,96,200,17.026300,
policy_only,10,1,perf-policy_only-r010-20260818T053825Z,loan_to_aml,3,97,200,17.582000,
policy_only,10,1,perf-policy_only-r010-20260818T053825Z,loan_to_aml,3,98,200,17.440700,
policy_only,10,1,perf-policy_only-r010-20260818T053825Z,loan_to_aml,3,99,200,18.595000,
policy_only,10,1,perf-policy_only-r010-20260818T053825Z,loan_to_aml,3,100,200,21.562800,
policy_only,10,1,perf-policy_only-r010-20260818T053825Z,loan_to_aml,3,101,200,18.757500,
policy_only,10,1,perf-policy_only-r010-20260818T053825Z,loan_to_aml,3,102,200,18.299300,
policy_only,10,1,perf-policy_only-r010-20260818T053825Z,loan_to_aml,3,103,200,16.778100,
policy_only,10,1,perf-policy_only-r010-20260818T053825Z,loan_to_aml,3,104,200,18.002300,
policy_only,10,1,perf-policy_only-r010-20260818T053825Z,loan_to_aml,3,105,200,16.776800,
policy_only,10,1,perf-policy_only-r010-20260818T053825Z,loan_to_aml,3,106,200,17.820200,
policy_only,10,1,perf-policy_only-r010-20260818T053825Z,loan_to_aml,3,107,200,17.506400,
policy_only,10,1,perf-policy_only-r010-20260818T053825Z,loan_to_aml,3,108,200,16.753000,
policy_only,10,1,perf-policy_only-r010-20260818T053825Z,loan_to_aml,3,109,200,16.697900,
policy_only,10,1,perf-policy_only-r010-20260818T053825Z,loan_to_aml,3,110,200,17.067000,
policy_only,10,1,perf-policy_only-r010-20260818T053825Z,loan_to_aml,3,111,200,17.173900,
policy_only,10,1,perf-policy_only-r010-20260818T053825Z,loan_to_aml,3,112,200,17.171600,
policy_only,10,1,perf-policy_only-r010-20260818T053825Z,loan_to_aml,3,113,200,17.097600,
policy_only,10,1,perf-policy_only-r010-20260818T053825Z,loan_to_aml,3,114,200,17.897500,
policy_only,10,1,perf-policy_only-r010-20260818T053825Z,loan_to_aml,3,115,200,18.309900,
policy_only,10,1,perf-policy_only-r010-20260818T053825Z,loan_to_aml,3,116,200,17.708500,
policy_only,10,1,perf-policy_only-r010-20260818T053825Z,loan_to_aml,3,117,200,18.110900,
policy_only,10,1,perf-policy_only-r010-20260818T053825Z,loan_to_aml,3,118,200,17.538800,
policy_only,10,1,perf-policy_only-r010-20260818T053825Z,loan_to_aml,3,119,200,17.124100,
policy_only,10,1,perf-policy_only-r010-20260818T053825Z,loan_to_aml,3,120,200,17.626800,
policy_only,10,1,perf-policy_only-r010-20260818T053825Z,loan_to_aml,3,121,200,18.291600,
policy_only,10,1,perf-policy_only-r010-20260818T053825Z,loan_to_aml,3,122,200,17.852200,
policy_only,10,1,perf-policy_only-r010-20260818T053825Z,loan_to_aml,3,123,200,16.948100,
policy_only,10,1,perf-policy_only-r010-20260818T053825Z,loan_to_aml,3,124,200,19.466200,
policy_only,10,1,perf-policy_only-r010-20260818T053825Z,loan_to_aml,3,125,200,17.947800,
policy_only,10,1,perf-policy_only-r010-20260818T053825Z,loan_to_aml,3,126,200,19.672300,
policy_only,10,1,perf-policy_only-r010-20260818T053825Z,loan_to_aml,3,127,200,18.235400,
policy_only,10,1,perf-policy_only-r010-20260818T053825Z,loan_to_aml,3,128,200,17.746000,
policy_only,10,1,perf-policy_only-r010-20260818T053825Z,loan_to_aml,3,129,200,16.590700,
policy_only,10,1,perf-policy_only-r010-20260818T053825Z,loan_to_aml,3,130,200,17.224000,
policy_only,10,1,perf-policy_only-r010-20260818T053825Z,loan_to_aml,3,131,200,18.196000,
policy_only,10,1,perf-policy_only-r010-20260818T053825Z,loan_to_aml,3,132,200,16.710800,
policy_only,10,1,perf-policy_only-r010-20260818T053825Z,loan_to_aml,3,133,200,18.528900,
policy_only,10,1,perf-policy_only-r010-20260818T053825Z,loan_to_aml,3,134,200,17.387400,
policy_only,10,1,perf-policy_only-r010-20260818T053825Z,loan_to_aml,3,135,200,17.337000,
policy_only,10,1,perf-policy_only-r010-20260818T053825Z,loan_to_aml,3,136,200,16.552200,
policy_only,10,1,perf-policy_only-r010-20260818T053825Z,loan_to_aml,3,137,200,17.110100,
policy_only,10,1,perf-policy_only-r010-20260818T053825Z,loan_to_aml,3,138,200,16.191100,
policy_only,10,1,perf-policy_only-r010-20260818T053825Z,loan_to_aml,3,139,200,16.769800,
policy_only,10,1,perf-policy_only-r010-20260818T053825Z,loan_to_aml,3,140,200,16.999800,
policy_only,10,1,perf-policy_only-r010-20260818T053825Z,loan_to_aml,3,141,200,16.763100,
policy_only,10,1,perf-policy_only-r010-20260818T053825Z,loan_to_aml,3,142,200,17.019400,
policy_only,10,1,perf-policy_only-r010-20260818T053825Z,loan_to_aml,3,143,200,17.647700,
policy_only,10,1,perf-policy_only-r010-20260818T053825Z,loan_to_aml,3,144,200,16.288100,
policy_only,10,1,perf-policy_only-r010-20260818T053825Z,loan_to_aml,3,145,200,16.891500,
policy_only,10,1,perf-policy_only-r010-20260818T053825Z,loan_to_aml,3,146,200,17.283900,
policy_only,10,1,perf-policy_only-r010-20260818T053825Z,loan_to_aml,3,147,200,17.046400,
policy_only,10,1,perf-policy_only-r010-20260818T053825Z,loan_to_aml,3,148,200,16.819500,
policy_only,10,1,perf-policy_only-r010-20260818T053825Z,loan_to_aml,3,149,200,15.546800,
policy_only,10,1,perf-policy_only-r010-20260818T053825Z,loan_to_aml,3,150,200,16.498500,
policy_only,10,1,perf-policy_only-r010-20260818T053825Z,loan_to_aml,3,151,200,16.590100,
policy_only,10,1,perf-policy_only-r010-20260818T053825Z,loan_to_aml,3,152,200,16.147300,
policy_only,10,1,perf-policy_only-r010-20260818T053825Z,loan_to_aml,3,153,200,15.680700,
policy_only,10,1,perf-policy_only-r010-20260818T053825Z,loan_to_aml,3,154,200,16.062500,
policy_only,10,1,perf-policy_only-r010-20260818T053825Z,loan_to_aml,3,155,200,16.441200,
policy_only,10,1,perf-policy_only-r010-20260818T053825Z,loan_to_aml,3,156,200,16.916400,
policy_only,10,1,perf-policy_only-r010-20260818T053825Z,loan_to_aml,3,157,200,19.252900,
policy_only,10,1,perf-policy_only-r010-20260818T053825Z,loan_to_aml,3,158,200,17.867500,
policy_only,10,1,perf-policy_only-r010-20260818T053825Z,loan_to_aml,3,159,200,17.854300,
policy_only,10,1,perf-policy_only-r010-20260818T053825Z,loan_to_aml,3,160,200,18.613000,
policy_only,10,1,perf-policy_only-r010-20260818T053825Z,loan_to_aml,3,161,200,20.070600,
policy_only,10,1,perf-policy_only-r010-20260818T053825Z,loan_to_aml,3,162,200,18.531500,
policy_only,10,1,perf-policy_only-r010-20260818T053825Z,loan_to_aml,3,163,200,16.442800,
policy_only,10,1,perf-policy_only-r010-20260818T053825Z,loan_to_aml,3,164,200,16.994600,
policy_only,10,1,perf-policy_only-r010-20260818T053825Z,loan_to_aml,3,165,200,17.011100,
policy_only,10,1,perf-policy_only-r010-20260818T053825Z,loan_to_aml,3,166,200,16.704600,
policy_only,10,1,perf-policy_only-r010-20260818T053825Z,loan_to_aml,3,167,200,16.184900,
policy_only,10,1,perf-policy_only-r010-20260818T053825Z,loan_to_aml,3,168,200,16.814500,
policy_only,10,1,perf-policy_only-r010-20260818T053825Z,loan_to_aml,3,169,200,16.487900,
policy_only,10,1,perf-policy_only-r010-20260818T053825Z,loan_to_aml,3,170,200,16.631700,
policy_only,10,1,perf-policy_only-r010-20260818T053825Z,loan_to_aml,3,171,200,15.727200,
policy_only,10,1,perf-policy_only-r010-20260818T053825Z,loan_to_aml,3,172,200,16.997200,
policy_only,10,1,perf-policy_only-r010-20260818T053825Z,loan_to_aml,3,173,200,16.156500,
policy_only,10,1,perf-policy_only-r010-20260818T053825Z,loan_to_aml,3,174,200,15.511500,
policy_only,10,1,perf-policy_only-r010-20260818T053825Z,loan_to_aml,3,175,200,16.431100,
policy_only,10,1,perf-policy_only-r010-20260818T053825Z,loan_to_aml,3,176,200,15.505200,
policy_only,10,1,perf-policy_only-r010-20260818T053825Z,loan_to_aml,3,177,200,16.124100,
policy_only,10,1,perf-policy_only-r010-20260818T053825Z,loan_to_aml,3,178,200,17.944400,
policy_only,10,1,perf-policy_only-r010-20260818T053825Z,loan_to_aml,3,179,200,16.603200,
policy_only,10,1,perf-policy_only-r010-20260818T053825Z,loan_to_aml,3,180,200,17.024100,
policy_only,10,1,perf-policy_only-r010-20260818T053825Z,loan_to_aml,3,181,200,16.630200,
policy_only,10,1,perf-policy_only-r010-20260818T053825Z,loan_to_aml,3,182,200,15.904800,
policy_only,10,1,perf-policy_only-r010-20260818T053825Z,loan_to_aml,3,183,200,16.973500,
policy_only,10,1,perf-policy_only-r010-20260818T053825Z,loan_to_aml,3,184,200,16.182100,
policy_only,10,1,perf-policy_only-r010-20260818T053825Z,loan_to_aml,3,185,200,15.765600,
policy_only,10,1,perf-policy_only-r010-20260818T053825Z,loan_to_aml,3,186,200,17.179800,
policy_only,10,1,perf-policy_only-r010-20260818T053825Z,loan_to_aml,3,187,200,16.605900,
policy_only,10,1,perf-policy_only-r010-20260818T053825Z,loan_to_aml,3,188,200,16.633800,
policy_only,10,1,perf-policy_only-r010-20260818T053825Z,loan_to_aml,3,189,200,16.784000,
policy_only,10,1,perf-policy_only-r010-20260818T053825Z,loan_to_aml,3,190,200,18.944900,
policy_only,10,1,perf-policy_only-r010-20260818T053825Z,loan_to_aml,3,191,200,19.066000,
policy_only,10,1,perf-policy_only-r010-20260818T053825Z,loan_to_aml,3,192,200,16.851600,
policy_only,10,1,perf-policy_only-r010-20260818T053825Z,loan_to_aml,3,193,200,16.566600,
policy_only,10,1,perf-policy_only-r010-20260818T053825Z,loan_to_aml,3,194,200,16.186800,
policy_only,10,1,perf-policy_only-r010-20260818T053825Z,loan_to_aml,3,195,200,15.537700,
policy_only,10,1,perf-policy_only-r010-20260818T053825Z,loan_to_aml,3,196,200,16.192200,
policy_only,10,1,perf-policy_only-r010-20260818T053825Z,loan_to_aml,3,197,200,16.165300,
policy_only,10,1,perf-policy_only-r010-20260818T053825Z,loan_to_aml,3,198,200,17.046800,
policy_only,10,1,perf-policy_only-r010-20260818T053825Z,loan_to_aml,3,199,200,15.849600,
policy_only,10,1,perf-policy_only-r010-20260818T053825Z,loan_to_aml,3,200,200,17.282800,
policy_only,10,1,perf-policy_only-r010-20260818T053825Z,loan_to_approval,1,1,200,17.595900,
policy_only,10,1,perf-policy_only-r010-20260818T053825Z,loan_to_approval,1,2,200,17.187100,
policy_only,10,1,perf-policy_only-r010-20260818T053825Z,loan_to_approval,1,3,200,17.524000,
policy_only,10,1,perf-policy_only-r010-20260818T053825Z,loan_to_approval,1,4,200,16.901500,
policy_only,10,1,perf-policy_only-r010-20260818T053825Z,loan_to_approval,1,5,200,16.660700,
policy_only,10,1,perf-policy_only-r010-20260818T053825Z,loan_to_approval,1,6,200,16.197000,
policy_only,10,1,perf-policy_only-r010-20260818T053825Z,loan_to_approval,1,7,200,18.156500,
policy_only,10,1,perf-policy_only-r010-20260818T053825Z,loan_to_approval,1,8,200,16.840100,
policy_only,10,1,perf-policy_only-r010-20260818T053825Z,loan_to_approval,1,9,200,17.135300,
policy_only,10,1,perf-policy_only-r010-20260818T053825Z,loan_to_approval,1,10,200,15.836300,
policy_only,10,1,perf-policy_only-r010-20260818T053825Z,loan_to_approval,1,11,200,15.750300,
policy_only,10,1,perf-policy_only-r010-20260818T053825Z,loan_to_approval,1,12,200,16.446300,
policy_only,10,1,perf-policy_only-r010-20260818T053825Z,loan_to_approval,1,13,200,16.950000,
policy_only,10,1,perf-policy_only-r010-20260818T053825Z,loan_to_approval,1,14,200,16.681400,
policy_only,10,1,perf-policy_only-r010-20260818T053825Z,loan_to_approval,1,15,200,18.049900,
policy_only,10,1,perf-policy_only-r010-20260818T053825Z,loan_to_approval,1,16,200,15.884500,
policy_only,10,1,perf-policy_only-r010-20260818T053825Z,loan_to_approval,1,17,200,17.179400,
policy_only,10,1,perf-policy_only-r010-20260818T053825Z,loan_to_approval,1,18,200,17.222300,
policy_only,10,1,perf-policy_only-r010-20260818T053825Z,loan_to_approval,1,19,200,16.848100,
policy_only,10,1,perf-policy_only-r010-20260818T053825Z,loan_to_approval,1,20,200,16.637500,
policy_only,10,1,perf-policy_only-r010-20260818T053825Z,loan_to_approval,1,21,200,15.907600,
policy_only,10,1,perf-policy_only-r010-20260818T053825Z,loan_to_approval,1,22,200,17.375500,
policy_only,10,1,perf-policy_only-r010-20260818T053825Z,loan_to_approval,1,23,200,16.791100,
policy_only,10,1,perf-policy_only-r010-20260818T053825Z,loan_to_approval,1,24,200,15.840700,
policy_only,10,1,perf-policy_only-r010-20260818T053825Z,loan_to_approval,1,25,200,16.380300,
policy_only,10,1,perf-policy_only-r010-20260818T053825Z,loan_to_approval,1,26,200,16.471000,
policy_only,10,1,perf-policy_only-r010-20260818T053825Z,loan_to_approval,1,27,200,16.082600,
policy_only,10,1,perf-policy_only-r010-20260818T053825Z,loan_to_approval,1,28,200,17.035800,
policy_only,10,1,perf-policy_only-r010-20260818T053825Z,loan_to_approval,1,29,200,16.960200,
policy_only,10,1,perf-policy_only-r010-20260818T053825Z,loan_to_approval,1,30,200,18.141300,
policy_only,10,1,perf-policy_only-r010-20260818T053825Z,loan_to_approval,1,31,200,16.816100,
policy_only,10,1,perf-policy_only-r010-20260818T053825Z,loan_to_approval,1,32,200,17.454500,
policy_only,10,1,perf-policy_only-r010-20260818T053825Z,loan_to_approval,1,33,200,16.760600,
policy_only,10,1,perf-policy_only-r010-20260818T053825Z,loan_to_approval,1,34,200,16.699300,
policy_only,10,1,perf-policy_only-r010-20260818T053825Z,loan_to_approval,1,35,200,17.020100,
policy_only,10,1,perf-policy_only-r010-20260818T053825Z,loan_to_approval,1,36,200,15.825700,
policy_only,10,1,perf-policy_only-r010-20260818T053825Z,loan_to_approval,1,37,200,15.986400,
policy_only,10,1,perf-policy_only-r010-20260818T053825Z,loan_to_approval,1,38,200,17.063800,
policy_only,10,1,perf-policy_only-r010-20260818T053825Z,loan_to_approval,1,39,200,17.734600,
policy_only,10,1,perf-policy_only-r010-20260818T053825Z,loan_to_approval,1,40,200,16.360000,
policy_only,10,1,perf-policy_only-r010-20260818T053825Z,loan_to_approval,1,41,200,16.781100,
policy_only,10,1,perf-policy_only-r010-20260818T053825Z,loan_to_approval,1,42,200,16.055200,
policy_only,10,1,perf-policy_only-r010-20260818T053825Z,loan_to_approval,1,43,200,15.936500,
policy_only,10,1,perf-policy_only-r010-20260818T053825Z,loan_to_approval,1,44,200,16.195800,
policy_only,10,1,perf-policy_only-r010-20260818T053825Z,loan_to_approval,1,45,200,16.723500,
policy_only,10,1,perf-policy_only-r010-20260818T053825Z,loan_to_approval,1,46,200,16.441700,
policy_only,10,1,perf-policy_only-r010-20260818T053825Z,loan_to_approval,1,47,200,16.687400,
policy_only,10,1,perf-policy_only-r010-20260818T053825Z,loan_to_approval,1,48,200,16.356500,
policy_only,10,1,perf-policy_only-r010-20260818T053825Z,loan_to_approval,1,49,200,16.576100,
policy_only,10,1,perf-policy_only-r010-20260818T053825Z,loan_to_approval,1,50,200,16.819800,
policy_only,10,1,perf-policy_only-r010-20260818T053825Z,loan_to_approval,1,51,200,18.167000,
policy_only,10,1,perf-policy_only-r010-20260818T053825Z,loan_to_approval,1,52,200,16.731100,
policy_only,10,1,perf-policy_only-r010-20260818T053825Z,loan_to_approval,1,53,200,16.284200,
policy_only,10,1,perf-policy_only-r010-20260818T053825Z,loan_to_approval,1,54,200,17.079300,
policy_only,10,1,perf-policy_only-r010-20260818T053825Z,loan_to_approval,1,55,200,16.628500,
policy_only,10,1,perf-policy_only-r010-20260818T053825Z,loan_to_approval,1,56,200,16.182400,
policy_only,10,1,perf-policy_only-r010-20260818T053825Z,loan_to_approval,1,57,200,17.133800,
policy_only,10,1,perf-policy_only-r010-20260818T053825Z,loan_to_approval,1,58,200,16.710200,
policy_only,10,1,perf-policy_only-r010-20260818T053825Z,loan_to_approval,1,59,200,16.302000,
policy_only,10,1,perf-policy_only-r010-20260818T053825Z,loan_to_approval,1,60,200,19.319700,
policy_only,10,1,perf-policy_only-r010-20260818T053825Z,loan_to_approval,1,61,200,16.847500,
policy_only,10,1,perf-policy_only-r010-20260818T053825Z,loan_to_approval,1,62,200,16.314700,
policy_only,10,1,perf-policy_only-r010-20260818T053825Z,loan_to_approval,1,63,200,16.165600,
policy_only,10,1,perf-policy_only-r010-20260818T053825Z,loan_to_approval,1,64,200,16.345000,
policy_only,10,1,perf-policy_only-r010-20260818T053825Z,loan_to_approval,1,65,200,17.028100,
policy_only,10,1,perf-policy_only-r010-20260818T053825Z,loan_to_approval,1,66,200,16.591100,
policy_only,10,1,perf-policy_only-r010-20260818T053825Z,loan_to_approval,1,67,200,15.735400,
policy_only,10,1,perf-policy_only-r010-20260818T053825Z,loan_to_approval,1,68,200,16.226800,
policy_only,10,1,perf-policy_only-r010-20260818T053825Z,loan_to_approval,1,69,200,15.938600,
policy_only,10,1,perf-policy_only-r010-20260818T053825Z,loan_to_approval,1,70,200,16.879700,
policy_only,10,1,perf-policy_only-r010-20260818T053825Z,loan_to_approval,1,71,200,15.952800,
policy_only,10,1,perf-policy_only-r010-20260818T053825Z,loan_to_approval,1,72,200,16.182400,
policy_only,10,1,perf-policy_only-r010-20260818T053825Z,loan_to_approval,1,73,200,17.335100,
policy_only,10,1,perf-policy_only-r010-20260818T053825Z,loan_to_approval,1,74,200,16.977900,
policy_only,10,1,perf-policy_only-r010-20260818T053825Z,loan_to_approval,1,75,200,17.761300,
policy_only,10,1,perf-policy_only-r010-20260818T053825Z,loan_to_approval,1,76,200,16.801800,
policy_only,10,1,perf-policy_only-r010-20260818T053825Z,loan_to_approval,1,77,200,15.962400,
policy_only,10,1,perf-policy_only-r010-20260818T053825Z,loan_to_approval,1,78,200,15.852600,
policy_only,10,1,perf-policy_only-r010-20260818T053825Z,loan_to_approval,1,79,200,16.222800,
policy_only,10,1,perf-policy_only-r010-20260818T053825Z,loan_to_approval,1,80,200,16.877900,
policy_only,10,1,perf-policy_only-r010-20260818T053825Z,loan_to_approval,1,81,200,16.797200,
policy_only,10,1,perf-policy_only-r010-20260818T053825Z,loan_to_approval,1,82,200,17.064300,
policy_only,10,1,perf-policy_only-r010-20260818T053825Z,loan_to_approval,1,83,200,15.981100,
policy_only,10,1,perf-policy_only-r010-20260818T053825Z,loan_to_approval,1,84,200,16.780700,
policy_only,10,1,perf-policy_only-r010-20260818T053825Z,loan_to_approval,1,85,200,17.146900,
policy_only,10,1,perf-policy_only-r010-20260818T053825Z,loan_to_approval,1,86,200,16.852800,
policy_only,10,1,perf-policy_only-r010-20260818T053825Z,loan_to_approval,1,87,200,18.039900,
policy_only,10,1,perf-policy_only-r010-20260818T053825Z,loan_to_approval,1,88,200,15.977300,
policy_only,10,1,perf-policy_only-r010-20260818T053825Z,loan_to_approval,1,89,200,16.248600,
policy_only,10,1,perf-policy_only-r010-20260818T053825Z,loan_to_approval,1,90,200,16.742800,
policy_only,10,1,perf-policy_only-r010-20260818T053825Z,loan_to_approval,1,91,200,16.636700,
policy_only,10,1,perf-policy_only-r010-20260818T053825Z,loan_to_approval,1,92,200,16.606700,
policy_only,10,1,perf-policy_only-r010-20260818T053825Z,loan_to_approval,1,93,200,17.170300,
policy_only,10,1,perf-policy_only-r010-20260818T053825Z,loan_to_approval,1,94,200,16.950800,
policy_only,10,1,perf-policy_only-r010-20260818T053825Z,loan_to_approval,1,95,200,16.752400,
policy_only,10,1,perf-policy_only-r010-20260818T053825Z,loan_to_approval,1,96,200,17.072200,
policy_only,10,1,perf-policy_only-r010-20260818T053825Z,loan_to_approval,1,97,200,16.586100,
policy_only,10,1,perf-policy_only-r010-20260818T053825Z,loan_to_approval,1,98,200,16.176900,
policy_only,10,1,perf-policy_only-r010-20260818T053825Z,loan_to_approval,1,99,200,17.476800,
policy_only,10,1,perf-policy_only-r010-20260818T053825Z,loan_to_approval,1,100,200,17.204000,
policy_only,10,1,perf-policy_only-r010-20260818T053825Z,loan_to_approval,1,101,200,16.411800,
policy_only,10,1,perf-policy_only-r010-20260818T053825Z,loan_to_approval,1,102,200,17.018400,
policy_only,10,1,perf-policy_only-r010-20260818T053825Z,loan_to_approval,1,103,200,15.506800,
policy_only,10,1,perf-policy_only-r010-20260818T053825Z,loan_to_approval,1,104,200,16.307000,
policy_only,10,1,perf-policy_only-r010-20260818T053825Z,loan_to_approval,1,105,200,15.550500,
policy_only,10,1,perf-policy_only-r010-20260818T053825Z,loan_to_approval,1,106,200,16.380300,
policy_only,10,1,perf-policy_only-r010-20260818T053825Z,loan_to_approval,1,107,200,16.751800,
policy_only,10,1,perf-policy_only-r010-20260818T053825Z,loan_to_approval,1,108,200,16.493400,
policy_only,10,1,perf-policy_only-r010-20260818T053825Z,loan_to_approval,1,109,200,16.538900,
policy_only,10,1,perf-policy_only-r010-20260818T053825Z,loan_to_approval,1,110,200,17.070300,
policy_only,10,1,perf-policy_only-r010-20260818T053825Z,loan_to_approval,1,111,200,17.984100,
policy_only,10,1,perf-policy_only-r010-20260818T053825Z,loan_to_approval,1,112,200,16.814200,
policy_only,10,1,perf-policy_only-r010-20260818T053825Z,loan_to_approval,1,113,200,16.031700,
policy_only,10,1,perf-policy_only-r010-20260818T053825Z,loan_to_approval,1,114,200,15.907600,
policy_only,10,1,perf-policy_only-r010-20260818T053825Z,loan_to_approval,1,115,200,16.010200,
policy_only,10,1,perf-policy_only-r010-20260818T053825Z,loan_to_approval,1,116,200,17.459200,
policy_only,10,1,perf-policy_only-r010-20260818T053825Z,loan_to_approval,1,117,200,17.048900,
policy_only,10,1,perf-policy_only-r010-20260818T053825Z,loan_to_approval,1,118,200,16.969800,
policy_only,10,1,perf-policy_only-r010-20260818T053825Z,loan_to_approval,1,119,200,16.662800,
policy_only,10,1,perf-policy_only-r010-20260818T053825Z,loan_to_approval,1,120,200,17.466200,
policy_only,10,1,perf-policy_only-r010-20260818T053825Z,loan_to_approval,1,121,200,17.977600,
policy_only,10,1,perf-policy_only-r010-20260818T053825Z,loan_to_approval,1,122,200,17.701500,
policy_only,10,1,perf-policy_only-r010-20260818T053825Z,loan_to_approval,1,123,200,16.943400,
policy_only,10,1,perf-policy_only-r010-20260818T053825Z,loan_to_approval,1,124,200,16.713100,
policy_only,10,1,perf-policy_only-r010-20260818T053825Z,loan_to_approval,1,125,200,16.423000,
policy_only,10,1,perf-policy_only-r010-20260818T053825Z,loan_to_approval,1,126,200,16.636200,
policy_only,10,1,perf-policy_only-r010-20260818T053825Z,loan_to_approval,1,127,200,17.333800,
policy_only,10,1,perf-policy_only-r010-20260818T053825Z,loan_to_approval,1,128,200,16.391100,
policy_only,10,1,perf-policy_only-r010-20260818T053825Z,loan_to_approval,1,129,200,15.927200,
policy_only,10,1,perf-policy_only-r010-20260818T053825Z,loan_to_approval,1,130,200,15.741600,
policy_only,10,1,perf-policy_only-r010-20260818T053825Z,loan_to_approval,1,131,200,16.505800,
policy_only,10,1,perf-policy_only-r010-20260818T053825Z,loan_to_approval,1,132,200,16.879200,
policy_only,10,1,perf-policy_only-r010-20260818T053825Z,loan_to_approval,1,133,200,16.966600,
policy_only,10,1,perf-policy_only-r010-20260818T053825Z,loan_to_approval,1,134,200,17.196500,
policy_only,10,1,perf-policy_only-r010-20260818T053825Z,loan_to_approval,1,135,200,15.879200,
policy_only,10,1,perf-policy_only-r010-20260818T053825Z,loan_to_approval,1,136,200,16.586800,
policy_only,10,1,perf-policy_only-r010-20260818T053825Z,loan_to_approval,1,137,200,16.489900,
policy_only,10,1,perf-policy_only-r010-20260818T053825Z,loan_to_approval,1,138,200,16.781900,
policy_only,10,1,perf-policy_only-r010-20260818T053825Z,loan_to_approval,1,139,200,15.739300,
policy_only,10,1,perf-policy_only-r010-20260818T053825Z,loan_to_approval,1,140,200,15.900800,
policy_only,10,1,perf-policy_only-r010-20260818T053825Z,loan_to_approval,1,141,200,18.548800,
policy_only,10,1,perf-policy_only-r010-20260818T053825Z,loan_to_approval,1,142,200,16.699400,
policy_only,10,1,perf-policy_only-r010-20260818T053825Z,loan_to_approval,1,143,200,17.033200,
policy_only,10,1,perf-policy_only-r010-20260818T053825Z,loan_to_approval,1,144,200,15.664600,
policy_only,10,1,perf-policy_only-r010-20260818T053825Z,loan_to_approval,1,145,200,16.443900,
policy_only,10,1,perf-policy_only-r010-20260818T053825Z,loan_to_approval,1,146,200,17.078100,
policy_only,10,1,perf-policy_only-r010-20260818T053825Z,loan_to_approval,1,147,200,17.429800,
policy_only,10,1,perf-policy_only-r010-20260818T053825Z,loan_to_approval,1,148,200,16.316800,
policy_only,10,1,perf-policy_only-r010-20260818T053825Z,loan_to_approval,1,149,200,17.083400,
policy_only,10,1,perf-policy_only-r010-20260818T053825Z,loan_to_approval,1,150,200,15.996000,
policy_only,10,1,perf-policy_only-r010-20260818T053825Z,loan_to_approval,1,151,200,16.940800,
policy_only,10,1,perf-policy_only-r010-20260818T053825Z,loan_to_approval,1,152,200,16.932100,
policy_only,10,1,perf-policy_only-r010-20260818T053825Z,loan_to_approval,1,153,200,16.770700,
policy_only,10,1,perf-policy_only-r010-20260818T053825Z,loan_to_approval,1,154,200,15.824100,
policy_only,10,1,perf-policy_only-r010-20260818T053825Z,loan_to_approval,1,155,200,16.620800,
policy_only,10,1,perf-policy_only-r010-20260818T053825Z,loan_to_approval,1,156,200,16.784200,
policy_only,10,1,perf-policy_only-r010-20260818T053825Z,loan_to_approval,1,157,200,17.480000,
policy_only,10,1,perf-policy_only-r010-20260818T053825Z,loan_to_approval,1,158,200,17.731500,
policy_only,10,1,perf-policy_only-r010-20260818T053825Z,loan_to_approval,1,159,200,16.314800,
policy_only,10,1,perf-policy_only-r010-20260818T053825Z,loan_to_approval,1,160,200,16.008700,
policy_only,10,1,perf-policy_only-r010-20260818T053825Z,loan_to_approval,1,161,200,16.356700,
policy_only,10,1,perf-policy_only-r010-20260818T053825Z,loan_to_approval,1,162,200,16.048300,
policy_only,10,1,perf-policy_only-r010-20260818T053825Z,loan_to_approval,1,163,200,16.462600,
policy_only,10,1,perf-policy_only-r010-20260818T053825Z,loan_to_approval,1,164,200,16.442600,
policy_only,10,1,perf-policy_only-r010-20260818T053825Z,loan_to_approval,1,165,200,16.698200,
policy_only,10,1,perf-policy_only-r010-20260818T053825Z,loan_to_approval,1,166,200,16.137900,
policy_only,10,1,perf-policy_only-r010-20260818T053825Z,loan_to_approval,1,167,200,16.046900,
policy_only,10,1,perf-policy_only-r010-20260818T053825Z,loan_to_approval,1,168,200,17.053000,
policy_only,10,1,perf-policy_only-r010-20260818T053825Z,loan_to_approval,1,169,200,15.662400,
policy_only,10,1,perf-policy_only-r010-20260818T053825Z,loan_to_approval,1,170,200,17.310400,
policy_only,10,1,perf-policy_only-r010-20260818T053825Z,loan_to_approval,1,171,200,15.708600,
policy_only,10,1,perf-policy_only-r010-20260818T053825Z,loan_to_approval,1,172,200,16.853600,
policy_only,10,1,perf-policy_only-r010-20260818T053825Z,loan_to_approval,1,173,200,15.986000,
policy_only,10,1,perf-policy_only-r010-20260818T053825Z,loan_to_approval,1,174,200,17.348600,
policy_only,10,1,perf-policy_only-r010-20260818T053825Z,loan_to_approval,1,175,200,17.316100,
policy_only,10,1,perf-policy_only-r010-20260818T053825Z,loan_to_approval,1,176,200,18.319300,
policy_only,10,1,perf-policy_only-r010-20260818T053825Z,loan_to_approval,1,177,200,18.599000,
policy_only,10,1,perf-policy_only-r010-20260818T053825Z,loan_to_approval,1,178,200,18.032400,
policy_only,10,1,perf-policy_only-r010-20260818T053825Z,loan_to_approval,1,179,200,17.744500,
policy_only,10,1,perf-policy_only-r010-20260818T053825Z,loan_to_approval,1,180,200,20.383800,
policy_only,10,1,perf-policy_only-r010-20260818T053825Z,loan_to_approval,1,181,200,20.436800,
policy_only,10,1,perf-policy_only-r010-20260818T053825Z,loan_to_approval,1,182,200,20.555500,
policy_only,10,1,perf-policy_only-r010-20260818T053825Z,loan_to_approval,1,183,200,20.705800,
policy_only,10,1,perf-policy_only-r010-20260818T053825Z,loan_to_approval,1,184,200,17.542200,
policy_only,10,1,perf-policy_only-r010-20260818T053825Z,loan_to_approval,1,185,200,16.931300,
policy_only,10,1,perf-policy_only-r010-20260818T053825Z,loan_to_approval,1,186,200,17.455600,
policy_only,10,1,perf-policy_only-r010-20260818T053825Z,loan_to_approval,1,187,200,16.325400,
policy_only,10,1,perf-policy_only-r010-20260818T053825Z,loan_to_approval,1,188,200,17.054700,
policy_only,10,1,perf-policy_only-r010-20260818T053825Z,loan_to_approval,1,189,200,15.880100,
policy_only,10,1,perf-policy_only-r010-20260818T053825Z,loan_to_approval,1,190,200,17.463900,
policy_only,10,1,perf-policy_only-r010-20260818T053825Z,loan_to_approval,1,191,200,18.669100,
policy_only,10,1,perf-policy_only-r010-20260818T053825Z,loan_to_approval,1,192,200,17.269300,
policy_only,10,1,perf-policy_only-r010-20260818T053825Z,loan_to_approval,1,193,200,17.222700,
policy_only,10,1,perf-policy_only-r010-20260818T053825Z,loan_to_approval,1,194,200,16.275500,
policy_only,10,1,perf-policy_only-r010-20260818T053825Z,loan_to_approval,1,195,200,17.035800,
policy_only,10,1,perf-policy_only-r010-20260818T053825Z,loan_to_approval,1,196,200,17.698400,
policy_only,10,1,perf-policy_only-r010-20260818T053825Z,loan_to_approval,1,197,200,16.839200,
policy_only,10,1,perf-policy_only-r010-20260818T053825Z,loan_to_approval,1,198,200,17.741900,
policy_only,10,1,perf-policy_only-r010-20260818T053825Z,loan_to_approval,1,199,200,17.505500,
policy_only,10,1,perf-policy_only-r010-20260818T053825Z,loan_to_approval,1,200,200,17.973100,
policy_only,10,1,perf-policy_only-r010-20260818T053825Z,loan_to_approval,2,1,200,17.903500,
policy_only,10,1,perf-policy_only-r010-20260818T053825Z,loan_to_approval,2,2,200,19.151300,
policy_only,10,1,perf-policy_only-r010-20260818T053825Z,loan_to_approval,2,3,200,17.544100,
policy_only,10,1,perf-policy_only-r010-20260818T053825Z,loan_to_approval,2,4,200,17.801100,
policy_only,10,1,perf-policy_only-r010-20260818T053825Z,loan_to_approval,2,5,200,18.536100,
policy_only,10,1,perf-policy_only-r010-20260818T053825Z,loan_to_approval,2,6,200,17.384900,
policy_only,10,1,perf-policy_only-r010-20260818T053825Z,loan_to_approval,2,7,200,16.734800,
policy_only,10,1,perf-policy_only-r010-20260818T053825Z,loan_to_approval,2,8,200,15.840600,
policy_only,10,1,perf-policy_only-r010-20260818T053825Z,loan_to_approval,2,9,200,17.281500,
policy_only,10,1,perf-policy_only-r010-20260818T053825Z,loan_to_approval,2,10,200,15.869200,
policy_only,10,1,perf-policy_only-r010-20260818T053825Z,loan_to_approval,2,11,200,17.742600,
policy_only,10,1,perf-policy_only-r010-20260818T053825Z,loan_to_approval,2,12,200,17.823300,
policy_only,10,1,perf-policy_only-r010-20260818T053825Z,loan_to_approval,2,13,200,19.327000,
policy_only,10,1,perf-policy_only-r010-20260818T053825Z,loan_to_approval,2,14,200,18.205600,
policy_only,10,1,perf-policy_only-r010-20260818T053825Z,loan_to_approval,2,15,200,17.009500,
policy_only,10,1,perf-policy_only-r010-20260818T053825Z,loan_to_approval,2,16,200,17.209900,
policy_only,10,1,perf-policy_only-r010-20260818T053825Z,loan_to_approval,2,17,200,17.098300,
policy_only,10,1,perf-policy_only-r010-20260818T053825Z,loan_to_approval,2,18,200,16.519100,
policy_only,10,1,perf-policy_only-r010-20260818T053825Z,loan_to_approval,2,19,200,16.856200,
policy_only,10,1,perf-policy_only-r010-20260818T053825Z,loan_to_approval,2,20,200,17.155400,
policy_only,10,1,perf-policy_only-r010-20260818T053825Z,loan_to_approval,2,21,200,16.758100,
policy_only,10,1,perf-policy_only-r010-20260818T053825Z,loan_to_approval,2,22,200,17.138900,
policy_only,10,1,perf-policy_only-r010-20260818T053825Z,loan_to_approval,2,23,200,17.414400,
policy_only,10,1,perf-policy_only-r010-20260818T053825Z,loan_to_approval,2,24,200,16.348400,
policy_only,10,1,perf-policy_only-r010-20260818T053825Z,loan_to_approval,2,25,200,15.782100,
policy_only,10,1,perf-policy_only-r010-20260818T053825Z,loan_to_approval,2,26,200,16.039400,
policy_only,10,1,perf-policy_only-r010-20260818T053825Z,loan_to_approval,2,27,200,15.987400,
policy_only,10,1,perf-policy_only-r010-20260818T053825Z,loan_to_approval,2,28,200,16.212600,
policy_only,10,1,perf-policy_only-r010-20260818T053825Z,loan_to_approval,2,29,200,15.921000,
policy_only,10,1,perf-policy_only-r010-20260818T053825Z,loan_to_approval,2,30,200,15.813600,
policy_only,10,1,perf-policy_only-r010-20260818T053825Z,loan_to_approval,2,31,200,16.608400,
policy_only,10,1,perf-policy_only-r010-20260818T053825Z,loan_to_approval,2,32,200,16.694000,
policy_only,10,1,perf-policy_only-r010-20260818T053825Z,loan_to_approval,2,33,200,16.818600,
policy_only,10,1,perf-policy_only-r010-20260818T053825Z,loan_to_approval,2,34,200,17.350400,
policy_only,10,1,perf-policy_only-r010-20260818T053825Z,loan_to_approval,2,35,200,16.660900,
policy_only,10,1,perf-policy_only-r010-20260818T053825Z,loan_to_approval,2,36,200,17.561900,
policy_only,10,1,perf-policy_only-r010-20260818T053825Z,loan_to_approval,2,37,200,20.832400,
policy_only,10,1,perf-policy_only-r010-20260818T053825Z,loan_to_approval,2,38,200,17.098600,
policy_only,10,1,perf-policy_only-r010-20260818T053825Z,loan_to_approval,2,39,200,23.202200,
policy_only,10,1,perf-policy_only-r010-20260818T053825Z,loan_to_approval,2,40,200,19.026200,
policy_only,10,1,perf-policy_only-r010-20260818T053825Z,loan_to_approval,2,41,200,21.253900,
policy_only,10,1,perf-policy_only-r010-20260818T053825Z,loan_to_approval,2,42,200,16.852500,
policy_only,10,1,perf-policy_only-r010-20260818T053825Z,loan_to_approval,2,43,200,16.866200,
policy_only,10,1,perf-policy_only-r010-20260818T053825Z,loan_to_approval,2,44,200,16.853200,
policy_only,10,1,perf-policy_only-r010-20260818T053825Z,loan_to_approval,2,45,200,17.186700,
policy_only,10,1,perf-policy_only-r010-20260818T053825Z,loan_to_approval,2,46,200,18.600400,
policy_only,10,1,perf-policy_only-r010-20260818T053825Z,loan_to_approval,2,47,200,18.247200,
policy_only,10,1,perf-policy_only-r010-20260818T053825Z,loan_to_approval,2,48,200,17.086900,
policy_only,10,1,perf-policy_only-r010-20260818T053825Z,loan_to_approval,2,49,200,17.535700,
policy_only,10,1,perf-policy_only-r010-20260818T053825Z,loan_to_approval,2,50,200,16.252600,
policy_only,10,1,perf-policy_only-r010-20260818T053825Z,loan_to_approval,2,51,200,15.756600,
policy_only,10,1,perf-policy_only-r010-20260818T053825Z,loan_to_approval,2,52,200,16.128000,
policy_only,10,1,perf-policy_only-r010-20260818T053825Z,loan_to_approval,2,53,200,17.528300,
policy_only,10,1,perf-policy_only-r010-20260818T053825Z,loan_to_approval,2,54,200,16.736100,
policy_only,10,1,perf-policy_only-r010-20260818T053825Z,loan_to_approval,2,55,200,16.637300,
policy_only,10,1,perf-policy_only-r010-20260818T053825Z,loan_to_approval,2,56,200,16.781500,
policy_only,10,1,perf-policy_only-r010-20260818T053825Z,loan_to_approval,2,57,200,16.300500,
policy_only,10,1,perf-policy_only-r010-20260818T053825Z,loan_to_approval,2,58,200,15.745600,
policy_only,10,1,perf-policy_only-r010-20260818T053825Z,loan_to_approval,2,59,200,16.505600,
policy_only,10,1,perf-policy_only-r010-20260818T053825Z,loan_to_approval,2,60,200,15.728900,
policy_only,10,1,perf-policy_only-r010-20260818T053825Z,loan_to_approval,2,61,200,17.379100,
policy_only,10,1,perf-policy_only-r010-20260818T053825Z,loan_to_approval,2,62,200,16.623200,
policy_only,10,1,perf-policy_only-r010-20260818T053825Z,loan_to_approval,2,63,200,17.261800,
policy_only,10,1,perf-policy_only-r010-20260818T053825Z,loan_to_approval,2,64,200,16.833800,
policy_only,10,1,perf-policy_only-r010-20260818T053825Z,loan_to_approval,2,65,200,18.535600,
policy_only,10,1,perf-policy_only-r010-20260818T053825Z,loan_to_approval,2,66,200,16.440300,
policy_only,10,1,perf-policy_only-r010-20260818T053825Z,loan_to_approval,2,67,200,16.849100,
policy_only,10,1,perf-policy_only-r010-20260818T053825Z,loan_to_approval,2,68,200,15.917600,
policy_only,10,1,perf-policy_only-r010-20260818T053825Z,loan_to_approval,2,69,200,15.764500,
policy_only,10,1,perf-policy_only-r010-20260818T053825Z,loan_to_approval,2,70,200,16.018600,
policy_only,10,1,perf-policy_only-r010-20260818T053825Z,loan_to_approval,2,71,200,16.334300,
policy_only,10,1,perf-policy_only-r010-20260818T053825Z,loan_to_approval,2,72,200,16.899400,
policy_only,10,1,perf-policy_only-r010-20260818T053825Z,loan_to_approval,2,73,200,16.109800,
policy_only,10,1,perf-policy_only-r010-20260818T053825Z,loan_to_approval,2,74,200,16.876000,
policy_only,10,1,perf-policy_only-r010-20260818T053825Z,loan_to_approval,2,75,200,16.074200,
policy_only,10,1,perf-policy_only-r010-20260818T053825Z,loan_to_approval,2,76,200,17.149400,
policy_only,10,1,perf-policy_only-r010-20260818T053825Z,loan_to_approval,2,77,200,17.039400,
policy_only,10,1,perf-policy_only-r010-20260818T053825Z,loan_to_approval,2,78,200,17.156600,
policy_only,10,1,perf-policy_only-r010-20260818T053825Z,loan_to_approval,2,79,200,16.468900,
policy_only,10,1,perf-policy_only-r010-20260818T053825Z,loan_to_approval,2,80,200,17.345400,
policy_only,10,1,perf-policy_only-r010-20260818T053825Z,loan_to_approval,2,81,200,16.445900,
policy_only,10,1,perf-policy_only-r010-20260818T053825Z,loan_to_approval,2,82,200,15.471100,
policy_only,10,1,perf-policy_only-r010-20260818T053825Z,loan_to_approval,2,83,200,16.775700,
policy_only,10,1,perf-policy_only-r010-20260818T053825Z,loan_to_approval,2,84,200,17.037600,
policy_only,10,1,perf-policy_only-r010-20260818T053825Z,loan_to_approval,2,85,200,16.538200,
policy_only,10,1,perf-policy_only-r010-20260818T053825Z,loan_to_approval,2,86,200,16.180400,
policy_only,10,1,perf-policy_only-r010-20260818T053825Z,loan_to_approval,2,87,200,15.913400,
policy_only,10,1,perf-policy_only-r010-20260818T053825Z,loan_to_approval,2,88,200,17.277900,
policy_only,10,1,perf-policy_only-r010-20260818T053825Z,loan_to_approval,2,89,200,16.928100,
policy_only,10,1,perf-policy_only-r010-20260818T053825Z,loan_to_approval,2,90,200,16.864400,
policy_only,10,1,perf-policy_only-r010-20260818T053825Z,loan_to_approval,2,91,200,17.051000,
policy_only,10,1,perf-policy_only-r010-20260818T053825Z,loan_to_approval,2,92,200,17.169900,
policy_only,10,1,perf-policy_only-r010-20260818T053825Z,loan_to_approval,2,93,200,17.059500,
policy_only,10,1,perf-policy_only-r010-20260818T053825Z,loan_to_approval,2,94,200,16.799400,
policy_only,10,1,perf-policy_only-r010-20260818T053825Z,loan_to_approval,2,95,200,19.976700,
policy_only,10,1,perf-policy_only-r010-20260818T053825Z,loan_to_approval,2,96,200,17.972300,
policy_only,10,1,perf-policy_only-r010-20260818T053825Z,loan_to_approval,2,97,200,17.838800,
policy_only,10,1,perf-policy_only-r010-20260818T053825Z,loan_to_approval,2,98,200,17.304600,
policy_only,10,1,perf-policy_only-r010-20260818T053825Z,loan_to_approval,2,99,200,17.761500,
policy_only,10,1,perf-policy_only-r010-20260818T053825Z,loan_to_approval,2,100,200,15.673300,
policy_only,10,1,perf-policy_only-r010-20260818T053825Z,loan_to_approval,2,101,200,19.099400,
policy_only,10,1,perf-policy_only-r010-20260818T053825Z,loan_to_approval,2,102,200,20.645200,
policy_only,10,1,perf-policy_only-r010-20260818T053825Z,loan_to_approval,2,103,200,17.947000,
policy_only,10,1,perf-policy_only-r010-20260818T053825Z,loan_to_approval,2,104,200,17.953900,
policy_only,10,1,perf-policy_only-r010-20260818T053825Z,loan_to_approval,2,105,200,17.870400,
policy_only,10,1,perf-policy_only-r010-20260818T053825Z,loan_to_approval,2,106,200,17.915100,
policy_only,10,1,perf-policy_only-r010-20260818T053825Z,loan_to_approval,2,107,200,16.691200,
policy_only,10,1,perf-policy_only-r010-20260818T053825Z,loan_to_approval,2,108,200,17.025800,
policy_only,10,1,perf-policy_only-r010-20260818T053825Z,loan_to_approval,2,109,200,16.532500,
policy_only,10,1,perf-policy_only-r010-20260818T053825Z,loan_to_approval,2,110,200,15.991700,
policy_only,10,1,perf-policy_only-r010-20260818T053825Z,loan_to_approval,2,111,200,16.195800,
policy_only,10,1,perf-policy_only-r010-20260818T053825Z,loan_to_approval,2,112,200,16.729800,
policy_only,10,1,perf-policy_only-r010-20260818T053825Z,loan_to_approval,2,113,200,16.448900,
policy_only,10,1,perf-policy_only-r010-20260818T053825Z,loan_to_approval,2,114,200,15.655900,
policy_only,10,1,perf-policy_only-r010-20260818T053825Z,loan_to_approval,2,115,200,16.477800,
policy_only,10,1,perf-policy_only-r010-20260818T053825Z,loan_to_approval,2,116,200,16.345400,
policy_only,10,1,perf-policy_only-r010-20260818T053825Z,loan_to_approval,2,117,200,16.191200,
policy_only,10,1,perf-policy_only-r010-20260818T053825Z,loan_to_approval,2,118,200,15.573400,
policy_only,10,1,perf-policy_only-r010-20260818T053825Z,loan_to_approval,2,119,200,16.052400,
policy_only,10,1,perf-policy_only-r010-20260818T053825Z,loan_to_approval,2,120,200,16.413200,
policy_only,10,1,perf-policy_only-r010-20260818T053825Z,loan_to_approval,2,121,200,15.447000,
policy_only,10,1,perf-policy_only-r010-20260818T053825Z,loan_to_approval,2,122,200,16.050500,
policy_only,10,1,perf-policy_only-r010-20260818T053825Z,loan_to_approval,2,123,200,15.996200,
policy_only,10,1,perf-policy_only-r010-20260818T053825Z,loan_to_approval,2,124,200,16.004900,
policy_only,10,1,perf-policy_only-r010-20260818T053825Z,loan_to_approval,2,125,200,17.079400,
policy_only,10,1,perf-policy_only-r010-20260818T053825Z,loan_to_approval,2,126,200,16.388100,
policy_only,10,1,perf-policy_only-r010-20260818T053825Z,loan_to_approval,2,127,200,16.549400,
policy_only,10,1,perf-policy_only-r010-20260818T053825Z,loan_to_approval,2,128,200,17.810900,
policy_only,10,1,perf-policy_only-r010-20260818T053825Z,loan_to_approval,2,129,200,16.378100,
policy_only,10,1,perf-policy_only-r010-20260818T053825Z,loan_to_approval,2,130,200,15.724200,
policy_only,10,1,perf-policy_only-r010-20260818T053825Z,loan_to_approval,2,131,200,16.233000,
policy_only,10,1,perf-policy_only-r010-20260818T053825Z,loan_to_approval,2,132,200,17.601600,
policy_only,10,1,perf-policy_only-r010-20260818T053825Z,loan_to_approval,2,133,200,15.967400,
policy_only,10,1,perf-policy_only-r010-20260818T053825Z,loan_to_approval,2,134,200,16.249600,
policy_only,10,1,perf-policy_only-r010-20260818T053825Z,loan_to_approval,2,135,200,16.893200,
policy_only,10,1,perf-policy_only-r010-20260818T053825Z,loan_to_approval,2,136,200,15.805600,
policy_only,10,1,perf-policy_only-r010-20260818T053825Z,loan_to_approval,2,137,200,16.249500,
policy_only,10,1,perf-policy_only-r010-20260818T053825Z,loan_to_approval,2,138,200,17.082500,
policy_only,10,1,perf-policy_only-r010-20260818T053825Z,loan_to_approval,2,139,200,18.143500,
policy_only,10,1,perf-policy_only-r010-20260818T053825Z,loan_to_approval,2,140,200,16.530600,
policy_only,10,1,perf-policy_only-r010-20260818T053825Z,loan_to_approval,2,141,200,15.980400,
policy_only,10,1,perf-policy_only-r010-20260818T053825Z,loan_to_approval,2,142,200,17.408200,
policy_only,10,1,perf-policy_only-r010-20260818T053825Z,loan_to_approval,2,143,200,16.508500,
policy_only,10,1,perf-policy_only-r010-20260818T053825Z,loan_to_approval,2,144,200,15.848100,
policy_only,10,1,perf-policy_only-r010-20260818T053825Z,loan_to_approval,2,145,200,16.290500,
policy_only,10,1,perf-policy_only-r010-20260818T053825Z,loan_to_approval,2,146,200,16.966300,
policy_only,10,1,perf-policy_only-r010-20260818T053825Z,loan_to_approval,2,147,200,16.125100,
policy_only,10,1,perf-policy_only-r010-20260818T053825Z,loan_to_approval,2,148,200,15.989400,
policy_only,10,1,perf-policy_only-r010-20260818T053825Z,loan_to_approval,2,149,200,16.830300,
policy_only,10,1,perf-policy_only-r010-20260818T053825Z,loan_to_approval,2,150,200,15.760800,
policy_only,10,1,perf-policy_only-r010-20260818T053825Z,loan_to_approval,2,151,200,15.928100,
policy_only,10,1,perf-policy_only-r010-20260818T053825Z,loan_to_approval,2,152,200,17.218900,
policy_only,10,1,perf-policy_only-r010-20260818T053825Z,loan_to_approval,2,153,200,16.889700,
policy_only,10,1,perf-policy_only-r010-20260818T053825Z,loan_to_approval,2,154,200,16.234300,
policy_only,10,1,perf-policy_only-r010-20260818T053825Z,loan_to_approval,2,155,200,16.896600,
policy_only,10,1,perf-policy_only-r010-20260818T053825Z,loan_to_approval,2,156,200,20.928200,
policy_only,10,1,perf-policy_only-r010-20260818T053825Z,loan_to_approval,2,157,200,17.990800,
policy_only,10,1,perf-policy_only-r010-20260818T053825Z,loan_to_approval,2,158,200,15.889100,
policy_only,10,1,perf-policy_only-r010-20260818T053825Z,loan_to_approval,2,159,200,18.886800,
policy_only,10,1,perf-policy_only-r010-20260818T053825Z,loan_to_approval,2,160,200,15.880500,
policy_only,10,1,perf-policy_only-r010-20260818T053825Z,loan_to_approval,2,161,200,16.482800,
policy_only,10,1,perf-policy_only-r010-20260818T053825Z,loan_to_approval,2,162,200,17.116200,
policy_only,10,1,perf-policy_only-r010-20260818T053825Z,loan_to_approval,2,163,200,17.073500,
policy_only,10,1,perf-policy_only-r010-20260818T053825Z,loan_to_approval,2,164,200,17.957700,
policy_only,10,1,perf-policy_only-r010-20260818T053825Z,loan_to_approval,2,165,200,15.767200,
policy_only,10,1,perf-policy_only-r010-20260818T053825Z,loan_to_approval,2,166,200,16.099200,
policy_only,10,1,perf-policy_only-r010-20260818T053825Z,loan_to_approval,2,167,200,16.928400,
policy_only,10,1,perf-policy_only-r010-20260818T053825Z,loan_to_approval,2,168,200,17.059400,
policy_only,10,1,perf-policy_only-r010-20260818T053825Z,loan_to_approval,2,169,200,16.872400,
policy_only,10,1,perf-policy_only-r010-20260818T053825Z,loan_to_approval,2,170,200,16.560300,
policy_only,10,1,perf-policy_only-r010-20260818T053825Z,loan_to_approval,2,171,200,16.376000,
policy_only,10,1,perf-policy_only-r010-20260818T053825Z,loan_to_approval,2,172,200,16.376400,
policy_only,10,1,perf-policy_only-r010-20260818T053825Z,loan_to_approval,2,173,200,15.876300,
policy_only,10,1,perf-policy_only-r010-20260818T053825Z,loan_to_approval,2,174,200,16.612200,
policy_only,10,1,perf-policy_only-r010-20260818T053825Z,loan_to_approval,2,175,200,16.038700,
policy_only,10,1,perf-policy_only-r010-20260818T053825Z,loan_to_approval,2,176,200,15.634600,
policy_only,10,1,perf-policy_only-r010-20260818T053825Z,loan_to_approval,2,177,200,15.811000,
policy_only,10,1,perf-policy_only-r010-20260818T053825Z,loan_to_approval,2,178,200,16.755200,
policy_only,10,1,perf-policy_only-r010-20260818T053825Z,loan_to_approval,2,179,200,16.536800,
policy_only,10,1,perf-policy_only-r010-20260818T053825Z,loan_to_approval,2,180,200,15.757800,
policy_only,10,1,perf-policy_only-r010-20260818T053825Z,loan_to_approval,2,181,200,16.647100,
policy_only,10,1,perf-policy_only-r010-20260818T053825Z,loan_to_approval,2,182,200,16.118200,
policy_only,10,1,perf-policy_only-r010-20260818T053825Z,loan_to_approval,2,183,200,16.294900,
policy_only,10,1,perf-policy_only-r010-20260818T053825Z,loan_to_approval,2,184,200,15.902200,
policy_only,10,1,perf-policy_only-r010-20260818T053825Z,loan_to_approval,2,185,200,15.693900,
policy_only,10,1,perf-policy_only-r010-20260818T053825Z,loan_to_approval,2,186,200,16.310400,
policy_only,10,1,perf-policy_only-r010-20260818T053825Z,loan_to_approval,2,187,200,17.417900,
policy_only,10,1,perf-policy_only-r010-20260818T053825Z,loan_to_approval,2,188,200,17.537900,
policy_only,10,1,perf-policy_only-r010-20260818T053825Z,loan_to_approval,2,189,200,16.547500,
policy_only,10,1,perf-policy_only-r010-20260818T053825Z,loan_to_approval,2,190,200,17.527300,
policy_only,10,1,perf-policy_only-r010-20260818T053825Z,loan_to_approval,2,191,200,16.460900,
policy_only,10,1,perf-policy_only-r010-20260818T053825Z,loan_to_approval,2,192,200,16.725200,
policy_only,10,1,perf-policy_only-r010-20260818T053825Z,loan_to_approval,2,193,200,16.614700,
policy_only,10,1,perf-policy_only-r010-20260818T053825Z,loan_to_approval,2,194,200,16.535100,
policy_only,10,1,perf-policy_only-r010-20260818T053825Z,loan_to_approval,2,195,200,16.754200,
policy_only,10,1,perf-policy_only-r010-20260818T053825Z,loan_to_approval,2,196,200,16.723900,
policy_only,10,1,perf-policy_only-r010-20260818T053825Z,loan_to_approval,2,197,200,16.254400,
policy_only,10,1,perf-policy_only-r010-20260818T053825Z,loan_to_approval,2,198,200,16.734400,
policy_only,10,1,perf-policy_only-r010-20260818T053825Z,loan_to_approval,2,199,200,16.323200,
policy_only,10,1,perf-policy_only-r010-20260818T053825Z,loan_to_approval,2,200,200,16.841800,
policy_only,10,1,perf-policy_only-r010-20260818T053825Z,loan_to_approval,3,1,200,16.611400,
policy_only,10,1,perf-policy_only-r010-20260818T053825Z,loan_to_approval,3,2,200,16.982000,
policy_only,10,1,perf-policy_only-r010-20260818T053825Z,loan_to_approval,3,3,200,16.375800,
policy_only,10,1,perf-policy_only-r010-20260818T053825Z,loan_to_approval,3,4,200,16.537500,
policy_only,10,1,perf-policy_only-r010-20260818T053825Z,loan_to_approval,3,5,200,16.247900,
policy_only,10,1,perf-policy_only-r010-20260818T053825Z,loan_to_approval,3,6,200,16.991900,
policy_only,10,1,perf-policy_only-r010-20260818T053825Z,loan_to_approval,3,7,200,15.568300,
policy_only,10,1,perf-policy_only-r010-20260818T053825Z,loan_to_approval,3,8,200,16.349900,
policy_only,10,1,perf-policy_only-r010-20260818T053825Z,loan_to_approval,3,9,200,16.225200,
policy_only,10,1,perf-policy_only-r010-20260818T053825Z,loan_to_approval,3,10,200,17.640900,
policy_only,10,1,perf-policy_only-r010-20260818T053825Z,loan_to_approval,3,11,200,16.316500,
policy_only,10,1,perf-policy_only-r010-20260818T053825Z,loan_to_approval,3,12,200,17.009000,
policy_only,10,1,perf-policy_only-r010-20260818T053825Z,loan_to_approval,3,13,200,16.546200,
policy_only,10,1,perf-policy_only-r010-20260818T053825Z,loan_to_approval,3,14,200,16.688600,
policy_only,10,1,perf-policy_only-r010-20260818T053825Z,loan_to_approval,3,15,200,16.100900,
policy_only,10,1,perf-policy_only-r010-20260818T053825Z,loan_to_approval,3,16,200,17.160700,
policy_only,10,1,perf-policy_only-r010-20260818T053825Z,loan_to_approval,3,17,200,17.262600,
policy_only,10,1,perf-policy_only-r010-20260818T053825Z,loan_to_approval,3,18,200,15.546600,
policy_only,10,1,perf-policy_only-r010-20260818T053825Z,loan_to_approval,3,19,200,16.935200,
policy_only,10,1,perf-policy_only-r010-20260818T053825Z,loan_to_approval,3,20,200,16.393600,
policy_only,10,1,perf-policy_only-r010-20260818T053825Z,loan_to_approval,3,21,200,15.487300,
policy_only,10,1,perf-policy_only-r010-20260818T053825Z,loan_to_approval,3,22,200,15.974200,
policy_only,10,1,perf-policy_only-r010-20260818T053825Z,loan_to_approval,3,23,200,16.580800,
policy_only,10,1,perf-policy_only-r010-20260818T053825Z,loan_to_approval,3,24,200,17.507000,
policy_only,10,1,perf-policy_only-r010-20260818T053825Z,loan_to_approval,3,25,200,16.314000,
policy_only,10,1,perf-policy_only-r010-20260818T053825Z,loan_to_approval,3,26,200,15.950500,
policy_only,10,1,perf-policy_only-r010-20260818T053825Z,loan_to_approval,3,27,200,18.278800,
policy_only,10,1,perf-policy_only-r010-20260818T053825Z,loan_to_approval,3,28,200,18.780300,
policy_only,10,1,perf-policy_only-r010-20260818T053825Z,loan_to_approval,3,29,200,17.573900,
policy_only,10,1,perf-policy_only-r010-20260818T053825Z,loan_to_approval,3,30,200,19.277000,
policy_only,10,1,perf-policy_only-r010-20260818T053825Z,loan_to_approval,3,31,200,19.013000,
policy_only,10,1,perf-policy_only-r010-20260818T053825Z,loan_to_approval,3,32,200,17.208700,
policy_only,10,1,perf-policy_only-r010-20260818T053825Z,loan_to_approval,3,33,200,17.498800,
policy_only,10,1,perf-policy_only-r010-20260818T053825Z,loan_to_approval,3,34,200,17.115300,
policy_only,10,1,perf-policy_only-r010-20260818T053825Z,loan_to_approval,3,35,200,17.403600,
policy_only,10,1,perf-policy_only-r010-20260818T053825Z,loan_to_approval,3,36,200,17.179500,
policy_only,10,1,perf-policy_only-r010-20260818T053825Z,loan_to_approval,3,37,200,17.645100,
policy_only,10,1,perf-policy_only-r010-20260818T053825Z,loan_to_approval,3,38,200,15.693400,
policy_only,10,1,perf-policy_only-r010-20260818T053825Z,loan_to_approval,3,39,200,15.892300,
policy_only,10,1,perf-policy_only-r010-20260818T053825Z,loan_to_approval,3,40,200,16.040100,
policy_only,10,1,perf-policy_only-r010-20260818T053825Z,loan_to_approval,3,41,200,17.348500,
policy_only,10,1,perf-policy_only-r010-20260818T053825Z,loan_to_approval,3,42,200,16.833900,
policy_only,10,1,perf-policy_only-r010-20260818T053825Z,loan_to_approval,3,43,200,16.879800,
policy_only,10,1,perf-policy_only-r010-20260818T053825Z,loan_to_approval,3,44,200,17.183100,
policy_only,10,1,perf-policy_only-r010-20260818T053825Z,loan_to_approval,3,45,200,17.086800,
policy_only,10,1,perf-policy_only-r010-20260818T053825Z,loan_to_approval,3,46,200,16.780700,
policy_only,10,1,perf-policy_only-r010-20260818T053825Z,loan_to_approval,3,47,200,16.852500,
policy_only,10,1,perf-policy_only-r010-20260818T053825Z,loan_to_approval,3,48,200,17.559200,
policy_only,10,1,perf-policy_only-r010-20260818T053825Z,loan_to_approval,3,49,200,16.607800,
policy_only,10,1,perf-policy_only-r010-20260818T053825Z,loan_to_approval,3,50,200,19.927000,
policy_only,10,1,perf-policy_only-r010-20260818T053825Z,loan_to_approval,3,51,200,17.641200,
policy_only,10,1,perf-policy_only-r010-20260818T053825Z,loan_to_approval,3,52,200,16.957700,
policy_only,10,1,perf-policy_only-r010-20260818T053825Z,loan_to_approval,3,53,200,17.513700,
policy_only,10,1,perf-policy_only-r010-20260818T053825Z,loan_to_approval,3,54,200,16.449000,
policy_only,10,1,perf-policy_only-r010-20260818T053825Z,loan_to_approval,3,55,200,17.032100,
policy_only,10,1,perf-policy_only-r010-20260818T053825Z,loan_to_approval,3,56,200,17.091400,
policy_only,10,1,perf-policy_only-r010-20260818T053825Z,loan_to_approval,3,57,200,16.486400,
policy_only,10,1,perf-policy_only-r010-20260818T053825Z,loan_to_approval,3,58,200,17.828100,
policy_only,10,1,perf-policy_only-r010-20260818T053825Z,loan_to_approval,3,59,200,16.748400,
policy_only,10,1,perf-policy_only-r010-20260818T053825Z,loan_to_approval,3,60,200,17.366000,
policy_only,10,1,perf-policy_only-r010-20260818T053825Z,loan_to_approval,3,61,200,18.761400,
policy_only,10,1,perf-policy_only-r010-20260818T053825Z,loan_to_approval,3,62,200,18.247300,
policy_only,10,1,perf-policy_only-r010-20260818T053825Z,loan_to_approval,3,63,200,16.522500,
policy_only,10,1,perf-policy_only-r010-20260818T053825Z,loan_to_approval,3,64,200,15.903600,
policy_only,10,1,perf-policy_only-r010-20260818T053825Z,loan_to_approval,3,65,200,17.069600,
policy_only,10,1,perf-policy_only-r010-20260818T053825Z,loan_to_approval,3,66,200,17.153000,
policy_only,10,1,perf-policy_only-r010-20260818T053825Z,loan_to_approval,3,67,200,17.211900,
policy_only,10,1,perf-policy_only-r010-20260818T053825Z,loan_to_approval,3,68,200,16.680200,
policy_only,10,1,perf-policy_only-r010-20260818T053825Z,loan_to_approval,3,69,200,16.678900,
policy_only,10,1,perf-policy_only-r010-20260818T053825Z,loan_to_approval,3,70,200,17.098300,
policy_only,10,1,perf-policy_only-r010-20260818T053825Z,loan_to_approval,3,71,200,17.584600,
policy_only,10,1,perf-policy_only-r010-20260818T053825Z,loan_to_approval,3,72,200,16.426800,
policy_only,10,1,perf-policy_only-r010-20260818T053825Z,loan_to_approval,3,73,200,16.834400,
policy_only,10,1,perf-policy_only-r010-20260818T053825Z,loan_to_approval,3,74,200,16.341700,
policy_only,10,1,perf-policy_only-r010-20260818T053825Z,loan_to_approval,3,75,200,16.699500,
policy_only,10,1,perf-policy_only-r010-20260818T053825Z,loan_to_approval,3,76,200,15.613000,
policy_only,10,1,perf-policy_only-r010-20260818T053825Z,loan_to_approval,3,77,200,16.398200,
policy_only,10,1,perf-policy_only-r010-20260818T053825Z,loan_to_approval,3,78,200,15.533500,
policy_only,10,1,perf-policy_only-r010-20260818T053825Z,loan_to_approval,3,79,200,16.376700,
policy_only,10,1,perf-policy_only-r010-20260818T053825Z,loan_to_approval,3,80,200,16.765200,
policy_only,10,1,perf-policy_only-r010-20260818T053825Z,loan_to_approval,3,81,200,17.215800,
policy_only,10,1,perf-policy_only-r010-20260818T053825Z,loan_to_approval,3,82,200,15.610700,
policy_only,10,1,perf-policy_only-r010-20260818T053825Z,loan_to_approval,3,83,200,16.407800,
policy_only,10,1,perf-policy_only-r010-20260818T053825Z,loan_to_approval,3,84,200,17.151000,
policy_only,10,1,perf-policy_only-r010-20260818T053825Z,loan_to_approval,3,85,200,16.656000,
policy_only,10,1,perf-policy_only-r010-20260818T053825Z,loan_to_approval,3,86,200,17.064400,
policy_only,10,1,perf-policy_only-r010-20260818T053825Z,loan_to_approval,3,87,200,16.877100,
policy_only,10,1,perf-policy_only-r010-20260818T053825Z,loan_to_approval,3,88,200,16.842500,
policy_only,10,1,perf-policy_only-r010-20260818T053825Z,loan_to_approval,3,89,200,17.325100,
policy_only,10,1,perf-policy_only-r010-20260818T053825Z,loan_to_approval,3,90,200,17.162400,
policy_only,10,1,perf-policy_only-r010-20260818T053825Z,loan_to_approval,3,91,200,20.309700,
policy_only,10,1,perf-policy_only-r010-20260818T053825Z,loan_to_approval,3,92,200,19.029700,
policy_only,10,1,perf-policy_only-r010-20260818T053825Z,loan_to_approval,3,93,200,17.837600,
policy_only,10,1,perf-policy_only-r010-20260818T053825Z,loan_to_approval,3,94,200,16.601300,
policy_only,10,1,perf-policy_only-r010-20260818T053825Z,loan_to_approval,3,95,200,18.431100,
policy_only,10,1,perf-policy_only-r010-20260818T053825Z,loan_to_approval,3,96,200,17.369100,
policy_only,10,1,perf-policy_only-r010-20260818T053825Z,loan_to_approval,3,97,200,16.662500,
policy_only,10,1,perf-policy_only-r010-20260818T053825Z,loan_to_approval,3,98,200,16.251400,
policy_only,10,1,perf-policy_only-r010-20260818T053825Z,loan_to_approval,3,99,200,18.295300,
policy_only,10,1,perf-policy_only-r010-20260818T053825Z,loan_to_approval,3,100,200,23.077400,
policy_only,10,1,perf-policy_only-r010-20260818T053825Z,loan_to_approval,3,101,200,18.504300,
policy_only,10,1,perf-policy_only-r010-20260818T053825Z,loan_to_approval,3,102,200,16.836000,
policy_only,10,1,perf-policy_only-r010-20260818T053825Z,loan_to_approval,3,103,200,17.802300,
policy_only,10,1,perf-policy_only-r010-20260818T053825Z,loan_to_approval,3,104,200,17.634800,
policy_only,10,1,perf-policy_only-r010-20260818T053825Z,loan_to_approval,3,105,200,16.569300,
policy_only,10,1,perf-policy_only-r010-20260818T053825Z,loan_to_approval,3,106,200,17.391100,
policy_only,10,1,perf-policy_only-r010-20260818T053825Z,loan_to_approval,3,107,200,16.624300,
policy_only,10,1,perf-policy_only-r010-20260818T053825Z,loan_to_approval,3,108,200,18.182900,
policy_only,10,1,perf-policy_only-r010-20260818T053825Z,loan_to_approval,3,109,200,18.359900,
policy_only,10,1,perf-policy_only-r010-20260818T053825Z,loan_to_approval,3,110,200,18.434500,
policy_only,10,1,perf-policy_only-r010-20260818T053825Z,loan_to_approval,3,111,200,17.547600,
policy_only,10,1,perf-policy_only-r010-20260818T053825Z,loan_to_approval,3,112,200,17.498300,
policy_only,10,1,perf-policy_only-r010-20260818T053825Z,loan_to_approval,3,113,200,18.103200,
policy_only,10,1,perf-policy_only-r010-20260818T053825Z,loan_to_approval,3,114,200,17.923500,
policy_only,10,1,perf-policy_only-r010-20260818T053825Z,loan_to_approval,3,115,200,17.227900,
policy_only,10,1,perf-policy_only-r010-20260818T053825Z,loan_to_approval,3,116,200,17.948300,
policy_only,10,1,perf-policy_only-r010-20260818T053825Z,loan_to_approval,3,117,200,17.771700,
policy_only,10,1,perf-policy_only-r010-20260818T053825Z,loan_to_approval,3,118,200,17.056400,
policy_only,10,1,perf-policy_only-r010-20260818T053825Z,loan_to_approval,3,119,200,17.351400,
policy_only,10,1,perf-policy_only-r010-20260818T053825Z,loan_to_approval,3,120,200,17.890200,
policy_only,10,1,perf-policy_only-r010-20260818T053825Z,loan_to_approval,3,121,200,19.338400,
policy_only,10,1,perf-policy_only-r010-20260818T053825Z,loan_to_approval,3,122,200,17.611800,
policy_only,10,1,perf-policy_only-r010-20260818T053825Z,loan_to_approval,3,123,200,18.005800,
policy_only,10,1,perf-policy_only-r010-20260818T053825Z,loan_to_approval,3,124,200,18.242000,
policy_only,10,1,perf-policy_only-r010-20260818T053825Z,loan_to_approval,3,125,200,17.366400,
policy_only,10,1,perf-policy_only-r010-20260818T053825Z,loan_to_approval,3,126,200,17.236100,
policy_only,10,1,perf-policy_only-r010-20260818T053825Z,loan_to_approval,3,127,200,17.329100,
policy_only,10,1,perf-policy_only-r010-20260818T053825Z,loan_to_approval,3,128,200,18.068500,
policy_only,10,1,perf-policy_only-r010-20260818T053825Z,loan_to_approval,3,129,200,19.096600,
policy_only,10,1,perf-policy_only-r010-20260818T053825Z,loan_to_approval,3,130,200,18.227400,
policy_only,10,1,perf-policy_only-r010-20260818T053825Z,loan_to_approval,3,131,200,18.884300,
policy_only,10,1,perf-policy_only-r010-20260818T053825Z,loan_to_approval,3,132,200,18.632600,
policy_only,10,1,perf-policy_only-r010-20260818T053825Z,loan_to_approval,3,133,200,17.800200,
policy_only,10,1,perf-policy_only-r010-20260818T053825Z,loan_to_approval,3,134,200,16.505700,
policy_only,10,1,perf-policy_only-r010-20260818T053825Z,loan_to_approval,3,135,200,20.821600,
policy_only,10,1,perf-policy_only-r010-20260818T053825Z,loan_to_approval,3,136,200,18.335200,
policy_only,10,1,perf-policy_only-r010-20260818T053825Z,loan_to_approval,3,137,200,20.907700,
policy_only,10,1,perf-policy_only-r010-20260818T053825Z,loan_to_approval,3,138,200,18.780200,
policy_only,10,1,perf-policy_only-r010-20260818T053825Z,loan_to_approval,3,139,200,18.379000,
policy_only,10,1,perf-policy_only-r010-20260818T053825Z,loan_to_approval,3,140,200,17.570400,
policy_only,10,1,perf-policy_only-r010-20260818T053825Z,loan_to_approval,3,141,200,17.889600,
policy_only,10,1,perf-policy_only-r010-20260818T053825Z,loan_to_approval,3,142,200,18.932200,
policy_only,10,1,perf-policy_only-r010-20260818T053825Z,loan_to_approval,3,143,200,16.458100,
policy_only,10,1,perf-policy_only-r010-20260818T053825Z,loan_to_approval,3,144,200,18.460700,
policy_only,10,1,perf-policy_only-r010-20260818T053825Z,loan_to_approval,3,145,200,17.047000,
policy_only,10,1,perf-policy_only-r010-20260818T053825Z,loan_to_approval,3,146,200,19.594500,
policy_only,10,1,perf-policy_only-r010-20260818T053825Z,loan_to_approval,3,147,200,19.298200,
policy_only,10,1,perf-policy_only-r010-20260818T053825Z,loan_to_approval,3,148,200,16.727800,
policy_only,10,1,perf-policy_only-r010-20260818T053825Z,loan_to_approval,3,149,200,16.735200,
policy_only,10,1,perf-policy_only-r010-20260818T053825Z,loan_to_approval,3,150,200,16.396200,
policy_only,10,1,perf-policy_only-r010-20260818T053825Z,loan_to_approval,3,151,200,21.349600,
policy_only,10,1,perf-policy_only-r010-20260818T053825Z,loan_to_approval,3,152,200,20.862400,
policy_only,10,1,perf-policy_only-r010-20260818T053825Z,loan_to_approval,3,153,200,17.653700,
policy_only,10,1,perf-policy_only-r010-20260818T053825Z,loan_to_approval,3,154,200,20.335800,
policy_only,10,1,perf-policy_only-r010-20260818T053825Z,loan_to_approval,3,155,200,18.639100,
policy_only,10,1,perf-policy_only-r010-20260818T053825Z,loan_to_approval,3,156,200,18.147600,
policy_only,10,1,perf-policy_only-r010-20260818T053825Z,loan_to_approval,3,157,200,15.603400,
policy_only,10,1,perf-policy_only-r010-20260818T053825Z,loan_to_approval,3,158,200,16.204800,
policy_only,10,1,perf-policy_only-r010-20260818T053825Z,loan_to_approval,3,159,200,15.958600,
policy_only,10,1,perf-policy_only-r010-20260818T053825Z,loan_to_approval,3,160,200,15.962500,
policy_only,10,1,perf-policy_only-r010-20260818T053825Z,loan_to_approval,3,161,200,17.117100,
policy_only,10,1,perf-policy_only-r010-20260818T053825Z,loan_to_approval,3,162,200,16.936300,
policy_only,10,1,perf-policy_only-r010-20260818T053825Z,loan_to_approval,3,163,200,16.638300,
policy_only,10,1,perf-policy_only-r010-20260818T053825Z,loan_to_approval,3,164,200,18.400500,
policy_only,10,1,perf-policy_only-r010-20260818T053825Z,loan_to_approval,3,165,200,18.166200,
policy_only,10,1,perf-policy_only-r010-20260818T053825Z,loan_to_approval,3,166,200,18.733000,
policy_only,10,1,perf-policy_only-r010-20260818T053825Z,loan_to_approval,3,167,200,17.964200,
policy_only,10,1,perf-policy_only-r010-20260818T053825Z,loan_to_approval,3,168,200,17.828900,
policy_only,10,1,perf-policy_only-r010-20260818T053825Z,loan_to_approval,3,169,200,16.780100,
policy_only,10,1,perf-policy_only-r010-20260818T053825Z,loan_to_approval,3,170,200,16.010200,
policy_only,10,1,perf-policy_only-r010-20260818T053825Z,loan_to_approval,3,171,200,16.381200,
policy_only,10,1,perf-policy_only-r010-20260818T053825Z,loan_to_approval,3,172,200,17.069900,
policy_only,10,1,perf-policy_only-r010-20260818T053825Z,loan_to_approval,3,173,200,16.951200,
policy_only,10,1,perf-policy_only-r010-20260818T053825Z,loan_to_approval,3,174,200,16.870800,
policy_only,10,1,perf-policy_only-r010-20260818T053825Z,loan_to_approval,3,175,200,15.685700,
policy_only,10,1,perf-policy_only-r010-20260818T053825Z,loan_to_approval,3,176,200,16.376700,
policy_only,10,1,perf-policy_only-r010-20260818T053825Z,loan_to_approval,3,177,200,16.747600,
policy_only,10,1,perf-policy_only-r010-20260818T053825Z,loan_to_approval,3,178,200,16.200000,
policy_only,10,1,perf-policy_only-r010-20260818T053825Z,loan_to_approval,3,179,200,17.880800,
policy_only,10,1,perf-policy_only-r010-20260818T053825Z,loan_to_approval,3,180,200,17.028500,
policy_only,10,1,perf-policy_only-r010-20260818T053825Z,loan_to_approval,3,181,200,16.981000,
policy_only,10,1,perf-policy_only-r010-20260818T053825Z,loan_to_approval,3,182,200,16.720800,
policy_only,10,1,perf-policy_only-r010-20260818T053825Z,loan_to_approval,3,183,200,15.861200,
policy_only,10,1,perf-policy_only-r010-20260818T053825Z,loan_to_approval,3,184,200,16.318300,
policy_only,10,1,perf-policy_only-r010-20260818T053825Z,loan_to_approval,3,185,200,17.109700,
policy_only,10,1,perf-policy_only-r010-20260818T053825Z,loan_to_approval,3,186,200,15.749200,
policy_only,10,1,perf-policy_only-r010-20260818T053825Z,loan_to_approval,3,187,200,16.932200,
policy_only,10,1,perf-policy_only-r010-20260818T053825Z,loan_to_approval,3,188,200,17.135600,
policy_only,10,1,perf-policy_only-r010-20260818T053825Z,loan_to_approval,3,189,200,17.029000,
policy_only,10,1,perf-policy_only-r010-20260818T053825Z,loan_to_approval,3,190,200,15.890800,
policy_only,10,1,perf-policy_only-r010-20260818T053825Z,loan_to_approval,3,191,200,17.377900,
policy_only,10,1,perf-policy_only-r010-20260818T053825Z,loan_to_approval,3,192,200,16.216800,
policy_only,10,1,perf-policy_only-r010-20260818T053825Z,loan_to_approval,3,193,200,16.120400,
policy_only,10,1,perf-policy_only-r010-20260818T053825Z,loan_to_approval,3,194,200,15.923400,
policy_only,10,1,perf-policy_only-r010-20260818T053825Z,loan_to_approval,3,195,200,16.101600,
policy_only,10,1,perf-policy_only-r010-20260818T053825Z,loan_to_approval,3,196,200,15.691600,
policy_only,10,1,perf-policy_only-r010-20260818T053825Z,loan_to_approval,3,197,200,16.021700,
policy_only,10,1,perf-policy_only-r010-20260818T053825Z,loan_to_approval,3,198,200,16.417700,
policy_only,10,1,perf-policy_only-r010-20260818T053825Z,loan_to_approval,3,199,200,15.446800,
policy_only,10,1,perf-policy_only-r010-20260818T053825Z,loan_to_approval,3,200,200,16.414600,
