mode,round_id,order_position,experiment_run_id,flow,batch_id,request_id,status_code,latency_ms,error
segmentation_only,2,2,perf-segmentation_only-r002-20260818T050607Z,loan_to_customer,1,1,200,14.151300,
segmentation_only,2,2,perf-segmentation_only-r002-20260818T050607Z,loan_to_customer,1,2,200,13.895800,
segmentation_only,2,2,perf-segmentation_only-r002-20260818T050607Z,loan_to_customer,1,3,200,14.391600,
segmentation_only,2,2,perf-segmentation_only-r002-20260818T050607Z,loan_to_customer,1,4,200,14.105700,
segmentation_only,2,2,perf-segmentation_only-r002-20260818T050607Z,loan_to_customer,1,5,200,14.053300,
segmentation_only,2,2,perf-segmentation_only-r002-20260818T050607Z,loan_to_customer,1,6,200,14.754700,
segmentation_only,2,2,perf-segmentation_only-r002-20260818T050607Z,loan_to_customer,1,7,200,14.223200,
segmentation_only,2,2,perf-segmentation_only-r002-20260818T050607Z,loan_to_customer,1,8,200,14.565600,
segmentation_only,2,2,perf-segmentation_only-r002-20260818T050607Z,loan_to_customer,1,9,200,14.595800,
segmentation_only,2,2,perf-segmentation_only-r002-20260818T050607Z,loan_to_customer,1,10,200,14.100200,
segmentation_only,2,2,perf-segmentation_only-r002-20260818T050607Z,loan_to_customer,1,11,200,14.353900,
segmentation_only,2,2,perf-segmentation_only-r002-20260818T050607Z,loan_to_customer,1,12,200,14.379700,
segmentation_only,2,2,perf-segmentation_only-r002-20260818T050607Z,loan_to_customer,1,13,200,14.014400,
segmentation_only,2,2,perf-segmentation_only-r002-20260818T050607Z,loan_to_customer,1,14,200,14.228000,
segmentation_only,2,2,perf-segmentation_only-r002-20260818T050607Z,loan_to_customer,1,15,200,13.826800,
segmentation_only,2,2,perf-segmentation_only-r002-20260818T050607Z,loan_to_customer,1,16,200,13.809400,
segmentation_only,2,2,perf-segmentation_only-r002-20260818T050607Z,loan_to_customer,1,17,200,13.870900,
segmentation_only,2,2,perf-segmentation_only-r002-20260818T050607Z,loan_to_customer,1,18,200,14.553400,
segmentation_only,2,2,perf-segmentation_only-r002-20260818T050607Z,loan_to_customer,1,19,200,15.291900,
segmentation_only,2,2,perf-segmentation_only-r002-20260818T050607Z,loan_to_customer,1,20,200,14.863800,
segmentation_only,2,2,perf-segmentation_only-r002-20260818T050607Z,loan_to_customer,1,21,200,14.534500,
segmentation_only,2,2,perf-segmentation_only-r002-20260818T050607Z,loan_to_customer,1,22,200,13.875300,
segmentation_only,2,2,perf-segmentation_only-r002-20260818T050607Z,loan_to_customer,1,23,200,14.782200,
segmentation_only,2,2,perf-segmentation_only-r002-20260818T050607Z,loan_to_customer,1,24,200,21.525900,
segmentation_only,2,2,perf-segmentation_only-r002-20260818T050607Z,loan_to_customer,1,25,200,17.246800,
segmentation_only,2,2,perf-segmentation_only-r002-20260818T050607Z,loan_to_customer,1,26,200,16.184100,
segmentation_only,2,2,perf-segmentation_only-r002-20260818T050607Z,loan_to_customer,1,27,200,16.348500,
segmentation_only,2,2,perf-segmentation_only-r002-20260818T050607Z,loan_to_customer,1,28,200,16.629400,
segmentation_only,2,2,perf-segmentation_only-r002-20260818T050607Z,loan_to_customer,1,29,200,15.185700,
segmentation_only,2,2,perf-segmentation_only-r002-20260818T050607Z,loan_to_customer,1,30,200,15.992100,
segmentation_only,2,2,perf-segmentation_only-r002-20260818T050607Z,loan_to_customer,1,31,200,15.302400,
segmentation_only,2,2,perf-segmentation_only-r002-20260818T050607Z,loan_to_customer,1,32,200,14.470600,
segmentation_only,2,2,perf-segmentation_only-r002-20260818T050607Z,loan_to_customer,1,33,200,14.073200,
segmentation_only,2,2,perf-segmentation_only-r002-20260818T050607Z,loan_to_customer,1,34,200,14.557400,
segmentation_only,2,2,perf-segmentation_only-r002-20260818T050607Z,loan_to_customer,1,35,200,14.008100,
segmentation_only,2,2,perf-segmentation_only-r002-20260818T050607Z,loan_to_customer,1,36,200,14.089800,
segmentation_only,2,2,perf-segmentation_only-r002-20260818T050607Z,loan_to_customer,1,37,200,14.036900,
segmentation_only,2,2,perf-segmentation_only-r002-20260818T050607Z,loan_to_customer,1,38,200,14.596900,
segmentation_only,2,2,perf-segmentation_only-r002-20260818T050607Z,loan_to_customer,1,39,200,14.595900,
segmentation_only,2,2,perf-segmentation_only-r002-20260818T050607Z,loan_to_customer,1,40,200,14.795200,
segmentation_only,2,2,perf-segmentation_only-r002-20260818T050607Z,loan_to_customer,1,41,200,14.568000,
segmentation_only,2,2,perf-segmentation_only-r002-20260818T050607Z,loan_to_customer,1,42,200,14.360900,
segmentation_only,2,2,perf-segmentation_only-r002-20260818T050607Z,loan_to_customer,1,43,200,13.800500,
segmentation_only,2,2,perf-segmentation_only-r002-20260818T050607Z,loan_to_customer,1,44,200,13.858100,
segmentation_only,2,2,perf-segmentation_only-r002-20260818T050607Z,loan_to_customer,1,45,200,14.088000,
segmentation_only,2,2,perf-segmentation_only-r002-20260818T050607Z,loan_to_customer,1,46,200,15.187300,
segmentation_only,2,2,perf-segmentation_only-r002-20260818T050607Z,loan_to_customer,1,47,200,13.607500,
segmentation_only,2,2,perf-segmentation_only-r002-20260818T050607Z,loan_to_customer,1,48,200,13.840800,
segmentation_only,2,2,perf-segmentation_only-r002-20260818T050607Z,loan_to_customer,1,49,200,14.661800,
segmentation_only,2,2,perf-segmentation_only-r002-20260818T050607Z,loan_to_customer,1,50,200,14.772000,
segmentation_only,2,2,perf-segmentation_only-r002-20260818T050607Z,loan_to_customer,1,51,200,15.040200,
segmentation_only,2,2,perf-segmentation_only-r002-20260818T050607Z,loan_to_customer,1,52,200,15.023200,
segmentation_only,2,2,perf-segmentation_only-r002-20260818T050607Z,loan_to_customer,1,53,200,14.567300,
segmentation_only,2,2,perf-segmentation_only-r002-20260818T050607Z,loan_to_customer,1,54,200,14.630300,
segmentation_only,2,2,perf-segmentation_only-r002-20260818T050607Z,loan_to_customer,1,55,200,14.959100,
segmentation_only,2,2,perf-segmentation_only-r002-20260818T050607Z,loan_to_customer,1,56,200,14.599800,
segmentation_only,2,2,perf-segmentation_only-r002-20260818T050607Z,loan_to_customer,1,57,200,15.256900,
segmentation_only,2,2,perf-segmentation_only-r002-20260818T050607Z,loan_to_customer,1,58,200,14.552600,
segmentation_only,2,2,perf-segmentation_only-r002-20260818T050607Z,loan_to_customer,1,59,200,14.577400,
segmentation_only,2,2,perf-segmentation_only-r002-20260818T050607Z,loan_to_customer,1,60,200,15.121200,
segmentation_only,2,2,perf-segmentation_only-r002-20260818T050607Z,loan_to_customer,1,61,200,14.033500,
segmentation_only,2,2,perf-segmentation_only-r002-20260818T050607Z,loan_to_customer,1,62,200,14.064200,
segmentation_only,2,2,perf-segmentation_only-r002-20260818T050607Z,loan_to_customer,1,63,200,13.459000,
segmentation_only,2,2,perf-segmentation_only-r002-20260818T050607Z,loan_to_customer,1,64,200,13.591600,
segmentation_only,2,2,perf-segmentation_only-r002-20260818T050607Z,loan_to_customer,1,65,200,13.633200,
segmentation_only,2,2,perf-segmentation_only-r002-20260818T050607Z,loan_to_customer,1,66,200,13.668400,
segmentation_only,2,2,perf-segmentation_only-r002-20260818T050607Z,loan_to_customer,1,67,200,13.904900,
segmentation_only,2,2,perf-segmentation_only-r002-20260818T050607Z,loan_to_customer,1,68,200,14.188300,
segmentation_only,2,2,perf-segmentation_only-r002-20260818T050607Z,loan_to_customer,1,69,200,13.846600,
segmentation_only,2,2,perf-segmentation_only-r002-20260818T050607Z,loan_to_customer,1,70,200,13.991700,
segmentation_only,2,2,perf-segmentation_only-r002-20260818T050607Z,loan_to_customer,1,71,200,13.851600,
segmentation_only,2,2,perf-segmentation_only-r002-20260818T050607Z,loan_to_customer,1,72,200,14.860100,
segmentation_only,2,2,perf-segmentation_only-r002-20260818T050607Z,loan_to_customer,1,73,200,13.622700,
segmentation_only,2,2,perf-segmentation_only-r002-20260818T050607Z,loan_to_customer,1,74,200,13.985900,
segmentation_only,2,2,perf-segmentation_only-r002-20260818T050607Z,loan_to_customer,1,75,200,14.373000,
segmentation_only,2,2,perf-segmentation_only-r002-20260818T050607Z,loan_to_customer,1,76,200,14.328500,
segmentation_only,2,2,perf-segmentation_only-r002-20260818T050607Z,loan_to_customer,1,77,200,14.447700,
segmentation_only,2,2,perf-segmentation_only-r002-20260818T050607Z,loan_to_customer,1,78,200,13.828100,
segmentation_only,2,2,perf-segmentation_only-r002-20260818T050607Z,loan_to_customer,1,79,200,14.443600,
segmentation_only,2,2,perf-segmentation_only-r002-20260818T050607Z,loan_to_customer,1,80,200,13.973700,
segmentation_only,2,2,perf-segmentation_only-r002-20260818T050607Z,loan_to_customer,1,81,200,14.020200,
segmentation_only,2,2,perf-segmentation_only-r002-20260818T050607Z,loan_to_customer,1,82,200,14.121000,
segmentation_only,2,2,perf-segmentation_only-r002-20260818T050607Z,loan_to_customer,1,83,200,15.316300,
segmentation_only,2,2,perf-segmentation_only-r002-20260818T050607Z,loan_to_customer,1,84,200,14.113400,
segmentation_only,2,2,perf-segmentation_only-r002-20260818T050607Z,loan_to_customer,1,85,200,14.498800,
segmentation_only,2,2,perf-segmentation_only-r002-20260818T050607Z,loan_to_customer,1,86,200,13.976800,
segmentation_only,2,2,perf-segmentation_only-r002-20260818T050607Z,loan_to_customer,1,87,200,13.780900,
segmentation_only,2,2,perf-segmentation_only-r002-20260818T050607Z,loan_to_customer,1,88,200,14.551400,
segmentation_only,2,2,perf-segmentation_only-r002-20260818T050607Z,loan_to_customer,1,89,200,14.109200,
segmentation_only,2,2,perf-segmentation_only-r002-20260818T050607Z,loan_to_customer,1,90,200,13.872700,
segmentation_only,2,2,perf-segmentation_only-r002-20260818T050607Z,loan_to_customer,1,91,200,13.890700,
segmentation_only,2,2,perf-segmentation_only-r002-20260818T050607Z,loan_to_customer,1,92,200,13.602100,
segmentation_only,2,2,perf-segmentation_only-r002-20260818T050607Z,loan_to_customer,1,93,200,13.836500,
segmentation_only,2,2,perf-segmentation_only-r002-20260818T050607Z,loan_to_customer,1,94,200,14.692800,
segmentation_only,2,2,perf-segmentation_only-r002-20260818T050607Z,loan_to_customer,1,95,200,25.367100,
segmentation_only,2,2,perf-segmentation_only-r002-20260818T050607Z,loan_to_customer,1,96,200,14.525200,
segmentation_only,2,2,perf-segmentation_only-r002-20260818T050607Z,loan_to_customer,1,97,200,14.728400,
segmentation_only,2,2,perf-segmentation_only-r002-20260818T050607Z,loan_to_customer,1,98,200,13.937000,
segmentation_only,2,2,perf-segmentation_only-r002-20260818T050607Z,loan_to_customer,1,99,200,14.069500,
segmentation_only,2,2,perf-segmentation_only-r002-20260818T050607Z,loan_to_customer,1,100,200,14.281200,
segmentation_only,2,2,perf-segmentation_only-r002-20260818T050607Z,loan_to_customer,1,101,200,14.012700,
segmentation_only,2,2,perf-segmentation_only-r002-20260818T050607Z,loan_to_customer,1,102,200,13.727600,
segmentation_only,2,2,perf-segmentation_only-r002-20260818T050607Z,loan_to_customer,1,103,200,14.527000,
segmentation_only,2,2,perf-segmentation_only-r002-20260818T050607Z,loan_to_customer,1,104,200,13.955500,
segmentation_only,2,2,perf-segmentation_only-r002-20260818T050607Z,loan_to_customer,1,105,200,13.370400,
segmentation_only,2,2,perf-segmentation_only-r002-20260818T050607Z,loan_to_customer,1,106,200,13.353000,
segmentation_only,2,2,perf-segmentation_only-r002-20260818T050607Z,loan_to_customer,1,107,200,13.205000,
segmentation_only,2,2,perf-segmentation_only-r002-20260818T050607Z,loan_to_customer,1,108,200,13.801400,
segmentation_only,2,2,perf-segmentation_only-r002-20260818T050607Z,loan_to_customer,1,109,200,13.776500,
segmentation_only,2,2,perf-segmentation_only-r002-20260818T050607Z,loan_to_customer,1,110,200,14.330300,
segmentation_only,2,2,perf-segmentation_only-r002-20260818T050607Z,loan_to_customer,1,111,200,14.131200,
segmentation_only,2,2,perf-segmentation_only-r002-20260818T050607Z,loan_to_customer,1,112,200,13.762200,
segmentation_only,2,2,perf-segmentation_only-r002-20260818T050607Z,loan_to_customer,1,113,200,14.103800,
segmentation_only,2,2,perf-segmentation_only-r002-20260818T050607Z,loan_to_customer,1,114,200,14.104300,
segmentation_only,2,2,perf-segmentation_only-r002-20260818T050607Z,loan_to_customer,1,115,200,14.268100,
segmentation_only,2,2,perf-segmentation_only-r002-20260818T050607Z,loan_to_customer,1,116,200,14.761100,
segmentation_only,2,2,perf-segmentation_only-r002-20260818T050607Z,loan_to_customer,1,117,200,13.792900,
segmentation_only,2,2,perf-segmentation_only-r002-20260818T050607Z,loan_to_customer,1,118,200,14.250700,
segmentation_only,2,2,perf-segmentation_only-r002-20260818T050607Z,loan_to_customer,1,119,200,14.439800,
segmentation_only,2,2,perf-segmentation_only-r002-20260818T050607Z,loan_to_customer,1,120,200,14.509800,
segmentation_only,2,2,perf-segmentation_only-r002-20260818T050607Z,loan_to_customer,1,121,200,14.115500,
segmentation_only,2,2,perf-segmentation_only-r002-20260818T050607Z,loan_to_customer,1,122,200,15.023100,
segmentation_only,2,2,perf-segmentation_only-r002-20260818T050607Z,loan_to_customer,1,123,200,14.173100,
segmentation_only,2,2,perf-segmentation_only-r002-20260818T050607Z,loan_to_customer,1,124,200,14.302100,
segmentation_only,2,2,perf-segmentation_only-r002-20260818T050607Z,loan_to_customer,1,125,200,13.995700,
segmentation_only,2,2,perf-segmentation_only-r002-20260818T050607Z,loan_to_customer,1,126,200,13.789100,
segmentation_only,2,2,perf-segmentation_only-r002-20260818T050607Z,loan_to_customer,1,127,200,13.608400,
segmentation_only,2,2,perf-segmentation_only-r002-20260818T050607Z,loan_to_customer,1,128,200,13.996800,
segmentation_only,2,2,perf-segmentation_only-r002-20260818T050607Z,loan_to_customer,1,129,200,14.575100,
segmentation_only,2,2,perf-segmentation_only-r002-20260818T050607Z,loan_to_customer,1,130,200,14.668900,
segmentation_only,2,2,perf-segmentation_only-r002-20260818T050607Z,loan_to_customer,1,131,200,14.070600,
segmentation_only,2,2,perf-segmentation_only-r002-20260818T050607Z,loan_to_customer,1,132,200,14.417400,
segmentation_only,2,2,perf-segmentation_only-r002-20260818T050607Z,loan_to_customer,1,133,200,13.725400,
segmentation_only,2,2,perf-segmentation_only-r002-20260818T050607Z,loan_to_customer,1,134,200,13.824100,
segmentation_only,2,2,perf-segmentation_only-r002-20260818T050607Z,loan_to_customer,1,135,200,13.797000,
segmentation_only,2,2,perf-segmentation_only-r002-20260818T050607Z,loan_to_customer,1,136,200,13.950000,
segmentation_only,2,2,perf-segmentation_only-r002-20260818T050607Z,loan_to_customer,1,137,200,13.388500,
segmentation_only,2,2,perf-segmentation_only-r002-20260818T050607Z,loan_to_customer,1,138,200,14.049100,
segmentation_only,2,2,perf-segmentation_only-r002-20260818T050607Z,loan_to_customer,1,139,200,14.089500,
segmentation_only,2,2,perf-segmentation_only-r002-20260818T050607Z,loan_to_customer,1,140,200,13.753100,
segmentation_only,2,2,perf-segmentation_only-r002-20260818T050607Z,loan_to_customer,1,141,200,14.181000,
segmentation_only,2,2,perf-segmentation_only-r002-20260818T050607Z,loan_to_customer,1,142,200,14.052000,
segmentation_only,2,2,perf-segmentation_only-r002-20260818T050607Z,loan_to_customer,1,143,200,13.646000,
segmentation_only,2,2,perf-segmentation_only-r002-20260818T050607Z,loan_to_customer,1,144,200,14.048800,
segmentation_only,2,2,perf-segmentation_only-r002-20260818T050607Z,loan_to_customer,1,145,200,13.888600,
segmentation_only,2,2,perf-segmentation_only-r002-20260818T050607Z,loan_to_customer,1,146,200,14.377600,
segmentation_only,2,2,perf-segmentation_only-r002-20260818T050607Z,loan_to_customer,1,147,200,13.690800,
segmentation_only,2,2,perf-segmentation_only-r002-20260818T050607Z,loan_to_customer,1,148,200,14.009200,
segmentation_only,2,2,perf-segmentation_only-r002-20260818T050607Z,loan_to_customer,1,149,200,13.808800,
segmentation_only,2,2,perf-segmentation_only-r002-20260818T050607Z,loan_to_customer,1,150,200,13.774100,
segmentation_only,2,2,perf-segmentation_only-r002-20260818T050607Z,loan_to_customer,1,151,200,13.852000,
segmentation_only,2,2,perf-segmentation_only-r002-20260818T050607Z,loan_to_customer,1,152,200,14.135900,
segmentation_only,2,2,perf-segmentation_only-r002-20260818T050607Z,loan_to_customer,1,153,200,14.286500,
segmentation_only,2,2,perf-segmentation_only-r002-20260818T050607Z,loan_to_customer,1,154,200,14.563400,
segmentation_only,2,2,perf-segmentation_only-r002-20260818T050607Z,loan_to_customer,1,155,200,14.213800,
segmentation_only,2,2,perf-segmentation_only-r002-20260818T050607Z,loan_to_customer,1,156,200,14.847500,
segmentation_only,2,2,perf-segmentation_only-r002-20260818T050607Z,loan_to_customer,1,157,200,13.882300,
segmentation_only,2,2,perf-segmentation_only-r002-20260818T050607Z,loan_to_customer,1,158,200,13.875100,
segmentation_only,2,2,perf-segmentation_only-r002-20260818T050607Z,loan_to_customer,1,159,200,14.248200,
segmentation_only,2,2,perf-segmentation_only-r002-20260818T050607Z,loan_to_customer,1,160,200,14.294700,
segmentation_only,2,2,perf-segmentation_only-r002-20260818T050607Z,loan_to_customer,1,161,200,14.656500,
segmentation_only,2,2,perf-segmentation_only-r002-20260818T050607Z,loan_to_customer,1,162,200,14.321600,
segmentation_only,2,2,perf-segmentation_only-r002-20260818T050607Z,loan_to_customer,1,163,200,14.291800,
segmentation_only,2,2,perf-segmentation_only-r002-20260818T050607Z,loan_to_customer,1,164,200,13.833800,
segmentation_only,2,2,perf-segmentation_only-r002-20260818T050607Z,loan_to_customer,1,165,200,14.470600,
segmentation_only,2,2,perf-segmentation_only-r002-20260818T050607Z,loan_to_customer,1,166,200,14.583400,
segmentation_only,2,2,perf-segmentation_only-r002-20260818T050607Z,loan_to_customer,1,167,200,15.316200,
segmentation_only,2,2,perf-segmentation_only-r002-20260818T050607Z,loan_to_customer,1,168,200,15.367200,
segmentation_only,2,2,perf-segmentation_only-r002-20260818T050607Z,loan_to_customer,1,169,200,14.706600,
segmentation_only,2,2,perf-segmentation_only-r002-20260818T050607Z,loan_to_customer,1,170,200,15.486900,
segmentation_only,2,2,perf-segmentation_only-r002-20260818T050607Z,loan_to_customer,1,171,200,16.199000,
segmentation_only,2,2,perf-segmentation_only-r002-20260818T050607Z,loan_to_customer,1,172,200,14.951200,
segmentation_only,2,2,perf-segmentation_only-r002-20260818T050607Z,loan_to_customer,1,173,200,14.655900,
segmentation_only,2,2,perf-segmentation_only-r002-20260818T050607Z,loan_to_customer,1,174,200,14.527700,
segmentation_only,2,2,perf-segmentation_only-r002-20260818T050607Z,loan_to_customer,1,175,200,15.050500,
segmentation_only,2,2,perf-segmentation_only-r002-20260818T050607Z,loan_to_customer,1,176,200,14.630600,
segmentation_only,2,2,perf-segmentation_only-r002-20260818T050607Z,loan_to_customer,1,177,200,14.477600,
segmentation_only,2,2,perf-segmentation_only-r002-20260818T050607Z,loan_to_customer,1,178,200,14.979500,
segmentation_only,2,2,perf-segmentation_only-r002-20260818T050607Z,loan_to_customer,1,179,200,14.301500,
segmentation_only,2,2,perf-segmentation_only-r002-20260818T050607Z,loan_to_customer,1,180,200,13.750200,
segmentation_only,2,2,perf-segmentation_only-r002-20260818T050607Z,loan_to_customer,1,181,200,14.221000,
segmentation_only,2,2,perf-segmentation_only-r002-20260818T050607Z,loan_to_customer,1,182,200,13.525400,
segmentation_only,2,2,perf-segmentation_only-r002-20260818T050607Z,loan_to_customer,1,183,200,13.778200,
segmentation_only,2,2,perf-segmentation_only-r002-20260818T050607Z,loan_to_customer,1,184,200,13.792300,
segmentation_only,2,2,perf-segmentation_only-r002-20260818T050607Z,loan_to_customer,1,185,200,13.931300,
segmentation_only,2,2,perf-segmentation_only-r002-20260818T050607Z,loan_to_customer,1,186,200,13.536300,
segmentation_only,2,2,perf-segmentation_only-r002-20260818T050607Z,loan_to_customer,1,187,200,14.425800,
segmentation_only,2,2,perf-segmentation_only-r002-20260818T050607Z,loan_to_customer,1,188,200,13.612400,
segmentation_only,2,2,perf-segmentation_only-r002-20260818T050607Z,loan_to_customer,1,189,200,14.290700,
segmentation_only,2,2,perf-segmentation_only-r002-20260818T050607Z,loan_to_customer,1,190,200,14.964100,
segmentation_only,2,2,perf-segmentation_only-r002-20260818T050607Z,loan_to_customer,1,191,200,14.653900,
segmentation_only,2,2,perf-segmentation_only-r002-20260818T050607Z,loan_to_customer,1,192,200,14.739400,
segmentation_only,2,2,perf-segmentation_only-r002-20260818T050607Z,loan_to_customer,1,193,200,14.222400,
segmentation_only,2,2,perf-segmentation_only-r002-20260818T050607Z,loan_to_customer,1,194,200,14.012700,
segmentation_only,2,2,perf-segmentation_only-r002-20260818T050607Z,loan_to_customer,1,195,200,14.169700,
segmentation_only,2,2,perf-segmentation_only-r002-20260818T050607Z,loan_to_customer,1,196,200,15.484500,
segmentation_only,2,2,perf-segmentation_only-r002-20260818T050607Z,loan_to_customer,1,197,200,15.773000,
segmentation_only,2,2,perf-segmentation_only-r002-20260818T050607Z,loan_to_customer,1,198,200,14.263200,
segmentation_only,2,2,perf-segmentation_only-r002-20260818T050607Z,loan_to_customer,1,199,200,14.563800,
segmentation_only,2,2,perf-segmentation_only-r002-20260818T050607Z,loan_to_customer,1,200,200,15.321600,
segmentation_only,2,2,perf-segmentation_only-r002-20260818T050607Z,loan_to_customer,2,1,200,15.446700,
segmentation_only,2,2,perf-segmentation_only-r002-20260818T050607Z,loan_to_customer,2,2,200,15.697400,
segmentation_only,2,2,perf-segmentation_only-r002-20260818T050607Z,loan_to_customer,2,3,200,15.377300,
segmentation_only,2,2,perf-segmentation_only-r002-20260818T050607Z,loan_to_customer,2,4,200,15.617400,
segmentation_only,2,2,perf-segmentation_only-r002-20260818T050607Z,loan_to_customer,2,5,200,15.387900,
segmentation_only,2,2,perf-segmentation_only-r002-20260818T050607Z,loan_to_customer,2,6,200,14.871700,
segmentation_only,2,2,perf-segmentation_only-r002-20260818T050607Z,loan_to_customer,2,7,200,14.722400,
segmentation_only,2,2,perf-segmentation_only-r002-20260818T050607Z,loan_to_customer,2,8,200,14.329700,
segmentation_only,2,2,perf-segmentation_only-r002-20260818T050607Z,loan_to_customer,2,9,200,13.864800,
segmentation_only,2,2,perf-segmentation_only-r002-20260818T050607Z,loan_to_customer,2,10,200,13.325800,
segmentation_only,2,2,perf-segmentation_only-r002-20260818T050607Z,loan_to_customer,2,11,200,14.405800,
segmentation_only,2,2,perf-segmentation_only-r002-20260818T050607Z,loan_to_customer,2,12,200,13.790100,
segmentation_only,2,2,perf-segmentation_only-r002-20260818T050607Z,loan_to_customer,2,13,200,14.510600,
segmentation_only,2,2,perf-segmentation_only-r002-20260818T050607Z,loan_to_customer,2,14,200,14.472700,
segmentation_only,2,2,perf-segmentation_only-r002-20260818T050607Z,loan_to_customer,2,15,200,14.142400,
segmentation_only,2,2,perf-segmentation_only-r002-20260818T050607Z,loan_to_customer,2,16,200,14.604400,
segmentation_only,2,2,perf-segmentation_only-r002-20260818T050607Z,loan_to_customer,2,17,200,14.398500,
segmentation_only,2,2,perf-segmentation_only-r002-20260818T050607Z,loan_to_customer,2,18,200,13.875900,
segmentation_only,2,2,perf-segmentation_only-r002-20260818T050607Z,loan_to_customer,2,19,200,14.816500,
segmentation_only,2,2,perf-segmentation_only-r002-20260818T050607Z,loan_to_customer,2,20,200,14.047500,
segmentation_only,2,2,perf-segmentation_only-r002-20260818T050607Z,loan_to_customer,2,21,200,15.121200,
segmentation_only,2,2,perf-segmentation_only-r002-20260818T050607Z,loan_to_customer,2,22,200,14.233400,
segmentation_only,2,2,perf-segmentation_only-r002-20260818T050607Z,loan_to_customer,2,23,200,14.232600,
segmentation_only,2,2,perf-segmentation_only-r002-20260818T050607Z,loan_to_customer,2,24,200,14.032600,
segmentation_only,2,2,perf-segmentation_only-r002-20260818T050607Z,loan_to_customer,2,25,200,14.422200,
segmentation_only,2,2,perf-segmentation_only-r002-20260818T050607Z,loan_to_customer,2,26,200,14.770300,
segmentation_only,2,2,perf-segmentation_only-r002-20260818T050607Z,loan_to_customer,2,27,200,14.513500,
segmentation_only,2,2,perf-segmentation_only-r002-20260818T050607Z,loan_to_customer,2,28,200,15.035600,
segmentation_only,2,2,perf-segmentation_only-r002-20260818T050607Z,loan_to_customer,2,29,200,14.186100,
segmentation_only,2,2,perf-segmentation_only-r002-20260818T050607Z,loan_to_customer,2,30,200,14.037800,
segmentation_only,2,2,perf-segmentation_only-r002-20260818T050607Z,loan_to_customer,2,31,200,14.195800,
segmentation_only,2,2,perf-segmentation_only-r002-20260818T050607Z,loan_to_customer,2,32,200,14.365600,
segmentation_only,2,2,perf-segmentation_only-r002-20260818T050607Z,loan_to_customer,2,33,200,15.987600,
segmentation_only,2,2,perf-segmentation_only-r002-20260818T050607Z,loan_to_customer,2,34,200,17.107500,
segmentation_only,2,2,perf-segmentation_only-r002-20260818T050607Z,loan_to_customer,2,35,200,16.202500,
segmentation_only,2,2,perf-segmentation_only-r002-20260818T050607Z,loan_to_customer,2,36,200,16.232900,
segmentation_only,2,2,perf-segmentation_only-r002-20260818T050607Z,loan_to_customer,2,37,200,17.412400,
segmentation_only,2,2,perf-segmentation_only-r002-20260818T050607Z,loan_to_customer,2,38,200,18.323900,
segmentation_only,2,2,perf-segmentation_only-r002-20260818T050607Z,loan_to_customer,2,39,200,19.740000,
segmentation_only,2,2,perf-segmentation_only-r002-20260818T050607Z,loan_to_customer,2,40,200,18.121500,
segmentation_only,2,2,perf-segmentation_only-r002-20260818T050607Z,loan_to_customer,2,41,200,17.570800,
segmentation_only,2,2,perf-segmentation_only-r002-20260818T050607Z,loan_to_customer,2,42,200,16.341100,
segmentation_only,2,2,perf-segmentation_only-r002-20260818T050607Z,loan_to_customer,2,43,200,14.212500,
segmentation_only,2,2,perf-segmentation_only-r002-20260818T050607Z,loan_to_customer,2,44,200,14.619200,
segmentation_only,2,2,perf-segmentation_only-r002-20260818T050607Z,loan_to_customer,2,45,200,15.567900,
segmentation_only,2,2,perf-segmentation_only-r002-20260818T050607Z,loan_to_customer,2,46,200,14.811400,
segmentation_only,2,2,perf-segmentation_only-r002-20260818T050607Z,loan_to_customer,2,47,200,14.244500,
segmentation_only,2,2,perf-segmentation_only-r002-20260818T050607Z,loan_to_customer,2,48,200,14.667200,
segmentation_only,2,2,perf-segmentation_only-r002-20260818T050607Z,loan_to_customer,2,49,200,14.737800,
segmentation_only,2,2,perf-segmentation_only-r002-20260818T050607Z,loan_to_customer,2,50,200,14.835800,
segmentation_only,2,2,perf-segmentation_only-r002-20260818T050607Z,loan_to_customer,2,51,200,15.437400,
segmentation_only,2,2,perf-segmentation_only-r002-20260818T050607Z,loan_to_customer,2,52,200,15.638000,
segmentation_only,2,2,perf-segmentation_only-r002-20260818T050607Z,loan_to_customer,2,53,200,16.059400,
segmentation_only,2,2,perf-segmentation_only-r002-20260818T050607Z,loan_to_customer,2,54,200,15.370700,
segmentation_only,2,2,perf-segmentation_only-r002-20260818T050607Z,loan_to_customer,2,55,200,14.784600,
segmentation_only,2,2,perf-segmentation_only-r002-20260818T050607Z,loan_to_customer,2,56,200,14.690600,
segmentation_only,2,2,perf-segmentation_only-r002-20260818T050607Z,loan_to_customer,2,57,200,15.908900,
segmentation_only,2,2,perf-segmentation_only-r002-20260818T050607Z,loan_to_customer,2,58,200,15.152400,
segmentation_only,2,2,perf-segmentation_only-r002-20260818T050607Z,loan_to_customer,2,59,200,14.769500,
segmentation_only,2,2,perf-segmentation_only-r002-20260818T050607Z,loan_to_customer,2,60,200,15.640700,
segmentation_only,2,2,perf-segmentation_only-r002-20260818T050607Z,loan_to_customer,2,61,200,14.437200,
segmentation_only,2,2,perf-segmentation_only-r002-20260818T050607Z,loan_to_customer,2,62,200,14.686600,
segmentation_only,2,2,perf-segmentation_only-r002-20260818T050607Z,loan_to_customer,2,63,200,14.221900,
segmentation_only,2,2,perf-segmentation_only-r002-20260818T050607Z,loan_to_customer,2,64,200,14.862400,
segmentation_only,2,2,perf-segmentation_only-r002-20260818T050607Z,loan_to_customer,2,65,200,14.664600,
segmentation_only,2,2,perf-segmentation_only-r002-20260818T050607Z,loan_to_customer,2,66,200,14.704400,
segmentation_only,2,2,perf-segmentation_only-r002-20260818T050607Z,loan_to_customer,2,67,200,14.157100,
segmentation_only,2,2,perf-segmentation_only-r002-20260818T050607Z,loan_to_customer,2,68,200,14.460700,
segmentation_only,2,2,perf-segmentation_only-r002-20260818T050607Z,loan_to_customer,2,69,200,13.875200,
segmentation_only,2,2,perf-segmentation_only-r002-20260818T050607Z,loan_to_customer,2,70,200,15.158500,
segmentation_only,2,2,perf-segmentation_only-r002-20260818T050607Z,loan_to_customer,2,71,200,16.087600,
segmentation_only,2,2,perf-segmentation_only-r002-20260818T050607Z,loan_to_customer,2,72,200,14.887200,
segmentation_only,2,2,perf-segmentation_only-r002-20260818T050607Z,loan_to_customer,2,73,200,15.130500,
segmentation_only,2,2,perf-segmentation_only-r002-20260818T050607Z,loan_to_customer,2,74,200,15.880000,
segmentation_only,2,2,perf-segmentation_only-r002-20260818T050607Z,loan_to_customer,2,75,200,15.179200,
segmentation_only,2,2,perf-segmentation_only-r002-20260818T050607Z,loan_to_customer,2,76,200,16.252900,
segmentation_only,2,2,perf-segmentation_only-r002-20260818T050607Z,loan_to_customer,2,77,200,15.164800,
segmentation_only,2,2,perf-segmentation_only-r002-20260818T050607Z,loan_to_customer,2,78,200,14.928700,
segmentation_only,2,2,perf-segmentation_only-r002-20260818T050607Z,loan_to_customer,2,79,200,14.391500,
segmentation_only,2,2,perf-segmentation_only-r002-20260818T050607Z,loan_to_customer,2,80,200,14.030200,
segmentation_only,2,2,perf-segmentation_only-r002-20260818T050607Z,loan_to_customer,2,81,200,14.726200,
segmentation_only,2,2,perf-segmentation_only-r002-20260818T050607Z,loan_to_customer,2,82,200,14.156700,
segmentation_only,2,2,perf-segmentation_only-r002-20260818T050607Z,loan_to_customer,2,83,200,15.375200,
segmentation_only,2,2,perf-segmentation_only-r002-20260818T050607Z,loan_to_customer,2,84,200,14.408700,
segmentation_only,2,2,perf-segmentation_only-r002-20260818T050607Z,loan_to_customer,2,85,200,14.978400,
segmentation_only,2,2,perf-segmentation_only-r002-20260818T050607Z,loan_to_customer,2,86,200,14.623300,
segmentation_only,2,2,perf-segmentation_only-r002-20260818T050607Z,loan_to_customer,2,87,200,13.921000,
segmentation_only,2,2,perf-segmentation_only-r002-20260818T050607Z,loan_to_customer,2,88,200,13.513700,
segmentation_only,2,2,perf-segmentation_only-r002-20260818T050607Z,loan_to_customer,2,89,200,13.932400,
segmentation_only,2,2,perf-segmentation_only-r002-20260818T050607Z,loan_to_customer,2,90,200,14.128300,
segmentation_only,2,2,perf-segmentation_only-r002-20260818T050607Z,loan_to_customer,2,91,200,14.104600,
segmentation_only,2,2,perf-segmentation_only-r002-20260818T050607Z,loan_to_customer,2,92,200,14.406200,
segmentation_only,2,2,perf-segmentation_only-r002-20260818T050607Z,loan_to_customer,2,93,200,14.172500,
segmentation_only,2,2,perf-segmentation_only-r002-20260818T050607Z,loan_to_customer,2,94,200,14.646300,
segmentation_only,2,2,perf-segmentation_only-r002-20260818T050607Z,loan_to_customer,2,95,200,13.892200,
segmentation_only,2,2,perf-segmentation_only-r002-20260818T050607Z,loan_to_customer,2,96,200,13.766100,
segmentation_only,2,2,perf-segmentation_only-r002-20260818T050607Z,loan_to_customer,2,97,200,13.801700,
segmentation_only,2,2,perf-segmentation_only-r002-20260818T050607Z,loan_to_customer,2,98,200,13.807500,
segmentation_only,2,2,perf-segmentation_only-r002-20260818T050607Z,loan_to_customer,2,99,200,14.177000,
segmentation_only,2,2,perf-segmentation_only-r002-20260818T050607Z,loan_to_customer,2,100,200,14.346400,
segmentation_only,2,2,perf-segmentation_only-r002-20260818T050607Z,loan_to_customer,2,101,200,15.526300,
segmentation_only,2,2,perf-segmentation_only-r002-20260818T050607Z,loan_to_customer,2,102,200,14.914500,
segmentation_only,2,2,perf-segmentation_only-r002-20260818T050607Z,loan_to_customer,2,103,200,14.404900,
segmentation_only,2,2,perf-segmentation_only-r002-20260818T050607Z,loan_to_customer,2,104,200,14.333800,
segmentation_only,2,2,perf-segmentation_only-r002-20260818T050607Z,loan_to_customer,2,105,200,14.751800,
segmentation_only,2,2,perf-segmentation_only-r002-20260818T050607Z,loan_to_customer,2,106,200,15.383300,
segmentation_only,2,2,perf-segmentation_only-r002-20260818T050607Z,loan_to_customer,2,107,200,14.999100,
segmentation_only,2,2,perf-segmentation_only-r002-20260818T050607Z,loan_to_customer,2,108,200,16.864300,
segmentation_only,2,2,perf-segmentation_only-r002-20260818T050607Z,loan_to_customer,2,109,200,15.610500,
segmentation_only,2,2,perf-segmentation_only-r002-20260818T050607Z,loan_to_customer,2,110,200,15.373500,
segmentation_only,2,2,perf-segmentation_only-r002-20260818T050607Z,loan_to_customer,2,111,200,14.555100,
segmentation_only,2,2,perf-segmentation_only-r002-20260818T050607Z,loan_to_customer,2,112,200,15.092100,
segmentation_only,2,2,perf-segmentation_only-r002-20260818T050607Z,loan_to_customer,2,113,200,13.886900,
segmentation_only,2,2,perf-segmentation_only-r002-20260818T050607Z,loan_to_customer,2,114,200,13.871200,
segmentation_only,2,2,perf-segmentation_only-r002-20260818T050607Z,loan_to_customer,2,115,200,13.387500,
segmentation_only,2,2,perf-segmentation_only-r002-20260818T050607Z,loan_to_customer,2,116,200,13.819900,
segmentation_only,2,2,perf-segmentation_only-r002-20260818T050607Z,loan_to_customer,2,117,200,13.915800,
segmentation_only,2,2,perf-segmentation_only-r002-20260818T050607Z,loan_to_customer,2,118,200,13.887100,
segmentation_only,2,2,perf-segmentation_only-r002-20260818T050607Z,loan_to_customer,2,119,200,14.168700,
segmentation_only,2,2,perf-segmentation_only-r002-20260818T050607Z,loan_to_customer,2,120,200,13.637400,
segmentation_only,2,2,perf-segmentation_only-r002-20260818T050607Z,loan_to_customer,2,121,200,14.083400,
segmentation_only,2,2,perf-segmentation_only-r002-20260818T050607Z,loan_to_customer,2,122,200,14.170200,
segmentation_only,2,2,perf-segmentation_only-r002-20260818T050607Z,loan_to_customer,2,123,200,14.466700,
segmentation_only,2,2,perf-segmentation_only-r002-20260818T050607Z,loan_to_customer,2,124,200,15.207900,
segmentation_only,2,2,perf-segmentation_only-r002-20260818T050607Z,loan_to_customer,2,125,200,14.523800,
segmentation_only,2,2,perf-segmentation_only-r002-20260818T050607Z,loan_to_customer,2,126,200,14.458100,
segmentation_only,2,2,perf-segmentation_only-r002-20260818T050607Z,loan_to_customer,2,127,200,14.558200,
segmentation_only,2,2,perf-segmentation_only-r002-20260818T050607Z,loan_to_customer,2,128,200,14.068200,
segmentation_only,2,2,perf-segmentation_only-r002-20260818T050607Z,loan_to_customer,2,129,200,13.635600,
segmentation_only,2,2,perf-segmentation_only-r002-20260818T050607Z,loan_to_customer,2,130,200,14.285000,
segmentation_only,2,2,perf-segmentation_only-r002-20260818T050607Z,loan_to_customer,2,131,200,14.116800,
segmentation_only,2,2,perf-segmentation_only-r002-20260818T050607Z,loan_to_customer,2,132,200,13.625700,
segmentation_only,2,2,perf-segmentation_only-r002-20260818T050607Z,loan_to_customer,2,133,200,14.357200,
segmentation_only,2,2,perf-segmentation_only-r002-20260818T050607Z,loan_to_customer,2,134,200,14.862700,
segmentation_only,2,2,perf-segmentation_only-r002-20260818T050607Z,loan_to_customer,2,135,200,14.716500,
segmentation_only,2,2,perf-segmentation_only-r002-20260818T050607Z,loan_to_customer,2,136,200,14.188700,
segmentation_only,2,2,perf-segmentation_only-r002-20260818T050607Z,loan_to_customer,2,137,200,14.141000,
segmentation_only,2,2,perf-segmentation_only-r002-20260818T050607Z,loan_to_customer,2,138,200,14.875000,
segmentation_only,2,2,perf-segmentation_only-r002-20260818T050607Z,loan_to_customer,2,139,200,14.365200,
segmentation_only,2,2,perf-segmentation_only-r002-20260818T050607Z,loan_to_customer,2,140,200,14.052500,
segmentation_only,2,2,perf-segmentation_only-r002-20260818T050607Z,loan_to_customer,2,141,200,14.860200,
segmentation_only,2,2,perf-segmentation_only-r002-20260818T050607Z,loan_to_customer,2,142,200,15.377600,
segmentation_only,2,2,perf-segmentation_only-r002-20260818T050607Z,loan_to_customer,2,143,200,15.326400,
segmentation_only,2,2,perf-segmentation_only-r002-20260818T050607Z,loan_to_customer,2,144,200,15.016800,
segmentation_only,2,2,perf-segmentation_only-r002-20260818T050607Z,loan_to_customer,2,145,200,15.179000,
segmentation_only,2,2,perf-segmentation_only-r002-20260818T050607Z,loan_to_customer,2,146,200,16.475900,
segmentation_only,2,2,perf-segmentation_only-r002-20260818T050607Z,loan_to_customer,2,147,200,15.039400,
segmentation_only,2,2,perf-segmentation_only-r002-20260818T050607Z,loan_to_customer,2,148,200,14.966500,
segmentation_only,2,2,perf-segmentation_only-r002-20260818T050607Z,loan_to_customer,2,149,200,14.419100,
segmentation_only,2,2,perf-segmentation_only-r002-20260818T050607Z,loan_to_customer,2,150,200,15.195100,
segmentation_only,2,2,perf-segmentation_only-r002-20260818T050607Z,loan_to_customer,2,151,200,15.228900,
segmentation_only,2,2,perf-segmentation_only-r002-20260818T050607Z,loan_to_customer,2,152,200,15.549600,
segmentation_only,2,2,perf-segmentation_only-r002-20260818T050607Z,loan_to_customer,2,153,200,15.733500,
segmentation_only,2,2,perf-segmentation_only-r002-20260818T050607Z,loan_to_customer,2,154,200,14.785000,
segmentation_only,2,2,perf-segmentation_only-r002-20260818T050607Z,loan_to_customer,2,155,200,14.536400,
segmentation_only,2,2,perf-segmentation_only-r002-20260818T050607Z,loan_to_customer,2,156,200,14.677100,
segmentation_only,2,2,perf-segmentation_only-r002-20260818T050607Z,loan_to_customer,2,157,200,14.245100,
segmentation_only,2,2,perf-segmentation_only-r002-20260818T050607Z,loan_to_customer,2,158,200,14.201800,
segmentation_only,2,2,perf-segmentation_only-r002-20260818T050607Z,loan_to_customer,2,159,200,14.542800,
segmentation_only,2,2,perf-segmentation_only-r002-20260818T050607Z,loan_to_customer,2,160,200,14.019400,
segmentation_only,2,2,perf-segmentation_only-r002-20260818T050607Z,loan_to_customer,2,161,200,14.404900,
segmentation_only,2,2,perf-segmentation_only-r002-20260818T050607Z,loan_to_customer,2,162,200,14.440000,
segmentation_only,2,2,perf-segmentation_only-r002-20260818T050607Z,loan_to_customer,2,163,200,14.067100,
segmentation_only,2,2,perf-segmentation_only-r002-20260818T050607Z,loan_to_customer,2,164,200,14.270800,
segmentation_only,2,2,perf-segmentation_only-r002-20260818T050607Z,loan_to_customer,2,165,200,14.475600,
segmentation_only,2,2,perf-segmentation_only-r002-20260818T050607Z,loan_to_customer,2,166,200,14.089300,
segmentation_only,2,2,perf-segmentation_only-r002-20260818T050607Z,loan_to_customer,2,167,200,14.653600,
segmentation_only,2,2,perf-segmentation_only-r002-20260818T050607Z,loan_to_customer,2,168,200,14.427200,
segmentation_only,2,2,perf-segmentation_only-r002-20260818T050607Z,loan_to_customer,2,169,200,14.649600,
segmentation_only,2,2,perf-segmentation_only-r002-20260818T050607Z,loan_to_customer,2,170,200,16.336000,
segmentation_only,2,2,perf-segmentation_only-r002-20260818T050607Z,loan_to_customer,2,171,200,15.535200,
segmentation_only,2,2,perf-segmentation_only-r002-20260818T050607Z,loan_to_customer,2,172,200,15.289800,
segmentation_only,2,2,perf-segmentation_only-r002-20260818T050607Z,loan_to_customer,2,173,200,15.110600,
segmentation_only,2,2,perf-segmentation_only-r002-20260818T050607Z,loan_to_customer,2,174,200,15.183400,
segmentation_only,2,2,perf-segmentation_only-r002-20260818T050607Z,loan_to_customer,2,175,200,15.065900,
segmentation_only,2,2,perf-segmentation_only-r002-20260818T050607Z,loan_to_customer,2,176,200,15.371100,
segmentation_only,2,2,perf-segmentation_only-r002-20260818T050607Z,loan_to_customer,2,177,200,18.628600,
segmentation_only,2,2,perf-segmentation_only-r002-20260818T050607Z,loan_to_customer,2,178,200,17.401200,
segmentation_only,2,2,perf-segmentation_only-r002-20260818T050607Z,loan_to_customer,2,179,200,16.051800,
segmentation_only,2,2,perf-segmentation_only-r002-20260818T050607Z,loan_to_customer,2,180,200,16.962700,
segmentation_only,2,2,perf-segmentation_only-r002-20260818T050607Z,loan_to_customer,2,181,200,15.713900,
segmentation_only,2,2,perf-segmentation_only-r002-20260818T050607Z,loan_to_customer,2,182,200,14.798000,
segmentation_only,2,2,perf-segmentation_only-r002-20260818T050607Z,loan_to_customer,2,183,200,15.410200,
segmentation_only,2,2,perf-segmentation_only-r002-20260818T050607Z,loan_to_customer,2,184,200,14.537300,
segmentation_only,2,2,perf-segmentation_only-r002-20260818T050607Z,loan_to_customer,2,185,200,15.315300,
segmentation_only,2,2,perf-segmentation_only-r002-20260818T050607Z,loan_to_customer,2,186,200,16.816200,
segmentation_only,2,2,perf-segmentation_only-r002-20260818T050607Z,loan_to_customer,2,187,200,15.358100,
segmentation_only,2,2,perf-segmentation_only-r002-20260818T050607Z,loan_to_customer,2,188,200,13.811200,
segmentation_only,2,2,perf-segmentation_only-r002-20260818T050607Z,loan_to_customer,2,189,200,14.143500,
segmentation_only,2,2,perf-segmentation_only-r002-20260818T050607Z,loan_to_customer,2,190,200,14.364700,
segmentation_only,2,2,perf-segmentation_only-r002-20260818T050607Z,loan_to_customer,2,191,200,15.697200,
segmentation_only,2,2,perf-segmentation_only-r002-20260818T050607Z,loan_to_customer,2,192,200,14.820600,
segmentation_only,2,2,perf-segmentation_only-r002-20260818T050607Z,loan_to_customer,2,193,200,14.243900,
segmentation_only,2,2,perf-segmentation_only-r002-20260818T050607Z,loan_to_customer,2,194,200,13.893500,
segmentation_only,2,2,perf-segmentation_only-r002-20260818T050607Z,loan_to_customer,2,195,200,14.630000,
segmentation_only,2,2,perf-segmentation_only-r002-20260818T050607Z,loan_to_customer,2,196,200,14.280300,
segmentation_only,2,2,perf-segmentation_only-r002-20260818T050607Z,loan_to_customer,2,197,200,14.458200,
segmentation_only,2,2,perf-segmentation_only-r002-20260818T050607Z,loan_to_customer,2,198,200,13.922900,
segmentation_only,2,2,perf-segmentation_only-r002-20260818T050607Z,loan_to_customer,2,199,200,14.066200,
segmentation_only,2,2,perf-segmentation_only-r002-20260818T050607Z,loan_to_customer,2,200,200,13.741600,
segmentation_only,2,2,perf-segmentation_only-r002-20260818T050607Z,loan_to_customer,3,1,200,13.759800,
segmentation_only,2,2,perf-segmentation_only-r002-20260818T050607Z,loan_to_customer,3,2,200,14.740100,
segmentation_only,2,2,perf-segmentation_only-r002-20260818T050607Z,loan_to_customer,3,3,200,14.211100,
segmentation_only,2,2,perf-segmentation_only-r002-20260818T050607Z,loan_to_customer,3,4,200,14.577600,
segmentation_only,2,2,perf-segmentation_only-r002-20260818T050607Z,loan_to_customer,3,5,200,14.664800,
segmentation_only,2,2,perf-segmentation_only-r002-20260818T050607Z,loan_to_customer,3,6,200,14.737100,
segmentation_only,2,2,perf-segmentation_only-r002-20260818T050607Z,loan_to_customer,3,7,200,14.153600,
segmentation_only,2,2,perf-segmentation_only-r002-20260818T050607Z,loan_to_customer,3,8,200,14.757400,
segmentation_only,2,2,perf-segmentation_only-r002-20260818T050607Z,loan_to_customer,3,9,200,14.176000,
segmentation_only,2,2,perf-segmentation_only-r002-20260818T050607Z,loan_to_customer,3,10,200,14.305000,
segmentation_only,2,2,perf-segmentation_only-r002-20260818T050607Z,loan_to_customer,3,11,200,14.803000,
segmentation_only,2,2,perf-segmentation_only-r002-20260818T050607Z,loan_to_customer,3,12,200,15.051200,
segmentation_only,2,2,perf-segmentation_only-r002-20260818T050607Z,loan_to_customer,3,13,200,14.702100,
segmentation_only,2,2,perf-segmentation_only-r002-20260818T050607Z,loan_to_customer,3,14,200,14.810700,
segmentation_only,2,2,perf-segmentation_only-r002-20260818T050607Z,loan_to_customer,3,15,200,14.769600,
segmentation_only,2,2,perf-segmentation_only-r002-20260818T050607Z,loan_to_customer,3,16,200,13.936500,
segmentation_only,2,2,perf-segmentation_only-r002-20260818T050607Z,loan_to_customer,3,17,200,13.902600,
segmentation_only,2,2,perf-segmentation_only-r002-20260818T050607Z,loan_to_customer,3,18,200,14.519100,
segmentation_only,2,2,perf-segmentation_only-r002-20260818T050607Z,loan_to_customer,3,19,200,14.407400,
segmentation_only,2,2,perf-segmentation_only-r002-20260818T050607Z,loan_to_customer,3,20,200,14.551500,
segmentation_only,2,2,perf-segmentation_only-r002-20260818T050607Z,loan_to_customer,3,21,200,15.078900,
segmentation_only,2,2,perf-segmentation_only-r002-20260818T050607Z,loan_to_customer,3,22,200,14.343200,
segmentation_only,2,2,perf-segmentation_only-r002-20260818T050607Z,loan_to_customer,3,23,200,14.500900,
segmentation_only,2,2,perf-segmentation_only-r002-20260818T050607Z,loan_to_customer,3,24,200,14.500900,
segmentation_only,2,2,perf-segmentation_only-r002-20260818T050607Z,loan_to_customer,3,25,200,14.304500,
segmentation_only,2,2,perf-segmentation_only-r002-20260818T050607Z,loan_to_customer,3,26,200,13.620400,
segmentation_only,2,2,perf-segmentation_only-r002-20260818T050607Z,loan_to_customer,3,27,200,13.938100,
segmentation_only,2,2,perf-segmentation_only-r002-20260818T050607Z,loan_to_customer,3,28,200,14.670600,
segmentation_only,2,2,perf-segmentation_only-r002-20260818T050607Z,loan_to_customer,3,29,200,14.005600,
segmentation_only,2,2,perf-segmentation_only-r002-20260818T050607Z,loan_to_customer,3,30,200,14.615200,
segmentation_only,2,2,perf-segmentation_only-r002-20260818T050607Z,loan_to_customer,3,31,200,14.081500,
segmentation_only,2,2,perf-segmentation_only-r002-20260818T050607Z,loan_to_customer,3,32,200,14.434500,
segmentation_only,2,2,perf-segmentation_only-r002-20260818T050607Z,loan_to_customer,3,33,200,14.003800,
segmentation_only,2,2,perf-segmentation_only-r002-20260818T050607Z,loan_to_customer,3,34,200,13.805000,
segmentation_only,2,2,perf-segmentation_only-r002-20260818T050607Z,loan_to_customer,3,35,200,14.014800,
segmentation_only,2,2,perf-segmentation_only-r002-20260818T050607Z,loan_to_customer,3,36,200,13.879500,
segmentation_only,2,2,perf-segmentation_only-r002-20260818T050607Z,loan_to_customer,3,37,200,15.206600,
segmentation_only,2,2,perf-segmentation_only-r002-20260818T050607Z,loan_to_customer,3,38,200,14.404000,
segmentation_only,2,2,perf-segmentation_only-r002-20260818T050607Z,loan_to_customer,3,39,200,13.874000,
segmentation_only,2,2,perf-segmentation_only-r002-20260818T050607Z,loan_to_customer,3,40,200,14.106600,
segmentation_only,2,2,perf-segmentation_only-r002-20260818T050607Z,loan_to_customer,3,41,200,14.456800,
segmentation_only,2,2,perf-segmentation_only-r002-20260818T050607Z,loan_to_customer,3,42,200,14.681400,
segmentation_only,2,2,perf-segmentation_only-r002-20260818T050607Z,loan_to_customer,3,43,200,14.320900,
segmentation_only,2,2,perf-segmentation_only-r002-20260818T050607Z,loan_to_customer,3,44,200,15.235400,
segmentation_only,2,2,perf-segmentation_only-r002-20260818T050607Z,loan_to_customer,3,45,200,14.476100,
segmentation_only,2,2,perf-segmentation_only-r002-20260818T050607Z,loan_to_customer,3,46,200,14.480600,
segmentation_only,2,2,perf-segmentation_only-r002-20260818T050607Z,loan_to_customer,3,47,200,14.483600,
segmentation_only,2,2,perf-segmentation_only-r002-20260818T050607Z,loan_to_customer,3,48,200,14.512400,
segmentation_only,2,2,perf-segmentation_only-r002-20260818T050607Z,loan_to_customer,3,49,200,14.489000,
segmentation_only,2,2,perf-segmentation_only-r002-20260818T050607Z,loan_to_customer,3,50,200,14.995400,
segmentation_only,2,2,perf-segmentation_only-r002-20260818T050607Z,loan_to_customer,3,51,200,14.058800,
segmentation_only,2,2,perf-segmentation_only-r002-20260818T050607Z,loan_to_customer,3,52,200,14.015400,
segmentation_only,2,2,perf-segmentation_only-r002-20260818T050607Z,loan_to_customer,3,53,200,14.023300,
segmentation_only,2,2,perf-segmentation_only-r002-20260818T050607Z,loan_to_customer,3,54,200,13.789700,
segmentation_only,2,2,perf-segmentation_only-r002-20260818T050607Z,loan_to_customer,3,55,200,14.277100,
segmentation_only,2,2,perf-segmentation_only-r002-20260818T050607Z,loan_to_customer,3,56,200,13.960400,
segmentation_only,2,2,perf-segmentation_only-r002-20260818T050607Z,loan_to_customer,3,57,200,14.228800,
segmentation_only,2,2,perf-segmentation_only-r002-20260818T050607Z,loan_to_customer,3,58,200,14.519800,
segmentation_only,2,2,perf-segmentation_only-r002-20260818T050607Z,loan_to_customer,3,59,200,14.764400,
segmentation_only,2,2,perf-segmentation_only-r002-20260818T050607Z,loan_to_customer,3,60,200,14.941500,
segmentation_only,2,2,perf-segmentation_only-r002-20260818T050607Z,loan_to_customer,3,61,200,15.715300,
segmentation_only,2,2,perf-segmentation_only-r002-20260818T050607Z,loan_to_customer,3,62,200,14.371700,
segmentation_only,2,2,perf-segmentation_only-r002-20260818T050607Z,loan_to_customer,3,63,200,13.817600,
segmentation_only,2,2,perf-segmentation_only-r002-20260818T050607Z,loan_to_customer,3,64,200,14.212400,
segmentation_only,2,2,perf-segmentation_only-r002-20260818T050607Z,loan_to_customer,3,65,200,14.186500,
segmentation_only,2,2,perf-segmentation_only-r002-20260818T050607Z,loan_to_customer,3,66,200,13.908300,
segmentation_only,2,2,perf-segmentation_only-r002-20260818T050607Z,loan_to_customer,3,67,200,14.296400,
segmentation_only,2,2,perf-segmentation_only-r002-20260818T050607Z,loan_to_customer,3,68,200,14.571000,
segmentation_only,2,2,perf-segmentation_only-r002-20260818T050607Z,loan_to_customer,3,69,200,14.162600,
segmentation_only,2,2,perf-segmentation_only-r002-20260818T050607Z,loan_to_customer,3,70,200,14.061000,
segmentation_only,2,2,perf-segmentation_only-r002-20260818T050607Z,loan_to_customer,3,71,200,13.598600,
segmentation_only,2,2,perf-segmentation_only-r002-20260818T050607Z,loan_to_customer,3,72,200,14.537300,
segmentation_only,2,2,perf-segmentation_only-r002-20260818T050607Z,loan_to_customer,3,73,200,14.040800,
segmentation_only,2,2,perf-segmentation_only-r002-20260818T050607Z,loan_to_customer,3,74,200,14.023000,
segmentation_only,2,2,perf-segmentation_only-r002-20260818T050607Z,loan_to_customer,3,75,200,14.392400,
segmentation_only,2,2,perf-segmentation_only-r002-20260818T050607Z,loan_to_customer,3,76,200,13.899900,
segmentation_only,2,2,perf-segmentation_only-r002-20260818T050607Z,loan_to_customer,3,77,200,14.080500,
segmentation_only,2,2,perf-segmentation_only-r002-20260818T050607Z,loan_to_customer,3,78,200,14.476300,
segmentation_only,2,2,perf-segmentation_only-r002-20260818T050607Z,loan_to_customer,3,79,200,13.842100,
segmentation_only,2,2,perf-segmentation_only-r002-20260818T050607Z,loan_to_customer,3,80,200,14.262000,
segmentation_only,2,2,perf-segmentation_only-r002-20260818T050607Z,loan_to_customer,3,81,200,14.286900,
segmentation_only,2,2,perf-segmentation_only-r002-20260818T050607Z,loan_to_customer,3,82,200,14.252500,
segmentation_only,2,2,perf-segmentation_only-r002-20260818T050607Z,loan_to_customer,3,83,200,14.345100,
segmentation_only,2,2,perf-segmentation_only-r002-20260818T050607Z,loan_to_customer,3,84,200,15.528600,
segmentation_only,2,2,perf-segmentation_only-r002-20260818T050607Z,loan_to_customer,3,85,200,15.209900,
segmentation_only,2,2,perf-segmentation_only-r002-20260818T050607Z,loan_to_customer,3,86,200,15.495300,
segmentation_only,2,2,perf-segmentation_only-r002-20260818T050607Z,loan_to_customer,3,87,200,16.330600,
segmentation_only,2,2,perf-segmentation_only-r002-20260818T050607Z,loan_to_customer,3,88,200,16.214900,
segmentation_only,2,2,perf-segmentation_only-r002-20260818T050607Z,loan_to_customer,3,89,200,16.276500,
segmentation_only,2,2,perf-segmentation_only-r002-20260818T050607Z,loan_to_customer,3,90,200,15.277600,
segmentation_only,2,2,perf-segmentation_only-r002-20260818T050607Z,loan_to_customer,3,91,200,15.721400,
segmentation_only,2,2,perf-segmentation_only-r002-20260818T050607Z,loan_to_customer,3,92,200,14.815800,
segmentation_only,2,2,perf-segmentation_only-r002-20260818T050607Z,loan_to_customer,3,93,200,14.936700,
segmentation_only,2,2,perf-segmentation_only-r002-20260818T050607Z,loan_to_customer,3,94,200,13.955800,
segmentation_only,2,2,perf-segmentation_only-r002-20260818T050607Z,loan_to_customer,3,95,200,13.870500,
segmentation_only,2,2,perf-segmentation_only-r002-20260818T050607Z,loan_to_customer,3,96,200,14.820200,
segmentation_only,2,2,perf-segmentation_only-r002-20260818T050607Z,loan_to_customer,3,97,200,14.526400,
segmentation_only,2,2,perf-segmentation_only-r002-20260818T050607Z,loan_to_customer,3,98,200,14.164900,
segmentation_only,2,2,perf-segmentation_only-r002-20260818T050607Z,loan_to_customer,3,99,200,14.078500,
segmentation_only,2,2,perf-segmentation_only-r002-20260818T050607Z,loan_to_customer,3,100,200,14.515800,
segmentation_only,2,2,perf-segmentation_only-r002-20260818T050607Z,loan_to_customer,3,101,200,14.326400,
segmentation_only,2,2,perf-segmentation_only-r002-20260818T050607Z,loan_to_customer,3,102,200,13.897700,
segmentation_only,2,2,perf-segmentation_only-r002-20260818T050607Z,loan_to_customer,3,103,200,14.056800,
segmentation_only,2,2,perf-segmentation_only-r002-20260818T050607Z,loan_to_customer,3,104,200,14.351100,
segmentation_only,2,2,perf-segmentation_only-r002-20260818T050607Z,loan_to_customer,3,105,200,13.861600,
segmentation_only,2,2,perf-segmentation_only-r002-20260818T050607Z,loan_to_customer,3,106,200,13.913700,
segmentation_only,2,2,perf-segmentation_only-r002-20260818T050607Z,loan_to_customer,3,107,200,14.205100,
segmentation_only,2,2,perf-segmentation_only-r002-20260818T050607Z,loan_to_customer,3,108,200,13.492900,
segmentation_only,2,2,perf-segmentation_only-r002-20260818T050607Z,loan_to_customer,3,109,200,13.529600,
segmentation_only,2,2,perf-segmentation_only-r002-20260818T050607Z,loan_to_customer,3,110,200,14.705700,
segmentation_only,2,2,perf-segmentation_only-r002-20260818T050607Z,loan_to_customer,3,111,200,13.981500,
segmentation_only,2,2,perf-segmentation_only-r002-20260818T050607Z,loan_to_customer,3,112,200,14.542500,
segmentation_only,2,2,perf-segmentation_only-r002-20260818T050607Z,loan_to_customer,3,113,200,14.498600,
segmentation_only,2,2,perf-segmentation_only-r002-20260818T050607Z,loan_to_customer,3,114,200,14.472700,
segmentation_only,2,2,perf-segmentation_only-r002-20260818T050607Z,loan_to_customer,3,115,200,13.774900,
segmentation_only,2,2,perf-segmentation_only-r002-20260818T050607Z,loan_to_customer,3,116,200,14.143900,
segmentation_only,2,2,perf-segmentation_only-r002-20260818T050607Z,loan_to_customer,3,117,200,14.279700,
segmentation_only,2,2,perf-segmentation_only-r002-20260818T050607Z,loan_to_customer,3,118,200,14.418000,
segmentation_only,2,2,perf-segmentation_only-r002-20260818T050607Z,loan_to_customer,3,119,200,14.053700,
segmentation_only,2,2,perf-segmentation_only-r002-20260818T050607Z,loan_to_customer,3,120,200,14.962800,
segmentation_only,2,2,perf-segmentation_only-r002-20260818T050607Z,loan_to_customer,3,121,200,14.855800,
segmentation_only,2,2,perf-segmentation_only-r002-20260818T050607Z,loan_to_customer,3,122,200,15.122300,
segmentation_only,2,2,perf-segmentation_only-r002-20260818T050607Z,loan_to_customer,3,123,200,15.657100,
segmentation_only,2,2,perf-segmentation_only-r002-20260818T050607Z,loan_to_customer,3,124,200,14.445200,
segmentation_only,2,2,perf-segmentation_only-r002-20260818T050607Z,loan_to_customer,3,125,200,14.500300,
segmentation_only,2,2,perf-segmentation_only-r002-20260818T050607Z,loan_to_customer,3,126,200,14.783100,
segmentation_only,2,2,perf-segmentation_only-r002-20260818T050607Z,loan_to_customer,3,127,200,14.043200,
segmentation_only,2,2,perf-segmentation_only-r002-20260818T050607Z,loan_to_customer,3,128,200,14.249500,
segmentation_only,2,2,perf-segmentation_only-r002-20260818T050607Z,loan_to_customer,3,129,200,15.804600,
segmentation_only,2,2,perf-segmentation_only-r002-20260818T050607Z,loan_to_customer,3,130,200,15.294800,
segmentation_only,2,2,perf-segmentation_only-r002-20260818T050607Z,loan_to_customer,3,131,200,14.895900,
segmentation_only,2,2,perf-segmentation_only-r002-20260818T050607Z,loan_to_customer,3,132,200,13.877900,
segmentation_only,2,2,perf-segmentation_only-r002-20260818T050607Z,loan_to_customer,3,133,200,14.684700,
segmentation_only,2,2,perf-segmentation_only-r002-20260818T050607Z,loan_to_customer,3,134,200,14.513300,
segmentation_only,2,2,perf-segmentation_only-r002-20260818T050607Z,loan_to_customer,3,135,200,14.132800,
segmentation_only,2,2,perf-segmentation_only-r002-20260818T050607Z,loan_to_customer,3,136,200,14.542300,
segmentation_only,2,2,perf-segmentation_only-r002-20260818T050607Z,loan_to_customer,3,137,200,14.123900,
segmentation_only,2,2,perf-segmentation_only-r002-20260818T050607Z,loan_to_customer,3,138,200,13.952400,
segmentation_only,2,2,perf-segmentation_only-r002-20260818T050607Z,loan_to_customer,3,139,200,14.119800,
segmentation_only,2,2,perf-segmentation_only-r002-20260818T050607Z,loan_to_customer,3,140,200,14.055000,
segmentation_only,2,2,perf-segmentation_only-r002-20260818T050607Z,loan_to_customer,3,141,200,13.641000,
segmentation_only,2,2,perf-segmentation_only-r002-20260818T050607Z,loan_to_customer,3,142,200,14.643900,
segmentation_only,2,2,perf-segmentation_only-r002-20260818T050607Z,loan_to_customer,3,143,200,14.635500,
segmentation_only,2,2,perf-segmentation_only-r002-20260818T050607Z,loan_to_customer,3,144,200,14.196300,
segmentation_only,2,2,perf-segmentation_only-r002-20260818T050607Z,loan_to_customer,3,145,200,14.242500,
segmentation_only,2,2,perf-segmentation_only-r002-20260818T050607Z,loan_to_customer,3,146,200,14.238800,
segmentation_only,2,2,perf-segmentation_only-r002-20260818T050607Z,loan_to_customer,3,147,200,13.868700,
segmentation_only,2,2,perf-segmentation_only-r002-20260818T050607Z,loan_to_customer,3,148,200,14.090900,
segmentation_only,2,2,perf-segmentation_only-r002-20260818T050607Z,loan_to_customer,3,149,200,14.505000,
segmentation_only,2,2,perf-segmentation_only-r002-20260818T050607Z,loan_to_customer,3,150,200,14.789400,
segmentation_only,2,2,perf-segmentation_only-r002-20260818T050607Z,loan_to_customer,3,151,200,14.332900,
segmentation_only,2,2,perf-segmentation_only-r002-20260818T050607Z,loan_to_customer,3,152,200,14.770700,
segmentation_only,2,2,perf-segmentation_only-r002-20260818T050607Z,loan_to_customer,3,153,200,14.031000,
segmentation_only,2,2,perf-segmentation_only-r002-20260818T050607Z,loan_to_customer,3,154,200,14.471600,
segmentation_only,2,2,perf-segmentation_only-r002-20260818T050607Z,loan_to_customer,3,155,200,14.918900,
segmentation_only,2,2,perf-segmentation_only-r002-20260818T050607Z,loan_to_customer,3,156,200,15.169300,
segmentation_only,2,2,perf-segmentation_only-r002-20260818T050607Z,loan_to_customer,3,157,200,14.959000,
segmentation_only,2,2,perf-segmentation_only-r002-20260818T050607Z,loan_to_customer,3,158,200,15.553100,
segmentation_only,2,2,perf-segmentation_only-r002-20260818T050607Z,loan_to_customer,3,159,200,15.204800,
segmentation_only,2,2,perf-segmentation_only-r002-20260818T050607Z,loan_to_customer,3,160,200,14.426900,
segmentation_only,2,2,perf-segmentation_only-r002-20260818T050607Z,loan_to_customer,3,161,200,14.924200,
segmentation_only,2,2,perf-segmentation_only-r002-20260818T050607Z,loan_to_customer,3,162,200,14.703500,
segmentation_only,2,2,perf-segmentation_only-r002-20260818T050607Z,loan_to_customer,3,163,200,14.871200,
segmentation_only,2,2,perf-segmentation_only-r002-20260818T050607Z,loan_to_customer,3,164,200,15.212900,
segmentation_only,2,2,perf-segmentation_only-r002-20260818T050607Z,loan_to_customer,3,165,200,14.819500,
segmentation_only,2,2,perf-segmentation_only-r002-20260818T050607Z,loan_to_customer,3,166,200,15.714300,
segmentation_only,2,2,perf-segmentation_only-r002-20260818T050607Z,loan_to_customer,3,167,200,15.557400,
segmentation_only,2,2,perf-segmentation_only-r002-20260818T050607Z,loan_to_customer,3,168,200,15.013800,
segmentation_only,2,2,perf-segmentation_only-r002-20260818T050607Z,loan_to_customer,3,169,200,14.548900,
segmentation_only,2,2,perf-segmentation_only-r002-20260818T050607Z,loan_to_customer,3,170,200,14.517200,
segmentation_only,2,2,perf-segmentation_only-r002-20260818T050607Z,loan_to_customer,3,171,200,14.865600,
segmentation_only,2,2,perf-segmentation_only-r002-20260818T050607Z,loan_to_customer,3,172,200,14.681100,
segmentation_only,2,2,perf-segmentation_only-r002-20260818T050607Z,loan_to_customer,3,173,200,14.110900,
segmentation_only,2,2,perf-segmentation_only-r002-20260818T050607Z,loan_to_customer,3,174,200,14.756700,
segmentation_only,2,2,perf-segmentation_only-r002-20260818T050607Z,loan_to_customer,3,175,200,15.272500,
segmentation_only,2,2,perf-segmentation_only-r002-20260818T050607Z,loan_to_customer,3,176,200,15.604300,
segmentation_only,2,2,perf-segmentation_only-r002-20260818T050607Z,loan_to_customer,3,177,200,15.353300,
segmentation_only,2,2,perf-segmentation_only-r002-20260818T050607Z,loan_to_customer,3,178,200,14.796000,
segmentation_only,2,2,perf-segmentation_only-r002-20260818T050607Z,loan_to_customer,3,179,200,14.598300,
segmentation_only,2,2,perf-segmentation_only-r002-20260818T050607Z,loan_to_customer,3,180,200,15.362300,
segmentation_only,2,2,perf-segmentation_only-r002-20260818T050607Z,loan_to_customer,3,181,200,15.266200,
segmentation_only,2,2,perf-segmentation_only-r002-20260818T050607Z,loan_to_customer,3,182,200,16.645800,
segmentation_only,2,2,perf-segmentation_only-r002-20260818T050607Z,loan_to_customer,3,183,200,15.073500,
segmentation_only,2,2,perf-segmentation_only-r002-20260818T050607Z,loan_to_customer,3,184,200,15.026900,
segmentation_only,2,2,perf-segmentation_only-r002-20260818T050607Z,loan_to_customer,3,185,200,13.993900,
segmentation_only,2,2,perf-segmentation_only-r002-20260818T050607Z,loan_to_customer,3,186,200,17.146600,
segmentation_only,2,2,perf-segmentation_only-r002-20260818T050607Z,loan_to_customer,3,187,200,14.419600,
segmentation_only,2,2,perf-segmentation_only-r002-20260818T050607Z,loan_to_customer,3,188,200,15.361300,
segmentation_only,2,2,perf-segmentation_only-r002-20260818T050607Z,loan_to_customer,3,189,200,15.290900,
segmentation_only,2,2,perf-segmentation_only-r002-20260818T050607Z,loan_to_customer,3,190,200,14.672600,
segmentation_only,2,2,perf-segmentation_only-r002-20260818T050607Z,loan_to_customer,3,191,200,14.505400,
segmentation_only,2,2,perf-segmentation_only-r002-20260818T050607Z,loan_to_customer,3,192,200,14.290200,
segmentation_only,2,2,perf-segmentation_only-r002-20260818T050607Z,loan_to_customer,3,193,200,13.821500,
segmentation_only,2,2,perf-segmentation_only-r002-20260818T050607Z,loan_to_customer,3,194,200,15.511600,
segmentation_only,2,2,perf-segmentation_only-r002-20260818T050607Z,loan_to_customer,3,195,200,16.114400,
segmentation_only,2,2,perf-segmentation_only-r002-20260818T050607Z,loan_to_customer,3,196,200,15.885200,
segmentation_only,2,2,perf-segmentation_only-r002-20260818T050607Z,loan_to_customer,3,197,200,15.976000,
segmentation_only,2,2,perf-segmentation_only-r002-20260818T050607Z,loan_to_customer,3,198,200,16.179700,
segmentation_only,2,2,perf-segmentation_only-r002-20260818T050607Z,loan_to_customer,3,199,200,14.549500,
segmentation_only,2,2,perf-segmentation_only-r002-20260818T050607Z,loan_to_customer,3,200,200,14.307700,
segmentation_only,2,2,perf-segmentation_only-r002-20260818T050607Z,loan_to_credit,1,1,200,17.458100,
segmentation_only,2,2,perf-segmentation_only-r002-20260818T050607Z,loan_to_credit,1,2,200,18.567400,
segmentation_only,2,2,perf-segmentation_only-r002-20260818T050607Z,loan_to_credit,1,3,200,17.086300,
segmentation_only,2,2,perf-segmentation_only-r002-20260818T050607Z,loan_to_credit,1,4,200,16.697300,
segmentation_only,2,2,perf-segmentation_only-r002-20260818T050607Z,loan_to_credit,1,5,200,16.991100,
segmentation_only,2,2,perf-segmentation_only-r002-20260818T050607Z,loan_to_credit,1,6,200,16.896900,
segmentation_only,2,2,perf-segmentation_only-r002-20260818T050607Z,loan_to_credit,1,7,200,16.212300,
segmentation_only,2,2,perf-segmentation_only-r002-20260818T050607Z,loan_to_credit,1,8,200,15.525000,
segmentation_only,2,2,perf-segmentation_only-r002-20260818T050607Z,loan_to_credit,1,9,200,16.328300,
segmentation_only,2,2,perf-segmentation_only-r002-20260818T050607Z,loan_to_credit,1,10,200,15.973800,
segmentation_only,2,2,perf-segmentation_only-r002-20260818T050607Z,loan_to_credit,1,11,200,15.747200,
segmentation_only,2,2,perf-segmentation_only-r002-20260818T050607Z,loan_to_credit,1,12,200,16.103100,
segmentation_only,2,2,perf-segmentation_only-r002-20260818T050607Z,loan_to_credit,1,13,200,15.949900,
segmentation_only,2,2,perf-segmentation_only-r002-20260818T050607Z,loan_to_credit,1,14,200,15.821500,
segmentation_only,2,2,perf-segmentation_only-r002-20260818T050607Z,loan_to_credit,1,15,200,16.317300,
segmentation_only,2,2,perf-segmentation_only-r002-20260818T050607Z,loan_to_credit,1,16,200,16.638700,
segmentation_only,2,2,perf-segmentation_only-r002-20260818T050607Z,loan_to_credit,1,17,200,15.800200,
segmentation_only,2,2,perf-segmentation_only-r002-20260818T050607Z,loan_to_credit,1,18,200,15.004900,
segmentation_only,2,2,perf-segmentation_only-r002-20260818T050607Z,loan_to_credit,1,19,200,16.187300,
segmentation_only,2,2,perf-segmentation_only-r002-20260818T050607Z,loan_to_credit,1,20,200,15.837500,
segmentation_only,2,2,perf-segmentation_only-r002-20260818T050607Z,loan_to_credit,1,21,200,16.387300,
segmentation_only,2,2,perf-segmentation_only-r002-20260818T050607Z,loan_to_credit,1,22,200,16.531800,
segmentation_only,2,2,perf-segmentation_only-r002-20260818T050607Z,loan_to_credit,1,23,200,16.450200,
segmentation_only,2,2,perf-segmentation_only-r002-20260818T050607Z,loan_to_credit,1,24,200,16.606900,
segmentation_only,2,2,perf-segmentation_only-r002-20260818T050607Z,loan_to_credit,1,25,200,16.374500,
segmentation_only,2,2,perf-segmentation_only-r002-20260818T050607Z,loan_to_credit,1,26,200,16.754300,
segmentation_only,2,2,perf-segmentation_only-r002-20260818T050607Z,loan_to_credit,1,27,200,16.093900,
segmentation_only,2,2,perf-segmentation_only-r002-20260818T050607Z,loan_to_credit,1,28,200,16.849500,
segmentation_only,2,2,perf-segmentation_only-r002-20260818T050607Z,loan_to_credit,1,29,200,15.859700,
segmentation_only,2,2,perf-segmentation_only-r002-20260818T050607Z,loan_to_credit,1,30,200,15.880700,
segmentation_only,2,2,perf-segmentation_only-r002-20260818T050607Z,loan_to_credit,1,31,200,16.171900,
segmentation_only,2,2,perf-segmentation_only-r002-20260818T050607Z,loan_to_credit,1,32,200,16.036200,
segmentation_only,2,2,perf-segmentation_only-r002-20260818T050607Z,loan_to_credit,1,33,200,15.965900,
segmentation_only,2,2,perf-segmentation_only-r002-20260818T050607Z,loan_to_credit,1,34,200,15.742200,
segmentation_only,2,2,perf-segmentation_only-r002-20260818T050607Z,loan_to_credit,1,35,200,16.056000,
segmentation_only,2,2,perf-segmentation_only-r002-20260818T050607Z,loan_to_credit,1,36,200,17.717300,
segmentation_only,2,2,perf-segmentation_only-r002-20260818T050607Z,loan_to_credit,1,37,200,17.487300,
segmentation_only,2,2,perf-segmentation_only-r002-20260818T050607Z,loan_to_credit,1,38,200,16.951800,
segmentation_only,2,2,perf-segmentation_only-r002-20260818T050607Z,loan_to_credit,1,39,200,17.194400,
segmentation_only,2,2,perf-segmentation_only-r002-20260818T050607Z,loan_to_credit,1,40,200,17.285400,
segmentation_only,2,2,perf-segmentation_only-r002-20260818T050607Z,loan_to_credit,1,41,200,16.645700,
segmentation_only,2,2,perf-segmentation_only-r002-20260818T050607Z,loan_to_credit,1,42,200,17.208200,
segmentation_only,2,2,perf-segmentation_only-r002-20260818T050607Z,loan_to_credit,1,43,200,16.937800,
segmentation_only,2,2,perf-segmentation_only-r002-20260818T050607Z,loan_to_credit,1,44,200,16.701400,
segmentation_only,2,2,perf-segmentation_only-r002-20260818T050607Z,loan_to_credit,1,45,200,17.362400,
segmentation_only,2,2,perf-segmentation_only-r002-20260818T050607Z,loan_to_credit,1,46,200,16.711000,
segmentation_only,2,2,perf-segmentation_only-r002-20260818T050607Z,loan_to_credit,1,47,200,17.645800,
segmentation_only,2,2,perf-segmentation_only-r002-20260818T050607Z,loan_to_credit,1,48,200,16.139600,
segmentation_only,2,2,perf-segmentation_only-r002-20260818T050607Z,loan_to_credit,1,49,200,17.218200,
segmentation_only,2,2,perf-segmentation_only-r002-20260818T050607Z,loan_to_credit,1,50,200,19.822300,
segmentation_only,2,2,perf-segmentation_only-r002-20260818T050607Z,loan_to_credit,1,51,200,17.136100,
segmentation_only,2,2,perf-segmentation_only-r002-20260818T050607Z,loan_to_credit,1,52,200,18.009500,
segmentation_only,2,2,perf-segmentation_only-r002-20260818T050607Z,loan_to_credit,1,53,200,16.860200,
segmentation_only,2,2,perf-segmentation_only-r002-20260818T050607Z,loan_to_credit,1,54,200,16.940200,
segmentation_only,2,2,perf-segmentation_only-r002-20260818T050607Z,loan_to_credit,1,55,200,16.932100,
segmentation_only,2,2,perf-segmentation_only-r002-20260818T050607Z,loan_to_credit,1,56,200,17.038700,
segmentation_only,2,2,perf-segmentation_only-r002-20260818T050607Z,loan_to_credit,1,57,200,15.855200,
segmentation_only,2,2,perf-segmentation_only-r002-20260818T050607Z,loan_to_credit,1,58,200,17.146400,
segmentation_only,2,2,perf-segmentation_only-r002-20260818T050607Z,loan_to_credit,1,59,200,17.247600,
segmentation_only,2,2,perf-segmentation_only-r002-20260818T050607Z,loan_to_credit,1,60,200,17.008600,
segmentation_only,2,2,perf-segmentation_only-r002-20260818T050607Z,loan_to_credit,1,61,200,18.637900,
segmentation_only,2,2,perf-segmentation_only-r002-20260818T050607Z,loan_to_credit,1,62,200,16.839300,
segmentation_only,2,2,perf-segmentation_only-r002-20260818T050607Z,loan_to_credit,1,63,200,17.080200,
segmentation_only,2,2,perf-segmentation_only-r002-20260818T050607Z,loan_to_credit,1,64,200,16.920300,
segmentation_only,2,2,perf-segmentation_only-r002-20260818T050607Z,loan_to_credit,1,65,200,17.215900,
segmentation_only,2,2,perf-segmentation_only-r002-20260818T050607Z,loan_to_credit,1,66,200,17.913100,
segmentation_only,2,2,perf-segmentation_only-r002-20260818T050607Z,loan_to_credit,1,67,200,19.037700,
segmentation_only,2,2,perf-segmentation_only-r002-20260818T050607Z,loan_to_credit,1,68,200,18.622200,
segmentation_only,2,2,perf-segmentation_only-r002-20260818T050607Z,loan_to_credit,1,69,200,17.604000,
segmentation_only,2,2,perf-segmentation_only-r002-20260818T050607Z,loan_to_credit,1,70,200,17.558300,
segmentation_only,2,2,perf-segmentation_only-r002-20260818T050607Z,loan_to_credit,1,71,200,17.220600,
segmentation_only,2,2,perf-segmentation_only-r002-20260818T050607Z,loan_to_credit,1,72,200,17.469300,
segmentation_only,2,2,perf-segmentation_only-r002-20260818T050607Z,loan_to_credit,1,73,200,17.162300,
segmentation_only,2,2,perf-segmentation_only-r002-20260818T050607Z,loan_to_credit,1,74,200,16.753200,
segmentation_only,2,2,perf-segmentation_only-r002-20260818T050607Z,loan_to_credit,1,75,200,17.707800,
segmentation_only,2,2,perf-segmentation_only-r002-20260818T050607Z,loan_to_credit,1,76,200,17.034900,
segmentation_only,2,2,perf-segmentation_only-r002-20260818T050607Z,loan_to_credit,1,77,200,16.604400,
segmentation_only,2,2,perf-segmentation_only-r002-20260818T050607Z,loan_to_credit,1,78,200,16.899500,
segmentation_only,2,2,perf-segmentation_only-r002-20260818T050607Z,loan_to_credit,1,79,200,16.921200,
segmentation_only,2,2,perf-segmentation_only-r002-20260818T050607Z,loan_to_credit,1,80,200,17.025400,
segmentation_only,2,2,perf-segmentation_only-r002-20260818T050607Z,loan_to_credit,1,81,200,17.724000,
segmentation_only,2,2,perf-segmentation_only-r002-20260818T050607Z,loan_to_credit,1,82,200,17.141600,
segmentation_only,2,2,perf-segmentation_only-r002-20260818T050607Z,loan_to_credit,1,83,200,16.083000,
segmentation_only,2,2,perf-segmentation_only-r002-20260818T050607Z,loan_to_credit,1,84,200,17.588500,
segmentation_only,2,2,perf-segmentation_only-r002-20260818T050607Z,loan_to_credit,1,85,200,18.108600,
segmentation_only,2,2,perf-segmentation_only-r002-20260818T050607Z,loan_to_credit,1,86,200,16.984000,
segmentation_only,2,2,perf-segmentation_only-r002-20260818T050607Z,loan_to_credit,1,87,200,16.629900,
segmentation_only,2,2,perf-segmentation_only-r002-20260818T050607Z,loan_to_credit,1,88,200,17.544700,
segmentation_only,2,2,perf-segmentation_only-r002-20260818T050607Z,loan_to_credit,1,89,200,17.075500,
segmentation_only,2,2,perf-segmentation_only-r002-20260818T050607Z,loan_to_credit,1,90,200,16.485400,
segmentation_only,2,2,perf-segmentation_only-r002-20260818T050607Z,loan_to_credit,1,91,200,15.786300,
segmentation_only,2,2,perf-segmentation_only-r002-20260818T050607Z,loan_to_credit,1,92,200,16.299800,
segmentation_only,2,2,perf-segmentation_only-r002-20260818T050607Z,loan_to_credit,1,93,200,17.148000,
segmentation_only,2,2,perf-segmentation_only-r002-20260818T050607Z,loan_to_credit,1,94,200,16.040900,
segmentation_only,2,2,perf-segmentation_only-r002-20260818T050607Z,loan_to_credit,1,95,200,17.699100,
segmentation_only,2,2,perf-segmentation_only-r002-20260818T050607Z,loan_to_credit,1,96,200,17.009200,
segmentation_only,2,2,perf-segmentation_only-r002-20260818T050607Z,loan_to_credit,1,97,200,18.119300,
segmentation_only,2,2,perf-segmentation_only-r002-20260818T050607Z,loan_to_credit,1,98,200,16.968800,
segmentation_only,2,2,perf-segmentation_only-r002-20260818T050607Z,loan_to_credit,1,99,200,15.652500,
segmentation_only,2,2,perf-segmentation_only-r002-20260818T050607Z,loan_to_credit,1,100,200,20.276800,
segmentation_only,2,2,perf-segmentation_only-r002-20260818T050607Z,loan_to_credit,1,101,200,16.948500,
segmentation_only,2,2,perf-segmentation_only-r002-20260818T050607Z,loan_to_credit,1,102,200,16.198700,
segmentation_only,2,2,perf-segmentation_only-r002-20260818T050607Z,loan_to_credit,1,103,200,17.819600,
segmentation_only,2,2,perf-segmentation_only-r002-20260818T050607Z,loan_to_credit,1,104,200,15.642300,
segmentation_only,2,2,perf-segmentation_only-r002-20260818T050607Z,loan_to_credit,1,105,200,16.907700,
segmentation_only,2,2,perf-segmentation_only-r002-20260818T050607Z,loan_to_credit,1,106,200,18.152300,
segmentation_only,2,2,perf-segmentation_only-r002-20260818T050607Z,loan_to_credit,1,107,200,15.652900,
segmentation_only,2,2,perf-segmentation_only-r002-20260818T050607Z,loan_to_credit,1,108,200,17.921700,
segmentation_only,2,2,perf-segmentation_only-r002-20260818T050607Z,loan_to_credit,1,109,200,16.404300,
segmentation_only,2,2,perf-segmentation_only-r002-20260818T050607Z,loan_to_credit,1,110,200,17.769600,
segmentation_only,2,2,perf-segmentation_only-r002-20260818T050607Z,loan_to_credit,1,111,200,15.998000,
segmentation_only,2,2,perf-segmentation_only-r002-20260818T050607Z,loan_to_credit,1,112,200,16.953100,
segmentation_only,2,2,perf-segmentation_only-r002-20260818T050607Z,loan_to_credit,1,113,200,15.693900,
segmentation_only,2,2,perf-segmentation_only-r002-20260818T050607Z,loan_to_credit,1,114,200,15.153800,
segmentation_only,2,2,perf-segmentation_only-r002-20260818T050607Z,loan_to_credit,1,115,200,16.023700,
segmentation_only,2,2,perf-segmentation_only-r002-20260818T050607Z,loan_to_credit,1,116,200,15.944500,
segmentation_only,2,2,perf-segmentation_only-r002-20260818T050607Z,loan_to_credit,1,117,200,16.904500,
segmentation_only,2,2,perf-segmentation_only-r002-20260818T050607Z,loan_to_credit,1,118,200,16.448000,
segmentation_only,2,2,perf-segmentation_only-r002-20260818T050607Z,loan_to_credit,1,119,200,16.210300,
segmentation_only,2,2,perf-segmentation_only-r002-20260818T050607Z,loan_to_credit,1,120,200,15.926400,
segmentation_only,2,2,perf-segmentation_only-r002-20260818T050607Z,loan_to_credit,1,121,200,16.511800,
segmentation_only,2,2,perf-segmentation_only-r002-20260818T050607Z,loan_to_credit,1,122,200,16.291800,
segmentation_only,2,2,perf-segmentation_only-r002-20260818T050607Z,loan_to_credit,1,123,200,17.093500,
segmentation_only,2,2,perf-segmentation_only-r002-20260818T050607Z,loan_to_credit,1,124,200,16.011600,
segmentation_only,2,2,perf-segmentation_only-r002-20260818T050607Z,loan_to_credit,1,125,200,15.588800,
segmentation_only,2,2,perf-segmentation_only-r002-20260818T050607Z,loan_to_credit,1,126,200,16.012100,
segmentation_only,2,2,perf-segmentation_only-r002-20260818T050607Z,loan_to_credit,1,127,200,17.227600,
segmentation_only,2,2,perf-segmentation_only-r002-20260818T050607Z,loan_to_credit,1,128,200,17.035900,
segmentation_only,2,2,perf-segmentation_only-r002-20260818T050607Z,loan_to_credit,1,129,200,16.917700,
segmentation_only,2,2,perf-segmentation_only-r002-20260818T050607Z,loan_to_credit,1,130,200,17.184100,
segmentation_only,2,2,perf-segmentation_only-r002-20260818T050607Z,loan_to_credit,1,131,200,19.578400,
segmentation_only,2,2,perf-segmentation_only-r002-20260818T050607Z,loan_to_credit,1,132,200,15.841200,
segmentation_only,2,2,perf-segmentation_only-r002-20260818T050607Z,loan_to_credit,1,133,200,15.890800,
segmentation_only,2,2,perf-segmentation_only-r002-20260818T050607Z,loan_to_credit,1,134,200,16.590200,
segmentation_only,2,2,perf-segmentation_only-r002-20260818T050607Z,loan_to_credit,1,135,200,15.658600,
segmentation_only,2,2,perf-segmentation_only-r002-20260818T050607Z,loan_to_credit,1,136,200,15.920800,
segmentation_only,2,2,perf-segmentation_only-r002-20260818T050607Z,loan_to_credit,1,137,200,15.932000,
segmentation_only,2,2,perf-segmentation_only-r002-20260818T050607Z,loan_to_credit,1,138,200,15.878400,
segmentation_only,2,2,perf-segmentation_only-r002-20260818T050607Z,loan_to_credit,1,139,200,16.020000,
segmentation_only,2,2,perf-segmentation_only-r002-20260818T050607Z,loan_to_credit,1,140,200,16.165100,
segmentation_only,2,2,perf-segmentation_only-r002-20260818T050607Z,loan_to_credit,1,141,200,18.056400,
segmentation_only,2,2,perf-segmentation_only-r002-20260818T050607Z,loan_to_credit,1,142,200,15.576900,
segmentation_only,2,2,perf-segmentation_only-r002-20260818T050607Z,loan_to_credit,1,143,200,15.986600,
segmentation_only,2,2,perf-segmentation_only-r002-20260818T050607Z,loan_to_credit,1,144,200,14.716800,
segmentation_only,2,2,perf-segmentation_only-r002-20260818T050607Z,loan_to_credit,1,145,200,16.382900,
segmentation_only,2,2,perf-segmentation_only-r002-20260818T050607Z,loan_to_credit,1,146,200,16.092000,
segmentation_only,2,2,perf-segmentation_only-r002-20260818T050607Z,loan_to_credit,1,147,200,16.958400,
segmentation_only,2,2,perf-segmentation_only-r002-20260818T050607Z,loan_to_credit,1,148,200,16.244300,
segmentation_only,2,2,perf-segmentation_only-r002-20260818T050607Z,loan_to_credit,1,149,200,15.350700,
segmentation_only,2,2,perf-segmentation_only-r002-20260818T050607Z,loan_to_credit,1,150,200,16.422500,
segmentation_only,2,2,perf-segmentation_only-r002-20260818T050607Z,loan_to_credit,1,151,200,17.137200,
segmentation_only,2,2,perf-segmentation_only-r002-20260818T050607Z,loan_to_credit,1,152,200,15.725500,
segmentation_only,2,2,perf-segmentation_only-r002-20260818T050607Z,loan_to_credit,1,153,200,16.106600,
segmentation_only,2,2,perf-segmentation_only-r002-20260818T050607Z,loan_to_credit,1,154,200,16.018000,
segmentation_only,2,2,perf-segmentation_only-r002-20260818T050607Z,loan_to_credit,1,155,200,16.653500,
segmentation_only,2,2,perf-segmentation_only-r002-20260818T050607Z,loan_to_credit,1,156,200,17.774300,
segmentation_only,2,2,perf-segmentation_only-r002-20260818T050607Z,loan_to_credit,1,157,200,16.416200,
segmentation_only,2,2,perf-segmentation_only-r002-20260818T050607Z,loan_to_credit,1,158,200,17.501000,
segmentation_only,2,2,perf-segmentation_only-r002-20260818T050607Z,loan_to_credit,1,159,200,16.422200,
segmentation_only,2,2,perf-segmentation_only-r002-20260818T050607Z,loan_to_credit,1,160,200,16.191900,
segmentation_only,2,2,perf-segmentation_only-r002-20260818T050607Z,loan_to_credit,1,161,200,15.624600,
segmentation_only,2,2,perf-segmentation_only-r002-20260818T050607Z,loan_to_credit,1,162,200,15.756100,
segmentation_only,2,2,perf-segmentation_only-r002-20260818T050607Z,loan_to_credit,1,163,200,16.177100,
segmentation_only,2,2,perf-segmentation_only-r002-20260818T050607Z,loan_to_credit,1,164,200,15.729300,
segmentation_only,2,2,perf-segmentation_only-r002-20260818T050607Z,loan_to_credit,1,165,200,16.055000,
segmentation_only,2,2,perf-segmentation_only-r002-20260818T050607Z,loan_to_credit,1,166,200,16.295900,
segmentation_only,2,2,perf-segmentation_only-r002-20260818T050607Z,loan_to_credit,1,167,200,15.798300,
segmentation_only,2,2,perf-segmentation_only-r002-20260818T050607Z,loan_to_credit,1,168,200,16.513500,
segmentation_only,2,2,perf-segmentation_only-r002-20260818T050607Z,loan_to_credit,1,169,200,16.577300,
segmentation_only,2,2,perf-segmentation_only-r002-20260818T050607Z,loan_to_credit,1,170,200,15.760100,
segmentation_only,2,2,perf-segmentation_only-r002-20260818T050607Z,loan_to_credit,1,171,200,16.409100,
segmentation_only,2,2,perf-segmentation_only-r002-20260818T050607Z,loan_to_credit,1,172,200,15.634200,
segmentation_only,2,2,perf-segmentation_only-r002-20260818T050607Z,loan_to_credit,1,173,200,16.360100,
segmentation_only,2,2,perf-segmentation_only-r002-20260818T050607Z,loan_to_credit,1,174,200,16.697700,
segmentation_only,2,2,perf-segmentation_only-r002-20260818T050607Z,loan_to_credit,1,175,200,16.146300,
segmentation_only,2,2,perf-segmentation_only-r002-20260818T050607Z,loan_to_credit,1,176,200,15.497700,
segmentation_only,2,2,perf-segmentation_only-r002-20260818T050607Z,loan_to_credit,1,177,200,15.001600,
segmentation_only,2,2,perf-segmentation_only-r002-20260818T050607Z,loan_to_credit,1,178,200,16.337900,
segmentation_only,2,2,perf-segmentation_only-r002-20260818T050607Z,loan_to_credit,1,179,200,15.886600,
segmentation_only,2,2,perf-segmentation_only-r002-20260818T050607Z,loan_to_credit,1,180,200,15.980000,
segmentation_only,2,2,perf-segmentation_only-r002-20260818T050607Z,loan_to_credit,1,181,200,16.007100,
segmentation_only,2,2,perf-segmentation_only-r002-20260818T050607Z,loan_to_credit,1,182,200,16.178300,
segmentation_only,2,2,perf-segmentation_only-r002-20260818T050607Z,loan_to_credit,1,183,200,16.839100,
segmentation_only,2,2,perf-segmentation_only-r002-20260818T050607Z,loan_to_credit,1,184,200,15.895800,
segmentation_only,2,2,perf-segmentation_only-r002-20260818T050607Z,loan_to_credit,1,185,200,16.255100,
segmentation_only,2,2,perf-segmentation_only-r002-20260818T050607Z,loan_to_credit,1,186,200,15.376700,
segmentation_only,2,2,perf-segmentation_only-r002-20260818T050607Z,loan_to_credit,1,187,200,15.107400,
segmentation_only,2,2,perf-segmentation_only-r002-20260818T050607Z,loan_to_credit,1,188,200,17.589900,
segmentation_only,2,2,perf-segmentation_only-r002-20260818T050607Z,loan_to_credit,1,189,200,16.733200,
segmentation_only,2,2,perf-segmentation_only-r002-20260818T050607Z,loan_to_credit,1,190,200,17.055500,
segmentation_only,2,2,perf-segmentation_only-r002-20260818T050607Z,loan_to_credit,1,191,200,17.201700,
segmentation_only,2,2,perf-segmentation_only-r002-20260818T050607Z,loan_to_credit,1,192,200,16.391500,
segmentation_only,2,2,perf-segmentation_only-r002-20260818T050607Z,loan_to_credit,1,193,200,15.900800,
segmentation_only,2,2,perf-segmentation_only-r002-20260818T050607Z,loan_to_credit,1,194,200,16.184300,
segmentation_only,2,2,perf-segmentation_only-r002-20260818T050607Z,loan_to_credit,1,195,200,15.879500,
segmentation_only,2,2,perf-segmentation_only-r002-20260818T050607Z,loan_to_credit,1,196,200,15.903400,
segmentation_only,2,2,perf-segmentation_only-r002-20260818T050607Z,loan_to_credit,1,197,200,16.101200,
segmentation_only,2,2,perf-segmentation_only-r002-20260818T050607Z,loan_to_credit,1,198,200,15.828500,
segmentation_only,2,2,perf-segmentation_only-r002-20260818T050607Z,loan_to_credit,1,199,200,16.001800,
segmentation_only,2,2,perf-segmentation_only-r002-20260818T050607Z,loan_to_credit,1,200,200,16.097200,
segmentation_only,2,2,perf-segmentation_only-r002-20260818T050607Z,loan_to_credit,2,1,200,15.880500,
segmentation_only,2,2,perf-segmentation_only-r002-20260818T050607Z,loan_to_credit,2,2,200,16.108400,
segmentation_only,2,2,perf-segmentation_only-r002-20260818T050607Z,loan_to_credit,2,3,200,18.092700,
segmentation_only,2,2,perf-segmentation_only-r002-20260818T050607Z,loan_to_credit,2,4,200,15.488600,
segmentation_only,2,2,perf-segmentation_only-r002-20260818T050607Z,loan_to_credit,2,5,200,16.083700,
segmentation_only,2,2,perf-segmentation_only-r002-20260818T050607Z,loan_to_credit,2,6,200,16.010300,
segmentation_only,2,2,perf-segmentation_only-r002-20260818T050607Z,loan_to_credit,2,7,200,15.969300,
segmentation_only,2,2,perf-segmentation_only-r002-20260818T050607Z,loan_to_credit,2,8,200,16.342100,
segmentation_only,2,2,perf-segmentation_only-r002-20260818T050607Z,loan_to_credit,2,9,200,15.990200,
segmentation_only,2,2,perf-segmentation_only-r002-20260818T050607Z,loan_to_credit,2,10,200,16.008300,
segmentation_only,2,2,perf-segmentation_only-r002-20260818T050607Z,loan_to_credit,2,11,200,15.605600,
segmentation_only,2,2,perf-segmentation_only-r002-20260818T050607Z,loan_to_credit,2,12,200,16.052900,
segmentation_only,2,2,perf-segmentation_only-r002-20260818T050607Z,loan_to_credit,2,13,200,15.971400,
segmentation_only,2,2,perf-segmentation_only-r002-20260818T050607Z,loan_to_credit,2,14,200,16.276900,
segmentation_only,2,2,perf-segmentation_only-r002-20260818T050607Z,loan_to_credit,2,15,200,15.803000,
segmentation_only,2,2,perf-segmentation_only-r002-20260818T050607Z,loan_to_credit,2,16,200,16.370200,
segmentation_only,2,2,perf-segmentation_only-r002-20260818T050607Z,loan_to_credit,2,17,200,17.605900,
segmentation_only,2,2,perf-segmentation_only-r002-20260818T050607Z,loan_to_credit,2,18,200,17.146300,
segmentation_only,2,2,perf-segmentation_only-r002-20260818T050607Z,loan_to_credit,2,19,200,18.064800,
segmentation_only,2,2,perf-segmentation_only-r002-20260818T050607Z,loan_to_credit,2,20,200,15.743000,
segmentation_only,2,2,perf-segmentation_only-r002-20260818T050607Z,loan_to_credit,2,21,200,16.177700,
segmentation_only,2,2,perf-segmentation_only-r002-20260818T050607Z,loan_to_credit,2,22,200,16.559800,
segmentation_only,2,2,perf-segmentation_only-r002-20260818T050607Z,loan_to_credit,2,23,200,17.074900,
segmentation_only,2,2,perf-segmentation_only-r002-20260818T050607Z,loan_to_credit,2,24,200,17.374800,
segmentation_only,2,2,perf-segmentation_only-r002-20260818T050607Z,loan_to_credit,2,25,200,15.607300,
segmentation_only,2,2,perf-segmentation_only-r002-20260818T050607Z,loan_to_credit,2,26,200,16.212000,
segmentation_only,2,2,perf-segmentation_only-r002-20260818T050607Z,loan_to_credit,2,27,200,17.068000,
segmentation_only,2,2,perf-segmentation_only-r002-20260818T050607Z,loan_to_credit,2,28,200,17.680300,
segmentation_only,2,2,perf-segmentation_only-r002-20260818T050607Z,loan_to_credit,2,29,200,15.562700,
segmentation_only,2,2,perf-segmentation_only-r002-20260818T050607Z,loan_to_credit,2,30,200,16.185700,
segmentation_only,2,2,perf-segmentation_only-r002-20260818T050607Z,loan_to_credit,2,31,200,16.045700,
segmentation_only,2,2,perf-segmentation_only-r002-20260818T050607Z,loan_to_credit,2,32,200,15.907300,
segmentation_only,2,2,perf-segmentation_only-r002-20260818T050607Z,loan_to_credit,2,33,200,16.518800,
segmentation_only,2,2,perf-segmentation_only-r002-20260818T050607Z,loan_to_credit,2,34,200,15.985800,
segmentation_only,2,2,perf-segmentation_only-r002-20260818T050607Z,loan_to_credit,2,35,200,15.376900,
segmentation_only,2,2,perf-segmentation_only-r002-20260818T050607Z,loan_to_credit,2,36,200,15.668200,
segmentation_only,2,2,perf-segmentation_only-r002-20260818T050607Z,loan_to_credit,2,37,200,15.627200,
segmentation_only,2,2,perf-segmentation_only-r002-20260818T050607Z,loan_to_credit,2,38,200,15.707300,
segmentation_only,2,2,perf-segmentation_only-r002-20260818T050607Z,loan_to_credit,2,39,200,14.919300,
segmentation_only,2,2,perf-segmentation_only-r002-20260818T050607Z,loan_to_credit,2,40,200,15.146000,
segmentation_only,2,2,perf-segmentation_only-r002-20260818T050607Z,loan_to_credit,2,41,200,14.995200,
segmentation_only,2,2,perf-segmentation_only-r002-20260818T050607Z,loan_to_credit,2,42,200,16.216700,
segmentation_only,2,2,perf-segmentation_only-r002-20260818T050607Z,loan_to_credit,2,43,200,16.174300,
segmentation_only,2,2,perf-segmentation_only-r002-20260818T050607Z,loan_to_credit,2,44,200,15.895100,
segmentation_only,2,2,perf-segmentation_only-r002-20260818T050607Z,loan_to_credit,2,45,200,15.845000,
segmentation_only,2,2,perf-segmentation_only-r002-20260818T050607Z,loan_to_credit,2,46,200,17.575500,
segmentation_only,2,2,perf-segmentation_only-r002-20260818T050607Z,loan_to_credit,2,47,200,16.207500,
segmentation_only,2,2,perf-segmentation_only-r002-20260818T050607Z,loan_to_credit,2,48,200,16.141700,
segmentation_only,2,2,perf-segmentation_only-r002-20260818T050607Z,loan_to_credit,2,49,200,16.930100,
segmentation_only,2,2,perf-segmentation_only-r002-20260818T050607Z,loan_to_credit,2,50,200,16.117900,
segmentation_only,2,2,perf-segmentation_only-r002-20260818T050607Z,loan_to_credit,2,51,200,17.283200,
segmentation_only,2,2,perf-segmentation_only-r002-20260818T050607Z,loan_to_credit,2,52,200,17.011300,
segmentation_only,2,2,perf-segmentation_only-r002-20260818T050607Z,loan_to_credit,2,53,200,16.952700,
segmentation_only,2,2,perf-segmentation_only-r002-20260818T050607Z,loan_to_credit,2,54,200,16.431700,
segmentation_only,2,2,perf-segmentation_only-r002-20260818T050607Z,loan_to_credit,2,55,200,16.025600,
segmentation_only,2,2,perf-segmentation_only-r002-20260818T050607Z,loan_to_credit,2,56,200,17.742300,
segmentation_only,2,2,perf-segmentation_only-r002-20260818T050607Z,loan_to_credit,2,57,200,18.209900,
segmentation_only,2,2,perf-segmentation_only-r002-20260818T050607Z,loan_to_credit,2,58,200,21.135000,
segmentation_only,2,2,perf-segmentation_only-r002-20260818T050607Z,loan_to_credit,2,59,200,19.820200,
segmentation_only,2,2,perf-segmentation_only-r002-20260818T050607Z,loan_to_credit,2,60,200,21.874300,
segmentation_only,2,2,perf-segmentation_only-r002-20260818T050607Z,loan_to_credit,2,61,200,21.710700,
segmentation_only,2,2,perf-segmentation_only-r002-20260818T050607Z,loan_to_credit,2,62,200,18.424700,
segmentation_only,2,2,perf-segmentation_only-r002-20260818T050607Z,loan_to_credit,2,63,200,19.239900,
segmentation_only,2,2,perf-segmentation_only-r002-20260818T050607Z,loan_to_credit,2,64,200,19.441900,
segmentation_only,2,2,perf-segmentation_only-r002-20260818T050607Z,loan_to_credit,2,65,200,16.713000,
segmentation_only,2,2,perf-segmentation_only-r002-20260818T050607Z,loan_to_credit,2,66,200,16.329700,
segmentation_only,2,2,perf-segmentation_only-r002-20260818T050607Z,loan_to_credit,2,67,200,16.023700,
segmentation_only,2,2,perf-segmentation_only-r002-20260818T050607Z,loan_to_credit,2,68,200,15.976000,
segmentation_only,2,2,perf-segmentation_only-r002-20260818T050607Z,loan_to_credit,2,69,200,17.802200,
segmentation_only,2,2,perf-segmentation_only-r002-20260818T050607Z,loan_to_credit,2,70,200,17.458800,
segmentation_only,2,2,perf-segmentation_only-r002-20260818T050607Z,loan_to_credit,2,71,200,16.764800,
segmentation_only,2,2,perf-segmentation_only-r002-20260818T050607Z,loan_to_credit,2,72,200,15.773100,
segmentation_only,2,2,perf-segmentation_only-r002-20260818T050607Z,loan_to_credit,2,73,200,16.121700,
segmentation_only,2,2,perf-segmentation_only-r002-20260818T050607Z,loan_to_credit,2,74,200,15.970900,
segmentation_only,2,2,perf-segmentation_only-r002-20260818T050607Z,loan_to_credit,2,75,200,16.987700,
segmentation_only,2,2,perf-segmentation_only-r002-20260818T050607Z,loan_to_credit,2,76,200,18.003900,
segmentation_only,2,2,perf-segmentation_only-r002-20260818T050607Z,loan_to_credit,2,77,200,17.429700,
segmentation_only,2,2,perf-segmentation_only-r002-20260818T050607Z,loan_to_credit,2,78,200,16.887500,
segmentation_only,2,2,perf-segmentation_only-r002-20260818T050607Z,loan_to_credit,2,79,200,17.117900,
segmentation_only,2,2,perf-segmentation_only-r002-20260818T050607Z,loan_to_credit,2,80,200,17.052700,
segmentation_only,2,2,perf-segmentation_only-r002-20260818T050607Z,loan_to_credit,2,81,200,16.846800,
segmentation_only,2,2,perf-segmentation_only-r002-20260818T050607Z,loan_to_credit,2,82,200,18.145200,
segmentation_only,2,2,perf-segmentation_only-r002-20260818T050607Z,loan_to_credit,2,83,200,17.620000,
segmentation_only,2,2,perf-segmentation_only-r002-20260818T050607Z,loan_to_credit,2,84,200,16.014100,
segmentation_only,2,2,perf-segmentation_only-r002-20260818T050607Z,loan_to_credit,2,85,200,16.793500,
segmentation_only,2,2,perf-segmentation_only-r002-20260818T050607Z,loan_to_credit,2,86,200,15.940700,
segmentation_only,2,2,perf-segmentation_only-r002-20260818T050607Z,loan_to_credit,2,87,200,16.394000,
segmentation_only,2,2,perf-segmentation_only-r002-20260818T050607Z,loan_to_credit,2,88,200,16.756300,
segmentation_only,2,2,perf-segmentation_only-r002-20260818T050607Z,loan_to_credit,2,89,200,15.545100,
segmentation_only,2,2,perf-segmentation_only-r002-20260818T050607Z,loan_to_credit,2,90,200,14.791400,
segmentation_only,2,2,perf-segmentation_only-r002-20260818T050607Z,loan_to_credit,2,91,200,16.217100,
segmentation_only,2,2,perf-segmentation_only-r002-20260818T050607Z,loan_to_credit,2,92,200,16.020000,
segmentation_only,2,2,perf-segmentation_only-r002-20260818T050607Z,loan_to_credit,2,93,200,15.660300,
segmentation_only,2,2,perf-segmentation_only-r002-20260818T050607Z,loan_to_credit,2,94,200,16.857600,
segmentation_only,2,2,perf-segmentation_only-r002-20260818T050607Z,loan_to_credit,2,95,200,16.760200,
segmentation_only,2,2,perf-segmentation_only-r002-20260818T050607Z,loan_to_credit,2,96,200,15.892900,
segmentation_only,2,2,perf-segmentation_only-r002-20260818T050607Z,loan_to_credit,2,97,200,16.319000,
segmentation_only,2,2,perf-segmentation_only-r002-20260818T050607Z,loan_to_credit,2,98,200,15.553800,
segmentation_only,2,2,perf-segmentation_only-r002-20260818T050607Z,loan_to_credit,2,99,200,18.715000,
segmentation_only,2,2,perf-segmentation_only-r002-20260818T050607Z,loan_to_credit,2,100,200,18.293400,
segmentation_only,2,2,perf-segmentation_only-r002-20260818T050607Z,loan_to_credit,2,101,200,17.480400,
segmentation_only,2,2,perf-segmentation_only-r002-20260818T050607Z,loan_to_credit,2,102,200,16.978700,
segmentation_only,2,2,perf-segmentation_only-r002-20260818T050607Z,loan_to_credit,2,103,200,17.421300,
segmentation_only,2,2,perf-segmentation_only-r002-20260818T050607Z,loan_to_credit,2,104,200,16.263500,
segmentation_only,2,2,perf-segmentation_only-r002-20260818T050607Z,loan_to_credit,2,105,200,18.614800,
segmentation_only,2,2,perf-segmentation_only-r002-20260818T050607Z,loan_to_credit,2,106,200,17.512900,
segmentation_only,2,2,perf-segmentation_only-r002-20260818T050607Z,loan_to_credit,2,107,200,17.752300,
segmentation_only,2,2,perf-segmentation_only-r002-20260818T050607Z,loan_to_credit,2,108,200,17.232700,
segmentation_only,2,2,perf-segmentation_only-r002-20260818T050607Z,loan_to_credit,2,109,200,17.556800,
segmentation_only,2,2,perf-segmentation_only-r002-20260818T050607Z,loan_to_credit,2,110,200,16.973300,
segmentation_only,2,2,perf-segmentation_only-r002-20260818T050607Z,loan_to_credit,2,111,200,16.286500,
segmentation_only,2,2,perf-segmentation_only-r002-20260818T050607Z,loan_to_credit,2,112,200,17.376800,
segmentation_only,2,2,perf-segmentation_only-r002-20260818T050607Z,loan_to_credit,2,113,200,16.554600,
segmentation_only,2,2,perf-segmentation_only-r002-20260818T050607Z,loan_to_credit,2,114,200,16.972300,
segmentation_only,2,2,perf-segmentation_only-r002-20260818T050607Z,loan_to_credit,2,115,200,16.925900,
segmentation_only,2,2,perf-segmentation_only-r002-20260818T050607Z,loan_to_credit,2,116,200,16.799100,
segmentation_only,2,2,perf-segmentation_only-r002-20260818T050607Z,loan_to_credit,2,117,200,15.930700,
segmentation_only,2,2,perf-segmentation_only-r002-20260818T050607Z,loan_to_credit,2,118,200,17.245500,
segmentation_only,2,2,perf-segmentation_only-r002-20260818T050607Z,loan_to_credit,2,119,200,17.380900,
segmentation_only,2,2,perf-segmentation_only-r002-20260818T050607Z,loan_to_credit,2,120,200,16.391900,
segmentation_only,2,2,perf-segmentation_only-r002-20260818T050607Z,loan_to_credit,2,121,200,16.803600,
segmentation_only,2,2,perf-segmentation_only-r002-20260818T050607Z,loan_to_credit,2,122,200,17.290700,
segmentation_only,2,2,perf-segmentation_only-r002-20260818T050607Z,loan_to_credit,2,123,200,15.610100,
segmentation_only,2,2,perf-segmentation_only-r002-20260818T050607Z,loan_to_credit,2,124,200,15.996000,
segmentation_only,2,2,perf-segmentation_only-r002-20260818T050607Z,loan_to_credit,2,125,200,16.765800,
segmentation_only,2,2,perf-segmentation_only-r002-20260818T050607Z,loan_to_credit,2,126,200,16.042100,
segmentation_only,2,2,perf-segmentation_only-r002-20260818T050607Z,loan_to_credit,2,127,200,16.366700,
segmentation_only,2,2,perf-segmentation_only-r002-20260818T050607Z,loan_to_credit,2,128,200,15.840500,
segmentation_only,2,2,perf-segmentation_only-r002-20260818T050607Z,loan_to_credit,2,129,200,15.761000,
segmentation_only,2,2,perf-segmentation_only-r002-20260818T050607Z,loan_to_credit,2,130,200,16.046400,
segmentation_only,2,2,perf-segmentation_only-r002-20260818T050607Z,loan_to_credit,2,131,200,15.833900,
segmentation_only,2,2,perf-segmentation_only-r002-20260818T050607Z,loan_to_credit,2,132,200,14.734500,
segmentation_only,2,2,perf-segmentation_only-r002-20260818T050607Z,loan_to_credit,2,133,200,16.637900,
segmentation_only,2,2,perf-segmentation_only-r002-20260818T050607Z,loan_to_credit,2,134,200,16.690800,
segmentation_only,2,2,perf-segmentation_only-r002-20260818T050607Z,loan_to_credit,2,135,200,16.604100,
segmentation_only,2,2,perf-segmentation_only-r002-20260818T050607Z,loan_to_credit,2,136,200,17.017600,
segmentation_only,2,2,perf-segmentation_only-r002-20260818T050607Z,loan_to_credit,2,137,200,16.177300,
segmentation_only,2,2,perf-segmentation_only-r002-20260818T050607Z,loan_to_credit,2,138,200,16.186900,
segmentation_only,2,2,perf-segmentation_only-r002-20260818T050607Z,loan_to_credit,2,139,200,16.126800,
segmentation_only,2,2,perf-segmentation_only-r002-20260818T050607Z,loan_to_credit,2,140,200,15.470600,
segmentation_only,2,2,perf-segmentation_only-r002-20260818T050607Z,loan_to_credit,2,141,200,16.541100,
segmentation_only,2,2,perf-segmentation_only-r002-20260818T050607Z,loan_to_credit,2,142,200,15.786400,
segmentation_only,2,2,perf-segmentation_only-r002-20260818T050607Z,loan_to_credit,2,143,200,16.019400,
segmentation_only,2,2,perf-segmentation_only-r002-20260818T050607Z,loan_to_credit,2,144,200,15.994600,
segmentation_only,2,2,perf-segmentation_only-r002-20260818T050607Z,loan_to_credit,2,145,200,16.009900,
segmentation_only,2,2,perf-segmentation_only-r002-20260818T050607Z,loan_to_credit,2,146,200,15.858300,
segmentation_only,2,2,perf-segmentation_only-r002-20260818T050607Z,loan_to_credit,2,147,200,15.770500,
segmentation_only,2,2,perf-segmentation_only-r002-20260818T050607Z,loan_to_credit,2,148,200,15.894200,
segmentation_only,2,2,perf-segmentation_only-r002-20260818T050607Z,loan_to_credit,2,149,200,15.109300,
segmentation_only,2,2,perf-segmentation_only-r002-20260818T050607Z,loan_to_credit,2,150,200,16.237800,
segmentation_only,2,2,perf-segmentation_only-r002-20260818T050607Z,loan_to_credit,2,151,200,16.947800,
segmentation_only,2,2,perf-segmentation_only-r002-20260818T050607Z,loan_to_credit,2,152,200,15.758400,
segmentation_only,2,2,perf-segmentation_only-r002-20260818T050607Z,loan_to_credit,2,153,200,16.093200,
segmentation_only,2,2,perf-segmentation_only-r002-20260818T050607Z,loan_to_credit,2,154,200,15.667400,
segmentation_only,2,2,perf-segmentation_only-r002-20260818T050607Z,loan_to_credit,2,155,200,16.762500,
segmentation_only,2,2,perf-segmentation_only-r002-20260818T050607Z,loan_to_credit,2,156,200,15.501500,
segmentation_only,2,2,perf-segmentation_only-r002-20260818T050607Z,loan_to_credit,2,157,200,16.316800,
segmentation_only,2,2,perf-segmentation_only-r002-20260818T050607Z,loan_to_credit,2,158,200,15.916600,
segmentation_only,2,2,perf-segmentation_only-r002-20260818T050607Z,loan_to_credit,2,159,200,15.540300,
segmentation_only,2,2,perf-segmentation_only-r002-20260818T050607Z,loan_to_credit,2,160,200,15.210800,
segmentation_only,2,2,perf-segmentation_only-r002-20260818T050607Z,loan_to_credit,2,161,200,14.801200,
segmentation_only,2,2,perf-segmentation_only-r002-20260818T050607Z,loan_to_credit,2,162,200,14.837600,
segmentation_only,2,2,perf-segmentation_only-r002-20260818T050607Z,loan_to_credit,2,163,200,16.272700,
segmentation_only,2,2,perf-segmentation_only-r002-20260818T050607Z,loan_to_credit,2,164,200,16.183300,
segmentation_only,2,2,perf-segmentation_only-r002-20260818T050607Z,loan_to_credit,2,165,200,15.667100,
segmentation_only,2,2,perf-segmentation_only-r002-20260818T050607Z,loan_to_credit,2,166,200,16.411400,
segmentation_only,2,2,perf-segmentation_only-r002-20260818T050607Z,loan_to_credit,2,167,200,15.761200,
segmentation_only,2,2,perf-segmentation_only-r002-20260818T050607Z,loan_to_credit,2,168,200,15.710000,
segmentation_only,2,2,perf-segmentation_only-r002-20260818T050607Z,loan_to_credit,2,169,200,15.922400,
segmentation_only,2,2,perf-segmentation_only-r002-20260818T050607Z,loan_to_credit,2,170,200,16.249800,
segmentation_only,2,2,perf-segmentation_only-r002-20260818T050607Z,loan_to_credit,2,171,200,15.787600,
segmentation_only,2,2,perf-segmentation_only-r002-20260818T050607Z,loan_to_credit,2,172,200,16.186900,
segmentation_only,2,2,perf-segmentation_only-r002-20260818T050607Z,loan_to_credit,2,173,200,15.826600,
segmentation_only,2,2,perf-segmentation_only-r002-20260818T050607Z,loan_to_credit,2,174,200,15.746700,
segmentation_only,2,2,perf-segmentation_only-r002-20260818T050607Z,loan_to_credit,2,175,200,16.501500,
segmentation_only,2,2,perf-segmentation_only-r002-20260818T050607Z,loan_to_credit,2,176,200,15.850600,
segmentation_only,2,2,perf-segmentation_only-r002-20260818T050607Z,loan_to_credit,2,177,200,15.961300,
segmentation_only,2,2,perf-segmentation_only-r002-20260818T050607Z,loan_to_credit,2,178,200,16.151200,
segmentation_only,2,2,perf-segmentation_only-r002-20260818T050607Z,loan_to_credit,2,179,200,15.389300,
segmentation_only,2,2,perf-segmentation_only-r002-20260818T050607Z,loan_to_credit,2,180,200,16.425500,
segmentation_only,2,2,perf-segmentation_only-r002-20260818T050607Z,loan_to_credit,2,181,200,15.557500,
segmentation_only,2,2,perf-segmentation_only-r002-20260818T050607Z,loan_to_credit,2,182,200,16.142400,
segmentation_only,2,2,perf-segmentation_only-r002-20260818T050607Z,loan_to_credit,2,183,200,16.648200,
segmentation_only,2,2,perf-segmentation_only-r002-20260818T050607Z,loan_to_credit,2,184,200,18.380400,
segmentation_only,2,2,perf-segmentation_only-r002-20260818T050607Z,loan_to_credit,2,185,200,23.628200,
segmentation_only,2,2,perf-segmentation_only-r002-20260818T050607Z,loan_to_credit,2,186,200,17.976900,
segmentation_only,2,2,perf-segmentation_only-r002-20260818T050607Z,loan_to_credit,2,187,200,20.602400,
segmentation_only,2,2,perf-segmentation_only-r002-20260818T050607Z,loan_to_credit,2,188,200,18.471200,
segmentation_only,2,2,perf-segmentation_only-r002-20260818T050607Z,loan_to_credit,2,189,200,17.680000,
segmentation_only,2,2,perf-segmentation_only-r002-20260818T050607Z,loan_to_credit,2,190,200,16.760000,
segmentation_only,2,2,perf-segmentation_only-r002-20260818T050607Z,loan_to_credit,2,191,200,17.984600,
segmentation_only,2,2,perf-segmentation_only-r002-20260818T050607Z,loan_to_credit,2,192,200,18.119400,
segmentation_only,2,2,perf-segmentation_only-r002-20260818T050607Z,loan_to_credit,2,193,200,15.539000,
segmentation_only,2,2,perf-segmentation_only-r002-20260818T050607Z,loan_to_credit,2,194,200,16.344800,
segmentation_only,2,2,perf-segmentation_only-r002-20260818T050607Z,loan_to_credit,2,195,200,15.820900,
segmentation_only,2,2,perf-segmentation_only-r002-20260818T050607Z,loan_to_credit,2,196,200,16.018300,
segmentation_only,2,2,perf-segmentation_only-r002-20260818T050607Z,loan_to_credit,2,197,200,16.559600,
segmentation_only,2,2,perf-segmentation_only-r002-20260818T050607Z,loan_to_credit,2,198,200,17.213200,
segmentation_only,2,2,perf-segmentation_only-r002-20260818T050607Z,loan_to_credit,2,199,200,15.986000,
segmentation_only,2,2,perf-segmentation_only-r002-20260818T050607Z,loan_to_credit,2,200,200,16.071600,
segmentation_only,2,2,perf-segmentation_only-r002-20260818T050607Z,loan_to_credit,3,1,200,15.880300,
segmentation_only,2,2,perf-segmentation_only-r002-20260818T050607Z,loan_to_credit,3,2,200,16.106600,
segmentation_only,2,2,perf-segmentation_only-r002-20260818T050607Z,loan_to_credit,3,3,200,15.995300,
segmentation_only,2,2,perf-segmentation_only-r002-20260818T050607Z,loan_to_credit,3,4,200,15.925600,
segmentation_only,2,2,perf-segmentation_only-r002-20260818T050607Z,loan_to_credit,3,5,200,16.192200,
segmentation_only,2,2,perf-segmentation_only-r002-20260818T050607Z,loan_to_credit,3,6,200,16.654500,
segmentation_only,2,2,perf-segmentation_only-r002-20260818T050607Z,loan_to_credit,3,7,200,16.006400,
segmentation_only,2,2,perf-segmentation_only-r002-20260818T050607Z,loan_to_credit,3,8,200,15.857500,
segmentation_only,2,2,perf-segmentation_only-r002-20260818T050607Z,loan_to_credit,3,9,200,16.082100,
segmentation_only,2,2,perf-segmentation_only-r002-20260818T050607Z,loan_to_credit,3,10,200,14.796900,
segmentation_only,2,2,perf-segmentation_only-r002-20260818T050607Z,loan_to_credit,3,11,200,15.875200,
segmentation_only,2,2,perf-segmentation_only-r002-20260818T050607Z,loan_to_credit,3,12,200,16.118700,
segmentation_only,2,2,perf-segmentation_only-r002-20260818T050607Z,loan_to_credit,3,13,200,15.198800,
segmentation_only,2,2,perf-segmentation_only-r002-20260818T050607Z,loan_to_credit,3,14,200,15.773200,
segmentation_only,2,2,perf-segmentation_only-r002-20260818T050607Z,loan_to_credit,3,15,200,16.302100,
segmentation_only,2,2,perf-segmentation_only-r002-20260818T050607Z,loan_to_credit,3,16,200,15.260600,
segmentation_only,2,2,perf-segmentation_only-r002-20260818T050607Z,loan_to_credit,3,17,200,16.639600,
segmentation_only,2,2,perf-segmentation_only-r002-20260818T050607Z,loan_to_credit,3,18,200,15.523700,
segmentation_only,2,2,perf-segmentation_only-r002-20260818T050607Z,loan_to_credit,3,19,200,16.548100,
segmentation_only,2,2,perf-segmentation_only-r002-20260818T050607Z,loan_to_credit,3,20,200,16.215900,
segmentation_only,2,2,perf-segmentation_only-r002-20260818T050607Z,loan_to_credit,3,21,200,15.233000,
segmentation_only,2,2,perf-segmentation_only-r002-20260818T050607Z,loan_to_credit,3,22,200,16.617500,
segmentation_only,2,2,perf-segmentation_only-r002-20260818T050607Z,loan_to_credit,3,23,200,15.723800,
segmentation_only,2,2,perf-segmentation_only-r002-20260818T050607Z,loan_to_credit,3,24,200,15.262400,
segmentation_only,2,2,perf-segmentation_only-r002-20260818T050607Z,loan_to_credit,3,25,200,15.812300,
segmentation_only,2,2,perf-segmentation_only-r002-20260818T050607Z,loan_to_credit,3,26,200,16.867700,
segmentation_only,2,2,perf-segmentation_only-r002-20260818T050607Z,loan_to_credit,3,27,200,15.656400,
segmentation_only,2,2,perf-segmentation_only-r002-20260818T050607Z,loan_to_credit,3,28,200,15.916900,
segmentation_only,2,2,perf-segmentation_only-r002-20260818T050607Z,loan_to_credit,3,29,200,16.236100,
segmentation_only,2,2,perf-segmentation_only-r002-20260818T050607Z,loan_to_credit,3,30,200,15.650600,
segmentation_only,2,2,perf-segmentation_only-r002-20260818T050607Z,loan_to_credit,3,31,200,14.983800,
segmentation_only,2,2,perf-segmentation_only-r002-20260818T050607Z,loan_to_credit,3,32,200,15.834800,
segmentation_only,2,2,perf-segmentation_only-r002-20260818T050607Z,loan_to_credit,3,33,200,16.331500,
segmentation_only,2,2,perf-segmentation_only-r002-20260818T050607Z,loan_to_credit,3,34,200,15.784900,
segmentation_only,2,2,perf-segmentation_only-r002-20260818T050607Z,loan_to_credit,3,35,200,16.252400,
segmentation_only,2,2,perf-segmentation_only-r002-20260818T050607Z,loan_to_credit,3,36,200,15.850300,
segmentation_only,2,2,perf-segmentation_only-r002-20260818T050607Z,loan_to_credit,3,37,200,14.895700,
segmentation_only,2,2,perf-segmentation_only-r002-20260818T050607Z,loan_to_credit,3,38,200,15.355400,
segmentation_only,2,2,perf-segmentation_only-r002-20260818T050607Z,loan_to_credit,3,39,200,17.017900,
segmentation_only,2,2,perf-segmentation_only-r002-20260818T050607Z,loan_to_credit,3,40,200,16.155100,
segmentation_only,2,2,perf-segmentation_only-r002-20260818T050607Z,loan_to_credit,3,41,200,16.755000,
segmentation_only,2,2,perf-segmentation_only-r002-20260818T050607Z,loan_to_credit,3,42,200,15.788100,
segmentation_only,2,2,perf-segmentation_only-r002-20260818T050607Z,loan_to_credit,3,43,200,15.651200,
segmentation_only,2,2,perf-segmentation_only-r002-20260818T050607Z,loan_to_credit,3,44,200,15.918200,
segmentation_only,2,2,perf-segmentation_only-r002-20260818T050607Z,loan_to_credit,3,45,200,16.563300,
segmentation_only,2,2,perf-segmentation_only-r002-20260818T050607Z,loan_to_credit,3,46,200,16.181300,
segmentation_only,2,2,perf-segmentation_only-r002-20260818T050607Z,loan_to_credit,3,47,200,16.457900,
segmentation_only,2,2,perf-segmentation_only-r002-20260818T050607Z,loan_to_credit,3,48,200,16.299500,
segmentation_only,2,2,perf-segmentation_only-r002-20260818T050607Z,loan_to_credit,3,49,200,15.538400,
segmentation_only,2,2,perf-segmentation_only-r002-20260818T050607Z,loan_to_credit,3,50,200,15.883700,
segmentation_only,2,2,perf-segmentation_only-r002-20260818T050607Z,loan_to_credit,3,51,200,15.474400,
segmentation_only,2,2,perf-segmentation_only-r002-20260818T050607Z,loan_to_credit,3,52,200,16.009200,
segmentation_only,2,2,perf-segmentation_only-r002-20260818T050607Z,loan_to_credit,3,53,200,15.641000,
segmentation_only,2,2,perf-segmentation_only-r002-20260818T050607Z,loan_to_credit,3,54,200,16.063200,
segmentation_only,2,2,perf-segmentation_only-r002-20260818T050607Z,loan_to_credit,3,55,200,16.034500,
segmentation_only,2,2,perf-segmentation_only-r002-20260818T050607Z,loan_to_credit,3,56,200,15.742400,
segmentation_only,2,2,perf-segmentation_only-r002-20260818T050607Z,loan_to_credit,3,57,200,15.954100,
segmentation_only,2,2,perf-segmentation_only-r002-20260818T050607Z,loan_to_credit,3,58,200,14.876600,
segmentation_only,2,2,perf-segmentation_only-r002-20260818T050607Z,loan_to_credit,3,59,200,16.433600,
segmentation_only,2,2,perf-segmentation_only-r002-20260818T050607Z,loan_to_credit,3,60,200,18.952600,
segmentation_only,2,2,perf-segmentation_only-r002-20260818T050607Z,loan_to_credit,3,61,200,15.816200,
segmentation_only,2,2,perf-segmentation_only-r002-20260818T050607Z,loan_to_credit,3,62,200,15.769400,
segmentation_only,2,2,perf-segmentation_only-r002-20260818T050607Z,loan_to_credit,3,63,200,16.119200,
segmentation_only,2,2,perf-segmentation_only-r002-20260818T050607Z,loan_to_credit,3,64,200,16.084800,
segmentation_only,2,2,perf-segmentation_only-r002-20260818T050607Z,loan_to_credit,3,65,200,15.766600,
segmentation_only,2,2,perf-segmentation_only-r002-20260818T050607Z,loan_to_credit,3,66,200,16.273000,
segmentation_only,2,2,perf-segmentation_only-r002-20260818T050607Z,loan_to_credit,3,67,200,15.789900,
segmentation_only,2,2,perf-segmentation_only-r002-20260818T050607Z,loan_to_credit,3,68,200,16.470600,
segmentation_only,2,2,perf-segmentation_only-r002-20260818T050607Z,loan_to_credit,3,69,200,16.412800,
segmentation_only,2,2,perf-segmentation_only-r002-20260818T050607Z,loan_to_credit,3,70,200,16.501900,
segmentation_only,2,2,perf-segmentation_only-r002-20260818T050607Z,loan_to_credit,3,71,200,16.108300,
segmentation_only,2,2,perf-segmentation_only-r002-20260818T050607Z,loan_to_credit,3,72,200,15.640000,
segmentation_only,2,2,perf-segmentation_only-r002-20260818T050607Z,loan_to_credit,3,73,200,15.781300,
segmentation_only,2,2,perf-segmentation_only-r002-20260818T050607Z,loan_to_credit,3,74,200,15.864400,
segmentation_only,2,2,perf-segmentation_only-r002-20260818T050607Z,loan_to_credit,3,75,200,15.033000,
segmentation_only,2,2,perf-segmentation_only-r002-20260818T050607Z,loan_to_credit,3,76,200,16.021100,
segmentation_only,2,2,perf-segmentation_only-r002-20260818T050607Z,loan_to_credit,3,77,200,16.345900,
segmentation_only,2,2,perf-segmentation_only-r002-20260818T050607Z,loan_to_credit,3,78,200,15.708900,
segmentation_only,2,2,perf-segmentation_only-r002-20260818T050607Z,loan_to_credit,3,79,200,15.933900,
segmentation_only,2,2,perf-segmentation_only-r002-20260818T050607Z,loan_to_credit,3,80,200,14.835700,
segmentation_only,2,2,perf-segmentation_only-r002-20260818T050607Z,loan_to_credit,3,81,200,16.423400,
segmentation_only,2,2,perf-segmentation_only-r002-20260818T050607Z,loan_to_credit,3,82,200,15.682200,
segmentation_only,2,2,perf-segmentation_only-r002-20260818T050607Z,loan_to_credit,3,83,200,15.937100,
segmentation_only,2,2,perf-segmentation_only-r002-20260818T050607Z,loan_to_credit,3,84,200,16.214600,
segmentation_only,2,2,perf-segmentation_only-r002-20260818T050607Z,loan_to_credit,3,85,200,15.731000,
segmentation_only,2,2,perf-segmentation_only-r002-20260818T050607Z,loan_to_credit,3,86,200,16.051600,
segmentation_only,2,2,perf-segmentation_only-r002-20260818T050607Z,loan_to_credit,3,87,200,16.822500,
segmentation_only,2,2,perf-segmentation_only-r002-20260818T050607Z,loan_to_credit,3,88,200,15.862000,
segmentation_only,2,2,perf-segmentation_only-r002-20260818T050607Z,loan_to_credit,3,89,200,16.354900,
segmentation_only,2,2,perf-segmentation_only-r002-20260818T050607Z,loan_to_credit,3,90,200,16.926200,
segmentation_only,2,2,perf-segmentation_only-r002-20260818T050607Z,loan_to_credit,3,91,200,15.622400,
segmentation_only,2,2,perf-segmentation_only-r002-20260818T050607Z,loan_to_credit,3,92,200,16.470400,
segmentation_only,2,2,perf-segmentation_only-r002-20260818T050607Z,loan_to_credit,3,93,200,15.927600,
segmentation_only,2,2,perf-segmentation_only-r002-20260818T050607Z,loan_to_credit,3,94,200,15.803700,
segmentation_only,2,2,perf-segmentation_only-r002-20260818T050607Z,loan_to_credit,3,95,200,16.340000,
segmentation_only,2,2,perf-segmentation_only-r002-20260818T050607Z,loan_to_credit,3,96,200,15.848900,
segmentation_only,2,2,perf-segmentation_only-r002-20260818T050607Z,loan_to_credit,3,97,200,16.083500,
segmentation_only,2,2,perf-segmentation_only-r002-20260818T050607Z,loan_to_credit,3,98,200,16.219400,
segmentation_only,2,2,perf-segmentation_only-r002-20260818T050607Z,loan_to_credit,3,99,200,15.382800,
segmentation_only,2,2,perf-segmentation_only-r002-20260818T050607Z,loan_to_credit,3,100,200,16.082900,
segmentation_only,2,2,perf-segmentation_only-r002-20260818T050607Z,loan_to_credit,3,101,200,16.088500,
segmentation_only,2,2,perf-segmentation_only-r002-20260818T050607Z,loan_to_credit,3,102,200,15.826000,
segmentation_only,2,2,perf-segmentation_only-r002-20260818T050607Z,loan_to_credit,3,103,200,16.017300,
segmentation_only,2,2,perf-segmentation_only-r002-20260818T050607Z,loan_to_credit,3,104,200,16.710600,
segmentation_only,2,2,perf-segmentation_only-r002-20260818T050607Z,loan_to_credit,3,105,200,16.141800,
segmentation_only,2,2,perf-segmentation_only-r002-20260818T050607Z,loan_to_credit,3,106,200,15.891300,
segmentation_only,2,2,perf-segmentation_only-r002-20260818T050607Z,loan_to_credit,3,107,200,15.944400,
segmentation_only,2,2,perf-segmentation_only-r002-20260818T050607Z,loan_to_credit,3,108,200,16.045600,
segmentation_only,2,2,perf-segmentation_only-r002-20260818T050607Z,loan_to_credit,3,109,200,15.608800,
segmentation_only,2,2,perf-segmentation_only-r002-20260818T050607Z,loan_to_credit,3,110,200,15.520100,
segmentation_only,2,2,perf-segmentation_only-r002-20260818T050607Z,loan_to_credit,3,111,200,16.090100,
segmentation_only,2,2,perf-segmentation_only-r002-20260818T050607Z,loan_to_credit,3,112,200,16.596400,
segmentation_only,2,2,perf-segmentation_only-r002-20260818T050607Z,loan_to_credit,3,113,200,16.362600,
segmentation_only,2,2,perf-segmentation_only-r002-20260818T050607Z,loan_to_credit,3,114,200,17.603500,
segmentation_only,2,2,perf-segmentation_only-r002-20260818T050607Z,loan_to_credit,3,115,200,16.540700,
segmentation_only,2,2,perf-segmentation_only-r002-20260818T050607Z,loan_to_credit,3,116,200,16.953000,
segmentation_only,2,2,perf-segmentation_only-r002-20260818T050607Z,loan_to_credit,3,117,200,16.085900,
segmentation_only,2,2,perf-segmentation_only-r002-20260818T050607Z,loan_to_credit,3,118,200,16.833700,
segmentation_only,2,2,perf-segmentation_only-r002-20260818T050607Z,loan_to_credit,3,119,200,17.076600,
segmentation_only,2,2,perf-segmentation_only-r002-20260818T050607Z,loan_to_credit,3,120,200,15.324700,
segmentation_only,2,2,perf-segmentation_only-r002-20260818T050607Z,loan_to_credit,3,121,200,16.488200,
segmentation_only,2,2,perf-segmentation_only-r002-20260818T050607Z,loan_to_credit,3,122,200,16.870600,
segmentation_only,2,2,perf-segmentation_only-r002-20260818T050607Z,loan_to_credit,3,123,200,15.638700,
segmentation_only,2,2,perf-segmentation_only-r002-20260818T050607Z,loan_to_credit,3,124,200,15.811500,
segmentation_only,2,2,perf-segmentation_only-r002-20260818T050607Z,loan_to_credit,3,125,200,16.283600,
segmentation_only,2,2,perf-segmentation_only-r002-20260818T050607Z,loan_to_credit,3,126,200,16.104800,
segmentation_only,2,2,perf-segmentation_only-r002-20260818T050607Z,loan_to_credit,3,127,200,15.718300,
segmentation_only,2,2,perf-segmentation_only-r002-20260818T050607Z,loan_to_credit,3,128,200,16.691800,
segmentation_only,2,2,perf-segmentation_only-r002-20260818T050607Z,loan_to_credit,3,129,200,15.601100,
segmentation_only,2,2,perf-segmentation_only-r002-20260818T050607Z,loan_to_credit,3,130,200,15.759100,
segmentation_only,2,2,perf-segmentation_only-r002-20260818T050607Z,loan_to_credit,3,131,200,16.193800,
segmentation_only,2,2,perf-segmentation_only-r002-20260818T050607Z,loan_to_credit,3,132,200,15.999700,
segmentation_only,2,2,perf-segmentation_only-r002-20260818T050607Z,loan_to_credit,3,133,200,16.165200,
segmentation_only,2,2,perf-segmentation_only-r002-20260818T050607Z,loan_to_credit,3,134,200,15.348200,
segmentation_only,2,2,perf-segmentation_only-r002-20260818T050607Z,loan_to_credit,3,135,200,15.271300,
segmentation_only,2,2,perf-segmentation_only-r002-20260818T050607Z,loan_to_credit,3,136,200,15.639000,
segmentation_only,2,2,perf-segmentation_only-r002-20260818T050607Z,loan_to_credit,3,137,200,15.996500,
segmentation_only,2,2,perf-segmentation_only-r002-20260818T050607Z,loan_to_credit,3,138,200,15.194500,
segmentation_only,2,2,perf-segmentation_only-r002-20260818T050607Z,loan_to_credit,3,139,200,16.347500,
segmentation_only,2,2,perf-segmentation_only-r002-20260818T050607Z,loan_to_credit,3,140,200,15.568700,
segmentation_only,2,2,perf-segmentation_only-r002-20260818T050607Z,loan_to_credit,3,141,200,16.220000,
segmentation_only,2,2,perf-segmentation_only-r002-20260818T050607Z,loan_to_credit,3,142,200,15.693400,
segmentation_only,2,2,perf-segmentation_only-r002-20260818T050607Z,loan_to_credit,3,143,200,17.299000,
segmentation_only,2,2,perf-segmentation_only-r002-20260818T050607Z,loan_to_credit,3,144,200,19.069200,
segmentation_only,2,2,perf-segmentation_only-r002-20260818T050607Z,loan_to_credit,3,145,200,15.270200,
segmentation_only,2,2,perf-segmentation_only-r002-20260818T050607Z,loan_to_credit,3,146,200,16.444500,
segmentation_only,2,2,perf-segmentation_only-r002-20260818T050607Z,loan_to_credit,3,147,200,16.047600,
segmentation_only,2,2,perf-segmentation_only-r002-20260818T050607Z,loan_to_credit,3,148,200,14.482800,
segmentation_only,2,2,perf-segmentation_only-r002-20260818T050607Z,loan_to_credit,3,149,200,15.495100,
segmentation_only,2,2,perf-segmentation_only-r002-20260818T050607Z,loan_to_credit,3,150,200,15.678400,
segmentation_only,2,2,perf-segmentation_only-r002-20260818T050607Z,loan_to_credit,3,151,200,16.390400,
segmentation_only,2,2,perf-segmentation_only-r002-20260818T050607Z,loan_to_credit,3,152,200,15.801000,
segmentation_only,2,2,perf-segmentation_only-r002-20260818T050607Z,loan_to_credit,3,153,200,15.958300,
segmentation_only,2,2,perf-segmentation_only-r002-20260818T050607Z,loan_to_credit,3,154,200,16.356700,
segmentation_only,2,2,perf-segmentation_only-r002-20260818T050607Z,loan_to_credit,3,155,200,16.594700,
segmentation_only,2,2,perf-segmentation_only-r002-20260818T050607Z,loan_to_credit,3,156,200,16.015500,
segmentation_only,2,2,perf-segmentation_only-r002-20260818T050607Z,loan_to_credit,3,157,200,16.217300,
segmentation_only,2,2,perf-segmentation_only-r002-20260818T050607Z,loan_to_credit,3,158,200,17.137400,
segmentation_only,2,2,perf-segmentation_only-r002-20260818T050607Z,loan_to_credit,3,159,200,15.724400,
segmentation_only,2,2,perf-segmentation_only-r002-20260818T050607Z,loan_to_credit,3,160,200,15.994900,
segmentation_only,2,2,perf-segmentation_only-r002-20260818T050607Z,loan_to_credit,3,161,200,15.942700,
segmentation_only,2,2,perf-segmentation_only-r002-20260818T050607Z,loan_to_credit,3,162,200,16.166500,
segmentation_only,2,2,perf-segmentation_only-r002-20260818T050607Z,loan_to_credit,3,163,200,17.257200,
segmentation_only,2,2,perf-segmentation_only-r002-20260818T050607Z,loan_to_credit,3,164,200,16.238900,
segmentation_only,2,2,perf-segmentation_only-r002-20260818T050607Z,loan_to_credit,3,165,200,16.190000,
segmentation_only,2,2,perf-segmentation_only-r002-20260818T050607Z,loan_to_credit,3,166,200,15.856900,
segmentation_only,2,2,perf-segmentation_only-r002-20260818T050607Z,loan_to_credit,3,167,200,17.097300,
segmentation_only,2,2,perf-segmentation_only-r002-20260818T050607Z,loan_to_credit,3,168,200,15.705900,
segmentation_only,2,2,perf-segmentation_only-r002-20260818T050607Z,loan_to_credit,3,169,200,16.237300,
segmentation_only,2,2,perf-segmentation_only-r002-20260818T050607Z,loan_to_credit,3,170,200,16.281900,
segmentation_only,2,2,perf-segmentation_only-r002-20260818T050607Z,loan_to_credit,3,171,200,15.533300,
segmentation_only,2,2,perf-segmentation_only-r002-20260818T050607Z,loan_to_credit,3,172,200,14.797100,
segmentation_only,2,2,perf-segmentation_only-r002-20260818T050607Z,loan_to_credit,3,173,200,16.249700,
segmentation_only,2,2,perf-segmentation_only-r002-20260818T050607Z,loan_to_credit,3,174,200,16.866900,
segmentation_only,2,2,perf-segmentation_only-r002-20260818T050607Z,loan_to_credit,3,175,200,16.353900,
segmentation_only,2,2,perf-segmentation_only-r002-20260818T050607Z,loan_to_credit,3,176,200,15.763000,
segmentation_only,2,2,perf-segmentation_only-r002-20260818T050607Z,loan_to_credit,3,177,200,15.594100,
segmentation_only,2,2,perf-segmentation_only-r002-20260818T050607Z,loan_to_credit,3,178,200,16.555600,
segmentation_only,2,2,perf-segmentation_only-r002-20260818T050607Z,loan_to_credit,3,179,200,15.533700,
segmentation_only,2,2,perf-segmentation_only-r002-20260818T050607Z,loan_to_credit,3,180,200,17.395000,
segmentation_only,2,2,perf-segmentation_only-r002-20260818T050607Z,loan_to_credit,3,181,200,16.148100,
segmentation_only,2,2,perf-segmentation_only-r002-20260818T050607Z,loan_to_credit,3,182,200,15.394200,
segmentation_only,2,2,perf-segmentation_only-r002-20260818T050607Z,loan_to_credit,3,183,200,16.336500,
segmentation_only,2,2,perf-segmentation_only-r002-20260818T050607Z,loan_to_credit,3,184,200,16.069100,
segmentation_only,2,2,perf-segmentation_only-r002-20260818T050607Z,loan_to_credit,3,185,200,16.862500,
segmentation_only,2,2,perf-segmentation_only-r002-20260818T050607Z,loan_to_credit,3,186,200,15.665200,
segmentation_only,2,2,perf-segmentation_only-r002-20260818T050607Z,loan_to_credit,3,187,200,17.899700,
segmentation_only,2,2,perf-segmentation_only-r002-20260818T050607Z,loan_to_credit,3,188,200,16.857000,
segmentation_only,2,2,perf-segmentation_only-r002-20260818T050607Z,loan_to_credit,3,189,200,16.388100,
segmentation_only,2,2,perf-segmentation_only-r002-20260818T050607Z,loan_to_credit,3,190,200,16.069600,
segmentation_only,2,2,perf-segmentation_only-r002-20260818T050607Z,loan_to_credit,3,191,200,15.848800,
segmentation_only,2,2,perf-segmentation_only-r002-20260818T050607Z,loan_to_credit,3,192,200,16.229800,
segmentation_only,2,2,perf-segmentation_only-r002-20260818T050607Z,loan_to_credit,3,193,200,15.729000,
segmentation_only,2,2,perf-segmentation_only-r002-20260818T050607Z,loan_to_credit,3,194,200,16.104600,
segmentation_only,2,2,perf-segmentation_only-r002-20260818T050607Z,loan_to_credit,3,195,200,16.077700,
segmentation_only,2,2,perf-segmentation_only-r002-20260818T050607Z,loan_to_credit,3,196,200,17.410100,
segmentation_only,2,2,perf-segmentation_only-r002-20260818T050607Z,loan_to_credit,3,197,200,15.484000,
segmentation_only,2,2,perf-segmentation_only-r002-20260818T050607Z,loan_to_credit,3,198,200,23.260600,
segmentation_only,2,2,perf-segmentation_only-r002-20260818T050607Z,loan_to_credit,3,199,200,17.317000,
segmentation_only,2,2,perf-segmentation_only-r002-20260818T050607Z,loan_to_credit,3,200,200,17.399900,
segmentation_only,2,2,perf-segmentation_only-r002-20260818T050607Z,loan_to_aml,1,1,200,15.708500,
segmentation_only,2,2,perf-segmentation_only-r002-20260818T050607Z,loan_to_aml,1,2,200,16.375300,
segmentation_only,2,2,perf-segmentation_only-r002-20260818T050607Z,loan_to_aml,1,3,200,16.361900,
segmentation_only,2,2,perf-segmentation_only-r002-20260818T050607Z,loan_to_aml,1,4,200,15.778200,
segmentation_only,2,2,perf-segmentation_only-r002-20260818T050607Z,loan_to_aml,1,5,200,16.310400,
segmentation_only,2,2,perf-segmentation_only-r002-20260818T050607Z,loan_to_aml,1,6,200,15.865700,
segmentation_only,2,2,perf-segmentation_only-r002-20260818T050607Z,loan_to_aml,1,7,200,15.546500,
segmentation_only,2,2,perf-segmentation_only-r002-20260818T050607Z,loan_to_aml,1,8,200,16.165500,
segmentation_only,2,2,perf-segmentation_only-r002-20260818T050607Z,loan_to_aml,1,9,200,16.119300,
segmentation_only,2,2,perf-segmentation_only-r002-20260818T050607Z,loan_to_aml,1,10,200,16.230700,
segmentation_only,2,2,perf-segmentation_only-r002-20260818T050607Z,loan_to_aml,1,11,200,16.826200,
segmentation_only,2,2,perf-segmentation_only-r002-20260818T050607Z,loan_to_aml,1,12,200,16.544000,
segmentation_only,2,2,perf-segmentation_only-r002-20260818T050607Z,loan_to_aml,1,13,200,15.916000,
segmentation_only,2,2,perf-segmentation_only-r002-20260818T050607Z,loan_to_aml,1,14,200,16.098300,
segmentation_only,2,2,perf-segmentation_only-r002-20260818T050607Z,loan_to_aml,1,15,200,15.786000,
segmentation_only,2,2,perf-segmentation_only-r002-20260818T050607Z,loan_to_aml,1,16,200,15.907500,
segmentation_only,2,2,perf-segmentation_only-r002-20260818T050607Z,loan_to_aml,1,17,200,19.224100,
segmentation_only,2,2,perf-segmentation_only-r002-20260818T050607Z,loan_to_aml,1,18,200,16.897400,
segmentation_only,2,2,perf-segmentation_only-r002-20260818T050607Z,loan_to_aml,1,19,200,16.122900,
segmentation_only,2,2,perf-segmentation_only-r002-20260818T050607Z,loan_to_aml,1,20,200,16.158500,
segmentation_only,2,2,perf-segmentation_only-r002-20260818T050607Z,loan_to_aml,1,21,200,17.276800,
segmentation_only,2,2,perf-segmentation_only-r002-20260818T050607Z,loan_to_aml,1,22,200,17.219800,
segmentation_only,2,2,perf-segmentation_only-r002-20260818T050607Z,loan_to_aml,1,23,200,17.577700,
segmentation_only,2,2,perf-segmentation_only-r002-20260818T050607Z,loan_to_aml,1,24,200,17.940600,
segmentation_only,2,2,perf-segmentation_only-r002-20260818T050607Z,loan_to_aml,1,25,200,17.392900,
segmentation_only,2,2,perf-segmentation_only-r002-20260818T050607Z,loan_to_aml,1,26,200,16.607500,
segmentation_only,2,2,perf-segmentation_only-r002-20260818T050607Z,loan_to_aml,1,27,200,16.334000,
segmentation_only,2,2,perf-segmentation_only-r002-20260818T050607Z,loan_to_aml,1,28,200,16.002400,
segmentation_only,2,2,perf-segmentation_only-r002-20260818T050607Z,loan_to_aml,1,29,200,16.536200,
segmentation_only,2,2,perf-segmentation_only-r002-20260818T050607Z,loan_to_aml,1,30,200,15.544800,
segmentation_only,2,2,perf-segmentation_only-r002-20260818T050607Z,loan_to_aml,1,31,200,15.977500,
segmentation_only,2,2,perf-segmentation_only-r002-20260818T050607Z,loan_to_aml,1,32,200,16.368400,
segmentation_only,2,2,perf-segmentation_only-r002-20260818T050607Z,loan_to_aml,1,33,200,15.684000,
segmentation_only,2,2,perf-segmentation_only-r002-20260818T050607Z,loan_to_aml,1,34,200,15.804500,
segmentation_only,2,2,perf-segmentation_only-r002-20260818T050607Z,loan_to_aml,1,35,200,16.481600,
segmentation_only,2,2,perf-segmentation_only-r002-20260818T050607Z,loan_to_aml,1,36,200,15.911200,
segmentation_only,2,2,perf-segmentation_only-r002-20260818T050607Z,loan_to_aml,1,37,200,16.954800,
segmentation_only,2,2,perf-segmentation_only-r002-20260818T050607Z,loan_to_aml,1,38,200,15.939300,
segmentation_only,2,2,perf-segmentation_only-r002-20260818T050607Z,loan_to_aml,1,39,200,15.796000,
segmentation_only,2,2,perf-segmentation_only-r002-20260818T050607Z,loan_to_aml,1,40,200,16.119900,
segmentation_only,2,2,perf-segmentation_only-r002-20260818T050607Z,loan_to_aml,1,41,200,16.288700,
segmentation_only,2,2,perf-segmentation_only-r002-20260818T050607Z,loan_to_aml,1,42,200,16.652300,
segmentation_only,2,2,perf-segmentation_only-r002-20260818T050607Z,loan_to_aml,1,43,200,16.263800,
segmentation_only,2,2,perf-segmentation_only-r002-20260818T050607Z,loan_to_aml,1,44,200,15.730800,
segmentation_only,2,2,perf-segmentation_only-r002-20260818T050607Z,loan_to_aml,1,45,200,16.040600,
segmentation_only,2,2,perf-segmentation_only-r002-20260818T050607Z,loan_to_aml,1,46,200,15.509800,
segmentation_only,2,2,perf-segmentation_only-r002-20260818T050607Z,loan_to_aml,1,47,200,14.960000,
segmentation_only,2,2,perf-segmentation_only-r002-20260818T050607Z,loan_to_aml,1,48,200,19.608000,
segmentation_only,2,2,perf-segmentation_only-r002-20260818T050607Z,loan_to_aml,1,49,200,15.561400,
segmentation_only,2,2,perf-segmentation_only-r002-20260818T050607Z,loan_to_aml,1,50,200,16.006000,
segmentation_only,2,2,perf-segmentation_only-r002-20260818T050607Z,loan_to_aml,1,51,200,15.793900,
segmentation_only,2,2,perf-segmentation_only-r002-20260818T050607Z,loan_to_aml,1,52,200,16.053600,
segmentation_only,2,2,perf-segmentation_only-r002-20260818T050607Z,loan_to_aml,1,53,200,16.036700,
segmentation_only,2,2,perf-segmentation_only-r002-20260818T050607Z,loan_to_aml,1,54,200,15.898000,
segmentation_only,2,2,perf-segmentation_only-r002-20260818T050607Z,loan_to_aml,1,55,200,16.294800,
segmentation_only,2,2,perf-segmentation_only-r002-20260818T050607Z,loan_to_aml,1,56,200,16.082500,
segmentation_only,2,2,perf-segmentation_only-r002-20260818T050607Z,loan_to_aml,1,57,200,15.667300,
segmentation_only,2,2,perf-segmentation_only-r002-20260818T050607Z,loan_to_aml,1,58,200,16.040500,
segmentation_only,2,2,perf-segmentation_only-r002-20260818T050607Z,loan_to_aml,1,59,200,16.064200,
segmentation_only,2,2,perf-segmentation_only-r002-20260818T050607Z,loan_to_aml,1,60,200,16.006200,
segmentation_only,2,2,perf-segmentation_only-r002-20260818T050607Z,loan_to_aml,1,61,200,15.776600,
segmentation_only,2,2,perf-segmentation_only-r002-20260818T050607Z,loan_to_aml,1,62,200,16.022800,
segmentation_only,2,2,perf-segmentation_only-r002-20260818T050607Z,loan_to_aml,1,63,200,16.252800,
segmentation_only,2,2,perf-segmentation_only-r002-20260818T050607Z,loan_to_aml,1,64,200,15.750700,
segmentation_only,2,2,perf-segmentation_only-r002-20260818T050607Z,loan_to_aml,1,65,200,16.550700,
segmentation_only,2,2,perf-segmentation_only-r002-20260818T050607Z,loan_to_aml,1,66,200,16.567300,
segmentation_only,2,2,perf-segmentation_only-r002-20260818T050607Z,loan_to_aml,1,67,200,16.780700,
segmentation_only,2,2,perf-segmentation_only-r002-20260818T050607Z,loan_to_aml,1,68,200,17.528800,
segmentation_only,2,2,perf-segmentation_only-r002-20260818T050607Z,loan_to_aml,1,69,200,18.089400,
segmentation_only,2,2,perf-segmentation_only-r002-20260818T050607Z,loan_to_aml,1,70,200,16.767800,
segmentation_only,2,2,perf-segmentation_only-r002-20260818T050607Z,loan_to_aml,1,71,200,16.945000,
segmentation_only,2,2,perf-segmentation_only-r002-20260818T050607Z,loan_to_aml,1,72,200,17.300600,
segmentation_only,2,2,perf-segmentation_only-r002-20260818T050607Z,loan_to_aml,1,73,200,17.928900,
segmentation_only,2,2,perf-segmentation_only-r002-20260818T050607Z,loan_to_aml,1,74,200,16.694200,
segmentation_only,2,2,perf-segmentation_only-r002-20260818T050607Z,loan_to_aml,1,75,200,16.895900,
segmentation_only,2,2,perf-segmentation_only-r002-20260818T050607Z,loan_to_aml,1,76,200,18.390600,
segmentation_only,2,2,perf-segmentation_only-r002-20260818T050607Z,loan_to_aml,1,77,200,16.527500,
segmentation_only,2,2,perf-segmentation_only-r002-20260818T050607Z,loan_to_aml,1,78,200,17.239600,
segmentation_only,2,2,perf-segmentation_only-r002-20260818T050607Z,loan_to_aml,1,79,200,24.218100,
segmentation_only,2,2,perf-segmentation_only-r002-20260818T050607Z,loan_to_aml,1,80,200,19.584700,
segmentation_only,2,2,perf-segmentation_only-r002-20260818T050607Z,loan_to_aml,1,81,200,18.540800,
segmentation_only,2,2,perf-segmentation_only-r002-20260818T050607Z,loan_to_aml,1,82,200,17.846200,
segmentation_only,2,2,perf-segmentation_only-r002-20260818T050607Z,loan_to_aml,1,83,200,18.602500,
segmentation_only,2,2,perf-segmentation_only-r002-20260818T050607Z,loan_to_aml,1,84,200,17.919700,
segmentation_only,2,2,perf-segmentation_only-r002-20260818T050607Z,loan_to_aml,1,85,200,16.772500,
segmentation_only,2,2,perf-segmentation_only-r002-20260818T050607Z,loan_to_aml,1,86,200,17.625400,
segmentation_only,2,2,perf-segmentation_only-r002-20260818T050607Z,loan_to_aml,1,87,200,18.522100,
segmentation_only,2,2,perf-segmentation_only-r002-20260818T050607Z,loan_to_aml,1,88,200,19.099000,
segmentation_only,2,2,perf-segmentation_only-r002-20260818T050607Z,loan_to_aml,1,89,200,16.550000,
segmentation_only,2,2,perf-segmentation_only-r002-20260818T050607Z,loan_to_aml,1,90,200,16.779100,
segmentation_only,2,2,perf-segmentation_only-r002-20260818T050607Z,loan_to_aml,1,91,200,18.570000,
segmentation_only,2,2,perf-segmentation_only-r002-20260818T050607Z,loan_to_aml,1,92,200,16.689400,
segmentation_only,2,2,perf-segmentation_only-r002-20260818T050607Z,loan_to_aml,1,93,200,17.388900,
segmentation_only,2,2,perf-segmentation_only-r002-20260818T050607Z,loan_to_aml,1,94,200,16.799000,
segmentation_only,2,2,perf-segmentation_only-r002-20260818T050607Z,loan_to_aml,1,95,200,17.069000,
segmentation_only,2,2,perf-segmentation_only-r002-20260818T050607Z,loan_to_aml,1,96,200,17.102000,
segmentation_only,2,2,perf-segmentation_only-r002-20260818T050607Z,loan_to_aml,1,97,200,17.287200,
segmentation_only,2,2,perf-segmentation_only-r002-20260818T050607Z,loan_to_aml,1,98,200,18.068900,
segmentation_only,2,2,perf-segmentation_only-r002-20260818T050607Z,loan_to_aml,1,99,200,17.441200,
segmentation_only,2,2,perf-segmentation_only-r002-20260818T050607Z,loan_to_aml,1,100,200,17.470900,
segmentation_only,2,2,perf-segmentation_only-r002-20260818T050607Z,loan_to_aml,1,101,200,17.694900,
segmentation_only,2,2,perf-segmentation_only-r002-20260818T050607Z,loan_to_aml,1,102,200,16.629800,
segmentation_only,2,2,perf-segmentation_only-r002-20260818T050607Z,loan_to_aml,1,103,200,19.128300,
segmentation_only,2,2,perf-segmentation_only-r002-20260818T050607Z,loan_to_aml,1,104,200,16.742200,
segmentation_only,2,2,perf-segmentation_only-r002-20260818T050607Z,loan_to_aml,1,105,200,15.662600,
segmentation_only,2,2,perf-segmentation_only-r002-20260818T050607Z,loan_to_aml,1,106,200,15.965400,
segmentation_only,2,2,perf-segmentation_only-r002-20260818T050607Z,loan_to_aml,1,107,200,16.623600,
segmentation_only,2,2,perf-segmentation_only-r002-20260818T050607Z,loan_to_aml,1,108,200,17.885800,
segmentation_only,2,2,perf-segmentation_only-r002-20260818T050607Z,loan_to_aml,1,109,200,16.563800,
segmentation_only,2,2,perf-segmentation_only-r002-20260818T050607Z,loan_to_aml,1,110,200,16.087400,
segmentation_only,2,2,perf-segmentation_only-r002-20260818T050607Z,loan_to_aml,1,111,200,18.243800,
segmentation_only,2,2,perf-segmentation_only-r002-20260818T050607Z,loan_to_aml,1,112,200,16.756600,
segmentation_only,2,2,perf-segmentation_only-r002-20260818T050607Z,loan_to_aml,1,113,200,16.050300,
segmentation_only,2,2,perf-segmentation_only-r002-20260818T050607Z,loan_to_aml,1,114,200,15.883200,
segmentation_only,2,2,perf-segmentation_only-r002-20260818T050607Z,loan_to_aml,1,115,200,16.018000,
segmentation_only,2,2,perf-segmentation_only-r002-20260818T050607Z,loan_to_aml,1,116,200,17.093100,
segmentation_only,2,2,perf-segmentation_only-r002-20260818T050607Z,loan_to_aml,1,117,200,15.686100,
segmentation_only,2,2,perf-segmentation_only-r002-20260818T050607Z,loan_to_aml,1,118,200,17.240100,
segmentation_only,2,2,perf-segmentation_only-r002-20260818T050607Z,loan_to_aml,1,119,200,16.912300,
segmentation_only,2,2,perf-segmentation_only-r002-20260818T050607Z,loan_to_aml,1,120,200,15.907500,
segmentation_only,2,2,perf-segmentation_only-r002-20260818T050607Z,loan_to_aml,1,121,200,16.132600,
segmentation_only,2,2,perf-segmentation_only-r002-20260818T050607Z,loan_to_aml,1,122,200,15.713500,
segmentation_only,2,2,perf-segmentation_only-r002-20260818T050607Z,loan_to_aml,1,123,200,15.434300,
segmentation_only,2,2,perf-segmentation_only-r002-20260818T050607Z,loan_to_aml,1,124,200,15.149100,
segmentation_only,2,2,perf-segmentation_only-r002-20260818T050607Z,loan_to_aml,1,125,200,16.160700,
segmentation_only,2,2,perf-segmentation_only-r002-20260818T050607Z,loan_to_aml,1,126,200,16.455600,
segmentation_only,2,2,perf-segmentation_only-r002-20260818T050607Z,loan_to_aml,1,127,200,15.625500,
segmentation_only,2,2,perf-segmentation_only-r002-20260818T050607Z,loan_to_aml,1,128,200,16.001600,
segmentation_only,2,2,perf-segmentation_only-r002-20260818T050607Z,loan_to_aml,1,129,200,15.653300,
segmentation_only,2,2,perf-segmentation_only-r002-20260818T050607Z,loan_to_aml,1,130,200,16.532900,
segmentation_only,2,2,perf-segmentation_only-r002-20260818T050607Z,loan_to_aml,1,131,200,15.403300,
segmentation_only,2,2,perf-segmentation_only-r002-20260818T050607Z,loan_to_aml,1,132,200,17.058400,
segmentation_only,2,2,perf-segmentation_only-r002-20260818T050607Z,loan_to_aml,1,133,200,16.753200,
segmentation_only,2,2,perf-segmentation_only-r002-20260818T050607Z,loan_to_aml,1,134,200,16.275200,
segmentation_only,2,2,perf-segmentation_only-r002-20260818T050607Z,loan_to_aml,1,135,200,15.955200,
segmentation_only,2,2,perf-segmentation_only-r002-20260818T050607Z,loan_to_aml,1,136,200,16.007500,
segmentation_only,2,2,perf-segmentation_only-r002-20260818T050607Z,loan_to_aml,1,137,200,16.031500,
segmentation_only,2,2,perf-segmentation_only-r002-20260818T050607Z,loan_to_aml,1,138,200,16.351200,
segmentation_only,2,2,perf-segmentation_only-r002-20260818T050607Z,loan_to_aml,1,139,200,16.766500,
segmentation_only,2,2,perf-segmentation_only-r002-20260818T050607Z,loan_to_aml,1,140,200,16.357400,
segmentation_only,2,2,perf-segmentation_only-r002-20260818T050607Z,loan_to_aml,1,141,200,15.805800,
segmentation_only,2,2,perf-segmentation_only-r002-20260818T050607Z,loan_to_aml,1,142,200,16.737700,
segmentation_only,2,2,perf-segmentation_only-r002-20260818T050607Z,loan_to_aml,1,143,200,16.907100,
segmentation_only,2,2,perf-segmentation_only-r002-20260818T050607Z,loan_to_aml,1,144,200,17.423200,
segmentation_only,2,2,perf-segmentation_only-r002-20260818T050607Z,loan_to_aml,1,145,200,15.873000,
segmentation_only,2,2,perf-segmentation_only-r002-20260818T050607Z,loan_to_aml,1,146,200,15.716000,
segmentation_only,2,2,perf-segmentation_only-r002-20260818T050607Z,loan_to_aml,1,147,200,15.985700,
segmentation_only,2,2,perf-segmentation_only-r002-20260818T050607Z,loan_to_aml,1,148,200,17.285400,
segmentation_only,2,2,perf-segmentation_only-r002-20260818T050607Z,loan_to_aml,1,149,200,17.042200,
segmentation_only,2,2,perf-segmentation_only-r002-20260818T050607Z,loan_to_aml,1,150,200,16.654200,
segmentation_only,2,2,perf-segmentation_only-r002-20260818T050607Z,loan_to_aml,1,151,200,17.988900,
segmentation_only,2,2,perf-segmentation_only-r002-20260818T050607Z,loan_to_aml,1,152,200,18.324500,
segmentation_only,2,2,perf-segmentation_only-r002-20260818T050607Z,loan_to_aml,1,153,200,16.406400,
segmentation_only,2,2,perf-segmentation_only-r002-20260818T050607Z,loan_to_aml,1,154,200,16.186600,
segmentation_only,2,2,perf-segmentation_only-r002-20260818T050607Z,loan_to_aml,1,155,200,15.873200,
segmentation_only,2,2,perf-segmentation_only-r002-20260818T050607Z,loan_to_aml,1,156,200,15.956800,
segmentation_only,2,2,perf-segmentation_only-r002-20260818T050607Z,loan_to_aml,1,157,200,16.070000,
segmentation_only,2,2,perf-segmentation_only-r002-20260818T050607Z,loan_to_aml,1,158,200,15.933200,
segmentation_only,2,2,perf-segmentation_only-r002-20260818T050607Z,loan_to_aml,1,159,200,16.278600,
segmentation_only,2,2,perf-segmentation_only-r002-20260818T050607Z,loan_to_aml,1,160,200,15.650400,
segmentation_only,2,2,perf-segmentation_only-r002-20260818T050607Z,loan_to_aml,1,161,200,15.750900,
segmentation_only,2,2,perf-segmentation_only-r002-20260818T050607Z,loan_to_aml,1,162,200,16.026500,
segmentation_only,2,2,perf-segmentation_only-r002-20260818T050607Z,loan_to_aml,1,163,200,16.106000,
segmentation_only,2,2,perf-segmentation_only-r002-20260818T050607Z,loan_to_aml,1,164,200,16.339400,
segmentation_only,2,2,perf-segmentation_only-r002-20260818T050607Z,loan_to_aml,1,165,200,16.819100,
segmentation_only,2,2,perf-segmentation_only-r002-20260818T050607Z,loan_to_aml,1,166,200,16.162400,
segmentation_only,2,2,perf-segmentation_only-r002-20260818T050607Z,loan_to_aml,1,167,200,16.938700,
segmentation_only,2,2,perf-segmentation_only-r002-20260818T050607Z,loan_to_aml,1,168,200,16.726100,
segmentation_only,2,2,perf-segmentation_only-r002-20260818T050607Z,loan_to_aml,1,169,200,16.502500,
segmentation_only,2,2,perf-segmentation_only-r002-20260818T050607Z,loan_to_aml,1,170,200,16.445800,
segmentation_only,2,2,perf-segmentation_only-r002-20260818T050607Z,loan_to_aml,1,171,200,15.112600,
segmentation_only,2,2,perf-segmentation_only-r002-20260818T050607Z,loan_to_aml,1,172,200,16.758700,
segmentation_only,2,2,perf-segmentation_only-r002-20260818T050607Z,loan_to_aml,1,173,200,15.064700,
segmentation_only,2,2,perf-segmentation_only-r002-20260818T050607Z,loan_to_aml,1,174,200,16.512600,
segmentation_only,2,2,perf-segmentation_only-r002-20260818T050607Z,loan_to_aml,1,175,200,15.289500,
segmentation_only,2,2,perf-segmentation_only-r002-20260818T050607Z,loan_to_aml,1,176,200,16.274400,
segmentation_only,2,2,perf-segmentation_only-r002-20260818T050607Z,loan_to_aml,1,177,200,15.683300,
segmentation_only,2,2,perf-segmentation_only-r002-20260818T050607Z,loan_to_aml,1,178,200,16.530900,
segmentation_only,2,2,perf-segmentation_only-r002-20260818T050607Z,loan_to_aml,1,179,200,15.573400,
segmentation_only,2,2,perf-segmentation_only-r002-20260818T050607Z,loan_to_aml,1,180,200,16.011000,
segmentation_only,2,2,perf-segmentation_only-r002-20260818T050607Z,loan_to_aml,1,181,200,15.862400,
segmentation_only,2,2,perf-segmentation_only-r002-20260818T050607Z,loan_to_aml,1,182,200,16.259800,
segmentation_only,2,2,perf-segmentation_only-r002-20260818T050607Z,loan_to_aml,1,183,200,15.715400,
segmentation_only,2,2,perf-segmentation_only-r002-20260818T050607Z,loan_to_aml,1,184,200,16.202900,
segmentation_only,2,2,perf-segmentation_only-r002-20260818T050607Z,loan_to_aml,1,185,200,16.655900,
segmentation_only,2,2,perf-segmentation_only-r002-20260818T050607Z,loan_to_aml,1,186,200,15.842000,
segmentation_only,2,2,perf-segmentation_only-r002-20260818T050607Z,loan_to_aml,1,187,200,16.069600,
segmentation_only,2,2,perf-segmentation_only-r002-20260818T050607Z,loan_to_aml,1,188,200,14.917500,
segmentation_only,2,2,perf-segmentation_only-r002-20260818T050607Z,loan_to_aml,1,189,200,15.050200,
segmentation_only,2,2,perf-segmentation_only-r002-20260818T050607Z,loan_to_aml,1,190,200,16.054700,
segmentation_only,2,2,perf-segmentation_only-r002-20260818T050607Z,loan_to_aml,1,191,200,16.469200,
segmentation_only,2,2,perf-segmentation_only-r002-20260818T050607Z,loan_to_aml,1,192,200,17.130200,
segmentation_only,2,2,perf-segmentation_only-r002-20260818T050607Z,loan_to_aml,1,193,200,16.397000,
segmentation_only,2,2,perf-segmentation_only-r002-20260818T050607Z,loan_to_aml,1,194,200,16.131800,
segmentation_only,2,2,perf-segmentation_only-r002-20260818T050607Z,loan_to_aml,1,195,200,16.055600,
segmentation_only,2,2,perf-segmentation_only-r002-20260818T050607Z,loan_to_aml,1,196,200,15.780200,
segmentation_only,2,2,perf-segmentation_only-r002-20260818T050607Z,loan_to_aml,1,197,200,16.258000,
segmentation_only,2,2,perf-segmentation_only-r002-20260818T050607Z,loan_to_aml,1,198,200,16.967300,
segmentation_only,2,2,perf-segmentation_only-r002-20260818T050607Z,loan_to_aml,1,199,200,15.957000,
segmentation_only,2,2,perf-segmentation_only-r002-20260818T050607Z,loan_to_aml,1,200,200,15.928700,
segmentation_only,2,2,perf-segmentation_only-r002-20260818T050607Z,loan_to_aml,2,1,200,19.119500,
segmentation_only,2,2,perf-segmentation_only-r002-20260818T050607Z,loan_to_aml,2,2,200,15.407200,
segmentation_only,2,2,perf-segmentation_only-r002-20260818T050607Z,loan_to_aml,2,3,200,16.327300,
segmentation_only,2,2,perf-segmentation_only-r002-20260818T050607Z,loan_to_aml,2,4,200,15.650000,
segmentation_only,2,2,perf-segmentation_only-r002-20260818T050607Z,loan_to_aml,2,5,200,17.370300,
segmentation_only,2,2,perf-segmentation_only-r002-20260818T050607Z,loan_to_aml,2,6,200,15.897300,
segmentation_only,2,2,perf-segmentation_only-r002-20260818T050607Z,loan_to_aml,2,7,200,16.391000,
segmentation_only,2,2,perf-segmentation_only-r002-20260818T050607Z,loan_to_aml,2,8,200,16.558900,
segmentation_only,2,2,perf-segmentation_only-r002-20260818T050607Z,loan_to_aml,2,9,200,16.131400,
segmentation_only,2,2,perf-segmentation_only-r002-20260818T050607Z,loan_to_aml,2,10,200,16.013600,
segmentation_only,2,2,perf-segmentation_only-r002-20260818T050607Z,loan_to_aml,2,11,200,16.660400,
segmentation_only,2,2,perf-segmentation_only-r002-20260818T050607Z,loan_to_aml,2,12,200,16.198500,
segmentation_only,2,2,perf-segmentation_only-r002-20260818T050607Z,loan_to_aml,2,13,200,16.010800,
segmentation_only,2,2,perf-segmentation_only-r002-20260818T050607Z,loan_to_aml,2,14,200,15.528500,
segmentation_only,2,2,perf-segmentation_only-r002-20260818T050607Z,loan_to_aml,2,15,200,16.306800,
segmentation_only,2,2,perf-segmentation_only-r002-20260818T050607Z,loan_to_aml,2,16,200,16.010500,
segmentation_only,2,2,perf-segmentation_only-r002-20260818T050607Z,loan_to_aml,2,17,200,15.810800,
segmentation_only,2,2,perf-segmentation_only-r002-20260818T050607Z,loan_to_aml,2,18,200,16.094700,
segmentation_only,2,2,perf-segmentation_only-r002-20260818T050607Z,loan_to_aml,2,19,200,15.912900,
segmentation_only,2,2,perf-segmentation_only-r002-20260818T050607Z,loan_to_aml,2,20,200,15.956400,
segmentation_only,2,2,perf-segmentation_only-r002-20260818T050607Z,loan_to_aml,2,21,200,16.254500,
segmentation_only,2,2,perf-segmentation_only-r002-20260818T050607Z,loan_to_aml,2,22,200,16.543500,
segmentation_only,2,2,perf-segmentation_only-r002-20260818T050607Z,loan_to_aml,2,23,200,16.394900,
segmentation_only,2,2,perf-segmentation_only-r002-20260818T050607Z,loan_to_aml,2,24,200,16.797100,
segmentation_only,2,2,perf-segmentation_only-r002-20260818T050607Z,loan_to_aml,2,25,200,16.080500,
segmentation_only,2,2,perf-segmentation_only-r002-20260818T050607Z,loan_to_aml,2,26,200,16.068700,
segmentation_only,2,2,perf-segmentation_only-r002-20260818T050607Z,loan_to_aml,2,27,200,17.494000,
segmentation_only,2,2,perf-segmentation_only-r002-20260818T050607Z,loan_to_aml,2,28,200,16.392800,
segmentation_only,2,2,perf-segmentation_only-r002-20260818T050607Z,loan_to_aml,2,29,200,16.356200,
segmentation_only,2,2,perf-segmentation_only-r002-20260818T050607Z,loan_to_aml,2,30,200,16.607200,
segmentation_only,2,2,perf-segmentation_only-r002-20260818T050607Z,loan_to_aml,2,31,200,15.749200,
segmentation_only,2,2,perf-segmentation_only-r002-20260818T050607Z,loan_to_aml,2,32,200,15.977700,
segmentation_only,2,2,perf-segmentation_only-r002-20260818T050607Z,loan_to_aml,2,33,200,16.079600,
segmentation_only,2,2,perf-segmentation_only-r002-20260818T050607Z,loan_to_aml,2,34,200,16.003500,
segmentation_only,2,2,perf-segmentation_only-r002-20260818T050607Z,loan_to_aml,2,35,200,15.938200,
segmentation_only,2,2,perf-segmentation_only-r002-20260818T050607Z,loan_to_aml,2,36,200,16.019200,
segmentation_only,2,2,perf-segmentation_only-r002-20260818T050607Z,loan_to_aml,2,37,200,17.156400,
segmentation_only,2,2,perf-segmentation_only-r002-20260818T050607Z,loan_to_aml,2,38,200,15.938600,
segmentation_only,2,2,perf-segmentation_only-r002-20260818T050607Z,loan_to_aml,2,39,200,16.805700,
segmentation_only,2,2,perf-segmentation_only-r002-20260818T050607Z,loan_to_aml,2,40,200,15.521600,
segmentation_only,2,2,perf-segmentation_only-r002-20260818T050607Z,loan_to_aml,2,41,200,16.258300,
segmentation_only,2,2,perf-segmentation_only-r002-20260818T050607Z,loan_to_aml,2,42,200,16.031700,
segmentation_only,2,2,perf-segmentation_only-r002-20260818T050607Z,loan_to_aml,2,43,200,16.050800,
segmentation_only,2,2,perf-segmentation_only-r002-20260818T050607Z,loan_to_aml,2,44,200,18.730400,
segmentation_only,2,2,perf-segmentation_only-r002-20260818T050607Z,loan_to_aml,2,45,200,16.980100,
segmentation_only,2,2,perf-segmentation_only-r002-20260818T050607Z,loan_to_aml,2,46,200,18.974100,
segmentation_only,2,2,perf-segmentation_only-r002-20260818T050607Z,loan_to_aml,2,47,200,18.317100,
segmentation_only,2,2,perf-segmentation_only-r002-20260818T050607Z,loan_to_aml,2,48,200,19.789100,
segmentation_only,2,2,perf-segmentation_only-r002-20260818T050607Z,loan_to_aml,2,49,200,20.732100,
segmentation_only,2,2,perf-segmentation_only-r002-20260818T050607Z,loan_to_aml,2,50,200,20.468900,
segmentation_only,2,2,perf-segmentation_only-r002-20260818T050607Z,loan_to_aml,2,51,200,19.807500,
segmentation_only,2,2,perf-segmentation_only-r002-20260818T050607Z,loan_to_aml,2,52,200,20.450500,
segmentation_only,2,2,perf-segmentation_only-r002-20260818T050607Z,loan_to_aml,2,53,200,18.568300,
segmentation_only,2,2,perf-segmentation_only-r002-20260818T050607Z,loan_to_aml,2,54,200,16.177000,
segmentation_only,2,2,perf-segmentation_only-r002-20260818T050607Z,loan_to_aml,2,55,200,16.784100,
segmentation_only,2,2,perf-segmentation_only-r002-20260818T050607Z,loan_to_aml,2,56,200,18.556000,
segmentation_only,2,2,perf-segmentation_only-r002-20260818T050607Z,loan_to_aml,2,57,200,21.074200,
segmentation_only,2,2,perf-segmentation_only-r002-20260818T050607Z,loan_to_aml,2,58,200,19.627500,
segmentation_only,2,2,perf-segmentation_only-r002-20260818T050607Z,loan_to_aml,2,59,200,18.461200,
segmentation_only,2,2,perf-segmentation_only-r002-20260818T050607Z,loan_to_aml,2,60,200,20.384300,
segmentation_only,2,2,perf-segmentation_only-r002-20260818T050607Z,loan_to_aml,2,61,200,18.578700,
segmentation_only,2,2,perf-segmentation_only-r002-20260818T050607Z,loan_to_aml,2,62,200,19.906000,
segmentation_only,2,2,perf-segmentation_only-r002-20260818T050607Z,loan_to_aml,2,63,200,20.215700,
segmentation_only,2,2,perf-segmentation_only-r002-20260818T050607Z,loan_to_aml,2,64,200,20.151400,
segmentation_only,2,2,perf-segmentation_only-r002-20260818T050607Z,loan_to_aml,2,65,200,17.402700,
segmentation_only,2,2,perf-segmentation_only-r002-20260818T050607Z,loan_to_aml,2,66,200,17.702100,
segmentation_only,2,2,perf-segmentation_only-r002-20260818T050607Z,loan_to_aml,2,67,200,16.643400,
segmentation_only,2,2,perf-segmentation_only-r002-20260818T050607Z,loan_to_aml,2,68,200,15.962600,
segmentation_only,2,2,perf-segmentation_only-r002-20260818T050607Z,loan_to_aml,2,69,200,16.114800,
segmentation_only,2,2,perf-segmentation_only-r002-20260818T050607Z,loan_to_aml,2,70,200,17.171700,
segmentation_only,2,2,perf-segmentation_only-r002-20260818T050607Z,loan_to_aml,2,71,200,15.555000,
segmentation_only,2,2,perf-segmentation_only-r002-20260818T050607Z,loan_to_aml,2,72,200,16.106200,
segmentation_only,2,2,perf-segmentation_only-r002-20260818T050607Z,loan_to_aml,2,73,200,17.779100,
segmentation_only,2,2,perf-segmentation_only-r002-20260818T050607Z,loan_to_aml,2,74,200,19.967300,
segmentation_only,2,2,perf-segmentation_only-r002-20260818T050607Z,loan_to_aml,2,75,200,17.846700,
segmentation_only,2,2,perf-segmentation_only-r002-20260818T050607Z,loan_to_aml,2,76,200,17.791500,
segmentation_only,2,2,perf-segmentation_only-r002-20260818T050607Z,loan_to_aml,2,77,200,18.305500,
segmentation_only,2,2,perf-segmentation_only-r002-20260818T050607Z,loan_to_aml,2,78,200,15.800600,
segmentation_only,2,2,perf-segmentation_only-r002-20260818T050607Z,loan_to_aml,2,79,200,18.532500,
segmentation_only,2,2,perf-segmentation_only-r002-20260818T050607Z,loan_to_aml,2,80,200,15.377600,
segmentation_only,2,2,perf-segmentation_only-r002-20260818T050607Z,loan_to_aml,2,81,200,16.672100,
segmentation_only,2,2,perf-segmentation_only-r002-20260818T050607Z,loan_to_aml,2,82,200,17.107300,
segmentation_only,2,2,perf-segmentation_only-r002-20260818T050607Z,loan_to_aml,2,83,200,17.121500,
segmentation_only,2,2,perf-segmentation_only-r002-20260818T050607Z,loan_to_aml,2,84,200,16.691000,
segmentation_only,2,2,perf-segmentation_only-r002-20260818T050607Z,loan_to_aml,2,85,200,16.695600,
segmentation_only,2,2,perf-segmentation_only-r002-20260818T050607Z,loan_to_aml,2,86,200,16.472500,
segmentation_only,2,2,perf-segmentation_only-r002-20260818T050607Z,loan_to_aml,2,87,200,16.689400,
segmentation_only,2,2,perf-segmentation_only-r002-20260818T050607Z,loan_to_aml,2,88,200,16.861000,
segmentation_only,2,2,perf-segmentation_only-r002-20260818T050607Z,loan_to_aml,2,89,200,16.891000,
segmentation_only,2,2,perf-segmentation_only-r002-20260818T050607Z,loan_to_aml,2,90,200,15.845800,
segmentation_only,2,2,perf-segmentation_only-r002-20260818T050607Z,loan_to_aml,2,91,200,15.982700,
segmentation_only,2,2,perf-segmentation_only-r002-20260818T050607Z,loan_to_aml,2,92,200,15.046700,
segmentation_only,2,2,perf-segmentation_only-r002-20260818T050607Z,loan_to_aml,2,93,200,18.185000,
segmentation_only,2,2,perf-segmentation_only-r002-20260818T050607Z,loan_to_aml,2,94,200,16.890800,
segmentation_only,2,2,perf-segmentation_only-r002-20260818T050607Z,loan_to_aml,2,95,200,16.252700,
segmentation_only,2,2,perf-segmentation_only-r002-20260818T050607Z,loan_to_aml,2,96,200,16.932600,
segmentation_only,2,2,perf-segmentation_only-r002-20260818T050607Z,loan_to_aml,2,97,200,16.433800,
segmentation_only,2,2,perf-segmentation_only-r002-20260818T050607Z,loan_to_aml,2,98,200,18.151500,
segmentation_only,2,2,perf-segmentation_only-r002-20260818T050607Z,loan_to_aml,2,99,200,16.866200,
segmentation_only,2,2,perf-segmentation_only-r002-20260818T050607Z,loan_to_aml,2,100,200,16.621100,
segmentation_only,2,2,perf-segmentation_only-r002-20260818T050607Z,loan_to_aml,2,101,200,16.831800,
segmentation_only,2,2,perf-segmentation_only-r002-20260818T050607Z,loan_to_aml,2,102,200,17.164800,
segmentation_only,2,2,perf-segmentation_only-r002-20260818T050607Z,loan_to_aml,2,103,200,16.886600,
segmentation_only,2,2,perf-segmentation_only-r002-20260818T050607Z,loan_to_aml,2,104,200,16.917800,
segmentation_only,2,2,perf-segmentation_only-r002-20260818T050607Z,loan_to_aml,2,105,200,15.392700,
segmentation_only,2,2,perf-segmentation_only-r002-20260818T050607Z,loan_to_aml,2,106,200,16.333700,
segmentation_only,2,2,perf-segmentation_only-r002-20260818T050607Z,loan_to_aml,2,107,200,16.249500,
segmentation_only,2,2,perf-segmentation_only-r002-20260818T050607Z,loan_to_aml,2,108,200,16.805500,
segmentation_only,2,2,perf-segmentation_only-r002-20260818T050607Z,loan_to_aml,2,109,200,15.523700,
segmentation_only,2,2,perf-segmentation_only-r002-20260818T050607Z,loan_to_aml,2,110,200,16.072100,
segmentation_only,2,2,perf-segmentation_only-r002-20260818T050607Z,loan_to_aml,2,111,200,16.237400,
segmentation_only,2,2,perf-segmentation_only-r002-20260818T050607Z,loan_to_aml,2,112,200,17.141900,
segmentation_only,2,2,perf-segmentation_only-r002-20260818T050607Z,loan_to_aml,2,113,200,15.604800,
segmentation_only,2,2,perf-segmentation_only-r002-20260818T050607Z,loan_to_aml,2,114,200,16.089600,
segmentation_only,2,2,perf-segmentation_only-r002-20260818T050607Z,loan_to_aml,2,115,200,17.273000,
segmentation_only,2,2,perf-segmentation_only-r002-20260818T050607Z,loan_to_aml,2,116,200,15.540300,
segmentation_only,2,2,perf-segmentation_only-r002-20260818T050607Z,loan_to_aml,2,117,200,15.965400,
segmentation_only,2,2,perf-segmentation_only-r002-20260818T050607Z,loan_to_aml,2,118,200,17.293800,
segmentation_only,2,2,perf-segmentation_only-r002-20260818T050607Z,loan_to_aml,2,119,200,16.784300,
segmentation_only,2,2,perf-segmentation_only-r002-20260818T050607Z,loan_to_aml,2,120,200,16.196300,
segmentation_only,2,2,perf-segmentation_only-r002-20260818T050607Z,loan_to_aml,2,121,200,16.947700,
segmentation_only,2,2,perf-segmentation_only-r002-20260818T050607Z,loan_to_aml,2,122,200,17.015700,
segmentation_only,2,2,perf-segmentation_only-r002-20260818T050607Z,loan_to_aml,2,123,200,15.984000,
segmentation_only,2,2,perf-segmentation_only-r002-20260818T050607Z,loan_to_aml,2,124,200,16.737200,
segmentation_only,2,2,perf-segmentation_only-r002-20260818T050607Z,loan_to_aml,2,125,200,16.521800,
segmentation_only,2,2,perf-segmentation_only-r002-20260818T050607Z,loan_to_aml,2,126,200,15.586400,
segmentation_only,2,2,perf-segmentation_only-r002-20260818T050607Z,loan_to_aml,2,127,200,16.049700,
segmentation_only,2,2,perf-segmentation_only-r002-20260818T050607Z,loan_to_aml,2,128,200,15.769200,
segmentation_only,2,2,perf-segmentation_only-r002-20260818T050607Z,loan_to_aml,2,129,200,16.022400,
segmentation_only,2,2,perf-segmentation_only-r002-20260818T050607Z,loan_to_aml,2,130,200,15.992600,
segmentation_only,2,2,perf-segmentation_only-r002-20260818T050607Z,loan_to_aml,2,131,200,15.722700,
segmentation_only,2,2,perf-segmentation_only-r002-20260818T050607Z,loan_to_aml,2,132,200,16.139900,
segmentation_only,2,2,perf-segmentation_only-r002-20260818T050607Z,loan_to_aml,2,133,200,15.794900,
segmentation_only,2,2,perf-segmentation_only-r002-20260818T050607Z,loan_to_aml,2,134,200,15.171600,
segmentation_only,2,2,perf-segmentation_only-r002-20260818T050607Z,loan_to_aml,2,135,200,15.727000,
segmentation_only,2,2,perf-segmentation_only-r002-20260818T050607Z,loan_to_aml,2,136,200,15.369400,
segmentation_only,2,2,perf-segmentation_only-r002-20260818T050607Z,loan_to_aml,2,137,200,15.692000,
segmentation_only,2,2,perf-segmentation_only-r002-20260818T050607Z,loan_to_aml,2,138,200,15.010900,
segmentation_only,2,2,perf-segmentation_only-r002-20260818T050607Z,loan_to_aml,2,139,200,15.975900,
segmentation_only,2,2,perf-segmentation_only-r002-20260818T050607Z,loan_to_aml,2,140,200,16.715900,
segmentation_only,2,2,perf-segmentation_only-r002-20260818T050607Z,loan_to_aml,2,141,200,15.245300,
segmentation_only,2,2,perf-segmentation_only-r002-20260818T050607Z,loan_to_aml,2,142,200,16.015200,
segmentation_only,2,2,perf-segmentation_only-r002-20260818T050607Z,loan_to_aml,2,143,200,16.369500,
segmentation_only,2,2,perf-segmentation_only-r002-20260818T050607Z,loan_to_aml,2,144,200,16.731900,
segmentation_only,2,2,perf-segmentation_only-r002-20260818T050607Z,loan_to_aml,2,145,200,15.909500,
segmentation_only,2,2,perf-segmentation_only-r002-20260818T050607Z,loan_to_aml,2,146,200,17.411800,
segmentation_only,2,2,perf-segmentation_only-r002-20260818T050607Z,loan_to_aml,2,147,200,15.574300,
segmentation_only,2,2,perf-segmentation_only-r002-20260818T050607Z,loan_to_aml,2,148,200,14.939800,
segmentation_only,2,2,perf-segmentation_only-r002-20260818T050607Z,loan_to_aml,2,149,200,16.497000,
segmentation_only,2,2,perf-segmentation_only-r002-20260818T050607Z,loan_to_aml,2,150,200,16.561200,
segmentation_only,2,2,perf-segmentation_only-r002-20260818T050607Z,loan_to_aml,2,151,200,16.097500,
segmentation_only,2,2,perf-segmentation_only-r002-20260818T050607Z,loan_to_aml,2,152,200,17.060300,
segmentation_only,2,2,perf-segmentation_only-r002-20260818T050607Z,loan_to_aml,2,153,200,15.447800,
segmentation_only,2,2,perf-segmentation_only-r002-20260818T050607Z,loan_to_aml,2,154,200,16.947100,
segmentation_only,2,2,perf-segmentation_only-r002-20260818T050607Z,loan_to_aml,2,155,200,15.339900,
segmentation_only,2,2,perf-segmentation_only-r002-20260818T050607Z,loan_to_aml,2,156,200,15.842400,
segmentation_only,2,2,perf-segmentation_only-r002-20260818T050607Z,loan_to_aml,2,157,200,15.951900,
segmentation_only,2,2,perf-segmentation_only-r002-20260818T050607Z,loan_to_aml,2,158,200,14.580300,
segmentation_only,2,2,perf-segmentation_only-r002-20260818T050607Z,loan_to_aml,2,159,200,16.362600,
segmentation_only,2,2,perf-segmentation_only-r002-20260818T050607Z,loan_to_aml,2,160,200,16.101400,
segmentation_only,2,2,perf-segmentation_only-r002-20260818T050607Z,loan_to_aml,2,161,200,15.875900,
segmentation_only,2,2,perf-segmentation_only-r002-20260818T050607Z,loan_to_aml,2,162,200,14.867500,
segmentation_only,2,2,perf-segmentation_only-r002-20260818T050607Z,loan_to_aml,2,163,200,16.012900,
segmentation_only,2,2,perf-segmentation_only-r002-20260818T050607Z,loan_to_aml,2,164,200,15.924100,
segmentation_only,2,2,perf-segmentation_only-r002-20260818T050607Z,loan_to_aml,2,165,200,14.941900,
segmentation_only,2,2,perf-segmentation_only-r002-20260818T050607Z,loan_to_aml,2,166,200,16.247800,
segmentation_only,2,2,perf-segmentation_only-r002-20260818T050607Z,loan_to_aml,2,167,200,15.902300,
segmentation_only,2,2,perf-segmentation_only-r002-20260818T050607Z,loan_to_aml,2,168,200,16.025400,
segmentation_only,2,2,perf-segmentation_only-r002-20260818T050607Z,loan_to_aml,2,169,200,15.875400,
segmentation_only,2,2,perf-segmentation_only-r002-20260818T050607Z,loan_to_aml,2,170,200,17.469700,
segmentation_only,2,2,perf-segmentation_only-r002-20260818T050607Z,loan_to_aml,2,171,200,19.133200,
segmentation_only,2,2,perf-segmentation_only-r002-20260818T050607Z,loan_to_aml,2,172,200,21.044400,
segmentation_only,2,2,perf-segmentation_only-r002-20260818T050607Z,loan_to_aml,2,173,200,17.759100,
segmentation_only,2,2,perf-segmentation_only-r002-20260818T050607Z,loan_to_aml,2,174,200,17.045600,
segmentation_only,2,2,perf-segmentation_only-r002-20260818T050607Z,loan_to_aml,2,175,200,16.720300,
segmentation_only,2,2,perf-segmentation_only-r002-20260818T050607Z,loan_to_aml,2,176,200,17.300200,
segmentation_only,2,2,perf-segmentation_only-r002-20260818T050607Z,loan_to_aml,2,177,200,16.444900,
segmentation_only,2,2,perf-segmentation_only-r002-20260818T050607Z,loan_to_aml,2,178,200,17.580200,
segmentation_only,2,2,perf-segmentation_only-r002-20260818T050607Z,loan_to_aml,2,179,200,15.323700,
segmentation_only,2,2,perf-segmentation_only-r002-20260818T050607Z,loan_to_aml,2,180,200,16.366300,
segmentation_only,2,2,perf-segmentation_only-r002-20260818T050607Z,loan_to_aml,2,181,200,16.289900,
segmentation_only,2,2,perf-segmentation_only-r002-20260818T050607Z,loan_to_aml,2,182,200,16.797200,
segmentation_only,2,2,perf-segmentation_only-r002-20260818T050607Z,loan_to_aml,2,183,200,17.374900,
segmentation_only,2,2,perf-segmentation_only-r002-20260818T050607Z,loan_to_aml,2,184,200,19.037100,
segmentation_only,2,2,perf-segmentation_only-r002-20260818T050607Z,loan_to_aml,2,185,200,23.318200,
segmentation_only,2,2,perf-segmentation_only-r002-20260818T050607Z,loan_to_aml,2,186,200,17.184900,
segmentation_only,2,2,perf-segmentation_only-r002-20260818T050607Z,loan_to_aml,2,187,200,17.556900,
segmentation_only,2,2,perf-segmentation_only-r002-20260818T050607Z,loan_to_aml,2,188,200,16.562300,
segmentation_only,2,2,perf-segmentation_only-r002-20260818T050607Z,loan_to_aml,2,189,200,16.737600,
segmentation_only,2,2,perf-segmentation_only-r002-20260818T050607Z,loan_to_aml,2,190,200,17.078100,
segmentation_only,2,2,perf-segmentation_only-r002-20260818T050607Z,loan_to_aml,2,191,200,17.253600,
segmentation_only,2,2,perf-segmentation_only-r002-20260818T050607Z,loan_to_aml,2,192,200,16.781300,
segmentation_only,2,2,perf-segmentation_only-r002-20260818T050607Z,loan_to_aml,2,193,200,16.945000,
segmentation_only,2,2,perf-segmentation_only-r002-20260818T050607Z,loan_to_aml,2,194,200,16.370900,
segmentation_only,2,2,perf-segmentation_only-r002-20260818T050607Z,loan_to_aml,2,195,200,15.882600,
segmentation_only,2,2,perf-segmentation_only-r002-20260818T050607Z,loan_to_aml,2,196,200,16.413100,
segmentation_only,2,2,perf-segmentation_only-r002-20260818T050607Z,loan_to_aml,2,197,200,16.925000,
segmentation_only,2,2,perf-segmentation_only-r002-20260818T050607Z,loan_to_aml,2,198,200,15.825000,
segmentation_only,2,2,perf-segmentation_only-r002-20260818T050607Z,loan_to_aml,2,199,200,17.201000,
segmentation_only,2,2,perf-segmentation_only-r002-20260818T050607Z,loan_to_aml,2,200,200,16.936600,
segmentation_only,2,2,perf-segmentation_only-r002-20260818T050607Z,loan_to_aml,3,1,200,16.972500,
segmentation_only,2,2,perf-segmentation_only-r002-20260818T050607Z,loan_to_aml,3,2,200,17.388000,
segmentation_only,2,2,perf-segmentation_only-r002-20260818T050607Z,loan_to_aml,3,3,200,20.056300,
segmentation_only,2,2,perf-segmentation_only-r002-20260818T050607Z,loan_to_aml,3,4,200,16.359400,
segmentation_only,2,2,perf-segmentation_only-r002-20260818T050607Z,loan_to_aml,3,5,200,16.271800,
segmentation_only,2,2,perf-segmentation_only-r002-20260818T050607Z,loan_to_aml,3,6,200,16.249500,
segmentation_only,2,2,perf-segmentation_only-r002-20260818T050607Z,loan_to_aml,3,7,200,16.475400,
segmentation_only,2,2,perf-segmentation_only-r002-20260818T050607Z,loan_to_aml,3,8,200,15.782800,
segmentation_only,2,2,perf-segmentation_only-r002-20260818T050607Z,loan_to_aml,3,9,200,16.554600,
segmentation_only,2,2,perf-segmentation_only-r002-20260818T050607Z,loan_to_aml,3,10,200,16.372900,
segmentation_only,2,2,perf-segmentation_only-r002-20260818T050607Z,loan_to_aml,3,11,200,17.296500,
segmentation_only,2,2,perf-segmentation_only-r002-20260818T050607Z,loan_to_aml,3,12,200,17.250500,
segmentation_only,2,2,perf-segmentation_only-r002-20260818T050607Z,loan_to_aml,3,13,200,16.809100,
segmentation_only,2,2,perf-segmentation_only-r002-20260818T050607Z,loan_to_aml,3,14,200,17.559100,
segmentation_only,2,2,perf-segmentation_only-r002-20260818T050607Z,loan_to_aml,3,15,200,15.973400,
segmentation_only,2,2,perf-segmentation_only-r002-20260818T050607Z,loan_to_aml,3,16,200,16.193900,
segmentation_only,2,2,perf-segmentation_only-r002-20260818T050607Z,loan_to_aml,3,17,200,16.029700,
segmentation_only,2,2,perf-segmentation_only-r002-20260818T050607Z,loan_to_aml,3,18,200,15.816600,
segmentation_only,2,2,perf-segmentation_only-r002-20260818T050607Z,loan_to_aml,3,19,200,16.243400,
segmentation_only,2,2,perf-segmentation_only-r002-20260818T050607Z,loan_to_aml,3,20,200,15.468200,
segmentation_only,2,2,perf-segmentation_only-r002-20260818T050607Z,loan_to_aml,3,21,200,16.385100,
segmentation_only,2,2,perf-segmentation_only-r002-20260818T050607Z,loan_to_aml,3,22,200,15.755900,
segmentation_only,2,2,perf-segmentation_only-r002-20260818T050607Z,loan_to_aml,3,23,200,16.307100,
segmentation_only,2,2,perf-segmentation_only-r002-20260818T050607Z,loan_to_aml,3,24,200,15.800700,
segmentation_only,2,2,perf-segmentation_only-r002-20260818T050607Z,loan_to_aml,3,25,200,15.929100,
segmentation_only,2,2,perf-segmentation_only-r002-20260818T050607Z,loan_to_aml,3,26,200,16.853500,
segmentation_only,2,2,perf-segmentation_only-r002-20260818T050607Z,loan_to_aml,3,27,200,15.974300,
segmentation_only,2,2,perf-segmentation_only-r002-20260818T050607Z,loan_to_aml,3,28,200,16.007400,
segmentation_only,2,2,perf-segmentation_only-r002-20260818T050607Z,loan_to_aml,3,29,200,16.021300,
segmentation_only,2,2,perf-segmentation_only-r002-20260818T050607Z,loan_to_aml,3,30,200,16.210100,
segmentation_only,2,2,perf-segmentation_only-r002-20260818T050607Z,loan_to_aml,3,31,200,17.125700,
segmentation_only,2,2,perf-segmentation_only-r002-20260818T050607Z,loan_to_aml,3,32,200,15.690200,
segmentation_only,2,2,perf-segmentation_only-r002-20260818T050607Z,loan_to_aml,3,33,200,16.204600,
segmentation_only,2,2,perf-segmentation_only-r002-20260818T050607Z,loan_to_aml,3,34,200,15.690000,
segmentation_only,2,2,perf-segmentation_only-r002-20260818T050607Z,loan_to_aml,3,35,200,15.863700,
segmentation_only,2,2,perf-segmentation_only-r002-20260818T050607Z,loan_to_aml,3,36,200,15.878600,
segmentation_only,2,2,perf-segmentation_only-r002-20260818T050607Z,loan_to_aml,3,37,200,16.195200,
segmentation_only,2,2,perf-segmentation_only-r002-20260818T050607Z,loan_to_aml,3,38,200,17.226100,
segmentation_only,2,2,perf-segmentation_only-r002-20260818T050607Z,loan_to_aml,3,39,200,15.553700,
segmentation_only,2,2,perf-segmentation_only-r002-20260818T050607Z,loan_to_aml,3,40,200,16.025700,
segmentation_only,2,2,perf-segmentation_only-r002-20260818T050607Z,loan_to_aml,3,41,200,16.399100,
segmentation_only,2,2,perf-segmentation_only-r002-20260818T050607Z,loan_to_aml,3,42,200,15.901500,
segmentation_only,2,2,perf-segmentation_only-r002-20260818T050607Z,loan_to_aml,3,43,200,15.912200,
segmentation_only,2,2,perf-segmentation_only-r002-20260818T050607Z,loan_to_aml,3,44,200,21.792100,
segmentation_only,2,2,perf-segmentation_only-r002-20260818T050607Z,loan_to_aml,3,45,200,16.318400,
segmentation_only,2,2,perf-segmentation_only-r002-20260818T050607Z,loan_to_aml,3,46,200,15.804100,
segmentation_only,2,2,perf-segmentation_only-r002-20260818T050607Z,loan_to_aml,3,47,200,15.986900,
segmentation_only,2,2,perf-segmentation_only-r002-20260818T050607Z,loan_to_aml,3,48,200,15.716100,
segmentation_only,2,2,perf-segmentation_only-r002-20260818T050607Z,loan_to_aml,3,49,200,16.638900,
segmentation_only,2,2,perf-segmentation_only-r002-20260818T050607Z,loan_to_aml,3,50,200,16.363000,
segmentation_only,2,2,perf-segmentation_only-r002-20260818T050607Z,loan_to_aml,3,51,200,15.006200,
segmentation_only,2,2,perf-segmentation_only-r002-20260818T050607Z,loan_to_aml,3,52,200,15.971900,
segmentation_only,2,2,perf-segmentation_only-r002-20260818T050607Z,loan_to_aml,3,53,200,16.166700,
segmentation_only,2,2,perf-segmentation_only-r002-20260818T050607Z,loan_to_aml,3,54,200,16.032400,
segmentation_only,2,2,perf-segmentation_only-r002-20260818T050607Z,loan_to_aml,3,55,200,16.031000,
segmentation_only,2,2,perf-segmentation_only-r002-20260818T050607Z,loan_to_aml,3,56,200,15.874100,
segmentation_only,2,2,perf-segmentation_only-r002-20260818T050607Z,loan_to_aml,3,57,200,15.942900,
segmentation_only,2,2,perf-segmentation_only-r002-20260818T050607Z,loan_to_aml,3,58,200,16.133200,
segmentation_only,2,2,perf-segmentation_only-r002-20260818T050607Z,loan_to_aml,3,59,200,15.863000,
segmentation_only,2,2,perf-segmentation_only-r002-20260818T050607Z,loan_to_aml,3,60,200,15.624500,
segmentation_only,2,2,perf-segmentation_only-r002-20260818T050607Z,loan_to_aml,3,61,200,16.455100,
segmentation_only,2,2,perf-segmentation_only-r002-20260818T050607Z,loan_to_aml,3,62,200,15.740200,
segmentation_only,2,2,perf-segmentation_only-r002-20260818T050607Z,loan_to_aml,3,63,200,16.997500,
segmentation_only,2,2,perf-segmentation_only-r002-20260818T050607Z,loan_to_aml,3,64,200,17.223600,
segmentation_only,2,2,perf-segmentation_only-r002-20260818T050607Z,loan_to_aml,3,65,200,17.008100,
segmentation_only,2,2,perf-segmentation_only-r002-20260818T050607Z,loan_to_aml,3,66,200,16.333400,
segmentation_only,2,2,perf-segmentation_only-r002-20260818T050607Z,loan_to_aml,3,67,200,16.422200,
segmentation_only,2,2,perf-segmentation_only-r002-20260818T050607Z,loan_to_aml,3,68,200,16.290400,
segmentation_only,2,2,perf-segmentation_only-r002-20260818T050607Z,loan_to_aml,3,69,200,16.647300,
segmentation_only,2,2,perf-segmentation_only-r002-20260818T050607Z,loan_to_aml,3,70,200,15.661400,
segmentation_only,2,2,perf-segmentation_only-r002-20260818T050607Z,loan_to_aml,3,71,200,16.136600,
segmentation_only,2,2,perf-segmentation_only-r002-20260818T050607Z,loan_to_aml,3,72,200,16.723700,
segmentation_only,2,2,perf-segmentation_only-r002-20260818T050607Z,loan_to_aml,3,73,200,16.637200,
segmentation_only,2,2,perf-segmentation_only-r002-20260818T050607Z,loan_to_aml,3,74,200,16.176700,
segmentation_only,2,2,perf-segmentation_only-r002-20260818T050607Z,loan_to_aml,3,75,200,19.868000,
segmentation_only,2,2,perf-segmentation_only-r002-20260818T050607Z,loan_to_aml,3,76,200,16.722700,
segmentation_only,2,2,perf-segmentation_only-r002-20260818T050607Z,loan_to_aml,3,77,200,16.980200,
segmentation_only,2,2,perf-segmentation_only-r002-20260818T050607Z,loan_to_aml,3,78,200,15.825500,
segmentation_only,2,2,perf-segmentation_only-r002-20260818T050607Z,loan_to_aml,3,79,200,16.023900,
segmentation_only,2,2,perf-segmentation_only-r002-20260818T050607Z,loan_to_aml,3,80,200,16.113400,
segmentation_only,2,2,perf-segmentation_only-r002-20260818T050607Z,loan_to_aml,3,81,200,16.701900,
segmentation_only,2,2,perf-segmentation_only-r002-20260818T050607Z,loan_to_aml,3,82,200,15.305800,
segmentation_only,2,2,perf-segmentation_only-r002-20260818T050607Z,loan_to_aml,3,83,200,15.730700,
segmentation_only,2,2,perf-segmentation_only-r002-20260818T050607Z,loan_to_aml,3,84,200,16.389200,
segmentation_only,2,2,perf-segmentation_only-r002-20260818T050607Z,loan_to_aml,3,85,200,15.724100,
segmentation_only,2,2,perf-segmentation_only-r002-20260818T050607Z,loan_to_aml,3,86,200,16.056600,
segmentation_only,2,2,perf-segmentation_only-r002-20260818T050607Z,loan_to_aml,3,87,200,15.467400,
segmentation_only,2,2,perf-segmentation_only-r002-20260818T050607Z,loan_to_aml,3,88,200,16.056600,
segmentation_only,2,2,perf-segmentation_only-r002-20260818T050607Z,loan_to_aml,3,89,200,16.029300,
segmentation_only,2,2,perf-segmentation_only-r002-20260818T050607Z,loan_to_aml,3,90,200,15.987000,
segmentation_only,2,2,perf-segmentation_only-r002-20260818T050607Z,loan_to_aml,3,91,200,16.180100,
segmentation_only,2,2,perf-segmentation_only-r002-20260818T050607Z,loan_to_aml,3,92,200,15.888600,
segmentation_only,2,2,perf-segmentation_only-r002-20260818T050607Z,loan_to_aml,3,93,200,16.521500,
segmentation_only,2,2,perf-segmentation_only-r002-20260818T050607Z,loan_to_aml,3,94,200,15.142200,
segmentation_only,2,2,perf-segmentation_only-r002-20260818T050607Z,loan_to_aml,3,95,200,15.438300,
segmentation_only,2,2,perf-segmentation_only-r002-20260818T050607Z,loan_to_aml,3,96,200,15.756200,
segmentation_only,2,2,perf-segmentation_only-r002-20260818T050607Z,loan_to_aml,3,97,200,16.401700,
segmentation_only,2,2,perf-segmentation_only-r002-20260818T050607Z,loan_to_aml,3,98,200,16.972000,
segmentation_only,2,2,perf-segmentation_only-r002-20260818T050607Z,loan_to_aml,3,99,200,15.662600,
segmentation_only,2,2,perf-segmentation_only-r002-20260818T050607Z,loan_to_aml,3,100,200,16.040200,
segmentation_only,2,2,perf-segmentation_only-r002-20260818T050607Z,loan_to_aml,3,101,200,17.136500,
segmentation_only,2,2,perf-segmentation_only-r002-20260818T050607Z,loan_to_aml,3,102,200,17.061500,
segmentation_only,2,2,perf-segmentation_only-r002-20260818T050607Z,loan_to_aml,3,103,200,16.335800,
segmentation_only,2,2,perf-segmentation_only-r002-20260818T050607Z,loan_to_aml,3,104,200,17.324100,
segmentation_only,2,2,perf-segmentation_only-r002-20260818T050607Z,loan_to_aml,3,105,200,17.413300,
segmentation_only,2,2,perf-segmentation_only-r002-20260818T050607Z,loan_to_aml,3,106,200,16.394400,
segmentation_only,2,2,perf-segmentation_only-r002-20260818T050607Z,loan_to_aml,3,107,200,19.846700,
segmentation_only,2,2,perf-segmentation_only-r002-20260818T050607Z,loan_to_aml,3,108,200,20.026900,
segmentation_only,2,2,perf-segmentation_only-r002-20260818T050607Z,loan_to_aml,3,109,200,18.318000,
segmentation_only,2,2,perf-segmentation_only-r002-20260818T050607Z,loan_to_aml,3,110,200,17.407300,
segmentation_only,2,2,perf-segmentation_only-r002-20260818T050607Z,loan_to_aml,3,111,200,16.893800,
segmentation_only,2,2,perf-segmentation_only-r002-20260818T050607Z,loan_to_aml,3,112,200,16.843500,
segmentation_only,2,2,perf-segmentation_only-r002-20260818T050607Z,loan_to_aml,3,113,200,15.586300,
segmentation_only,2,2,perf-segmentation_only-r002-20260818T050607Z,loan_to_aml,3,114,200,16.402500,
segmentation_only,2,2,perf-segmentation_only-r002-20260818T050607Z,loan_to_aml,3,115,200,15.724400,
segmentation_only,2,2,perf-segmentation_only-r002-20260818T050607Z,loan_to_aml,3,116,200,15.907300,
segmentation_only,2,2,perf-segmentation_only-r002-20260818T050607Z,loan_to_aml,3,117,200,16.238700,
segmentation_only,2,2,perf-segmentation_only-r002-20260818T050607Z,loan_to_aml,3,118,200,15.718400,
segmentation_only,2,2,perf-segmentation_only-r002-20260818T050607Z,loan_to_aml,3,119,200,16.067300,
segmentation_only,2,2,perf-segmentation_only-r002-20260818T050607Z,loan_to_aml,3,120,200,15.583000,
segmentation_only,2,2,perf-segmentation_only-r002-20260818T050607Z,loan_to_aml,3,121,200,16.135400,
segmentation_only,2,2,perf-segmentation_only-r002-20260818T050607Z,loan_to_aml,3,122,200,15.855600,
segmentation_only,2,2,perf-segmentation_only-r002-20260818T050607Z,loan_to_aml,3,123,200,15.880500,
segmentation_only,2,2,perf-segmentation_only-r002-20260818T050607Z,loan_to_aml,3,124,200,16.410400,
segmentation_only,2,2,perf-segmentation_only-r002-20260818T050607Z,loan_to_aml,3,125,200,17.465900,
segmentation_only,2,2,perf-segmentation_only-r002-20260818T050607Z,loan_to_aml,3,126,200,16.771400,
segmentation_only,2,2,perf-segmentation_only-r002-20260818T050607Z,loan_to_aml,3,127,200,16.874700,
segmentation_only,2,2,perf-segmentation_only-r002-20260818T050607Z,loan_to_aml,3,128,200,15.766600,
segmentation_only,2,2,perf-segmentation_only-r002-20260818T050607Z,loan_to_aml,3,129,200,16.275400,
segmentation_only,2,2,perf-segmentation_only-r002-20260818T050607Z,loan_to_aml,3,130,200,16.901900,
segmentation_only,2,2,perf-segmentation_only-r002-20260818T050607Z,loan_to_aml,3,131,200,17.137600,
segmentation_only,2,2,perf-segmentation_only-r002-20260818T050607Z,loan_to_aml,3,132,200,16.635000,
segmentation_only,2,2,perf-segmentation_only-r002-20260818T050607Z,loan_to_aml,3,133,200,17.494000,
segmentation_only,2,2,perf-segmentation_only-r002-20260818T050607Z,loan_to_aml,3,134,200,17.641200,
segmentation_only,2,2,perf-segmentation_only-r002-20260818T050607Z,loan_to_aml,3,135,200,16.743200,
segmentation_only,2,2,perf-segmentation_only-r002-20260818T050607Z,loan_to_aml,3,136,200,17.273200,
segmentation_only,2,2,perf-segmentation_only-r002-20260818T050607Z,loan_to_aml,3,137,200,16.702300,
segmentation_only,2,2,perf-segmentation_only-r002-20260818T050607Z,loan_to_aml,3,138,200,16.775100,
segmentation_only,2,2,perf-segmentation_only-r002-20260818T050607Z,loan_to_aml,3,139,200,16.392200,
segmentation_only,2,2,perf-segmentation_only-r002-20260818T050607Z,loan_to_aml,3,140,200,18.911500,
segmentation_only,2,2,perf-segmentation_only-r002-20260818T050607Z,loan_to_aml,3,141,200,15.934200,
segmentation_only,2,2,perf-segmentation_only-r002-20260818T050607Z,loan_to_aml,3,142,200,17.131000,
segmentation_only,2,2,perf-segmentation_only-r002-20260818T050607Z,loan_to_aml,3,143,200,16.620100,
segmentation_only,2,2,perf-segmentation_only-r002-20260818T050607Z,loan_to_aml,3,144,200,16.218300,
segmentation_only,2,2,perf-segmentation_only-r002-20260818T050607Z,loan_to_aml,3,145,200,16.620000,
segmentation_only,2,2,perf-segmentation_only-r002-20260818T050607Z,loan_to_aml,3,146,200,15.929400,
segmentation_only,2,2,perf-segmentation_only-r002-20260818T050607Z,loan_to_aml,3,147,200,15.820200,
segmentation_only,2,2,perf-segmentation_only-r002-20260818T050607Z,loan_to_aml,3,148,200,16.336300,
segmentation_only,2,2,perf-segmentation_only-r002-20260818T050607Z,loan_to_aml,3,149,200,16.044400,
segmentation_only,2,2,perf-segmentation_only-r002-20260818T050607Z,loan_to_aml,3,150,200,16.098500,
segmentation_only,2,2,perf-segmentation_only-r002-20260818T050607Z,loan_to_aml,3,151,200,15.527900,
segmentation_only,2,2,perf-segmentation_only-r002-20260818T050607Z,loan_to_aml,3,152,200,16.014600,
segmentation_only,2,2,perf-segmentation_only-r002-20260818T050607Z,loan_to_aml,3,153,200,16.275500,
segmentation_only,2,2,perf-segmentation_only-r002-20260818T050607Z,loan_to_aml,3,154,200,16.358100,
segmentation_only,2,2,perf-segmentation_only-r002-20260818T050607Z,loan_to_aml,3,155,200,16.586400,
segmentation_only,2,2,perf-segmentation_only-r002-20260818T050607Z,loan_to_aml,3,156,200,15.757900,
segmentation_only,2,2,perf-segmentation_only-r002-20260818T050607Z,loan_to_aml,3,157,200,15.358500,
segmentation_only,2,2,perf-segmentation_only-r002-20260818T050607Z,loan_to_aml,3,158,200,16.214600,
segmentation_only,2,2,perf-segmentation_only-r002-20260818T050607Z,loan_to_aml,3,159,200,16.542700,
segmentation_only,2,2,perf-segmentation_only-r002-20260818T050607Z,loan_to_aml,3,160,200,16.036900,
segmentation_only,2,2,perf-segmentation_only-r002-20260818T050607Z,loan_to_aml,3,161,200,16.082500,
segmentation_only,2,2,perf-segmentation_only-r002-20260818T050607Z,loan_to_aml,3,162,200,15.774300,
segmentation_only,2,2,perf-segmentation_only-r002-20260818T050607Z,loan_to_aml,3,163,200,16.405300,
segmentation_only,2,2,perf-segmentation_only-r002-20260818T050607Z,loan_to_aml,3,164,200,18.973700,
segmentation_only,2,2,perf-segmentation_only-r002-20260818T050607Z,loan_to_aml,3,165,200,18.583400,
segmentation_only,2,2,perf-segmentation_only-r002-20260818T050607Z,loan_to_aml,3,166,200,18.280100,
segmentation_only,2,2,perf-segmentation_only-r002-20260818T050607Z,loan_to_aml,3,167,200,15.720500,
segmentation_only,2,2,perf-segmentation_only-r002-20260818T050607Z,loan_to_aml,3,168,200,16.107100,
segmentation_only,2,2,perf-segmentation_only-r002-20260818T050607Z,loan_to_aml,3,169,200,15.808100,
segmentation_only,2,2,perf-segmentation_only-r002-20260818T050607Z,loan_to_aml,3,170,200,17.619300,
segmentation_only,2,2,perf-segmentation_only-r002-20260818T050607Z,loan_to_aml,3,171,200,16.690500,
segmentation_only,2,2,perf-segmentation_only-r002-20260818T050607Z,loan_to_aml,3,172,200,17.344900,
segmentation_only,2,2,perf-segmentation_only-r002-20260818T050607Z,loan_to_aml,3,173,200,16.198300,
segmentation_only,2,2,perf-segmentation_only-r002-20260818T050607Z,loan_to_aml,3,174,200,16.243100,
segmentation_only,2,2,perf-segmentation_only-r002-20260818T050607Z,loan_to_aml,3,175,200,15.579600,
segmentation_only,2,2,perf-segmentation_only-r002-20260818T050607Z,loan_to_aml,3,176,200,17.803200,
segmentation_only,2,2,perf-segmentation_only-r002-20260818T050607Z,loan_to_aml,3,177,200,16.496900,
segmentation_only,2,2,perf-segmentation_only-r002-20260818T050607Z,loan_to_aml,3,178,200,16.242500,
segmentation_only,2,2,perf-segmentation_only-r002-20260818T050607Z,loan_to_aml,3,179,200,16.892100,
segmentation_only,2,2,perf-segmentation_only-r002-20260818T050607Z,loan_to_aml,3,180,200,15.821500,
segmentation_only,2,2,perf-segmentation_only-r002-20260818T050607Z,loan_to_aml,3,181,200,15.565500,
segmentation_only,2,2,perf-segmentation_only-r002-20260818T050607Z,loan_to_aml,3,182,200,16.011900,
segmentation_only,2,2,perf-segmentation_only-r002-20260818T050607Z,loan_to_aml,3,183,200,16.195700,
segmentation_only,2,2,perf-segmentation_only-r002-20260818T050607Z,loan_to_aml,3,184,200,15.721800,
segmentation_only,2,2,perf-segmentation_only-r002-20260818T050607Z,loan_to_aml,3,185,200,15.987300,
segmentation_only,2,2,perf-segmentation_only-r002-20260818T050607Z,loan_to_aml,3,186,200,15.969200,
segmentation_only,2,2,perf-segmentation_only-r002-20260818T050607Z,loan_to_aml,3,187,200,17.390400,
segmentation_only,2,2,perf-segmentation_only-r002-20260818T050607Z,loan_to_aml,3,188,200,16.334400,
segmentation_only,2,2,perf-segmentation_only-r002-20260818T050607Z,loan_to_aml,3,189,200,16.746900,
segmentation_only,2,2,perf-segmentation_only-r002-20260818T050607Z,loan_to_aml,3,190,200,16.921900,
segmentation_only,2,2,perf-segmentation_only-r002-20260818T050607Z,loan_to_aml,3,191,200,18.100700,
segmentation_only,2,2,perf-segmentation_only-r002-20260818T050607Z,loan_to_aml,3,192,200,17.064600,
segmentation_only,2,2,perf-segmentation_only-r002-20260818T050607Z,loan_to_aml,3,193,200,16.516000,
segmentation_only,2,2,perf-segmentation_only-r002-20260818T050607Z,loan_to_aml,3,194,200,16.065100,
segmentation_only,2,2,perf-segmentation_only-r002-20260818T050607Z,loan_to_aml,3,195,200,17.265100,
segmentation_only,2,2,perf-segmentation_only-r002-20260818T050607Z,loan_to_aml,3,196,200,17.810200,
segmentation_only,2,2,perf-segmentation_only-r002-20260818T050607Z,loan_to_aml,3,197,200,16.867700,
segmentation_only,2,2,perf-segmentation_only-r002-20260818T050607Z,loan_to_aml,3,198,200,16.006300,
segmentation_only,2,2,perf-segmentation_only-r002-20260818T050607Z,loan_to_aml,3,199,200,15.907500,
segmentation_only,2,2,perf-segmentation_only-r002-20260818T050607Z,loan_to_aml,3,200,200,16.197800,
segmentation_only,2,2,perf-segmentation_only-r002-20260818T050607Z,loan_to_approval,1,1,200,16.018400,
segmentation_only,2,2,perf-segmentation_only-r002-20260818T050607Z,loan_to_approval,1,2,200,16.351400,
segmentation_only,2,2,perf-segmentation_only-r002-20260818T050607Z,loan_to_approval,1,3,200,15.778300,
segmentation_only,2,2,perf-segmentation_only-r002-20260818T050607Z,loan_to_approval,1,4,200,17.620400,
segmentation_only,2,2,perf-segmentation_only-r002-20260818T050607Z,loan_to_approval,1,5,200,16.398000,
segmentation_only,2,2,perf-segmentation_only-r002-20260818T050607Z,loan_to_approval,1,6,200,15.804500,
segmentation_only,2,2,perf-segmentation_only-r002-20260818T050607Z,loan_to_approval,1,7,200,16.283300,
segmentation_only,2,2,perf-segmentation_only-r002-20260818T050607Z,loan_to_approval,1,8,200,17.076400,
segmentation_only,2,2,perf-segmentation_only-r002-20260818T050607Z,loan_to_approval,1,9,200,16.871200,
segmentation_only,2,2,perf-segmentation_only-r002-20260818T050607Z,loan_to_approval,1,10,200,17.098400,
segmentation_only,2,2,perf-segmentation_only-r002-20260818T050607Z,loan_to_approval,1,11,200,17.234700,
segmentation_only,2,2,perf-segmentation_only-r002-20260818T050607Z,loan_to_approval,1,12,200,16.987300,
segmentation_only,2,2,perf-segmentation_only-r002-20260818T050607Z,loan_to_approval,1,13,200,16.816900,
segmentation_only,2,2,perf-segmentation_only-r002-20260818T050607Z,loan_to_approval,1,14,200,18.048400,
segmentation_only,2,2,perf-segmentation_only-r002-20260818T050607Z,loan_to_approval,1,15,200,16.776900,
segmentation_only,2,2,perf-segmentation_only-r002-20260818T050607Z,loan_to_approval,1,16,200,16.484000,
segmentation_only,2,2,perf-segmentation_only-r002-20260818T050607Z,loan_to_approval,1,17,200,15.112100,
segmentation_only,2,2,perf-segmentation_only-r002-20260818T050607Z,loan_to_approval,1,18,200,16.102400,
segmentation_only,2,2,perf-segmentation_only-r002-20260818T050607Z,loan_to_approval,1,19,200,15.992200,
segmentation_only,2,2,perf-segmentation_only-r002-20260818T050607Z,loan_to_approval,1,20,200,15.790900,
segmentation_only,2,2,perf-segmentation_only-r002-20260818T050607Z,loan_to_approval,1,21,200,16.275800,
segmentation_only,2,2,perf-segmentation_only-r002-20260818T050607Z,loan_to_approval,1,22,200,16.211000,
segmentation_only,2,2,perf-segmentation_only-r002-20260818T050607Z,loan_to_approval,1,23,200,15.912900,
segmentation_only,2,2,perf-segmentation_only-r002-20260818T050607Z,loan_to_approval,1,24,200,15.736800,
segmentation_only,2,2,perf-segmentation_only-r002-20260818T050607Z,loan_to_approval,1,25,200,16.973000,
segmentation_only,2,2,perf-segmentation_only-r002-20260818T050607Z,loan_to_approval,1,26,200,15.686100,
segmentation_only,2,2,perf-segmentation_only-r002-20260818T050607Z,loan_to_approval,1,27,200,16.047300,
segmentation_only,2,2,perf-segmentation_only-r002-20260818T050607Z,loan_to_approval,1,28,200,16.912500,
segmentation_only,2,2,perf-segmentation_only-r002-20260818T050607Z,loan_to_approval,1,29,200,16.215700,
segmentation_only,2,2,perf-segmentation_only-r002-20260818T050607Z,loan_to_approval,1,30,200,16.112000,
segmentation_only,2,2,perf-segmentation_only-r002-20260818T050607Z,loan_to_approval,1,31,200,16.438600,
segmentation_only,2,2,perf-segmentation_only-r002-20260818T050607Z,loan_to_approval,1,32,200,18.140400,
segmentation_only,2,2,perf-segmentation_only-r002-20260818T050607Z,loan_to_approval,1,33,200,16.446100,
segmentation_only,2,2,perf-segmentation_only-r002-20260818T050607Z,loan_to_approval,1,34,200,16.912100,
segmentation_only,2,2,perf-segmentation_only-r002-20260818T050607Z,loan_to_approval,1,35,200,15.753200,
segmentation_only,2,2,perf-segmentation_only-r002-20260818T050607Z,loan_to_approval,1,36,200,18.021600,
segmentation_only,2,2,perf-segmentation_only-r002-20260818T050607Z,loan_to_approval,1,37,200,16.974500,
segmentation_only,2,2,perf-segmentation_only-r002-20260818T050607Z,loan_to_approval,1,38,200,19.261500,
segmentation_only,2,2,perf-segmentation_only-r002-20260818T050607Z,loan_to_approval,1,39,200,16.917700,
segmentation_only,2,2,perf-segmentation_only-r002-20260818T050607Z,loan_to_approval,1,40,200,17.054500,
segmentation_only,2,2,perf-segmentation_only-r002-20260818T050607Z,loan_to_approval,1,41,200,17.425300,
segmentation_only,2,2,perf-segmentation_only-r002-20260818T050607Z,loan_to_approval,1,42,200,16.626600,
segmentation_only,2,2,perf-segmentation_only-r002-20260818T050607Z,loan_to_approval,1,43,200,16.620900,
segmentation_only,2,2,perf-segmentation_only-r002-20260818T050607Z,loan_to_approval,1,44,200,15.967600,
segmentation_only,2,2,perf-segmentation_only-r002-20260818T050607Z,loan_to_approval,1,45,200,15.688900,
segmentation_only,2,2,perf-segmentation_only-r002-20260818T050607Z,loan_to_approval,1,46,200,16.393200,
segmentation_only,2,2,perf-segmentation_only-r002-20260818T050607Z,loan_to_approval,1,47,200,15.876000,
segmentation_only,2,2,perf-segmentation_only-r002-20260818T050607Z,loan_to_approval,1,48,200,16.150800,
segmentation_only,2,2,perf-segmentation_only-r002-20260818T050607Z,loan_to_approval,1,49,200,15.783500,
segmentation_only,2,2,perf-segmentation_only-r002-20260818T050607Z,loan_to_approval,1,50,200,15.908100,
segmentation_only,2,2,perf-segmentation_only-r002-20260818T050607Z,loan_to_approval,1,51,200,16.734400,
segmentation_only,2,2,perf-segmentation_only-r002-20260818T050607Z,loan_to_approval,1,52,200,15.150700,
segmentation_only,2,2,perf-segmentation_only-r002-20260818T050607Z,loan_to_approval,1,53,200,16.163100,
segmentation_only,2,2,perf-segmentation_only-r002-20260818T050607Z,loan_to_approval,1,54,200,15.856100,
segmentation_only,2,2,perf-segmentation_only-r002-20260818T050607Z,loan_to_approval,1,55,200,15.900000,
segmentation_only,2,2,perf-segmentation_only-r002-20260818T050607Z,loan_to_approval,1,56,200,15.984900,
segmentation_only,2,2,perf-segmentation_only-r002-20260818T050607Z,loan_to_approval,1,57,200,15.936300,
segmentation_only,2,2,perf-segmentation_only-r002-20260818T050607Z,loan_to_approval,1,58,200,15.814600,
segmentation_only,2,2,perf-segmentation_only-r002-20260818T050607Z,loan_to_approval,1,59,200,15.494900,
segmentation_only,2,2,perf-segmentation_only-r002-20260818T050607Z,loan_to_approval,1,60,200,16.041100,
segmentation_only,2,2,perf-segmentation_only-r002-20260818T050607Z,loan_to_approval,1,61,200,15.722800,
segmentation_only,2,2,perf-segmentation_only-r002-20260818T050607Z,loan_to_approval,1,62,200,16.418300,
segmentation_only,2,2,perf-segmentation_only-r002-20260818T050607Z,loan_to_approval,1,63,200,16.767500,
segmentation_only,2,2,perf-segmentation_only-r002-20260818T050607Z,loan_to_approval,1,64,200,16.022900,
segmentation_only,2,2,perf-segmentation_only-r002-20260818T050607Z,loan_to_approval,1,65,200,16.775100,
segmentation_only,2,2,perf-segmentation_only-r002-20260818T050607Z,loan_to_approval,1,66,200,15.902600,
segmentation_only,2,2,perf-segmentation_only-r002-20260818T050607Z,loan_to_approval,1,67,200,17.934200,
segmentation_only,2,2,perf-segmentation_only-r002-20260818T050607Z,loan_to_approval,1,68,200,17.171500,
segmentation_only,2,2,perf-segmentation_only-r002-20260818T050607Z,loan_to_approval,1,69,200,17.877700,
segmentation_only,2,2,perf-segmentation_only-r002-20260818T050607Z,loan_to_approval,1,70,200,20.171700,
segmentation_only,2,2,perf-segmentation_only-r002-20260818T050607Z,loan_to_approval,1,71,200,17.100800,
segmentation_only,2,2,perf-segmentation_only-r002-20260818T050607Z,loan_to_approval,1,72,200,18.050800,
segmentation_only,2,2,perf-segmentation_only-r002-20260818T050607Z,loan_to_approval,1,73,200,17.356500,
segmentation_only,2,2,perf-segmentation_only-r002-20260818T050607Z,loan_to_approval,1,74,200,17.671700,
segmentation_only,2,2,perf-segmentation_only-r002-20260818T050607Z,loan_to_approval,1,75,200,17.018300,
segmentation_only,2,2,perf-segmentation_only-r002-20260818T050607Z,loan_to_approval,1,76,200,16.619800,
segmentation_only,2,2,perf-segmentation_only-r002-20260818T050607Z,loan_to_approval,1,77,200,15.933700,
segmentation_only,2,2,perf-segmentation_only-r002-20260818T050607Z,loan_to_approval,1,78,200,15.586400,
segmentation_only,2,2,perf-segmentation_only-r002-20260818T050607Z,loan_to_approval,1,79,200,16.346900,
segmentation_only,2,2,perf-segmentation_only-r002-20260818T050607Z,loan_to_approval,1,80,200,15.859300,
segmentation_only,2,2,perf-segmentation_only-r002-20260818T050607Z,loan_to_approval,1,81,200,15.911300,
segmentation_only,2,2,perf-segmentation_only-r002-20260818T050607Z,loan_to_approval,1,82,200,15.752000,
segmentation_only,2,2,perf-segmentation_only-r002-20260818T050607Z,loan_to_approval,1,83,200,14.969900,
segmentation_only,2,2,perf-segmentation_only-r002-20260818T050607Z,loan_to_approval,1,84,200,16.229500,
segmentation_only,2,2,perf-segmentation_only-r002-20260818T050607Z,loan_to_approval,1,85,200,16.448300,
segmentation_only,2,2,perf-segmentation_only-r002-20260818T050607Z,loan_to_approval,1,86,200,16.305000,
segmentation_only,2,2,perf-segmentation_only-r002-20260818T050607Z,loan_to_approval,1,87,200,16.783300,
segmentation_only,2,2,perf-segmentation_only-r002-20260818T050607Z,loan_to_approval,1,88,200,16.943100,
segmentation_only,2,2,perf-segmentation_only-r002-20260818T050607Z,loan_to_approval,1,89,200,16.942300,
segmentation_only,2,2,perf-segmentation_only-r002-20260818T050607Z,loan_to_approval,1,90,200,16.763700,
segmentation_only,2,2,perf-segmentation_only-r002-20260818T050607Z,loan_to_approval,1,91,200,16.199600,
segmentation_only,2,2,perf-segmentation_only-r002-20260818T050607Z,loan_to_approval,1,92,200,16.997400,
segmentation_only,2,2,perf-segmentation_only-r002-20260818T050607Z,loan_to_approval,1,93,200,16.817400,
segmentation_only,2,2,perf-segmentation_only-r002-20260818T050607Z,loan_to_approval,1,94,200,16.979200,
segmentation_only,2,2,perf-segmentation_only-r002-20260818T050607Z,loan_to_approval,1,95,200,16.739800,
segmentation_only,2,2,perf-segmentation_only-r002-20260818T050607Z,loan_to_approval,1,96,200,17.693500,
segmentation_only,2,2,perf-segmentation_only-r002-20260818T050607Z,loan_to_approval,1,97,200,17.419900,
segmentation_only,2,2,perf-segmentation_only-r002-20260818T050607Z,loan_to_approval,1,98,200,16.937900,
segmentation_only,2,2,perf-segmentation_only-r002-20260818T050607Z,loan_to_approval,1,99,200,17.017500,
segmentation_only,2,2,perf-segmentation_only-r002-20260818T050607Z,loan_to_approval,1,100,200,17.077800,
segmentation_only,2,2,perf-segmentation_only-r002-20260818T050607Z,loan_to_approval,1,101,200,17.121800,
segmentation_only,2,2,perf-segmentation_only-r002-20260818T050607Z,loan_to_approval,1,102,200,16.690800,
segmentation_only,2,2,perf-segmentation_only-r002-20260818T050607Z,loan_to_approval,1,103,200,17.420800,
segmentation_only,2,2,perf-segmentation_only-r002-20260818T050607Z,loan_to_approval,1,104,200,16.825000,
segmentation_only,2,2,perf-segmentation_only-r002-20260818T050607Z,loan_to_approval,1,105,200,17.099900,
segmentation_only,2,2,perf-segmentation_only-r002-20260818T050607Z,loan_to_approval,1,106,200,16.645700,
segmentation_only,2,2,perf-segmentation_only-r002-20260818T050607Z,loan_to_approval,1,107,200,16.796600,
segmentation_only,2,2,perf-segmentation_only-r002-20260818T050607Z,loan_to_approval,1,108,200,16.552500,
segmentation_only,2,2,perf-segmentation_only-r002-20260818T050607Z,loan_to_approval,1,109,200,16.792100,
segmentation_only,2,2,perf-segmentation_only-r002-20260818T050607Z,loan_to_approval,1,110,200,16.985000,
segmentation_only,2,2,perf-segmentation_only-r002-20260818T050607Z,loan_to_approval,1,111,200,16.900600,
segmentation_only,2,2,perf-segmentation_only-r002-20260818T050607Z,loan_to_approval,1,112,200,16.872300,
segmentation_only,2,2,perf-segmentation_only-r002-20260818T050607Z,loan_to_approval,1,113,200,17.162600,
segmentation_only,2,2,perf-segmentation_only-r002-20260818T050607Z,loan_to_approval,1,114,200,17.054300,
segmentation_only,2,2,perf-segmentation_only-r002-20260818T050607Z,loan_to_approval,1,115,200,16.791100,
segmentation_only,2,2,perf-segmentation_only-r002-20260818T050607Z,loan_to_approval,1,116,200,17.823600,
segmentation_only,2,2,perf-segmentation_only-r002-20260818T050607Z,loan_to_approval,1,117,200,17.463400,
segmentation_only,2,2,perf-segmentation_only-r002-20260818T050607Z,loan_to_approval,1,118,200,16.334400,
segmentation_only,2,2,perf-segmentation_only-r002-20260818T050607Z,loan_to_approval,1,119,200,17.390500,
segmentation_only,2,2,perf-segmentation_only-r002-20260818T050607Z,loan_to_approval,1,120,200,17.127900,
segmentation_only,2,2,perf-segmentation_only-r002-20260818T050607Z,loan_to_approval,1,121,200,17.023600,
segmentation_only,2,2,perf-segmentation_only-r002-20260818T050607Z,loan_to_approval,1,122,200,16.334000,
segmentation_only,2,2,perf-segmentation_only-r002-20260818T050607Z,loan_to_approval,1,123,200,17.462000,
segmentation_only,2,2,perf-segmentation_only-r002-20260818T050607Z,loan_to_approval,1,124,200,16.589800,
segmentation_only,2,2,perf-segmentation_only-r002-20260818T050607Z,loan_to_approval,1,125,200,17.032100,
segmentation_only,2,2,perf-segmentation_only-r002-20260818T050607Z,loan_to_approval,1,126,200,16.783400,
segmentation_only,2,2,perf-segmentation_only-r002-20260818T050607Z,loan_to_approval,1,127,200,16.232200,
segmentation_only,2,2,perf-segmentation_only-r002-20260818T050607Z,loan_to_approval,1,128,200,15.463000,
segmentation_only,2,2,perf-segmentation_only-r002-20260818T050607Z,loan_to_approval,1,129,200,16.439100,
segmentation_only,2,2,perf-segmentation_only-r002-20260818T050607Z,loan_to_approval,1,130,200,16.020600,
segmentation_only,2,2,perf-segmentation_only-r002-20260818T050607Z,loan_to_approval,1,131,200,15.830700,
segmentation_only,2,2,perf-segmentation_only-r002-20260818T050607Z,loan_to_approval,1,132,200,15.868300,
segmentation_only,2,2,perf-segmentation_only-r002-20260818T050607Z,loan_to_approval,1,133,200,16.351800,
segmentation_only,2,2,perf-segmentation_only-r002-20260818T050607Z,loan_to_approval,1,134,200,15.338200,
segmentation_only,2,2,perf-segmentation_only-r002-20260818T050607Z,loan_to_approval,1,135,200,16.266500,
segmentation_only,2,2,perf-segmentation_only-r002-20260818T050607Z,loan_to_approval,1,136,200,16.159300,
segmentation_only,2,2,perf-segmentation_only-r002-20260818T050607Z,loan_to_approval,1,137,200,15.580700,
segmentation_only,2,2,perf-segmentation_only-r002-20260818T050607Z,loan_to_approval,1,138,200,16.263100,
segmentation_only,2,2,perf-segmentation_only-r002-20260818T050607Z,loan_to_approval,1,139,200,15.920500,
segmentation_only,2,2,perf-segmentation_only-r002-20260818T050607Z,loan_to_approval,1,140,200,15.943200,
segmentation_only,2,2,perf-segmentation_only-r002-20260818T050607Z,loan_to_approval,1,141,200,15.884100,
segmentation_only,2,2,perf-segmentation_only-r002-20260818T050607Z,loan_to_approval,1,142,200,16.216000,
segmentation_only,2,2,perf-segmentation_only-r002-20260818T050607Z,loan_to_approval,1,143,200,15.669600,
segmentation_only,2,2,perf-segmentation_only-r002-20260818T050607Z,loan_to_approval,1,144,200,16.604000,
segmentation_only,2,2,perf-segmentation_only-r002-20260818T050607Z,loan_to_approval,1,145,200,15.729000,
segmentation_only,2,2,perf-segmentation_only-r002-20260818T050607Z,loan_to_approval,1,146,200,18.270000,
segmentation_only,2,2,perf-segmentation_only-r002-20260818T050607Z,loan_to_approval,1,147,200,16.727800,
segmentation_only,2,2,perf-segmentation_only-r002-20260818T050607Z,loan_to_approval,1,148,200,17.006300,
segmentation_only,2,2,perf-segmentation_only-r002-20260818T050607Z,loan_to_approval,1,149,200,15.967700,
segmentation_only,2,2,perf-segmentation_only-r002-20260818T050607Z,loan_to_approval,1,150,200,16.107800,
segmentation_only,2,2,perf-segmentation_only-r002-20260818T050607Z,loan_to_approval,1,151,200,15.795900,
segmentation_only,2,2,perf-segmentation_only-r002-20260818T050607Z,loan_to_approval,1,152,200,16.008300,
segmentation_only,2,2,perf-segmentation_only-r002-20260818T050607Z,loan_to_approval,1,153,200,16.186900,
segmentation_only,2,2,perf-segmentation_only-r002-20260818T050607Z,loan_to_approval,1,154,200,16.955300,
segmentation_only,2,2,perf-segmentation_only-r002-20260818T050607Z,loan_to_approval,1,155,200,15.556400,
segmentation_only,2,2,perf-segmentation_only-r002-20260818T050607Z,loan_to_approval,1,156,200,16.356400,
segmentation_only,2,2,perf-segmentation_only-r002-20260818T050607Z,loan_to_approval,1,157,200,15.774700,
segmentation_only,2,2,perf-segmentation_only-r002-20260818T050607Z,loan_to_approval,1,158,200,15.712200,
segmentation_only,2,2,perf-segmentation_only-r002-20260818T050607Z,loan_to_approval,1,159,200,17.336500,
segmentation_only,2,2,perf-segmentation_only-r002-20260818T050607Z,loan_to_approval,1,160,200,17.200800,
segmentation_only,2,2,perf-segmentation_only-r002-20260818T050607Z,loan_to_approval,1,161,200,18.008500,
segmentation_only,2,2,perf-segmentation_only-r002-20260818T050607Z,loan_to_approval,1,162,200,18.145700,
segmentation_only,2,2,perf-segmentation_only-r002-20260818T050607Z,loan_to_approval,1,163,200,18.333000,
segmentation_only,2,2,perf-segmentation_only-r002-20260818T050607Z,loan_to_approval,1,164,200,17.315300,
segmentation_only,2,2,perf-segmentation_only-r002-20260818T050607Z,loan_to_approval,1,165,200,16.376300,
segmentation_only,2,2,perf-segmentation_only-r002-20260818T050607Z,loan_to_approval,1,166,200,16.840400,
segmentation_only,2,2,perf-segmentation_only-r002-20260818T050607Z,loan_to_approval,1,167,200,16.490200,
segmentation_only,2,2,perf-segmentation_only-r002-20260818T050607Z,loan_to_approval,1,168,200,16.160500,
segmentation_only,2,2,perf-segmentation_only-r002-20260818T050607Z,loan_to_approval,1,169,200,16.854500,
segmentation_only,2,2,perf-segmentation_only-r002-20260818T050607Z,loan_to_approval,1,170,200,16.968100,
segmentation_only,2,2,perf-segmentation_only-r002-20260818T050607Z,loan_to_approval,1,171,200,16.865600,
segmentation_only,2,2,perf-segmentation_only-r002-20260818T050607Z,loan_to_approval,1,172,200,16.382600,
segmentation_only,2,2,perf-segmentation_only-r002-20260818T050607Z,loan_to_approval,1,173,200,16.696700,
segmentation_only,2,2,perf-segmentation_only-r002-20260818T050607Z,loan_to_approval,1,174,200,15.553900,
segmentation_only,2,2,perf-segmentation_only-r002-20260818T050607Z,loan_to_approval,1,175,200,14.988900,
segmentation_only,2,2,perf-segmentation_only-r002-20260818T050607Z,loan_to_approval,1,176,200,15.287800,
segmentation_only,2,2,perf-segmentation_only-r002-20260818T050607Z,loan_to_approval,1,177,200,15.542300,
segmentation_only,2,2,perf-segmentation_only-r002-20260818T050607Z,loan_to_approval,1,178,200,15.382900,
segmentation_only,2,2,perf-segmentation_only-r002-20260818T050607Z,loan_to_approval,1,179,200,15.663900,
segmentation_only,2,2,perf-segmentation_only-r002-20260818T050607Z,loan_to_approval,1,180,200,16.202100,
segmentation_only,2,2,perf-segmentation_only-r002-20260818T050607Z,loan_to_approval,1,181,200,15.922600,
segmentation_only,2,2,perf-segmentation_only-r002-20260818T050607Z,loan_to_approval,1,182,200,16.095300,
segmentation_only,2,2,perf-segmentation_only-r002-20260818T050607Z,loan_to_approval,1,183,200,16.325400,
segmentation_only,2,2,perf-segmentation_only-r002-20260818T050607Z,loan_to_approval,1,184,200,16.512000,
segmentation_only,2,2,perf-segmentation_only-r002-20260818T050607Z,loan_to_approval,1,185,200,16.495600,
segmentation_only,2,2,perf-segmentation_only-r002-20260818T050607Z,loan_to_approval,1,186,200,16.964500,
segmentation_only,2,2,perf-segmentation_only-r002-20260818T050607Z,loan_to_approval,1,187,200,15.468800,
segmentation_only,2,2,perf-segmentation_only-r002-20260818T050607Z,loan_to_approval,1,188,200,16.070900,
segmentation_only,2,2,perf-segmentation_only-r002-20260818T050607Z,loan_to_approval,1,189,200,15.644100,
segmentation_only,2,2,perf-segmentation_only-r002-20260818T050607Z,loan_to_approval,1,190,200,15.156800,
segmentation_only,2,2,perf-segmentation_only-r002-20260818T050607Z,loan_to_approval,1,191,200,15.890400,
segmentation_only,2,2,perf-segmentation_only-r002-20260818T050607Z,loan_to_approval,1,192,200,17.237300,
segmentation_only,2,2,perf-segmentation_only-r002-20260818T050607Z,loan_to_approval,1,193,200,17.407800,
segmentation_only,2,2,perf-segmentation_only-r002-20260818T050607Z,loan_to_approval,1,194,200,15.625200,
segmentation_only,2,2,perf-segmentation_only-r002-20260818T050607Z,loan_to_approval,1,195,200,16.030000,
segmentation_only,2,2,perf-segmentation_only-r002-20260818T050607Z,loan_to_approval,1,196,200,15.757000,
segmentation_only,2,2,perf-segmentation_only-r002-20260818T050607Z,loan_to_approval,1,197,200,15.921100,
segmentation_only,2,2,perf-segmentation_only-r002-20260818T050607Z,loan_to_approval,1,198,200,15.169300,
segmentation_only,2,2,perf-segmentation_only-r002-20260818T050607Z,loan_to_approval,1,199,200,16.676800,
segmentation_only,2,2,perf-segmentation_only-r002-20260818T050607Z,loan_to_approval,1,200,200,17.540900,
segmentation_only,2,2,perf-segmentation_only-r002-20260818T050607Z,loan_to_approval,2,1,200,16.164800,
segmentation_only,2,2,perf-segmentation_only-r002-20260818T050607Z,loan_to_approval,2,2,200,16.651900,
segmentation_only,2,2,perf-segmentation_only-r002-20260818T050607Z,loan_to_approval,2,3,200,15.912400,
segmentation_only,2,2,perf-segmentation_only-r002-20260818T050607Z,loan_to_approval,2,4,200,15.936400,
segmentation_only,2,2,perf-segmentation_only-r002-20260818T050607Z,loan_to_approval,2,5,200,16.086400,
segmentation_only,2,2,perf-segmentation_only-r002-20260818T050607Z,loan_to_approval,2,6,200,15.771100,
segmentation_only,2,2,perf-segmentation_only-r002-20260818T050607Z,loan_to_approval,2,7,200,16.192000,
segmentation_only,2,2,perf-segmentation_only-r002-20260818T050607Z,loan_to_approval,2,8,200,15.708100,
segmentation_only,2,2,perf-segmentation_only-r002-20260818T050607Z,loan_to_approval,2,9,200,16.046400,
segmentation_only,2,2,perf-segmentation_only-r002-20260818T050607Z,loan_to_approval,2,10,200,16.113300,
segmentation_only,2,2,perf-segmentation_only-r002-20260818T050607Z,loan_to_approval,2,11,200,15.821800,
segmentation_only,2,2,perf-segmentation_only-r002-20260818T050607Z,loan_to_approval,2,12,200,16.081400,
segmentation_only,2,2,perf-segmentation_only-r002-20260818T050607Z,loan_to_approval,2,13,200,15.856300,
segmentation_only,2,2,perf-segmentation_only-r002-20260818T050607Z,loan_to_approval,2,14,200,15.758700,
segmentation_only,2,2,perf-segmentation_only-r002-20260818T050607Z,loan_to_approval,2,15,200,15.000800,
segmentation_only,2,2,perf-segmentation_only-r002-20260818T050607Z,loan_to_approval,2,16,200,16.499900,
segmentation_only,2,2,perf-segmentation_only-r002-20260818T050607Z,loan_to_approval,2,17,200,15.346200,
segmentation_only,2,2,perf-segmentation_only-r002-20260818T050607Z,loan_to_approval,2,18,200,16.539900,
segmentation_only,2,2,perf-segmentation_only-r002-20260818T050607Z,loan_to_approval,2,19,200,16.548100,
segmentation_only,2,2,perf-segmentation_only-r002-20260818T050607Z,loan_to_approval,2,20,200,15.363500,
segmentation_only,2,2,perf-segmentation_only-r002-20260818T050607Z,loan_to_approval,2,21,200,16.397100,
segmentation_only,2,2,perf-segmentation_only-r002-20260818T050607Z,loan_to_approval,2,22,200,16.346500,
segmentation_only,2,2,perf-segmentation_only-r002-20260818T050607Z,loan_to_approval,2,23,200,16.792300,
segmentation_only,2,2,perf-segmentation_only-r002-20260818T050607Z,loan_to_approval,2,24,200,16.188000,
segmentation_only,2,2,perf-segmentation_only-r002-20260818T050607Z,loan_to_approval,2,25,200,16.674300,
segmentation_only,2,2,perf-segmentation_only-r002-20260818T050607Z,loan_to_approval,2,26,200,17.604400,
segmentation_only,2,2,perf-segmentation_only-r002-20260818T050607Z,loan_to_approval,2,27,200,18.510800,
segmentation_only,2,2,perf-segmentation_only-r002-20260818T050607Z,loan_to_approval,2,28,200,18.238900,
segmentation_only,2,2,perf-segmentation_only-r002-20260818T050607Z,loan_to_approval,2,29,200,20.274300,
segmentation_only,2,2,perf-segmentation_only-r002-20260818T050607Z,loan_to_approval,2,30,200,20.775600,
segmentation_only,2,2,perf-segmentation_only-r002-20260818T050607Z,loan_to_approval,2,31,200,20.665300,
segmentation_only,2,2,perf-segmentation_only-r002-20260818T050607Z,loan_to_approval,2,32,200,19.106800,
segmentation_only,2,2,perf-segmentation_only-r002-20260818T050607Z,loan_to_approval,2,33,200,19.957600,
segmentation_only,2,2,perf-segmentation_only-r002-20260818T050607Z,loan_to_approval,2,34,200,16.347500,
segmentation_only,2,2,perf-segmentation_only-r002-20260818T050607Z,loan_to_approval,2,35,200,15.557100,
segmentation_only,2,2,perf-segmentation_only-r002-20260818T050607Z,loan_to_approval,2,36,200,19.115000,
segmentation_only,2,2,perf-segmentation_only-r002-20260818T050607Z,loan_to_approval,2,37,200,17.739000,
segmentation_only,2,2,perf-segmentation_only-r002-20260818T050607Z,loan_to_approval,2,38,200,16.683600,
segmentation_only,2,2,perf-segmentation_only-r002-20260818T050607Z,loan_to_approval,2,39,200,17.061800,
segmentation_only,2,2,perf-segmentation_only-r002-20260818T050607Z,loan_to_approval,2,40,200,16.542700,
segmentation_only,2,2,perf-segmentation_only-r002-20260818T050607Z,loan_to_approval,2,41,200,17.002000,
segmentation_only,2,2,perf-segmentation_only-r002-20260818T050607Z,loan_to_approval,2,42,200,16.889700,
segmentation_only,2,2,perf-segmentation_only-r002-20260818T050607Z,loan_to_approval,2,43,200,16.002400,
segmentation_only,2,2,perf-segmentation_only-r002-20260818T050607Z,loan_to_approval,2,44,200,17.168000,
segmentation_only,2,2,perf-segmentation_only-r002-20260818T050607Z,loan_to_approval,2,45,200,16.510000,
segmentation_only,2,2,perf-segmentation_only-r002-20260818T050607Z,loan_to_approval,2,46,200,16.289000,
segmentation_only,2,2,perf-segmentation_only-r002-20260818T050607Z,loan_to_approval,2,47,200,17.733100,
segmentation_only,2,2,perf-segmentation_only-r002-20260818T050607Z,loan_to_approval,2,48,200,16.397000,
segmentation_only,2,2,perf-segmentation_only-r002-20260818T050607Z,loan_to_approval,2,49,200,17.244100,
segmentation_only,2,2,perf-segmentation_only-r002-20260818T050607Z,loan_to_approval,2,50,200,15.673500,
segmentation_only,2,2,perf-segmentation_only-r002-20260818T050607Z,loan_to_approval,2,51,200,15.620200,
segmentation_only,2,2,perf-segmentation_only-r002-20260818T050607Z,loan_to_approval,2,52,200,16.086100,
segmentation_only,2,2,perf-segmentation_only-r002-20260818T050607Z,loan_to_approval,2,53,200,20.557000,
segmentation_only,2,2,perf-segmentation_only-r002-20260818T050607Z,loan_to_approval,2,54,200,16.381300,
segmentation_only,2,2,perf-segmentation_only-r002-20260818T050607Z,loan_to_approval,2,55,200,17.029100,
segmentation_only,2,2,perf-segmentation_only-r002-20260818T050607Z,loan_to_approval,2,56,200,16.992800,
segmentation_only,2,2,perf-segmentation_only-r002-20260818T050607Z,loan_to_approval,2,57,200,16.098700,
segmentation_only,2,2,perf-segmentation_only-r002-20260818T050607Z,loan_to_approval,2,58,200,15.859600,
segmentation_only,2,2,perf-segmentation_only-r002-20260818T050607Z,loan_to_approval,2,59,200,15.957300,
segmentation_only,2,2,perf-segmentation_only-r002-20260818T050607Z,loan_to_approval,2,60,200,16.056600,
segmentation_only,2,2,perf-segmentation_only-r002-20260818T050607Z,loan_to_approval,2,61,200,17.793500,
segmentation_only,2,2,perf-segmentation_only-r002-20260818T050607Z,loan_to_approval,2,62,200,18.329500,
segmentation_only,2,2,perf-segmentation_only-r002-20260818T050607Z,loan_to_approval,2,63,200,16.166700,
segmentation_only,2,2,perf-segmentation_only-r002-20260818T050607Z,loan_to_approval,2,64,200,16.657300,
segmentation_only,2,2,perf-segmentation_only-r002-20260818T050607Z,loan_to_approval,2,65,200,16.110500,
segmentation_only,2,2,perf-segmentation_only-r002-20260818T050607Z,loan_to_approval,2,66,200,16.813500,
segmentation_only,2,2,perf-segmentation_only-r002-20260818T050607Z,loan_to_approval,2,67,200,15.578400,
segmentation_only,2,2,perf-segmentation_only-r002-20260818T050607Z,loan_to_approval,2,68,200,16.047100,
segmentation_only,2,2,perf-segmentation_only-r002-20260818T050607Z,loan_to_approval,2,69,200,15.835500,
segmentation_only,2,2,perf-segmentation_only-r002-20260818T050607Z,loan_to_approval,2,70,200,16.092800,
segmentation_only,2,2,perf-segmentation_only-r002-20260818T050607Z,loan_to_approval,2,71,200,17.235200,
segmentation_only,2,2,perf-segmentation_only-r002-20260818T050607Z,loan_to_approval,2,72,200,17.320500,
segmentation_only,2,2,perf-segmentation_only-r002-20260818T050607Z,loan_to_approval,2,73,200,16.634000,
segmentation_only,2,2,perf-segmentation_only-r002-20260818T050607Z,loan_to_approval,2,74,200,16.060000,
segmentation_only,2,2,perf-segmentation_only-r002-20260818T050607Z,loan_to_approval,2,75,200,17.884900,
segmentation_only,2,2,perf-segmentation_only-r002-20260818T050607Z,loan_to_approval,2,76,200,15.913700,
segmentation_only,2,2,perf-segmentation_only-r002-20260818T050607Z,loan_to_approval,2,77,200,15.995900,
segmentation_only,2,2,perf-segmentation_only-r002-20260818T050607Z,loan_to_approval,2,78,200,16.123800,
segmentation_only,2,2,perf-segmentation_only-r002-20260818T050607Z,loan_to_approval,2,79,200,15.703400,
segmentation_only,2,2,perf-segmentation_only-r002-20260818T050607Z,loan_to_approval,2,80,200,16.035100,
segmentation_only,2,2,perf-segmentation_only-r002-20260818T050607Z,loan_to_approval,2,81,200,16.061600,
segmentation_only,2,2,perf-segmentation_only-r002-20260818T050607Z,loan_to_approval,2,82,200,15.734000,
segmentation_only,2,2,perf-segmentation_only-r002-20260818T050607Z,loan_to_approval,2,83,200,16.126900,
segmentation_only,2,2,perf-segmentation_only-r002-20260818T050607Z,loan_to_approval,2,84,200,18.407400,
segmentation_only,2,2,perf-segmentation_only-r002-20260818T050607Z,loan_to_approval,2,85,200,19.302200,
segmentation_only,2,2,perf-segmentation_only-r002-20260818T050607Z,loan_to_approval,2,86,200,18.750900,
segmentation_only,2,2,perf-segmentation_only-r002-20260818T050607Z,loan_to_approval,2,87,200,17.459800,
segmentation_only,2,2,perf-segmentation_only-r002-20260818T050607Z,loan_to_approval,2,88,200,19.078600,
segmentation_only,2,2,perf-segmentation_only-r002-20260818T050607Z,loan_to_approval,2,89,200,19.257600,
segmentation_only,2,2,perf-segmentation_only-r002-20260818T050607Z,loan_to_approval,2,90,200,18.093200,
segmentation_only,2,2,perf-segmentation_only-r002-20260818T050607Z,loan_to_approval,2,91,200,17.622300,
segmentation_only,2,2,perf-segmentation_only-r002-20260818T050607Z,loan_to_approval,2,92,200,17.626100,
segmentation_only,2,2,perf-segmentation_only-r002-20260818T050607Z,loan_to_approval,2,93,200,17.024700,
segmentation_only,2,2,perf-segmentation_only-r002-20260818T050607Z,loan_to_approval,2,94,200,16.494400,
segmentation_only,2,2,perf-segmentation_only-r002-20260818T050607Z,loan_to_approval,2,95,200,17.069400,
segmentation_only,2,2,perf-segmentation_only-r002-20260818T050607Z,loan_to_approval,2,96,200,16.737800,
segmentation_only,2,2,perf-segmentation_only-r002-20260818T050607Z,loan_to_approval,2,97,200,17.029500,
segmentation_only,2,2,perf-segmentation_only-r002-20260818T050607Z,loan_to_approval,2,98,200,17.089000,
segmentation_only,2,2,perf-segmentation_only-r002-20260818T050607Z,loan_to_approval,2,99,200,17.096600,
segmentation_only,2,2,perf-segmentation_only-r002-20260818T050607Z,loan_to_approval,2,100,200,16.350200,
segmentation_only,2,2,perf-segmentation_only-r002-20260818T050607Z,loan_to_approval,2,101,200,14.874600,
segmentation_only,2,2,perf-segmentation_only-r002-20260818T050607Z,loan_to_approval,2,102,200,15.115700,
segmentation_only,2,2,perf-segmentation_only-r002-20260818T050607Z,loan_to_approval,2,103,200,16.033400,
segmentation_only,2,2,perf-segmentation_only-r002-20260818T050607Z,loan_to_approval,2,104,200,16.105800,
segmentation_only,2,2,perf-segmentation_only-r002-20260818T050607Z,loan_to_approval,2,105,200,16.328200,
segmentation_only,2,2,perf-segmentation_only-r002-20260818T050607Z,loan_to_approval,2,106,200,16.702700,
segmentation_only,2,2,perf-segmentation_only-r002-20260818T050607Z,loan_to_approval,2,107,200,15.677200,
segmentation_only,2,2,perf-segmentation_only-r002-20260818T050607Z,loan_to_approval,2,108,200,15.169600,
segmentation_only,2,2,perf-segmentation_only-r002-20260818T050607Z,loan_to_approval,2,109,200,15.596000,
segmentation_only,2,2,perf-segmentation_only-r002-20260818T050607Z,loan_to_approval,2,110,200,16.265500,
segmentation_only,2,2,perf-segmentation_only-r002-20260818T050607Z,loan_to_approval,2,111,200,15.420900,
segmentation_only,2,2,perf-segmentation_only-r002-20260818T050607Z,loan_to_approval,2,112,200,15.943900,
segmentation_only,2,2,perf-segmentation_only-r002-20260818T050607Z,loan_to_approval,2,113,200,20.365000,
segmentation_only,2,2,perf-segmentation_only-r002-20260818T050607Z,loan_to_approval,2,114,200,16.165300,
segmentation_only,2,2,perf-segmentation_only-r002-20260818T050607Z,loan_to_approval,2,115,200,17.029900,
segmentation_only,2,2,perf-segmentation_only-r002-20260818T050607Z,loan_to_approval,2,116,200,16.563700,
segmentation_only,2,2,perf-segmentation_only-r002-20260818T050607Z,loan_to_approval,2,117,200,15.390200,
segmentation_only,2,2,perf-segmentation_only-r002-20260818T050607Z,loan_to_approval,2,118,200,16.221100,
segmentation_only,2,2,perf-segmentation_only-r002-20260818T050607Z,loan_to_approval,2,119,200,16.226100,
segmentation_only,2,2,perf-segmentation_only-r002-20260818T050607Z,loan_to_approval,2,120,200,16.869500,
segmentation_only,2,2,perf-segmentation_only-r002-20260818T050607Z,loan_to_approval,2,121,200,17.043100,
segmentation_only,2,2,perf-segmentation_only-r002-20260818T050607Z,loan_to_approval,2,122,200,16.160900,
segmentation_only,2,2,perf-segmentation_only-r002-20260818T050607Z,loan_to_approval,2,123,200,16.813600,
segmentation_only,2,2,perf-segmentation_only-r002-20260818T050607Z,loan_to_approval,2,124,200,16.114100,
segmentation_only,2,2,perf-segmentation_only-r002-20260818T050607Z,loan_to_approval,2,125,200,19.224800,
segmentation_only,2,2,perf-segmentation_only-r002-20260818T050607Z,loan_to_approval,2,126,200,17.398800,
segmentation_only,2,2,perf-segmentation_only-r002-20260818T050607Z,loan_to_approval,2,127,200,15.822200,
segmentation_only,2,2,perf-segmentation_only-r002-20260818T050607Z,loan_to_approval,2,128,200,16.003900,
segmentation_only,2,2,perf-segmentation_only-r002-20260818T050607Z,loan_to_approval,2,129,200,16.176400,
segmentation_only,2,2,perf-segmentation_only-r002-20260818T050607Z,loan_to_approval,2,130,200,16.586900,
segmentation_only,2,2,perf-segmentation_only-r002-20260818T050607Z,loan_to_approval,2,131,200,15.952400,
segmentation_only,2,2,perf-segmentation_only-r002-20260818T050607Z,loan_to_approval,2,132,200,16.150600,
segmentation_only,2,2,perf-segmentation_only-r002-20260818T050607Z,loan_to_approval,2,133,200,15.691700,
segmentation_only,2,2,perf-segmentation_only-r002-20260818T050607Z,loan_to_approval,2,134,200,15.631700,
segmentation_only,2,2,perf-segmentation_only-r002-20260818T050607Z,loan_to_approval,2,135,200,16.662400,
segmentation_only,2,2,perf-segmentation_only-r002-20260818T050607Z,loan_to_approval,2,136,200,15.726200,
segmentation_only,2,2,perf-segmentation_only-r002-20260818T050607Z,loan_to_approval,2,137,200,14.965500,
segmentation_only,2,2,perf-segmentation_only-r002-20260818T050607Z,loan_to_approval,2,138,200,14.922700,
segmentation_only,2,2,perf-segmentation_only-r002-20260818T050607Z,loan_to_approval,2,139,200,16.335300,
segmentation_only,2,2,perf-segmentation_only-r002-20260818T050607Z,loan_to_approval,2,140,200,15.903700,
segmentation_only,2,2,perf-segmentation_only-r002-20260818T050607Z,loan_to_approval,2,141,200,15.804000,
segmentation_only,2,2,perf-segmentation_only-r002-20260818T050607Z,loan_to_approval,2,142,200,15.644900,
segmentation_only,2,2,perf-segmentation_only-r002-20260818T050607Z,loan_to_approval,2,143,200,15.701200,
segmentation_only,2,2,perf-segmentation_only-r002-20260818T050607Z,loan_to_approval,2,144,200,16.610300,
segmentation_only,2,2,perf-segmentation_only-r002-20260818T050607Z,loan_to_approval,2,145,200,19.320400,
segmentation_only,2,2,perf-segmentation_only-r002-20260818T050607Z,loan_to_approval,2,146,200,15.530200,
segmentation_only,2,2,perf-segmentation_only-r002-20260818T050607Z,loan_to_approval,2,147,200,16.468400,
segmentation_only,2,2,perf-segmentation_only-r002-20260818T050607Z,loan_to_approval,2,148,200,17.053000,
segmentation_only,2,2,perf-segmentation_only-r002-20260818T050607Z,loan_to_approval,2,149,200,16.746400,
segmentation_only,2,2,perf-segmentation_only-r002-20260818T050607Z,loan_to_approval,2,150,200,16.270500,
segmentation_only,2,2,perf-segmentation_only-r002-20260818T050607Z,loan_to_approval,2,151,200,16.952100,
segmentation_only,2,2,perf-segmentation_only-r002-20260818T050607Z,loan_to_approval,2,152,200,15.478500,
segmentation_only,2,2,perf-segmentation_only-r002-20260818T050607Z,loan_to_approval,2,153,200,19.403900,
segmentation_only,2,2,perf-segmentation_only-r002-20260818T050607Z,loan_to_approval,2,154,200,17.148000,
segmentation_only,2,2,perf-segmentation_only-r002-20260818T050607Z,loan_to_approval,2,155,200,17.956200,
segmentation_only,2,2,perf-segmentation_only-r002-20260818T050607Z,loan_to_approval,2,156,200,16.936000,
segmentation_only,2,2,perf-segmentation_only-r002-20260818T050607Z,loan_to_approval,2,157,200,17.224500,
segmentation_only,2,2,perf-segmentation_only-r002-20260818T050607Z,loan_to_approval,2,158,200,16.700500,
segmentation_only,2,2,perf-segmentation_only-r002-20260818T050607Z,loan_to_approval,2,159,200,16.730200,
segmentation_only,2,2,perf-segmentation_only-r002-20260818T050607Z,loan_to_approval,2,160,200,15.756000,
segmentation_only,2,2,perf-segmentation_only-r002-20260818T050607Z,loan_to_approval,2,161,200,16.664300,
segmentation_only,2,2,perf-segmentation_only-r002-20260818T050607Z,loan_to_approval,2,162,200,16.250400,
segmentation_only,2,2,perf-segmentation_only-r002-20260818T050607Z,loan_to_approval,2,163,200,16.083200,
segmentation_only,2,2,perf-segmentation_only-r002-20260818T050607Z,loan_to_approval,2,164,200,15.954200,
segmentation_only,2,2,perf-segmentation_only-r002-20260818T050607Z,loan_to_approval,2,165,200,15.933000,
segmentation_only,2,2,perf-segmentation_only-r002-20260818T050607Z,loan_to_approval,2,166,200,19.235700,
segmentation_only,2,2,perf-segmentation_only-r002-20260818T050607Z,loan_to_approval,2,167,200,16.386400,
segmentation_only,2,2,perf-segmentation_only-r002-20260818T050607Z,loan_to_approval,2,168,200,16.118400,
segmentation_only,2,2,perf-segmentation_only-r002-20260818T050607Z,loan_to_approval,2,169,200,15.855300,
segmentation_only,2,2,perf-segmentation_only-r002-20260818T050607Z,loan_to_approval,2,170,200,16.539200,
segmentation_only,2,2,perf-segmentation_only-r002-20260818T050607Z,loan_to_approval,2,171,200,15.661300,
segmentation_only,2,2,perf-segmentation_only-r002-20260818T050607Z,loan_to_approval,2,172,200,17.150800,
segmentation_only,2,2,perf-segmentation_only-r002-20260818T050607Z,loan_to_approval,2,173,200,17.468600,
segmentation_only,2,2,perf-segmentation_only-r002-20260818T050607Z,loan_to_approval,2,174,200,17.894300,
segmentation_only,2,2,perf-segmentation_only-r002-20260818T050607Z,loan_to_approval,2,175,200,17.105400,
segmentation_only,2,2,perf-segmentation_only-r002-20260818T050607Z,loan_to_approval,2,176,200,16.900200,
segmentation_only,2,2,perf-segmentation_only-r002-20260818T050607Z,loan_to_approval,2,177,200,18.253700,
segmentation_only,2,2,perf-segmentation_only-r002-20260818T050607Z,loan_to_approval,2,178,200,17.983300,
segmentation_only,2,2,perf-segmentation_only-r002-20260818T050607Z,loan_to_approval,2,179,200,17.641800,
segmentation_only,2,2,perf-segmentation_only-r002-20260818T050607Z,loan_to_approval,2,180,200,17.451400,
segmentation_only,2,2,perf-segmentation_only-r002-20260818T050607Z,loan_to_approval,2,181,200,17.762600,
segmentation_only,2,2,perf-segmentation_only-r002-20260818T050607Z,loan_to_approval,2,182,200,16.765100,
segmentation_only,2,2,perf-segmentation_only-r002-20260818T050607Z,loan_to_approval,2,183,200,16.671000,
segmentation_only,2,2,perf-segmentation_only-r002-20260818T050607Z,loan_to_approval,2,184,200,16.217200,
segmentation_only,2,2,perf-segmentation_only-r002-20260818T050607Z,loan_to_approval,2,185,200,16.973500,
segmentation_only,2,2,perf-segmentation_only-r002-20260818T050607Z,loan_to_approval,2,186,200,15.815100,
segmentation_only,2,2,perf-segmentation_only-r002-20260818T050607Z,loan_to_approval,2,187,200,17.477900,
segmentation_only,2,2,perf-segmentation_only-r002-20260818T050607Z,loan_to_approval,2,188,200,16.232800,
segmentation_only,2,2,perf-segmentation_only-r002-20260818T050607Z,loan_to_approval,2,189,200,17.344800,
segmentation_only,2,2,perf-segmentation_only-r002-20260818T050607Z,loan_to_approval,2,190,200,15.528400,
segmentation_only,2,2,perf-segmentation_only-r002-20260818T050607Z,loan_to_approval,2,191,200,16.270000,
segmentation_only,2,2,perf-segmentation_only-r002-20260818T050607Z,loan_to_approval,2,192,200,16.134900,
segmentation_only,2,2,perf-segmentation_only-r002-20260818T050607Z,loan_to_approval,2,193,200,16.829600,
segmentation_only,2,2,perf-segmentation_only-r002-20260818T050607Z,loan_to_approval,2,194,200,16.050200,
segmentation_only,2,2,perf-segmentation_only-r002-20260818T050607Z,loan_to_approval,2,195,200,15.916200,
segmentation_only,2,2,perf-segmentation_only-r002-20260818T050607Z,loan_to_approval,2,196,200,15.550300,
segmentation_only,2,2,perf-segmentation_only-r002-20260818T050607Z,loan_to_approval,2,197,200,15.126400,
segmentation_only,2,2,perf-segmentation_only-r002-20260818T050607Z,loan_to_approval,2,198,200,16.049600,
segmentation_only,2,2,perf-segmentation_only-r002-20260818T050607Z,loan_to_approval,2,199,200,14.856500,
segmentation_only,2,2,perf-segmentation_only-r002-20260818T050607Z,loan_to_approval,2,200,200,15.222200,
segmentation_only,2,2,perf-segmentation_only-r002-20260818T050607Z,loan_to_approval,3,1,200,15.702600,
segmentation_only,2,2,perf-segmentation_only-r002-20260818T050607Z,loan_to_approval,3,2,200,16.397700,
segmentation_only,2,2,perf-segmentation_only-r002-20260818T050607Z,loan_to_approval,3,3,200,15.619200,
segmentation_only,2,2,perf-segmentation_only-r002-20260818T050607Z,loan_to_approval,3,4,200,16.024400,
segmentation_only,2,2,perf-segmentation_only-r002-20260818T050607Z,loan_to_approval,3,5,200,15.957900,
segmentation_only,2,2,perf-segmentation_only-r002-20260818T050607Z,loan_to_approval,3,6,200,16.142100,
segmentation_only,2,2,perf-segmentation_only-r002-20260818T050607Z,loan_to_approval,3,7,200,15.774800,
segmentation_only,2,2,perf-segmentation_only-r002-20260818T050607Z,loan_to_approval,3,8,200,15.816500,
segmentation_only,2,2,perf-segmentation_only-r002-20260818T050607Z,loan_to_approval,3,9,200,15.284400,
segmentation_only,2,2,perf-segmentation_only-r002-20260818T050607Z,loan_to_approval,3,10,200,15.713100,
segmentation_only,2,2,perf-segmentation_only-r002-20260818T050607Z,loan_to_approval,3,11,200,15.286400,
segmentation_only,2,2,perf-segmentation_only-r002-20260818T050607Z,loan_to_approval,3,12,200,17.116700,
segmentation_only,2,2,perf-segmentation_only-r002-20260818T050607Z,loan_to_approval,3,13,200,19.883700,
segmentation_only,2,2,perf-segmentation_only-r002-20260818T050607Z,loan_to_approval,3,14,200,16.931100,
segmentation_only,2,2,perf-segmentation_only-r002-20260818T050607Z,loan_to_approval,3,15,200,16.566200,
segmentation_only,2,2,perf-segmentation_only-r002-20260818T050607Z,loan_to_approval,3,16,200,19.653000,
segmentation_only,2,2,perf-segmentation_only-r002-20260818T050607Z,loan_to_approval,3,17,200,17.909800,
segmentation_only,2,2,perf-segmentation_only-r002-20260818T050607Z,loan_to_approval,3,18,200,15.912500,
segmentation_only,2,2,perf-segmentation_only-r002-20260818T050607Z,loan_to_approval,3,19,200,17.089400,
segmentation_only,2,2,perf-segmentation_only-r002-20260818T050607Z,loan_to_approval,3,20,200,16.767700,
segmentation_only,2,2,perf-segmentation_only-r002-20260818T050607Z,loan_to_approval,3,21,200,15.831700,
segmentation_only,2,2,perf-segmentation_only-r002-20260818T050607Z,loan_to_approval,3,22,200,15.915300,
segmentation_only,2,2,perf-segmentation_only-r002-20260818T050607Z,loan_to_approval,3,23,200,16.142400,
segmentation_only,2,2,perf-segmentation_only-r002-20260818T050607Z,loan_to_approval,3,24,200,16.807900,
segmentation_only,2,2,perf-segmentation_only-r002-20260818T050607Z,loan_to_approval,3,25,200,15.940100,
segmentation_only,2,2,perf-segmentation_only-r002-20260818T050607Z,loan_to_approval,3,26,200,18.022800,
segmentation_only,2,2,perf-segmentation_only-r002-20260818T050607Z,loan_to_approval,3,27,200,16.130300,
segmentation_only,2,2,perf-segmentation_only-r002-20260818T050607Z,loan_to_approval,3,28,200,15.729600,
segmentation_only,2,2,perf-segmentation_only-r002-20260818T050607Z,loan_to_approval,3,29,200,16.080600,
segmentation_only,2,2,perf-segmentation_only-r002-20260818T050607Z,loan_to_approval,3,30,200,15.705800,
segmentation_only,2,2,perf-segmentation_only-r002-20260818T050607Z,loan_to_approval,3,31,200,15.404400,
segmentation_only,2,2,perf-segmentation_only-r002-20260818T050607Z,loan_to_approval,3,32,200,15.514200,
segmentation_only,2,2,perf-segmentation_only-r002-20260818T050607Z,loan_to_approval,3,33,200,16.478000,
segmentation_only,2,2,perf-segmentation_only-r002-20260818T050607Z,loan_to_approval,3,34,200,15.958300,
segmentation_only,2,2,perf-segmentation_only-r002-20260818T050607Z,loan_to_approval,3,35,200,15.919900,
segmentation_only,2,2,perf-segmentation_only-r002-20260818T050607Z,loan_to_approval,3,36,200,16.418100,
segmentation_only,2,2,perf-segmentation_only-r002-20260818T050607Z,loan_to_approval,3,37,200,15.579900,
segmentation_only,2,2,perf-segmentation_only-r002-20260818T050607Z,loan_to_approval,3,38,200,15.955300,
segmentation_only,2,2,perf-segmentation_only-r002-20260818T050607Z,loan_to_approval,3,39,200,16.258400,
segmentation_only,2,2,perf-segmentation_only-r002-20260818T050607Z,loan_to_approval,3,40,200,15.708700,
segmentation_only,2,2,perf-segmentation_only-r002-20260818T050607Z,loan_to_approval,3,41,200,15.657100,
segmentation_only,2,2,perf-segmentation_only-r002-20260818T050607Z,loan_to_approval,3,42,200,16.767100,
segmentation_only,2,2,perf-segmentation_only-r002-20260818T050607Z,loan_to_approval,3,43,200,15.151400,
segmentation_only,2,2,perf-segmentation_only-r002-20260818T050607Z,loan_to_approval,3,44,200,16.117600,
segmentation_only,2,2,perf-segmentation_only-r002-20260818T050607Z,loan_to_approval,3,45,200,16.280100,
segmentation_only,2,2,perf-segmentation_only-r002-20260818T050607Z,loan_to_approval,3,46,200,15.945400,
segmentation_only,2,2,perf-segmentation_only-r002-20260818T050607Z,loan_to_approval,3,47,200,17.309000,
segmentation_only,2,2,perf-segmentation_only-r002-20260818T050607Z,loan_to_approval,3,48,200,15.586100,
segmentation_only,2,2,perf-segmentation_only-r002-20260818T050607Z,loan_to_approval,3,49,200,16.066700,
segmentation_only,2,2,perf-segmentation_only-r002-20260818T050607Z,loan_to_approval,3,50,200,16.644000,
segmentation_only,2,2,perf-segmentation_only-r002-20260818T050607Z,loan_to_approval,3,51,200,16.704800,
segmentation_only,2,2,perf-segmentation_only-r002-20260818T050607Z,loan_to_approval,3,52,200,17.166600,
segmentation_only,2,2,perf-segmentation_only-r002-20260818T050607Z,loan_to_approval,3,53,200,16.382000,
segmentation_only,2,2,perf-segmentation_only-r002-20260818T050607Z,loan_to_approval,3,54,200,16.055500,
segmentation_only,2,2,perf-segmentation_only-r002-20260818T050607Z,loan_to_approval,3,55,200,15.959300,
segmentation_only,2,2,perf-segmentation_only-r002-20260818T050607Z,loan_to_approval,3,56,200,15.827200,
segmentation_only,2,2,perf-segmentation_only-r002-20260818T050607Z,loan_to_approval,3,57,200,15.841700,
segmentation_only,2,2,perf-segmentation_only-r002-20260818T050607Z,loan_to_approval,3,58,200,16.210900,
segmentation_only,2,2,perf-segmentation_only-r002-20260818T050607Z,loan_to_approval,3,59,200,15.580200,
segmentation_only,2,2,perf-segmentation_only-r002-20260818T050607Z,loan_to_approval,3,60,200,16.300500,
segmentation_only,2,2,perf-segmentation_only-r002-20260818T050607Z,loan_to_approval,3,61,200,15.783800,
segmentation_only,2,2,perf-segmentation_only-r002-20260818T050607Z,loan_to_approval,3,62,200,16.168600,
segmentation_only,2,2,perf-segmentation_only-r002-20260818T050607Z,loan_to_approval,3,63,200,15.940200,
segmentation_only,2,2,perf-segmentation_only-r002-20260818T050607Z,loan_to_approval,3,64,200,15.813900,
segmentation_only,2,2,perf-segmentation_only-r002-20260818T050607Z,loan_to_approval,3,65,200,15.994200,
segmentation_only,2,2,perf-segmentation_only-r002-20260818T050607Z,loan_to_approval,3,66,200,16.162600,
segmentation_only,2,2,perf-segmentation_only-r002-20260818T050607Z,loan_to_approval,3,67,200,16.989900,
segmentation_only,2,2,perf-segmentation_only-r002-20260818T050607Z,loan_to_approval,3,68,200,17.081800,
segmentation_only,2,2,perf-segmentation_only-r002-20260818T050607Z,loan_to_approval,3,69,200,16.238200,
segmentation_only,2,2,perf-segmentation_only-r002-20260818T050607Z,loan_to_approval,3,70,200,15.352200,
segmentation_only,2,2,perf-segmentation_only-r002-20260818T050607Z,loan_to_approval,3,71,200,16.688000,
segmentation_only,2,2,perf-segmentation_only-r002-20260818T050607Z,loan_to_approval,3,72,200,16.476600,
segmentation_only,2,2,perf-segmentation_only-r002-20260818T050607Z,loan_to_approval,3,73,200,16.480000,
segmentation_only,2,2,perf-segmentation_only-r002-20260818T050607Z,loan_to_approval,3,74,200,16.801700,
segmentation_only,2,2,perf-segmentation_only-r002-20260818T050607Z,loan_to_approval,3,75,200,15.864200,
segmentation_only,2,2,perf-segmentation_only-r002-20260818T050607Z,loan_to_approval,3,76,200,15.709000,
segmentation_only,2,2,perf-segmentation_only-r002-20260818T050607Z,loan_to_approval,3,77,200,15.933300,
segmentation_only,2,2,perf-segmentation_only-r002-20260818T050607Z,loan_to_approval,3,78,200,17.026500,
segmentation_only,2,2,perf-segmentation_only-r002-20260818T050607Z,loan_to_approval,3,79,200,16.122900,
segmentation_only,2,2,perf-segmentation_only-r002-20260818T050607Z,loan_to_approval,3,80,200,15.835200,
segmentation_only,2,2,perf-segmentation_only-r002-20260818T050607Z,loan_to_approval,3,81,200,16.227600,
segmentation_only,2,2,perf-segmentation_only-r002-20260818T050607Z,loan_to_approval,3,82,200,15.843100,
segmentation_only,2,2,perf-segmentation_only-r002-20260818T050607Z,loan_to_approval,3,83,200,16.004200,
segmentation_only,2,2,perf-segmentation_only-r002-20260818T050607Z,loan_to_approval,3,84,200,16.950000,
segmentation_only,2,2,perf-segmentation_only-r002-20260818T050607Z,loan_to_approval,3,85,200,15.700000,
segmentation_only,2,2,perf-segmentation_only-r002-20260818T050607Z,loan_to_approval,3,86,200,16.086500,
segmentation_only,2,2,perf-segmentation_only-r002-20260818T050607Z,loan_to_approval,3,87,200,15.974000,
segmentation_only,2,2,perf-segmentation_only-r002-20260818T050607Z,loan_to_approval,3,88,200,16.388900,
segmentation_only,2,2,perf-segmentation_only-r002-20260818T050607Z,loan_to_approval,3,89,200,16.707400,
segmentation_only,2,2,perf-segmentation_only-r002-20260818T050607Z,loan_to_approval,3,90,200,15.825600,
segmentation_only,2,2,perf-segmentation_only-r002-20260818T050607Z,loan_to_approval,3,91,200,15.934000,
segmentation_only,2,2,perf-segmentation_only-r002-20260818T050607Z,loan_to_approval,3,92,200,14.985200,
segmentation_only,2,2,perf-segmentation_only-r002-20260818T050607Z,loan_to_approval,3,93,200,15.925600,
segmentation_only,2,2,perf-segmentation_only-r002-20260818T050607Z,loan_to_approval,3,94,200,16.325100,
segmentation_only,2,2,perf-segmentation_only-r002-20260818T050607Z,loan_to_approval,3,95,200,15.559300,
segmentation_only,2,2,perf-segmentation_only-r002-20260818T050607Z,loan_to_approval,3,96,200,16.027400,
segmentation_only,2,2,perf-segmentation_only-r002-20260818T050607Z,loan_to_approval,3,97,200,15.439100,
segmentation_only,2,2,perf-segmentation_only-r002-20260818T050607Z,loan_to_approval,3,98,200,15.932000,
segmentation_only,2,2,perf-segmentation_only-r002-20260818T050607Z,loan_to_approval,3,99,200,16.817100,
segmentation_only,2,2,perf-segmentation_only-r002-20260818T050607Z,loan_to_approval,3,100,200,16.125100,
segmentation_only,2,2,perf-segmentation_only-r002-20260818T050607Z,loan_to_approval,3,101,200,16.068000,
segmentation_only,2,2,perf-segmentation_only-r002-20260818T050607Z,loan_to_approval,3,102,200,15.612700,
segmentation_only,2,2,perf-segmentation_only-r002-20260818T050607Z,loan_to_approval,3,103,200,15.378700,
segmentation_only,2,2,perf-segmentation_only-r002-20260818T050607Z,loan_to_approval,3,104,200,15.528500,
segmentation_only,2,2,perf-segmentation_only-r002-20260818T050607Z,loan_to_approval,3,105,200,16.106600,
segmentation_only,2,2,perf-segmentation_only-r002-20260818T050607Z,loan_to_approval,3,106,200,16.162100,
segmentation_only,2,2,perf-segmentation_only-r002-20260818T050607Z,loan_to_approval,3,107,200,15.941400,
segmentation_only,2,2,perf-segmentation_only-r002-20260818T050607Z,loan_to_approval,3,108,200,15.995700,
segmentation_only,2,2,perf-segmentation_only-r002-20260818T050607Z,loan_to_approval,3,109,200,16.268600,
segmentation_only,2,2,perf-segmentation_only-r002-20260818T050607Z,loan_to_approval,3,110,200,15.423900,
segmentation_only,2,2,perf-segmentation_only-r002-20260818T050607Z,loan_to_approval,3,111,200,16.122900,
segmentation_only,2,2,perf-segmentation_only-r002-20260818T050607Z,loan_to_approval,3,112,200,15.965400,
segmentation_only,2,2,perf-segmentation_only-r002-20260818T050607Z,loan_to_approval,3,113,200,16.965100,
segmentation_only,2,2,perf-segmentation_only-r002-20260818T050607Z,loan_to_approval,3,114,200,17.369700,
segmentation_only,2,2,perf-segmentation_only-r002-20260818T050607Z,loan_to_approval,3,115,200,17.187600,
segmentation_only,2,2,perf-segmentation_only-r002-20260818T050607Z,loan_to_approval,3,116,200,15.798700,
segmentation_only,2,2,perf-segmentation_only-r002-20260818T050607Z,loan_to_approval,3,117,200,16.717800,
segmentation_only,2,2,perf-segmentation_only-r002-20260818T050607Z,loan_to_approval,3,118,200,16.719600,
segmentation_only,2,2,perf-segmentation_only-r002-20260818T050607Z,loan_to_approval,3,119,200,16.158800,
segmentation_only,2,2,perf-segmentation_only-r002-20260818T050607Z,loan_to_approval,3,120,200,16.022800,
segmentation_only,2,2,perf-segmentation_only-r002-20260818T050607Z,loan_to_approval,3,121,200,16.046200,
segmentation_only,2,2,perf-segmentation_only-r002-20260818T050607Z,loan_to_approval,3,122,200,16.058700,
segmentation_only,2,2,perf-segmentation_only-r002-20260818T050607Z,loan_to_approval,3,123,200,17.214600,
segmentation_only,2,2,perf-segmentation_only-r002-20260818T050607Z,loan_to_approval,3,124,200,16.840100,
segmentation_only,2,2,perf-segmentation_only-r002-20260818T050607Z,loan_to_approval,3,125,200,16.550000,
segmentation_only,2,2,perf-segmentation_only-r002-20260818T050607Z,loan_to_approval,3,126,200,16.111800,
segmentation_only,2,2,perf-segmentation_only-r002-20260818T050607Z,loan_to_approval,3,127,200,16.990600,
segmentation_only,2,2,perf-segmentation_only-r002-20260818T050607Z,loan_to_approval,3,128,200,17.419400,
segmentation_only,2,2,perf-segmentation_only-r002-20260818T050607Z,loan_to_approval,3,129,200,15.872800,
segmentation_only,2,2,perf-segmentation_only-r002-20260818T050607Z,loan_to_approval,3,130,200,15.356700,
segmentation_only,2,2,perf-segmentation_only-r002-20260818T050607Z,loan_to_approval,3,131,200,15.674000,
segmentation_only,2,2,perf-segmentation_only-r002-20260818T050607Z,loan_to_approval,3,132,200,14.123000,
segmentation_only,2,2,perf-segmentation_only-r002-20260818T050607Z,loan_to_approval,3,133,200,16.451300,
segmentation_only,2,2,perf-segmentation_only-r002-20260818T050607Z,loan_to_approval,3,134,200,16.214600,
segmentation_only,2,2,perf-segmentation_only-r002-20260818T050607Z,loan_to_approval,3,135,200,16.657900,
segmentation_only,2,2,perf-segmentation_only-r002-20260818T050607Z,loan_to_approval,3,136,200,15.853200,
segmentation_only,2,2,perf-segmentation_only-r002-20260818T050607Z,loan_to_approval,3,137,200,16.179000,
segmentation_only,2,2,perf-segmentation_only-r002-20260818T050607Z,loan_to_approval,3,138,200,15.640900,
segmentation_only,2,2,perf-segmentation_only-r002-20260818T050607Z,loan_to_approval,3,139,200,15.253700,
segmentation_only,2,2,perf-segmentation_only-r002-20260818T050607Z,loan_to_approval,3,140,200,16.075100,
segmentation_only,2,2,perf-segmentation_only-r002-20260818T050607Z,loan_to_approval,3,141,200,17.719800,
segmentation_only,2,2,perf-segmentation_only-r002-20260818T050607Z,loan_to_approval,3,142,200,16.534200,
segmentation_only,2,2,perf-segmentation_only-r002-20260818T050607Z,loan_to_approval,3,143,200,16.944200,
segmentation_only,2,2,perf-segmentation_only-r002-20260818T050607Z,loan_to_approval,3,144,200,17.124100,
segmentation_only,2,2,perf-segmentation_only-r002-20260818T050607Z,loan_to_approval,3,145,200,23.669200,
segmentation_only,2,2,perf-segmentation_only-r002-20260818T050607Z,loan_to_approval,3,146,200,16.920600,
segmentation_only,2,2,perf-segmentation_only-r002-20260818T050607Z,loan_to_approval,3,147,200,17.962700,
segmentation_only,2,2,perf-segmentation_only-r002-20260818T050607Z,loan_to_approval,3,148,200,18.669700,
segmentation_only,2,2,perf-segmentation_only-r002-20260818T050607Z,loan_to_approval,3,149,200,19.108200,
segmentation_only,2,2,perf-segmentation_only-r002-20260818T050607Z,loan_to_approval,3,150,200,17.326800,
segmentation_only,2,2,perf-segmentation_only-r002-20260818T050607Z,loan_to_approval,3,151,200,17.197400,
segmentation_only,2,2,perf-segmentation_only-r002-20260818T050607Z,loan_to_approval,3,152,200,17.877100,
segmentation_only,2,2,perf-segmentation_only-r002-20260818T050607Z,loan_to_approval,3,153,200,16.946400,
segmentation_only,2,2,perf-segmentation_only-r002-20260818T050607Z,loan_to_approval,3,154,200,17.055300,
segmentation_only,2,2,perf-segmentation_only-r002-20260818T050607Z,loan_to_approval,3,155,200,16.896600,
segmentation_only,2,2,perf-segmentation_only-r002-20260818T050607Z,loan_to_approval,3,156,200,16.850300,
segmentation_only,2,2,perf-segmentation_only-r002-20260818T050607Z,loan_to_approval,3,157,200,15.963100,
segmentation_only,2,2,perf-segmentation_only-r002-20260818T050607Z,loan_to_approval,3,158,200,16.421100,
segmentation_only,2,2,perf-segmentation_only-r002-20260818T050607Z,loan_to_approval,3,159,200,17.677700,
segmentation_only,2,2,perf-segmentation_only-r002-20260818T050607Z,loan_to_approval,3,160,200,20.845100,
segmentation_only,2,2,perf-segmentation_only-r002-20260818T050607Z,loan_to_approval,3,161,200,16.905700,
segmentation_only,2,2,perf-segmentation_only-r002-20260818T050607Z,loan_to_approval,3,162,200,15.482100,
segmentation_only,2,2,perf-segmentation_only-r002-20260818T050607Z,loan_to_approval,3,163,200,16.157700,
segmentation_only,2,2,perf-segmentation_only-r002-20260818T050607Z,loan_to_approval,3,164,200,15.024200,
segmentation_only,2,2,perf-segmentation_only-r002-20260818T050607Z,loan_to_approval,3,165,200,16.267100,
segmentation_only,2,2,perf-segmentation_only-r002-20260818T050607Z,loan_to_approval,3,166,200,15.868100,
segmentation_only,2,2,perf-segmentation_only-r002-20260818T050607Z,loan_to_approval,3,167,200,16.312000,
segmentation_only,2,2,perf-segmentation_only-r002-20260818T050607Z,loan_to_approval,3,168,200,16.716000,
segmentation_only,2,2,perf-segmentation_only-r002-20260818T050607Z,loan_to_approval,3,169,200,16.772900,
segmentation_only,2,2,perf-segmentation_only-r002-20260818T050607Z,loan_to_approval,3,170,200,17.265500,
segmentation_only,2,2,perf-segmentation_only-r002-20260818T050607Z,loan_to_approval,3,171,200,15.716300,
segmentation_only,2,2,perf-segmentation_only-r002-20260818T050607Z,loan_to_approval,3,172,200,16.063900,
segmentation_only,2,2,perf-segmentation_only-r002-20260818T050607Z,loan_to_approval,3,173,200,16.990900,
segmentation_only,2,2,perf-segmentation_only-r002-20260818T050607Z,loan_to_approval,3,174,200,16.348600,
segmentation_only,2,2,perf-segmentation_only-r002-20260818T050607Z,loan_to_approval,3,175,200,16.975200,
segmentation_only,2,2,perf-segmentation_only-r002-20260818T050607Z,loan_to_approval,3,176,200,16.690900,
segmentation_only,2,2,perf-segmentation_only-r002-20260818T050607Z,loan_to_approval,3,177,200,16.885700,
segmentation_only,2,2,perf-segmentation_only-r002-20260818T050607Z,loan_to_approval,3,178,200,16.603400,
segmentation_only,2,2,perf-segmentation_only-r002-20260818T050607Z,loan_to_approval,3,179,200,18.200300,
segmentation_only,2,2,perf-segmentation_only-r002-20260818T050607Z,loan_to_approval,3,180,200,16.229400,
segmentation_only,2,2,perf-segmentation_only-r002-20260818T050607Z,loan_to_approval,3,181,200,17.333700,
segmentation_only,2,2,perf-segmentation_only-r002-20260818T050607Z,loan_to_approval,3,182,200,17.179800,
segmentation_only,2,2,perf-segmentation_only-r002-20260818T050607Z,loan_to_approval,3,183,200,17.724000,
segmentation_only,2,2,perf-segmentation_only-r002-20260818T050607Z,loan_to_approval,3,184,200,16.852200,
segmentation_only,2,2,perf-segmentation_only-r002-20260818T050607Z,loan_to_approval,3,185,200,15.528700,
segmentation_only,2,2,perf-segmentation_only-r002-20260818T050607Z,loan_to_approval,3,186,200,16.579800,
segmentation_only,2,2,perf-segmentation_only-r002-20260818T050607Z,loan_to_approval,3,187,200,16.481400,
segmentation_only,2,2,perf-segmentation_only-r002-20260818T050607Z,loan_to_approval,3,188,200,16.291000,
segmentation_only,2,2,perf-segmentation_only-r002-20260818T050607Z,loan_to_approval,3,189,200,14.349200,
segmentation_only,2,2,perf-segmentation_only-r002-20260818T050607Z,loan_to_approval,3,190,200,16.334200,
segmentation_only,2,2,perf-segmentation_only-r002-20260818T050607Z,loan_to_approval,3,191,200,15.828900,
segmentation_only,2,2,perf-segmentation_only-r002-20260818T050607Z,loan_to_approval,3,192,200,15.923200,
segmentation_only,2,2,perf-segmentation_only-r002-20260818T050607Z,loan_to_approval,3,193,200,16.958100,
segmentation_only,2,2,perf-segmentation_only-r002-20260818T050607Z,loan_to_approval,3,194,200,17.131700,
segmentation_only,2,2,perf-segmentation_only-r002-20260818T050607Z,loan_to_approval,3,195,200,15.996700,
segmentation_only,2,2,perf-segmentation_only-r002-20260818T050607Z,loan_to_approval,3,196,200,16.029600,
segmentation_only,2,2,perf-segmentation_only-r002-20260818T050607Z,loan_to_approval,3,197,200,17.014000,
segmentation_only,2,2,perf-segmentation_only-r002-20260818T050607Z,loan_to_approval,3,198,200,17.126700,
segmentation_only,2,2,perf-segmentation_only-r002-20260818T050607Z,loan_to_approval,3,199,200,17.243700,
segmentation_only,2,2,perf-segmentation_only-r002-20260818T050607Z,loan_to_approval,3,200,200,16.922200,
