mode,round_id,order_position,experiment_run_id,flow,batch_id,request_id,status_code,latency_ms,error
baseline,3,3,perf-baseline-r003-20260818T023050Z,loan_to_customer,1,1,200,13.918600,
baseline,3,3,perf-baseline-r003-20260818T023050Z,loan_to_customer,1,2,200,13.905100,
baseline,3,3,perf-baseline-r003-20260818T023050Z,loan_to_customer,1,3,200,13.679900,
baseline,3,3,perf-baseline-r003-20260818T023050Z,loan_to_customer,1,4,200,14.505400,
baseline,3,3,perf-baseline-r003-20260818T023050Z,loan_to_customer,1,5,200,13.943600,
baseline,3,3,perf-baseline-r003-20260818T023050Z,loan_to_customer,1,6,200,14.553600,
baseline,3,3,perf-baseline-r003-20260818T023050Z,loan_to_customer,1,7,200,14.099400,
baseline,3,3,perf-baseline-r003-20260818T023050Z,loan_to_customer,1,8,200,13.732200,
baseline,3,3,perf-baseline-r003-20260818T023050Z,loan_to_customer,1,9,200,14.037200,
baseline,3,3,perf-baseline-r003-20260818T023050Z,loan_to_customer,1,10,200,14.375400,
baseline,3,3,perf-baseline-r003-20260818T023050Z,loan_to_customer,1,11,200,13.708100,
baseline,3,3,perf-baseline-r003-20260818T023050Z,loan_to_customer,1,12,200,13.873700,
baseline,3,3,perf-baseline-r003-20260818T023050Z,loan_to_customer,1,13,200,13.978100,
baseline,3,3,perf-baseline-r003-20260818T023050Z,loan_to_customer,1,14,200,13.768100,
baseline,3,3,perf-baseline-r003-20260818T023050Z,loan_to_customer,1,15,200,13.390000,
baseline,3,3,perf-baseline-r003-20260818T023050Z,loan_to_customer,1,16,200,13.239000,
baseline,3,3,perf-baseline-r003-20260818T023050Z,loan_to_customer,1,17,200,14.396600,
baseline,3,3,perf-baseline-r003-20260818T023050Z,loan_to_customer,1,18,200,13.678800,
baseline,3,3,perf-baseline-r003-20260818T023050Z,loan_to_customer,1,19,200,13.985900,
baseline,3,3,perf-baseline-r003-20260818T023050Z,loan_to_customer,1,20,200,13.790700,
baseline,3,3,perf-baseline-r003-20260818T023050Z,loan_to_customer,1,21,200,14.358900,
baseline,3,3,perf-baseline-r003-20260818T023050Z,loan_to_customer,1,22,200,14.311800,
baseline,3,3,perf-baseline-r003-20260818T023050Z,loan_to_customer,1,23,200,14.323600,
baseline,3,3,perf-baseline-r003-20260818T023050Z,loan_to_customer,1,24,200,16.350600,
baseline,3,3,perf-baseline-r003-20260818T023050Z,loan_to_customer,1,25,200,14.758800,
baseline,3,3,perf-baseline-r003-20260818T023050Z,loan_to_customer,1,26,200,14.294200,
baseline,3,3,perf-baseline-r003-20260818T023050Z,loan_to_customer,1,27,200,14.329600,
baseline,3,3,perf-baseline-r003-20260818T023050Z,loan_to_customer,1,28,200,13.996900,
baseline,3,3,perf-baseline-r003-20260818T023050Z,loan_to_customer,1,29,200,14.337400,
baseline,3,3,perf-baseline-r003-20260818T023050Z,loan_to_customer,1,30,200,14.794900,
baseline,3,3,perf-baseline-r003-20260818T023050Z,loan_to_customer,1,31,200,14.049800,
baseline,3,3,perf-baseline-r003-20260818T023050Z,loan_to_customer,1,32,200,14.195700,
baseline,3,3,perf-baseline-r003-20260818T023050Z,loan_to_customer,1,33,200,14.345600,
baseline,3,3,perf-baseline-r003-20260818T023050Z,loan_to_customer,1,34,200,14.173600,
baseline,3,3,perf-baseline-r003-20260818T023050Z,loan_to_customer,1,35,200,14.357600,
baseline,3,3,perf-baseline-r003-20260818T023050Z,loan_to_customer,1,36,200,13.641800,
baseline,3,3,perf-baseline-r003-20260818T023050Z,loan_to_customer,1,37,200,14.664800,
baseline,3,3,perf-baseline-r003-20260818T023050Z,loan_to_customer,1,38,200,14.430800,
baseline,3,3,perf-baseline-r003-20260818T023050Z,loan_to_customer,1,39,200,14.574200,
baseline,3,3,perf-baseline-r003-20260818T023050Z,loan_to_customer,1,40,200,14.853600,
baseline,3,3,perf-baseline-r003-20260818T023050Z,loan_to_customer,1,41,200,13.914700,
baseline,3,3,perf-baseline-r003-20260818T023050Z,loan_to_customer,1,42,200,14.102300,
baseline,3,3,perf-baseline-r003-20260818T023050Z,loan_to_customer,1,43,200,14.815400,
baseline,3,3,perf-baseline-r003-20260818T023050Z,loan_to_customer,1,44,200,13.930700,
baseline,3,3,perf-baseline-r003-20260818T023050Z,loan_to_customer,1,45,200,14.145800,
baseline,3,3,perf-baseline-r003-20260818T023050Z,loan_to_customer,1,46,200,13.962800,
baseline,3,3,perf-baseline-r003-20260818T023050Z,loan_to_customer,1,47,200,14.203300,
baseline,3,3,perf-baseline-r003-20260818T023050Z,loan_to_customer,1,48,200,13.609100,
baseline,3,3,perf-baseline-r003-20260818T023050Z,loan_to_customer,1,49,200,14.079800,
baseline,3,3,perf-baseline-r003-20260818T023050Z,loan_to_customer,1,50,200,14.405500,
baseline,3,3,perf-baseline-r003-20260818T023050Z,loan_to_customer,1,51,200,13.780200,
baseline,3,3,perf-baseline-r003-20260818T023050Z,loan_to_customer,1,52,200,14.276900,
baseline,3,3,perf-baseline-r003-20260818T023050Z,loan_to_customer,1,53,200,14.580500,
baseline,3,3,perf-baseline-r003-20260818T023050Z,loan_to_customer,1,54,200,14.358800,
baseline,3,3,perf-baseline-r003-20260818T023050Z,loan_to_customer,1,55,200,14.219100,
baseline,3,3,perf-baseline-r003-20260818T023050Z,loan_to_customer,1,56,200,14.193100,
baseline,3,3,perf-baseline-r003-20260818T023050Z,loan_to_customer,1,57,200,14.018300,
baseline,3,3,perf-baseline-r003-20260818T023050Z,loan_to_customer,1,58,200,14.618500,
baseline,3,3,perf-baseline-r003-20260818T023050Z,loan_to_customer,1,59,200,14.535200,
baseline,3,3,perf-baseline-r003-20260818T023050Z,loan_to_customer,1,60,200,14.403700,
baseline,3,3,perf-baseline-r003-20260818T023050Z,loan_to_customer,1,61,200,14.341800,
baseline,3,3,perf-baseline-r003-20260818T023050Z,loan_to_customer,1,62,200,14.044300,
baseline,3,3,perf-baseline-r003-20260818T023050Z,loan_to_customer,1,63,200,14.257400,
baseline,3,3,perf-baseline-r003-20260818T023050Z,loan_to_customer,1,64,200,13.538000,
baseline,3,3,perf-baseline-r003-20260818T023050Z,loan_to_customer,1,65,200,14.040100,
baseline,3,3,perf-baseline-r003-20260818T023050Z,loan_to_customer,1,66,200,13.432800,
baseline,3,3,perf-baseline-r003-20260818T023050Z,loan_to_customer,1,67,200,14.471000,
baseline,3,3,perf-baseline-r003-20260818T023050Z,loan_to_customer,1,68,200,14.080800,
baseline,3,3,perf-baseline-r003-20260818T023050Z,loan_to_customer,1,69,200,13.957200,
baseline,3,3,perf-baseline-r003-20260818T023050Z,loan_to_customer,1,70,200,13.889700,
baseline,3,3,perf-baseline-r003-20260818T023050Z,loan_to_customer,1,71,200,13.869800,
baseline,3,3,perf-baseline-r003-20260818T023050Z,loan_to_customer,1,72,200,14.030700,
baseline,3,3,perf-baseline-r003-20260818T023050Z,loan_to_customer,1,73,200,14.283700,
baseline,3,3,perf-baseline-r003-20260818T023050Z,loan_to_customer,1,74,200,14.319200,
baseline,3,3,perf-baseline-r003-20260818T023050Z,loan_to_customer,1,75,200,14.446700,
baseline,3,3,perf-baseline-r003-20260818T023050Z,loan_to_customer,1,76,200,14.926600,
baseline,3,3,perf-baseline-r003-20260818T023050Z,loan_to_customer,1,77,200,13.684200,
baseline,3,3,perf-baseline-r003-20260818T023050Z,loan_to_customer,1,78,200,14.000500,
baseline,3,3,perf-baseline-r003-20260818T023050Z,loan_to_customer,1,79,200,14.445600,
baseline,3,3,perf-baseline-r003-20260818T023050Z,loan_to_customer,1,80,200,13.846200,
baseline,3,3,perf-baseline-r003-20260818T023050Z,loan_to_customer,1,81,200,14.168300,
baseline,3,3,perf-baseline-r003-20260818T023050Z,loan_to_customer,1,82,200,14.229300,
baseline,3,3,perf-baseline-r003-20260818T023050Z,loan_to_customer,1,83,200,14.801400,
baseline,3,3,perf-baseline-r003-20260818T023050Z,loan_to_customer,1,84,200,14.715900,
baseline,3,3,perf-baseline-r003-20260818T023050Z,loan_to_customer,1,85,200,14.438200,
baseline,3,3,perf-baseline-r003-20260818T023050Z,loan_to_customer,1,86,200,14.259500,
baseline,3,3,perf-baseline-r003-20260818T023050Z,loan_to_customer,1,87,200,14.973300,
baseline,3,3,perf-baseline-r003-20260818T023050Z,loan_to_customer,1,88,200,14.462500,
baseline,3,3,perf-baseline-r003-20260818T023050Z,loan_to_customer,1,89,200,14.593200,
baseline,3,3,perf-baseline-r003-20260818T023050Z,loan_to_customer,1,90,200,15.327400,
baseline,3,3,perf-baseline-r003-20260818T023050Z,loan_to_customer,1,91,200,15.434300,
baseline,3,3,perf-baseline-r003-20260818T023050Z,loan_to_customer,1,92,200,14.366000,
baseline,3,3,perf-baseline-r003-20260818T023050Z,loan_to_customer,1,93,200,14.266800,
baseline,3,3,perf-baseline-r003-20260818T023050Z,loan_to_customer,1,94,200,15.284500,
baseline,3,3,perf-baseline-r003-20260818T023050Z,loan_to_customer,1,95,200,24.150000,
baseline,3,3,perf-baseline-r003-20260818T023050Z,loan_to_customer,1,96,200,14.536900,
baseline,3,3,perf-baseline-r003-20260818T023050Z,loan_to_customer,1,97,200,14.625400,
baseline,3,3,perf-baseline-r003-20260818T023050Z,loan_to_customer,1,98,200,14.511800,
baseline,3,3,perf-baseline-r003-20260818T023050Z,loan_to_customer,1,99,200,14.444600,
baseline,3,3,perf-baseline-r003-20260818T023050Z,loan_to_customer,1,100,200,14.179700,
baseline,3,3,perf-baseline-r003-20260818T023050Z,loan_to_customer,1,101,200,14.323400,
baseline,3,3,perf-baseline-r003-20260818T023050Z,loan_to_customer,1,102,200,14.550300,
baseline,3,3,perf-baseline-r003-20260818T023050Z,loan_to_customer,1,103,200,14.279100,
baseline,3,3,perf-baseline-r003-20260818T023050Z,loan_to_customer,1,104,200,14.478500,
baseline,3,3,perf-baseline-r003-20260818T023050Z,loan_to_customer,1,105,200,14.023400,
baseline,3,3,perf-baseline-r003-20260818T023050Z,loan_to_customer,1,106,200,13.966800,
baseline,3,3,perf-baseline-r003-20260818T023050Z,loan_to_customer,1,107,200,14.653300,
baseline,3,3,perf-baseline-r003-20260818T023050Z,loan_to_customer,1,108,200,14.188500,
baseline,3,3,perf-baseline-r003-20260818T023050Z,loan_to_customer,1,109,200,13.834000,
baseline,3,3,perf-baseline-r003-20260818T023050Z,loan_to_customer,1,110,200,13.987800,
baseline,3,3,perf-baseline-r003-20260818T023050Z,loan_to_customer,1,111,200,14.213900,
baseline,3,3,perf-baseline-r003-20260818T023050Z,loan_to_customer,1,112,200,14.428700,
baseline,3,3,perf-baseline-r003-20260818T023050Z,loan_to_customer,1,113,200,14.722400,
baseline,3,3,perf-baseline-r003-20260818T023050Z,loan_to_customer,1,114,200,14.482100,
baseline,3,3,perf-baseline-r003-20260818T023050Z,loan_to_customer,1,115,200,14.164300,
baseline,3,3,perf-baseline-r003-20260818T023050Z,loan_to_customer,1,116,200,14.155400,
baseline,3,3,perf-baseline-r003-20260818T023050Z,loan_to_customer,1,117,200,14.038800,
baseline,3,3,perf-baseline-r003-20260818T023050Z,loan_to_customer,1,118,200,13.378500,
baseline,3,3,perf-baseline-r003-20260818T023050Z,loan_to_customer,1,119,200,14.321100,
baseline,3,3,perf-baseline-r003-20260818T023050Z,loan_to_customer,1,120,200,14.748600,
baseline,3,3,perf-baseline-r003-20260818T023050Z,loan_to_customer,1,121,200,16.395700,
baseline,3,3,perf-baseline-r003-20260818T023050Z,loan_to_customer,1,122,200,14.963100,
baseline,3,3,perf-baseline-r003-20260818T023050Z,loan_to_customer,1,123,200,14.736000,
baseline,3,3,perf-baseline-r003-20260818T023050Z,loan_to_customer,1,124,200,14.281600,
baseline,3,3,perf-baseline-r003-20260818T023050Z,loan_to_customer,1,125,200,15.505800,
baseline,3,3,perf-baseline-r003-20260818T023050Z,loan_to_customer,1,126,200,14.536800,
baseline,3,3,perf-baseline-r003-20260818T023050Z,loan_to_customer,1,127,200,15.728900,
baseline,3,3,perf-baseline-r003-20260818T023050Z,loan_to_customer,1,128,200,15.297400,
baseline,3,3,perf-baseline-r003-20260818T023050Z,loan_to_customer,1,129,200,15.633000,
baseline,3,3,perf-baseline-r003-20260818T023050Z,loan_to_customer,1,130,200,14.640400,
baseline,3,3,perf-baseline-r003-20260818T023050Z,loan_to_customer,1,131,200,14.339100,
baseline,3,3,perf-baseline-r003-20260818T023050Z,loan_to_customer,1,132,200,14.618400,
baseline,3,3,perf-baseline-r003-20260818T023050Z,loan_to_customer,1,133,200,13.393000,
baseline,3,3,perf-baseline-r003-20260818T023050Z,loan_to_customer,1,134,200,13.771000,
baseline,3,3,perf-baseline-r003-20260818T023050Z,loan_to_customer,1,135,200,15.966100,
baseline,3,3,perf-baseline-r003-20260818T023050Z,loan_to_customer,1,136,200,14.228400,
baseline,3,3,perf-baseline-r003-20260818T023050Z,loan_to_customer,1,137,200,15.009200,
baseline,3,3,perf-baseline-r003-20260818T023050Z,loan_to_customer,1,138,200,15.321800,
baseline,3,3,perf-baseline-r003-20260818T023050Z,loan_to_customer,1,139,200,15.157400,
baseline,3,3,perf-baseline-r003-20260818T023050Z,loan_to_customer,1,140,200,15.063900,
baseline,3,3,perf-baseline-r003-20260818T023050Z,loan_to_customer,1,141,200,15.223800,
baseline,3,3,perf-baseline-r003-20260818T023050Z,loan_to_customer,1,142,200,17.324700,
baseline,3,3,perf-baseline-r003-20260818T023050Z,loan_to_customer,1,143,200,16.024100,
baseline,3,3,perf-baseline-r003-20260818T023050Z,loan_to_customer,1,144,200,16.155700,
baseline,3,3,perf-baseline-r003-20260818T023050Z,loan_to_customer,1,145,200,16.653500,
baseline,3,3,perf-baseline-r003-20260818T023050Z,loan_to_customer,1,146,200,16.005400,
baseline,3,3,perf-baseline-r003-20260818T023050Z,loan_to_customer,1,147,200,15.782700,
baseline,3,3,perf-baseline-r003-20260818T023050Z,loan_to_customer,1,148,200,15.578900,
baseline,3,3,perf-baseline-r003-20260818T023050Z,loan_to_customer,1,149,200,14.762100,
baseline,3,3,perf-baseline-r003-20260818T023050Z,loan_to_customer,1,150,200,14.960800,
baseline,3,3,perf-baseline-r003-20260818T023050Z,loan_to_customer,1,151,200,14.784400,
baseline,3,3,perf-baseline-r003-20260818T023050Z,loan_to_customer,1,152,200,15.047400,
baseline,3,3,perf-baseline-r003-20260818T023050Z,loan_to_customer,1,153,200,15.877100,
baseline,3,3,perf-baseline-r003-20260818T023050Z,loan_to_customer,1,154,200,14.275700,
baseline,3,3,perf-baseline-r003-20260818T023050Z,loan_to_customer,1,155,200,14.911500,
baseline,3,3,perf-baseline-r003-20260818T023050Z,loan_to_customer,1,156,200,15.206600,
baseline,3,3,perf-baseline-r003-20260818T023050Z,loan_to_customer,1,157,200,14.708200,
baseline,3,3,perf-baseline-r003-20260818T023050Z,loan_to_customer,1,158,200,14.378800,
baseline,3,3,perf-baseline-r003-20260818T023050Z,loan_to_customer,1,159,200,15.304800,
baseline,3,3,perf-baseline-r003-20260818T023050Z,loan_to_customer,1,160,200,15.084100,
baseline,3,3,perf-baseline-r003-20260818T023050Z,loan_to_customer,1,161,200,14.928800,
baseline,3,3,perf-baseline-r003-20260818T023050Z,loan_to_customer,1,162,200,14.434700,
baseline,3,3,perf-baseline-r003-20260818T023050Z,loan_to_customer,1,163,200,14.424400,
baseline,3,3,perf-baseline-r003-20260818T023050Z,loan_to_customer,1,164,200,14.644600,
baseline,3,3,perf-baseline-r003-20260818T023050Z,loan_to_customer,1,165,200,14.324300,
baseline,3,3,perf-baseline-r003-20260818T023050Z,loan_to_customer,1,166,200,13.976000,
baseline,3,3,perf-baseline-r003-20260818T023050Z,loan_to_customer,1,167,200,14.157900,
baseline,3,3,perf-baseline-r003-20260818T023050Z,loan_to_customer,1,168,200,14.949700,
baseline,3,3,perf-baseline-r003-20260818T023050Z,loan_to_customer,1,169,200,14.488500,
baseline,3,3,perf-baseline-r003-20260818T023050Z,loan_to_customer,1,170,200,13.583500,
baseline,3,3,perf-baseline-r003-20260818T023050Z,loan_to_customer,1,171,200,14.151700,
baseline,3,3,perf-baseline-r003-20260818T023050Z,loan_to_customer,1,172,200,13.987100,
baseline,3,3,perf-baseline-r003-20260818T023050Z,loan_to_customer,1,173,200,14.524200,
baseline,3,3,perf-baseline-r003-20260818T023050Z,loan_to_customer,1,174,200,14.771400,
baseline,3,3,perf-baseline-r003-20260818T023050Z,loan_to_customer,1,175,200,15.479500,
baseline,3,3,perf-baseline-r003-20260818T023050Z,loan_to_customer,1,176,200,13.747700,
baseline,3,3,perf-baseline-r003-20260818T023050Z,loan_to_customer,1,177,200,13.875300,
baseline,3,3,perf-baseline-r003-20260818T023050Z,loan_to_customer,1,178,200,14.720000,
baseline,3,3,perf-baseline-r003-20260818T023050Z,loan_to_customer,1,179,200,14.181600,
baseline,3,3,perf-baseline-r003-20260818T023050Z,loan_to_customer,1,180,200,14.091200,
baseline,3,3,perf-baseline-r003-20260818T023050Z,loan_to_customer,1,181,200,14.873500,
baseline,3,3,perf-baseline-r003-20260818T023050Z,loan_to_customer,1,182,200,14.666100,
baseline,3,3,perf-baseline-r003-20260818T023050Z,loan_to_customer,1,183,200,14.608400,
baseline,3,3,perf-baseline-r003-20260818T023050Z,loan_to_customer,1,184,200,15.331500,
baseline,3,3,perf-baseline-r003-20260818T023050Z,loan_to_customer,1,185,200,14.999200,
baseline,3,3,perf-baseline-r003-20260818T023050Z,loan_to_customer,1,186,200,14.046000,
baseline,3,3,perf-baseline-r003-20260818T023050Z,loan_to_customer,1,187,200,15.167700,
baseline,3,3,perf-baseline-r003-20260818T023050Z,loan_to_customer,1,188,200,15.105400,
baseline,3,3,perf-baseline-r003-20260818T023050Z,loan_to_customer,1,189,200,15.082300,
baseline,3,3,perf-baseline-r003-20260818T023050Z,loan_to_customer,1,190,200,14.783600,
baseline,3,3,perf-baseline-r003-20260818T023050Z,loan_to_customer,1,191,200,15.020600,
baseline,3,3,perf-baseline-r003-20260818T023050Z,loan_to_customer,1,192,200,14.565800,
baseline,3,3,perf-baseline-r003-20260818T023050Z,loan_to_customer,1,193,200,15.104700,
baseline,3,3,perf-baseline-r003-20260818T023050Z,loan_to_customer,1,194,200,15.785500,
baseline,3,3,perf-baseline-r003-20260818T023050Z,loan_to_customer,1,195,200,15.616000,
baseline,3,3,perf-baseline-r003-20260818T023050Z,loan_to_customer,1,196,200,15.483400,
baseline,3,3,perf-baseline-r003-20260818T023050Z,loan_to_customer,1,197,200,15.363500,
baseline,3,3,perf-baseline-r003-20260818T023050Z,loan_to_customer,1,198,200,15.080100,
baseline,3,3,perf-baseline-r003-20260818T023050Z,loan_to_customer,1,199,200,14.868000,
baseline,3,3,perf-baseline-r003-20260818T023050Z,loan_to_customer,1,200,200,15.031400,
baseline,3,3,perf-baseline-r003-20260818T023050Z,loan_to_customer,2,1,200,14.476100,
baseline,3,3,perf-baseline-r003-20260818T023050Z,loan_to_customer,2,2,200,14.440900,
baseline,3,3,perf-baseline-r003-20260818T023050Z,loan_to_customer,2,3,200,14.835700,
baseline,3,3,perf-baseline-r003-20260818T023050Z,loan_to_customer,2,4,200,14.960500,
baseline,3,3,perf-baseline-r003-20260818T023050Z,loan_to_customer,2,5,200,14.318600,
baseline,3,3,perf-baseline-r003-20260818T023050Z,loan_to_customer,2,6,200,15.505800,
baseline,3,3,perf-baseline-r003-20260818T023050Z,loan_to_customer,2,7,200,14.747100,
baseline,3,3,perf-baseline-r003-20260818T023050Z,loan_to_customer,2,8,200,14.722300,
baseline,3,3,perf-baseline-r003-20260818T023050Z,loan_to_customer,2,9,200,15.104300,
baseline,3,3,perf-baseline-r003-20260818T023050Z,loan_to_customer,2,10,200,14.215800,
baseline,3,3,perf-baseline-r003-20260818T023050Z,loan_to_customer,2,11,200,14.771000,
baseline,3,3,perf-baseline-r003-20260818T023050Z,loan_to_customer,2,12,200,14.718100,
baseline,3,3,perf-baseline-r003-20260818T023050Z,loan_to_customer,2,13,200,14.749300,
baseline,3,3,perf-baseline-r003-20260818T023050Z,loan_to_customer,2,14,200,14.894200,
baseline,3,3,perf-baseline-r003-20260818T023050Z,loan_to_customer,2,15,200,15.922600,
baseline,3,3,perf-baseline-r003-20260818T023050Z,loan_to_customer,2,16,200,15.304700,
baseline,3,3,perf-baseline-r003-20260818T023050Z,loan_to_customer,2,17,200,16.628400,
baseline,3,3,perf-baseline-r003-20260818T023050Z,loan_to_customer,2,18,200,17.238000,
baseline,3,3,perf-baseline-r003-20260818T023050Z,loan_to_customer,2,19,200,17.536500,
baseline,3,3,perf-baseline-r003-20260818T023050Z,loan_to_customer,2,20,200,16.908500,
baseline,3,3,perf-baseline-r003-20260818T023050Z,loan_to_customer,2,21,200,15.938200,
baseline,3,3,perf-baseline-r003-20260818T023050Z,loan_to_customer,2,22,200,18.431800,
baseline,3,3,perf-baseline-r003-20260818T023050Z,loan_to_customer,2,23,200,21.285500,
baseline,3,3,perf-baseline-r003-20260818T023050Z,loan_to_customer,2,24,200,17.969700,
baseline,3,3,perf-baseline-r003-20260818T023050Z,loan_to_customer,2,25,200,19.054500,
baseline,3,3,perf-baseline-r003-20260818T023050Z,loan_to_customer,2,26,200,18.725900,
baseline,3,3,perf-baseline-r003-20260818T023050Z,loan_to_customer,2,27,200,15.971000,
baseline,3,3,perf-baseline-r003-20260818T023050Z,loan_to_customer,2,28,200,16.806300,
baseline,3,3,perf-baseline-r003-20260818T023050Z,loan_to_customer,2,29,200,15.009400,
baseline,3,3,perf-baseline-r003-20260818T023050Z,loan_to_customer,2,30,200,14.742900,
baseline,3,3,perf-baseline-r003-20260818T023050Z,loan_to_customer,2,31,200,14.339000,
baseline,3,3,perf-baseline-r003-20260818T023050Z,loan_to_customer,2,32,200,14.681800,
baseline,3,3,perf-baseline-r003-20260818T023050Z,loan_to_customer,2,33,200,16.720000,
baseline,3,3,perf-baseline-r003-20260818T023050Z,loan_to_customer,2,34,200,14.911200,
baseline,3,3,perf-baseline-r003-20260818T023050Z,loan_to_customer,2,35,200,15.977200,
baseline,3,3,perf-baseline-r003-20260818T023050Z,loan_to_customer,2,36,200,15.677100,
baseline,3,3,perf-baseline-r003-20260818T023050Z,loan_to_customer,2,37,200,14.682100,
baseline,3,3,perf-baseline-r003-20260818T023050Z,loan_to_customer,2,38,200,14.823000,
baseline,3,3,perf-baseline-r003-20260818T023050Z,loan_to_customer,2,39,200,14.552400,
baseline,3,3,perf-baseline-r003-20260818T023050Z,loan_to_customer,2,40,200,14.843600,
baseline,3,3,perf-baseline-r003-20260818T023050Z,loan_to_customer,2,41,200,14.998400,
baseline,3,3,perf-baseline-r003-20260818T023050Z,loan_to_customer,2,42,200,14.677500,
baseline,3,3,perf-baseline-r003-20260818T023050Z,loan_to_customer,2,43,200,14.888900,
baseline,3,3,perf-baseline-r003-20260818T023050Z,loan_to_customer,2,44,200,14.222100,
baseline,3,3,perf-baseline-r003-20260818T023050Z,loan_to_customer,2,45,200,14.672300,
baseline,3,3,perf-baseline-r003-20260818T023050Z,loan_to_customer,2,46,200,15.258500,
baseline,3,3,perf-baseline-r003-20260818T023050Z,loan_to_customer,2,47,200,14.360000,
baseline,3,3,perf-baseline-r003-20260818T023050Z,loan_to_customer,2,48,200,14.975700,
baseline,3,3,perf-baseline-r003-20260818T023050Z,loan_to_customer,2,49,200,14.784300,
baseline,3,3,perf-baseline-r003-20260818T023050Z,loan_to_customer,2,50,200,14.935400,
baseline,3,3,perf-baseline-r003-20260818T023050Z,loan_to_customer,2,51,200,15.617600,
baseline,3,3,perf-baseline-r003-20260818T023050Z,loan_to_customer,2,52,200,16.417100,
baseline,3,3,perf-baseline-r003-20260818T023050Z,loan_to_customer,2,53,200,14.760700,
baseline,3,3,perf-baseline-r003-20260818T023050Z,loan_to_customer,2,54,200,15.906800,
baseline,3,3,perf-baseline-r003-20260818T023050Z,loan_to_customer,2,55,200,14.585500,
baseline,3,3,perf-baseline-r003-20260818T023050Z,loan_to_customer,2,56,200,14.861000,
baseline,3,3,perf-baseline-r003-20260818T023050Z,loan_to_customer,2,57,200,14.951100,
baseline,3,3,perf-baseline-r003-20260818T023050Z,loan_to_customer,2,58,200,15.275700,
baseline,3,3,perf-baseline-r003-20260818T023050Z,loan_to_customer,2,59,200,17.126700,
baseline,3,3,perf-baseline-r003-20260818T023050Z,loan_to_customer,2,60,200,19.629600,
baseline,3,3,perf-baseline-r003-20260818T023050Z,loan_to_customer,2,61,200,23.937700,
baseline,3,3,perf-baseline-r003-20260818T023050Z,loan_to_customer,2,62,200,16.794700,
baseline,3,3,perf-baseline-r003-20260818T023050Z,loan_to_customer,2,63,200,16.418100,
baseline,3,3,perf-baseline-r003-20260818T023050Z,loan_to_customer,2,64,200,15.762000,
baseline,3,3,perf-baseline-r003-20260818T023050Z,loan_to_customer,2,65,200,15.124800,
baseline,3,3,perf-baseline-r003-20260818T023050Z,loan_to_customer,2,66,200,15.419600,
baseline,3,3,perf-baseline-r003-20260818T023050Z,loan_to_customer,2,67,200,15.963200,
baseline,3,3,perf-baseline-r003-20260818T023050Z,loan_to_customer,2,68,200,15.775900,
baseline,3,3,perf-baseline-r003-20260818T023050Z,loan_to_customer,2,69,200,13.917000,
baseline,3,3,perf-baseline-r003-20260818T023050Z,loan_to_customer,2,70,200,13.545100,
baseline,3,3,perf-baseline-r003-20260818T023050Z,loan_to_customer,2,71,200,14.009300,
baseline,3,3,perf-baseline-r003-20260818T023050Z,loan_to_customer,2,72,200,15.192700,
baseline,3,3,perf-baseline-r003-20260818T023050Z,loan_to_customer,2,73,200,14.595900,
baseline,3,3,perf-baseline-r003-20260818T023050Z,loan_to_customer,2,74,200,15.298400,
baseline,3,3,perf-baseline-r003-20260818T023050Z,loan_to_customer,2,75,200,15.008300,
baseline,3,3,perf-baseline-r003-20260818T023050Z,loan_to_customer,2,76,200,15.039800,
baseline,3,3,perf-baseline-r003-20260818T023050Z,loan_to_customer,2,77,200,14.860300,
baseline,3,3,perf-baseline-r003-20260818T023050Z,loan_to_customer,2,78,200,14.376700,
baseline,3,3,perf-baseline-r003-20260818T023050Z,loan_to_customer,2,79,200,14.253500,
baseline,3,3,perf-baseline-r003-20260818T023050Z,loan_to_customer,2,80,200,14.371400,
baseline,3,3,perf-baseline-r003-20260818T023050Z,loan_to_customer,2,81,200,14.578600,
baseline,3,3,perf-baseline-r003-20260818T023050Z,loan_to_customer,2,82,200,14.794600,
baseline,3,3,perf-baseline-r003-20260818T023050Z,loan_to_customer,2,83,200,14.543500,
baseline,3,3,perf-baseline-r003-20260818T023050Z,loan_to_customer,2,84,200,14.880700,
baseline,3,3,perf-baseline-r003-20260818T023050Z,loan_to_customer,2,85,200,14.103000,
baseline,3,3,perf-baseline-r003-20260818T023050Z,loan_to_customer,2,86,200,13.915100,
baseline,3,3,perf-baseline-r003-20260818T023050Z,loan_to_customer,2,87,200,13.880100,
baseline,3,3,perf-baseline-r003-20260818T023050Z,loan_to_customer,2,88,200,14.110100,
baseline,3,3,perf-baseline-r003-20260818T023050Z,loan_to_customer,2,89,200,14.281900,
baseline,3,3,perf-baseline-r003-20260818T023050Z,loan_to_customer,2,90,200,15.315700,
baseline,3,3,perf-baseline-r003-20260818T023050Z,loan_to_customer,2,91,200,14.173400,
baseline,3,3,perf-baseline-r003-20260818T023050Z,loan_to_customer,2,92,200,13.901100,
baseline,3,3,perf-baseline-r003-20260818T023050Z,loan_to_customer,2,93,200,14.357300,
baseline,3,3,perf-baseline-r003-20260818T023050Z,loan_to_customer,2,94,200,14.597000,
baseline,3,3,perf-baseline-r003-20260818T023050Z,loan_to_customer,2,95,200,14.523000,
baseline,3,3,perf-baseline-r003-20260818T023050Z,loan_to_customer,2,96,200,14.617500,
baseline,3,3,perf-baseline-r003-20260818T023050Z,loan_to_customer,2,97,200,14.439700,
baseline,3,3,perf-baseline-r003-20260818T023050Z,loan_to_customer,2,98,200,13.874400,
baseline,3,3,perf-baseline-r003-20260818T023050Z,loan_to_customer,2,99,200,14.133100,
baseline,3,3,perf-baseline-r003-20260818T023050Z,loan_to_customer,2,100,200,14.660300,
baseline,3,3,perf-baseline-r003-20260818T023050Z,loan_to_customer,2,101,200,14.265600,
baseline,3,3,perf-baseline-r003-20260818T023050Z,loan_to_customer,2,102,200,14.766900,
baseline,3,3,perf-baseline-r003-20260818T023050Z,loan_to_customer,2,103,200,14.391300,
baseline,3,3,perf-baseline-r003-20260818T023050Z,loan_to_customer,2,104,200,14.180100,
baseline,3,3,perf-baseline-r003-20260818T023050Z,loan_to_customer,2,105,200,14.503600,
baseline,3,3,perf-baseline-r003-20260818T023050Z,loan_to_customer,2,106,200,14.382000,
baseline,3,3,perf-baseline-r003-20260818T023050Z,loan_to_customer,2,107,200,14.589500,
baseline,3,3,perf-baseline-r003-20260818T023050Z,loan_to_customer,2,108,200,14.226300,
baseline,3,3,perf-baseline-r003-20260818T023050Z,loan_to_customer,2,109,200,14.183900,
baseline,3,3,perf-baseline-r003-20260818T023050Z,loan_to_customer,2,110,200,14.041200,
baseline,3,3,perf-baseline-r003-20260818T023050Z,loan_to_customer,2,111,200,14.664700,
baseline,3,3,perf-baseline-r003-20260818T023050Z,loan_to_customer,2,112,200,14.355000,
baseline,3,3,perf-baseline-r003-20260818T023050Z,loan_to_customer,2,113,200,14.323200,
baseline,3,3,perf-baseline-r003-20260818T023050Z,loan_to_customer,2,114,200,13.959300,
baseline,3,3,perf-baseline-r003-20260818T023050Z,loan_to_customer,2,115,200,13.828000,
baseline,3,3,perf-baseline-r003-20260818T023050Z,loan_to_customer,2,116,200,14.718900,
baseline,3,3,perf-baseline-r003-20260818T023050Z,loan_to_customer,2,117,200,14.179800,
baseline,3,3,perf-baseline-r003-20260818T023050Z,loan_to_customer,2,118,200,14.145900,
baseline,3,3,perf-baseline-r003-20260818T023050Z,loan_to_customer,2,119,200,15.778600,
baseline,3,3,perf-baseline-r003-20260818T023050Z,loan_to_customer,2,120,200,14.918100,
baseline,3,3,perf-baseline-r003-20260818T023050Z,loan_to_customer,2,121,200,14.404600,
baseline,3,3,perf-baseline-r003-20260818T023050Z,loan_to_customer,2,122,200,14.468300,
baseline,3,3,perf-baseline-r003-20260818T023050Z,loan_to_customer,2,123,200,14.623200,
baseline,3,3,perf-baseline-r003-20260818T023050Z,loan_to_customer,2,124,200,15.044100,
baseline,3,3,perf-baseline-r003-20260818T023050Z,loan_to_customer,2,125,200,14.149400,
baseline,3,3,perf-baseline-r003-20260818T023050Z,loan_to_customer,2,126,200,15.266600,
baseline,3,3,perf-baseline-r003-20260818T023050Z,loan_to_customer,2,127,200,14.531400,
baseline,3,3,perf-baseline-r003-20260818T023050Z,loan_to_customer,2,128,200,14.507600,
baseline,3,3,perf-baseline-r003-20260818T023050Z,loan_to_customer,2,129,200,14.718800,
baseline,3,3,perf-baseline-r003-20260818T023050Z,loan_to_customer,2,130,200,14.497500,
baseline,3,3,perf-baseline-r003-20260818T023050Z,loan_to_customer,2,131,200,14.481300,
baseline,3,3,perf-baseline-r003-20260818T023050Z,loan_to_customer,2,132,200,14.704100,
baseline,3,3,perf-baseline-r003-20260818T023050Z,loan_to_customer,2,133,200,14.677500,
baseline,3,3,perf-baseline-r003-20260818T023050Z,loan_to_customer,2,134,200,15.097800,
baseline,3,3,perf-baseline-r003-20260818T023050Z,loan_to_customer,2,135,200,14.437400,
baseline,3,3,perf-baseline-r003-20260818T023050Z,loan_to_customer,2,136,200,14.687700,
baseline,3,3,perf-baseline-r003-20260818T023050Z,loan_to_customer,2,137,200,14.773000,
baseline,3,3,perf-baseline-r003-20260818T023050Z,loan_to_customer,2,138,200,13.892100,
baseline,3,3,perf-baseline-r003-20260818T023050Z,loan_to_customer,2,139,200,13.649700,
baseline,3,3,perf-baseline-r003-20260818T023050Z,loan_to_customer,2,140,200,14.010800,
baseline,3,3,perf-baseline-r003-20260818T023050Z,loan_to_customer,2,141,200,13.881600,
baseline,3,3,perf-baseline-r003-20260818T023050Z,loan_to_customer,2,142,200,13.931500,
baseline,3,3,perf-baseline-r003-20260818T023050Z,loan_to_customer,2,143,200,13.968400,
baseline,3,3,perf-baseline-r003-20260818T023050Z,loan_to_customer,2,144,200,14.259900,
baseline,3,3,perf-baseline-r003-20260818T023050Z,loan_to_customer,2,145,200,14.880500,
baseline,3,3,perf-baseline-r003-20260818T023050Z,loan_to_customer,2,146,200,14.634500,
baseline,3,3,perf-baseline-r003-20260818T023050Z,loan_to_customer,2,147,200,13.962600,
baseline,3,3,perf-baseline-r003-20260818T023050Z,loan_to_customer,2,148,200,14.228600,
baseline,3,3,perf-baseline-r003-20260818T023050Z,loan_to_customer,2,149,200,13.864200,
baseline,3,3,perf-baseline-r003-20260818T023050Z,loan_to_customer,2,150,200,14.109200,
baseline,3,3,perf-baseline-r003-20260818T023050Z,loan_to_customer,2,151,200,13.538900,
baseline,3,3,perf-baseline-r003-20260818T023050Z,loan_to_customer,2,152,200,14.076500,
baseline,3,3,perf-baseline-r003-20260818T023050Z,loan_to_customer,2,153,200,13.884300,
baseline,3,3,perf-baseline-r003-20260818T023050Z,loan_to_customer,2,154,200,13.729100,
baseline,3,3,perf-baseline-r003-20260818T023050Z,loan_to_customer,2,155,200,13.615900,
baseline,3,3,perf-baseline-r003-20260818T023050Z,loan_to_customer,2,156,200,13.787300,
baseline,3,3,perf-baseline-r003-20260818T023050Z,loan_to_customer,2,157,200,14.206500,
baseline,3,3,perf-baseline-r003-20260818T023050Z,loan_to_customer,2,158,200,13.661800,
baseline,3,3,perf-baseline-r003-20260818T023050Z,loan_to_customer,2,159,200,13.861300,
baseline,3,3,perf-baseline-r003-20260818T023050Z,loan_to_customer,2,160,200,19.168200,
baseline,3,3,perf-baseline-r003-20260818T023050Z,loan_to_customer,2,161,200,16.345500,
baseline,3,3,perf-baseline-r003-20260818T023050Z,loan_to_customer,2,162,200,16.326800,
baseline,3,3,perf-baseline-r003-20260818T023050Z,loan_to_customer,2,163,200,15.502000,
baseline,3,3,perf-baseline-r003-20260818T023050Z,loan_to_customer,2,164,200,15.630700,
baseline,3,3,perf-baseline-r003-20260818T023050Z,loan_to_customer,2,165,200,14.597600,
baseline,3,3,perf-baseline-r003-20260818T023050Z,loan_to_customer,2,166,200,14.824300,
baseline,3,3,perf-baseline-r003-20260818T023050Z,loan_to_customer,2,167,200,14.435200,
baseline,3,3,perf-baseline-r003-20260818T023050Z,loan_to_customer,2,168,200,15.073900,
baseline,3,3,perf-baseline-r003-20260818T023050Z,loan_to_customer,2,169,200,15.139600,
baseline,3,3,perf-baseline-r003-20260818T023050Z,loan_to_customer,2,170,200,14.340400,
baseline,3,3,perf-baseline-r003-20260818T023050Z,loan_to_customer,2,171,200,14.464600,
baseline,3,3,perf-baseline-r003-20260818T023050Z,loan_to_customer,2,172,200,14.125700,
baseline,3,3,perf-baseline-r003-20260818T023050Z,loan_to_customer,2,173,200,15.032200,
baseline,3,3,perf-baseline-r003-20260818T023050Z,loan_to_customer,2,174,200,14.214600,
baseline,3,3,perf-baseline-r003-20260818T023050Z,loan_to_customer,2,175,200,15.000700,
baseline,3,3,perf-baseline-r003-20260818T023050Z,loan_to_customer,2,176,200,14.290100,
baseline,3,3,perf-baseline-r003-20260818T023050Z,loan_to_customer,2,177,200,14.209300,
baseline,3,3,perf-baseline-r003-20260818T023050Z,loan_to_customer,2,178,200,14.380600,
baseline,3,3,perf-baseline-r003-20260818T023050Z,loan_to_customer,2,179,200,14.960800,
baseline,3,3,perf-baseline-r003-20260818T023050Z,loan_to_customer,2,180,200,13.730000,
baseline,3,3,perf-baseline-r003-20260818T023050Z,loan_to_customer,2,181,200,14.582700,
baseline,3,3,perf-baseline-r003-20260818T023050Z,loan_to_customer,2,182,200,14.185400,
baseline,3,3,perf-baseline-r003-20260818T023050Z,loan_to_customer,2,183,200,14.329900,
baseline,3,3,perf-baseline-r003-20260818T023050Z,loan_to_customer,2,184,200,14.274200,
baseline,3,3,perf-baseline-r003-20260818T023050Z,loan_to_customer,2,185,200,14.354800,
baseline,3,3,perf-baseline-r003-20260818T023050Z,loan_to_customer,2,186,200,15.374000,
baseline,3,3,perf-baseline-r003-20260818T023050Z,loan_to_customer,2,187,200,14.382200,
baseline,3,3,perf-baseline-r003-20260818T023050Z,loan_to_customer,2,188,200,14.475300,
baseline,3,3,perf-baseline-r003-20260818T023050Z,loan_to_customer,2,189,200,14.964100,
baseline,3,3,perf-baseline-r003-20260818T023050Z,loan_to_customer,2,190,200,14.606200,
baseline,3,3,perf-baseline-r003-20260818T023050Z,loan_to_customer,2,191,200,15.401700,
baseline,3,3,perf-baseline-r003-20260818T023050Z,loan_to_customer,2,192,200,14.483600,
baseline,3,3,perf-baseline-r003-20260818T023050Z,loan_to_customer,2,193,200,13.925100,
baseline,3,3,perf-baseline-r003-20260818T023050Z,loan_to_customer,2,194,200,14.504600,
baseline,3,3,perf-baseline-r003-20260818T023050Z,loan_to_customer,2,195,200,13.416700,
baseline,3,3,perf-baseline-r003-20260818T023050Z,loan_to_customer,2,196,200,14.476400,
baseline,3,3,perf-baseline-r003-20260818T023050Z,loan_to_customer,2,197,200,14.557900,
baseline,3,3,perf-baseline-r003-20260818T023050Z,loan_to_customer,2,198,200,14.853800,
baseline,3,3,perf-baseline-r003-20260818T023050Z,loan_to_customer,2,199,200,13.928800,
baseline,3,3,perf-baseline-r003-20260818T023050Z,loan_to_customer,2,200,200,14.296100,
baseline,3,3,perf-baseline-r003-20260818T023050Z,loan_to_customer,3,1,200,15.139200,
baseline,3,3,perf-baseline-r003-20260818T023050Z,loan_to_customer,3,2,200,15.351300,
baseline,3,3,perf-baseline-r003-20260818T023050Z,loan_to_customer,3,3,200,14.984200,
baseline,3,3,perf-baseline-r003-20260818T023050Z,loan_to_customer,3,4,200,15.090100,
baseline,3,3,perf-baseline-r003-20260818T023050Z,loan_to_customer,3,5,200,15.117900,
baseline,3,3,perf-baseline-r003-20260818T023050Z,loan_to_customer,3,6,200,15.719500,
baseline,3,3,perf-baseline-r003-20260818T023050Z,loan_to_customer,3,7,200,14.456800,
baseline,3,3,perf-baseline-r003-20260818T023050Z,loan_to_customer,3,8,200,15.462600,
baseline,3,3,perf-baseline-r003-20260818T023050Z,loan_to_customer,3,9,200,14.529300,
baseline,3,3,perf-baseline-r003-20260818T023050Z,loan_to_customer,3,10,200,14.552100,
baseline,3,3,perf-baseline-r003-20260818T023050Z,loan_to_customer,3,11,200,14.683800,
baseline,3,3,perf-baseline-r003-20260818T023050Z,loan_to_customer,3,12,200,14.507600,
baseline,3,3,perf-baseline-r003-20260818T023050Z,loan_to_customer,3,13,200,14.039000,
baseline,3,3,perf-baseline-r003-20260818T023050Z,loan_to_customer,3,14,200,14.530200,
baseline,3,3,perf-baseline-r003-20260818T023050Z,loan_to_customer,3,15,200,13.832700,
baseline,3,3,perf-baseline-r003-20260818T023050Z,loan_to_customer,3,16,200,14.457600,
baseline,3,3,perf-baseline-r003-20260818T023050Z,loan_to_customer,3,17,200,14.085700,
baseline,3,3,perf-baseline-r003-20260818T023050Z,loan_to_customer,3,18,200,14.717200,
baseline,3,3,perf-baseline-r003-20260818T023050Z,loan_to_customer,3,19,200,14.890700,
baseline,3,3,perf-baseline-r003-20260818T023050Z,loan_to_customer,3,20,200,14.255600,
baseline,3,3,perf-baseline-r003-20260818T023050Z,loan_to_customer,3,21,200,14.742500,
baseline,3,3,perf-baseline-r003-20260818T023050Z,loan_to_customer,3,22,200,14.430200,
baseline,3,3,perf-baseline-r003-20260818T023050Z,loan_to_customer,3,23,200,13.971500,
baseline,3,3,perf-baseline-r003-20260818T023050Z,loan_to_customer,3,24,200,14.544300,
baseline,3,3,perf-baseline-r003-20260818T023050Z,loan_to_customer,3,25,200,14.339000,
baseline,3,3,perf-baseline-r003-20260818T023050Z,loan_to_customer,3,26,200,14.397600,
baseline,3,3,perf-baseline-r003-20260818T023050Z,loan_to_customer,3,27,200,13.762800,
baseline,3,3,perf-baseline-r003-20260818T023050Z,loan_to_customer,3,28,200,14.399500,
baseline,3,3,perf-baseline-r003-20260818T023050Z,loan_to_customer,3,29,200,14.369700,
baseline,3,3,perf-baseline-r003-20260818T023050Z,loan_to_customer,3,30,200,14.270100,
baseline,3,3,perf-baseline-r003-20260818T023050Z,loan_to_customer,3,31,200,14.317400,
baseline,3,3,perf-baseline-r003-20260818T023050Z,loan_to_customer,3,32,200,14.909500,
baseline,3,3,perf-baseline-r003-20260818T023050Z,loan_to_customer,3,33,200,14.980800,
baseline,3,3,perf-baseline-r003-20260818T023050Z,loan_to_customer,3,34,200,14.056400,
baseline,3,3,perf-baseline-r003-20260818T023050Z,loan_to_customer,3,35,200,14.201700,
baseline,3,3,perf-baseline-r003-20260818T023050Z,loan_to_customer,3,36,200,14.283900,
baseline,3,3,perf-baseline-r003-20260818T023050Z,loan_to_customer,3,37,200,14.521700,
baseline,3,3,perf-baseline-r003-20260818T023050Z,loan_to_customer,3,38,200,14.820300,
baseline,3,3,perf-baseline-r003-20260818T023050Z,loan_to_customer,3,39,200,14.940200,
baseline,3,3,perf-baseline-r003-20260818T023050Z,loan_to_customer,3,40,200,14.457200,
baseline,3,3,perf-baseline-r003-20260818T023050Z,loan_to_customer,3,41,200,14.085500,
baseline,3,3,perf-baseline-r003-20260818T023050Z,loan_to_customer,3,42,200,14.268200,
baseline,3,3,perf-baseline-r003-20260818T023050Z,loan_to_customer,3,43,200,14.685800,
baseline,3,3,perf-baseline-r003-20260818T023050Z,loan_to_customer,3,44,200,16.045800,
baseline,3,3,perf-baseline-r003-20260818T023050Z,loan_to_customer,3,45,200,14.559500,
baseline,3,3,perf-baseline-r003-20260818T023050Z,loan_to_customer,3,46,200,14.981300,
baseline,3,3,perf-baseline-r003-20260818T023050Z,loan_to_customer,3,47,200,14.563800,
baseline,3,3,perf-baseline-r003-20260818T023050Z,loan_to_customer,3,48,200,14.256900,
baseline,3,3,perf-baseline-r003-20260818T023050Z,loan_to_customer,3,49,200,14.245200,
baseline,3,3,perf-baseline-r003-20260818T023050Z,loan_to_customer,3,50,200,13.892700,
baseline,3,3,perf-baseline-r003-20260818T023050Z,loan_to_customer,3,51,200,14.018200,
baseline,3,3,perf-baseline-r003-20260818T023050Z,loan_to_customer,3,52,200,13.711900,
baseline,3,3,perf-baseline-r003-20260818T023050Z,loan_to_customer,3,53,200,14.017400,
baseline,3,3,perf-baseline-r003-20260818T023050Z,loan_to_customer,3,54,200,14.310100,
baseline,3,3,perf-baseline-r003-20260818T023050Z,loan_to_customer,3,55,200,14.319100,
baseline,3,3,perf-baseline-r003-20260818T023050Z,loan_to_customer,3,56,200,13.941500,
baseline,3,3,perf-baseline-r003-20260818T023050Z,loan_to_customer,3,57,200,14.922700,
baseline,3,3,perf-baseline-r003-20260818T023050Z,loan_to_customer,3,58,200,14.792900,
baseline,3,3,perf-baseline-r003-20260818T023050Z,loan_to_customer,3,59,200,14.003600,
baseline,3,3,perf-baseline-r003-20260818T023050Z,loan_to_customer,3,60,200,14.646800,
baseline,3,3,perf-baseline-r003-20260818T023050Z,loan_to_customer,3,61,200,14.489500,
baseline,3,3,perf-baseline-r003-20260818T023050Z,loan_to_customer,3,62,200,14.243000,
baseline,3,3,perf-baseline-r003-20260818T023050Z,loan_to_customer,3,63,200,14.142000,
baseline,3,3,perf-baseline-r003-20260818T023050Z,loan_to_customer,3,64,200,14.574100,
baseline,3,3,perf-baseline-r003-20260818T023050Z,loan_to_customer,3,65,200,13.831400,
baseline,3,3,perf-baseline-r003-20260818T023050Z,loan_to_customer,3,66,200,14.415500,
baseline,3,3,perf-baseline-r003-20260818T023050Z,loan_to_customer,3,67,200,15.006500,
baseline,3,3,perf-baseline-r003-20260818T023050Z,loan_to_customer,3,68,200,14.732300,
baseline,3,3,perf-baseline-r003-20260818T023050Z,loan_to_customer,3,69,200,14.530400,
baseline,3,3,perf-baseline-r003-20260818T023050Z,loan_to_customer,3,70,200,14.555300,
baseline,3,3,perf-baseline-r003-20260818T023050Z,loan_to_customer,3,71,200,14.105000,
baseline,3,3,perf-baseline-r003-20260818T023050Z,loan_to_customer,3,72,200,14.138600,
baseline,3,3,perf-baseline-r003-20260818T023050Z,loan_to_customer,3,73,200,14.238400,
baseline,3,3,perf-baseline-r003-20260818T023050Z,loan_to_customer,3,74,200,14.385900,
baseline,3,3,perf-baseline-r003-20260818T023050Z,loan_to_customer,3,75,200,15.035700,
baseline,3,3,perf-baseline-r003-20260818T023050Z,loan_to_customer,3,76,200,15.098500,
baseline,3,3,perf-baseline-r003-20260818T023050Z,loan_to_customer,3,77,200,14.261500,
baseline,3,3,perf-baseline-r003-20260818T023050Z,loan_to_customer,3,78,200,14.545500,
baseline,3,3,perf-baseline-r003-20260818T023050Z,loan_to_customer,3,79,200,14.561700,
baseline,3,3,perf-baseline-r003-20260818T023050Z,loan_to_customer,3,80,200,14.303700,
baseline,3,3,perf-baseline-r003-20260818T023050Z,loan_to_customer,3,81,200,14.781700,
baseline,3,3,perf-baseline-r003-20260818T023050Z,loan_to_customer,3,82,200,14.803800,
baseline,3,3,perf-baseline-r003-20260818T023050Z,loan_to_customer,3,83,200,17.614100,
baseline,3,3,perf-baseline-r003-20260818T023050Z,loan_to_customer,3,84,200,16.050400,
baseline,3,3,perf-baseline-r003-20260818T023050Z,loan_to_customer,3,85,200,13.956900,
baseline,3,3,perf-baseline-r003-20260818T023050Z,loan_to_customer,3,86,200,14.217500,
baseline,3,3,perf-baseline-r003-20260818T023050Z,loan_to_customer,3,87,200,13.904600,
baseline,3,3,perf-baseline-r003-20260818T023050Z,loan_to_customer,3,88,200,14.049600,
baseline,3,3,perf-baseline-r003-20260818T023050Z,loan_to_customer,3,89,200,14.469800,
baseline,3,3,perf-baseline-r003-20260818T023050Z,loan_to_customer,3,90,200,14.028900,
baseline,3,3,perf-baseline-r003-20260818T023050Z,loan_to_customer,3,91,200,13.840000,
baseline,3,3,perf-baseline-r003-20260818T023050Z,loan_to_customer,3,92,200,13.953000,
baseline,3,3,perf-baseline-r003-20260818T023050Z,loan_to_customer,3,93,200,13.980200,
baseline,3,3,perf-baseline-r003-20260818T023050Z,loan_to_customer,3,94,200,14.016500,
baseline,3,3,perf-baseline-r003-20260818T023050Z,loan_to_customer,3,95,200,14.415600,
baseline,3,3,perf-baseline-r003-20260818T023050Z,loan_to_customer,3,96,200,13.986100,
baseline,3,3,perf-baseline-r003-20260818T023050Z,loan_to_customer,3,97,200,13.939300,
baseline,3,3,perf-baseline-r003-20260818T023050Z,loan_to_customer,3,98,200,14.136200,
baseline,3,3,perf-baseline-r003-20260818T023050Z,loan_to_customer,3,99,200,14.016400,
baseline,3,3,perf-baseline-r003-20260818T023050Z,loan_to_customer,3,100,200,13.872700,
baseline,3,3,perf-baseline-r003-20260818T023050Z,loan_to_customer,3,101,200,14.168900,
baseline,3,3,perf-baseline-r003-20260818T023050Z,loan_to_customer,3,102,200,14.701600,
baseline,3,3,perf-baseline-r003-20260818T023050Z,loan_to_customer,3,103,200,14.271500,
baseline,3,3,perf-baseline-r003-20260818T023050Z,loan_to_customer,3,104,200,13.968300,
baseline,3,3,perf-baseline-r003-20260818T023050Z,loan_to_customer,3,105,200,13.776500,
baseline,3,3,perf-baseline-r003-20260818T023050Z,loan_to_customer,3,106,200,13.770300,
baseline,3,3,perf-baseline-r003-20260818T023050Z,loan_to_customer,3,107,200,14.116100,
baseline,3,3,perf-baseline-r003-20260818T023050Z,loan_to_customer,3,108,200,14.370700,
baseline,3,3,perf-baseline-r003-20260818T023050Z,loan_to_customer,3,109,200,13.982700,
baseline,3,3,perf-baseline-r003-20260818T023050Z,loan_to_customer,3,110,200,14.661600,
baseline,3,3,perf-baseline-r003-20260818T023050Z,loan_to_customer,3,111,200,14.663600,
baseline,3,3,perf-baseline-r003-20260818T023050Z,loan_to_customer,3,112,200,14.773600,
baseline,3,3,perf-baseline-r003-20260818T023050Z,loan_to_customer,3,113,200,14.202500,
baseline,3,3,perf-baseline-r003-20260818T023050Z,loan_to_customer,3,114,200,13.915900,
baseline,3,3,perf-baseline-r003-20260818T023050Z,loan_to_customer,3,115,200,14.512600,
baseline,3,3,perf-baseline-r003-20260818T023050Z,loan_to_customer,3,116,200,14.804100,
baseline,3,3,perf-baseline-r003-20260818T023050Z,loan_to_customer,3,117,200,14.112700,
baseline,3,3,perf-baseline-r003-20260818T023050Z,loan_to_customer,3,118,200,13.966700,
baseline,3,3,perf-baseline-r003-20260818T023050Z,loan_to_customer,3,119,200,13.612200,
baseline,3,3,perf-baseline-r003-20260818T023050Z,loan_to_customer,3,120,200,13.711800,
baseline,3,3,perf-baseline-r003-20260818T023050Z,loan_to_customer,3,121,200,13.709500,
baseline,3,3,perf-baseline-r003-20260818T023050Z,loan_to_customer,3,122,200,13.667400,
baseline,3,3,perf-baseline-r003-20260818T023050Z,loan_to_customer,3,123,200,14.450600,
baseline,3,3,perf-baseline-r003-20260818T023050Z,loan_to_customer,3,124,200,14.016100,
baseline,3,3,perf-baseline-r003-20260818T023050Z,loan_to_customer,3,125,200,14.542100,
baseline,3,3,perf-baseline-r003-20260818T023050Z,loan_to_customer,3,126,200,14.442700,
baseline,3,3,perf-baseline-r003-20260818T023050Z,loan_to_customer,3,127,200,16.351400,
baseline,3,3,perf-baseline-r003-20260818T023050Z,loan_to_customer,3,128,200,14.273600,
baseline,3,3,perf-baseline-r003-20260818T023050Z,loan_to_customer,3,129,200,15.255900,
baseline,3,3,perf-baseline-r003-20260818T023050Z,loan_to_customer,3,130,200,14.778700,
baseline,3,3,perf-baseline-r003-20260818T023050Z,loan_to_customer,3,131,200,14.207100,
baseline,3,3,perf-baseline-r003-20260818T023050Z,loan_to_customer,3,132,200,14.731100,
baseline,3,3,perf-baseline-r003-20260818T023050Z,loan_to_customer,3,133,200,14.533700,
baseline,3,3,perf-baseline-r003-20260818T023050Z,loan_to_customer,3,134,200,15.035900,
baseline,3,3,perf-baseline-r003-20260818T023050Z,loan_to_customer,3,135,200,14.949500,
baseline,3,3,perf-baseline-r003-20260818T023050Z,loan_to_customer,3,136,200,15.345900,
baseline,3,3,perf-baseline-r003-20260818T023050Z,loan_to_customer,3,137,200,15.707500,
baseline,3,3,perf-baseline-r003-20260818T023050Z,loan_to_customer,3,138,200,14.324400,
baseline,3,3,perf-baseline-r003-20260818T023050Z,loan_to_customer,3,139,200,14.392400,
baseline,3,3,perf-baseline-r003-20260818T023050Z,loan_to_customer,3,140,200,14.204100,
baseline,3,3,perf-baseline-r003-20260818T023050Z,loan_to_customer,3,141,200,14.571500,
baseline,3,3,perf-baseline-r003-20260818T023050Z,loan_to_customer,3,142,200,14.192600,
baseline,3,3,perf-baseline-r003-20260818T023050Z,loan_to_customer,3,143,200,14.179200,
baseline,3,3,perf-baseline-r003-20260818T023050Z,loan_to_customer,3,144,200,14.496700,
baseline,3,3,perf-baseline-r003-20260818T023050Z,loan_to_customer,3,145,200,14.569700,
baseline,3,3,perf-baseline-r003-20260818T023050Z,loan_to_customer,3,146,200,15.322500,
baseline,3,3,perf-baseline-r003-20260818T023050Z,loan_to_customer,3,147,200,15.846200,
baseline,3,3,perf-baseline-r003-20260818T023050Z,loan_to_customer,3,148,200,14.354600,
baseline,3,3,perf-baseline-r003-20260818T023050Z,loan_to_customer,3,149,200,15.192900,
baseline,3,3,perf-baseline-r003-20260818T023050Z,loan_to_customer,3,150,200,16.009400,
baseline,3,3,perf-baseline-r003-20260818T023050Z,loan_to_customer,3,151,200,14.915300,
baseline,3,3,perf-baseline-r003-20260818T023050Z,loan_to_customer,3,152,200,15.627000,
baseline,3,3,perf-baseline-r003-20260818T023050Z,loan_to_customer,3,153,200,15.451500,
baseline,3,3,perf-baseline-r003-20260818T023050Z,loan_to_customer,3,154,200,14.880800,
baseline,3,3,perf-baseline-r003-20260818T023050Z,loan_to_customer,3,155,200,15.218800,
baseline,3,3,perf-baseline-r003-20260818T023050Z,loan_to_customer,3,156,200,14.089700,
baseline,3,3,perf-baseline-r003-20260818T023050Z,loan_to_customer,3,157,200,14.654800,
baseline,3,3,perf-baseline-r003-20260818T023050Z,loan_to_customer,3,158,200,15.600600,
baseline,3,3,perf-baseline-r003-20260818T023050Z,loan_to_customer,3,159,200,15.769100,
baseline,3,3,perf-baseline-r003-20260818T023050Z,loan_to_customer,3,160,200,15.005000,
baseline,3,3,perf-baseline-r003-20260818T023050Z,loan_to_customer,3,161,200,14.795800,
baseline,3,3,perf-baseline-r003-20260818T023050Z,loan_to_customer,3,162,200,14.371500,
baseline,3,3,perf-baseline-r003-20260818T023050Z,loan_to_customer,3,163,200,14.613800,
baseline,3,3,perf-baseline-r003-20260818T023050Z,loan_to_customer,3,164,200,14.319700,
baseline,3,3,perf-baseline-r003-20260818T023050Z,loan_to_customer,3,165,200,14.281100,
baseline,3,3,perf-baseline-r003-20260818T023050Z,loan_to_customer,3,166,200,13.933600,
baseline,3,3,perf-baseline-r003-20260818T023050Z,loan_to_customer,3,167,200,13.692000,
baseline,3,3,perf-baseline-r003-20260818T023050Z,loan_to_customer,3,168,200,16.158700,
baseline,3,3,perf-baseline-r003-20260818T023050Z,loan_to_customer,3,169,200,16.213600,
baseline,3,3,perf-baseline-r003-20260818T023050Z,loan_to_customer,3,170,200,14.719200,
baseline,3,3,perf-baseline-r003-20260818T023050Z,loan_to_customer,3,171,200,14.756100,
baseline,3,3,perf-baseline-r003-20260818T023050Z,loan_to_customer,3,172,200,14.263700,
baseline,3,3,perf-baseline-r003-20260818T023050Z,loan_to_customer,3,173,200,15.466600,
baseline,3,3,perf-baseline-r003-20260818T023050Z,loan_to_customer,3,174,200,13.882800,
baseline,3,3,perf-baseline-r003-20260818T023050Z,loan_to_customer,3,175,200,14.306500,
baseline,3,3,perf-baseline-r003-20260818T023050Z,loan_to_customer,3,176,200,14.577500,
baseline,3,3,perf-baseline-r003-20260818T023050Z,loan_to_customer,3,177,200,15.394500,
baseline,3,3,perf-baseline-r003-20260818T023050Z,loan_to_customer,3,178,200,14.372100,
baseline,3,3,perf-baseline-r003-20260818T023050Z,loan_to_customer,3,179,200,14.833200,
baseline,3,3,perf-baseline-r003-20260818T023050Z,loan_to_customer,3,180,200,14.192500,
baseline,3,3,perf-baseline-r003-20260818T023050Z,loan_to_customer,3,181,200,15.689900,
baseline,3,3,perf-baseline-r003-20260818T023050Z,loan_to_customer,3,182,200,14.776200,
baseline,3,3,perf-baseline-r003-20260818T023050Z,loan_to_customer,3,183,200,15.037900,
baseline,3,3,perf-baseline-r003-20260818T023050Z,loan_to_customer,3,184,200,15.251400,
baseline,3,3,perf-baseline-r003-20260818T023050Z,loan_to_customer,3,185,200,15.755400,
baseline,3,3,perf-baseline-r003-20260818T023050Z,loan_to_customer,3,186,200,15.543700,
baseline,3,3,perf-baseline-r003-20260818T023050Z,loan_to_customer,3,187,200,15.394500,
baseline,3,3,perf-baseline-r003-20260818T023050Z,loan_to_customer,3,188,200,14.597900,
baseline,3,3,perf-baseline-r003-20260818T023050Z,loan_to_customer,3,189,200,14.254200,
baseline,3,3,perf-baseline-r003-20260818T023050Z,loan_to_customer,3,190,200,14.476900,
baseline,3,3,perf-baseline-r003-20260818T023050Z,loan_to_customer,3,191,200,14.095500,
baseline,3,3,perf-baseline-r003-20260818T023050Z,loan_to_customer,3,192,200,15.497300,
baseline,3,3,perf-baseline-r003-20260818T023050Z,loan_to_customer,3,193,200,15.177000,
baseline,3,3,perf-baseline-r003-20260818T023050Z,loan_to_customer,3,194,200,16.980000,
baseline,3,3,perf-baseline-r003-20260818T023050Z,loan_to_customer,3,195,200,16.449400,
baseline,3,3,perf-baseline-r003-20260818T023050Z,loan_to_customer,3,196,200,16.587900,
baseline,3,3,perf-baseline-r003-20260818T023050Z,loan_to_customer,3,197,200,16.335600,
baseline,3,3,perf-baseline-r003-20260818T023050Z,loan_to_customer,3,198,200,16.345100,
baseline,3,3,perf-baseline-r003-20260818T023050Z,loan_to_customer,3,199,200,16.659000,
baseline,3,3,perf-baseline-r003-20260818T023050Z,loan_to_customer,3,200,200,17.365000,
baseline,3,3,perf-baseline-r003-20260818T023050Z,loan_to_credit,1,1,200,16.649400,
baseline,3,3,perf-baseline-r003-20260818T023050Z,loan_to_credit,1,2,200,17.151700,
baseline,3,3,perf-baseline-r003-20260818T023050Z,loan_to_credit,1,3,200,16.762100,
baseline,3,3,perf-baseline-r003-20260818T023050Z,loan_to_credit,1,4,200,15.969800,
baseline,3,3,perf-baseline-r003-20260818T023050Z,loan_to_credit,1,5,200,17.484300,
baseline,3,3,perf-baseline-r003-20260818T023050Z,loan_to_credit,1,6,200,18.301000,
baseline,3,3,perf-baseline-r003-20260818T023050Z,loan_to_credit,1,7,200,16.656900,
baseline,3,3,perf-baseline-r003-20260818T023050Z,loan_to_credit,1,8,200,16.627500,
baseline,3,3,perf-baseline-r003-20260818T023050Z,loan_to_credit,1,9,200,16.942000,
baseline,3,3,perf-baseline-r003-20260818T023050Z,loan_to_credit,1,10,200,16.195800,
baseline,3,3,perf-baseline-r003-20260818T023050Z,loan_to_credit,1,11,200,16.454500,
baseline,3,3,perf-baseline-r003-20260818T023050Z,loan_to_credit,1,12,200,16.130800,
baseline,3,3,perf-baseline-r003-20260818T023050Z,loan_to_credit,1,13,200,15.779800,
baseline,3,3,perf-baseline-r003-20260818T023050Z,loan_to_credit,1,14,200,19.258500,
baseline,3,3,perf-baseline-r003-20260818T023050Z,loan_to_credit,1,15,200,16.607900,
baseline,3,3,perf-baseline-r003-20260818T023050Z,loan_to_credit,1,16,200,16.274700,
baseline,3,3,perf-baseline-r003-20260818T023050Z,loan_to_credit,1,17,200,16.148200,
baseline,3,3,perf-baseline-r003-20260818T023050Z,loan_to_credit,1,18,200,15.890900,
baseline,3,3,perf-baseline-r003-20260818T023050Z,loan_to_credit,1,19,200,16.867000,
baseline,3,3,perf-baseline-r003-20260818T023050Z,loan_to_credit,1,20,200,16.148700,
baseline,3,3,perf-baseline-r003-20260818T023050Z,loan_to_credit,1,21,200,15.563900,
baseline,3,3,perf-baseline-r003-20260818T023050Z,loan_to_credit,1,22,200,16.225000,
baseline,3,3,perf-baseline-r003-20260818T023050Z,loan_to_credit,1,23,200,16.021300,
baseline,3,3,perf-baseline-r003-20260818T023050Z,loan_to_credit,1,24,200,17.266800,
baseline,3,3,perf-baseline-r003-20260818T023050Z,loan_to_credit,1,25,200,16.725800,
baseline,3,3,perf-baseline-r003-20260818T023050Z,loan_to_credit,1,26,200,15.407700,
baseline,3,3,perf-baseline-r003-20260818T023050Z,loan_to_credit,1,27,200,16.426800,
baseline,3,3,perf-baseline-r003-20260818T023050Z,loan_to_credit,1,28,200,15.805300,
baseline,3,3,perf-baseline-r003-20260818T023050Z,loan_to_credit,1,29,200,15.803000,
baseline,3,3,perf-baseline-r003-20260818T023050Z,loan_to_credit,1,30,200,15.895900,
baseline,3,3,perf-baseline-r003-20260818T023050Z,loan_to_credit,1,31,200,16.367300,
baseline,3,3,perf-baseline-r003-20260818T023050Z,loan_to_credit,1,32,200,15.906600,
baseline,3,3,perf-baseline-r003-20260818T023050Z,loan_to_credit,1,33,200,16.412800,
baseline,3,3,perf-baseline-r003-20260818T023050Z,loan_to_credit,1,34,200,15.735800,
baseline,3,3,perf-baseline-r003-20260818T023050Z,loan_to_credit,1,35,200,16.359800,
baseline,3,3,perf-baseline-r003-20260818T023050Z,loan_to_credit,1,36,200,16.103400,
baseline,3,3,perf-baseline-r003-20260818T023050Z,loan_to_credit,1,37,200,15.090600,
baseline,3,3,perf-baseline-r003-20260818T023050Z,loan_to_credit,1,38,200,15.252100,
baseline,3,3,perf-baseline-r003-20260818T023050Z,loan_to_credit,1,39,200,15.840900,
baseline,3,3,perf-baseline-r003-20260818T023050Z,loan_to_credit,1,40,200,16.073700,
baseline,3,3,perf-baseline-r003-20260818T023050Z,loan_to_credit,1,41,200,15.161200,
baseline,3,3,perf-baseline-r003-20260818T023050Z,loan_to_credit,1,42,200,15.914500,
baseline,3,3,perf-baseline-r003-20260818T023050Z,loan_to_credit,1,43,200,15.697700,
baseline,3,3,perf-baseline-r003-20260818T023050Z,loan_to_credit,1,44,200,15.314000,
baseline,3,3,perf-baseline-r003-20260818T023050Z,loan_to_credit,1,45,200,15.874000,
baseline,3,3,perf-baseline-r003-20260818T023050Z,loan_to_credit,1,46,200,15.619900,
baseline,3,3,perf-baseline-r003-20260818T023050Z,loan_to_credit,1,47,200,15.189200,
baseline,3,3,perf-baseline-r003-20260818T023050Z,loan_to_credit,1,48,200,16.009700,
baseline,3,3,perf-baseline-r003-20260818T023050Z,loan_to_credit,1,49,200,15.839100,
baseline,3,3,perf-baseline-r003-20260818T023050Z,loan_to_credit,1,50,200,16.243800,
baseline,3,3,perf-baseline-r003-20260818T023050Z,loan_to_credit,1,51,200,15.783800,
baseline,3,3,perf-baseline-r003-20260818T023050Z,loan_to_credit,1,52,200,16.017500,
baseline,3,3,perf-baseline-r003-20260818T023050Z,loan_to_credit,1,53,200,16.218800,
baseline,3,3,perf-baseline-r003-20260818T023050Z,loan_to_credit,1,54,200,17.837100,
baseline,3,3,perf-baseline-r003-20260818T023050Z,loan_to_credit,1,55,200,15.980600,
baseline,3,3,perf-baseline-r003-20260818T023050Z,loan_to_credit,1,56,200,18.689500,
baseline,3,3,perf-baseline-r003-20260818T023050Z,loan_to_credit,1,57,200,16.782900,
baseline,3,3,perf-baseline-r003-20260818T023050Z,loan_to_credit,1,58,200,17.015500,
baseline,3,3,perf-baseline-r003-20260818T023050Z,loan_to_credit,1,59,200,16.866000,
baseline,3,3,perf-baseline-r003-20260818T023050Z,loan_to_credit,1,60,200,19.526000,
baseline,3,3,perf-baseline-r003-20260818T023050Z,loan_to_credit,1,61,200,17.501500,
baseline,3,3,perf-baseline-r003-20260818T023050Z,loan_to_credit,1,62,200,16.492600,
baseline,3,3,perf-baseline-r003-20260818T023050Z,loan_to_credit,1,63,200,17.210300,
baseline,3,3,perf-baseline-r003-20260818T023050Z,loan_to_credit,1,64,200,15.891300,
baseline,3,3,perf-baseline-r003-20260818T023050Z,loan_to_credit,1,65,200,16.518500,
baseline,3,3,perf-baseline-r003-20260818T023050Z,loan_to_credit,1,66,200,16.509900,
baseline,3,3,perf-baseline-r003-20260818T023050Z,loan_to_credit,1,67,200,15.658800,
baseline,3,3,perf-baseline-r003-20260818T023050Z,loan_to_credit,1,68,200,15.817000,
baseline,3,3,perf-baseline-r003-20260818T023050Z,loan_to_credit,1,69,200,16.501700,
baseline,3,3,perf-baseline-r003-20260818T023050Z,loan_to_credit,1,70,200,15.702800,
baseline,3,3,perf-baseline-r003-20260818T023050Z,loan_to_credit,1,71,200,15.993700,
baseline,3,3,perf-baseline-r003-20260818T023050Z,loan_to_credit,1,72,200,16.297700,
baseline,3,3,perf-baseline-r003-20260818T023050Z,loan_to_credit,1,73,200,15.505200,
baseline,3,3,perf-baseline-r003-20260818T023050Z,loan_to_credit,1,74,200,15.983200,
baseline,3,3,perf-baseline-r003-20260818T023050Z,loan_to_credit,1,75,200,17.081700,
baseline,3,3,perf-baseline-r003-20260818T023050Z,loan_to_credit,1,76,200,19.241800,
baseline,3,3,perf-baseline-r003-20260818T023050Z,loan_to_credit,1,77,200,16.419300,
baseline,3,3,perf-baseline-r003-20260818T023050Z,loan_to_credit,1,78,200,16.423900,
baseline,3,3,perf-baseline-r003-20260818T023050Z,loan_to_credit,1,79,200,17.000000,
baseline,3,3,perf-baseline-r003-20260818T023050Z,loan_to_credit,1,80,200,16.281500,
baseline,3,3,perf-baseline-r003-20260818T023050Z,loan_to_credit,1,81,200,16.542600,
baseline,3,3,perf-baseline-r003-20260818T023050Z,loan_to_credit,1,82,200,19.164000,
baseline,3,3,perf-baseline-r003-20260818T023050Z,loan_to_credit,1,83,200,17.214600,
baseline,3,3,perf-baseline-r003-20260818T023050Z,loan_to_credit,1,84,200,16.070400,
baseline,3,3,perf-baseline-r003-20260818T023050Z,loan_to_credit,1,85,200,17.248700,
baseline,3,3,perf-baseline-r003-20260818T023050Z,loan_to_credit,1,86,200,16.316600,
baseline,3,3,perf-baseline-r003-20260818T023050Z,loan_to_credit,1,87,200,17.247800,
baseline,3,3,perf-baseline-r003-20260818T023050Z,loan_to_credit,1,88,200,16.732000,
baseline,3,3,perf-baseline-r003-20260818T023050Z,loan_to_credit,1,89,200,16.065200,
baseline,3,3,perf-baseline-r003-20260818T023050Z,loan_to_credit,1,90,200,16.098700,
baseline,3,3,perf-baseline-r003-20260818T023050Z,loan_to_credit,1,91,200,16.360100,
baseline,3,3,perf-baseline-r003-20260818T023050Z,loan_to_credit,1,92,200,16.566600,
baseline,3,3,perf-baseline-r003-20260818T023050Z,loan_to_credit,1,93,200,15.734600,
baseline,3,3,perf-baseline-r003-20260818T023050Z,loan_to_credit,1,94,200,16.286300,
baseline,3,3,perf-baseline-r003-20260818T023050Z,loan_to_credit,1,95,200,15.588000,
baseline,3,3,perf-baseline-r003-20260818T023050Z,loan_to_credit,1,96,200,15.808800,
baseline,3,3,perf-baseline-r003-20260818T023050Z,loan_to_credit,1,97,200,14.938100,
baseline,3,3,perf-baseline-r003-20260818T023050Z,loan_to_credit,1,98,200,16.145300,
baseline,3,3,perf-baseline-r003-20260818T023050Z,loan_to_credit,1,99,200,15.898600,
baseline,3,3,perf-baseline-r003-20260818T023050Z,loan_to_credit,1,100,200,16.151500,
baseline,3,3,perf-baseline-r003-20260818T023050Z,loan_to_credit,1,101,200,15.863300,
baseline,3,3,perf-baseline-r003-20260818T023050Z,loan_to_credit,1,102,200,16.405600,
baseline,3,3,perf-baseline-r003-20260818T023050Z,loan_to_credit,1,103,200,15.613500,
baseline,3,3,perf-baseline-r003-20260818T023050Z,loan_to_credit,1,104,200,15.983900,
baseline,3,3,perf-baseline-r003-20260818T023050Z,loan_to_credit,1,105,200,15.882100,
baseline,3,3,perf-baseline-r003-20260818T023050Z,loan_to_credit,1,106,200,15.995200,
baseline,3,3,perf-baseline-r003-20260818T023050Z,loan_to_credit,1,107,200,18.184600,
baseline,3,3,perf-baseline-r003-20260818T023050Z,loan_to_credit,1,108,200,17.179600,
baseline,3,3,perf-baseline-r003-20260818T023050Z,loan_to_credit,1,109,200,15.618600,
baseline,3,3,perf-baseline-r003-20260818T023050Z,loan_to_credit,1,110,200,16.007400,
baseline,3,3,perf-baseline-r003-20260818T023050Z,loan_to_credit,1,111,200,15.846900,
baseline,3,3,perf-baseline-r003-20260818T023050Z,loan_to_credit,1,112,200,16.036500,
baseline,3,3,perf-baseline-r003-20260818T023050Z,loan_to_credit,1,113,200,16.196400,
baseline,3,3,perf-baseline-r003-20260818T023050Z,loan_to_credit,1,114,200,15.901000,
baseline,3,3,perf-baseline-r003-20260818T023050Z,loan_to_credit,1,115,200,15.856900,
baseline,3,3,perf-baseline-r003-20260818T023050Z,loan_to_credit,1,116,200,16.309900,
baseline,3,3,perf-baseline-r003-20260818T023050Z,loan_to_credit,1,117,200,15.591100,
baseline,3,3,perf-baseline-r003-20260818T023050Z,loan_to_credit,1,118,200,15.910200,
baseline,3,3,perf-baseline-r003-20260818T023050Z,loan_to_credit,1,119,200,18.222800,
baseline,3,3,perf-baseline-r003-20260818T023050Z,loan_to_credit,1,120,200,15.841300,
baseline,3,3,perf-baseline-r003-20260818T023050Z,loan_to_credit,1,121,200,15.984500,
baseline,3,3,perf-baseline-r003-20260818T023050Z,loan_to_credit,1,122,200,14.649900,
baseline,3,3,perf-baseline-r003-20260818T023050Z,loan_to_credit,1,123,200,15.497000,
baseline,3,3,perf-baseline-r003-20260818T023050Z,loan_to_credit,1,124,200,16.008200,
baseline,3,3,perf-baseline-r003-20260818T023050Z,loan_to_credit,1,125,200,15.448900,
baseline,3,3,perf-baseline-r003-20260818T023050Z,loan_to_credit,1,126,200,16.177900,
baseline,3,3,perf-baseline-r003-20260818T023050Z,loan_to_credit,1,127,200,14.795000,
baseline,3,3,perf-baseline-r003-20260818T023050Z,loan_to_credit,1,128,200,15.303700,
baseline,3,3,perf-baseline-r003-20260818T023050Z,loan_to_credit,1,129,200,16.341400,
baseline,3,3,perf-baseline-r003-20260818T023050Z,loan_to_credit,1,130,200,15.615600,
baseline,3,3,perf-baseline-r003-20260818T023050Z,loan_to_credit,1,131,200,15.995100,
baseline,3,3,perf-baseline-r003-20260818T023050Z,loan_to_credit,1,132,200,16.024100,
baseline,3,3,perf-baseline-r003-20260818T023050Z,loan_to_credit,1,133,200,17.012300,
baseline,3,3,perf-baseline-r003-20260818T023050Z,loan_to_credit,1,134,200,16.020100,
baseline,3,3,perf-baseline-r003-20260818T023050Z,loan_to_credit,1,135,200,16.347300,
baseline,3,3,perf-baseline-r003-20260818T023050Z,loan_to_credit,1,136,200,15.780800,
baseline,3,3,perf-baseline-r003-20260818T023050Z,loan_to_credit,1,137,200,15.856800,
baseline,3,3,perf-baseline-r003-20260818T023050Z,loan_to_credit,1,138,200,16.571400,
baseline,3,3,perf-baseline-r003-20260818T023050Z,loan_to_credit,1,139,200,16.284600,
baseline,3,3,perf-baseline-r003-20260818T023050Z,loan_to_credit,1,140,200,15.768100,
baseline,3,3,perf-baseline-r003-20260818T023050Z,loan_to_credit,1,141,200,16.348400,
baseline,3,3,perf-baseline-r003-20260818T023050Z,loan_to_credit,1,142,200,15.621200,
baseline,3,3,perf-baseline-r003-20260818T023050Z,loan_to_credit,1,143,200,16.103500,
baseline,3,3,perf-baseline-r003-20260818T023050Z,loan_to_credit,1,144,200,17.196000,
baseline,3,3,perf-baseline-r003-20260818T023050Z,loan_to_credit,1,145,200,15.907500,
baseline,3,3,perf-baseline-r003-20260818T023050Z,loan_to_credit,1,146,200,15.914300,
baseline,3,3,perf-baseline-r003-20260818T023050Z,loan_to_credit,1,147,200,17.400500,
baseline,3,3,perf-baseline-r003-20260818T023050Z,loan_to_credit,1,148,200,16.663900,
baseline,3,3,perf-baseline-r003-20260818T023050Z,loan_to_credit,1,149,200,16.954400,
baseline,3,3,perf-baseline-r003-20260818T023050Z,loan_to_credit,1,150,200,15.871300,
baseline,3,3,perf-baseline-r003-20260818T023050Z,loan_to_credit,1,151,200,16.285800,
baseline,3,3,perf-baseline-r003-20260818T023050Z,loan_to_credit,1,152,200,15.802900,
baseline,3,3,perf-baseline-r003-20260818T023050Z,loan_to_credit,1,153,200,15.828200,
baseline,3,3,perf-baseline-r003-20260818T023050Z,loan_to_credit,1,154,200,14.791300,
baseline,3,3,perf-baseline-r003-20260818T023050Z,loan_to_credit,1,155,200,16.835400,
baseline,3,3,perf-baseline-r003-20260818T023050Z,loan_to_credit,1,156,200,16.771700,
baseline,3,3,perf-baseline-r003-20260818T023050Z,loan_to_credit,1,157,200,16.396100,
baseline,3,3,perf-baseline-r003-20260818T023050Z,loan_to_credit,1,158,200,16.162100,
baseline,3,3,perf-baseline-r003-20260818T023050Z,loan_to_credit,1,159,200,15.497700,
baseline,3,3,perf-baseline-r003-20260818T023050Z,loan_to_credit,1,160,200,16.235200,
baseline,3,3,perf-baseline-r003-20260818T023050Z,loan_to_credit,1,161,200,15.854600,
baseline,3,3,perf-baseline-r003-20260818T023050Z,loan_to_credit,1,162,200,15.401100,
baseline,3,3,perf-baseline-r003-20260818T023050Z,loan_to_credit,1,163,200,15.887900,
baseline,3,3,perf-baseline-r003-20260818T023050Z,loan_to_credit,1,164,200,15.939600,
baseline,3,3,perf-baseline-r003-20260818T023050Z,loan_to_credit,1,165,200,16.009100,
baseline,3,3,perf-baseline-r003-20260818T023050Z,loan_to_credit,1,166,200,15.707000,
baseline,3,3,perf-baseline-r003-20260818T023050Z,loan_to_credit,1,167,200,14.979800,
baseline,3,3,perf-baseline-r003-20260818T023050Z,loan_to_credit,1,168,200,15.782400,
baseline,3,3,perf-baseline-r003-20260818T023050Z,loan_to_credit,1,169,200,15.445800,
baseline,3,3,perf-baseline-r003-20260818T023050Z,loan_to_credit,1,170,200,15.070400,
baseline,3,3,perf-baseline-r003-20260818T023050Z,loan_to_credit,1,171,200,15.703500,
baseline,3,3,perf-baseline-r003-20260818T023050Z,loan_to_credit,1,172,200,15.130200,
baseline,3,3,perf-baseline-r003-20260818T023050Z,loan_to_credit,1,173,200,14.993700,
baseline,3,3,perf-baseline-r003-20260818T023050Z,loan_to_credit,1,174,200,16.108700,
baseline,3,3,perf-baseline-r003-20260818T023050Z,loan_to_credit,1,175,200,15.886700,
baseline,3,3,perf-baseline-r003-20260818T023050Z,loan_to_credit,1,176,200,15.817300,
baseline,3,3,perf-baseline-r003-20260818T023050Z,loan_to_credit,1,177,200,16.013500,
baseline,3,3,perf-baseline-r003-20260818T023050Z,loan_to_credit,1,178,200,16.255100,
baseline,3,3,perf-baseline-r003-20260818T023050Z,loan_to_credit,1,179,200,17.221700,
baseline,3,3,perf-baseline-r003-20260818T023050Z,loan_to_credit,1,180,200,16.653200,
baseline,3,3,perf-baseline-r003-20260818T023050Z,loan_to_credit,1,181,200,16.318300,
baseline,3,3,perf-baseline-r003-20260818T023050Z,loan_to_credit,1,182,200,16.791800,
baseline,3,3,perf-baseline-r003-20260818T023050Z,loan_to_credit,1,183,200,17.221800,
baseline,3,3,perf-baseline-r003-20260818T023050Z,loan_to_credit,1,184,200,15.859800,
baseline,3,3,perf-baseline-r003-20260818T023050Z,loan_to_credit,1,185,200,17.000400,
baseline,3,3,perf-baseline-r003-20260818T023050Z,loan_to_credit,1,186,200,17.219100,
baseline,3,3,perf-baseline-r003-20260818T023050Z,loan_to_credit,1,187,200,20.534800,
baseline,3,3,perf-baseline-r003-20260818T023050Z,loan_to_credit,1,188,200,17.449600,
baseline,3,3,perf-baseline-r003-20260818T023050Z,loan_to_credit,1,189,200,18.209800,
baseline,3,3,perf-baseline-r003-20260818T023050Z,loan_to_credit,1,190,200,17.564100,
baseline,3,3,perf-baseline-r003-20260818T023050Z,loan_to_credit,1,191,200,17.283000,
baseline,3,3,perf-baseline-r003-20260818T023050Z,loan_to_credit,1,192,200,16.444300,
baseline,3,3,perf-baseline-r003-20260818T023050Z,loan_to_credit,1,193,200,17.695300,
baseline,3,3,perf-baseline-r003-20260818T023050Z,loan_to_credit,1,194,200,17.154600,
baseline,3,3,perf-baseline-r003-20260818T023050Z,loan_to_credit,1,195,200,16.055400,
baseline,3,3,perf-baseline-r003-20260818T023050Z,loan_to_credit,1,196,200,16.038400,
baseline,3,3,perf-baseline-r003-20260818T023050Z,loan_to_credit,1,197,200,17.180000,
baseline,3,3,perf-baseline-r003-20260818T023050Z,loan_to_credit,1,198,200,16.814100,
baseline,3,3,perf-baseline-r003-20260818T023050Z,loan_to_credit,1,199,200,15.966200,
baseline,3,3,perf-baseline-r003-20260818T023050Z,loan_to_credit,1,200,200,17.109800,
baseline,3,3,perf-baseline-r003-20260818T023050Z,loan_to_credit,2,1,200,16.686900,
baseline,3,3,perf-baseline-r003-20260818T023050Z,loan_to_credit,2,2,200,16.539100,
baseline,3,3,perf-baseline-r003-20260818T023050Z,loan_to_credit,2,3,200,16.760900,
baseline,3,3,perf-baseline-r003-20260818T023050Z,loan_to_credit,2,4,200,17.433700,
baseline,3,3,perf-baseline-r003-20260818T023050Z,loan_to_credit,2,5,200,16.274400,
baseline,3,3,perf-baseline-r003-20260818T023050Z,loan_to_credit,2,6,200,16.069200,
baseline,3,3,perf-baseline-r003-20260818T023050Z,loan_to_credit,2,7,200,16.753700,
baseline,3,3,perf-baseline-r003-20260818T023050Z,loan_to_credit,2,8,200,17.286800,
baseline,3,3,perf-baseline-r003-20260818T023050Z,loan_to_credit,2,9,200,16.801200,
baseline,3,3,perf-baseline-r003-20260818T023050Z,loan_to_credit,2,10,200,17.091200,
baseline,3,3,perf-baseline-r003-20260818T023050Z,loan_to_credit,2,11,200,15.622300,
baseline,3,3,perf-baseline-r003-20260818T023050Z,loan_to_credit,2,12,200,17.006000,
baseline,3,3,perf-baseline-r003-20260818T023050Z,loan_to_credit,2,13,200,16.434900,
baseline,3,3,perf-baseline-r003-20260818T023050Z,loan_to_credit,2,14,200,17.094600,
baseline,3,3,perf-baseline-r003-20260818T023050Z,loan_to_credit,2,15,200,17.180200,
baseline,3,3,perf-baseline-r003-20260818T023050Z,loan_to_credit,2,16,200,17.086500,
baseline,3,3,perf-baseline-r003-20260818T023050Z,loan_to_credit,2,17,200,16.353900,
baseline,3,3,perf-baseline-r003-20260818T023050Z,loan_to_credit,2,18,200,17.153300,
baseline,3,3,perf-baseline-r003-20260818T023050Z,loan_to_credit,2,19,200,16.533000,
baseline,3,3,perf-baseline-r003-20260818T023050Z,loan_to_credit,2,20,200,16.109500,
baseline,3,3,perf-baseline-r003-20260818T023050Z,loan_to_credit,2,21,200,15.957500,
baseline,3,3,perf-baseline-r003-20260818T023050Z,loan_to_credit,2,22,200,16.944800,
baseline,3,3,perf-baseline-r003-20260818T023050Z,loan_to_credit,2,23,200,15.971300,
baseline,3,3,perf-baseline-r003-20260818T023050Z,loan_to_credit,2,24,200,17.075300,
baseline,3,3,perf-baseline-r003-20260818T023050Z,loan_to_credit,2,25,200,16.864400,
baseline,3,3,perf-baseline-r003-20260818T023050Z,loan_to_credit,2,26,200,16.260600,
baseline,3,3,perf-baseline-r003-20260818T023050Z,loan_to_credit,2,27,200,16.076000,
baseline,3,3,perf-baseline-r003-20260818T023050Z,loan_to_credit,2,28,200,17.135400,
baseline,3,3,perf-baseline-r003-20260818T023050Z,loan_to_credit,2,29,200,16.513200,
baseline,3,3,perf-baseline-r003-20260818T023050Z,loan_to_credit,2,30,200,16.873600,
baseline,3,3,perf-baseline-r003-20260818T023050Z,loan_to_credit,2,31,200,16.856900,
baseline,3,3,perf-baseline-r003-20260818T023050Z,loan_to_credit,2,32,200,16.319900,
baseline,3,3,perf-baseline-r003-20260818T023050Z,loan_to_credit,2,33,200,16.852400,
baseline,3,3,perf-baseline-r003-20260818T023050Z,loan_to_credit,2,34,200,16.461100,
baseline,3,3,perf-baseline-r003-20260818T023050Z,loan_to_credit,2,35,200,16.491900,
baseline,3,3,perf-baseline-r003-20260818T023050Z,loan_to_credit,2,36,200,16.392000,
baseline,3,3,perf-baseline-r003-20260818T023050Z,loan_to_credit,2,37,200,15.131600,
baseline,3,3,perf-baseline-r003-20260818T023050Z,loan_to_credit,2,38,200,16.274500,
baseline,3,3,perf-baseline-r003-20260818T023050Z,loan_to_credit,2,39,200,15.606900,
baseline,3,3,perf-baseline-r003-20260818T023050Z,loan_to_credit,2,40,200,15.295600,
baseline,3,3,perf-baseline-r003-20260818T023050Z,loan_to_credit,2,41,200,16.231100,
baseline,3,3,perf-baseline-r003-20260818T023050Z,loan_to_credit,2,42,200,17.193400,
baseline,3,3,perf-baseline-r003-20260818T023050Z,loan_to_credit,2,43,200,18.419200,
baseline,3,3,perf-baseline-r003-20260818T023050Z,loan_to_credit,2,44,200,19.607900,
baseline,3,3,perf-baseline-r003-20260818T023050Z,loan_to_credit,2,45,200,19.539600,
baseline,3,3,perf-baseline-r003-20260818T023050Z,loan_to_credit,2,46,200,19.247100,
baseline,3,3,perf-baseline-r003-20260818T023050Z,loan_to_credit,2,47,200,18.470400,
baseline,3,3,perf-baseline-r003-20260818T023050Z,loan_to_credit,2,48,200,18.777300,
baseline,3,3,perf-baseline-r003-20260818T023050Z,loan_to_credit,2,49,200,20.367400,
baseline,3,3,perf-baseline-r003-20260818T023050Z,loan_to_credit,2,50,200,18.906000,
baseline,3,3,perf-baseline-r003-20260818T023050Z,loan_to_credit,2,51,200,18.632900,
baseline,3,3,perf-baseline-r003-20260818T023050Z,loan_to_credit,2,52,200,16.966200,
baseline,3,3,perf-baseline-r003-20260818T023050Z,loan_to_credit,2,53,200,17.461400,
baseline,3,3,perf-baseline-r003-20260818T023050Z,loan_to_credit,2,54,200,17.013800,
baseline,3,3,perf-baseline-r003-20260818T023050Z,loan_to_credit,2,55,200,18.417000,
baseline,3,3,perf-baseline-r003-20260818T023050Z,loan_to_credit,2,56,200,16.351100,
baseline,3,3,perf-baseline-r003-20260818T023050Z,loan_to_credit,2,57,200,15.877900,
baseline,3,3,perf-baseline-r003-20260818T023050Z,loan_to_credit,2,58,200,16.919200,
baseline,3,3,perf-baseline-r003-20260818T023050Z,loan_to_credit,2,59,200,17.038500,
baseline,3,3,perf-baseline-r003-20260818T023050Z,loan_to_credit,2,60,200,17.690900,
baseline,3,3,perf-baseline-r003-20260818T023050Z,loan_to_credit,2,61,200,18.062600,
baseline,3,3,perf-baseline-r003-20260818T023050Z,loan_to_credit,2,62,200,20.919800,
baseline,3,3,perf-baseline-r003-20260818T023050Z,loan_to_credit,2,63,200,17.891500,
baseline,3,3,perf-baseline-r003-20260818T023050Z,loan_to_credit,2,64,200,17.084000,
baseline,3,3,perf-baseline-r003-20260818T023050Z,loan_to_credit,2,65,200,16.198100,
baseline,3,3,perf-baseline-r003-20260818T023050Z,loan_to_credit,2,66,200,16.671600,
baseline,3,3,perf-baseline-r003-20260818T023050Z,loan_to_credit,2,67,200,17.828800,
baseline,3,3,perf-baseline-r003-20260818T023050Z,loan_to_credit,2,68,200,17.413300,
baseline,3,3,perf-baseline-r003-20260818T023050Z,loan_to_credit,2,69,200,18.564900,
baseline,3,3,perf-baseline-r003-20260818T023050Z,loan_to_credit,2,70,200,17.896500,
baseline,3,3,perf-baseline-r003-20260818T023050Z,loan_to_credit,2,71,200,17.232200,
baseline,3,3,perf-baseline-r003-20260818T023050Z,loan_to_credit,2,72,200,16.957400,
baseline,3,3,perf-baseline-r003-20260818T023050Z,loan_to_credit,2,73,200,16.485400,
baseline,3,3,perf-baseline-r003-20260818T023050Z,loan_to_credit,2,74,200,16.855700,
baseline,3,3,perf-baseline-r003-20260818T023050Z,loan_to_credit,2,75,200,16.217200,
baseline,3,3,perf-baseline-r003-20260818T023050Z,loan_to_credit,2,76,200,15.810300,
baseline,3,3,perf-baseline-r003-20260818T023050Z,loan_to_credit,2,77,200,16.161000,
baseline,3,3,perf-baseline-r003-20260818T023050Z,loan_to_credit,2,78,200,16.696100,
baseline,3,3,perf-baseline-r003-20260818T023050Z,loan_to_credit,2,79,200,16.596800,
baseline,3,3,perf-baseline-r003-20260818T023050Z,loan_to_credit,2,80,200,15.446400,
baseline,3,3,perf-baseline-r003-20260818T023050Z,loan_to_credit,2,81,200,15.716200,
baseline,3,3,perf-baseline-r003-20260818T023050Z,loan_to_credit,2,82,200,15.133600,
baseline,3,3,perf-baseline-r003-20260818T023050Z,loan_to_credit,2,83,200,14.950100,
baseline,3,3,perf-baseline-r003-20260818T023050Z,loan_to_credit,2,84,200,15.856800,
baseline,3,3,perf-baseline-r003-20260818T023050Z,loan_to_credit,2,85,200,16.365100,
baseline,3,3,perf-baseline-r003-20260818T023050Z,loan_to_credit,2,86,200,16.897200,
baseline,3,3,perf-baseline-r003-20260818T023050Z,loan_to_credit,2,87,200,15.922600,
baseline,3,3,perf-baseline-r003-20260818T023050Z,loan_to_credit,2,88,200,16.181600,
baseline,3,3,perf-baseline-r003-20260818T023050Z,loan_to_credit,2,89,200,15.806100,
baseline,3,3,perf-baseline-r003-20260818T023050Z,loan_to_credit,2,90,200,18.449700,
baseline,3,3,perf-baseline-r003-20260818T023050Z,loan_to_credit,2,91,200,16.382300,
baseline,3,3,perf-baseline-r003-20260818T023050Z,loan_to_credit,2,92,200,18.491800,
baseline,3,3,perf-baseline-r003-20260818T023050Z,loan_to_credit,2,93,200,20.126800,
baseline,3,3,perf-baseline-r003-20260818T023050Z,loan_to_credit,2,94,200,18.867200,
baseline,3,3,perf-baseline-r003-20260818T023050Z,loan_to_credit,2,95,200,18.943400,
baseline,3,3,perf-baseline-r003-20260818T023050Z,loan_to_credit,2,96,200,17.390700,
baseline,3,3,perf-baseline-r003-20260818T023050Z,loan_to_credit,2,97,200,17.903900,
baseline,3,3,perf-baseline-r003-20260818T023050Z,loan_to_credit,2,98,200,16.672200,
baseline,3,3,perf-baseline-r003-20260818T023050Z,loan_to_credit,2,99,200,17.020900,
baseline,3,3,perf-baseline-r003-20260818T023050Z,loan_to_credit,2,100,200,17.490500,
baseline,3,3,perf-baseline-r003-20260818T023050Z,loan_to_credit,2,101,200,15.923500,
baseline,3,3,perf-baseline-r003-20260818T023050Z,loan_to_credit,2,102,200,15.764300,
baseline,3,3,perf-baseline-r003-20260818T023050Z,loan_to_credit,2,103,200,16.288300,
baseline,3,3,perf-baseline-r003-20260818T023050Z,loan_to_credit,2,104,200,14.791500,
baseline,3,3,perf-baseline-r003-20260818T023050Z,loan_to_credit,2,105,200,15.255000,
baseline,3,3,perf-baseline-r003-20260818T023050Z,loan_to_credit,2,106,200,15.953300,
baseline,3,3,perf-baseline-r003-20260818T023050Z,loan_to_credit,2,107,200,15.996300,
baseline,3,3,perf-baseline-r003-20260818T023050Z,loan_to_credit,2,108,200,16.739000,
baseline,3,3,perf-baseline-r003-20260818T023050Z,loan_to_credit,2,109,200,18.283400,
baseline,3,3,perf-baseline-r003-20260818T023050Z,loan_to_credit,2,110,200,18.498100,
baseline,3,3,perf-baseline-r003-20260818T023050Z,loan_to_credit,2,111,200,16.942000,
baseline,3,3,perf-baseline-r003-20260818T023050Z,loan_to_credit,2,112,200,17.603400,
baseline,3,3,perf-baseline-r003-20260818T023050Z,loan_to_credit,2,113,200,17.249000,
baseline,3,3,perf-baseline-r003-20260818T023050Z,loan_to_credit,2,114,200,16.550800,
baseline,3,3,perf-baseline-r003-20260818T023050Z,loan_to_credit,2,115,200,15.811600,
baseline,3,3,perf-baseline-r003-20260818T023050Z,loan_to_credit,2,116,200,16.215200,
baseline,3,3,perf-baseline-r003-20260818T023050Z,loan_to_credit,2,117,200,15.895500,
baseline,3,3,perf-baseline-r003-20260818T023050Z,loan_to_credit,2,118,200,16.332400,
baseline,3,3,perf-baseline-r003-20260818T023050Z,loan_to_credit,2,119,200,16.905400,
baseline,3,3,perf-baseline-r003-20260818T023050Z,loan_to_credit,2,120,200,20.981400,
baseline,3,3,perf-baseline-r003-20260818T023050Z,loan_to_credit,2,121,200,17.978700,
baseline,3,3,perf-baseline-r003-20260818T023050Z,loan_to_credit,2,122,200,16.991400,
baseline,3,3,perf-baseline-r003-20260818T023050Z,loan_to_credit,2,123,200,16.267000,
baseline,3,3,perf-baseline-r003-20260818T023050Z,loan_to_credit,2,124,200,16.577700,
baseline,3,3,perf-baseline-r003-20260818T023050Z,loan_to_credit,2,125,200,16.350900,
baseline,3,3,perf-baseline-r003-20260818T023050Z,loan_to_credit,2,126,200,17.631000,
baseline,3,3,perf-baseline-r003-20260818T023050Z,loan_to_credit,2,127,200,16.863100,
baseline,3,3,perf-baseline-r003-20260818T023050Z,loan_to_credit,2,128,200,17.363900,
baseline,3,3,perf-baseline-r003-20260818T023050Z,loan_to_credit,2,129,200,16.804400,
baseline,3,3,perf-baseline-r003-20260818T023050Z,loan_to_credit,2,130,200,17.212600,
baseline,3,3,perf-baseline-r003-20260818T023050Z,loan_to_credit,2,131,200,16.386000,
baseline,3,3,perf-baseline-r003-20260818T023050Z,loan_to_credit,2,132,200,16.077300,
baseline,3,3,perf-baseline-r003-20260818T023050Z,loan_to_credit,2,133,200,16.273500,
baseline,3,3,perf-baseline-r003-20260818T023050Z,loan_to_credit,2,134,200,15.677500,
baseline,3,3,perf-baseline-r003-20260818T023050Z,loan_to_credit,2,135,200,16.217500,
baseline,3,3,perf-baseline-r003-20260818T023050Z,loan_to_credit,2,136,200,16.177000,
baseline,3,3,perf-baseline-r003-20260818T023050Z,loan_to_credit,2,137,200,16.629900,
baseline,3,3,perf-baseline-r003-20260818T023050Z,loan_to_credit,2,138,200,16.740300,
baseline,3,3,perf-baseline-r003-20260818T023050Z,loan_to_credit,2,139,200,16.310400,
baseline,3,3,perf-baseline-r003-20260818T023050Z,loan_to_credit,2,140,200,15.916300,
baseline,3,3,perf-baseline-r003-20260818T023050Z,loan_to_credit,2,141,200,15.931400,
baseline,3,3,perf-baseline-r003-20260818T023050Z,loan_to_credit,2,142,200,16.134000,
baseline,3,3,perf-baseline-r003-20260818T023050Z,loan_to_credit,2,143,200,16.835800,
baseline,3,3,perf-baseline-r003-20260818T023050Z,loan_to_credit,2,144,200,16.046800,
baseline,3,3,perf-baseline-r003-20260818T023050Z,loan_to_credit,2,145,200,16.898300,
baseline,3,3,perf-baseline-r003-20260818T023050Z,loan_to_credit,2,146,200,15.422700,
baseline,3,3,perf-baseline-r003-20260818T023050Z,loan_to_credit,2,147,200,16.248500,
baseline,3,3,perf-baseline-r003-20260818T023050Z,loan_to_credit,2,148,200,16.085800,
baseline,3,3,perf-baseline-r003-20260818T023050Z,loan_to_credit,2,149,200,15.899100,
baseline,3,3,perf-baseline-r003-20260818T023050Z,loan_to_credit,2,150,200,17.116500,
baseline,3,3,perf-baseline-r003-20260818T023050Z,loan_to_credit,2,151,200,15.782400,
baseline,3,3,perf-baseline-r003-20260818T023050Z,loan_to_credit,2,152,200,16.471000,
baseline,3,3,perf-baseline-r003-20260818T023050Z,loan_to_credit,2,153,200,16.034900,
baseline,3,3,perf-baseline-r003-20260818T023050Z,loan_to_credit,2,154,200,16.529500,
baseline,3,3,perf-baseline-r003-20260818T023050Z,loan_to_credit,2,155,200,15.181800,
baseline,3,3,perf-baseline-r003-20260818T023050Z,loan_to_credit,2,156,200,16.158900,
baseline,3,3,perf-baseline-r003-20260818T023050Z,loan_to_credit,2,157,200,15.826400,
baseline,3,3,perf-baseline-r003-20260818T023050Z,loan_to_credit,2,158,200,15.740200,
baseline,3,3,perf-baseline-r003-20260818T023050Z,loan_to_credit,2,159,200,17.433400,
baseline,3,3,perf-baseline-r003-20260818T023050Z,loan_to_credit,2,160,200,16.488500,
baseline,3,3,perf-baseline-r003-20260818T023050Z,loan_to_credit,2,161,200,17.532400,
baseline,3,3,perf-baseline-r003-20260818T023050Z,loan_to_credit,2,162,200,16.475100,
baseline,3,3,perf-baseline-r003-20260818T023050Z,loan_to_credit,2,163,200,15.826700,
baseline,3,3,perf-baseline-r003-20260818T023050Z,loan_to_credit,2,164,200,16.125900,
baseline,3,3,perf-baseline-r003-20260818T023050Z,loan_to_credit,2,165,200,15.888200,
baseline,3,3,perf-baseline-r003-20260818T023050Z,loan_to_credit,2,166,200,17.381000,
baseline,3,3,perf-baseline-r003-20260818T023050Z,loan_to_credit,2,167,200,16.594100,
baseline,3,3,perf-baseline-r003-20260818T023050Z,loan_to_credit,2,168,200,15.810400,
baseline,3,3,perf-baseline-r003-20260818T023050Z,loan_to_credit,2,169,200,15.928500,
baseline,3,3,perf-baseline-r003-20260818T023050Z,loan_to_credit,2,170,200,19.289200,
baseline,3,3,perf-baseline-r003-20260818T023050Z,loan_to_credit,2,171,200,20.119300,
baseline,3,3,perf-baseline-r003-20260818T023050Z,loan_to_credit,2,172,200,21.086000,
baseline,3,3,perf-baseline-r003-20260818T023050Z,loan_to_credit,2,173,200,18.023800,
baseline,3,3,perf-baseline-r003-20260818T023050Z,loan_to_credit,2,174,200,18.143000,
baseline,3,3,perf-baseline-r003-20260818T023050Z,loan_to_credit,2,175,200,17.959000,
baseline,3,3,perf-baseline-r003-20260818T023050Z,loan_to_credit,2,176,200,16.650400,
baseline,3,3,perf-baseline-r003-20260818T023050Z,loan_to_credit,2,177,200,17.466200,
baseline,3,3,perf-baseline-r003-20260818T023050Z,loan_to_credit,2,178,200,16.351300,
baseline,3,3,perf-baseline-r003-20260818T023050Z,loan_to_credit,2,179,200,15.814300,
baseline,3,3,perf-baseline-r003-20260818T023050Z,loan_to_credit,2,180,200,18.455600,
baseline,3,3,perf-baseline-r003-20260818T023050Z,loan_to_credit,2,181,200,16.809900,
baseline,3,3,perf-baseline-r003-20260818T023050Z,loan_to_credit,2,182,200,16.865900,
baseline,3,3,perf-baseline-r003-20260818T023050Z,loan_to_credit,2,183,200,16.339800,
baseline,3,3,perf-baseline-r003-20260818T023050Z,loan_to_credit,2,184,200,16.660300,
baseline,3,3,perf-baseline-r003-20260818T023050Z,loan_to_credit,2,185,200,15.797000,
baseline,3,3,perf-baseline-r003-20260818T023050Z,loan_to_credit,2,186,200,16.306100,
baseline,3,3,perf-baseline-r003-20260818T023050Z,loan_to_credit,2,187,200,15.792200,
baseline,3,3,perf-baseline-r003-20260818T023050Z,loan_to_credit,2,188,200,16.951900,
baseline,3,3,perf-baseline-r003-20260818T023050Z,loan_to_credit,2,189,200,15.911600,
baseline,3,3,perf-baseline-r003-20260818T023050Z,loan_to_credit,2,190,200,16.421000,
baseline,3,3,perf-baseline-r003-20260818T023050Z,loan_to_credit,2,191,200,15.910100,
baseline,3,3,perf-baseline-r003-20260818T023050Z,loan_to_credit,2,192,200,15.969200,
baseline,3,3,perf-baseline-r003-20260818T023050Z,loan_to_credit,2,193,200,15.522300,
baseline,3,3,perf-baseline-r003-20260818T023050Z,loan_to_credit,2,194,200,16.692000,
baseline,3,3,perf-baseline-r003-20260818T023050Z,loan_to_credit,2,195,200,16.346900,
baseline,3,3,perf-baseline-r003-20260818T023050Z,loan_to_credit,2,196,200,17.156500,
baseline,3,3,perf-baseline-r003-20260818T023050Z,loan_to_credit,2,197,200,16.861700,
baseline,3,3,perf-baseline-r003-20260818T023050Z,loan_to_credit,2,198,200,15.993500,
baseline,3,3,perf-baseline-r003-20260818T023050Z,loan_to_credit,2,199,200,17.344900,
baseline,3,3,perf-baseline-r003-20260818T023050Z,loan_to_credit,2,200,200,16.787000,
baseline,3,3,perf-baseline-r003-20260818T023050Z,loan_to_credit,3,1,200,16.934200,
baseline,3,3,perf-baseline-r003-20260818T023050Z,loan_to_credit,3,2,200,19.031900,
baseline,3,3,perf-baseline-r003-20260818T023050Z,loan_to_credit,3,3,200,16.046300,
baseline,3,3,perf-baseline-r003-20260818T023050Z,loan_to_credit,3,4,200,15.691200,
baseline,3,3,perf-baseline-r003-20260818T023050Z,loan_to_credit,3,5,200,16.533400,
baseline,3,3,perf-baseline-r003-20260818T023050Z,loan_to_credit,3,6,200,16.678100,
baseline,3,3,perf-baseline-r003-20260818T023050Z,loan_to_credit,3,7,200,15.609400,
baseline,3,3,perf-baseline-r003-20260818T023050Z,loan_to_credit,3,8,200,15.944700,
baseline,3,3,perf-baseline-r003-20260818T023050Z,loan_to_credit,3,9,200,17.356600,
baseline,3,3,perf-baseline-r003-20260818T023050Z,loan_to_credit,3,10,200,17.573600,
baseline,3,3,perf-baseline-r003-20260818T023050Z,loan_to_credit,3,11,200,16.682100,
baseline,3,3,perf-baseline-r003-20260818T023050Z,loan_to_credit,3,12,200,16.524100,
baseline,3,3,perf-baseline-r003-20260818T023050Z,loan_to_credit,3,13,200,16.040100,
baseline,3,3,perf-baseline-r003-20260818T023050Z,loan_to_credit,3,14,200,16.202700,
baseline,3,3,perf-baseline-r003-20260818T023050Z,loan_to_credit,3,15,200,15.691700,
baseline,3,3,perf-baseline-r003-20260818T023050Z,loan_to_credit,3,16,200,16.290500,
baseline,3,3,perf-baseline-r003-20260818T023050Z,loan_to_credit,3,17,200,15.775600,
baseline,3,3,perf-baseline-r003-20260818T023050Z,loan_to_credit,3,18,200,17.247300,
baseline,3,3,perf-baseline-r003-20260818T023050Z,loan_to_credit,3,19,200,17.430100,
baseline,3,3,perf-baseline-r003-20260818T023050Z,loan_to_credit,3,20,200,16.516100,
baseline,3,3,perf-baseline-r003-20260818T023050Z,loan_to_credit,3,21,200,16.898700,
baseline,3,3,perf-baseline-r003-20260818T023050Z,loan_to_credit,3,22,200,16.707600,
baseline,3,3,perf-baseline-r003-20260818T023050Z,loan_to_credit,3,23,200,18.395800,
baseline,3,3,perf-baseline-r003-20260818T023050Z,loan_to_credit,3,24,200,16.558300,
baseline,3,3,perf-baseline-r003-20260818T023050Z,loan_to_credit,3,25,200,16.252000,
baseline,3,3,perf-baseline-r003-20260818T023050Z,loan_to_credit,3,26,200,15.670700,
baseline,3,3,perf-baseline-r003-20260818T023050Z,loan_to_credit,3,27,200,15.851600,
baseline,3,3,perf-baseline-r003-20260818T023050Z,loan_to_credit,3,28,200,16.110600,
baseline,3,3,perf-baseline-r003-20260818T023050Z,loan_to_credit,3,29,200,15.904700,
baseline,3,3,perf-baseline-r003-20260818T023050Z,loan_to_credit,3,30,200,16.183200,
baseline,3,3,perf-baseline-r003-20260818T023050Z,loan_to_credit,3,31,200,16.145700,
baseline,3,3,perf-baseline-r003-20260818T023050Z,loan_to_credit,3,32,200,17.254500,
baseline,3,3,perf-baseline-r003-20260818T023050Z,loan_to_credit,3,33,200,16.686100,
baseline,3,3,perf-baseline-r003-20260818T023050Z,loan_to_credit,3,34,200,16.777300,
baseline,3,3,perf-baseline-r003-20260818T023050Z,loan_to_credit,3,35,200,17.101300,
baseline,3,3,perf-baseline-r003-20260818T023050Z,loan_to_credit,3,36,200,16.943300,
baseline,3,3,perf-baseline-r003-20260818T023050Z,loan_to_credit,3,37,200,17.863300,
baseline,3,3,perf-baseline-r003-20260818T023050Z,loan_to_credit,3,38,200,17.361300,
baseline,3,3,perf-baseline-r003-20260818T023050Z,loan_to_credit,3,39,200,16.669100,
baseline,3,3,perf-baseline-r003-20260818T023050Z,loan_to_credit,3,40,200,15.698500,
baseline,3,3,perf-baseline-r003-20260818T023050Z,loan_to_credit,3,41,200,16.111200,
baseline,3,3,perf-baseline-r003-20260818T023050Z,loan_to_credit,3,42,200,16.127500,
baseline,3,3,perf-baseline-r003-20260818T023050Z,loan_to_credit,3,43,200,16.142400,
baseline,3,3,perf-baseline-r003-20260818T023050Z,loan_to_credit,3,44,200,15.669000,
baseline,3,3,perf-baseline-r003-20260818T023050Z,loan_to_credit,3,45,200,15.967300,
baseline,3,3,perf-baseline-r003-20260818T023050Z,loan_to_credit,3,46,200,15.873100,
baseline,3,3,perf-baseline-r003-20260818T023050Z,loan_to_credit,3,47,200,15.052800,
baseline,3,3,perf-baseline-r003-20260818T023050Z,loan_to_credit,3,48,200,15.980300,
baseline,3,3,perf-baseline-r003-20260818T023050Z,loan_to_credit,3,49,200,15.976300,
baseline,3,3,perf-baseline-r003-20260818T023050Z,loan_to_credit,3,50,200,16.457500,
baseline,3,3,perf-baseline-r003-20260818T023050Z,loan_to_credit,3,51,200,15.287200,
baseline,3,3,perf-baseline-r003-20260818T023050Z,loan_to_credit,3,52,200,15.076700,
baseline,3,3,perf-baseline-r003-20260818T023050Z,loan_to_credit,3,53,200,15.930200,
baseline,3,3,perf-baseline-r003-20260818T023050Z,loan_to_credit,3,54,200,16.329000,
baseline,3,3,perf-baseline-r003-20260818T023050Z,loan_to_credit,3,55,200,15.634200,
baseline,3,3,perf-baseline-r003-20260818T023050Z,loan_to_credit,3,56,200,16.458000,
baseline,3,3,perf-baseline-r003-20260818T023050Z,loan_to_credit,3,57,200,17.022000,
baseline,3,3,perf-baseline-r003-20260818T023050Z,loan_to_credit,3,58,200,15.974600,
baseline,3,3,perf-baseline-r003-20260818T023050Z,loan_to_credit,3,59,200,16.884600,
baseline,3,3,perf-baseline-r003-20260818T023050Z,loan_to_credit,3,60,200,15.891100,
baseline,3,3,perf-baseline-r003-20260818T023050Z,loan_to_credit,3,61,200,15.932300,
baseline,3,3,perf-baseline-r003-20260818T023050Z,loan_to_credit,3,62,200,16.183500,
baseline,3,3,perf-baseline-r003-20260818T023050Z,loan_to_credit,3,63,200,17.067000,
baseline,3,3,perf-baseline-r003-20260818T023050Z,loan_to_credit,3,64,200,17.039400,
baseline,3,3,perf-baseline-r003-20260818T023050Z,loan_to_credit,3,65,200,16.607800,
baseline,3,3,perf-baseline-r003-20260818T023050Z,loan_to_credit,3,66,200,16.240400,
baseline,3,3,perf-baseline-r003-20260818T023050Z,loan_to_credit,3,67,200,16.896000,
baseline,3,3,perf-baseline-r003-20260818T023050Z,loan_to_credit,3,68,200,17.139800,
baseline,3,3,perf-baseline-r003-20260818T023050Z,loan_to_credit,3,69,200,16.701700,
baseline,3,3,perf-baseline-r003-20260818T023050Z,loan_to_credit,3,70,200,16.695700,
baseline,3,3,perf-baseline-r003-20260818T023050Z,loan_to_credit,3,71,200,15.802700,
baseline,3,3,perf-baseline-r003-20260818T023050Z,loan_to_credit,3,72,200,16.403500,
baseline,3,3,perf-baseline-r003-20260818T023050Z,loan_to_credit,3,73,200,17.216500,
baseline,3,3,perf-baseline-r003-20260818T023050Z,loan_to_credit,3,74,200,15.687400,
baseline,3,3,perf-baseline-r003-20260818T023050Z,loan_to_credit,3,75,200,15.900200,
baseline,3,3,perf-baseline-r003-20260818T023050Z,loan_to_credit,3,76,200,16.318900,
baseline,3,3,perf-baseline-r003-20260818T023050Z,loan_to_credit,3,77,200,15.520800,
baseline,3,3,perf-baseline-r003-20260818T023050Z,loan_to_credit,3,78,200,16.285400,
baseline,3,3,perf-baseline-r003-20260818T023050Z,loan_to_credit,3,79,200,16.913100,
baseline,3,3,perf-baseline-r003-20260818T023050Z,loan_to_credit,3,80,200,15.757500,
baseline,3,3,perf-baseline-r003-20260818T023050Z,loan_to_credit,3,81,200,16.407400,
baseline,3,3,perf-baseline-r003-20260818T023050Z,loan_to_credit,3,82,200,15.933600,
baseline,3,3,perf-baseline-r003-20260818T023050Z,loan_to_credit,3,83,200,15.982800,
baseline,3,3,perf-baseline-r003-20260818T023050Z,loan_to_credit,3,84,200,15.621700,
baseline,3,3,perf-baseline-r003-20260818T023050Z,loan_to_credit,3,85,200,14.977500,
baseline,3,3,perf-baseline-r003-20260818T023050Z,loan_to_credit,3,86,200,15.014400,
baseline,3,3,perf-baseline-r003-20260818T023050Z,loan_to_credit,3,87,200,15.225000,
baseline,3,3,perf-baseline-r003-20260818T023050Z,loan_to_credit,3,88,200,16.094400,
baseline,3,3,perf-baseline-r003-20260818T023050Z,loan_to_credit,3,89,200,16.340600,
baseline,3,3,perf-baseline-r003-20260818T023050Z,loan_to_credit,3,90,200,16.593600,
baseline,3,3,perf-baseline-r003-20260818T023050Z,loan_to_credit,3,91,200,16.051200,
baseline,3,3,perf-baseline-r003-20260818T023050Z,loan_to_credit,3,92,200,15.528300,
baseline,3,3,perf-baseline-r003-20260818T023050Z,loan_to_credit,3,93,200,15.916900,
baseline,3,3,perf-baseline-r003-20260818T023050Z,loan_to_credit,3,94,200,16.395900,
baseline,3,3,perf-baseline-r003-20260818T023050Z,loan_to_credit,3,95,200,15.953900,
baseline,3,3,perf-baseline-r003-20260818T023050Z,loan_to_credit,3,96,200,16.670600,
baseline,3,3,perf-baseline-r003-20260818T023050Z,loan_to_credit,3,97,200,16.002000,
baseline,3,3,perf-baseline-r003-20260818T023050Z,loan_to_credit,3,98,200,16.346900,
baseline,3,3,perf-baseline-r003-20260818T023050Z,loan_to_credit,3,99,200,16.096000,
baseline,3,3,perf-baseline-r003-20260818T023050Z,loan_to_credit,3,100,200,16.786800,
baseline,3,3,perf-baseline-r003-20260818T023050Z,loan_to_credit,3,101,200,15.949600,
baseline,3,3,perf-baseline-r003-20260818T023050Z,loan_to_credit,3,102,200,15.769900,
baseline,3,3,perf-baseline-r003-20260818T023050Z,loan_to_credit,3,103,200,16.035200,
baseline,3,3,perf-baseline-r003-20260818T023050Z,loan_to_credit,3,104,200,15.683900,
baseline,3,3,perf-baseline-r003-20260818T023050Z,loan_to_credit,3,105,200,16.857500,
baseline,3,3,perf-baseline-r003-20260818T023050Z,loan_to_credit,3,106,200,16.522700,
baseline,3,3,perf-baseline-r003-20260818T023050Z,loan_to_credit,3,107,200,15.809400,
baseline,3,3,perf-baseline-r003-20260818T023050Z,loan_to_credit,3,108,200,15.975100,
baseline,3,3,perf-baseline-r003-20260818T023050Z,loan_to_credit,3,109,200,16.074800,
baseline,3,3,perf-baseline-r003-20260818T023050Z,loan_to_credit,3,110,200,16.018100,
baseline,3,3,perf-baseline-r003-20260818T023050Z,loan_to_credit,3,111,200,16.151300,
baseline,3,3,perf-baseline-r003-20260818T023050Z,loan_to_credit,3,112,200,16.068300,
baseline,3,3,perf-baseline-r003-20260818T023050Z,loan_to_credit,3,113,200,15.635300,
baseline,3,3,perf-baseline-r003-20260818T023050Z,loan_to_credit,3,114,200,16.004600,
baseline,3,3,perf-baseline-r003-20260818T023050Z,loan_to_credit,3,115,200,16.107800,
baseline,3,3,perf-baseline-r003-20260818T023050Z,loan_to_credit,3,116,200,16.343200,
baseline,3,3,perf-baseline-r003-20260818T023050Z,loan_to_credit,3,117,200,17.257700,
baseline,3,3,perf-baseline-r003-20260818T023050Z,loan_to_credit,3,118,200,16.471500,
baseline,3,3,perf-baseline-r003-20260818T023050Z,loan_to_credit,3,119,200,17.779200,
baseline,3,3,perf-baseline-r003-20260818T023050Z,loan_to_credit,3,120,200,17.322300,
baseline,3,3,perf-baseline-r003-20260818T023050Z,loan_to_credit,3,121,200,15.716000,
baseline,3,3,perf-baseline-r003-20260818T023050Z,loan_to_credit,3,122,200,16.879600,
baseline,3,3,perf-baseline-r003-20260818T023050Z,loan_to_credit,3,123,200,16.261800,
baseline,3,3,perf-baseline-r003-20260818T023050Z,loan_to_credit,3,124,200,16.531900,
baseline,3,3,perf-baseline-r003-20260818T023050Z,loan_to_credit,3,125,200,16.480700,
baseline,3,3,perf-baseline-r003-20260818T023050Z,loan_to_credit,3,126,200,17.212100,
baseline,3,3,perf-baseline-r003-20260818T023050Z,loan_to_credit,3,127,200,16.729800,
baseline,3,3,perf-baseline-r003-20260818T023050Z,loan_to_credit,3,128,200,17.885900,
baseline,3,3,perf-baseline-r003-20260818T023050Z,loan_to_credit,3,129,200,16.228900,
baseline,3,3,perf-baseline-r003-20260818T023050Z,loan_to_credit,3,130,200,16.590700,
baseline,3,3,perf-baseline-r003-20260818T023050Z,loan_to_credit,3,131,200,15.890000,
baseline,3,3,perf-baseline-r003-20260818T023050Z,loan_to_credit,3,132,200,16.285600,
baseline,3,3,perf-baseline-r003-20260818T023050Z,loan_to_credit,3,133,200,18.227900,
baseline,3,3,perf-baseline-r003-20260818T023050Z,loan_to_credit,3,134,200,16.908400,
baseline,3,3,perf-baseline-r003-20260818T023050Z,loan_to_credit,3,135,200,17.336700,
baseline,3,3,perf-baseline-r003-20260818T023050Z,loan_to_credit,3,136,200,16.333900,
baseline,3,3,perf-baseline-r003-20260818T023050Z,loan_to_credit,3,137,200,15.917200,
baseline,3,3,perf-baseline-r003-20260818T023050Z,loan_to_credit,3,138,200,16.528400,
baseline,3,3,perf-baseline-r003-20260818T023050Z,loan_to_credit,3,139,200,16.785200,
baseline,3,3,perf-baseline-r003-20260818T023050Z,loan_to_credit,3,140,200,15.434200,
baseline,3,3,perf-baseline-r003-20260818T023050Z,loan_to_credit,3,141,200,15.988200,
baseline,3,3,perf-baseline-r003-20260818T023050Z,loan_to_credit,3,142,200,16.340100,
baseline,3,3,perf-baseline-r003-20260818T023050Z,loan_to_credit,3,143,200,15.938500,
baseline,3,3,perf-baseline-r003-20260818T023050Z,loan_to_credit,3,144,200,17.043100,
baseline,3,3,perf-baseline-r003-20260818T023050Z,loan_to_credit,3,145,200,16.950500,
baseline,3,3,perf-baseline-r003-20260818T023050Z,loan_to_credit,3,146,200,16.768300,
baseline,3,3,perf-baseline-r003-20260818T023050Z,loan_to_credit,3,147,200,16.056900,
baseline,3,3,perf-baseline-r003-20260818T023050Z,loan_to_credit,3,148,200,16.521400,
baseline,3,3,perf-baseline-r003-20260818T023050Z,loan_to_credit,3,149,200,16.376000,
baseline,3,3,perf-baseline-r003-20260818T023050Z,loan_to_credit,3,150,200,16.295500,
baseline,3,3,perf-baseline-r003-20260818T023050Z,loan_to_credit,3,151,200,15.506000,
baseline,3,3,perf-baseline-r003-20260818T023050Z,loan_to_credit,3,152,200,15.819600,
baseline,3,3,perf-baseline-r003-20260818T023050Z,loan_to_credit,3,153,200,16.176000,
baseline,3,3,perf-baseline-r003-20260818T023050Z,loan_to_credit,3,154,200,16.029800,
baseline,3,3,perf-baseline-r003-20260818T023050Z,loan_to_credit,3,155,200,15.837700,
baseline,3,3,perf-baseline-r003-20260818T023050Z,loan_to_credit,3,156,200,16.312300,
baseline,3,3,perf-baseline-r003-20260818T023050Z,loan_to_credit,3,157,200,17.629000,
baseline,3,3,perf-baseline-r003-20260818T023050Z,loan_to_credit,3,158,200,17.560500,
baseline,3,3,perf-baseline-r003-20260818T023050Z,loan_to_credit,3,159,200,17.813400,
baseline,3,3,perf-baseline-r003-20260818T023050Z,loan_to_credit,3,160,200,15.676000,
baseline,3,3,perf-baseline-r003-20260818T023050Z,loan_to_credit,3,161,200,17.258900,
baseline,3,3,perf-baseline-r003-20260818T023050Z,loan_to_credit,3,162,200,17.893400,
baseline,3,3,perf-baseline-r003-20260818T023050Z,loan_to_credit,3,163,200,17.286500,
baseline,3,3,perf-baseline-r003-20260818T023050Z,loan_to_credit,3,164,200,19.540100,
baseline,3,3,perf-baseline-r003-20260818T023050Z,loan_to_credit,3,165,200,16.925900,
baseline,3,3,perf-baseline-r003-20260818T023050Z,loan_to_credit,3,166,200,19.211300,
baseline,3,3,perf-baseline-r003-20260818T023050Z,loan_to_credit,3,167,200,23.084400,
baseline,3,3,perf-baseline-r003-20260818T023050Z,loan_to_credit,3,168,200,18.211300,
baseline,3,3,perf-baseline-r003-20260818T023050Z,loan_to_credit,3,169,200,18.051200,
baseline,3,3,perf-baseline-r003-20260818T023050Z,loan_to_credit,3,170,200,18.033000,
baseline,3,3,perf-baseline-r003-20260818T023050Z,loan_to_credit,3,171,200,16.890700,
baseline,3,3,perf-baseline-r003-20260818T023050Z,loan_to_credit,3,172,200,16.852700,
baseline,3,3,perf-baseline-r003-20260818T023050Z,loan_to_credit,3,173,200,16.669200,
baseline,3,3,perf-baseline-r003-20260818T023050Z,loan_to_credit,3,174,200,16.407300,
baseline,3,3,perf-baseline-r003-20260818T023050Z,loan_to_credit,3,175,200,18.427200,
baseline,3,3,perf-baseline-r003-20260818T023050Z,loan_to_credit,3,176,200,17.456600,
baseline,3,3,perf-baseline-r003-20260818T023050Z,loan_to_credit,3,177,200,17.977500,
baseline,3,3,perf-baseline-r003-20260818T023050Z,loan_to_credit,3,178,200,16.358500,
baseline,3,3,perf-baseline-r003-20260818T023050Z,loan_to_credit,3,179,200,15.773000,
baseline,3,3,perf-baseline-r003-20260818T023050Z,loan_to_credit,3,180,200,16.199000,
baseline,3,3,perf-baseline-r003-20260818T023050Z,loan_to_credit,3,181,200,16.055400,
baseline,3,3,perf-baseline-r003-20260818T023050Z,loan_to_credit,3,182,200,15.804300,
baseline,3,3,perf-baseline-r003-20260818T023050Z,loan_to_credit,3,183,200,15.842700,
baseline,3,3,perf-baseline-r003-20260818T023050Z,loan_to_credit,3,184,200,16.499100,
baseline,3,3,perf-baseline-r003-20260818T023050Z,loan_to_credit,3,185,200,16.684500,
baseline,3,3,perf-baseline-r003-20260818T023050Z,loan_to_credit,3,186,200,16.131400,
baseline,3,3,perf-baseline-r003-20260818T023050Z,loan_to_credit,3,187,200,17.400100,
baseline,3,3,perf-baseline-r003-20260818T023050Z,loan_to_credit,3,188,200,17.091300,
baseline,3,3,perf-baseline-r003-20260818T023050Z,loan_to_credit,3,189,200,16.125100,
baseline,3,3,perf-baseline-r003-20260818T023050Z,loan_to_credit,3,190,200,16.180200,
baseline,3,3,perf-baseline-r003-20260818T023050Z,loan_to_credit,3,191,200,17.126000,
baseline,3,3,perf-baseline-r003-20260818T023050Z,loan_to_credit,3,192,200,17.036000,
baseline,3,3,perf-baseline-r003-20260818T023050Z,loan_to_credit,3,193,200,16.920500,
baseline,3,3,perf-baseline-r003-20260818T023050Z,loan_to_credit,3,194,200,15.873300,
baseline,3,3,perf-baseline-r003-20260818T023050Z,loan_to_credit,3,195,200,16.913500,
baseline,3,3,perf-baseline-r003-20260818T023050Z,loan_to_credit,3,196,200,17.355100,
baseline,3,3,perf-baseline-r003-20260818T023050Z,loan_to_credit,3,197,200,16.848100,
baseline,3,3,perf-baseline-r003-20260818T023050Z,loan_to_credit,3,198,200,19.177500,
baseline,3,3,perf-baseline-r003-20260818T023050Z,loan_to_credit,3,199,200,19.453500,
baseline,3,3,perf-baseline-r003-20260818T023050Z,loan_to_credit,3,200,200,18.555600,
baseline,3,3,perf-baseline-r003-20260818T023050Z,loan_to_aml,1,1,200,17.466900,
baseline,3,3,perf-baseline-r003-20260818T023050Z,loan_to_aml,1,2,200,18.132200,
baseline,3,3,perf-baseline-r003-20260818T023050Z,loan_to_aml,1,3,200,17.848800,
baseline,3,3,perf-baseline-r003-20260818T023050Z,loan_to_aml,1,4,200,19.384200,
baseline,3,3,perf-baseline-r003-20260818T023050Z,loan_to_aml,1,5,200,17.620000,
baseline,3,3,perf-baseline-r003-20260818T023050Z,loan_to_aml,1,6,200,18.487000,
baseline,3,3,perf-baseline-r003-20260818T023050Z,loan_to_aml,1,7,200,17.589100,
baseline,3,3,perf-baseline-r003-20260818T023050Z,loan_to_aml,1,8,200,18.174800,
baseline,3,3,perf-baseline-r003-20260818T023050Z,loan_to_aml,1,9,200,18.912100,
baseline,3,3,perf-baseline-r003-20260818T023050Z,loan_to_aml,1,10,200,18.068900,
baseline,3,3,perf-baseline-r003-20260818T023050Z,loan_to_aml,1,11,200,18.788000,
baseline,3,3,perf-baseline-r003-20260818T023050Z,loan_to_aml,1,12,200,17.616200,
baseline,3,3,perf-baseline-r003-20260818T023050Z,loan_to_aml,1,13,200,18.003400,
baseline,3,3,perf-baseline-r003-20260818T023050Z,loan_to_aml,1,14,200,17.777900,
baseline,3,3,perf-baseline-r003-20260818T023050Z,loan_to_aml,1,15,200,18.082700,
baseline,3,3,perf-baseline-r003-20260818T023050Z,loan_to_aml,1,16,200,18.160400,
baseline,3,3,perf-baseline-r003-20260818T023050Z,loan_to_aml,1,17,200,17.982700,
baseline,3,3,perf-baseline-r003-20260818T023050Z,loan_to_aml,1,18,200,17.753800,
baseline,3,3,perf-baseline-r003-20260818T023050Z,loan_to_aml,1,19,200,16.934500,
baseline,3,3,perf-baseline-r003-20260818T023050Z,loan_to_aml,1,20,200,18.000000,
baseline,3,3,perf-baseline-r003-20260818T023050Z,loan_to_aml,1,21,200,17.452200,
baseline,3,3,perf-baseline-r003-20260818T023050Z,loan_to_aml,1,22,200,18.661600,
baseline,3,3,perf-baseline-r003-20260818T023050Z,loan_to_aml,1,23,200,18.981400,
baseline,3,3,perf-baseline-r003-20260818T023050Z,loan_to_aml,1,24,200,16.623500,
baseline,3,3,perf-baseline-r003-20260818T023050Z,loan_to_aml,1,25,200,17.162000,
baseline,3,3,perf-baseline-r003-20260818T023050Z,loan_to_aml,1,26,200,17.154600,
baseline,3,3,perf-baseline-r003-20260818T023050Z,loan_to_aml,1,27,200,18.096600,
baseline,3,3,perf-baseline-r003-20260818T023050Z,loan_to_aml,1,28,200,17.486000,
baseline,3,3,perf-baseline-r003-20260818T023050Z,loan_to_aml,1,29,200,16.716700,
baseline,3,3,perf-baseline-r003-20260818T023050Z,loan_to_aml,1,30,200,15.896300,
baseline,3,3,perf-baseline-r003-20260818T023050Z,loan_to_aml,1,31,200,15.958200,
baseline,3,3,perf-baseline-r003-20260818T023050Z,loan_to_aml,1,32,200,16.726700,
baseline,3,3,perf-baseline-r003-20260818T023050Z,loan_to_aml,1,33,200,16.777200,
baseline,3,3,perf-baseline-r003-20260818T023050Z,loan_to_aml,1,34,200,16.650900,
baseline,3,3,perf-baseline-r003-20260818T023050Z,loan_to_aml,1,35,200,15.962700,
baseline,3,3,perf-baseline-r003-20260818T023050Z,loan_to_aml,1,36,200,16.014400,
baseline,3,3,perf-baseline-r003-20260818T023050Z,loan_to_aml,1,37,200,16.220100,
baseline,3,3,perf-baseline-r003-20260818T023050Z,loan_to_aml,1,38,200,16.812000,
baseline,3,3,perf-baseline-r003-20260818T023050Z,loan_to_aml,1,39,200,16.765400,
baseline,3,3,perf-baseline-r003-20260818T023050Z,loan_to_aml,1,40,200,15.788000,
baseline,3,3,perf-baseline-r003-20260818T023050Z,loan_to_aml,1,41,200,16.092700,
baseline,3,3,perf-baseline-r003-20260818T023050Z,loan_to_aml,1,42,200,15.926100,
baseline,3,3,perf-baseline-r003-20260818T023050Z,loan_to_aml,1,43,200,16.156400,
baseline,3,3,perf-baseline-r003-20260818T023050Z,loan_to_aml,1,44,200,16.682200,
baseline,3,3,perf-baseline-r003-20260818T023050Z,loan_to_aml,1,45,200,15.865300,
baseline,3,3,perf-baseline-r003-20260818T023050Z,loan_to_aml,1,46,200,16.051900,
baseline,3,3,perf-baseline-r003-20260818T023050Z,loan_to_aml,1,47,200,16.332500,
baseline,3,3,perf-baseline-r003-20260818T023050Z,loan_to_aml,1,48,200,15.977100,
baseline,3,3,perf-baseline-r003-20260818T023050Z,loan_to_aml,1,49,200,16.040100,
baseline,3,3,perf-baseline-r003-20260818T023050Z,loan_to_aml,1,50,200,15.855500,
baseline,3,3,perf-baseline-r003-20260818T023050Z,loan_to_aml,1,51,200,16.263900,
baseline,3,3,perf-baseline-r003-20260818T023050Z,loan_to_aml,1,52,200,15.603200,
baseline,3,3,perf-baseline-r003-20260818T023050Z,loan_to_aml,1,53,200,16.615500,
baseline,3,3,perf-baseline-r003-20260818T023050Z,loan_to_aml,1,54,200,14.889300,
baseline,3,3,perf-baseline-r003-20260818T023050Z,loan_to_aml,1,55,200,15.406200,
baseline,3,3,perf-baseline-r003-20260818T023050Z,loan_to_aml,1,56,200,15.797400,
baseline,3,3,perf-baseline-r003-20260818T023050Z,loan_to_aml,1,57,200,16.123900,
baseline,3,3,perf-baseline-r003-20260818T023050Z,loan_to_aml,1,58,200,16.137000,
baseline,3,3,perf-baseline-r003-20260818T023050Z,loan_to_aml,1,59,200,15.853700,
baseline,3,3,perf-baseline-r003-20260818T023050Z,loan_to_aml,1,60,200,15.811200,
baseline,3,3,perf-baseline-r003-20260818T023050Z,loan_to_aml,1,61,200,16.489300,
baseline,3,3,perf-baseline-r003-20260818T023050Z,loan_to_aml,1,62,200,16.135500,
baseline,3,3,perf-baseline-r003-20260818T023050Z,loan_to_aml,1,63,200,15.971200,
baseline,3,3,perf-baseline-r003-20260818T023050Z,loan_to_aml,1,64,200,17.039500,
baseline,3,3,perf-baseline-r003-20260818T023050Z,loan_to_aml,1,65,200,22.607700,
baseline,3,3,perf-baseline-r003-20260818T023050Z,loan_to_aml,1,66,200,16.975500,
baseline,3,3,perf-baseline-r003-20260818T023050Z,loan_to_aml,1,67,200,17.144500,
baseline,3,3,perf-baseline-r003-20260818T023050Z,loan_to_aml,1,68,200,16.137900,
baseline,3,3,perf-baseline-r003-20260818T023050Z,loan_to_aml,1,69,200,17.010100,
baseline,3,3,perf-baseline-r003-20260818T023050Z,loan_to_aml,1,70,200,17.674900,
baseline,3,3,perf-baseline-r003-20260818T023050Z,loan_to_aml,1,71,200,16.762100,
baseline,3,3,perf-baseline-r003-20260818T023050Z,loan_to_aml,1,72,200,16.184000,
baseline,3,3,perf-baseline-r003-20260818T023050Z,loan_to_aml,1,73,200,17.234300,
baseline,3,3,perf-baseline-r003-20260818T023050Z,loan_to_aml,1,74,200,16.614800,
baseline,3,3,perf-baseline-r003-20260818T023050Z,loan_to_aml,1,75,200,17.401700,
baseline,3,3,perf-baseline-r003-20260818T023050Z,loan_to_aml,1,76,200,17.023800,
baseline,3,3,perf-baseline-r003-20260818T023050Z,loan_to_aml,1,77,200,16.538600,
baseline,3,3,perf-baseline-r003-20260818T023050Z,loan_to_aml,1,78,200,15.741900,
baseline,3,3,perf-baseline-r003-20260818T023050Z,loan_to_aml,1,79,200,16.104300,
baseline,3,3,perf-baseline-r003-20260818T023050Z,loan_to_aml,1,80,200,15.968600,
baseline,3,3,perf-baseline-r003-20260818T023050Z,loan_to_aml,1,81,200,15.851600,
baseline,3,3,perf-baseline-r003-20260818T023050Z,loan_to_aml,1,82,200,15.073000,
baseline,3,3,perf-baseline-r003-20260818T023050Z,loan_to_aml,1,83,200,15.824900,
baseline,3,3,perf-baseline-r003-20260818T023050Z,loan_to_aml,1,84,200,16.149400,
baseline,3,3,perf-baseline-r003-20260818T023050Z,loan_to_aml,1,85,200,15.777900,
baseline,3,3,perf-baseline-r003-20260818T023050Z,loan_to_aml,1,86,200,16.117400,
baseline,3,3,perf-baseline-r003-20260818T023050Z,loan_to_aml,1,87,200,15.904600,
baseline,3,3,perf-baseline-r003-20260818T023050Z,loan_to_aml,1,88,200,16.165200,
baseline,3,3,perf-baseline-r003-20260818T023050Z,loan_to_aml,1,89,200,16.461800,
baseline,3,3,perf-baseline-r003-20260818T023050Z,loan_to_aml,1,90,200,16.872400,
baseline,3,3,perf-baseline-r003-20260818T023050Z,loan_to_aml,1,91,200,15.473100,
baseline,3,3,perf-baseline-r003-20260818T023050Z,loan_to_aml,1,92,200,16.188800,
baseline,3,3,perf-baseline-r003-20260818T023050Z,loan_to_aml,1,93,200,15.632600,
baseline,3,3,perf-baseline-r003-20260818T023050Z,loan_to_aml,1,94,200,16.102400,
baseline,3,3,perf-baseline-r003-20260818T023050Z,loan_to_aml,1,95,200,16.581300,
baseline,3,3,perf-baseline-r003-20260818T023050Z,loan_to_aml,1,96,200,17.678700,
baseline,3,3,perf-baseline-r003-20260818T023050Z,loan_to_aml,1,97,200,16.752400,
baseline,3,3,perf-baseline-r003-20260818T023050Z,loan_to_aml,1,98,200,16.165300,
baseline,3,3,perf-baseline-r003-20260818T023050Z,loan_to_aml,1,99,200,17.155600,
baseline,3,3,perf-baseline-r003-20260818T023050Z,loan_to_aml,1,100,200,18.341700,
baseline,3,3,perf-baseline-r003-20260818T023050Z,loan_to_aml,1,101,200,16.705200,
baseline,3,3,perf-baseline-r003-20260818T023050Z,loan_to_aml,1,102,200,16.806200,
baseline,3,3,perf-baseline-r003-20260818T023050Z,loan_to_aml,1,103,200,18.487400,
baseline,3,3,perf-baseline-r003-20260818T023050Z,loan_to_aml,1,104,200,17.217100,
baseline,3,3,perf-baseline-r003-20260818T023050Z,loan_to_aml,1,105,200,17.829600,
baseline,3,3,perf-baseline-r003-20260818T023050Z,loan_to_aml,1,106,200,16.355300,
baseline,3,3,perf-baseline-r003-20260818T023050Z,loan_to_aml,1,107,200,16.268600,
baseline,3,3,perf-baseline-r003-20260818T023050Z,loan_to_aml,1,108,200,16.575600,
baseline,3,3,perf-baseline-r003-20260818T023050Z,loan_to_aml,1,109,200,16.366300,
baseline,3,3,perf-baseline-r003-20260818T023050Z,loan_to_aml,1,110,200,16.523400,
baseline,3,3,perf-baseline-r003-20260818T023050Z,loan_to_aml,1,111,200,17.232400,
baseline,3,3,perf-baseline-r003-20260818T023050Z,loan_to_aml,1,112,200,16.976900,
baseline,3,3,perf-baseline-r003-20260818T023050Z,loan_to_aml,1,113,200,15.966500,
baseline,3,3,perf-baseline-r003-20260818T023050Z,loan_to_aml,1,114,200,17.290700,
baseline,3,3,perf-baseline-r003-20260818T023050Z,loan_to_aml,1,115,200,16.899300,
baseline,3,3,perf-baseline-r003-20260818T023050Z,loan_to_aml,1,116,200,16.696300,
baseline,3,3,perf-baseline-r003-20260818T023050Z,loan_to_aml,1,117,200,16.350100,
baseline,3,3,perf-baseline-r003-20260818T023050Z,loan_to_aml,1,118,200,17.747800,
baseline,3,3,perf-baseline-r003-20260818T023050Z,loan_to_aml,1,119,200,16.848600,
baseline,3,3,perf-baseline-r003-20260818T023050Z,loan_to_aml,1,120,200,16.992600,
baseline,3,3,perf-baseline-r003-20260818T023050Z,loan_to_aml,1,121,200,18.085800,
baseline,3,3,perf-baseline-r003-20260818T023050Z,loan_to_aml,1,122,200,18.343800,
baseline,3,3,perf-baseline-r003-20260818T023050Z,loan_to_aml,1,123,200,16.882400,
baseline,3,3,perf-baseline-r003-20260818T023050Z,loan_to_aml,1,124,200,17.024200,
baseline,3,3,perf-baseline-r003-20260818T023050Z,loan_to_aml,1,125,200,16.986000,
baseline,3,3,perf-baseline-r003-20260818T023050Z,loan_to_aml,1,126,200,16.291000,
baseline,3,3,perf-baseline-r003-20260818T023050Z,loan_to_aml,1,127,200,16.665800,
baseline,3,3,perf-baseline-r003-20260818T023050Z,loan_to_aml,1,128,200,16.401000,
baseline,3,3,perf-baseline-r003-20260818T023050Z,loan_to_aml,1,129,200,15.873400,
baseline,3,3,perf-baseline-r003-20260818T023050Z,loan_to_aml,1,130,200,16.163600,
baseline,3,3,perf-baseline-r003-20260818T023050Z,loan_to_aml,1,131,200,17.020200,
baseline,3,3,perf-baseline-r003-20260818T023050Z,loan_to_aml,1,132,200,15.565500,
baseline,3,3,perf-baseline-r003-20260818T023050Z,loan_to_aml,1,133,200,17.559700,
baseline,3,3,perf-baseline-r003-20260818T023050Z,loan_to_aml,1,134,200,16.798800,
baseline,3,3,perf-baseline-r003-20260818T023050Z,loan_to_aml,1,135,200,17.364600,
baseline,3,3,perf-baseline-r003-20260818T023050Z,loan_to_aml,1,136,200,16.731700,
baseline,3,3,perf-baseline-r003-20260818T023050Z,loan_to_aml,1,137,200,17.167600,
baseline,3,3,perf-baseline-r003-20260818T023050Z,loan_to_aml,1,138,200,15.338300,
baseline,3,3,perf-baseline-r003-20260818T023050Z,loan_to_aml,1,139,200,16.452500,
baseline,3,3,perf-baseline-r003-20260818T023050Z,loan_to_aml,1,140,200,16.556700,
baseline,3,3,perf-baseline-r003-20260818T023050Z,loan_to_aml,1,141,200,16.229600,
baseline,3,3,perf-baseline-r003-20260818T023050Z,loan_to_aml,1,142,200,17.451500,
baseline,3,3,perf-baseline-r003-20260818T023050Z,loan_to_aml,1,143,200,16.463700,
baseline,3,3,perf-baseline-r003-20260818T023050Z,loan_to_aml,1,144,200,15.751500,
baseline,3,3,perf-baseline-r003-20260818T023050Z,loan_to_aml,1,145,200,15.946900,
baseline,3,3,perf-baseline-r003-20260818T023050Z,loan_to_aml,1,146,200,15.804500,
baseline,3,3,perf-baseline-r003-20260818T023050Z,loan_to_aml,1,147,200,16.209600,
baseline,3,3,perf-baseline-r003-20260818T023050Z,loan_to_aml,1,148,200,16.165500,
baseline,3,3,perf-baseline-r003-20260818T023050Z,loan_to_aml,1,149,200,15.890200,
baseline,3,3,perf-baseline-r003-20260818T023050Z,loan_to_aml,1,150,200,15.914500,
baseline,3,3,perf-baseline-r003-20260818T023050Z,loan_to_aml,1,151,200,16.079100,
baseline,3,3,perf-baseline-r003-20260818T023050Z,loan_to_aml,1,152,200,16.193800,
baseline,3,3,perf-baseline-r003-20260818T023050Z,loan_to_aml,1,153,200,15.803300,
baseline,3,3,perf-baseline-r003-20260818T023050Z,loan_to_aml,1,154,200,16.181300,
baseline,3,3,perf-baseline-r003-20260818T023050Z,loan_to_aml,1,155,200,15.970600,
baseline,3,3,perf-baseline-r003-20260818T023050Z,loan_to_aml,1,156,200,16.400000,
baseline,3,3,perf-baseline-r003-20260818T023050Z,loan_to_aml,1,157,200,16.463400,
baseline,3,3,perf-baseline-r003-20260818T023050Z,loan_to_aml,1,158,200,15.893700,
baseline,3,3,perf-baseline-r003-20260818T023050Z,loan_to_aml,1,159,200,15.732500,
baseline,3,3,perf-baseline-r003-20260818T023050Z,loan_to_aml,1,160,200,16.019100,
baseline,3,3,perf-baseline-r003-20260818T023050Z,loan_to_aml,1,161,200,16.066800,
baseline,3,3,perf-baseline-r003-20260818T023050Z,loan_to_aml,1,162,200,15.699200,
baseline,3,3,perf-baseline-r003-20260818T023050Z,loan_to_aml,1,163,200,14.866100,
baseline,3,3,perf-baseline-r003-20260818T023050Z,loan_to_aml,1,164,200,16.543700,
baseline,3,3,perf-baseline-r003-20260818T023050Z,loan_to_aml,1,165,200,15.627900,
baseline,3,3,perf-baseline-r003-20260818T023050Z,loan_to_aml,1,166,200,16.157300,
baseline,3,3,perf-baseline-r003-20260818T023050Z,loan_to_aml,1,167,200,16.164100,
baseline,3,3,perf-baseline-r003-20260818T023050Z,loan_to_aml,1,168,200,15.755100,
baseline,3,3,perf-baseline-r003-20260818T023050Z,loan_to_aml,1,169,200,15.932600,
baseline,3,3,perf-baseline-r003-20260818T023050Z,loan_to_aml,1,170,200,15.917100,
baseline,3,3,perf-baseline-r003-20260818T023050Z,loan_to_aml,1,171,200,15.810500,
baseline,3,3,perf-baseline-r003-20260818T023050Z,loan_to_aml,1,172,200,16.373100,
baseline,3,3,perf-baseline-r003-20260818T023050Z,loan_to_aml,1,173,200,15.743300,
baseline,3,3,perf-baseline-r003-20260818T023050Z,loan_to_aml,1,174,200,15.973700,
baseline,3,3,perf-baseline-r003-20260818T023050Z,loan_to_aml,1,175,200,16.079900,
baseline,3,3,perf-baseline-r003-20260818T023050Z,loan_to_aml,1,176,200,15.807600,
baseline,3,3,perf-baseline-r003-20260818T023050Z,loan_to_aml,1,177,200,16.196400,
baseline,3,3,perf-baseline-r003-20260818T023050Z,loan_to_aml,1,178,200,15.988400,
baseline,3,3,perf-baseline-r003-20260818T023050Z,loan_to_aml,1,179,200,16.251200,
baseline,3,3,perf-baseline-r003-20260818T023050Z,loan_to_aml,1,180,200,15.763400,
baseline,3,3,perf-baseline-r003-20260818T023050Z,loan_to_aml,1,181,200,16.440800,
baseline,3,3,perf-baseline-r003-20260818T023050Z,loan_to_aml,1,182,200,15.516600,
baseline,3,3,perf-baseline-r003-20260818T023050Z,loan_to_aml,1,183,200,15.877000,
baseline,3,3,perf-baseline-r003-20260818T023050Z,loan_to_aml,1,184,200,15.965400,
baseline,3,3,perf-baseline-r003-20260818T023050Z,loan_to_aml,1,185,200,16.021600,
baseline,3,3,perf-baseline-r003-20260818T023050Z,loan_to_aml,1,186,200,16.014100,
baseline,3,3,perf-baseline-r003-20260818T023050Z,loan_to_aml,1,187,200,15.989300,
baseline,3,3,perf-baseline-r003-20260818T023050Z,loan_to_aml,1,188,200,15.761500,
baseline,3,3,perf-baseline-r003-20260818T023050Z,loan_to_aml,1,189,200,16.192900,
baseline,3,3,perf-baseline-r003-20260818T023050Z,loan_to_aml,1,190,200,15.952500,
baseline,3,3,perf-baseline-r003-20260818T023050Z,loan_to_aml,1,191,200,16.244500,
baseline,3,3,perf-baseline-r003-20260818T023050Z,loan_to_aml,1,192,200,16.993100,
baseline,3,3,perf-baseline-r003-20260818T023050Z,loan_to_aml,1,193,200,17.059500,
baseline,3,3,perf-baseline-r003-20260818T023050Z,loan_to_aml,1,194,200,17.201000,
baseline,3,3,perf-baseline-r003-20260818T023050Z,loan_to_aml,1,195,200,16.615600,
baseline,3,3,perf-baseline-r003-20260818T023050Z,loan_to_aml,1,196,200,17.226900,
baseline,3,3,perf-baseline-r003-20260818T023050Z,loan_to_aml,1,197,200,16.838200,
baseline,3,3,perf-baseline-r003-20260818T023050Z,loan_to_aml,1,198,200,17.032500,
baseline,3,3,perf-baseline-r003-20260818T023050Z,loan_to_aml,1,199,200,16.508200,
baseline,3,3,perf-baseline-r003-20260818T023050Z,loan_to_aml,1,200,200,16.016700,
baseline,3,3,perf-baseline-r003-20260818T023050Z,loan_to_aml,2,1,200,16.234900,
baseline,3,3,perf-baseline-r003-20260818T023050Z,loan_to_aml,2,2,200,16.872000,
baseline,3,3,perf-baseline-r003-20260818T023050Z,loan_to_aml,2,3,200,16.356900,
baseline,3,3,perf-baseline-r003-20260818T023050Z,loan_to_aml,2,4,200,17.755600,
baseline,3,3,perf-baseline-r003-20260818T023050Z,loan_to_aml,2,5,200,16.870100,
baseline,3,3,perf-baseline-r003-20260818T023050Z,loan_to_aml,2,6,200,15.857300,
baseline,3,3,perf-baseline-r003-20260818T023050Z,loan_to_aml,2,7,200,17.248300,
baseline,3,3,perf-baseline-r003-20260818T023050Z,loan_to_aml,2,8,200,16.882300,
baseline,3,3,perf-baseline-r003-20260818T023050Z,loan_to_aml,2,9,200,17.029300,
baseline,3,3,perf-baseline-r003-20260818T023050Z,loan_to_aml,2,10,200,15.957100,
baseline,3,3,perf-baseline-r003-20260818T023050Z,loan_to_aml,2,11,200,16.857800,
baseline,3,3,perf-baseline-r003-20260818T023050Z,loan_to_aml,2,12,200,16.981600,
baseline,3,3,perf-baseline-r003-20260818T023050Z,loan_to_aml,2,13,200,15.924600,
baseline,3,3,perf-baseline-r003-20260818T023050Z,loan_to_aml,2,14,200,16.327400,
baseline,3,3,perf-baseline-r003-20260818T023050Z,loan_to_aml,2,15,200,17.089600,
baseline,3,3,perf-baseline-r003-20260818T023050Z,loan_to_aml,2,16,200,16.441600,
baseline,3,3,perf-baseline-r003-20260818T023050Z,loan_to_aml,2,17,200,16.186800,
baseline,3,3,perf-baseline-r003-20260818T023050Z,loan_to_aml,2,18,200,16.926900,
baseline,3,3,perf-baseline-r003-20260818T023050Z,loan_to_aml,2,19,200,15.848600,
baseline,3,3,perf-baseline-r003-20260818T023050Z,loan_to_aml,2,20,200,19.117200,
baseline,3,3,perf-baseline-r003-20260818T023050Z,loan_to_aml,2,21,200,18.404100,
baseline,3,3,perf-baseline-r003-20260818T023050Z,loan_to_aml,2,22,200,17.283400,
baseline,3,3,perf-baseline-r003-20260818T023050Z,loan_to_aml,2,23,200,19.123900,
baseline,3,3,perf-baseline-r003-20260818T023050Z,loan_to_aml,2,24,200,18.494200,
baseline,3,3,perf-baseline-r003-20260818T023050Z,loan_to_aml,2,25,200,18.614000,
baseline,3,3,perf-baseline-r003-20260818T023050Z,loan_to_aml,2,26,200,20.359500,
baseline,3,3,perf-baseline-r003-20260818T023050Z,loan_to_aml,2,27,200,19.454400,
baseline,3,3,perf-baseline-r003-20260818T023050Z,loan_to_aml,2,28,200,18.979500,
baseline,3,3,perf-baseline-r003-20260818T023050Z,loan_to_aml,2,29,200,16.675900,
baseline,3,3,perf-baseline-r003-20260818T023050Z,loan_to_aml,2,30,200,15.903200,
baseline,3,3,perf-baseline-r003-20260818T023050Z,loan_to_aml,2,31,200,16.114300,
baseline,3,3,perf-baseline-r003-20260818T023050Z,loan_to_aml,2,32,200,15.829900,
baseline,3,3,perf-baseline-r003-20260818T023050Z,loan_to_aml,2,33,200,17.623700,
baseline,3,3,perf-baseline-r003-20260818T023050Z,loan_to_aml,2,34,200,16.166700,
baseline,3,3,perf-baseline-r003-20260818T023050Z,loan_to_aml,2,35,200,16.942100,
baseline,3,3,perf-baseline-r003-20260818T023050Z,loan_to_aml,2,36,200,18.058200,
baseline,3,3,perf-baseline-r003-20260818T023050Z,loan_to_aml,2,37,200,17.688200,
baseline,3,3,perf-baseline-r003-20260818T023050Z,loan_to_aml,2,38,200,17.039500,
baseline,3,3,perf-baseline-r003-20260818T023050Z,loan_to_aml,2,39,200,16.425200,
baseline,3,3,perf-baseline-r003-20260818T023050Z,loan_to_aml,2,40,200,15.853200,
baseline,3,3,perf-baseline-r003-20260818T023050Z,loan_to_aml,2,41,200,16.074600,
baseline,3,3,perf-baseline-r003-20260818T023050Z,loan_to_aml,2,42,200,17.380900,
baseline,3,3,perf-baseline-r003-20260818T023050Z,loan_to_aml,2,43,200,16.411400,
baseline,3,3,perf-baseline-r003-20260818T023050Z,loan_to_aml,2,44,200,17.175000,
baseline,3,3,perf-baseline-r003-20260818T023050Z,loan_to_aml,2,45,200,17.867200,
baseline,3,3,perf-baseline-r003-20260818T023050Z,loan_to_aml,2,46,200,17.363200,
baseline,3,3,perf-baseline-r003-20260818T023050Z,loan_to_aml,2,47,200,17.838800,
baseline,3,3,perf-baseline-r003-20260818T023050Z,loan_to_aml,2,48,200,19.358000,
baseline,3,3,perf-baseline-r003-20260818T023050Z,loan_to_aml,2,49,200,17.065900,
baseline,3,3,perf-baseline-r003-20260818T023050Z,loan_to_aml,2,50,200,17.479800,
baseline,3,3,perf-baseline-r003-20260818T023050Z,loan_to_aml,2,51,200,16.293100,
baseline,3,3,perf-baseline-r003-20260818T023050Z,loan_to_aml,2,52,200,16.908000,
baseline,3,3,perf-baseline-r003-20260818T023050Z,loan_to_aml,2,53,200,16.017400,
baseline,3,3,perf-baseline-r003-20260818T023050Z,loan_to_aml,2,54,200,17.079400,
baseline,3,3,perf-baseline-r003-20260818T023050Z,loan_to_aml,2,55,200,15.760800,
baseline,3,3,perf-baseline-r003-20260818T023050Z,loan_to_aml,2,56,200,16.188600,
baseline,3,3,perf-baseline-r003-20260818T023050Z,loan_to_aml,2,57,200,16.971200,
baseline,3,3,perf-baseline-r003-20260818T023050Z,loan_to_aml,2,58,200,16.152900,
baseline,3,3,perf-baseline-r003-20260818T023050Z,loan_to_aml,2,59,200,16.451100,
baseline,3,3,perf-baseline-r003-20260818T023050Z,loan_to_aml,2,60,200,15.878600,
baseline,3,3,perf-baseline-r003-20260818T023050Z,loan_to_aml,2,61,200,16.067500,
baseline,3,3,perf-baseline-r003-20260818T023050Z,loan_to_aml,2,62,200,16.048600,
baseline,3,3,perf-baseline-r003-20260818T023050Z,loan_to_aml,2,63,200,16.086800,
baseline,3,3,perf-baseline-r003-20260818T023050Z,loan_to_aml,2,64,200,16.980300,
baseline,3,3,perf-baseline-r003-20260818T023050Z,loan_to_aml,2,65,200,16.094600,
baseline,3,3,perf-baseline-r003-20260818T023050Z,loan_to_aml,2,66,200,15.568800,
baseline,3,3,perf-baseline-r003-20260818T023050Z,loan_to_aml,2,67,200,16.041100,
baseline,3,3,perf-baseline-r003-20260818T023050Z,loan_to_aml,2,68,200,16.095400,
baseline,3,3,perf-baseline-r003-20260818T023050Z,loan_to_aml,2,69,200,17.859300,
baseline,3,3,perf-baseline-r003-20260818T023050Z,loan_to_aml,2,70,200,16.054400,
baseline,3,3,perf-baseline-r003-20260818T023050Z,loan_to_aml,2,71,200,16.155800,
baseline,3,3,perf-baseline-r003-20260818T023050Z,loan_to_aml,2,72,200,16.380300,
baseline,3,3,perf-baseline-r003-20260818T023050Z,loan_to_aml,2,73,200,15.654200,
baseline,3,3,perf-baseline-r003-20260818T023050Z,loan_to_aml,2,74,200,16.693800,
baseline,3,3,perf-baseline-r003-20260818T023050Z,loan_to_aml,2,75,200,17.191400,
baseline,3,3,perf-baseline-r003-20260818T023050Z,loan_to_aml,2,76,200,15.998300,
baseline,3,3,perf-baseline-r003-20260818T023050Z,loan_to_aml,2,77,200,17.864300,
baseline,3,3,perf-baseline-r003-20260818T023050Z,loan_to_aml,2,78,200,15.976700,
baseline,3,3,perf-baseline-r003-20260818T023050Z,loan_to_aml,2,79,200,18.360100,
baseline,3,3,perf-baseline-r003-20260818T023050Z,loan_to_aml,2,80,200,20.363000,
baseline,3,3,perf-baseline-r003-20260818T023050Z,loan_to_aml,2,81,200,19.142100,
baseline,3,3,perf-baseline-r003-20260818T023050Z,loan_to_aml,2,82,200,19.582200,
baseline,3,3,perf-baseline-r003-20260818T023050Z,loan_to_aml,2,83,200,18.055000,
baseline,3,3,perf-baseline-r003-20260818T023050Z,loan_to_aml,2,84,200,16.575700,
baseline,3,3,perf-baseline-r003-20260818T023050Z,loan_to_aml,2,85,200,17.926200,
baseline,3,3,perf-baseline-r003-20260818T023050Z,loan_to_aml,2,86,200,17.180300,
baseline,3,3,perf-baseline-r003-20260818T023050Z,loan_to_aml,2,87,200,18.150600,
baseline,3,3,perf-baseline-r003-20260818T023050Z,loan_to_aml,2,88,200,16.904200,
baseline,3,3,perf-baseline-r003-20260818T023050Z,loan_to_aml,2,89,200,17.092500,
baseline,3,3,perf-baseline-r003-20260818T023050Z,loan_to_aml,2,90,200,16.269500,
baseline,3,3,perf-baseline-r003-20260818T023050Z,loan_to_aml,2,91,200,16.342600,
baseline,3,3,perf-baseline-r003-20260818T023050Z,loan_to_aml,2,92,200,16.843000,
baseline,3,3,perf-baseline-r003-20260818T023050Z,loan_to_aml,2,93,200,16.683500,
baseline,3,3,perf-baseline-r003-20260818T023050Z,loan_to_aml,2,94,200,16.211700,
baseline,3,3,perf-baseline-r003-20260818T023050Z,loan_to_aml,2,95,200,17.173800,
baseline,3,3,perf-baseline-r003-20260818T023050Z,loan_to_aml,2,96,200,15.999500,
baseline,3,3,perf-baseline-r003-20260818T023050Z,loan_to_aml,2,97,200,16.812900,
baseline,3,3,perf-baseline-r003-20260818T023050Z,loan_to_aml,2,98,200,15.681800,
baseline,3,3,perf-baseline-r003-20260818T023050Z,loan_to_aml,2,99,200,16.021000,
baseline,3,3,perf-baseline-r003-20260818T023050Z,loan_to_aml,2,100,200,16.469700,
baseline,3,3,perf-baseline-r003-20260818T023050Z,loan_to_aml,2,101,200,16.934900,
baseline,3,3,perf-baseline-r003-20260818T023050Z,loan_to_aml,2,102,200,16.718000,
baseline,3,3,perf-baseline-r003-20260818T023050Z,loan_to_aml,2,103,200,16.115700,
baseline,3,3,perf-baseline-r003-20260818T023050Z,loan_to_aml,2,104,200,16.072800,
baseline,3,3,perf-baseline-r003-20260818T023050Z,loan_to_aml,2,105,200,16.924600,
baseline,3,3,perf-baseline-r003-20260818T023050Z,loan_to_aml,2,106,200,16.868700,
baseline,3,3,perf-baseline-r003-20260818T023050Z,loan_to_aml,2,107,200,17.382700,
baseline,3,3,perf-baseline-r003-20260818T023050Z,loan_to_aml,2,108,200,16.805600,
baseline,3,3,perf-baseline-r003-20260818T023050Z,loan_to_aml,2,109,200,17.188300,
baseline,3,3,perf-baseline-r003-20260818T023050Z,loan_to_aml,2,110,200,16.740800,
baseline,3,3,perf-baseline-r003-20260818T023050Z,loan_to_aml,2,111,200,17.021400,
baseline,3,3,perf-baseline-r003-20260818T023050Z,loan_to_aml,2,112,200,16.783400,
baseline,3,3,perf-baseline-r003-20260818T023050Z,loan_to_aml,2,113,200,17.029900,
baseline,3,3,perf-baseline-r003-20260818T023050Z,loan_to_aml,2,114,200,16.831500,
baseline,3,3,perf-baseline-r003-20260818T023050Z,loan_to_aml,2,115,200,16.223700,
baseline,3,3,perf-baseline-r003-20260818T023050Z,loan_to_aml,2,116,200,17.141600,
baseline,3,3,perf-baseline-r003-20260818T023050Z,loan_to_aml,2,117,200,18.012300,
baseline,3,3,perf-baseline-r003-20260818T023050Z,loan_to_aml,2,118,200,17.056500,
baseline,3,3,perf-baseline-r003-20260818T023050Z,loan_to_aml,2,119,200,17.127300,
baseline,3,3,perf-baseline-r003-20260818T023050Z,loan_to_aml,2,120,200,17.795200,
baseline,3,3,perf-baseline-r003-20260818T023050Z,loan_to_aml,2,121,200,15.941600,
baseline,3,3,perf-baseline-r003-20260818T023050Z,loan_to_aml,2,122,200,15.584100,
baseline,3,3,perf-baseline-r003-20260818T023050Z,loan_to_aml,2,123,200,16.107700,
baseline,3,3,perf-baseline-r003-20260818T023050Z,loan_to_aml,2,124,200,15.656600,
baseline,3,3,perf-baseline-r003-20260818T023050Z,loan_to_aml,2,125,200,15.868200,
baseline,3,3,perf-baseline-r003-20260818T023050Z,loan_to_aml,2,126,200,16.130900,
baseline,3,3,perf-baseline-r003-20260818T023050Z,loan_to_aml,2,127,200,16.214800,
baseline,3,3,perf-baseline-r003-20260818T023050Z,loan_to_aml,2,128,200,15.781100,
baseline,3,3,perf-baseline-r003-20260818T023050Z,loan_to_aml,2,129,200,16.094200,
baseline,3,3,perf-baseline-r003-20260818T023050Z,loan_to_aml,2,130,200,15.656600,
baseline,3,3,perf-baseline-r003-20260818T023050Z,loan_to_aml,2,131,200,15.888000,
baseline,3,3,perf-baseline-r003-20260818T023050Z,loan_to_aml,2,132,200,16.010000,
baseline,3,3,perf-baseline-r003-20260818T023050Z,loan_to_aml,2,133,200,16.264100,
baseline,3,3,perf-baseline-r003-20260818T023050Z,loan_to_aml,2,134,200,15.987400,
baseline,3,3,perf-baseline-r003-20260818T023050Z,loan_to_aml,2,135,200,16.004400,
baseline,3,3,perf-baseline-r003-20260818T023050Z,loan_to_aml,2,136,200,17.008200,
baseline,3,3,perf-baseline-r003-20260818T023050Z,loan_to_aml,2,137,200,16.310300,
baseline,3,3,perf-baseline-r003-20260818T023050Z,loan_to_aml,2,138,200,17.371500,
baseline,3,3,perf-baseline-r003-20260818T023050Z,loan_to_aml,2,139,200,16.453600,
baseline,3,3,perf-baseline-r003-20260818T023050Z,loan_to_aml,2,140,200,17.231000,
baseline,3,3,perf-baseline-r003-20260818T023050Z,loan_to_aml,2,141,200,16.698400,
baseline,3,3,perf-baseline-r003-20260818T023050Z,loan_to_aml,2,142,200,16.419300,
baseline,3,3,perf-baseline-r003-20260818T023050Z,loan_to_aml,2,143,200,16.832200,
baseline,3,3,perf-baseline-r003-20260818T023050Z,loan_to_aml,2,144,200,18.021200,
baseline,3,3,perf-baseline-r003-20260818T023050Z,loan_to_aml,2,145,200,17.648800,
baseline,3,3,perf-baseline-r003-20260818T023050Z,loan_to_aml,2,146,200,17.249300,
baseline,3,3,perf-baseline-r003-20260818T023050Z,loan_to_aml,2,147,200,16.745900,
baseline,3,3,perf-baseline-r003-20260818T023050Z,loan_to_aml,2,148,200,19.510400,
baseline,3,3,perf-baseline-r003-20260818T023050Z,loan_to_aml,2,149,200,18.081400,
baseline,3,3,perf-baseline-r003-20260818T023050Z,loan_to_aml,2,150,200,18.207400,
baseline,3,3,perf-baseline-r003-20260818T023050Z,loan_to_aml,2,151,200,18.418700,
baseline,3,3,perf-baseline-r003-20260818T023050Z,loan_to_aml,2,152,200,18.426700,
baseline,3,3,perf-baseline-r003-20260818T023050Z,loan_to_aml,2,153,200,17.289300,
baseline,3,3,perf-baseline-r003-20260818T023050Z,loan_to_aml,2,154,200,17.129800,
baseline,3,3,perf-baseline-r003-20260818T023050Z,loan_to_aml,2,155,200,19.164700,
baseline,3,3,perf-baseline-r003-20260818T023050Z,loan_to_aml,2,156,200,17.481600,
baseline,3,3,perf-baseline-r003-20260818T023050Z,loan_to_aml,2,157,200,17.166100,
baseline,3,3,perf-baseline-r003-20260818T023050Z,loan_to_aml,2,158,200,16.977900,
baseline,3,3,perf-baseline-r003-20260818T023050Z,loan_to_aml,2,159,200,16.954900,
baseline,3,3,perf-baseline-r003-20260818T023050Z,loan_to_aml,2,160,200,16.724900,
baseline,3,3,perf-baseline-r003-20260818T023050Z,loan_to_aml,2,161,200,15.748600,
baseline,3,3,perf-baseline-r003-20260818T023050Z,loan_to_aml,2,162,200,16.047300,
baseline,3,3,perf-baseline-r003-20260818T023050Z,loan_to_aml,2,163,200,15.193200,
baseline,3,3,perf-baseline-r003-20260818T023050Z,loan_to_aml,2,164,200,16.736700,
baseline,3,3,perf-baseline-r003-20260818T023050Z,loan_to_aml,2,165,200,15.785500,
baseline,3,3,perf-baseline-r003-20260818T023050Z,loan_to_aml,2,166,200,15.278500,
baseline,3,3,perf-baseline-r003-20260818T023050Z,loan_to_aml,2,167,200,15.819700,
baseline,3,3,perf-baseline-r003-20260818T023050Z,loan_to_aml,2,168,200,16.363700,
baseline,3,3,perf-baseline-r003-20260818T023050Z,loan_to_aml,2,169,200,15.637400,
baseline,3,3,perf-baseline-r003-20260818T023050Z,loan_to_aml,2,170,200,15.998700,
baseline,3,3,perf-baseline-r003-20260818T023050Z,loan_to_aml,2,171,200,16.072500,
baseline,3,3,perf-baseline-r003-20260818T023050Z,loan_to_aml,2,172,200,16.621500,
baseline,3,3,perf-baseline-r003-20260818T023050Z,loan_to_aml,2,173,200,16.350100,
baseline,3,3,perf-baseline-r003-20260818T023050Z,loan_to_aml,2,174,200,17.086300,
baseline,3,3,perf-baseline-r003-20260818T023050Z,loan_to_aml,2,175,200,16.026900,
baseline,3,3,perf-baseline-r003-20260818T023050Z,loan_to_aml,2,176,200,17.522800,
baseline,3,3,perf-baseline-r003-20260818T023050Z,loan_to_aml,2,177,200,16.401500,
baseline,3,3,perf-baseline-r003-20260818T023050Z,loan_to_aml,2,178,200,16.332400,
baseline,3,3,perf-baseline-r003-20260818T023050Z,loan_to_aml,2,179,200,15.798600,
baseline,3,3,perf-baseline-r003-20260818T023050Z,loan_to_aml,2,180,200,15.792700,
baseline,3,3,perf-baseline-r003-20260818T023050Z,loan_to_aml,2,181,200,16.045200,
baseline,3,3,perf-baseline-r003-20260818T023050Z,loan_to_aml,2,182,200,15.917700,
baseline,3,3,perf-baseline-r003-20260818T023050Z,loan_to_aml,2,183,200,16.012800,
baseline,3,3,perf-baseline-r003-20260818T023050Z,loan_to_aml,2,184,200,15.640100,
baseline,3,3,perf-baseline-r003-20260818T023050Z,loan_to_aml,2,185,200,16.344800,
baseline,3,3,perf-baseline-r003-20260818T023050Z,loan_to_aml,2,186,200,17.082900,
baseline,3,3,perf-baseline-r003-20260818T023050Z,loan_to_aml,2,187,200,16.927700,
baseline,3,3,perf-baseline-r003-20260818T023050Z,loan_to_aml,2,188,200,16.803100,
baseline,3,3,perf-baseline-r003-20260818T023050Z,loan_to_aml,2,189,200,16.615100,
baseline,3,3,perf-baseline-r003-20260818T023050Z,loan_to_aml,2,190,200,16.867500,
baseline,3,3,perf-baseline-r003-20260818T023050Z,loan_to_aml,2,191,200,16.377000,
baseline,3,3,perf-baseline-r003-20260818T023050Z,loan_to_aml,2,192,200,17.036700,
baseline,3,3,perf-baseline-r003-20260818T023050Z,loan_to_aml,2,193,200,17.358000,
baseline,3,3,perf-baseline-r003-20260818T023050Z,loan_to_aml,2,194,200,16.288600,
baseline,3,3,perf-baseline-r003-20260818T023050Z,loan_to_aml,2,195,200,15.976000,
baseline,3,3,perf-baseline-r003-20260818T023050Z,loan_to_aml,2,196,200,16.314900,
baseline,3,3,perf-baseline-r003-20260818T023050Z,loan_to_aml,2,197,200,17.259300,
baseline,3,3,perf-baseline-r003-20260818T023050Z,loan_to_aml,2,198,200,16.623700,
baseline,3,3,perf-baseline-r003-20260818T023050Z,loan_to_aml,2,199,200,16.907200,
baseline,3,3,perf-baseline-r003-20260818T023050Z,loan_to_aml,2,200,200,15.965100,
baseline,3,3,perf-baseline-r003-20260818T023050Z,loan_to_aml,3,1,200,17.130200,
baseline,3,3,perf-baseline-r003-20260818T023050Z,loan_to_aml,3,2,200,19.635300,
baseline,3,3,perf-baseline-r003-20260818T023050Z,loan_to_aml,3,3,200,17.268400,
baseline,3,3,perf-baseline-r003-20260818T023050Z,loan_to_aml,3,4,200,16.375300,
baseline,3,3,perf-baseline-r003-20260818T023050Z,loan_to_aml,3,5,200,16.899800,
baseline,3,3,perf-baseline-r003-20260818T023050Z,loan_to_aml,3,6,200,17.591700,
baseline,3,3,perf-baseline-r003-20260818T023050Z,loan_to_aml,3,7,200,16.307700,
baseline,3,3,perf-baseline-r003-20260818T023050Z,loan_to_aml,3,8,200,16.694800,
baseline,3,3,perf-baseline-r003-20260818T023050Z,loan_to_aml,3,9,200,16.112900,
baseline,3,3,perf-baseline-r003-20260818T023050Z,loan_to_aml,3,10,200,16.323400,
baseline,3,3,perf-baseline-r003-20260818T023050Z,loan_to_aml,3,11,200,15.883700,
baseline,3,3,perf-baseline-r003-20260818T023050Z,loan_to_aml,3,12,200,16.980600,
baseline,3,3,perf-baseline-r003-20260818T023050Z,loan_to_aml,3,13,200,16.779400,
baseline,3,3,perf-baseline-r003-20260818T023050Z,loan_to_aml,3,14,200,17.152800,
baseline,3,3,perf-baseline-r003-20260818T023050Z,loan_to_aml,3,15,200,16.213900,
baseline,3,3,perf-baseline-r003-20260818T023050Z,loan_to_aml,3,16,200,16.794000,
baseline,3,3,perf-baseline-r003-20260818T023050Z,loan_to_aml,3,17,200,15.440500,
baseline,3,3,perf-baseline-r003-20260818T023050Z,loan_to_aml,3,18,200,16.453000,
baseline,3,3,perf-baseline-r003-20260818T023050Z,loan_to_aml,3,19,200,16.677300,
baseline,3,3,perf-baseline-r003-20260818T023050Z,loan_to_aml,3,20,200,15.968400,
baseline,3,3,perf-baseline-r003-20260818T023050Z,loan_to_aml,3,21,200,16.061900,
baseline,3,3,perf-baseline-r003-20260818T023050Z,loan_to_aml,3,22,200,15.635000,
baseline,3,3,perf-baseline-r003-20260818T023050Z,loan_to_aml,3,23,200,15.843100,
baseline,3,3,perf-baseline-r003-20260818T023050Z,loan_to_aml,3,24,200,16.330400,
baseline,3,3,perf-baseline-r003-20260818T023050Z,loan_to_aml,3,25,200,15.859800,
baseline,3,3,perf-baseline-r003-20260818T023050Z,loan_to_aml,3,26,200,15.653200,
baseline,3,3,perf-baseline-r003-20260818T023050Z,loan_to_aml,3,27,200,15.391900,
baseline,3,3,perf-baseline-r003-20260818T023050Z,loan_to_aml,3,28,200,15.830100,
baseline,3,3,perf-baseline-r003-20260818T023050Z,loan_to_aml,3,29,200,16.110600,
baseline,3,3,perf-baseline-r003-20260818T023050Z,loan_to_aml,3,30,200,16.005300,
baseline,3,3,perf-baseline-r003-20260818T023050Z,loan_to_aml,3,31,200,16.093800,
baseline,3,3,perf-baseline-r003-20260818T023050Z,loan_to_aml,3,32,200,15.938200,
baseline,3,3,perf-baseline-r003-20260818T023050Z,loan_to_aml,3,33,200,19.313400,
baseline,3,3,perf-baseline-r003-20260818T023050Z,loan_to_aml,3,34,200,15.227000,
baseline,3,3,perf-baseline-r003-20260818T023050Z,loan_to_aml,3,35,200,16.145200,
baseline,3,3,perf-baseline-r003-20260818T023050Z,loan_to_aml,3,36,200,16.234500,
baseline,3,3,perf-baseline-r003-20260818T023050Z,loan_to_aml,3,37,200,17.333900,
baseline,3,3,perf-baseline-r003-20260818T023050Z,loan_to_aml,3,38,200,16.786600,
baseline,3,3,perf-baseline-r003-20260818T023050Z,loan_to_aml,3,39,200,16.121700,
baseline,3,3,perf-baseline-r003-20260818T023050Z,loan_to_aml,3,40,200,16.980300,
baseline,3,3,perf-baseline-r003-20260818T023050Z,loan_to_aml,3,41,200,17.690300,
baseline,3,3,perf-baseline-r003-20260818T023050Z,loan_to_aml,3,42,200,17.051600,
baseline,3,3,perf-baseline-r003-20260818T023050Z,loan_to_aml,3,43,200,17.294200,
baseline,3,3,perf-baseline-r003-20260818T023050Z,loan_to_aml,3,44,200,18.028000,
baseline,3,3,perf-baseline-r003-20260818T023050Z,loan_to_aml,3,45,200,16.996700,
baseline,3,3,perf-baseline-r003-20260818T023050Z,loan_to_aml,3,46,200,17.411300,
baseline,3,3,perf-baseline-r003-20260818T023050Z,loan_to_aml,3,47,200,17.744500,
baseline,3,3,perf-baseline-r003-20260818T023050Z,loan_to_aml,3,48,200,17.694300,
baseline,3,3,perf-baseline-r003-20260818T023050Z,loan_to_aml,3,49,200,16.297500,
baseline,3,3,perf-baseline-r003-20260818T023050Z,loan_to_aml,3,50,200,16.327500,
baseline,3,3,perf-baseline-r003-20260818T023050Z,loan_to_aml,3,51,200,18.594000,
baseline,3,3,perf-baseline-r003-20260818T023050Z,loan_to_aml,3,52,200,17.350300,
baseline,3,3,perf-baseline-r003-20260818T023050Z,loan_to_aml,3,53,200,17.277400,
baseline,3,3,perf-baseline-r003-20260818T023050Z,loan_to_aml,3,54,200,17.164900,
baseline,3,3,perf-baseline-r003-20260818T023050Z,loan_to_aml,3,55,200,16.756400,
baseline,3,3,perf-baseline-r003-20260818T023050Z,loan_to_aml,3,56,200,17.218200,
baseline,3,3,perf-baseline-r003-20260818T023050Z,loan_to_aml,3,57,200,16.652100,
baseline,3,3,perf-baseline-r003-20260818T023050Z,loan_to_aml,3,58,200,17.073500,
baseline,3,3,perf-baseline-r003-20260818T023050Z,loan_to_aml,3,59,200,17.261000,
baseline,3,3,perf-baseline-r003-20260818T023050Z,loan_to_aml,3,60,200,16.540300,
baseline,3,3,perf-baseline-r003-20260818T023050Z,loan_to_aml,3,61,200,16.560800,
baseline,3,3,perf-baseline-r003-20260818T023050Z,loan_to_aml,3,62,200,16.164600,
baseline,3,3,perf-baseline-r003-20260818T023050Z,loan_to_aml,3,63,200,19.577300,
baseline,3,3,perf-baseline-r003-20260818T023050Z,loan_to_aml,3,64,200,16.849100,
baseline,3,3,perf-baseline-r003-20260818T023050Z,loan_to_aml,3,65,200,16.863800,
baseline,3,3,perf-baseline-r003-20260818T023050Z,loan_to_aml,3,66,200,17.022600,
baseline,3,3,perf-baseline-r003-20260818T023050Z,loan_to_aml,3,67,200,16.937000,
baseline,3,3,perf-baseline-r003-20260818T023050Z,loan_to_aml,3,68,200,15.349700,
baseline,3,3,perf-baseline-r003-20260818T023050Z,loan_to_aml,3,69,200,16.262700,
baseline,3,3,perf-baseline-r003-20260818T023050Z,loan_to_aml,3,70,200,16.012300,
baseline,3,3,perf-baseline-r003-20260818T023050Z,loan_to_aml,3,71,200,16.040000,
baseline,3,3,perf-baseline-r003-20260818T023050Z,loan_to_aml,3,72,200,16.184900,
baseline,3,3,perf-baseline-r003-20260818T023050Z,loan_to_aml,3,73,200,16.808700,
baseline,3,3,perf-baseline-r003-20260818T023050Z,loan_to_aml,3,74,200,16.167500,
baseline,3,3,perf-baseline-r003-20260818T023050Z,loan_to_aml,3,75,200,15.748400,
baseline,3,3,perf-baseline-r003-20260818T023050Z,loan_to_aml,3,76,200,15.855500,
baseline,3,3,perf-baseline-r003-20260818T023050Z,loan_to_aml,3,77,200,15.650900,
baseline,3,3,perf-baseline-r003-20260818T023050Z,loan_to_aml,3,78,200,14.968300,
baseline,3,3,perf-baseline-r003-20260818T023050Z,loan_to_aml,3,79,200,16.124200,
baseline,3,3,perf-baseline-r003-20260818T023050Z,loan_to_aml,3,80,200,16.390300,
baseline,3,3,perf-baseline-r003-20260818T023050Z,loan_to_aml,3,81,200,15.769500,
baseline,3,3,perf-baseline-r003-20260818T023050Z,loan_to_aml,3,82,200,16.261700,
baseline,3,3,perf-baseline-r003-20260818T023050Z,loan_to_aml,3,83,200,16.081700,
baseline,3,3,perf-baseline-r003-20260818T023050Z,loan_to_aml,3,84,200,16.553800,
baseline,3,3,perf-baseline-r003-20260818T023050Z,loan_to_aml,3,85,200,16.160600,
baseline,3,3,perf-baseline-r003-20260818T023050Z,loan_to_aml,3,86,200,15.501300,
baseline,3,3,perf-baseline-r003-20260818T023050Z,loan_to_aml,3,87,200,16.667400,
baseline,3,3,perf-baseline-r003-20260818T023050Z,loan_to_aml,3,88,200,16.704400,
baseline,3,3,perf-baseline-r003-20260818T023050Z,loan_to_aml,3,89,200,17.255900,
baseline,3,3,perf-baseline-r003-20260818T023050Z,loan_to_aml,3,90,200,16.909100,
baseline,3,3,perf-baseline-r003-20260818T023050Z,loan_to_aml,3,91,200,16.810600,
baseline,3,3,perf-baseline-r003-20260818T023050Z,loan_to_aml,3,92,200,15.982300,
baseline,3,3,perf-baseline-r003-20260818T023050Z,loan_to_aml,3,93,200,16.348900,
baseline,3,3,perf-baseline-r003-20260818T023050Z,loan_to_aml,3,94,200,17.869400,
baseline,3,3,perf-baseline-r003-20260818T023050Z,loan_to_aml,3,95,200,15.900900,
baseline,3,3,perf-baseline-r003-20260818T023050Z,loan_to_aml,3,96,200,17.116000,
baseline,3,3,perf-baseline-r003-20260818T023050Z,loan_to_aml,3,97,200,15.965800,
baseline,3,3,perf-baseline-r003-20260818T023050Z,loan_to_aml,3,98,200,16.909900,
baseline,3,3,perf-baseline-r003-20260818T023050Z,loan_to_aml,3,99,200,16.655700,
baseline,3,3,perf-baseline-r003-20260818T023050Z,loan_to_aml,3,100,200,16.180800,
baseline,3,3,perf-baseline-r003-20260818T023050Z,loan_to_aml,3,101,200,15.812000,
baseline,3,3,perf-baseline-r003-20260818T023050Z,loan_to_aml,3,102,200,17.569100,
baseline,3,3,perf-baseline-r003-20260818T023050Z,loan_to_aml,3,103,200,16.399800,
baseline,3,3,perf-baseline-r003-20260818T023050Z,loan_to_aml,3,104,200,17.310600,
baseline,3,3,perf-baseline-r003-20260818T023050Z,loan_to_aml,3,105,200,15.936400,
baseline,3,3,perf-baseline-r003-20260818T023050Z,loan_to_aml,3,106,200,16.588300,
baseline,3,3,perf-baseline-r003-20260818T023050Z,loan_to_aml,3,107,200,16.299800,
baseline,3,3,perf-baseline-r003-20260818T023050Z,loan_to_aml,3,108,200,16.764400,
baseline,3,3,perf-baseline-r003-20260818T023050Z,loan_to_aml,3,109,200,17.076100,
baseline,3,3,perf-baseline-r003-20260818T023050Z,loan_to_aml,3,110,200,17.122700,
baseline,3,3,perf-baseline-r003-20260818T023050Z,loan_to_aml,3,111,200,17.068000,
baseline,3,3,perf-baseline-r003-20260818T023050Z,loan_to_aml,3,112,200,17.140700,
baseline,3,3,perf-baseline-r003-20260818T023050Z,loan_to_aml,3,113,200,16.454000,
baseline,3,3,perf-baseline-r003-20260818T023050Z,loan_to_aml,3,114,200,16.809700,
baseline,3,3,perf-baseline-r003-20260818T023050Z,loan_to_aml,3,115,200,16.056200,
baseline,3,3,perf-baseline-r003-20260818T023050Z,loan_to_aml,3,116,200,16.074100,
baseline,3,3,perf-baseline-r003-20260818T023050Z,loan_to_aml,3,117,200,16.012200,
baseline,3,3,perf-baseline-r003-20260818T023050Z,loan_to_aml,3,118,200,15.755600,
baseline,3,3,perf-baseline-r003-20260818T023050Z,loan_to_aml,3,119,200,16.117100,
baseline,3,3,perf-baseline-r003-20260818T023050Z,loan_to_aml,3,120,200,15.659000,
baseline,3,3,perf-baseline-r003-20260818T023050Z,loan_to_aml,3,121,200,16.057700,
baseline,3,3,perf-baseline-r003-20260818T023050Z,loan_to_aml,3,122,200,16.082500,
baseline,3,3,perf-baseline-r003-20260818T023050Z,loan_to_aml,3,123,200,15.988700,
baseline,3,3,perf-baseline-r003-20260818T023050Z,loan_to_aml,3,124,200,15.832800,
baseline,3,3,perf-baseline-r003-20260818T023050Z,loan_to_aml,3,125,200,17.448100,
baseline,3,3,perf-baseline-r003-20260818T023050Z,loan_to_aml,3,126,200,16.990100,
baseline,3,3,perf-baseline-r003-20260818T023050Z,loan_to_aml,3,127,200,15.875000,
baseline,3,3,perf-baseline-r003-20260818T023050Z,loan_to_aml,3,128,200,16.209700,
baseline,3,3,perf-baseline-r003-20260818T023050Z,loan_to_aml,3,129,200,15.449100,
baseline,3,3,perf-baseline-r003-20260818T023050Z,loan_to_aml,3,130,200,16.513500,
baseline,3,3,perf-baseline-r003-20260818T023050Z,loan_to_aml,3,131,200,16.572200,
baseline,3,3,perf-baseline-r003-20260818T023050Z,loan_to_aml,3,132,200,15.657400,
baseline,3,3,perf-baseline-r003-20260818T023050Z,loan_to_aml,3,133,200,16.790300,
baseline,3,3,perf-baseline-r003-20260818T023050Z,loan_to_aml,3,134,200,15.449200,
baseline,3,3,perf-baseline-r003-20260818T023050Z,loan_to_aml,3,135,200,16.135700,
baseline,3,3,perf-baseline-r003-20260818T023050Z,loan_to_aml,3,136,200,15.791800,
baseline,3,3,perf-baseline-r003-20260818T023050Z,loan_to_aml,3,137,200,15.934200,
baseline,3,3,perf-baseline-r003-20260818T023050Z,loan_to_aml,3,138,200,19.052600,
baseline,3,3,perf-baseline-r003-20260818T023050Z,loan_to_aml,3,139,200,17.344900,
baseline,3,3,perf-baseline-r003-20260818T023050Z,loan_to_aml,3,140,200,17.898300,
baseline,3,3,perf-baseline-r003-20260818T023050Z,loan_to_aml,3,141,200,16.874300,
baseline,3,3,perf-baseline-r003-20260818T023050Z,loan_to_aml,3,142,200,16.335700,
baseline,3,3,perf-baseline-r003-20260818T023050Z,loan_to_aml,3,143,200,16.651300,
baseline,3,3,perf-baseline-r003-20260818T023050Z,loan_to_aml,3,144,200,16.867900,
baseline,3,3,perf-baseline-r003-20260818T023050Z,loan_to_aml,3,145,200,16.332600,
baseline,3,3,perf-baseline-r003-20260818T023050Z,loan_to_aml,3,146,200,17.926100,
baseline,3,3,perf-baseline-r003-20260818T023050Z,loan_to_aml,3,147,200,17.553700,
baseline,3,3,perf-baseline-r003-20260818T023050Z,loan_to_aml,3,148,200,18.064000,
baseline,3,3,perf-baseline-r003-20260818T023050Z,loan_to_aml,3,149,200,16.114300,
baseline,3,3,perf-baseline-r003-20260818T023050Z,loan_to_aml,3,150,200,16.020600,
baseline,3,3,perf-baseline-r003-20260818T023050Z,loan_to_aml,3,151,200,15.829700,
baseline,3,3,perf-baseline-r003-20260818T023050Z,loan_to_aml,3,152,200,16.498900,
baseline,3,3,perf-baseline-r003-20260818T023050Z,loan_to_aml,3,153,200,17.022000,
baseline,3,3,perf-baseline-r003-20260818T023050Z,loan_to_aml,3,154,200,16.235700,
baseline,3,3,perf-baseline-r003-20260818T023050Z,loan_to_aml,3,155,200,17.307400,
baseline,3,3,perf-baseline-r003-20260818T023050Z,loan_to_aml,3,156,200,15.919000,
baseline,3,3,perf-baseline-r003-20260818T023050Z,loan_to_aml,3,157,200,17.237500,
baseline,3,3,perf-baseline-r003-20260818T023050Z,loan_to_aml,3,158,200,16.811800,
baseline,3,3,perf-baseline-r003-20260818T023050Z,loan_to_aml,3,159,200,16.754400,
baseline,3,3,perf-baseline-r003-20260818T023050Z,loan_to_aml,3,160,200,15.803400,
baseline,3,3,perf-baseline-r003-20260818T023050Z,loan_to_aml,3,161,200,17.699500,
baseline,3,3,perf-baseline-r003-20260818T023050Z,loan_to_aml,3,162,200,16.912100,
baseline,3,3,perf-baseline-r003-20260818T023050Z,loan_to_aml,3,163,200,17.725500,
baseline,3,3,perf-baseline-r003-20260818T023050Z,loan_to_aml,3,164,200,16.696900,
baseline,3,3,perf-baseline-r003-20260818T023050Z,loan_to_aml,3,165,200,16.009200,
baseline,3,3,perf-baseline-r003-20260818T023050Z,loan_to_aml,3,166,200,16.066700,
baseline,3,3,perf-baseline-r003-20260818T023050Z,loan_to_aml,3,167,200,17.075500,
baseline,3,3,perf-baseline-r003-20260818T023050Z,loan_to_aml,3,168,200,17.255800,
baseline,3,3,perf-baseline-r003-20260818T023050Z,loan_to_aml,3,169,200,16.843800,
baseline,3,3,perf-baseline-r003-20260818T023050Z,loan_to_aml,3,170,200,16.034700,
baseline,3,3,perf-baseline-r003-20260818T023050Z,loan_to_aml,3,171,200,16.677200,
baseline,3,3,perf-baseline-r003-20260818T023050Z,loan_to_aml,3,172,200,16.883700,
baseline,3,3,perf-baseline-r003-20260818T023050Z,loan_to_aml,3,173,200,16.040500,
baseline,3,3,perf-baseline-r003-20260818T023050Z,loan_to_aml,3,174,200,16.390200,
baseline,3,3,perf-baseline-r003-20260818T023050Z,loan_to_aml,3,175,200,16.409900,
baseline,3,3,perf-baseline-r003-20260818T023050Z,loan_to_aml,3,176,200,15.936300,
baseline,3,3,perf-baseline-r003-20260818T023050Z,loan_to_aml,3,177,200,16.447800,
baseline,3,3,perf-baseline-r003-20260818T023050Z,loan_to_aml,3,178,200,16.712800,
baseline,3,3,perf-baseline-r003-20260818T023050Z,loan_to_aml,3,179,200,16.280000,
baseline,3,3,perf-baseline-r003-20260818T023050Z,loan_to_aml,3,180,200,15.995400,
baseline,3,3,perf-baseline-r003-20260818T023050Z,loan_to_aml,3,181,200,16.609200,
baseline,3,3,perf-baseline-r003-20260818T023050Z,loan_to_aml,3,182,200,17.786300,
baseline,3,3,perf-baseline-r003-20260818T023050Z,loan_to_aml,3,183,200,19.700500,
baseline,3,3,perf-baseline-r003-20260818T023050Z,loan_to_aml,3,184,200,19.035000,
baseline,3,3,perf-baseline-r003-20260818T023050Z,loan_to_aml,3,185,200,18.451200,
baseline,3,3,perf-baseline-r003-20260818T023050Z,loan_to_aml,3,186,200,19.733000,
baseline,3,3,perf-baseline-r003-20260818T023050Z,loan_to_aml,3,187,200,17.787500,
baseline,3,3,perf-baseline-r003-20260818T023050Z,loan_to_aml,3,188,200,16.789300,
baseline,3,3,perf-baseline-r003-20260818T023050Z,loan_to_aml,3,189,200,16.682000,
baseline,3,3,perf-baseline-r003-20260818T023050Z,loan_to_aml,3,190,200,15.879200,
baseline,3,3,perf-baseline-r003-20260818T023050Z,loan_to_aml,3,191,200,18.025000,
baseline,3,3,perf-baseline-r003-20260818T023050Z,loan_to_aml,3,192,200,18.047200,
baseline,3,3,perf-baseline-r003-20260818T023050Z,loan_to_aml,3,193,200,17.392700,
baseline,3,3,perf-baseline-r003-20260818T023050Z,loan_to_aml,3,194,200,16.615700,
baseline,3,3,perf-baseline-r003-20260818T023050Z,loan_to_aml,3,195,200,16.179200,
baseline,3,3,perf-baseline-r003-20260818T023050Z,loan_to_aml,3,196,200,16.114800,
baseline,3,3,perf-baseline-r003-20260818T023050Z,loan_to_aml,3,197,200,15.568600,
baseline,3,3,perf-baseline-r003-20260818T023050Z,loan_to_aml,3,198,200,16.044600,
baseline,3,3,perf-baseline-r003-20260818T023050Z,loan_to_aml,3,199,200,16.302200,
baseline,3,3,perf-baseline-r003-20260818T023050Z,loan_to_aml,3,200,200,16.230400,
baseline,3,3,perf-baseline-r003-20260818T023050Z,loan_to_approval,1,1,200,15.373900,
baseline,3,3,perf-baseline-r003-20260818T023050Z,loan_to_approval,1,2,200,16.380900,
baseline,3,3,perf-baseline-r003-20260818T023050Z,loan_to_approval,1,3,200,16.220200,
baseline,3,3,perf-baseline-r003-20260818T023050Z,loan_to_approval,1,4,200,16.825400,
baseline,3,3,perf-baseline-r003-20260818T023050Z,loan_to_approval,1,5,200,15.826600,
baseline,3,3,perf-baseline-r003-20260818T023050Z,loan_to_approval,1,6,200,16.066900,
baseline,3,3,perf-baseline-r003-20260818T023050Z,loan_to_approval,1,7,200,16.650600,
baseline,3,3,perf-baseline-r003-20260818T023050Z,loan_to_approval,1,8,200,16.387000,
baseline,3,3,perf-baseline-r003-20260818T023050Z,loan_to_approval,1,9,200,17.555200,
baseline,3,3,perf-baseline-r003-20260818T023050Z,loan_to_approval,1,10,200,18.992900,
baseline,3,3,perf-baseline-r003-20260818T023050Z,loan_to_approval,1,11,200,16.929700,
baseline,3,3,perf-baseline-r003-20260818T023050Z,loan_to_approval,1,12,200,17.436000,
baseline,3,3,perf-baseline-r003-20260818T023050Z,loan_to_approval,1,13,200,16.906800,
baseline,3,3,perf-baseline-r003-20260818T023050Z,loan_to_approval,1,14,200,17.102500,
baseline,3,3,perf-baseline-r003-20260818T023050Z,loan_to_approval,1,15,200,16.246500,
baseline,3,3,perf-baseline-r003-20260818T023050Z,loan_to_approval,1,16,200,17.557400,
baseline,3,3,perf-baseline-r003-20260818T023050Z,loan_to_approval,1,17,200,16.287300,
baseline,3,3,perf-baseline-r003-20260818T023050Z,loan_to_approval,1,18,200,17.673100,
baseline,3,3,perf-baseline-r003-20260818T023050Z,loan_to_approval,1,19,200,16.355000,
baseline,3,3,perf-baseline-r003-20260818T023050Z,loan_to_approval,1,20,200,17.268000,
baseline,3,3,perf-baseline-r003-20260818T023050Z,loan_to_approval,1,21,200,16.415400,
baseline,3,3,perf-baseline-r003-20260818T023050Z,loan_to_approval,1,22,200,17.377800,
baseline,3,3,perf-baseline-r003-20260818T023050Z,loan_to_approval,1,23,200,16.895200,
baseline,3,3,perf-baseline-r003-20260818T023050Z,loan_to_approval,1,24,200,16.982200,
baseline,3,3,perf-baseline-r003-20260818T023050Z,loan_to_approval,1,25,200,18.589900,
baseline,3,3,perf-baseline-r003-20260818T023050Z,loan_to_approval,1,26,200,17.989300,
baseline,3,3,perf-baseline-r003-20260818T023050Z,loan_to_approval,1,27,200,19.847800,
baseline,3,3,perf-baseline-r003-20260818T023050Z,loan_to_approval,1,28,200,17.982000,
baseline,3,3,perf-baseline-r003-20260818T023050Z,loan_to_approval,1,29,200,17.751400,
baseline,3,3,perf-baseline-r003-20260818T023050Z,loan_to_approval,1,30,200,18.103900,
baseline,3,3,perf-baseline-r003-20260818T023050Z,loan_to_approval,1,31,200,17.753600,
baseline,3,3,perf-baseline-r003-20260818T023050Z,loan_to_approval,1,32,200,18.902900,
baseline,3,3,perf-baseline-r003-20260818T023050Z,loan_to_approval,1,33,200,17.893200,
baseline,3,3,perf-baseline-r003-20260818T023050Z,loan_to_approval,1,34,200,18.287500,
baseline,3,3,perf-baseline-r003-20260818T023050Z,loan_to_approval,1,35,200,17.148400,
baseline,3,3,perf-baseline-r003-20260818T023050Z,loan_to_approval,1,36,200,16.716100,
baseline,3,3,perf-baseline-r003-20260818T023050Z,loan_to_approval,1,37,200,17.133300,
baseline,3,3,perf-baseline-r003-20260818T023050Z,loan_to_approval,1,38,200,17.788400,
baseline,3,3,perf-baseline-r003-20260818T023050Z,loan_to_approval,1,39,200,17.957700,
baseline,3,3,perf-baseline-r003-20260818T023050Z,loan_to_approval,1,40,200,17.519900,
baseline,3,3,perf-baseline-r003-20260818T023050Z,loan_to_approval,1,41,200,17.611800,
baseline,3,3,perf-baseline-r003-20260818T023050Z,loan_to_approval,1,42,200,19.249500,
baseline,3,3,perf-baseline-r003-20260818T023050Z,loan_to_approval,1,43,200,17.256500,
baseline,3,3,perf-baseline-r003-20260818T023050Z,loan_to_approval,1,44,200,17.749700,
baseline,3,3,perf-baseline-r003-20260818T023050Z,loan_to_approval,1,45,200,17.350000,
baseline,3,3,perf-baseline-r003-20260818T023050Z,loan_to_approval,1,46,200,16.671800,
baseline,3,3,perf-baseline-r003-20260818T023050Z,loan_to_approval,1,47,200,16.806900,
baseline,3,3,perf-baseline-r003-20260818T023050Z,loan_to_approval,1,48,200,18.020100,
baseline,3,3,perf-baseline-r003-20260818T023050Z,loan_to_approval,1,49,200,17.511200,
baseline,3,3,perf-baseline-r003-20260818T023050Z,loan_to_approval,1,50,200,17.552500,
baseline,3,3,perf-baseline-r003-20260818T023050Z,loan_to_approval,1,51,200,16.769800,
baseline,3,3,perf-baseline-r003-20260818T023050Z,loan_to_approval,1,52,200,16.907500,
baseline,3,3,perf-baseline-r003-20260818T023050Z,loan_to_approval,1,53,200,16.857300,
baseline,3,3,perf-baseline-r003-20260818T023050Z,loan_to_approval,1,54,200,16.972300,
baseline,3,3,perf-baseline-r003-20260818T023050Z,loan_to_approval,1,55,200,17.482300,
baseline,3,3,perf-baseline-r003-20260818T023050Z,loan_to_approval,1,56,200,17.173000,
baseline,3,3,perf-baseline-r003-20260818T023050Z,loan_to_approval,1,57,200,17.020300,
baseline,3,3,perf-baseline-r003-20260818T023050Z,loan_to_approval,1,58,200,16.700500,
baseline,3,3,perf-baseline-r003-20260818T023050Z,loan_to_approval,1,59,200,17.454300,
baseline,3,3,perf-baseline-r003-20260818T023050Z,loan_to_approval,1,60,200,17.252500,
baseline,3,3,perf-baseline-r003-20260818T023050Z,loan_to_approval,1,61,200,17.274100,
baseline,3,3,perf-baseline-r003-20260818T023050Z,loan_to_approval,1,62,200,16.850000,
baseline,3,3,perf-baseline-r003-20260818T023050Z,loan_to_approval,1,63,200,16.897600,
baseline,3,3,perf-baseline-r003-20260818T023050Z,loan_to_approval,1,64,200,16.049500,
baseline,3,3,perf-baseline-r003-20260818T023050Z,loan_to_approval,1,65,200,16.114900,
baseline,3,3,perf-baseline-r003-20260818T023050Z,loan_to_approval,1,66,200,16.921200,
baseline,3,3,perf-baseline-r003-20260818T023050Z,loan_to_approval,1,67,200,16.916000,
baseline,3,3,perf-baseline-r003-20260818T023050Z,loan_to_approval,1,68,200,16.833600,
baseline,3,3,perf-baseline-r003-20260818T023050Z,loan_to_approval,1,69,200,16.316500,
baseline,3,3,perf-baseline-r003-20260818T023050Z,loan_to_approval,1,70,200,18.044100,
baseline,3,3,perf-baseline-r003-20260818T023050Z,loan_to_approval,1,71,200,16.739900,
baseline,3,3,perf-baseline-r003-20260818T023050Z,loan_to_approval,1,72,200,17.222400,
baseline,3,3,perf-baseline-r003-20260818T023050Z,loan_to_approval,1,73,200,17.334500,
baseline,3,3,perf-baseline-r003-20260818T023050Z,loan_to_approval,1,74,200,16.805200,
baseline,3,3,perf-baseline-r003-20260818T023050Z,loan_to_approval,1,75,200,16.704500,
baseline,3,3,perf-baseline-r003-20260818T023050Z,loan_to_approval,1,76,200,17.460600,
baseline,3,3,perf-baseline-r003-20260818T023050Z,loan_to_approval,1,77,200,16.276500,
baseline,3,3,perf-baseline-r003-20260818T023050Z,loan_to_approval,1,78,200,16.014400,
baseline,3,3,perf-baseline-r003-20260818T023050Z,loan_to_approval,1,79,200,15.714800,
baseline,3,3,perf-baseline-r003-20260818T023050Z,loan_to_approval,1,80,200,15.989000,
baseline,3,3,perf-baseline-r003-20260818T023050Z,loan_to_approval,1,81,200,16.340300,
baseline,3,3,perf-baseline-r003-20260818T023050Z,loan_to_approval,1,82,200,15.729100,
baseline,3,3,perf-baseline-r003-20260818T023050Z,loan_to_approval,1,83,200,16.036800,
baseline,3,3,perf-baseline-r003-20260818T023050Z,loan_to_approval,1,84,200,15.991300,
baseline,3,3,perf-baseline-r003-20260818T023050Z,loan_to_approval,1,85,200,15.915800,
baseline,3,3,perf-baseline-r003-20260818T023050Z,loan_to_approval,1,86,200,17.892500,
baseline,3,3,perf-baseline-r003-20260818T023050Z,loan_to_approval,1,87,200,15.910000,
baseline,3,3,perf-baseline-r003-20260818T023050Z,loan_to_approval,1,88,200,15.969400,
baseline,3,3,perf-baseline-r003-20260818T023050Z,loan_to_approval,1,89,200,16.458000,
baseline,3,3,perf-baseline-r003-20260818T023050Z,loan_to_approval,1,90,200,17.111300,
baseline,3,3,perf-baseline-r003-20260818T023050Z,loan_to_approval,1,91,200,16.599300,
baseline,3,3,perf-baseline-r003-20260818T023050Z,loan_to_approval,1,92,200,15.820500,
baseline,3,3,perf-baseline-r003-20260818T023050Z,loan_to_approval,1,93,200,16.661600,
baseline,3,3,perf-baseline-r003-20260818T023050Z,loan_to_approval,1,94,200,16.364200,
baseline,3,3,perf-baseline-r003-20260818T023050Z,loan_to_approval,1,95,200,15.870400,
baseline,3,3,perf-baseline-r003-20260818T023050Z,loan_to_approval,1,96,200,15.964900,
baseline,3,3,perf-baseline-r003-20260818T023050Z,loan_to_approval,1,97,200,16.939600,
baseline,3,3,perf-baseline-r003-20260818T023050Z,loan_to_approval,1,98,200,15.946700,
baseline,3,3,perf-baseline-r003-20260818T023050Z,loan_to_approval,1,99,200,16.646000,
baseline,3,3,perf-baseline-r003-20260818T023050Z,loan_to_approval,1,100,200,16.581400,
baseline,3,3,perf-baseline-r003-20260818T023050Z,loan_to_approval,1,101,200,15.936800,
baseline,3,3,perf-baseline-r003-20260818T023050Z,loan_to_approval,1,102,200,16.983900,
baseline,3,3,perf-baseline-r003-20260818T023050Z,loan_to_approval,1,103,200,16.199100,
baseline,3,3,perf-baseline-r003-20260818T023050Z,loan_to_approval,1,104,200,17.003300,
baseline,3,3,perf-baseline-r003-20260818T023050Z,loan_to_approval,1,105,200,15.667800,
baseline,3,3,perf-baseline-r003-20260818T023050Z,loan_to_approval,1,106,200,15.775600,
baseline,3,3,perf-baseline-r003-20260818T023050Z,loan_to_approval,1,107,200,16.094500,
baseline,3,3,perf-baseline-r003-20260818T023050Z,loan_to_approval,1,108,200,16.501200,
baseline,3,3,perf-baseline-r003-20260818T023050Z,loan_to_approval,1,109,200,15.398400,
baseline,3,3,perf-baseline-r003-20260818T023050Z,loan_to_approval,1,110,200,16.588400,
baseline,3,3,perf-baseline-r003-20260818T023050Z,loan_to_approval,1,111,200,16.738600,
baseline,3,3,perf-baseline-r003-20260818T023050Z,loan_to_approval,1,112,200,15.552300,
baseline,3,3,perf-baseline-r003-20260818T023050Z,loan_to_approval,1,113,200,15.991700,
baseline,3,3,perf-baseline-r003-20260818T023050Z,loan_to_approval,1,114,200,16.010300,
baseline,3,3,perf-baseline-r003-20260818T023050Z,loan_to_approval,1,115,200,15.456700,
baseline,3,3,perf-baseline-r003-20260818T023050Z,loan_to_approval,1,116,200,16.913300,
baseline,3,3,perf-baseline-r003-20260818T023050Z,loan_to_approval,1,117,200,17.413000,
baseline,3,3,perf-baseline-r003-20260818T023050Z,loan_to_approval,1,118,200,16.082700,
baseline,3,3,perf-baseline-r003-20260818T023050Z,loan_to_approval,1,119,200,16.226300,
baseline,3,3,perf-baseline-r003-20260818T023050Z,loan_to_approval,1,120,200,16.259800,
baseline,3,3,perf-baseline-r003-20260818T023050Z,loan_to_approval,1,121,200,16.866600,
baseline,3,3,perf-baseline-r003-20260818T023050Z,loan_to_approval,1,122,200,16.802900,
baseline,3,3,perf-baseline-r003-20260818T023050Z,loan_to_approval,1,123,200,16.770900,
baseline,3,3,perf-baseline-r003-20260818T023050Z,loan_to_approval,1,124,200,16.799700,
baseline,3,3,perf-baseline-r003-20260818T023050Z,loan_to_approval,1,125,200,16.244000,
baseline,3,3,perf-baseline-r003-20260818T023050Z,loan_to_approval,1,126,200,16.787000,
baseline,3,3,perf-baseline-r003-20260818T023050Z,loan_to_approval,1,127,200,16.210700,
baseline,3,3,perf-baseline-r003-20260818T023050Z,loan_to_approval,1,128,200,15.781900,
baseline,3,3,perf-baseline-r003-20260818T023050Z,loan_to_approval,1,129,200,15.980300,
baseline,3,3,perf-baseline-r003-20260818T023050Z,loan_to_approval,1,130,200,16.003900,
baseline,3,3,perf-baseline-r003-20260818T023050Z,loan_to_approval,1,131,200,16.142500,
baseline,3,3,perf-baseline-r003-20260818T023050Z,loan_to_approval,1,132,200,15.840400,
baseline,3,3,perf-baseline-r003-20260818T023050Z,loan_to_approval,1,133,200,16.118000,
baseline,3,3,perf-baseline-r003-20260818T023050Z,loan_to_approval,1,134,200,15.965600,
baseline,3,3,perf-baseline-r003-20260818T023050Z,loan_to_approval,1,135,200,15.912600,
baseline,3,3,perf-baseline-r003-20260818T023050Z,loan_to_approval,1,136,200,15.997000,
baseline,3,3,perf-baseline-r003-20260818T023050Z,loan_to_approval,1,137,200,15.847100,
baseline,3,3,perf-baseline-r003-20260818T023050Z,loan_to_approval,1,138,200,16.049400,
baseline,3,3,perf-baseline-r003-20260818T023050Z,loan_to_approval,1,139,200,16.154300,
baseline,3,3,perf-baseline-r003-20260818T023050Z,loan_to_approval,1,140,200,15.567100,
baseline,3,3,perf-baseline-r003-20260818T023050Z,loan_to_approval,1,141,200,16.353600,
baseline,3,3,perf-baseline-r003-20260818T023050Z,loan_to_approval,1,142,200,16.226500,
baseline,3,3,perf-baseline-r003-20260818T023050Z,loan_to_approval,1,143,200,15.374700,
baseline,3,3,perf-baseline-r003-20260818T023050Z,loan_to_approval,1,144,200,16.271200,
baseline,3,3,perf-baseline-r003-20260818T023050Z,loan_to_approval,1,145,200,15.914200,
baseline,3,3,perf-baseline-r003-20260818T023050Z,loan_to_approval,1,146,200,16.327300,
baseline,3,3,perf-baseline-r003-20260818T023050Z,loan_to_approval,1,147,200,15.971800,
baseline,3,3,perf-baseline-r003-20260818T023050Z,loan_to_approval,1,148,200,15.618800,
baseline,3,3,perf-baseline-r003-20260818T023050Z,loan_to_approval,1,149,200,15.899100,
baseline,3,3,perf-baseline-r003-20260818T023050Z,loan_to_approval,1,150,200,16.414100,
baseline,3,3,perf-baseline-r003-20260818T023050Z,loan_to_approval,1,151,200,15.695000,
baseline,3,3,perf-baseline-r003-20260818T023050Z,loan_to_approval,1,152,200,15.884600,
baseline,3,3,perf-baseline-r003-20260818T023050Z,loan_to_approval,1,153,200,15.233200,
baseline,3,3,perf-baseline-r003-20260818T023050Z,loan_to_approval,1,154,200,15.989900,
baseline,3,3,perf-baseline-r003-20260818T023050Z,loan_to_approval,1,155,200,16.027500,
baseline,3,3,perf-baseline-r003-20260818T023050Z,loan_to_approval,1,156,200,16.854500,
baseline,3,3,perf-baseline-r003-20260818T023050Z,loan_to_approval,1,157,200,15.491500,
baseline,3,3,perf-baseline-r003-20260818T023050Z,loan_to_approval,1,158,200,15.350800,
baseline,3,3,perf-baseline-r003-20260818T023050Z,loan_to_approval,1,159,200,16.459900,
baseline,3,3,perf-baseline-r003-20260818T023050Z,loan_to_approval,1,160,200,16.624700,
baseline,3,3,perf-baseline-r003-20260818T023050Z,loan_to_approval,1,161,200,17.793400,
baseline,3,3,perf-baseline-r003-20260818T023050Z,loan_to_approval,1,162,200,17.157500,
baseline,3,3,perf-baseline-r003-20260818T023050Z,loan_to_approval,1,163,200,15.757100,
baseline,3,3,perf-baseline-r003-20260818T023050Z,loan_to_approval,1,164,200,16.370800,
baseline,3,3,perf-baseline-r003-20260818T023050Z,loan_to_approval,1,165,200,15.745100,
baseline,3,3,perf-baseline-r003-20260818T023050Z,loan_to_approval,1,166,200,16.516800,
baseline,3,3,perf-baseline-r003-20260818T023050Z,loan_to_approval,1,167,200,16.750300,
baseline,3,3,perf-baseline-r003-20260818T023050Z,loan_to_approval,1,168,200,15.800300,
baseline,3,3,perf-baseline-r003-20260818T023050Z,loan_to_approval,1,169,200,16.533600,
baseline,3,3,perf-baseline-r003-20260818T023050Z,loan_to_approval,1,170,200,15.585200,
baseline,3,3,perf-baseline-r003-20260818T023050Z,loan_to_approval,1,171,200,15.798300,
baseline,3,3,perf-baseline-r003-20260818T023050Z,loan_to_approval,1,172,200,16.208600,
baseline,3,3,perf-baseline-r003-20260818T023050Z,loan_to_approval,1,173,200,16.681700,
baseline,3,3,perf-baseline-r003-20260818T023050Z,loan_to_approval,1,174,200,15.848900,
baseline,3,3,perf-baseline-r003-20260818T023050Z,loan_to_approval,1,175,200,16.276700,
baseline,3,3,perf-baseline-r003-20260818T023050Z,loan_to_approval,1,176,200,15.682900,
baseline,3,3,perf-baseline-r003-20260818T023050Z,loan_to_approval,1,177,200,17.126200,
baseline,3,3,perf-baseline-r003-20260818T023050Z,loan_to_approval,1,178,200,15.884600,
baseline,3,3,perf-baseline-r003-20260818T023050Z,loan_to_approval,1,179,200,19.291000,
baseline,3,3,perf-baseline-r003-20260818T023050Z,loan_to_approval,1,180,200,16.631100,
baseline,3,3,perf-baseline-r003-20260818T023050Z,loan_to_approval,1,181,200,16.608600,
baseline,3,3,perf-baseline-r003-20260818T023050Z,loan_to_approval,1,182,200,16.817400,
baseline,3,3,perf-baseline-r003-20260818T023050Z,loan_to_approval,1,183,200,16.040200,
baseline,3,3,perf-baseline-r003-20260818T023050Z,loan_to_approval,1,184,200,15.691600,
baseline,3,3,perf-baseline-r003-20260818T023050Z,loan_to_approval,1,185,200,15.611100,
baseline,3,3,perf-baseline-r003-20260818T023050Z,loan_to_approval,1,186,200,16.311400,
baseline,3,3,perf-baseline-r003-20260818T023050Z,loan_to_approval,1,187,200,16.802600,
baseline,3,3,perf-baseline-r003-20260818T023050Z,loan_to_approval,1,188,200,15.929100,
baseline,3,3,perf-baseline-r003-20260818T023050Z,loan_to_approval,1,189,200,16.945200,
baseline,3,3,perf-baseline-r003-20260818T023050Z,loan_to_approval,1,190,200,15.929200,
baseline,3,3,perf-baseline-r003-20260818T023050Z,loan_to_approval,1,191,200,16.070600,
baseline,3,3,perf-baseline-r003-20260818T023050Z,loan_to_approval,1,192,200,15.915400,
baseline,3,3,perf-baseline-r003-20260818T023050Z,loan_to_approval,1,193,200,17.056200,
baseline,3,3,perf-baseline-r003-20260818T023050Z,loan_to_approval,1,194,200,15.941700,
baseline,3,3,perf-baseline-r003-20260818T023050Z,loan_to_approval,1,195,200,16.883400,
baseline,3,3,perf-baseline-r003-20260818T023050Z,loan_to_approval,1,196,200,15.928300,
baseline,3,3,perf-baseline-r003-20260818T023050Z,loan_to_approval,1,197,200,15.832000,
baseline,3,3,perf-baseline-r003-20260818T023050Z,loan_to_approval,1,198,200,19.800000,
baseline,3,3,perf-baseline-r003-20260818T023050Z,loan_to_approval,1,199,200,17.457400,
baseline,3,3,perf-baseline-r003-20260818T023050Z,loan_to_approval,1,200,200,17.533300,
baseline,3,3,perf-baseline-r003-20260818T023050Z,loan_to_approval,2,1,200,18.892400,
baseline,3,3,perf-baseline-r003-20260818T023050Z,loan_to_approval,2,2,200,18.633000,
baseline,3,3,perf-baseline-r003-20260818T023050Z,loan_to_approval,2,3,200,18.810600,
baseline,3,3,perf-baseline-r003-20260818T023050Z,loan_to_approval,2,4,200,18.267900,
baseline,3,3,perf-baseline-r003-20260818T023050Z,loan_to_approval,2,5,200,23.360900,
baseline,3,3,perf-baseline-r003-20260818T023050Z,loan_to_approval,2,6,200,22.693900,
baseline,3,3,perf-baseline-r003-20260818T023050Z,loan_to_approval,2,7,200,18.860700,
baseline,3,3,perf-baseline-r003-20260818T023050Z,loan_to_approval,2,8,200,18.347800,
baseline,3,3,perf-baseline-r003-20260818T023050Z,loan_to_approval,2,9,200,17.268500,
baseline,3,3,perf-baseline-r003-20260818T023050Z,loan_to_approval,2,10,200,18.184200,
baseline,3,3,perf-baseline-r003-20260818T023050Z,loan_to_approval,2,11,200,18.262200,
baseline,3,3,perf-baseline-r003-20260818T023050Z,loan_to_approval,2,12,200,19.199100,
baseline,3,3,perf-baseline-r003-20260818T023050Z,loan_to_approval,2,13,200,17.995900,
baseline,3,3,perf-baseline-r003-20260818T023050Z,loan_to_approval,2,14,200,17.045900,
baseline,3,3,perf-baseline-r003-20260818T023050Z,loan_to_approval,2,15,200,18.969500,
baseline,3,3,perf-baseline-r003-20260818T023050Z,loan_to_approval,2,16,200,18.450400,
baseline,3,3,perf-baseline-r003-20260818T023050Z,loan_to_approval,2,17,200,19.881200,
baseline,3,3,perf-baseline-r003-20260818T023050Z,loan_to_approval,2,18,200,21.405200,
baseline,3,3,perf-baseline-r003-20260818T023050Z,loan_to_approval,2,19,200,18.850100,
baseline,3,3,perf-baseline-r003-20260818T023050Z,loan_to_approval,2,20,200,20.018600,
baseline,3,3,perf-baseline-r003-20260818T023050Z,loan_to_approval,2,21,200,16.654800,
baseline,3,3,perf-baseline-r003-20260818T023050Z,loan_to_approval,2,22,200,16.334800,
baseline,3,3,perf-baseline-r003-20260818T023050Z,loan_to_approval,2,23,200,16.924600,
baseline,3,3,perf-baseline-r003-20260818T023050Z,loan_to_approval,2,24,200,16.750300,
baseline,3,3,perf-baseline-r003-20260818T023050Z,loan_to_approval,2,25,200,17.525900,
baseline,3,3,perf-baseline-r003-20260818T023050Z,loan_to_approval,2,26,200,19.723400,
baseline,3,3,perf-baseline-r003-20260818T023050Z,loan_to_approval,2,27,200,19.719200,
baseline,3,3,perf-baseline-r003-20260818T023050Z,loan_to_approval,2,28,200,18.175700,
baseline,3,3,perf-baseline-r003-20260818T023050Z,loan_to_approval,2,29,200,18.599100,
baseline,3,3,perf-baseline-r003-20260818T023050Z,loan_to_approval,2,30,200,19.240200,
baseline,3,3,perf-baseline-r003-20260818T023050Z,loan_to_approval,2,31,200,19.974800,
baseline,3,3,perf-baseline-r003-20260818T023050Z,loan_to_approval,2,32,200,18.695800,
baseline,3,3,perf-baseline-r003-20260818T023050Z,loan_to_approval,2,33,200,17.500700,
baseline,3,3,perf-baseline-r003-20260818T023050Z,loan_to_approval,2,34,200,17.216300,
baseline,3,3,perf-baseline-r003-20260818T023050Z,loan_to_approval,2,35,200,16.707000,
baseline,3,3,perf-baseline-r003-20260818T023050Z,loan_to_approval,2,36,200,16.879000,
baseline,3,3,perf-baseline-r003-20260818T023050Z,loan_to_approval,2,37,200,17.083900,
baseline,3,3,perf-baseline-r003-20260818T023050Z,loan_to_approval,2,38,200,17.234200,
baseline,3,3,perf-baseline-r003-20260818T023050Z,loan_to_approval,2,39,200,16.431800,
baseline,3,3,perf-baseline-r003-20260818T023050Z,loan_to_approval,2,40,200,16.013800,
baseline,3,3,perf-baseline-r003-20260818T023050Z,loan_to_approval,2,41,200,16.307900,
baseline,3,3,perf-baseline-r003-20260818T023050Z,loan_to_approval,2,42,200,16.457500,
baseline,3,3,perf-baseline-r003-20260818T023050Z,loan_to_approval,2,43,200,19.134900,
baseline,3,3,perf-baseline-r003-20260818T023050Z,loan_to_approval,2,44,200,16.787200,
baseline,3,3,perf-baseline-r003-20260818T023050Z,loan_to_approval,2,45,200,17.077200,
baseline,3,3,perf-baseline-r003-20260818T023050Z,loan_to_approval,2,46,200,16.733700,
baseline,3,3,perf-baseline-r003-20260818T023050Z,loan_to_approval,2,47,200,17.186800,
baseline,3,3,perf-baseline-r003-20260818T023050Z,loan_to_approval,2,48,200,15.965700,
baseline,3,3,perf-baseline-r003-20260818T023050Z,loan_to_approval,2,49,200,16.242600,
baseline,3,3,perf-baseline-r003-20260818T023050Z,loan_to_approval,2,50,200,15.445500,
baseline,3,3,perf-baseline-r003-20260818T023050Z,loan_to_approval,2,51,200,15.241700,
baseline,3,3,perf-baseline-r003-20260818T023050Z,loan_to_approval,2,52,200,15.887400,
baseline,3,3,perf-baseline-r003-20260818T023050Z,loan_to_approval,2,53,200,16.198400,
baseline,3,3,perf-baseline-r003-20260818T023050Z,loan_to_approval,2,54,200,16.997800,
baseline,3,3,perf-baseline-r003-20260818T023050Z,loan_to_approval,2,55,200,15.977000,
baseline,3,3,perf-baseline-r003-20260818T023050Z,loan_to_approval,2,56,200,15.941700,
baseline,3,3,perf-baseline-r003-20260818T023050Z,loan_to_approval,2,57,200,16.408500,
baseline,3,3,perf-baseline-r003-20260818T023050Z,loan_to_approval,2,58,200,16.679700,
baseline,3,3,perf-baseline-r003-20260818T023050Z,loan_to_approval,2,59,200,16.520600,
baseline,3,3,perf-baseline-r003-20260818T023050Z,loan_to_approval,2,60,200,16.426000,
baseline,3,3,perf-baseline-r003-20260818T023050Z,loan_to_approval,2,61,200,16.386900,
baseline,3,3,perf-baseline-r003-20260818T023050Z,loan_to_approval,2,62,200,20.707200,
baseline,3,3,perf-baseline-r003-20260818T023050Z,loan_to_approval,2,63,200,18.048000,
baseline,3,3,perf-baseline-r003-20260818T023050Z,loan_to_approval,2,64,200,18.882000,
baseline,3,3,perf-baseline-r003-20260818T023050Z,loan_to_approval,2,65,200,21.057000,
baseline,3,3,perf-baseline-r003-20260818T023050Z,loan_to_approval,2,66,200,20.130900,
baseline,3,3,perf-baseline-r003-20260818T023050Z,loan_to_approval,2,67,200,18.225600,
baseline,3,3,perf-baseline-r003-20260818T023050Z,loan_to_approval,2,68,200,17.284600,
baseline,3,3,perf-baseline-r003-20260818T023050Z,loan_to_approval,2,69,200,19.123900,
baseline,3,3,perf-baseline-r003-20260818T023050Z,loan_to_approval,2,70,200,18.062800,
baseline,3,3,perf-baseline-r003-20260818T023050Z,loan_to_approval,2,71,200,17.934600,
baseline,3,3,perf-baseline-r003-20260818T023050Z,loan_to_approval,2,72,200,15.738100,
baseline,3,3,perf-baseline-r003-20260818T023050Z,loan_to_approval,2,73,200,16.441600,
baseline,3,3,perf-baseline-r003-20260818T023050Z,loan_to_approval,2,74,200,16.544400,
baseline,3,3,perf-baseline-r003-20260818T023050Z,loan_to_approval,2,75,200,17.090500,
baseline,3,3,perf-baseline-r003-20260818T023050Z,loan_to_approval,2,76,200,16.095600,
baseline,3,3,perf-baseline-r003-20260818T023050Z,loan_to_approval,2,77,200,15.859100,
baseline,3,3,perf-baseline-r003-20260818T023050Z,loan_to_approval,2,78,200,15.871300,
baseline,3,3,perf-baseline-r003-20260818T023050Z,loan_to_approval,2,79,200,16.268700,
baseline,3,3,perf-baseline-r003-20260818T023050Z,loan_to_approval,2,80,200,17.050700,
baseline,3,3,perf-baseline-r003-20260818T023050Z,loan_to_approval,2,81,200,16.830200,
baseline,3,3,perf-baseline-r003-20260818T023050Z,loan_to_approval,2,82,200,16.307100,
baseline,3,3,perf-baseline-r003-20260818T023050Z,loan_to_approval,2,83,200,16.441900,
baseline,3,3,perf-baseline-r003-20260818T023050Z,loan_to_approval,2,84,200,15.822000,
baseline,3,3,perf-baseline-r003-20260818T023050Z,loan_to_approval,2,85,200,17.256600,
baseline,3,3,perf-baseline-r003-20260818T023050Z,loan_to_approval,2,86,200,17.124700,
baseline,3,3,perf-baseline-r003-20260818T023050Z,loan_to_approval,2,87,200,17.260500,
baseline,3,3,perf-baseline-r003-20260818T023050Z,loan_to_approval,2,88,200,16.400700,
baseline,3,3,perf-baseline-r003-20260818T023050Z,loan_to_approval,2,89,200,16.225900,
baseline,3,3,perf-baseline-r003-20260818T023050Z,loan_to_approval,2,90,200,16.775000,
baseline,3,3,perf-baseline-r003-20260818T023050Z,loan_to_approval,2,91,200,15.865700,
baseline,3,3,perf-baseline-r003-20260818T023050Z,loan_to_approval,2,92,200,15.783400,
baseline,3,3,perf-baseline-r003-20260818T023050Z,loan_to_approval,2,93,200,16.178300,
baseline,3,3,perf-baseline-r003-20260818T023050Z,loan_to_approval,2,94,200,16.230700,
baseline,3,3,perf-baseline-r003-20260818T023050Z,loan_to_approval,2,95,200,15.877500,
baseline,3,3,perf-baseline-r003-20260818T023050Z,loan_to_approval,2,96,200,15.773300,
baseline,3,3,perf-baseline-r003-20260818T023050Z,loan_to_approval,2,97,200,15.841500,
baseline,3,3,perf-baseline-r003-20260818T023050Z,loan_to_approval,2,98,200,15.902100,
baseline,3,3,perf-baseline-r003-20260818T023050Z,loan_to_approval,2,99,200,16.228200,
baseline,3,3,perf-baseline-r003-20260818T023050Z,loan_to_approval,2,100,200,16.057100,
baseline,3,3,perf-baseline-r003-20260818T023050Z,loan_to_approval,2,101,200,16.020700,
baseline,3,3,perf-baseline-r003-20260818T023050Z,loan_to_approval,2,102,200,15.594200,
baseline,3,3,perf-baseline-r003-20260818T023050Z,loan_to_approval,2,103,200,16.204000,
baseline,3,3,perf-baseline-r003-20260818T023050Z,loan_to_approval,2,104,200,15.767800,
baseline,3,3,perf-baseline-r003-20260818T023050Z,loan_to_approval,2,105,200,16.226400,
baseline,3,3,perf-baseline-r003-20260818T023050Z,loan_to_approval,2,106,200,15.826200,
baseline,3,3,perf-baseline-r003-20260818T023050Z,loan_to_approval,2,107,200,15.954000,
baseline,3,3,perf-baseline-r003-20260818T023050Z,loan_to_approval,2,108,200,16.182200,
baseline,3,3,perf-baseline-r003-20260818T023050Z,loan_to_approval,2,109,200,15.953500,
baseline,3,3,perf-baseline-r003-20260818T023050Z,loan_to_approval,2,110,200,17.577500,
baseline,3,3,perf-baseline-r003-20260818T023050Z,loan_to_approval,2,111,200,15.297000,
baseline,3,3,perf-baseline-r003-20260818T023050Z,loan_to_approval,2,112,200,16.066600,
baseline,3,3,perf-baseline-r003-20260818T023050Z,loan_to_approval,2,113,200,16.238000,
baseline,3,3,perf-baseline-r003-20260818T023050Z,loan_to_approval,2,114,200,15.775600,
baseline,3,3,perf-baseline-r003-20260818T023050Z,loan_to_approval,2,115,200,17.170800,
baseline,3,3,perf-baseline-r003-20260818T023050Z,loan_to_approval,2,116,200,16.021600,
baseline,3,3,perf-baseline-r003-20260818T023050Z,loan_to_approval,2,117,200,15.659500,
baseline,3,3,perf-baseline-r003-20260818T023050Z,loan_to_approval,2,118,200,16.055600,
baseline,3,3,perf-baseline-r003-20260818T023050Z,loan_to_approval,2,119,200,16.090400,
baseline,3,3,perf-baseline-r003-20260818T023050Z,loan_to_approval,2,120,200,16.996800,
baseline,3,3,perf-baseline-r003-20260818T023050Z,loan_to_approval,2,121,200,17.099700,
baseline,3,3,perf-baseline-r003-20260818T023050Z,loan_to_approval,2,122,200,16.543100,
baseline,3,3,perf-baseline-r003-20260818T023050Z,loan_to_approval,2,123,200,16.311500,
baseline,3,3,perf-baseline-r003-20260818T023050Z,loan_to_approval,2,124,200,20.746400,
baseline,3,3,perf-baseline-r003-20260818T023050Z,loan_to_approval,2,125,200,18.212500,
baseline,3,3,perf-baseline-r003-20260818T023050Z,loan_to_approval,2,126,200,18.647500,
baseline,3,3,perf-baseline-r003-20260818T023050Z,loan_to_approval,2,127,200,19.170000,
baseline,3,3,perf-baseline-r003-20260818T023050Z,loan_to_approval,2,128,200,18.221900,
baseline,3,3,perf-baseline-r003-20260818T023050Z,loan_to_approval,2,129,200,16.848700,
baseline,3,3,perf-baseline-r003-20260818T023050Z,loan_to_approval,2,130,200,15.669400,
baseline,3,3,perf-baseline-r003-20260818T023050Z,loan_to_approval,2,131,200,16.329900,
baseline,3,3,perf-baseline-r003-20260818T023050Z,loan_to_approval,2,132,200,17.064400,
baseline,3,3,perf-baseline-r003-20260818T023050Z,loan_to_approval,2,133,200,16.633300,
baseline,3,3,perf-baseline-r003-20260818T023050Z,loan_to_approval,2,134,200,16.280000,
baseline,3,3,perf-baseline-r003-20260818T023050Z,loan_to_approval,2,135,200,16.940900,
baseline,3,3,perf-baseline-r003-20260818T023050Z,loan_to_approval,2,136,200,17.309300,
baseline,3,3,perf-baseline-r003-20260818T023050Z,loan_to_approval,2,137,200,16.665500,
baseline,3,3,perf-baseline-r003-20260818T023050Z,loan_to_approval,2,138,200,16.661900,
baseline,3,3,perf-baseline-r003-20260818T023050Z,loan_to_approval,2,139,200,17.720400,
baseline,3,3,perf-baseline-r003-20260818T023050Z,loan_to_approval,2,140,200,16.968300,
baseline,3,3,perf-baseline-r003-20260818T023050Z,loan_to_approval,2,141,200,16.634400,
baseline,3,3,perf-baseline-r003-20260818T023050Z,loan_to_approval,2,142,200,15.507300,
baseline,3,3,perf-baseline-r003-20260818T023050Z,loan_to_approval,2,143,200,16.402500,
baseline,3,3,perf-baseline-r003-20260818T023050Z,loan_to_approval,2,144,200,16.658700,
baseline,3,3,perf-baseline-r003-20260818T023050Z,loan_to_approval,2,145,200,15.610600,
baseline,3,3,perf-baseline-r003-20260818T023050Z,loan_to_approval,2,146,200,15.206300,
baseline,3,3,perf-baseline-r003-20260818T023050Z,loan_to_approval,2,147,200,16.291600,
baseline,3,3,perf-baseline-r003-20260818T023050Z,loan_to_approval,2,148,200,16.071300,
baseline,3,3,perf-baseline-r003-20260818T023050Z,loan_to_approval,2,149,200,15.716900,
baseline,3,3,perf-baseline-r003-20260818T023050Z,loan_to_approval,2,150,200,16.087500,
baseline,3,3,perf-baseline-r003-20260818T023050Z,loan_to_approval,2,151,200,15.882100,
baseline,3,3,perf-baseline-r003-20260818T023050Z,loan_to_approval,2,152,200,16.118400,
baseline,3,3,perf-baseline-r003-20260818T023050Z,loan_to_approval,2,153,200,15.911300,
baseline,3,3,perf-baseline-r003-20260818T023050Z,loan_to_approval,2,154,200,14.982300,
baseline,3,3,perf-baseline-r003-20260818T023050Z,loan_to_approval,2,155,200,14.852100,
baseline,3,3,perf-baseline-r003-20260818T023050Z,loan_to_approval,2,156,200,16.151400,
baseline,3,3,perf-baseline-r003-20260818T023050Z,loan_to_approval,2,157,200,15.690900,
baseline,3,3,perf-baseline-r003-20260818T023050Z,loan_to_approval,2,158,200,16.437700,
baseline,3,3,perf-baseline-r003-20260818T023050Z,loan_to_approval,2,159,200,15.799300,
baseline,3,3,perf-baseline-r003-20260818T023050Z,loan_to_approval,2,160,200,16.563700,
baseline,3,3,perf-baseline-r003-20260818T023050Z,loan_to_approval,2,161,200,16.496900,
baseline,3,3,perf-baseline-r003-20260818T023050Z,loan_to_approval,2,162,200,16.104800,
baseline,3,3,perf-baseline-r003-20260818T023050Z,loan_to_approval,2,163,200,17.052200,
baseline,3,3,perf-baseline-r003-20260818T023050Z,loan_to_approval,2,164,200,17.558800,
baseline,3,3,perf-baseline-r003-20260818T023050Z,loan_to_approval,2,165,200,16.722400,
baseline,3,3,perf-baseline-r003-20260818T023050Z,loan_to_approval,2,166,200,16.585700,
baseline,3,3,perf-baseline-r003-20260818T023050Z,loan_to_approval,2,167,200,15.749600,
baseline,3,3,perf-baseline-r003-20260818T023050Z,loan_to_approval,2,168,200,17.573200,
baseline,3,3,perf-baseline-r003-20260818T023050Z,loan_to_approval,2,169,200,17.019500,
baseline,3,3,perf-baseline-r003-20260818T023050Z,loan_to_approval,2,170,200,16.211900,
baseline,3,3,perf-baseline-r003-20260818T023050Z,loan_to_approval,2,171,200,16.420000,
baseline,3,3,perf-baseline-r003-20260818T023050Z,loan_to_approval,2,172,200,17.159900,
baseline,3,3,perf-baseline-r003-20260818T023050Z,loan_to_approval,2,173,200,17.013500,
baseline,3,3,perf-baseline-r003-20260818T023050Z,loan_to_approval,2,174,200,16.519300,
baseline,3,3,perf-baseline-r003-20260818T023050Z,loan_to_approval,2,175,200,17.127400,
baseline,3,3,perf-baseline-r003-20260818T023050Z,loan_to_approval,2,176,200,17.416900,
baseline,3,3,perf-baseline-r003-20260818T023050Z,loan_to_approval,2,177,200,16.475800,
baseline,3,3,perf-baseline-r003-20260818T023050Z,loan_to_approval,2,178,200,17.361900,
baseline,3,3,perf-baseline-r003-20260818T023050Z,loan_to_approval,2,179,200,17.012500,
baseline,3,3,perf-baseline-r003-20260818T023050Z,loan_to_approval,2,180,200,16.676600,
baseline,3,3,perf-baseline-r003-20260818T023050Z,loan_to_approval,2,181,200,17.688000,
baseline,3,3,perf-baseline-r003-20260818T023050Z,loan_to_approval,2,182,200,17.422400,
baseline,3,3,perf-baseline-r003-20260818T023050Z,loan_to_approval,2,183,200,17.198500,
baseline,3,3,perf-baseline-r003-20260818T023050Z,loan_to_approval,2,184,200,18.010100,
baseline,3,3,perf-baseline-r003-20260818T023050Z,loan_to_approval,2,185,200,16.524700,
baseline,3,3,perf-baseline-r003-20260818T023050Z,loan_to_approval,2,186,200,17.242900,
baseline,3,3,perf-baseline-r003-20260818T023050Z,loan_to_approval,2,187,200,15.973200,
baseline,3,3,perf-baseline-r003-20260818T023050Z,loan_to_approval,2,188,200,16.949900,
baseline,3,3,perf-baseline-r003-20260818T023050Z,loan_to_approval,2,189,200,17.040000,
baseline,3,3,perf-baseline-r003-20260818T023050Z,loan_to_approval,2,190,200,17.579700,
baseline,3,3,perf-baseline-r003-20260818T023050Z,loan_to_approval,2,191,200,17.020700,
baseline,3,3,perf-baseline-r003-20260818T023050Z,loan_to_approval,2,192,200,16.628200,
baseline,3,3,perf-baseline-r003-20260818T023050Z,loan_to_approval,2,193,200,15.995800,
baseline,3,3,perf-baseline-r003-20260818T023050Z,loan_to_approval,2,194,200,15.773900,
baseline,3,3,perf-baseline-r003-20260818T023050Z,loan_to_approval,2,195,200,16.301100,
baseline,3,3,perf-baseline-r003-20260818T023050Z,loan_to_approval,2,196,200,15.686700,
baseline,3,3,perf-baseline-r003-20260818T023050Z,loan_to_approval,2,197,200,16.304000,
baseline,3,3,perf-baseline-r003-20260818T023050Z,loan_to_approval,2,198,200,15.729000,
baseline,3,3,perf-baseline-r003-20260818T023050Z,loan_to_approval,2,199,200,16.471600,
baseline,3,3,perf-baseline-r003-20260818T023050Z,loan_to_approval,2,200,200,16.967400,
baseline,3,3,perf-baseline-r003-20260818T023050Z,loan_to_approval,3,1,200,15.930100,
baseline,3,3,perf-baseline-r003-20260818T023050Z,loan_to_approval,3,2,200,15.679000,
baseline,3,3,perf-baseline-r003-20260818T023050Z,loan_to_approval,3,3,200,16.214800,
baseline,3,3,perf-baseline-r003-20260818T023050Z,loan_to_approval,3,4,200,15.959900,
baseline,3,3,perf-baseline-r003-20260818T023050Z,loan_to_approval,3,5,200,15.840200,
baseline,3,3,perf-baseline-r003-20260818T023050Z,loan_to_approval,3,6,200,15.716000,
baseline,3,3,perf-baseline-r003-20260818T023050Z,loan_to_approval,3,7,200,15.958000,
baseline,3,3,perf-baseline-r003-20260818T023050Z,loan_to_approval,3,8,200,15.822500,
baseline,3,3,perf-baseline-r003-20260818T023050Z,loan_to_approval,3,9,200,16.176700,
baseline,3,3,perf-baseline-r003-20260818T023050Z,loan_to_approval,3,10,200,14.938100,
baseline,3,3,perf-baseline-r003-20260818T023050Z,loan_to_approval,3,11,200,16.382400,
baseline,3,3,perf-baseline-r003-20260818T023050Z,loan_to_approval,3,12,200,15.593000,
baseline,3,3,perf-baseline-r003-20260818T023050Z,loan_to_approval,3,13,200,16.128900,
baseline,3,3,perf-baseline-r003-20260818T023050Z,loan_to_approval,3,14,200,16.094200,
baseline,3,3,perf-baseline-r003-20260818T023050Z,loan_to_approval,3,15,200,15.729700,
baseline,3,3,perf-baseline-r003-20260818T023050Z,loan_to_approval,3,16,200,16.489400,
baseline,3,3,perf-baseline-r003-20260818T023050Z,loan_to_approval,3,17,200,16.750000,
baseline,3,3,perf-baseline-r003-20260818T023050Z,loan_to_approval,3,18,200,16.800500,
baseline,3,3,perf-baseline-r003-20260818T023050Z,loan_to_approval,3,19,200,15.866400,
baseline,3,3,perf-baseline-r003-20260818T023050Z,loan_to_approval,3,20,200,16.216200,
baseline,3,3,perf-baseline-r003-20260818T023050Z,loan_to_approval,3,21,200,17.111300,
baseline,3,3,perf-baseline-r003-20260818T023050Z,loan_to_approval,3,22,200,16.071600,
baseline,3,3,perf-baseline-r003-20260818T023050Z,loan_to_approval,3,23,200,15.713800,
baseline,3,3,perf-baseline-r003-20260818T023050Z,loan_to_approval,3,24,200,15.969600,
baseline,3,3,perf-baseline-r003-20260818T023050Z,loan_to_approval,3,25,200,16.020000,
baseline,3,3,perf-baseline-r003-20260818T023050Z,loan_to_approval,3,26,200,15.924600,
baseline,3,3,perf-baseline-r003-20260818T023050Z,loan_to_approval,3,27,200,16.014600,
baseline,3,3,perf-baseline-r003-20260818T023050Z,loan_to_approval,3,28,200,16.158400,
baseline,3,3,perf-baseline-r003-20260818T023050Z,loan_to_approval,3,29,200,15.897600,
baseline,3,3,perf-baseline-r003-20260818T023050Z,loan_to_approval,3,30,200,16.132000,
baseline,3,3,perf-baseline-r003-20260818T023050Z,loan_to_approval,3,31,200,15.837300,
baseline,3,3,perf-baseline-r003-20260818T023050Z,loan_to_approval,3,32,200,15.912800,
baseline,3,3,perf-baseline-r003-20260818T023050Z,loan_to_approval,3,33,200,16.365600,
baseline,3,3,perf-baseline-r003-20260818T023050Z,loan_to_approval,3,34,200,15.434800,
baseline,3,3,perf-baseline-r003-20260818T023050Z,loan_to_approval,3,35,200,16.343800,
baseline,3,3,perf-baseline-r003-20260818T023050Z,loan_to_approval,3,36,200,15.916300,
baseline,3,3,perf-baseline-r003-20260818T023050Z,loan_to_approval,3,37,200,16.128600,
baseline,3,3,perf-baseline-r003-20260818T023050Z,loan_to_approval,3,38,200,16.828200,
baseline,3,3,perf-baseline-r003-20260818T023050Z,loan_to_approval,3,39,200,15.639800,
baseline,3,3,perf-baseline-r003-20260818T023050Z,loan_to_approval,3,40,200,16.158800,
baseline,3,3,perf-baseline-r003-20260818T023050Z,loan_to_approval,3,41,200,15.753500,
baseline,3,3,perf-baseline-r003-20260818T023050Z,loan_to_approval,3,42,200,16.234700,
baseline,3,3,perf-baseline-r003-20260818T023050Z,loan_to_approval,3,43,200,15.953400,
baseline,3,3,perf-baseline-r003-20260818T023050Z,loan_to_approval,3,44,200,15.930900,
baseline,3,3,perf-baseline-r003-20260818T023050Z,loan_to_approval,3,45,200,16.050900,
baseline,3,3,perf-baseline-r003-20260818T023050Z,loan_to_approval,3,46,200,15.904900,
baseline,3,3,perf-baseline-r003-20260818T023050Z,loan_to_approval,3,47,200,18.246400,
baseline,3,3,perf-baseline-r003-20260818T023050Z,loan_to_approval,3,48,200,17.247600,
baseline,3,3,perf-baseline-r003-20260818T023050Z,loan_to_approval,3,49,200,17.167400,
baseline,3,3,perf-baseline-r003-20260818T023050Z,loan_to_approval,3,50,200,19.059600,
baseline,3,3,perf-baseline-r003-20260818T023050Z,loan_to_approval,3,51,200,17.792600,
baseline,3,3,perf-baseline-r003-20260818T023050Z,loan_to_approval,3,52,200,16.692400,
baseline,3,3,perf-baseline-r003-20260818T023050Z,loan_to_approval,3,53,200,16.027900,
baseline,3,3,perf-baseline-r003-20260818T023050Z,loan_to_approval,3,54,200,16.183000,
baseline,3,3,perf-baseline-r003-20260818T023050Z,loan_to_approval,3,55,200,16.675900,
baseline,3,3,perf-baseline-r003-20260818T023050Z,loan_to_approval,3,56,200,15.842600,
baseline,3,3,perf-baseline-r003-20260818T023050Z,loan_to_approval,3,57,200,16.164600,
baseline,3,3,perf-baseline-r003-20260818T023050Z,loan_to_approval,3,58,200,15.634000,
baseline,3,3,perf-baseline-r003-20260818T023050Z,loan_to_approval,3,59,200,16.260800,
baseline,3,3,perf-baseline-r003-20260818T023050Z,loan_to_approval,3,60,200,15.461800,
baseline,3,3,perf-baseline-r003-20260818T023050Z,loan_to_approval,3,61,200,15.318100,
baseline,3,3,perf-baseline-r003-20260818T023050Z,loan_to_approval,3,62,200,15.712200,
baseline,3,3,perf-baseline-r003-20260818T023050Z,loan_to_approval,3,63,200,14.935100,
baseline,3,3,perf-baseline-r003-20260818T023050Z,loan_to_approval,3,64,200,16.496000,
baseline,3,3,perf-baseline-r003-20260818T023050Z,loan_to_approval,3,65,200,16.891400,
baseline,3,3,perf-baseline-r003-20260818T023050Z,loan_to_approval,3,66,200,16.155100,
baseline,3,3,perf-baseline-r003-20260818T023050Z,loan_to_approval,3,67,200,15.986500,
baseline,3,3,perf-baseline-r003-20260818T023050Z,loan_to_approval,3,68,200,16.089100,
baseline,3,3,perf-baseline-r003-20260818T023050Z,loan_to_approval,3,69,200,15.876700,
baseline,3,3,perf-baseline-r003-20260818T023050Z,loan_to_approval,3,70,200,16.798600,
baseline,3,3,perf-baseline-r003-20260818T023050Z,loan_to_approval,3,71,200,16.183400,
baseline,3,3,perf-baseline-r003-20260818T023050Z,loan_to_approval,3,72,200,16.808300,
baseline,3,3,perf-baseline-r003-20260818T023050Z,loan_to_approval,3,73,200,15.682500,
baseline,3,3,perf-baseline-r003-20260818T023050Z,loan_to_approval,3,74,200,16.343800,
baseline,3,3,perf-baseline-r003-20260818T023050Z,loan_to_approval,3,75,200,15.505000,
baseline,3,3,perf-baseline-r003-20260818T023050Z,loan_to_approval,3,76,200,16.362900,
baseline,3,3,perf-baseline-r003-20260818T023050Z,loan_to_approval,3,77,200,16.816700,
baseline,3,3,perf-baseline-r003-20260818T023050Z,loan_to_approval,3,78,200,14.903600,
baseline,3,3,perf-baseline-r003-20260818T023050Z,loan_to_approval,3,79,200,15.988600,
baseline,3,3,perf-baseline-r003-20260818T023050Z,loan_to_approval,3,80,200,16.478400,
baseline,3,3,perf-baseline-r003-20260818T023050Z,loan_to_approval,3,81,200,15.938700,
baseline,3,3,perf-baseline-r003-20260818T023050Z,loan_to_approval,3,82,200,15.668800,
baseline,3,3,perf-baseline-r003-20260818T023050Z,loan_to_approval,3,83,200,16.034000,
baseline,3,3,perf-baseline-r003-20260818T023050Z,loan_to_approval,3,84,200,15.910700,
baseline,3,3,perf-baseline-r003-20260818T023050Z,loan_to_approval,3,85,200,15.898600,
baseline,3,3,perf-baseline-r003-20260818T023050Z,loan_to_approval,3,86,200,15.869500,
baseline,3,3,perf-baseline-r003-20260818T023050Z,loan_to_approval,3,87,200,15.917900,
baseline,3,3,perf-baseline-r003-20260818T023050Z,loan_to_approval,3,88,200,16.286000,
baseline,3,3,perf-baseline-r003-20260818T023050Z,loan_to_approval,3,89,200,15.824500,
baseline,3,3,perf-baseline-r003-20260818T023050Z,loan_to_approval,3,90,200,15.925400,
baseline,3,3,perf-baseline-r003-20260818T023050Z,loan_to_approval,3,91,200,15.865400,
baseline,3,3,perf-baseline-r003-20260818T023050Z,loan_to_approval,3,92,200,16.475700,
baseline,3,3,perf-baseline-r003-20260818T023050Z,loan_to_approval,3,93,200,15.914200,
baseline,3,3,perf-baseline-r003-20260818T023050Z,loan_to_approval,3,94,200,16.928600,
baseline,3,3,perf-baseline-r003-20260818T023050Z,loan_to_approval,3,95,200,16.978300,
baseline,3,3,perf-baseline-r003-20260818T023050Z,loan_to_approval,3,96,200,17.069800,
baseline,3,3,perf-baseline-r003-20260818T023050Z,loan_to_approval,3,97,200,15.985300,
baseline,3,3,perf-baseline-r003-20260818T023050Z,loan_to_approval,3,98,200,15.988200,
baseline,3,3,perf-baseline-r003-20260818T023050Z,loan_to_approval,3,99,200,15.626600,
baseline,3,3,perf-baseline-r003-20260818T023050Z,loan_to_approval,3,100,200,15.949300,
baseline,3,3,perf-baseline-r003-20260818T023050Z,loan_to_approval,3,101,200,16.130700,
baseline,3,3,perf-baseline-r003-20260818T023050Z,loan_to_approval,3,102,200,15.913600,
baseline,3,3,perf-baseline-r003-20260818T023050Z,loan_to_approval,3,103,200,15.939100,
baseline,3,3,perf-baseline-r003-20260818T023050Z,loan_to_approval,3,104,200,15.986200,
baseline,3,3,perf-baseline-r003-20260818T023050Z,loan_to_approval,3,105,200,15.917000,
baseline,3,3,perf-baseline-r003-20260818T023050Z,loan_to_approval,3,106,200,15.929800,
baseline,3,3,perf-baseline-r003-20260818T023050Z,loan_to_approval,3,107,200,16.084500,
baseline,3,3,perf-baseline-r003-20260818T023050Z,loan_to_approval,3,108,200,15.995500,
baseline,3,3,perf-baseline-r003-20260818T023050Z,loan_to_approval,3,109,200,16.062900,
baseline,3,3,perf-baseline-r003-20260818T023050Z,loan_to_approval,3,110,200,15.676800,
baseline,3,3,perf-baseline-r003-20260818T023050Z,loan_to_approval,3,111,200,16.229100,
baseline,3,3,perf-baseline-r003-20260818T023050Z,loan_to_approval,3,112,200,16.181400,
baseline,3,3,perf-baseline-r003-20260818T023050Z,loan_to_approval,3,113,200,16.870400,
baseline,3,3,perf-baseline-r003-20260818T023050Z,loan_to_approval,3,114,200,18.914800,
baseline,3,3,perf-baseline-r003-20260818T023050Z,loan_to_approval,3,115,200,15.916300,
baseline,3,3,perf-baseline-r003-20260818T023050Z,loan_to_approval,3,116,200,16.227200,
baseline,3,3,perf-baseline-r003-20260818T023050Z,loan_to_approval,3,117,200,15.765000,
baseline,3,3,perf-baseline-r003-20260818T023050Z,loan_to_approval,3,118,200,16.415800,
baseline,3,3,perf-baseline-r003-20260818T023050Z,loan_to_approval,3,119,200,17.410800,
baseline,3,3,perf-baseline-r003-20260818T023050Z,loan_to_approval,3,120,200,16.303400,
baseline,3,3,perf-baseline-r003-20260818T023050Z,loan_to_approval,3,121,200,17.638900,
baseline,3,3,perf-baseline-r003-20260818T023050Z,loan_to_approval,3,122,200,17.972800,
baseline,3,3,perf-baseline-r003-20260818T023050Z,loan_to_approval,3,123,200,17.439800,
baseline,3,3,perf-baseline-r003-20260818T023050Z,loan_to_approval,3,124,200,15.890800,
baseline,3,3,perf-baseline-r003-20260818T023050Z,loan_to_approval,3,125,200,16.484500,
baseline,3,3,perf-baseline-r003-20260818T023050Z,loan_to_approval,3,126,200,15.959400,
baseline,3,3,perf-baseline-r003-20260818T023050Z,loan_to_approval,3,127,200,16.499200,
baseline,3,3,perf-baseline-r003-20260818T023050Z,loan_to_approval,3,128,200,15.456700,
baseline,3,3,perf-baseline-r003-20260818T023050Z,loan_to_approval,3,129,200,16.750600,
baseline,3,3,perf-baseline-r003-20260818T023050Z,loan_to_approval,3,130,200,16.916800,
baseline,3,3,perf-baseline-r003-20260818T023050Z,loan_to_approval,3,131,200,17.510500,
baseline,3,3,perf-baseline-r003-20260818T023050Z,loan_to_approval,3,132,200,16.380100,
baseline,3,3,perf-baseline-r003-20260818T023050Z,loan_to_approval,3,133,200,16.644500,
baseline,3,3,perf-baseline-r003-20260818T023050Z,loan_to_approval,3,134,200,15.624900,
baseline,3,3,perf-baseline-r003-20260818T023050Z,loan_to_approval,3,135,200,15.169300,
baseline,3,3,perf-baseline-r003-20260818T023050Z,loan_to_approval,3,136,200,16.259000,
baseline,3,3,perf-baseline-r003-20260818T023050Z,loan_to_approval,3,137,200,15.736200,
baseline,3,3,perf-baseline-r003-20260818T023050Z,loan_to_approval,3,138,200,16.151100,
baseline,3,3,perf-baseline-r003-20260818T023050Z,loan_to_approval,3,139,200,17.122900,
baseline,3,3,perf-baseline-r003-20260818T023050Z,loan_to_approval,3,140,200,16.784700,
baseline,3,3,perf-baseline-r003-20260818T023050Z,loan_to_approval,3,141,200,15.843500,
baseline,3,3,perf-baseline-r003-20260818T023050Z,loan_to_approval,3,142,200,15.996300,
baseline,3,3,perf-baseline-r003-20260818T023050Z,loan_to_approval,3,143,200,16.831000,
baseline,3,3,perf-baseline-r003-20260818T023050Z,loan_to_approval,3,144,200,16.114700,
baseline,3,3,perf-baseline-r003-20260818T023050Z,loan_to_approval,3,145,200,17.179300,
baseline,3,3,perf-baseline-r003-20260818T023050Z,loan_to_approval,3,146,200,16.969600,
baseline,3,3,perf-baseline-r003-20260818T023050Z,loan_to_approval,3,147,200,16.164600,
baseline,3,3,perf-baseline-r003-20260818T023050Z,loan_to_approval,3,148,200,15.760200,
baseline,3,3,perf-baseline-r003-20260818T023050Z,loan_to_approval,3,149,200,16.254000,
baseline,3,3,perf-baseline-r003-20260818T023050Z,loan_to_approval,3,150,200,16.973600,
baseline,3,3,perf-baseline-r003-20260818T023050Z,loan_to_approval,3,151,200,15.694400,
baseline,3,3,perf-baseline-r003-20260818T023050Z,loan_to_approval,3,152,200,15.799200,
baseline,3,3,perf-baseline-r003-20260818T023050Z,loan_to_approval,3,153,200,15.130400,
baseline,3,3,perf-baseline-r003-20260818T023050Z,loan_to_approval,3,154,200,15.976900,
baseline,3,3,perf-baseline-r003-20260818T023050Z,loan_to_approval,3,155,200,15.805600,
baseline,3,3,perf-baseline-r003-20260818T023050Z,loan_to_approval,3,156,200,16.124200,
baseline,3,3,perf-baseline-r003-20260818T023050Z,loan_to_approval,3,157,200,15.643100,
baseline,3,3,perf-baseline-r003-20260818T023050Z,loan_to_approval,3,158,200,16.284200,
baseline,3,3,perf-baseline-r003-20260818T023050Z,loan_to_approval,3,159,200,16.016100,
baseline,3,3,perf-baseline-r003-20260818T023050Z,loan_to_approval,3,160,200,17.222800,
baseline,3,3,perf-baseline-r003-20260818T023050Z,loan_to_approval,3,161,200,16.326600,
baseline,3,3,perf-baseline-r003-20260818T023050Z,loan_to_approval,3,162,200,16.179300,
baseline,3,3,perf-baseline-r003-20260818T023050Z,loan_to_approval,3,163,200,15.910800,
baseline,3,3,perf-baseline-r003-20260818T023050Z,loan_to_approval,3,164,200,16.208400,
baseline,3,3,perf-baseline-r003-20260818T023050Z,loan_to_approval,3,165,200,17.578800,
baseline,3,3,perf-baseline-r003-20260818T023050Z,loan_to_approval,3,166,200,16.619000,
baseline,3,3,perf-baseline-r003-20260818T023050Z,loan_to_approval,3,167,200,16.884700,
baseline,3,3,perf-baseline-r003-20260818T023050Z,loan_to_approval,3,168,200,15.782800,
baseline,3,3,perf-baseline-r003-20260818T023050Z,loan_to_approval,3,169,200,16.377700,
baseline,3,3,perf-baseline-r003-20260818T023050Z,loan_to_approval,3,170,200,15.464800,
baseline,3,3,perf-baseline-r003-20260818T023050Z,loan_to_approval,3,171,200,21.010700,
baseline,3,3,perf-baseline-r003-20260818T023050Z,loan_to_approval,3,172,200,17.221300,
baseline,3,3,perf-baseline-r003-20260818T023050Z,loan_to_approval,3,173,200,18.136500,
baseline,3,3,perf-baseline-r003-20260818T023050Z,loan_to_approval,3,174,200,19.146700,
baseline,3,3,perf-baseline-r003-20260818T023050Z,loan_to_approval,3,175,200,20.717400,
baseline,3,3,perf-baseline-r003-20260818T023050Z,loan_to_approval,3,176,200,18.994000,
baseline,3,3,perf-baseline-r003-20260818T023050Z,loan_to_approval,3,177,200,17.228700,
baseline,3,3,perf-baseline-r003-20260818T023050Z,loan_to_approval,3,178,200,17.318200,
baseline,3,3,perf-baseline-r003-20260818T023050Z,loan_to_approval,3,179,200,17.248300,
baseline,3,3,perf-baseline-r003-20260818T023050Z,loan_to_approval,3,180,200,16.602600,
baseline,3,3,perf-baseline-r003-20260818T023050Z,loan_to_approval,3,181,200,17.046300,
baseline,3,3,perf-baseline-r003-20260818T023050Z,loan_to_approval,3,182,200,16.614400,
baseline,3,3,perf-baseline-r003-20260818T023050Z,loan_to_approval,3,183,200,16.925200,
baseline,3,3,perf-baseline-r003-20260818T023050Z,loan_to_approval,3,184,200,16.807100,
baseline,3,3,perf-baseline-r003-20260818T023050Z,loan_to_approval,3,185,200,15.933900,
baseline,3,3,perf-baseline-r003-20260818T023050Z,loan_to_approval,3,186,200,16.130300,
baseline,3,3,perf-baseline-r003-20260818T023050Z,loan_to_approval,3,187,200,15.881300,
baseline,3,3,perf-baseline-r003-20260818T023050Z,loan_to_approval,3,188,200,15.811400,
baseline,3,3,perf-baseline-r003-20260818T023050Z,loan_to_approval,3,189,200,15.907100,
baseline,3,3,perf-baseline-r003-20260818T023050Z,loan_to_approval,3,190,200,17.279100,
baseline,3,3,perf-baseline-r003-20260818T023050Z,loan_to_approval,3,191,200,17.066500,
baseline,3,3,perf-baseline-r003-20260818T023050Z,loan_to_approval,3,192,200,16.855800,
baseline,3,3,perf-baseline-r003-20260818T023050Z,loan_to_approval,3,193,200,16.907100,
baseline,3,3,perf-baseline-r003-20260818T023050Z,loan_to_approval,3,194,200,15.873000,
baseline,3,3,perf-baseline-r003-20260818T023050Z,loan_to_approval,3,195,200,16.174200,
baseline,3,3,perf-baseline-r003-20260818T023050Z,loan_to_approval,3,196,200,16.708900,
baseline,3,3,perf-baseline-r003-20260818T023050Z,loan_to_approval,3,197,200,16.126900,
baseline,3,3,perf-baseline-r003-20260818T023050Z,loan_to_approval,3,198,200,15.959300,
baseline,3,3,perf-baseline-r003-20260818T023050Z,loan_to_approval,3,199,200,15.955100,
baseline,3,3,perf-baseline-r003-20260818T023050Z,loan_to_approval,3,200,200,15.839100,
