mode,round_id,order_position,experiment_run_id,flow,batch_id,request_id,status_code,latency_ms,error
policy_only,6,1,perf-policy_only-r006-20260818T052144Z,loan_to_customer,1,1,200,13.986400,
policy_only,6,1,perf-policy_only-r006-20260818T052144Z,loan_to_customer,1,2,200,14.554800,
policy_only,6,1,perf-policy_only-r006-20260818T052144Z,loan_to_customer,1,3,200,14.125700,
policy_only,6,1,perf-policy_only-r006-20260818T052144Z,loan_to_customer,1,4,200,13.996200,
policy_only,6,1,perf-policy_only-r006-20260818T052144Z,loan_to_customer,1,5,200,14.089000,
policy_only,6,1,perf-policy_only-r006-20260818T052144Z,loan_to_customer,1,6,200,14.368100,
policy_only,6,1,perf-policy_only-r006-20260818T052144Z,loan_to_customer,1,7,200,14.855000,
policy_only,6,1,perf-policy_only-r006-20260818T052144Z,loan_to_customer,1,8,200,14.742900,
policy_only,6,1,perf-policy_only-r006-20260818T052144Z,loan_to_customer,1,9,200,15.528700,
policy_only,6,1,perf-policy_only-r006-20260818T052144Z,loan_to_customer,1,10,200,14.720800,
policy_only,6,1,perf-policy_only-r006-20260818T052144Z,loan_to_customer,1,11,200,14.825700,
policy_only,6,1,perf-policy_only-r006-20260818T052144Z,loan_to_customer,1,12,200,14.426100,
policy_only,6,1,perf-policy_only-r006-20260818T052144Z,loan_to_customer,1,13,200,14.453100,
policy_only,6,1,perf-policy_only-r006-20260818T052144Z,loan_to_customer,1,14,200,14.820700,
policy_only,6,1,perf-policy_only-r006-20260818T052144Z,loan_to_customer,1,15,200,13.938200,
policy_only,6,1,perf-policy_only-r006-20260818T052144Z,loan_to_customer,1,16,200,14.604000,
policy_only,6,1,perf-policy_only-r006-20260818T052144Z,loan_to_customer,1,17,200,14.574100,
policy_only,6,1,perf-policy_only-r006-20260818T052144Z,loan_to_customer,1,18,200,13.901200,
policy_only,6,1,perf-policy_only-r006-20260818T052144Z,loan_to_customer,1,19,200,13.792100,
policy_only,6,1,perf-policy_only-r006-20260818T052144Z,loan_to_customer,1,20,200,14.006100,
policy_only,6,1,perf-policy_only-r006-20260818T052144Z,loan_to_customer,1,21,200,13.827800,
policy_only,6,1,perf-policy_only-r006-20260818T052144Z,loan_to_customer,1,22,200,14.441300,
policy_only,6,1,perf-policy_only-r006-20260818T052144Z,loan_to_customer,1,23,200,125.320200,
policy_only,6,1,perf-policy_only-r006-20260818T052144Z,loan_to_customer,1,24,200,17.801000,
policy_only,6,1,perf-policy_only-r006-20260818T052144Z,loan_to_customer,1,25,200,15.469600,
policy_only,6,1,perf-policy_only-r006-20260818T052144Z,loan_to_customer,1,26,200,14.134600,
policy_only,6,1,perf-policy_only-r006-20260818T052144Z,loan_to_customer,1,27,200,14.224600,
policy_only,6,1,perf-policy_only-r006-20260818T052144Z,loan_to_customer,1,28,200,13.641200,
policy_only,6,1,perf-policy_only-r006-20260818T052144Z,loan_to_customer,1,29,200,13.858600,
policy_only,6,1,perf-policy_only-r006-20260818T052144Z,loan_to_customer,1,30,200,14.066000,
policy_only,6,1,perf-policy_only-r006-20260818T052144Z,loan_to_customer,1,31,200,14.910700,
policy_only,6,1,perf-policy_only-r006-20260818T052144Z,loan_to_customer,1,32,200,14.568300,
policy_only,6,1,perf-policy_only-r006-20260818T052144Z,loan_to_customer,1,33,200,14.621000,
policy_only,6,1,perf-policy_only-r006-20260818T052144Z,loan_to_customer,1,34,200,15.407400,
policy_only,6,1,perf-policy_only-r006-20260818T052144Z,loan_to_customer,1,35,200,14.840000,
policy_only,6,1,perf-policy_only-r006-20260818T052144Z,loan_to_customer,1,36,200,13.962200,
policy_only,6,1,perf-policy_only-r006-20260818T052144Z,loan_to_customer,1,37,200,14.424600,
policy_only,6,1,perf-policy_only-r006-20260818T052144Z,loan_to_customer,1,38,200,14.692300,
policy_only,6,1,perf-policy_only-r006-20260818T052144Z,loan_to_customer,1,39,200,13.810000,
policy_only,6,1,perf-policy_only-r006-20260818T052144Z,loan_to_customer,1,40,200,14.063100,
policy_only,6,1,perf-policy_only-r006-20260818T052144Z,loan_to_customer,1,41,200,14.240500,
policy_only,6,1,perf-policy_only-r006-20260818T052144Z,loan_to_customer,1,42,200,13.947200,
policy_only,6,1,perf-policy_only-r006-20260818T052144Z,loan_to_customer,1,43,200,13.960400,
policy_only,6,1,perf-policy_only-r006-20260818T052144Z,loan_to_customer,1,44,200,14.689300,
policy_only,6,1,perf-policy_only-r006-20260818T052144Z,loan_to_customer,1,45,200,14.906400,
policy_only,6,1,perf-policy_only-r006-20260818T052144Z,loan_to_customer,1,46,200,14.850700,
policy_only,6,1,perf-policy_only-r006-20260818T052144Z,loan_to_customer,1,47,200,14.592800,
policy_only,6,1,perf-policy_only-r006-20260818T052144Z,loan_to_customer,1,48,200,14.465300,
policy_only,6,1,perf-policy_only-r006-20260818T052144Z,loan_to_customer,1,49,200,13.944500,
policy_only,6,1,perf-policy_only-r006-20260818T052144Z,loan_to_customer,1,50,200,14.166500,
policy_only,6,1,perf-policy_only-r006-20260818T052144Z,loan_to_customer,1,51,200,15.086300,
policy_only,6,1,perf-policy_only-r006-20260818T052144Z,loan_to_customer,1,52,200,14.569100,
policy_only,6,1,perf-policy_only-r006-20260818T052144Z,loan_to_customer,1,53,200,15.210000,
policy_only,6,1,perf-policy_only-r006-20260818T052144Z,loan_to_customer,1,54,200,13.828700,
policy_only,6,1,perf-policy_only-r006-20260818T052144Z,loan_to_customer,1,55,200,14.663100,
policy_only,6,1,perf-policy_only-r006-20260818T052144Z,loan_to_customer,1,56,200,13.970700,
policy_only,6,1,perf-policy_only-r006-20260818T052144Z,loan_to_customer,1,57,200,13.357200,
policy_only,6,1,perf-policy_only-r006-20260818T052144Z,loan_to_customer,1,58,200,13.898100,
policy_only,6,1,perf-policy_only-r006-20260818T052144Z,loan_to_customer,1,59,200,14.378500,
policy_only,6,1,perf-policy_only-r006-20260818T052144Z,loan_to_customer,1,60,200,13.697800,
policy_only,6,1,perf-policy_only-r006-20260818T052144Z,loan_to_customer,1,61,200,14.301100,
policy_only,6,1,perf-policy_only-r006-20260818T052144Z,loan_to_customer,1,62,200,13.948200,
policy_only,6,1,perf-policy_only-r006-20260818T052144Z,loan_to_customer,1,63,200,14.538000,
policy_only,6,1,perf-policy_only-r006-20260818T052144Z,loan_to_customer,1,64,200,14.392200,
policy_only,6,1,perf-policy_only-r006-20260818T052144Z,loan_to_customer,1,65,200,14.752900,
policy_only,6,1,perf-policy_only-r006-20260818T052144Z,loan_to_customer,1,66,200,14.499200,
policy_only,6,1,perf-policy_only-r006-20260818T052144Z,loan_to_customer,1,67,200,13.797300,
policy_only,6,1,perf-policy_only-r006-20260818T052144Z,loan_to_customer,1,68,200,13.966700,
policy_only,6,1,perf-policy_only-r006-20260818T052144Z,loan_to_customer,1,69,200,14.011400,
policy_only,6,1,perf-policy_only-r006-20260818T052144Z,loan_to_customer,1,70,200,14.868100,
policy_only,6,1,perf-policy_only-r006-20260818T052144Z,loan_to_customer,1,71,200,14.381800,
policy_only,6,1,perf-policy_only-r006-20260818T052144Z,loan_to_customer,1,72,200,14.397100,
policy_only,6,1,perf-policy_only-r006-20260818T052144Z,loan_to_customer,1,73,200,13.514200,
policy_only,6,1,perf-policy_only-r006-20260818T052144Z,loan_to_customer,1,74,200,13.884900,
policy_only,6,1,perf-policy_only-r006-20260818T052144Z,loan_to_customer,1,75,200,14.050300,
policy_only,6,1,perf-policy_only-r006-20260818T052144Z,loan_to_customer,1,76,200,14.400500,
policy_only,6,1,perf-policy_only-r006-20260818T052144Z,loan_to_customer,1,77,200,14.111100,
policy_only,6,1,perf-policy_only-r006-20260818T052144Z,loan_to_customer,1,78,200,14.521400,
policy_only,6,1,perf-policy_only-r006-20260818T052144Z,loan_to_customer,1,79,200,14.026900,
policy_only,6,1,perf-policy_only-r006-20260818T052144Z,loan_to_customer,1,80,200,14.478200,
policy_only,6,1,perf-policy_only-r006-20260818T052144Z,loan_to_customer,1,81,200,14.624700,
policy_only,6,1,perf-policy_only-r006-20260818T052144Z,loan_to_customer,1,82,200,14.921900,
policy_only,6,1,perf-policy_only-r006-20260818T052144Z,loan_to_customer,1,83,200,15.140800,
policy_only,6,1,perf-policy_only-r006-20260818T052144Z,loan_to_customer,1,84,200,13.646000,
policy_only,6,1,perf-policy_only-r006-20260818T052144Z,loan_to_customer,1,85,200,13.988000,
policy_only,6,1,perf-policy_only-r006-20260818T052144Z,loan_to_customer,1,86,200,14.028300,
policy_only,6,1,perf-policy_only-r006-20260818T052144Z,loan_to_customer,1,87,200,14.872300,
policy_only,6,1,perf-policy_only-r006-20260818T052144Z,loan_to_customer,1,88,200,15.599300,
policy_only,6,1,perf-policy_only-r006-20260818T052144Z,loan_to_customer,1,89,200,15.197800,
policy_only,6,1,perf-policy_only-r006-20260818T052144Z,loan_to_customer,1,90,200,14.939800,
policy_only,6,1,perf-policy_only-r006-20260818T052144Z,loan_to_customer,1,91,200,15.084400,
policy_only,6,1,perf-policy_only-r006-20260818T052144Z,loan_to_customer,1,92,200,15.205400,
policy_only,6,1,perf-policy_only-r006-20260818T052144Z,loan_to_customer,1,93,200,14.884100,
policy_only,6,1,perf-policy_only-r006-20260818T052144Z,loan_to_customer,1,94,200,15.959600,
policy_only,6,1,perf-policy_only-r006-20260818T052144Z,loan_to_customer,1,95,200,26.642300,
policy_only,6,1,perf-policy_only-r006-20260818T052144Z,loan_to_customer,1,96,200,14.774400,
policy_only,6,1,perf-policy_only-r006-20260818T052144Z,loan_to_customer,1,97,200,14.748100,
policy_only,6,1,perf-policy_only-r006-20260818T052144Z,loan_to_customer,1,98,200,14.174200,
policy_only,6,1,perf-policy_only-r006-20260818T052144Z,loan_to_customer,1,99,200,14.631900,
policy_only,6,1,perf-policy_only-r006-20260818T052144Z,loan_to_customer,1,100,200,14.699500,
policy_only,6,1,perf-policy_only-r006-20260818T052144Z,loan_to_customer,1,101,200,14.081300,
policy_only,6,1,perf-policy_only-r006-20260818T052144Z,loan_to_customer,1,102,200,14.238400,
policy_only,6,1,perf-policy_only-r006-20260818T052144Z,loan_to_customer,1,103,200,13.769200,
policy_only,6,1,perf-policy_only-r006-20260818T052144Z,loan_to_customer,1,104,200,13.956500,
policy_only,6,1,perf-policy_only-r006-20260818T052144Z,loan_to_customer,1,105,200,14.772900,
policy_only,6,1,perf-policy_only-r006-20260818T052144Z,loan_to_customer,1,106,200,14.176000,
policy_only,6,1,perf-policy_only-r006-20260818T052144Z,loan_to_customer,1,107,200,13.975000,
policy_only,6,1,perf-policy_only-r006-20260818T052144Z,loan_to_customer,1,108,200,14.610500,
policy_only,6,1,perf-policy_only-r006-20260818T052144Z,loan_to_customer,1,109,200,14.134100,
policy_only,6,1,perf-policy_only-r006-20260818T052144Z,loan_to_customer,1,110,200,14.454400,
policy_only,6,1,perf-policy_only-r006-20260818T052144Z,loan_to_customer,1,111,200,13.820600,
policy_only,6,1,perf-policy_only-r006-20260818T052144Z,loan_to_customer,1,112,200,13.809200,
policy_only,6,1,perf-policy_only-r006-20260818T052144Z,loan_to_customer,1,113,200,13.948000,
policy_only,6,1,perf-policy_only-r006-20260818T052144Z,loan_to_customer,1,114,200,14.098800,
policy_only,6,1,perf-policy_only-r006-20260818T052144Z,loan_to_customer,1,115,200,14.130000,
policy_only,6,1,perf-policy_only-r006-20260818T052144Z,loan_to_customer,1,116,200,14.970100,
policy_only,6,1,perf-policy_only-r006-20260818T052144Z,loan_to_customer,1,117,200,14.822500,
policy_only,6,1,perf-policy_only-r006-20260818T052144Z,loan_to_customer,1,118,200,14.492100,
policy_only,6,1,perf-policy_only-r006-20260818T052144Z,loan_to_customer,1,119,200,13.941700,
policy_only,6,1,perf-policy_only-r006-20260818T052144Z,loan_to_customer,1,120,200,14.088900,
policy_only,6,1,perf-policy_only-r006-20260818T052144Z,loan_to_customer,1,121,200,14.086600,
policy_only,6,1,perf-policy_only-r006-20260818T052144Z,loan_to_customer,1,122,200,14.817300,
policy_only,6,1,perf-policy_only-r006-20260818T052144Z,loan_to_customer,1,123,200,15.028100,
policy_only,6,1,perf-policy_only-r006-20260818T052144Z,loan_to_customer,1,124,200,15.381900,
policy_only,6,1,perf-policy_only-r006-20260818T052144Z,loan_to_customer,1,125,200,14.510700,
policy_only,6,1,perf-policy_only-r006-20260818T052144Z,loan_to_customer,1,126,200,14.132000,
policy_only,6,1,perf-policy_only-r006-20260818T052144Z,loan_to_customer,1,127,200,13.843600,
policy_only,6,1,perf-policy_only-r006-20260818T052144Z,loan_to_customer,1,128,200,14.209300,
policy_only,6,1,perf-policy_only-r006-20260818T052144Z,loan_to_customer,1,129,200,14.416100,
policy_only,6,1,perf-policy_only-r006-20260818T052144Z,loan_to_customer,1,130,200,14.023800,
policy_only,6,1,perf-policy_only-r006-20260818T052144Z,loan_to_customer,1,131,200,13.828400,
policy_only,6,1,perf-policy_only-r006-20260818T052144Z,loan_to_customer,1,132,200,14.592000,
policy_only,6,1,perf-policy_only-r006-20260818T052144Z,loan_to_customer,1,133,200,13.990500,
policy_only,6,1,perf-policy_only-r006-20260818T052144Z,loan_to_customer,1,134,200,13.880000,
policy_only,6,1,perf-policy_only-r006-20260818T052144Z,loan_to_customer,1,135,200,14.354200,
policy_only,6,1,perf-policy_only-r006-20260818T052144Z,loan_to_customer,1,136,200,14.009700,
policy_only,6,1,perf-policy_only-r006-20260818T052144Z,loan_to_customer,1,137,200,14.204200,
policy_only,6,1,perf-policy_only-r006-20260818T052144Z,loan_to_customer,1,138,200,14.679000,
policy_only,6,1,perf-policy_only-r006-20260818T052144Z,loan_to_customer,1,139,200,15.132400,
policy_only,6,1,perf-policy_only-r006-20260818T052144Z,loan_to_customer,1,140,200,14.128200,
policy_only,6,1,perf-policy_only-r006-20260818T052144Z,loan_to_customer,1,141,200,14.253900,
policy_only,6,1,perf-policy_only-r006-20260818T052144Z,loan_to_customer,1,142,200,14.344100,
policy_only,6,1,perf-policy_only-r006-20260818T052144Z,loan_to_customer,1,143,200,14.006500,
policy_only,6,1,perf-policy_only-r006-20260818T052144Z,loan_to_customer,1,144,200,14.405200,
policy_only,6,1,perf-policy_only-r006-20260818T052144Z,loan_to_customer,1,145,200,14.368100,
policy_only,6,1,perf-policy_only-r006-20260818T052144Z,loan_to_customer,1,146,200,13.939500,
policy_only,6,1,perf-policy_only-r006-20260818T052144Z,loan_to_customer,1,147,200,14.429700,
policy_only,6,1,perf-policy_only-r006-20260818T052144Z,loan_to_customer,1,148,200,14.585900,
policy_only,6,1,perf-policy_only-r006-20260818T052144Z,loan_to_customer,1,149,200,14.282500,
policy_only,6,1,perf-policy_only-r006-20260818T052144Z,loan_to_customer,1,150,200,13.896000,
policy_only,6,1,perf-policy_only-r006-20260818T052144Z,loan_to_customer,1,151,200,14.935400,
policy_only,6,1,perf-policy_only-r006-20260818T052144Z,loan_to_customer,1,152,200,14.794200,
policy_only,6,1,perf-policy_only-r006-20260818T052144Z,loan_to_customer,1,153,200,14.659000,
policy_only,6,1,perf-policy_only-r006-20260818T052144Z,loan_to_customer,1,154,200,14.186500,
policy_only,6,1,perf-policy_only-r006-20260818T052144Z,loan_to_customer,1,155,200,14.079300,
policy_only,6,1,perf-policy_only-r006-20260818T052144Z,loan_to_customer,1,156,200,13.877300,
policy_only,6,1,perf-policy_only-r006-20260818T052144Z,loan_to_customer,1,157,200,14.470300,
policy_only,6,1,perf-policy_only-r006-20260818T052144Z,loan_to_customer,1,158,200,15.726800,
policy_only,6,1,perf-policy_only-r006-20260818T052144Z,loan_to_customer,1,159,200,15.027600,
policy_only,6,1,perf-policy_only-r006-20260818T052144Z,loan_to_customer,1,160,200,14.828300,
policy_only,6,1,perf-policy_only-r006-20260818T052144Z,loan_to_customer,1,161,200,14.537600,
policy_only,6,1,perf-policy_only-r006-20260818T052144Z,loan_to_customer,1,162,200,15.033300,
policy_only,6,1,perf-policy_only-r006-20260818T052144Z,loan_to_customer,1,163,200,14.904000,
policy_only,6,1,perf-policy_only-r006-20260818T052144Z,loan_to_customer,1,164,200,14.937300,
policy_only,6,1,perf-policy_only-r006-20260818T052144Z,loan_to_customer,1,165,200,14.847600,
policy_only,6,1,perf-policy_only-r006-20260818T052144Z,loan_to_customer,1,166,200,14.871500,
policy_only,6,1,perf-policy_only-r006-20260818T052144Z,loan_to_customer,1,167,200,14.548600,
policy_only,6,1,perf-policy_only-r006-20260818T052144Z,loan_to_customer,1,168,200,14.231500,
policy_only,6,1,perf-policy_only-r006-20260818T052144Z,loan_to_customer,1,169,200,14.642100,
policy_only,6,1,perf-policy_only-r006-20260818T052144Z,loan_to_customer,1,170,200,14.863400,
policy_only,6,1,perf-policy_only-r006-20260818T052144Z,loan_to_customer,1,171,200,14.344000,
policy_only,6,1,perf-policy_only-r006-20260818T052144Z,loan_to_customer,1,172,200,14.310400,
policy_only,6,1,perf-policy_only-r006-20260818T052144Z,loan_to_customer,1,173,200,14.165400,
policy_only,6,1,perf-policy_only-r006-20260818T052144Z,loan_to_customer,1,174,200,14.655300,
policy_only,6,1,perf-policy_only-r006-20260818T052144Z,loan_to_customer,1,175,200,15.586800,
policy_only,6,1,perf-policy_only-r006-20260818T052144Z,loan_to_customer,1,176,200,14.987200,
policy_only,6,1,perf-policy_only-r006-20260818T052144Z,loan_to_customer,1,177,200,14.552200,
policy_only,6,1,perf-policy_only-r006-20260818T052144Z,loan_to_customer,1,178,200,14.409900,
policy_only,6,1,perf-policy_only-r006-20260818T052144Z,loan_to_customer,1,179,200,14.195200,
policy_only,6,1,perf-policy_only-r006-20260818T052144Z,loan_to_customer,1,180,200,14.460400,
policy_only,6,1,perf-policy_only-r006-20260818T052144Z,loan_to_customer,1,181,200,13.879000,
policy_only,6,1,perf-policy_only-r006-20260818T052144Z,loan_to_customer,1,182,200,14.575000,
policy_only,6,1,perf-policy_only-r006-20260818T052144Z,loan_to_customer,1,183,200,14.637500,
policy_only,6,1,perf-policy_only-r006-20260818T052144Z,loan_to_customer,1,184,200,14.354700,
policy_only,6,1,perf-policy_only-r006-20260818T052144Z,loan_to_customer,1,185,200,15.018200,
policy_only,6,1,perf-policy_only-r006-20260818T052144Z,loan_to_customer,1,186,200,14.533300,
policy_only,6,1,perf-policy_only-r006-20260818T052144Z,loan_to_customer,1,187,200,15.528300,
policy_only,6,1,perf-policy_only-r006-20260818T052144Z,loan_to_customer,1,188,200,14.662400,
policy_only,6,1,perf-policy_only-r006-20260818T052144Z,loan_to_customer,1,189,200,14.685000,
policy_only,6,1,perf-policy_only-r006-20260818T052144Z,loan_to_customer,1,190,200,14.345500,
policy_only,6,1,perf-policy_only-r006-20260818T052144Z,loan_to_customer,1,191,200,14.507900,
policy_only,6,1,perf-policy_only-r006-20260818T052144Z,loan_to_customer,1,192,200,15.596900,
policy_only,6,1,perf-policy_only-r006-20260818T052144Z,loan_to_customer,1,193,200,15.230500,
policy_only,6,1,perf-policy_only-r006-20260818T052144Z,loan_to_customer,1,194,200,15.863300,
policy_only,6,1,perf-policy_only-r006-20260818T052144Z,loan_to_customer,1,195,200,15.212200,
policy_only,6,1,perf-policy_only-r006-20260818T052144Z,loan_to_customer,1,196,200,14.561000,
policy_only,6,1,perf-policy_only-r006-20260818T052144Z,loan_to_customer,1,197,200,14.911100,
policy_only,6,1,perf-policy_only-r006-20260818T052144Z,loan_to_customer,1,198,200,15.194700,
policy_only,6,1,perf-policy_only-r006-20260818T052144Z,loan_to_customer,1,199,200,14.430900,
policy_only,6,1,perf-policy_only-r006-20260818T052144Z,loan_to_customer,1,200,200,14.687900,
policy_only,6,1,perf-policy_only-r006-20260818T052144Z,loan_to_customer,2,1,200,15.491700,
policy_only,6,1,perf-policy_only-r006-20260818T052144Z,loan_to_customer,2,2,200,14.841000,
policy_only,6,1,perf-policy_only-r006-20260818T052144Z,loan_to_customer,2,3,200,14.009400,
policy_only,6,1,perf-policy_only-r006-20260818T052144Z,loan_to_customer,2,4,200,15.151400,
policy_only,6,1,perf-policy_only-r006-20260818T052144Z,loan_to_customer,2,5,200,14.270400,
policy_only,6,1,perf-policy_only-r006-20260818T052144Z,loan_to_customer,2,6,200,15.215600,
policy_only,6,1,perf-policy_only-r006-20260818T052144Z,loan_to_customer,2,7,200,14.731800,
policy_only,6,1,perf-policy_only-r006-20260818T052144Z,loan_to_customer,2,8,200,14.722900,
policy_only,6,1,perf-policy_only-r006-20260818T052144Z,loan_to_customer,2,9,200,14.574700,
policy_only,6,1,perf-policy_only-r006-20260818T052144Z,loan_to_customer,2,10,200,14.345200,
policy_only,6,1,perf-policy_only-r006-20260818T052144Z,loan_to_customer,2,11,200,13.966400,
policy_only,6,1,perf-policy_only-r006-20260818T052144Z,loan_to_customer,2,12,200,14.167400,
policy_only,6,1,perf-policy_only-r006-20260818T052144Z,loan_to_customer,2,13,200,14.815300,
policy_only,6,1,perf-policy_only-r006-20260818T052144Z,loan_to_customer,2,14,200,14.831300,
policy_only,6,1,perf-policy_only-r006-20260818T052144Z,loan_to_customer,2,15,200,14.629700,
policy_only,6,1,perf-policy_only-r006-20260818T052144Z,loan_to_customer,2,16,200,14.858900,
policy_only,6,1,perf-policy_only-r006-20260818T052144Z,loan_to_customer,2,17,200,14.941400,
policy_only,6,1,perf-policy_only-r006-20260818T052144Z,loan_to_customer,2,18,200,15.011300,
policy_only,6,1,perf-policy_only-r006-20260818T052144Z,loan_to_customer,2,19,200,14.520400,
policy_only,6,1,perf-policy_only-r006-20260818T052144Z,loan_to_customer,2,20,200,15.518300,
policy_only,6,1,perf-policy_only-r006-20260818T052144Z,loan_to_customer,2,21,200,17.169500,
policy_only,6,1,perf-policy_only-r006-20260818T052144Z,loan_to_customer,2,22,200,17.088600,
policy_only,6,1,perf-policy_only-r006-20260818T052144Z,loan_to_customer,2,23,200,17.287900,
policy_only,6,1,perf-policy_only-r006-20260818T052144Z,loan_to_customer,2,24,200,17.076200,
policy_only,6,1,perf-policy_only-r006-20260818T052144Z,loan_to_customer,2,25,200,17.499800,
policy_only,6,1,perf-policy_only-r006-20260818T052144Z,loan_to_customer,2,26,200,18.002100,
policy_only,6,1,perf-policy_only-r006-20260818T052144Z,loan_to_customer,2,27,200,24.454400,
policy_only,6,1,perf-policy_only-r006-20260818T052144Z,loan_to_customer,2,28,200,23.871100,
policy_only,6,1,perf-policy_only-r006-20260818T052144Z,loan_to_customer,2,29,200,23.156600,
policy_only,6,1,perf-policy_only-r006-20260818T052144Z,loan_to_customer,2,30,200,19.305600,
policy_only,6,1,perf-policy_only-r006-20260818T052144Z,loan_to_customer,2,31,200,20.541400,
policy_only,6,1,perf-policy_only-r006-20260818T052144Z,loan_to_customer,2,32,200,17.423700,
policy_only,6,1,perf-policy_only-r006-20260818T052144Z,loan_to_customer,2,33,200,19.499500,
policy_only,6,1,perf-policy_only-r006-20260818T052144Z,loan_to_customer,2,34,200,15.433000,
policy_only,6,1,perf-policy_only-r006-20260818T052144Z,loan_to_customer,2,35,200,15.798500,
policy_only,6,1,perf-policy_only-r006-20260818T052144Z,loan_to_customer,2,36,200,14.843800,
policy_only,6,1,perf-policy_only-r006-20260818T052144Z,loan_to_customer,2,37,200,15.961700,
policy_only,6,1,perf-policy_only-r006-20260818T052144Z,loan_to_customer,2,38,200,15.127900,
policy_only,6,1,perf-policy_only-r006-20260818T052144Z,loan_to_customer,2,39,200,15.339200,
policy_only,6,1,perf-policy_only-r006-20260818T052144Z,loan_to_customer,2,40,200,16.440100,
policy_only,6,1,perf-policy_only-r006-20260818T052144Z,loan_to_customer,2,41,200,15.883300,
policy_only,6,1,perf-policy_only-r006-20260818T052144Z,loan_to_customer,2,42,200,16.230200,
policy_only,6,1,perf-policy_only-r006-20260818T052144Z,loan_to_customer,2,43,200,15.917400,
policy_only,6,1,perf-policy_only-r006-20260818T052144Z,loan_to_customer,2,44,200,15.860500,
policy_only,6,1,perf-policy_only-r006-20260818T052144Z,loan_to_customer,2,45,200,15.986500,
policy_only,6,1,perf-policy_only-r006-20260818T052144Z,loan_to_customer,2,46,200,15.070200,
policy_only,6,1,perf-policy_only-r006-20260818T052144Z,loan_to_customer,2,47,200,14.789300,
policy_only,6,1,perf-policy_only-r006-20260818T052144Z,loan_to_customer,2,48,200,15.321700,
policy_only,6,1,perf-policy_only-r006-20260818T052144Z,loan_to_customer,2,49,200,15.254400,
policy_only,6,1,perf-policy_only-r006-20260818T052144Z,loan_to_customer,2,50,200,15.745900,
policy_only,6,1,perf-policy_only-r006-20260818T052144Z,loan_to_customer,2,51,200,15.514100,
policy_only,6,1,perf-policy_only-r006-20260818T052144Z,loan_to_customer,2,52,200,15.786000,
policy_only,6,1,perf-policy_only-r006-20260818T052144Z,loan_to_customer,2,53,200,15.909700,
policy_only,6,1,perf-policy_only-r006-20260818T052144Z,loan_to_customer,2,54,200,16.532000,
policy_only,6,1,perf-policy_only-r006-20260818T052144Z,loan_to_customer,2,55,200,15.047900,
policy_only,6,1,perf-policy_only-r006-20260818T052144Z,loan_to_customer,2,56,200,17.063800,
policy_only,6,1,perf-policy_only-r006-20260818T052144Z,loan_to_customer,2,57,200,17.938900,
policy_only,6,1,perf-policy_only-r006-20260818T052144Z,loan_to_customer,2,58,200,16.811300,
policy_only,6,1,perf-policy_only-r006-20260818T052144Z,loan_to_customer,2,59,200,17.290900,
policy_only,6,1,perf-policy_only-r006-20260818T052144Z,loan_to_customer,2,60,200,16.764800,
policy_only,6,1,perf-policy_only-r006-20260818T052144Z,loan_to_customer,2,61,200,17.638700,
policy_only,6,1,perf-policy_only-r006-20260818T052144Z,loan_to_customer,2,62,200,15.035900,
policy_only,6,1,perf-policy_only-r006-20260818T052144Z,loan_to_customer,2,63,200,14.481300,
policy_only,6,1,perf-policy_only-r006-20260818T052144Z,loan_to_customer,2,64,200,14.864300,
policy_only,6,1,perf-policy_only-r006-20260818T052144Z,loan_to_customer,2,65,200,15.183000,
policy_only,6,1,perf-policy_only-r006-20260818T052144Z,loan_to_customer,2,66,200,14.779500,
policy_only,6,1,perf-policy_only-r006-20260818T052144Z,loan_to_customer,2,67,200,15.520000,
policy_only,6,1,perf-policy_only-r006-20260818T052144Z,loan_to_customer,2,68,200,14.565700,
policy_only,6,1,perf-policy_only-r006-20260818T052144Z,loan_to_customer,2,69,200,14.009600,
policy_only,6,1,perf-policy_only-r006-20260818T052144Z,loan_to_customer,2,70,200,13.931600,
policy_only,6,1,perf-policy_only-r006-20260818T052144Z,loan_to_customer,2,71,200,14.307300,
policy_only,6,1,perf-policy_only-r006-20260818T052144Z,loan_to_customer,2,72,200,14.497800,
policy_only,6,1,perf-policy_only-r006-20260818T052144Z,loan_to_customer,2,73,200,13.592700,
policy_only,6,1,perf-policy_only-r006-20260818T052144Z,loan_to_customer,2,74,200,14.924200,
policy_only,6,1,perf-policy_only-r006-20260818T052144Z,loan_to_customer,2,75,200,14.174500,
policy_only,6,1,perf-policy_only-r006-20260818T052144Z,loan_to_customer,2,76,200,14.774000,
policy_only,6,1,perf-policy_only-r006-20260818T052144Z,loan_to_customer,2,77,200,14.237100,
policy_only,6,1,perf-policy_only-r006-20260818T052144Z,loan_to_customer,2,78,200,13.650500,
policy_only,6,1,perf-policy_only-r006-20260818T052144Z,loan_to_customer,2,79,200,14.024800,
policy_only,6,1,perf-policy_only-r006-20260818T052144Z,loan_to_customer,2,80,200,15.499600,
policy_only,6,1,perf-policy_only-r006-20260818T052144Z,loan_to_customer,2,81,200,14.066800,
policy_only,6,1,perf-policy_only-r006-20260818T052144Z,loan_to_customer,2,82,200,14.209300,
policy_only,6,1,perf-policy_only-r006-20260818T052144Z,loan_to_customer,2,83,200,14.667500,
policy_only,6,1,perf-policy_only-r006-20260818T052144Z,loan_to_customer,2,84,200,14.530500,
policy_only,6,1,perf-policy_only-r006-20260818T052144Z,loan_to_customer,2,85,200,14.092100,
policy_only,6,1,perf-policy_only-r006-20260818T052144Z,loan_to_customer,2,86,200,14.188700,
policy_only,6,1,perf-policy_only-r006-20260818T052144Z,loan_to_customer,2,87,200,14.504800,
policy_only,6,1,perf-policy_only-r006-20260818T052144Z,loan_to_customer,2,88,200,14.888400,
policy_only,6,1,perf-policy_only-r006-20260818T052144Z,loan_to_customer,2,89,200,14.166100,
policy_only,6,1,perf-policy_only-r006-20260818T052144Z,loan_to_customer,2,90,200,14.801400,
policy_only,6,1,perf-policy_only-r006-20260818T052144Z,loan_to_customer,2,91,200,14.377500,
policy_only,6,1,perf-policy_only-r006-20260818T052144Z,loan_to_customer,2,92,200,14.842700,
policy_only,6,1,perf-policy_only-r006-20260818T052144Z,loan_to_customer,2,93,200,16.533600,
policy_only,6,1,perf-policy_only-r006-20260818T052144Z,loan_to_customer,2,94,200,15.248200,
policy_only,6,1,perf-policy_only-r006-20260818T052144Z,loan_to_customer,2,95,200,15.292800,
policy_only,6,1,perf-policy_only-r006-20260818T052144Z,loan_to_customer,2,96,200,15.653600,
policy_only,6,1,perf-policy_only-r006-20260818T052144Z,loan_to_customer,2,97,200,13.745300,
policy_only,6,1,perf-policy_only-r006-20260818T052144Z,loan_to_customer,2,98,200,14.796700,
policy_only,6,1,perf-policy_only-r006-20260818T052144Z,loan_to_customer,2,99,200,14.505400,
policy_only,6,1,perf-policy_only-r006-20260818T052144Z,loan_to_customer,2,100,200,14.423400,
policy_only,6,1,perf-policy_only-r006-20260818T052144Z,loan_to_customer,2,101,200,14.514200,
policy_only,6,1,perf-policy_only-r006-20260818T052144Z,loan_to_customer,2,102,200,14.641200,
policy_only,6,1,perf-policy_only-r006-20260818T052144Z,loan_to_customer,2,103,200,14.232500,
policy_only,6,1,perf-policy_only-r006-20260818T052144Z,loan_to_customer,2,104,200,14.479900,
policy_only,6,1,perf-policy_only-r006-20260818T052144Z,loan_to_customer,2,105,200,15.024500,
policy_only,6,1,perf-policy_only-r006-20260818T052144Z,loan_to_customer,2,106,200,13.808500,
policy_only,6,1,perf-policy_only-r006-20260818T052144Z,loan_to_customer,2,107,200,14.141000,
policy_only,6,1,perf-policy_only-r006-20260818T052144Z,loan_to_customer,2,108,200,14.477800,
policy_only,6,1,perf-policy_only-r006-20260818T052144Z,loan_to_customer,2,109,200,13.882100,
policy_only,6,1,perf-policy_only-r006-20260818T052144Z,loan_to_customer,2,110,200,14.068700,
policy_only,6,1,perf-policy_only-r006-20260818T052144Z,loan_to_customer,2,111,200,14.085000,
policy_only,6,1,perf-policy_only-r006-20260818T052144Z,loan_to_customer,2,112,200,16.846000,
policy_only,6,1,perf-policy_only-r006-20260818T052144Z,loan_to_customer,2,113,200,15.606800,
policy_only,6,1,perf-policy_only-r006-20260818T052144Z,loan_to_customer,2,114,200,15.619100,
policy_only,6,1,perf-policy_only-r006-20260818T052144Z,loan_to_customer,2,115,200,15.621000,
policy_only,6,1,perf-policy_only-r006-20260818T052144Z,loan_to_customer,2,116,200,15.978300,
policy_only,6,1,perf-policy_only-r006-20260818T052144Z,loan_to_customer,2,117,200,14.982600,
policy_only,6,1,perf-policy_only-r006-20260818T052144Z,loan_to_customer,2,118,200,14.252800,
policy_only,6,1,perf-policy_only-r006-20260818T052144Z,loan_to_customer,2,119,200,14.505600,
policy_only,6,1,perf-policy_only-r006-20260818T052144Z,loan_to_customer,2,120,200,14.563200,
policy_only,6,1,perf-policy_only-r006-20260818T052144Z,loan_to_customer,2,121,200,14.774800,
policy_only,6,1,perf-policy_only-r006-20260818T052144Z,loan_to_customer,2,122,200,15.763100,
policy_only,6,1,perf-policy_only-r006-20260818T052144Z,loan_to_customer,2,123,200,15.080900,
policy_only,6,1,perf-policy_only-r006-20260818T052144Z,loan_to_customer,2,124,200,14.626600,
policy_only,6,1,perf-policy_only-r006-20260818T052144Z,loan_to_customer,2,125,200,14.218200,
policy_only,6,1,perf-policy_only-r006-20260818T052144Z,loan_to_customer,2,126,200,15.459300,
policy_only,6,1,perf-policy_only-r006-20260818T052144Z,loan_to_customer,2,127,200,14.555300,
policy_only,6,1,perf-policy_only-r006-20260818T052144Z,loan_to_customer,2,128,200,14.828000,
policy_only,6,1,perf-policy_only-r006-20260818T052144Z,loan_to_customer,2,129,200,15.060600,
policy_only,6,1,perf-policy_only-r006-20260818T052144Z,loan_to_customer,2,130,200,15.070300,
policy_only,6,1,perf-policy_only-r006-20260818T052144Z,loan_to_customer,2,131,200,14.196400,
policy_only,6,1,perf-policy_only-r006-20260818T052144Z,loan_to_customer,2,132,200,14.107600,
policy_only,6,1,perf-policy_only-r006-20260818T052144Z,loan_to_customer,2,133,200,14.685300,
policy_only,6,1,perf-policy_only-r006-20260818T052144Z,loan_to_customer,2,134,200,14.669200,
policy_only,6,1,perf-policy_only-r006-20260818T052144Z,loan_to_customer,2,135,200,14.724500,
policy_only,6,1,perf-policy_only-r006-20260818T052144Z,loan_to_customer,2,136,200,15.064400,
policy_only,6,1,perf-policy_only-r006-20260818T052144Z,loan_to_customer,2,137,200,14.490500,
policy_only,6,1,perf-policy_only-r006-20260818T052144Z,loan_to_customer,2,138,200,13.927900,
policy_only,6,1,perf-policy_only-r006-20260818T052144Z,loan_to_customer,2,139,200,14.129200,
policy_only,6,1,perf-policy_only-r006-20260818T052144Z,loan_to_customer,2,140,200,14.179600,
policy_only,6,1,perf-policy_only-r006-20260818T052144Z,loan_to_customer,2,141,200,13.850700,
policy_only,6,1,perf-policy_only-r006-20260818T052144Z,loan_to_customer,2,142,200,14.364600,
policy_only,6,1,perf-policy_only-r006-20260818T052144Z,loan_to_customer,2,143,200,14.744700,
policy_only,6,1,perf-policy_only-r006-20260818T052144Z,loan_to_customer,2,144,200,14.602700,
policy_only,6,1,perf-policy_only-r006-20260818T052144Z,loan_to_customer,2,145,200,14.284200,
policy_only,6,1,perf-policy_only-r006-20260818T052144Z,loan_to_customer,2,146,200,14.413100,
policy_only,6,1,perf-policy_only-r006-20260818T052144Z,loan_to_customer,2,147,200,14.493700,
policy_only,6,1,perf-policy_only-r006-20260818T052144Z,loan_to_customer,2,148,200,14.714600,
policy_only,6,1,perf-policy_only-r006-20260818T052144Z,loan_to_customer,2,149,200,14.611100,
policy_only,6,1,perf-policy_only-r006-20260818T052144Z,loan_to_customer,2,150,200,14.002400,
policy_only,6,1,perf-policy_only-r006-20260818T052144Z,loan_to_customer,2,151,200,14.052600,
policy_only,6,1,perf-policy_only-r006-20260818T052144Z,loan_to_customer,2,152,200,14.178900,
policy_only,6,1,perf-policy_only-r006-20260818T052144Z,loan_to_customer,2,153,200,14.116500,
policy_only,6,1,perf-policy_only-r006-20260818T052144Z,loan_to_customer,2,154,200,14.200200,
policy_only,6,1,perf-policy_only-r006-20260818T052144Z,loan_to_customer,2,155,200,14.640400,
policy_only,6,1,perf-policy_only-r006-20260818T052144Z,loan_to_customer,2,156,200,14.486700,
policy_only,6,1,perf-policy_only-r006-20260818T052144Z,loan_to_customer,2,157,200,14.611400,
policy_only,6,1,perf-policy_only-r006-20260818T052144Z,loan_to_customer,2,158,200,14.824700,
policy_only,6,1,perf-policy_only-r006-20260818T052144Z,loan_to_customer,2,159,200,14.686400,
policy_only,6,1,perf-policy_only-r006-20260818T052144Z,loan_to_customer,2,160,200,13.806500,
policy_only,6,1,perf-policy_only-r006-20260818T052144Z,loan_to_customer,2,161,200,14.297400,
policy_only,6,1,perf-policy_only-r006-20260818T052144Z,loan_to_customer,2,162,200,16.388300,
policy_only,6,1,perf-policy_only-r006-20260818T052144Z,loan_to_customer,2,163,200,16.773200,
policy_only,6,1,perf-policy_only-r006-20260818T052144Z,loan_to_customer,2,164,200,16.549900,
policy_only,6,1,perf-policy_only-r006-20260818T052144Z,loan_to_customer,2,165,200,16.472500,
policy_only,6,1,perf-policy_only-r006-20260818T052144Z,loan_to_customer,2,166,200,17.033200,
policy_only,6,1,perf-policy_only-r006-20260818T052144Z,loan_to_customer,2,167,200,16.109300,
policy_only,6,1,perf-policy_only-r006-20260818T052144Z,loan_to_customer,2,168,200,14.789800,
policy_only,6,1,perf-policy_only-r006-20260818T052144Z,loan_to_customer,2,169,200,14.220700,
policy_only,6,1,perf-policy_only-r006-20260818T052144Z,loan_to_customer,2,170,200,14.876300,
policy_only,6,1,perf-policy_only-r006-20260818T052144Z,loan_to_customer,2,171,200,14.871000,
policy_only,6,1,perf-policy_only-r006-20260818T052144Z,loan_to_customer,2,172,200,15.048300,
policy_only,6,1,perf-policy_only-r006-20260818T052144Z,loan_to_customer,2,173,200,14.326400,
policy_only,6,1,perf-policy_only-r006-20260818T052144Z,loan_to_customer,2,174,200,14.405200,
policy_only,6,1,perf-policy_only-r006-20260818T052144Z,loan_to_customer,2,175,200,15.333100,
policy_only,6,1,perf-policy_only-r006-20260818T052144Z,loan_to_customer,2,176,200,14.585700,
policy_only,6,1,perf-policy_only-r006-20260818T052144Z,loan_to_customer,2,177,200,14.042200,
policy_only,6,1,perf-policy_only-r006-20260818T052144Z,loan_to_customer,2,178,200,14.214300,
policy_only,6,1,perf-policy_only-r006-20260818T052144Z,loan_to_customer,2,179,200,13.767700,
policy_only,6,1,perf-policy_only-r006-20260818T052144Z,loan_to_customer,2,180,200,14.523600,
policy_only,6,1,perf-policy_only-r006-20260818T052144Z,loan_to_customer,2,181,200,13.406700,
policy_only,6,1,perf-policy_only-r006-20260818T052144Z,loan_to_customer,2,182,200,13.892900,
policy_only,6,1,perf-policy_only-r006-20260818T052144Z,loan_to_customer,2,183,200,14.022500,
policy_only,6,1,perf-policy_only-r006-20260818T052144Z,loan_to_customer,2,184,200,14.940800,
policy_only,6,1,perf-policy_only-r006-20260818T052144Z,loan_to_customer,2,185,200,14.099200,
policy_only,6,1,perf-policy_only-r006-20260818T052144Z,loan_to_customer,2,186,200,14.412800,
policy_only,6,1,perf-policy_only-r006-20260818T052144Z,loan_to_customer,2,187,200,15.567100,
policy_only,6,1,perf-policy_only-r006-20260818T052144Z,loan_to_customer,2,188,200,14.176700,
policy_only,6,1,perf-policy_only-r006-20260818T052144Z,loan_to_customer,2,189,200,14.281300,
policy_only,6,1,perf-policy_only-r006-20260818T052144Z,loan_to_customer,2,190,200,14.276000,
policy_only,6,1,perf-policy_only-r006-20260818T052144Z,loan_to_customer,2,191,200,14.507500,
policy_only,6,1,perf-policy_only-r006-20260818T052144Z,loan_to_customer,2,192,200,14.520600,
policy_only,6,1,perf-policy_only-r006-20260818T052144Z,loan_to_customer,2,193,200,14.303800,
policy_only,6,1,perf-policy_only-r006-20260818T052144Z,loan_to_customer,2,194,200,13.705000,
policy_only,6,1,perf-policy_only-r006-20260818T052144Z,loan_to_customer,2,195,200,14.134000,
policy_only,6,1,perf-policy_only-r006-20260818T052144Z,loan_to_customer,2,196,200,14.305700,
policy_only,6,1,perf-policy_only-r006-20260818T052144Z,loan_to_customer,2,197,200,14.135200,
policy_only,6,1,perf-policy_only-r006-20260818T052144Z,loan_to_customer,2,198,200,15.630500,
policy_only,6,1,perf-policy_only-r006-20260818T052144Z,loan_to_customer,2,199,200,15.005000,
policy_only,6,1,perf-policy_only-r006-20260818T052144Z,loan_to_customer,2,200,200,14.881600,
policy_only,6,1,perf-policy_only-r006-20260818T052144Z,loan_to_customer,3,1,200,14.137100,
policy_only,6,1,perf-policy_only-r006-20260818T052144Z,loan_to_customer,3,2,200,14.517300,
policy_only,6,1,perf-policy_only-r006-20260818T052144Z,loan_to_customer,3,3,200,15.218200,
policy_only,6,1,perf-policy_only-r006-20260818T052144Z,loan_to_customer,3,4,200,14.666100,
policy_only,6,1,perf-policy_only-r006-20260818T052144Z,loan_to_customer,3,5,200,14.433000,
policy_only,6,1,perf-policy_only-r006-20260818T052144Z,loan_to_customer,3,6,200,14.612900,
policy_only,6,1,perf-policy_only-r006-20260818T052144Z,loan_to_customer,3,7,200,14.049200,
policy_only,6,1,perf-policy_only-r006-20260818T052144Z,loan_to_customer,3,8,200,14.305700,
policy_only,6,1,perf-policy_only-r006-20260818T052144Z,loan_to_customer,3,9,200,13.927800,
policy_only,6,1,perf-policy_only-r006-20260818T052144Z,loan_to_customer,3,10,200,15.087500,
policy_only,6,1,perf-policy_only-r006-20260818T052144Z,loan_to_customer,3,11,200,14.195700,
policy_only,6,1,perf-policy_only-r006-20260818T052144Z,loan_to_customer,3,12,200,13.857900,
policy_only,6,1,perf-policy_only-r006-20260818T052144Z,loan_to_customer,3,13,200,14.426300,
policy_only,6,1,perf-policy_only-r006-20260818T052144Z,loan_to_customer,3,14,200,14.022800,
policy_only,6,1,perf-policy_only-r006-20260818T052144Z,loan_to_customer,3,15,200,14.027900,
policy_only,6,1,perf-policy_only-r006-20260818T052144Z,loan_to_customer,3,16,200,14.115700,
policy_only,6,1,perf-policy_only-r006-20260818T052144Z,loan_to_customer,3,17,200,14.375800,
policy_only,6,1,perf-policy_only-r006-20260818T052144Z,loan_to_customer,3,18,200,13.943800,
policy_only,6,1,perf-policy_only-r006-20260818T052144Z,loan_to_customer,3,19,200,14.536600,
policy_only,6,1,perf-policy_only-r006-20260818T052144Z,loan_to_customer,3,20,200,14.560300,
policy_only,6,1,perf-policy_only-r006-20260818T052144Z,loan_to_customer,3,21,200,14.602400,
policy_only,6,1,perf-policy_only-r006-20260818T052144Z,loan_to_customer,3,22,200,14.090700,
policy_only,6,1,perf-policy_only-r006-20260818T052144Z,loan_to_customer,3,23,200,14.054400,
policy_only,6,1,perf-policy_only-r006-20260818T052144Z,loan_to_customer,3,24,200,14.146300,
policy_only,6,1,perf-policy_only-r006-20260818T052144Z,loan_to_customer,3,25,200,14.293500,
policy_only,6,1,perf-policy_only-r006-20260818T052144Z,loan_to_customer,3,26,200,14.446500,
policy_only,6,1,perf-policy_only-r006-20260818T052144Z,loan_to_customer,3,27,200,14.449500,
policy_only,6,1,perf-policy_only-r006-20260818T052144Z,loan_to_customer,3,28,200,14.198700,
policy_only,6,1,perf-policy_only-r006-20260818T052144Z,loan_to_customer,3,29,200,14.632300,
policy_only,6,1,perf-policy_only-r006-20260818T052144Z,loan_to_customer,3,30,200,13.851600,
policy_only,6,1,perf-policy_only-r006-20260818T052144Z,loan_to_customer,3,31,200,14.537000,
policy_only,6,1,perf-policy_only-r006-20260818T052144Z,loan_to_customer,3,32,200,14.774200,
policy_only,6,1,perf-policy_only-r006-20260818T052144Z,loan_to_customer,3,33,200,14.274700,
policy_only,6,1,perf-policy_only-r006-20260818T052144Z,loan_to_customer,3,34,200,14.858600,
policy_only,6,1,perf-policy_only-r006-20260818T052144Z,loan_to_customer,3,35,200,15.033000,
policy_only,6,1,perf-policy_only-r006-20260818T052144Z,loan_to_customer,3,36,200,14.847500,
policy_only,6,1,perf-policy_only-r006-20260818T052144Z,loan_to_customer,3,37,200,14.492100,
policy_only,6,1,perf-policy_only-r006-20260818T052144Z,loan_to_customer,3,38,200,14.211700,
policy_only,6,1,perf-policy_only-r006-20260818T052144Z,loan_to_customer,3,39,200,14.149200,
policy_only,6,1,perf-policy_only-r006-20260818T052144Z,loan_to_customer,3,40,200,14.097800,
policy_only,6,1,perf-policy_only-r006-20260818T052144Z,loan_to_customer,3,41,200,14.304900,
policy_only,6,1,perf-policy_only-r006-20260818T052144Z,loan_to_customer,3,42,200,13.898900,
policy_only,6,1,perf-policy_only-r006-20260818T052144Z,loan_to_customer,3,43,200,14.073500,
policy_only,6,1,perf-policy_only-r006-20260818T052144Z,loan_to_customer,3,44,200,14.511300,
policy_only,6,1,perf-policy_only-r006-20260818T052144Z,loan_to_customer,3,45,200,14.078600,
policy_only,6,1,perf-policy_only-r006-20260818T052144Z,loan_to_customer,3,46,200,13.943700,
policy_only,6,1,perf-policy_only-r006-20260818T052144Z,loan_to_customer,3,47,200,14.350900,
policy_only,6,1,perf-policy_only-r006-20260818T052144Z,loan_to_customer,3,48,200,13.720900,
policy_only,6,1,perf-policy_only-r006-20260818T052144Z,loan_to_customer,3,49,200,14.263800,
policy_only,6,1,perf-policy_only-r006-20260818T052144Z,loan_to_customer,3,50,200,13.925200,
policy_only,6,1,perf-policy_only-r006-20260818T052144Z,loan_to_customer,3,51,200,14.221400,
policy_only,6,1,perf-policy_only-r006-20260818T052144Z,loan_to_customer,3,52,200,14.172500,
policy_only,6,1,perf-policy_only-r006-20260818T052144Z,loan_to_customer,3,53,200,14.326300,
policy_only,6,1,perf-policy_only-r006-20260818T052144Z,loan_to_customer,3,54,200,13.936000,
policy_only,6,1,perf-policy_only-r006-20260818T052144Z,loan_to_customer,3,55,200,14.712300,
policy_only,6,1,perf-policy_only-r006-20260818T052144Z,loan_to_customer,3,56,200,14.105200,
policy_only,6,1,perf-policy_only-r006-20260818T052144Z,loan_to_customer,3,57,200,14.125100,
policy_only,6,1,perf-policy_only-r006-20260818T052144Z,loan_to_customer,3,58,200,15.587100,
policy_only,6,1,perf-policy_only-r006-20260818T052144Z,loan_to_customer,3,59,200,13.488500,
policy_only,6,1,perf-policy_only-r006-20260818T052144Z,loan_to_customer,3,60,200,14.188600,
policy_only,6,1,perf-policy_only-r006-20260818T052144Z,loan_to_customer,3,61,200,14.392600,
policy_only,6,1,perf-policy_only-r006-20260818T052144Z,loan_to_customer,3,62,200,13.881600,
policy_only,6,1,perf-policy_only-r006-20260818T052144Z,loan_to_customer,3,63,200,13.941300,
policy_only,6,1,perf-policy_only-r006-20260818T052144Z,loan_to_customer,3,64,200,15.132500,
policy_only,6,1,perf-policy_only-r006-20260818T052144Z,loan_to_customer,3,65,200,13.957500,
policy_only,6,1,perf-policy_only-r006-20260818T052144Z,loan_to_customer,3,66,200,13.685000,
policy_only,6,1,perf-policy_only-r006-20260818T052144Z,loan_to_customer,3,67,200,15.378400,
policy_only,6,1,perf-policy_only-r006-20260818T052144Z,loan_to_customer,3,68,200,14.684400,
policy_only,6,1,perf-policy_only-r006-20260818T052144Z,loan_to_customer,3,69,200,14.599700,
policy_only,6,1,perf-policy_only-r006-20260818T052144Z,loan_to_customer,3,70,200,14.555700,
policy_only,6,1,perf-policy_only-r006-20260818T052144Z,loan_to_customer,3,71,200,15.867000,
policy_only,6,1,perf-policy_only-r006-20260818T052144Z,loan_to_customer,3,72,200,14.889100,
policy_only,6,1,perf-policy_only-r006-20260818T052144Z,loan_to_customer,3,73,200,15.160500,
policy_only,6,1,perf-policy_only-r006-20260818T052144Z,loan_to_customer,3,74,200,14.250000,
policy_only,6,1,perf-policy_only-r006-20260818T052144Z,loan_to_customer,3,75,200,14.563700,
policy_only,6,1,perf-policy_only-r006-20260818T052144Z,loan_to_customer,3,76,200,14.272300,
policy_only,6,1,perf-policy_only-r006-20260818T052144Z,loan_to_customer,3,77,200,14.455400,
policy_only,6,1,perf-policy_only-r006-20260818T052144Z,loan_to_customer,3,78,200,14.011800,
policy_only,6,1,perf-policy_only-r006-20260818T052144Z,loan_to_customer,3,79,200,14.120700,
policy_only,6,1,perf-policy_only-r006-20260818T052144Z,loan_to_customer,3,80,200,15.075600,
policy_only,6,1,perf-policy_only-r006-20260818T052144Z,loan_to_customer,3,81,200,14.073600,
policy_only,6,1,perf-policy_only-r006-20260818T052144Z,loan_to_customer,3,82,200,13.959800,
policy_only,6,1,perf-policy_only-r006-20260818T052144Z,loan_to_customer,3,83,200,14.548600,
policy_only,6,1,perf-policy_only-r006-20260818T052144Z,loan_to_customer,3,84,200,13.588200,
policy_only,6,1,perf-policy_only-r006-20260818T052144Z,loan_to_customer,3,85,200,14.510000,
policy_only,6,1,perf-policy_only-r006-20260818T052144Z,loan_to_customer,3,86,200,15.149900,
policy_only,6,1,perf-policy_only-r006-20260818T052144Z,loan_to_customer,3,87,200,14.308300,
policy_only,6,1,perf-policy_only-r006-20260818T052144Z,loan_to_customer,3,88,200,14.378700,
policy_only,6,1,perf-policy_only-r006-20260818T052144Z,loan_to_customer,3,89,200,14.475100,
policy_only,6,1,perf-policy_only-r006-20260818T052144Z,loan_to_customer,3,90,200,14.767800,
policy_only,6,1,perf-policy_only-r006-20260818T052144Z,loan_to_customer,3,91,200,14.497600,
policy_only,6,1,perf-policy_only-r006-20260818T052144Z,loan_to_customer,3,92,200,15.078400,
policy_only,6,1,perf-policy_only-r006-20260818T052144Z,loan_to_customer,3,93,200,16.337700,
policy_only,6,1,perf-policy_only-r006-20260818T052144Z,loan_to_customer,3,94,200,13.797500,
policy_only,6,1,perf-policy_only-r006-20260818T052144Z,loan_to_customer,3,95,200,13.432400,
policy_only,6,1,perf-policy_only-r006-20260818T052144Z,loan_to_customer,3,96,200,13.837400,
policy_only,6,1,perf-policy_only-r006-20260818T052144Z,loan_to_customer,3,97,200,13.491300,
policy_only,6,1,perf-policy_only-r006-20260818T052144Z,loan_to_customer,3,98,200,14.195000,
policy_only,6,1,perf-policy_only-r006-20260818T052144Z,loan_to_customer,3,99,200,14.007200,
policy_only,6,1,perf-policy_only-r006-20260818T052144Z,loan_to_customer,3,100,200,13.997200,
policy_only,6,1,perf-policy_only-r006-20260818T052144Z,loan_to_customer,3,101,200,14.394600,
policy_only,6,1,perf-policy_only-r006-20260818T052144Z,loan_to_customer,3,102,200,13.852000,
policy_only,6,1,perf-policy_only-r006-20260818T052144Z,loan_to_customer,3,103,200,14.280800,
policy_only,6,1,perf-policy_only-r006-20260818T052144Z,loan_to_customer,3,104,200,15.117700,
policy_only,6,1,perf-policy_only-r006-20260818T052144Z,loan_to_customer,3,105,200,14.983300,
policy_only,6,1,perf-policy_only-r006-20260818T052144Z,loan_to_customer,3,106,200,14.583500,
policy_only,6,1,perf-policy_only-r006-20260818T052144Z,loan_to_customer,3,107,200,14.995700,
policy_only,6,1,perf-policy_only-r006-20260818T052144Z,loan_to_customer,3,108,200,14.606900,
policy_only,6,1,perf-policy_only-r006-20260818T052144Z,loan_to_customer,3,109,200,14.621600,
policy_only,6,1,perf-policy_only-r006-20260818T052144Z,loan_to_customer,3,110,200,14.286900,
policy_only,6,1,perf-policy_only-r006-20260818T052144Z,loan_to_customer,3,111,200,14.142400,
policy_only,6,1,perf-policy_only-r006-20260818T052144Z,loan_to_customer,3,112,200,13.686800,
policy_only,6,1,perf-policy_only-r006-20260818T052144Z,loan_to_customer,3,113,200,14.105100,
policy_only,6,1,perf-policy_only-r006-20260818T052144Z,loan_to_customer,3,114,200,13.729600,
policy_only,6,1,perf-policy_only-r006-20260818T052144Z,loan_to_customer,3,115,200,14.409600,
policy_only,6,1,perf-policy_only-r006-20260818T052144Z,loan_to_customer,3,116,200,15.780300,
policy_only,6,1,perf-policy_only-r006-20260818T052144Z,loan_to_customer,3,117,200,15.234900,
policy_only,6,1,perf-policy_only-r006-20260818T052144Z,loan_to_customer,3,118,200,14.618800,
policy_only,6,1,perf-policy_only-r006-20260818T052144Z,loan_to_customer,3,119,200,14.873400,
policy_only,6,1,perf-policy_only-r006-20260818T052144Z,loan_to_customer,3,120,200,14.871300,
policy_only,6,1,perf-policy_only-r006-20260818T052144Z,loan_to_customer,3,121,200,15.297200,
policy_only,6,1,perf-policy_only-r006-20260818T052144Z,loan_to_customer,3,122,200,14.359800,
policy_only,6,1,perf-policy_only-r006-20260818T052144Z,loan_to_customer,3,123,200,14.445000,
policy_only,6,1,perf-policy_only-r006-20260818T052144Z,loan_to_customer,3,124,200,14.046100,
policy_only,6,1,perf-policy_only-r006-20260818T052144Z,loan_to_customer,3,125,200,13.607300,
policy_only,6,1,perf-policy_only-r006-20260818T052144Z,loan_to_customer,3,126,200,13.184200,
policy_only,6,1,perf-policy_only-r006-20260818T052144Z,loan_to_customer,3,127,200,13.519800,
policy_only,6,1,perf-policy_only-r006-20260818T052144Z,loan_to_customer,3,128,200,14.385100,
policy_only,6,1,perf-policy_only-r006-20260818T052144Z,loan_to_customer,3,129,200,13.760300,
policy_only,6,1,perf-policy_only-r006-20260818T052144Z,loan_to_customer,3,130,200,14.319700,
policy_only,6,1,perf-policy_only-r006-20260818T052144Z,loan_to_customer,3,131,200,14.049300,
policy_only,6,1,perf-policy_only-r006-20260818T052144Z,loan_to_customer,3,132,200,14.217000,
policy_only,6,1,perf-policy_only-r006-20260818T052144Z,loan_to_customer,3,133,200,14.000900,
policy_only,6,1,perf-policy_only-r006-20260818T052144Z,loan_to_customer,3,134,200,14.779800,
policy_only,6,1,perf-policy_only-r006-20260818T052144Z,loan_to_customer,3,135,200,14.584700,
policy_only,6,1,perf-policy_only-r006-20260818T052144Z,loan_to_customer,3,136,200,14.645600,
policy_only,6,1,perf-policy_only-r006-20260818T052144Z,loan_to_customer,3,137,200,14.593900,
policy_only,6,1,perf-policy_only-r006-20260818T052144Z,loan_to_customer,3,138,200,15.294300,
policy_only,6,1,perf-policy_only-r006-20260818T052144Z,loan_to_customer,3,139,200,14.801700,
policy_only,6,1,perf-policy_only-r006-20260818T052144Z,loan_to_customer,3,140,200,15.960000,
policy_only,6,1,perf-policy_only-r006-20260818T052144Z,loan_to_customer,3,141,200,15.934700,
policy_only,6,1,perf-policy_only-r006-20260818T052144Z,loan_to_customer,3,142,200,15.894800,
policy_only,6,1,perf-policy_only-r006-20260818T052144Z,loan_to_customer,3,143,200,18.163800,
policy_only,6,1,perf-policy_only-r006-20260818T052144Z,loan_to_customer,3,144,200,14.324400,
policy_only,6,1,perf-policy_only-r006-20260818T052144Z,loan_to_customer,3,145,200,14.380000,
policy_only,6,1,perf-policy_only-r006-20260818T052144Z,loan_to_customer,3,146,200,13.949100,
policy_only,6,1,perf-policy_only-r006-20260818T052144Z,loan_to_customer,3,147,200,13.793800,
policy_only,6,1,perf-policy_only-r006-20260818T052144Z,loan_to_customer,3,148,200,14.340600,
policy_only,6,1,perf-policy_only-r006-20260818T052144Z,loan_to_customer,3,149,200,14.065600,
policy_only,6,1,perf-policy_only-r006-20260818T052144Z,loan_to_customer,3,150,200,14.241700,
policy_only,6,1,perf-policy_only-r006-20260818T052144Z,loan_to_customer,3,151,200,14.232000,
policy_only,6,1,perf-policy_only-r006-20260818T052144Z,loan_to_customer,3,152,200,14.081400,
policy_only,6,1,perf-policy_only-r006-20260818T052144Z,loan_to_customer,3,153,200,14.005100,
policy_only,6,1,perf-policy_only-r006-20260818T052144Z,loan_to_customer,3,154,200,13.329900,
policy_only,6,1,perf-policy_only-r006-20260818T052144Z,loan_to_customer,3,155,200,14.284500,
policy_only,6,1,perf-policy_only-r006-20260818T052144Z,loan_to_customer,3,156,200,14.314000,
policy_only,6,1,perf-policy_only-r006-20260818T052144Z,loan_to_customer,3,157,200,13.926400,
policy_only,6,1,perf-policy_only-r006-20260818T052144Z,loan_to_customer,3,158,200,13.186400,
policy_only,6,1,perf-policy_only-r006-20260818T052144Z,loan_to_customer,3,159,200,14.191700,
policy_only,6,1,perf-policy_only-r006-20260818T052144Z,loan_to_customer,3,160,200,14.375200,
policy_only,6,1,perf-policy_only-r006-20260818T052144Z,loan_to_customer,3,161,200,13.651700,
policy_only,6,1,perf-policy_only-r006-20260818T052144Z,loan_to_customer,3,162,200,13.477800,
policy_only,6,1,perf-policy_only-r006-20260818T052144Z,loan_to_customer,3,163,200,14.224900,
policy_only,6,1,perf-policy_only-r006-20260818T052144Z,loan_to_customer,3,164,200,14.407400,
policy_only,6,1,perf-policy_only-r006-20260818T052144Z,loan_to_customer,3,165,200,13.926500,
policy_only,6,1,perf-policy_only-r006-20260818T052144Z,loan_to_customer,3,166,200,15.744800,
policy_only,6,1,perf-policy_only-r006-20260818T052144Z,loan_to_customer,3,167,200,14.552400,
policy_only,6,1,perf-policy_only-r006-20260818T052144Z,loan_to_customer,3,168,200,14.784100,
policy_only,6,1,perf-policy_only-r006-20260818T052144Z,loan_to_customer,3,169,200,14.286900,
policy_only,6,1,perf-policy_only-r006-20260818T052144Z,loan_to_customer,3,170,200,14.407800,
policy_only,6,1,perf-policy_only-r006-20260818T052144Z,loan_to_customer,3,171,200,15.512100,
policy_only,6,1,perf-policy_only-r006-20260818T052144Z,loan_to_customer,3,172,200,15.926800,
policy_only,6,1,perf-policy_only-r006-20260818T052144Z,loan_to_customer,3,173,200,15.492300,
policy_only,6,1,perf-policy_only-r006-20260818T052144Z,loan_to_customer,3,174,200,18.715900,
policy_only,6,1,perf-policy_only-r006-20260818T052144Z,loan_to_customer,3,175,200,18.413800,
policy_only,6,1,perf-policy_only-r006-20260818T052144Z,loan_to_customer,3,176,200,16.377700,
policy_only,6,1,perf-policy_only-r006-20260818T052144Z,loan_to_customer,3,177,200,16.333500,
policy_only,6,1,perf-policy_only-r006-20260818T052144Z,loan_to_customer,3,178,200,15.933400,
policy_only,6,1,perf-policy_only-r006-20260818T052144Z,loan_to_customer,3,179,200,15.995600,
policy_only,6,1,perf-policy_only-r006-20260818T052144Z,loan_to_customer,3,180,200,14.939300,
policy_only,6,1,perf-policy_only-r006-20260818T052144Z,loan_to_customer,3,181,200,14.850400,
policy_only,6,1,perf-policy_only-r006-20260818T052144Z,loan_to_customer,3,182,200,15.031100,
policy_only,6,1,perf-policy_only-r006-20260818T052144Z,loan_to_customer,3,183,200,14.379800,
policy_only,6,1,perf-policy_only-r006-20260818T052144Z,loan_to_customer,3,184,200,14.564600,
policy_only,6,1,perf-policy_only-r006-20260818T052144Z,loan_to_customer,3,185,200,13.887200,
policy_only,6,1,perf-policy_only-r006-20260818T052144Z,loan_to_customer,3,186,200,14.108300,
policy_only,6,1,perf-policy_only-r006-20260818T052144Z,loan_to_customer,3,187,200,14.348800,
policy_only,6,1,perf-policy_only-r006-20260818T052144Z,loan_to_customer,3,188,200,14.902600,
policy_only,6,1,perf-policy_only-r006-20260818T052144Z,loan_to_customer,3,189,200,14.527100,
policy_only,6,1,perf-policy_only-r006-20260818T052144Z,loan_to_customer,3,190,200,15.528200,
policy_only,6,1,perf-policy_only-r006-20260818T052144Z,loan_to_customer,3,191,200,14.293100,
policy_only,6,1,perf-policy_only-r006-20260818T052144Z,loan_to_customer,3,192,200,14.428900,
policy_only,6,1,perf-policy_only-r006-20260818T052144Z,loan_to_customer,3,193,200,14.852900,
policy_only,6,1,perf-policy_only-r006-20260818T052144Z,loan_to_customer,3,194,200,14.367800,
policy_only,6,1,perf-policy_only-r006-20260818T052144Z,loan_to_customer,3,195,200,15.120300,
policy_only,6,1,perf-policy_only-r006-20260818T052144Z,loan_to_customer,3,196,200,14.553900,
policy_only,6,1,perf-policy_only-r006-20260818T052144Z,loan_to_customer,3,197,200,14.458200,
policy_only,6,1,perf-policy_only-r006-20260818T052144Z,loan_to_customer,3,198,200,14.518500,
policy_only,6,1,perf-policy_only-r006-20260818T052144Z,loan_to_customer,3,199,200,14.720200,
policy_only,6,1,perf-policy_only-r006-20260818T052144Z,loan_to_customer,3,200,200,14.501100,
policy_only,6,1,perf-policy_only-r006-20260818T052144Z,loan_to_credit,1,1,200,16.019700,
policy_only,6,1,perf-policy_only-r006-20260818T052144Z,loan_to_credit,1,2,200,15.844900,
policy_only,6,1,perf-policy_only-r006-20260818T052144Z,loan_to_credit,1,3,200,17.276000,
policy_only,6,1,perf-policy_only-r006-20260818T052144Z,loan_to_credit,1,4,200,16.297900,
policy_only,6,1,perf-policy_only-r006-20260818T052144Z,loan_to_credit,1,5,200,16.756100,
policy_only,6,1,perf-policy_only-r006-20260818T052144Z,loan_to_credit,1,6,200,15.643000,
policy_only,6,1,perf-policy_only-r006-20260818T052144Z,loan_to_credit,1,7,200,16.741200,
policy_only,6,1,perf-policy_only-r006-20260818T052144Z,loan_to_credit,1,8,200,16.523200,
policy_only,6,1,perf-policy_only-r006-20260818T052144Z,loan_to_credit,1,9,200,16.364600,
policy_only,6,1,perf-policy_only-r006-20260818T052144Z,loan_to_credit,1,10,200,16.335900,
policy_only,6,1,perf-policy_only-r006-20260818T052144Z,loan_to_credit,1,11,200,16.567600,
policy_only,6,1,perf-policy_only-r006-20260818T052144Z,loan_to_credit,1,12,200,15.292800,
policy_only,6,1,perf-policy_only-r006-20260818T052144Z,loan_to_credit,1,13,200,16.252600,
policy_only,6,1,perf-policy_only-r006-20260818T052144Z,loan_to_credit,1,14,200,15.983300,
policy_only,6,1,perf-policy_only-r006-20260818T052144Z,loan_to_credit,1,15,200,17.468800,
policy_only,6,1,perf-policy_only-r006-20260818T052144Z,loan_to_credit,1,16,200,16.432900,
policy_only,6,1,perf-policy_only-r006-20260818T052144Z,loan_to_credit,1,17,200,17.014100,
policy_only,6,1,perf-policy_only-r006-20260818T052144Z,loan_to_credit,1,18,200,15.967500,
policy_only,6,1,perf-policy_only-r006-20260818T052144Z,loan_to_credit,1,19,200,16.000700,
policy_only,6,1,perf-policy_only-r006-20260818T052144Z,loan_to_credit,1,20,200,16.403300,
policy_only,6,1,perf-policy_only-r006-20260818T052144Z,loan_to_credit,1,21,200,18.041500,
policy_only,6,1,perf-policy_only-r006-20260818T052144Z,loan_to_credit,1,22,200,16.514500,
policy_only,6,1,perf-policy_only-r006-20260818T052144Z,loan_to_credit,1,23,200,16.143900,
policy_only,6,1,perf-policy_only-r006-20260818T052144Z,loan_to_credit,1,24,200,16.730200,
policy_only,6,1,perf-policy_only-r006-20260818T052144Z,loan_to_credit,1,25,200,15.876300,
policy_only,6,1,perf-policy_only-r006-20260818T052144Z,loan_to_credit,1,26,200,15.095100,
policy_only,6,1,perf-policy_only-r006-20260818T052144Z,loan_to_credit,1,27,200,16.118200,
policy_only,6,1,perf-policy_only-r006-20260818T052144Z,loan_to_credit,1,28,200,17.337500,
policy_only,6,1,perf-policy_only-r006-20260818T052144Z,loan_to_credit,1,29,200,16.748200,
policy_only,6,1,perf-policy_only-r006-20260818T052144Z,loan_to_credit,1,30,200,16.693200,
policy_only,6,1,perf-policy_only-r006-20260818T052144Z,loan_to_credit,1,31,200,19.884100,
policy_only,6,1,perf-policy_only-r006-20260818T052144Z,loan_to_credit,1,32,200,17.924000,
policy_only,6,1,perf-policy_only-r006-20260818T052144Z,loan_to_credit,1,33,200,17.924300,
policy_only,6,1,perf-policy_only-r006-20260818T052144Z,loan_to_credit,1,34,200,17.618500,
policy_only,6,1,perf-policy_only-r006-20260818T052144Z,loan_to_credit,1,35,200,18.068500,
policy_only,6,1,perf-policy_only-r006-20260818T052144Z,loan_to_credit,1,36,200,17.101000,
policy_only,6,1,perf-policy_only-r006-20260818T052144Z,loan_to_credit,1,37,200,16.274400,
policy_only,6,1,perf-policy_only-r006-20260818T052144Z,loan_to_credit,1,38,200,18.025200,
policy_only,6,1,perf-policy_only-r006-20260818T052144Z,loan_to_credit,1,39,200,16.651900,
policy_only,6,1,perf-policy_only-r006-20260818T052144Z,loan_to_credit,1,40,200,16.871800,
policy_only,6,1,perf-policy_only-r006-20260818T052144Z,loan_to_credit,1,41,200,16.442400,
policy_only,6,1,perf-policy_only-r006-20260818T052144Z,loan_to_credit,1,42,200,16.028900,
policy_only,6,1,perf-policy_only-r006-20260818T052144Z,loan_to_credit,1,43,200,15.714900,
policy_only,6,1,perf-policy_only-r006-20260818T052144Z,loan_to_credit,1,44,200,18.053200,
policy_only,6,1,perf-policy_only-r006-20260818T052144Z,loan_to_credit,1,45,200,16.006600,
policy_only,6,1,perf-policy_only-r006-20260818T052144Z,loan_to_credit,1,46,200,16.158900,
policy_only,6,1,perf-policy_only-r006-20260818T052144Z,loan_to_credit,1,47,200,19.514800,
policy_only,6,1,perf-policy_only-r006-20260818T052144Z,loan_to_credit,1,48,200,17.767600,
policy_only,6,1,perf-policy_only-r006-20260818T052144Z,loan_to_credit,1,49,200,16.922100,
policy_only,6,1,perf-policy_only-r006-20260818T052144Z,loan_to_credit,1,50,200,17.372200,
policy_only,6,1,perf-policy_only-r006-20260818T052144Z,loan_to_credit,1,51,200,16.557000,
policy_only,6,1,perf-policy_only-r006-20260818T052144Z,loan_to_credit,1,52,200,15.762000,
policy_only,6,1,perf-policy_only-r006-20260818T052144Z,loan_to_credit,1,53,200,16.171400,
policy_only,6,1,perf-policy_only-r006-20260818T052144Z,loan_to_credit,1,54,200,15.666700,
policy_only,6,1,perf-policy_only-r006-20260818T052144Z,loan_to_credit,1,55,200,15.833300,
policy_only,6,1,perf-policy_only-r006-20260818T052144Z,loan_to_credit,1,56,200,16.583100,
policy_only,6,1,perf-policy_only-r006-20260818T052144Z,loan_to_credit,1,57,200,16.669200,
policy_only,6,1,perf-policy_only-r006-20260818T052144Z,loan_to_credit,1,58,200,15.775300,
policy_only,6,1,perf-policy_only-r006-20260818T052144Z,loan_to_credit,1,59,200,16.354600,
policy_only,6,1,perf-policy_only-r006-20260818T052144Z,loan_to_credit,1,60,200,16.463800,
policy_only,6,1,perf-policy_only-r006-20260818T052144Z,loan_to_credit,1,61,200,16.514200,
policy_only,6,1,perf-policy_only-r006-20260818T052144Z,loan_to_credit,1,62,200,15.870200,
policy_only,6,1,perf-policy_only-r006-20260818T052144Z,loan_to_credit,1,63,200,16.216200,
policy_only,6,1,perf-policy_only-r006-20260818T052144Z,loan_to_credit,1,64,200,15.136100,
policy_only,6,1,perf-policy_only-r006-20260818T052144Z,loan_to_credit,1,65,200,16.515600,
policy_only,6,1,perf-policy_only-r006-20260818T052144Z,loan_to_credit,1,66,200,16.990900,
policy_only,6,1,perf-policy_only-r006-20260818T052144Z,loan_to_credit,1,67,200,16.156700,
policy_only,6,1,perf-policy_only-r006-20260818T052144Z,loan_to_credit,1,68,200,16.370200,
policy_only,6,1,perf-policy_only-r006-20260818T052144Z,loan_to_credit,1,69,200,15.430800,
policy_only,6,1,perf-policy_only-r006-20260818T052144Z,loan_to_credit,1,70,200,16.446100,
policy_only,6,1,perf-policy_only-r006-20260818T052144Z,loan_to_credit,1,71,200,16.515600,
policy_only,6,1,perf-policy_only-r006-20260818T052144Z,loan_to_credit,1,72,200,15.585100,
policy_only,6,1,perf-policy_only-r006-20260818T052144Z,loan_to_credit,1,73,200,16.247900,
policy_only,6,1,perf-policy_only-r006-20260818T052144Z,loan_to_credit,1,74,200,15.719600,
policy_only,6,1,perf-policy_only-r006-20260818T052144Z,loan_to_credit,1,75,200,16.250800,
policy_only,6,1,perf-policy_only-r006-20260818T052144Z,loan_to_credit,1,76,200,16.074800,
policy_only,6,1,perf-policy_only-r006-20260818T052144Z,loan_to_credit,1,77,200,15.737100,
policy_only,6,1,perf-policy_only-r006-20260818T052144Z,loan_to_credit,1,78,200,18.004600,
policy_only,6,1,perf-policy_only-r006-20260818T052144Z,loan_to_credit,1,79,200,19.674000,
policy_only,6,1,perf-policy_only-r006-20260818T052144Z,loan_to_credit,1,80,200,19.598900,
policy_only,6,1,perf-policy_only-r006-20260818T052144Z,loan_to_credit,1,81,200,16.556400,
policy_only,6,1,perf-policy_only-r006-20260818T052144Z,loan_to_credit,1,82,200,16.511800,
policy_only,6,1,perf-policy_only-r006-20260818T052144Z,loan_to_credit,1,83,200,16.879900,
policy_only,6,1,perf-policy_only-r006-20260818T052144Z,loan_to_credit,1,84,200,16.746300,
policy_only,6,1,perf-policy_only-r006-20260818T052144Z,loan_to_credit,1,85,200,15.660700,
policy_only,6,1,perf-policy_only-r006-20260818T052144Z,loan_to_credit,1,86,200,15.009700,
policy_only,6,1,perf-policy_only-r006-20260818T052144Z,loan_to_credit,1,87,200,16.385200,
policy_only,6,1,perf-policy_only-r006-20260818T052144Z,loan_to_credit,1,88,200,16.355300,
policy_only,6,1,perf-policy_only-r006-20260818T052144Z,loan_to_credit,1,89,200,16.511600,
policy_only,6,1,perf-policy_only-r006-20260818T052144Z,loan_to_credit,1,90,200,15.777100,
policy_only,6,1,perf-policy_only-r006-20260818T052144Z,loan_to_credit,1,91,200,16.118500,
policy_only,6,1,perf-policy_only-r006-20260818T052144Z,loan_to_credit,1,92,200,15.826000,
policy_only,6,1,perf-policy_only-r006-20260818T052144Z,loan_to_credit,1,93,200,15.853700,
policy_only,6,1,perf-policy_only-r006-20260818T052144Z,loan_to_credit,1,94,200,16.437900,
policy_only,6,1,perf-policy_only-r006-20260818T052144Z,loan_to_credit,1,95,200,15.716100,
policy_only,6,1,perf-policy_only-r006-20260818T052144Z,loan_to_credit,1,96,200,16.257900,
policy_only,6,1,perf-policy_only-r006-20260818T052144Z,loan_to_credit,1,97,200,16.641000,
policy_only,6,1,perf-policy_only-r006-20260818T052144Z,loan_to_credit,1,98,200,16.457800,
policy_only,6,1,perf-policy_only-r006-20260818T052144Z,loan_to_credit,1,99,200,16.677100,
policy_only,6,1,perf-policy_only-r006-20260818T052144Z,loan_to_credit,1,100,200,15.751400,
policy_only,6,1,perf-policy_only-r006-20260818T052144Z,loan_to_credit,1,101,200,16.329100,
policy_only,6,1,perf-policy_only-r006-20260818T052144Z,loan_to_credit,1,102,200,16.326300,
policy_only,6,1,perf-policy_only-r006-20260818T052144Z,loan_to_credit,1,103,200,15.337800,
policy_only,6,1,perf-policy_only-r006-20260818T052144Z,loan_to_credit,1,104,200,16.207600,
policy_only,6,1,perf-policy_only-r006-20260818T052144Z,loan_to_credit,1,105,200,15.976700,
policy_only,6,1,perf-policy_only-r006-20260818T052144Z,loan_to_credit,1,106,200,15.936700,
policy_only,6,1,perf-policy_only-r006-20260818T052144Z,loan_to_credit,1,107,200,15.996400,
policy_only,6,1,perf-policy_only-r006-20260818T052144Z,loan_to_credit,1,108,200,17.248400,
policy_only,6,1,perf-policy_only-r006-20260818T052144Z,loan_to_credit,1,109,200,19.961000,
policy_only,6,1,perf-policy_only-r006-20260818T052144Z,loan_to_credit,1,110,200,16.320500,
policy_only,6,1,perf-policy_only-r006-20260818T052144Z,loan_to_credit,1,111,200,16.551600,
policy_only,6,1,perf-policy_only-r006-20260818T052144Z,loan_to_credit,1,112,200,17.180900,
policy_only,6,1,perf-policy_only-r006-20260818T052144Z,loan_to_credit,1,113,200,15.812400,
policy_only,6,1,perf-policy_only-r006-20260818T052144Z,loan_to_credit,1,114,200,16.778300,
policy_only,6,1,perf-policy_only-r006-20260818T052144Z,loan_to_credit,1,115,200,16.037800,
policy_only,6,1,perf-policy_only-r006-20260818T052144Z,loan_to_credit,1,116,200,15.949000,
policy_only,6,1,perf-policy_only-r006-20260818T052144Z,loan_to_credit,1,117,200,16.169000,
policy_only,6,1,perf-policy_only-r006-20260818T052144Z,loan_to_credit,1,118,200,16.199200,
policy_only,6,1,perf-policy_only-r006-20260818T052144Z,loan_to_credit,1,119,200,16.462700,
policy_only,6,1,perf-policy_only-r006-20260818T052144Z,loan_to_credit,1,120,200,16.129900,
policy_only,6,1,perf-policy_only-r006-20260818T052144Z,loan_to_credit,1,121,200,16.009700,
policy_only,6,1,perf-policy_only-r006-20260818T052144Z,loan_to_credit,1,122,200,15.978300,
policy_only,6,1,perf-policy_only-r006-20260818T052144Z,loan_to_credit,1,123,200,16.521400,
policy_only,6,1,perf-policy_only-r006-20260818T052144Z,loan_to_credit,1,124,200,17.762200,
policy_only,6,1,perf-policy_only-r006-20260818T052144Z,loan_to_credit,1,125,200,16.421900,
policy_only,6,1,perf-policy_only-r006-20260818T052144Z,loan_to_credit,1,126,200,17.526500,
policy_only,6,1,perf-policy_only-r006-20260818T052144Z,loan_to_credit,1,127,200,15.774600,
policy_only,6,1,perf-policy_only-r006-20260818T052144Z,loan_to_credit,1,128,200,15.692300,
policy_only,6,1,perf-policy_only-r006-20260818T052144Z,loan_to_credit,1,129,200,16.260200,
policy_only,6,1,perf-policy_only-r006-20260818T052144Z,loan_to_credit,1,130,200,16.593000,
policy_only,6,1,perf-policy_only-r006-20260818T052144Z,loan_to_credit,1,131,200,16.085500,
policy_only,6,1,perf-policy_only-r006-20260818T052144Z,loan_to_credit,1,132,200,15.959900,
policy_only,6,1,perf-policy_only-r006-20260818T052144Z,loan_to_credit,1,133,200,15.838200,
policy_only,6,1,perf-policy_only-r006-20260818T052144Z,loan_to_credit,1,134,200,16.227500,
policy_only,6,1,perf-policy_only-r006-20260818T052144Z,loan_to_credit,1,135,200,16.064000,
policy_only,6,1,perf-policy_only-r006-20260818T052144Z,loan_to_credit,1,136,200,15.628600,
policy_only,6,1,perf-policy_only-r006-20260818T052144Z,loan_to_credit,1,137,200,16.255300,
policy_only,6,1,perf-policy_only-r006-20260818T052144Z,loan_to_credit,1,138,200,16.387600,
policy_only,6,1,perf-policy_only-r006-20260818T052144Z,loan_to_credit,1,139,200,16.856000,
policy_only,6,1,perf-policy_only-r006-20260818T052144Z,loan_to_credit,1,140,200,18.627000,
policy_only,6,1,perf-policy_only-r006-20260818T052144Z,loan_to_credit,1,141,200,15.745400,
policy_only,6,1,perf-policy_only-r006-20260818T052144Z,loan_to_credit,1,142,200,17.326500,
policy_only,6,1,perf-policy_only-r006-20260818T052144Z,loan_to_credit,1,143,200,15.978600,
policy_only,6,1,perf-policy_only-r006-20260818T052144Z,loan_to_credit,1,144,200,16.056800,
policy_only,6,1,perf-policy_only-r006-20260818T052144Z,loan_to_credit,1,145,200,16.147200,
policy_only,6,1,perf-policy_only-r006-20260818T052144Z,loan_to_credit,1,146,200,17.046500,
policy_only,6,1,perf-policy_only-r006-20260818T052144Z,loan_to_credit,1,147,200,16.711600,
policy_only,6,1,perf-policy_only-r006-20260818T052144Z,loan_to_credit,1,148,200,16.008100,
policy_only,6,1,perf-policy_only-r006-20260818T052144Z,loan_to_credit,1,149,200,16.429100,
policy_only,6,1,perf-policy_only-r006-20260818T052144Z,loan_to_credit,1,150,200,16.314200,
policy_only,6,1,perf-policy_only-r006-20260818T052144Z,loan_to_credit,1,151,200,15.839900,
policy_only,6,1,perf-policy_only-r006-20260818T052144Z,loan_to_credit,1,152,200,16.044700,
policy_only,6,1,perf-policy_only-r006-20260818T052144Z,loan_to_credit,1,153,200,16.057300,
policy_only,6,1,perf-policy_only-r006-20260818T052144Z,loan_to_credit,1,154,200,15.909500,
policy_only,6,1,perf-policy_only-r006-20260818T052144Z,loan_to_credit,1,155,200,15.888400,
policy_only,6,1,perf-policy_only-r006-20260818T052144Z,loan_to_credit,1,156,200,16.265100,
policy_only,6,1,perf-policy_only-r006-20260818T052144Z,loan_to_credit,1,157,200,16.019500,
policy_only,6,1,perf-policy_only-r006-20260818T052144Z,loan_to_credit,1,158,200,17.013700,
policy_only,6,1,perf-policy_only-r006-20260818T052144Z,loan_to_credit,1,159,200,16.785700,
policy_only,6,1,perf-policy_only-r006-20260818T052144Z,loan_to_credit,1,160,200,15.950800,
policy_only,6,1,perf-policy_only-r006-20260818T052144Z,loan_to_credit,1,161,200,16.197200,
policy_only,6,1,perf-policy_only-r006-20260818T052144Z,loan_to_credit,1,162,200,16.017400,
policy_only,6,1,perf-policy_only-r006-20260818T052144Z,loan_to_credit,1,163,200,15.742100,
policy_only,6,1,perf-policy_only-r006-20260818T052144Z,loan_to_credit,1,164,200,15.933500,
policy_only,6,1,perf-policy_only-r006-20260818T052144Z,loan_to_credit,1,165,200,16.963100,
policy_only,6,1,perf-policy_only-r006-20260818T052144Z,loan_to_credit,1,166,200,16.278000,
policy_only,6,1,perf-policy_only-r006-20260818T052144Z,loan_to_credit,1,167,200,15.859000,
policy_only,6,1,perf-policy_only-r006-20260818T052144Z,loan_to_credit,1,168,200,16.492800,
policy_only,6,1,perf-policy_only-r006-20260818T052144Z,loan_to_credit,1,169,200,17.656700,
policy_only,6,1,perf-policy_only-r006-20260818T052144Z,loan_to_credit,1,170,200,16.263400,
policy_only,6,1,perf-policy_only-r006-20260818T052144Z,loan_to_credit,1,171,200,16.916400,
policy_only,6,1,perf-policy_only-r006-20260818T052144Z,loan_to_credit,1,172,200,16.583000,
policy_only,6,1,perf-policy_only-r006-20260818T052144Z,loan_to_credit,1,173,200,16.928200,
policy_only,6,1,perf-policy_only-r006-20260818T052144Z,loan_to_credit,1,174,200,15.894400,
policy_only,6,1,perf-policy_only-r006-20260818T052144Z,loan_to_credit,1,175,200,16.327200,
policy_only,6,1,perf-policy_only-r006-20260818T052144Z,loan_to_credit,1,176,200,15.268200,
policy_only,6,1,perf-policy_only-r006-20260818T052144Z,loan_to_credit,1,177,200,16.433700,
policy_only,6,1,perf-policy_only-r006-20260818T052144Z,loan_to_credit,1,178,200,17.153700,
policy_only,6,1,perf-policy_only-r006-20260818T052144Z,loan_to_credit,1,179,200,16.935800,
policy_only,6,1,perf-policy_only-r006-20260818T052144Z,loan_to_credit,1,180,200,15.933300,
policy_only,6,1,perf-policy_only-r006-20260818T052144Z,loan_to_credit,1,181,200,16.576500,
policy_only,6,1,perf-policy_only-r006-20260818T052144Z,loan_to_credit,1,182,200,15.921600,
policy_only,6,1,perf-policy_only-r006-20260818T052144Z,loan_to_credit,1,183,200,16.662900,
policy_only,6,1,perf-policy_only-r006-20260818T052144Z,loan_to_credit,1,184,200,15.798100,
policy_only,6,1,perf-policy_only-r006-20260818T052144Z,loan_to_credit,1,185,200,16.353500,
policy_only,6,1,perf-policy_only-r006-20260818T052144Z,loan_to_credit,1,186,200,16.300000,
policy_only,6,1,perf-policy_only-r006-20260818T052144Z,loan_to_credit,1,187,200,16.087100,
policy_only,6,1,perf-policy_only-r006-20260818T052144Z,loan_to_credit,1,188,200,16.729100,
policy_only,6,1,perf-policy_only-r006-20260818T052144Z,loan_to_credit,1,189,200,16.431300,
policy_only,6,1,perf-policy_only-r006-20260818T052144Z,loan_to_credit,1,190,200,16.820800,
policy_only,6,1,perf-policy_only-r006-20260818T052144Z,loan_to_credit,1,191,200,16.449100,
policy_only,6,1,perf-policy_only-r006-20260818T052144Z,loan_to_credit,1,192,200,16.530000,
policy_only,6,1,perf-policy_only-r006-20260818T052144Z,loan_to_credit,1,193,200,15.716500,
policy_only,6,1,perf-policy_only-r006-20260818T052144Z,loan_to_credit,1,194,200,16.593000,
policy_only,6,1,perf-policy_only-r006-20260818T052144Z,loan_to_credit,1,195,200,16.550600,
policy_only,6,1,perf-policy_only-r006-20260818T052144Z,loan_to_credit,1,196,200,16.949000,
policy_only,6,1,perf-policy_only-r006-20260818T052144Z,loan_to_credit,1,197,200,17.404700,
policy_only,6,1,perf-policy_only-r006-20260818T052144Z,loan_to_credit,1,198,200,16.848900,
policy_only,6,1,perf-policy_only-r006-20260818T052144Z,loan_to_credit,1,199,200,15.656900,
policy_only,6,1,perf-policy_only-r006-20260818T052144Z,loan_to_credit,1,200,200,16.251200,
policy_only,6,1,perf-policy_only-r006-20260818T052144Z,loan_to_credit,2,1,200,20.126500,
policy_only,6,1,perf-policy_only-r006-20260818T052144Z,loan_to_credit,2,2,200,16.984600,
policy_only,6,1,perf-policy_only-r006-20260818T052144Z,loan_to_credit,2,3,200,16.753600,
policy_only,6,1,perf-policy_only-r006-20260818T052144Z,loan_to_credit,2,4,200,15.621600,
policy_only,6,1,perf-policy_only-r006-20260818T052144Z,loan_to_credit,2,5,200,16.741400,
policy_only,6,1,perf-policy_only-r006-20260818T052144Z,loan_to_credit,2,6,200,16.397000,
policy_only,6,1,perf-policy_only-r006-20260818T052144Z,loan_to_credit,2,7,200,16.501500,
policy_only,6,1,perf-policy_only-r006-20260818T052144Z,loan_to_credit,2,8,200,16.634200,
policy_only,6,1,perf-policy_only-r006-20260818T052144Z,loan_to_credit,2,9,200,17.077200,
policy_only,6,1,perf-policy_only-r006-20260818T052144Z,loan_to_credit,2,10,200,16.795400,
policy_only,6,1,perf-policy_only-r006-20260818T052144Z,loan_to_credit,2,11,200,16.152300,
policy_only,6,1,perf-policy_only-r006-20260818T052144Z,loan_to_credit,2,12,200,16.479800,
policy_only,6,1,perf-policy_only-r006-20260818T052144Z,loan_to_credit,2,13,200,14.941800,
policy_only,6,1,perf-policy_only-r006-20260818T052144Z,loan_to_credit,2,14,200,15.025900,
policy_only,6,1,perf-policy_only-r006-20260818T052144Z,loan_to_credit,2,15,200,15.893300,
policy_only,6,1,perf-policy_only-r006-20260818T052144Z,loan_to_credit,2,16,200,16.448600,
policy_only,6,1,perf-policy_only-r006-20260818T052144Z,loan_to_credit,2,17,200,16.111800,
policy_only,6,1,perf-policy_only-r006-20260818T052144Z,loan_to_credit,2,18,200,15.747500,
policy_only,6,1,perf-policy_only-r006-20260818T052144Z,loan_to_credit,2,19,200,15.999200,
policy_only,6,1,perf-policy_only-r006-20260818T052144Z,loan_to_credit,2,20,200,16.789400,
policy_only,6,1,perf-policy_only-r006-20260818T052144Z,loan_to_credit,2,21,200,15.876200,
policy_only,6,1,perf-policy_only-r006-20260818T052144Z,loan_to_credit,2,22,200,14.927000,
policy_only,6,1,perf-policy_only-r006-20260818T052144Z,loan_to_credit,2,23,200,16.021400,
policy_only,6,1,perf-policy_only-r006-20260818T052144Z,loan_to_credit,2,24,200,16.283500,
policy_only,6,1,perf-policy_only-r006-20260818T052144Z,loan_to_credit,2,25,200,15.726600,
policy_only,6,1,perf-policy_only-r006-20260818T052144Z,loan_to_credit,2,26,200,15.992200,
policy_only,6,1,perf-policy_only-r006-20260818T052144Z,loan_to_credit,2,27,200,15.776300,
policy_only,6,1,perf-policy_only-r006-20260818T052144Z,loan_to_credit,2,28,200,16.521400,
policy_only,6,1,perf-policy_only-r006-20260818T052144Z,loan_to_credit,2,29,200,16.167200,
policy_only,6,1,perf-policy_only-r006-20260818T052144Z,loan_to_credit,2,30,200,18.298400,
policy_only,6,1,perf-policy_only-r006-20260818T052144Z,loan_to_credit,2,31,200,20.143600,
policy_only,6,1,perf-policy_only-r006-20260818T052144Z,loan_to_credit,2,32,200,20.905600,
policy_only,6,1,perf-policy_only-r006-20260818T052144Z,loan_to_credit,2,33,200,16.534300,
policy_only,6,1,perf-policy_only-r006-20260818T052144Z,loan_to_credit,2,34,200,17.599800,
policy_only,6,1,perf-policy_only-r006-20260818T052144Z,loan_to_credit,2,35,200,18.865300,
policy_only,6,1,perf-policy_only-r006-20260818T052144Z,loan_to_credit,2,36,200,17.984500,
policy_only,6,1,perf-policy_only-r006-20260818T052144Z,loan_to_credit,2,37,200,20.181400,
policy_only,6,1,perf-policy_only-r006-20260818T052144Z,loan_to_credit,2,38,200,22.884200,
policy_only,6,1,perf-policy_only-r006-20260818T052144Z,loan_to_credit,2,39,200,20.094200,
policy_only,6,1,perf-policy_only-r006-20260818T052144Z,loan_to_credit,2,40,200,19.467300,
policy_only,6,1,perf-policy_only-r006-20260818T052144Z,loan_to_credit,2,41,200,19.255700,
policy_only,6,1,perf-policy_only-r006-20260818T052144Z,loan_to_credit,2,42,200,19.333700,
policy_only,6,1,perf-policy_only-r006-20260818T052144Z,loan_to_credit,2,43,200,18.868900,
policy_only,6,1,perf-policy_only-r006-20260818T052144Z,loan_to_credit,2,44,200,19.466400,
policy_only,6,1,perf-policy_only-r006-20260818T052144Z,loan_to_credit,2,45,200,19.820800,
policy_only,6,1,perf-policy_only-r006-20260818T052144Z,loan_to_credit,2,46,200,21.398000,
policy_only,6,1,perf-policy_only-r006-20260818T052144Z,loan_to_credit,2,47,200,22.217700,
policy_only,6,1,perf-policy_only-r006-20260818T052144Z,loan_to_credit,2,48,200,22.942600,
policy_only,6,1,perf-policy_only-r006-20260818T052144Z,loan_to_credit,2,49,200,23.151700,
policy_only,6,1,perf-policy_only-r006-20260818T052144Z,loan_to_credit,2,50,200,19.146400,
policy_only,6,1,perf-policy_only-r006-20260818T052144Z,loan_to_credit,2,51,200,21.408300,
policy_only,6,1,perf-policy_only-r006-20260818T052144Z,loan_to_credit,2,52,200,19.355600,
policy_only,6,1,perf-policy_only-r006-20260818T052144Z,loan_to_credit,2,53,200,17.438900,
policy_only,6,1,perf-policy_only-r006-20260818T052144Z,loan_to_credit,2,54,200,18.115500,
policy_only,6,1,perf-policy_only-r006-20260818T052144Z,loan_to_credit,2,55,200,24.898800,
policy_only,6,1,perf-policy_only-r006-20260818T052144Z,loan_to_credit,2,56,200,25.660200,
policy_only,6,1,perf-policy_only-r006-20260818T052144Z,loan_to_credit,2,57,200,19.850900,
policy_only,6,1,perf-policy_only-r006-20260818T052144Z,loan_to_credit,2,58,200,20.817400,
policy_only,6,1,perf-policy_only-r006-20260818T052144Z,loan_to_credit,2,59,200,19.880500,
policy_only,6,1,perf-policy_only-r006-20260818T052144Z,loan_to_credit,2,60,200,22.077800,
policy_only,6,1,perf-policy_only-r006-20260818T052144Z,loan_to_credit,2,61,200,19.227900,
policy_only,6,1,perf-policy_only-r006-20260818T052144Z,loan_to_credit,2,62,200,18.720500,
policy_only,6,1,perf-policy_only-r006-20260818T052144Z,loan_to_credit,2,63,200,18.613600,
policy_only,6,1,perf-policy_only-r006-20260818T052144Z,loan_to_credit,2,64,200,18.734700,
policy_only,6,1,perf-policy_only-r006-20260818T052144Z,loan_to_credit,2,65,200,19.839600,
policy_only,6,1,perf-policy_only-r006-20260818T052144Z,loan_to_credit,2,66,200,20.032400,
policy_only,6,1,perf-policy_only-r006-20260818T052144Z,loan_to_credit,2,67,200,19.352900,
policy_only,6,1,perf-policy_only-r006-20260818T052144Z,loan_to_credit,2,68,200,18.848700,
policy_only,6,1,perf-policy_only-r006-20260818T052144Z,loan_to_credit,2,69,200,19.645600,
policy_only,6,1,perf-policy_only-r006-20260818T052144Z,loan_to_credit,2,70,200,19.775600,
policy_only,6,1,perf-policy_only-r006-20260818T052144Z,loan_to_credit,2,71,200,18.731500,
policy_only,6,1,perf-policy_only-r006-20260818T052144Z,loan_to_credit,2,72,200,19.595100,
policy_only,6,1,perf-policy_only-r006-20260818T052144Z,loan_to_credit,2,73,200,19.433500,
policy_only,6,1,perf-policy_only-r006-20260818T052144Z,loan_to_credit,2,74,200,20.153600,
policy_only,6,1,perf-policy_only-r006-20260818T052144Z,loan_to_credit,2,75,200,21.037600,
policy_only,6,1,perf-policy_only-r006-20260818T052144Z,loan_to_credit,2,76,200,19.701300,
policy_only,6,1,perf-policy_only-r006-20260818T052144Z,loan_to_credit,2,77,200,21.129800,
policy_only,6,1,perf-policy_only-r006-20260818T052144Z,loan_to_credit,2,78,200,20.909500,
policy_only,6,1,perf-policy_only-r006-20260818T052144Z,loan_to_credit,2,79,200,23.000400,
policy_only,6,1,perf-policy_only-r006-20260818T052144Z,loan_to_credit,2,80,200,19.091800,
policy_only,6,1,perf-policy_only-r006-20260818T052144Z,loan_to_credit,2,81,200,27.667100,
policy_only,6,1,perf-policy_only-r006-20260818T052144Z,loan_to_credit,2,82,200,19.176000,
policy_only,6,1,perf-policy_only-r006-20260818T052144Z,loan_to_credit,2,83,200,20.206400,
policy_only,6,1,perf-policy_only-r006-20260818T052144Z,loan_to_credit,2,84,200,17.356400,
policy_only,6,1,perf-policy_only-r006-20260818T052144Z,loan_to_credit,2,85,200,19.708900,
policy_only,6,1,perf-policy_only-r006-20260818T052144Z,loan_to_credit,2,86,200,17.440700,
policy_only,6,1,perf-policy_only-r006-20260818T052144Z,loan_to_credit,2,87,200,17.975200,
policy_only,6,1,perf-policy_only-r006-20260818T052144Z,loan_to_credit,2,88,200,17.923600,
policy_only,6,1,perf-policy_only-r006-20260818T052144Z,loan_to_credit,2,89,200,18.118100,
policy_only,6,1,perf-policy_only-r006-20260818T052144Z,loan_to_credit,2,90,200,17.996400,
policy_only,6,1,perf-policy_only-r006-20260818T052144Z,loan_to_credit,2,91,200,22.596300,
policy_only,6,1,perf-policy_only-r006-20260818T052144Z,loan_to_credit,2,92,200,18.390100,
policy_only,6,1,perf-policy_only-r006-20260818T052144Z,loan_to_credit,2,93,200,17.656100,
policy_only,6,1,perf-policy_only-r006-20260818T052144Z,loan_to_credit,2,94,200,18.327200,
policy_only,6,1,perf-policy_only-r006-20260818T052144Z,loan_to_credit,2,95,200,17.655200,
policy_only,6,1,perf-policy_only-r006-20260818T052144Z,loan_to_credit,2,96,200,16.974000,
policy_only,6,1,perf-policy_only-r006-20260818T052144Z,loan_to_credit,2,97,200,17.907300,
policy_only,6,1,perf-policy_only-r006-20260818T052144Z,loan_to_credit,2,98,200,17.165500,
policy_only,6,1,perf-policy_only-r006-20260818T052144Z,loan_to_credit,2,99,200,18.288100,
policy_only,6,1,perf-policy_only-r006-20260818T052144Z,loan_to_credit,2,100,200,19.552600,
policy_only,6,1,perf-policy_only-r006-20260818T052144Z,loan_to_credit,2,101,200,19.043100,
policy_only,6,1,perf-policy_only-r006-20260818T052144Z,loan_to_credit,2,102,200,17.217500,
policy_only,6,1,perf-policy_only-r006-20260818T052144Z,loan_to_credit,2,103,200,19.396900,
policy_only,6,1,perf-policy_only-r006-20260818T052144Z,loan_to_credit,2,104,200,18.588500,
policy_only,6,1,perf-policy_only-r006-20260818T052144Z,loan_to_credit,2,105,200,17.377400,
policy_only,6,1,perf-policy_only-r006-20260818T052144Z,loan_to_credit,2,106,200,17.233900,
policy_only,6,1,perf-policy_only-r006-20260818T052144Z,loan_to_credit,2,107,200,17.779900,
policy_only,6,1,perf-policy_only-r006-20260818T052144Z,loan_to_credit,2,108,200,18.636000,
policy_only,6,1,perf-policy_only-r006-20260818T052144Z,loan_to_credit,2,109,200,18.899500,
policy_only,6,1,perf-policy_only-r006-20260818T052144Z,loan_to_credit,2,110,200,18.038000,
policy_only,6,1,perf-policy_only-r006-20260818T052144Z,loan_to_credit,2,111,200,17.442100,
policy_only,6,1,perf-policy_only-r006-20260818T052144Z,loan_to_credit,2,112,200,17.181400,
policy_only,6,1,perf-policy_only-r006-20260818T052144Z,loan_to_credit,2,113,200,17.306200,
policy_only,6,1,perf-policy_only-r006-20260818T052144Z,loan_to_credit,2,114,200,17.227200,
policy_only,6,1,perf-policy_only-r006-20260818T052144Z,loan_to_credit,2,115,200,18.424500,
policy_only,6,1,perf-policy_only-r006-20260818T052144Z,loan_to_credit,2,116,200,18.635600,
policy_only,6,1,perf-policy_only-r006-20260818T052144Z,loan_to_credit,2,117,200,19.411800,
policy_only,6,1,perf-policy_only-r006-20260818T052144Z,loan_to_credit,2,118,200,17.733600,
policy_only,6,1,perf-policy_only-r006-20260818T052144Z,loan_to_credit,2,119,200,19.786000,
policy_only,6,1,perf-policy_only-r006-20260818T052144Z,loan_to_credit,2,120,200,17.508900,
policy_only,6,1,perf-policy_only-r006-20260818T052144Z,loan_to_credit,2,121,200,17.687400,
policy_only,6,1,perf-policy_only-r006-20260818T052144Z,loan_to_credit,2,122,200,16.705400,
policy_only,6,1,perf-policy_only-r006-20260818T052144Z,loan_to_credit,2,123,200,16.671600,
policy_only,6,1,perf-policy_only-r006-20260818T052144Z,loan_to_credit,2,124,200,15.916700,
policy_only,6,1,perf-policy_only-r006-20260818T052144Z,loan_to_credit,2,125,200,17.320500,
policy_only,6,1,perf-policy_only-r006-20260818T052144Z,loan_to_credit,2,126,200,17.159500,
policy_only,6,1,perf-policy_only-r006-20260818T052144Z,loan_to_credit,2,127,200,17.581700,
policy_only,6,1,perf-policy_only-r006-20260818T052144Z,loan_to_credit,2,128,200,17.069400,
policy_only,6,1,perf-policy_only-r006-20260818T052144Z,loan_to_credit,2,129,200,16.647400,
policy_only,6,1,perf-policy_only-r006-20260818T052144Z,loan_to_credit,2,130,200,15.839300,
policy_only,6,1,perf-policy_only-r006-20260818T052144Z,loan_to_credit,2,131,200,16.276000,
policy_only,6,1,perf-policy_only-r006-20260818T052144Z,loan_to_credit,2,132,200,15.823000,
policy_only,6,1,perf-policy_only-r006-20260818T052144Z,loan_to_credit,2,133,200,16.178700,
policy_only,6,1,perf-policy_only-r006-20260818T052144Z,loan_to_credit,2,134,200,16.774200,
policy_only,6,1,perf-policy_only-r006-20260818T052144Z,loan_to_credit,2,135,200,17.721500,
policy_only,6,1,perf-policy_only-r006-20260818T052144Z,loan_to_credit,2,136,200,17.530200,
policy_only,6,1,perf-policy_only-r006-20260818T052144Z,loan_to_credit,2,137,200,15.883300,
policy_only,6,1,perf-policy_only-r006-20260818T052144Z,loan_to_credit,2,138,200,15.575000,
policy_only,6,1,perf-policy_only-r006-20260818T052144Z,loan_to_credit,2,139,200,15.326100,
policy_only,6,1,perf-policy_only-r006-20260818T052144Z,loan_to_credit,2,140,200,17.932700,
policy_only,6,1,perf-policy_only-r006-20260818T052144Z,loan_to_credit,2,141,200,17.191300,
policy_only,6,1,perf-policy_only-r006-20260818T052144Z,loan_to_credit,2,142,200,15.705200,
policy_only,6,1,perf-policy_only-r006-20260818T052144Z,loan_to_credit,2,143,200,15.805500,
policy_only,6,1,perf-policy_only-r006-20260818T052144Z,loan_to_credit,2,144,200,16.368200,
policy_only,6,1,perf-policy_only-r006-20260818T052144Z,loan_to_credit,2,145,200,15.759000,
policy_only,6,1,perf-policy_only-r006-20260818T052144Z,loan_to_credit,2,146,200,16.465100,
policy_only,6,1,perf-policy_only-r006-20260818T052144Z,loan_to_credit,2,147,200,16.996400,
policy_only,6,1,perf-policy_only-r006-20260818T052144Z,loan_to_credit,2,148,200,15.970000,
policy_only,6,1,perf-policy_only-r006-20260818T052144Z,loan_to_credit,2,149,200,15.539600,
policy_only,6,1,perf-policy_only-r006-20260818T052144Z,loan_to_credit,2,150,200,16.523600,
policy_only,6,1,perf-policy_only-r006-20260818T052144Z,loan_to_credit,2,151,200,16.582000,
policy_only,6,1,perf-policy_only-r006-20260818T052144Z,loan_to_credit,2,152,200,16.882400,
policy_only,6,1,perf-policy_only-r006-20260818T052144Z,loan_to_credit,2,153,200,15.765200,
policy_only,6,1,perf-policy_only-r006-20260818T052144Z,loan_to_credit,2,154,200,16.027800,
policy_only,6,1,perf-policy_only-r006-20260818T052144Z,loan_to_credit,2,155,200,16.214100,
policy_only,6,1,perf-policy_only-r006-20260818T052144Z,loan_to_credit,2,156,200,15.920000,
policy_only,6,1,perf-policy_only-r006-20260818T052144Z,loan_to_credit,2,157,200,17.384700,
policy_only,6,1,perf-policy_only-r006-20260818T052144Z,loan_to_credit,2,158,200,17.665800,
policy_only,6,1,perf-policy_only-r006-20260818T052144Z,loan_to_credit,2,159,200,20.886700,
policy_only,6,1,perf-policy_only-r006-20260818T052144Z,loan_to_credit,2,160,200,17.540600,
policy_only,6,1,perf-policy_only-r006-20260818T052144Z,loan_to_credit,2,161,200,16.938800,
policy_only,6,1,perf-policy_only-r006-20260818T052144Z,loan_to_credit,2,162,200,16.679700,
policy_only,6,1,perf-policy_only-r006-20260818T052144Z,loan_to_credit,2,163,200,16.994400,
policy_only,6,1,perf-policy_only-r006-20260818T052144Z,loan_to_credit,2,164,200,16.683200,
policy_only,6,1,perf-policy_only-r006-20260818T052144Z,loan_to_credit,2,165,200,15.785100,
policy_only,6,1,perf-policy_only-r006-20260818T052144Z,loan_to_credit,2,166,200,16.497800,
policy_only,6,1,perf-policy_only-r006-20260818T052144Z,loan_to_credit,2,167,200,16.624600,
policy_only,6,1,perf-policy_only-r006-20260818T052144Z,loan_to_credit,2,168,200,16.074300,
policy_only,6,1,perf-policy_only-r006-20260818T052144Z,loan_to_credit,2,169,200,16.460400,
policy_only,6,1,perf-policy_only-r006-20260818T052144Z,loan_to_credit,2,170,200,17.002200,
policy_only,6,1,perf-policy_only-r006-20260818T052144Z,loan_to_credit,2,171,200,16.179900,
policy_only,6,1,perf-policy_only-r006-20260818T052144Z,loan_to_credit,2,172,200,15.986200,
policy_only,6,1,perf-policy_only-r006-20260818T052144Z,loan_to_credit,2,173,200,15.030000,
policy_only,6,1,perf-policy_only-r006-20260818T052144Z,loan_to_credit,2,174,200,16.018500,
policy_only,6,1,perf-policy_only-r006-20260818T052144Z,loan_to_credit,2,175,200,17.220500,
policy_only,6,1,perf-policy_only-r006-20260818T052144Z,loan_to_credit,2,176,200,16.718100,
policy_only,6,1,perf-policy_only-r006-20260818T052144Z,loan_to_credit,2,177,200,16.382400,
policy_only,6,1,perf-policy_only-r006-20260818T052144Z,loan_to_credit,2,178,200,15.605400,
policy_only,6,1,perf-policy_only-r006-20260818T052144Z,loan_to_credit,2,179,200,16.031000,
policy_only,6,1,perf-policy_only-r006-20260818T052144Z,loan_to_credit,2,180,200,17.249700,
policy_only,6,1,perf-policy_only-r006-20260818T052144Z,loan_to_credit,2,181,200,18.090800,
policy_only,6,1,perf-policy_only-r006-20260818T052144Z,loan_to_credit,2,182,200,17.081000,
policy_only,6,1,perf-policy_only-r006-20260818T052144Z,loan_to_credit,2,183,200,16.684800,
policy_only,6,1,perf-policy_only-r006-20260818T052144Z,loan_to_credit,2,184,200,15.921200,
policy_only,6,1,perf-policy_only-r006-20260818T052144Z,loan_to_credit,2,185,200,16.575400,
policy_only,6,1,perf-policy_only-r006-20260818T052144Z,loan_to_credit,2,186,200,15.935200,
policy_only,6,1,perf-policy_only-r006-20260818T052144Z,loan_to_credit,2,187,200,15.837000,
policy_only,6,1,perf-policy_only-r006-20260818T052144Z,loan_to_credit,2,188,200,15.488600,
policy_only,6,1,perf-policy_only-r006-20260818T052144Z,loan_to_credit,2,189,200,15.728000,
policy_only,6,1,perf-policy_only-r006-20260818T052144Z,loan_to_credit,2,190,200,16.616400,
policy_only,6,1,perf-policy_only-r006-20260818T052144Z,loan_to_credit,2,191,200,15.930200,
policy_only,6,1,perf-policy_only-r006-20260818T052144Z,loan_to_credit,2,192,200,16.541400,
policy_only,6,1,perf-policy_only-r006-20260818T052144Z,loan_to_credit,2,193,200,15.081200,
policy_only,6,1,perf-policy_only-r006-20260818T052144Z,loan_to_credit,2,194,200,16.198700,
policy_only,6,1,perf-policy_only-r006-20260818T052144Z,loan_to_credit,2,195,200,16.767000,
policy_only,6,1,perf-policy_only-r006-20260818T052144Z,loan_to_credit,2,196,200,17.271700,
policy_only,6,1,perf-policy_only-r006-20260818T052144Z,loan_to_credit,2,197,200,17.147000,
policy_only,6,1,perf-policy_only-r006-20260818T052144Z,loan_to_credit,2,198,200,16.903700,
policy_only,6,1,perf-policy_only-r006-20260818T052144Z,loan_to_credit,2,199,200,16.531300,
policy_only,6,1,perf-policy_only-r006-20260818T052144Z,loan_to_credit,2,200,200,16.741400,
policy_only,6,1,perf-policy_only-r006-20260818T052144Z,loan_to_credit,3,1,200,18.488500,
policy_only,6,1,perf-policy_only-r006-20260818T052144Z,loan_to_credit,3,2,200,16.060300,
policy_only,6,1,perf-policy_only-r006-20260818T052144Z,loan_to_credit,3,3,200,15.470800,
policy_only,6,1,perf-policy_only-r006-20260818T052144Z,loan_to_credit,3,4,200,16.321600,
policy_only,6,1,perf-policy_only-r006-20260818T052144Z,loan_to_credit,3,5,200,15.680800,
policy_only,6,1,perf-policy_only-r006-20260818T052144Z,loan_to_credit,3,6,200,16.595500,
policy_only,6,1,perf-policy_only-r006-20260818T052144Z,loan_to_credit,3,7,200,16.738600,
policy_only,6,1,perf-policy_only-r006-20260818T052144Z,loan_to_credit,3,8,200,17.025300,
policy_only,6,1,perf-policy_only-r006-20260818T052144Z,loan_to_credit,3,9,200,16.944400,
policy_only,6,1,perf-policy_only-r006-20260818T052144Z,loan_to_credit,3,10,200,16.776300,
policy_only,6,1,perf-policy_only-r006-20260818T052144Z,loan_to_credit,3,11,200,16.044600,
policy_only,6,1,perf-policy_only-r006-20260818T052144Z,loan_to_credit,3,12,200,16.482500,
policy_only,6,1,perf-policy_only-r006-20260818T052144Z,loan_to_credit,3,13,200,18.066200,
policy_only,6,1,perf-policy_only-r006-20260818T052144Z,loan_to_credit,3,14,200,16.648700,
policy_only,6,1,perf-policy_only-r006-20260818T052144Z,loan_to_credit,3,15,200,16.983100,
policy_only,6,1,perf-policy_only-r006-20260818T052144Z,loan_to_credit,3,16,200,15.706800,
policy_only,6,1,perf-policy_only-r006-20260818T052144Z,loan_to_credit,3,17,200,15.694500,
policy_only,6,1,perf-policy_only-r006-20260818T052144Z,loan_to_credit,3,18,200,16.662600,
policy_only,6,1,perf-policy_only-r006-20260818T052144Z,loan_to_credit,3,19,200,15.536700,
policy_only,6,1,perf-policy_only-r006-20260818T052144Z,loan_to_credit,3,20,200,16.045500,
policy_only,6,1,perf-policy_only-r006-20260818T052144Z,loan_to_credit,3,21,200,16.143600,
policy_only,6,1,perf-policy_only-r006-20260818T052144Z,loan_to_credit,3,22,200,15.900000,
policy_only,6,1,perf-policy_only-r006-20260818T052144Z,loan_to_credit,3,23,200,16.676800,
policy_only,6,1,perf-policy_only-r006-20260818T052144Z,loan_to_credit,3,24,200,15.940700,
policy_only,6,1,perf-policy_only-r006-20260818T052144Z,loan_to_credit,3,25,200,17.235300,
policy_only,6,1,perf-policy_only-r006-20260818T052144Z,loan_to_credit,3,26,200,16.844600,
policy_only,6,1,perf-policy_only-r006-20260818T052144Z,loan_to_credit,3,27,200,17.626800,
policy_only,6,1,perf-policy_only-r006-20260818T052144Z,loan_to_credit,3,28,200,16.429900,
policy_only,6,1,perf-policy_only-r006-20260818T052144Z,loan_to_credit,3,29,200,15.686600,
policy_only,6,1,perf-policy_only-r006-20260818T052144Z,loan_to_credit,3,30,200,16.080900,
policy_only,6,1,perf-policy_only-r006-20260818T052144Z,loan_to_credit,3,31,200,16.232800,
policy_only,6,1,perf-policy_only-r006-20260818T052144Z,loan_to_credit,3,32,200,16.087000,
policy_only,6,1,perf-policy_only-r006-20260818T052144Z,loan_to_credit,3,33,200,15.416500,
policy_only,6,1,perf-policy_only-r006-20260818T052144Z,loan_to_credit,3,34,200,16.198500,
policy_only,6,1,perf-policy_only-r006-20260818T052144Z,loan_to_credit,3,35,200,15.762300,
policy_only,6,1,perf-policy_only-r006-20260818T052144Z,loan_to_credit,3,36,200,16.464800,
policy_only,6,1,perf-policy_only-r006-20260818T052144Z,loan_to_credit,3,37,200,16.845000,
policy_only,6,1,perf-policy_only-r006-20260818T052144Z,loan_to_credit,3,38,200,15.972100,
policy_only,6,1,perf-policy_only-r006-20260818T052144Z,loan_to_credit,3,39,200,16.298100,
policy_only,6,1,perf-policy_only-r006-20260818T052144Z,loan_to_credit,3,40,200,16.726200,
policy_only,6,1,perf-policy_only-r006-20260818T052144Z,loan_to_credit,3,41,200,15.923800,
policy_only,6,1,perf-policy_only-r006-20260818T052144Z,loan_to_credit,3,42,200,15.910600,
policy_only,6,1,perf-policy_only-r006-20260818T052144Z,loan_to_credit,3,43,200,17.761900,
policy_only,6,1,perf-policy_only-r006-20260818T052144Z,loan_to_credit,3,44,200,16.994700,
policy_only,6,1,perf-policy_only-r006-20260818T052144Z,loan_to_credit,3,45,200,16.296200,
policy_only,6,1,perf-policy_only-r006-20260818T052144Z,loan_to_credit,3,46,200,15.979000,
policy_only,6,1,perf-policy_only-r006-20260818T052144Z,loan_to_credit,3,47,200,18.996000,
policy_only,6,1,perf-policy_only-r006-20260818T052144Z,loan_to_credit,3,48,200,17.955600,
policy_only,6,1,perf-policy_only-r006-20260818T052144Z,loan_to_credit,3,49,200,17.994700,
policy_only,6,1,perf-policy_only-r006-20260818T052144Z,loan_to_credit,3,50,200,17.994100,
policy_only,6,1,perf-policy_only-r006-20260818T052144Z,loan_to_credit,3,51,200,15.620800,
policy_only,6,1,perf-policy_only-r006-20260818T052144Z,loan_to_credit,3,52,200,17.562000,
policy_only,6,1,perf-policy_only-r006-20260818T052144Z,loan_to_credit,3,53,200,16.358700,
policy_only,6,1,perf-policy_only-r006-20260818T052144Z,loan_to_credit,3,54,200,17.355200,
policy_only,6,1,perf-policy_only-r006-20260818T052144Z,loan_to_credit,3,55,200,18.129900,
policy_only,6,1,perf-policy_only-r006-20260818T052144Z,loan_to_credit,3,56,200,20.966900,
policy_only,6,1,perf-policy_only-r006-20260818T052144Z,loan_to_credit,3,57,200,21.573300,
policy_only,6,1,perf-policy_only-r006-20260818T052144Z,loan_to_credit,3,58,200,16.488100,
policy_only,6,1,perf-policy_only-r006-20260818T052144Z,loan_to_credit,3,59,200,17.645400,
policy_only,6,1,perf-policy_only-r006-20260818T052144Z,loan_to_credit,3,60,200,17.772900,
policy_only,6,1,perf-policy_only-r006-20260818T052144Z,loan_to_credit,3,61,200,21.578100,
policy_only,6,1,perf-policy_only-r006-20260818T052144Z,loan_to_credit,3,62,200,19.606100,
policy_only,6,1,perf-policy_only-r006-20260818T052144Z,loan_to_credit,3,63,200,16.714300,
policy_only,6,1,perf-policy_only-r006-20260818T052144Z,loan_to_credit,3,64,200,15.974100,
policy_only,6,1,perf-policy_only-r006-20260818T052144Z,loan_to_credit,3,65,200,16.336100,
policy_only,6,1,perf-policy_only-r006-20260818T052144Z,loan_to_credit,3,66,200,14.717300,
policy_only,6,1,perf-policy_only-r006-20260818T052144Z,loan_to_credit,3,67,200,16.361200,
policy_only,6,1,perf-policy_only-r006-20260818T052144Z,loan_to_credit,3,68,200,17.207400,
policy_only,6,1,perf-policy_only-r006-20260818T052144Z,loan_to_credit,3,69,200,17.581500,
policy_only,6,1,perf-policy_only-r006-20260818T052144Z,loan_to_credit,3,70,200,15.896600,
policy_only,6,1,perf-policy_only-r006-20260818T052144Z,loan_to_credit,3,71,200,17.287600,
policy_only,6,1,perf-policy_only-r006-20260818T052144Z,loan_to_credit,3,72,200,16.543700,
policy_only,6,1,perf-policy_only-r006-20260818T052144Z,loan_to_credit,3,73,200,17.375900,
policy_only,6,1,perf-policy_only-r006-20260818T052144Z,loan_to_credit,3,74,200,17.141800,
policy_only,6,1,perf-policy_only-r006-20260818T052144Z,loan_to_credit,3,75,200,19.654100,
policy_only,6,1,perf-policy_only-r006-20260818T052144Z,loan_to_credit,3,76,200,18.908400,
policy_only,6,1,perf-policy_only-r006-20260818T052144Z,loan_to_credit,3,77,200,15.834700,
policy_only,6,1,perf-policy_only-r006-20260818T052144Z,loan_to_credit,3,78,200,16.058500,
policy_only,6,1,perf-policy_only-r006-20260818T052144Z,loan_to_credit,3,79,200,17.036600,
policy_only,6,1,perf-policy_only-r006-20260818T052144Z,loan_to_credit,3,80,200,15.594500,
policy_only,6,1,perf-policy_only-r006-20260818T052144Z,loan_to_credit,3,81,200,16.700300,
policy_only,6,1,perf-policy_only-r006-20260818T052144Z,loan_to_credit,3,82,200,17.245900,
policy_only,6,1,perf-policy_only-r006-20260818T052144Z,loan_to_credit,3,83,200,16.431900,
policy_only,6,1,perf-policy_only-r006-20260818T052144Z,loan_to_credit,3,84,200,15.830100,
policy_only,6,1,perf-policy_only-r006-20260818T052144Z,loan_to_credit,3,85,200,15.777500,
policy_only,6,1,perf-policy_only-r006-20260818T052144Z,loan_to_credit,3,86,200,16.980600,
policy_only,6,1,perf-policy_only-r006-20260818T052144Z,loan_to_credit,3,87,200,16.438800,
policy_only,6,1,perf-policy_only-r006-20260818T052144Z,loan_to_credit,3,88,200,15.689100,
policy_only,6,1,perf-policy_only-r006-20260818T052144Z,loan_to_credit,3,89,200,16.050100,
policy_only,6,1,perf-policy_only-r006-20260818T052144Z,loan_to_credit,3,90,200,16.151200,
policy_only,6,1,perf-policy_only-r006-20260818T052144Z,loan_to_credit,3,91,200,15.675600,
policy_only,6,1,perf-policy_only-r006-20260818T052144Z,loan_to_credit,3,92,200,15.923300,
policy_only,6,1,perf-policy_only-r006-20260818T052144Z,loan_to_credit,3,93,200,16.453200,
policy_only,6,1,perf-policy_only-r006-20260818T052144Z,loan_to_credit,3,94,200,16.717200,
policy_only,6,1,perf-policy_only-r006-20260818T052144Z,loan_to_credit,3,95,200,17.373700,
policy_only,6,1,perf-policy_only-r006-20260818T052144Z,loan_to_credit,3,96,200,16.603700,
policy_only,6,1,perf-policy_only-r006-20260818T052144Z,loan_to_credit,3,97,200,16.909300,
policy_only,6,1,perf-policy_only-r006-20260818T052144Z,loan_to_credit,3,98,200,17.004400,
policy_only,6,1,perf-policy_only-r006-20260818T052144Z,loan_to_credit,3,99,200,16.339300,
policy_only,6,1,perf-policy_only-r006-20260818T052144Z,loan_to_credit,3,100,200,16.576900,
policy_only,6,1,perf-policy_only-r006-20260818T052144Z,loan_to_credit,3,101,200,16.023100,
policy_only,6,1,perf-policy_only-r006-20260818T052144Z,loan_to_credit,3,102,200,16.048200,
policy_only,6,1,perf-policy_only-r006-20260818T052144Z,loan_to_credit,3,103,200,16.287900,
policy_only,6,1,perf-policy_only-r006-20260818T052144Z,loan_to_credit,3,104,200,16.930800,
policy_only,6,1,perf-policy_only-r006-20260818T052144Z,loan_to_credit,3,105,200,16.974800,
policy_only,6,1,perf-policy_only-r006-20260818T052144Z,loan_to_credit,3,106,200,15.409900,
policy_only,6,1,perf-policy_only-r006-20260818T052144Z,loan_to_credit,3,107,200,16.028400,
policy_only,6,1,perf-policy_only-r006-20260818T052144Z,loan_to_credit,3,108,200,15.971400,
policy_only,6,1,perf-policy_only-r006-20260818T052144Z,loan_to_credit,3,109,200,16.173000,
policy_only,6,1,perf-policy_only-r006-20260818T052144Z,loan_to_credit,3,110,200,15.736900,
policy_only,6,1,perf-policy_only-r006-20260818T052144Z,loan_to_credit,3,111,200,15.982300,
policy_only,6,1,perf-policy_only-r006-20260818T052144Z,loan_to_credit,3,112,200,15.830600,
policy_only,6,1,perf-policy_only-r006-20260818T052144Z,loan_to_credit,3,113,200,16.079500,
policy_only,6,1,perf-policy_only-r006-20260818T052144Z,loan_to_credit,3,114,200,17.445500,
policy_only,6,1,perf-policy_only-r006-20260818T052144Z,loan_to_credit,3,115,200,15.722800,
policy_only,6,1,perf-policy_only-r006-20260818T052144Z,loan_to_credit,3,116,200,16.450100,
policy_only,6,1,perf-policy_only-r006-20260818T052144Z,loan_to_credit,3,117,200,16.661900,
policy_only,6,1,perf-policy_only-r006-20260818T052144Z,loan_to_credit,3,118,200,15.869000,
policy_only,6,1,perf-policy_only-r006-20260818T052144Z,loan_to_credit,3,119,200,16.809000,
policy_only,6,1,perf-policy_only-r006-20260818T052144Z,loan_to_credit,3,120,200,16.274600,
policy_only,6,1,perf-policy_only-r006-20260818T052144Z,loan_to_credit,3,121,200,16.471100,
policy_only,6,1,perf-policy_only-r006-20260818T052144Z,loan_to_credit,3,122,200,16.966600,
policy_only,6,1,perf-policy_only-r006-20260818T052144Z,loan_to_credit,3,123,200,16.629400,
policy_only,6,1,perf-policy_only-r006-20260818T052144Z,loan_to_credit,3,124,200,17.150200,
policy_only,6,1,perf-policy_only-r006-20260818T052144Z,loan_to_credit,3,125,200,17.660500,
policy_only,6,1,perf-policy_only-r006-20260818T052144Z,loan_to_credit,3,126,200,17.446600,
policy_only,6,1,perf-policy_only-r006-20260818T052144Z,loan_to_credit,3,127,200,17.629000,
policy_only,6,1,perf-policy_only-r006-20260818T052144Z,loan_to_credit,3,128,200,15.611000,
policy_only,6,1,perf-policy_only-r006-20260818T052144Z,loan_to_credit,3,129,200,16.382000,
policy_only,6,1,perf-policy_only-r006-20260818T052144Z,loan_to_credit,3,130,200,16.958300,
policy_only,6,1,perf-policy_only-r006-20260818T052144Z,loan_to_credit,3,131,200,16.813700,
policy_only,6,1,perf-policy_only-r006-20260818T052144Z,loan_to_credit,3,132,200,16.046100,
policy_only,6,1,perf-policy_only-r006-20260818T052144Z,loan_to_credit,3,133,200,16.158600,
policy_only,6,1,perf-policy_only-r006-20260818T052144Z,loan_to_credit,3,134,200,15.761000,
policy_only,6,1,perf-policy_only-r006-20260818T052144Z,loan_to_credit,3,135,200,16.115100,
policy_only,6,1,perf-policy_only-r006-20260818T052144Z,loan_to_credit,3,136,200,16.002100,
policy_only,6,1,perf-policy_only-r006-20260818T052144Z,loan_to_credit,3,137,200,17.264400,
policy_only,6,1,perf-policy_only-r006-20260818T052144Z,loan_to_credit,3,138,200,16.634600,
policy_only,6,1,perf-policy_only-r006-20260818T052144Z,loan_to_credit,3,139,200,17.039600,
policy_only,6,1,perf-policy_only-r006-20260818T052144Z,loan_to_credit,3,140,200,15.879100,
policy_only,6,1,perf-policy_only-r006-20260818T052144Z,loan_to_credit,3,141,200,17.143700,
policy_only,6,1,perf-policy_only-r006-20260818T052144Z,loan_to_credit,3,142,200,16.960600,
policy_only,6,1,perf-policy_only-r006-20260818T052144Z,loan_to_credit,3,143,200,17.305800,
policy_only,6,1,perf-policy_only-r006-20260818T052144Z,loan_to_credit,3,144,200,16.471000,
policy_only,6,1,perf-policy_only-r006-20260818T052144Z,loan_to_credit,3,145,200,15.876800,
policy_only,6,1,perf-policy_only-r006-20260818T052144Z,loan_to_credit,3,146,200,16.316100,
policy_only,6,1,perf-policy_only-r006-20260818T052144Z,loan_to_credit,3,147,200,18.553100,
policy_only,6,1,perf-policy_only-r006-20260818T052144Z,loan_to_credit,3,148,200,17.132900,
policy_only,6,1,perf-policy_only-r006-20260818T052144Z,loan_to_credit,3,149,200,18.108100,
policy_only,6,1,perf-policy_only-r006-20260818T052144Z,loan_to_credit,3,150,200,17.264600,
policy_only,6,1,perf-policy_only-r006-20260818T052144Z,loan_to_credit,3,151,200,17.872300,
policy_only,6,1,perf-policy_only-r006-20260818T052144Z,loan_to_credit,3,152,200,17.694900,
policy_only,6,1,perf-policy_only-r006-20260818T052144Z,loan_to_credit,3,153,200,17.873400,
policy_only,6,1,perf-policy_only-r006-20260818T052144Z,loan_to_credit,3,154,200,17.750000,
policy_only,6,1,perf-policy_only-r006-20260818T052144Z,loan_to_credit,3,155,200,17.496400,
policy_only,6,1,perf-policy_only-r006-20260818T052144Z,loan_to_credit,3,156,200,15.784100,
policy_only,6,1,perf-policy_only-r006-20260818T052144Z,loan_to_credit,3,157,200,16.148500,
policy_only,6,1,perf-policy_only-r006-20260818T052144Z,loan_to_credit,3,158,200,15.697200,
policy_only,6,1,perf-policy_only-r006-20260818T052144Z,loan_to_credit,3,159,200,16.100600,
policy_only,6,1,perf-policy_only-r006-20260818T052144Z,loan_to_credit,3,160,200,15.729700,
policy_only,6,1,perf-policy_only-r006-20260818T052144Z,loan_to_credit,3,161,200,15.998700,
policy_only,6,1,perf-policy_only-r006-20260818T052144Z,loan_to_credit,3,162,200,18.315700,
policy_only,6,1,perf-policy_only-r006-20260818T052144Z,loan_to_credit,3,163,200,16.116200,
policy_only,6,1,perf-policy_only-r006-20260818T052144Z,loan_to_credit,3,164,200,17.238800,
policy_only,6,1,perf-policy_only-r006-20260818T052144Z,loan_to_credit,3,165,200,16.881000,
policy_only,6,1,perf-policy_only-r006-20260818T052144Z,loan_to_credit,3,166,200,15.230300,
policy_only,6,1,perf-policy_only-r006-20260818T052144Z,loan_to_credit,3,167,200,17.102700,
policy_only,6,1,perf-policy_only-r006-20260818T052144Z,loan_to_credit,3,168,200,16.857000,
policy_only,6,1,perf-policy_only-r006-20260818T052144Z,loan_to_credit,3,169,200,16.533700,
policy_only,6,1,perf-policy_only-r006-20260818T052144Z,loan_to_credit,3,170,200,15.482200,
policy_only,6,1,perf-policy_only-r006-20260818T052144Z,loan_to_credit,3,171,200,16.105800,
policy_only,6,1,perf-policy_only-r006-20260818T052144Z,loan_to_credit,3,172,200,15.877000,
policy_only,6,1,perf-policy_only-r006-20260818T052144Z,loan_to_credit,3,173,200,15.973800,
policy_only,6,1,perf-policy_only-r006-20260818T052144Z,loan_to_credit,3,174,200,15.307200,
policy_only,6,1,perf-policy_only-r006-20260818T052144Z,loan_to_credit,3,175,200,16.133500,
policy_only,6,1,perf-policy_only-r006-20260818T052144Z,loan_to_credit,3,176,200,17.021900,
policy_only,6,1,perf-policy_only-r006-20260818T052144Z,loan_to_credit,3,177,200,16.636900,
policy_only,6,1,perf-policy_only-r006-20260818T052144Z,loan_to_credit,3,178,200,16.173200,
policy_only,6,1,perf-policy_only-r006-20260818T052144Z,loan_to_credit,3,179,200,17.253200,
policy_only,6,1,perf-policy_only-r006-20260818T052144Z,loan_to_credit,3,180,200,18.077500,
policy_only,6,1,perf-policy_only-r006-20260818T052144Z,loan_to_credit,3,181,200,17.765600,
policy_only,6,1,perf-policy_only-r006-20260818T052144Z,loan_to_credit,3,182,200,17.615200,
policy_only,6,1,perf-policy_only-r006-20260818T052144Z,loan_to_credit,3,183,200,17.594900,
policy_only,6,1,perf-policy_only-r006-20260818T052144Z,loan_to_credit,3,184,200,16.593200,
policy_only,6,1,perf-policy_only-r006-20260818T052144Z,loan_to_credit,3,185,200,17.173900,
policy_only,6,1,perf-policy_only-r006-20260818T052144Z,loan_to_credit,3,186,200,17.271600,
policy_only,6,1,perf-policy_only-r006-20260818T052144Z,loan_to_credit,3,187,200,16.167200,
policy_only,6,1,perf-policy_only-r006-20260818T052144Z,loan_to_credit,3,188,200,15.948200,
policy_only,6,1,perf-policy_only-r006-20260818T052144Z,loan_to_credit,3,189,200,15.727100,
policy_only,6,1,perf-policy_only-r006-20260818T052144Z,loan_to_credit,3,190,200,15.984200,
policy_only,6,1,perf-policy_only-r006-20260818T052144Z,loan_to_credit,3,191,200,16.157700,
policy_only,6,1,perf-policy_only-r006-20260818T052144Z,loan_to_credit,3,192,200,16.079100,
policy_only,6,1,perf-policy_only-r006-20260818T052144Z,loan_to_credit,3,193,200,15.944500,
policy_only,6,1,perf-policy_only-r006-20260818T052144Z,loan_to_credit,3,194,200,16.170600,
policy_only,6,1,perf-policy_only-r006-20260818T052144Z,loan_to_credit,3,195,200,15.667300,
policy_only,6,1,perf-policy_only-r006-20260818T052144Z,loan_to_credit,3,196,200,15.916200,
policy_only,6,1,perf-policy_only-r006-20260818T052144Z,loan_to_credit,3,197,200,16.231200,
policy_only,6,1,perf-policy_only-r006-20260818T052144Z,loan_to_credit,3,198,200,16.622300,
policy_only,6,1,perf-policy_only-r006-20260818T052144Z,loan_to_credit,3,199,200,16.370600,
policy_only,6,1,perf-policy_only-r006-20260818T052144Z,loan_to_credit,3,200,200,16.354000,
policy_only,6,1,perf-policy_only-r006-20260818T052144Z,loan_to_aml,1,1,200,17.894600,
policy_only,6,1,perf-policy_only-r006-20260818T052144Z,loan_to_aml,1,2,200,15.969600,
policy_only,6,1,perf-policy_only-r006-20260818T052144Z,loan_to_aml,1,3,200,15.937200,
policy_only,6,1,perf-policy_only-r006-20260818T052144Z,loan_to_aml,1,4,200,16.052500,
policy_only,6,1,perf-policy_only-r006-20260818T052144Z,loan_to_aml,1,5,200,15.650500,
policy_only,6,1,perf-policy_only-r006-20260818T052144Z,loan_to_aml,1,6,200,16.254300,
policy_only,6,1,perf-policy_only-r006-20260818T052144Z,loan_to_aml,1,7,200,17.152700,
policy_only,6,1,perf-policy_only-r006-20260818T052144Z,loan_to_aml,1,8,200,18.000000,
policy_only,6,1,perf-policy_only-r006-20260818T052144Z,loan_to_aml,1,9,200,17.541000,
policy_only,6,1,perf-policy_only-r006-20260818T052144Z,loan_to_aml,1,10,200,18.376300,
policy_only,6,1,perf-policy_only-r006-20260818T052144Z,loan_to_aml,1,11,200,17.181000,
policy_only,6,1,perf-policy_only-r006-20260818T052144Z,loan_to_aml,1,12,200,16.631500,
policy_only,6,1,perf-policy_only-r006-20260818T052144Z,loan_to_aml,1,13,200,16.901700,
policy_only,6,1,perf-policy_only-r006-20260818T052144Z,loan_to_aml,1,14,200,17.736900,
policy_only,6,1,perf-policy_only-r006-20260818T052144Z,loan_to_aml,1,15,200,15.478700,
policy_only,6,1,perf-policy_only-r006-20260818T052144Z,loan_to_aml,1,16,200,16.594600,
policy_only,6,1,perf-policy_only-r006-20260818T052144Z,loan_to_aml,1,17,200,16.061900,
policy_only,6,1,perf-policy_only-r006-20260818T052144Z,loan_to_aml,1,18,200,17.550900,
policy_only,6,1,perf-policy_only-r006-20260818T052144Z,loan_to_aml,1,19,200,16.276500,
policy_only,6,1,perf-policy_only-r006-20260818T052144Z,loan_to_aml,1,20,200,15.838500,
policy_only,6,1,perf-policy_only-r006-20260818T052144Z,loan_to_aml,1,21,200,15.195600,
policy_only,6,1,perf-policy_only-r006-20260818T052144Z,loan_to_aml,1,22,200,15.851000,
policy_only,6,1,perf-policy_only-r006-20260818T052144Z,loan_to_aml,1,23,200,16.025200,
policy_only,6,1,perf-policy_only-r006-20260818T052144Z,loan_to_aml,1,24,200,16.307200,
policy_only,6,1,perf-policy_only-r006-20260818T052144Z,loan_to_aml,1,25,200,15.597900,
policy_only,6,1,perf-policy_only-r006-20260818T052144Z,loan_to_aml,1,26,200,16.368900,
policy_only,6,1,perf-policy_only-r006-20260818T052144Z,loan_to_aml,1,27,200,15.477600,
policy_only,6,1,perf-policy_only-r006-20260818T052144Z,loan_to_aml,1,28,200,16.215400,
policy_only,6,1,perf-policy_only-r006-20260818T052144Z,loan_to_aml,1,29,200,16.682500,
policy_only,6,1,perf-policy_only-r006-20260818T052144Z,loan_to_aml,1,30,200,16.754300,
policy_only,6,1,perf-policy_only-r006-20260818T052144Z,loan_to_aml,1,31,200,16.755400,
policy_only,6,1,perf-policy_only-r006-20260818T052144Z,loan_to_aml,1,32,200,16.779400,
policy_only,6,1,perf-policy_only-r006-20260818T052144Z,loan_to_aml,1,33,200,17.568000,
policy_only,6,1,perf-policy_only-r006-20260818T052144Z,loan_to_aml,1,34,200,17.383400,
policy_only,6,1,perf-policy_only-r006-20260818T052144Z,loan_to_aml,1,35,200,16.606600,
policy_only,6,1,perf-policy_only-r006-20260818T052144Z,loan_to_aml,1,36,200,16.371800,
policy_only,6,1,perf-policy_only-r006-20260818T052144Z,loan_to_aml,1,37,200,16.760600,
policy_only,6,1,perf-policy_only-r006-20260818T052144Z,loan_to_aml,1,38,200,16.482700,
policy_only,6,1,perf-policy_only-r006-20260818T052144Z,loan_to_aml,1,39,200,16.708900,
policy_only,6,1,perf-policy_only-r006-20260818T052144Z,loan_to_aml,1,40,200,16.261600,
policy_only,6,1,perf-policy_only-r006-20260818T052144Z,loan_to_aml,1,41,200,16.927100,
policy_only,6,1,perf-policy_only-r006-20260818T052144Z,loan_to_aml,1,42,200,17.063300,
policy_only,6,1,perf-policy_only-r006-20260818T052144Z,loan_to_aml,1,43,200,16.636000,
policy_only,6,1,perf-policy_only-r006-20260818T052144Z,loan_to_aml,1,44,200,16.182800,
policy_only,6,1,perf-policy_only-r006-20260818T052144Z,loan_to_aml,1,45,200,16.105900,
policy_only,6,1,perf-policy_only-r006-20260818T052144Z,loan_to_aml,1,46,200,16.857400,
policy_only,6,1,perf-policy_only-r006-20260818T052144Z,loan_to_aml,1,47,200,15.893800,
policy_only,6,1,perf-policy_only-r006-20260818T052144Z,loan_to_aml,1,48,200,16.726600,
policy_only,6,1,perf-policy_only-r006-20260818T052144Z,loan_to_aml,1,49,200,16.226900,
policy_only,6,1,perf-policy_only-r006-20260818T052144Z,loan_to_aml,1,50,200,16.888500,
policy_only,6,1,perf-policy_only-r006-20260818T052144Z,loan_to_aml,1,51,200,17.059500,
policy_only,6,1,perf-policy_only-r006-20260818T052144Z,loan_to_aml,1,52,200,16.210700,
policy_only,6,1,perf-policy_only-r006-20260818T052144Z,loan_to_aml,1,53,200,16.916300,
policy_only,6,1,perf-policy_only-r006-20260818T052144Z,loan_to_aml,1,54,200,15.572500,
policy_only,6,1,perf-policy_only-r006-20260818T052144Z,loan_to_aml,1,55,200,16.506000,
policy_only,6,1,perf-policy_only-r006-20260818T052144Z,loan_to_aml,1,56,200,16.747000,
policy_only,6,1,perf-policy_only-r006-20260818T052144Z,loan_to_aml,1,57,200,16.847400,
policy_only,6,1,perf-policy_only-r006-20260818T052144Z,loan_to_aml,1,58,200,16.093600,
policy_only,6,1,perf-policy_only-r006-20260818T052144Z,loan_to_aml,1,59,200,16.939600,
policy_only,6,1,perf-policy_only-r006-20260818T052144Z,loan_to_aml,1,60,200,15.990900,
policy_only,6,1,perf-policy_only-r006-20260818T052144Z,loan_to_aml,1,61,200,16.937500,
policy_only,6,1,perf-policy_only-r006-20260818T052144Z,loan_to_aml,1,62,200,15.727300,
policy_only,6,1,perf-policy_only-r006-20260818T052144Z,loan_to_aml,1,63,200,16.328300,
policy_only,6,1,perf-policy_only-r006-20260818T052144Z,loan_to_aml,1,64,200,15.805600,
policy_only,6,1,perf-policy_only-r006-20260818T052144Z,loan_to_aml,1,65,200,15.895000,
policy_only,6,1,perf-policy_only-r006-20260818T052144Z,loan_to_aml,1,66,200,16.416600,
policy_only,6,1,perf-policy_only-r006-20260818T052144Z,loan_to_aml,1,67,200,16.845300,
policy_only,6,1,perf-policy_only-r006-20260818T052144Z,loan_to_aml,1,68,200,16.601300,
policy_only,6,1,perf-policy_only-r006-20260818T052144Z,loan_to_aml,1,69,200,17.349200,
policy_only,6,1,perf-policy_only-r006-20260818T052144Z,loan_to_aml,1,70,200,16.850100,
policy_only,6,1,perf-policy_only-r006-20260818T052144Z,loan_to_aml,1,71,200,16.343100,
policy_only,6,1,perf-policy_only-r006-20260818T052144Z,loan_to_aml,1,72,200,16.620100,
policy_only,6,1,perf-policy_only-r006-20260818T052144Z,loan_to_aml,1,73,200,16.085500,
policy_only,6,1,perf-policy_only-r006-20260818T052144Z,loan_to_aml,1,74,200,17.062500,
policy_only,6,1,perf-policy_only-r006-20260818T052144Z,loan_to_aml,1,75,200,16.869300,
policy_only,6,1,perf-policy_only-r006-20260818T052144Z,loan_to_aml,1,76,200,17.465600,
policy_only,6,1,perf-policy_only-r006-20260818T052144Z,loan_to_aml,1,77,200,16.377600,
policy_only,6,1,perf-policy_only-r006-20260818T052144Z,loan_to_aml,1,78,200,15.655000,
policy_only,6,1,perf-policy_only-r006-20260818T052144Z,loan_to_aml,1,79,200,16.222000,
policy_only,6,1,perf-policy_only-r006-20260818T052144Z,loan_to_aml,1,80,200,15.665800,
policy_only,6,1,perf-policy_only-r006-20260818T052144Z,loan_to_aml,1,81,200,16.489900,
policy_only,6,1,perf-policy_only-r006-20260818T052144Z,loan_to_aml,1,82,200,16.889800,
policy_only,6,1,perf-policy_only-r006-20260818T052144Z,loan_to_aml,1,83,200,16.119900,
policy_only,6,1,perf-policy_only-r006-20260818T052144Z,loan_to_aml,1,84,200,15.567300,
policy_only,6,1,perf-policy_only-r006-20260818T052144Z,loan_to_aml,1,85,200,14.963000,
policy_only,6,1,perf-policy_only-r006-20260818T052144Z,loan_to_aml,1,86,200,16.446200,
policy_only,6,1,perf-policy_only-r006-20260818T052144Z,loan_to_aml,1,87,200,16.569000,
policy_only,6,1,perf-policy_only-r006-20260818T052144Z,loan_to_aml,1,88,200,15.352000,
policy_only,6,1,perf-policy_only-r006-20260818T052144Z,loan_to_aml,1,89,200,16.174000,
policy_only,6,1,perf-policy_only-r006-20260818T052144Z,loan_to_aml,1,90,200,15.319000,
policy_only,6,1,perf-policy_only-r006-20260818T052144Z,loan_to_aml,1,91,200,15.032200,
policy_only,6,1,perf-policy_only-r006-20260818T052144Z,loan_to_aml,1,92,200,16.227500,
policy_only,6,1,perf-policy_only-r006-20260818T052144Z,loan_to_aml,1,93,200,16.201600,
policy_only,6,1,perf-policy_only-r006-20260818T052144Z,loan_to_aml,1,94,200,16.770000,
policy_only,6,1,perf-policy_only-r006-20260818T052144Z,loan_to_aml,1,95,200,15.769800,
policy_only,6,1,perf-policy_only-r006-20260818T052144Z,loan_to_aml,1,96,200,16.046500,
policy_only,6,1,perf-policy_only-r006-20260818T052144Z,loan_to_aml,1,97,200,16.312500,
policy_only,6,1,perf-policy_only-r006-20260818T052144Z,loan_to_aml,1,98,200,16.695300,
policy_only,6,1,perf-policy_only-r006-20260818T052144Z,loan_to_aml,1,99,200,15.904700,
policy_only,6,1,perf-policy_only-r006-20260818T052144Z,loan_to_aml,1,100,200,15.890000,
policy_only,6,1,perf-policy_only-r006-20260818T052144Z,loan_to_aml,1,101,200,17.176400,
policy_only,6,1,perf-policy_only-r006-20260818T052144Z,loan_to_aml,1,102,200,16.942100,
policy_only,6,1,perf-policy_only-r006-20260818T052144Z,loan_to_aml,1,103,200,17.226200,
policy_only,6,1,perf-policy_only-r006-20260818T052144Z,loan_to_aml,1,104,200,17.173900,
policy_only,6,1,perf-policy_only-r006-20260818T052144Z,loan_to_aml,1,105,200,16.730500,
policy_only,6,1,perf-policy_only-r006-20260818T052144Z,loan_to_aml,1,106,200,15.889100,
policy_only,6,1,perf-policy_only-r006-20260818T052144Z,loan_to_aml,1,107,200,15.683600,
policy_only,6,1,perf-policy_only-r006-20260818T052144Z,loan_to_aml,1,108,200,16.070800,
policy_only,6,1,perf-policy_only-r006-20260818T052144Z,loan_to_aml,1,109,200,16.016900,
policy_only,6,1,perf-policy_only-r006-20260818T052144Z,loan_to_aml,1,110,200,16.009300,
policy_only,6,1,perf-policy_only-r006-20260818T052144Z,loan_to_aml,1,111,200,16.121200,
policy_only,6,1,perf-policy_only-r006-20260818T052144Z,loan_to_aml,1,112,200,17.090000,
policy_only,6,1,perf-policy_only-r006-20260818T052144Z,loan_to_aml,1,113,200,15.951200,
policy_only,6,1,perf-policy_only-r006-20260818T052144Z,loan_to_aml,1,114,200,16.667500,
policy_only,6,1,perf-policy_only-r006-20260818T052144Z,loan_to_aml,1,115,200,16.167400,
policy_only,6,1,perf-policy_only-r006-20260818T052144Z,loan_to_aml,1,116,200,15.915800,
policy_only,6,1,perf-policy_only-r006-20260818T052144Z,loan_to_aml,1,117,200,16.078000,
policy_only,6,1,perf-policy_only-r006-20260818T052144Z,loan_to_aml,1,118,200,18.016500,
policy_only,6,1,perf-policy_only-r006-20260818T052144Z,loan_to_aml,1,119,200,17.004300,
policy_only,6,1,perf-policy_only-r006-20260818T052144Z,loan_to_aml,1,120,200,15.660800,
policy_only,6,1,perf-policy_only-r006-20260818T052144Z,loan_to_aml,1,121,200,16.364400,
policy_only,6,1,perf-policy_only-r006-20260818T052144Z,loan_to_aml,1,122,200,16.800200,
policy_only,6,1,perf-policy_only-r006-20260818T052144Z,loan_to_aml,1,123,200,16.148600,
policy_only,6,1,perf-policy_only-r006-20260818T052144Z,loan_to_aml,1,124,200,16.147800,
policy_only,6,1,perf-policy_only-r006-20260818T052144Z,loan_to_aml,1,125,200,16.622600,
policy_only,6,1,perf-policy_only-r006-20260818T052144Z,loan_to_aml,1,126,200,16.142400,
policy_only,6,1,perf-policy_only-r006-20260818T052144Z,loan_to_aml,1,127,200,17.286000,
policy_only,6,1,perf-policy_only-r006-20260818T052144Z,loan_to_aml,1,128,200,16.481400,
policy_only,6,1,perf-policy_only-r006-20260818T052144Z,loan_to_aml,1,129,200,16.150800,
policy_only,6,1,perf-policy_only-r006-20260818T052144Z,loan_to_aml,1,130,200,17.422300,
policy_only,6,1,perf-policy_only-r006-20260818T052144Z,loan_to_aml,1,131,200,16.254200,
policy_only,6,1,perf-policy_only-r006-20260818T052144Z,loan_to_aml,1,132,200,16.350100,
policy_only,6,1,perf-policy_only-r006-20260818T052144Z,loan_to_aml,1,133,200,17.407200,
policy_only,6,1,perf-policy_only-r006-20260818T052144Z,loan_to_aml,1,134,200,16.789800,
policy_only,6,1,perf-policy_only-r006-20260818T052144Z,loan_to_aml,1,135,200,16.407100,
policy_only,6,1,perf-policy_only-r006-20260818T052144Z,loan_to_aml,1,136,200,17.230000,
policy_only,6,1,perf-policy_only-r006-20260818T052144Z,loan_to_aml,1,137,200,19.402200,
policy_only,6,1,perf-policy_only-r006-20260818T052144Z,loan_to_aml,1,138,200,17.948300,
policy_only,6,1,perf-policy_only-r006-20260818T052144Z,loan_to_aml,1,139,200,16.928500,
policy_only,6,1,perf-policy_only-r006-20260818T052144Z,loan_to_aml,1,140,200,16.798900,
policy_only,6,1,perf-policy_only-r006-20260818T052144Z,loan_to_aml,1,141,200,18.104200,
policy_only,6,1,perf-policy_only-r006-20260818T052144Z,loan_to_aml,1,142,200,17.725000,
policy_only,6,1,perf-policy_only-r006-20260818T052144Z,loan_to_aml,1,143,200,17.404600,
policy_only,6,1,perf-policy_only-r006-20260818T052144Z,loan_to_aml,1,144,200,16.920300,
policy_only,6,1,perf-policy_only-r006-20260818T052144Z,loan_to_aml,1,145,200,16.751600,
policy_only,6,1,perf-policy_only-r006-20260818T052144Z,loan_to_aml,1,146,200,15.794400,
policy_only,6,1,perf-policy_only-r006-20260818T052144Z,loan_to_aml,1,147,200,15.695500,
policy_only,6,1,perf-policy_only-r006-20260818T052144Z,loan_to_aml,1,148,200,19.328900,
policy_only,6,1,perf-policy_only-r006-20260818T052144Z,loan_to_aml,1,149,200,15.500400,
policy_only,6,1,perf-policy_only-r006-20260818T052144Z,loan_to_aml,1,150,200,16.269100,
policy_only,6,1,perf-policy_only-r006-20260818T052144Z,loan_to_aml,1,151,200,17.214400,
policy_only,6,1,perf-policy_only-r006-20260818T052144Z,loan_to_aml,1,152,200,15.759800,
policy_only,6,1,perf-policy_only-r006-20260818T052144Z,loan_to_aml,1,153,200,17.249200,
policy_only,6,1,perf-policy_only-r006-20260818T052144Z,loan_to_aml,1,154,200,16.844000,
policy_only,6,1,perf-policy_only-r006-20260818T052144Z,loan_to_aml,1,155,200,15.869100,
policy_only,6,1,perf-policy_only-r006-20260818T052144Z,loan_to_aml,1,156,200,17.179200,
policy_only,6,1,perf-policy_only-r006-20260818T052144Z,loan_to_aml,1,157,200,16.924200,
policy_only,6,1,perf-policy_only-r006-20260818T052144Z,loan_to_aml,1,158,200,16.861800,
policy_only,6,1,perf-policy_only-r006-20260818T052144Z,loan_to_aml,1,159,200,19.564900,
policy_only,6,1,perf-policy_only-r006-20260818T052144Z,loan_to_aml,1,160,200,17.565600,
policy_only,6,1,perf-policy_only-r006-20260818T052144Z,loan_to_aml,1,161,200,16.954800,
policy_only,6,1,perf-policy_only-r006-20260818T052144Z,loan_to_aml,1,162,200,16.739000,
policy_only,6,1,perf-policy_only-r006-20260818T052144Z,loan_to_aml,1,163,200,17.474700,
policy_only,6,1,perf-policy_only-r006-20260818T052144Z,loan_to_aml,1,164,200,16.894000,
policy_only,6,1,perf-policy_only-r006-20260818T052144Z,loan_to_aml,1,165,200,16.886600,
policy_only,6,1,perf-policy_only-r006-20260818T052144Z,loan_to_aml,1,166,200,16.756500,
policy_only,6,1,perf-policy_only-r006-20260818T052144Z,loan_to_aml,1,167,200,16.770400,
policy_only,6,1,perf-policy_only-r006-20260818T052144Z,loan_to_aml,1,168,200,16.002500,
policy_only,6,1,perf-policy_only-r006-20260818T052144Z,loan_to_aml,1,169,200,15.780500,
policy_only,6,1,perf-policy_only-r006-20260818T052144Z,loan_to_aml,1,170,200,16.248200,
policy_only,6,1,perf-policy_only-r006-20260818T052144Z,loan_to_aml,1,171,200,15.753600,
policy_only,6,1,perf-policy_only-r006-20260818T052144Z,loan_to_aml,1,172,200,16.563800,
policy_only,6,1,perf-policy_only-r006-20260818T052144Z,loan_to_aml,1,173,200,15.416900,
policy_only,6,1,perf-policy_only-r006-20260818T052144Z,loan_to_aml,1,174,200,16.119100,
policy_only,6,1,perf-policy_only-r006-20260818T052144Z,loan_to_aml,1,175,200,16.275600,
policy_only,6,1,perf-policy_only-r006-20260818T052144Z,loan_to_aml,1,176,200,15.435500,
policy_only,6,1,perf-policy_only-r006-20260818T052144Z,loan_to_aml,1,177,200,16.486900,
policy_only,6,1,perf-policy_only-r006-20260818T052144Z,loan_to_aml,1,178,200,16.902700,
policy_only,6,1,perf-policy_only-r006-20260818T052144Z,loan_to_aml,1,179,200,15.901700,
policy_only,6,1,perf-policy_only-r006-20260818T052144Z,loan_to_aml,1,180,200,15.840700,
policy_only,6,1,perf-policy_only-r006-20260818T052144Z,loan_to_aml,1,181,200,16.220500,
policy_only,6,1,perf-policy_only-r006-20260818T052144Z,loan_to_aml,1,182,200,15.739600,
policy_only,6,1,perf-policy_only-r006-20260818T052144Z,loan_to_aml,1,183,200,15.917600,
policy_only,6,1,perf-policy_only-r006-20260818T052144Z,loan_to_aml,1,184,200,17.582200,
policy_only,6,1,perf-policy_only-r006-20260818T052144Z,loan_to_aml,1,185,200,16.249400,
policy_only,6,1,perf-policy_only-r006-20260818T052144Z,loan_to_aml,1,186,200,16.513100,
policy_only,6,1,perf-policy_only-r006-20260818T052144Z,loan_to_aml,1,187,200,16.883400,
policy_only,6,1,perf-policy_only-r006-20260818T052144Z,loan_to_aml,1,188,200,17.752400,
policy_only,6,1,perf-policy_only-r006-20260818T052144Z,loan_to_aml,1,189,200,17.644800,
policy_only,6,1,perf-policy_only-r006-20260818T052144Z,loan_to_aml,1,190,200,16.465700,
policy_only,6,1,perf-policy_only-r006-20260818T052144Z,loan_to_aml,1,191,200,15.838700,
policy_only,6,1,perf-policy_only-r006-20260818T052144Z,loan_to_aml,1,192,200,16.114700,
policy_only,6,1,perf-policy_only-r006-20260818T052144Z,loan_to_aml,1,193,200,15.769400,
policy_only,6,1,perf-policy_only-r006-20260818T052144Z,loan_to_aml,1,194,200,16.059000,
policy_only,6,1,perf-policy_only-r006-20260818T052144Z,loan_to_aml,1,195,200,15.752800,
policy_only,6,1,perf-policy_only-r006-20260818T052144Z,loan_to_aml,1,196,200,16.342300,
policy_only,6,1,perf-policy_only-r006-20260818T052144Z,loan_to_aml,1,197,200,17.114300,
policy_only,6,1,perf-policy_only-r006-20260818T052144Z,loan_to_aml,1,198,200,18.876800,
policy_only,6,1,perf-policy_only-r006-20260818T052144Z,loan_to_aml,1,199,200,16.719800,
policy_only,6,1,perf-policy_only-r006-20260818T052144Z,loan_to_aml,1,200,200,17.342800,
policy_only,6,1,perf-policy_only-r006-20260818T052144Z,loan_to_aml,2,1,200,15.854600,
policy_only,6,1,perf-policy_only-r006-20260818T052144Z,loan_to_aml,2,2,200,16.817900,
policy_only,6,1,perf-policy_only-r006-20260818T052144Z,loan_to_aml,2,3,200,16.007200,
policy_only,6,1,perf-policy_only-r006-20260818T052144Z,loan_to_aml,2,4,200,16.100600,
policy_only,6,1,perf-policy_only-r006-20260818T052144Z,loan_to_aml,2,5,200,15.668600,
policy_only,6,1,perf-policy_only-r006-20260818T052144Z,loan_to_aml,2,6,200,16.018000,
policy_only,6,1,perf-policy_only-r006-20260818T052144Z,loan_to_aml,2,7,200,16.211400,
policy_only,6,1,perf-policy_only-r006-20260818T052144Z,loan_to_aml,2,8,200,16.989200,
policy_only,6,1,perf-policy_only-r006-20260818T052144Z,loan_to_aml,2,9,200,18.201800,
policy_only,6,1,perf-policy_only-r006-20260818T052144Z,loan_to_aml,2,10,200,16.626800,
policy_only,6,1,perf-policy_only-r006-20260818T052144Z,loan_to_aml,2,11,200,19.920300,
policy_only,6,1,perf-policy_only-r006-20260818T052144Z,loan_to_aml,2,12,200,18.223000,
policy_only,6,1,perf-policy_only-r006-20260818T052144Z,loan_to_aml,2,13,200,17.900400,
policy_only,6,1,perf-policy_only-r006-20260818T052144Z,loan_to_aml,2,14,200,21.303600,
policy_only,6,1,perf-policy_only-r006-20260818T052144Z,loan_to_aml,2,15,200,19.486800,
policy_only,6,1,perf-policy_only-r006-20260818T052144Z,loan_to_aml,2,16,200,18.264300,
policy_only,6,1,perf-policy_only-r006-20260818T052144Z,loan_to_aml,2,17,200,19.860100,
policy_only,6,1,perf-policy_only-r006-20260818T052144Z,loan_to_aml,2,18,200,19.223400,
policy_only,6,1,perf-policy_only-r006-20260818T052144Z,loan_to_aml,2,19,200,18.963800,
policy_only,6,1,perf-policy_only-r006-20260818T052144Z,loan_to_aml,2,20,200,17.387100,
policy_only,6,1,perf-policy_only-r006-20260818T052144Z,loan_to_aml,2,21,200,17.033400,
policy_only,6,1,perf-policy_only-r006-20260818T052144Z,loan_to_aml,2,22,200,16.434900,
policy_only,6,1,perf-policy_only-r006-20260818T052144Z,loan_to_aml,2,23,200,18.050300,
policy_only,6,1,perf-policy_only-r006-20260818T052144Z,loan_to_aml,2,24,200,18.068600,
policy_only,6,1,perf-policy_only-r006-20260818T052144Z,loan_to_aml,2,25,200,18.322500,
policy_only,6,1,perf-policy_only-r006-20260818T052144Z,loan_to_aml,2,26,200,17.303100,
policy_only,6,1,perf-policy_only-r006-20260818T052144Z,loan_to_aml,2,27,200,18.934700,
policy_only,6,1,perf-policy_only-r006-20260818T052144Z,loan_to_aml,2,28,200,16.256400,
policy_only,6,1,perf-policy_only-r006-20260818T052144Z,loan_to_aml,2,29,200,17.081900,
policy_only,6,1,perf-policy_only-r006-20260818T052144Z,loan_to_aml,2,30,200,18.908100,
policy_only,6,1,perf-policy_only-r006-20260818T052144Z,loan_to_aml,2,31,200,17.068500,
policy_only,6,1,perf-policy_only-r006-20260818T052144Z,loan_to_aml,2,32,200,19.263900,
policy_only,6,1,perf-policy_only-r006-20260818T052144Z,loan_to_aml,2,33,200,17.572400,
policy_only,6,1,perf-policy_only-r006-20260818T052144Z,loan_to_aml,2,34,200,17.086000,
policy_only,6,1,perf-policy_only-r006-20260818T052144Z,loan_to_aml,2,35,200,16.949400,
policy_only,6,1,perf-policy_only-r006-20260818T052144Z,loan_to_aml,2,36,200,17.145400,
policy_only,6,1,perf-policy_only-r006-20260818T052144Z,loan_to_aml,2,37,200,17.595100,
policy_only,6,1,perf-policy_only-r006-20260818T052144Z,loan_to_aml,2,38,200,15.851400,
policy_only,6,1,perf-policy_only-r006-20260818T052144Z,loan_to_aml,2,39,200,15.969400,
policy_only,6,1,perf-policy_only-r006-20260818T052144Z,loan_to_aml,2,40,200,17.875700,
policy_only,6,1,perf-policy_only-r006-20260818T052144Z,loan_to_aml,2,41,200,16.096900,
policy_only,6,1,perf-policy_only-r006-20260818T052144Z,loan_to_aml,2,42,200,16.790800,
policy_only,6,1,perf-policy_only-r006-20260818T052144Z,loan_to_aml,2,43,200,16.944500,
policy_only,6,1,perf-policy_only-r006-20260818T052144Z,loan_to_aml,2,44,200,15.905800,
policy_only,6,1,perf-policy_only-r006-20260818T052144Z,loan_to_aml,2,45,200,16.524800,
policy_only,6,1,perf-policy_only-r006-20260818T052144Z,loan_to_aml,2,46,200,17.245600,
policy_only,6,1,perf-policy_only-r006-20260818T052144Z,loan_to_aml,2,47,200,15.070800,
policy_only,6,1,perf-policy_only-r006-20260818T052144Z,loan_to_aml,2,48,200,15.461600,
policy_only,6,1,perf-policy_only-r006-20260818T052144Z,loan_to_aml,2,49,200,15.700300,
policy_only,6,1,perf-policy_only-r006-20260818T052144Z,loan_to_aml,2,50,200,15.062500,
policy_only,6,1,perf-policy_only-r006-20260818T052144Z,loan_to_aml,2,51,200,15.965600,
policy_only,6,1,perf-policy_only-r006-20260818T052144Z,loan_to_aml,2,52,200,16.122400,
policy_only,6,1,perf-policy_only-r006-20260818T052144Z,loan_to_aml,2,53,200,15.738300,
policy_only,6,1,perf-policy_only-r006-20260818T052144Z,loan_to_aml,2,54,200,16.381800,
policy_only,6,1,perf-policy_only-r006-20260818T052144Z,loan_to_aml,2,55,200,15.571300,
policy_only,6,1,perf-policy_only-r006-20260818T052144Z,loan_to_aml,2,56,200,16.568500,
policy_only,6,1,perf-policy_only-r006-20260818T052144Z,loan_to_aml,2,57,200,16.961800,
policy_only,6,1,perf-policy_only-r006-20260818T052144Z,loan_to_aml,2,58,200,16.737100,
policy_only,6,1,perf-policy_only-r006-20260818T052144Z,loan_to_aml,2,59,200,15.610300,
policy_only,6,1,perf-policy_only-r006-20260818T052144Z,loan_to_aml,2,60,200,16.299100,
policy_only,6,1,perf-policy_only-r006-20260818T052144Z,loan_to_aml,2,61,200,18.664800,
policy_only,6,1,perf-policy_only-r006-20260818T052144Z,loan_to_aml,2,62,200,16.993200,
policy_only,6,1,perf-policy_only-r006-20260818T052144Z,loan_to_aml,2,63,200,18.309500,
policy_only,6,1,perf-policy_only-r006-20260818T052144Z,loan_to_aml,2,64,200,17.736800,
policy_only,6,1,perf-policy_only-r006-20260818T052144Z,loan_to_aml,2,65,200,17.661900,
policy_only,6,1,perf-policy_only-r006-20260818T052144Z,loan_to_aml,2,66,200,17.067700,
policy_only,6,1,perf-policy_only-r006-20260818T052144Z,loan_to_aml,2,67,200,19.990400,
policy_only,6,1,perf-policy_only-r006-20260818T052144Z,loan_to_aml,2,68,200,17.556600,
policy_only,6,1,perf-policy_only-r006-20260818T052144Z,loan_to_aml,2,69,200,17.183900,
policy_only,6,1,perf-policy_only-r006-20260818T052144Z,loan_to_aml,2,70,200,16.623400,
policy_only,6,1,perf-policy_only-r006-20260818T052144Z,loan_to_aml,2,71,200,16.829300,
policy_only,6,1,perf-policy_only-r006-20260818T052144Z,loan_to_aml,2,72,200,15.885600,
policy_only,6,1,perf-policy_only-r006-20260818T052144Z,loan_to_aml,2,73,200,16.075300,
policy_only,6,1,perf-policy_only-r006-20260818T052144Z,loan_to_aml,2,74,200,15.944000,
policy_only,6,1,perf-policy_only-r006-20260818T052144Z,loan_to_aml,2,75,200,16.882200,
policy_only,6,1,perf-policy_only-r006-20260818T052144Z,loan_to_aml,2,76,200,17.447400,
policy_only,6,1,perf-policy_only-r006-20260818T052144Z,loan_to_aml,2,77,200,16.430100,
policy_only,6,1,perf-policy_only-r006-20260818T052144Z,loan_to_aml,2,78,200,16.374900,
policy_only,6,1,perf-policy_only-r006-20260818T052144Z,loan_to_aml,2,79,200,17.245600,
policy_only,6,1,perf-policy_only-r006-20260818T052144Z,loan_to_aml,2,80,200,17.966000,
policy_only,6,1,perf-policy_only-r006-20260818T052144Z,loan_to_aml,2,81,200,17.171400,
policy_only,6,1,perf-policy_only-r006-20260818T052144Z,loan_to_aml,2,82,200,17.622200,
policy_only,6,1,perf-policy_only-r006-20260818T052144Z,loan_to_aml,2,83,200,17.494500,
policy_only,6,1,perf-policy_only-r006-20260818T052144Z,loan_to_aml,2,84,200,16.662700,
policy_only,6,1,perf-policy_only-r006-20260818T052144Z,loan_to_aml,2,85,200,18.994300,
policy_only,6,1,perf-policy_only-r006-20260818T052144Z,loan_to_aml,2,86,200,16.906200,
policy_only,6,1,perf-policy_only-r006-20260818T052144Z,loan_to_aml,2,87,200,17.157700,
policy_only,6,1,perf-policy_only-r006-20260818T052144Z,loan_to_aml,2,88,200,16.681800,
policy_only,6,1,perf-policy_only-r006-20260818T052144Z,loan_to_aml,2,89,200,16.902600,
policy_only,6,1,perf-policy_only-r006-20260818T052144Z,loan_to_aml,2,90,200,16.744200,
policy_only,6,1,perf-policy_only-r006-20260818T052144Z,loan_to_aml,2,91,200,15.955200,
policy_only,6,1,perf-policy_only-r006-20260818T052144Z,loan_to_aml,2,92,200,15.983700,
policy_only,6,1,perf-policy_only-r006-20260818T052144Z,loan_to_aml,2,93,200,14.969800,
policy_only,6,1,perf-policy_only-r006-20260818T052144Z,loan_to_aml,2,94,200,16.435700,
policy_only,6,1,perf-policy_only-r006-20260818T052144Z,loan_to_aml,2,95,200,16.880000,
policy_only,6,1,perf-policy_only-r006-20260818T052144Z,loan_to_aml,2,96,200,15.834400,
policy_only,6,1,perf-policy_only-r006-20260818T052144Z,loan_to_aml,2,97,200,16.828800,
policy_only,6,1,perf-policy_only-r006-20260818T052144Z,loan_to_aml,2,98,200,18.038000,
policy_only,6,1,perf-policy_only-r006-20260818T052144Z,loan_to_aml,2,99,200,16.897700,
policy_only,6,1,perf-policy_only-r006-20260818T052144Z,loan_to_aml,2,100,200,15.925000,
policy_only,6,1,perf-policy_only-r006-20260818T052144Z,loan_to_aml,2,101,200,16.643600,
policy_only,6,1,perf-policy_only-r006-20260818T052144Z,loan_to_aml,2,102,200,16.962500,
policy_only,6,1,perf-policy_only-r006-20260818T052144Z,loan_to_aml,2,103,200,16.844600,
policy_only,6,1,perf-policy_only-r006-20260818T052144Z,loan_to_aml,2,104,200,16.952500,
policy_only,6,1,perf-policy_only-r006-20260818T052144Z,loan_to_aml,2,105,200,16.824100,
policy_only,6,1,perf-policy_only-r006-20260818T052144Z,loan_to_aml,2,106,200,17.202200,
policy_only,6,1,perf-policy_only-r006-20260818T052144Z,loan_to_aml,2,107,200,16.693300,
policy_only,6,1,perf-policy_only-r006-20260818T052144Z,loan_to_aml,2,108,200,16.874200,
policy_only,6,1,perf-policy_only-r006-20260818T052144Z,loan_to_aml,2,109,200,17.481100,
policy_only,6,1,perf-policy_only-r006-20260818T052144Z,loan_to_aml,2,110,200,17.343200,
policy_only,6,1,perf-policy_only-r006-20260818T052144Z,loan_to_aml,2,111,200,19.354400,
policy_only,6,1,perf-policy_only-r006-20260818T052144Z,loan_to_aml,2,112,200,17.017900,
policy_only,6,1,perf-policy_only-r006-20260818T052144Z,loan_to_aml,2,113,200,18.014600,
policy_only,6,1,perf-policy_only-r006-20260818T052144Z,loan_to_aml,2,114,200,18.151400,
policy_only,6,1,perf-policy_only-r006-20260818T052144Z,loan_to_aml,2,115,200,18.837800,
policy_only,6,1,perf-policy_only-r006-20260818T052144Z,loan_to_aml,2,116,200,18.054600,
policy_only,6,1,perf-policy_only-r006-20260818T052144Z,loan_to_aml,2,117,200,18.197500,
policy_only,6,1,perf-policy_only-r006-20260818T052144Z,loan_to_aml,2,118,200,18.162900,
policy_only,6,1,perf-policy_only-r006-20260818T052144Z,loan_to_aml,2,119,200,18.081100,
policy_only,6,1,perf-policy_only-r006-20260818T052144Z,loan_to_aml,2,120,200,17.834300,
policy_only,6,1,perf-policy_only-r006-20260818T052144Z,loan_to_aml,2,121,200,17.998500,
policy_only,6,1,perf-policy_only-r006-20260818T052144Z,loan_to_aml,2,122,200,17.440600,
policy_only,6,1,perf-policy_only-r006-20260818T052144Z,loan_to_aml,2,123,200,16.845100,
policy_only,6,1,perf-policy_only-r006-20260818T052144Z,loan_to_aml,2,124,200,15.851100,
policy_only,6,1,perf-policy_only-r006-20260818T052144Z,loan_to_aml,2,125,200,17.348800,
policy_only,6,1,perf-policy_only-r006-20260818T052144Z,loan_to_aml,2,126,200,21.276800,
policy_only,6,1,perf-policy_only-r006-20260818T052144Z,loan_to_aml,2,127,200,17.667400,
policy_only,6,1,perf-policy_only-r006-20260818T052144Z,loan_to_aml,2,128,200,17.002700,
policy_only,6,1,perf-policy_only-r006-20260818T052144Z,loan_to_aml,2,129,200,16.793500,
policy_only,6,1,perf-policy_only-r006-20260818T052144Z,loan_to_aml,2,130,200,17.117500,
policy_only,6,1,perf-policy_only-r006-20260818T052144Z,loan_to_aml,2,131,200,17.021400,
policy_only,6,1,perf-policy_only-r006-20260818T052144Z,loan_to_aml,2,132,200,16.660300,
policy_only,6,1,perf-policy_only-r006-20260818T052144Z,loan_to_aml,2,133,200,16.963600,
policy_only,6,1,perf-policy_only-r006-20260818T052144Z,loan_to_aml,2,134,200,16.841100,
policy_only,6,1,perf-policy_only-r006-20260818T052144Z,loan_to_aml,2,135,200,17.171100,
policy_only,6,1,perf-policy_only-r006-20260818T052144Z,loan_to_aml,2,136,200,16.883500,
policy_only,6,1,perf-policy_only-r006-20260818T052144Z,loan_to_aml,2,137,200,20.667800,
policy_only,6,1,perf-policy_only-r006-20260818T052144Z,loan_to_aml,2,138,200,18.185600,
policy_only,6,1,perf-policy_only-r006-20260818T052144Z,loan_to_aml,2,139,200,18.793200,
policy_only,6,1,perf-policy_only-r006-20260818T052144Z,loan_to_aml,2,140,200,18.102700,
policy_only,6,1,perf-policy_only-r006-20260818T052144Z,loan_to_aml,2,141,200,18.564900,
policy_only,6,1,perf-policy_only-r006-20260818T052144Z,loan_to_aml,2,142,200,18.569400,
policy_only,6,1,perf-policy_only-r006-20260818T052144Z,loan_to_aml,2,143,200,17.154100,
policy_only,6,1,perf-policy_only-r006-20260818T052144Z,loan_to_aml,2,144,200,17.031600,
policy_only,6,1,perf-policy_only-r006-20260818T052144Z,loan_to_aml,2,145,200,18.613400,
policy_only,6,1,perf-policy_only-r006-20260818T052144Z,loan_to_aml,2,146,200,17.412700,
policy_only,6,1,perf-policy_only-r006-20260818T052144Z,loan_to_aml,2,147,200,19.108500,
policy_only,6,1,perf-policy_only-r006-20260818T052144Z,loan_to_aml,2,148,200,17.698200,
policy_only,6,1,perf-policy_only-r006-20260818T052144Z,loan_to_aml,2,149,200,16.844400,
policy_only,6,1,perf-policy_only-r006-20260818T052144Z,loan_to_aml,2,150,200,15.654000,
policy_only,6,1,perf-policy_only-r006-20260818T052144Z,loan_to_aml,2,151,200,16.412700,
policy_only,6,1,perf-policy_only-r006-20260818T052144Z,loan_to_aml,2,152,200,16.916000,
policy_only,6,1,perf-policy_only-r006-20260818T052144Z,loan_to_aml,2,153,200,17.459900,
policy_only,6,1,perf-policy_only-r006-20260818T052144Z,loan_to_aml,2,154,200,17.421700,
policy_only,6,1,perf-policy_only-r006-20260818T052144Z,loan_to_aml,2,155,200,16.206900,
policy_only,6,1,perf-policy_only-r006-20260818T052144Z,loan_to_aml,2,156,200,16.442200,
policy_only,6,1,perf-policy_only-r006-20260818T052144Z,loan_to_aml,2,157,200,16.144000,
policy_only,6,1,perf-policy_only-r006-20260818T052144Z,loan_to_aml,2,158,200,15.973400,
policy_only,6,1,perf-policy_only-r006-20260818T052144Z,loan_to_aml,2,159,200,16.064200,
policy_only,6,1,perf-policy_only-r006-20260818T052144Z,loan_to_aml,2,160,200,16.141000,
policy_only,6,1,perf-policy_only-r006-20260818T052144Z,loan_to_aml,2,161,200,16.000800,
policy_only,6,1,perf-policy_only-r006-20260818T052144Z,loan_to_aml,2,162,200,15.736700,
policy_only,6,1,perf-policy_only-r006-20260818T052144Z,loan_to_aml,2,163,200,15.833700,
policy_only,6,1,perf-policy_only-r006-20260818T052144Z,loan_to_aml,2,164,200,16.322100,
policy_only,6,1,perf-policy_only-r006-20260818T052144Z,loan_to_aml,2,165,200,15.759400,
policy_only,6,1,perf-policy_only-r006-20260818T052144Z,loan_to_aml,2,166,200,16.862200,
policy_only,6,1,perf-policy_only-r006-20260818T052144Z,loan_to_aml,2,167,200,16.019700,
policy_only,6,1,perf-policy_only-r006-20260818T052144Z,loan_to_aml,2,168,200,15.967500,
policy_only,6,1,perf-policy_only-r006-20260818T052144Z,loan_to_aml,2,169,200,16.401800,
policy_only,6,1,perf-policy_only-r006-20260818T052144Z,loan_to_aml,2,170,200,15.966900,
policy_only,6,1,perf-policy_only-r006-20260818T052144Z,loan_to_aml,2,171,200,16.709200,
policy_only,6,1,perf-policy_only-r006-20260818T052144Z,loan_to_aml,2,172,200,16.429700,
policy_only,6,1,perf-policy_only-r006-20260818T052144Z,loan_to_aml,2,173,200,16.851700,
policy_only,6,1,perf-policy_only-r006-20260818T052144Z,loan_to_aml,2,174,200,16.626100,
policy_only,6,1,perf-policy_only-r006-20260818T052144Z,loan_to_aml,2,175,200,17.376600,
policy_only,6,1,perf-policy_only-r006-20260818T052144Z,loan_to_aml,2,176,200,16.725000,
policy_only,6,1,perf-policy_only-r006-20260818T052144Z,loan_to_aml,2,177,200,16.369200,
policy_only,6,1,perf-policy_only-r006-20260818T052144Z,loan_to_aml,2,178,200,17.181300,
policy_only,6,1,perf-policy_only-r006-20260818T052144Z,loan_to_aml,2,179,200,16.607100,
policy_only,6,1,perf-policy_only-r006-20260818T052144Z,loan_to_aml,2,180,200,17.079800,
policy_only,6,1,perf-policy_only-r006-20260818T052144Z,loan_to_aml,2,181,200,16.420200,
policy_only,6,1,perf-policy_only-r006-20260818T052144Z,loan_to_aml,2,182,200,16.459600,
policy_only,6,1,perf-policy_only-r006-20260818T052144Z,loan_to_aml,2,183,200,16.894400,
policy_only,6,1,perf-policy_only-r006-20260818T052144Z,loan_to_aml,2,184,200,16.716400,
policy_only,6,1,perf-policy_only-r006-20260818T052144Z,loan_to_aml,2,185,200,16.832100,
policy_only,6,1,perf-policy_only-r006-20260818T052144Z,loan_to_aml,2,186,200,16.995800,
policy_only,6,1,perf-policy_only-r006-20260818T052144Z,loan_to_aml,2,187,200,17.874100,
policy_only,6,1,perf-policy_only-r006-20260818T052144Z,loan_to_aml,2,188,200,16.260600,
policy_only,6,1,perf-policy_only-r006-20260818T052144Z,loan_to_aml,2,189,200,16.942700,
policy_only,6,1,perf-policy_only-r006-20260818T052144Z,loan_to_aml,2,190,200,15.484100,
policy_only,6,1,perf-policy_only-r006-20260818T052144Z,loan_to_aml,2,191,200,15.310900,
policy_only,6,1,perf-policy_only-r006-20260818T052144Z,loan_to_aml,2,192,200,14.990500,
policy_only,6,1,perf-policy_only-r006-20260818T052144Z,loan_to_aml,2,193,200,16.551700,
policy_only,6,1,perf-policy_only-r006-20260818T052144Z,loan_to_aml,2,194,200,16.730100,
policy_only,6,1,perf-policy_only-r006-20260818T052144Z,loan_to_aml,2,195,200,15.869200,
policy_only,6,1,perf-policy_only-r006-20260818T052144Z,loan_to_aml,2,196,200,15.791300,
policy_only,6,1,perf-policy_only-r006-20260818T052144Z,loan_to_aml,2,197,200,16.166800,
policy_only,6,1,perf-policy_only-r006-20260818T052144Z,loan_to_aml,2,198,200,15.851800,
policy_only,6,1,perf-policy_only-r006-20260818T052144Z,loan_to_aml,2,199,200,16.110800,
policy_only,6,1,perf-policy_only-r006-20260818T052144Z,loan_to_aml,2,200,200,15.970100,
policy_only,6,1,perf-policy_only-r006-20260818T052144Z,loan_to_aml,3,1,200,16.784000,
policy_only,6,1,perf-policy_only-r006-20260818T052144Z,loan_to_aml,3,2,200,17.284100,
policy_only,6,1,perf-policy_only-r006-20260818T052144Z,loan_to_aml,3,3,200,16.932000,
policy_only,6,1,perf-policy_only-r006-20260818T052144Z,loan_to_aml,3,4,200,17.623700,
policy_only,6,1,perf-policy_only-r006-20260818T052144Z,loan_to_aml,3,5,200,16.547900,
policy_only,6,1,perf-policy_only-r006-20260818T052144Z,loan_to_aml,3,6,200,17.401900,
policy_only,6,1,perf-policy_only-r006-20260818T052144Z,loan_to_aml,3,7,200,16.350500,
policy_only,6,1,perf-policy_only-r006-20260818T052144Z,loan_to_aml,3,8,200,15.732200,
policy_only,6,1,perf-policy_only-r006-20260818T052144Z,loan_to_aml,3,9,200,17.206400,
policy_only,6,1,perf-policy_only-r006-20260818T052144Z,loan_to_aml,3,10,200,15.895500,
policy_only,6,1,perf-policy_only-r006-20260818T052144Z,loan_to_aml,3,11,200,16.893000,
policy_only,6,1,perf-policy_only-r006-20260818T052144Z,loan_to_aml,3,12,200,16.980200,
policy_only,6,1,perf-policy_only-r006-20260818T052144Z,loan_to_aml,3,13,200,15.978000,
policy_only,6,1,perf-policy_only-r006-20260818T052144Z,loan_to_aml,3,14,200,17.140100,
policy_only,6,1,perf-policy_only-r006-20260818T052144Z,loan_to_aml,3,15,200,15.724200,
policy_only,6,1,perf-policy_only-r006-20260818T052144Z,loan_to_aml,3,16,200,16.115900,
policy_only,6,1,perf-policy_only-r006-20260818T052144Z,loan_to_aml,3,17,200,15.828700,
policy_only,6,1,perf-policy_only-r006-20260818T052144Z,loan_to_aml,3,18,200,15.980400,
policy_only,6,1,perf-policy_only-r006-20260818T052144Z,loan_to_aml,3,19,200,15.897900,
policy_only,6,1,perf-policy_only-r006-20260818T052144Z,loan_to_aml,3,20,200,15.990100,
policy_only,6,1,perf-policy_only-r006-20260818T052144Z,loan_to_aml,3,21,200,16.012300,
policy_only,6,1,perf-policy_only-r006-20260818T052144Z,loan_to_aml,3,22,200,16.269000,
policy_only,6,1,perf-policy_only-r006-20260818T052144Z,loan_to_aml,3,23,200,16.093200,
policy_only,6,1,perf-policy_only-r006-20260818T052144Z,loan_to_aml,3,24,200,16.948200,
policy_only,6,1,perf-policy_only-r006-20260818T052144Z,loan_to_aml,3,25,200,15.842700,
policy_only,6,1,perf-policy_only-r006-20260818T052144Z,loan_to_aml,3,26,200,16.559900,
policy_only,6,1,perf-policy_only-r006-20260818T052144Z,loan_to_aml,3,27,200,15.983900,
policy_only,6,1,perf-policy_only-r006-20260818T052144Z,loan_to_aml,3,28,200,16.133400,
policy_only,6,1,perf-policy_only-r006-20260818T052144Z,loan_to_aml,3,29,200,15.888400,
policy_only,6,1,perf-policy_only-r006-20260818T052144Z,loan_to_aml,3,30,200,15.907200,
policy_only,6,1,perf-policy_only-r006-20260818T052144Z,loan_to_aml,3,31,200,16.227100,
policy_only,6,1,perf-policy_only-r006-20260818T052144Z,loan_to_aml,3,32,200,16.232400,
policy_only,6,1,perf-policy_only-r006-20260818T052144Z,loan_to_aml,3,33,200,15.873800,
policy_only,6,1,perf-policy_only-r006-20260818T052144Z,loan_to_aml,3,34,200,15.684500,
policy_only,6,1,perf-policy_only-r006-20260818T052144Z,loan_to_aml,3,35,200,16.386000,
policy_only,6,1,perf-policy_only-r006-20260818T052144Z,loan_to_aml,3,36,200,16.900600,
policy_only,6,1,perf-policy_only-r006-20260818T052144Z,loan_to_aml,3,37,200,15.715800,
policy_only,6,1,perf-policy_only-r006-20260818T052144Z,loan_to_aml,3,38,200,17.409400,
policy_only,6,1,perf-policy_only-r006-20260818T052144Z,loan_to_aml,3,39,200,17.008200,
policy_only,6,1,perf-policy_only-r006-20260818T052144Z,loan_to_aml,3,40,200,17.034100,
policy_only,6,1,perf-policy_only-r006-20260818T052144Z,loan_to_aml,3,41,200,16.781000,
policy_only,6,1,perf-policy_only-r006-20260818T052144Z,loan_to_aml,3,42,200,17.383000,
policy_only,6,1,perf-policy_only-r006-20260818T052144Z,loan_to_aml,3,43,200,16.382500,
policy_only,6,1,perf-policy_only-r006-20260818T052144Z,loan_to_aml,3,44,200,16.395400,
policy_only,6,1,perf-policy_only-r006-20260818T052144Z,loan_to_aml,3,45,200,16.398600,
policy_only,6,1,perf-policy_only-r006-20260818T052144Z,loan_to_aml,3,46,200,16.458800,
policy_only,6,1,perf-policy_only-r006-20260818T052144Z,loan_to_aml,3,47,200,15.497900,
policy_only,6,1,perf-policy_only-r006-20260818T052144Z,loan_to_aml,3,48,200,15.960900,
policy_only,6,1,perf-policy_only-r006-20260818T052144Z,loan_to_aml,3,49,200,19.325100,
policy_only,6,1,perf-policy_only-r006-20260818T052144Z,loan_to_aml,3,50,200,16.283400,
policy_only,6,1,perf-policy_only-r006-20260818T052144Z,loan_to_aml,3,51,200,16.617400,
policy_only,6,1,perf-policy_only-r006-20260818T052144Z,loan_to_aml,3,52,200,15.542200,
policy_only,6,1,perf-policy_only-r006-20260818T052144Z,loan_to_aml,3,53,200,16.124000,
policy_only,6,1,perf-policy_only-r006-20260818T052144Z,loan_to_aml,3,54,200,16.625800,
policy_only,6,1,perf-policy_only-r006-20260818T052144Z,loan_to_aml,3,55,200,16.410500,
policy_only,6,1,perf-policy_only-r006-20260818T052144Z,loan_to_aml,3,56,200,16.123700,
policy_only,6,1,perf-policy_only-r006-20260818T052144Z,loan_to_aml,3,57,200,16.123200,
policy_only,6,1,perf-policy_only-r006-20260818T052144Z,loan_to_aml,3,58,200,17.789600,
policy_only,6,1,perf-policy_only-r006-20260818T052144Z,loan_to_aml,3,59,200,16.047000,
policy_only,6,1,perf-policy_only-r006-20260818T052144Z,loan_to_aml,3,60,200,16.285200,
policy_only,6,1,perf-policy_only-r006-20260818T052144Z,loan_to_aml,3,61,200,15.554400,
policy_only,6,1,perf-policy_only-r006-20260818T052144Z,loan_to_aml,3,62,200,15.966400,
policy_only,6,1,perf-policy_only-r006-20260818T052144Z,loan_to_aml,3,63,200,15.948800,
policy_only,6,1,perf-policy_only-r006-20260818T052144Z,loan_to_aml,3,64,200,16.180900,
policy_only,6,1,perf-policy_only-r006-20260818T052144Z,loan_to_aml,3,65,200,16.107100,
policy_only,6,1,perf-policy_only-r006-20260818T052144Z,loan_to_aml,3,66,200,15.812200,
policy_only,6,1,perf-policy_only-r006-20260818T052144Z,loan_to_aml,3,67,200,15.754500,
policy_only,6,1,perf-policy_only-r006-20260818T052144Z,loan_to_aml,3,68,200,16.154700,
policy_only,6,1,perf-policy_only-r006-20260818T052144Z,loan_to_aml,3,69,200,16.019100,
policy_only,6,1,perf-policy_only-r006-20260818T052144Z,loan_to_aml,3,70,200,15.688700,
policy_only,6,1,perf-policy_only-r006-20260818T052144Z,loan_to_aml,3,71,200,16.005500,
policy_only,6,1,perf-policy_only-r006-20260818T052144Z,loan_to_aml,3,72,200,16.922700,
policy_only,6,1,perf-policy_only-r006-20260818T052144Z,loan_to_aml,3,73,200,17.436400,
policy_only,6,1,perf-policy_only-r006-20260818T052144Z,loan_to_aml,3,74,200,17.467200,
policy_only,6,1,perf-policy_only-r006-20260818T052144Z,loan_to_aml,3,75,200,16.107400,
policy_only,6,1,perf-policy_only-r006-20260818T052144Z,loan_to_aml,3,76,200,16.272700,
policy_only,6,1,perf-policy_only-r006-20260818T052144Z,loan_to_aml,3,77,200,15.812700,
policy_only,6,1,perf-policy_only-r006-20260818T052144Z,loan_to_aml,3,78,200,16.732500,
policy_only,6,1,perf-policy_only-r006-20260818T052144Z,loan_to_aml,3,79,200,15.888800,
policy_only,6,1,perf-policy_only-r006-20260818T052144Z,loan_to_aml,3,80,200,15.494300,
policy_only,6,1,perf-policy_only-r006-20260818T052144Z,loan_to_aml,3,81,200,15.679200,
policy_only,6,1,perf-policy_only-r006-20260818T052144Z,loan_to_aml,3,82,200,16.220500,
policy_only,6,1,perf-policy_only-r006-20260818T052144Z,loan_to_aml,3,83,200,16.005600,
policy_only,6,1,perf-policy_only-r006-20260818T052144Z,loan_to_aml,3,84,200,15.743900,
policy_only,6,1,perf-policy_only-r006-20260818T052144Z,loan_to_aml,3,85,200,15.856500,
policy_only,6,1,perf-policy_only-r006-20260818T052144Z,loan_to_aml,3,86,200,16.232300,
policy_only,6,1,perf-policy_only-r006-20260818T052144Z,loan_to_aml,3,87,200,15.916500,
policy_only,6,1,perf-policy_only-r006-20260818T052144Z,loan_to_aml,3,88,200,16.080000,
policy_only,6,1,perf-policy_only-r006-20260818T052144Z,loan_to_aml,3,89,200,15.927400,
policy_only,6,1,perf-policy_only-r006-20260818T052144Z,loan_to_aml,3,90,200,15.831600,
policy_only,6,1,perf-policy_only-r006-20260818T052144Z,loan_to_aml,3,91,200,16.453200,
policy_only,6,1,perf-policy_only-r006-20260818T052144Z,loan_to_aml,3,92,200,16.727500,
policy_only,6,1,perf-policy_only-r006-20260818T052144Z,loan_to_aml,3,93,200,15.917100,
policy_only,6,1,perf-policy_only-r006-20260818T052144Z,loan_to_aml,3,94,200,15.656500,
policy_only,6,1,perf-policy_only-r006-20260818T052144Z,loan_to_aml,3,95,200,17.907500,
policy_only,6,1,perf-policy_only-r006-20260818T052144Z,loan_to_aml,3,96,200,16.488100,
policy_only,6,1,perf-policy_only-r006-20260818T052144Z,loan_to_aml,3,97,200,16.042600,
policy_only,6,1,perf-policy_only-r006-20260818T052144Z,loan_to_aml,3,98,200,15.835800,
policy_only,6,1,perf-policy_only-r006-20260818T052144Z,loan_to_aml,3,99,200,16.050500,
policy_only,6,1,perf-policy_only-r006-20260818T052144Z,loan_to_aml,3,100,200,15.884600,
policy_only,6,1,perf-policy_only-r006-20260818T052144Z,loan_to_aml,3,101,200,16.144700,
policy_only,6,1,perf-policy_only-r006-20260818T052144Z,loan_to_aml,3,102,200,16.737500,
policy_only,6,1,perf-policy_only-r006-20260818T052144Z,loan_to_aml,3,103,200,16.100600,
policy_only,6,1,perf-policy_only-r006-20260818T052144Z,loan_to_aml,3,104,200,16.468200,
policy_only,6,1,perf-policy_only-r006-20260818T052144Z,loan_to_aml,3,105,200,16.466800,
policy_only,6,1,perf-policy_only-r006-20260818T052144Z,loan_to_aml,3,106,200,17.091900,
policy_only,6,1,perf-policy_only-r006-20260818T052144Z,loan_to_aml,3,107,200,17.153000,
policy_only,6,1,perf-policy_only-r006-20260818T052144Z,loan_to_aml,3,108,200,16.674100,
policy_only,6,1,perf-policy_only-r006-20260818T052144Z,loan_to_aml,3,109,200,15.662000,
policy_only,6,1,perf-policy_only-r006-20260818T052144Z,loan_to_aml,3,110,200,16.176800,
policy_only,6,1,perf-policy_only-r006-20260818T052144Z,loan_to_aml,3,111,200,17.284000,
policy_only,6,1,perf-policy_only-r006-20260818T052144Z,loan_to_aml,3,112,200,16.640800,
policy_only,6,1,perf-policy_only-r006-20260818T052144Z,loan_to_aml,3,113,200,16.162400,
policy_only,6,1,perf-policy_only-r006-20260818T052144Z,loan_to_aml,3,114,200,16.070700,
policy_only,6,1,perf-policy_only-r006-20260818T052144Z,loan_to_aml,3,115,200,16.908200,
policy_only,6,1,perf-policy_only-r006-20260818T052144Z,loan_to_aml,3,116,200,15.762600,
policy_only,6,1,perf-policy_only-r006-20260818T052144Z,loan_to_aml,3,117,200,14.892800,
policy_only,6,1,perf-policy_only-r006-20260818T052144Z,loan_to_aml,3,118,200,16.121800,
policy_only,6,1,perf-policy_only-r006-20260818T052144Z,loan_to_aml,3,119,200,16.085600,
policy_only,6,1,perf-policy_only-r006-20260818T052144Z,loan_to_aml,3,120,200,16.393700,
policy_only,6,1,perf-policy_only-r006-20260818T052144Z,loan_to_aml,3,121,200,16.828100,
policy_only,6,1,perf-policy_only-r006-20260818T052144Z,loan_to_aml,3,122,200,16.985700,
policy_only,6,1,perf-policy_only-r006-20260818T052144Z,loan_to_aml,3,123,200,16.135000,
policy_only,6,1,perf-policy_only-r006-20260818T052144Z,loan_to_aml,3,124,200,16.678700,
policy_only,6,1,perf-policy_only-r006-20260818T052144Z,loan_to_aml,3,125,200,16.403100,
policy_only,6,1,perf-policy_only-r006-20260818T052144Z,loan_to_aml,3,126,200,18.030000,
policy_only,6,1,perf-policy_only-r006-20260818T052144Z,loan_to_aml,3,127,200,16.573400,
policy_only,6,1,perf-policy_only-r006-20260818T052144Z,loan_to_aml,3,128,200,15.789400,
policy_only,6,1,perf-policy_only-r006-20260818T052144Z,loan_to_aml,3,129,200,15.788600,
policy_only,6,1,perf-policy_only-r006-20260818T052144Z,loan_to_aml,3,130,200,16.302600,
policy_only,6,1,perf-policy_only-r006-20260818T052144Z,loan_to_aml,3,131,200,20.226800,
policy_only,6,1,perf-policy_only-r006-20260818T052144Z,loan_to_aml,3,132,200,17.624800,
policy_only,6,1,perf-policy_only-r006-20260818T052144Z,loan_to_aml,3,133,200,18.669200,
policy_only,6,1,perf-policy_only-r006-20260818T052144Z,loan_to_aml,3,134,200,18.209900,
policy_only,6,1,perf-policy_only-r006-20260818T052144Z,loan_to_aml,3,135,200,18.438300,
policy_only,6,1,perf-policy_only-r006-20260818T052144Z,loan_to_aml,3,136,200,17.997200,
policy_only,6,1,perf-policy_only-r006-20260818T052144Z,loan_to_aml,3,137,200,17.102200,
policy_only,6,1,perf-policy_only-r006-20260818T052144Z,loan_to_aml,3,138,200,17.490300,
policy_only,6,1,perf-policy_only-r006-20260818T052144Z,loan_to_aml,3,139,200,17.676800,
policy_only,6,1,perf-policy_only-r006-20260818T052144Z,loan_to_aml,3,140,200,16.841500,
policy_only,6,1,perf-policy_only-r006-20260818T052144Z,loan_to_aml,3,141,200,17.644400,
policy_only,6,1,perf-policy_only-r006-20260818T052144Z,loan_to_aml,3,142,200,16.527100,
policy_only,6,1,perf-policy_only-r006-20260818T052144Z,loan_to_aml,3,143,200,15.866800,
policy_only,6,1,perf-policy_only-r006-20260818T052144Z,loan_to_aml,3,144,200,16.757900,
policy_only,6,1,perf-policy_only-r006-20260818T052144Z,loan_to_aml,3,145,200,16.713900,
policy_only,6,1,perf-policy_only-r006-20260818T052144Z,loan_to_aml,3,146,200,17.041900,
policy_only,6,1,perf-policy_only-r006-20260818T052144Z,loan_to_aml,3,147,200,16.571200,
policy_only,6,1,perf-policy_only-r006-20260818T052144Z,loan_to_aml,3,148,200,15.869300,
policy_only,6,1,perf-policy_only-r006-20260818T052144Z,loan_to_aml,3,149,200,16.140500,
policy_only,6,1,perf-policy_only-r006-20260818T052144Z,loan_to_aml,3,150,200,16.043700,
policy_only,6,1,perf-policy_only-r006-20260818T052144Z,loan_to_aml,3,151,200,15.945600,
policy_only,6,1,perf-policy_only-r006-20260818T052144Z,loan_to_aml,3,152,200,15.947400,
policy_only,6,1,perf-policy_only-r006-20260818T052144Z,loan_to_aml,3,153,200,17.456400,
policy_only,6,1,perf-policy_only-r006-20260818T052144Z,loan_to_aml,3,154,200,16.729500,
policy_only,6,1,perf-policy_only-r006-20260818T052144Z,loan_to_aml,3,155,200,16.964300,
policy_only,6,1,perf-policy_only-r006-20260818T052144Z,loan_to_aml,3,156,200,16.113100,
policy_only,6,1,perf-policy_only-r006-20260818T052144Z,loan_to_aml,3,157,200,16.922500,
policy_only,6,1,perf-policy_only-r006-20260818T052144Z,loan_to_aml,3,158,200,16.908300,
policy_only,6,1,perf-policy_only-r006-20260818T052144Z,loan_to_aml,3,159,200,15.937900,
policy_only,6,1,perf-policy_only-r006-20260818T052144Z,loan_to_aml,3,160,200,17.137500,
policy_only,6,1,perf-policy_only-r006-20260818T052144Z,loan_to_aml,3,161,200,16.601700,
policy_only,6,1,perf-policy_only-r006-20260818T052144Z,loan_to_aml,3,162,200,16.994300,
policy_only,6,1,perf-policy_only-r006-20260818T052144Z,loan_to_aml,3,163,200,15.740000,
policy_only,6,1,perf-policy_only-r006-20260818T052144Z,loan_to_aml,3,164,200,16.534200,
policy_only,6,1,perf-policy_only-r006-20260818T052144Z,loan_to_aml,3,165,200,16.893200,
policy_only,6,1,perf-policy_only-r006-20260818T052144Z,loan_to_aml,3,166,200,20.224500,
policy_only,6,1,perf-policy_only-r006-20260818T052144Z,loan_to_aml,3,167,200,17.958500,
policy_only,6,1,perf-policy_only-r006-20260818T052144Z,loan_to_aml,3,168,200,18.811300,
policy_only,6,1,perf-policy_only-r006-20260818T052144Z,loan_to_aml,3,169,200,17.186600,
policy_only,6,1,perf-policy_only-r006-20260818T052144Z,loan_to_aml,3,170,200,18.923800,
policy_only,6,1,perf-policy_only-r006-20260818T052144Z,loan_to_aml,3,171,200,17.791200,
policy_only,6,1,perf-policy_only-r006-20260818T052144Z,loan_to_aml,3,172,200,17.169000,
policy_only,6,1,perf-policy_only-r006-20260818T052144Z,loan_to_aml,3,173,200,16.659100,
policy_only,6,1,perf-policy_only-r006-20260818T052144Z,loan_to_aml,3,174,200,15.772500,
policy_only,6,1,perf-policy_only-r006-20260818T052144Z,loan_to_aml,3,175,200,16.060000,
policy_only,6,1,perf-policy_only-r006-20260818T052144Z,loan_to_aml,3,176,200,15.802200,
policy_only,6,1,perf-policy_only-r006-20260818T052144Z,loan_to_aml,3,177,200,16.118700,
policy_only,6,1,perf-policy_only-r006-20260818T052144Z,loan_to_aml,3,178,200,16.068900,
policy_only,6,1,perf-policy_only-r006-20260818T052144Z,loan_to_aml,3,179,200,15.807700,
policy_only,6,1,perf-policy_only-r006-20260818T052144Z,loan_to_aml,3,180,200,16.100300,
policy_only,6,1,perf-policy_only-r006-20260818T052144Z,loan_to_aml,3,181,200,16.222000,
policy_only,6,1,perf-policy_only-r006-20260818T052144Z,loan_to_aml,3,182,200,15.719700,
policy_only,6,1,perf-policy_only-r006-20260818T052144Z,loan_to_aml,3,183,200,16.006800,
policy_only,6,1,perf-policy_only-r006-20260818T052144Z,loan_to_aml,3,184,200,16.057800,
policy_only,6,1,perf-policy_only-r006-20260818T052144Z,loan_to_aml,3,185,200,15.652800,
policy_only,6,1,perf-policy_only-r006-20260818T052144Z,loan_to_aml,3,186,200,16.117000,
policy_only,6,1,perf-policy_only-r006-20260818T052144Z,loan_to_aml,3,187,200,15.880900,
policy_only,6,1,perf-policy_only-r006-20260818T052144Z,loan_to_aml,3,188,200,15.874700,
policy_only,6,1,perf-policy_only-r006-20260818T052144Z,loan_to_aml,3,189,200,15.986500,
policy_only,6,1,perf-policy_only-r006-20260818T052144Z,loan_to_aml,3,190,200,15.010500,
policy_only,6,1,perf-policy_only-r006-20260818T052144Z,loan_to_aml,3,191,200,16.761600,
policy_only,6,1,perf-policy_only-r006-20260818T052144Z,loan_to_aml,3,192,200,16.329200,
policy_only,6,1,perf-policy_only-r006-20260818T052144Z,loan_to_aml,3,193,200,16.336600,
policy_only,6,1,perf-policy_only-r006-20260818T052144Z,loan_to_aml,3,194,200,15.602100,
policy_only,6,1,perf-policy_only-r006-20260818T052144Z,loan_to_aml,3,195,200,16.056700,
policy_only,6,1,perf-policy_only-r006-20260818T052144Z,loan_to_aml,3,196,200,16.961000,
policy_only,6,1,perf-policy_only-r006-20260818T052144Z,loan_to_aml,3,197,200,17.075700,
policy_only,6,1,perf-policy_only-r006-20260818T052144Z,loan_to_aml,3,198,200,17.797300,
policy_only,6,1,perf-policy_only-r006-20260818T052144Z,loan_to_aml,3,199,200,17.123500,
policy_only,6,1,perf-policy_only-r006-20260818T052144Z,loan_to_aml,3,200,200,16.298700,
policy_only,6,1,perf-policy_only-r006-20260818T052144Z,loan_to_approval,1,1,200,16.090000,
policy_only,6,1,perf-policy_only-r006-20260818T052144Z,loan_to_approval,1,2,200,16.629000,
policy_only,6,1,perf-policy_only-r006-20260818T052144Z,loan_to_approval,1,3,200,16.897400,
policy_only,6,1,perf-policy_only-r006-20260818T052144Z,loan_to_approval,1,4,200,15.811100,
policy_only,6,1,perf-policy_only-r006-20260818T052144Z,loan_to_approval,1,5,200,16.323200,
policy_only,6,1,perf-policy_only-r006-20260818T052144Z,loan_to_approval,1,6,200,17.211800,
policy_only,6,1,perf-policy_only-r006-20260818T052144Z,loan_to_approval,1,7,200,17.205800,
policy_only,6,1,perf-policy_only-r006-20260818T052144Z,loan_to_approval,1,8,200,17.251400,
policy_only,6,1,perf-policy_only-r006-20260818T052144Z,loan_to_approval,1,9,200,16.392100,
policy_only,6,1,perf-policy_only-r006-20260818T052144Z,loan_to_approval,1,10,200,16.941000,
policy_only,6,1,perf-policy_only-r006-20260818T052144Z,loan_to_approval,1,11,200,16.274900,
policy_only,6,1,perf-policy_only-r006-20260818T052144Z,loan_to_approval,1,12,200,16.498400,
policy_only,6,1,perf-policy_only-r006-20260818T052144Z,loan_to_approval,1,13,200,16.344800,
policy_only,6,1,perf-policy_only-r006-20260818T052144Z,loan_to_approval,1,14,200,16.812600,
policy_only,6,1,perf-policy_only-r006-20260818T052144Z,loan_to_approval,1,15,200,15.903200,
policy_only,6,1,perf-policy_only-r006-20260818T052144Z,loan_to_approval,1,16,200,17.093900,
policy_only,6,1,perf-policy_only-r006-20260818T052144Z,loan_to_approval,1,17,200,16.525700,
policy_only,6,1,perf-policy_only-r006-20260818T052144Z,loan_to_approval,1,18,200,16.119100,
policy_only,6,1,perf-policy_only-r006-20260818T052144Z,loan_to_approval,1,19,200,17.020600,
policy_only,6,1,perf-policy_only-r006-20260818T052144Z,loan_to_approval,1,20,200,17.360300,
policy_only,6,1,perf-policy_only-r006-20260818T052144Z,loan_to_approval,1,21,200,16.965700,
policy_only,6,1,perf-policy_only-r006-20260818T052144Z,loan_to_approval,1,22,200,15.726500,
policy_only,6,1,perf-policy_only-r006-20260818T052144Z,loan_to_approval,1,23,200,15.819900,
policy_only,6,1,perf-policy_only-r006-20260818T052144Z,loan_to_approval,1,24,200,17.065600,
policy_only,6,1,perf-policy_only-r006-20260818T052144Z,loan_to_approval,1,25,200,17.058500,
policy_only,6,1,perf-policy_only-r006-20260818T052144Z,loan_to_approval,1,26,200,16.129400,
policy_only,6,1,perf-policy_only-r006-20260818T052144Z,loan_to_approval,1,27,200,15.715000,
policy_only,6,1,perf-policy_only-r006-20260818T052144Z,loan_to_approval,1,28,200,15.784300,
policy_only,6,1,perf-policy_only-r006-20260818T052144Z,loan_to_approval,1,29,200,16.514900,
policy_only,6,1,perf-policy_only-r006-20260818T052144Z,loan_to_approval,1,30,200,15.460200,
policy_only,6,1,perf-policy_only-r006-20260818T052144Z,loan_to_approval,1,31,200,16.927800,
policy_only,6,1,perf-policy_only-r006-20260818T052144Z,loan_to_approval,1,32,200,20.542800,
policy_only,6,1,perf-policy_only-r006-20260818T052144Z,loan_to_approval,1,33,200,16.784700,
policy_only,6,1,perf-policy_only-r006-20260818T052144Z,loan_to_approval,1,34,200,16.007500,
policy_only,6,1,perf-policy_only-r006-20260818T052144Z,loan_to_approval,1,35,200,16.969500,
policy_only,6,1,perf-policy_only-r006-20260818T052144Z,loan_to_approval,1,36,200,17.035400,
policy_only,6,1,perf-policy_only-r006-20260818T052144Z,loan_to_approval,1,37,200,17.001200,
policy_only,6,1,perf-policy_only-r006-20260818T052144Z,loan_to_approval,1,38,200,17.167600,
policy_only,6,1,perf-policy_only-r006-20260818T052144Z,loan_to_approval,1,39,200,17.702100,
policy_only,6,1,perf-policy_only-r006-20260818T052144Z,loan_to_approval,1,40,200,17.379500,
policy_only,6,1,perf-policy_only-r006-20260818T052144Z,loan_to_approval,1,41,200,17.920500,
policy_only,6,1,perf-policy_only-r006-20260818T052144Z,loan_to_approval,1,42,200,19.146300,
policy_only,6,1,perf-policy_only-r006-20260818T052144Z,loan_to_approval,1,43,200,17.452700,
policy_only,6,1,perf-policy_only-r006-20260818T052144Z,loan_to_approval,1,44,200,17.108000,
policy_only,6,1,perf-policy_only-r006-20260818T052144Z,loan_to_approval,1,45,200,15.533200,
policy_only,6,1,perf-policy_only-r006-20260818T052144Z,loan_to_approval,1,46,200,17.543400,
policy_only,6,1,perf-policy_only-r006-20260818T052144Z,loan_to_approval,1,47,200,15.528100,
policy_only,6,1,perf-policy_only-r006-20260818T052144Z,loan_to_approval,1,48,200,15.866900,
policy_only,6,1,perf-policy_only-r006-20260818T052144Z,loan_to_approval,1,49,200,17.401400,
policy_only,6,1,perf-policy_only-r006-20260818T052144Z,loan_to_approval,1,50,200,15.217600,
policy_only,6,1,perf-policy_only-r006-20260818T052144Z,loan_to_approval,1,51,200,16.270000,
policy_only,6,1,perf-policy_only-r006-20260818T052144Z,loan_to_approval,1,52,200,15.837600,
policy_only,6,1,perf-policy_only-r006-20260818T052144Z,loan_to_approval,1,53,200,17.835800,
policy_only,6,1,perf-policy_only-r006-20260818T052144Z,loan_to_approval,1,54,200,16.320500,
policy_only,6,1,perf-policy_only-r006-20260818T052144Z,loan_to_approval,1,55,200,15.965600,
policy_only,6,1,perf-policy_only-r006-20260818T052144Z,loan_to_approval,1,56,200,16.136800,
policy_only,6,1,perf-policy_only-r006-20260818T052144Z,loan_to_approval,1,57,200,16.023700,
policy_only,6,1,perf-policy_only-r006-20260818T052144Z,loan_to_approval,1,58,200,15.663900,
policy_only,6,1,perf-policy_only-r006-20260818T052144Z,loan_to_approval,1,59,200,16.390000,
policy_only,6,1,perf-policy_only-r006-20260818T052144Z,loan_to_approval,1,60,200,16.687900,
policy_only,6,1,perf-policy_only-r006-20260818T052144Z,loan_to_approval,1,61,200,15.775000,
policy_only,6,1,perf-policy_only-r006-20260818T052144Z,loan_to_approval,1,62,200,16.100900,
policy_only,6,1,perf-policy_only-r006-20260818T052144Z,loan_to_approval,1,63,200,16.358000,
policy_only,6,1,perf-policy_only-r006-20260818T052144Z,loan_to_approval,1,64,200,17.035100,
policy_only,6,1,perf-policy_only-r006-20260818T052144Z,loan_to_approval,1,65,200,16.717700,
policy_only,6,1,perf-policy_only-r006-20260818T052144Z,loan_to_approval,1,66,200,15.952900,
policy_only,6,1,perf-policy_only-r006-20260818T052144Z,loan_to_approval,1,67,200,16.056900,
policy_only,6,1,perf-policy_only-r006-20260818T052144Z,loan_to_approval,1,68,200,17.039400,
policy_only,6,1,perf-policy_only-r006-20260818T052144Z,loan_to_approval,1,69,200,17.643100,
policy_only,6,1,perf-policy_only-r006-20260818T052144Z,loan_to_approval,1,70,200,17.537500,
policy_only,6,1,perf-policy_only-r006-20260818T052144Z,loan_to_approval,1,71,200,15.637100,
policy_only,6,1,perf-policy_only-r006-20260818T052144Z,loan_to_approval,1,72,200,17.792500,
policy_only,6,1,perf-policy_only-r006-20260818T052144Z,loan_to_approval,1,73,200,20.064700,
policy_only,6,1,perf-policy_only-r006-20260818T052144Z,loan_to_approval,1,74,200,20.214300,
policy_only,6,1,perf-policy_only-r006-20260818T052144Z,loan_to_approval,1,75,200,16.740400,
policy_only,6,1,perf-policy_only-r006-20260818T052144Z,loan_to_approval,1,76,200,16.690300,
policy_only,6,1,perf-policy_only-r006-20260818T052144Z,loan_to_approval,1,77,200,15.377000,
policy_only,6,1,perf-policy_only-r006-20260818T052144Z,loan_to_approval,1,78,200,17.192000,
policy_only,6,1,perf-policy_only-r006-20260818T052144Z,loan_to_approval,1,79,200,16.740100,
policy_only,6,1,perf-policy_only-r006-20260818T052144Z,loan_to_approval,1,80,200,16.024900,
policy_only,6,1,perf-policy_only-r006-20260818T052144Z,loan_to_approval,1,81,200,16.505700,
policy_only,6,1,perf-policy_only-r006-20260818T052144Z,loan_to_approval,1,82,200,16.607800,
policy_only,6,1,perf-policy_only-r006-20260818T052144Z,loan_to_approval,1,83,200,15.562000,
policy_only,6,1,perf-policy_only-r006-20260818T052144Z,loan_to_approval,1,84,200,16.254300,
policy_only,6,1,perf-policy_only-r006-20260818T052144Z,loan_to_approval,1,85,200,15.857700,
policy_only,6,1,perf-policy_only-r006-20260818T052144Z,loan_to_approval,1,86,200,15.865900,
policy_only,6,1,perf-policy_only-r006-20260818T052144Z,loan_to_approval,1,87,200,16.165400,
policy_only,6,1,perf-policy_only-r006-20260818T052144Z,loan_to_approval,1,88,200,15.913600,
policy_only,6,1,perf-policy_only-r006-20260818T052144Z,loan_to_approval,1,89,200,15.556500,
policy_only,6,1,perf-policy_only-r006-20260818T052144Z,loan_to_approval,1,90,200,16.354100,
policy_only,6,1,perf-policy_only-r006-20260818T052144Z,loan_to_approval,1,91,200,17.086900,
policy_only,6,1,perf-policy_only-r006-20260818T052144Z,loan_to_approval,1,92,200,15.638200,
policy_only,6,1,perf-policy_only-r006-20260818T052144Z,loan_to_approval,1,93,200,16.238500,
policy_only,6,1,perf-policy_only-r006-20260818T052144Z,loan_to_approval,1,94,200,17.416600,
policy_only,6,1,perf-policy_only-r006-20260818T052144Z,loan_to_approval,1,95,200,16.859100,
policy_only,6,1,perf-policy_only-r006-20260818T052144Z,loan_to_approval,1,96,200,16.788600,
policy_only,6,1,perf-policy_only-r006-20260818T052144Z,loan_to_approval,1,97,200,15.696200,
policy_only,6,1,perf-policy_only-r006-20260818T052144Z,loan_to_approval,1,98,200,16.191000,
policy_only,6,1,perf-policy_only-r006-20260818T052144Z,loan_to_approval,1,99,200,15.979700,
policy_only,6,1,perf-policy_only-r006-20260818T052144Z,loan_to_approval,1,100,200,16.126300,
policy_only,6,1,perf-policy_only-r006-20260818T052144Z,loan_to_approval,1,101,200,16.886600,
policy_only,6,1,perf-policy_only-r006-20260818T052144Z,loan_to_approval,1,102,200,17.092700,
policy_only,6,1,perf-policy_only-r006-20260818T052144Z,loan_to_approval,1,103,200,17.582300,
policy_only,6,1,perf-policy_only-r006-20260818T052144Z,loan_to_approval,1,104,200,17.053000,
policy_only,6,1,perf-policy_only-r006-20260818T052144Z,loan_to_approval,1,105,200,17.100400,
policy_only,6,1,perf-policy_only-r006-20260818T052144Z,loan_to_approval,1,106,200,16.097400,
policy_only,6,1,perf-policy_only-r006-20260818T052144Z,loan_to_approval,1,107,200,16.317100,
policy_only,6,1,perf-policy_only-r006-20260818T052144Z,loan_to_approval,1,108,200,16.387000,
policy_only,6,1,perf-policy_only-r006-20260818T052144Z,loan_to_approval,1,109,200,16.005900,
policy_only,6,1,perf-policy_only-r006-20260818T052144Z,loan_to_approval,1,110,200,16.095600,
policy_only,6,1,perf-policy_only-r006-20260818T052144Z,loan_to_approval,1,111,200,16.069100,
policy_only,6,1,perf-policy_only-r006-20260818T052144Z,loan_to_approval,1,112,200,16.077200,
policy_only,6,1,perf-policy_only-r006-20260818T052144Z,loan_to_approval,1,113,200,17.026100,
policy_only,6,1,perf-policy_only-r006-20260818T052144Z,loan_to_approval,1,114,200,17.142100,
policy_only,6,1,perf-policy_only-r006-20260818T052144Z,loan_to_approval,1,115,200,18.377600,
policy_only,6,1,perf-policy_only-r006-20260818T052144Z,loan_to_approval,1,116,200,16.746700,
policy_only,6,1,perf-policy_only-r006-20260818T052144Z,loan_to_approval,1,117,200,16.466600,
policy_only,6,1,perf-policy_only-r006-20260818T052144Z,loan_to_approval,1,118,200,16.564200,
policy_only,6,1,perf-policy_only-r006-20260818T052144Z,loan_to_approval,1,119,200,15.903100,
policy_only,6,1,perf-policy_only-r006-20260818T052144Z,loan_to_approval,1,120,200,16.421200,
policy_only,6,1,perf-policy_only-r006-20260818T052144Z,loan_to_approval,1,121,200,16.010500,
policy_only,6,1,perf-policy_only-r006-20260818T052144Z,loan_to_approval,1,122,200,15.937400,
policy_only,6,1,perf-policy_only-r006-20260818T052144Z,loan_to_approval,1,123,200,15.708100,
policy_only,6,1,perf-policy_only-r006-20260818T052144Z,loan_to_approval,1,124,200,16.354500,
policy_only,6,1,perf-policy_only-r006-20260818T052144Z,loan_to_approval,1,125,200,16.974700,
policy_only,6,1,perf-policy_only-r006-20260818T052144Z,loan_to_approval,1,126,200,16.023600,
policy_only,6,1,perf-policy_only-r006-20260818T052144Z,loan_to_approval,1,127,200,16.873800,
policy_only,6,1,perf-policy_only-r006-20260818T052144Z,loan_to_approval,1,128,200,16.087200,
policy_only,6,1,perf-policy_only-r006-20260818T052144Z,loan_to_approval,1,129,200,16.562800,
policy_only,6,1,perf-policy_only-r006-20260818T052144Z,loan_to_approval,1,130,200,16.229300,
policy_only,6,1,perf-policy_only-r006-20260818T052144Z,loan_to_approval,1,131,200,16.332500,
policy_only,6,1,perf-policy_only-r006-20260818T052144Z,loan_to_approval,1,132,200,16.837100,
policy_only,6,1,perf-policy_only-r006-20260818T052144Z,loan_to_approval,1,133,200,16.908700,
policy_only,6,1,perf-policy_only-r006-20260818T052144Z,loan_to_approval,1,134,200,19.163600,
policy_only,6,1,perf-policy_only-r006-20260818T052144Z,loan_to_approval,1,135,200,17.167400,
policy_only,6,1,perf-policy_only-r006-20260818T052144Z,loan_to_approval,1,136,200,16.575900,
policy_only,6,1,perf-policy_only-r006-20260818T052144Z,loan_to_approval,1,137,200,16.113600,
policy_only,6,1,perf-policy_only-r006-20260818T052144Z,loan_to_approval,1,138,200,16.972100,
policy_only,6,1,perf-policy_only-r006-20260818T052144Z,loan_to_approval,1,139,200,16.726900,
policy_only,6,1,perf-policy_only-r006-20260818T052144Z,loan_to_approval,1,140,200,15.762600,
policy_only,6,1,perf-policy_only-r006-20260818T052144Z,loan_to_approval,1,141,200,15.854500,
policy_only,6,1,perf-policy_only-r006-20260818T052144Z,loan_to_approval,1,142,200,16.523900,
policy_only,6,1,perf-policy_only-r006-20260818T052144Z,loan_to_approval,1,143,200,15.797000,
policy_only,6,1,perf-policy_only-r006-20260818T052144Z,loan_to_approval,1,144,200,15.845300,
policy_only,6,1,perf-policy_only-r006-20260818T052144Z,loan_to_approval,1,145,200,15.890500,
policy_only,6,1,perf-policy_only-r006-20260818T052144Z,loan_to_approval,1,146,200,16.114500,
policy_only,6,1,perf-policy_only-r006-20260818T052144Z,loan_to_approval,1,147,200,16.639100,
policy_only,6,1,perf-policy_only-r006-20260818T052144Z,loan_to_approval,1,148,200,16.174600,
policy_only,6,1,perf-policy_only-r006-20260818T052144Z,loan_to_approval,1,149,200,16.080100,
policy_only,6,1,perf-policy_only-r006-20260818T052144Z,loan_to_approval,1,150,200,15.787400,
policy_only,6,1,perf-policy_only-r006-20260818T052144Z,loan_to_approval,1,151,200,16.134300,
policy_only,6,1,perf-policy_only-r006-20260818T052144Z,loan_to_approval,1,152,200,16.054100,
policy_only,6,1,perf-policy_only-r006-20260818T052144Z,loan_to_approval,1,153,200,16.322900,
policy_only,6,1,perf-policy_only-r006-20260818T052144Z,loan_to_approval,1,154,200,16.800300,
policy_only,6,1,perf-policy_only-r006-20260818T052144Z,loan_to_approval,1,155,200,16.082800,
policy_only,6,1,perf-policy_only-r006-20260818T052144Z,loan_to_approval,1,156,200,17.078300,
policy_only,6,1,perf-policy_only-r006-20260818T052144Z,loan_to_approval,1,157,200,15.985400,
policy_only,6,1,perf-policy_only-r006-20260818T052144Z,loan_to_approval,1,158,200,16.777500,
policy_only,6,1,perf-policy_only-r006-20260818T052144Z,loan_to_approval,1,159,200,15.738000,
policy_only,6,1,perf-policy_only-r006-20260818T052144Z,loan_to_approval,1,160,200,15.955500,
policy_only,6,1,perf-policy_only-r006-20260818T052144Z,loan_to_approval,1,161,200,16.246400,
policy_only,6,1,perf-policy_only-r006-20260818T052144Z,loan_to_approval,1,162,200,18.379400,
policy_only,6,1,perf-policy_only-r006-20260818T052144Z,loan_to_approval,1,163,200,18.077700,
policy_only,6,1,perf-policy_only-r006-20260818T052144Z,loan_to_approval,1,164,200,17.545900,
policy_only,6,1,perf-policy_only-r006-20260818T052144Z,loan_to_approval,1,165,200,16.726600,
policy_only,6,1,perf-policy_only-r006-20260818T052144Z,loan_to_approval,1,166,200,17.724600,
policy_only,6,1,perf-policy_only-r006-20260818T052144Z,loan_to_approval,1,167,200,19.119300,
policy_only,6,1,perf-policy_only-r006-20260818T052144Z,loan_to_approval,1,168,200,17.485000,
policy_only,6,1,perf-policy_only-r006-20260818T052144Z,loan_to_approval,1,169,200,15.478300,
policy_only,6,1,perf-policy_only-r006-20260818T052144Z,loan_to_approval,1,170,200,16.221200,
policy_only,6,1,perf-policy_only-r006-20260818T052144Z,loan_to_approval,1,171,200,17.583100,
policy_only,6,1,perf-policy_only-r006-20260818T052144Z,loan_to_approval,1,172,200,16.342700,
policy_only,6,1,perf-policy_only-r006-20260818T052144Z,loan_to_approval,1,173,200,17.015600,
policy_only,6,1,perf-policy_only-r006-20260818T052144Z,loan_to_approval,1,174,200,16.785700,
policy_only,6,1,perf-policy_only-r006-20260818T052144Z,loan_to_approval,1,175,200,17.283400,
policy_only,6,1,perf-policy_only-r006-20260818T052144Z,loan_to_approval,1,176,200,15.617000,
policy_only,6,1,perf-policy_only-r006-20260818T052144Z,loan_to_approval,1,177,200,16.671100,
policy_only,6,1,perf-policy_only-r006-20260818T052144Z,loan_to_approval,1,178,200,16.140000,
policy_only,6,1,perf-policy_only-r006-20260818T052144Z,loan_to_approval,1,179,200,15.335800,
policy_only,6,1,perf-policy_only-r006-20260818T052144Z,loan_to_approval,1,180,200,16.082900,
policy_only,6,1,perf-policy_only-r006-20260818T052144Z,loan_to_approval,1,181,200,15.630100,
policy_only,6,1,perf-policy_only-r006-20260818T052144Z,loan_to_approval,1,182,200,16.003500,
policy_only,6,1,perf-policy_only-r006-20260818T052144Z,loan_to_approval,1,183,200,15.633300,
policy_only,6,1,perf-policy_only-r006-20260818T052144Z,loan_to_approval,1,184,200,15.968600,
policy_only,6,1,perf-policy_only-r006-20260818T052144Z,loan_to_approval,1,185,200,15.471400,
policy_only,6,1,perf-policy_only-r006-20260818T052144Z,loan_to_approval,1,186,200,15.780700,
policy_only,6,1,perf-policy_only-r006-20260818T052144Z,loan_to_approval,1,187,200,16.152500,
policy_only,6,1,perf-policy_only-r006-20260818T052144Z,loan_to_approval,1,188,200,16.773500,
policy_only,6,1,perf-policy_only-r006-20260818T052144Z,loan_to_approval,1,189,200,19.097400,
policy_only,6,1,perf-policy_only-r006-20260818T052144Z,loan_to_approval,1,190,200,18.040500,
policy_only,6,1,perf-policy_only-r006-20260818T052144Z,loan_to_approval,1,191,200,17.809900,
policy_only,6,1,perf-policy_only-r006-20260818T052144Z,loan_to_approval,1,192,200,18.132100,
policy_only,6,1,perf-policy_only-r006-20260818T052144Z,loan_to_approval,1,193,200,19.684400,
policy_only,6,1,perf-policy_only-r006-20260818T052144Z,loan_to_approval,1,194,200,22.592000,
policy_only,6,1,perf-policy_only-r006-20260818T052144Z,loan_to_approval,1,195,200,22.865800,
policy_only,6,1,perf-policy_only-r006-20260818T052144Z,loan_to_approval,1,196,200,19.090900,
policy_only,6,1,perf-policy_only-r006-20260818T052144Z,loan_to_approval,1,197,200,17.803800,
policy_only,6,1,perf-policy_only-r006-20260818T052144Z,loan_to_approval,1,198,200,16.042100,
policy_only,6,1,perf-policy_only-r006-20260818T052144Z,loan_to_approval,1,199,200,16.714700,
policy_only,6,1,perf-policy_only-r006-20260818T052144Z,loan_to_approval,1,200,200,17.190400,
policy_only,6,1,perf-policy_only-r006-20260818T052144Z,loan_to_approval,2,1,200,17.431000,
policy_only,6,1,perf-policy_only-r006-20260818T052144Z,loan_to_approval,2,2,200,16.811000,
policy_only,6,1,perf-policy_only-r006-20260818T052144Z,loan_to_approval,2,3,200,17.165400,
policy_only,6,1,perf-policy_only-r006-20260818T052144Z,loan_to_approval,2,4,200,17.664100,
policy_only,6,1,perf-policy_only-r006-20260818T052144Z,loan_to_approval,2,5,200,17.138700,
policy_only,6,1,perf-policy_only-r006-20260818T052144Z,loan_to_approval,2,6,200,16.562300,
policy_only,6,1,perf-policy_only-r006-20260818T052144Z,loan_to_approval,2,7,200,17.202900,
policy_only,6,1,perf-policy_only-r006-20260818T052144Z,loan_to_approval,2,8,200,16.816000,
policy_only,6,1,perf-policy_only-r006-20260818T052144Z,loan_to_approval,2,9,200,16.247700,
policy_only,6,1,perf-policy_only-r006-20260818T052144Z,loan_to_approval,2,10,200,17.191600,
policy_only,6,1,perf-policy_only-r006-20260818T052144Z,loan_to_approval,2,11,200,16.488300,
policy_only,6,1,perf-policy_only-r006-20260818T052144Z,loan_to_approval,2,12,200,18.133300,
policy_only,6,1,perf-policy_only-r006-20260818T052144Z,loan_to_approval,2,13,200,15.827800,
policy_only,6,1,perf-policy_only-r006-20260818T052144Z,loan_to_approval,2,14,200,19.142700,
policy_only,6,1,perf-policy_only-r006-20260818T052144Z,loan_to_approval,2,15,200,17.014800,
policy_only,6,1,perf-policy_only-r006-20260818T052144Z,loan_to_approval,2,16,200,16.558300,
policy_only,6,1,perf-policy_only-r006-20260818T052144Z,loan_to_approval,2,17,200,16.013100,
policy_only,6,1,perf-policy_only-r006-20260818T052144Z,loan_to_approval,2,18,200,15.879100,
policy_only,6,1,perf-policy_only-r006-20260818T052144Z,loan_to_approval,2,19,200,17.286800,
policy_only,6,1,perf-policy_only-r006-20260818T052144Z,loan_to_approval,2,20,200,15.621600,
policy_only,6,1,perf-policy_only-r006-20260818T052144Z,loan_to_approval,2,21,200,16.642100,
policy_only,6,1,perf-policy_only-r006-20260818T052144Z,loan_to_approval,2,22,200,16.701000,
policy_only,6,1,perf-policy_only-r006-20260818T052144Z,loan_to_approval,2,23,200,18.770500,
policy_only,6,1,perf-policy_only-r006-20260818T052144Z,loan_to_approval,2,24,200,17.493800,
policy_only,6,1,perf-policy_only-r006-20260818T052144Z,loan_to_approval,2,25,200,18.269200,
policy_only,6,1,perf-policy_only-r006-20260818T052144Z,loan_to_approval,2,26,200,17.903300,
policy_only,6,1,perf-policy_only-r006-20260818T052144Z,loan_to_approval,2,27,200,16.592000,
policy_only,6,1,perf-policy_only-r006-20260818T052144Z,loan_to_approval,2,28,200,17.036800,
policy_only,6,1,perf-policy_only-r006-20260818T052144Z,loan_to_approval,2,29,200,15.356400,
policy_only,6,1,perf-policy_only-r006-20260818T052144Z,loan_to_approval,2,30,200,16.270500,
policy_only,6,1,perf-policy_only-r006-20260818T052144Z,loan_to_approval,2,31,200,17.442200,
policy_only,6,1,perf-policy_only-r006-20260818T052144Z,loan_to_approval,2,32,200,17.308800,
policy_only,6,1,perf-policy_only-r006-20260818T052144Z,loan_to_approval,2,33,200,17.242300,
policy_only,6,1,perf-policy_only-r006-20260818T052144Z,loan_to_approval,2,34,200,16.678900,
policy_only,6,1,perf-policy_only-r006-20260818T052144Z,loan_to_approval,2,35,200,15.937300,
policy_only,6,1,perf-policy_only-r006-20260818T052144Z,loan_to_approval,2,36,200,16.530600,
policy_only,6,1,perf-policy_only-r006-20260818T052144Z,loan_to_approval,2,37,200,17.074500,
policy_only,6,1,perf-policy_only-r006-20260818T052144Z,loan_to_approval,2,38,200,17.063600,
policy_only,6,1,perf-policy_only-r006-20260818T052144Z,loan_to_approval,2,39,200,15.705500,
policy_only,6,1,perf-policy_only-r006-20260818T052144Z,loan_to_approval,2,40,200,15.862100,
policy_only,6,1,perf-policy_only-r006-20260818T052144Z,loan_to_approval,2,41,200,16.836400,
policy_only,6,1,perf-policy_only-r006-20260818T052144Z,loan_to_approval,2,42,200,16.446100,
policy_only,6,1,perf-policy_only-r006-20260818T052144Z,loan_to_approval,2,43,200,16.530700,
policy_only,6,1,perf-policy_only-r006-20260818T052144Z,loan_to_approval,2,44,200,15.399500,
policy_only,6,1,perf-policy_only-r006-20260818T052144Z,loan_to_approval,2,45,200,16.838300,
policy_only,6,1,perf-policy_only-r006-20260818T052144Z,loan_to_approval,2,46,200,15.729700,
policy_only,6,1,perf-policy_only-r006-20260818T052144Z,loan_to_approval,2,47,200,16.693200,
policy_only,6,1,perf-policy_only-r006-20260818T052144Z,loan_to_approval,2,48,200,16.177600,
policy_only,6,1,perf-policy_only-r006-20260818T052144Z,loan_to_approval,2,49,200,16.665700,
policy_only,6,1,perf-policy_only-r006-20260818T052144Z,loan_to_approval,2,50,200,18.511800,
policy_only,6,1,perf-policy_only-r006-20260818T052144Z,loan_to_approval,2,51,200,17.896700,
policy_only,6,1,perf-policy_only-r006-20260818T052144Z,loan_to_approval,2,52,200,18.481500,
policy_only,6,1,perf-policy_only-r006-20260818T052144Z,loan_to_approval,2,53,200,20.212600,
policy_only,6,1,perf-policy_only-r006-20260818T052144Z,loan_to_approval,2,54,200,18.121000,
policy_only,6,1,perf-policy_only-r006-20260818T052144Z,loan_to_approval,2,55,200,18.048000,
policy_only,6,1,perf-policy_only-r006-20260818T052144Z,loan_to_approval,2,56,200,18.026800,
policy_only,6,1,perf-policy_only-r006-20260818T052144Z,loan_to_approval,2,57,200,17.679900,
policy_only,6,1,perf-policy_only-r006-20260818T052144Z,loan_to_approval,2,58,200,18.438200,
policy_only,6,1,perf-policy_only-r006-20260818T052144Z,loan_to_approval,2,59,200,17.321000,
policy_only,6,1,perf-policy_only-r006-20260818T052144Z,loan_to_approval,2,60,200,18.566000,
policy_only,6,1,perf-policy_only-r006-20260818T052144Z,loan_to_approval,2,61,200,16.838800,
policy_only,6,1,perf-policy_only-r006-20260818T052144Z,loan_to_approval,2,62,200,15.986000,
policy_only,6,1,perf-policy_only-r006-20260818T052144Z,loan_to_approval,2,63,200,15.812600,
policy_only,6,1,perf-policy_only-r006-20260818T052144Z,loan_to_approval,2,64,200,16.394500,
policy_only,6,1,perf-policy_only-r006-20260818T052144Z,loan_to_approval,2,65,200,18.734300,
policy_only,6,1,perf-policy_only-r006-20260818T052144Z,loan_to_approval,2,66,200,15.776500,
policy_only,6,1,perf-policy_only-r006-20260818T052144Z,loan_to_approval,2,67,200,16.211700,
policy_only,6,1,perf-policy_only-r006-20260818T052144Z,loan_to_approval,2,68,200,15.635900,
policy_only,6,1,perf-policy_only-r006-20260818T052144Z,loan_to_approval,2,69,200,16.180200,
policy_only,6,1,perf-policy_only-r006-20260818T052144Z,loan_to_approval,2,70,200,16.180800,
policy_only,6,1,perf-policy_only-r006-20260818T052144Z,loan_to_approval,2,71,200,16.116800,
policy_only,6,1,perf-policy_only-r006-20260818T052144Z,loan_to_approval,2,72,200,16.061500,
policy_only,6,1,perf-policy_only-r006-20260818T052144Z,loan_to_approval,2,73,200,16.781200,
policy_only,6,1,perf-policy_only-r006-20260818T052144Z,loan_to_approval,2,74,200,15.548000,
policy_only,6,1,perf-policy_only-r006-20260818T052144Z,loan_to_approval,2,75,200,15.234100,
policy_only,6,1,perf-policy_only-r006-20260818T052144Z,loan_to_approval,2,76,200,16.083000,
policy_only,6,1,perf-policy_only-r006-20260818T052144Z,loan_to_approval,2,77,200,15.803700,
policy_only,6,1,perf-policy_only-r006-20260818T052144Z,loan_to_approval,2,78,200,16.262100,
policy_only,6,1,perf-policy_only-r006-20260818T052144Z,loan_to_approval,2,79,200,15.833100,
policy_only,6,1,perf-policy_only-r006-20260818T052144Z,loan_to_approval,2,80,200,16.087800,
policy_only,6,1,perf-policy_only-r006-20260818T052144Z,loan_to_approval,2,81,200,15.805700,
policy_only,6,1,perf-policy_only-r006-20260818T052144Z,loan_to_approval,2,82,200,17.093600,
policy_only,6,1,perf-policy_only-r006-20260818T052144Z,loan_to_approval,2,83,200,15.724800,
policy_only,6,1,perf-policy_only-r006-20260818T052144Z,loan_to_approval,2,84,200,18.476500,
policy_only,6,1,perf-policy_only-r006-20260818T052144Z,loan_to_approval,2,85,200,16.518400,
policy_only,6,1,perf-policy_only-r006-20260818T052144Z,loan_to_approval,2,86,200,18.711100,
policy_only,6,1,perf-policy_only-r006-20260818T052144Z,loan_to_approval,2,87,200,17.713900,
policy_only,6,1,perf-policy_only-r006-20260818T052144Z,loan_to_approval,2,88,200,17.555000,
policy_only,6,1,perf-policy_only-r006-20260818T052144Z,loan_to_approval,2,89,200,17.269000,
policy_only,6,1,perf-policy_only-r006-20260818T052144Z,loan_to_approval,2,90,200,17.311400,
policy_only,6,1,perf-policy_only-r006-20260818T052144Z,loan_to_approval,2,91,200,17.742600,
policy_only,6,1,perf-policy_only-r006-20260818T052144Z,loan_to_approval,2,92,200,18.953200,
policy_only,6,1,perf-policy_only-r006-20260818T052144Z,loan_to_approval,2,93,200,17.634500,
policy_only,6,1,perf-policy_only-r006-20260818T052144Z,loan_to_approval,2,94,200,17.506100,
policy_only,6,1,perf-policy_only-r006-20260818T052144Z,loan_to_approval,2,95,200,16.949500,
policy_only,6,1,perf-policy_only-r006-20260818T052144Z,loan_to_approval,2,96,200,18.013100,
policy_only,6,1,perf-policy_only-r006-20260818T052144Z,loan_to_approval,2,97,200,17.340400,
policy_only,6,1,perf-policy_only-r006-20260818T052144Z,loan_to_approval,2,98,200,17.653200,
policy_only,6,1,perf-policy_only-r006-20260818T052144Z,loan_to_approval,2,99,200,16.694600,
policy_only,6,1,perf-policy_only-r006-20260818T052144Z,loan_to_approval,2,100,200,17.490400,
policy_only,6,1,perf-policy_only-r006-20260818T052144Z,loan_to_approval,2,101,200,18.188900,
policy_only,6,1,perf-policy_only-r006-20260818T052144Z,loan_to_approval,2,102,200,18.087100,
policy_only,6,1,perf-policy_only-r006-20260818T052144Z,loan_to_approval,2,103,200,17.519900,
policy_only,6,1,perf-policy_only-r006-20260818T052144Z,loan_to_approval,2,104,200,17.256700,
policy_only,6,1,perf-policy_only-r006-20260818T052144Z,loan_to_approval,2,105,200,17.452800,
policy_only,6,1,perf-policy_only-r006-20260818T052144Z,loan_to_approval,2,106,200,16.661000,
policy_only,6,1,perf-policy_only-r006-20260818T052144Z,loan_to_approval,2,107,200,17.495100,
policy_only,6,1,perf-policy_only-r006-20260818T052144Z,loan_to_approval,2,108,200,16.727100,
policy_only,6,1,perf-policy_only-r006-20260818T052144Z,loan_to_approval,2,109,200,16.940000,
policy_only,6,1,perf-policy_only-r006-20260818T052144Z,loan_to_approval,2,110,200,17.180700,
policy_only,6,1,perf-policy_only-r006-20260818T052144Z,loan_to_approval,2,111,200,17.106400,
policy_only,6,1,perf-policy_only-r006-20260818T052144Z,loan_to_approval,2,112,200,16.720600,
policy_only,6,1,perf-policy_only-r006-20260818T052144Z,loan_to_approval,2,113,200,19.011400,
policy_only,6,1,perf-policy_only-r006-20260818T052144Z,loan_to_approval,2,114,200,26.096100,
policy_only,6,1,perf-policy_only-r006-20260818T052144Z,loan_to_approval,2,115,200,19.610600,
policy_only,6,1,perf-policy_only-r006-20260818T052144Z,loan_to_approval,2,116,200,20.345600,
policy_only,6,1,perf-policy_only-r006-20260818T052144Z,loan_to_approval,2,117,200,19.751100,
policy_only,6,1,perf-policy_only-r006-20260818T052144Z,loan_to_approval,2,118,200,19.198800,
policy_only,6,1,perf-policy_only-r006-20260818T052144Z,loan_to_approval,2,119,200,19.840700,
policy_only,6,1,perf-policy_only-r006-20260818T052144Z,loan_to_approval,2,120,200,19.299200,
policy_only,6,1,perf-policy_only-r006-20260818T052144Z,loan_to_approval,2,121,200,18.116600,
policy_only,6,1,perf-policy_only-r006-20260818T052144Z,loan_to_approval,2,122,200,18.217000,
policy_only,6,1,perf-policy_only-r006-20260818T052144Z,loan_to_approval,2,123,200,17.499200,
policy_only,6,1,perf-policy_only-r006-20260818T052144Z,loan_to_approval,2,124,200,17.328000,
policy_only,6,1,perf-policy_only-r006-20260818T052144Z,loan_to_approval,2,125,200,18.183700,
policy_only,6,1,perf-policy_only-r006-20260818T052144Z,loan_to_approval,2,126,200,17.554700,
policy_only,6,1,perf-policy_only-r006-20260818T052144Z,loan_to_approval,2,127,200,18.777000,
policy_only,6,1,perf-policy_only-r006-20260818T052144Z,loan_to_approval,2,128,200,18.214300,
policy_only,6,1,perf-policy_only-r006-20260818T052144Z,loan_to_approval,2,129,200,18.555800,
policy_only,6,1,perf-policy_only-r006-20260818T052144Z,loan_to_approval,2,130,200,18.479900,
policy_only,6,1,perf-policy_only-r006-20260818T052144Z,loan_to_approval,2,131,200,17.742500,
policy_only,6,1,perf-policy_only-r006-20260818T052144Z,loan_to_approval,2,132,200,17.706500,
policy_only,6,1,perf-policy_only-r006-20260818T052144Z,loan_to_approval,2,133,200,18.217400,
policy_only,6,1,perf-policy_only-r006-20260818T052144Z,loan_to_approval,2,134,200,17.051600,
policy_only,6,1,perf-policy_only-r006-20260818T052144Z,loan_to_approval,2,135,200,17.860500,
policy_only,6,1,perf-policy_only-r006-20260818T052144Z,loan_to_approval,2,136,200,16.946300,
policy_only,6,1,perf-policy_only-r006-20260818T052144Z,loan_to_approval,2,137,200,17.478400,
policy_only,6,1,perf-policy_only-r006-20260818T052144Z,loan_to_approval,2,138,200,17.240800,
policy_only,6,1,perf-policy_only-r006-20260818T052144Z,loan_to_approval,2,139,200,17.214100,
policy_only,6,1,perf-policy_only-r006-20260818T052144Z,loan_to_approval,2,140,200,18.976800,
policy_only,6,1,perf-policy_only-r006-20260818T052144Z,loan_to_approval,2,141,200,17.996900,
policy_only,6,1,perf-policy_only-r006-20260818T052144Z,loan_to_approval,2,142,200,16.170500,
policy_only,6,1,perf-policy_only-r006-20260818T052144Z,loan_to_approval,2,143,200,16.705400,
policy_only,6,1,perf-policy_only-r006-20260818T052144Z,loan_to_approval,2,144,200,17.035500,
policy_only,6,1,perf-policy_only-r006-20260818T052144Z,loan_to_approval,2,145,200,16.877600,
policy_only,6,1,perf-policy_only-r006-20260818T052144Z,loan_to_approval,2,146,200,17.688300,
policy_only,6,1,perf-policy_only-r006-20260818T052144Z,loan_to_approval,2,147,200,18.826300,
policy_only,6,1,perf-policy_only-r006-20260818T052144Z,loan_to_approval,2,148,200,17.558400,
policy_only,6,1,perf-policy_only-r006-20260818T052144Z,loan_to_approval,2,149,200,15.745600,
policy_only,6,1,perf-policy_only-r006-20260818T052144Z,loan_to_approval,2,150,200,15.824100,
policy_only,6,1,perf-policy_only-r006-20260818T052144Z,loan_to_approval,2,151,200,17.076600,
policy_only,6,1,perf-policy_only-r006-20260818T052144Z,loan_to_approval,2,152,200,15.209200,
policy_only,6,1,perf-policy_only-r006-20260818T052144Z,loan_to_approval,2,153,200,15.742600,
policy_only,6,1,perf-policy_only-r006-20260818T052144Z,loan_to_approval,2,154,200,15.703400,
policy_only,6,1,perf-policy_only-r006-20260818T052144Z,loan_to_approval,2,155,200,15.663600,
policy_only,6,1,perf-policy_only-r006-20260818T052144Z,loan_to_approval,2,156,200,14.910200,
policy_only,6,1,perf-policy_only-r006-20260818T052144Z,loan_to_approval,2,157,200,15.108000,
policy_only,6,1,perf-policy_only-r006-20260818T052144Z,loan_to_approval,2,158,200,15.824700,
policy_only,6,1,perf-policy_only-r006-20260818T052144Z,loan_to_approval,2,159,200,14.995600,
policy_only,6,1,perf-policy_only-r006-20260818T052144Z,loan_to_approval,2,160,200,16.046700,
policy_only,6,1,perf-policy_only-r006-20260818T052144Z,loan_to_approval,2,161,200,15.165200,
policy_only,6,1,perf-policy_only-r006-20260818T052144Z,loan_to_approval,2,162,200,15.553100,
policy_only,6,1,perf-policy_only-r006-20260818T052144Z,loan_to_approval,2,163,200,16.647600,
policy_only,6,1,perf-policy_only-r006-20260818T052144Z,loan_to_approval,2,164,200,16.316800,
policy_only,6,1,perf-policy_only-r006-20260818T052144Z,loan_to_approval,2,165,200,16.723700,
policy_only,6,1,perf-policy_only-r006-20260818T052144Z,loan_to_approval,2,166,200,15.503700,
policy_only,6,1,perf-policy_only-r006-20260818T052144Z,loan_to_approval,2,167,200,16.358800,
policy_only,6,1,perf-policy_only-r006-20260818T052144Z,loan_to_approval,2,168,200,15.127700,
policy_only,6,1,perf-policy_only-r006-20260818T052144Z,loan_to_approval,2,169,200,17.253800,
policy_only,6,1,perf-policy_only-r006-20260818T052144Z,loan_to_approval,2,170,200,17.823400,
policy_only,6,1,perf-policy_only-r006-20260818T052144Z,loan_to_approval,2,171,200,15.302400,
policy_only,6,1,perf-policy_only-r006-20260818T052144Z,loan_to_approval,2,172,200,16.444600,
policy_only,6,1,perf-policy_only-r006-20260818T052144Z,loan_to_approval,2,173,200,16.092500,
policy_only,6,1,perf-policy_only-r006-20260818T052144Z,loan_to_approval,2,174,200,16.767800,
policy_only,6,1,perf-policy_only-r006-20260818T052144Z,loan_to_approval,2,175,200,15.941900,
policy_only,6,1,perf-policy_only-r006-20260818T052144Z,loan_to_approval,2,176,200,16.379600,
policy_only,6,1,perf-policy_only-r006-20260818T052144Z,loan_to_approval,2,177,200,17.199600,
policy_only,6,1,perf-policy_only-r006-20260818T052144Z,loan_to_approval,2,178,200,15.976100,
policy_only,6,1,perf-policy_only-r006-20260818T052144Z,loan_to_approval,2,179,200,15.320400,
policy_only,6,1,perf-policy_only-r006-20260818T052144Z,loan_to_approval,2,180,200,15.427700,
policy_only,6,1,perf-policy_only-r006-20260818T052144Z,loan_to_approval,2,181,200,17.002500,
policy_only,6,1,perf-policy_only-r006-20260818T052144Z,loan_to_approval,2,182,200,16.542700,
policy_only,6,1,perf-policy_only-r006-20260818T052144Z,loan_to_approval,2,183,200,16.087200,
policy_only,6,1,perf-policy_only-r006-20260818T052144Z,loan_to_approval,2,184,200,15.435200,
policy_only,6,1,perf-policy_only-r006-20260818T052144Z,loan_to_approval,2,185,200,17.254700,
policy_only,6,1,perf-policy_only-r006-20260818T052144Z,loan_to_approval,2,186,200,16.444200,
policy_only,6,1,perf-policy_only-r006-20260818T052144Z,loan_to_approval,2,187,200,17.404000,
policy_only,6,1,perf-policy_only-r006-20260818T052144Z,loan_to_approval,2,188,200,16.395000,
policy_only,6,1,perf-policy_only-r006-20260818T052144Z,loan_to_approval,2,189,200,16.787700,
policy_only,6,1,perf-policy_only-r006-20260818T052144Z,loan_to_approval,2,190,200,15.429300,
policy_only,6,1,perf-policy_only-r006-20260818T052144Z,loan_to_approval,2,191,200,16.399200,
policy_only,6,1,perf-policy_only-r006-20260818T052144Z,loan_to_approval,2,192,200,16.067200,
policy_only,6,1,perf-policy_only-r006-20260818T052144Z,loan_to_approval,2,193,200,15.877300,
policy_only,6,1,perf-policy_only-r006-20260818T052144Z,loan_to_approval,2,194,200,16.591200,
policy_only,6,1,perf-policy_only-r006-20260818T052144Z,loan_to_approval,2,195,200,16.686600,
policy_only,6,1,perf-policy_only-r006-20260818T052144Z,loan_to_approval,2,196,200,16.828500,
policy_only,6,1,perf-policy_only-r006-20260818T052144Z,loan_to_approval,2,197,200,15.972100,
policy_only,6,1,perf-policy_only-r006-20260818T052144Z,loan_to_approval,2,198,200,15.926900,
policy_only,6,1,perf-policy_only-r006-20260818T052144Z,loan_to_approval,2,199,200,15.733000,
policy_only,6,1,perf-policy_only-r006-20260818T052144Z,loan_to_approval,2,200,200,16.526900,
policy_only,6,1,perf-policy_only-r006-20260818T052144Z,loan_to_approval,3,1,200,15.757900,
policy_only,6,1,perf-policy_only-r006-20260818T052144Z,loan_to_approval,3,2,200,15.867300,
policy_only,6,1,perf-policy_only-r006-20260818T052144Z,loan_to_approval,3,3,200,16.270900,
policy_only,6,1,perf-policy_only-r006-20260818T052144Z,loan_to_approval,3,4,200,15.704900,
policy_only,6,1,perf-policy_only-r006-20260818T052144Z,loan_to_approval,3,5,200,14.473400,
policy_only,6,1,perf-policy_only-r006-20260818T052144Z,loan_to_approval,3,6,200,16.880100,
policy_only,6,1,perf-policy_only-r006-20260818T052144Z,loan_to_approval,3,7,200,17.162200,
policy_only,6,1,perf-policy_only-r006-20260818T052144Z,loan_to_approval,3,8,200,16.907100,
policy_only,6,1,perf-policy_only-r006-20260818T052144Z,loan_to_approval,3,9,200,18.236600,
policy_only,6,1,perf-policy_only-r006-20260818T052144Z,loan_to_approval,3,10,200,16.333200,
policy_only,6,1,perf-policy_only-r006-20260818T052144Z,loan_to_approval,3,11,200,15.630400,
policy_only,6,1,perf-policy_only-r006-20260818T052144Z,loan_to_approval,3,12,200,16.979800,
policy_only,6,1,perf-policy_only-r006-20260818T052144Z,loan_to_approval,3,13,200,19.069200,
policy_only,6,1,perf-policy_only-r006-20260818T052144Z,loan_to_approval,3,14,200,16.244800,
policy_only,6,1,perf-policy_only-r006-20260818T052144Z,loan_to_approval,3,15,200,15.989700,
policy_only,6,1,perf-policy_only-r006-20260818T052144Z,loan_to_approval,3,16,200,15.255800,
policy_only,6,1,perf-policy_only-r006-20260818T052144Z,loan_to_approval,3,17,200,16.106200,
policy_only,6,1,perf-policy_only-r006-20260818T052144Z,loan_to_approval,3,18,200,14.679300,
policy_only,6,1,perf-policy_only-r006-20260818T052144Z,loan_to_approval,3,19,200,15.678000,
policy_only,6,1,perf-policy_only-r006-20260818T052144Z,loan_to_approval,3,20,200,16.308100,
policy_only,6,1,perf-policy_only-r006-20260818T052144Z,loan_to_approval,3,21,200,15.522200,
policy_only,6,1,perf-policy_only-r006-20260818T052144Z,loan_to_approval,3,22,200,15.093100,
policy_only,6,1,perf-policy_only-r006-20260818T052144Z,loan_to_approval,3,23,200,15.711900,
policy_only,6,1,perf-policy_only-r006-20260818T052144Z,loan_to_approval,3,24,200,16.416700,
policy_only,6,1,perf-policy_only-r006-20260818T052144Z,loan_to_approval,3,25,200,16.427500,
policy_only,6,1,perf-policy_only-r006-20260818T052144Z,loan_to_approval,3,26,200,16.569700,
policy_only,6,1,perf-policy_only-r006-20260818T052144Z,loan_to_approval,3,27,200,16.009800,
policy_only,6,1,perf-policy_only-r006-20260818T052144Z,loan_to_approval,3,28,200,16.468400,
policy_only,6,1,perf-policy_only-r006-20260818T052144Z,loan_to_approval,3,29,200,16.147000,
policy_only,6,1,perf-policy_only-r006-20260818T052144Z,loan_to_approval,3,30,200,16.362700,
policy_only,6,1,perf-policy_only-r006-20260818T052144Z,loan_to_approval,3,31,200,17.590800,
policy_only,6,1,perf-policy_only-r006-20260818T052144Z,loan_to_approval,3,32,200,17.559900,
policy_only,6,1,perf-policy_only-r006-20260818T052144Z,loan_to_approval,3,33,200,15.871300,
policy_only,6,1,perf-policy_only-r006-20260818T052144Z,loan_to_approval,3,34,200,17.082400,
policy_only,6,1,perf-policy_only-r006-20260818T052144Z,loan_to_approval,3,35,200,16.164500,
policy_only,6,1,perf-policy_only-r006-20260818T052144Z,loan_to_approval,3,36,200,16.739100,
policy_only,6,1,perf-policy_only-r006-20260818T052144Z,loan_to_approval,3,37,200,17.370300,
policy_only,6,1,perf-policy_only-r006-20260818T052144Z,loan_to_approval,3,38,200,16.734700,
policy_only,6,1,perf-policy_only-r006-20260818T052144Z,loan_to_approval,3,39,200,17.930400,
policy_only,6,1,perf-policy_only-r006-20260818T052144Z,loan_to_approval,3,40,200,17.221000,
policy_only,6,1,perf-policy_only-r006-20260818T052144Z,loan_to_approval,3,41,200,16.662500,
policy_only,6,1,perf-policy_only-r006-20260818T052144Z,loan_to_approval,3,42,200,16.071500,
policy_only,6,1,perf-policy_only-r006-20260818T052144Z,loan_to_approval,3,43,200,15.831000,
policy_only,6,1,perf-policy_only-r006-20260818T052144Z,loan_to_approval,3,44,200,15.811800,
policy_only,6,1,perf-policy_only-r006-20260818T052144Z,loan_to_approval,3,45,200,16.103700,
policy_only,6,1,perf-policy_only-r006-20260818T052144Z,loan_to_approval,3,46,200,16.253000,
policy_only,6,1,perf-policy_only-r006-20260818T052144Z,loan_to_approval,3,47,200,17.186800,
policy_only,6,1,perf-policy_only-r006-20260818T052144Z,loan_to_approval,3,48,200,16.869100,
policy_only,6,1,perf-policy_only-r006-20260818T052144Z,loan_to_approval,3,49,200,16.845200,
policy_only,6,1,perf-policy_only-r006-20260818T052144Z,loan_to_approval,3,50,200,16.862400,
policy_only,6,1,perf-policy_only-r006-20260818T052144Z,loan_to_approval,3,51,200,17.112700,
policy_only,6,1,perf-policy_only-r006-20260818T052144Z,loan_to_approval,3,52,200,17.025700,
policy_only,6,1,perf-policy_only-r006-20260818T052144Z,loan_to_approval,3,53,200,16.987700,
policy_only,6,1,perf-policy_only-r006-20260818T052144Z,loan_to_approval,3,54,200,15.631900,
policy_only,6,1,perf-policy_only-r006-20260818T052144Z,loan_to_approval,3,55,200,16.059200,
policy_only,6,1,perf-policy_only-r006-20260818T052144Z,loan_to_approval,3,56,200,16.559100,
policy_only,6,1,perf-policy_only-r006-20260818T052144Z,loan_to_approval,3,57,200,16.856500,
policy_only,6,1,perf-policy_only-r006-20260818T052144Z,loan_to_approval,3,58,200,17.084600,
policy_only,6,1,perf-policy_only-r006-20260818T052144Z,loan_to_approval,3,59,200,16.509400,
policy_only,6,1,perf-policy_only-r006-20260818T052144Z,loan_to_approval,3,60,200,16.730300,
policy_only,6,1,perf-policy_only-r006-20260818T052144Z,loan_to_approval,3,61,200,16.116300,
policy_only,6,1,perf-policy_only-r006-20260818T052144Z,loan_to_approval,3,62,200,15.898300,
policy_only,6,1,perf-policy_only-r006-20260818T052144Z,loan_to_approval,3,63,200,18.670400,
policy_only,6,1,perf-policy_only-r006-20260818T052144Z,loan_to_approval,3,64,200,16.539000,
policy_only,6,1,perf-policy_only-r006-20260818T052144Z,loan_to_approval,3,65,200,15.630000,
policy_only,6,1,perf-policy_only-r006-20260818T052144Z,loan_to_approval,3,66,200,18.322800,
policy_only,6,1,perf-policy_only-r006-20260818T052144Z,loan_to_approval,3,67,200,16.309100,
policy_only,6,1,perf-policy_only-r006-20260818T052144Z,loan_to_approval,3,68,200,17.059200,
policy_only,6,1,perf-policy_only-r006-20260818T052144Z,loan_to_approval,3,69,200,16.382800,
policy_only,6,1,perf-policy_only-r006-20260818T052144Z,loan_to_approval,3,70,200,15.966500,
policy_only,6,1,perf-policy_only-r006-20260818T052144Z,loan_to_approval,3,71,200,16.210900,
policy_only,6,1,perf-policy_only-r006-20260818T052144Z,loan_to_approval,3,72,200,15.719100,
policy_only,6,1,perf-policy_only-r006-20260818T052144Z,loan_to_approval,3,73,200,15.870600,
policy_only,6,1,perf-policy_only-r006-20260818T052144Z,loan_to_approval,3,74,200,15.972700,
policy_only,6,1,perf-policy_only-r006-20260818T052144Z,loan_to_approval,3,75,200,15.946600,
policy_only,6,1,perf-policy_only-r006-20260818T052144Z,loan_to_approval,3,76,200,17.096700,
policy_only,6,1,perf-policy_only-r006-20260818T052144Z,loan_to_approval,3,77,200,16.824900,
policy_only,6,1,perf-policy_only-r006-20260818T052144Z,loan_to_approval,3,78,200,16.045600,
policy_only,6,1,perf-policy_only-r006-20260818T052144Z,loan_to_approval,3,79,200,19.087300,
policy_only,6,1,perf-policy_only-r006-20260818T052144Z,loan_to_approval,3,80,200,17.222400,
policy_only,6,1,perf-policy_only-r006-20260818T052144Z,loan_to_approval,3,81,200,16.662700,
policy_only,6,1,perf-policy_only-r006-20260818T052144Z,loan_to_approval,3,82,200,17.476100,
policy_only,6,1,perf-policy_only-r006-20260818T052144Z,loan_to_approval,3,83,200,17.303500,
policy_only,6,1,perf-policy_only-r006-20260818T052144Z,loan_to_approval,3,84,200,16.408300,
policy_only,6,1,perf-policy_only-r006-20260818T052144Z,loan_to_approval,3,85,200,16.841500,
policy_only,6,1,perf-policy_only-r006-20260818T052144Z,loan_to_approval,3,86,200,17.353700,
policy_only,6,1,perf-policy_only-r006-20260818T052144Z,loan_to_approval,3,87,200,16.810800,
policy_only,6,1,perf-policy_only-r006-20260818T052144Z,loan_to_approval,3,88,200,15.769600,
policy_only,6,1,perf-policy_only-r006-20260818T052144Z,loan_to_approval,3,89,200,16.028800,
policy_only,6,1,perf-policy_only-r006-20260818T052144Z,loan_to_approval,3,90,200,16.236400,
policy_only,6,1,perf-policy_only-r006-20260818T052144Z,loan_to_approval,3,91,200,16.708300,
policy_only,6,1,perf-policy_only-r006-20260818T052144Z,loan_to_approval,3,92,200,16.155900,
policy_only,6,1,perf-policy_only-r006-20260818T052144Z,loan_to_approval,3,93,200,17.276100,
policy_only,6,1,perf-policy_only-r006-20260818T052144Z,loan_to_approval,3,94,200,16.592200,
policy_only,6,1,perf-policy_only-r006-20260818T052144Z,loan_to_approval,3,95,200,17.529200,
policy_only,6,1,perf-policy_only-r006-20260818T052144Z,loan_to_approval,3,96,200,16.376100,
policy_only,6,1,perf-policy_only-r006-20260818T052144Z,loan_to_approval,3,97,200,17.236800,
policy_only,6,1,perf-policy_only-r006-20260818T052144Z,loan_to_approval,3,98,200,16.861200,
policy_only,6,1,perf-policy_only-r006-20260818T052144Z,loan_to_approval,3,99,200,17.184600,
policy_only,6,1,perf-policy_only-r006-20260818T052144Z,loan_to_approval,3,100,200,17.163300,
policy_only,6,1,perf-policy_only-r006-20260818T052144Z,loan_to_approval,3,101,200,17.298300,
policy_only,6,1,perf-policy_only-r006-20260818T052144Z,loan_to_approval,3,102,200,18.814300,
policy_only,6,1,perf-policy_only-r006-20260818T052144Z,loan_to_approval,3,103,200,17.544500,
policy_only,6,1,perf-policy_only-r006-20260818T052144Z,loan_to_approval,3,104,200,17.022800,
policy_only,6,1,perf-policy_only-r006-20260818T052144Z,loan_to_approval,3,105,200,17.182900,
policy_only,6,1,perf-policy_only-r006-20260818T052144Z,loan_to_approval,3,106,200,16.895000,
policy_only,6,1,perf-policy_only-r006-20260818T052144Z,loan_to_approval,3,107,200,16.527900,
policy_only,6,1,perf-policy_only-r006-20260818T052144Z,loan_to_approval,3,108,200,16.025400,
policy_only,6,1,perf-policy_only-r006-20260818T052144Z,loan_to_approval,3,109,200,15.572100,
policy_only,6,1,perf-policy_only-r006-20260818T052144Z,loan_to_approval,3,110,200,16.440600,
policy_only,6,1,perf-policy_only-r006-20260818T052144Z,loan_to_approval,3,111,200,20.243900,
policy_only,6,1,perf-policy_only-r006-20260818T052144Z,loan_to_approval,3,112,200,18.765100,
policy_only,6,1,perf-policy_only-r006-20260818T052144Z,loan_to_approval,3,113,200,16.735700,
policy_only,6,1,perf-policy_only-r006-20260818T052144Z,loan_to_approval,3,114,200,17.289100,
policy_only,6,1,perf-policy_only-r006-20260818T052144Z,loan_to_approval,3,115,200,16.801000,
policy_only,6,1,perf-policy_only-r006-20260818T052144Z,loan_to_approval,3,116,200,15.897800,
policy_only,6,1,perf-policy_only-r006-20260818T052144Z,loan_to_approval,3,117,200,15.580000,
policy_only,6,1,perf-policy_only-r006-20260818T052144Z,loan_to_approval,3,118,200,16.194200,
policy_only,6,1,perf-policy_only-r006-20260818T052144Z,loan_to_approval,3,119,200,19.204000,
policy_only,6,1,perf-policy_only-r006-20260818T052144Z,loan_to_approval,3,120,200,18.238200,
policy_only,6,1,perf-policy_only-r006-20260818T052144Z,loan_to_approval,3,121,200,17.342900,
policy_only,6,1,perf-policy_only-r006-20260818T052144Z,loan_to_approval,3,122,200,17.740400,
policy_only,6,1,perf-policy_only-r006-20260818T052144Z,loan_to_approval,3,123,200,18.713300,
policy_only,6,1,perf-policy_only-r006-20260818T052144Z,loan_to_approval,3,124,200,17.310700,
policy_only,6,1,perf-policy_only-r006-20260818T052144Z,loan_to_approval,3,125,200,17.356700,
policy_only,6,1,perf-policy_only-r006-20260818T052144Z,loan_to_approval,3,126,200,17.883400,
policy_only,6,1,perf-policy_only-r006-20260818T052144Z,loan_to_approval,3,127,200,16.235500,
policy_only,6,1,perf-policy_only-r006-20260818T052144Z,loan_to_approval,3,128,200,17.136400,
policy_only,6,1,perf-policy_only-r006-20260818T052144Z,loan_to_approval,3,129,200,20.305900,
policy_only,6,1,perf-policy_only-r006-20260818T052144Z,loan_to_approval,3,130,200,16.689100,
policy_only,6,1,perf-policy_only-r006-20260818T052144Z,loan_to_approval,3,131,200,17.421600,
policy_only,6,1,perf-policy_only-r006-20260818T052144Z,loan_to_approval,3,132,200,16.603200,
policy_only,6,1,perf-policy_only-r006-20260818T052144Z,loan_to_approval,3,133,200,17.568500,
policy_only,6,1,perf-policy_only-r006-20260818T052144Z,loan_to_approval,3,134,200,17.493900,
policy_only,6,1,perf-policy_only-r006-20260818T052144Z,loan_to_approval,3,135,200,16.722900,
policy_only,6,1,perf-policy_only-r006-20260818T052144Z,loan_to_approval,3,136,200,17.473500,
policy_only,6,1,perf-policy_only-r006-20260818T052144Z,loan_to_approval,3,137,200,17.440800,
policy_only,6,1,perf-policy_only-r006-20260818T052144Z,loan_to_approval,3,138,200,16.783300,
policy_only,6,1,perf-policy_only-r006-20260818T052144Z,loan_to_approval,3,139,200,16.136700,
policy_only,6,1,perf-policy_only-r006-20260818T052144Z,loan_to_approval,3,140,200,17.537400,
policy_only,6,1,perf-policy_only-r006-20260818T052144Z,loan_to_approval,3,141,200,17.892200,
policy_only,6,1,perf-policy_only-r006-20260818T052144Z,loan_to_approval,3,142,200,16.257800,
policy_only,6,1,perf-policy_only-r006-20260818T052144Z,loan_to_approval,3,143,200,16.039700,
policy_only,6,1,perf-policy_only-r006-20260818T052144Z,loan_to_approval,3,144,200,17.209900,
policy_only,6,1,perf-policy_only-r006-20260818T052144Z,loan_to_approval,3,145,200,16.596300,
policy_only,6,1,perf-policy_only-r006-20260818T052144Z,loan_to_approval,3,146,200,16.340700,
policy_only,6,1,perf-policy_only-r006-20260818T052144Z,loan_to_approval,3,147,200,18.080500,
policy_only,6,1,perf-policy_only-r006-20260818T052144Z,loan_to_approval,3,148,200,17.180600,
policy_only,6,1,perf-policy_only-r006-20260818T052144Z,loan_to_approval,3,149,200,19.458300,
policy_only,6,1,perf-policy_only-r006-20260818T052144Z,loan_to_approval,3,150,200,17.903600,
policy_only,6,1,perf-policy_only-r006-20260818T052144Z,loan_to_approval,3,151,200,18.638100,
policy_only,6,1,perf-policy_only-r006-20260818T052144Z,loan_to_approval,3,152,200,19.398000,
policy_only,6,1,perf-policy_only-r006-20260818T052144Z,loan_to_approval,3,153,200,17.305000,
policy_only,6,1,perf-policy_only-r006-20260818T052144Z,loan_to_approval,3,154,200,18.887000,
policy_only,6,1,perf-policy_only-r006-20260818T052144Z,loan_to_approval,3,155,200,17.368400,
policy_only,6,1,perf-policy_only-r006-20260818T052144Z,loan_to_approval,3,156,200,17.557900,
policy_only,6,1,perf-policy_only-r006-20260818T052144Z,loan_to_approval,3,157,200,17.220400,
policy_only,6,1,perf-policy_only-r006-20260818T052144Z,loan_to_approval,3,158,200,16.659400,
policy_only,6,1,perf-policy_only-r006-20260818T052144Z,loan_to_approval,3,159,200,17.308900,
policy_only,6,1,perf-policy_only-r006-20260818T052144Z,loan_to_approval,3,160,200,17.967100,
policy_only,6,1,perf-policy_only-r006-20260818T052144Z,loan_to_approval,3,161,200,18.846800,
policy_only,6,1,perf-policy_only-r006-20260818T052144Z,loan_to_approval,3,162,200,17.091400,
policy_only,6,1,perf-policy_only-r006-20260818T052144Z,loan_to_approval,3,163,200,17.683300,
policy_only,6,1,perf-policy_only-r006-20260818T052144Z,loan_to_approval,3,164,200,17.324100,
policy_only,6,1,perf-policy_only-r006-20260818T052144Z,loan_to_approval,3,165,200,16.726200,
policy_only,6,1,perf-policy_only-r006-20260818T052144Z,loan_to_approval,3,166,200,15.870800,
policy_only,6,1,perf-policy_only-r006-20260818T052144Z,loan_to_approval,3,167,200,15.979800,
policy_only,6,1,perf-policy_only-r006-20260818T052144Z,loan_to_approval,3,168,200,16.893200,
policy_only,6,1,perf-policy_only-r006-20260818T052144Z,loan_to_approval,3,169,200,16.353700,
policy_only,6,1,perf-policy_only-r006-20260818T052144Z,loan_to_approval,3,170,200,16.678300,
policy_only,6,1,perf-policy_only-r006-20260818T052144Z,loan_to_approval,3,171,200,17.482600,
policy_only,6,1,perf-policy_only-r006-20260818T052144Z,loan_to_approval,3,172,200,17.004400,
policy_only,6,1,perf-policy_only-r006-20260818T052144Z,loan_to_approval,3,173,200,16.821800,
policy_only,6,1,perf-policy_only-r006-20260818T052144Z,loan_to_approval,3,174,200,16.576400,
policy_only,6,1,perf-policy_only-r006-20260818T052144Z,loan_to_approval,3,175,200,17.136900,
policy_only,6,1,perf-policy_only-r006-20260818T052144Z,loan_to_approval,3,176,200,16.692700,
policy_only,6,1,perf-policy_only-r006-20260818T052144Z,loan_to_approval,3,177,200,16.974700,
policy_only,6,1,perf-policy_only-r006-20260818T052144Z,loan_to_approval,3,178,200,16.213500,
policy_only,6,1,perf-policy_only-r006-20260818T052144Z,loan_to_approval,3,179,200,16.352000,
policy_only,6,1,perf-policy_only-r006-20260818T052144Z,loan_to_approval,3,180,200,16.501900,
policy_only,6,1,perf-policy_only-r006-20260818T052144Z,loan_to_approval,3,181,200,18.592800,
policy_only,6,1,perf-policy_only-r006-20260818T052144Z,loan_to_approval,3,182,200,16.103000,
policy_only,6,1,perf-policy_only-r006-20260818T052144Z,loan_to_approval,3,183,200,16.124900,
policy_only,6,1,perf-policy_only-r006-20260818T052144Z,loan_to_approval,3,184,200,15.803100,
policy_only,6,1,perf-policy_only-r006-20260818T052144Z,loan_to_approval,3,185,200,16.418700,
policy_only,6,1,perf-policy_only-r006-20260818T052144Z,loan_to_approval,3,186,200,16.790900,
policy_only,6,1,perf-policy_only-r006-20260818T052144Z,loan_to_approval,3,187,200,16.859100,
policy_only,6,1,perf-policy_only-r006-20260818T052144Z,loan_to_approval,3,188,200,15.724900,
policy_only,6,1,perf-policy_only-r006-20260818T052144Z,loan_to_approval,3,189,200,15.241600,
policy_only,6,1,perf-policy_only-r006-20260818T052144Z,loan_to_approval,3,190,200,16.159000,
policy_only,6,1,perf-policy_only-r006-20260818T052144Z,loan_to_approval,3,191,200,17.063700,
policy_only,6,1,perf-policy_only-r006-20260818T052144Z,loan_to_approval,3,192,200,17.022700,
policy_only,6,1,perf-policy_only-r006-20260818T052144Z,loan_to_approval,3,193,200,16.903900,
policy_only,6,1,perf-policy_only-r006-20260818T052144Z,loan_to_approval,3,194,200,17.222100,
policy_only,6,1,perf-policy_only-r006-20260818T052144Z,loan_to_approval,3,195,200,16.854300,
policy_only,6,1,perf-policy_only-r006-20260818T052144Z,loan_to_approval,3,196,200,16.673100,
policy_only,6,1,perf-policy_only-r006-20260818T052144Z,loan_to_approval,3,197,200,17.457400,
policy_only,6,1,perf-policy_only-r006-20260818T052144Z,loan_to_approval,3,198,200,16.378900,
policy_only,6,1,perf-policy_only-r006-20260818T052144Z,loan_to_approval,3,199,200,16.262900,
policy_only,6,1,perf-policy_only-r006-20260818T052144Z,loan_to_approval,3,200,200,16.132800,
