mode,round_id,order_position,experiment_run_id,flow,batch_id,request_id,status_code,latency_ms,error
baseline,2,4,perf-baseline-r002-20260818T050813Z,loan_to_customer,1,1,200,14.024700,
baseline,2,4,perf-baseline-r002-20260818T050813Z,loan_to_customer,1,2,200,13.965700,
baseline,2,4,perf-baseline-r002-20260818T050813Z,loan_to_customer,1,3,200,14.248500,
baseline,2,4,perf-baseline-r002-20260818T050813Z,loan_to_customer,1,4,200,14.421100,
baseline,2,4,perf-baseline-r002-20260818T050813Z,loan_to_customer,1,5,200,14.194200,
baseline,2,4,perf-baseline-r002-20260818T050813Z,loan_to_customer,1,6,200,14.539700,
baseline,2,4,perf-baseline-r002-20260818T050813Z,loan_to_customer,1,7,200,14.484200,
baseline,2,4,perf-baseline-r002-20260818T050813Z,loan_to_customer,1,8,200,13.857600,
baseline,2,4,perf-baseline-r002-20260818T050813Z,loan_to_customer,1,9,200,14.376000,
baseline,2,4,perf-baseline-r002-20260818T050813Z,loan_to_customer,1,10,200,14.365100,
baseline,2,4,perf-baseline-r002-20260818T050813Z,loan_to_customer,1,11,200,13.933200,
baseline,2,4,perf-baseline-r002-20260818T050813Z,loan_to_customer,1,12,200,13.864400,
baseline,2,4,perf-baseline-r002-20260818T050813Z,loan_to_customer,1,13,200,13.696400,
baseline,2,4,perf-baseline-r002-20260818T050813Z,loan_to_customer,1,14,200,13.964200,
baseline,2,4,perf-baseline-r002-20260818T050813Z,loan_to_customer,1,15,200,13.900000,
baseline,2,4,perf-baseline-r002-20260818T050813Z,loan_to_customer,1,16,200,14.029600,
baseline,2,4,perf-baseline-r002-20260818T050813Z,loan_to_customer,1,17,200,13.605900,
baseline,2,4,perf-baseline-r002-20260818T050813Z,loan_to_customer,1,18,200,14.549700,
baseline,2,4,perf-baseline-r002-20260818T050813Z,loan_to_customer,1,19,200,14.098600,
baseline,2,4,perf-baseline-r002-20260818T050813Z,loan_to_customer,1,20,200,13.935900,
baseline,2,4,perf-baseline-r002-20260818T050813Z,loan_to_customer,1,21,200,13.898000,
baseline,2,4,perf-baseline-r002-20260818T050813Z,loan_to_customer,1,22,200,14.333700,
baseline,2,4,perf-baseline-r002-20260818T050813Z,loan_to_customer,1,23,200,14.570500,
baseline,2,4,perf-baseline-r002-20260818T050813Z,loan_to_customer,1,24,200,15.795600,
baseline,2,4,perf-baseline-r002-20260818T050813Z,loan_to_customer,1,25,200,14.340000,
baseline,2,4,perf-baseline-r002-20260818T050813Z,loan_to_customer,1,26,200,14.299100,
baseline,2,4,perf-baseline-r002-20260818T050813Z,loan_to_customer,1,27,200,14.130700,
baseline,2,4,perf-baseline-r002-20260818T050813Z,loan_to_customer,1,28,200,14.185400,
baseline,2,4,perf-baseline-r002-20260818T050813Z,loan_to_customer,1,29,200,13.785800,
baseline,2,4,perf-baseline-r002-20260818T050813Z,loan_to_customer,1,30,200,15.220300,
baseline,2,4,perf-baseline-r002-20260818T050813Z,loan_to_customer,1,31,200,15.045500,
baseline,2,4,perf-baseline-r002-20260818T050813Z,loan_to_customer,1,32,200,13.764700,
baseline,2,4,perf-baseline-r002-20260818T050813Z,loan_to_customer,1,33,200,14.281700,
baseline,2,4,perf-baseline-r002-20260818T050813Z,loan_to_customer,1,34,200,14.015300,
baseline,2,4,perf-baseline-r002-20260818T050813Z,loan_to_customer,1,35,200,13.477800,
baseline,2,4,perf-baseline-r002-20260818T050813Z,loan_to_customer,1,36,200,13.513000,
baseline,2,4,perf-baseline-r002-20260818T050813Z,loan_to_customer,1,37,200,13.930300,
baseline,2,4,perf-baseline-r002-20260818T050813Z,loan_to_customer,1,38,200,14.223600,
baseline,2,4,perf-baseline-r002-20260818T050813Z,loan_to_customer,1,39,200,13.618700,
baseline,2,4,perf-baseline-r002-20260818T050813Z,loan_to_customer,1,40,200,13.617700,
baseline,2,4,perf-baseline-r002-20260818T050813Z,loan_to_customer,1,41,200,14.174200,
baseline,2,4,perf-baseline-r002-20260818T050813Z,loan_to_customer,1,42,200,13.469900,
baseline,2,4,perf-baseline-r002-20260818T050813Z,loan_to_customer,1,43,200,13.649500,
baseline,2,4,perf-baseline-r002-20260818T050813Z,loan_to_customer,1,44,200,14.390300,
baseline,2,4,perf-baseline-r002-20260818T050813Z,loan_to_customer,1,45,200,14.489600,
baseline,2,4,perf-baseline-r002-20260818T050813Z,loan_to_customer,1,46,200,14.178500,
baseline,2,4,perf-baseline-r002-20260818T050813Z,loan_to_customer,1,47,200,15.020600,
baseline,2,4,perf-baseline-r002-20260818T050813Z,loan_to_customer,1,48,200,14.157900,
baseline,2,4,perf-baseline-r002-20260818T050813Z,loan_to_customer,1,49,200,14.603000,
baseline,2,4,perf-baseline-r002-20260818T050813Z,loan_to_customer,1,50,200,14.084200,
baseline,2,4,perf-baseline-r002-20260818T050813Z,loan_to_customer,1,51,200,14.079800,
baseline,2,4,perf-baseline-r002-20260818T050813Z,loan_to_customer,1,52,200,14.359900,
baseline,2,4,perf-baseline-r002-20260818T050813Z,loan_to_customer,1,53,200,14.700200,
baseline,2,4,perf-baseline-r002-20260818T050813Z,loan_to_customer,1,54,200,14.181700,
baseline,2,4,perf-baseline-r002-20260818T050813Z,loan_to_customer,1,55,200,13.731100,
baseline,2,4,perf-baseline-r002-20260818T050813Z,loan_to_customer,1,56,200,14.153000,
baseline,2,4,perf-baseline-r002-20260818T050813Z,loan_to_customer,1,57,200,14.313500,
baseline,2,4,perf-baseline-r002-20260818T050813Z,loan_to_customer,1,58,200,14.663600,
baseline,2,4,perf-baseline-r002-20260818T050813Z,loan_to_customer,1,59,200,15.836800,
baseline,2,4,perf-baseline-r002-20260818T050813Z,loan_to_customer,1,60,200,14.727500,
baseline,2,4,perf-baseline-r002-20260818T050813Z,loan_to_customer,1,61,200,15.033800,
baseline,2,4,perf-baseline-r002-20260818T050813Z,loan_to_customer,1,62,200,14.142600,
baseline,2,4,perf-baseline-r002-20260818T050813Z,loan_to_customer,1,63,200,14.247400,
baseline,2,4,perf-baseline-r002-20260818T050813Z,loan_to_customer,1,64,200,14.038800,
baseline,2,4,perf-baseline-r002-20260818T050813Z,loan_to_customer,1,65,200,14.226400,
baseline,2,4,perf-baseline-r002-20260818T050813Z,loan_to_customer,1,66,200,13.870000,
baseline,2,4,perf-baseline-r002-20260818T050813Z,loan_to_customer,1,67,200,13.973700,
baseline,2,4,perf-baseline-r002-20260818T050813Z,loan_to_customer,1,68,200,13.802800,
baseline,2,4,perf-baseline-r002-20260818T050813Z,loan_to_customer,1,69,200,14.307400,
baseline,2,4,perf-baseline-r002-20260818T050813Z,loan_to_customer,1,70,200,13.981500,
baseline,2,4,perf-baseline-r002-20260818T050813Z,loan_to_customer,1,71,200,14.618700,
baseline,2,4,perf-baseline-r002-20260818T050813Z,loan_to_customer,1,72,200,13.847700,
baseline,2,4,perf-baseline-r002-20260818T050813Z,loan_to_customer,1,73,200,13.990000,
baseline,2,4,perf-baseline-r002-20260818T050813Z,loan_to_customer,1,74,200,14.358900,
baseline,2,4,perf-baseline-r002-20260818T050813Z,loan_to_customer,1,75,200,13.949800,
baseline,2,4,perf-baseline-r002-20260818T050813Z,loan_to_customer,1,76,200,14.771700,
baseline,2,4,perf-baseline-r002-20260818T050813Z,loan_to_customer,1,77,200,14.256400,
baseline,2,4,perf-baseline-r002-20260818T050813Z,loan_to_customer,1,78,200,13.891500,
baseline,2,4,perf-baseline-r002-20260818T050813Z,loan_to_customer,1,79,200,13.803200,
baseline,2,4,perf-baseline-r002-20260818T050813Z,loan_to_customer,1,80,200,14.034900,
baseline,2,4,perf-baseline-r002-20260818T050813Z,loan_to_customer,1,81,200,14.017600,
baseline,2,4,perf-baseline-r002-20260818T050813Z,loan_to_customer,1,82,200,13.470800,
baseline,2,4,perf-baseline-r002-20260818T050813Z,loan_to_customer,1,83,200,14.359900,
baseline,2,4,perf-baseline-r002-20260818T050813Z,loan_to_customer,1,84,200,14.054300,
baseline,2,4,perf-baseline-r002-20260818T050813Z,loan_to_customer,1,85,200,13.926600,
baseline,2,4,perf-baseline-r002-20260818T050813Z,loan_to_customer,1,86,200,14.679700,
baseline,2,4,perf-baseline-r002-20260818T050813Z,loan_to_customer,1,87,200,13.785400,
baseline,2,4,perf-baseline-r002-20260818T050813Z,loan_to_customer,1,88,200,14.363200,
baseline,2,4,perf-baseline-r002-20260818T050813Z,loan_to_customer,1,89,200,14.662600,
baseline,2,4,perf-baseline-r002-20260818T050813Z,loan_to_customer,1,90,200,14.222600,
baseline,2,4,perf-baseline-r002-20260818T050813Z,loan_to_customer,1,91,200,13.944200,
baseline,2,4,perf-baseline-r002-20260818T050813Z,loan_to_customer,1,92,200,15.286500,
baseline,2,4,perf-baseline-r002-20260818T050813Z,loan_to_customer,1,93,200,16.334600,
baseline,2,4,perf-baseline-r002-20260818T050813Z,loan_to_customer,1,94,200,15.703300,
baseline,2,4,perf-baseline-r002-20260818T050813Z,loan_to_customer,1,95,200,26.762000,
baseline,2,4,perf-baseline-r002-20260818T050813Z,loan_to_customer,1,96,200,14.770500,
baseline,2,4,perf-baseline-r002-20260818T050813Z,loan_to_customer,1,97,200,14.290200,
baseline,2,4,perf-baseline-r002-20260818T050813Z,loan_to_customer,1,98,200,14.638900,
baseline,2,4,perf-baseline-r002-20260818T050813Z,loan_to_customer,1,99,200,15.416500,
baseline,2,4,perf-baseline-r002-20260818T050813Z,loan_to_customer,1,100,200,14.931200,
baseline,2,4,perf-baseline-r002-20260818T050813Z,loan_to_customer,1,101,200,14.446100,
baseline,2,4,perf-baseline-r002-20260818T050813Z,loan_to_customer,1,102,200,13.525100,
baseline,2,4,perf-baseline-r002-20260818T050813Z,loan_to_customer,1,103,200,14.299500,
baseline,2,4,perf-baseline-r002-20260818T050813Z,loan_to_customer,1,104,200,13.991500,
baseline,2,4,perf-baseline-r002-20260818T050813Z,loan_to_customer,1,105,200,13.596900,
baseline,2,4,perf-baseline-r002-20260818T050813Z,loan_to_customer,1,106,200,14.107300,
baseline,2,4,perf-baseline-r002-20260818T050813Z,loan_to_customer,1,107,200,13.938000,
baseline,2,4,perf-baseline-r002-20260818T050813Z,loan_to_customer,1,108,200,13.831200,
baseline,2,4,perf-baseline-r002-20260818T050813Z,loan_to_customer,1,109,200,14.101200,
baseline,2,4,perf-baseline-r002-20260818T050813Z,loan_to_customer,1,110,200,14.139800,
baseline,2,4,perf-baseline-r002-20260818T050813Z,loan_to_customer,1,111,200,14.511200,
baseline,2,4,perf-baseline-r002-20260818T050813Z,loan_to_customer,1,112,200,15.084800,
baseline,2,4,perf-baseline-r002-20260818T050813Z,loan_to_customer,1,113,200,14.544800,
baseline,2,4,perf-baseline-r002-20260818T050813Z,loan_to_customer,1,114,200,13.459200,
baseline,2,4,perf-baseline-r002-20260818T050813Z,loan_to_customer,1,115,200,14.212900,
baseline,2,4,perf-baseline-r002-20260818T050813Z,loan_to_customer,1,116,200,13.990900,
baseline,2,4,perf-baseline-r002-20260818T050813Z,loan_to_customer,1,117,200,13.788300,
baseline,2,4,perf-baseline-r002-20260818T050813Z,loan_to_customer,1,118,200,13.933100,
baseline,2,4,perf-baseline-r002-20260818T050813Z,loan_to_customer,1,119,200,13.922600,
baseline,2,4,perf-baseline-r002-20260818T050813Z,loan_to_customer,1,120,200,13.975200,
baseline,2,4,perf-baseline-r002-20260818T050813Z,loan_to_customer,1,121,200,14.863200,
baseline,2,4,perf-baseline-r002-20260818T050813Z,loan_to_customer,1,122,200,14.421100,
baseline,2,4,perf-baseline-r002-20260818T050813Z,loan_to_customer,1,123,200,14.832400,
baseline,2,4,perf-baseline-r002-20260818T050813Z,loan_to_customer,1,124,200,14.660200,
baseline,2,4,perf-baseline-r002-20260818T050813Z,loan_to_customer,1,125,200,13.782300,
baseline,2,4,perf-baseline-r002-20260818T050813Z,loan_to_customer,1,126,200,14.010500,
baseline,2,4,perf-baseline-r002-20260818T050813Z,loan_to_customer,1,127,200,15.240400,
baseline,2,4,perf-baseline-r002-20260818T050813Z,loan_to_customer,1,128,200,14.455800,
baseline,2,4,perf-baseline-r002-20260818T050813Z,loan_to_customer,1,129,200,14.754500,
baseline,2,4,perf-baseline-r002-20260818T050813Z,loan_to_customer,1,130,200,14.601400,
baseline,2,4,perf-baseline-r002-20260818T050813Z,loan_to_customer,1,131,200,14.529500,
baseline,2,4,perf-baseline-r002-20260818T050813Z,loan_to_customer,1,132,200,14.944300,
baseline,2,4,perf-baseline-r002-20260818T050813Z,loan_to_customer,1,133,200,14.812000,
baseline,2,4,perf-baseline-r002-20260818T050813Z,loan_to_customer,1,134,200,14.390500,
baseline,2,4,perf-baseline-r002-20260818T050813Z,loan_to_customer,1,135,200,15.227700,
baseline,2,4,perf-baseline-r002-20260818T050813Z,loan_to_customer,1,136,200,14.900000,
baseline,2,4,perf-baseline-r002-20260818T050813Z,loan_to_customer,1,137,200,15.283900,
baseline,2,4,perf-baseline-r002-20260818T050813Z,loan_to_customer,1,138,200,15.126200,
baseline,2,4,perf-baseline-r002-20260818T050813Z,loan_to_customer,1,139,200,15.524800,
baseline,2,4,perf-baseline-r002-20260818T050813Z,loan_to_customer,1,140,200,15.494800,
baseline,2,4,perf-baseline-r002-20260818T050813Z,loan_to_customer,1,141,200,15.704800,
baseline,2,4,perf-baseline-r002-20260818T050813Z,loan_to_customer,1,142,200,15.413400,
baseline,2,4,perf-baseline-r002-20260818T050813Z,loan_to_customer,1,143,200,15.538600,
baseline,2,4,perf-baseline-r002-20260818T050813Z,loan_to_customer,1,144,200,15.731500,
baseline,2,4,perf-baseline-r002-20260818T050813Z,loan_to_customer,1,145,200,16.423100,
baseline,2,4,perf-baseline-r002-20260818T050813Z,loan_to_customer,1,146,200,15.763100,
baseline,2,4,perf-baseline-r002-20260818T050813Z,loan_to_customer,1,147,200,15.805800,
baseline,2,4,perf-baseline-r002-20260818T050813Z,loan_to_customer,1,148,200,16.633600,
baseline,2,4,perf-baseline-r002-20260818T050813Z,loan_to_customer,1,149,200,15.391400,
baseline,2,4,perf-baseline-r002-20260818T050813Z,loan_to_customer,1,150,200,15.634500,
baseline,2,4,perf-baseline-r002-20260818T050813Z,loan_to_customer,1,151,200,15.953100,
baseline,2,4,perf-baseline-r002-20260818T050813Z,loan_to_customer,1,152,200,15.362800,
baseline,2,4,perf-baseline-r002-20260818T050813Z,loan_to_customer,1,153,200,15.991100,
baseline,2,4,perf-baseline-r002-20260818T050813Z,loan_to_customer,1,154,200,16.123400,
baseline,2,4,perf-baseline-r002-20260818T050813Z,loan_to_customer,1,155,200,16.104200,
baseline,2,4,perf-baseline-r002-20260818T050813Z,loan_to_customer,1,156,200,17.900300,
baseline,2,4,perf-baseline-r002-20260818T050813Z,loan_to_customer,1,157,200,16.626600,
baseline,2,4,perf-baseline-r002-20260818T050813Z,loan_to_customer,1,158,200,15.514400,
baseline,2,4,perf-baseline-r002-20260818T050813Z,loan_to_customer,1,159,200,15.184500,
baseline,2,4,perf-baseline-r002-20260818T050813Z,loan_to_customer,1,160,200,15.692600,
baseline,2,4,perf-baseline-r002-20260818T050813Z,loan_to_customer,1,161,200,15.534200,
baseline,2,4,perf-baseline-r002-20260818T050813Z,loan_to_customer,1,162,200,15.934300,
baseline,2,4,perf-baseline-r002-20260818T050813Z,loan_to_customer,1,163,200,16.186700,
baseline,2,4,perf-baseline-r002-20260818T050813Z,loan_to_customer,1,164,200,15.451800,
baseline,2,4,perf-baseline-r002-20260818T050813Z,loan_to_customer,1,165,200,15.932100,
baseline,2,4,perf-baseline-r002-20260818T050813Z,loan_to_customer,1,166,200,15.608600,
baseline,2,4,perf-baseline-r002-20260818T050813Z,loan_to_customer,1,167,200,16.069800,
baseline,2,4,perf-baseline-r002-20260818T050813Z,loan_to_customer,1,168,200,15.740300,
baseline,2,4,perf-baseline-r002-20260818T050813Z,loan_to_customer,1,169,200,15.136500,
baseline,2,4,perf-baseline-r002-20260818T050813Z,loan_to_customer,1,170,200,14.681300,
baseline,2,4,perf-baseline-r002-20260818T050813Z,loan_to_customer,1,171,200,15.389100,
baseline,2,4,perf-baseline-r002-20260818T050813Z,loan_to_customer,1,172,200,15.538100,
baseline,2,4,perf-baseline-r002-20260818T050813Z,loan_to_customer,1,173,200,14.402900,
baseline,2,4,perf-baseline-r002-20260818T050813Z,loan_to_customer,1,174,200,14.172700,
baseline,2,4,perf-baseline-r002-20260818T050813Z,loan_to_customer,1,175,200,14.285900,
baseline,2,4,perf-baseline-r002-20260818T050813Z,loan_to_customer,1,176,200,14.900900,
baseline,2,4,perf-baseline-r002-20260818T050813Z,loan_to_customer,1,177,200,14.146700,
baseline,2,4,perf-baseline-r002-20260818T050813Z,loan_to_customer,1,178,200,14.687500,
baseline,2,4,perf-baseline-r002-20260818T050813Z,loan_to_customer,1,179,200,14.404000,
baseline,2,4,perf-baseline-r002-20260818T050813Z,loan_to_customer,1,180,200,14.515400,
baseline,2,4,perf-baseline-r002-20260818T050813Z,loan_to_customer,1,181,200,14.530300,
baseline,2,4,perf-baseline-r002-20260818T050813Z,loan_to_customer,1,182,200,14.627400,
baseline,2,4,perf-baseline-r002-20260818T050813Z,loan_to_customer,1,183,200,14.014700,
baseline,2,4,perf-baseline-r002-20260818T050813Z,loan_to_customer,1,184,200,14.037800,
baseline,2,4,perf-baseline-r002-20260818T050813Z,loan_to_customer,1,185,200,14.133100,
baseline,2,4,perf-baseline-r002-20260818T050813Z,loan_to_customer,1,186,200,14.347200,
baseline,2,4,perf-baseline-r002-20260818T050813Z,loan_to_customer,1,187,200,13.715500,
baseline,2,4,perf-baseline-r002-20260818T050813Z,loan_to_customer,1,188,200,14.251700,
baseline,2,4,perf-baseline-r002-20260818T050813Z,loan_to_customer,1,189,200,14.537300,
baseline,2,4,perf-baseline-r002-20260818T050813Z,loan_to_customer,1,190,200,13.930100,
baseline,2,4,perf-baseline-r002-20260818T050813Z,loan_to_customer,1,191,200,15.190100,
baseline,2,4,perf-baseline-r002-20260818T050813Z,loan_to_customer,1,192,200,14.815800,
baseline,2,4,perf-baseline-r002-20260818T050813Z,loan_to_customer,1,193,200,13.950200,
baseline,2,4,perf-baseline-r002-20260818T050813Z,loan_to_customer,1,194,200,13.962500,
baseline,2,4,perf-baseline-r002-20260818T050813Z,loan_to_customer,1,195,200,14.731600,
baseline,2,4,perf-baseline-r002-20260818T050813Z,loan_to_customer,1,196,200,14.111300,
baseline,2,4,perf-baseline-r002-20260818T050813Z,loan_to_customer,1,197,200,15.077700,
baseline,2,4,perf-baseline-r002-20260818T050813Z,loan_to_customer,1,198,200,14.997200,
baseline,2,4,perf-baseline-r002-20260818T050813Z,loan_to_customer,1,199,200,14.768300,
baseline,2,4,perf-baseline-r002-20260818T050813Z,loan_to_customer,1,200,200,14.788500,
baseline,2,4,perf-baseline-r002-20260818T050813Z,loan_to_customer,2,1,200,14.400900,
baseline,2,4,perf-baseline-r002-20260818T050813Z,loan_to_customer,2,2,200,14.207200,
baseline,2,4,perf-baseline-r002-20260818T050813Z,loan_to_customer,2,3,200,14.189500,
baseline,2,4,perf-baseline-r002-20260818T050813Z,loan_to_customer,2,4,200,14.436500,
baseline,2,4,perf-baseline-r002-20260818T050813Z,loan_to_customer,2,5,200,14.278400,
baseline,2,4,perf-baseline-r002-20260818T050813Z,loan_to_customer,2,6,200,15.544800,
baseline,2,4,perf-baseline-r002-20260818T050813Z,loan_to_customer,2,7,200,14.213500,
baseline,2,4,perf-baseline-r002-20260818T050813Z,loan_to_customer,2,8,200,14.235700,
baseline,2,4,perf-baseline-r002-20260818T050813Z,loan_to_customer,2,9,200,13.954800,
baseline,2,4,perf-baseline-r002-20260818T050813Z,loan_to_customer,2,10,200,14.665800,
baseline,2,4,perf-baseline-r002-20260818T050813Z,loan_to_customer,2,11,200,14.153500,
baseline,2,4,perf-baseline-r002-20260818T050813Z,loan_to_customer,2,12,200,14.316600,
baseline,2,4,perf-baseline-r002-20260818T050813Z,loan_to_customer,2,13,200,14.922400,
baseline,2,4,perf-baseline-r002-20260818T050813Z,loan_to_customer,2,14,200,15.020300,
baseline,2,4,perf-baseline-r002-20260818T050813Z,loan_to_customer,2,15,200,13.935900,
baseline,2,4,perf-baseline-r002-20260818T050813Z,loan_to_customer,2,16,200,13.982400,
baseline,2,4,perf-baseline-r002-20260818T050813Z,loan_to_customer,2,17,200,13.761900,
baseline,2,4,perf-baseline-r002-20260818T050813Z,loan_to_customer,2,18,200,13.768600,
baseline,2,4,perf-baseline-r002-20260818T050813Z,loan_to_customer,2,19,200,14.151700,
baseline,2,4,perf-baseline-r002-20260818T050813Z,loan_to_customer,2,20,200,13.898800,
baseline,2,4,perf-baseline-r002-20260818T050813Z,loan_to_customer,2,21,200,14.138500,
baseline,2,4,perf-baseline-r002-20260818T050813Z,loan_to_customer,2,22,200,13.877800,
baseline,2,4,perf-baseline-r002-20260818T050813Z,loan_to_customer,2,23,200,14.621800,
baseline,2,4,perf-baseline-r002-20260818T050813Z,loan_to_customer,2,24,200,13.359900,
baseline,2,4,perf-baseline-r002-20260818T050813Z,loan_to_customer,2,25,200,13.936800,
baseline,2,4,perf-baseline-r002-20260818T050813Z,loan_to_customer,2,26,200,14.305200,
baseline,2,4,perf-baseline-r002-20260818T050813Z,loan_to_customer,2,27,200,15.179800,
baseline,2,4,perf-baseline-r002-20260818T050813Z,loan_to_customer,2,28,200,16.343400,
baseline,2,4,perf-baseline-r002-20260818T050813Z,loan_to_customer,2,29,200,17.149500,
baseline,2,4,perf-baseline-r002-20260818T050813Z,loan_to_customer,2,30,200,18.468300,
baseline,2,4,perf-baseline-r002-20260818T050813Z,loan_to_customer,2,31,200,17.100300,
baseline,2,4,perf-baseline-r002-20260818T050813Z,loan_to_customer,2,32,200,17.175100,
baseline,2,4,perf-baseline-r002-20260818T050813Z,loan_to_customer,2,33,200,21.026400,
baseline,2,4,perf-baseline-r002-20260818T050813Z,loan_to_customer,2,34,200,21.613200,
baseline,2,4,perf-baseline-r002-20260818T050813Z,loan_to_customer,2,35,200,23.300600,
baseline,2,4,perf-baseline-r002-20260818T050813Z,loan_to_customer,2,36,200,19.014800,
baseline,2,4,perf-baseline-r002-20260818T050813Z,loan_to_customer,2,37,200,17.573000,
baseline,2,4,perf-baseline-r002-20260818T050813Z,loan_to_customer,2,38,200,14.185600,
baseline,2,4,perf-baseline-r002-20260818T050813Z,loan_to_customer,2,39,200,14.325800,
baseline,2,4,perf-baseline-r002-20260818T050813Z,loan_to_customer,2,40,200,16.101500,
baseline,2,4,perf-baseline-r002-20260818T050813Z,loan_to_customer,2,41,200,15.062900,
baseline,2,4,perf-baseline-r002-20260818T050813Z,loan_to_customer,2,42,200,15.182400,
baseline,2,4,perf-baseline-r002-20260818T050813Z,loan_to_customer,2,43,200,15.894900,
baseline,2,4,perf-baseline-r002-20260818T050813Z,loan_to_customer,2,44,200,14.666100,
baseline,2,4,perf-baseline-r002-20260818T050813Z,loan_to_customer,2,45,200,15.283100,
baseline,2,4,perf-baseline-r002-20260818T050813Z,loan_to_customer,2,46,200,14.786300,
baseline,2,4,perf-baseline-r002-20260818T050813Z,loan_to_customer,2,47,200,14.251500,
baseline,2,4,perf-baseline-r002-20260818T050813Z,loan_to_customer,2,48,200,15.752300,
baseline,2,4,perf-baseline-r002-20260818T050813Z,loan_to_customer,2,49,200,15.728900,
baseline,2,4,perf-baseline-r002-20260818T050813Z,loan_to_customer,2,50,200,14.771100,
baseline,2,4,perf-baseline-r002-20260818T050813Z,loan_to_customer,2,51,200,14.801300,
baseline,2,4,perf-baseline-r002-20260818T050813Z,loan_to_customer,2,52,200,14.534600,
baseline,2,4,perf-baseline-r002-20260818T050813Z,loan_to_customer,2,53,200,15.056500,
baseline,2,4,perf-baseline-r002-20260818T050813Z,loan_to_customer,2,54,200,15.063100,
baseline,2,4,perf-baseline-r002-20260818T050813Z,loan_to_customer,2,55,200,15.029700,
baseline,2,4,perf-baseline-r002-20260818T050813Z,loan_to_customer,2,56,200,14.777700,
baseline,2,4,perf-baseline-r002-20260818T050813Z,loan_to_customer,2,57,200,15.069400,
baseline,2,4,perf-baseline-r002-20260818T050813Z,loan_to_customer,2,58,200,14.850900,
baseline,2,4,perf-baseline-r002-20260818T050813Z,loan_to_customer,2,59,200,15.869100,
baseline,2,4,perf-baseline-r002-20260818T050813Z,loan_to_customer,2,60,200,15.728900,
baseline,2,4,perf-baseline-r002-20260818T050813Z,loan_to_customer,2,61,200,16.343600,
baseline,2,4,perf-baseline-r002-20260818T050813Z,loan_to_customer,2,62,200,16.560500,
baseline,2,4,perf-baseline-r002-20260818T050813Z,loan_to_customer,2,63,200,15.400800,
baseline,2,4,perf-baseline-r002-20260818T050813Z,loan_to_customer,2,64,200,15.715200,
baseline,2,4,perf-baseline-r002-20260818T050813Z,loan_to_customer,2,65,200,16.108500,
baseline,2,4,perf-baseline-r002-20260818T050813Z,loan_to_customer,2,66,200,17.570100,
baseline,2,4,perf-baseline-r002-20260818T050813Z,loan_to_customer,2,67,200,17.004300,
baseline,2,4,perf-baseline-r002-20260818T050813Z,loan_to_customer,2,68,200,16.106800,
baseline,2,4,perf-baseline-r002-20260818T050813Z,loan_to_customer,2,69,200,15.710600,
baseline,2,4,perf-baseline-r002-20260818T050813Z,loan_to_customer,2,70,200,14.708100,
baseline,2,4,perf-baseline-r002-20260818T050813Z,loan_to_customer,2,71,200,14.568500,
baseline,2,4,perf-baseline-r002-20260818T050813Z,loan_to_customer,2,72,200,14.207600,
baseline,2,4,perf-baseline-r002-20260818T050813Z,loan_to_customer,2,73,200,14.430600,
baseline,2,4,perf-baseline-r002-20260818T050813Z,loan_to_customer,2,74,200,15.523800,
baseline,2,4,perf-baseline-r002-20260818T050813Z,loan_to_customer,2,75,200,15.507200,
baseline,2,4,perf-baseline-r002-20260818T050813Z,loan_to_customer,2,76,200,15.357400,
baseline,2,4,perf-baseline-r002-20260818T050813Z,loan_to_customer,2,77,200,15.035200,
baseline,2,4,perf-baseline-r002-20260818T050813Z,loan_to_customer,2,78,200,14.381800,
baseline,2,4,perf-baseline-r002-20260818T050813Z,loan_to_customer,2,79,200,13.959600,
baseline,2,4,perf-baseline-r002-20260818T050813Z,loan_to_customer,2,80,200,13.471600,
baseline,2,4,perf-baseline-r002-20260818T050813Z,loan_to_customer,2,81,200,13.857900,
baseline,2,4,perf-baseline-r002-20260818T050813Z,loan_to_customer,2,82,200,13.641600,
baseline,2,4,perf-baseline-r002-20260818T050813Z,loan_to_customer,2,83,200,14.388600,
baseline,2,4,perf-baseline-r002-20260818T050813Z,loan_to_customer,2,84,200,13.944000,
baseline,2,4,perf-baseline-r002-20260818T050813Z,loan_to_customer,2,85,200,13.999600,
baseline,2,4,perf-baseline-r002-20260818T050813Z,loan_to_customer,2,86,200,14.484000,
baseline,2,4,perf-baseline-r002-20260818T050813Z,loan_to_customer,2,87,200,14.610000,
baseline,2,4,perf-baseline-r002-20260818T050813Z,loan_to_customer,2,88,200,13.994800,
baseline,2,4,perf-baseline-r002-20260818T050813Z,loan_to_customer,2,89,200,13.704300,
baseline,2,4,perf-baseline-r002-20260818T050813Z,loan_to_customer,2,90,200,14.258100,
baseline,2,4,perf-baseline-r002-20260818T050813Z,loan_to_customer,2,91,200,13.764500,
baseline,2,4,perf-baseline-r002-20260818T050813Z,loan_to_customer,2,92,200,14.626300,
baseline,2,4,perf-baseline-r002-20260818T050813Z,loan_to_customer,2,93,200,14.180000,
baseline,2,4,perf-baseline-r002-20260818T050813Z,loan_to_customer,2,94,200,14.158500,
baseline,2,4,perf-baseline-r002-20260818T050813Z,loan_to_customer,2,95,200,13.811900,
baseline,2,4,perf-baseline-r002-20260818T050813Z,loan_to_customer,2,96,200,14.089300,
baseline,2,4,perf-baseline-r002-20260818T050813Z,loan_to_customer,2,97,200,13.937600,
baseline,2,4,perf-baseline-r002-20260818T050813Z,loan_to_customer,2,98,200,14.728100,
baseline,2,4,perf-baseline-r002-20260818T050813Z,loan_to_customer,2,99,200,15.791800,
baseline,2,4,perf-baseline-r002-20260818T050813Z,loan_to_customer,2,100,200,15.463300,
baseline,2,4,perf-baseline-r002-20260818T050813Z,loan_to_customer,2,101,200,14.296900,
baseline,2,4,perf-baseline-r002-20260818T050813Z,loan_to_customer,2,102,200,15.227000,
baseline,2,4,perf-baseline-r002-20260818T050813Z,loan_to_customer,2,103,200,14.269800,
baseline,2,4,perf-baseline-r002-20260818T050813Z,loan_to_customer,2,104,200,13.654300,
baseline,2,4,perf-baseline-r002-20260818T050813Z,loan_to_customer,2,105,200,14.472800,
baseline,2,4,perf-baseline-r002-20260818T050813Z,loan_to_customer,2,106,200,14.463000,
baseline,2,4,perf-baseline-r002-20260818T050813Z,loan_to_customer,2,107,200,14.041700,
baseline,2,4,perf-baseline-r002-20260818T050813Z,loan_to_customer,2,108,200,14.186300,
baseline,2,4,perf-baseline-r002-20260818T050813Z,loan_to_customer,2,109,200,13.879600,
baseline,2,4,perf-baseline-r002-20260818T050813Z,loan_to_customer,2,110,200,13.702100,
baseline,2,4,perf-baseline-r002-20260818T050813Z,loan_to_customer,2,111,200,14.221000,
baseline,2,4,perf-baseline-r002-20260818T050813Z,loan_to_customer,2,112,200,13.748400,
baseline,2,4,perf-baseline-r002-20260818T050813Z,loan_to_customer,2,113,200,14.123200,
baseline,2,4,perf-baseline-r002-20260818T050813Z,loan_to_customer,2,114,200,14.739900,
baseline,2,4,perf-baseline-r002-20260818T050813Z,loan_to_customer,2,115,200,14.674500,
baseline,2,4,perf-baseline-r002-20260818T050813Z,loan_to_customer,2,116,200,14.009500,
baseline,2,4,perf-baseline-r002-20260818T050813Z,loan_to_customer,2,117,200,14.087000,
baseline,2,4,perf-baseline-r002-20260818T050813Z,loan_to_customer,2,118,200,13.924000,
baseline,2,4,perf-baseline-r002-20260818T050813Z,loan_to_customer,2,119,200,13.914200,
baseline,2,4,perf-baseline-r002-20260818T050813Z,loan_to_customer,2,120,200,14.413200,
baseline,2,4,perf-baseline-r002-20260818T050813Z,loan_to_customer,2,121,200,14.250700,
baseline,2,4,perf-baseline-r002-20260818T050813Z,loan_to_customer,2,122,200,15.412500,
baseline,2,4,perf-baseline-r002-20260818T050813Z,loan_to_customer,2,123,200,15.839100,
baseline,2,4,perf-baseline-r002-20260818T050813Z,loan_to_customer,2,124,200,15.024000,
baseline,2,4,perf-baseline-r002-20260818T050813Z,loan_to_customer,2,125,200,15.103900,
baseline,2,4,perf-baseline-r002-20260818T050813Z,loan_to_customer,2,126,200,15.040700,
baseline,2,4,perf-baseline-r002-20260818T050813Z,loan_to_customer,2,127,200,15.189000,
baseline,2,4,perf-baseline-r002-20260818T050813Z,loan_to_customer,2,128,200,15.403900,
baseline,2,4,perf-baseline-r002-20260818T050813Z,loan_to_customer,2,129,200,14.742800,
baseline,2,4,perf-baseline-r002-20260818T050813Z,loan_to_customer,2,130,200,16.114600,
baseline,2,4,perf-baseline-r002-20260818T050813Z,loan_to_customer,2,131,200,14.587300,
baseline,2,4,perf-baseline-r002-20260818T050813Z,loan_to_customer,2,132,200,14.476300,
baseline,2,4,perf-baseline-r002-20260818T050813Z,loan_to_customer,2,133,200,15.601700,
baseline,2,4,perf-baseline-r002-20260818T050813Z,loan_to_customer,2,134,200,15.019400,
baseline,2,4,perf-baseline-r002-20260818T050813Z,loan_to_customer,2,135,200,16.002500,
baseline,2,4,perf-baseline-r002-20260818T050813Z,loan_to_customer,2,136,200,15.534400,
baseline,2,4,perf-baseline-r002-20260818T050813Z,loan_to_customer,2,137,200,14.961600,
baseline,2,4,perf-baseline-r002-20260818T050813Z,loan_to_customer,2,138,200,16.204400,
baseline,2,4,perf-baseline-r002-20260818T050813Z,loan_to_customer,2,139,200,15.819000,
baseline,2,4,perf-baseline-r002-20260818T050813Z,loan_to_customer,2,140,200,14.386600,
baseline,2,4,perf-baseline-r002-20260818T050813Z,loan_to_customer,2,141,200,14.527400,
baseline,2,4,perf-baseline-r002-20260818T050813Z,loan_to_customer,2,142,200,14.718400,
baseline,2,4,perf-baseline-r002-20260818T050813Z,loan_to_customer,2,143,200,14.666300,
baseline,2,4,perf-baseline-r002-20260818T050813Z,loan_to_customer,2,144,200,14.101200,
baseline,2,4,perf-baseline-r002-20260818T050813Z,loan_to_customer,2,145,200,14.623300,
baseline,2,4,perf-baseline-r002-20260818T050813Z,loan_to_customer,2,146,200,14.193300,
baseline,2,4,perf-baseline-r002-20260818T050813Z,loan_to_customer,2,147,200,15.081500,
baseline,2,4,perf-baseline-r002-20260818T050813Z,loan_to_customer,2,148,200,14.424400,
baseline,2,4,perf-baseline-r002-20260818T050813Z,loan_to_customer,2,149,200,14.481500,
baseline,2,4,perf-baseline-r002-20260818T050813Z,loan_to_customer,2,150,200,14.585500,
baseline,2,4,perf-baseline-r002-20260818T050813Z,loan_to_customer,2,151,200,14.132500,
baseline,2,4,perf-baseline-r002-20260818T050813Z,loan_to_customer,2,152,200,14.077400,
baseline,2,4,perf-baseline-r002-20260818T050813Z,loan_to_customer,2,153,200,14.248600,
baseline,2,4,perf-baseline-r002-20260818T050813Z,loan_to_customer,2,154,200,14.423800,
baseline,2,4,perf-baseline-r002-20260818T050813Z,loan_to_customer,2,155,200,14.097200,
baseline,2,4,perf-baseline-r002-20260818T050813Z,loan_to_customer,2,156,200,13.715100,
baseline,2,4,perf-baseline-r002-20260818T050813Z,loan_to_customer,2,157,200,13.467800,
baseline,2,4,perf-baseline-r002-20260818T050813Z,loan_to_customer,2,158,200,14.190600,
baseline,2,4,perf-baseline-r002-20260818T050813Z,loan_to_customer,2,159,200,13.739400,
baseline,2,4,perf-baseline-r002-20260818T050813Z,loan_to_customer,2,160,200,14.454300,
baseline,2,4,perf-baseline-r002-20260818T050813Z,loan_to_customer,2,161,200,14.324600,
baseline,2,4,perf-baseline-r002-20260818T050813Z,loan_to_customer,2,162,200,18.397900,
baseline,2,4,perf-baseline-r002-20260818T050813Z,loan_to_customer,2,163,200,14.651700,
baseline,2,4,perf-baseline-r002-20260818T050813Z,loan_to_customer,2,164,200,14.551000,
baseline,2,4,perf-baseline-r002-20260818T050813Z,loan_to_customer,2,165,200,14.291400,
baseline,2,4,perf-baseline-r002-20260818T050813Z,loan_to_customer,2,166,200,13.722900,
baseline,2,4,perf-baseline-r002-20260818T050813Z,loan_to_customer,2,167,200,14.577700,
baseline,2,4,perf-baseline-r002-20260818T050813Z,loan_to_customer,2,168,200,15.418600,
baseline,2,4,perf-baseline-r002-20260818T050813Z,loan_to_customer,2,169,200,15.594300,
baseline,2,4,perf-baseline-r002-20260818T050813Z,loan_to_customer,2,170,200,14.136000,
baseline,2,4,perf-baseline-r002-20260818T050813Z,loan_to_customer,2,171,200,17.956300,
baseline,2,4,perf-baseline-r002-20260818T050813Z,loan_to_customer,2,172,200,17.034800,
baseline,2,4,perf-baseline-r002-20260818T050813Z,loan_to_customer,2,173,200,16.912500,
baseline,2,4,perf-baseline-r002-20260818T050813Z,loan_to_customer,2,174,200,16.658600,
baseline,2,4,perf-baseline-r002-20260818T050813Z,loan_to_customer,2,175,200,15.994200,
baseline,2,4,perf-baseline-r002-20260818T050813Z,loan_to_customer,2,176,200,15.187300,
baseline,2,4,perf-baseline-r002-20260818T050813Z,loan_to_customer,2,177,200,14.987600,
baseline,2,4,perf-baseline-r002-20260818T050813Z,loan_to_customer,2,178,200,15.245000,
baseline,2,4,perf-baseline-r002-20260818T050813Z,loan_to_customer,2,179,200,14.245600,
baseline,2,4,perf-baseline-r002-20260818T050813Z,loan_to_customer,2,180,200,14.020800,
baseline,2,4,perf-baseline-r002-20260818T050813Z,loan_to_customer,2,181,200,14.353400,
baseline,2,4,perf-baseline-r002-20260818T050813Z,loan_to_customer,2,182,200,14.874300,
baseline,2,4,perf-baseline-r002-20260818T050813Z,loan_to_customer,2,183,200,14.095700,
baseline,2,4,perf-baseline-r002-20260818T050813Z,loan_to_customer,2,184,200,14.727100,
baseline,2,4,perf-baseline-r002-20260818T050813Z,loan_to_customer,2,185,200,14.077200,
baseline,2,4,perf-baseline-r002-20260818T050813Z,loan_to_customer,2,186,200,13.537100,
baseline,2,4,perf-baseline-r002-20260818T050813Z,loan_to_customer,2,187,200,14.293600,
baseline,2,4,perf-baseline-r002-20260818T050813Z,loan_to_customer,2,188,200,13.776300,
baseline,2,4,perf-baseline-r002-20260818T050813Z,loan_to_customer,2,189,200,14.481900,
baseline,2,4,perf-baseline-r002-20260818T050813Z,loan_to_customer,2,190,200,13.842600,
baseline,2,4,perf-baseline-r002-20260818T050813Z,loan_to_customer,2,191,200,14.308400,
baseline,2,4,perf-baseline-r002-20260818T050813Z,loan_to_customer,2,192,200,14.320100,
baseline,2,4,perf-baseline-r002-20260818T050813Z,loan_to_customer,2,193,200,13.982600,
baseline,2,4,perf-baseline-r002-20260818T050813Z,loan_to_customer,2,194,200,14.165500,
baseline,2,4,perf-baseline-r002-20260818T050813Z,loan_to_customer,2,195,200,14.310200,
baseline,2,4,perf-baseline-r002-20260818T050813Z,loan_to_customer,2,196,200,14.256900,
baseline,2,4,perf-baseline-r002-20260818T050813Z,loan_to_customer,2,197,200,13.848200,
baseline,2,4,perf-baseline-r002-20260818T050813Z,loan_to_customer,2,198,200,13.839700,
baseline,2,4,perf-baseline-r002-20260818T050813Z,loan_to_customer,2,199,200,15.273100,
baseline,2,4,perf-baseline-r002-20260818T050813Z,loan_to_customer,2,200,200,13.867800,
baseline,2,4,perf-baseline-r002-20260818T050813Z,loan_to_customer,3,1,200,14.482400,
baseline,2,4,perf-baseline-r002-20260818T050813Z,loan_to_customer,3,2,200,13.739400,
baseline,2,4,perf-baseline-r002-20260818T050813Z,loan_to_customer,3,3,200,13.811500,
baseline,2,4,perf-baseline-r002-20260818T050813Z,loan_to_customer,3,4,200,14.358000,
baseline,2,4,perf-baseline-r002-20260818T050813Z,loan_to_customer,3,5,200,14.557900,
baseline,2,4,perf-baseline-r002-20260818T050813Z,loan_to_customer,3,6,200,14.770500,
baseline,2,4,perf-baseline-r002-20260818T050813Z,loan_to_customer,3,7,200,14.026600,
baseline,2,4,perf-baseline-r002-20260818T050813Z,loan_to_customer,3,8,200,15.146700,
baseline,2,4,perf-baseline-r002-20260818T050813Z,loan_to_customer,3,9,200,13.658500,
baseline,2,4,perf-baseline-r002-20260818T050813Z,loan_to_customer,3,10,200,14.812300,
baseline,2,4,perf-baseline-r002-20260818T050813Z,loan_to_customer,3,11,200,13.765400,
baseline,2,4,perf-baseline-r002-20260818T050813Z,loan_to_customer,3,12,200,14.297700,
baseline,2,4,perf-baseline-r002-20260818T050813Z,loan_to_customer,3,13,200,13.288300,
baseline,2,4,perf-baseline-r002-20260818T050813Z,loan_to_customer,3,14,200,14.241000,
baseline,2,4,perf-baseline-r002-20260818T050813Z,loan_to_customer,3,15,200,14.450900,
baseline,2,4,perf-baseline-r002-20260818T050813Z,loan_to_customer,3,16,200,13.874600,
baseline,2,4,perf-baseline-r002-20260818T050813Z,loan_to_customer,3,17,200,13.956700,
baseline,2,4,perf-baseline-r002-20260818T050813Z,loan_to_customer,3,18,200,13.435900,
baseline,2,4,perf-baseline-r002-20260818T050813Z,loan_to_customer,3,19,200,14.094800,
baseline,2,4,perf-baseline-r002-20260818T050813Z,loan_to_customer,3,20,200,14.135800,
baseline,2,4,perf-baseline-r002-20260818T050813Z,loan_to_customer,3,21,200,14.272600,
baseline,2,4,perf-baseline-r002-20260818T050813Z,loan_to_customer,3,22,200,13.531200,
baseline,2,4,perf-baseline-r002-20260818T050813Z,loan_to_customer,3,23,200,13.566900,
baseline,2,4,perf-baseline-r002-20260818T050813Z,loan_to_customer,3,24,200,14.171600,
baseline,2,4,perf-baseline-r002-20260818T050813Z,loan_to_customer,3,25,200,14.046900,
baseline,2,4,perf-baseline-r002-20260818T050813Z,loan_to_customer,3,26,200,13.826100,
baseline,2,4,perf-baseline-r002-20260818T050813Z,loan_to_customer,3,27,200,13.966800,
baseline,2,4,perf-baseline-r002-20260818T050813Z,loan_to_customer,3,28,200,13.861000,
baseline,2,4,perf-baseline-r002-20260818T050813Z,loan_to_customer,3,29,200,13.981900,
baseline,2,4,perf-baseline-r002-20260818T050813Z,loan_to_customer,3,30,200,14.398000,
baseline,2,4,perf-baseline-r002-20260818T050813Z,loan_to_customer,3,31,200,13.556500,
baseline,2,4,perf-baseline-r002-20260818T050813Z,loan_to_customer,3,32,200,14.301500,
baseline,2,4,perf-baseline-r002-20260818T050813Z,loan_to_customer,3,33,200,13.970300,
baseline,2,4,perf-baseline-r002-20260818T050813Z,loan_to_customer,3,34,200,13.934900,
baseline,2,4,perf-baseline-r002-20260818T050813Z,loan_to_customer,3,35,200,14.959100,
baseline,2,4,perf-baseline-r002-20260818T050813Z,loan_to_customer,3,36,200,14.817100,
baseline,2,4,perf-baseline-r002-20260818T050813Z,loan_to_customer,3,37,200,14.670600,
baseline,2,4,perf-baseline-r002-20260818T050813Z,loan_to_customer,3,38,200,14.715000,
baseline,2,4,perf-baseline-r002-20260818T050813Z,loan_to_customer,3,39,200,14.572600,
baseline,2,4,perf-baseline-r002-20260818T050813Z,loan_to_customer,3,40,200,14.250000,
baseline,2,4,perf-baseline-r002-20260818T050813Z,loan_to_customer,3,41,200,14.421300,
baseline,2,4,perf-baseline-r002-20260818T050813Z,loan_to_customer,3,42,200,14.277100,
baseline,2,4,perf-baseline-r002-20260818T050813Z,loan_to_customer,3,43,200,14.981800,
baseline,2,4,perf-baseline-r002-20260818T050813Z,loan_to_customer,3,44,200,14.043500,
baseline,2,4,perf-baseline-r002-20260818T050813Z,loan_to_customer,3,45,200,13.796100,
baseline,2,4,perf-baseline-r002-20260818T050813Z,loan_to_customer,3,46,200,13.989200,
baseline,2,4,perf-baseline-r002-20260818T050813Z,loan_to_customer,3,47,200,14.231400,
baseline,2,4,perf-baseline-r002-20260818T050813Z,loan_to_customer,3,48,200,13.783900,
baseline,2,4,perf-baseline-r002-20260818T050813Z,loan_to_customer,3,49,200,14.039100,
baseline,2,4,perf-baseline-r002-20260818T050813Z,loan_to_customer,3,50,200,14.222700,
baseline,2,4,perf-baseline-r002-20260818T050813Z,loan_to_customer,3,51,200,13.969600,
baseline,2,4,perf-baseline-r002-20260818T050813Z,loan_to_customer,3,52,200,14.015900,
baseline,2,4,perf-baseline-r002-20260818T050813Z,loan_to_customer,3,53,200,14.323300,
baseline,2,4,perf-baseline-r002-20260818T050813Z,loan_to_customer,3,54,200,14.086800,
baseline,2,4,perf-baseline-r002-20260818T050813Z,loan_to_customer,3,55,200,14.217300,
baseline,2,4,perf-baseline-r002-20260818T050813Z,loan_to_customer,3,56,200,14.832700,
baseline,2,4,perf-baseline-r002-20260818T050813Z,loan_to_customer,3,57,200,14.700300,
baseline,2,4,perf-baseline-r002-20260818T050813Z,loan_to_customer,3,58,200,13.507200,
baseline,2,4,perf-baseline-r002-20260818T050813Z,loan_to_customer,3,59,200,14.340700,
baseline,2,4,perf-baseline-r002-20260818T050813Z,loan_to_customer,3,60,200,14.012600,
baseline,2,4,perf-baseline-r002-20260818T050813Z,loan_to_customer,3,61,200,13.658500,
baseline,2,4,perf-baseline-r002-20260818T050813Z,loan_to_customer,3,62,200,14.043900,
baseline,2,4,perf-baseline-r002-20260818T050813Z,loan_to_customer,3,63,200,14.661200,
baseline,2,4,perf-baseline-r002-20260818T050813Z,loan_to_customer,3,64,200,13.714700,
baseline,2,4,perf-baseline-r002-20260818T050813Z,loan_to_customer,3,65,200,14.275300,
baseline,2,4,perf-baseline-r002-20260818T050813Z,loan_to_customer,3,66,200,14.343200,
baseline,2,4,perf-baseline-r002-20260818T050813Z,loan_to_customer,3,67,200,14.012800,
baseline,2,4,perf-baseline-r002-20260818T050813Z,loan_to_customer,3,68,200,13.778500,
baseline,2,4,perf-baseline-r002-20260818T050813Z,loan_to_customer,3,69,200,13.896400,
baseline,2,4,perf-baseline-r002-20260818T050813Z,loan_to_customer,3,70,200,14.382800,
baseline,2,4,perf-baseline-r002-20260818T050813Z,loan_to_customer,3,71,200,14.582700,
baseline,2,4,perf-baseline-r002-20260818T050813Z,loan_to_customer,3,72,200,14.625100,
baseline,2,4,perf-baseline-r002-20260818T050813Z,loan_to_customer,3,73,200,15.145200,
baseline,2,4,perf-baseline-r002-20260818T050813Z,loan_to_customer,3,74,200,14.726600,
baseline,2,4,perf-baseline-r002-20260818T050813Z,loan_to_customer,3,75,200,15.034200,
baseline,2,4,perf-baseline-r002-20260818T050813Z,loan_to_customer,3,76,200,14.184600,
baseline,2,4,perf-baseline-r002-20260818T050813Z,loan_to_customer,3,77,200,14.255500,
baseline,2,4,perf-baseline-r002-20260818T050813Z,loan_to_customer,3,78,200,14.377700,
baseline,2,4,perf-baseline-r002-20260818T050813Z,loan_to_customer,3,79,200,14.241400,
baseline,2,4,perf-baseline-r002-20260818T050813Z,loan_to_customer,3,80,200,14.738000,
baseline,2,4,perf-baseline-r002-20260818T050813Z,loan_to_customer,3,81,200,13.898600,
baseline,2,4,perf-baseline-r002-20260818T050813Z,loan_to_customer,3,82,200,14.552800,
baseline,2,4,perf-baseline-r002-20260818T050813Z,loan_to_customer,3,83,200,13.799700,
baseline,2,4,perf-baseline-r002-20260818T050813Z,loan_to_customer,3,84,200,13.646400,
baseline,2,4,perf-baseline-r002-20260818T050813Z,loan_to_customer,3,85,200,13.273700,
baseline,2,4,perf-baseline-r002-20260818T050813Z,loan_to_customer,3,86,200,15.054400,
baseline,2,4,perf-baseline-r002-20260818T050813Z,loan_to_customer,3,87,200,13.751500,
baseline,2,4,perf-baseline-r002-20260818T050813Z,loan_to_customer,3,88,200,14.324700,
baseline,2,4,perf-baseline-r002-20260818T050813Z,loan_to_customer,3,89,200,14.524300,
baseline,2,4,perf-baseline-r002-20260818T050813Z,loan_to_customer,3,90,200,13.355700,
baseline,2,4,perf-baseline-r002-20260818T050813Z,loan_to_customer,3,91,200,13.837400,
baseline,2,4,perf-baseline-r002-20260818T050813Z,loan_to_customer,3,92,200,14.407700,
baseline,2,4,perf-baseline-r002-20260818T050813Z,loan_to_customer,3,93,200,14.498100,
baseline,2,4,perf-baseline-r002-20260818T050813Z,loan_to_customer,3,94,200,14.726900,
baseline,2,4,perf-baseline-r002-20260818T050813Z,loan_to_customer,3,95,200,14.829900,
baseline,2,4,perf-baseline-r002-20260818T050813Z,loan_to_customer,3,96,200,15.104100,
baseline,2,4,perf-baseline-r002-20260818T050813Z,loan_to_customer,3,97,200,14.618300,
baseline,2,4,perf-baseline-r002-20260818T050813Z,loan_to_customer,3,98,200,14.201300,
baseline,2,4,perf-baseline-r002-20260818T050813Z,loan_to_customer,3,99,200,14.115200,
baseline,2,4,perf-baseline-r002-20260818T050813Z,loan_to_customer,3,100,200,13.872100,
baseline,2,4,perf-baseline-r002-20260818T050813Z,loan_to_customer,3,101,200,14.529900,
baseline,2,4,perf-baseline-r002-20260818T050813Z,loan_to_customer,3,102,200,14.066600,
baseline,2,4,perf-baseline-r002-20260818T050813Z,loan_to_customer,3,103,200,13.988900,
baseline,2,4,perf-baseline-r002-20260818T050813Z,loan_to_customer,3,104,200,14.241000,
baseline,2,4,perf-baseline-r002-20260818T050813Z,loan_to_customer,3,105,200,13.830400,
baseline,2,4,perf-baseline-r002-20260818T050813Z,loan_to_customer,3,106,200,15.348400,
baseline,2,4,perf-baseline-r002-20260818T050813Z,loan_to_customer,3,107,200,14.984900,
baseline,2,4,perf-baseline-r002-20260818T050813Z,loan_to_customer,3,108,200,14.531200,
baseline,2,4,perf-baseline-r002-20260818T050813Z,loan_to_customer,3,109,200,14.158300,
baseline,2,4,perf-baseline-r002-20260818T050813Z,loan_to_customer,3,110,200,14.566700,
baseline,2,4,perf-baseline-r002-20260818T050813Z,loan_to_customer,3,111,200,14.365700,
baseline,2,4,perf-baseline-r002-20260818T050813Z,loan_to_customer,3,112,200,14.851900,
baseline,2,4,perf-baseline-r002-20260818T050813Z,loan_to_customer,3,113,200,14.188700,
baseline,2,4,perf-baseline-r002-20260818T050813Z,loan_to_customer,3,114,200,14.246500,
baseline,2,4,perf-baseline-r002-20260818T050813Z,loan_to_customer,3,115,200,13.905000,
baseline,2,4,perf-baseline-r002-20260818T050813Z,loan_to_customer,3,116,200,13.529900,
baseline,2,4,perf-baseline-r002-20260818T050813Z,loan_to_customer,3,117,200,14.259800,
baseline,2,4,perf-baseline-r002-20260818T050813Z,loan_to_customer,3,118,200,14.660400,
baseline,2,4,perf-baseline-r002-20260818T050813Z,loan_to_customer,3,119,200,14.730100,
baseline,2,4,perf-baseline-r002-20260818T050813Z,loan_to_customer,3,120,200,14.625400,
baseline,2,4,perf-baseline-r002-20260818T050813Z,loan_to_customer,3,121,200,14.754600,
baseline,2,4,perf-baseline-r002-20260818T050813Z,loan_to_customer,3,122,200,14.375600,
baseline,2,4,perf-baseline-r002-20260818T050813Z,loan_to_customer,3,123,200,17.206900,
baseline,2,4,perf-baseline-r002-20260818T050813Z,loan_to_customer,3,124,200,15.518700,
baseline,2,4,perf-baseline-r002-20260818T050813Z,loan_to_customer,3,125,200,14.264500,
baseline,2,4,perf-baseline-r002-20260818T050813Z,loan_to_customer,3,126,200,14.199200,
baseline,2,4,perf-baseline-r002-20260818T050813Z,loan_to_customer,3,127,200,13.703400,
baseline,2,4,perf-baseline-r002-20260818T050813Z,loan_to_customer,3,128,200,14.331100,
baseline,2,4,perf-baseline-r002-20260818T050813Z,loan_to_customer,3,129,200,14.103900,
baseline,2,4,perf-baseline-r002-20260818T050813Z,loan_to_customer,3,130,200,14.447600,
baseline,2,4,perf-baseline-r002-20260818T050813Z,loan_to_customer,3,131,200,13.645800,
baseline,2,4,perf-baseline-r002-20260818T050813Z,loan_to_customer,3,132,200,14.581000,
baseline,2,4,perf-baseline-r002-20260818T050813Z,loan_to_customer,3,133,200,14.053500,
baseline,2,4,perf-baseline-r002-20260818T050813Z,loan_to_customer,3,134,200,14.593500,
baseline,2,4,perf-baseline-r002-20260818T050813Z,loan_to_customer,3,135,200,14.037300,
baseline,2,4,perf-baseline-r002-20260818T050813Z,loan_to_customer,3,136,200,14.539900,
baseline,2,4,perf-baseline-r002-20260818T050813Z,loan_to_customer,3,137,200,14.747200,
baseline,2,4,perf-baseline-r002-20260818T050813Z,loan_to_customer,3,138,200,14.319100,
baseline,2,4,perf-baseline-r002-20260818T050813Z,loan_to_customer,3,139,200,15.396300,
baseline,2,4,perf-baseline-r002-20260818T050813Z,loan_to_customer,3,140,200,16.035800,
baseline,2,4,perf-baseline-r002-20260818T050813Z,loan_to_customer,3,141,200,15.400900,
baseline,2,4,perf-baseline-r002-20260818T050813Z,loan_to_customer,3,142,200,15.557300,
baseline,2,4,perf-baseline-r002-20260818T050813Z,loan_to_customer,3,143,200,16.435500,
baseline,2,4,perf-baseline-r002-20260818T050813Z,loan_to_customer,3,144,200,15.211000,
baseline,2,4,perf-baseline-r002-20260818T050813Z,loan_to_customer,3,145,200,14.407600,
baseline,2,4,perf-baseline-r002-20260818T050813Z,loan_to_customer,3,146,200,14.076900,
baseline,2,4,perf-baseline-r002-20260818T050813Z,loan_to_customer,3,147,200,14.163500,
baseline,2,4,perf-baseline-r002-20260818T050813Z,loan_to_customer,3,148,200,14.743900,
baseline,2,4,perf-baseline-r002-20260818T050813Z,loan_to_customer,3,149,200,14.400900,
baseline,2,4,perf-baseline-r002-20260818T050813Z,loan_to_customer,3,150,200,14.429800,
baseline,2,4,perf-baseline-r002-20260818T050813Z,loan_to_customer,3,151,200,14.837700,
baseline,2,4,perf-baseline-r002-20260818T050813Z,loan_to_customer,3,152,200,14.382600,
baseline,2,4,perf-baseline-r002-20260818T050813Z,loan_to_customer,3,153,200,13.892200,
baseline,2,4,perf-baseline-r002-20260818T050813Z,loan_to_customer,3,154,200,13.955800,
baseline,2,4,perf-baseline-r002-20260818T050813Z,loan_to_customer,3,155,200,14.127800,
baseline,2,4,perf-baseline-r002-20260818T050813Z,loan_to_customer,3,156,200,14.043500,
baseline,2,4,perf-baseline-r002-20260818T050813Z,loan_to_customer,3,157,200,14.234100,
baseline,2,4,perf-baseline-r002-20260818T050813Z,loan_to_customer,3,158,200,14.036300,
baseline,2,4,perf-baseline-r002-20260818T050813Z,loan_to_customer,3,159,200,13.953600,
baseline,2,4,perf-baseline-r002-20260818T050813Z,loan_to_customer,3,160,200,13.817400,
baseline,2,4,perf-baseline-r002-20260818T050813Z,loan_to_customer,3,161,200,14.685500,
baseline,2,4,perf-baseline-r002-20260818T050813Z,loan_to_customer,3,162,200,13.768900,
baseline,2,4,perf-baseline-r002-20260818T050813Z,loan_to_customer,3,163,200,14.066400,
baseline,2,4,perf-baseline-r002-20260818T050813Z,loan_to_customer,3,164,200,14.168700,
baseline,2,4,perf-baseline-r002-20260818T050813Z,loan_to_customer,3,165,200,14.722200,
baseline,2,4,perf-baseline-r002-20260818T050813Z,loan_to_customer,3,166,200,13.431100,
baseline,2,4,perf-baseline-r002-20260818T050813Z,loan_to_customer,3,167,200,13.656600,
baseline,2,4,perf-baseline-r002-20260818T050813Z,loan_to_customer,3,168,200,14.047400,
baseline,2,4,perf-baseline-r002-20260818T050813Z,loan_to_customer,3,169,200,14.078900,
baseline,2,4,perf-baseline-r002-20260818T050813Z,loan_to_customer,3,170,200,14.156300,
baseline,2,4,perf-baseline-r002-20260818T050813Z,loan_to_customer,3,171,200,15.373300,
baseline,2,4,perf-baseline-r002-20260818T050813Z,loan_to_customer,3,172,200,14.279700,
baseline,2,4,perf-baseline-r002-20260818T050813Z,loan_to_customer,3,173,200,14.069300,
baseline,2,4,perf-baseline-r002-20260818T050813Z,loan_to_customer,3,174,200,14.822600,
baseline,2,4,perf-baseline-r002-20260818T050813Z,loan_to_customer,3,175,200,15.884100,
baseline,2,4,perf-baseline-r002-20260818T050813Z,loan_to_customer,3,176,200,15.127000,
baseline,2,4,perf-baseline-r002-20260818T050813Z,loan_to_customer,3,177,200,14.596500,
baseline,2,4,perf-baseline-r002-20260818T050813Z,loan_to_customer,3,178,200,14.801000,
baseline,2,4,perf-baseline-r002-20260818T050813Z,loan_to_customer,3,179,200,16.904400,
baseline,2,4,perf-baseline-r002-20260818T050813Z,loan_to_customer,3,180,200,15.963400,
baseline,2,4,perf-baseline-r002-20260818T050813Z,loan_to_customer,3,181,200,15.171000,
baseline,2,4,perf-baseline-r002-20260818T050813Z,loan_to_customer,3,182,200,15.470300,
baseline,2,4,perf-baseline-r002-20260818T050813Z,loan_to_customer,3,183,200,15.117600,
baseline,2,4,perf-baseline-r002-20260818T050813Z,loan_to_customer,3,184,200,14.535100,
baseline,2,4,perf-baseline-r002-20260818T050813Z,loan_to_customer,3,185,200,15.042900,
baseline,2,4,perf-baseline-r002-20260818T050813Z,loan_to_customer,3,186,200,15.493900,
baseline,2,4,perf-baseline-r002-20260818T050813Z,loan_to_customer,3,187,200,15.301100,
baseline,2,4,perf-baseline-r002-20260818T050813Z,loan_to_customer,3,188,200,15.287700,
baseline,2,4,perf-baseline-r002-20260818T050813Z,loan_to_customer,3,189,200,15.473700,
baseline,2,4,perf-baseline-r002-20260818T050813Z,loan_to_customer,3,190,200,14.682100,
baseline,2,4,perf-baseline-r002-20260818T050813Z,loan_to_customer,3,191,200,14.692800,
baseline,2,4,perf-baseline-r002-20260818T050813Z,loan_to_customer,3,192,200,15.305500,
baseline,2,4,perf-baseline-r002-20260818T050813Z,loan_to_customer,3,193,200,14.258200,
baseline,2,4,perf-baseline-r002-20260818T050813Z,loan_to_customer,3,194,200,14.492200,
baseline,2,4,perf-baseline-r002-20260818T050813Z,loan_to_customer,3,195,200,14.396100,
baseline,2,4,perf-baseline-r002-20260818T050813Z,loan_to_customer,3,196,200,14.025100,
baseline,2,4,perf-baseline-r002-20260818T050813Z,loan_to_customer,3,197,200,15.076100,
baseline,2,4,perf-baseline-r002-20260818T050813Z,loan_to_customer,3,198,200,13.500600,
baseline,2,4,perf-baseline-r002-20260818T050813Z,loan_to_customer,3,199,200,13.707500,
baseline,2,4,perf-baseline-r002-20260818T050813Z,loan_to_customer,3,200,200,13.990000,
baseline,2,4,perf-baseline-r002-20260818T050813Z,loan_to_credit,1,1,200,15.834500,
baseline,2,4,perf-baseline-r002-20260818T050813Z,loan_to_credit,1,2,200,16.195600,
baseline,2,4,perf-baseline-r002-20260818T050813Z,loan_to_credit,1,3,200,16.002400,
baseline,2,4,perf-baseline-r002-20260818T050813Z,loan_to_credit,1,4,200,17.529200,
baseline,2,4,perf-baseline-r002-20260818T050813Z,loan_to_credit,1,5,200,16.246000,
baseline,2,4,perf-baseline-r002-20260818T050813Z,loan_to_credit,1,6,200,16.670200,
baseline,2,4,perf-baseline-r002-20260818T050813Z,loan_to_credit,1,7,200,16.215900,
baseline,2,4,perf-baseline-r002-20260818T050813Z,loan_to_credit,1,8,200,16.149800,
baseline,2,4,perf-baseline-r002-20260818T050813Z,loan_to_credit,1,9,200,15.735100,
baseline,2,4,perf-baseline-r002-20260818T050813Z,loan_to_credit,1,10,200,16.225000,
baseline,2,4,perf-baseline-r002-20260818T050813Z,loan_to_credit,1,11,200,16.149500,
baseline,2,4,perf-baseline-r002-20260818T050813Z,loan_to_credit,1,12,200,17.007100,
baseline,2,4,perf-baseline-r002-20260818T050813Z,loan_to_credit,1,13,200,16.845200,
baseline,2,4,perf-baseline-r002-20260818T050813Z,loan_to_credit,1,14,200,15.645900,
baseline,2,4,perf-baseline-r002-20260818T050813Z,loan_to_credit,1,15,200,16.207000,
baseline,2,4,perf-baseline-r002-20260818T050813Z,loan_to_credit,1,16,200,15.730000,
baseline,2,4,perf-baseline-r002-20260818T050813Z,loan_to_credit,1,17,200,16.283700,
baseline,2,4,perf-baseline-r002-20260818T050813Z,loan_to_credit,1,18,200,18.012100,
baseline,2,4,perf-baseline-r002-20260818T050813Z,loan_to_credit,1,19,200,16.683300,
baseline,2,4,perf-baseline-r002-20260818T050813Z,loan_to_credit,1,20,200,16.288200,
baseline,2,4,perf-baseline-r002-20260818T050813Z,loan_to_credit,1,21,200,16.839700,
baseline,2,4,perf-baseline-r002-20260818T050813Z,loan_to_credit,1,22,200,16.176700,
baseline,2,4,perf-baseline-r002-20260818T050813Z,loan_to_credit,1,23,200,16.738300,
baseline,2,4,perf-baseline-r002-20260818T050813Z,loan_to_credit,1,24,200,15.668800,
baseline,2,4,perf-baseline-r002-20260818T050813Z,loan_to_credit,1,25,200,15.974900,
baseline,2,4,perf-baseline-r002-20260818T050813Z,loan_to_credit,1,26,200,16.300400,
baseline,2,4,perf-baseline-r002-20260818T050813Z,loan_to_credit,1,27,200,16.106700,
baseline,2,4,perf-baseline-r002-20260818T050813Z,loan_to_credit,1,28,200,16.703900,
baseline,2,4,perf-baseline-r002-20260818T050813Z,loan_to_credit,1,29,200,17.121300,
baseline,2,4,perf-baseline-r002-20260818T050813Z,loan_to_credit,1,30,200,16.564400,
baseline,2,4,perf-baseline-r002-20260818T050813Z,loan_to_credit,1,31,200,16.047100,
baseline,2,4,perf-baseline-r002-20260818T050813Z,loan_to_credit,1,32,200,16.258800,
baseline,2,4,perf-baseline-r002-20260818T050813Z,loan_to_credit,1,33,200,16.787900,
baseline,2,4,perf-baseline-r002-20260818T050813Z,loan_to_credit,1,34,200,16.448400,
baseline,2,4,perf-baseline-r002-20260818T050813Z,loan_to_credit,1,35,200,18.029900,
baseline,2,4,perf-baseline-r002-20260818T050813Z,loan_to_credit,1,36,200,16.707200,
baseline,2,4,perf-baseline-r002-20260818T050813Z,loan_to_credit,1,37,200,15.722300,
baseline,2,4,perf-baseline-r002-20260818T050813Z,loan_to_credit,1,38,200,16.305700,
baseline,2,4,perf-baseline-r002-20260818T050813Z,loan_to_credit,1,39,200,18.035800,
baseline,2,4,perf-baseline-r002-20260818T050813Z,loan_to_credit,1,40,200,15.457400,
baseline,2,4,perf-baseline-r002-20260818T050813Z,loan_to_credit,1,41,200,15.036500,
baseline,2,4,perf-baseline-r002-20260818T050813Z,loan_to_credit,1,42,200,16.659800,
baseline,2,4,perf-baseline-r002-20260818T050813Z,loan_to_credit,1,43,200,16.921100,
baseline,2,4,perf-baseline-r002-20260818T050813Z,loan_to_credit,1,44,200,17.619200,
baseline,2,4,perf-baseline-r002-20260818T050813Z,loan_to_credit,1,45,200,15.561400,
baseline,2,4,perf-baseline-r002-20260818T050813Z,loan_to_credit,1,46,200,16.413700,
baseline,2,4,perf-baseline-r002-20260818T050813Z,loan_to_credit,1,47,200,17.217400,
baseline,2,4,perf-baseline-r002-20260818T050813Z,loan_to_credit,1,48,200,15.837700,
baseline,2,4,perf-baseline-r002-20260818T050813Z,loan_to_credit,1,49,200,15.916300,
baseline,2,4,perf-baseline-r002-20260818T050813Z,loan_to_credit,1,50,200,16.396700,
baseline,2,4,perf-baseline-r002-20260818T050813Z,loan_to_credit,1,51,200,16.614200,
baseline,2,4,perf-baseline-r002-20260818T050813Z,loan_to_credit,1,52,200,18.101000,
baseline,2,4,perf-baseline-r002-20260818T050813Z,loan_to_credit,1,53,200,17.558000,
baseline,2,4,perf-baseline-r002-20260818T050813Z,loan_to_credit,1,54,200,17.091900,
baseline,2,4,perf-baseline-r002-20260818T050813Z,loan_to_credit,1,55,200,16.743600,
baseline,2,4,perf-baseline-r002-20260818T050813Z,loan_to_credit,1,56,200,16.023200,
baseline,2,4,perf-baseline-r002-20260818T050813Z,loan_to_credit,1,57,200,15.993600,
baseline,2,4,perf-baseline-r002-20260818T050813Z,loan_to_credit,1,58,200,15.844400,
baseline,2,4,perf-baseline-r002-20260818T050813Z,loan_to_credit,1,59,200,16.698000,
baseline,2,4,perf-baseline-r002-20260818T050813Z,loan_to_credit,1,60,200,16.714200,
baseline,2,4,perf-baseline-r002-20260818T050813Z,loan_to_credit,1,61,200,16.537500,
baseline,2,4,perf-baseline-r002-20260818T050813Z,loan_to_credit,1,62,200,16.535400,
baseline,2,4,perf-baseline-r002-20260818T050813Z,loan_to_credit,1,63,200,15.518500,
baseline,2,4,perf-baseline-r002-20260818T050813Z,loan_to_credit,1,64,200,16.218400,
baseline,2,4,perf-baseline-r002-20260818T050813Z,loan_to_credit,1,65,200,15.994600,
baseline,2,4,perf-baseline-r002-20260818T050813Z,loan_to_credit,1,66,200,15.732300,
baseline,2,4,perf-baseline-r002-20260818T050813Z,loan_to_credit,1,67,200,15.800500,
baseline,2,4,perf-baseline-r002-20260818T050813Z,loan_to_credit,1,68,200,15.211500,
baseline,2,4,perf-baseline-r002-20260818T050813Z,loan_to_credit,1,69,200,15.923200,
baseline,2,4,perf-baseline-r002-20260818T050813Z,loan_to_credit,1,70,200,15.881300,
baseline,2,4,perf-baseline-r002-20260818T050813Z,loan_to_credit,1,71,200,15.113000,
baseline,2,4,perf-baseline-r002-20260818T050813Z,loan_to_credit,1,72,200,16.135300,
baseline,2,4,perf-baseline-r002-20260818T050813Z,loan_to_credit,1,73,200,15.725600,
baseline,2,4,perf-baseline-r002-20260818T050813Z,loan_to_credit,1,74,200,16.401000,
baseline,2,4,perf-baseline-r002-20260818T050813Z,loan_to_credit,1,75,200,15.361600,
baseline,2,4,perf-baseline-r002-20260818T050813Z,loan_to_credit,1,76,200,15.697500,
baseline,2,4,perf-baseline-r002-20260818T050813Z,loan_to_credit,1,77,200,15.553400,
baseline,2,4,perf-baseline-r002-20260818T050813Z,loan_to_credit,1,78,200,16.222300,
baseline,2,4,perf-baseline-r002-20260818T050813Z,loan_to_credit,1,79,200,15.922300,
baseline,2,4,perf-baseline-r002-20260818T050813Z,loan_to_credit,1,80,200,16.843400,
baseline,2,4,perf-baseline-r002-20260818T050813Z,loan_to_credit,1,81,200,16.819400,
baseline,2,4,perf-baseline-r002-20260818T050813Z,loan_to_credit,1,82,200,16.676700,
baseline,2,4,perf-baseline-r002-20260818T050813Z,loan_to_credit,1,83,200,16.207800,
baseline,2,4,perf-baseline-r002-20260818T050813Z,loan_to_credit,1,84,200,15.557500,
baseline,2,4,perf-baseline-r002-20260818T050813Z,loan_to_credit,1,85,200,15.648500,
baseline,2,4,perf-baseline-r002-20260818T050813Z,loan_to_credit,1,86,200,18.063200,
baseline,2,4,perf-baseline-r002-20260818T050813Z,loan_to_credit,1,87,200,15.949100,
baseline,2,4,perf-baseline-r002-20260818T050813Z,loan_to_credit,1,88,200,17.950100,
baseline,2,4,perf-baseline-r002-20260818T050813Z,loan_to_credit,1,89,200,15.882400,
baseline,2,4,perf-baseline-r002-20260818T050813Z,loan_to_credit,1,90,200,15.855000,
baseline,2,4,perf-baseline-r002-20260818T050813Z,loan_to_credit,1,91,200,16.206700,
baseline,2,4,perf-baseline-r002-20260818T050813Z,loan_to_credit,1,92,200,15.943600,
baseline,2,4,perf-baseline-r002-20260818T050813Z,loan_to_credit,1,93,200,17.437600,
baseline,2,4,perf-baseline-r002-20260818T050813Z,loan_to_credit,1,94,200,16.430900,
baseline,2,4,perf-baseline-r002-20260818T050813Z,loan_to_credit,1,95,200,16.023800,
baseline,2,4,perf-baseline-r002-20260818T050813Z,loan_to_credit,1,96,200,16.394300,
baseline,2,4,perf-baseline-r002-20260818T050813Z,loan_to_credit,1,97,200,16.947600,
baseline,2,4,perf-baseline-r002-20260818T050813Z,loan_to_credit,1,98,200,15.744500,
baseline,2,4,perf-baseline-r002-20260818T050813Z,loan_to_credit,1,99,200,16.361700,
baseline,2,4,perf-baseline-r002-20260818T050813Z,loan_to_credit,1,100,200,15.748400,
baseline,2,4,perf-baseline-r002-20260818T050813Z,loan_to_credit,1,101,200,16.841000,
baseline,2,4,perf-baseline-r002-20260818T050813Z,loan_to_credit,1,102,200,17.559100,
baseline,2,4,perf-baseline-r002-20260818T050813Z,loan_to_credit,1,103,200,15.314500,
baseline,2,4,perf-baseline-r002-20260818T050813Z,loan_to_credit,1,104,200,15.837200,
baseline,2,4,perf-baseline-r002-20260818T050813Z,loan_to_credit,1,105,200,16.233200,
baseline,2,4,perf-baseline-r002-20260818T050813Z,loan_to_credit,1,106,200,15.979300,
baseline,2,4,perf-baseline-r002-20260818T050813Z,loan_to_credit,1,107,200,15.980200,
baseline,2,4,perf-baseline-r002-20260818T050813Z,loan_to_credit,1,108,200,15.936700,
baseline,2,4,perf-baseline-r002-20260818T050813Z,loan_to_credit,1,109,200,15.929100,
baseline,2,4,perf-baseline-r002-20260818T050813Z,loan_to_credit,1,110,200,15.690800,
baseline,2,4,perf-baseline-r002-20260818T050813Z,loan_to_credit,1,111,200,19.131800,
baseline,2,4,perf-baseline-r002-20260818T050813Z,loan_to_credit,1,112,200,16.088500,
baseline,2,4,perf-baseline-r002-20260818T050813Z,loan_to_credit,1,113,200,15.717000,
baseline,2,4,perf-baseline-r002-20260818T050813Z,loan_to_credit,1,114,200,16.015400,
baseline,2,4,perf-baseline-r002-20260818T050813Z,loan_to_credit,1,115,200,15.966200,
baseline,2,4,perf-baseline-r002-20260818T050813Z,loan_to_credit,1,116,200,16.131900,
baseline,2,4,perf-baseline-r002-20260818T050813Z,loan_to_credit,1,117,200,15.898100,
baseline,2,4,perf-baseline-r002-20260818T050813Z,loan_to_credit,1,118,200,16.273700,
baseline,2,4,perf-baseline-r002-20260818T050813Z,loan_to_credit,1,119,200,17.107400,
baseline,2,4,perf-baseline-r002-20260818T050813Z,loan_to_credit,1,120,200,16.329500,
baseline,2,4,perf-baseline-r002-20260818T050813Z,loan_to_credit,1,121,200,15.442500,
baseline,2,4,perf-baseline-r002-20260818T050813Z,loan_to_credit,1,122,200,15.754500,
baseline,2,4,perf-baseline-r002-20260818T050813Z,loan_to_credit,1,123,200,15.896400,
baseline,2,4,perf-baseline-r002-20260818T050813Z,loan_to_credit,1,124,200,16.780100,
baseline,2,4,perf-baseline-r002-20260818T050813Z,loan_to_credit,1,125,200,16.421800,
baseline,2,4,perf-baseline-r002-20260818T050813Z,loan_to_credit,1,126,200,16.135500,
baseline,2,4,perf-baseline-r002-20260818T050813Z,loan_to_credit,1,127,200,16.035700,
baseline,2,4,perf-baseline-r002-20260818T050813Z,loan_to_credit,1,128,200,15.498200,
baseline,2,4,perf-baseline-r002-20260818T050813Z,loan_to_credit,1,129,200,16.215200,
baseline,2,4,perf-baseline-r002-20260818T050813Z,loan_to_credit,1,130,200,15.775000,
baseline,2,4,perf-baseline-r002-20260818T050813Z,loan_to_credit,1,131,200,16.004700,
baseline,2,4,perf-baseline-r002-20260818T050813Z,loan_to_credit,1,132,200,16.195600,
baseline,2,4,perf-baseline-r002-20260818T050813Z,loan_to_credit,1,133,200,16.010100,
baseline,2,4,perf-baseline-r002-20260818T050813Z,loan_to_credit,1,134,200,16.151400,
baseline,2,4,perf-baseline-r002-20260818T050813Z,loan_to_credit,1,135,200,15.892200,
baseline,2,4,perf-baseline-r002-20260818T050813Z,loan_to_credit,1,136,200,15.828200,
baseline,2,4,perf-baseline-r002-20260818T050813Z,loan_to_credit,1,137,200,15.972900,
baseline,2,4,perf-baseline-r002-20260818T050813Z,loan_to_credit,1,138,200,15.810700,
baseline,2,4,perf-baseline-r002-20260818T050813Z,loan_to_credit,1,139,200,14.881500,
baseline,2,4,perf-baseline-r002-20260818T050813Z,loan_to_credit,1,140,200,16.151000,
baseline,2,4,perf-baseline-r002-20260818T050813Z,loan_to_credit,1,141,200,17.255000,
baseline,2,4,perf-baseline-r002-20260818T050813Z,loan_to_credit,1,142,200,15.661400,
baseline,2,4,perf-baseline-r002-20260818T050813Z,loan_to_credit,1,143,200,15.919900,
baseline,2,4,perf-baseline-r002-20260818T050813Z,loan_to_credit,1,144,200,16.423100,
baseline,2,4,perf-baseline-r002-20260818T050813Z,loan_to_credit,1,145,200,15.422900,
baseline,2,4,perf-baseline-r002-20260818T050813Z,loan_to_credit,1,146,200,16.301000,
baseline,2,4,perf-baseline-r002-20260818T050813Z,loan_to_credit,1,147,200,16.272500,
baseline,2,4,perf-baseline-r002-20260818T050813Z,loan_to_credit,1,148,200,15.486000,
baseline,2,4,perf-baseline-r002-20260818T050813Z,loan_to_credit,1,149,200,16.258000,
baseline,2,4,perf-baseline-r002-20260818T050813Z,loan_to_credit,1,150,200,16.473800,
baseline,2,4,perf-baseline-r002-20260818T050813Z,loan_to_credit,1,151,200,16.447600,
baseline,2,4,perf-baseline-r002-20260818T050813Z,loan_to_credit,1,152,200,15.603900,
baseline,2,4,perf-baseline-r002-20260818T050813Z,loan_to_credit,1,153,200,15.995400,
baseline,2,4,perf-baseline-r002-20260818T050813Z,loan_to_credit,1,154,200,16.478400,
baseline,2,4,perf-baseline-r002-20260818T050813Z,loan_to_credit,1,155,200,15.650000,
baseline,2,4,perf-baseline-r002-20260818T050813Z,loan_to_credit,1,156,200,16.346300,
baseline,2,4,perf-baseline-r002-20260818T050813Z,loan_to_credit,1,157,200,16.940900,
baseline,2,4,perf-baseline-r002-20260818T050813Z,loan_to_credit,1,158,200,15.844800,
baseline,2,4,perf-baseline-r002-20260818T050813Z,loan_to_credit,1,159,200,15.742900,
baseline,2,4,perf-baseline-r002-20260818T050813Z,loan_to_credit,1,160,200,16.496100,
baseline,2,4,perf-baseline-r002-20260818T050813Z,loan_to_credit,1,161,200,15.724800,
baseline,2,4,perf-baseline-r002-20260818T050813Z,loan_to_credit,1,162,200,15.955400,
baseline,2,4,perf-baseline-r002-20260818T050813Z,loan_to_credit,1,163,200,15.887600,
baseline,2,4,perf-baseline-r002-20260818T050813Z,loan_to_credit,1,164,200,17.561200,
baseline,2,4,perf-baseline-r002-20260818T050813Z,loan_to_credit,1,165,200,17.021200,
baseline,2,4,perf-baseline-r002-20260818T050813Z,loan_to_credit,1,166,200,17.954100,
baseline,2,4,perf-baseline-r002-20260818T050813Z,loan_to_credit,1,167,200,16.973100,
baseline,2,4,perf-baseline-r002-20260818T050813Z,loan_to_credit,1,168,200,18.096100,
baseline,2,4,perf-baseline-r002-20260818T050813Z,loan_to_credit,1,169,200,16.322300,
baseline,2,4,perf-baseline-r002-20260818T050813Z,loan_to_credit,1,170,200,15.717200,
baseline,2,4,perf-baseline-r002-20260818T050813Z,loan_to_credit,1,171,200,16.228600,
baseline,2,4,perf-baseline-r002-20260818T050813Z,loan_to_credit,1,172,200,18.107800,
baseline,2,4,perf-baseline-r002-20260818T050813Z,loan_to_credit,1,173,200,16.952200,
baseline,2,4,perf-baseline-r002-20260818T050813Z,loan_to_credit,1,174,200,15.450000,
baseline,2,4,perf-baseline-r002-20260818T050813Z,loan_to_credit,1,175,200,16.183100,
baseline,2,4,perf-baseline-r002-20260818T050813Z,loan_to_credit,1,176,200,15.909300,
baseline,2,4,perf-baseline-r002-20260818T050813Z,loan_to_credit,1,177,200,16.428000,
baseline,2,4,perf-baseline-r002-20260818T050813Z,loan_to_credit,1,178,200,15.790900,
baseline,2,4,perf-baseline-r002-20260818T050813Z,loan_to_credit,1,179,200,17.463000,
baseline,2,4,perf-baseline-r002-20260818T050813Z,loan_to_credit,1,180,200,16.827900,
baseline,2,4,perf-baseline-r002-20260818T050813Z,loan_to_credit,1,181,200,16.623000,
baseline,2,4,perf-baseline-r002-20260818T050813Z,loan_to_credit,1,182,200,16.057900,
baseline,2,4,perf-baseline-r002-20260818T050813Z,loan_to_credit,1,183,200,16.026500,
baseline,2,4,perf-baseline-r002-20260818T050813Z,loan_to_credit,1,184,200,15.960100,
baseline,2,4,perf-baseline-r002-20260818T050813Z,loan_to_credit,1,185,200,16.151900,
baseline,2,4,perf-baseline-r002-20260818T050813Z,loan_to_credit,1,186,200,15.860500,
baseline,2,4,perf-baseline-r002-20260818T050813Z,loan_to_credit,1,187,200,15.951900,
baseline,2,4,perf-baseline-r002-20260818T050813Z,loan_to_credit,1,188,200,17.084000,
baseline,2,4,perf-baseline-r002-20260818T050813Z,loan_to_credit,1,189,200,15.404500,
baseline,2,4,perf-baseline-r002-20260818T050813Z,loan_to_credit,1,190,200,16.022700,
baseline,2,4,perf-baseline-r002-20260818T050813Z,loan_to_credit,1,191,200,16.466400,
baseline,2,4,perf-baseline-r002-20260818T050813Z,loan_to_credit,1,192,200,15.416700,
baseline,2,4,perf-baseline-r002-20260818T050813Z,loan_to_credit,1,193,200,15.585600,
baseline,2,4,perf-baseline-r002-20260818T050813Z,loan_to_credit,1,194,200,15.462200,
baseline,2,4,perf-baseline-r002-20260818T050813Z,loan_to_credit,1,195,200,15.632800,
baseline,2,4,perf-baseline-r002-20260818T050813Z,loan_to_credit,1,196,200,15.636100,
baseline,2,4,perf-baseline-r002-20260818T050813Z,loan_to_credit,1,197,200,16.968900,
baseline,2,4,perf-baseline-r002-20260818T050813Z,loan_to_credit,1,198,200,15.727500,
baseline,2,4,perf-baseline-r002-20260818T050813Z,loan_to_credit,1,199,200,16.623800,
baseline,2,4,perf-baseline-r002-20260818T050813Z,loan_to_credit,1,200,200,15.852400,
baseline,2,4,perf-baseline-r002-20260818T050813Z,loan_to_credit,2,1,200,16.059200,
baseline,2,4,perf-baseline-r002-20260818T050813Z,loan_to_credit,2,2,200,18.086800,
baseline,2,4,perf-baseline-r002-20260818T050813Z,loan_to_credit,2,3,200,17.869600,
baseline,2,4,perf-baseline-r002-20260818T050813Z,loan_to_credit,2,4,200,16.849400,
baseline,2,4,perf-baseline-r002-20260818T050813Z,loan_to_credit,2,5,200,15.942500,
baseline,2,4,perf-baseline-r002-20260818T050813Z,loan_to_credit,2,6,200,15.781800,
baseline,2,4,perf-baseline-r002-20260818T050813Z,loan_to_credit,2,7,200,15.653100,
baseline,2,4,perf-baseline-r002-20260818T050813Z,loan_to_credit,2,8,200,16.234200,
baseline,2,4,perf-baseline-r002-20260818T050813Z,loan_to_credit,2,9,200,15.940000,
baseline,2,4,perf-baseline-r002-20260818T050813Z,loan_to_credit,2,10,200,15.838100,
baseline,2,4,perf-baseline-r002-20260818T050813Z,loan_to_credit,2,11,200,16.313400,
baseline,2,4,perf-baseline-r002-20260818T050813Z,loan_to_credit,2,12,200,16.784900,
baseline,2,4,perf-baseline-r002-20260818T050813Z,loan_to_credit,2,13,200,17.971300,
baseline,2,4,perf-baseline-r002-20260818T050813Z,loan_to_credit,2,14,200,17.423900,
baseline,2,4,perf-baseline-r002-20260818T050813Z,loan_to_credit,2,15,200,16.872400,
baseline,2,4,perf-baseline-r002-20260818T050813Z,loan_to_credit,2,16,200,16.277400,
baseline,2,4,perf-baseline-r002-20260818T050813Z,loan_to_credit,2,17,200,16.808700,
baseline,2,4,perf-baseline-r002-20260818T050813Z,loan_to_credit,2,18,200,17.202800,
baseline,2,4,perf-baseline-r002-20260818T050813Z,loan_to_credit,2,19,200,18.301100,
baseline,2,4,perf-baseline-r002-20260818T050813Z,loan_to_credit,2,20,200,17.956200,
baseline,2,4,perf-baseline-r002-20260818T050813Z,loan_to_credit,2,21,200,17.991800,
baseline,2,4,perf-baseline-r002-20260818T050813Z,loan_to_credit,2,22,200,17.301100,
baseline,2,4,perf-baseline-r002-20260818T050813Z,loan_to_credit,2,23,200,17.027600,
baseline,2,4,perf-baseline-r002-20260818T050813Z,loan_to_credit,2,24,200,15.843700,
baseline,2,4,perf-baseline-r002-20260818T050813Z,loan_to_credit,2,25,200,15.968000,
baseline,2,4,perf-baseline-r002-20260818T050813Z,loan_to_credit,2,26,200,17.274800,
baseline,2,4,perf-baseline-r002-20260818T050813Z,loan_to_credit,2,27,200,16.901800,
baseline,2,4,perf-baseline-r002-20260818T050813Z,loan_to_credit,2,28,200,17.080000,
baseline,2,4,perf-baseline-r002-20260818T050813Z,loan_to_credit,2,29,200,16.798600,
baseline,2,4,perf-baseline-r002-20260818T050813Z,loan_to_credit,2,30,200,17.276000,
baseline,2,4,perf-baseline-r002-20260818T050813Z,loan_to_credit,2,31,200,18.155800,
baseline,2,4,perf-baseline-r002-20260818T050813Z,loan_to_credit,2,32,200,16.762100,
baseline,2,4,perf-baseline-r002-20260818T050813Z,loan_to_credit,2,33,200,16.716000,
baseline,2,4,perf-baseline-r002-20260818T050813Z,loan_to_credit,2,34,200,17.630200,
baseline,2,4,perf-baseline-r002-20260818T050813Z,loan_to_credit,2,35,200,17.564600,
baseline,2,4,perf-baseline-r002-20260818T050813Z,loan_to_credit,2,36,200,16.769300,
baseline,2,4,perf-baseline-r002-20260818T050813Z,loan_to_credit,2,37,200,17.352300,
baseline,2,4,perf-baseline-r002-20260818T050813Z,loan_to_credit,2,38,200,17.859900,
baseline,2,4,perf-baseline-r002-20260818T050813Z,loan_to_credit,2,39,200,16.930700,
baseline,2,4,perf-baseline-r002-20260818T050813Z,loan_to_credit,2,40,200,16.799200,
baseline,2,4,perf-baseline-r002-20260818T050813Z,loan_to_credit,2,41,200,16.799300,
baseline,2,4,perf-baseline-r002-20260818T050813Z,loan_to_credit,2,42,200,16.126000,
baseline,2,4,perf-baseline-r002-20260818T050813Z,loan_to_credit,2,43,200,16.996700,
baseline,2,4,perf-baseline-r002-20260818T050813Z,loan_to_credit,2,44,200,16.893800,
baseline,2,4,perf-baseline-r002-20260818T050813Z,loan_to_credit,2,45,200,17.005300,
baseline,2,4,perf-baseline-r002-20260818T050813Z,loan_to_credit,2,46,200,16.733600,
baseline,2,4,perf-baseline-r002-20260818T050813Z,loan_to_credit,2,47,200,15.958000,
baseline,2,4,perf-baseline-r002-20260818T050813Z,loan_to_credit,2,48,200,16.803200,
baseline,2,4,perf-baseline-r002-20260818T050813Z,loan_to_credit,2,49,200,17.410600,
baseline,2,4,perf-baseline-r002-20260818T050813Z,loan_to_credit,2,50,200,17.473800,
baseline,2,4,perf-baseline-r002-20260818T050813Z,loan_to_credit,2,51,200,16.518700,
baseline,2,4,perf-baseline-r002-20260818T050813Z,loan_to_credit,2,52,200,16.674200,
baseline,2,4,perf-baseline-r002-20260818T050813Z,loan_to_credit,2,53,200,15.993100,
baseline,2,4,perf-baseline-r002-20260818T050813Z,loan_to_credit,2,54,200,16.189900,
baseline,2,4,perf-baseline-r002-20260818T050813Z,loan_to_credit,2,55,200,17.077600,
baseline,2,4,perf-baseline-r002-20260818T050813Z,loan_to_credit,2,56,200,17.560100,
baseline,2,4,perf-baseline-r002-20260818T050813Z,loan_to_credit,2,57,200,17.389600,
baseline,2,4,perf-baseline-r002-20260818T050813Z,loan_to_credit,2,58,200,18.964500,
baseline,2,4,perf-baseline-r002-20260818T050813Z,loan_to_credit,2,59,200,19.465700,
baseline,2,4,perf-baseline-r002-20260818T050813Z,loan_to_credit,2,60,200,20.365800,
baseline,2,4,perf-baseline-r002-20260818T050813Z,loan_to_credit,2,61,200,21.813500,
baseline,2,4,perf-baseline-r002-20260818T050813Z,loan_to_credit,2,62,200,18.752100,
baseline,2,4,perf-baseline-r002-20260818T050813Z,loan_to_credit,2,63,200,19.627500,
baseline,2,4,perf-baseline-r002-20260818T050813Z,loan_to_credit,2,64,200,16.578200,
baseline,2,4,perf-baseline-r002-20260818T050813Z,loan_to_credit,2,65,200,18.657700,
baseline,2,4,perf-baseline-r002-20260818T050813Z,loan_to_credit,2,66,200,17.571800,
baseline,2,4,perf-baseline-r002-20260818T050813Z,loan_to_credit,2,67,200,16.840300,
baseline,2,4,perf-baseline-r002-20260818T050813Z,loan_to_credit,2,68,200,16.985200,
baseline,2,4,perf-baseline-r002-20260818T050813Z,loan_to_credit,2,69,200,15.921100,
baseline,2,4,perf-baseline-r002-20260818T050813Z,loan_to_credit,2,70,200,16.555400,
baseline,2,4,perf-baseline-r002-20260818T050813Z,loan_to_credit,2,71,200,16.563400,
baseline,2,4,perf-baseline-r002-20260818T050813Z,loan_to_credit,2,72,200,18.598100,
baseline,2,4,perf-baseline-r002-20260818T050813Z,loan_to_credit,2,73,200,17.649900,
baseline,2,4,perf-baseline-r002-20260818T050813Z,loan_to_credit,2,74,200,18.654000,
baseline,2,4,perf-baseline-r002-20260818T050813Z,loan_to_credit,2,75,200,18.116200,
baseline,2,4,perf-baseline-r002-20260818T050813Z,loan_to_credit,2,76,200,16.727500,
baseline,2,4,perf-baseline-r002-20260818T050813Z,loan_to_credit,2,77,200,15.831600,
baseline,2,4,perf-baseline-r002-20260818T050813Z,loan_to_credit,2,78,200,17.352400,
baseline,2,4,perf-baseline-r002-20260818T050813Z,loan_to_credit,2,79,200,17.896600,
baseline,2,4,perf-baseline-r002-20260818T050813Z,loan_to_credit,2,80,200,17.194900,
baseline,2,4,perf-baseline-r002-20260818T050813Z,loan_to_credit,2,81,200,17.503100,
baseline,2,4,perf-baseline-r002-20260818T050813Z,loan_to_credit,2,82,200,17.270400,
baseline,2,4,perf-baseline-r002-20260818T050813Z,loan_to_credit,2,83,200,17.376700,
baseline,2,4,perf-baseline-r002-20260818T050813Z,loan_to_credit,2,84,200,16.238100,
baseline,2,4,perf-baseline-r002-20260818T050813Z,loan_to_credit,2,85,200,16.333700,
baseline,2,4,perf-baseline-r002-20260818T050813Z,loan_to_credit,2,86,200,15.871500,
baseline,2,4,perf-baseline-r002-20260818T050813Z,loan_to_credit,2,87,200,16.877200,
baseline,2,4,perf-baseline-r002-20260818T050813Z,loan_to_credit,2,88,200,17.201400,
baseline,2,4,perf-baseline-r002-20260818T050813Z,loan_to_credit,2,89,200,16.927600,
baseline,2,4,perf-baseline-r002-20260818T050813Z,loan_to_credit,2,90,200,17.003000,
baseline,2,4,perf-baseline-r002-20260818T050813Z,loan_to_credit,2,91,200,17.101200,
baseline,2,4,perf-baseline-r002-20260818T050813Z,loan_to_credit,2,92,200,16.371500,
baseline,2,4,perf-baseline-r002-20260818T050813Z,loan_to_credit,2,93,200,17.316200,
baseline,2,4,perf-baseline-r002-20260818T050813Z,loan_to_credit,2,94,200,15.629800,
baseline,2,4,perf-baseline-r002-20260818T050813Z,loan_to_credit,2,95,200,16.158500,
baseline,2,4,perf-baseline-r002-20260818T050813Z,loan_to_credit,2,96,200,17.143400,
baseline,2,4,perf-baseline-r002-20260818T050813Z,loan_to_credit,2,97,200,17.578700,
baseline,2,4,perf-baseline-r002-20260818T050813Z,loan_to_credit,2,98,200,18.954400,
baseline,2,4,perf-baseline-r002-20260818T050813Z,loan_to_credit,2,99,200,21.131100,
baseline,2,4,perf-baseline-r002-20260818T050813Z,loan_to_credit,2,100,200,20.625600,
baseline,2,4,perf-baseline-r002-20260818T050813Z,loan_to_credit,2,101,200,18.301200,
baseline,2,4,perf-baseline-r002-20260818T050813Z,loan_to_credit,2,102,200,17.387400,
baseline,2,4,perf-baseline-r002-20260818T050813Z,loan_to_credit,2,103,200,15.559700,
baseline,2,4,perf-baseline-r002-20260818T050813Z,loan_to_credit,2,104,200,16.690700,
baseline,2,4,perf-baseline-r002-20260818T050813Z,loan_to_credit,2,105,200,16.440100,
baseline,2,4,perf-baseline-r002-20260818T050813Z,loan_to_credit,2,106,200,17.772700,
baseline,2,4,perf-baseline-r002-20260818T050813Z,loan_to_credit,2,107,200,16.486300,
baseline,2,4,perf-baseline-r002-20260818T050813Z,loan_to_credit,2,108,200,15.769400,
baseline,2,4,perf-baseline-r002-20260818T050813Z,loan_to_credit,2,109,200,16.436200,
baseline,2,4,perf-baseline-r002-20260818T050813Z,loan_to_credit,2,110,200,16.718700,
baseline,2,4,perf-baseline-r002-20260818T050813Z,loan_to_credit,2,111,200,16.831800,
baseline,2,4,perf-baseline-r002-20260818T050813Z,loan_to_credit,2,112,200,16.659400,
baseline,2,4,perf-baseline-r002-20260818T050813Z,loan_to_credit,2,113,200,15.963200,
baseline,2,4,perf-baseline-r002-20260818T050813Z,loan_to_credit,2,114,200,15.924700,
baseline,2,4,perf-baseline-r002-20260818T050813Z,loan_to_credit,2,115,200,16.235800,
baseline,2,4,perf-baseline-r002-20260818T050813Z,loan_to_credit,2,116,200,15.927200,
baseline,2,4,perf-baseline-r002-20260818T050813Z,loan_to_credit,2,117,200,15.509200,
baseline,2,4,perf-baseline-r002-20260818T050813Z,loan_to_credit,2,118,200,16.441900,
baseline,2,4,perf-baseline-r002-20260818T050813Z,loan_to_credit,2,119,200,15.740100,
baseline,2,4,perf-baseline-r002-20260818T050813Z,loan_to_credit,2,120,200,16.296500,
baseline,2,4,perf-baseline-r002-20260818T050813Z,loan_to_credit,2,121,200,16.531800,
baseline,2,4,perf-baseline-r002-20260818T050813Z,loan_to_credit,2,122,200,15.433400,
baseline,2,4,perf-baseline-r002-20260818T050813Z,loan_to_credit,2,123,200,17.237000,
baseline,2,4,perf-baseline-r002-20260818T050813Z,loan_to_credit,2,124,200,16.704000,
baseline,2,4,perf-baseline-r002-20260818T050813Z,loan_to_credit,2,125,200,15.815700,
baseline,2,4,perf-baseline-r002-20260818T050813Z,loan_to_credit,2,126,200,16.284200,
baseline,2,4,perf-baseline-r002-20260818T050813Z,loan_to_credit,2,127,200,15.367400,
baseline,2,4,perf-baseline-r002-20260818T050813Z,loan_to_credit,2,128,200,16.078200,
baseline,2,4,perf-baseline-r002-20260818T050813Z,loan_to_credit,2,129,200,16.053500,
baseline,2,4,perf-baseline-r002-20260818T050813Z,loan_to_credit,2,130,200,15.912400,
baseline,2,4,perf-baseline-r002-20260818T050813Z,loan_to_credit,2,131,200,15.897600,
baseline,2,4,perf-baseline-r002-20260818T050813Z,loan_to_credit,2,132,200,15.162200,
baseline,2,4,perf-baseline-r002-20260818T050813Z,loan_to_credit,2,133,200,15.964900,
baseline,2,4,perf-baseline-r002-20260818T050813Z,loan_to_credit,2,134,200,16.125500,
baseline,2,4,perf-baseline-r002-20260818T050813Z,loan_to_credit,2,135,200,15.973800,
baseline,2,4,perf-baseline-r002-20260818T050813Z,loan_to_credit,2,136,200,16.355200,
baseline,2,4,perf-baseline-r002-20260818T050813Z,loan_to_credit,2,137,200,16.611100,
baseline,2,4,perf-baseline-r002-20260818T050813Z,loan_to_credit,2,138,200,16.203000,
baseline,2,4,perf-baseline-r002-20260818T050813Z,loan_to_credit,2,139,200,17.155700,
baseline,2,4,perf-baseline-r002-20260818T050813Z,loan_to_credit,2,140,200,16.918300,
baseline,2,4,perf-baseline-r002-20260818T050813Z,loan_to_credit,2,141,200,17.011800,
baseline,2,4,perf-baseline-r002-20260818T050813Z,loan_to_credit,2,142,200,16.828500,
baseline,2,4,perf-baseline-r002-20260818T050813Z,loan_to_credit,2,143,200,16.217800,
baseline,2,4,perf-baseline-r002-20260818T050813Z,loan_to_credit,2,144,200,17.023700,
baseline,2,4,perf-baseline-r002-20260818T050813Z,loan_to_credit,2,145,200,16.330500,
baseline,2,4,perf-baseline-r002-20260818T050813Z,loan_to_credit,2,146,200,16.224500,
baseline,2,4,perf-baseline-r002-20260818T050813Z,loan_to_credit,2,147,200,16.060600,
baseline,2,4,perf-baseline-r002-20260818T050813Z,loan_to_credit,2,148,200,16.282200,
baseline,2,4,perf-baseline-r002-20260818T050813Z,loan_to_credit,2,149,200,15.636600,
baseline,2,4,perf-baseline-r002-20260818T050813Z,loan_to_credit,2,150,200,16.058400,
baseline,2,4,perf-baseline-r002-20260818T050813Z,loan_to_credit,2,151,200,16.171700,
baseline,2,4,perf-baseline-r002-20260818T050813Z,loan_to_credit,2,152,200,17.537600,
baseline,2,4,perf-baseline-r002-20260818T050813Z,loan_to_credit,2,153,200,17.426500,
baseline,2,4,perf-baseline-r002-20260818T050813Z,loan_to_credit,2,154,200,16.998400,
baseline,2,4,perf-baseline-r002-20260818T050813Z,loan_to_credit,2,155,200,16.907900,
baseline,2,4,perf-baseline-r002-20260818T050813Z,loan_to_credit,2,156,200,17.018700,
baseline,2,4,perf-baseline-r002-20260818T050813Z,loan_to_credit,2,157,200,15.422200,
baseline,2,4,perf-baseline-r002-20260818T050813Z,loan_to_credit,2,158,200,15.815900,
baseline,2,4,perf-baseline-r002-20260818T050813Z,loan_to_credit,2,159,200,16.604100,
baseline,2,4,perf-baseline-r002-20260818T050813Z,loan_to_credit,2,160,200,16.908500,
baseline,2,4,perf-baseline-r002-20260818T050813Z,loan_to_credit,2,161,200,15.609700,
baseline,2,4,perf-baseline-r002-20260818T050813Z,loan_to_credit,2,162,200,15.956200,
baseline,2,4,perf-baseline-r002-20260818T050813Z,loan_to_credit,2,163,200,16.060200,
baseline,2,4,perf-baseline-r002-20260818T050813Z,loan_to_credit,2,164,200,14.881500,
baseline,2,4,perf-baseline-r002-20260818T050813Z,loan_to_credit,2,165,200,16.037200,
baseline,2,4,perf-baseline-r002-20260818T050813Z,loan_to_credit,2,166,200,16.532400,
baseline,2,4,perf-baseline-r002-20260818T050813Z,loan_to_credit,2,167,200,16.593600,
baseline,2,4,perf-baseline-r002-20260818T050813Z,loan_to_credit,2,168,200,15.822100,
baseline,2,4,perf-baseline-r002-20260818T050813Z,loan_to_credit,2,169,200,17.139800,
baseline,2,4,perf-baseline-r002-20260818T050813Z,loan_to_credit,2,170,200,16.058900,
baseline,2,4,perf-baseline-r002-20260818T050813Z,loan_to_credit,2,171,200,16.740400,
baseline,2,4,perf-baseline-r002-20260818T050813Z,loan_to_credit,2,172,200,16.350200,
baseline,2,4,perf-baseline-r002-20260818T050813Z,loan_to_credit,2,173,200,17.761300,
baseline,2,4,perf-baseline-r002-20260818T050813Z,loan_to_credit,2,174,200,16.036300,
baseline,2,4,perf-baseline-r002-20260818T050813Z,loan_to_credit,2,175,200,15.704700,
baseline,2,4,perf-baseline-r002-20260818T050813Z,loan_to_credit,2,176,200,16.049500,
baseline,2,4,perf-baseline-r002-20260818T050813Z,loan_to_credit,2,177,200,16.149100,
baseline,2,4,perf-baseline-r002-20260818T050813Z,loan_to_credit,2,178,200,15.611800,
baseline,2,4,perf-baseline-r002-20260818T050813Z,loan_to_credit,2,179,200,17.081200,
baseline,2,4,perf-baseline-r002-20260818T050813Z,loan_to_credit,2,180,200,16.640600,
baseline,2,4,perf-baseline-r002-20260818T050813Z,loan_to_credit,2,181,200,15.082000,
baseline,2,4,perf-baseline-r002-20260818T050813Z,loan_to_credit,2,182,200,18.623700,
baseline,2,4,perf-baseline-r002-20260818T050813Z,loan_to_credit,2,183,200,18.431600,
baseline,2,4,perf-baseline-r002-20260818T050813Z,loan_to_credit,2,184,200,20.773600,
baseline,2,4,perf-baseline-r002-20260818T050813Z,loan_to_credit,2,185,200,16.865200,
baseline,2,4,perf-baseline-r002-20260818T050813Z,loan_to_credit,2,186,200,16.901500,
baseline,2,4,perf-baseline-r002-20260818T050813Z,loan_to_credit,2,187,200,17.147200,
baseline,2,4,perf-baseline-r002-20260818T050813Z,loan_to_credit,2,188,200,16.418200,
baseline,2,4,perf-baseline-r002-20260818T050813Z,loan_to_credit,2,189,200,17.214800,
baseline,2,4,perf-baseline-r002-20260818T050813Z,loan_to_credit,2,190,200,16.844800,
baseline,2,4,perf-baseline-r002-20260818T050813Z,loan_to_credit,2,191,200,15.857600,
baseline,2,4,perf-baseline-r002-20260818T050813Z,loan_to_credit,2,192,200,16.318200,
baseline,2,4,perf-baseline-r002-20260818T050813Z,loan_to_credit,2,193,200,16.748500,
baseline,2,4,perf-baseline-r002-20260818T050813Z,loan_to_credit,2,194,200,15.680400,
baseline,2,4,perf-baseline-r002-20260818T050813Z,loan_to_credit,2,195,200,16.231300,
baseline,2,4,perf-baseline-r002-20260818T050813Z,loan_to_credit,2,196,200,15.985400,
baseline,2,4,perf-baseline-r002-20260818T050813Z,loan_to_credit,2,197,200,14.779700,
baseline,2,4,perf-baseline-r002-20260818T050813Z,loan_to_credit,2,198,200,16.455400,
baseline,2,4,perf-baseline-r002-20260818T050813Z,loan_to_credit,2,199,200,16.971200,
baseline,2,4,perf-baseline-r002-20260818T050813Z,loan_to_credit,2,200,200,16.169600,
baseline,2,4,perf-baseline-r002-20260818T050813Z,loan_to_credit,3,1,200,16.676100,
baseline,2,4,perf-baseline-r002-20260818T050813Z,loan_to_credit,3,2,200,15.734100,
baseline,2,4,perf-baseline-r002-20260818T050813Z,loan_to_credit,3,3,200,17.161500,
baseline,2,4,perf-baseline-r002-20260818T050813Z,loan_to_credit,3,4,200,16.302500,
baseline,2,4,perf-baseline-r002-20260818T050813Z,loan_to_credit,3,5,200,17.012600,
baseline,2,4,perf-baseline-r002-20260818T050813Z,loan_to_credit,3,6,200,16.896100,
baseline,2,4,perf-baseline-r002-20260818T050813Z,loan_to_credit,3,7,200,16.841500,
baseline,2,4,perf-baseline-r002-20260818T050813Z,loan_to_credit,3,8,200,15.915800,
baseline,2,4,perf-baseline-r002-20260818T050813Z,loan_to_credit,3,9,200,15.913500,
baseline,2,4,perf-baseline-r002-20260818T050813Z,loan_to_credit,3,10,200,16.172400,
baseline,2,4,perf-baseline-r002-20260818T050813Z,loan_to_credit,3,11,200,16.899800,
baseline,2,4,perf-baseline-r002-20260818T050813Z,loan_to_credit,3,12,200,15.927600,
baseline,2,4,perf-baseline-r002-20260818T050813Z,loan_to_credit,3,13,200,18.292500,
baseline,2,4,perf-baseline-r002-20260818T050813Z,loan_to_credit,3,14,200,19.849300,
baseline,2,4,perf-baseline-r002-20260818T050813Z,loan_to_credit,3,15,200,16.610300,
baseline,2,4,perf-baseline-r002-20260818T050813Z,loan_to_credit,3,16,200,16.251800,
baseline,2,4,perf-baseline-r002-20260818T050813Z,loan_to_credit,3,17,200,17.368600,
baseline,2,4,perf-baseline-r002-20260818T050813Z,loan_to_credit,3,18,200,16.362800,
baseline,2,4,perf-baseline-r002-20260818T050813Z,loan_to_credit,3,19,200,15.920800,
baseline,2,4,perf-baseline-r002-20260818T050813Z,loan_to_credit,3,20,200,16.402600,
baseline,2,4,perf-baseline-r002-20260818T050813Z,loan_to_credit,3,21,200,15.420300,
baseline,2,4,perf-baseline-r002-20260818T050813Z,loan_to_credit,3,22,200,14.974400,
baseline,2,4,perf-baseline-r002-20260818T050813Z,loan_to_credit,3,23,200,15.143300,
baseline,2,4,perf-baseline-r002-20260818T050813Z,loan_to_credit,3,24,200,15.886800,
baseline,2,4,perf-baseline-r002-20260818T050813Z,loan_to_credit,3,25,200,14.796200,
baseline,2,4,perf-baseline-r002-20260818T050813Z,loan_to_credit,3,26,200,15.165600,
baseline,2,4,perf-baseline-r002-20260818T050813Z,loan_to_credit,3,27,200,16.306100,
baseline,2,4,perf-baseline-r002-20260818T050813Z,loan_to_credit,3,28,200,15.650500,
baseline,2,4,perf-baseline-r002-20260818T050813Z,loan_to_credit,3,29,200,15.257600,
baseline,2,4,perf-baseline-r002-20260818T050813Z,loan_to_credit,3,30,200,16.147700,
baseline,2,4,perf-baseline-r002-20260818T050813Z,loan_to_credit,3,31,200,16.881200,
baseline,2,4,perf-baseline-r002-20260818T050813Z,loan_to_credit,3,32,200,16.255400,
baseline,2,4,perf-baseline-r002-20260818T050813Z,loan_to_credit,3,33,200,15.362300,
baseline,2,4,perf-baseline-r002-20260818T050813Z,loan_to_credit,3,34,200,15.909100,
baseline,2,4,perf-baseline-r002-20260818T050813Z,loan_to_credit,3,35,200,16.571700,
baseline,2,4,perf-baseline-r002-20260818T050813Z,loan_to_credit,3,36,200,17.183300,
baseline,2,4,perf-baseline-r002-20260818T050813Z,loan_to_credit,3,37,200,16.750200,
baseline,2,4,perf-baseline-r002-20260818T050813Z,loan_to_credit,3,38,200,16.961600,
baseline,2,4,perf-baseline-r002-20260818T050813Z,loan_to_credit,3,39,200,16.863700,
baseline,2,4,perf-baseline-r002-20260818T050813Z,loan_to_credit,3,40,200,17.213000,
baseline,2,4,perf-baseline-r002-20260818T050813Z,loan_to_credit,3,41,200,16.739300,
baseline,2,4,perf-baseline-r002-20260818T050813Z,loan_to_credit,3,42,200,15.776500,
baseline,2,4,perf-baseline-r002-20260818T050813Z,loan_to_credit,3,43,200,15.682200,
baseline,2,4,perf-baseline-r002-20260818T050813Z,loan_to_credit,3,44,200,15.211800,
baseline,2,4,perf-baseline-r002-20260818T050813Z,loan_to_credit,3,45,200,16.278900,
baseline,2,4,perf-baseline-r002-20260818T050813Z,loan_to_credit,3,46,200,16.589300,
baseline,2,4,perf-baseline-r002-20260818T050813Z,loan_to_credit,3,47,200,16.295300,
baseline,2,4,perf-baseline-r002-20260818T050813Z,loan_to_credit,3,48,200,15.764000,
baseline,2,4,perf-baseline-r002-20260818T050813Z,loan_to_credit,3,49,200,16.176300,
baseline,2,4,perf-baseline-r002-20260818T050813Z,loan_to_credit,3,50,200,15.782100,
baseline,2,4,perf-baseline-r002-20260818T050813Z,loan_to_credit,3,51,200,16.041800,
baseline,2,4,perf-baseline-r002-20260818T050813Z,loan_to_credit,3,52,200,16.080100,
baseline,2,4,perf-baseline-r002-20260818T050813Z,loan_to_credit,3,53,200,16.378600,
baseline,2,4,perf-baseline-r002-20260818T050813Z,loan_to_credit,3,54,200,16.702500,
baseline,2,4,perf-baseline-r002-20260818T050813Z,loan_to_credit,3,55,200,17.080000,
baseline,2,4,perf-baseline-r002-20260818T050813Z,loan_to_credit,3,56,200,16.829800,
baseline,2,4,perf-baseline-r002-20260818T050813Z,loan_to_credit,3,57,200,16.659800,
baseline,2,4,perf-baseline-r002-20260818T050813Z,loan_to_credit,3,58,200,17.377600,
baseline,2,4,perf-baseline-r002-20260818T050813Z,loan_to_credit,3,59,200,16.935700,
baseline,2,4,perf-baseline-r002-20260818T050813Z,loan_to_credit,3,60,200,16.337300,
baseline,2,4,perf-baseline-r002-20260818T050813Z,loan_to_credit,3,61,200,16.665100,
baseline,2,4,perf-baseline-r002-20260818T050813Z,loan_to_credit,3,62,200,17.130700,
baseline,2,4,perf-baseline-r002-20260818T050813Z,loan_to_credit,3,63,200,15.221400,
baseline,2,4,perf-baseline-r002-20260818T050813Z,loan_to_credit,3,64,200,16.633800,
baseline,2,4,perf-baseline-r002-20260818T050813Z,loan_to_credit,3,65,200,17.152400,
baseline,2,4,perf-baseline-r002-20260818T050813Z,loan_to_credit,3,66,200,16.942900,
baseline,2,4,perf-baseline-r002-20260818T050813Z,loan_to_credit,3,67,200,16.880700,
baseline,2,4,perf-baseline-r002-20260818T050813Z,loan_to_credit,3,68,200,16.799400,
baseline,2,4,perf-baseline-r002-20260818T050813Z,loan_to_credit,3,69,200,16.967400,
baseline,2,4,perf-baseline-r002-20260818T050813Z,loan_to_credit,3,70,200,17.103300,
baseline,2,4,perf-baseline-r002-20260818T050813Z,loan_to_credit,3,71,200,16.779900,
baseline,2,4,perf-baseline-r002-20260818T050813Z,loan_to_credit,3,72,200,16.209200,
baseline,2,4,perf-baseline-r002-20260818T050813Z,loan_to_credit,3,73,200,16.135500,
baseline,2,4,perf-baseline-r002-20260818T050813Z,loan_to_credit,3,74,200,17.002400,
baseline,2,4,perf-baseline-r002-20260818T050813Z,loan_to_credit,3,75,200,16.937500,
baseline,2,4,perf-baseline-r002-20260818T050813Z,loan_to_credit,3,76,200,16.450600,
baseline,2,4,perf-baseline-r002-20260818T050813Z,loan_to_credit,3,77,200,19.174300,
baseline,2,4,perf-baseline-r002-20260818T050813Z,loan_to_credit,3,78,200,15.626500,
baseline,2,4,perf-baseline-r002-20260818T050813Z,loan_to_credit,3,79,200,16.139600,
baseline,2,4,perf-baseline-r002-20260818T050813Z,loan_to_credit,3,80,200,15.753000,
baseline,2,4,perf-baseline-r002-20260818T050813Z,loan_to_credit,3,81,200,15.899600,
baseline,2,4,perf-baseline-r002-20260818T050813Z,loan_to_credit,3,82,200,16.710800,
baseline,2,4,perf-baseline-r002-20260818T050813Z,loan_to_credit,3,83,200,15.860600,
baseline,2,4,perf-baseline-r002-20260818T050813Z,loan_to_credit,3,84,200,15.867800,
baseline,2,4,perf-baseline-r002-20260818T050813Z,loan_to_credit,3,85,200,16.225300,
baseline,2,4,perf-baseline-r002-20260818T050813Z,loan_to_credit,3,86,200,15.344000,
baseline,2,4,perf-baseline-r002-20260818T050813Z,loan_to_credit,3,87,200,16.305500,
baseline,2,4,perf-baseline-r002-20260818T050813Z,loan_to_credit,3,88,200,15.890500,
baseline,2,4,perf-baseline-r002-20260818T050813Z,loan_to_credit,3,89,200,16.228000,
baseline,2,4,perf-baseline-r002-20260818T050813Z,loan_to_credit,3,90,200,15.481600,
baseline,2,4,perf-baseline-r002-20260818T050813Z,loan_to_credit,3,91,200,16.636600,
baseline,2,4,perf-baseline-r002-20260818T050813Z,loan_to_credit,3,92,200,15.765200,
baseline,2,4,perf-baseline-r002-20260818T050813Z,loan_to_credit,3,93,200,15.923200,
baseline,2,4,perf-baseline-r002-20260818T050813Z,loan_to_credit,3,94,200,15.873000,
baseline,2,4,perf-baseline-r002-20260818T050813Z,loan_to_credit,3,95,200,15.630400,
baseline,2,4,perf-baseline-r002-20260818T050813Z,loan_to_credit,3,96,200,16.590100,
baseline,2,4,perf-baseline-r002-20260818T050813Z,loan_to_credit,3,97,200,15.832100,
baseline,2,4,perf-baseline-r002-20260818T050813Z,loan_to_credit,3,98,200,16.281900,
baseline,2,4,perf-baseline-r002-20260818T050813Z,loan_to_credit,3,99,200,16.585600,
baseline,2,4,perf-baseline-r002-20260818T050813Z,loan_to_credit,3,100,200,15.915700,
baseline,2,4,perf-baseline-r002-20260818T050813Z,loan_to_credit,3,101,200,17.410400,
baseline,2,4,perf-baseline-r002-20260818T050813Z,loan_to_credit,3,102,200,16.609400,
baseline,2,4,perf-baseline-r002-20260818T050813Z,loan_to_credit,3,103,200,16.195400,
baseline,2,4,perf-baseline-r002-20260818T050813Z,loan_to_credit,3,104,200,15.163700,
baseline,2,4,perf-baseline-r002-20260818T050813Z,loan_to_credit,3,105,200,16.122200,
baseline,2,4,perf-baseline-r002-20260818T050813Z,loan_to_credit,3,106,200,15.581100,
baseline,2,4,perf-baseline-r002-20260818T050813Z,loan_to_credit,3,107,200,15.618900,
baseline,2,4,perf-baseline-r002-20260818T050813Z,loan_to_credit,3,108,200,16.305100,
baseline,2,4,perf-baseline-r002-20260818T050813Z,loan_to_credit,3,109,200,15.821200,
baseline,2,4,perf-baseline-r002-20260818T050813Z,loan_to_credit,3,110,200,15.682100,
baseline,2,4,perf-baseline-r002-20260818T050813Z,loan_to_credit,3,111,200,15.994300,
baseline,2,4,perf-baseline-r002-20260818T050813Z,loan_to_credit,3,112,200,16.558500,
baseline,2,4,perf-baseline-r002-20260818T050813Z,loan_to_credit,3,113,200,15.666700,
baseline,2,4,perf-baseline-r002-20260818T050813Z,loan_to_credit,3,114,200,15.885500,
baseline,2,4,perf-baseline-r002-20260818T050813Z,loan_to_credit,3,115,200,17.377600,
baseline,2,4,perf-baseline-r002-20260818T050813Z,loan_to_credit,3,116,200,16.222900,
baseline,2,4,perf-baseline-r002-20260818T050813Z,loan_to_credit,3,117,200,17.624500,
baseline,2,4,perf-baseline-r002-20260818T050813Z,loan_to_credit,3,118,200,16.874900,
baseline,2,4,perf-baseline-r002-20260818T050813Z,loan_to_credit,3,119,200,17.046300,
baseline,2,4,perf-baseline-r002-20260818T050813Z,loan_to_credit,3,120,200,17.007000,
baseline,2,4,perf-baseline-r002-20260818T050813Z,loan_to_credit,3,121,200,16.318900,
baseline,2,4,perf-baseline-r002-20260818T050813Z,loan_to_credit,3,122,200,16.345200,
baseline,2,4,perf-baseline-r002-20260818T050813Z,loan_to_credit,3,123,200,16.362900,
baseline,2,4,perf-baseline-r002-20260818T050813Z,loan_to_credit,3,124,200,16.816700,
baseline,2,4,perf-baseline-r002-20260818T050813Z,loan_to_credit,3,125,200,16.272900,
baseline,2,4,perf-baseline-r002-20260818T050813Z,loan_to_credit,3,126,200,16.940000,
baseline,2,4,perf-baseline-r002-20260818T050813Z,loan_to_credit,3,127,200,16.732800,
baseline,2,4,perf-baseline-r002-20260818T050813Z,loan_to_credit,3,128,200,15.907100,
baseline,2,4,perf-baseline-r002-20260818T050813Z,loan_to_credit,3,129,200,15.593800,
baseline,2,4,perf-baseline-r002-20260818T050813Z,loan_to_credit,3,130,200,16.708000,
baseline,2,4,perf-baseline-r002-20260818T050813Z,loan_to_credit,3,131,200,16.873500,
baseline,2,4,perf-baseline-r002-20260818T050813Z,loan_to_credit,3,132,200,16.645400,
baseline,2,4,perf-baseline-r002-20260818T050813Z,loan_to_credit,3,133,200,15.661000,
baseline,2,4,perf-baseline-r002-20260818T050813Z,loan_to_credit,3,134,200,16.429100,
baseline,2,4,perf-baseline-r002-20260818T050813Z,loan_to_credit,3,135,200,15.626300,
baseline,2,4,perf-baseline-r002-20260818T050813Z,loan_to_credit,3,136,200,16.393700,
baseline,2,4,perf-baseline-r002-20260818T050813Z,loan_to_credit,3,137,200,16.131400,
baseline,2,4,perf-baseline-r002-20260818T050813Z,loan_to_credit,3,138,200,16.836700,
baseline,2,4,perf-baseline-r002-20260818T050813Z,loan_to_credit,3,139,200,16.590600,
baseline,2,4,perf-baseline-r002-20260818T050813Z,loan_to_credit,3,140,200,16.158100,
baseline,2,4,perf-baseline-r002-20260818T050813Z,loan_to_credit,3,141,200,17.939300,
baseline,2,4,perf-baseline-r002-20260818T050813Z,loan_to_credit,3,142,200,16.587500,
baseline,2,4,perf-baseline-r002-20260818T050813Z,loan_to_credit,3,143,200,16.451300,
baseline,2,4,perf-baseline-r002-20260818T050813Z,loan_to_credit,3,144,200,15.769000,
baseline,2,4,perf-baseline-r002-20260818T050813Z,loan_to_credit,3,145,200,17.613300,
baseline,2,4,perf-baseline-r002-20260818T050813Z,loan_to_credit,3,146,200,16.263100,
baseline,2,4,perf-baseline-r002-20260818T050813Z,loan_to_credit,3,147,200,15.941900,
baseline,2,4,perf-baseline-r002-20260818T050813Z,loan_to_credit,3,148,200,16.019600,
baseline,2,4,perf-baseline-r002-20260818T050813Z,loan_to_credit,3,149,200,15.837800,
baseline,2,4,perf-baseline-r002-20260818T050813Z,loan_to_credit,3,150,200,16.001300,
baseline,2,4,perf-baseline-r002-20260818T050813Z,loan_to_credit,3,151,200,16.196700,
baseline,2,4,perf-baseline-r002-20260818T050813Z,loan_to_credit,3,152,200,16.146300,
baseline,2,4,perf-baseline-r002-20260818T050813Z,loan_to_credit,3,153,200,16.046800,
baseline,2,4,perf-baseline-r002-20260818T050813Z,loan_to_credit,3,154,200,15.990000,
baseline,2,4,perf-baseline-r002-20260818T050813Z,loan_to_credit,3,155,200,17.201300,
baseline,2,4,perf-baseline-r002-20260818T050813Z,loan_to_credit,3,156,200,16.982500,
baseline,2,4,perf-baseline-r002-20260818T050813Z,loan_to_credit,3,157,200,15.807000,
baseline,2,4,perf-baseline-r002-20260818T050813Z,loan_to_credit,3,158,200,15.713900,
baseline,2,4,perf-baseline-r002-20260818T050813Z,loan_to_credit,3,159,200,15.871400,
baseline,2,4,perf-baseline-r002-20260818T050813Z,loan_to_credit,3,160,200,16.075600,
baseline,2,4,perf-baseline-r002-20260818T050813Z,loan_to_credit,3,161,200,16.271100,
baseline,2,4,perf-baseline-r002-20260818T050813Z,loan_to_credit,3,162,200,17.031400,
baseline,2,4,perf-baseline-r002-20260818T050813Z,loan_to_credit,3,163,200,19.680200,
baseline,2,4,perf-baseline-r002-20260818T050813Z,loan_to_credit,3,164,200,17.689700,
baseline,2,4,perf-baseline-r002-20260818T050813Z,loan_to_credit,3,165,200,17.897700,
baseline,2,4,perf-baseline-r002-20260818T050813Z,loan_to_credit,3,166,200,16.220500,
baseline,2,4,perf-baseline-r002-20260818T050813Z,loan_to_credit,3,167,200,15.130200,
baseline,2,4,perf-baseline-r002-20260818T050813Z,loan_to_credit,3,168,200,16.719300,
baseline,2,4,perf-baseline-r002-20260818T050813Z,loan_to_credit,3,169,200,18.502100,
baseline,2,4,perf-baseline-r002-20260818T050813Z,loan_to_credit,3,170,200,22.270400,
baseline,2,4,perf-baseline-r002-20260818T050813Z,loan_to_credit,3,171,200,18.169400,
baseline,2,4,perf-baseline-r002-20260818T050813Z,loan_to_credit,3,172,200,17.750500,
baseline,2,4,perf-baseline-r002-20260818T050813Z,loan_to_credit,3,173,200,17.211800,
baseline,2,4,perf-baseline-r002-20260818T050813Z,loan_to_credit,3,174,200,16.454700,
baseline,2,4,perf-baseline-r002-20260818T050813Z,loan_to_credit,3,175,200,16.960700,
baseline,2,4,perf-baseline-r002-20260818T050813Z,loan_to_credit,3,176,200,15.723600,
baseline,2,4,perf-baseline-r002-20260818T050813Z,loan_to_credit,3,177,200,17.317400,
baseline,2,4,perf-baseline-r002-20260818T050813Z,loan_to_credit,3,178,200,15.188600,
baseline,2,4,perf-baseline-r002-20260818T050813Z,loan_to_credit,3,179,200,19.136000,
baseline,2,4,perf-baseline-r002-20260818T050813Z,loan_to_credit,3,180,200,16.387800,
baseline,2,4,perf-baseline-r002-20260818T050813Z,loan_to_credit,3,181,200,16.266800,
baseline,2,4,perf-baseline-r002-20260818T050813Z,loan_to_credit,3,182,200,15.302400,
baseline,2,4,perf-baseline-r002-20260818T050813Z,loan_to_credit,3,183,200,16.407200,
baseline,2,4,perf-baseline-r002-20260818T050813Z,loan_to_credit,3,184,200,16.116600,
baseline,2,4,perf-baseline-r002-20260818T050813Z,loan_to_credit,3,185,200,16.380400,
baseline,2,4,perf-baseline-r002-20260818T050813Z,loan_to_credit,3,186,200,16.734300,
baseline,2,4,perf-baseline-r002-20260818T050813Z,loan_to_credit,3,187,200,17.267000,
baseline,2,4,perf-baseline-r002-20260818T050813Z,loan_to_credit,3,188,200,16.501500,
baseline,2,4,perf-baseline-r002-20260818T050813Z,loan_to_credit,3,189,200,16.885700,
baseline,2,4,perf-baseline-r002-20260818T050813Z,loan_to_credit,3,190,200,16.140600,
baseline,2,4,perf-baseline-r002-20260818T050813Z,loan_to_credit,3,191,200,16.068700,
baseline,2,4,perf-baseline-r002-20260818T050813Z,loan_to_credit,3,192,200,16.846200,
baseline,2,4,perf-baseline-r002-20260818T050813Z,loan_to_credit,3,193,200,16.754100,
baseline,2,4,perf-baseline-r002-20260818T050813Z,loan_to_credit,3,194,200,17.342900,
baseline,2,4,perf-baseline-r002-20260818T050813Z,loan_to_credit,3,195,200,16.530300,
baseline,2,4,perf-baseline-r002-20260818T050813Z,loan_to_credit,3,196,200,15.794100,
baseline,2,4,perf-baseline-r002-20260818T050813Z,loan_to_credit,3,197,200,16.110300,
baseline,2,4,perf-baseline-r002-20260818T050813Z,loan_to_credit,3,198,200,16.050000,
baseline,2,4,perf-baseline-r002-20260818T050813Z,loan_to_credit,3,199,200,15.808000,
baseline,2,4,perf-baseline-r002-20260818T050813Z,loan_to_credit,3,200,200,16.286900,
baseline,2,4,perf-baseline-r002-20260818T050813Z,loan_to_aml,1,1,200,16.982900,
baseline,2,4,perf-baseline-r002-20260818T050813Z,loan_to_aml,1,2,200,16.670500,
baseline,2,4,perf-baseline-r002-20260818T050813Z,loan_to_aml,1,3,200,15.809600,
baseline,2,4,perf-baseline-r002-20260818T050813Z,loan_to_aml,1,4,200,15.694600,
baseline,2,4,perf-baseline-r002-20260818T050813Z,loan_to_aml,1,5,200,16.342200,
baseline,2,4,perf-baseline-r002-20260818T050813Z,loan_to_aml,1,6,200,15.752600,
baseline,2,4,perf-baseline-r002-20260818T050813Z,loan_to_aml,1,7,200,16.058500,
baseline,2,4,perf-baseline-r002-20260818T050813Z,loan_to_aml,1,8,200,15.742200,
baseline,2,4,perf-baseline-r002-20260818T050813Z,loan_to_aml,1,9,200,16.088000,
baseline,2,4,perf-baseline-r002-20260818T050813Z,loan_to_aml,1,10,200,19.612500,
baseline,2,4,perf-baseline-r002-20260818T050813Z,loan_to_aml,1,11,200,16.805700,
baseline,2,4,perf-baseline-r002-20260818T050813Z,loan_to_aml,1,12,200,15.720100,
baseline,2,4,perf-baseline-r002-20260818T050813Z,loan_to_aml,1,13,200,15.997800,
baseline,2,4,perf-baseline-r002-20260818T050813Z,loan_to_aml,1,14,200,16.024300,
baseline,2,4,perf-baseline-r002-20260818T050813Z,loan_to_aml,1,15,200,15.364100,
baseline,2,4,perf-baseline-r002-20260818T050813Z,loan_to_aml,1,16,200,15.504400,
baseline,2,4,perf-baseline-r002-20260818T050813Z,loan_to_aml,1,17,200,15.910700,
baseline,2,4,perf-baseline-r002-20260818T050813Z,loan_to_aml,1,18,200,15.614000,
baseline,2,4,perf-baseline-r002-20260818T050813Z,loan_to_aml,1,19,200,15.072600,
baseline,2,4,perf-baseline-r002-20260818T050813Z,loan_to_aml,1,20,200,16.196100,
baseline,2,4,perf-baseline-r002-20260818T050813Z,loan_to_aml,1,21,200,15.613100,
baseline,2,4,perf-baseline-r002-20260818T050813Z,loan_to_aml,1,22,200,16.476200,
baseline,2,4,perf-baseline-r002-20260818T050813Z,loan_to_aml,1,23,200,15.964600,
baseline,2,4,perf-baseline-r002-20260818T050813Z,loan_to_aml,1,24,200,15.871100,
baseline,2,4,perf-baseline-r002-20260818T050813Z,loan_to_aml,1,25,200,16.479200,
baseline,2,4,perf-baseline-r002-20260818T050813Z,loan_to_aml,1,26,200,16.482800,
baseline,2,4,perf-baseline-r002-20260818T050813Z,loan_to_aml,1,27,200,15.856900,
baseline,2,4,perf-baseline-r002-20260818T050813Z,loan_to_aml,1,28,200,16.276600,
baseline,2,4,perf-baseline-r002-20260818T050813Z,loan_to_aml,1,29,200,16.862700,
baseline,2,4,perf-baseline-r002-20260818T050813Z,loan_to_aml,1,30,200,15.978900,
baseline,2,4,perf-baseline-r002-20260818T050813Z,loan_to_aml,1,31,200,15.754200,
baseline,2,4,perf-baseline-r002-20260818T050813Z,loan_to_aml,1,32,200,15.950100,
baseline,2,4,perf-baseline-r002-20260818T050813Z,loan_to_aml,1,33,200,16.656300,
baseline,2,4,perf-baseline-r002-20260818T050813Z,loan_to_aml,1,34,200,18.425000,
baseline,2,4,perf-baseline-r002-20260818T050813Z,loan_to_aml,1,35,200,17.125600,
baseline,2,4,perf-baseline-r002-20260818T050813Z,loan_to_aml,1,36,200,17.318100,
baseline,2,4,perf-baseline-r002-20260818T050813Z,loan_to_aml,1,37,200,16.720700,
baseline,2,4,perf-baseline-r002-20260818T050813Z,loan_to_aml,1,38,200,16.009900,
baseline,2,4,perf-baseline-r002-20260818T050813Z,loan_to_aml,1,39,200,17.307400,
baseline,2,4,perf-baseline-r002-20260818T050813Z,loan_to_aml,1,40,200,16.469600,
baseline,2,4,perf-baseline-r002-20260818T050813Z,loan_to_aml,1,41,200,18.157100,
baseline,2,4,perf-baseline-r002-20260818T050813Z,loan_to_aml,1,42,200,16.066200,
baseline,2,4,perf-baseline-r002-20260818T050813Z,loan_to_aml,1,43,200,16.559300,
baseline,2,4,perf-baseline-r002-20260818T050813Z,loan_to_aml,1,44,200,16.430800,
baseline,2,4,perf-baseline-r002-20260818T050813Z,loan_to_aml,1,45,200,17.078600,
baseline,2,4,perf-baseline-r002-20260818T050813Z,loan_to_aml,1,46,200,15.967500,
baseline,2,4,perf-baseline-r002-20260818T050813Z,loan_to_aml,1,47,200,18.051800,
baseline,2,4,perf-baseline-r002-20260818T050813Z,loan_to_aml,1,48,200,16.744900,
baseline,2,4,perf-baseline-r002-20260818T050813Z,loan_to_aml,1,49,200,18.276100,
baseline,2,4,perf-baseline-r002-20260818T050813Z,loan_to_aml,1,50,200,17.049600,
baseline,2,4,perf-baseline-r002-20260818T050813Z,loan_to_aml,1,51,200,18.111600,
baseline,2,4,perf-baseline-r002-20260818T050813Z,loan_to_aml,1,52,200,16.049600,
baseline,2,4,perf-baseline-r002-20260818T050813Z,loan_to_aml,1,53,200,17.050300,
baseline,2,4,perf-baseline-r002-20260818T050813Z,loan_to_aml,1,54,200,15.767700,
baseline,2,4,perf-baseline-r002-20260818T050813Z,loan_to_aml,1,55,200,16.246800,
baseline,2,4,perf-baseline-r002-20260818T050813Z,loan_to_aml,1,56,200,16.116500,
baseline,2,4,perf-baseline-r002-20260818T050813Z,loan_to_aml,1,57,200,14.747100,
baseline,2,4,perf-baseline-r002-20260818T050813Z,loan_to_aml,1,58,200,16.094500,
baseline,2,4,perf-baseline-r002-20260818T050813Z,loan_to_aml,1,59,200,16.049000,
baseline,2,4,perf-baseline-r002-20260818T050813Z,loan_to_aml,1,60,200,15.758400,
baseline,2,4,perf-baseline-r002-20260818T050813Z,loan_to_aml,1,61,200,16.382600,
baseline,2,4,perf-baseline-r002-20260818T050813Z,loan_to_aml,1,62,200,17.087800,
baseline,2,4,perf-baseline-r002-20260818T050813Z,loan_to_aml,1,63,200,15.976400,
baseline,2,4,perf-baseline-r002-20260818T050813Z,loan_to_aml,1,64,200,16.841400,
baseline,2,4,perf-baseline-r002-20260818T050813Z,loan_to_aml,1,65,200,15.965700,
baseline,2,4,perf-baseline-r002-20260818T050813Z,loan_to_aml,1,66,200,15.842500,
baseline,2,4,perf-baseline-r002-20260818T050813Z,loan_to_aml,1,67,200,15.947600,
baseline,2,4,perf-baseline-r002-20260818T050813Z,loan_to_aml,1,68,200,17.369300,
baseline,2,4,perf-baseline-r002-20260818T050813Z,loan_to_aml,1,69,200,15.427400,
baseline,2,4,perf-baseline-r002-20260818T050813Z,loan_to_aml,1,70,200,16.310900,
baseline,2,4,perf-baseline-r002-20260818T050813Z,loan_to_aml,1,71,200,16.074000,
baseline,2,4,perf-baseline-r002-20260818T050813Z,loan_to_aml,1,72,200,16.524300,
baseline,2,4,perf-baseline-r002-20260818T050813Z,loan_to_aml,1,73,200,16.128800,
baseline,2,4,perf-baseline-r002-20260818T050813Z,loan_to_aml,1,74,200,15.730600,
baseline,2,4,perf-baseline-r002-20260818T050813Z,loan_to_aml,1,75,200,16.102600,
baseline,2,4,perf-baseline-r002-20260818T050813Z,loan_to_aml,1,76,200,16.771800,
baseline,2,4,perf-baseline-r002-20260818T050813Z,loan_to_aml,1,77,200,16.380600,
baseline,2,4,perf-baseline-r002-20260818T050813Z,loan_to_aml,1,78,200,15.964800,
baseline,2,4,perf-baseline-r002-20260818T050813Z,loan_to_aml,1,79,200,15.696400,
baseline,2,4,perf-baseline-r002-20260818T050813Z,loan_to_aml,1,80,200,16.371700,
baseline,2,4,perf-baseline-r002-20260818T050813Z,loan_to_aml,1,81,200,15.831000,
baseline,2,4,perf-baseline-r002-20260818T050813Z,loan_to_aml,1,82,200,16.130100,
baseline,2,4,perf-baseline-r002-20260818T050813Z,loan_to_aml,1,83,200,16.851700,
baseline,2,4,perf-baseline-r002-20260818T050813Z,loan_to_aml,1,84,200,15.904500,
baseline,2,4,perf-baseline-r002-20260818T050813Z,loan_to_aml,1,85,200,17.191800,
baseline,2,4,perf-baseline-r002-20260818T050813Z,loan_to_aml,1,86,200,16.924100,
baseline,2,4,perf-baseline-r002-20260818T050813Z,loan_to_aml,1,87,200,16.115900,
baseline,2,4,perf-baseline-r002-20260818T050813Z,loan_to_aml,1,88,200,15.575100,
baseline,2,4,perf-baseline-r002-20260818T050813Z,loan_to_aml,1,89,200,16.217200,
baseline,2,4,perf-baseline-r002-20260818T050813Z,loan_to_aml,1,90,200,16.490300,
baseline,2,4,perf-baseline-r002-20260818T050813Z,loan_to_aml,1,91,200,16.549600,
baseline,2,4,perf-baseline-r002-20260818T050813Z,loan_to_aml,1,92,200,17.126300,
baseline,2,4,perf-baseline-r002-20260818T050813Z,loan_to_aml,1,93,200,16.787100,
baseline,2,4,perf-baseline-r002-20260818T050813Z,loan_to_aml,1,94,200,15.693000,
baseline,2,4,perf-baseline-r002-20260818T050813Z,loan_to_aml,1,95,200,15.947800,
baseline,2,4,perf-baseline-r002-20260818T050813Z,loan_to_aml,1,96,200,16.113000,
baseline,2,4,perf-baseline-r002-20260818T050813Z,loan_to_aml,1,97,200,16.148100,
baseline,2,4,perf-baseline-r002-20260818T050813Z,loan_to_aml,1,98,200,15.940800,
baseline,2,4,perf-baseline-r002-20260818T050813Z,loan_to_aml,1,99,200,16.070900,
baseline,2,4,perf-baseline-r002-20260818T050813Z,loan_to_aml,1,100,200,16.012700,
baseline,2,4,perf-baseline-r002-20260818T050813Z,loan_to_aml,1,101,200,16.617600,
baseline,2,4,perf-baseline-r002-20260818T050813Z,loan_to_aml,1,102,200,16.156200,
baseline,2,4,perf-baseline-r002-20260818T050813Z,loan_to_aml,1,103,200,16.745900,
baseline,2,4,perf-baseline-r002-20260818T050813Z,loan_to_aml,1,104,200,16.688000,
baseline,2,4,perf-baseline-r002-20260818T050813Z,loan_to_aml,1,105,200,16.482600,
baseline,2,4,perf-baseline-r002-20260818T050813Z,loan_to_aml,1,106,200,15.928900,
baseline,2,4,perf-baseline-r002-20260818T050813Z,loan_to_aml,1,107,200,16.381500,
baseline,2,4,perf-baseline-r002-20260818T050813Z,loan_to_aml,1,108,200,16.157400,
baseline,2,4,perf-baseline-r002-20260818T050813Z,loan_to_aml,1,109,200,15.471400,
baseline,2,4,perf-baseline-r002-20260818T050813Z,loan_to_aml,1,110,200,15.987600,
baseline,2,4,perf-baseline-r002-20260818T050813Z,loan_to_aml,1,111,200,16.131200,
baseline,2,4,perf-baseline-r002-20260818T050813Z,loan_to_aml,1,112,200,15.576500,
baseline,2,4,perf-baseline-r002-20260818T050813Z,loan_to_aml,1,113,200,16.297300,
baseline,2,4,perf-baseline-r002-20260818T050813Z,loan_to_aml,1,114,200,15.599000,
baseline,2,4,perf-baseline-r002-20260818T050813Z,loan_to_aml,1,115,200,16.257100,
baseline,2,4,perf-baseline-r002-20260818T050813Z,loan_to_aml,1,116,200,15.858400,
baseline,2,4,perf-baseline-r002-20260818T050813Z,loan_to_aml,1,117,200,15.842300,
baseline,2,4,perf-baseline-r002-20260818T050813Z,loan_to_aml,1,118,200,15.156500,
baseline,2,4,perf-baseline-r002-20260818T050813Z,loan_to_aml,1,119,200,16.144100,
baseline,2,4,perf-baseline-r002-20260818T050813Z,loan_to_aml,1,120,200,16.334400,
baseline,2,4,perf-baseline-r002-20260818T050813Z,loan_to_aml,1,121,200,15.015900,
baseline,2,4,perf-baseline-r002-20260818T050813Z,loan_to_aml,1,122,200,16.980000,
baseline,2,4,perf-baseline-r002-20260818T050813Z,loan_to_aml,1,123,200,17.255400,
baseline,2,4,perf-baseline-r002-20260818T050813Z,loan_to_aml,1,124,200,18.381500,
baseline,2,4,perf-baseline-r002-20260818T050813Z,loan_to_aml,1,125,200,15.874800,
baseline,2,4,perf-baseline-r002-20260818T050813Z,loan_to_aml,1,126,200,16.367500,
baseline,2,4,perf-baseline-r002-20260818T050813Z,loan_to_aml,1,127,200,16.533100,
baseline,2,4,perf-baseline-r002-20260818T050813Z,loan_to_aml,1,128,200,15.957500,
baseline,2,4,perf-baseline-r002-20260818T050813Z,loan_to_aml,1,129,200,16.019400,
baseline,2,4,perf-baseline-r002-20260818T050813Z,loan_to_aml,1,130,200,16.126600,
baseline,2,4,perf-baseline-r002-20260818T050813Z,loan_to_aml,1,131,200,16.015000,
baseline,2,4,perf-baseline-r002-20260818T050813Z,loan_to_aml,1,132,200,15.669000,
baseline,2,4,perf-baseline-r002-20260818T050813Z,loan_to_aml,1,133,200,16.097800,
baseline,2,4,perf-baseline-r002-20260818T050813Z,loan_to_aml,1,134,200,18.370900,
baseline,2,4,perf-baseline-r002-20260818T050813Z,loan_to_aml,1,135,200,18.076400,
baseline,2,4,perf-baseline-r002-20260818T050813Z,loan_to_aml,1,136,200,16.117800,
baseline,2,4,perf-baseline-r002-20260818T050813Z,loan_to_aml,1,137,200,16.099200,
baseline,2,4,perf-baseline-r002-20260818T050813Z,loan_to_aml,1,138,200,15.962900,
baseline,2,4,perf-baseline-r002-20260818T050813Z,loan_to_aml,1,139,200,16.283800,
baseline,2,4,perf-baseline-r002-20260818T050813Z,loan_to_aml,1,140,200,16.529600,
baseline,2,4,perf-baseline-r002-20260818T050813Z,loan_to_aml,1,141,200,16.503900,
baseline,2,4,perf-baseline-r002-20260818T050813Z,loan_to_aml,1,142,200,18.054500,
baseline,2,4,perf-baseline-r002-20260818T050813Z,loan_to_aml,1,143,200,17.987600,
baseline,2,4,perf-baseline-r002-20260818T050813Z,loan_to_aml,1,144,200,18.275100,
baseline,2,4,perf-baseline-r002-20260818T050813Z,loan_to_aml,1,145,200,18.451900,
baseline,2,4,perf-baseline-r002-20260818T050813Z,loan_to_aml,1,146,200,15.561500,
baseline,2,4,perf-baseline-r002-20260818T050813Z,loan_to_aml,1,147,200,16.539400,
baseline,2,4,perf-baseline-r002-20260818T050813Z,loan_to_aml,1,148,200,15.756100,
baseline,2,4,perf-baseline-r002-20260818T050813Z,loan_to_aml,1,149,200,16.336300,
baseline,2,4,perf-baseline-r002-20260818T050813Z,loan_to_aml,1,150,200,16.107200,
baseline,2,4,perf-baseline-r002-20260818T050813Z,loan_to_aml,1,151,200,17.535600,
baseline,2,4,perf-baseline-r002-20260818T050813Z,loan_to_aml,1,152,200,18.425600,
baseline,2,4,perf-baseline-r002-20260818T050813Z,loan_to_aml,1,153,200,17.724600,
baseline,2,4,perf-baseline-r002-20260818T050813Z,loan_to_aml,1,154,200,18.045800,
baseline,2,4,perf-baseline-r002-20260818T050813Z,loan_to_aml,1,155,200,16.752000,
baseline,2,4,perf-baseline-r002-20260818T050813Z,loan_to_aml,1,156,200,15.926900,
baseline,2,4,perf-baseline-r002-20260818T050813Z,loan_to_aml,1,157,200,17.210100,
baseline,2,4,perf-baseline-r002-20260818T050813Z,loan_to_aml,1,158,200,17.038900,
baseline,2,4,perf-baseline-r002-20260818T050813Z,loan_to_aml,1,159,200,20.123600,
baseline,2,4,perf-baseline-r002-20260818T050813Z,loan_to_aml,1,160,200,17.057800,
baseline,2,4,perf-baseline-r002-20260818T050813Z,loan_to_aml,1,161,200,15.872600,
baseline,2,4,perf-baseline-r002-20260818T050813Z,loan_to_aml,1,162,200,16.973900,
baseline,2,4,perf-baseline-r002-20260818T050813Z,loan_to_aml,1,163,200,18.965600,
baseline,2,4,perf-baseline-r002-20260818T050813Z,loan_to_aml,1,164,200,18.595500,
baseline,2,4,perf-baseline-r002-20260818T050813Z,loan_to_aml,1,165,200,15.501300,
baseline,2,4,perf-baseline-r002-20260818T050813Z,loan_to_aml,1,166,200,16.331200,
baseline,2,4,perf-baseline-r002-20260818T050813Z,loan_to_aml,1,167,200,20.109200,
baseline,2,4,perf-baseline-r002-20260818T050813Z,loan_to_aml,1,168,200,19.246900,
baseline,2,4,perf-baseline-r002-20260818T050813Z,loan_to_aml,1,169,200,17.062200,
baseline,2,4,perf-baseline-r002-20260818T050813Z,loan_to_aml,1,170,200,18.673900,
baseline,2,4,perf-baseline-r002-20260818T050813Z,loan_to_aml,1,171,200,15.703400,
baseline,2,4,perf-baseline-r002-20260818T050813Z,loan_to_aml,1,172,200,16.001300,
baseline,2,4,perf-baseline-r002-20260818T050813Z,loan_to_aml,1,173,200,16.694500,
baseline,2,4,perf-baseline-r002-20260818T050813Z,loan_to_aml,1,174,200,16.708200,
baseline,2,4,perf-baseline-r002-20260818T050813Z,loan_to_aml,1,175,200,17.201500,
baseline,2,4,perf-baseline-r002-20260818T050813Z,loan_to_aml,1,176,200,16.717600,
baseline,2,4,perf-baseline-r002-20260818T050813Z,loan_to_aml,1,177,200,15.807200,
baseline,2,4,perf-baseline-r002-20260818T050813Z,loan_to_aml,1,178,200,17.184900,
baseline,2,4,perf-baseline-r002-20260818T050813Z,loan_to_aml,1,179,200,15.941400,
baseline,2,4,perf-baseline-r002-20260818T050813Z,loan_to_aml,1,180,200,15.692000,
baseline,2,4,perf-baseline-r002-20260818T050813Z,loan_to_aml,1,181,200,16.311300,
baseline,2,4,perf-baseline-r002-20260818T050813Z,loan_to_aml,1,182,200,16.200200,
baseline,2,4,perf-baseline-r002-20260818T050813Z,loan_to_aml,1,183,200,17.010700,
baseline,2,4,perf-baseline-r002-20260818T050813Z,loan_to_aml,1,184,200,16.534000,
baseline,2,4,perf-baseline-r002-20260818T050813Z,loan_to_aml,1,185,200,17.011600,
baseline,2,4,perf-baseline-r002-20260818T050813Z,loan_to_aml,1,186,200,15.744600,
baseline,2,4,perf-baseline-r002-20260818T050813Z,loan_to_aml,1,187,200,16.554100,
baseline,2,4,perf-baseline-r002-20260818T050813Z,loan_to_aml,1,188,200,15.326200,
baseline,2,4,perf-baseline-r002-20260818T050813Z,loan_to_aml,1,189,200,16.322100,
baseline,2,4,perf-baseline-r002-20260818T050813Z,loan_to_aml,1,190,200,16.002900,
baseline,2,4,perf-baseline-r002-20260818T050813Z,loan_to_aml,1,191,200,17.315400,
baseline,2,4,perf-baseline-r002-20260818T050813Z,loan_to_aml,1,192,200,17.024600,
baseline,2,4,perf-baseline-r002-20260818T050813Z,loan_to_aml,1,193,200,15.979200,
baseline,2,4,perf-baseline-r002-20260818T050813Z,loan_to_aml,1,194,200,16.958400,
baseline,2,4,perf-baseline-r002-20260818T050813Z,loan_to_aml,1,195,200,17.065500,
baseline,2,4,perf-baseline-r002-20260818T050813Z,loan_to_aml,1,196,200,17.063000,
baseline,2,4,perf-baseline-r002-20260818T050813Z,loan_to_aml,1,197,200,16.284800,
baseline,2,4,perf-baseline-r002-20260818T050813Z,loan_to_aml,1,198,200,16.182200,
baseline,2,4,perf-baseline-r002-20260818T050813Z,loan_to_aml,1,199,200,15.665600,
baseline,2,4,perf-baseline-r002-20260818T050813Z,loan_to_aml,1,200,200,17.041900,
baseline,2,4,perf-baseline-r002-20260818T050813Z,loan_to_aml,2,1,200,16.728600,
baseline,2,4,perf-baseline-r002-20260818T050813Z,loan_to_aml,2,2,200,15.961500,
baseline,2,4,perf-baseline-r002-20260818T050813Z,loan_to_aml,2,3,200,16.279100,
baseline,2,4,perf-baseline-r002-20260818T050813Z,loan_to_aml,2,4,200,15.677500,
baseline,2,4,perf-baseline-r002-20260818T050813Z,loan_to_aml,2,5,200,16.215000,
baseline,2,4,perf-baseline-r002-20260818T050813Z,loan_to_aml,2,6,200,16.945900,
baseline,2,4,perf-baseline-r002-20260818T050813Z,loan_to_aml,2,7,200,16.728300,
baseline,2,4,perf-baseline-r002-20260818T050813Z,loan_to_aml,2,8,200,16.434700,
baseline,2,4,perf-baseline-r002-20260818T050813Z,loan_to_aml,2,9,200,15.834500,
baseline,2,4,perf-baseline-r002-20260818T050813Z,loan_to_aml,2,10,200,15.953200,
baseline,2,4,perf-baseline-r002-20260818T050813Z,loan_to_aml,2,11,200,16.336800,
baseline,2,4,perf-baseline-r002-20260818T050813Z,loan_to_aml,2,12,200,15.800600,
baseline,2,4,perf-baseline-r002-20260818T050813Z,loan_to_aml,2,13,200,16.412700,
baseline,2,4,perf-baseline-r002-20260818T050813Z,loan_to_aml,2,14,200,16.850900,
baseline,2,4,perf-baseline-r002-20260818T050813Z,loan_to_aml,2,15,200,17.100500,
baseline,2,4,perf-baseline-r002-20260818T050813Z,loan_to_aml,2,16,200,16.849400,
baseline,2,4,perf-baseline-r002-20260818T050813Z,loan_to_aml,2,17,200,15.745800,
baseline,2,4,perf-baseline-r002-20260818T050813Z,loan_to_aml,2,18,200,16.736800,
baseline,2,4,perf-baseline-r002-20260818T050813Z,loan_to_aml,2,19,200,16.313000,
baseline,2,4,perf-baseline-r002-20260818T050813Z,loan_to_aml,2,20,200,15.514900,
baseline,2,4,perf-baseline-r002-20260818T050813Z,loan_to_aml,2,21,200,16.662200,
baseline,2,4,perf-baseline-r002-20260818T050813Z,loan_to_aml,2,22,200,16.871000,
baseline,2,4,perf-baseline-r002-20260818T050813Z,loan_to_aml,2,23,200,16.157800,
baseline,2,4,perf-baseline-r002-20260818T050813Z,loan_to_aml,2,24,200,16.956000,
baseline,2,4,perf-baseline-r002-20260818T050813Z,loan_to_aml,2,25,200,15.338000,
baseline,2,4,perf-baseline-r002-20260818T050813Z,loan_to_aml,2,26,200,16.117700,
baseline,2,4,perf-baseline-r002-20260818T050813Z,loan_to_aml,2,27,200,16.150800,
baseline,2,4,perf-baseline-r002-20260818T050813Z,loan_to_aml,2,28,200,15.585600,
baseline,2,4,perf-baseline-r002-20260818T050813Z,loan_to_aml,2,29,200,16.314200,
baseline,2,4,perf-baseline-r002-20260818T050813Z,loan_to_aml,2,30,200,17.015000,
baseline,2,4,perf-baseline-r002-20260818T050813Z,loan_to_aml,2,31,200,15.632800,
baseline,2,4,perf-baseline-r002-20260818T050813Z,loan_to_aml,2,32,200,16.273500,
baseline,2,4,perf-baseline-r002-20260818T050813Z,loan_to_aml,2,33,200,17.053200,
baseline,2,4,perf-baseline-r002-20260818T050813Z,loan_to_aml,2,34,200,15.778400,
baseline,2,4,perf-baseline-r002-20260818T050813Z,loan_to_aml,2,35,200,15.990900,
baseline,2,4,perf-baseline-r002-20260818T050813Z,loan_to_aml,2,36,200,16.597500,
baseline,2,4,perf-baseline-r002-20260818T050813Z,loan_to_aml,2,37,200,17.159800,
baseline,2,4,perf-baseline-r002-20260818T050813Z,loan_to_aml,2,38,200,19.376600,
baseline,2,4,perf-baseline-r002-20260818T050813Z,loan_to_aml,2,39,200,18.854000,
baseline,2,4,perf-baseline-r002-20260818T050813Z,loan_to_aml,2,40,200,19.527400,
baseline,2,4,perf-baseline-r002-20260818T050813Z,loan_to_aml,2,41,200,20.435800,
baseline,2,4,perf-baseline-r002-20260818T050813Z,loan_to_aml,2,42,200,22.577200,
baseline,2,4,perf-baseline-r002-20260818T050813Z,loan_to_aml,2,43,200,21.592200,
baseline,2,4,perf-baseline-r002-20260818T050813Z,loan_to_aml,2,44,200,20.969300,
baseline,2,4,perf-baseline-r002-20260818T050813Z,loan_to_aml,2,45,200,18.424000,
baseline,2,4,perf-baseline-r002-20260818T050813Z,loan_to_aml,2,46,200,17.674500,
baseline,2,4,perf-baseline-r002-20260818T050813Z,loan_to_aml,2,47,200,17.193600,
baseline,2,4,perf-baseline-r002-20260818T050813Z,loan_to_aml,2,48,200,16.624200,
baseline,2,4,perf-baseline-r002-20260818T050813Z,loan_to_aml,2,49,200,17.146500,
baseline,2,4,perf-baseline-r002-20260818T050813Z,loan_to_aml,2,50,200,17.155600,
baseline,2,4,perf-baseline-r002-20260818T050813Z,loan_to_aml,2,51,200,18.513900,
baseline,2,4,perf-baseline-r002-20260818T050813Z,loan_to_aml,2,52,200,18.339000,
baseline,2,4,perf-baseline-r002-20260818T050813Z,loan_to_aml,2,53,200,21.975600,
baseline,2,4,perf-baseline-r002-20260818T050813Z,loan_to_aml,2,54,200,17.947900,
baseline,2,4,perf-baseline-r002-20260818T050813Z,loan_to_aml,2,55,200,17.352900,
baseline,2,4,perf-baseline-r002-20260818T050813Z,loan_to_aml,2,56,200,17.825400,
baseline,2,4,perf-baseline-r002-20260818T050813Z,loan_to_aml,2,57,200,17.605000,
baseline,2,4,perf-baseline-r002-20260818T050813Z,loan_to_aml,2,58,200,16.840200,
baseline,2,4,perf-baseline-r002-20260818T050813Z,loan_to_aml,2,59,200,18.619900,
baseline,2,4,perf-baseline-r002-20260818T050813Z,loan_to_aml,2,60,200,17.433400,
baseline,2,4,perf-baseline-r002-20260818T050813Z,loan_to_aml,2,61,200,19.538500,
baseline,2,4,perf-baseline-r002-20260818T050813Z,loan_to_aml,2,62,200,16.949900,
baseline,2,4,perf-baseline-r002-20260818T050813Z,loan_to_aml,2,63,200,16.769000,
baseline,2,4,perf-baseline-r002-20260818T050813Z,loan_to_aml,2,64,200,16.548500,
baseline,2,4,perf-baseline-r002-20260818T050813Z,loan_to_aml,2,65,200,17.140200,
baseline,2,4,perf-baseline-r002-20260818T050813Z,loan_to_aml,2,66,200,16.909000,
baseline,2,4,perf-baseline-r002-20260818T050813Z,loan_to_aml,2,67,200,15.965900,
baseline,2,4,perf-baseline-r002-20260818T050813Z,loan_to_aml,2,68,200,16.832900,
baseline,2,4,perf-baseline-r002-20260818T050813Z,loan_to_aml,2,69,200,16.834800,
baseline,2,4,perf-baseline-r002-20260818T050813Z,loan_to_aml,2,70,200,18.731700,
baseline,2,4,perf-baseline-r002-20260818T050813Z,loan_to_aml,2,71,200,17.387900,
baseline,2,4,perf-baseline-r002-20260818T050813Z,loan_to_aml,2,72,200,17.562800,
baseline,2,4,perf-baseline-r002-20260818T050813Z,loan_to_aml,2,73,200,18.597900,
baseline,2,4,perf-baseline-r002-20260818T050813Z,loan_to_aml,2,74,200,17.345100,
baseline,2,4,perf-baseline-r002-20260818T050813Z,loan_to_aml,2,75,200,16.940500,
baseline,2,4,perf-baseline-r002-20260818T050813Z,loan_to_aml,2,76,200,16.893900,
baseline,2,4,perf-baseline-r002-20260818T050813Z,loan_to_aml,2,77,200,16.626600,
baseline,2,4,perf-baseline-r002-20260818T050813Z,loan_to_aml,2,78,200,16.879400,
baseline,2,4,perf-baseline-r002-20260818T050813Z,loan_to_aml,2,79,200,17.877700,
baseline,2,4,perf-baseline-r002-20260818T050813Z,loan_to_aml,2,80,200,16.259800,
baseline,2,4,perf-baseline-r002-20260818T050813Z,loan_to_aml,2,81,200,15.928600,
baseline,2,4,perf-baseline-r002-20260818T050813Z,loan_to_aml,2,82,200,16.060000,
baseline,2,4,perf-baseline-r002-20260818T050813Z,loan_to_aml,2,83,200,16.221300,
baseline,2,4,perf-baseline-r002-20260818T050813Z,loan_to_aml,2,84,200,16.664200,
baseline,2,4,perf-baseline-r002-20260818T050813Z,loan_to_aml,2,85,200,15.732500,
baseline,2,4,perf-baseline-r002-20260818T050813Z,loan_to_aml,2,86,200,15.831600,
baseline,2,4,perf-baseline-r002-20260818T050813Z,loan_to_aml,2,87,200,18.120100,
baseline,2,4,perf-baseline-r002-20260818T050813Z,loan_to_aml,2,88,200,23.843300,
baseline,2,4,perf-baseline-r002-20260818T050813Z,loan_to_aml,2,89,200,17.832100,
baseline,2,4,perf-baseline-r002-20260818T050813Z,loan_to_aml,2,90,200,18.853700,
baseline,2,4,perf-baseline-r002-20260818T050813Z,loan_to_aml,2,91,200,17.998900,
baseline,2,4,perf-baseline-r002-20260818T050813Z,loan_to_aml,2,92,200,16.623500,
baseline,2,4,perf-baseline-r002-20260818T050813Z,loan_to_aml,2,93,200,15.752800,
baseline,2,4,perf-baseline-r002-20260818T050813Z,loan_to_aml,2,94,200,15.954200,
baseline,2,4,perf-baseline-r002-20260818T050813Z,loan_to_aml,2,95,200,17.221300,
baseline,2,4,perf-baseline-r002-20260818T050813Z,loan_to_aml,2,96,200,16.018500,
baseline,2,4,perf-baseline-r002-20260818T050813Z,loan_to_aml,2,97,200,17.064300,
baseline,2,4,perf-baseline-r002-20260818T050813Z,loan_to_aml,2,98,200,16.787600,
baseline,2,4,perf-baseline-r002-20260818T050813Z,loan_to_aml,2,99,200,15.969200,
baseline,2,4,perf-baseline-r002-20260818T050813Z,loan_to_aml,2,100,200,17.071000,
baseline,2,4,perf-baseline-r002-20260818T050813Z,loan_to_aml,2,101,200,17.220800,
baseline,2,4,perf-baseline-r002-20260818T050813Z,loan_to_aml,2,102,200,16.485100,
baseline,2,4,perf-baseline-r002-20260818T050813Z,loan_to_aml,2,103,200,16.108600,
baseline,2,4,perf-baseline-r002-20260818T050813Z,loan_to_aml,2,104,200,15.821900,
baseline,2,4,perf-baseline-r002-20260818T050813Z,loan_to_aml,2,105,200,15.840400,
baseline,2,4,perf-baseline-r002-20260818T050813Z,loan_to_aml,2,106,200,16.215900,
baseline,2,4,perf-baseline-r002-20260818T050813Z,loan_to_aml,2,107,200,16.157400,
baseline,2,4,perf-baseline-r002-20260818T050813Z,loan_to_aml,2,108,200,16.743200,
baseline,2,4,perf-baseline-r002-20260818T050813Z,loan_to_aml,2,109,200,16.432700,
baseline,2,4,perf-baseline-r002-20260818T050813Z,loan_to_aml,2,110,200,16.694500,
baseline,2,4,perf-baseline-r002-20260818T050813Z,loan_to_aml,2,111,200,16.207800,
baseline,2,4,perf-baseline-r002-20260818T050813Z,loan_to_aml,2,112,200,16.575700,
baseline,2,4,perf-baseline-r002-20260818T050813Z,loan_to_aml,2,113,200,17.298300,
baseline,2,4,perf-baseline-r002-20260818T050813Z,loan_to_aml,2,114,200,16.675800,
baseline,2,4,perf-baseline-r002-20260818T050813Z,loan_to_aml,2,115,200,16.079000,
baseline,2,4,perf-baseline-r002-20260818T050813Z,loan_to_aml,2,116,200,15.786100,
baseline,2,4,perf-baseline-r002-20260818T050813Z,loan_to_aml,2,117,200,15.919800,
baseline,2,4,perf-baseline-r002-20260818T050813Z,loan_to_aml,2,118,200,16.176600,
baseline,2,4,perf-baseline-r002-20260818T050813Z,loan_to_aml,2,119,200,15.684000,
baseline,2,4,perf-baseline-r002-20260818T050813Z,loan_to_aml,2,120,200,16.253100,
baseline,2,4,perf-baseline-r002-20260818T050813Z,loan_to_aml,2,121,200,16.831900,
baseline,2,4,perf-baseline-r002-20260818T050813Z,loan_to_aml,2,122,200,15.835500,
baseline,2,4,perf-baseline-r002-20260818T050813Z,loan_to_aml,2,123,200,16.184300,
baseline,2,4,perf-baseline-r002-20260818T050813Z,loan_to_aml,2,124,200,16.110000,
baseline,2,4,perf-baseline-r002-20260818T050813Z,loan_to_aml,2,125,200,16.047900,
baseline,2,4,perf-baseline-r002-20260818T050813Z,loan_to_aml,2,126,200,17.140500,
baseline,2,4,perf-baseline-r002-20260818T050813Z,loan_to_aml,2,127,200,15.586900,
baseline,2,4,perf-baseline-r002-20260818T050813Z,loan_to_aml,2,128,200,16.127200,
baseline,2,4,perf-baseline-r002-20260818T050813Z,loan_to_aml,2,129,200,17.109500,
baseline,2,4,perf-baseline-r002-20260818T050813Z,loan_to_aml,2,130,200,15.821400,
baseline,2,4,perf-baseline-r002-20260818T050813Z,loan_to_aml,2,131,200,16.009800,
baseline,2,4,perf-baseline-r002-20260818T050813Z,loan_to_aml,2,132,200,16.409400,
baseline,2,4,perf-baseline-r002-20260818T050813Z,loan_to_aml,2,133,200,16.559000,
baseline,2,4,perf-baseline-r002-20260818T050813Z,loan_to_aml,2,134,200,16.085500,
baseline,2,4,perf-baseline-r002-20260818T050813Z,loan_to_aml,2,135,200,15.960500,
baseline,2,4,perf-baseline-r002-20260818T050813Z,loan_to_aml,2,136,200,15.738700,
baseline,2,4,perf-baseline-r002-20260818T050813Z,loan_to_aml,2,137,200,16.020200,
baseline,2,4,perf-baseline-r002-20260818T050813Z,loan_to_aml,2,138,200,17.394100,
baseline,2,4,perf-baseline-r002-20260818T050813Z,loan_to_aml,2,139,200,16.357400,
baseline,2,4,perf-baseline-r002-20260818T050813Z,loan_to_aml,2,140,200,17.565000,
baseline,2,4,perf-baseline-r002-20260818T050813Z,loan_to_aml,2,141,200,18.505000,
baseline,2,4,perf-baseline-r002-20260818T050813Z,loan_to_aml,2,142,200,17.852300,
baseline,2,4,perf-baseline-r002-20260818T050813Z,loan_to_aml,2,143,200,16.475000,
baseline,2,4,perf-baseline-r002-20260818T050813Z,loan_to_aml,2,144,200,17.461300,
baseline,2,4,perf-baseline-r002-20260818T050813Z,loan_to_aml,2,145,200,16.538500,
baseline,2,4,perf-baseline-r002-20260818T050813Z,loan_to_aml,2,146,200,17.099900,
baseline,2,4,perf-baseline-r002-20260818T050813Z,loan_to_aml,2,147,200,17.180000,
baseline,2,4,perf-baseline-r002-20260818T050813Z,loan_to_aml,2,148,200,16.646000,
baseline,2,4,perf-baseline-r002-20260818T050813Z,loan_to_aml,2,149,200,17.899500,
baseline,2,4,perf-baseline-r002-20260818T050813Z,loan_to_aml,2,150,200,15.777000,
baseline,2,4,perf-baseline-r002-20260818T050813Z,loan_to_aml,2,151,200,15.819900,
baseline,2,4,perf-baseline-r002-20260818T050813Z,loan_to_aml,2,152,200,16.150300,
baseline,2,4,perf-baseline-r002-20260818T050813Z,loan_to_aml,2,153,200,16.136700,
baseline,2,4,perf-baseline-r002-20260818T050813Z,loan_to_aml,2,154,200,15.549900,
baseline,2,4,perf-baseline-r002-20260818T050813Z,loan_to_aml,2,155,200,16.322100,
baseline,2,4,perf-baseline-r002-20260818T050813Z,loan_to_aml,2,156,200,15.621300,
baseline,2,4,perf-baseline-r002-20260818T050813Z,loan_to_aml,2,157,200,15.976000,
baseline,2,4,perf-baseline-r002-20260818T050813Z,loan_to_aml,2,158,200,16.122200,
baseline,2,4,perf-baseline-r002-20260818T050813Z,loan_to_aml,2,159,200,16.132200,
baseline,2,4,perf-baseline-r002-20260818T050813Z,loan_to_aml,2,160,200,16.039400,
baseline,2,4,perf-baseline-r002-20260818T050813Z,loan_to_aml,2,161,200,17.213500,
baseline,2,4,perf-baseline-r002-20260818T050813Z,loan_to_aml,2,162,200,17.535000,
baseline,2,4,perf-baseline-r002-20260818T050813Z,loan_to_aml,2,163,200,21.147100,
baseline,2,4,perf-baseline-r002-20260818T050813Z,loan_to_aml,2,164,200,17.307800,
baseline,2,4,perf-baseline-r002-20260818T050813Z,loan_to_aml,2,165,200,17.874300,
baseline,2,4,perf-baseline-r002-20260818T050813Z,loan_to_aml,2,166,200,16.729100,
baseline,2,4,perf-baseline-r002-20260818T050813Z,loan_to_aml,2,167,200,16.239900,
baseline,2,4,perf-baseline-r002-20260818T050813Z,loan_to_aml,2,168,200,18.452700,
baseline,2,4,perf-baseline-r002-20260818T050813Z,loan_to_aml,2,169,200,17.388400,
baseline,2,4,perf-baseline-r002-20260818T050813Z,loan_to_aml,2,170,200,17.007500,
baseline,2,4,perf-baseline-r002-20260818T050813Z,loan_to_aml,2,171,200,15.606500,
baseline,2,4,perf-baseline-r002-20260818T050813Z,loan_to_aml,2,172,200,15.971300,
baseline,2,4,perf-baseline-r002-20260818T050813Z,loan_to_aml,2,173,200,16.053800,
baseline,2,4,perf-baseline-r002-20260818T050813Z,loan_to_aml,2,174,200,16.346600,
baseline,2,4,perf-baseline-r002-20260818T050813Z,loan_to_aml,2,175,200,15.475800,
baseline,2,4,perf-baseline-r002-20260818T050813Z,loan_to_aml,2,176,200,16.274000,
baseline,2,4,perf-baseline-r002-20260818T050813Z,loan_to_aml,2,177,200,15.768300,
baseline,2,4,perf-baseline-r002-20260818T050813Z,loan_to_aml,2,178,200,15.874100,
baseline,2,4,perf-baseline-r002-20260818T050813Z,loan_to_aml,2,179,200,16.187200,
baseline,2,4,perf-baseline-r002-20260818T050813Z,loan_to_aml,2,180,200,16.207600,
baseline,2,4,perf-baseline-r002-20260818T050813Z,loan_to_aml,2,181,200,15.854100,
baseline,2,4,perf-baseline-r002-20260818T050813Z,loan_to_aml,2,182,200,15.158400,
baseline,2,4,perf-baseline-r002-20260818T050813Z,loan_to_aml,2,183,200,15.517000,
baseline,2,4,perf-baseline-r002-20260818T050813Z,loan_to_aml,2,184,200,16.019900,
baseline,2,4,perf-baseline-r002-20260818T050813Z,loan_to_aml,2,185,200,16.379800,
baseline,2,4,perf-baseline-r002-20260818T050813Z,loan_to_aml,2,186,200,16.604200,
baseline,2,4,perf-baseline-r002-20260818T050813Z,loan_to_aml,2,187,200,16.080600,
baseline,2,4,perf-baseline-r002-20260818T050813Z,loan_to_aml,2,188,200,16.173600,
baseline,2,4,perf-baseline-r002-20260818T050813Z,loan_to_aml,2,189,200,15.599500,
baseline,2,4,perf-baseline-r002-20260818T050813Z,loan_to_aml,2,190,200,16.034700,
baseline,2,4,perf-baseline-r002-20260818T050813Z,loan_to_aml,2,191,200,15.980700,
baseline,2,4,perf-baseline-r002-20260818T050813Z,loan_to_aml,2,192,200,15.877300,
baseline,2,4,perf-baseline-r002-20260818T050813Z,loan_to_aml,2,193,200,16.758600,
baseline,2,4,perf-baseline-r002-20260818T050813Z,loan_to_aml,2,194,200,16.887100,
baseline,2,4,perf-baseline-r002-20260818T050813Z,loan_to_aml,2,195,200,16.663100,
baseline,2,4,perf-baseline-r002-20260818T050813Z,loan_to_aml,2,196,200,15.726800,
baseline,2,4,perf-baseline-r002-20260818T050813Z,loan_to_aml,2,197,200,16.236500,
baseline,2,4,perf-baseline-r002-20260818T050813Z,loan_to_aml,2,198,200,15.410200,
baseline,2,4,perf-baseline-r002-20260818T050813Z,loan_to_aml,2,199,200,16.247500,
baseline,2,4,perf-baseline-r002-20260818T050813Z,loan_to_aml,2,200,200,16.651100,
baseline,2,4,perf-baseline-r002-20260818T050813Z,loan_to_aml,3,1,200,16.871400,
baseline,2,4,perf-baseline-r002-20260818T050813Z,loan_to_aml,3,2,200,18.199500,
baseline,2,4,perf-baseline-r002-20260818T050813Z,loan_to_aml,3,3,200,15.067200,
baseline,2,4,perf-baseline-r002-20260818T050813Z,loan_to_aml,3,4,200,16.441800,
baseline,2,4,perf-baseline-r002-20260818T050813Z,loan_to_aml,3,5,200,15.404100,
baseline,2,4,perf-baseline-r002-20260818T050813Z,loan_to_aml,3,6,200,17.025500,
baseline,2,4,perf-baseline-r002-20260818T050813Z,loan_to_aml,3,7,200,16.474500,
baseline,2,4,perf-baseline-r002-20260818T050813Z,loan_to_aml,3,8,200,15.863000,
baseline,2,4,perf-baseline-r002-20260818T050813Z,loan_to_aml,3,9,200,16.108300,
baseline,2,4,perf-baseline-r002-20260818T050813Z,loan_to_aml,3,10,200,16.682600,
baseline,2,4,perf-baseline-r002-20260818T050813Z,loan_to_aml,3,11,200,16.490300,
baseline,2,4,perf-baseline-r002-20260818T050813Z,loan_to_aml,3,12,200,15.524100,
baseline,2,4,perf-baseline-r002-20260818T050813Z,loan_to_aml,3,13,200,16.067000,
baseline,2,4,perf-baseline-r002-20260818T050813Z,loan_to_aml,3,14,200,16.254700,
baseline,2,4,perf-baseline-r002-20260818T050813Z,loan_to_aml,3,15,200,15.756100,
baseline,2,4,perf-baseline-r002-20260818T050813Z,loan_to_aml,3,16,200,15.920700,
baseline,2,4,perf-baseline-r002-20260818T050813Z,loan_to_aml,3,17,200,15.990200,
baseline,2,4,perf-baseline-r002-20260818T050813Z,loan_to_aml,3,18,200,15.703700,
baseline,2,4,perf-baseline-r002-20260818T050813Z,loan_to_aml,3,19,200,16.576400,
baseline,2,4,perf-baseline-r002-20260818T050813Z,loan_to_aml,3,20,200,15.531800,
baseline,2,4,perf-baseline-r002-20260818T050813Z,loan_to_aml,3,21,200,16.304800,
baseline,2,4,perf-baseline-r002-20260818T050813Z,loan_to_aml,3,22,200,17.029300,
baseline,2,4,perf-baseline-r002-20260818T050813Z,loan_to_aml,3,23,200,15.832300,
baseline,2,4,perf-baseline-r002-20260818T050813Z,loan_to_aml,3,24,200,17.071100,
baseline,2,4,perf-baseline-r002-20260818T050813Z,loan_to_aml,3,25,200,17.880700,
baseline,2,4,perf-baseline-r002-20260818T050813Z,loan_to_aml,3,26,200,17.787900,
baseline,2,4,perf-baseline-r002-20260818T050813Z,loan_to_aml,3,27,200,16.484300,
baseline,2,4,perf-baseline-r002-20260818T050813Z,loan_to_aml,3,28,200,17.790300,
baseline,2,4,perf-baseline-r002-20260818T050813Z,loan_to_aml,3,29,200,16.087100,
baseline,2,4,perf-baseline-r002-20260818T050813Z,loan_to_aml,3,30,200,15.612500,
baseline,2,4,perf-baseline-r002-20260818T050813Z,loan_to_aml,3,31,200,15.903300,
baseline,2,4,perf-baseline-r002-20260818T050813Z,loan_to_aml,3,32,200,16.318600,
baseline,2,4,perf-baseline-r002-20260818T050813Z,loan_to_aml,3,33,200,16.008100,
baseline,2,4,perf-baseline-r002-20260818T050813Z,loan_to_aml,3,34,200,16.564000,
baseline,2,4,perf-baseline-r002-20260818T050813Z,loan_to_aml,3,35,200,16.003100,
baseline,2,4,perf-baseline-r002-20260818T050813Z,loan_to_aml,3,36,200,19.271300,
baseline,2,4,perf-baseline-r002-20260818T050813Z,loan_to_aml,3,37,200,16.553600,
baseline,2,4,perf-baseline-r002-20260818T050813Z,loan_to_aml,3,38,200,16.575900,
baseline,2,4,perf-baseline-r002-20260818T050813Z,loan_to_aml,3,39,200,17.109600,
baseline,2,4,perf-baseline-r002-20260818T050813Z,loan_to_aml,3,40,200,16.855600,
baseline,2,4,perf-baseline-r002-20260818T050813Z,loan_to_aml,3,41,200,15.579200,
baseline,2,4,perf-baseline-r002-20260818T050813Z,loan_to_aml,3,42,200,16.113200,
baseline,2,4,perf-baseline-r002-20260818T050813Z,loan_to_aml,3,43,200,15.836900,
baseline,2,4,perf-baseline-r002-20260818T050813Z,loan_to_aml,3,44,200,16.072100,
baseline,2,4,perf-baseline-r002-20260818T050813Z,loan_to_aml,3,45,200,15.842800,
baseline,2,4,perf-baseline-r002-20260818T050813Z,loan_to_aml,3,46,200,16.537600,
baseline,2,4,perf-baseline-r002-20260818T050813Z,loan_to_aml,3,47,200,16.809000,
baseline,2,4,perf-baseline-r002-20260818T050813Z,loan_to_aml,3,48,200,15.540100,
baseline,2,4,perf-baseline-r002-20260818T050813Z,loan_to_aml,3,49,200,15.147200,
baseline,2,4,perf-baseline-r002-20260818T050813Z,loan_to_aml,3,50,200,15.980600,
baseline,2,4,perf-baseline-r002-20260818T050813Z,loan_to_aml,3,51,200,15.942100,
baseline,2,4,perf-baseline-r002-20260818T050813Z,loan_to_aml,3,52,200,16.183200,
baseline,2,4,perf-baseline-r002-20260818T050813Z,loan_to_aml,3,53,200,15.777600,
baseline,2,4,perf-baseline-r002-20260818T050813Z,loan_to_aml,3,54,200,15.979800,
baseline,2,4,perf-baseline-r002-20260818T050813Z,loan_to_aml,3,55,200,16.847800,
baseline,2,4,perf-baseline-r002-20260818T050813Z,loan_to_aml,3,56,200,16.081000,
baseline,2,4,perf-baseline-r002-20260818T050813Z,loan_to_aml,3,57,200,15.858100,
baseline,2,4,perf-baseline-r002-20260818T050813Z,loan_to_aml,3,58,200,16.192700,
baseline,2,4,perf-baseline-r002-20260818T050813Z,loan_to_aml,3,59,200,15.717100,
baseline,2,4,perf-baseline-r002-20260818T050813Z,loan_to_aml,3,60,200,14.705800,
baseline,2,4,perf-baseline-r002-20260818T050813Z,loan_to_aml,3,61,200,16.282900,
baseline,2,4,perf-baseline-r002-20260818T050813Z,loan_to_aml,3,62,200,16.034300,
baseline,2,4,perf-baseline-r002-20260818T050813Z,loan_to_aml,3,63,200,16.555700,
baseline,2,4,perf-baseline-r002-20260818T050813Z,loan_to_aml,3,64,200,16.065600,
baseline,2,4,perf-baseline-r002-20260818T050813Z,loan_to_aml,3,65,200,16.811300,
baseline,2,4,perf-baseline-r002-20260818T050813Z,loan_to_aml,3,66,200,16.035400,
baseline,2,4,perf-baseline-r002-20260818T050813Z,loan_to_aml,3,67,200,16.889500,
baseline,2,4,perf-baseline-r002-20260818T050813Z,loan_to_aml,3,68,200,16.868000,
baseline,2,4,perf-baseline-r002-20260818T050813Z,loan_to_aml,3,69,200,16.134100,
baseline,2,4,perf-baseline-r002-20260818T050813Z,loan_to_aml,3,70,200,17.042300,
baseline,2,4,perf-baseline-r002-20260818T050813Z,loan_to_aml,3,71,200,16.772800,
baseline,2,4,perf-baseline-r002-20260818T050813Z,loan_to_aml,3,72,200,16.535100,
baseline,2,4,perf-baseline-r002-20260818T050813Z,loan_to_aml,3,73,200,16.216600,
baseline,2,4,perf-baseline-r002-20260818T050813Z,loan_to_aml,3,74,200,15.742700,
baseline,2,4,perf-baseline-r002-20260818T050813Z,loan_to_aml,3,75,200,16.161900,
baseline,2,4,perf-baseline-r002-20260818T050813Z,loan_to_aml,3,76,200,16.997800,
baseline,2,4,perf-baseline-r002-20260818T050813Z,loan_to_aml,3,77,200,15.937800,
baseline,2,4,perf-baseline-r002-20260818T050813Z,loan_to_aml,3,78,200,16.170400,
baseline,2,4,perf-baseline-r002-20260818T050813Z,loan_to_aml,3,79,200,15.978700,
baseline,2,4,perf-baseline-r002-20260818T050813Z,loan_to_aml,3,80,200,15.582600,
baseline,2,4,perf-baseline-r002-20260818T050813Z,loan_to_aml,3,81,200,16.498900,
baseline,2,4,perf-baseline-r002-20260818T050813Z,loan_to_aml,3,82,200,16.252100,
baseline,2,4,perf-baseline-r002-20260818T050813Z,loan_to_aml,3,83,200,16.477300,
baseline,2,4,perf-baseline-r002-20260818T050813Z,loan_to_aml,3,84,200,15.866600,
baseline,2,4,perf-baseline-r002-20260818T050813Z,loan_to_aml,3,85,200,14.852800,
baseline,2,4,perf-baseline-r002-20260818T050813Z,loan_to_aml,3,86,200,16.108300,
baseline,2,4,perf-baseline-r002-20260818T050813Z,loan_to_aml,3,87,200,16.367000,
baseline,2,4,perf-baseline-r002-20260818T050813Z,loan_to_aml,3,88,200,16.044400,
baseline,2,4,perf-baseline-r002-20260818T050813Z,loan_to_aml,3,89,200,15.439000,
baseline,2,4,perf-baseline-r002-20260818T050813Z,loan_to_aml,3,90,200,16.296600,
baseline,2,4,perf-baseline-r002-20260818T050813Z,loan_to_aml,3,91,200,15.687000,
baseline,2,4,perf-baseline-r002-20260818T050813Z,loan_to_aml,3,92,200,16.235300,
baseline,2,4,perf-baseline-r002-20260818T050813Z,loan_to_aml,3,93,200,15.774400,
baseline,2,4,perf-baseline-r002-20260818T050813Z,loan_to_aml,3,94,200,16.078200,
baseline,2,4,perf-baseline-r002-20260818T050813Z,loan_to_aml,3,95,200,15.834600,
baseline,2,4,perf-baseline-r002-20260818T050813Z,loan_to_aml,3,96,200,16.439800,
baseline,2,4,perf-baseline-r002-20260818T050813Z,loan_to_aml,3,97,200,16.651100,
baseline,2,4,perf-baseline-r002-20260818T050813Z,loan_to_aml,3,98,200,15.826400,
baseline,2,4,perf-baseline-r002-20260818T050813Z,loan_to_aml,3,99,200,15.885200,
baseline,2,4,perf-baseline-r002-20260818T050813Z,loan_to_aml,3,100,200,16.364100,
baseline,2,4,perf-baseline-r002-20260818T050813Z,loan_to_aml,3,101,200,18.064300,
baseline,2,4,perf-baseline-r002-20260818T050813Z,loan_to_aml,3,102,200,16.177200,
baseline,2,4,perf-baseline-r002-20260818T050813Z,loan_to_aml,3,103,200,15.929200,
baseline,2,4,perf-baseline-r002-20260818T050813Z,loan_to_aml,3,104,200,16.887300,
baseline,2,4,perf-baseline-r002-20260818T050813Z,loan_to_aml,3,105,200,15.956600,
baseline,2,4,perf-baseline-r002-20260818T050813Z,loan_to_aml,3,106,200,15.964100,
baseline,2,4,perf-baseline-r002-20260818T050813Z,loan_to_aml,3,107,200,15.902300,
baseline,2,4,perf-baseline-r002-20260818T050813Z,loan_to_aml,3,108,200,15.805100,
baseline,2,4,perf-baseline-r002-20260818T050813Z,loan_to_aml,3,109,200,16.265700,
baseline,2,4,perf-baseline-r002-20260818T050813Z,loan_to_aml,3,110,200,15.956900,
baseline,2,4,perf-baseline-r002-20260818T050813Z,loan_to_aml,3,111,200,15.930600,
baseline,2,4,perf-baseline-r002-20260818T050813Z,loan_to_aml,3,112,200,15.487500,
baseline,2,4,perf-baseline-r002-20260818T050813Z,loan_to_aml,3,113,200,16.386400,
baseline,2,4,perf-baseline-r002-20260818T050813Z,loan_to_aml,3,114,200,16.110800,
baseline,2,4,perf-baseline-r002-20260818T050813Z,loan_to_aml,3,115,200,15.497300,
baseline,2,4,perf-baseline-r002-20260818T050813Z,loan_to_aml,3,116,200,16.384400,
baseline,2,4,perf-baseline-r002-20260818T050813Z,loan_to_aml,3,117,200,15.746900,
baseline,2,4,perf-baseline-r002-20260818T050813Z,loan_to_aml,3,118,200,17.060500,
baseline,2,4,perf-baseline-r002-20260818T050813Z,loan_to_aml,3,119,200,16.339800,
baseline,2,4,perf-baseline-r002-20260818T050813Z,loan_to_aml,3,120,200,15.565500,
baseline,2,4,perf-baseline-r002-20260818T050813Z,loan_to_aml,3,121,200,15.921800,
baseline,2,4,perf-baseline-r002-20260818T050813Z,loan_to_aml,3,122,200,16.310800,
baseline,2,4,perf-baseline-r002-20260818T050813Z,loan_to_aml,3,123,200,16.681400,
baseline,2,4,perf-baseline-r002-20260818T050813Z,loan_to_aml,3,124,200,16.260700,
baseline,2,4,perf-baseline-r002-20260818T050813Z,loan_to_aml,3,125,200,15.991400,
baseline,2,4,perf-baseline-r002-20260818T050813Z,loan_to_aml,3,126,200,15.535700,
baseline,2,4,perf-baseline-r002-20260818T050813Z,loan_to_aml,3,127,200,16.009000,
baseline,2,4,perf-baseline-r002-20260818T050813Z,loan_to_aml,3,128,200,16.464100,
baseline,2,4,perf-baseline-r002-20260818T050813Z,loan_to_aml,3,129,200,15.865900,
baseline,2,4,perf-baseline-r002-20260818T050813Z,loan_to_aml,3,130,200,16.821000,
baseline,2,4,perf-baseline-r002-20260818T050813Z,loan_to_aml,3,131,200,16.088800,
baseline,2,4,perf-baseline-r002-20260818T050813Z,loan_to_aml,3,132,200,15.762600,
baseline,2,4,perf-baseline-r002-20260818T050813Z,loan_to_aml,3,133,200,17.165400,
baseline,2,4,perf-baseline-r002-20260818T050813Z,loan_to_aml,3,134,200,16.615500,
baseline,2,4,perf-baseline-r002-20260818T050813Z,loan_to_aml,3,135,200,16.219100,
baseline,2,4,perf-baseline-r002-20260818T050813Z,loan_to_aml,3,136,200,15.666300,
baseline,2,4,perf-baseline-r002-20260818T050813Z,loan_to_aml,3,137,200,16.374300,
baseline,2,4,perf-baseline-r002-20260818T050813Z,loan_to_aml,3,138,200,16.500500,
baseline,2,4,perf-baseline-r002-20260818T050813Z,loan_to_aml,3,139,200,16.568800,
baseline,2,4,perf-baseline-r002-20260818T050813Z,loan_to_aml,3,140,200,16.034200,
baseline,2,4,perf-baseline-r002-20260818T050813Z,loan_to_aml,3,141,200,15.916600,
baseline,2,4,perf-baseline-r002-20260818T050813Z,loan_to_aml,3,142,200,15.747300,
baseline,2,4,perf-baseline-r002-20260818T050813Z,loan_to_aml,3,143,200,16.345200,
baseline,2,4,perf-baseline-r002-20260818T050813Z,loan_to_aml,3,144,200,17.331500,
baseline,2,4,perf-baseline-r002-20260818T050813Z,loan_to_aml,3,145,200,16.075100,
baseline,2,4,perf-baseline-r002-20260818T050813Z,loan_to_aml,3,146,200,14.900600,
baseline,2,4,perf-baseline-r002-20260818T050813Z,loan_to_aml,3,147,200,14.988800,
baseline,2,4,perf-baseline-r002-20260818T050813Z,loan_to_aml,3,148,200,15.327400,
baseline,2,4,perf-baseline-r002-20260818T050813Z,loan_to_aml,3,149,200,15.756200,
baseline,2,4,perf-baseline-r002-20260818T050813Z,loan_to_aml,3,150,200,15.692600,
baseline,2,4,perf-baseline-r002-20260818T050813Z,loan_to_aml,3,151,200,16.548200,
baseline,2,4,perf-baseline-r002-20260818T050813Z,loan_to_aml,3,152,200,16.346900,
baseline,2,4,perf-baseline-r002-20260818T050813Z,loan_to_aml,3,153,200,17.814800,
baseline,2,4,perf-baseline-r002-20260818T050813Z,loan_to_aml,3,154,200,16.917200,
baseline,2,4,perf-baseline-r002-20260818T050813Z,loan_to_aml,3,155,200,16.916300,
baseline,2,4,perf-baseline-r002-20260818T050813Z,loan_to_aml,3,156,200,16.604100,
baseline,2,4,perf-baseline-r002-20260818T050813Z,loan_to_aml,3,157,200,17.259400,
baseline,2,4,perf-baseline-r002-20260818T050813Z,loan_to_aml,3,158,200,16.905200,
baseline,2,4,perf-baseline-r002-20260818T050813Z,loan_to_aml,3,159,200,17.165800,
baseline,2,4,perf-baseline-r002-20260818T050813Z,loan_to_aml,3,160,200,16.174000,
baseline,2,4,perf-baseline-r002-20260818T050813Z,loan_to_aml,3,161,200,16.933700,
baseline,2,4,perf-baseline-r002-20260818T050813Z,loan_to_aml,3,162,200,16.121600,
baseline,2,4,perf-baseline-r002-20260818T050813Z,loan_to_aml,3,163,200,15.542400,
baseline,2,4,perf-baseline-r002-20260818T050813Z,loan_to_aml,3,164,200,16.771700,
baseline,2,4,perf-baseline-r002-20260818T050813Z,loan_to_aml,3,165,200,17.536200,
baseline,2,4,perf-baseline-r002-20260818T050813Z,loan_to_aml,3,166,200,18.269200,
baseline,2,4,perf-baseline-r002-20260818T050813Z,loan_to_aml,3,167,200,17.443000,
baseline,2,4,perf-baseline-r002-20260818T050813Z,loan_to_aml,3,168,200,17.500900,
baseline,2,4,perf-baseline-r002-20260818T050813Z,loan_to_aml,3,169,200,16.885300,
baseline,2,4,perf-baseline-r002-20260818T050813Z,loan_to_aml,3,170,200,16.502900,
baseline,2,4,perf-baseline-r002-20260818T050813Z,loan_to_aml,3,171,200,16.125900,
baseline,2,4,perf-baseline-r002-20260818T050813Z,loan_to_aml,3,172,200,17.072500,
baseline,2,4,perf-baseline-r002-20260818T050813Z,loan_to_aml,3,173,200,15.848700,
baseline,2,4,perf-baseline-r002-20260818T050813Z,loan_to_aml,3,174,200,16.883700,
baseline,2,4,perf-baseline-r002-20260818T050813Z,loan_to_aml,3,175,200,15.960600,
baseline,2,4,perf-baseline-r002-20260818T050813Z,loan_to_aml,3,176,200,15.798700,
baseline,2,4,perf-baseline-r002-20260818T050813Z,loan_to_aml,3,177,200,15.857700,
baseline,2,4,perf-baseline-r002-20260818T050813Z,loan_to_aml,3,178,200,16.328600,
baseline,2,4,perf-baseline-r002-20260818T050813Z,loan_to_aml,3,179,200,16.742800,
baseline,2,4,perf-baseline-r002-20260818T050813Z,loan_to_aml,3,180,200,16.083100,
baseline,2,4,perf-baseline-r002-20260818T050813Z,loan_to_aml,3,181,200,16.256700,
baseline,2,4,perf-baseline-r002-20260818T050813Z,loan_to_aml,3,182,200,16.329900,
baseline,2,4,perf-baseline-r002-20260818T050813Z,loan_to_aml,3,183,200,16.167400,
baseline,2,4,perf-baseline-r002-20260818T050813Z,loan_to_aml,3,184,200,17.291200,
baseline,2,4,perf-baseline-r002-20260818T050813Z,loan_to_aml,3,185,200,16.018000,
baseline,2,4,perf-baseline-r002-20260818T050813Z,loan_to_aml,3,186,200,15.897400,
baseline,2,4,perf-baseline-r002-20260818T050813Z,loan_to_aml,3,187,200,15.688800,
baseline,2,4,perf-baseline-r002-20260818T050813Z,loan_to_aml,3,188,200,16.246700,
baseline,2,4,perf-baseline-r002-20260818T050813Z,loan_to_aml,3,189,200,16.161800,
baseline,2,4,perf-baseline-r002-20260818T050813Z,loan_to_aml,3,190,200,15.559900,
baseline,2,4,perf-baseline-r002-20260818T050813Z,loan_to_aml,3,191,200,15.913700,
baseline,2,4,perf-baseline-r002-20260818T050813Z,loan_to_aml,3,192,200,16.420000,
baseline,2,4,perf-baseline-r002-20260818T050813Z,loan_to_aml,3,193,200,15.601000,
baseline,2,4,perf-baseline-r002-20260818T050813Z,loan_to_aml,3,194,200,16.337300,
baseline,2,4,perf-baseline-r002-20260818T050813Z,loan_to_aml,3,195,200,15.787900,
baseline,2,4,perf-baseline-r002-20260818T050813Z,loan_to_aml,3,196,200,18.374700,
baseline,2,4,perf-baseline-r002-20260818T050813Z,loan_to_aml,3,197,200,17.274000,
baseline,2,4,perf-baseline-r002-20260818T050813Z,loan_to_aml,3,198,200,19.288700,
baseline,2,4,perf-baseline-r002-20260818T050813Z,loan_to_aml,3,199,200,20.125600,
baseline,2,4,perf-baseline-r002-20260818T050813Z,loan_to_aml,3,200,200,18.988400,
baseline,2,4,perf-baseline-r002-20260818T050813Z,loan_to_approval,1,1,200,16.710200,
baseline,2,4,perf-baseline-r002-20260818T050813Z,loan_to_approval,1,2,200,16.891700,
baseline,2,4,perf-baseline-r002-20260818T050813Z,loan_to_approval,1,3,200,16.616900,
baseline,2,4,perf-baseline-r002-20260818T050813Z,loan_to_approval,1,4,200,16.166100,
baseline,2,4,perf-baseline-r002-20260818T050813Z,loan_to_approval,1,5,200,15.982200,
baseline,2,4,perf-baseline-r002-20260818T050813Z,loan_to_approval,1,6,200,15.752600,
baseline,2,4,perf-baseline-r002-20260818T050813Z,loan_to_approval,1,7,200,16.316200,
baseline,2,4,perf-baseline-r002-20260818T050813Z,loan_to_approval,1,8,200,16.161100,
baseline,2,4,perf-baseline-r002-20260818T050813Z,loan_to_approval,1,9,200,16.836600,
baseline,2,4,perf-baseline-r002-20260818T050813Z,loan_to_approval,1,10,200,17.061900,
baseline,2,4,perf-baseline-r002-20260818T050813Z,loan_to_approval,1,11,200,18.244800,
baseline,2,4,perf-baseline-r002-20260818T050813Z,loan_to_approval,1,12,200,15.439300,
baseline,2,4,perf-baseline-r002-20260818T050813Z,loan_to_approval,1,13,200,16.507500,
baseline,2,4,perf-baseline-r002-20260818T050813Z,loan_to_approval,1,14,200,15.363900,
baseline,2,4,perf-baseline-r002-20260818T050813Z,loan_to_approval,1,15,200,15.187100,
baseline,2,4,perf-baseline-r002-20260818T050813Z,loan_to_approval,1,16,200,16.595600,
baseline,2,4,perf-baseline-r002-20260818T050813Z,loan_to_approval,1,17,200,16.596500,
baseline,2,4,perf-baseline-r002-20260818T050813Z,loan_to_approval,1,18,200,16.919000,
baseline,2,4,perf-baseline-r002-20260818T050813Z,loan_to_approval,1,19,200,16.058000,
baseline,2,4,perf-baseline-r002-20260818T050813Z,loan_to_approval,1,20,200,15.538600,
baseline,2,4,perf-baseline-r002-20260818T050813Z,loan_to_approval,1,21,200,16.125800,
baseline,2,4,perf-baseline-r002-20260818T050813Z,loan_to_approval,1,22,200,16.101200,
baseline,2,4,perf-baseline-r002-20260818T050813Z,loan_to_approval,1,23,200,15.705000,
baseline,2,4,perf-baseline-r002-20260818T050813Z,loan_to_approval,1,24,200,16.126000,
baseline,2,4,perf-baseline-r002-20260818T050813Z,loan_to_approval,1,25,200,15.955800,
baseline,2,4,perf-baseline-r002-20260818T050813Z,loan_to_approval,1,26,200,15.965600,
baseline,2,4,perf-baseline-r002-20260818T050813Z,loan_to_approval,1,27,200,15.047600,
baseline,2,4,perf-baseline-r002-20260818T050813Z,loan_to_approval,1,28,200,16.435900,
baseline,2,4,perf-baseline-r002-20260818T050813Z,loan_to_approval,1,29,200,16.783100,
baseline,2,4,perf-baseline-r002-20260818T050813Z,loan_to_approval,1,30,200,15.682700,
baseline,2,4,perf-baseline-r002-20260818T050813Z,loan_to_approval,1,31,200,17.514200,
baseline,2,4,perf-baseline-r002-20260818T050813Z,loan_to_approval,1,32,200,16.642000,
baseline,2,4,perf-baseline-r002-20260818T050813Z,loan_to_approval,1,33,200,15.999500,
baseline,2,4,perf-baseline-r002-20260818T050813Z,loan_to_approval,1,34,200,16.241800,
baseline,2,4,perf-baseline-r002-20260818T050813Z,loan_to_approval,1,35,200,16.673900,
baseline,2,4,perf-baseline-r002-20260818T050813Z,loan_to_approval,1,36,200,16.007400,
baseline,2,4,perf-baseline-r002-20260818T050813Z,loan_to_approval,1,37,200,15.754100,
baseline,2,4,perf-baseline-r002-20260818T050813Z,loan_to_approval,1,38,200,16.144200,
baseline,2,4,perf-baseline-r002-20260818T050813Z,loan_to_approval,1,39,200,16.154700,
baseline,2,4,perf-baseline-r002-20260818T050813Z,loan_to_approval,1,40,200,17.046300,
baseline,2,4,perf-baseline-r002-20260818T050813Z,loan_to_approval,1,41,200,17.534200,
baseline,2,4,perf-baseline-r002-20260818T050813Z,loan_to_approval,1,42,200,16.259900,
baseline,2,4,perf-baseline-r002-20260818T050813Z,loan_to_approval,1,43,200,15.836600,
baseline,2,4,perf-baseline-r002-20260818T050813Z,loan_to_approval,1,44,200,16.026300,
baseline,2,4,perf-baseline-r002-20260818T050813Z,loan_to_approval,1,45,200,16.038200,
baseline,2,4,perf-baseline-r002-20260818T050813Z,loan_to_approval,1,46,200,17.189800,
baseline,2,4,perf-baseline-r002-20260818T050813Z,loan_to_approval,1,47,200,15.152100,
baseline,2,4,perf-baseline-r002-20260818T050813Z,loan_to_approval,1,48,200,16.445700,
baseline,2,4,perf-baseline-r002-20260818T050813Z,loan_to_approval,1,49,200,15.753300,
baseline,2,4,perf-baseline-r002-20260818T050813Z,loan_to_approval,1,50,200,16.240500,
baseline,2,4,perf-baseline-r002-20260818T050813Z,loan_to_approval,1,51,200,16.920700,
baseline,2,4,perf-baseline-r002-20260818T050813Z,loan_to_approval,1,52,200,15.938800,
baseline,2,4,perf-baseline-r002-20260818T050813Z,loan_to_approval,1,53,200,16.121300,
baseline,2,4,perf-baseline-r002-20260818T050813Z,loan_to_approval,1,54,200,16.134800,
baseline,2,4,perf-baseline-r002-20260818T050813Z,loan_to_approval,1,55,200,15.917800,
baseline,2,4,perf-baseline-r002-20260818T050813Z,loan_to_approval,1,56,200,16.156500,
baseline,2,4,perf-baseline-r002-20260818T050813Z,loan_to_approval,1,57,200,15.295700,
baseline,2,4,perf-baseline-r002-20260818T050813Z,loan_to_approval,1,58,200,15.240100,
baseline,2,4,perf-baseline-r002-20260818T050813Z,loan_to_approval,1,59,200,15.928600,
baseline,2,4,perf-baseline-r002-20260818T050813Z,loan_to_approval,1,60,200,19.814800,
baseline,2,4,perf-baseline-r002-20260818T050813Z,loan_to_approval,1,61,200,17.720400,
baseline,2,4,perf-baseline-r002-20260818T050813Z,loan_to_approval,1,62,200,16.848600,
baseline,2,4,perf-baseline-r002-20260818T050813Z,loan_to_approval,1,63,200,18.037600,
baseline,2,4,perf-baseline-r002-20260818T050813Z,loan_to_approval,1,64,200,16.838500,
baseline,2,4,perf-baseline-r002-20260818T050813Z,loan_to_approval,1,65,200,17.116100,
baseline,2,4,perf-baseline-r002-20260818T050813Z,loan_to_approval,1,66,200,15.472100,
baseline,2,4,perf-baseline-r002-20260818T050813Z,loan_to_approval,1,67,200,16.486600,
baseline,2,4,perf-baseline-r002-20260818T050813Z,loan_to_approval,1,68,200,15.478500,
baseline,2,4,perf-baseline-r002-20260818T050813Z,loan_to_approval,1,69,200,14.903800,
baseline,2,4,perf-baseline-r002-20260818T050813Z,loan_to_approval,1,70,200,16.486200,
baseline,2,4,perf-baseline-r002-20260818T050813Z,loan_to_approval,1,71,200,16.675000,
baseline,2,4,perf-baseline-r002-20260818T050813Z,loan_to_approval,1,72,200,16.001900,
baseline,2,4,perf-baseline-r002-20260818T050813Z,loan_to_approval,1,73,200,16.871600,
baseline,2,4,perf-baseline-r002-20260818T050813Z,loan_to_approval,1,74,200,15.918100,
baseline,2,4,perf-baseline-r002-20260818T050813Z,loan_to_approval,1,75,200,16.217900,
baseline,2,4,perf-baseline-r002-20260818T050813Z,loan_to_approval,1,76,200,15.945900,
baseline,2,4,perf-baseline-r002-20260818T050813Z,loan_to_approval,1,77,200,15.552500,
baseline,2,4,perf-baseline-r002-20260818T050813Z,loan_to_approval,1,78,200,15.033700,
baseline,2,4,perf-baseline-r002-20260818T050813Z,loan_to_approval,1,79,200,16.429900,
baseline,2,4,perf-baseline-r002-20260818T050813Z,loan_to_approval,1,80,200,15.649500,
baseline,2,4,perf-baseline-r002-20260818T050813Z,loan_to_approval,1,81,200,16.367000,
baseline,2,4,perf-baseline-r002-20260818T050813Z,loan_to_approval,1,82,200,15.700100,
baseline,2,4,perf-baseline-r002-20260818T050813Z,loan_to_approval,1,83,200,15.943100,
baseline,2,4,perf-baseline-r002-20260818T050813Z,loan_to_approval,1,84,200,15.980700,
baseline,2,4,perf-baseline-r002-20260818T050813Z,loan_to_approval,1,85,200,15.836800,
baseline,2,4,perf-baseline-r002-20260818T050813Z,loan_to_approval,1,86,200,16.241600,
baseline,2,4,perf-baseline-r002-20260818T050813Z,loan_to_approval,1,87,200,18.094800,
baseline,2,4,perf-baseline-r002-20260818T050813Z,loan_to_approval,1,88,200,15.949600,
baseline,2,4,perf-baseline-r002-20260818T050813Z,loan_to_approval,1,89,200,15.669600,
baseline,2,4,perf-baseline-r002-20260818T050813Z,loan_to_approval,1,90,200,16.200600,
baseline,2,4,perf-baseline-r002-20260818T050813Z,loan_to_approval,1,91,200,15.823900,
baseline,2,4,perf-baseline-r002-20260818T050813Z,loan_to_approval,1,92,200,16.143900,
baseline,2,4,perf-baseline-r002-20260818T050813Z,loan_to_approval,1,93,200,15.924300,
baseline,2,4,perf-baseline-r002-20260818T050813Z,loan_to_approval,1,94,200,16.256900,
baseline,2,4,perf-baseline-r002-20260818T050813Z,loan_to_approval,1,95,200,15.508900,
baseline,2,4,perf-baseline-r002-20260818T050813Z,loan_to_approval,1,96,200,16.261700,
baseline,2,4,perf-baseline-r002-20260818T050813Z,loan_to_approval,1,97,200,15.994500,
baseline,2,4,perf-baseline-r002-20260818T050813Z,loan_to_approval,1,98,200,16.332200,
baseline,2,4,perf-baseline-r002-20260818T050813Z,loan_to_approval,1,99,200,16.878100,
baseline,2,4,perf-baseline-r002-20260818T050813Z,loan_to_approval,1,100,200,15.551500,
baseline,2,4,perf-baseline-r002-20260818T050813Z,loan_to_approval,1,101,200,16.050500,
baseline,2,4,perf-baseline-r002-20260818T050813Z,loan_to_approval,1,102,200,16.085600,
baseline,2,4,perf-baseline-r002-20260818T050813Z,loan_to_approval,1,103,200,15.763600,
baseline,2,4,perf-baseline-r002-20260818T050813Z,loan_to_approval,1,104,200,16.321100,
baseline,2,4,perf-baseline-r002-20260818T050813Z,loan_to_approval,1,105,200,16.660000,
baseline,2,4,perf-baseline-r002-20260818T050813Z,loan_to_approval,1,106,200,17.168100,
baseline,2,4,perf-baseline-r002-20260818T050813Z,loan_to_approval,1,107,200,16.802800,
baseline,2,4,perf-baseline-r002-20260818T050813Z,loan_to_approval,1,108,200,15.925000,
baseline,2,4,perf-baseline-r002-20260818T050813Z,loan_to_approval,1,109,200,15.893400,
baseline,2,4,perf-baseline-r002-20260818T050813Z,loan_to_approval,1,110,200,16.202800,
baseline,2,4,perf-baseline-r002-20260818T050813Z,loan_to_approval,1,111,200,15.877500,
baseline,2,4,perf-baseline-r002-20260818T050813Z,loan_to_approval,1,112,200,15.924100,
baseline,2,4,perf-baseline-r002-20260818T050813Z,loan_to_approval,1,113,200,16.225000,
baseline,2,4,perf-baseline-r002-20260818T050813Z,loan_to_approval,1,114,200,14.909200,
baseline,2,4,perf-baseline-r002-20260818T050813Z,loan_to_approval,1,115,200,15.848700,
baseline,2,4,perf-baseline-r002-20260818T050813Z,loan_to_approval,1,116,200,15.944600,
baseline,2,4,perf-baseline-r002-20260818T050813Z,loan_to_approval,1,117,200,15.487000,
baseline,2,4,perf-baseline-r002-20260818T050813Z,loan_to_approval,1,118,200,15.603500,
baseline,2,4,perf-baseline-r002-20260818T050813Z,loan_to_approval,1,119,200,16.097100,
baseline,2,4,perf-baseline-r002-20260818T050813Z,loan_to_approval,1,120,200,16.689400,
baseline,2,4,perf-baseline-r002-20260818T050813Z,loan_to_approval,1,121,200,16.087500,
baseline,2,4,perf-baseline-r002-20260818T050813Z,loan_to_approval,1,122,200,15.198900,
baseline,2,4,perf-baseline-r002-20260818T050813Z,loan_to_approval,1,123,200,15.849800,
baseline,2,4,perf-baseline-r002-20260818T050813Z,loan_to_approval,1,124,200,15.559800,
baseline,2,4,perf-baseline-r002-20260818T050813Z,loan_to_approval,1,125,200,15.778100,
baseline,2,4,perf-baseline-r002-20260818T050813Z,loan_to_approval,1,126,200,18.718000,
baseline,2,4,perf-baseline-r002-20260818T050813Z,loan_to_approval,1,127,200,15.818300,
baseline,2,4,perf-baseline-r002-20260818T050813Z,loan_to_approval,1,128,200,15.853500,
baseline,2,4,perf-baseline-r002-20260818T050813Z,loan_to_approval,1,129,200,16.772100,
baseline,2,4,perf-baseline-r002-20260818T050813Z,loan_to_approval,1,130,200,16.739700,
baseline,2,4,perf-baseline-r002-20260818T050813Z,loan_to_approval,1,131,200,15.426000,
baseline,2,4,perf-baseline-r002-20260818T050813Z,loan_to_approval,1,132,200,16.258800,
baseline,2,4,perf-baseline-r002-20260818T050813Z,loan_to_approval,1,133,200,16.048000,
baseline,2,4,perf-baseline-r002-20260818T050813Z,loan_to_approval,1,134,200,15.727800,
baseline,2,4,perf-baseline-r002-20260818T050813Z,loan_to_approval,1,135,200,16.605000,
baseline,2,4,perf-baseline-r002-20260818T050813Z,loan_to_approval,1,136,200,16.512800,
baseline,2,4,perf-baseline-r002-20260818T050813Z,loan_to_approval,1,137,200,16.078400,
baseline,2,4,perf-baseline-r002-20260818T050813Z,loan_to_approval,1,138,200,16.930500,
baseline,2,4,perf-baseline-r002-20260818T050813Z,loan_to_approval,1,139,200,15.800800,
baseline,2,4,perf-baseline-r002-20260818T050813Z,loan_to_approval,1,140,200,15.872100,
baseline,2,4,perf-baseline-r002-20260818T050813Z,loan_to_approval,1,141,200,15.904900,
baseline,2,4,perf-baseline-r002-20260818T050813Z,loan_to_approval,1,142,200,16.138000,
baseline,2,4,perf-baseline-r002-20260818T050813Z,loan_to_approval,1,143,200,15.034800,
baseline,2,4,perf-baseline-r002-20260818T050813Z,loan_to_approval,1,144,200,15.767900,
baseline,2,4,perf-baseline-r002-20260818T050813Z,loan_to_approval,1,145,200,15.114900,
baseline,2,4,perf-baseline-r002-20260818T050813Z,loan_to_approval,1,146,200,15.709800,
baseline,2,4,perf-baseline-r002-20260818T050813Z,loan_to_approval,1,147,200,16.368500,
baseline,2,4,perf-baseline-r002-20260818T050813Z,loan_to_approval,1,148,200,15.864800,
baseline,2,4,perf-baseline-r002-20260818T050813Z,loan_to_approval,1,149,200,16.080900,
baseline,2,4,perf-baseline-r002-20260818T050813Z,loan_to_approval,1,150,200,15.843800,
baseline,2,4,perf-baseline-r002-20260818T050813Z,loan_to_approval,1,151,200,15.914300,
baseline,2,4,perf-baseline-r002-20260818T050813Z,loan_to_approval,1,152,200,16.112900,
baseline,2,4,perf-baseline-r002-20260818T050813Z,loan_to_approval,1,153,200,16.558200,
baseline,2,4,perf-baseline-r002-20260818T050813Z,loan_to_approval,1,154,200,15.149300,
baseline,2,4,perf-baseline-r002-20260818T050813Z,loan_to_approval,1,155,200,16.519200,
baseline,2,4,perf-baseline-r002-20260818T050813Z,loan_to_approval,1,156,200,16.808600,
baseline,2,4,perf-baseline-r002-20260818T050813Z,loan_to_approval,1,157,200,17.194200,
baseline,2,4,perf-baseline-r002-20260818T050813Z,loan_to_approval,1,158,200,15.915300,
baseline,2,4,perf-baseline-r002-20260818T050813Z,loan_to_approval,1,159,200,15.457100,
baseline,2,4,perf-baseline-r002-20260818T050813Z,loan_to_approval,1,160,200,16.219500,
baseline,2,4,perf-baseline-r002-20260818T050813Z,loan_to_approval,1,161,200,16.193200,
baseline,2,4,perf-baseline-r002-20260818T050813Z,loan_to_approval,1,162,200,17.049000,
baseline,2,4,perf-baseline-r002-20260818T050813Z,loan_to_approval,1,163,200,15.633300,
baseline,2,4,perf-baseline-r002-20260818T050813Z,loan_to_approval,1,164,200,16.035900,
baseline,2,4,perf-baseline-r002-20260818T050813Z,loan_to_approval,1,165,200,15.915100,
baseline,2,4,perf-baseline-r002-20260818T050813Z,loan_to_approval,1,166,200,15.224700,
baseline,2,4,perf-baseline-r002-20260818T050813Z,loan_to_approval,1,167,200,15.908900,
baseline,2,4,perf-baseline-r002-20260818T050813Z,loan_to_approval,1,168,200,16.609300,
baseline,2,4,perf-baseline-r002-20260818T050813Z,loan_to_approval,1,169,200,17.518700,
baseline,2,4,perf-baseline-r002-20260818T050813Z,loan_to_approval,1,170,200,16.340800,
baseline,2,4,perf-baseline-r002-20260818T050813Z,loan_to_approval,1,171,200,15.125900,
baseline,2,4,perf-baseline-r002-20260818T050813Z,loan_to_approval,1,172,200,16.172900,
baseline,2,4,perf-baseline-r002-20260818T050813Z,loan_to_approval,1,173,200,15.786700,
baseline,2,4,perf-baseline-r002-20260818T050813Z,loan_to_approval,1,174,200,17.596400,
baseline,2,4,perf-baseline-r002-20260818T050813Z,loan_to_approval,1,175,200,16.675000,
baseline,2,4,perf-baseline-r002-20260818T050813Z,loan_to_approval,1,176,200,16.212600,
baseline,2,4,perf-baseline-r002-20260818T050813Z,loan_to_approval,1,177,200,15.594700,
baseline,2,4,perf-baseline-r002-20260818T050813Z,loan_to_approval,1,178,200,15.894600,
baseline,2,4,perf-baseline-r002-20260818T050813Z,loan_to_approval,1,179,200,15.984600,
baseline,2,4,perf-baseline-r002-20260818T050813Z,loan_to_approval,1,180,200,18.400200,
baseline,2,4,perf-baseline-r002-20260818T050813Z,loan_to_approval,1,181,200,15.706900,
baseline,2,4,perf-baseline-r002-20260818T050813Z,loan_to_approval,1,182,200,15.866800,
baseline,2,4,perf-baseline-r002-20260818T050813Z,loan_to_approval,1,183,200,16.747000,
baseline,2,4,perf-baseline-r002-20260818T050813Z,loan_to_approval,1,184,200,16.345400,
baseline,2,4,perf-baseline-r002-20260818T050813Z,loan_to_approval,1,185,200,15.664600,
baseline,2,4,perf-baseline-r002-20260818T050813Z,loan_to_approval,1,186,200,15.937200,
baseline,2,4,perf-baseline-r002-20260818T050813Z,loan_to_approval,1,187,200,16.429500,
baseline,2,4,perf-baseline-r002-20260818T050813Z,loan_to_approval,1,188,200,15.688900,
baseline,2,4,perf-baseline-r002-20260818T050813Z,loan_to_approval,1,189,200,17.298700,
baseline,2,4,perf-baseline-r002-20260818T050813Z,loan_to_approval,1,190,200,17.447800,
baseline,2,4,perf-baseline-r002-20260818T050813Z,loan_to_approval,1,191,200,16.706700,
baseline,2,4,perf-baseline-r002-20260818T050813Z,loan_to_approval,1,192,200,16.628800,
baseline,2,4,perf-baseline-r002-20260818T050813Z,loan_to_approval,1,193,200,16.121000,
baseline,2,4,perf-baseline-r002-20260818T050813Z,loan_to_approval,1,194,200,16.973000,
baseline,2,4,perf-baseline-r002-20260818T050813Z,loan_to_approval,1,195,200,15.999100,
baseline,2,4,perf-baseline-r002-20260818T050813Z,loan_to_approval,1,196,200,15.973600,
baseline,2,4,perf-baseline-r002-20260818T050813Z,loan_to_approval,1,197,200,15.915800,
baseline,2,4,perf-baseline-r002-20260818T050813Z,loan_to_approval,1,198,200,16.035400,
baseline,2,4,perf-baseline-r002-20260818T050813Z,loan_to_approval,1,199,200,15.800900,
baseline,2,4,perf-baseline-r002-20260818T050813Z,loan_to_approval,1,200,200,15.982100,
baseline,2,4,perf-baseline-r002-20260818T050813Z,loan_to_approval,2,1,200,16.292400,
baseline,2,4,perf-baseline-r002-20260818T050813Z,loan_to_approval,2,2,200,15.365900,
baseline,2,4,perf-baseline-r002-20260818T050813Z,loan_to_approval,2,3,200,16.430300,
baseline,2,4,perf-baseline-r002-20260818T050813Z,loan_to_approval,2,4,200,15.535200,
baseline,2,4,perf-baseline-r002-20260818T050813Z,loan_to_approval,2,5,200,16.118600,
baseline,2,4,perf-baseline-r002-20260818T050813Z,loan_to_approval,2,6,200,16.004100,
baseline,2,4,perf-baseline-r002-20260818T050813Z,loan_to_approval,2,7,200,15.892000,
baseline,2,4,perf-baseline-r002-20260818T050813Z,loan_to_approval,2,8,200,15.941000,
baseline,2,4,perf-baseline-r002-20260818T050813Z,loan_to_approval,2,9,200,16.173100,
baseline,2,4,perf-baseline-r002-20260818T050813Z,loan_to_approval,2,10,200,16.290800,
baseline,2,4,perf-baseline-r002-20260818T050813Z,loan_to_approval,2,11,200,16.094500,
baseline,2,4,perf-baseline-r002-20260818T050813Z,loan_to_approval,2,12,200,15.721500,
baseline,2,4,perf-baseline-r002-20260818T050813Z,loan_to_approval,2,13,200,15.988300,
baseline,2,4,perf-baseline-r002-20260818T050813Z,loan_to_approval,2,14,200,15.730200,
baseline,2,4,perf-baseline-r002-20260818T050813Z,loan_to_approval,2,15,200,15.941800,
baseline,2,4,perf-baseline-r002-20260818T050813Z,loan_to_approval,2,16,200,15.473800,
baseline,2,4,perf-baseline-r002-20260818T050813Z,loan_to_approval,2,17,200,16.559900,
baseline,2,4,perf-baseline-r002-20260818T050813Z,loan_to_approval,2,18,200,15.859500,
baseline,2,4,perf-baseline-r002-20260818T050813Z,loan_to_approval,2,19,200,15.331200,
baseline,2,4,perf-baseline-r002-20260818T050813Z,loan_to_approval,2,20,200,15.781000,
baseline,2,4,perf-baseline-r002-20260818T050813Z,loan_to_approval,2,21,200,16.067800,
baseline,2,4,perf-baseline-r002-20260818T050813Z,loan_to_approval,2,22,200,16.132500,
baseline,2,4,perf-baseline-r002-20260818T050813Z,loan_to_approval,2,23,200,15.653700,
baseline,2,4,perf-baseline-r002-20260818T050813Z,loan_to_approval,2,24,200,16.641200,
baseline,2,4,perf-baseline-r002-20260818T050813Z,loan_to_approval,2,25,200,18.560300,
baseline,2,4,perf-baseline-r002-20260818T050813Z,loan_to_approval,2,26,200,21.251000,
baseline,2,4,perf-baseline-r002-20260818T050813Z,loan_to_approval,2,27,200,19.259700,
baseline,2,4,perf-baseline-r002-20260818T050813Z,loan_to_approval,2,28,200,19.472700,
baseline,2,4,perf-baseline-r002-20260818T050813Z,loan_to_approval,2,29,200,21.173600,
baseline,2,4,perf-baseline-r002-20260818T050813Z,loan_to_approval,2,30,200,24.029000,
baseline,2,4,perf-baseline-r002-20260818T050813Z,loan_to_approval,2,31,200,19.785000,
baseline,2,4,perf-baseline-r002-20260818T050813Z,loan_to_approval,2,32,200,17.110200,
baseline,2,4,perf-baseline-r002-20260818T050813Z,loan_to_approval,2,33,200,16.492200,
baseline,2,4,perf-baseline-r002-20260818T050813Z,loan_to_approval,2,34,200,16.726100,
baseline,2,4,perf-baseline-r002-20260818T050813Z,loan_to_approval,2,35,200,16.484900,
baseline,2,4,perf-baseline-r002-20260818T050813Z,loan_to_approval,2,36,200,16.390500,
baseline,2,4,perf-baseline-r002-20260818T050813Z,loan_to_approval,2,37,200,16.665600,
baseline,2,4,perf-baseline-r002-20260818T050813Z,loan_to_approval,2,38,200,17.700400,
baseline,2,4,perf-baseline-r002-20260818T050813Z,loan_to_approval,2,39,200,17.320300,
baseline,2,4,perf-baseline-r002-20260818T050813Z,loan_to_approval,2,40,200,17.033100,
baseline,2,4,perf-baseline-r002-20260818T050813Z,loan_to_approval,2,41,200,16.664000,
baseline,2,4,perf-baseline-r002-20260818T050813Z,loan_to_approval,2,42,200,17.341800,
baseline,2,4,perf-baseline-r002-20260818T050813Z,loan_to_approval,2,43,200,18.222600,
baseline,2,4,perf-baseline-r002-20260818T050813Z,loan_to_approval,2,44,200,16.282400,
baseline,2,4,perf-baseline-r002-20260818T050813Z,loan_to_approval,2,45,200,17.741000,
baseline,2,4,perf-baseline-r002-20260818T050813Z,loan_to_approval,2,46,200,16.611100,
baseline,2,4,perf-baseline-r002-20260818T050813Z,loan_to_approval,2,47,200,15.822600,
baseline,2,4,perf-baseline-r002-20260818T050813Z,loan_to_approval,2,48,200,16.072200,
baseline,2,4,perf-baseline-r002-20260818T050813Z,loan_to_approval,2,49,200,19.700000,
baseline,2,4,perf-baseline-r002-20260818T050813Z,loan_to_approval,2,50,200,15.791600,
baseline,2,4,perf-baseline-r002-20260818T050813Z,loan_to_approval,2,51,200,16.274900,
baseline,2,4,perf-baseline-r002-20260818T050813Z,loan_to_approval,2,52,200,18.305000,
baseline,2,4,perf-baseline-r002-20260818T050813Z,loan_to_approval,2,53,200,19.289800,
baseline,2,4,perf-baseline-r002-20260818T050813Z,loan_to_approval,2,54,200,16.318000,
baseline,2,4,perf-baseline-r002-20260818T050813Z,loan_to_approval,2,55,200,16.267100,
baseline,2,4,perf-baseline-r002-20260818T050813Z,loan_to_approval,2,56,200,17.200100,
baseline,2,4,perf-baseline-r002-20260818T050813Z,loan_to_approval,2,57,200,16.563100,
baseline,2,4,perf-baseline-r002-20260818T050813Z,loan_to_approval,2,58,200,15.781200,
baseline,2,4,perf-baseline-r002-20260818T050813Z,loan_to_approval,2,59,200,16.217000,
baseline,2,4,perf-baseline-r002-20260818T050813Z,loan_to_approval,2,60,200,15.870200,
baseline,2,4,perf-baseline-r002-20260818T050813Z,loan_to_approval,2,61,200,16.874000,
baseline,2,4,perf-baseline-r002-20260818T050813Z,loan_to_approval,2,62,200,17.037600,
baseline,2,4,perf-baseline-r002-20260818T050813Z,loan_to_approval,2,63,200,15.598600,
baseline,2,4,perf-baseline-r002-20260818T050813Z,loan_to_approval,2,64,200,16.090500,
baseline,2,4,perf-baseline-r002-20260818T050813Z,loan_to_approval,2,65,200,16.501300,
baseline,2,4,perf-baseline-r002-20260818T050813Z,loan_to_approval,2,66,200,17.603100,
baseline,2,4,perf-baseline-r002-20260818T050813Z,loan_to_approval,2,67,200,17.017300,
baseline,2,4,perf-baseline-r002-20260818T050813Z,loan_to_approval,2,68,200,16.559300,
baseline,2,4,perf-baseline-r002-20260818T050813Z,loan_to_approval,2,69,200,16.672400,
baseline,2,4,perf-baseline-r002-20260818T050813Z,loan_to_approval,2,70,200,16.560200,
baseline,2,4,perf-baseline-r002-20260818T050813Z,loan_to_approval,2,71,200,17.284000,
baseline,2,4,perf-baseline-r002-20260818T050813Z,loan_to_approval,2,72,200,17.003000,
baseline,2,4,perf-baseline-r002-20260818T050813Z,loan_to_approval,2,73,200,17.230400,
baseline,2,4,perf-baseline-r002-20260818T050813Z,loan_to_approval,2,74,200,16.632700,
baseline,2,4,perf-baseline-r002-20260818T050813Z,loan_to_approval,2,75,200,17.391600,
baseline,2,4,perf-baseline-r002-20260818T050813Z,loan_to_approval,2,76,200,16.578300,
baseline,2,4,perf-baseline-r002-20260818T050813Z,loan_to_approval,2,77,200,16.803200,
baseline,2,4,perf-baseline-r002-20260818T050813Z,loan_to_approval,2,78,200,17.450700,
baseline,2,4,perf-baseline-r002-20260818T050813Z,loan_to_approval,2,79,200,17.237600,
baseline,2,4,perf-baseline-r002-20260818T050813Z,loan_to_approval,2,80,200,16.796200,
baseline,2,4,perf-baseline-r002-20260818T050813Z,loan_to_approval,2,81,200,18.183100,
baseline,2,4,perf-baseline-r002-20260818T050813Z,loan_to_approval,2,82,200,18.249800,
baseline,2,4,perf-baseline-r002-20260818T050813Z,loan_to_approval,2,83,200,24.613000,
baseline,2,4,perf-baseline-r002-20260818T050813Z,loan_to_approval,2,84,200,19.247000,
baseline,2,4,perf-baseline-r002-20260818T050813Z,loan_to_approval,2,85,200,19.093500,
baseline,2,4,perf-baseline-r002-20260818T050813Z,loan_to_approval,2,86,200,19.543800,
baseline,2,4,perf-baseline-r002-20260818T050813Z,loan_to_approval,2,87,200,23.707700,
baseline,2,4,perf-baseline-r002-20260818T050813Z,loan_to_approval,2,88,200,20.742900,
baseline,2,4,perf-baseline-r002-20260818T050813Z,loan_to_approval,2,89,200,18.593500,
baseline,2,4,perf-baseline-r002-20260818T050813Z,loan_to_approval,2,90,200,16.578800,
baseline,2,4,perf-baseline-r002-20260818T050813Z,loan_to_approval,2,91,200,16.951900,
baseline,2,4,perf-baseline-r002-20260818T050813Z,loan_to_approval,2,92,200,17.217900,
baseline,2,4,perf-baseline-r002-20260818T050813Z,loan_to_approval,2,93,200,17.373600,
baseline,2,4,perf-baseline-r002-20260818T050813Z,loan_to_approval,2,94,200,17.804600,
baseline,2,4,perf-baseline-r002-20260818T050813Z,loan_to_approval,2,95,200,18.635300,
baseline,2,4,perf-baseline-r002-20260818T050813Z,loan_to_approval,2,96,200,18.443800,
baseline,2,4,perf-baseline-r002-20260818T050813Z,loan_to_approval,2,97,200,17.814900,
baseline,2,4,perf-baseline-r002-20260818T050813Z,loan_to_approval,2,98,200,17.432600,
baseline,2,4,perf-baseline-r002-20260818T050813Z,loan_to_approval,2,99,200,17.350500,
baseline,2,4,perf-baseline-r002-20260818T050813Z,loan_to_approval,2,100,200,16.767300,
baseline,2,4,perf-baseline-r002-20260818T050813Z,loan_to_approval,2,101,200,15.920900,
baseline,2,4,perf-baseline-r002-20260818T050813Z,loan_to_approval,2,102,200,17.229000,
baseline,2,4,perf-baseline-r002-20260818T050813Z,loan_to_approval,2,103,200,16.459300,
baseline,2,4,perf-baseline-r002-20260818T050813Z,loan_to_approval,2,104,200,17.476600,
baseline,2,4,perf-baseline-r002-20260818T050813Z,loan_to_approval,2,105,200,16.884900,
baseline,2,4,perf-baseline-r002-20260818T050813Z,loan_to_approval,2,106,200,17.564400,
baseline,2,4,perf-baseline-r002-20260818T050813Z,loan_to_approval,2,107,200,16.755700,
baseline,2,4,perf-baseline-r002-20260818T050813Z,loan_to_approval,2,108,200,16.349500,
baseline,2,4,perf-baseline-r002-20260818T050813Z,loan_to_approval,2,109,200,16.013700,
baseline,2,4,perf-baseline-r002-20260818T050813Z,loan_to_approval,2,110,200,15.722400,
baseline,2,4,perf-baseline-r002-20260818T050813Z,loan_to_approval,2,111,200,16.140900,
baseline,2,4,perf-baseline-r002-20260818T050813Z,loan_to_approval,2,112,200,17.088300,
baseline,2,4,perf-baseline-r002-20260818T050813Z,loan_to_approval,2,113,200,17.622800,
baseline,2,4,perf-baseline-r002-20260818T050813Z,loan_to_approval,2,114,200,17.613200,
baseline,2,4,perf-baseline-r002-20260818T050813Z,loan_to_approval,2,115,200,18.578300,
baseline,2,4,perf-baseline-r002-20260818T050813Z,loan_to_approval,2,116,200,18.318000,
baseline,2,4,perf-baseline-r002-20260818T050813Z,loan_to_approval,2,117,200,16.829900,
baseline,2,4,perf-baseline-r002-20260818T050813Z,loan_to_approval,2,118,200,16.836700,
baseline,2,4,perf-baseline-r002-20260818T050813Z,loan_to_approval,2,119,200,15.968600,
baseline,2,4,perf-baseline-r002-20260818T050813Z,loan_to_approval,2,120,200,16.027600,
baseline,2,4,perf-baseline-r002-20260818T050813Z,loan_to_approval,2,121,200,15.982600,
baseline,2,4,perf-baseline-r002-20260818T050813Z,loan_to_approval,2,122,200,16.949000,
baseline,2,4,perf-baseline-r002-20260818T050813Z,loan_to_approval,2,123,200,15.777600,
baseline,2,4,perf-baseline-r002-20260818T050813Z,loan_to_approval,2,124,200,16.055400,
baseline,2,4,perf-baseline-r002-20260818T050813Z,loan_to_approval,2,125,200,17.038400,
baseline,2,4,perf-baseline-r002-20260818T050813Z,loan_to_approval,2,126,200,16.134000,
baseline,2,4,perf-baseline-r002-20260818T050813Z,loan_to_approval,2,127,200,15.439500,
baseline,2,4,perf-baseline-r002-20260818T050813Z,loan_to_approval,2,128,200,16.208600,
baseline,2,4,perf-baseline-r002-20260818T050813Z,loan_to_approval,2,129,200,16.242900,
baseline,2,4,perf-baseline-r002-20260818T050813Z,loan_to_approval,2,130,200,15.949400,
baseline,2,4,perf-baseline-r002-20260818T050813Z,loan_to_approval,2,131,200,16.365000,
baseline,2,4,perf-baseline-r002-20260818T050813Z,loan_to_approval,2,132,200,16.854800,
baseline,2,4,perf-baseline-r002-20260818T050813Z,loan_to_approval,2,133,200,15.514700,
baseline,2,4,perf-baseline-r002-20260818T050813Z,loan_to_approval,2,134,200,15.964000,
baseline,2,4,perf-baseline-r002-20260818T050813Z,loan_to_approval,2,135,200,16.178600,
baseline,2,4,perf-baseline-r002-20260818T050813Z,loan_to_approval,2,136,200,15.860000,
baseline,2,4,perf-baseline-r002-20260818T050813Z,loan_to_approval,2,137,200,16.286200,
baseline,2,4,perf-baseline-r002-20260818T050813Z,loan_to_approval,2,138,200,15.917700,
baseline,2,4,perf-baseline-r002-20260818T050813Z,loan_to_approval,2,139,200,17.180500,
baseline,2,4,perf-baseline-r002-20260818T050813Z,loan_to_approval,2,140,200,17.020600,
baseline,2,4,perf-baseline-r002-20260818T050813Z,loan_to_approval,2,141,200,16.315700,
baseline,2,4,perf-baseline-r002-20260818T050813Z,loan_to_approval,2,142,200,16.611800,
baseline,2,4,perf-baseline-r002-20260818T050813Z,loan_to_approval,2,143,200,16.287800,
baseline,2,4,perf-baseline-r002-20260818T050813Z,loan_to_approval,2,144,200,17.784500,
baseline,2,4,perf-baseline-r002-20260818T050813Z,loan_to_approval,2,145,200,17.028700,
baseline,2,4,perf-baseline-r002-20260818T050813Z,loan_to_approval,2,146,200,17.975000,
baseline,2,4,perf-baseline-r002-20260818T050813Z,loan_to_approval,2,147,200,17.544000,
baseline,2,4,perf-baseline-r002-20260818T050813Z,loan_to_approval,2,148,200,15.970600,
baseline,2,4,perf-baseline-r002-20260818T050813Z,loan_to_approval,2,149,200,19.319400,
baseline,2,4,perf-baseline-r002-20260818T050813Z,loan_to_approval,2,150,200,18.130100,
baseline,2,4,perf-baseline-r002-20260818T050813Z,loan_to_approval,2,151,200,18.037800,
baseline,2,4,perf-baseline-r002-20260818T050813Z,loan_to_approval,2,152,200,17.975900,
baseline,2,4,perf-baseline-r002-20260818T050813Z,loan_to_approval,2,153,200,19.210700,
baseline,2,4,perf-baseline-r002-20260818T050813Z,loan_to_approval,2,154,200,17.688900,
baseline,2,4,perf-baseline-r002-20260818T050813Z,loan_to_approval,2,155,200,16.759100,
baseline,2,4,perf-baseline-r002-20260818T050813Z,loan_to_approval,2,156,200,17.657400,
baseline,2,4,perf-baseline-r002-20260818T050813Z,loan_to_approval,2,157,200,15.873900,
baseline,2,4,perf-baseline-r002-20260818T050813Z,loan_to_approval,2,158,200,15.764000,
baseline,2,4,perf-baseline-r002-20260818T050813Z,loan_to_approval,2,159,200,16.115800,
baseline,2,4,perf-baseline-r002-20260818T050813Z,loan_to_approval,2,160,200,16.073300,
baseline,2,4,perf-baseline-r002-20260818T050813Z,loan_to_approval,2,161,200,17.176900,
baseline,2,4,perf-baseline-r002-20260818T050813Z,loan_to_approval,2,162,200,15.792000,
baseline,2,4,perf-baseline-r002-20260818T050813Z,loan_to_approval,2,163,200,16.120600,
baseline,2,4,perf-baseline-r002-20260818T050813Z,loan_to_approval,2,164,200,17.009400,
baseline,2,4,perf-baseline-r002-20260818T050813Z,loan_to_approval,2,165,200,15.768700,
baseline,2,4,perf-baseline-r002-20260818T050813Z,loan_to_approval,2,166,200,15.958800,
baseline,2,4,perf-baseline-r002-20260818T050813Z,loan_to_approval,2,167,200,16.104200,
baseline,2,4,perf-baseline-r002-20260818T050813Z,loan_to_approval,2,168,200,15.851600,
baseline,2,4,perf-baseline-r002-20260818T050813Z,loan_to_approval,2,169,200,15.885100,
baseline,2,4,perf-baseline-r002-20260818T050813Z,loan_to_approval,2,170,200,16.274400,
baseline,2,4,perf-baseline-r002-20260818T050813Z,loan_to_approval,2,171,200,16.981200,
baseline,2,4,perf-baseline-r002-20260818T050813Z,loan_to_approval,2,172,200,15.635800,
baseline,2,4,perf-baseline-r002-20260818T050813Z,loan_to_approval,2,173,200,17.262200,
baseline,2,4,perf-baseline-r002-20260818T050813Z,loan_to_approval,2,174,200,15.647700,
baseline,2,4,perf-baseline-r002-20260818T050813Z,loan_to_approval,2,175,200,15.781300,
baseline,2,4,perf-baseline-r002-20260818T050813Z,loan_to_approval,2,176,200,16.627300,
baseline,2,4,perf-baseline-r002-20260818T050813Z,loan_to_approval,2,177,200,16.642700,
baseline,2,4,perf-baseline-r002-20260818T050813Z,loan_to_approval,2,178,200,16.328400,
baseline,2,4,perf-baseline-r002-20260818T050813Z,loan_to_approval,2,179,200,16.624300,
baseline,2,4,perf-baseline-r002-20260818T050813Z,loan_to_approval,2,180,200,15.921000,
baseline,2,4,perf-baseline-r002-20260818T050813Z,loan_to_approval,2,181,200,16.270600,
baseline,2,4,perf-baseline-r002-20260818T050813Z,loan_to_approval,2,182,200,17.015900,
baseline,2,4,perf-baseline-r002-20260818T050813Z,loan_to_approval,2,183,200,16.866500,
baseline,2,4,perf-baseline-r002-20260818T050813Z,loan_to_approval,2,184,200,16.146300,
baseline,2,4,perf-baseline-r002-20260818T050813Z,loan_to_approval,2,185,200,15.616100,
baseline,2,4,perf-baseline-r002-20260818T050813Z,loan_to_approval,2,186,200,16.670600,
baseline,2,4,perf-baseline-r002-20260818T050813Z,loan_to_approval,2,187,200,16.305600,
baseline,2,4,perf-baseline-r002-20260818T050813Z,loan_to_approval,2,188,200,16.209900,
baseline,2,4,perf-baseline-r002-20260818T050813Z,loan_to_approval,2,189,200,16.505800,
baseline,2,4,perf-baseline-r002-20260818T050813Z,loan_to_approval,2,190,200,16.303300,
baseline,2,4,perf-baseline-r002-20260818T050813Z,loan_to_approval,2,191,200,16.805300,
baseline,2,4,perf-baseline-r002-20260818T050813Z,loan_to_approval,2,192,200,15.848100,
baseline,2,4,perf-baseline-r002-20260818T050813Z,loan_to_approval,2,193,200,17.458700,
baseline,2,4,perf-baseline-r002-20260818T050813Z,loan_to_approval,2,194,200,16.118800,
baseline,2,4,perf-baseline-r002-20260818T050813Z,loan_to_approval,2,195,200,15.770800,
baseline,2,4,perf-baseline-r002-20260818T050813Z,loan_to_approval,2,196,200,16.369300,
baseline,2,4,perf-baseline-r002-20260818T050813Z,loan_to_approval,2,197,200,16.314500,
baseline,2,4,perf-baseline-r002-20260818T050813Z,loan_to_approval,2,198,200,16.032300,
baseline,2,4,perf-baseline-r002-20260818T050813Z,loan_to_approval,2,199,200,16.354700,
baseline,2,4,perf-baseline-r002-20260818T050813Z,loan_to_approval,2,200,200,15.578300,
baseline,2,4,perf-baseline-r002-20260818T050813Z,loan_to_approval,3,1,200,16.169400,
baseline,2,4,perf-baseline-r002-20260818T050813Z,loan_to_approval,3,2,200,15.949300,
baseline,2,4,perf-baseline-r002-20260818T050813Z,loan_to_approval,3,3,200,15.760300,
baseline,2,4,perf-baseline-r002-20260818T050813Z,loan_to_approval,3,4,200,16.057900,
baseline,2,4,perf-baseline-r002-20260818T050813Z,loan_to_approval,3,5,200,15.769100,
baseline,2,4,perf-baseline-r002-20260818T050813Z,loan_to_approval,3,6,200,16.320600,
baseline,2,4,perf-baseline-r002-20260818T050813Z,loan_to_approval,3,7,200,17.224200,
baseline,2,4,perf-baseline-r002-20260818T050813Z,loan_to_approval,3,8,200,15.459900,
baseline,2,4,perf-baseline-r002-20260818T050813Z,loan_to_approval,3,9,200,16.195200,
baseline,2,4,perf-baseline-r002-20260818T050813Z,loan_to_approval,3,10,200,15.674200,
baseline,2,4,perf-baseline-r002-20260818T050813Z,loan_to_approval,3,11,200,16.012100,
baseline,2,4,perf-baseline-r002-20260818T050813Z,loan_to_approval,3,12,200,16.030700,
baseline,2,4,perf-baseline-r002-20260818T050813Z,loan_to_approval,3,13,200,17.045700,
baseline,2,4,perf-baseline-r002-20260818T050813Z,loan_to_approval,3,14,200,17.014300,
baseline,2,4,perf-baseline-r002-20260818T050813Z,loan_to_approval,3,15,200,16.599700,
baseline,2,4,perf-baseline-r002-20260818T050813Z,loan_to_approval,3,16,200,16.392700,
baseline,2,4,perf-baseline-r002-20260818T050813Z,loan_to_approval,3,17,200,17.135000,
baseline,2,4,perf-baseline-r002-20260818T050813Z,loan_to_approval,3,18,200,15.890200,
baseline,2,4,perf-baseline-r002-20260818T050813Z,loan_to_approval,3,19,200,15.711000,
baseline,2,4,perf-baseline-r002-20260818T050813Z,loan_to_approval,3,20,200,14.793100,
baseline,2,4,perf-baseline-r002-20260818T050813Z,loan_to_approval,3,21,200,15.283700,
baseline,2,4,perf-baseline-r002-20260818T050813Z,loan_to_approval,3,22,200,16.015900,
baseline,2,4,perf-baseline-r002-20260818T050813Z,loan_to_approval,3,23,200,14.839900,
baseline,2,4,perf-baseline-r002-20260818T050813Z,loan_to_approval,3,24,200,15.348200,
baseline,2,4,perf-baseline-r002-20260818T050813Z,loan_to_approval,3,25,200,15.903700,
baseline,2,4,perf-baseline-r002-20260818T050813Z,loan_to_approval,3,26,200,16.007200,
baseline,2,4,perf-baseline-r002-20260818T050813Z,loan_to_approval,3,27,200,15.926400,
baseline,2,4,perf-baseline-r002-20260818T050813Z,loan_to_approval,3,28,200,16.024600,
baseline,2,4,perf-baseline-r002-20260818T050813Z,loan_to_approval,3,29,200,16.240600,
baseline,2,4,perf-baseline-r002-20260818T050813Z,loan_to_approval,3,30,200,18.971100,
baseline,2,4,perf-baseline-r002-20260818T050813Z,loan_to_approval,3,31,200,16.814700,
baseline,2,4,perf-baseline-r002-20260818T050813Z,loan_to_approval,3,32,200,16.208400,
baseline,2,4,perf-baseline-r002-20260818T050813Z,loan_to_approval,3,33,200,17.118400,
baseline,2,4,perf-baseline-r002-20260818T050813Z,loan_to_approval,3,34,200,16.638600,
baseline,2,4,perf-baseline-r002-20260818T050813Z,loan_to_approval,3,35,200,16.262700,
baseline,2,4,perf-baseline-r002-20260818T050813Z,loan_to_approval,3,36,200,16.509600,
baseline,2,4,perf-baseline-r002-20260818T050813Z,loan_to_approval,3,37,200,15.913600,
baseline,2,4,perf-baseline-r002-20260818T050813Z,loan_to_approval,3,38,200,15.476900,
baseline,2,4,perf-baseline-r002-20260818T050813Z,loan_to_approval,3,39,200,17.648400,
baseline,2,4,perf-baseline-r002-20260818T050813Z,loan_to_approval,3,40,200,17.265100,
baseline,2,4,perf-baseline-r002-20260818T050813Z,loan_to_approval,3,41,200,16.888900,
baseline,2,4,perf-baseline-r002-20260818T050813Z,loan_to_approval,3,42,200,17.197900,
baseline,2,4,perf-baseline-r002-20260818T050813Z,loan_to_approval,3,43,200,17.265000,
baseline,2,4,perf-baseline-r002-20260818T050813Z,loan_to_approval,3,44,200,16.282700,
baseline,2,4,perf-baseline-r002-20260818T050813Z,loan_to_approval,3,45,200,16.467900,
baseline,2,4,perf-baseline-r002-20260818T050813Z,loan_to_approval,3,46,200,17.245700,
baseline,2,4,perf-baseline-r002-20260818T050813Z,loan_to_approval,3,47,200,17.559200,
baseline,2,4,perf-baseline-r002-20260818T050813Z,loan_to_approval,3,48,200,17.060700,
baseline,2,4,perf-baseline-r002-20260818T050813Z,loan_to_approval,3,49,200,16.807700,
baseline,2,4,perf-baseline-r002-20260818T050813Z,loan_to_approval,3,50,200,15.896300,
baseline,2,4,perf-baseline-r002-20260818T050813Z,loan_to_approval,3,51,200,15.778100,
baseline,2,4,perf-baseline-r002-20260818T050813Z,loan_to_approval,3,52,200,16.170300,
baseline,2,4,perf-baseline-r002-20260818T050813Z,loan_to_approval,3,53,200,15.860100,
baseline,2,4,perf-baseline-r002-20260818T050813Z,loan_to_approval,3,54,200,16.161400,
baseline,2,4,perf-baseline-r002-20260818T050813Z,loan_to_approval,3,55,200,15.565900,
baseline,2,4,perf-baseline-r002-20260818T050813Z,loan_to_approval,3,56,200,16.055300,
baseline,2,4,perf-baseline-r002-20260818T050813Z,loan_to_approval,3,57,200,15.983400,
baseline,2,4,perf-baseline-r002-20260818T050813Z,loan_to_approval,3,58,200,15.935600,
baseline,2,4,perf-baseline-r002-20260818T050813Z,loan_to_approval,3,59,200,16.075000,
baseline,2,4,perf-baseline-r002-20260818T050813Z,loan_to_approval,3,60,200,15.952500,
baseline,2,4,perf-baseline-r002-20260818T050813Z,loan_to_approval,3,61,200,16.604600,
baseline,2,4,perf-baseline-r002-20260818T050813Z,loan_to_approval,3,62,200,15.933700,
baseline,2,4,perf-baseline-r002-20260818T050813Z,loan_to_approval,3,63,200,16.196000,
baseline,2,4,perf-baseline-r002-20260818T050813Z,loan_to_approval,3,64,200,16.207000,
baseline,2,4,perf-baseline-r002-20260818T050813Z,loan_to_approval,3,65,200,15.971700,
baseline,2,4,perf-baseline-r002-20260818T050813Z,loan_to_approval,3,66,200,16.067400,
baseline,2,4,perf-baseline-r002-20260818T050813Z,loan_to_approval,3,67,200,16.879700,
baseline,2,4,perf-baseline-r002-20260818T050813Z,loan_to_approval,3,68,200,16.155300,
baseline,2,4,perf-baseline-r002-20260818T050813Z,loan_to_approval,3,69,200,16.828300,
baseline,2,4,perf-baseline-r002-20260818T050813Z,loan_to_approval,3,70,200,15.954700,
baseline,2,4,perf-baseline-r002-20260818T050813Z,loan_to_approval,3,71,200,14.684700,
baseline,2,4,perf-baseline-r002-20260818T050813Z,loan_to_approval,3,72,200,16.475000,
baseline,2,4,perf-baseline-r002-20260818T050813Z,loan_to_approval,3,73,200,17.280600,
baseline,2,4,perf-baseline-r002-20260818T050813Z,loan_to_approval,3,74,200,15.239800,
baseline,2,4,perf-baseline-r002-20260818T050813Z,loan_to_approval,3,75,200,15.236100,
baseline,2,4,perf-baseline-r002-20260818T050813Z,loan_to_approval,3,76,200,14.909800,
baseline,2,4,perf-baseline-r002-20260818T050813Z,loan_to_approval,3,77,200,16.385800,
baseline,2,4,perf-baseline-r002-20260818T050813Z,loan_to_approval,3,78,200,15.584900,
baseline,2,4,perf-baseline-r002-20260818T050813Z,loan_to_approval,3,79,200,16.269200,
baseline,2,4,perf-baseline-r002-20260818T050813Z,loan_to_approval,3,80,200,16.981700,
baseline,2,4,perf-baseline-r002-20260818T050813Z,loan_to_approval,3,81,200,15.823800,
baseline,2,4,perf-baseline-r002-20260818T050813Z,loan_to_approval,3,82,200,17.161600,
baseline,2,4,perf-baseline-r002-20260818T050813Z,loan_to_approval,3,83,200,17.664800,
baseline,2,4,perf-baseline-r002-20260818T050813Z,loan_to_approval,3,84,200,16.561500,
baseline,2,4,perf-baseline-r002-20260818T050813Z,loan_to_approval,3,85,200,15.718500,
baseline,2,4,perf-baseline-r002-20260818T050813Z,loan_to_approval,3,86,200,15.510400,
baseline,2,4,perf-baseline-r002-20260818T050813Z,loan_to_approval,3,87,200,15.442000,
baseline,2,4,perf-baseline-r002-20260818T050813Z,loan_to_approval,3,88,200,15.606800,
baseline,2,4,perf-baseline-r002-20260818T050813Z,loan_to_approval,3,89,200,16.293500,
baseline,2,4,perf-baseline-r002-20260818T050813Z,loan_to_approval,3,90,200,15.644700,
baseline,2,4,perf-baseline-r002-20260818T050813Z,loan_to_approval,3,91,200,16.085000,
baseline,2,4,perf-baseline-r002-20260818T050813Z,loan_to_approval,3,92,200,16.048400,
baseline,2,4,perf-baseline-r002-20260818T050813Z,loan_to_approval,3,93,200,15.850300,
baseline,2,4,perf-baseline-r002-20260818T050813Z,loan_to_approval,3,94,200,16.135800,
baseline,2,4,perf-baseline-r002-20260818T050813Z,loan_to_approval,3,95,200,15.765200,
baseline,2,4,perf-baseline-r002-20260818T050813Z,loan_to_approval,3,96,200,16.288200,
baseline,2,4,perf-baseline-r002-20260818T050813Z,loan_to_approval,3,97,200,16.840900,
baseline,2,4,perf-baseline-r002-20260818T050813Z,loan_to_approval,3,98,200,15.962700,
baseline,2,4,perf-baseline-r002-20260818T050813Z,loan_to_approval,3,99,200,15.942800,
baseline,2,4,perf-baseline-r002-20260818T050813Z,loan_to_approval,3,100,200,15.828100,
baseline,2,4,perf-baseline-r002-20260818T050813Z,loan_to_approval,3,101,200,16.533100,
baseline,2,4,perf-baseline-r002-20260818T050813Z,loan_to_approval,3,102,200,16.100500,
baseline,2,4,perf-baseline-r002-20260818T050813Z,loan_to_approval,3,103,200,16.229700,
baseline,2,4,perf-baseline-r002-20260818T050813Z,loan_to_approval,3,104,200,17.111600,
baseline,2,4,perf-baseline-r002-20260818T050813Z,loan_to_approval,3,105,200,15.803200,
baseline,2,4,perf-baseline-r002-20260818T050813Z,loan_to_approval,3,106,200,16.407400,
baseline,2,4,perf-baseline-r002-20260818T050813Z,loan_to_approval,3,107,200,16.776800,
baseline,2,4,perf-baseline-r002-20260818T050813Z,loan_to_approval,3,108,200,16.366300,
baseline,2,4,perf-baseline-r002-20260818T050813Z,loan_to_approval,3,109,200,17.347100,
baseline,2,4,perf-baseline-r002-20260818T050813Z,loan_to_approval,3,110,200,16.406500,
baseline,2,4,perf-baseline-r002-20260818T050813Z,loan_to_approval,3,111,200,15.979500,
baseline,2,4,perf-baseline-r002-20260818T050813Z,loan_to_approval,3,112,200,15.825600,
baseline,2,4,perf-baseline-r002-20260818T050813Z,loan_to_approval,3,113,200,15.624800,
baseline,2,4,perf-baseline-r002-20260818T050813Z,loan_to_approval,3,114,200,16.201200,
baseline,2,4,perf-baseline-r002-20260818T050813Z,loan_to_approval,3,115,200,15.289300,
baseline,2,4,perf-baseline-r002-20260818T050813Z,loan_to_approval,3,116,200,16.323100,
baseline,2,4,perf-baseline-r002-20260818T050813Z,loan_to_approval,3,117,200,16.361900,
baseline,2,4,perf-baseline-r002-20260818T050813Z,loan_to_approval,3,118,200,16.076400,
baseline,2,4,perf-baseline-r002-20260818T050813Z,loan_to_approval,3,119,200,15.988500,
baseline,2,4,perf-baseline-r002-20260818T050813Z,loan_to_approval,3,120,200,16.212000,
baseline,2,4,perf-baseline-r002-20260818T050813Z,loan_to_approval,3,121,200,16.879400,
baseline,2,4,perf-baseline-r002-20260818T050813Z,loan_to_approval,3,122,200,15.827800,
baseline,2,4,perf-baseline-r002-20260818T050813Z,loan_to_approval,3,123,200,15.786400,
baseline,2,4,perf-baseline-r002-20260818T050813Z,loan_to_approval,3,124,200,15.853600,
baseline,2,4,perf-baseline-r002-20260818T050813Z,loan_to_approval,3,125,200,16.155100,
baseline,2,4,perf-baseline-r002-20260818T050813Z,loan_to_approval,3,126,200,16.094300,
baseline,2,4,perf-baseline-r002-20260818T050813Z,loan_to_approval,3,127,200,15.574400,
baseline,2,4,perf-baseline-r002-20260818T050813Z,loan_to_approval,3,128,200,16.531000,
baseline,2,4,perf-baseline-r002-20260818T050813Z,loan_to_approval,3,129,200,17.971600,
baseline,2,4,perf-baseline-r002-20260818T050813Z,loan_to_approval,3,130,200,16.472900,
baseline,2,4,perf-baseline-r002-20260818T050813Z,loan_to_approval,3,131,200,15.191400,
baseline,2,4,perf-baseline-r002-20260818T050813Z,loan_to_approval,3,132,200,15.350300,
baseline,2,4,perf-baseline-r002-20260818T050813Z,loan_to_approval,3,133,200,15.646600,
baseline,2,4,perf-baseline-r002-20260818T050813Z,loan_to_approval,3,134,200,16.358200,
baseline,2,4,perf-baseline-r002-20260818T050813Z,loan_to_approval,3,135,200,16.073400,
baseline,2,4,perf-baseline-r002-20260818T050813Z,loan_to_approval,3,136,200,15.746400,
baseline,2,4,perf-baseline-r002-20260818T050813Z,loan_to_approval,3,137,200,15.632600,
baseline,2,4,perf-baseline-r002-20260818T050813Z,loan_to_approval,3,138,200,16.430800,
baseline,2,4,perf-baseline-r002-20260818T050813Z,loan_to_approval,3,139,200,15.726200,
baseline,2,4,perf-baseline-r002-20260818T050813Z,loan_to_approval,3,140,200,16.998800,
baseline,2,4,perf-baseline-r002-20260818T050813Z,loan_to_approval,3,141,200,16.942600,
baseline,2,4,perf-baseline-r002-20260818T050813Z,loan_to_approval,3,142,200,17.170000,
baseline,2,4,perf-baseline-r002-20260818T050813Z,loan_to_approval,3,143,200,17.381400,
baseline,2,4,perf-baseline-r002-20260818T050813Z,loan_to_approval,3,144,200,16.914900,
baseline,2,4,perf-baseline-r002-20260818T050813Z,loan_to_approval,3,145,200,16.122500,
baseline,2,4,perf-baseline-r002-20260818T050813Z,loan_to_approval,3,146,200,16.697400,
baseline,2,4,perf-baseline-r002-20260818T050813Z,loan_to_approval,3,147,200,15.738900,
baseline,2,4,perf-baseline-r002-20260818T050813Z,loan_to_approval,3,148,200,16.415200,
baseline,2,4,perf-baseline-r002-20260818T050813Z,loan_to_approval,3,149,200,16.819700,
baseline,2,4,perf-baseline-r002-20260818T050813Z,loan_to_approval,3,150,200,15.583200,
baseline,2,4,perf-baseline-r002-20260818T050813Z,loan_to_approval,3,151,200,15.897800,
baseline,2,4,perf-baseline-r002-20260818T050813Z,loan_to_approval,3,152,200,15.976500,
baseline,2,4,perf-baseline-r002-20260818T050813Z,loan_to_approval,3,153,200,16.005400,
baseline,2,4,perf-baseline-r002-20260818T050813Z,loan_to_approval,3,154,200,22.072700,
baseline,2,4,perf-baseline-r002-20260818T050813Z,loan_to_approval,3,155,200,19.562400,
baseline,2,4,perf-baseline-r002-20260818T050813Z,loan_to_approval,3,156,200,17.470700,
baseline,2,4,perf-baseline-r002-20260818T050813Z,loan_to_approval,3,157,200,17.217600,
baseline,2,4,perf-baseline-r002-20260818T050813Z,loan_to_approval,3,158,200,17.458500,
baseline,2,4,perf-baseline-r002-20260818T050813Z,loan_to_approval,3,159,200,17.311300,
baseline,2,4,perf-baseline-r002-20260818T050813Z,loan_to_approval,3,160,200,17.143200,
baseline,2,4,perf-baseline-r002-20260818T050813Z,loan_to_approval,3,161,200,16.835600,
baseline,2,4,perf-baseline-r002-20260818T050813Z,loan_to_approval,3,162,200,15.973500,
baseline,2,4,perf-baseline-r002-20260818T050813Z,loan_to_approval,3,163,200,15.963700,
baseline,2,4,perf-baseline-r002-20260818T050813Z,loan_to_approval,3,164,200,15.865500,
baseline,2,4,perf-baseline-r002-20260818T050813Z,loan_to_approval,3,165,200,15.976400,
baseline,2,4,perf-baseline-r002-20260818T050813Z,loan_to_approval,3,166,200,15.911300,
baseline,2,4,perf-baseline-r002-20260818T050813Z,loan_to_approval,3,167,200,16.699800,
baseline,2,4,perf-baseline-r002-20260818T050813Z,loan_to_approval,3,168,200,16.792300,
baseline,2,4,perf-baseline-r002-20260818T050813Z,loan_to_approval,3,169,200,17.793100,
baseline,2,4,perf-baseline-r002-20260818T050813Z,loan_to_approval,3,170,200,16.019300,
baseline,2,4,perf-baseline-r002-20260818T050813Z,loan_to_approval,3,171,200,17.193400,
baseline,2,4,perf-baseline-r002-20260818T050813Z,loan_to_approval,3,172,200,16.213500,
baseline,2,4,perf-baseline-r002-20260818T050813Z,loan_to_approval,3,173,200,16.302500,
baseline,2,4,perf-baseline-r002-20260818T050813Z,loan_to_approval,3,174,200,16.907000,
baseline,2,4,perf-baseline-r002-20260818T050813Z,loan_to_approval,3,175,200,17.776600,
baseline,2,4,perf-baseline-r002-20260818T050813Z,loan_to_approval,3,176,200,18.244300,
baseline,2,4,perf-baseline-r002-20260818T050813Z,loan_to_approval,3,177,200,17.520900,
baseline,2,4,perf-baseline-r002-20260818T050813Z,loan_to_approval,3,178,200,16.830900,
baseline,2,4,perf-baseline-r002-20260818T050813Z,loan_to_approval,3,179,200,17.425000,
baseline,2,4,perf-baseline-r002-20260818T050813Z,loan_to_approval,3,180,200,17.261900,
baseline,2,4,perf-baseline-r002-20260818T050813Z,loan_to_approval,3,181,200,17.137400,
baseline,2,4,perf-baseline-r002-20260818T050813Z,loan_to_approval,3,182,200,17.057100,
baseline,2,4,perf-baseline-r002-20260818T050813Z,loan_to_approval,3,183,200,16.391000,
baseline,2,4,perf-baseline-r002-20260818T050813Z,loan_to_approval,3,184,200,16.071800,
baseline,2,4,perf-baseline-r002-20260818T050813Z,loan_to_approval,3,185,200,15.820700,
baseline,2,4,perf-baseline-r002-20260818T050813Z,loan_to_approval,3,186,200,15.661900,
baseline,2,4,perf-baseline-r002-20260818T050813Z,loan_to_approval,3,187,200,16.702000,
baseline,2,4,perf-baseline-r002-20260818T050813Z,loan_to_approval,3,188,200,17.387600,
baseline,2,4,perf-baseline-r002-20260818T050813Z,loan_to_approval,3,189,200,19.134100,
baseline,2,4,perf-baseline-r002-20260818T050813Z,loan_to_approval,3,190,200,16.655500,
baseline,2,4,perf-baseline-r002-20260818T050813Z,loan_to_approval,3,191,200,18.191900,
baseline,2,4,perf-baseline-r002-20260818T050813Z,loan_to_approval,3,192,200,17.745600,
baseline,2,4,perf-baseline-r002-20260818T050813Z,loan_to_approval,3,193,200,19.678300,
baseline,2,4,perf-baseline-r002-20260818T050813Z,loan_to_approval,3,194,200,17.648800,
baseline,2,4,perf-baseline-r002-20260818T050813Z,loan_to_approval,3,195,200,16.650600,
baseline,2,4,perf-baseline-r002-20260818T050813Z,loan_to_approval,3,196,200,16.973000,
baseline,2,4,perf-baseline-r002-20260818T050813Z,loan_to_approval,3,197,200,16.909400,
baseline,2,4,perf-baseline-r002-20260818T050813Z,loan_to_approval,3,198,200,16.778300,
baseline,2,4,perf-baseline-r002-20260818T050813Z,loan_to_approval,3,199,200,16.570300,
baseline,2,4,perf-baseline-r002-20260818T050813Z,loan_to_approval,3,200,200,16.355600,
