mode,round_id,order_position,experiment_run_id,flow,batch_id,request_id,status_code,latency_ms,error
baseline,5,1,perf-baseline-r005-20260818T023702Z,loan_to_customer,1,1,200,14.195500,
baseline,5,1,perf-baseline-r005-20260818T023702Z,loan_to_customer,1,2,200,13.726500,
baseline,5,1,perf-baseline-r005-20260818T023702Z,loan_to_customer,1,3,200,13.864100,
baseline,5,1,perf-baseline-r005-20260818T023702Z,loan_to_customer,1,4,200,14.276900,
baseline,5,1,perf-baseline-r005-20260818T023702Z,loan_to_customer,1,5,200,14.298400,
baseline,5,1,perf-baseline-r005-20260818T023702Z,loan_to_customer,1,6,200,15.424700,
baseline,5,1,perf-baseline-r005-20260818T023702Z,loan_to_customer,1,7,200,13.831900,
baseline,5,1,perf-baseline-r005-20260818T023702Z,loan_to_customer,1,8,200,14.582500,
baseline,5,1,perf-baseline-r005-20260818T023702Z,loan_to_customer,1,9,200,14.560700,
baseline,5,1,perf-baseline-r005-20260818T023702Z,loan_to_customer,1,10,200,14.001100,
baseline,5,1,perf-baseline-r005-20260818T023702Z,loan_to_customer,1,11,200,14.056000,
baseline,5,1,perf-baseline-r005-20260818T023702Z,loan_to_customer,1,12,200,14.803000,
baseline,5,1,perf-baseline-r005-20260818T023702Z,loan_to_customer,1,13,200,13.974300,
baseline,5,1,perf-baseline-r005-20260818T023702Z,loan_to_customer,1,14,200,13.965400,
baseline,5,1,perf-baseline-r005-20260818T023702Z,loan_to_customer,1,15,200,14.292700,
baseline,5,1,perf-baseline-r005-20260818T023702Z,loan_to_customer,1,16,200,13.989200,
baseline,5,1,perf-baseline-r005-20260818T023702Z,loan_to_customer,1,17,200,14.303500,
baseline,5,1,perf-baseline-r005-20260818T023702Z,loan_to_customer,1,18,200,14.259100,
baseline,5,1,perf-baseline-r005-20260818T023702Z,loan_to_customer,1,19,200,14.392300,
baseline,5,1,perf-baseline-r005-20260818T023702Z,loan_to_customer,1,20,200,13.816700,
baseline,5,1,perf-baseline-r005-20260818T023702Z,loan_to_customer,1,21,200,14.201100,
baseline,5,1,perf-baseline-r005-20260818T023702Z,loan_to_customer,1,22,200,14.571000,
baseline,5,1,perf-baseline-r005-20260818T023702Z,loan_to_customer,1,23,200,14.230800,
baseline,5,1,perf-baseline-r005-20260818T023702Z,loan_to_customer,1,24,200,16.231700,
baseline,5,1,perf-baseline-r005-20260818T023702Z,loan_to_customer,1,25,200,14.541800,
baseline,5,1,perf-baseline-r005-20260818T023702Z,loan_to_customer,1,26,200,13.767100,
baseline,5,1,perf-baseline-r005-20260818T023702Z,loan_to_customer,1,27,200,13.611200,
baseline,5,1,perf-baseline-r005-20260818T023702Z,loan_to_customer,1,28,200,13.745400,
baseline,5,1,perf-baseline-r005-20260818T023702Z,loan_to_customer,1,29,200,14.294000,
baseline,5,1,perf-baseline-r005-20260818T023702Z,loan_to_customer,1,30,200,14.368400,
baseline,5,1,perf-baseline-r005-20260818T023702Z,loan_to_customer,1,31,200,13.924900,
baseline,5,1,perf-baseline-r005-20260818T023702Z,loan_to_customer,1,32,200,14.273600,
baseline,5,1,perf-baseline-r005-20260818T023702Z,loan_to_customer,1,33,200,13.781000,
baseline,5,1,perf-baseline-r005-20260818T023702Z,loan_to_customer,1,34,200,13.733000,
baseline,5,1,perf-baseline-r005-20260818T023702Z,loan_to_customer,1,35,200,14.034900,
baseline,5,1,perf-baseline-r005-20260818T023702Z,loan_to_customer,1,36,200,13.893600,
baseline,5,1,perf-baseline-r005-20260818T023702Z,loan_to_customer,1,37,200,14.304700,
baseline,5,1,perf-baseline-r005-20260818T023702Z,loan_to_customer,1,38,200,13.711900,
baseline,5,1,perf-baseline-r005-20260818T023702Z,loan_to_customer,1,39,200,13.791300,
baseline,5,1,perf-baseline-r005-20260818T023702Z,loan_to_customer,1,40,200,14.132000,
baseline,5,1,perf-baseline-r005-20260818T023702Z,loan_to_customer,1,41,200,13.652700,
baseline,5,1,perf-baseline-r005-20260818T023702Z,loan_to_customer,1,42,200,13.526600,
baseline,5,1,perf-baseline-r005-20260818T023702Z,loan_to_customer,1,43,200,13.759700,
baseline,5,1,perf-baseline-r005-20260818T023702Z,loan_to_customer,1,44,200,14.245600,
baseline,5,1,perf-baseline-r005-20260818T023702Z,loan_to_customer,1,45,200,13.733200,
baseline,5,1,perf-baseline-r005-20260818T023702Z,loan_to_customer,1,46,200,14.385200,
baseline,5,1,perf-baseline-r005-20260818T023702Z,loan_to_customer,1,47,200,14.503400,
baseline,5,1,perf-baseline-r005-20260818T023702Z,loan_to_customer,1,48,200,13.817600,
baseline,5,1,perf-baseline-r005-20260818T023702Z,loan_to_customer,1,49,200,13.874600,
baseline,5,1,perf-baseline-r005-20260818T023702Z,loan_to_customer,1,50,200,14.092000,
baseline,5,1,perf-baseline-r005-20260818T023702Z,loan_to_customer,1,51,200,14.244700,
baseline,5,1,perf-baseline-r005-20260818T023702Z,loan_to_customer,1,52,200,14.523800,
baseline,5,1,perf-baseline-r005-20260818T023702Z,loan_to_customer,1,53,200,14.542900,
baseline,5,1,perf-baseline-r005-20260818T023702Z,loan_to_customer,1,54,200,14.248500,
baseline,5,1,perf-baseline-r005-20260818T023702Z,loan_to_customer,1,55,200,14.099300,
baseline,5,1,perf-baseline-r005-20260818T023702Z,loan_to_customer,1,56,200,13.587600,
baseline,5,1,perf-baseline-r005-20260818T023702Z,loan_to_customer,1,57,200,14.220200,
baseline,5,1,perf-baseline-r005-20260818T023702Z,loan_to_customer,1,58,200,14.167600,
baseline,5,1,perf-baseline-r005-20260818T023702Z,loan_to_customer,1,59,200,14.098600,
baseline,5,1,perf-baseline-r005-20260818T023702Z,loan_to_customer,1,60,200,14.582900,
baseline,5,1,perf-baseline-r005-20260818T023702Z,loan_to_customer,1,61,200,13.853900,
baseline,5,1,perf-baseline-r005-20260818T023702Z,loan_to_customer,1,62,200,13.667900,
baseline,5,1,perf-baseline-r005-20260818T023702Z,loan_to_customer,1,63,200,14.363800,
baseline,5,1,perf-baseline-r005-20260818T023702Z,loan_to_customer,1,64,200,14.503000,
baseline,5,1,perf-baseline-r005-20260818T023702Z,loan_to_customer,1,65,200,13.772000,
baseline,5,1,perf-baseline-r005-20260818T023702Z,loan_to_customer,1,66,200,13.546500,
baseline,5,1,perf-baseline-r005-20260818T023702Z,loan_to_customer,1,67,200,13.784700,
baseline,5,1,perf-baseline-r005-20260818T023702Z,loan_to_customer,1,68,200,14.572100,
baseline,5,1,perf-baseline-r005-20260818T023702Z,loan_to_customer,1,69,200,13.872500,
baseline,5,1,perf-baseline-r005-20260818T023702Z,loan_to_customer,1,70,200,14.074900,
baseline,5,1,perf-baseline-r005-20260818T023702Z,loan_to_customer,1,71,200,13.994300,
baseline,5,1,perf-baseline-r005-20260818T023702Z,loan_to_customer,1,72,200,13.972000,
baseline,5,1,perf-baseline-r005-20260818T023702Z,loan_to_customer,1,73,200,14.273500,
baseline,5,1,perf-baseline-r005-20260818T023702Z,loan_to_customer,1,74,200,13.613200,
baseline,5,1,perf-baseline-r005-20260818T023702Z,loan_to_customer,1,75,200,13.653500,
baseline,5,1,perf-baseline-r005-20260818T023702Z,loan_to_customer,1,76,200,14.993500,
baseline,5,1,perf-baseline-r005-20260818T023702Z,loan_to_customer,1,77,200,15.035600,
baseline,5,1,perf-baseline-r005-20260818T023702Z,loan_to_customer,1,78,200,15.094200,
baseline,5,1,perf-baseline-r005-20260818T023702Z,loan_to_customer,1,79,200,15.013500,
baseline,5,1,perf-baseline-r005-20260818T023702Z,loan_to_customer,1,80,200,14.407800,
baseline,5,1,perf-baseline-r005-20260818T023702Z,loan_to_customer,1,81,200,13.971900,
baseline,5,1,perf-baseline-r005-20260818T023702Z,loan_to_customer,1,82,200,14.451400,
baseline,5,1,perf-baseline-r005-20260818T023702Z,loan_to_customer,1,83,200,14.840900,
baseline,5,1,perf-baseline-r005-20260818T023702Z,loan_to_customer,1,84,200,14.300900,
baseline,5,1,perf-baseline-r005-20260818T023702Z,loan_to_customer,1,85,200,14.006200,
baseline,5,1,perf-baseline-r005-20260818T023702Z,loan_to_customer,1,86,200,14.409500,
baseline,5,1,perf-baseline-r005-20260818T023702Z,loan_to_customer,1,87,200,14.481200,
baseline,5,1,perf-baseline-r005-20260818T023702Z,loan_to_customer,1,88,200,14.318000,
baseline,5,1,perf-baseline-r005-20260818T023702Z,loan_to_customer,1,89,200,15.166900,
baseline,5,1,perf-baseline-r005-20260818T023702Z,loan_to_customer,1,90,200,14.206200,
baseline,5,1,perf-baseline-r005-20260818T023702Z,loan_to_customer,1,91,200,13.923200,
baseline,5,1,perf-baseline-r005-20260818T023702Z,loan_to_customer,1,92,200,14.617600,
baseline,5,1,perf-baseline-r005-20260818T023702Z,loan_to_customer,1,93,200,14.379000,
baseline,5,1,perf-baseline-r005-20260818T023702Z,loan_to_customer,1,94,200,14.611100,
baseline,5,1,perf-baseline-r005-20260818T023702Z,loan_to_customer,1,95,200,23.805000,
baseline,5,1,perf-baseline-r005-20260818T023702Z,loan_to_customer,1,96,200,13.968400,
baseline,5,1,perf-baseline-r005-20260818T023702Z,loan_to_customer,1,97,200,14.058100,
baseline,5,1,perf-baseline-r005-20260818T023702Z,loan_to_customer,1,98,200,14.347800,
baseline,5,1,perf-baseline-r005-20260818T023702Z,loan_to_customer,1,99,200,14.302000,
baseline,5,1,perf-baseline-r005-20260818T023702Z,loan_to_customer,1,100,200,13.757400,
baseline,5,1,perf-baseline-r005-20260818T023702Z,loan_to_customer,1,101,200,14.488700,
baseline,5,1,perf-baseline-r005-20260818T023702Z,loan_to_customer,1,102,200,14.061500,
baseline,5,1,perf-baseline-r005-20260818T023702Z,loan_to_customer,1,103,200,13.728700,
baseline,5,1,perf-baseline-r005-20260818T023702Z,loan_to_customer,1,104,200,13.740300,
baseline,5,1,perf-baseline-r005-20260818T023702Z,loan_to_customer,1,105,200,14.223300,
baseline,5,1,perf-baseline-r005-20260818T023702Z,loan_to_customer,1,106,200,14.005700,
baseline,5,1,perf-baseline-r005-20260818T023702Z,loan_to_customer,1,107,200,13.805900,
baseline,5,1,perf-baseline-r005-20260818T023702Z,loan_to_customer,1,108,200,13.800000,
baseline,5,1,perf-baseline-r005-20260818T023702Z,loan_to_customer,1,109,200,15.166300,
baseline,5,1,perf-baseline-r005-20260818T023702Z,loan_to_customer,1,110,200,13.977400,
baseline,5,1,perf-baseline-r005-20260818T023702Z,loan_to_customer,1,111,200,14.344800,
baseline,5,1,perf-baseline-r005-20260818T023702Z,loan_to_customer,1,112,200,14.106300,
baseline,5,1,perf-baseline-r005-20260818T023702Z,loan_to_customer,1,113,200,13.962200,
baseline,5,1,perf-baseline-r005-20260818T023702Z,loan_to_customer,1,114,200,13.555900,
baseline,5,1,perf-baseline-r005-20260818T023702Z,loan_to_customer,1,115,200,13.726500,
baseline,5,1,perf-baseline-r005-20260818T023702Z,loan_to_customer,1,116,200,14.086500,
baseline,5,1,perf-baseline-r005-20260818T023702Z,loan_to_customer,1,117,200,13.606900,
baseline,5,1,perf-baseline-r005-20260818T023702Z,loan_to_customer,1,118,200,13.940700,
baseline,5,1,perf-baseline-r005-20260818T023702Z,loan_to_customer,1,119,200,13.819200,
baseline,5,1,perf-baseline-r005-20260818T023702Z,loan_to_customer,1,120,200,14.407400,
baseline,5,1,perf-baseline-r005-20260818T023702Z,loan_to_customer,1,121,200,13.980300,
baseline,5,1,perf-baseline-r005-20260818T023702Z,loan_to_customer,1,122,200,14.792100,
baseline,5,1,perf-baseline-r005-20260818T023702Z,loan_to_customer,1,123,200,14.429300,
baseline,5,1,perf-baseline-r005-20260818T023702Z,loan_to_customer,1,124,200,14.710600,
baseline,5,1,perf-baseline-r005-20260818T023702Z,loan_to_customer,1,125,200,14.395300,
baseline,5,1,perf-baseline-r005-20260818T023702Z,loan_to_customer,1,126,200,13.809800,
baseline,5,1,perf-baseline-r005-20260818T023702Z,loan_to_customer,1,127,200,14.841600,
baseline,5,1,perf-baseline-r005-20260818T023702Z,loan_to_customer,1,128,200,15.063800,
baseline,5,1,perf-baseline-r005-20260818T023702Z,loan_to_customer,1,129,200,14.512000,
baseline,5,1,perf-baseline-r005-20260818T023702Z,loan_to_customer,1,130,200,13.886600,
baseline,5,1,perf-baseline-r005-20260818T023702Z,loan_to_customer,1,131,200,14.417000,
baseline,5,1,perf-baseline-r005-20260818T023702Z,loan_to_customer,1,132,200,14.194800,
baseline,5,1,perf-baseline-r005-20260818T023702Z,loan_to_customer,1,133,200,14.734800,
baseline,5,1,perf-baseline-r005-20260818T023702Z,loan_to_customer,1,134,200,13.891600,
baseline,5,1,perf-baseline-r005-20260818T023702Z,loan_to_customer,1,135,200,14.658400,
baseline,5,1,perf-baseline-r005-20260818T023702Z,loan_to_customer,1,136,200,13.450400,
baseline,5,1,perf-baseline-r005-20260818T023702Z,loan_to_customer,1,137,200,13.763500,
baseline,5,1,perf-baseline-r005-20260818T023702Z,loan_to_customer,1,138,200,13.660000,
baseline,5,1,perf-baseline-r005-20260818T023702Z,loan_to_customer,1,139,200,13.595100,
baseline,5,1,perf-baseline-r005-20260818T023702Z,loan_to_customer,1,140,200,14.107400,
baseline,5,1,perf-baseline-r005-20260818T023702Z,loan_to_customer,1,141,200,14.197200,
baseline,5,1,perf-baseline-r005-20260818T023702Z,loan_to_customer,1,142,200,14.512400,
baseline,5,1,perf-baseline-r005-20260818T023702Z,loan_to_customer,1,143,200,14.464600,
baseline,5,1,perf-baseline-r005-20260818T023702Z,loan_to_customer,1,144,200,14.874200,
baseline,5,1,perf-baseline-r005-20260818T023702Z,loan_to_customer,1,145,200,14.774200,
baseline,5,1,perf-baseline-r005-20260818T023702Z,loan_to_customer,1,146,200,14.925100,
baseline,5,1,perf-baseline-r005-20260818T023702Z,loan_to_customer,1,147,200,15.015000,
baseline,5,1,perf-baseline-r005-20260818T023702Z,loan_to_customer,1,148,200,13.622600,
baseline,5,1,perf-baseline-r005-20260818T023702Z,loan_to_customer,1,149,200,14.034200,
baseline,5,1,perf-baseline-r005-20260818T023702Z,loan_to_customer,1,150,200,14.393900,
baseline,5,1,perf-baseline-r005-20260818T023702Z,loan_to_customer,1,151,200,13.588400,
baseline,5,1,perf-baseline-r005-20260818T023702Z,loan_to_customer,1,152,200,13.766800,
baseline,5,1,perf-baseline-r005-20260818T023702Z,loan_to_customer,1,153,200,13.884200,
baseline,5,1,perf-baseline-r005-20260818T023702Z,loan_to_customer,1,154,200,13.900600,
baseline,5,1,perf-baseline-r005-20260818T023702Z,loan_to_customer,1,155,200,13.580400,
baseline,5,1,perf-baseline-r005-20260818T023702Z,loan_to_customer,1,156,200,14.056600,
baseline,5,1,perf-baseline-r005-20260818T023702Z,loan_to_customer,1,157,200,14.165600,
baseline,5,1,perf-baseline-r005-20260818T023702Z,loan_to_customer,1,158,200,13.832500,
baseline,5,1,perf-baseline-r005-20260818T023702Z,loan_to_customer,1,159,200,14.605100,
baseline,5,1,perf-baseline-r005-20260818T023702Z,loan_to_customer,1,160,200,14.345300,
baseline,5,1,perf-baseline-r005-20260818T023702Z,loan_to_customer,1,161,200,14.962100,
baseline,5,1,perf-baseline-r005-20260818T023702Z,loan_to_customer,1,162,200,13.913100,
baseline,5,1,perf-baseline-r005-20260818T023702Z,loan_to_customer,1,163,200,14.721900,
baseline,5,1,perf-baseline-r005-20260818T023702Z,loan_to_customer,1,164,200,15.068200,
baseline,5,1,perf-baseline-r005-20260818T023702Z,loan_to_customer,1,165,200,14.295300,
baseline,5,1,perf-baseline-r005-20260818T023702Z,loan_to_customer,1,166,200,14.557400,
baseline,5,1,perf-baseline-r005-20260818T023702Z,loan_to_customer,1,167,200,13.740700,
baseline,5,1,perf-baseline-r005-20260818T023702Z,loan_to_customer,1,168,200,14.130800,
baseline,5,1,perf-baseline-r005-20260818T023702Z,loan_to_customer,1,169,200,13.693300,
baseline,5,1,perf-baseline-r005-20260818T023702Z,loan_to_customer,1,170,200,14.131400,
baseline,5,1,perf-baseline-r005-20260818T023702Z,loan_to_customer,1,171,200,13.642500,
baseline,5,1,perf-baseline-r005-20260818T023702Z,loan_to_customer,1,172,200,14.070800,
baseline,5,1,perf-baseline-r005-20260818T023702Z,loan_to_customer,1,173,200,14.154600,
baseline,5,1,perf-baseline-r005-20260818T023702Z,loan_to_customer,1,174,200,14.094100,
baseline,5,1,perf-baseline-r005-20260818T023702Z,loan_to_customer,1,175,200,14.200300,
baseline,5,1,perf-baseline-r005-20260818T023702Z,loan_to_customer,1,176,200,14.145800,
baseline,5,1,perf-baseline-r005-20260818T023702Z,loan_to_customer,1,177,200,14.081800,
baseline,5,1,perf-baseline-r005-20260818T023702Z,loan_to_customer,1,178,200,14.295400,
baseline,5,1,perf-baseline-r005-20260818T023702Z,loan_to_customer,1,179,200,14.420900,
baseline,5,1,perf-baseline-r005-20260818T023702Z,loan_to_customer,1,180,200,14.578200,
baseline,5,1,perf-baseline-r005-20260818T023702Z,loan_to_customer,1,181,200,14.075200,
baseline,5,1,perf-baseline-r005-20260818T023702Z,loan_to_customer,1,182,200,13.705600,
baseline,5,1,perf-baseline-r005-20260818T023702Z,loan_to_customer,1,183,200,14.961000,
baseline,5,1,perf-baseline-r005-20260818T023702Z,loan_to_customer,1,184,200,14.583300,
baseline,5,1,perf-baseline-r005-20260818T023702Z,loan_to_customer,1,185,200,15.354100,
baseline,5,1,perf-baseline-r005-20260818T023702Z,loan_to_customer,1,186,200,15.831200,
baseline,5,1,perf-baseline-r005-20260818T023702Z,loan_to_customer,1,187,200,14.044700,
baseline,5,1,perf-baseline-r005-20260818T023702Z,loan_to_customer,1,188,200,14.463500,
baseline,5,1,perf-baseline-r005-20260818T023702Z,loan_to_customer,1,189,200,14.995800,
baseline,5,1,perf-baseline-r005-20260818T023702Z,loan_to_customer,1,190,200,14.627200,
baseline,5,1,perf-baseline-r005-20260818T023702Z,loan_to_customer,1,191,200,14.848500,
baseline,5,1,perf-baseline-r005-20260818T023702Z,loan_to_customer,1,192,200,14.126100,
baseline,5,1,perf-baseline-r005-20260818T023702Z,loan_to_customer,1,193,200,14.007500,
baseline,5,1,perf-baseline-r005-20260818T023702Z,loan_to_customer,1,194,200,13.967400,
baseline,5,1,perf-baseline-r005-20260818T023702Z,loan_to_customer,1,195,200,14.304600,
baseline,5,1,perf-baseline-r005-20260818T023702Z,loan_to_customer,1,196,200,14.111600,
baseline,5,1,perf-baseline-r005-20260818T023702Z,loan_to_customer,1,197,200,14.959000,
baseline,5,1,perf-baseline-r005-20260818T023702Z,loan_to_customer,1,198,200,15.056700,
baseline,5,1,perf-baseline-r005-20260818T023702Z,loan_to_customer,1,199,200,14.481300,
baseline,5,1,perf-baseline-r005-20260818T023702Z,loan_to_customer,1,200,200,15.149700,
baseline,5,1,perf-baseline-r005-20260818T023702Z,loan_to_customer,2,1,200,14.748800,
baseline,5,1,perf-baseline-r005-20260818T023702Z,loan_to_customer,2,2,200,14.665900,
baseline,5,1,perf-baseline-r005-20260818T023702Z,loan_to_customer,2,3,200,14.690400,
baseline,5,1,perf-baseline-r005-20260818T023702Z,loan_to_customer,2,4,200,14.756900,
baseline,5,1,perf-baseline-r005-20260818T023702Z,loan_to_customer,2,5,200,14.332700,
baseline,5,1,perf-baseline-r005-20260818T023702Z,loan_to_customer,2,6,200,14.288000,
baseline,5,1,perf-baseline-r005-20260818T023702Z,loan_to_customer,2,7,200,13.935800,
baseline,5,1,perf-baseline-r005-20260818T023702Z,loan_to_customer,2,8,200,14.594800,
baseline,5,1,perf-baseline-r005-20260818T023702Z,loan_to_customer,2,9,200,17.792100,
baseline,5,1,perf-baseline-r005-20260818T023702Z,loan_to_customer,2,10,200,15.896000,
baseline,5,1,perf-baseline-r005-20260818T023702Z,loan_to_customer,2,11,200,15.776800,
baseline,5,1,perf-baseline-r005-20260818T023702Z,loan_to_customer,2,12,200,13.983200,
baseline,5,1,perf-baseline-r005-20260818T023702Z,loan_to_customer,2,13,200,14.135500,
baseline,5,1,perf-baseline-r005-20260818T023702Z,loan_to_customer,2,14,200,14.476800,
baseline,5,1,perf-baseline-r005-20260818T023702Z,loan_to_customer,2,15,200,14.156100,
baseline,5,1,perf-baseline-r005-20260818T023702Z,loan_to_customer,2,16,200,14.324000,
baseline,5,1,perf-baseline-r005-20260818T023702Z,loan_to_customer,2,17,200,14.210700,
baseline,5,1,perf-baseline-r005-20260818T023702Z,loan_to_customer,2,18,200,14.325600,
baseline,5,1,perf-baseline-r005-20260818T023702Z,loan_to_customer,2,19,200,15.014400,
baseline,5,1,perf-baseline-r005-20260818T023702Z,loan_to_customer,2,20,200,14.763600,
baseline,5,1,perf-baseline-r005-20260818T023702Z,loan_to_customer,2,21,200,14.515400,
baseline,5,1,perf-baseline-r005-20260818T023702Z,loan_to_customer,2,22,200,14.955700,
baseline,5,1,perf-baseline-r005-20260818T023702Z,loan_to_customer,2,23,200,15.877100,
baseline,5,1,perf-baseline-r005-20260818T023702Z,loan_to_customer,2,24,200,16.175700,
baseline,5,1,perf-baseline-r005-20260818T023702Z,loan_to_customer,2,25,200,17.018400,
baseline,5,1,perf-baseline-r005-20260818T023702Z,loan_to_customer,2,26,200,17.043700,
baseline,5,1,perf-baseline-r005-20260818T023702Z,loan_to_customer,2,27,200,17.270600,
baseline,5,1,perf-baseline-r005-20260818T023702Z,loan_to_customer,2,28,200,18.015800,
baseline,5,1,perf-baseline-r005-20260818T023702Z,loan_to_customer,2,29,200,18.629800,
baseline,5,1,perf-baseline-r005-20260818T023702Z,loan_to_customer,2,30,200,19.436000,
baseline,5,1,perf-baseline-r005-20260818T023702Z,loan_to_customer,2,31,200,18.828700,
baseline,5,1,perf-baseline-r005-20260818T023702Z,loan_to_customer,2,32,200,18.560600,
baseline,5,1,perf-baseline-r005-20260818T023702Z,loan_to_customer,2,33,200,16.226800,
baseline,5,1,perf-baseline-r005-20260818T023702Z,loan_to_customer,2,34,200,16.368500,
baseline,5,1,perf-baseline-r005-20260818T023702Z,loan_to_customer,2,35,200,15.297600,
baseline,5,1,perf-baseline-r005-20260818T023702Z,loan_to_customer,2,36,200,14.404900,
baseline,5,1,perf-baseline-r005-20260818T023702Z,loan_to_customer,2,37,200,15.402700,
baseline,5,1,perf-baseline-r005-20260818T023702Z,loan_to_customer,2,38,200,15.223600,
baseline,5,1,perf-baseline-r005-20260818T023702Z,loan_to_customer,2,39,200,15.702300,
baseline,5,1,perf-baseline-r005-20260818T023702Z,loan_to_customer,2,40,200,16.684100,
baseline,5,1,perf-baseline-r005-20260818T023702Z,loan_to_customer,2,41,200,16.417000,
baseline,5,1,perf-baseline-r005-20260818T023702Z,loan_to_customer,2,42,200,14.514200,
baseline,5,1,perf-baseline-r005-20260818T023702Z,loan_to_customer,2,43,200,14.404600,
baseline,5,1,perf-baseline-r005-20260818T023702Z,loan_to_customer,2,44,200,15.088900,
baseline,5,1,perf-baseline-r005-20260818T023702Z,loan_to_customer,2,45,200,14.524700,
baseline,5,1,perf-baseline-r005-20260818T023702Z,loan_to_customer,2,46,200,14.828800,
baseline,5,1,perf-baseline-r005-20260818T023702Z,loan_to_customer,2,47,200,14.510800,
baseline,5,1,perf-baseline-r005-20260818T023702Z,loan_to_customer,2,48,200,15.272200,
baseline,5,1,perf-baseline-r005-20260818T023702Z,loan_to_customer,2,49,200,17.591100,
baseline,5,1,perf-baseline-r005-20260818T023702Z,loan_to_customer,2,50,200,14.037500,
baseline,5,1,perf-baseline-r005-20260818T023702Z,loan_to_customer,2,51,200,14.964900,
baseline,5,1,perf-baseline-r005-20260818T023702Z,loan_to_customer,2,52,200,14.852500,
baseline,5,1,perf-baseline-r005-20260818T023702Z,loan_to_customer,2,53,200,14.631600,
baseline,5,1,perf-baseline-r005-20260818T023702Z,loan_to_customer,2,54,200,14.601800,
baseline,5,1,perf-baseline-r005-20260818T023702Z,loan_to_customer,2,55,200,14.459300,
baseline,5,1,perf-baseline-r005-20260818T023702Z,loan_to_customer,2,56,200,14.723800,
baseline,5,1,perf-baseline-r005-20260818T023702Z,loan_to_customer,2,57,200,14.641800,
baseline,5,1,perf-baseline-r005-20260818T023702Z,loan_to_customer,2,58,200,14.119200,
baseline,5,1,perf-baseline-r005-20260818T023702Z,loan_to_customer,2,59,200,14.348700,
baseline,5,1,perf-baseline-r005-20260818T023702Z,loan_to_customer,2,60,200,14.357500,
baseline,5,1,perf-baseline-r005-20260818T023702Z,loan_to_customer,2,61,200,14.789600,
baseline,5,1,perf-baseline-r005-20260818T023702Z,loan_to_customer,2,62,200,14.148800,
baseline,5,1,perf-baseline-r005-20260818T023702Z,loan_to_customer,2,63,200,13.948600,
baseline,5,1,perf-baseline-r005-20260818T023702Z,loan_to_customer,2,64,200,15.257200,
baseline,5,1,perf-baseline-r005-20260818T023702Z,loan_to_customer,2,65,200,15.766100,
baseline,5,1,perf-baseline-r005-20260818T023702Z,loan_to_customer,2,66,200,14.271600,
baseline,5,1,perf-baseline-r005-20260818T023702Z,loan_to_customer,2,67,200,15.247100,
baseline,5,1,perf-baseline-r005-20260818T023702Z,loan_to_customer,2,68,200,15.782100,
baseline,5,1,perf-baseline-r005-20260818T023702Z,loan_to_customer,2,69,200,16.134300,
baseline,5,1,perf-baseline-r005-20260818T023702Z,loan_to_customer,2,70,200,17.174800,
baseline,5,1,perf-baseline-r005-20260818T023702Z,loan_to_customer,2,71,200,15.184100,
baseline,5,1,perf-baseline-r005-20260818T023702Z,loan_to_customer,2,72,200,15.193100,
baseline,5,1,perf-baseline-r005-20260818T023702Z,loan_to_customer,2,73,200,16.925800,
baseline,5,1,perf-baseline-r005-20260818T023702Z,loan_to_customer,2,74,200,14.154700,
baseline,5,1,perf-baseline-r005-20260818T023702Z,loan_to_customer,2,75,200,14.616300,
baseline,5,1,perf-baseline-r005-20260818T023702Z,loan_to_customer,2,76,200,14.231600,
baseline,5,1,perf-baseline-r005-20260818T023702Z,loan_to_customer,2,77,200,14.079000,
baseline,5,1,perf-baseline-r005-20260818T023702Z,loan_to_customer,2,78,200,14.498100,
baseline,5,1,perf-baseline-r005-20260818T023702Z,loan_to_customer,2,79,200,14.259700,
baseline,5,1,perf-baseline-r005-20260818T023702Z,loan_to_customer,2,80,200,14.635400,
baseline,5,1,perf-baseline-r005-20260818T023702Z,loan_to_customer,2,81,200,14.061900,
baseline,5,1,perf-baseline-r005-20260818T023702Z,loan_to_customer,2,82,200,14.007500,
baseline,5,1,perf-baseline-r005-20260818T023702Z,loan_to_customer,2,83,200,14.828300,
baseline,5,1,perf-baseline-r005-20260818T023702Z,loan_to_customer,2,84,200,14.782400,
baseline,5,1,perf-baseline-r005-20260818T023702Z,loan_to_customer,2,85,200,14.627800,
baseline,5,1,perf-baseline-r005-20260818T023702Z,loan_to_customer,2,86,200,14.132900,
baseline,5,1,perf-baseline-r005-20260818T023702Z,loan_to_customer,2,87,200,13.939500,
baseline,5,1,perf-baseline-r005-20260818T023702Z,loan_to_customer,2,88,200,13.795600,
baseline,5,1,perf-baseline-r005-20260818T023702Z,loan_to_customer,2,89,200,13.832900,
baseline,5,1,perf-baseline-r005-20260818T023702Z,loan_to_customer,2,90,200,13.982100,
baseline,5,1,perf-baseline-r005-20260818T023702Z,loan_to_customer,2,91,200,14.175400,
baseline,5,1,perf-baseline-r005-20260818T023702Z,loan_to_customer,2,92,200,13.875500,
baseline,5,1,perf-baseline-r005-20260818T023702Z,loan_to_customer,2,93,200,14.117800,
baseline,5,1,perf-baseline-r005-20260818T023702Z,loan_to_customer,2,94,200,14.126900,
baseline,5,1,perf-baseline-r005-20260818T023702Z,loan_to_customer,2,95,200,13.645600,
baseline,5,1,perf-baseline-r005-20260818T023702Z,loan_to_customer,2,96,200,13.977400,
baseline,5,1,perf-baseline-r005-20260818T023702Z,loan_to_customer,2,97,200,13.941800,
baseline,5,1,perf-baseline-r005-20260818T023702Z,loan_to_customer,2,98,200,15.707500,
baseline,5,1,perf-baseline-r005-20260818T023702Z,loan_to_customer,2,99,200,15.393500,
baseline,5,1,perf-baseline-r005-20260818T023702Z,loan_to_customer,2,100,200,15.112900,
baseline,5,1,perf-baseline-r005-20260818T023702Z,loan_to_customer,2,101,200,14.791800,
baseline,5,1,perf-baseline-r005-20260818T023702Z,loan_to_customer,2,102,200,14.837200,
baseline,5,1,perf-baseline-r005-20260818T023702Z,loan_to_customer,2,103,200,15.262600,
baseline,5,1,perf-baseline-r005-20260818T023702Z,loan_to_customer,2,104,200,14.568700,
baseline,5,1,perf-baseline-r005-20260818T023702Z,loan_to_customer,2,105,200,14.820000,
baseline,5,1,perf-baseline-r005-20260818T023702Z,loan_to_customer,2,106,200,14.325900,
baseline,5,1,perf-baseline-r005-20260818T023702Z,loan_to_customer,2,107,200,13.445400,
baseline,5,1,perf-baseline-r005-20260818T023702Z,loan_to_customer,2,108,200,13.825000,
baseline,5,1,perf-baseline-r005-20260818T023702Z,loan_to_customer,2,109,200,13.849600,
baseline,5,1,perf-baseline-r005-20260818T023702Z,loan_to_customer,2,110,200,13.827000,
baseline,5,1,perf-baseline-r005-20260818T023702Z,loan_to_customer,2,111,200,13.725600,
baseline,5,1,perf-baseline-r005-20260818T023702Z,loan_to_customer,2,112,200,13.992100,
baseline,5,1,perf-baseline-r005-20260818T023702Z,loan_to_customer,2,113,200,13.512400,
baseline,5,1,perf-baseline-r005-20260818T023702Z,loan_to_customer,2,114,200,13.628100,
baseline,5,1,perf-baseline-r005-20260818T023702Z,loan_to_customer,2,115,200,13.971200,
baseline,5,1,perf-baseline-r005-20260818T023702Z,loan_to_customer,2,116,200,13.675000,
baseline,5,1,perf-baseline-r005-20260818T023702Z,loan_to_customer,2,117,200,13.628700,
baseline,5,1,perf-baseline-r005-20260818T023702Z,loan_to_customer,2,118,200,13.535100,
baseline,5,1,perf-baseline-r005-20260818T023702Z,loan_to_customer,2,119,200,13.727700,
baseline,5,1,perf-baseline-r005-20260818T023702Z,loan_to_customer,2,120,200,14.298200,
baseline,5,1,perf-baseline-r005-20260818T023702Z,loan_to_customer,2,121,200,14.069200,
baseline,5,1,perf-baseline-r005-20260818T023702Z,loan_to_customer,2,122,200,14.173400,
baseline,5,1,perf-baseline-r005-20260818T023702Z,loan_to_customer,2,123,200,13.586200,
baseline,5,1,perf-baseline-r005-20260818T023702Z,loan_to_customer,2,124,200,14.231100,
baseline,5,1,perf-baseline-r005-20260818T023702Z,loan_to_customer,2,125,200,13.789600,
baseline,5,1,perf-baseline-r005-20260818T023702Z,loan_to_customer,2,126,200,14.418600,
baseline,5,1,perf-baseline-r005-20260818T023702Z,loan_to_customer,2,127,200,13.984200,
baseline,5,1,perf-baseline-r005-20260818T023702Z,loan_to_customer,2,128,200,13.730400,
baseline,5,1,perf-baseline-r005-20260818T023702Z,loan_to_customer,2,129,200,13.834900,
baseline,5,1,perf-baseline-r005-20260818T023702Z,loan_to_customer,2,130,200,13.750800,
baseline,5,1,perf-baseline-r005-20260818T023702Z,loan_to_customer,2,131,200,13.762500,
baseline,5,1,perf-baseline-r005-20260818T023702Z,loan_to_customer,2,132,200,14.933700,
baseline,5,1,perf-baseline-r005-20260818T023702Z,loan_to_customer,2,133,200,14.144100,
baseline,5,1,perf-baseline-r005-20260818T023702Z,loan_to_customer,2,134,200,13.559900,
baseline,5,1,perf-baseline-r005-20260818T023702Z,loan_to_customer,2,135,200,13.980700,
baseline,5,1,perf-baseline-r005-20260818T023702Z,loan_to_customer,2,136,200,14.323700,
baseline,5,1,perf-baseline-r005-20260818T023702Z,loan_to_customer,2,137,200,16.860600,
baseline,5,1,perf-baseline-r005-20260818T023702Z,loan_to_customer,2,138,200,14.206900,
baseline,5,1,perf-baseline-r005-20260818T023702Z,loan_to_customer,2,139,200,13.884100,
baseline,5,1,perf-baseline-r005-20260818T023702Z,loan_to_customer,2,140,200,15.193300,
baseline,5,1,perf-baseline-r005-20260818T023702Z,loan_to_customer,2,141,200,15.598100,
baseline,5,1,perf-baseline-r005-20260818T023702Z,loan_to_customer,2,142,200,16.171800,
baseline,5,1,perf-baseline-r005-20260818T023702Z,loan_to_customer,2,143,200,14.336000,
baseline,5,1,perf-baseline-r005-20260818T023702Z,loan_to_customer,2,144,200,14.473100,
baseline,5,1,perf-baseline-r005-20260818T023702Z,loan_to_customer,2,145,200,15.359600,
baseline,5,1,perf-baseline-r005-20260818T023702Z,loan_to_customer,2,146,200,14.915500,
baseline,5,1,perf-baseline-r005-20260818T023702Z,loan_to_customer,2,147,200,14.317200,
baseline,5,1,perf-baseline-r005-20260818T023702Z,loan_to_customer,2,148,200,14.488300,
baseline,5,1,perf-baseline-r005-20260818T023702Z,loan_to_customer,2,149,200,14.636800,
baseline,5,1,perf-baseline-r005-20260818T023702Z,loan_to_customer,2,150,200,13.672200,
baseline,5,1,perf-baseline-r005-20260818T023702Z,loan_to_customer,2,151,200,13.939400,
baseline,5,1,perf-baseline-r005-20260818T023702Z,loan_to_customer,2,152,200,14.091600,
baseline,5,1,perf-baseline-r005-20260818T023702Z,loan_to_customer,2,153,200,13.526700,
baseline,5,1,perf-baseline-r005-20260818T023702Z,loan_to_customer,2,154,200,13.683000,
baseline,5,1,perf-baseline-r005-20260818T023702Z,loan_to_customer,2,155,200,13.949800,
baseline,5,1,perf-baseline-r005-20260818T023702Z,loan_to_customer,2,156,200,13.610200,
baseline,5,1,perf-baseline-r005-20260818T023702Z,loan_to_customer,2,157,200,14.597100,
baseline,5,1,perf-baseline-r005-20260818T023702Z,loan_to_customer,2,158,200,13.959400,
baseline,5,1,perf-baseline-r005-20260818T023702Z,loan_to_customer,2,159,200,13.987600,
baseline,5,1,perf-baseline-r005-20260818T023702Z,loan_to_customer,2,160,200,14.026400,
baseline,5,1,perf-baseline-r005-20260818T023702Z,loan_to_customer,2,161,200,13.873600,
baseline,5,1,perf-baseline-r005-20260818T023702Z,loan_to_customer,2,162,200,13.644300,
baseline,5,1,perf-baseline-r005-20260818T023702Z,loan_to_customer,2,163,200,14.209800,
baseline,5,1,perf-baseline-r005-20260818T023702Z,loan_to_customer,2,164,200,14.201300,
baseline,5,1,perf-baseline-r005-20260818T023702Z,loan_to_customer,2,165,200,14.309800,
baseline,5,1,perf-baseline-r005-20260818T023702Z,loan_to_customer,2,166,200,15.128300,
baseline,5,1,perf-baseline-r005-20260818T023702Z,loan_to_customer,2,167,200,15.220800,
baseline,5,1,perf-baseline-r005-20260818T023702Z,loan_to_customer,2,168,200,14.487500,
baseline,5,1,perf-baseline-r005-20260818T023702Z,loan_to_customer,2,169,200,17.101600,
baseline,5,1,perf-baseline-r005-20260818T023702Z,loan_to_customer,2,170,200,15.523300,
baseline,5,1,perf-baseline-r005-20260818T023702Z,loan_to_customer,2,171,200,16.434900,
baseline,5,1,perf-baseline-r005-20260818T023702Z,loan_to_customer,2,172,200,16.606800,
baseline,5,1,perf-baseline-r005-20260818T023702Z,loan_to_customer,2,173,200,16.579600,
baseline,5,1,perf-baseline-r005-20260818T023702Z,loan_to_customer,2,174,200,14.954500,
baseline,5,1,perf-baseline-r005-20260818T023702Z,loan_to_customer,2,175,200,14.169400,
baseline,5,1,perf-baseline-r005-20260818T023702Z,loan_to_customer,2,176,200,14.210300,
baseline,5,1,perf-baseline-r005-20260818T023702Z,loan_to_customer,2,177,200,14.218200,
baseline,5,1,perf-baseline-r005-20260818T023702Z,loan_to_customer,2,178,200,14.582200,
baseline,5,1,perf-baseline-r005-20260818T023702Z,loan_to_customer,2,179,200,14.656500,
baseline,5,1,perf-baseline-r005-20260818T023702Z,loan_to_customer,2,180,200,14.360400,
baseline,5,1,perf-baseline-r005-20260818T023702Z,loan_to_customer,2,181,200,14.044800,
baseline,5,1,perf-baseline-r005-20260818T023702Z,loan_to_customer,2,182,200,13.795200,
baseline,5,1,perf-baseline-r005-20260818T023702Z,loan_to_customer,2,183,200,14.099300,
baseline,5,1,perf-baseline-r005-20260818T023702Z,loan_to_customer,2,184,200,14.089300,
baseline,5,1,perf-baseline-r005-20260818T023702Z,loan_to_customer,2,185,200,13.739600,
baseline,5,1,perf-baseline-r005-20260818T023702Z,loan_to_customer,2,186,200,14.069800,
baseline,5,1,perf-baseline-r005-20260818T023702Z,loan_to_customer,2,187,200,13.792300,
baseline,5,1,perf-baseline-r005-20260818T023702Z,loan_to_customer,2,188,200,13.981400,
baseline,5,1,perf-baseline-r005-20260818T023702Z,loan_to_customer,2,189,200,14.357900,
baseline,5,1,perf-baseline-r005-20260818T023702Z,loan_to_customer,2,190,200,14.363800,
baseline,5,1,perf-baseline-r005-20260818T023702Z,loan_to_customer,2,191,200,14.763500,
baseline,5,1,perf-baseline-r005-20260818T023702Z,loan_to_customer,2,192,200,14.521100,
baseline,5,1,perf-baseline-r005-20260818T023702Z,loan_to_customer,2,193,200,14.227400,
baseline,5,1,perf-baseline-r005-20260818T023702Z,loan_to_customer,2,194,200,14.458800,
baseline,5,1,perf-baseline-r005-20260818T023702Z,loan_to_customer,2,195,200,13.810700,
baseline,5,1,perf-baseline-r005-20260818T023702Z,loan_to_customer,2,196,200,14.326800,
baseline,5,1,perf-baseline-r005-20260818T023702Z,loan_to_customer,2,197,200,14.027600,
baseline,5,1,perf-baseline-r005-20260818T023702Z,loan_to_customer,2,198,200,14.041300,
baseline,5,1,perf-baseline-r005-20260818T023702Z,loan_to_customer,2,199,200,13.689700,
baseline,5,1,perf-baseline-r005-20260818T023702Z,loan_to_customer,2,200,200,14.038700,
baseline,5,1,perf-baseline-r005-20260818T023702Z,loan_to_customer,3,1,200,13.706500,
baseline,5,1,perf-baseline-r005-20260818T023702Z,loan_to_customer,3,2,200,14.990400,
baseline,5,1,perf-baseline-r005-20260818T023702Z,loan_to_customer,3,3,200,14.755100,
baseline,5,1,perf-baseline-r005-20260818T023702Z,loan_to_customer,3,4,200,15.510600,
baseline,5,1,perf-baseline-r005-20260818T023702Z,loan_to_customer,3,5,200,14.255500,
baseline,5,1,perf-baseline-r005-20260818T023702Z,loan_to_customer,3,6,200,14.339200,
baseline,5,1,perf-baseline-r005-20260818T023702Z,loan_to_customer,3,7,200,14.326800,
baseline,5,1,perf-baseline-r005-20260818T023702Z,loan_to_customer,3,8,200,15.475500,
baseline,5,1,perf-baseline-r005-20260818T023702Z,loan_to_customer,3,9,200,13.693300,
baseline,5,1,perf-baseline-r005-20260818T023702Z,loan_to_customer,3,10,200,13.459100,
baseline,5,1,perf-baseline-r005-20260818T023702Z,loan_to_customer,3,11,200,14.426000,
baseline,5,1,perf-baseline-r005-20260818T023702Z,loan_to_customer,3,12,200,14.060700,
baseline,5,1,perf-baseline-r005-20260818T023702Z,loan_to_customer,3,13,200,14.412000,
baseline,5,1,perf-baseline-r005-20260818T023702Z,loan_to_customer,3,14,200,13.917200,
baseline,5,1,perf-baseline-r005-20260818T023702Z,loan_to_customer,3,15,200,14.295400,
baseline,5,1,perf-baseline-r005-20260818T023702Z,loan_to_customer,3,16,200,13.623100,
baseline,5,1,perf-baseline-r005-20260818T023702Z,loan_to_customer,3,17,200,14.163800,
baseline,5,1,perf-baseline-r005-20260818T023702Z,loan_to_customer,3,18,200,14.661300,
baseline,5,1,perf-baseline-r005-20260818T023702Z,loan_to_customer,3,19,200,13.956100,
baseline,5,1,perf-baseline-r005-20260818T023702Z,loan_to_customer,3,20,200,13.706600,
baseline,5,1,perf-baseline-r005-20260818T023702Z,loan_to_customer,3,21,200,13.886400,
baseline,5,1,perf-baseline-r005-20260818T023702Z,loan_to_customer,3,22,200,13.653100,
baseline,5,1,perf-baseline-r005-20260818T023702Z,loan_to_customer,3,23,200,13.527600,
baseline,5,1,perf-baseline-r005-20260818T023702Z,loan_to_customer,3,24,200,13.788700,
baseline,5,1,perf-baseline-r005-20260818T023702Z,loan_to_customer,3,25,200,14.497700,
baseline,5,1,perf-baseline-r005-20260818T023702Z,loan_to_customer,3,26,200,13.499600,
baseline,5,1,perf-baseline-r005-20260818T023702Z,loan_to_customer,3,27,200,14.016700,
baseline,5,1,perf-baseline-r005-20260818T023702Z,loan_to_customer,3,28,200,14.251300,
baseline,5,1,perf-baseline-r005-20260818T023702Z,loan_to_customer,3,29,200,14.029500,
baseline,5,1,perf-baseline-r005-20260818T023702Z,loan_to_customer,3,30,200,13.710900,
baseline,5,1,perf-baseline-r005-20260818T023702Z,loan_to_customer,3,31,200,14.276700,
baseline,5,1,perf-baseline-r005-20260818T023702Z,loan_to_customer,3,32,200,14.720400,
baseline,5,1,perf-baseline-r005-20260818T023702Z,loan_to_customer,3,33,200,14.437400,
baseline,5,1,perf-baseline-r005-20260818T023702Z,loan_to_customer,3,34,200,14.071800,
baseline,5,1,perf-baseline-r005-20260818T023702Z,loan_to_customer,3,35,200,14.308300,
baseline,5,1,perf-baseline-r005-20260818T023702Z,loan_to_customer,3,36,200,14.094900,
baseline,5,1,perf-baseline-r005-20260818T023702Z,loan_to_customer,3,37,200,13.922100,
baseline,5,1,perf-baseline-r005-20260818T023702Z,loan_to_customer,3,38,200,13.969400,
baseline,5,1,perf-baseline-r005-20260818T023702Z,loan_to_customer,3,39,200,14.230800,
baseline,5,1,perf-baseline-r005-20260818T023702Z,loan_to_customer,3,40,200,13.924700,
baseline,5,1,perf-baseline-r005-20260818T023702Z,loan_to_customer,3,41,200,13.807800,
baseline,5,1,perf-baseline-r005-20260818T023702Z,loan_to_customer,3,42,200,14.031300,
baseline,5,1,perf-baseline-r005-20260818T023702Z,loan_to_customer,3,43,200,14.224900,
baseline,5,1,perf-baseline-r005-20260818T023702Z,loan_to_customer,3,44,200,15.383200,
baseline,5,1,perf-baseline-r005-20260818T023702Z,loan_to_customer,3,45,200,14.510400,
baseline,5,1,perf-baseline-r005-20260818T023702Z,loan_to_customer,3,46,200,13.538700,
baseline,5,1,perf-baseline-r005-20260818T023702Z,loan_to_customer,3,47,200,13.327700,
baseline,5,1,perf-baseline-r005-20260818T023702Z,loan_to_customer,3,48,200,14.313900,
baseline,5,1,perf-baseline-r005-20260818T023702Z,loan_to_customer,3,49,200,13.840300,
baseline,5,1,perf-baseline-r005-20260818T023702Z,loan_to_customer,3,50,200,14.359300,
baseline,5,1,perf-baseline-r005-20260818T023702Z,loan_to_customer,3,51,200,13.990100,
baseline,5,1,perf-baseline-r005-20260818T023702Z,loan_to_customer,3,52,200,13.489300,
baseline,5,1,perf-baseline-r005-20260818T023702Z,loan_to_customer,3,53,200,13.860200,
baseline,5,1,perf-baseline-r005-20260818T023702Z,loan_to_customer,3,54,200,14.474000,
baseline,5,1,perf-baseline-r005-20260818T023702Z,loan_to_customer,3,55,200,13.780700,
baseline,5,1,perf-baseline-r005-20260818T023702Z,loan_to_customer,3,56,200,14.649600,
baseline,5,1,perf-baseline-r005-20260818T023702Z,loan_to_customer,3,57,200,14.380300,
baseline,5,1,perf-baseline-r005-20260818T023702Z,loan_to_customer,3,58,200,13.698900,
baseline,5,1,perf-baseline-r005-20260818T023702Z,loan_to_customer,3,59,200,14.172800,
baseline,5,1,perf-baseline-r005-20260818T023702Z,loan_to_customer,3,60,200,13.705800,
baseline,5,1,perf-baseline-r005-20260818T023702Z,loan_to_customer,3,61,200,14.016800,
baseline,5,1,perf-baseline-r005-20260818T023702Z,loan_to_customer,3,62,200,14.205000,
baseline,5,1,perf-baseline-r005-20260818T023702Z,loan_to_customer,3,63,200,13.777300,
baseline,5,1,perf-baseline-r005-20260818T023702Z,loan_to_customer,3,64,200,13.737400,
baseline,5,1,perf-baseline-r005-20260818T023702Z,loan_to_customer,3,65,200,12.994400,
baseline,5,1,perf-baseline-r005-20260818T023702Z,loan_to_customer,3,66,200,13.830100,
baseline,5,1,perf-baseline-r005-20260818T023702Z,loan_to_customer,3,67,200,14.997800,
baseline,5,1,perf-baseline-r005-20260818T023702Z,loan_to_customer,3,68,200,14.132000,
baseline,5,1,perf-baseline-r005-20260818T023702Z,loan_to_customer,3,69,200,13.998800,
baseline,5,1,perf-baseline-r005-20260818T023702Z,loan_to_customer,3,70,200,14.019200,
baseline,5,1,perf-baseline-r005-20260818T023702Z,loan_to_customer,3,71,200,13.711900,
baseline,5,1,perf-baseline-r005-20260818T023702Z,loan_to_customer,3,72,200,13.721100,
baseline,5,1,perf-baseline-r005-20260818T023702Z,loan_to_customer,3,73,200,13.963200,
baseline,5,1,perf-baseline-r005-20260818T023702Z,loan_to_customer,3,74,200,14.053800,
baseline,5,1,perf-baseline-r005-20260818T023702Z,loan_to_customer,3,75,200,13.895900,
baseline,5,1,perf-baseline-r005-20260818T023702Z,loan_to_customer,3,76,200,13.675400,
baseline,5,1,perf-baseline-r005-20260818T023702Z,loan_to_customer,3,77,200,14.149500,
baseline,5,1,perf-baseline-r005-20260818T023702Z,loan_to_customer,3,78,200,14.054700,
baseline,5,1,perf-baseline-r005-20260818T023702Z,loan_to_customer,3,79,200,14.049500,
baseline,5,1,perf-baseline-r005-20260818T023702Z,loan_to_customer,3,80,200,13.923100,
baseline,5,1,perf-baseline-r005-20260818T023702Z,loan_to_customer,3,81,200,14.346500,
baseline,5,1,perf-baseline-r005-20260818T023702Z,loan_to_customer,3,82,200,13.932200,
baseline,5,1,perf-baseline-r005-20260818T023702Z,loan_to_customer,3,83,200,14.079600,
baseline,5,1,perf-baseline-r005-20260818T023702Z,loan_to_customer,3,84,200,13.531800,
baseline,5,1,perf-baseline-r005-20260818T023702Z,loan_to_customer,3,85,200,14.481800,
baseline,5,1,perf-baseline-r005-20260818T023702Z,loan_to_customer,3,86,200,14.151200,
baseline,5,1,perf-baseline-r005-20260818T023702Z,loan_to_customer,3,87,200,13.989300,
baseline,5,1,perf-baseline-r005-20260818T023702Z,loan_to_customer,3,88,200,14.247300,
baseline,5,1,perf-baseline-r005-20260818T023702Z,loan_to_customer,3,89,200,13.254100,
baseline,5,1,perf-baseline-r005-20260818T023702Z,loan_to_customer,3,90,200,14.719800,
baseline,5,1,perf-baseline-r005-20260818T023702Z,loan_to_customer,3,91,200,14.029800,
baseline,5,1,perf-baseline-r005-20260818T023702Z,loan_to_customer,3,92,200,14.159900,
baseline,5,1,perf-baseline-r005-20260818T023702Z,loan_to_customer,3,93,200,13.890400,
baseline,5,1,perf-baseline-r005-20260818T023702Z,loan_to_customer,3,94,200,13.927900,
baseline,5,1,perf-baseline-r005-20260818T023702Z,loan_to_customer,3,95,200,13.988100,
baseline,5,1,perf-baseline-r005-20260818T023702Z,loan_to_customer,3,96,200,13.899000,
baseline,5,1,perf-baseline-r005-20260818T023702Z,loan_to_customer,3,97,200,13.973600,
baseline,5,1,perf-baseline-r005-20260818T023702Z,loan_to_customer,3,98,200,13.699200,
baseline,5,1,perf-baseline-r005-20260818T023702Z,loan_to_customer,3,99,200,13.906800,
baseline,5,1,perf-baseline-r005-20260818T023702Z,loan_to_customer,3,100,200,13.750300,
baseline,5,1,perf-baseline-r005-20260818T023702Z,loan_to_customer,3,101,200,14.308300,
baseline,5,1,perf-baseline-r005-20260818T023702Z,loan_to_customer,3,102,200,13.635200,
baseline,5,1,perf-baseline-r005-20260818T023702Z,loan_to_customer,3,103,200,14.229100,
baseline,5,1,perf-baseline-r005-20260818T023702Z,loan_to_customer,3,104,200,14.162100,
baseline,5,1,perf-baseline-r005-20260818T023702Z,loan_to_customer,3,105,200,14.251900,
baseline,5,1,perf-baseline-r005-20260818T023702Z,loan_to_customer,3,106,200,13.905800,
baseline,5,1,perf-baseline-r005-20260818T023702Z,loan_to_customer,3,107,200,14.001400,
baseline,5,1,perf-baseline-r005-20260818T023702Z,loan_to_customer,3,108,200,13.359200,
baseline,5,1,perf-baseline-r005-20260818T023702Z,loan_to_customer,3,109,200,13.997800,
baseline,5,1,perf-baseline-r005-20260818T023702Z,loan_to_customer,3,110,200,13.981300,
baseline,5,1,perf-baseline-r005-20260818T023702Z,loan_to_customer,3,111,200,14.020400,
baseline,5,1,perf-baseline-r005-20260818T023702Z,loan_to_customer,3,112,200,13.602200,
baseline,5,1,perf-baseline-r005-20260818T023702Z,loan_to_customer,3,113,200,14.899200,
baseline,5,1,perf-baseline-r005-20260818T023702Z,loan_to_customer,3,114,200,15.167900,
baseline,5,1,perf-baseline-r005-20260818T023702Z,loan_to_customer,3,115,200,15.183700,
baseline,5,1,perf-baseline-r005-20260818T023702Z,loan_to_customer,3,116,200,14.904400,
baseline,5,1,perf-baseline-r005-20260818T023702Z,loan_to_customer,3,117,200,14.801400,
baseline,5,1,perf-baseline-r005-20260818T023702Z,loan_to_customer,3,118,200,15.256400,
baseline,5,1,perf-baseline-r005-20260818T023702Z,loan_to_customer,3,119,200,14.419200,
baseline,5,1,perf-baseline-r005-20260818T023702Z,loan_to_customer,3,120,200,13.981300,
baseline,5,1,perf-baseline-r005-20260818T023702Z,loan_to_customer,3,121,200,14.168200,
baseline,5,1,perf-baseline-r005-20260818T023702Z,loan_to_customer,3,122,200,13.944200,
baseline,5,1,perf-baseline-r005-20260818T023702Z,loan_to_customer,3,123,200,14.359500,
baseline,5,1,perf-baseline-r005-20260818T023702Z,loan_to_customer,3,124,200,14.252700,
baseline,5,1,perf-baseline-r005-20260818T023702Z,loan_to_customer,3,125,200,13.444600,
baseline,5,1,perf-baseline-r005-20260818T023702Z,loan_to_customer,3,126,200,13.955900,
baseline,5,1,perf-baseline-r005-20260818T023702Z,loan_to_customer,3,127,200,13.986100,
baseline,5,1,perf-baseline-r005-20260818T023702Z,loan_to_customer,3,128,200,13.945600,
baseline,5,1,perf-baseline-r005-20260818T023702Z,loan_to_customer,3,129,200,13.907800,
baseline,5,1,perf-baseline-r005-20260818T023702Z,loan_to_customer,3,130,200,14.979500,
baseline,5,1,perf-baseline-r005-20260818T023702Z,loan_to_customer,3,131,200,13.820100,
baseline,5,1,perf-baseline-r005-20260818T023702Z,loan_to_customer,3,132,200,13.979100,
baseline,5,1,perf-baseline-r005-20260818T023702Z,loan_to_customer,3,133,200,13.971900,
baseline,5,1,perf-baseline-r005-20260818T023702Z,loan_to_customer,3,134,200,13.855200,
baseline,5,1,perf-baseline-r005-20260818T023702Z,loan_to_customer,3,135,200,13.660800,
baseline,5,1,perf-baseline-r005-20260818T023702Z,loan_to_customer,3,136,200,14.006000,
baseline,5,1,perf-baseline-r005-20260818T023702Z,loan_to_customer,3,137,200,13.659500,
baseline,5,1,perf-baseline-r005-20260818T023702Z,loan_to_customer,3,138,200,13.558700,
baseline,5,1,perf-baseline-r005-20260818T023702Z,loan_to_customer,3,139,200,13.414500,
baseline,5,1,perf-baseline-r005-20260818T023702Z,loan_to_customer,3,140,200,14.424800,
baseline,5,1,perf-baseline-r005-20260818T023702Z,loan_to_customer,3,141,200,13.926300,
baseline,5,1,perf-baseline-r005-20260818T023702Z,loan_to_customer,3,142,200,13.907800,
baseline,5,1,perf-baseline-r005-20260818T023702Z,loan_to_customer,3,143,200,13.850400,
baseline,5,1,perf-baseline-r005-20260818T023702Z,loan_to_customer,3,144,200,13.887700,
baseline,5,1,perf-baseline-r005-20260818T023702Z,loan_to_customer,3,145,200,13.523800,
baseline,5,1,perf-baseline-r005-20260818T023702Z,loan_to_customer,3,146,200,14.127100,
baseline,5,1,perf-baseline-r005-20260818T023702Z,loan_to_customer,3,147,200,13.759100,
baseline,5,1,perf-baseline-r005-20260818T023702Z,loan_to_customer,3,148,200,13.666500,
baseline,5,1,perf-baseline-r005-20260818T023702Z,loan_to_customer,3,149,200,14.034300,
baseline,5,1,perf-baseline-r005-20260818T023702Z,loan_to_customer,3,150,200,14.457800,
baseline,5,1,perf-baseline-r005-20260818T023702Z,loan_to_customer,3,151,200,14.254300,
baseline,5,1,perf-baseline-r005-20260818T023702Z,loan_to_customer,3,152,200,14.662700,
baseline,5,1,perf-baseline-r005-20260818T023702Z,loan_to_customer,3,153,200,14.375100,
baseline,5,1,perf-baseline-r005-20260818T023702Z,loan_to_customer,3,154,200,14.547700,
baseline,5,1,perf-baseline-r005-20260818T023702Z,loan_to_customer,3,155,200,14.771700,
baseline,5,1,perf-baseline-r005-20260818T023702Z,loan_to_customer,3,156,200,14.238700,
baseline,5,1,perf-baseline-r005-20260818T023702Z,loan_to_customer,3,157,200,13.846700,
baseline,5,1,perf-baseline-r005-20260818T023702Z,loan_to_customer,3,158,200,13.832700,
baseline,5,1,perf-baseline-r005-20260818T023702Z,loan_to_customer,3,159,200,14.487600,
baseline,5,1,perf-baseline-r005-20260818T023702Z,loan_to_customer,3,160,200,14.322900,
baseline,5,1,perf-baseline-r005-20260818T023702Z,loan_to_customer,3,161,200,14.479500,
baseline,5,1,perf-baseline-r005-20260818T023702Z,loan_to_customer,3,162,200,13.785500,
baseline,5,1,perf-baseline-r005-20260818T023702Z,loan_to_customer,3,163,200,14.252300,
baseline,5,1,perf-baseline-r005-20260818T023702Z,loan_to_customer,3,164,200,14.140100,
baseline,5,1,perf-baseline-r005-20260818T023702Z,loan_to_customer,3,165,200,13.813900,
baseline,5,1,perf-baseline-r005-20260818T023702Z,loan_to_customer,3,166,200,14.087400,
baseline,5,1,perf-baseline-r005-20260818T023702Z,loan_to_customer,3,167,200,13.649400,
baseline,5,1,perf-baseline-r005-20260818T023702Z,loan_to_customer,3,168,200,13.619000,
baseline,5,1,perf-baseline-r005-20260818T023702Z,loan_to_customer,3,169,200,14.118800,
baseline,5,1,perf-baseline-r005-20260818T023702Z,loan_to_customer,3,170,200,14.205000,
baseline,5,1,perf-baseline-r005-20260818T023702Z,loan_to_customer,3,171,200,14.064100,
baseline,5,1,perf-baseline-r005-20260818T023702Z,loan_to_customer,3,172,200,14.227600,
baseline,5,1,perf-baseline-r005-20260818T023702Z,loan_to_customer,3,173,200,14.690600,
baseline,5,1,perf-baseline-r005-20260818T023702Z,loan_to_customer,3,174,200,14.430600,
baseline,5,1,perf-baseline-r005-20260818T023702Z,loan_to_customer,3,175,200,14.146200,
baseline,5,1,perf-baseline-r005-20260818T023702Z,loan_to_customer,3,176,200,14.379500,
baseline,5,1,perf-baseline-r005-20260818T023702Z,loan_to_customer,3,177,200,14.251700,
baseline,5,1,perf-baseline-r005-20260818T023702Z,loan_to_customer,3,178,200,13.742800,
baseline,5,1,perf-baseline-r005-20260818T023702Z,loan_to_customer,3,179,200,14.174700,
baseline,5,1,perf-baseline-r005-20260818T023702Z,loan_to_customer,3,180,200,13.928700,
baseline,5,1,perf-baseline-r005-20260818T023702Z,loan_to_customer,3,181,200,14.859000,
baseline,5,1,perf-baseline-r005-20260818T023702Z,loan_to_customer,3,182,200,15.535100,
baseline,5,1,perf-baseline-r005-20260818T023702Z,loan_to_customer,3,183,200,15.705900,
baseline,5,1,perf-baseline-r005-20260818T023702Z,loan_to_customer,3,184,200,15.294100,
baseline,5,1,perf-baseline-r005-20260818T023702Z,loan_to_customer,3,185,200,14.747900,
baseline,5,1,perf-baseline-r005-20260818T023702Z,loan_to_customer,3,186,200,13.943900,
baseline,5,1,perf-baseline-r005-20260818T023702Z,loan_to_customer,3,187,200,14.369400,
baseline,5,1,perf-baseline-r005-20260818T023702Z,loan_to_customer,3,188,200,14.339800,
baseline,5,1,perf-baseline-r005-20260818T023702Z,loan_to_customer,3,189,200,14.003400,
baseline,5,1,perf-baseline-r005-20260818T023702Z,loan_to_customer,3,190,200,15.024900,
baseline,5,1,perf-baseline-r005-20260818T023702Z,loan_to_customer,3,191,200,18.201300,
baseline,5,1,perf-baseline-r005-20260818T023702Z,loan_to_customer,3,192,200,17.786500,
baseline,5,1,perf-baseline-r005-20260818T023702Z,loan_to_customer,3,193,200,15.633800,
baseline,5,1,perf-baseline-r005-20260818T023702Z,loan_to_customer,3,194,200,15.232500,
baseline,5,1,perf-baseline-r005-20260818T023702Z,loan_to_customer,3,195,200,14.654300,
baseline,5,1,perf-baseline-r005-20260818T023702Z,loan_to_customer,3,196,200,14.016600,
baseline,5,1,perf-baseline-r005-20260818T023702Z,loan_to_customer,3,197,200,15.393200,
baseline,5,1,perf-baseline-r005-20260818T023702Z,loan_to_customer,3,198,200,13.898700,
baseline,5,1,perf-baseline-r005-20260818T023702Z,loan_to_customer,3,199,200,14.160300,
baseline,5,1,perf-baseline-r005-20260818T023702Z,loan_to_customer,3,200,200,14.423900,
baseline,5,1,perf-baseline-r005-20260818T023702Z,loan_to_credit,1,1,200,19.991300,
baseline,5,1,perf-baseline-r005-20260818T023702Z,loan_to_credit,1,2,200,18.460400,
baseline,5,1,perf-baseline-r005-20260818T023702Z,loan_to_credit,1,3,200,17.874200,
baseline,5,1,perf-baseline-r005-20260818T023702Z,loan_to_credit,1,4,200,18.263400,
baseline,5,1,perf-baseline-r005-20260818T023702Z,loan_to_credit,1,5,200,18.244700,
baseline,5,1,perf-baseline-r005-20260818T023702Z,loan_to_credit,1,6,200,17.456500,
baseline,5,1,perf-baseline-r005-20260818T023702Z,loan_to_credit,1,7,200,16.557500,
baseline,5,1,perf-baseline-r005-20260818T023702Z,loan_to_credit,1,8,200,16.010900,
baseline,5,1,perf-baseline-r005-20260818T023702Z,loan_to_credit,1,9,200,15.998900,
baseline,5,1,perf-baseline-r005-20260818T023702Z,loan_to_credit,1,10,200,15.276400,
baseline,5,1,perf-baseline-r005-20260818T023702Z,loan_to_credit,1,11,200,15.411300,
baseline,5,1,perf-baseline-r005-20260818T023702Z,loan_to_credit,1,12,200,15.688500,
baseline,5,1,perf-baseline-r005-20260818T023702Z,loan_to_credit,1,13,200,15.994100,
baseline,5,1,perf-baseline-r005-20260818T023702Z,loan_to_credit,1,14,200,15.131600,
baseline,5,1,perf-baseline-r005-20260818T023702Z,loan_to_credit,1,15,200,15.676800,
baseline,5,1,perf-baseline-r005-20260818T023702Z,loan_to_credit,1,16,200,16.232500,
baseline,5,1,perf-baseline-r005-20260818T023702Z,loan_to_credit,1,17,200,16.155400,
baseline,5,1,perf-baseline-r005-20260818T023702Z,loan_to_credit,1,18,200,15.593500,
baseline,5,1,perf-baseline-r005-20260818T023702Z,loan_to_credit,1,19,200,16.215900,
baseline,5,1,perf-baseline-r005-20260818T023702Z,loan_to_credit,1,20,200,15.624800,
baseline,5,1,perf-baseline-r005-20260818T023702Z,loan_to_credit,1,21,200,16.550700,
baseline,5,1,perf-baseline-r005-20260818T023702Z,loan_to_credit,1,22,200,15.739900,
baseline,5,1,perf-baseline-r005-20260818T023702Z,loan_to_credit,1,23,200,15.682100,
baseline,5,1,perf-baseline-r005-20260818T023702Z,loan_to_credit,1,24,200,16.386300,
baseline,5,1,perf-baseline-r005-20260818T023702Z,loan_to_credit,1,25,200,17.321200,
baseline,5,1,perf-baseline-r005-20260818T023702Z,loan_to_credit,1,26,200,15.507900,
baseline,5,1,perf-baseline-r005-20260818T023702Z,loan_to_credit,1,27,200,15.831000,
baseline,5,1,perf-baseline-r005-20260818T023702Z,loan_to_credit,1,28,200,15.029400,
baseline,5,1,perf-baseline-r005-20260818T023702Z,loan_to_credit,1,29,200,15.113600,
baseline,5,1,perf-baseline-r005-20260818T023702Z,loan_to_credit,1,30,200,16.046900,
baseline,5,1,perf-baseline-r005-20260818T023702Z,loan_to_credit,1,31,200,16.031500,
baseline,5,1,perf-baseline-r005-20260818T023702Z,loan_to_credit,1,32,200,17.071500,
baseline,5,1,perf-baseline-r005-20260818T023702Z,loan_to_credit,1,33,200,16.069900,
baseline,5,1,perf-baseline-r005-20260818T023702Z,loan_to_credit,1,34,200,17.144000,
baseline,5,1,perf-baseline-r005-20260818T023702Z,loan_to_credit,1,35,200,16.888200,
baseline,5,1,perf-baseline-r005-20260818T023702Z,loan_to_credit,1,36,200,17.487800,
baseline,5,1,perf-baseline-r005-20260818T023702Z,loan_to_credit,1,37,200,17.762000,
baseline,5,1,perf-baseline-r005-20260818T023702Z,loan_to_credit,1,38,200,16.584500,
baseline,5,1,perf-baseline-r005-20260818T023702Z,loan_to_credit,1,39,200,17.278600,
baseline,5,1,perf-baseline-r005-20260818T023702Z,loan_to_credit,1,40,200,16.251100,
baseline,5,1,perf-baseline-r005-20260818T023702Z,loan_to_credit,1,41,200,16.158800,
baseline,5,1,perf-baseline-r005-20260818T023702Z,loan_to_credit,1,42,200,16.115100,
baseline,5,1,perf-baseline-r005-20260818T023702Z,loan_to_credit,1,43,200,15.843700,
baseline,5,1,perf-baseline-r005-20260818T023702Z,loan_to_credit,1,44,200,17.674300,
baseline,5,1,perf-baseline-r005-20260818T023702Z,loan_to_credit,1,45,200,17.633700,
baseline,5,1,perf-baseline-r005-20260818T023702Z,loan_to_credit,1,46,200,18.185900,
baseline,5,1,perf-baseline-r005-20260818T023702Z,loan_to_credit,1,47,200,18.183900,
baseline,5,1,perf-baseline-r005-20260818T023702Z,loan_to_credit,1,48,200,18.028400,
baseline,5,1,perf-baseline-r005-20260818T023702Z,loan_to_credit,1,49,200,16.127500,
baseline,5,1,perf-baseline-r005-20260818T023702Z,loan_to_credit,1,50,200,15.991600,
baseline,5,1,perf-baseline-r005-20260818T023702Z,loan_to_credit,1,51,200,16.252500,
baseline,5,1,perf-baseline-r005-20260818T023702Z,loan_to_credit,1,52,200,15.822200,
baseline,5,1,perf-baseline-r005-20260818T023702Z,loan_to_credit,1,53,200,17.312100,
baseline,5,1,perf-baseline-r005-20260818T023702Z,loan_to_credit,1,54,200,16.760300,
baseline,5,1,perf-baseline-r005-20260818T023702Z,loan_to_credit,1,55,200,17.343500,
baseline,5,1,perf-baseline-r005-20260818T023702Z,loan_to_credit,1,56,200,16.640100,
baseline,5,1,perf-baseline-r005-20260818T023702Z,loan_to_credit,1,57,200,17.122200,
baseline,5,1,perf-baseline-r005-20260818T023702Z,loan_to_credit,1,58,200,17.037300,
baseline,5,1,perf-baseline-r005-20260818T023702Z,loan_to_credit,1,59,200,17.239900,
baseline,5,1,perf-baseline-r005-20260818T023702Z,loan_to_credit,1,60,200,18.261500,
baseline,5,1,perf-baseline-r005-20260818T023702Z,loan_to_credit,1,61,200,17.741700,
baseline,5,1,perf-baseline-r005-20260818T023702Z,loan_to_credit,1,62,200,16.411800,
baseline,5,1,perf-baseline-r005-20260818T023702Z,loan_to_credit,1,63,200,19.069400,
baseline,5,1,perf-baseline-r005-20260818T023702Z,loan_to_credit,1,64,200,18.004700,
baseline,5,1,perf-baseline-r005-20260818T023702Z,loan_to_credit,1,65,200,17.475800,
baseline,5,1,perf-baseline-r005-20260818T023702Z,loan_to_credit,1,66,200,18.713700,
baseline,5,1,perf-baseline-r005-20260818T023702Z,loan_to_credit,1,67,200,17.915200,
baseline,5,1,perf-baseline-r005-20260818T023702Z,loan_to_credit,1,68,200,17.287600,
baseline,5,1,perf-baseline-r005-20260818T023702Z,loan_to_credit,1,69,200,18.151400,
baseline,5,1,perf-baseline-r005-20260818T023702Z,loan_to_credit,1,70,200,18.040900,
baseline,5,1,perf-baseline-r005-20260818T023702Z,loan_to_credit,1,71,200,19.069100,
baseline,5,1,perf-baseline-r005-20260818T023702Z,loan_to_credit,1,72,200,17.642000,
baseline,5,1,perf-baseline-r005-20260818T023702Z,loan_to_credit,1,73,200,18.250900,
baseline,5,1,perf-baseline-r005-20260818T023702Z,loan_to_credit,1,74,200,18.864100,
baseline,5,1,perf-baseline-r005-20260818T023702Z,loan_to_credit,1,75,200,17.964000,
baseline,5,1,perf-baseline-r005-20260818T023702Z,loan_to_credit,1,76,200,18.259100,
baseline,5,1,perf-baseline-r005-20260818T023702Z,loan_to_credit,1,77,200,18.667200,
baseline,5,1,perf-baseline-r005-20260818T023702Z,loan_to_credit,1,78,200,18.342100,
baseline,5,1,perf-baseline-r005-20260818T023702Z,loan_to_credit,1,79,200,17.580800,
baseline,5,1,perf-baseline-r005-20260818T023702Z,loan_to_credit,1,80,200,19.081500,
baseline,5,1,perf-baseline-r005-20260818T023702Z,loan_to_credit,1,81,200,17.578300,
baseline,5,1,perf-baseline-r005-20260818T023702Z,loan_to_credit,1,82,200,18.266800,
baseline,5,1,perf-baseline-r005-20260818T023702Z,loan_to_credit,1,83,200,19.761500,
baseline,5,1,perf-baseline-r005-20260818T023702Z,loan_to_credit,1,84,200,16.623700,
baseline,5,1,perf-baseline-r005-20260818T023702Z,loan_to_credit,1,85,200,16.681400,
baseline,5,1,perf-baseline-r005-20260818T023702Z,loan_to_credit,1,86,200,15.805600,
baseline,5,1,perf-baseline-r005-20260818T023702Z,loan_to_credit,1,87,200,20.281100,
baseline,5,1,perf-baseline-r005-20260818T023702Z,loan_to_credit,1,88,200,18.107300,
baseline,5,1,perf-baseline-r005-20260818T023702Z,loan_to_credit,1,89,200,16.294200,
baseline,5,1,perf-baseline-r005-20260818T023702Z,loan_to_credit,1,90,200,16.683600,
baseline,5,1,perf-baseline-r005-20260818T023702Z,loan_to_credit,1,91,200,16.663100,
baseline,5,1,perf-baseline-r005-20260818T023702Z,loan_to_credit,1,92,200,16.117200,
baseline,5,1,perf-baseline-r005-20260818T023702Z,loan_to_credit,1,93,200,15.884100,
baseline,5,1,perf-baseline-r005-20260818T023702Z,loan_to_credit,1,94,200,16.915900,
baseline,5,1,perf-baseline-r005-20260818T023702Z,loan_to_credit,1,95,200,15.979300,
baseline,5,1,perf-baseline-r005-20260818T023702Z,loan_to_credit,1,96,200,16.245600,
baseline,5,1,perf-baseline-r005-20260818T023702Z,loan_to_credit,1,97,200,17.611800,
baseline,5,1,perf-baseline-r005-20260818T023702Z,loan_to_credit,1,98,200,16.243800,
baseline,5,1,perf-baseline-r005-20260818T023702Z,loan_to_credit,1,99,200,15.746100,
baseline,5,1,perf-baseline-r005-20260818T023702Z,loan_to_credit,1,100,200,15.987100,
baseline,5,1,perf-baseline-r005-20260818T023702Z,loan_to_credit,1,101,200,16.330000,
baseline,5,1,perf-baseline-r005-20260818T023702Z,loan_to_credit,1,102,200,15.801300,
baseline,5,1,perf-baseline-r005-20260818T023702Z,loan_to_credit,1,103,200,17.984600,
baseline,5,1,perf-baseline-r005-20260818T023702Z,loan_to_credit,1,104,200,16.883700,
baseline,5,1,perf-baseline-r005-20260818T023702Z,loan_to_credit,1,105,200,15.764700,
baseline,5,1,perf-baseline-r005-20260818T023702Z,loan_to_credit,1,106,200,16.168100,
baseline,5,1,perf-baseline-r005-20260818T023702Z,loan_to_credit,1,107,200,16.122200,
baseline,5,1,perf-baseline-r005-20260818T023702Z,loan_to_credit,1,108,200,15.831700,
baseline,5,1,perf-baseline-r005-20260818T023702Z,loan_to_credit,1,109,200,15.894100,
baseline,5,1,perf-baseline-r005-20260818T023702Z,loan_to_credit,1,110,200,15.975700,
baseline,5,1,perf-baseline-r005-20260818T023702Z,loan_to_credit,1,111,200,16.094200,
baseline,5,1,perf-baseline-r005-20260818T023702Z,loan_to_credit,1,112,200,16.412000,
baseline,5,1,perf-baseline-r005-20260818T023702Z,loan_to_credit,1,113,200,15.212800,
baseline,5,1,perf-baseline-r005-20260818T023702Z,loan_to_credit,1,114,200,16.121600,
baseline,5,1,perf-baseline-r005-20260818T023702Z,loan_to_credit,1,115,200,16.058200,
baseline,5,1,perf-baseline-r005-20260818T023702Z,loan_to_credit,1,116,200,15.997900,
baseline,5,1,perf-baseline-r005-20260818T023702Z,loan_to_credit,1,117,200,15.929500,
baseline,5,1,perf-baseline-r005-20260818T023702Z,loan_to_credit,1,118,200,16.128600,
baseline,5,1,perf-baseline-r005-20260818T023702Z,loan_to_credit,1,119,200,15.987600,
baseline,5,1,perf-baseline-r005-20260818T023702Z,loan_to_credit,1,120,200,16.006300,
baseline,5,1,perf-baseline-r005-20260818T023702Z,loan_to_credit,1,121,200,16.105200,
baseline,5,1,perf-baseline-r005-20260818T023702Z,loan_to_credit,1,122,200,15.900500,
baseline,5,1,perf-baseline-r005-20260818T023702Z,loan_to_credit,1,123,200,15.787300,
baseline,5,1,perf-baseline-r005-20260818T023702Z,loan_to_credit,1,124,200,16.097700,
baseline,5,1,perf-baseline-r005-20260818T023702Z,loan_to_credit,1,125,200,17.019500,
baseline,5,1,perf-baseline-r005-20260818T023702Z,loan_to_credit,1,126,200,18.009300,
baseline,5,1,perf-baseline-r005-20260818T023702Z,loan_to_credit,1,127,200,15.868700,
baseline,5,1,perf-baseline-r005-20260818T023702Z,loan_to_credit,1,128,200,15.901500,
baseline,5,1,perf-baseline-r005-20260818T023702Z,loan_to_credit,1,129,200,15.889800,
baseline,5,1,perf-baseline-r005-20260818T023702Z,loan_to_credit,1,130,200,16.423900,
baseline,5,1,perf-baseline-r005-20260818T023702Z,loan_to_credit,1,131,200,16.711100,
baseline,5,1,perf-baseline-r005-20260818T023702Z,loan_to_credit,1,132,200,17.106500,
baseline,5,1,perf-baseline-r005-20260818T023702Z,loan_to_credit,1,133,200,15.959600,
baseline,5,1,perf-baseline-r005-20260818T023702Z,loan_to_credit,1,134,200,15.680200,
baseline,5,1,perf-baseline-r005-20260818T023702Z,loan_to_credit,1,135,200,16.404600,
baseline,5,1,perf-baseline-r005-20260818T023702Z,loan_to_credit,1,136,200,15.689900,
baseline,5,1,perf-baseline-r005-20260818T023702Z,loan_to_credit,1,137,200,16.832700,
baseline,5,1,perf-baseline-r005-20260818T023702Z,loan_to_credit,1,138,200,16.732800,
baseline,5,1,perf-baseline-r005-20260818T023702Z,loan_to_credit,1,139,200,15.284600,
baseline,5,1,perf-baseline-r005-20260818T023702Z,loan_to_credit,1,140,200,15.953500,
baseline,5,1,perf-baseline-r005-20260818T023702Z,loan_to_credit,1,141,200,16.287400,
baseline,5,1,perf-baseline-r005-20260818T023702Z,loan_to_credit,1,142,200,16.638400,
baseline,5,1,perf-baseline-r005-20260818T023702Z,loan_to_credit,1,143,200,15.788800,
baseline,5,1,perf-baseline-r005-20260818T023702Z,loan_to_credit,1,144,200,16.258400,
baseline,5,1,perf-baseline-r005-20260818T023702Z,loan_to_credit,1,145,200,18.056000,
baseline,5,1,perf-baseline-r005-20260818T023702Z,loan_to_credit,1,146,200,17.305200,
baseline,5,1,perf-baseline-r005-20260818T023702Z,loan_to_credit,1,147,200,15.212600,
baseline,5,1,perf-baseline-r005-20260818T023702Z,loan_to_credit,1,148,200,16.206400,
baseline,5,1,perf-baseline-r005-20260818T023702Z,loan_to_credit,1,149,200,16.330200,
baseline,5,1,perf-baseline-r005-20260818T023702Z,loan_to_credit,1,150,200,15.797700,
baseline,5,1,perf-baseline-r005-20260818T023702Z,loan_to_credit,1,151,200,15.902300,
baseline,5,1,perf-baseline-r005-20260818T023702Z,loan_to_credit,1,152,200,16.231900,
baseline,5,1,perf-baseline-r005-20260818T023702Z,loan_to_credit,1,153,200,15.634100,
baseline,5,1,perf-baseline-r005-20260818T023702Z,loan_to_credit,1,154,200,16.008400,
baseline,5,1,perf-baseline-r005-20260818T023702Z,loan_to_credit,1,155,200,16.082500,
baseline,5,1,perf-baseline-r005-20260818T023702Z,loan_to_credit,1,156,200,16.111200,
baseline,5,1,perf-baseline-r005-20260818T023702Z,loan_to_credit,1,157,200,17.139400,
baseline,5,1,perf-baseline-r005-20260818T023702Z,loan_to_credit,1,158,200,16.819700,
baseline,5,1,perf-baseline-r005-20260818T023702Z,loan_to_credit,1,159,200,17.060900,
baseline,5,1,perf-baseline-r005-20260818T023702Z,loan_to_credit,1,160,200,17.450600,
baseline,5,1,perf-baseline-r005-20260818T023702Z,loan_to_credit,1,161,200,16.559500,
baseline,5,1,perf-baseline-r005-20260818T023702Z,loan_to_credit,1,162,200,16.848600,
baseline,5,1,perf-baseline-r005-20260818T023702Z,loan_to_credit,1,163,200,16.106200,
baseline,5,1,perf-baseline-r005-20260818T023702Z,loan_to_credit,1,164,200,15.550900,
baseline,5,1,perf-baseline-r005-20260818T023702Z,loan_to_credit,1,165,200,15.879000,
baseline,5,1,perf-baseline-r005-20260818T023702Z,loan_to_credit,1,166,200,15.039800,
baseline,5,1,perf-baseline-r005-20260818T023702Z,loan_to_credit,1,167,200,16.392800,
baseline,5,1,perf-baseline-r005-20260818T023702Z,loan_to_credit,1,168,200,16.044700,
baseline,5,1,perf-baseline-r005-20260818T023702Z,loan_to_credit,1,169,200,15.684900,
baseline,5,1,perf-baseline-r005-20260818T023702Z,loan_to_credit,1,170,200,16.097200,
baseline,5,1,perf-baseline-r005-20260818T023702Z,loan_to_credit,1,171,200,16.274800,
baseline,5,1,perf-baseline-r005-20260818T023702Z,loan_to_credit,1,172,200,15.628400,
baseline,5,1,perf-baseline-r005-20260818T023702Z,loan_to_credit,1,173,200,16.038800,
baseline,5,1,perf-baseline-r005-20260818T023702Z,loan_to_credit,1,174,200,15.979300,
baseline,5,1,perf-baseline-r005-20260818T023702Z,loan_to_credit,1,175,200,16.276500,
baseline,5,1,perf-baseline-r005-20260818T023702Z,loan_to_credit,1,176,200,15.411100,
baseline,5,1,perf-baseline-r005-20260818T023702Z,loan_to_credit,1,177,200,15.978800,
baseline,5,1,perf-baseline-r005-20260818T023702Z,loan_to_credit,1,178,200,16.297200,
baseline,5,1,perf-baseline-r005-20260818T023702Z,loan_to_credit,1,179,200,15.757500,
baseline,5,1,perf-baseline-r005-20260818T023702Z,loan_to_credit,1,180,200,15.948300,
baseline,5,1,perf-baseline-r005-20260818T023702Z,loan_to_credit,1,181,200,17.052400,
baseline,5,1,perf-baseline-r005-20260818T023702Z,loan_to_credit,1,182,200,15.715900,
baseline,5,1,perf-baseline-r005-20260818T023702Z,loan_to_credit,1,183,200,16.060300,
baseline,5,1,perf-baseline-r005-20260818T023702Z,loan_to_credit,1,184,200,17.332200,
baseline,5,1,perf-baseline-r005-20260818T023702Z,loan_to_credit,1,185,200,15.954800,
baseline,5,1,perf-baseline-r005-20260818T023702Z,loan_to_credit,1,186,200,16.337200,
baseline,5,1,perf-baseline-r005-20260818T023702Z,loan_to_credit,1,187,200,16.523800,
baseline,5,1,perf-baseline-r005-20260818T023702Z,loan_to_credit,1,188,200,16.099900,
baseline,5,1,perf-baseline-r005-20260818T023702Z,loan_to_credit,1,189,200,16.956500,
baseline,5,1,perf-baseline-r005-20260818T023702Z,loan_to_credit,1,190,200,15.638100,
baseline,5,1,perf-baseline-r005-20260818T023702Z,loan_to_credit,1,191,200,15.290700,
baseline,5,1,perf-baseline-r005-20260818T023702Z,loan_to_credit,1,192,200,15.863700,
baseline,5,1,perf-baseline-r005-20260818T023702Z,loan_to_credit,1,193,200,16.144500,
baseline,5,1,perf-baseline-r005-20260818T023702Z,loan_to_credit,1,194,200,15.939100,
baseline,5,1,perf-baseline-r005-20260818T023702Z,loan_to_credit,1,195,200,16.033400,
baseline,5,1,perf-baseline-r005-20260818T023702Z,loan_to_credit,1,196,200,15.776500,
baseline,5,1,perf-baseline-r005-20260818T023702Z,loan_to_credit,1,197,200,16.167200,
baseline,5,1,perf-baseline-r005-20260818T023702Z,loan_to_credit,1,198,200,16.092600,
baseline,5,1,perf-baseline-r005-20260818T023702Z,loan_to_credit,1,199,200,15.867600,
baseline,5,1,perf-baseline-r005-20260818T023702Z,loan_to_credit,1,200,200,16.022300,
baseline,5,1,perf-baseline-r005-20260818T023702Z,loan_to_credit,2,1,200,16.199900,
baseline,5,1,perf-baseline-r005-20260818T023702Z,loan_to_credit,2,2,200,15.945800,
baseline,5,1,perf-baseline-r005-20260818T023702Z,loan_to_credit,2,3,200,15.598600,
baseline,5,1,perf-baseline-r005-20260818T023702Z,loan_to_credit,2,4,200,16.017600,
baseline,5,1,perf-baseline-r005-20260818T023702Z,loan_to_credit,2,5,200,15.734000,
baseline,5,1,perf-baseline-r005-20260818T023702Z,loan_to_credit,2,6,200,16.312000,
baseline,5,1,perf-baseline-r005-20260818T023702Z,loan_to_credit,2,7,200,16.916200,
baseline,5,1,perf-baseline-r005-20260818T023702Z,loan_to_credit,2,8,200,15.988500,
baseline,5,1,perf-baseline-r005-20260818T023702Z,loan_to_credit,2,9,200,15.992600,
baseline,5,1,perf-baseline-r005-20260818T023702Z,loan_to_credit,2,10,200,17.170800,
baseline,5,1,perf-baseline-r005-20260818T023702Z,loan_to_credit,2,11,200,15.620800,
baseline,5,1,perf-baseline-r005-20260818T023702Z,loan_to_credit,2,12,200,16.397200,
baseline,5,1,perf-baseline-r005-20260818T023702Z,loan_to_credit,2,13,200,16.581700,
baseline,5,1,perf-baseline-r005-20260818T023702Z,loan_to_credit,2,14,200,15.977900,
baseline,5,1,perf-baseline-r005-20260818T023702Z,loan_to_credit,2,15,200,16.391200,
baseline,5,1,perf-baseline-r005-20260818T023702Z,loan_to_credit,2,16,200,15.446200,
baseline,5,1,perf-baseline-r005-20260818T023702Z,loan_to_credit,2,17,200,15.754500,
baseline,5,1,perf-baseline-r005-20260818T023702Z,loan_to_credit,2,18,200,15.362800,
baseline,5,1,perf-baseline-r005-20260818T023702Z,loan_to_credit,2,19,200,16.019800,
baseline,5,1,perf-baseline-r005-20260818T023702Z,loan_to_credit,2,20,200,16.111100,
baseline,5,1,perf-baseline-r005-20260818T023702Z,loan_to_credit,2,21,200,15.746900,
baseline,5,1,perf-baseline-r005-20260818T023702Z,loan_to_credit,2,22,200,15.913300,
baseline,5,1,perf-baseline-r005-20260818T023702Z,loan_to_credit,2,23,200,15.967200,
baseline,5,1,perf-baseline-r005-20260818T023702Z,loan_to_credit,2,24,200,16.170900,
baseline,5,1,perf-baseline-r005-20260818T023702Z,loan_to_credit,2,25,200,15.805700,
baseline,5,1,perf-baseline-r005-20260818T023702Z,loan_to_credit,2,26,200,16.030300,
baseline,5,1,perf-baseline-r005-20260818T023702Z,loan_to_credit,2,27,200,15.778500,
baseline,5,1,perf-baseline-r005-20260818T023702Z,loan_to_credit,2,28,200,16.089500,
baseline,5,1,perf-baseline-r005-20260818T023702Z,loan_to_credit,2,29,200,17.105800,
baseline,5,1,perf-baseline-r005-20260818T023702Z,loan_to_credit,2,30,200,16.018200,
baseline,5,1,perf-baseline-r005-20260818T023702Z,loan_to_credit,2,31,200,15.780400,
baseline,5,1,perf-baseline-r005-20260818T023702Z,loan_to_credit,2,32,200,15.013800,
baseline,5,1,perf-baseline-r005-20260818T023702Z,loan_to_credit,2,33,200,15.864400,
baseline,5,1,perf-baseline-r005-20260818T023702Z,loan_to_credit,2,34,200,16.815600,
baseline,5,1,perf-baseline-r005-20260818T023702Z,loan_to_credit,2,35,200,16.344800,
baseline,5,1,perf-baseline-r005-20260818T023702Z,loan_to_credit,2,36,200,15.981800,
baseline,5,1,perf-baseline-r005-20260818T023702Z,loan_to_credit,2,37,200,15.950600,
baseline,5,1,perf-baseline-r005-20260818T023702Z,loan_to_credit,2,38,200,16.176300,
baseline,5,1,perf-baseline-r005-20260818T023702Z,loan_to_credit,2,39,200,15.690300,
baseline,5,1,perf-baseline-r005-20260818T023702Z,loan_to_credit,2,40,200,15.946100,
baseline,5,1,perf-baseline-r005-20260818T023702Z,loan_to_credit,2,41,200,16.422500,
baseline,5,1,perf-baseline-r005-20260818T023702Z,loan_to_credit,2,42,200,15.560000,
baseline,5,1,perf-baseline-r005-20260818T023702Z,loan_to_credit,2,43,200,16.027500,
baseline,5,1,perf-baseline-r005-20260818T023702Z,loan_to_credit,2,44,200,16.076700,
baseline,5,1,perf-baseline-r005-20260818T023702Z,loan_to_credit,2,45,200,19.327400,
baseline,5,1,perf-baseline-r005-20260818T023702Z,loan_to_credit,2,46,200,16.693000,
baseline,5,1,perf-baseline-r005-20260818T023702Z,loan_to_credit,2,47,200,17.388000,
baseline,5,1,perf-baseline-r005-20260818T023702Z,loan_to_credit,2,48,200,16.585400,
baseline,5,1,perf-baseline-r005-20260818T023702Z,loan_to_credit,2,49,200,16.041400,
baseline,5,1,perf-baseline-r005-20260818T023702Z,loan_to_credit,2,50,200,15.673200,
baseline,5,1,perf-baseline-r005-20260818T023702Z,loan_to_credit,2,51,200,15.173700,
baseline,5,1,perf-baseline-r005-20260818T023702Z,loan_to_credit,2,52,200,15.950100,
baseline,5,1,perf-baseline-r005-20260818T023702Z,loan_to_credit,2,53,200,17.083300,
baseline,5,1,perf-baseline-r005-20260818T023702Z,loan_to_credit,2,54,200,15.752200,
baseline,5,1,perf-baseline-r005-20260818T023702Z,loan_to_credit,2,55,200,16.197100,
baseline,5,1,perf-baseline-r005-20260818T023702Z,loan_to_credit,2,56,200,15.871100,
baseline,5,1,perf-baseline-r005-20260818T023702Z,loan_to_credit,2,57,200,17.103300,
baseline,5,1,perf-baseline-r005-20260818T023702Z,loan_to_credit,2,58,200,17.504800,
baseline,5,1,perf-baseline-r005-20260818T023702Z,loan_to_credit,2,59,200,18.258800,
baseline,5,1,perf-baseline-r005-20260818T023702Z,loan_to_credit,2,60,200,19.484600,
baseline,5,1,perf-baseline-r005-20260818T023702Z,loan_to_credit,2,61,200,18.807900,
baseline,5,1,perf-baseline-r005-20260818T023702Z,loan_to_credit,2,62,200,19.238500,
baseline,5,1,perf-baseline-r005-20260818T023702Z,loan_to_credit,2,63,200,20.476400,
baseline,5,1,perf-baseline-r005-20260818T023702Z,loan_to_credit,2,64,200,18.876200,
baseline,5,1,perf-baseline-r005-20260818T023702Z,loan_to_credit,2,65,200,17.234300,
baseline,5,1,perf-baseline-r005-20260818T023702Z,loan_to_credit,2,66,200,16.628600,
baseline,5,1,perf-baseline-r005-20260818T023702Z,loan_to_credit,2,67,200,17.508600,
baseline,5,1,perf-baseline-r005-20260818T023702Z,loan_to_credit,2,68,200,18.607300,
baseline,5,1,perf-baseline-r005-20260818T023702Z,loan_to_credit,2,69,200,17.109600,
baseline,5,1,perf-baseline-r005-20260818T023702Z,loan_to_credit,2,70,200,17.095600,
baseline,5,1,perf-baseline-r005-20260818T023702Z,loan_to_credit,2,71,200,16.984700,
baseline,5,1,perf-baseline-r005-20260818T023702Z,loan_to_credit,2,72,200,17.613700,
baseline,5,1,perf-baseline-r005-20260818T023702Z,loan_to_credit,2,73,200,17.138800,
baseline,5,1,perf-baseline-r005-20260818T023702Z,loan_to_credit,2,74,200,18.084100,
baseline,5,1,perf-baseline-r005-20260818T023702Z,loan_to_credit,2,75,200,19.430800,
baseline,5,1,perf-baseline-r005-20260818T023702Z,loan_to_credit,2,76,200,19.395000,
baseline,5,1,perf-baseline-r005-20260818T023702Z,loan_to_credit,2,77,200,17.737500,
baseline,5,1,perf-baseline-r005-20260818T023702Z,loan_to_credit,2,78,200,18.094600,
baseline,5,1,perf-baseline-r005-20260818T023702Z,loan_to_credit,2,79,200,17.734300,
baseline,5,1,perf-baseline-r005-20260818T023702Z,loan_to_credit,2,80,200,17.029400,
baseline,5,1,perf-baseline-r005-20260818T023702Z,loan_to_credit,2,81,200,16.462100,
baseline,5,1,perf-baseline-r005-20260818T023702Z,loan_to_credit,2,82,200,15.658400,
baseline,5,1,perf-baseline-r005-20260818T023702Z,loan_to_credit,2,83,200,17.885700,
baseline,5,1,perf-baseline-r005-20260818T023702Z,loan_to_credit,2,84,200,18.170600,
baseline,5,1,perf-baseline-r005-20260818T023702Z,loan_to_credit,2,85,200,16.652100,
baseline,5,1,perf-baseline-r005-20260818T023702Z,loan_to_credit,2,86,200,16.793900,
baseline,5,1,perf-baseline-r005-20260818T023702Z,loan_to_credit,2,87,200,17.180800,
baseline,5,1,perf-baseline-r005-20260818T023702Z,loan_to_credit,2,88,200,16.438600,
baseline,5,1,perf-baseline-r005-20260818T023702Z,loan_to_credit,2,89,200,16.105400,
baseline,5,1,perf-baseline-r005-20260818T023702Z,loan_to_credit,2,90,200,15.666900,
baseline,5,1,perf-baseline-r005-20260818T023702Z,loan_to_credit,2,91,200,16.196600,
baseline,5,1,perf-baseline-r005-20260818T023702Z,loan_to_credit,2,92,200,16.831400,
baseline,5,1,perf-baseline-r005-20260818T023702Z,loan_to_credit,2,93,200,15.851600,
baseline,5,1,perf-baseline-r005-20260818T023702Z,loan_to_credit,2,94,200,16.040000,
baseline,5,1,perf-baseline-r005-20260818T023702Z,loan_to_credit,2,95,200,16.028700,
baseline,5,1,perf-baseline-r005-20260818T023702Z,loan_to_credit,2,96,200,15.861300,
baseline,5,1,perf-baseline-r005-20260818T023702Z,loan_to_credit,2,97,200,15.981800,
baseline,5,1,perf-baseline-r005-20260818T023702Z,loan_to_credit,2,98,200,16.204000,
baseline,5,1,perf-baseline-r005-20260818T023702Z,loan_to_credit,2,99,200,15.851300,
baseline,5,1,perf-baseline-r005-20260818T023702Z,loan_to_credit,2,100,200,16.461800,
baseline,5,1,perf-baseline-r005-20260818T023702Z,loan_to_credit,2,101,200,16.595200,
baseline,5,1,perf-baseline-r005-20260818T023702Z,loan_to_credit,2,102,200,16.483100,
baseline,5,1,perf-baseline-r005-20260818T023702Z,loan_to_credit,2,103,200,17.009700,
baseline,5,1,perf-baseline-r005-20260818T023702Z,loan_to_credit,2,104,200,17.673300,
baseline,5,1,perf-baseline-r005-20260818T023702Z,loan_to_credit,2,105,200,18.761300,
baseline,5,1,perf-baseline-r005-20260818T023702Z,loan_to_credit,2,106,200,18.495000,
baseline,5,1,perf-baseline-r005-20260818T023702Z,loan_to_credit,2,107,200,17.631700,
baseline,5,1,perf-baseline-r005-20260818T023702Z,loan_to_credit,2,108,200,19.677600,
baseline,5,1,perf-baseline-r005-20260818T023702Z,loan_to_credit,2,109,200,16.760300,
baseline,5,1,perf-baseline-r005-20260818T023702Z,loan_to_credit,2,110,200,18.161800,
baseline,5,1,perf-baseline-r005-20260818T023702Z,loan_to_credit,2,111,200,17.818900,
baseline,5,1,perf-baseline-r005-20260818T023702Z,loan_to_credit,2,112,200,18.455600,
baseline,5,1,perf-baseline-r005-20260818T023702Z,loan_to_credit,2,113,200,18.070500,
baseline,5,1,perf-baseline-r005-20260818T023702Z,loan_to_credit,2,114,200,17.320400,
baseline,5,1,perf-baseline-r005-20260818T023702Z,loan_to_credit,2,115,200,16.784500,
baseline,5,1,perf-baseline-r005-20260818T023702Z,loan_to_credit,2,116,200,17.736300,
baseline,5,1,perf-baseline-r005-20260818T023702Z,loan_to_credit,2,117,200,17.452900,
baseline,5,1,perf-baseline-r005-20260818T023702Z,loan_to_credit,2,118,200,16.435600,
baseline,5,1,perf-baseline-r005-20260818T023702Z,loan_to_credit,2,119,200,15.747400,
baseline,5,1,perf-baseline-r005-20260818T023702Z,loan_to_credit,2,120,200,16.317000,
baseline,5,1,perf-baseline-r005-20260818T023702Z,loan_to_credit,2,121,200,15.821700,
baseline,5,1,perf-baseline-r005-20260818T023702Z,loan_to_credit,2,122,200,14.950600,
baseline,5,1,perf-baseline-r005-20260818T023702Z,loan_to_credit,2,123,200,16.061900,
baseline,5,1,perf-baseline-r005-20260818T023702Z,loan_to_credit,2,124,200,17.057000,
baseline,5,1,perf-baseline-r005-20260818T023702Z,loan_to_credit,2,125,200,15.447300,
baseline,5,1,perf-baseline-r005-20260818T023702Z,loan_to_credit,2,126,200,16.125100,
baseline,5,1,perf-baseline-r005-20260818T023702Z,loan_to_credit,2,127,200,16.196900,
baseline,5,1,perf-baseline-r005-20260818T023702Z,loan_to_credit,2,128,200,15.623400,
baseline,5,1,perf-baseline-r005-20260818T023702Z,loan_to_credit,2,129,200,16.121200,
baseline,5,1,perf-baseline-r005-20260818T023702Z,loan_to_credit,2,130,200,16.056500,
baseline,5,1,perf-baseline-r005-20260818T023702Z,loan_to_credit,2,131,200,16.213900,
baseline,5,1,perf-baseline-r005-20260818T023702Z,loan_to_credit,2,132,200,16.129000,
baseline,5,1,perf-baseline-r005-20260818T023702Z,loan_to_credit,2,133,200,15.660100,
baseline,5,1,perf-baseline-r005-20260818T023702Z,loan_to_credit,2,134,200,16.267600,
baseline,5,1,perf-baseline-r005-20260818T023702Z,loan_to_credit,2,135,200,15.993500,
baseline,5,1,perf-baseline-r005-20260818T023702Z,loan_to_credit,2,136,200,15.814800,
baseline,5,1,perf-baseline-r005-20260818T023702Z,loan_to_credit,2,137,200,15.824900,
baseline,5,1,perf-baseline-r005-20260818T023702Z,loan_to_credit,2,138,200,16.158700,
baseline,5,1,perf-baseline-r005-20260818T023702Z,loan_to_credit,2,139,200,16.138100,
baseline,5,1,perf-baseline-r005-20260818T023702Z,loan_to_credit,2,140,200,15.543000,
baseline,5,1,perf-baseline-r005-20260818T023702Z,loan_to_credit,2,141,200,15.094900,
baseline,5,1,perf-baseline-r005-20260818T023702Z,loan_to_credit,2,142,200,15.953700,
baseline,5,1,perf-baseline-r005-20260818T023702Z,loan_to_credit,2,143,200,15.890500,
baseline,5,1,perf-baseline-r005-20260818T023702Z,loan_to_credit,2,144,200,16.066900,
baseline,5,1,perf-baseline-r005-20260818T023702Z,loan_to_credit,2,145,200,16.066700,
baseline,5,1,perf-baseline-r005-20260818T023702Z,loan_to_credit,2,146,200,15.921000,
baseline,5,1,perf-baseline-r005-20260818T023702Z,loan_to_credit,2,147,200,16.462100,
baseline,5,1,perf-baseline-r005-20260818T023702Z,loan_to_credit,2,148,200,16.802100,
baseline,5,1,perf-baseline-r005-20260818T023702Z,loan_to_credit,2,149,200,15.688700,
baseline,5,1,perf-baseline-r005-20260818T023702Z,loan_to_credit,2,150,200,16.144600,
baseline,5,1,perf-baseline-r005-20260818T023702Z,loan_to_credit,2,151,200,16.585800,
baseline,5,1,perf-baseline-r005-20260818T023702Z,loan_to_credit,2,152,200,16.021300,
baseline,5,1,perf-baseline-r005-20260818T023702Z,loan_to_credit,2,153,200,16.001700,
baseline,5,1,perf-baseline-r005-20260818T023702Z,loan_to_credit,2,154,200,16.154000,
baseline,5,1,perf-baseline-r005-20260818T023702Z,loan_to_credit,2,155,200,15.970500,
baseline,5,1,perf-baseline-r005-20260818T023702Z,loan_to_credit,2,156,200,15.681600,
baseline,5,1,perf-baseline-r005-20260818T023702Z,loan_to_credit,2,157,200,16.150500,
baseline,5,1,perf-baseline-r005-20260818T023702Z,loan_to_credit,2,158,200,16.269500,
baseline,5,1,perf-baseline-r005-20260818T023702Z,loan_to_credit,2,159,200,15.783000,
baseline,5,1,perf-baseline-r005-20260818T023702Z,loan_to_credit,2,160,200,15.772000,
baseline,5,1,perf-baseline-r005-20260818T023702Z,loan_to_credit,2,161,200,16.175700,
baseline,5,1,perf-baseline-r005-20260818T023702Z,loan_to_credit,2,162,200,16.366900,
baseline,5,1,perf-baseline-r005-20260818T023702Z,loan_to_credit,2,163,200,15.742900,
baseline,5,1,perf-baseline-r005-20260818T023702Z,loan_to_credit,2,164,200,15.909000,
baseline,5,1,perf-baseline-r005-20260818T023702Z,loan_to_credit,2,165,200,16.008600,
baseline,5,1,perf-baseline-r005-20260818T023702Z,loan_to_credit,2,166,200,18.483900,
baseline,5,1,perf-baseline-r005-20260818T023702Z,loan_to_credit,2,167,200,17.731100,
baseline,5,1,perf-baseline-r005-20260818T023702Z,loan_to_credit,2,168,200,17.096600,
baseline,5,1,perf-baseline-r005-20260818T023702Z,loan_to_credit,2,169,200,21.720500,
baseline,5,1,perf-baseline-r005-20260818T023702Z,loan_to_credit,2,170,200,17.464800,
baseline,5,1,perf-baseline-r005-20260818T023702Z,loan_to_credit,2,171,200,16.561100,
baseline,5,1,perf-baseline-r005-20260818T023702Z,loan_to_credit,2,172,200,16.745700,
baseline,5,1,perf-baseline-r005-20260818T023702Z,loan_to_credit,2,173,200,16.288200,
baseline,5,1,perf-baseline-r005-20260818T023702Z,loan_to_credit,2,174,200,16.063500,
baseline,5,1,perf-baseline-r005-20260818T023702Z,loan_to_credit,2,175,200,16.463700,
baseline,5,1,perf-baseline-r005-20260818T023702Z,loan_to_credit,2,176,200,16.288800,
baseline,5,1,perf-baseline-r005-20260818T023702Z,loan_to_credit,2,177,200,17.082100,
baseline,5,1,perf-baseline-r005-20260818T023702Z,loan_to_credit,2,178,200,16.787500,
baseline,5,1,perf-baseline-r005-20260818T023702Z,loan_to_credit,2,179,200,15.906100,
baseline,5,1,perf-baseline-r005-20260818T023702Z,loan_to_credit,2,180,200,17.023000,
baseline,5,1,perf-baseline-r005-20260818T023702Z,loan_to_credit,2,181,200,15.659600,
baseline,5,1,perf-baseline-r005-20260818T023702Z,loan_to_credit,2,182,200,16.142000,
baseline,5,1,perf-baseline-r005-20260818T023702Z,loan_to_credit,2,183,200,15.835400,
baseline,5,1,perf-baseline-r005-20260818T023702Z,loan_to_credit,2,184,200,15.924500,
baseline,5,1,perf-baseline-r005-20260818T023702Z,loan_to_credit,2,185,200,18.436700,
baseline,5,1,perf-baseline-r005-20260818T023702Z,loan_to_credit,2,186,200,19.933500,
baseline,5,1,perf-baseline-r005-20260818T023702Z,loan_to_credit,2,187,200,19.519100,
baseline,5,1,perf-baseline-r005-20260818T023702Z,loan_to_credit,2,188,200,18.067400,
baseline,5,1,perf-baseline-r005-20260818T023702Z,loan_to_credit,2,189,200,16.597000,
baseline,5,1,perf-baseline-r005-20260818T023702Z,loan_to_credit,2,190,200,16.916100,
baseline,5,1,perf-baseline-r005-20260818T023702Z,loan_to_credit,2,191,200,15.606900,
baseline,5,1,perf-baseline-r005-20260818T023702Z,loan_to_credit,2,192,200,16.479400,
baseline,5,1,perf-baseline-r005-20260818T023702Z,loan_to_credit,2,193,200,16.385800,
baseline,5,1,perf-baseline-r005-20260818T023702Z,loan_to_credit,2,194,200,15.714700,
baseline,5,1,perf-baseline-r005-20260818T023702Z,loan_to_credit,2,195,200,16.189500,
baseline,5,1,perf-baseline-r005-20260818T023702Z,loan_to_credit,2,196,200,16.292800,
baseline,5,1,perf-baseline-r005-20260818T023702Z,loan_to_credit,2,197,200,15.833700,
baseline,5,1,perf-baseline-r005-20260818T023702Z,loan_to_credit,2,198,200,15.911300,
baseline,5,1,perf-baseline-r005-20260818T023702Z,loan_to_credit,2,199,200,14.915000,
baseline,5,1,perf-baseline-r005-20260818T023702Z,loan_to_credit,2,200,200,16.030400,
baseline,5,1,perf-baseline-r005-20260818T023702Z,loan_to_credit,3,1,200,16.077700,
baseline,5,1,perf-baseline-r005-20260818T023702Z,loan_to_credit,3,2,200,15.949300,
baseline,5,1,perf-baseline-r005-20260818T023702Z,loan_to_credit,3,3,200,16.111900,
baseline,5,1,perf-baseline-r005-20260818T023702Z,loan_to_credit,3,4,200,15.906400,
baseline,5,1,perf-baseline-r005-20260818T023702Z,loan_to_credit,3,5,200,16.063700,
baseline,5,1,perf-baseline-r005-20260818T023702Z,loan_to_credit,3,6,200,17.309900,
baseline,5,1,perf-baseline-r005-20260818T023702Z,loan_to_credit,3,7,200,16.613900,
baseline,5,1,perf-baseline-r005-20260818T023702Z,loan_to_credit,3,8,200,16.016500,
baseline,5,1,perf-baseline-r005-20260818T023702Z,loan_to_credit,3,9,200,17.662000,
baseline,5,1,perf-baseline-r005-20260818T023702Z,loan_to_credit,3,10,200,16.748700,
baseline,5,1,perf-baseline-r005-20260818T023702Z,loan_to_credit,3,11,200,17.186800,
baseline,5,1,perf-baseline-r005-20260818T023702Z,loan_to_credit,3,12,200,16.290200,
baseline,5,1,perf-baseline-r005-20260818T023702Z,loan_to_credit,3,13,200,16.034000,
baseline,5,1,perf-baseline-r005-20260818T023702Z,loan_to_credit,3,14,200,16.901700,
baseline,5,1,perf-baseline-r005-20260818T023702Z,loan_to_credit,3,15,200,16.095900,
baseline,5,1,perf-baseline-r005-20260818T023702Z,loan_to_credit,3,16,200,15.843600,
baseline,5,1,perf-baseline-r005-20260818T023702Z,loan_to_credit,3,17,200,15.876900,
baseline,5,1,perf-baseline-r005-20260818T023702Z,loan_to_credit,3,18,200,16.115000,
baseline,5,1,perf-baseline-r005-20260818T023702Z,loan_to_credit,3,19,200,15.780000,
baseline,5,1,perf-baseline-r005-20260818T023702Z,loan_to_credit,3,20,200,15.814700,
baseline,5,1,perf-baseline-r005-20260818T023702Z,loan_to_credit,3,21,200,16.323500,
baseline,5,1,perf-baseline-r005-20260818T023702Z,loan_to_credit,3,22,200,15.618100,
baseline,5,1,perf-baseline-r005-20260818T023702Z,loan_to_credit,3,23,200,16.273400,
baseline,5,1,perf-baseline-r005-20260818T023702Z,loan_to_credit,3,24,200,15.873600,
baseline,5,1,perf-baseline-r005-20260818T023702Z,loan_to_credit,3,25,200,15.806300,
baseline,5,1,perf-baseline-r005-20260818T023702Z,loan_to_credit,3,26,200,16.381600,
baseline,5,1,perf-baseline-r005-20260818T023702Z,loan_to_credit,3,27,200,15.774800,
baseline,5,1,perf-baseline-r005-20260818T023702Z,loan_to_credit,3,28,200,18.165900,
baseline,5,1,perf-baseline-r005-20260818T023702Z,loan_to_credit,3,29,200,17.434100,
baseline,5,1,perf-baseline-r005-20260818T023702Z,loan_to_credit,3,30,200,16.329800,
baseline,5,1,perf-baseline-r005-20260818T023702Z,loan_to_credit,3,31,200,16.386200,
baseline,5,1,perf-baseline-r005-20260818T023702Z,loan_to_credit,3,32,200,15.860900,
baseline,5,1,perf-baseline-r005-20260818T023702Z,loan_to_credit,3,33,200,15.993100,
baseline,5,1,perf-baseline-r005-20260818T023702Z,loan_to_credit,3,34,200,17.516600,
baseline,5,1,perf-baseline-r005-20260818T023702Z,loan_to_credit,3,35,200,17.615700,
baseline,5,1,perf-baseline-r005-20260818T023702Z,loan_to_credit,3,36,200,16.892700,
baseline,5,1,perf-baseline-r005-20260818T023702Z,loan_to_credit,3,37,200,17.077500,
baseline,5,1,perf-baseline-r005-20260818T023702Z,loan_to_credit,3,38,200,17.348200,
baseline,5,1,perf-baseline-r005-20260818T023702Z,loan_to_credit,3,39,200,17.929500,
baseline,5,1,perf-baseline-r005-20260818T023702Z,loan_to_credit,3,40,200,17.525600,
baseline,5,1,perf-baseline-r005-20260818T023702Z,loan_to_credit,3,41,200,16.825100,
baseline,5,1,perf-baseline-r005-20260818T023702Z,loan_to_credit,3,42,200,16.957600,
baseline,5,1,perf-baseline-r005-20260818T023702Z,loan_to_credit,3,43,200,15.829800,
baseline,5,1,perf-baseline-r005-20260818T023702Z,loan_to_credit,3,44,200,15.996300,
baseline,5,1,perf-baseline-r005-20260818T023702Z,loan_to_credit,3,45,200,15.860000,
baseline,5,1,perf-baseline-r005-20260818T023702Z,loan_to_credit,3,46,200,14.926900,
baseline,5,1,perf-baseline-r005-20260818T023702Z,loan_to_credit,3,47,200,15.893900,
baseline,5,1,perf-baseline-r005-20260818T023702Z,loan_to_credit,3,48,200,15.951800,
baseline,5,1,perf-baseline-r005-20260818T023702Z,loan_to_credit,3,49,200,16.038200,
baseline,5,1,perf-baseline-r005-20260818T023702Z,loan_to_credit,3,50,200,16.087300,
baseline,5,1,perf-baseline-r005-20260818T023702Z,loan_to_credit,3,51,200,15.919700,
baseline,5,1,perf-baseline-r005-20260818T023702Z,loan_to_credit,3,52,200,15.854700,
baseline,5,1,perf-baseline-r005-20260818T023702Z,loan_to_credit,3,53,200,15.883600,
baseline,5,1,perf-baseline-r005-20260818T023702Z,loan_to_credit,3,54,200,16.026300,
baseline,5,1,perf-baseline-r005-20260818T023702Z,loan_to_credit,3,55,200,16.072500,
baseline,5,1,perf-baseline-r005-20260818T023702Z,loan_to_credit,3,56,200,16.410900,
baseline,5,1,perf-baseline-r005-20260818T023702Z,loan_to_credit,3,57,200,16.733200,
baseline,5,1,perf-baseline-r005-20260818T023702Z,loan_to_credit,3,58,200,16.683300,
baseline,5,1,perf-baseline-r005-20260818T023702Z,loan_to_credit,3,59,200,16.492300,
baseline,5,1,perf-baseline-r005-20260818T023702Z,loan_to_credit,3,60,200,16.239900,
baseline,5,1,perf-baseline-r005-20260818T023702Z,loan_to_credit,3,61,200,16.694900,
baseline,5,1,perf-baseline-r005-20260818T023702Z,loan_to_credit,3,62,200,15.655700,
baseline,5,1,perf-baseline-r005-20260818T023702Z,loan_to_credit,3,63,200,16.190700,
baseline,5,1,perf-baseline-r005-20260818T023702Z,loan_to_credit,3,64,200,17.032300,
baseline,5,1,perf-baseline-r005-20260818T023702Z,loan_to_credit,3,65,200,15.935000,
baseline,5,1,perf-baseline-r005-20260818T023702Z,loan_to_credit,3,66,200,15.962700,
baseline,5,1,perf-baseline-r005-20260818T023702Z,loan_to_credit,3,67,200,16.770500,
baseline,5,1,perf-baseline-r005-20260818T023702Z,loan_to_credit,3,68,200,16.343000,
baseline,5,1,perf-baseline-r005-20260818T023702Z,loan_to_credit,3,69,200,15.606000,
baseline,5,1,perf-baseline-r005-20260818T023702Z,loan_to_credit,3,70,200,16.149300,
baseline,5,1,perf-baseline-r005-20260818T023702Z,loan_to_credit,3,71,200,16.051600,
baseline,5,1,perf-baseline-r005-20260818T023702Z,loan_to_credit,3,72,200,15.934500,
baseline,5,1,perf-baseline-r005-20260818T023702Z,loan_to_credit,3,73,200,18.231000,
baseline,5,1,perf-baseline-r005-20260818T023702Z,loan_to_credit,3,74,200,17.578400,
baseline,5,1,perf-baseline-r005-20260818T023702Z,loan_to_credit,3,75,200,17.163800,
baseline,5,1,perf-baseline-r005-20260818T023702Z,loan_to_credit,3,76,200,16.218800,
baseline,5,1,perf-baseline-r005-20260818T023702Z,loan_to_credit,3,77,200,16.108600,
baseline,5,1,perf-baseline-r005-20260818T023702Z,loan_to_credit,3,78,200,15.631700,
baseline,5,1,perf-baseline-r005-20260818T023702Z,loan_to_credit,3,79,200,16.028400,
baseline,5,1,perf-baseline-r005-20260818T023702Z,loan_to_credit,3,80,200,15.894500,
baseline,5,1,perf-baseline-r005-20260818T023702Z,loan_to_credit,3,81,200,16.979200,
baseline,5,1,perf-baseline-r005-20260818T023702Z,loan_to_credit,3,82,200,15.741900,
baseline,5,1,perf-baseline-r005-20260818T023702Z,loan_to_credit,3,83,200,16.363800,
baseline,5,1,perf-baseline-r005-20260818T023702Z,loan_to_credit,3,84,200,15.671500,
baseline,5,1,perf-baseline-r005-20260818T023702Z,loan_to_credit,3,85,200,16.058800,
baseline,5,1,perf-baseline-r005-20260818T023702Z,loan_to_credit,3,86,200,16.052700,
baseline,5,1,perf-baseline-r005-20260818T023702Z,loan_to_credit,3,87,200,15.877300,
baseline,5,1,perf-baseline-r005-20260818T023702Z,loan_to_credit,3,88,200,15.562500,
baseline,5,1,perf-baseline-r005-20260818T023702Z,loan_to_credit,3,89,200,16.280400,
baseline,5,1,perf-baseline-r005-20260818T023702Z,loan_to_credit,3,90,200,17.604600,
baseline,5,1,perf-baseline-r005-20260818T023702Z,loan_to_credit,3,91,200,17.413000,
baseline,5,1,perf-baseline-r005-20260818T023702Z,loan_to_credit,3,92,200,16.243900,
baseline,5,1,perf-baseline-r005-20260818T023702Z,loan_to_credit,3,93,200,15.940600,
baseline,5,1,perf-baseline-r005-20260818T023702Z,loan_to_credit,3,94,200,16.131900,
baseline,5,1,perf-baseline-r005-20260818T023702Z,loan_to_credit,3,95,200,16.525900,
baseline,5,1,perf-baseline-r005-20260818T023702Z,loan_to_credit,3,96,200,15.162400,
baseline,5,1,perf-baseline-r005-20260818T023702Z,loan_to_credit,3,97,200,15.842500,
baseline,5,1,perf-baseline-r005-20260818T023702Z,loan_to_credit,3,98,200,16.596800,
baseline,5,1,perf-baseline-r005-20260818T023702Z,loan_to_credit,3,99,200,15.493700,
baseline,5,1,perf-baseline-r005-20260818T023702Z,loan_to_credit,3,100,200,16.731200,
baseline,5,1,perf-baseline-r005-20260818T023702Z,loan_to_credit,3,101,200,16.304800,
baseline,5,1,perf-baseline-r005-20260818T023702Z,loan_to_credit,3,102,200,15.784100,
baseline,5,1,perf-baseline-r005-20260818T023702Z,loan_to_credit,3,103,200,17.298200,
baseline,5,1,perf-baseline-r005-20260818T023702Z,loan_to_credit,3,104,200,15.562100,
baseline,5,1,perf-baseline-r005-20260818T023702Z,loan_to_credit,3,105,200,16.270900,
baseline,5,1,perf-baseline-r005-20260818T023702Z,loan_to_credit,3,106,200,16.999500,
baseline,5,1,perf-baseline-r005-20260818T023702Z,loan_to_credit,3,107,200,16.004400,
baseline,5,1,perf-baseline-r005-20260818T023702Z,loan_to_credit,3,108,200,17.209100,
baseline,5,1,perf-baseline-r005-20260818T023702Z,loan_to_credit,3,109,200,16.819200,
baseline,5,1,perf-baseline-r005-20260818T023702Z,loan_to_credit,3,110,200,15.990200,
baseline,5,1,perf-baseline-r005-20260818T023702Z,loan_to_credit,3,111,200,17.386000,
baseline,5,1,perf-baseline-r005-20260818T023702Z,loan_to_credit,3,112,200,16.428300,
baseline,5,1,perf-baseline-r005-20260818T023702Z,loan_to_credit,3,113,200,15.629800,
baseline,5,1,perf-baseline-r005-20260818T023702Z,loan_to_credit,3,114,200,16.640100,
baseline,5,1,perf-baseline-r005-20260818T023702Z,loan_to_credit,3,115,200,15.523700,
baseline,5,1,perf-baseline-r005-20260818T023702Z,loan_to_credit,3,116,200,15.840600,
baseline,5,1,perf-baseline-r005-20260818T023702Z,loan_to_credit,3,117,200,15.085400,
baseline,5,1,perf-baseline-r005-20260818T023702Z,loan_to_credit,3,118,200,16.017000,
baseline,5,1,perf-baseline-r005-20260818T023702Z,loan_to_credit,3,119,200,15.877100,
baseline,5,1,perf-baseline-r005-20260818T023702Z,loan_to_credit,3,120,200,16.420900,
baseline,5,1,perf-baseline-r005-20260818T023702Z,loan_to_credit,3,121,200,18.890600,
baseline,5,1,perf-baseline-r005-20260818T023702Z,loan_to_credit,3,122,200,16.933800,
baseline,5,1,perf-baseline-r005-20260818T023702Z,loan_to_credit,3,123,200,15.434100,
baseline,5,1,perf-baseline-r005-20260818T023702Z,loan_to_credit,3,124,200,16.360400,
baseline,5,1,perf-baseline-r005-20260818T023702Z,loan_to_credit,3,125,200,16.661700,
baseline,5,1,perf-baseline-r005-20260818T023702Z,loan_to_credit,3,126,200,16.408800,
baseline,5,1,perf-baseline-r005-20260818T023702Z,loan_to_credit,3,127,200,15.709400,
baseline,5,1,perf-baseline-r005-20260818T023702Z,loan_to_credit,3,128,200,16.064300,
baseline,5,1,perf-baseline-r005-20260818T023702Z,loan_to_credit,3,129,200,15.940700,
baseline,5,1,perf-baseline-r005-20260818T023702Z,loan_to_credit,3,130,200,14.617000,
baseline,5,1,perf-baseline-r005-20260818T023702Z,loan_to_credit,3,131,200,16.491100,
baseline,5,1,perf-baseline-r005-20260818T023702Z,loan_to_credit,3,132,200,16.256300,
baseline,5,1,perf-baseline-r005-20260818T023702Z,loan_to_credit,3,133,200,15.423500,
baseline,5,1,perf-baseline-r005-20260818T023702Z,loan_to_credit,3,134,200,16.370900,
baseline,5,1,perf-baseline-r005-20260818T023702Z,loan_to_credit,3,135,200,15.607700,
baseline,5,1,perf-baseline-r005-20260818T023702Z,loan_to_credit,3,136,200,15.007800,
baseline,5,1,perf-baseline-r005-20260818T023702Z,loan_to_credit,3,137,200,16.557400,
baseline,5,1,perf-baseline-r005-20260818T023702Z,loan_to_credit,3,138,200,16.855600,
baseline,5,1,perf-baseline-r005-20260818T023702Z,loan_to_credit,3,139,200,16.845900,
baseline,5,1,perf-baseline-r005-20260818T023702Z,loan_to_credit,3,140,200,15.841400,
baseline,5,1,perf-baseline-r005-20260818T023702Z,loan_to_credit,3,141,200,17.608100,
baseline,5,1,perf-baseline-r005-20260818T023702Z,loan_to_credit,3,142,200,18.873400,
baseline,5,1,perf-baseline-r005-20260818T023702Z,loan_to_credit,3,143,200,16.517200,
baseline,5,1,perf-baseline-r005-20260818T023702Z,loan_to_credit,3,144,200,15.811700,
baseline,5,1,perf-baseline-r005-20260818T023702Z,loan_to_credit,3,145,200,16.298200,
baseline,5,1,perf-baseline-r005-20260818T023702Z,loan_to_credit,3,146,200,15.862600,
baseline,5,1,perf-baseline-r005-20260818T023702Z,loan_to_credit,3,147,200,15.600600,
baseline,5,1,perf-baseline-r005-20260818T023702Z,loan_to_credit,3,148,200,15.688500,
baseline,5,1,perf-baseline-r005-20260818T023702Z,loan_to_credit,3,149,200,15.799400,
baseline,5,1,perf-baseline-r005-20260818T023702Z,loan_to_credit,3,150,200,15.732100,
baseline,5,1,perf-baseline-r005-20260818T023702Z,loan_to_credit,3,151,200,16.477500,
baseline,5,1,perf-baseline-r005-20260818T023702Z,loan_to_credit,3,152,200,18.886400,
baseline,5,1,perf-baseline-r005-20260818T023702Z,loan_to_credit,3,153,200,16.673200,
baseline,5,1,perf-baseline-r005-20260818T023702Z,loan_to_credit,3,154,200,16.810600,
baseline,5,1,perf-baseline-r005-20260818T023702Z,loan_to_credit,3,155,200,16.452600,
baseline,5,1,perf-baseline-r005-20260818T023702Z,loan_to_credit,3,156,200,16.969000,
baseline,5,1,perf-baseline-r005-20260818T023702Z,loan_to_credit,3,157,200,15.844300,
baseline,5,1,perf-baseline-r005-20260818T023702Z,loan_to_credit,3,158,200,15.880700,
baseline,5,1,perf-baseline-r005-20260818T023702Z,loan_to_credit,3,159,200,16.027100,
baseline,5,1,perf-baseline-r005-20260818T023702Z,loan_to_credit,3,160,200,15.958800,
baseline,5,1,perf-baseline-r005-20260818T023702Z,loan_to_credit,3,161,200,15.674000,
baseline,5,1,perf-baseline-r005-20260818T023702Z,loan_to_credit,3,162,200,16.002600,
baseline,5,1,perf-baseline-r005-20260818T023702Z,loan_to_credit,3,163,200,16.037200,
baseline,5,1,perf-baseline-r005-20260818T023702Z,loan_to_credit,3,164,200,16.319400,
baseline,5,1,perf-baseline-r005-20260818T023702Z,loan_to_credit,3,165,200,16.778800,
baseline,5,1,perf-baseline-r005-20260818T023702Z,loan_to_credit,3,166,200,15.686000,
baseline,5,1,perf-baseline-r005-20260818T023702Z,loan_to_credit,3,167,200,16.051400,
baseline,5,1,perf-baseline-r005-20260818T023702Z,loan_to_credit,3,168,200,14.879400,
baseline,5,1,perf-baseline-r005-20260818T023702Z,loan_to_credit,3,169,200,16.500200,
baseline,5,1,perf-baseline-r005-20260818T023702Z,loan_to_credit,3,170,200,16.664600,
baseline,5,1,perf-baseline-r005-20260818T023702Z,loan_to_credit,3,171,200,15.952000,
baseline,5,1,perf-baseline-r005-20260818T023702Z,loan_to_credit,3,172,200,17.192000,
baseline,5,1,perf-baseline-r005-20260818T023702Z,loan_to_credit,3,173,200,15.613300,
baseline,5,1,perf-baseline-r005-20260818T023702Z,loan_to_credit,3,174,200,17.379100,
baseline,5,1,perf-baseline-r005-20260818T023702Z,loan_to_credit,3,175,200,15.959900,
baseline,5,1,perf-baseline-r005-20260818T023702Z,loan_to_credit,3,176,200,15.605500,
baseline,5,1,perf-baseline-r005-20260818T023702Z,loan_to_credit,3,177,200,16.953600,
baseline,5,1,perf-baseline-r005-20260818T023702Z,loan_to_credit,3,178,200,15.944900,
baseline,5,1,perf-baseline-r005-20260818T023702Z,loan_to_credit,3,179,200,16.563500,
baseline,5,1,perf-baseline-r005-20260818T023702Z,loan_to_credit,3,180,200,17.844900,
baseline,5,1,perf-baseline-r005-20260818T023702Z,loan_to_credit,3,181,200,16.629300,
baseline,5,1,perf-baseline-r005-20260818T023702Z,loan_to_credit,3,182,200,17.659500,
baseline,5,1,perf-baseline-r005-20260818T023702Z,loan_to_credit,3,183,200,17.095400,
baseline,5,1,perf-baseline-r005-20260818T023702Z,loan_to_credit,3,184,200,16.636400,
baseline,5,1,perf-baseline-r005-20260818T023702Z,loan_to_credit,3,185,200,16.044100,
baseline,5,1,perf-baseline-r005-20260818T023702Z,loan_to_credit,3,186,200,16.778800,
baseline,5,1,perf-baseline-r005-20260818T023702Z,loan_to_credit,3,187,200,15.704100,
baseline,5,1,perf-baseline-r005-20260818T023702Z,loan_to_credit,3,188,200,16.918500,
baseline,5,1,perf-baseline-r005-20260818T023702Z,loan_to_credit,3,189,200,16.982900,
baseline,5,1,perf-baseline-r005-20260818T023702Z,loan_to_credit,3,190,200,16.115000,
baseline,5,1,perf-baseline-r005-20260818T023702Z,loan_to_credit,3,191,200,16.373600,
baseline,5,1,perf-baseline-r005-20260818T023702Z,loan_to_credit,3,192,200,16.339600,
baseline,5,1,perf-baseline-r005-20260818T023702Z,loan_to_credit,3,193,200,16.379300,
baseline,5,1,perf-baseline-r005-20260818T023702Z,loan_to_credit,3,194,200,15.909600,
baseline,5,1,perf-baseline-r005-20260818T023702Z,loan_to_credit,3,195,200,16.433900,
baseline,5,1,perf-baseline-r005-20260818T023702Z,loan_to_credit,3,196,200,16.482700,
baseline,5,1,perf-baseline-r005-20260818T023702Z,loan_to_credit,3,197,200,15.668800,
baseline,5,1,perf-baseline-r005-20260818T023702Z,loan_to_credit,3,198,200,16.232400,
baseline,5,1,perf-baseline-r005-20260818T023702Z,loan_to_credit,3,199,200,16.086300,
baseline,5,1,perf-baseline-r005-20260818T023702Z,loan_to_credit,3,200,200,16.031900,
baseline,5,1,perf-baseline-r005-20260818T023702Z,loan_to_aml,1,1,200,16.863800,
baseline,5,1,perf-baseline-r005-20260818T023702Z,loan_to_aml,1,2,200,16.215400,
baseline,5,1,perf-baseline-r005-20260818T023702Z,loan_to_aml,1,3,200,16.807600,
baseline,5,1,perf-baseline-r005-20260818T023702Z,loan_to_aml,1,4,200,16.109800,
baseline,5,1,perf-baseline-r005-20260818T023702Z,loan_to_aml,1,5,200,15.733900,
baseline,5,1,perf-baseline-r005-20260818T023702Z,loan_to_aml,1,6,200,16.067500,
baseline,5,1,perf-baseline-r005-20260818T023702Z,loan_to_aml,1,7,200,15.974700,
baseline,5,1,perf-baseline-r005-20260818T023702Z,loan_to_aml,1,8,200,15.537700,
baseline,5,1,perf-baseline-r005-20260818T023702Z,loan_to_aml,1,9,200,16.360500,
baseline,5,1,perf-baseline-r005-20260818T023702Z,loan_to_aml,1,10,200,17.062100,
baseline,5,1,perf-baseline-r005-20260818T023702Z,loan_to_aml,1,11,200,16.086800,
baseline,5,1,perf-baseline-r005-20260818T023702Z,loan_to_aml,1,12,200,16.566900,
baseline,5,1,perf-baseline-r005-20260818T023702Z,loan_to_aml,1,13,200,15.873400,
baseline,5,1,perf-baseline-r005-20260818T023702Z,loan_to_aml,1,14,200,15.914100,
baseline,5,1,perf-baseline-r005-20260818T023702Z,loan_to_aml,1,15,200,16.060100,
baseline,5,1,perf-baseline-r005-20260818T023702Z,loan_to_aml,1,16,200,15.874600,
baseline,5,1,perf-baseline-r005-20260818T023702Z,loan_to_aml,1,17,200,16.160000,
baseline,5,1,perf-baseline-r005-20260818T023702Z,loan_to_aml,1,18,200,17.173800,
baseline,5,1,perf-baseline-r005-20260818T023702Z,loan_to_aml,1,19,200,17.479800,
baseline,5,1,perf-baseline-r005-20260818T023702Z,loan_to_aml,1,20,200,16.880300,
baseline,5,1,perf-baseline-r005-20260818T023702Z,loan_to_aml,1,21,200,16.521700,
baseline,5,1,perf-baseline-r005-20260818T023702Z,loan_to_aml,1,22,200,16.204700,
baseline,5,1,perf-baseline-r005-20260818T023702Z,loan_to_aml,1,23,200,17.118600,
baseline,5,1,perf-baseline-r005-20260818T023702Z,loan_to_aml,1,24,200,17.684700,
baseline,5,1,perf-baseline-r005-20260818T023702Z,loan_to_aml,1,25,200,15.970000,
baseline,5,1,perf-baseline-r005-20260818T023702Z,loan_to_aml,1,26,200,16.381900,
baseline,5,1,perf-baseline-r005-20260818T023702Z,loan_to_aml,1,27,200,16.355000,
baseline,5,1,perf-baseline-r005-20260818T023702Z,loan_to_aml,1,28,200,16.108000,
baseline,5,1,perf-baseline-r005-20260818T023702Z,loan_to_aml,1,29,200,17.390800,
baseline,5,1,perf-baseline-r005-20260818T023702Z,loan_to_aml,1,30,200,16.264900,
baseline,5,1,perf-baseline-r005-20260818T023702Z,loan_to_aml,1,31,200,16.411700,
baseline,5,1,perf-baseline-r005-20260818T023702Z,loan_to_aml,1,32,200,15.686800,
baseline,5,1,perf-baseline-r005-20260818T023702Z,loan_to_aml,1,33,200,16.025900,
baseline,5,1,perf-baseline-r005-20260818T023702Z,loan_to_aml,1,34,200,18.017900,
baseline,5,1,perf-baseline-r005-20260818T023702Z,loan_to_aml,1,35,200,17.655000,
baseline,5,1,perf-baseline-r005-20260818T023702Z,loan_to_aml,1,36,200,16.736100,
baseline,5,1,perf-baseline-r005-20260818T023702Z,loan_to_aml,1,37,200,17.942800,
baseline,5,1,perf-baseline-r005-20260818T023702Z,loan_to_aml,1,38,200,17.406000,
baseline,5,1,perf-baseline-r005-20260818T023702Z,loan_to_aml,1,39,200,16.484300,
baseline,5,1,perf-baseline-r005-20260818T023702Z,loan_to_aml,1,40,200,16.915800,
baseline,5,1,perf-baseline-r005-20260818T023702Z,loan_to_aml,1,41,200,17.060900,
baseline,5,1,perf-baseline-r005-20260818T023702Z,loan_to_aml,1,42,200,18.449000,
baseline,5,1,perf-baseline-r005-20260818T023702Z,loan_to_aml,1,43,200,17.710400,
baseline,5,1,perf-baseline-r005-20260818T023702Z,loan_to_aml,1,44,200,16.696700,
baseline,5,1,perf-baseline-r005-20260818T023702Z,loan_to_aml,1,45,200,16.320900,
baseline,5,1,perf-baseline-r005-20260818T023702Z,loan_to_aml,1,46,200,16.664500,
baseline,5,1,perf-baseline-r005-20260818T023702Z,loan_to_aml,1,47,200,17.388600,
baseline,5,1,perf-baseline-r005-20260818T023702Z,loan_to_aml,1,48,200,16.398300,
baseline,5,1,perf-baseline-r005-20260818T023702Z,loan_to_aml,1,49,200,15.912800,
baseline,5,1,perf-baseline-r005-20260818T023702Z,loan_to_aml,1,50,200,15.620800,
baseline,5,1,perf-baseline-r005-20260818T023702Z,loan_to_aml,1,51,200,16.039100,
baseline,5,1,perf-baseline-r005-20260818T023702Z,loan_to_aml,1,52,200,16.024700,
baseline,5,1,perf-baseline-r005-20260818T023702Z,loan_to_aml,1,53,200,17.419700,
baseline,5,1,perf-baseline-r005-20260818T023702Z,loan_to_aml,1,54,200,17.309500,
baseline,5,1,perf-baseline-r005-20260818T023702Z,loan_to_aml,1,55,200,16.899400,
baseline,5,1,perf-baseline-r005-20260818T023702Z,loan_to_aml,1,56,200,17.090400,
baseline,5,1,perf-baseline-r005-20260818T023702Z,loan_to_aml,1,57,200,17.875800,
baseline,5,1,perf-baseline-r005-20260818T023702Z,loan_to_aml,1,58,200,15.656900,
baseline,5,1,perf-baseline-r005-20260818T023702Z,loan_to_aml,1,59,200,15.751700,
baseline,5,1,perf-baseline-r005-20260818T023702Z,loan_to_aml,1,60,200,15.833400,
baseline,5,1,perf-baseline-r005-20260818T023702Z,loan_to_aml,1,61,200,16.582400,
baseline,5,1,perf-baseline-r005-20260818T023702Z,loan_to_aml,1,62,200,15.865800,
baseline,5,1,perf-baseline-r005-20260818T023702Z,loan_to_aml,1,63,200,16.516400,
baseline,5,1,perf-baseline-r005-20260818T023702Z,loan_to_aml,1,64,200,16.043800,
baseline,5,1,perf-baseline-r005-20260818T023702Z,loan_to_aml,1,65,200,16.066700,
baseline,5,1,perf-baseline-r005-20260818T023702Z,loan_to_aml,1,66,200,15.794100,
baseline,5,1,perf-baseline-r005-20260818T023702Z,loan_to_aml,1,67,200,16.352800,
baseline,5,1,perf-baseline-r005-20260818T023702Z,loan_to_aml,1,68,200,16.799900,
baseline,5,1,perf-baseline-r005-20260818T023702Z,loan_to_aml,1,69,200,16.070400,
baseline,5,1,perf-baseline-r005-20260818T023702Z,loan_to_aml,1,70,200,16.747700,
baseline,5,1,perf-baseline-r005-20260818T023702Z,loan_to_aml,1,71,200,16.573900,
baseline,5,1,perf-baseline-r005-20260818T023702Z,loan_to_aml,1,72,200,16.788100,
baseline,5,1,perf-baseline-r005-20260818T023702Z,loan_to_aml,1,73,200,17.306600,
baseline,5,1,perf-baseline-r005-20260818T023702Z,loan_to_aml,1,74,200,16.512700,
baseline,5,1,perf-baseline-r005-20260818T023702Z,loan_to_aml,1,75,200,17.254500,
baseline,5,1,perf-baseline-r005-20260818T023702Z,loan_to_aml,1,76,200,17.728000,
baseline,5,1,perf-baseline-r005-20260818T023702Z,loan_to_aml,1,77,200,18.264000,
baseline,5,1,perf-baseline-r005-20260818T023702Z,loan_to_aml,1,78,200,17.677800,
baseline,5,1,perf-baseline-r005-20260818T023702Z,loan_to_aml,1,79,200,17.183700,
baseline,5,1,perf-baseline-r005-20260818T023702Z,loan_to_aml,1,80,200,17.469100,
baseline,5,1,perf-baseline-r005-20260818T023702Z,loan_to_aml,1,81,200,16.662800,
baseline,5,1,perf-baseline-r005-20260818T023702Z,loan_to_aml,1,82,200,16.871600,
baseline,5,1,perf-baseline-r005-20260818T023702Z,loan_to_aml,1,83,200,15.615700,
baseline,5,1,perf-baseline-r005-20260818T023702Z,loan_to_aml,1,84,200,20.363400,
baseline,5,1,perf-baseline-r005-20260818T023702Z,loan_to_aml,1,85,200,16.822800,
baseline,5,1,perf-baseline-r005-20260818T023702Z,loan_to_aml,1,86,200,16.984800,
baseline,5,1,perf-baseline-r005-20260818T023702Z,loan_to_aml,1,87,200,17.229700,
baseline,5,1,perf-baseline-r005-20260818T023702Z,loan_to_aml,1,88,200,16.766700,
baseline,5,1,perf-baseline-r005-20260818T023702Z,loan_to_aml,1,89,200,17.438900,
baseline,5,1,perf-baseline-r005-20260818T023702Z,loan_to_aml,1,90,200,17.877000,
baseline,5,1,perf-baseline-r005-20260818T023702Z,loan_to_aml,1,91,200,17.759200,
baseline,5,1,perf-baseline-r005-20260818T023702Z,loan_to_aml,1,92,200,18.323200,
baseline,5,1,perf-baseline-r005-20260818T023702Z,loan_to_aml,1,93,200,17.883100,
baseline,5,1,perf-baseline-r005-20260818T023702Z,loan_to_aml,1,94,200,18.337600,
baseline,5,1,perf-baseline-r005-20260818T023702Z,loan_to_aml,1,95,200,17.255400,
baseline,5,1,perf-baseline-r005-20260818T023702Z,loan_to_aml,1,96,200,17.341900,
baseline,5,1,perf-baseline-r005-20260818T023702Z,loan_to_aml,1,97,200,16.931700,
baseline,5,1,perf-baseline-r005-20260818T023702Z,loan_to_aml,1,98,200,17.956000,
baseline,5,1,perf-baseline-r005-20260818T023702Z,loan_to_aml,1,99,200,18.270000,
baseline,5,1,perf-baseline-r005-20260818T023702Z,loan_to_aml,1,100,200,20.176000,
baseline,5,1,perf-baseline-r005-20260818T023702Z,loan_to_aml,1,101,200,17.246100,
baseline,5,1,perf-baseline-r005-20260818T023702Z,loan_to_aml,1,102,200,17.765100,
baseline,5,1,perf-baseline-r005-20260818T023702Z,loan_to_aml,1,103,200,18.076800,
baseline,5,1,perf-baseline-r005-20260818T023702Z,loan_to_aml,1,104,200,16.629900,
baseline,5,1,perf-baseline-r005-20260818T023702Z,loan_to_aml,1,105,200,16.289200,
baseline,5,1,perf-baseline-r005-20260818T023702Z,loan_to_aml,1,106,200,17.155600,
baseline,5,1,perf-baseline-r005-20260818T023702Z,loan_to_aml,1,107,200,16.340400,
baseline,5,1,perf-baseline-r005-20260818T023702Z,loan_to_aml,1,108,200,14.843100,
baseline,5,1,perf-baseline-r005-20260818T023702Z,loan_to_aml,1,109,200,18.248500,
baseline,5,1,perf-baseline-r005-20260818T023702Z,loan_to_aml,1,110,200,15.994300,
baseline,5,1,perf-baseline-r005-20260818T023702Z,loan_to_aml,1,111,200,17.078900,
baseline,5,1,perf-baseline-r005-20260818T023702Z,loan_to_aml,1,112,200,16.110100,
baseline,5,1,perf-baseline-r005-20260818T023702Z,loan_to_aml,1,113,200,16.914900,
baseline,5,1,perf-baseline-r005-20260818T023702Z,loan_to_aml,1,114,200,15.832400,
baseline,5,1,perf-baseline-r005-20260818T023702Z,loan_to_aml,1,115,200,14.882600,
baseline,5,1,perf-baseline-r005-20260818T023702Z,loan_to_aml,1,116,200,15.238300,
baseline,5,1,perf-baseline-r005-20260818T023702Z,loan_to_aml,1,117,200,15.868700,
baseline,5,1,perf-baseline-r005-20260818T023702Z,loan_to_aml,1,118,200,16.059600,
baseline,5,1,perf-baseline-r005-20260818T023702Z,loan_to_aml,1,119,200,15.773000,
baseline,5,1,perf-baseline-r005-20260818T023702Z,loan_to_aml,1,120,200,15.227300,
baseline,5,1,perf-baseline-r005-20260818T023702Z,loan_to_aml,1,121,200,15.704200,
baseline,5,1,perf-baseline-r005-20260818T023702Z,loan_to_aml,1,122,200,16.212900,
baseline,5,1,perf-baseline-r005-20260818T023702Z,loan_to_aml,1,123,200,15.528100,
baseline,5,1,perf-baseline-r005-20260818T023702Z,loan_to_aml,1,124,200,16.848400,
baseline,5,1,perf-baseline-r005-20260818T023702Z,loan_to_aml,1,125,200,16.565300,
baseline,5,1,perf-baseline-r005-20260818T023702Z,loan_to_aml,1,126,200,15.874000,
baseline,5,1,perf-baseline-r005-20260818T023702Z,loan_to_aml,1,127,200,16.162200,
baseline,5,1,perf-baseline-r005-20260818T023702Z,loan_to_aml,1,128,200,16.913300,
baseline,5,1,perf-baseline-r005-20260818T023702Z,loan_to_aml,1,129,200,17.095000,
baseline,5,1,perf-baseline-r005-20260818T023702Z,loan_to_aml,1,130,200,15.967600,
baseline,5,1,perf-baseline-r005-20260818T023702Z,loan_to_aml,1,131,200,15.654300,
baseline,5,1,perf-baseline-r005-20260818T023702Z,loan_to_aml,1,132,200,15.668000,
baseline,5,1,perf-baseline-r005-20260818T023702Z,loan_to_aml,1,133,200,18.552200,
baseline,5,1,perf-baseline-r005-20260818T023702Z,loan_to_aml,1,134,200,17.202000,
baseline,5,1,perf-baseline-r005-20260818T023702Z,loan_to_aml,1,135,200,17.290500,
baseline,5,1,perf-baseline-r005-20260818T023702Z,loan_to_aml,1,136,200,16.401000,
baseline,5,1,perf-baseline-r005-20260818T023702Z,loan_to_aml,1,137,200,15.719100,
baseline,5,1,perf-baseline-r005-20260818T023702Z,loan_to_aml,1,138,200,15.986100,
baseline,5,1,perf-baseline-r005-20260818T023702Z,loan_to_aml,1,139,200,16.200000,
baseline,5,1,perf-baseline-r005-20260818T023702Z,loan_to_aml,1,140,200,15.969400,
baseline,5,1,perf-baseline-r005-20260818T023702Z,loan_to_aml,1,141,200,15.976300,
baseline,5,1,perf-baseline-r005-20260818T023702Z,loan_to_aml,1,142,200,16.801600,
baseline,5,1,perf-baseline-r005-20260818T023702Z,loan_to_aml,1,143,200,15.876000,
baseline,5,1,perf-baseline-r005-20260818T023702Z,loan_to_aml,1,144,200,16.320200,
baseline,5,1,perf-baseline-r005-20260818T023702Z,loan_to_aml,1,145,200,17.829400,
baseline,5,1,perf-baseline-r005-20260818T023702Z,loan_to_aml,1,146,200,16.071300,
baseline,5,1,perf-baseline-r005-20260818T023702Z,loan_to_aml,1,147,200,16.245900,
baseline,5,1,perf-baseline-r005-20260818T023702Z,loan_to_aml,1,148,200,16.663800,
baseline,5,1,perf-baseline-r005-20260818T023702Z,loan_to_aml,1,149,200,15.960300,
baseline,5,1,perf-baseline-r005-20260818T023702Z,loan_to_aml,1,150,200,16.186100,
baseline,5,1,perf-baseline-r005-20260818T023702Z,loan_to_aml,1,151,200,16.970500,
baseline,5,1,perf-baseline-r005-20260818T023702Z,loan_to_aml,1,152,200,15.534600,
baseline,5,1,perf-baseline-r005-20260818T023702Z,loan_to_aml,1,153,200,16.082400,
baseline,5,1,perf-baseline-r005-20260818T023702Z,loan_to_aml,1,154,200,15.907500,
baseline,5,1,perf-baseline-r005-20260818T023702Z,loan_to_aml,1,155,200,16.304500,
baseline,5,1,perf-baseline-r005-20260818T023702Z,loan_to_aml,1,156,200,16.039400,
baseline,5,1,perf-baseline-r005-20260818T023702Z,loan_to_aml,1,157,200,15.594100,
baseline,5,1,perf-baseline-r005-20260818T023702Z,loan_to_aml,1,158,200,16.609100,
baseline,5,1,perf-baseline-r005-20260818T023702Z,loan_to_aml,1,159,200,15.372800,
baseline,5,1,perf-baseline-r005-20260818T023702Z,loan_to_aml,1,160,200,14.991900,
baseline,5,1,perf-baseline-r005-20260818T023702Z,loan_to_aml,1,161,200,16.183600,
baseline,5,1,perf-baseline-r005-20260818T023702Z,loan_to_aml,1,162,200,15.998500,
baseline,5,1,perf-baseline-r005-20260818T023702Z,loan_to_aml,1,163,200,15.725400,
baseline,5,1,perf-baseline-r005-20260818T023702Z,loan_to_aml,1,164,200,15.983300,
baseline,5,1,perf-baseline-r005-20260818T023702Z,loan_to_aml,1,165,200,15.957300,
baseline,5,1,perf-baseline-r005-20260818T023702Z,loan_to_aml,1,166,200,16.135800,
baseline,5,1,perf-baseline-r005-20260818T023702Z,loan_to_aml,1,167,200,15.702900,
baseline,5,1,perf-baseline-r005-20260818T023702Z,loan_to_aml,1,168,200,16.138000,
baseline,5,1,perf-baseline-r005-20260818T023702Z,loan_to_aml,1,169,200,16.671300,
baseline,5,1,perf-baseline-r005-20260818T023702Z,loan_to_aml,1,170,200,18.039800,
baseline,5,1,perf-baseline-r005-20260818T023702Z,loan_to_aml,1,171,200,16.514000,
baseline,5,1,perf-baseline-r005-20260818T023702Z,loan_to_aml,1,172,200,15.853200,
baseline,5,1,perf-baseline-r005-20260818T023702Z,loan_to_aml,1,173,200,16.754900,
baseline,5,1,perf-baseline-r005-20260818T023702Z,loan_to_aml,1,174,200,16.656400,
baseline,5,1,perf-baseline-r005-20260818T023702Z,loan_to_aml,1,175,200,16.604700,
baseline,5,1,perf-baseline-r005-20260818T023702Z,loan_to_aml,1,176,200,15.885800,
baseline,5,1,perf-baseline-r005-20260818T023702Z,loan_to_aml,1,177,200,15.799300,
baseline,5,1,perf-baseline-r005-20260818T023702Z,loan_to_aml,1,178,200,15.802200,
baseline,5,1,perf-baseline-r005-20260818T023702Z,loan_to_aml,1,179,200,16.404500,
baseline,5,1,perf-baseline-r005-20260818T023702Z,loan_to_aml,1,180,200,15.753500,
baseline,5,1,perf-baseline-r005-20260818T023702Z,loan_to_aml,1,181,200,15.075500,
baseline,5,1,perf-baseline-r005-20260818T023702Z,loan_to_aml,1,182,200,15.901500,
baseline,5,1,perf-baseline-r005-20260818T023702Z,loan_to_aml,1,183,200,16.077500,
baseline,5,1,perf-baseline-r005-20260818T023702Z,loan_to_aml,1,184,200,15.975100,
baseline,5,1,perf-baseline-r005-20260818T023702Z,loan_to_aml,1,185,200,15.893700,
baseline,5,1,perf-baseline-r005-20260818T023702Z,loan_to_aml,1,186,200,15.124300,
baseline,5,1,perf-baseline-r005-20260818T023702Z,loan_to_aml,1,187,200,15.740000,
baseline,5,1,perf-baseline-r005-20260818T023702Z,loan_to_aml,1,188,200,16.160800,
baseline,5,1,perf-baseline-r005-20260818T023702Z,loan_to_aml,1,189,200,15.902700,
baseline,5,1,perf-baseline-r005-20260818T023702Z,loan_to_aml,1,190,200,16.103400,
baseline,5,1,perf-baseline-r005-20260818T023702Z,loan_to_aml,1,191,200,15.724100,
baseline,5,1,perf-baseline-r005-20260818T023702Z,loan_to_aml,1,192,200,16.403000,
baseline,5,1,perf-baseline-r005-20260818T023702Z,loan_to_aml,1,193,200,15.836300,
baseline,5,1,perf-baseline-r005-20260818T023702Z,loan_to_aml,1,194,200,16.949200,
baseline,5,1,perf-baseline-r005-20260818T023702Z,loan_to_aml,1,195,200,15.716100,
baseline,5,1,perf-baseline-r005-20260818T023702Z,loan_to_aml,1,196,200,16.127100,
baseline,5,1,perf-baseline-r005-20260818T023702Z,loan_to_aml,1,197,200,15.799100,
baseline,5,1,perf-baseline-r005-20260818T023702Z,loan_to_aml,1,198,200,16.021500,
baseline,5,1,perf-baseline-r005-20260818T023702Z,loan_to_aml,1,199,200,16.216300,
baseline,5,1,perf-baseline-r005-20260818T023702Z,loan_to_aml,1,200,200,15.945900,
baseline,5,1,perf-baseline-r005-20260818T023702Z,loan_to_aml,2,1,200,15.955500,
baseline,5,1,perf-baseline-r005-20260818T023702Z,loan_to_aml,2,2,200,15.973700,
baseline,5,1,perf-baseline-r005-20260818T023702Z,loan_to_aml,2,3,200,16.066700,
baseline,5,1,perf-baseline-r005-20260818T023702Z,loan_to_aml,2,4,200,15.873700,
baseline,5,1,perf-baseline-r005-20260818T023702Z,loan_to_aml,2,5,200,16.119400,
baseline,5,1,perf-baseline-r005-20260818T023702Z,loan_to_aml,2,6,200,15.771400,
baseline,5,1,perf-baseline-r005-20260818T023702Z,loan_to_aml,2,7,200,15.009700,
baseline,5,1,perf-baseline-r005-20260818T023702Z,loan_to_aml,2,8,200,19.271800,
baseline,5,1,perf-baseline-r005-20260818T023702Z,loan_to_aml,2,9,200,15.425300,
baseline,5,1,perf-baseline-r005-20260818T023702Z,loan_to_aml,2,10,200,15.079400,
baseline,5,1,perf-baseline-r005-20260818T023702Z,loan_to_aml,2,11,200,16.121400,
baseline,5,1,perf-baseline-r005-20260818T023702Z,loan_to_aml,2,12,200,16.060300,
baseline,5,1,perf-baseline-r005-20260818T023702Z,loan_to_aml,2,13,200,15.773900,
baseline,5,1,perf-baseline-r005-20260818T023702Z,loan_to_aml,2,14,200,16.435500,
baseline,5,1,perf-baseline-r005-20260818T023702Z,loan_to_aml,2,15,200,15.540200,
baseline,5,1,perf-baseline-r005-20260818T023702Z,loan_to_aml,2,16,200,16.090700,
baseline,5,1,perf-baseline-r005-20260818T023702Z,loan_to_aml,2,17,200,16.190500,
baseline,5,1,perf-baseline-r005-20260818T023702Z,loan_to_aml,2,18,200,15.437900,
baseline,5,1,perf-baseline-r005-20260818T023702Z,loan_to_aml,2,19,200,16.422200,
baseline,5,1,perf-baseline-r005-20260818T023702Z,loan_to_aml,2,20,200,15.919600,
baseline,5,1,perf-baseline-r005-20260818T023702Z,loan_to_aml,2,21,200,15.905300,
baseline,5,1,perf-baseline-r005-20260818T023702Z,loan_to_aml,2,22,200,16.258600,
baseline,5,1,perf-baseline-r005-20260818T023702Z,loan_to_aml,2,23,200,15.943500,
baseline,5,1,perf-baseline-r005-20260818T023702Z,loan_to_aml,2,24,200,15.933300,
baseline,5,1,perf-baseline-r005-20260818T023702Z,loan_to_aml,2,25,200,15.831600,
baseline,5,1,perf-baseline-r005-20260818T023702Z,loan_to_aml,2,26,200,16.180600,
baseline,5,1,perf-baseline-r005-20260818T023702Z,loan_to_aml,2,27,200,15.689300,
baseline,5,1,perf-baseline-r005-20260818T023702Z,loan_to_aml,2,28,200,16.002200,
baseline,5,1,perf-baseline-r005-20260818T023702Z,loan_to_aml,2,29,200,16.341400,
baseline,5,1,perf-baseline-r005-20260818T023702Z,loan_to_aml,2,30,200,15.533900,
baseline,5,1,perf-baseline-r005-20260818T023702Z,loan_to_aml,2,31,200,14.981900,
baseline,5,1,perf-baseline-r005-20260818T023702Z,loan_to_aml,2,32,200,15.231000,
baseline,5,1,perf-baseline-r005-20260818T023702Z,loan_to_aml,2,33,200,15.844400,
baseline,5,1,perf-baseline-r005-20260818T023702Z,loan_to_aml,2,34,200,16.108300,
baseline,5,1,perf-baseline-r005-20260818T023702Z,loan_to_aml,2,35,200,16.039200,
baseline,5,1,perf-baseline-r005-20260818T023702Z,loan_to_aml,2,36,200,16.147900,
baseline,5,1,perf-baseline-r005-20260818T023702Z,loan_to_aml,2,37,200,16.056200,
baseline,5,1,perf-baseline-r005-20260818T023702Z,loan_to_aml,2,38,200,15.844200,
baseline,5,1,perf-baseline-r005-20260818T023702Z,loan_to_aml,2,39,200,15.855500,
baseline,5,1,perf-baseline-r005-20260818T023702Z,loan_to_aml,2,40,200,17.750500,
baseline,5,1,perf-baseline-r005-20260818T023702Z,loan_to_aml,2,41,200,16.017500,
baseline,5,1,perf-baseline-r005-20260818T023702Z,loan_to_aml,2,42,200,18.011800,
baseline,5,1,perf-baseline-r005-20260818T023702Z,loan_to_aml,2,43,200,17.047300,
baseline,5,1,perf-baseline-r005-20260818T023702Z,loan_to_aml,2,44,200,17.988700,
baseline,5,1,perf-baseline-r005-20260818T023702Z,loan_to_aml,2,45,200,18.279200,
baseline,5,1,perf-baseline-r005-20260818T023702Z,loan_to_aml,2,46,200,18.104100,
baseline,5,1,perf-baseline-r005-20260818T023702Z,loan_to_aml,2,47,200,19.954500,
baseline,5,1,perf-baseline-r005-20260818T023702Z,loan_to_aml,2,48,200,20.907600,
baseline,5,1,perf-baseline-r005-20260818T023702Z,loan_to_aml,2,49,200,18.824200,
baseline,5,1,perf-baseline-r005-20260818T023702Z,loan_to_aml,2,50,200,15.040400,
baseline,5,1,perf-baseline-r005-20260818T023702Z,loan_to_aml,2,51,200,16.011900,
baseline,5,1,perf-baseline-r005-20260818T023702Z,loan_to_aml,2,52,200,15.486600,
baseline,5,1,perf-baseline-r005-20260818T023702Z,loan_to_aml,2,53,200,16.644900,
baseline,5,1,perf-baseline-r005-20260818T023702Z,loan_to_aml,2,54,200,16.872400,
baseline,5,1,perf-baseline-r005-20260818T023702Z,loan_to_aml,2,55,200,17.624100,
baseline,5,1,perf-baseline-r005-20260818T023702Z,loan_to_aml,2,56,200,19.961900,
baseline,5,1,perf-baseline-r005-20260818T023702Z,loan_to_aml,2,57,200,18.529700,
baseline,5,1,perf-baseline-r005-20260818T023702Z,loan_to_aml,2,58,200,17.302200,
baseline,5,1,perf-baseline-r005-20260818T023702Z,loan_to_aml,2,59,200,16.637300,
baseline,5,1,perf-baseline-r005-20260818T023702Z,loan_to_aml,2,60,200,16.448600,
baseline,5,1,perf-baseline-r005-20260818T023702Z,loan_to_aml,2,61,200,15.910800,
baseline,5,1,perf-baseline-r005-20260818T023702Z,loan_to_aml,2,62,200,16.135000,
baseline,5,1,perf-baseline-r005-20260818T023702Z,loan_to_aml,2,63,200,15.953000,
baseline,5,1,perf-baseline-r005-20260818T023702Z,loan_to_aml,2,64,200,18.482500,
baseline,5,1,perf-baseline-r005-20260818T023702Z,loan_to_aml,2,65,200,16.297600,
baseline,5,1,perf-baseline-r005-20260818T023702Z,loan_to_aml,2,66,200,17.733400,
baseline,5,1,perf-baseline-r005-20260818T023702Z,loan_to_aml,2,67,200,17.521300,
baseline,5,1,perf-baseline-r005-20260818T023702Z,loan_to_aml,2,68,200,16.961400,
baseline,5,1,perf-baseline-r005-20260818T023702Z,loan_to_aml,2,69,200,15.827100,
baseline,5,1,perf-baseline-r005-20260818T023702Z,loan_to_aml,2,70,200,19.349800,
baseline,5,1,perf-baseline-r005-20260818T023702Z,loan_to_aml,2,71,200,16.481300,
baseline,5,1,perf-baseline-r005-20260818T023702Z,loan_to_aml,2,72,200,16.125300,
baseline,5,1,perf-baseline-r005-20260818T023702Z,loan_to_aml,2,73,200,15.896400,
baseline,5,1,perf-baseline-r005-20260818T023702Z,loan_to_aml,2,74,200,17.147800,
baseline,5,1,perf-baseline-r005-20260818T023702Z,loan_to_aml,2,75,200,15.692400,
baseline,5,1,perf-baseline-r005-20260818T023702Z,loan_to_aml,2,76,200,15.981100,
baseline,5,1,perf-baseline-r005-20260818T023702Z,loan_to_aml,2,77,200,16.446800,
baseline,5,1,perf-baseline-r005-20260818T023702Z,loan_to_aml,2,78,200,15.469800,
baseline,5,1,perf-baseline-r005-20260818T023702Z,loan_to_aml,2,79,200,15.969200,
baseline,5,1,perf-baseline-r005-20260818T023702Z,loan_to_aml,2,80,200,15.218900,
baseline,5,1,perf-baseline-r005-20260818T023702Z,loan_to_aml,2,81,200,16.291400,
baseline,5,1,perf-baseline-r005-20260818T023702Z,loan_to_aml,2,82,200,15.391100,
baseline,5,1,perf-baseline-r005-20260818T023702Z,loan_to_aml,2,83,200,16.282600,
baseline,5,1,perf-baseline-r005-20260818T023702Z,loan_to_aml,2,84,200,17.018000,
baseline,5,1,perf-baseline-r005-20260818T023702Z,loan_to_aml,2,85,200,15.447900,
baseline,5,1,perf-baseline-r005-20260818T023702Z,loan_to_aml,2,86,200,15.401600,
baseline,5,1,perf-baseline-r005-20260818T023702Z,loan_to_aml,2,87,200,15.934300,
baseline,5,1,perf-baseline-r005-20260818T023702Z,loan_to_aml,2,88,200,15.894300,
baseline,5,1,perf-baseline-r005-20260818T023702Z,loan_to_aml,2,89,200,15.901100,
baseline,5,1,perf-baseline-r005-20260818T023702Z,loan_to_aml,2,90,200,15.041500,
baseline,5,1,perf-baseline-r005-20260818T023702Z,loan_to_aml,2,91,200,16.000300,
baseline,5,1,perf-baseline-r005-20260818T023702Z,loan_to_aml,2,92,200,16.153200,
baseline,5,1,perf-baseline-r005-20260818T023702Z,loan_to_aml,2,93,200,15.670800,
baseline,5,1,perf-baseline-r005-20260818T023702Z,loan_to_aml,2,94,200,16.205200,
baseline,5,1,perf-baseline-r005-20260818T023702Z,loan_to_aml,2,95,200,15.882400,
baseline,5,1,perf-baseline-r005-20260818T023702Z,loan_to_aml,2,96,200,16.431600,
baseline,5,1,perf-baseline-r005-20260818T023702Z,loan_to_aml,2,97,200,17.584900,
baseline,5,1,perf-baseline-r005-20260818T023702Z,loan_to_aml,2,98,200,19.769500,
baseline,5,1,perf-baseline-r005-20260818T023702Z,loan_to_aml,2,99,200,16.587500,
baseline,5,1,perf-baseline-r005-20260818T023702Z,loan_to_aml,2,100,200,33.035000,
baseline,5,1,perf-baseline-r005-20260818T023702Z,loan_to_aml,2,101,200,22.039200,
baseline,5,1,perf-baseline-r005-20260818T023702Z,loan_to_aml,2,102,200,19.200600,
baseline,5,1,perf-baseline-r005-20260818T023702Z,loan_to_aml,2,103,200,17.513100,
baseline,5,1,perf-baseline-r005-20260818T023702Z,loan_to_aml,2,104,200,17.093300,
baseline,5,1,perf-baseline-r005-20260818T023702Z,loan_to_aml,2,105,200,17.434300,
baseline,5,1,perf-baseline-r005-20260818T023702Z,loan_to_aml,2,106,200,16.505800,
baseline,5,1,perf-baseline-r005-20260818T023702Z,loan_to_aml,2,107,200,16.760900,
baseline,5,1,perf-baseline-r005-20260818T023702Z,loan_to_aml,2,108,200,16.197600,
baseline,5,1,perf-baseline-r005-20260818T023702Z,loan_to_aml,2,109,200,16.554400,
baseline,5,1,perf-baseline-r005-20260818T023702Z,loan_to_aml,2,110,200,16.280700,
baseline,5,1,perf-baseline-r005-20260818T023702Z,loan_to_aml,2,111,200,16.482000,
baseline,5,1,perf-baseline-r005-20260818T023702Z,loan_to_aml,2,112,200,16.627500,
baseline,5,1,perf-baseline-r005-20260818T023702Z,loan_to_aml,2,113,200,16.683900,
baseline,5,1,perf-baseline-r005-20260818T023702Z,loan_to_aml,2,114,200,16.186500,
baseline,5,1,perf-baseline-r005-20260818T023702Z,loan_to_aml,2,115,200,15.528900,
baseline,5,1,perf-baseline-r005-20260818T023702Z,loan_to_aml,2,116,200,15.082600,
baseline,5,1,perf-baseline-r005-20260818T023702Z,loan_to_aml,2,117,200,16.404400,
baseline,5,1,perf-baseline-r005-20260818T023702Z,loan_to_aml,2,118,200,15.752600,
baseline,5,1,perf-baseline-r005-20260818T023702Z,loan_to_aml,2,119,200,15.612900,
baseline,5,1,perf-baseline-r005-20260818T023702Z,loan_to_aml,2,120,200,16.420200,
baseline,5,1,perf-baseline-r005-20260818T023702Z,loan_to_aml,2,121,200,15.571400,
baseline,5,1,perf-baseline-r005-20260818T023702Z,loan_to_aml,2,122,200,16.220300,
baseline,5,1,perf-baseline-r005-20260818T023702Z,loan_to_aml,2,123,200,15.945400,
baseline,5,1,perf-baseline-r005-20260818T023702Z,loan_to_aml,2,124,200,15.972800,
baseline,5,1,perf-baseline-r005-20260818T023702Z,loan_to_aml,2,125,200,15.927200,
baseline,5,1,perf-baseline-r005-20260818T023702Z,loan_to_aml,2,126,200,15.943800,
baseline,5,1,perf-baseline-r005-20260818T023702Z,loan_to_aml,2,127,200,15.976900,
baseline,5,1,perf-baseline-r005-20260818T023702Z,loan_to_aml,2,128,200,15.985600,
baseline,5,1,perf-baseline-r005-20260818T023702Z,loan_to_aml,2,129,200,15.650000,
baseline,5,1,perf-baseline-r005-20260818T023702Z,loan_to_aml,2,130,200,17.717000,
baseline,5,1,perf-baseline-r005-20260818T023702Z,loan_to_aml,2,131,200,16.417000,
baseline,5,1,perf-baseline-r005-20260818T023702Z,loan_to_aml,2,132,200,16.248100,
baseline,5,1,perf-baseline-r005-20260818T023702Z,loan_to_aml,2,133,200,15.881700,
baseline,5,1,perf-baseline-r005-20260818T023702Z,loan_to_aml,2,134,200,16.813000,
baseline,5,1,perf-baseline-r005-20260818T023702Z,loan_to_aml,2,135,200,17.270400,
baseline,5,1,perf-baseline-r005-20260818T023702Z,loan_to_aml,2,136,200,17.376700,
baseline,5,1,perf-baseline-r005-20260818T023702Z,loan_to_aml,2,137,200,18.976400,
baseline,5,1,perf-baseline-r005-20260818T023702Z,loan_to_aml,2,138,200,16.923600,
baseline,5,1,perf-baseline-r005-20260818T023702Z,loan_to_aml,2,139,200,16.433300,
baseline,5,1,perf-baseline-r005-20260818T023702Z,loan_to_aml,2,140,200,17.362200,
baseline,5,1,perf-baseline-r005-20260818T023702Z,loan_to_aml,2,141,200,16.582500,
baseline,5,1,perf-baseline-r005-20260818T023702Z,loan_to_aml,2,142,200,16.442900,
baseline,5,1,perf-baseline-r005-20260818T023702Z,loan_to_aml,2,143,200,16.820600,
baseline,5,1,perf-baseline-r005-20260818T023702Z,loan_to_aml,2,144,200,16.126000,
baseline,5,1,perf-baseline-r005-20260818T023702Z,loan_to_aml,2,145,200,15.614300,
baseline,5,1,perf-baseline-r005-20260818T023702Z,loan_to_aml,2,146,200,16.058800,
baseline,5,1,perf-baseline-r005-20260818T023702Z,loan_to_aml,2,147,200,16.275500,
baseline,5,1,perf-baseline-r005-20260818T023702Z,loan_to_aml,2,148,200,16.621600,
baseline,5,1,perf-baseline-r005-20260818T023702Z,loan_to_aml,2,149,200,16.096600,
baseline,5,1,perf-baseline-r005-20260818T023702Z,loan_to_aml,2,150,200,15.694200,
baseline,5,1,perf-baseline-r005-20260818T023702Z,loan_to_aml,2,151,200,16.477200,
baseline,5,1,perf-baseline-r005-20260818T023702Z,loan_to_aml,2,152,200,15.897800,
baseline,5,1,perf-baseline-r005-20260818T023702Z,loan_to_aml,2,153,200,16.523300,
baseline,5,1,perf-baseline-r005-20260818T023702Z,loan_to_aml,2,154,200,15.207200,
baseline,5,1,perf-baseline-r005-20260818T023702Z,loan_to_aml,2,155,200,16.033700,
baseline,5,1,perf-baseline-r005-20260818T023702Z,loan_to_aml,2,156,200,15.954500,
baseline,5,1,perf-baseline-r005-20260818T023702Z,loan_to_aml,2,157,200,15.955500,
baseline,5,1,perf-baseline-r005-20260818T023702Z,loan_to_aml,2,158,200,16.018200,
baseline,5,1,perf-baseline-r005-20260818T023702Z,loan_to_aml,2,159,200,19.211700,
baseline,5,1,perf-baseline-r005-20260818T023702Z,loan_to_aml,2,160,200,16.883000,
baseline,5,1,perf-baseline-r005-20260818T023702Z,loan_to_aml,2,161,200,17.409000,
baseline,5,1,perf-baseline-r005-20260818T023702Z,loan_to_aml,2,162,200,16.795400,
baseline,5,1,perf-baseline-r005-20260818T023702Z,loan_to_aml,2,163,200,17.070700,
baseline,5,1,perf-baseline-r005-20260818T023702Z,loan_to_aml,2,164,200,16.171800,
baseline,5,1,perf-baseline-r005-20260818T023702Z,loan_to_aml,2,165,200,15.858500,
baseline,5,1,perf-baseline-r005-20260818T023702Z,loan_to_aml,2,166,200,16.747800,
baseline,5,1,perf-baseline-r005-20260818T023702Z,loan_to_aml,2,167,200,15.625700,
baseline,5,1,perf-baseline-r005-20260818T023702Z,loan_to_aml,2,168,200,16.093200,
baseline,5,1,perf-baseline-r005-20260818T023702Z,loan_to_aml,2,169,200,15.994700,
baseline,5,1,perf-baseline-r005-20260818T023702Z,loan_to_aml,2,170,200,19.448300,
baseline,5,1,perf-baseline-r005-20260818T023702Z,loan_to_aml,2,171,200,18.371200,
baseline,5,1,perf-baseline-r005-20260818T023702Z,loan_to_aml,2,172,200,17.439800,
baseline,5,1,perf-baseline-r005-20260818T023702Z,loan_to_aml,2,173,200,16.836500,
baseline,5,1,perf-baseline-r005-20260818T023702Z,loan_to_aml,2,174,200,16.993800,
baseline,5,1,perf-baseline-r005-20260818T023702Z,loan_to_aml,2,175,200,16.829200,
baseline,5,1,perf-baseline-r005-20260818T023702Z,loan_to_aml,2,176,200,15.629100,
baseline,5,1,perf-baseline-r005-20260818T023702Z,loan_to_aml,2,177,200,16.019100,
baseline,5,1,perf-baseline-r005-20260818T023702Z,loan_to_aml,2,178,200,14.851500,
baseline,5,1,perf-baseline-r005-20260818T023702Z,loan_to_aml,2,179,200,15.115500,
baseline,5,1,perf-baseline-r005-20260818T023702Z,loan_to_aml,2,180,200,16.133500,
baseline,5,1,perf-baseline-r005-20260818T023702Z,loan_to_aml,2,181,200,15.937100,
baseline,5,1,perf-baseline-r005-20260818T023702Z,loan_to_aml,2,182,200,15.732100,
baseline,5,1,perf-baseline-r005-20260818T023702Z,loan_to_aml,2,183,200,16.331200,
baseline,5,1,perf-baseline-r005-20260818T023702Z,loan_to_aml,2,184,200,15.926700,
baseline,5,1,perf-baseline-r005-20260818T023702Z,loan_to_aml,2,185,200,16.028100,
baseline,5,1,perf-baseline-r005-20260818T023702Z,loan_to_aml,2,186,200,15.617200,
baseline,5,1,perf-baseline-r005-20260818T023702Z,loan_to_aml,2,187,200,16.047000,
baseline,5,1,perf-baseline-r005-20260818T023702Z,loan_to_aml,2,188,200,15.912200,
baseline,5,1,perf-baseline-r005-20260818T023702Z,loan_to_aml,2,189,200,16.109700,
baseline,5,1,perf-baseline-r005-20260818T023702Z,loan_to_aml,2,190,200,15.862600,
baseline,5,1,perf-baseline-r005-20260818T023702Z,loan_to_aml,2,191,200,16.308900,
baseline,5,1,perf-baseline-r005-20260818T023702Z,loan_to_aml,2,192,200,16.036400,
baseline,5,1,perf-baseline-r005-20260818T023702Z,loan_to_aml,2,193,200,16.035400,
baseline,5,1,perf-baseline-r005-20260818T023702Z,loan_to_aml,2,194,200,15.780000,
baseline,5,1,perf-baseline-r005-20260818T023702Z,loan_to_aml,2,195,200,15.756700,
baseline,5,1,perf-baseline-r005-20260818T023702Z,loan_to_aml,2,196,200,15.453200,
baseline,5,1,perf-baseline-r005-20260818T023702Z,loan_to_aml,2,197,200,16.594400,
baseline,5,1,perf-baseline-r005-20260818T023702Z,loan_to_aml,2,198,200,15.984600,
baseline,5,1,perf-baseline-r005-20260818T023702Z,loan_to_aml,2,199,200,16.427900,
baseline,5,1,perf-baseline-r005-20260818T023702Z,loan_to_aml,2,200,200,15.591000,
baseline,5,1,perf-baseline-r005-20260818T023702Z,loan_to_aml,3,1,200,16.209700,
baseline,5,1,perf-baseline-r005-20260818T023702Z,loan_to_aml,3,2,200,15.579300,
baseline,5,1,perf-baseline-r005-20260818T023702Z,loan_to_aml,3,3,200,16.420600,
baseline,5,1,perf-baseline-r005-20260818T023702Z,loan_to_aml,3,4,200,15.629400,
baseline,5,1,perf-baseline-r005-20260818T023702Z,loan_to_aml,3,5,200,16.296500,
baseline,5,1,perf-baseline-r005-20260818T023702Z,loan_to_aml,3,6,200,17.623900,
baseline,5,1,perf-baseline-r005-20260818T023702Z,loan_to_aml,3,7,200,16.136100,
baseline,5,1,perf-baseline-r005-20260818T023702Z,loan_to_aml,3,8,200,16.031500,
baseline,5,1,perf-baseline-r005-20260818T023702Z,loan_to_aml,3,9,200,16.010300,
baseline,5,1,perf-baseline-r005-20260818T023702Z,loan_to_aml,3,10,200,15.775000,
baseline,5,1,perf-baseline-r005-20260818T023702Z,loan_to_aml,3,11,200,16.479200,
baseline,5,1,perf-baseline-r005-20260818T023702Z,loan_to_aml,3,12,200,17.077400,
baseline,5,1,perf-baseline-r005-20260818T023702Z,loan_to_aml,3,13,200,16.555100,
baseline,5,1,perf-baseline-r005-20260818T023702Z,loan_to_aml,3,14,200,15.800000,
baseline,5,1,perf-baseline-r005-20260818T023702Z,loan_to_aml,3,15,200,16.248700,
baseline,5,1,perf-baseline-r005-20260818T023702Z,loan_to_aml,3,16,200,16.946400,
baseline,5,1,perf-baseline-r005-20260818T023702Z,loan_to_aml,3,17,200,15.775500,
baseline,5,1,perf-baseline-r005-20260818T023702Z,loan_to_aml,3,18,200,16.305200,
baseline,5,1,perf-baseline-r005-20260818T023702Z,loan_to_aml,3,19,200,15.859000,
baseline,5,1,perf-baseline-r005-20260818T023702Z,loan_to_aml,3,20,200,16.516800,
baseline,5,1,perf-baseline-r005-20260818T023702Z,loan_to_aml,3,21,200,15.719000,
baseline,5,1,perf-baseline-r005-20260818T023702Z,loan_to_aml,3,22,200,15.672200,
baseline,5,1,perf-baseline-r005-20260818T023702Z,loan_to_aml,3,23,200,18.095800,
baseline,5,1,perf-baseline-r005-20260818T023702Z,loan_to_aml,3,24,200,20.593000,
baseline,5,1,perf-baseline-r005-20260818T023702Z,loan_to_aml,3,25,200,16.507800,
baseline,5,1,perf-baseline-r005-20260818T023702Z,loan_to_aml,3,26,200,15.584700,
baseline,5,1,perf-baseline-r005-20260818T023702Z,loan_to_aml,3,27,200,16.167400,
baseline,5,1,perf-baseline-r005-20260818T023702Z,loan_to_aml,3,28,200,17.153600,
baseline,5,1,perf-baseline-r005-20260818T023702Z,loan_to_aml,3,29,200,15.915500,
baseline,5,1,perf-baseline-r005-20260818T023702Z,loan_to_aml,3,30,200,15.808500,
baseline,5,1,perf-baseline-r005-20260818T023702Z,loan_to_aml,3,31,200,15.769200,
baseline,5,1,perf-baseline-r005-20260818T023702Z,loan_to_aml,3,32,200,16.532300,
baseline,5,1,perf-baseline-r005-20260818T023702Z,loan_to_aml,3,33,200,15.575700,
baseline,5,1,perf-baseline-r005-20260818T023702Z,loan_to_aml,3,34,200,15.861400,
baseline,5,1,perf-baseline-r005-20260818T023702Z,loan_to_aml,3,35,200,16.118000,
baseline,5,1,perf-baseline-r005-20260818T023702Z,loan_to_aml,3,36,200,16.053000,
baseline,5,1,perf-baseline-r005-20260818T023702Z,loan_to_aml,3,37,200,15.643600,
baseline,5,1,perf-baseline-r005-20260818T023702Z,loan_to_aml,3,38,200,16.379500,
baseline,5,1,perf-baseline-r005-20260818T023702Z,loan_to_aml,3,39,200,16.129300,
baseline,5,1,perf-baseline-r005-20260818T023702Z,loan_to_aml,3,40,200,16.648500,
baseline,5,1,perf-baseline-r005-20260818T023702Z,loan_to_aml,3,41,200,15.781600,
baseline,5,1,perf-baseline-r005-20260818T023702Z,loan_to_aml,3,42,200,15.992500,
baseline,5,1,perf-baseline-r005-20260818T023702Z,loan_to_aml,3,43,200,16.596300,
baseline,5,1,perf-baseline-r005-20260818T023702Z,loan_to_aml,3,44,200,16.806700,
baseline,5,1,perf-baseline-r005-20260818T023702Z,loan_to_aml,3,45,200,15.898500,
baseline,5,1,perf-baseline-r005-20260818T023702Z,loan_to_aml,3,46,200,15.968000,
baseline,5,1,perf-baseline-r005-20260818T023702Z,loan_to_aml,3,47,200,16.264100,
baseline,5,1,perf-baseline-r005-20260818T023702Z,loan_to_aml,3,48,200,15.774200,
baseline,5,1,perf-baseline-r005-20260818T023702Z,loan_to_aml,3,49,200,16.961000,
baseline,5,1,perf-baseline-r005-20260818T023702Z,loan_to_aml,3,50,200,15.755800,
baseline,5,1,perf-baseline-r005-20260818T023702Z,loan_to_aml,3,51,200,15.889100,
baseline,5,1,perf-baseline-r005-20260818T023702Z,loan_to_aml,3,52,200,15.463000,
baseline,5,1,perf-baseline-r005-20260818T023702Z,loan_to_aml,3,53,200,15.533200,
baseline,5,1,perf-baseline-r005-20260818T023702Z,loan_to_aml,3,54,200,15.964000,
baseline,5,1,perf-baseline-r005-20260818T023702Z,loan_to_aml,3,55,200,16.022700,
baseline,5,1,perf-baseline-r005-20260818T023702Z,loan_to_aml,3,56,200,15.966000,
baseline,5,1,perf-baseline-r005-20260818T023702Z,loan_to_aml,3,57,200,15.985300,
baseline,5,1,perf-baseline-r005-20260818T023702Z,loan_to_aml,3,58,200,15.932300,
baseline,5,1,perf-baseline-r005-20260818T023702Z,loan_to_aml,3,59,200,15.795300,
baseline,5,1,perf-baseline-r005-20260818T023702Z,loan_to_aml,3,60,200,17.120600,
baseline,5,1,perf-baseline-r005-20260818T023702Z,loan_to_aml,3,61,200,19.280500,
baseline,5,1,perf-baseline-r005-20260818T023702Z,loan_to_aml,3,62,200,17.341300,
baseline,5,1,perf-baseline-r005-20260818T023702Z,loan_to_aml,3,63,200,16.735800,
baseline,5,1,perf-baseline-r005-20260818T023702Z,loan_to_aml,3,64,200,15.934700,
baseline,5,1,perf-baseline-r005-20260818T023702Z,loan_to_aml,3,65,200,15.400700,
baseline,5,1,perf-baseline-r005-20260818T023702Z,loan_to_aml,3,66,200,16.272000,
baseline,5,1,perf-baseline-r005-20260818T023702Z,loan_to_aml,3,67,200,16.097900,
baseline,5,1,perf-baseline-r005-20260818T023702Z,loan_to_aml,3,68,200,15.733000,
baseline,5,1,perf-baseline-r005-20260818T023702Z,loan_to_aml,3,69,200,14.941300,
baseline,5,1,perf-baseline-r005-20260818T023702Z,loan_to_aml,3,70,200,15.155000,
baseline,5,1,perf-baseline-r005-20260818T023702Z,loan_to_aml,3,71,200,15.819800,
baseline,5,1,perf-baseline-r005-20260818T023702Z,loan_to_aml,3,72,200,15.552200,
baseline,5,1,perf-baseline-r005-20260818T023702Z,loan_to_aml,3,73,200,15.276200,
baseline,5,1,perf-baseline-r005-20260818T023702Z,loan_to_aml,3,74,200,16.838900,
baseline,5,1,perf-baseline-r005-20260818T023702Z,loan_to_aml,3,75,200,19.819400,
baseline,5,1,perf-baseline-r005-20260818T023702Z,loan_to_aml,3,76,200,16.861700,
baseline,5,1,perf-baseline-r005-20260818T023702Z,loan_to_aml,3,77,200,16.928700,
baseline,5,1,perf-baseline-r005-20260818T023702Z,loan_to_aml,3,78,200,16.002300,
baseline,5,1,perf-baseline-r005-20260818T023702Z,loan_to_aml,3,79,200,16.068200,
baseline,5,1,perf-baseline-r005-20260818T023702Z,loan_to_aml,3,80,200,16.853500,
baseline,5,1,perf-baseline-r005-20260818T023702Z,loan_to_aml,3,81,200,16.579100,
baseline,5,1,perf-baseline-r005-20260818T023702Z,loan_to_aml,3,82,200,16.262700,
baseline,5,1,perf-baseline-r005-20260818T023702Z,loan_to_aml,3,83,200,15.554100,
baseline,5,1,perf-baseline-r005-20260818T023702Z,loan_to_aml,3,84,200,15.107900,
baseline,5,1,perf-baseline-r005-20260818T023702Z,loan_to_aml,3,85,200,16.392700,
baseline,5,1,perf-baseline-r005-20260818T023702Z,loan_to_aml,3,86,200,15.964600,
baseline,5,1,perf-baseline-r005-20260818T023702Z,loan_to_aml,3,87,200,16.024700,
baseline,5,1,perf-baseline-r005-20260818T023702Z,loan_to_aml,3,88,200,16.079100,
baseline,5,1,perf-baseline-r005-20260818T023702Z,loan_to_aml,3,89,200,15.853500,
baseline,5,1,perf-baseline-r005-20260818T023702Z,loan_to_aml,3,90,200,15.788600,
baseline,5,1,perf-baseline-r005-20260818T023702Z,loan_to_aml,3,91,200,16.078500,
baseline,5,1,perf-baseline-r005-20260818T023702Z,loan_to_aml,3,92,200,15.866600,
baseline,5,1,perf-baseline-r005-20260818T023702Z,loan_to_aml,3,93,200,15.825600,
baseline,5,1,perf-baseline-r005-20260818T023702Z,loan_to_aml,3,94,200,16.330400,
baseline,5,1,perf-baseline-r005-20260818T023702Z,loan_to_aml,3,95,200,16.702900,
baseline,5,1,perf-baseline-r005-20260818T023702Z,loan_to_aml,3,96,200,15.705200,
baseline,5,1,perf-baseline-r005-20260818T023702Z,loan_to_aml,3,97,200,16.464000,
baseline,5,1,perf-baseline-r005-20260818T023702Z,loan_to_aml,3,98,200,15.720700,
baseline,5,1,perf-baseline-r005-20260818T023702Z,loan_to_aml,3,99,200,16.676600,
baseline,5,1,perf-baseline-r005-20260818T023702Z,loan_to_aml,3,100,200,16.596300,
baseline,5,1,perf-baseline-r005-20260818T023702Z,loan_to_aml,3,101,200,15.656000,
baseline,5,1,perf-baseline-r005-20260818T023702Z,loan_to_aml,3,102,200,15.999200,
baseline,5,1,perf-baseline-r005-20260818T023702Z,loan_to_aml,3,103,200,16.299700,
baseline,5,1,perf-baseline-r005-20260818T023702Z,loan_to_aml,3,104,200,15.671800,
baseline,5,1,perf-baseline-r005-20260818T023702Z,loan_to_aml,3,105,200,15.796400,
baseline,5,1,perf-baseline-r005-20260818T023702Z,loan_to_aml,3,106,200,16.123700,
baseline,5,1,perf-baseline-r005-20260818T023702Z,loan_to_aml,3,107,200,16.041100,
baseline,5,1,perf-baseline-r005-20260818T023702Z,loan_to_aml,3,108,200,15.816800,
baseline,5,1,perf-baseline-r005-20260818T023702Z,loan_to_aml,3,109,200,14.948100,
baseline,5,1,perf-baseline-r005-20260818T023702Z,loan_to_aml,3,110,200,16.467800,
baseline,5,1,perf-baseline-r005-20260818T023702Z,loan_to_aml,3,111,200,15.766000,
baseline,5,1,perf-baseline-r005-20260818T023702Z,loan_to_aml,3,112,200,16.187900,
baseline,5,1,perf-baseline-r005-20260818T023702Z,loan_to_aml,3,113,200,15.574000,
baseline,5,1,perf-baseline-r005-20260818T023702Z,loan_to_aml,3,114,200,15.975800,
baseline,5,1,perf-baseline-r005-20260818T023702Z,loan_to_aml,3,115,200,16.061900,
baseline,5,1,perf-baseline-r005-20260818T023702Z,loan_to_aml,3,116,200,16.141300,
baseline,5,1,perf-baseline-r005-20260818T023702Z,loan_to_aml,3,117,200,19.315900,
baseline,5,1,perf-baseline-r005-20260818T023702Z,loan_to_aml,3,118,200,17.116900,
baseline,5,1,perf-baseline-r005-20260818T023702Z,loan_to_aml,3,119,200,16.702700,
baseline,5,1,perf-baseline-r005-20260818T023702Z,loan_to_aml,3,120,200,15.317500,
baseline,5,1,perf-baseline-r005-20260818T023702Z,loan_to_aml,3,121,200,15.213800,
baseline,5,1,perf-baseline-r005-20260818T023702Z,loan_to_aml,3,122,200,16.942100,
baseline,5,1,perf-baseline-r005-20260818T023702Z,loan_to_aml,3,123,200,15.968700,
baseline,5,1,perf-baseline-r005-20260818T023702Z,loan_to_aml,3,124,200,16.083500,
baseline,5,1,perf-baseline-r005-20260818T023702Z,loan_to_aml,3,125,200,15.824700,
baseline,5,1,perf-baseline-r005-20260818T023702Z,loan_to_aml,3,126,200,16.268700,
baseline,5,1,perf-baseline-r005-20260818T023702Z,loan_to_aml,3,127,200,15.596700,
baseline,5,1,perf-baseline-r005-20260818T023702Z,loan_to_aml,3,128,200,15.233200,
baseline,5,1,perf-baseline-r005-20260818T023702Z,loan_to_aml,3,129,200,15.874600,
baseline,5,1,perf-baseline-r005-20260818T023702Z,loan_to_aml,3,130,200,15.387000,
baseline,5,1,perf-baseline-r005-20260818T023702Z,loan_to_aml,3,131,200,15.428600,
baseline,5,1,perf-baseline-r005-20260818T023702Z,loan_to_aml,3,132,200,15.109400,
baseline,5,1,perf-baseline-r005-20260818T023702Z,loan_to_aml,3,133,200,16.290600,
baseline,5,1,perf-baseline-r005-20260818T023702Z,loan_to_aml,3,134,200,15.718200,
baseline,5,1,perf-baseline-r005-20260818T023702Z,loan_to_aml,3,135,200,15.655600,
baseline,5,1,perf-baseline-r005-20260818T023702Z,loan_to_aml,3,136,200,15.390100,
baseline,5,1,perf-baseline-r005-20260818T023702Z,loan_to_aml,3,137,200,15.771600,
baseline,5,1,perf-baseline-r005-20260818T023702Z,loan_to_aml,3,138,200,16.550900,
baseline,5,1,perf-baseline-r005-20260818T023702Z,loan_to_aml,3,139,200,16.849000,
baseline,5,1,perf-baseline-r005-20260818T023702Z,loan_to_aml,3,140,200,17.046800,
baseline,5,1,perf-baseline-r005-20260818T023702Z,loan_to_aml,3,141,200,16.146700,
baseline,5,1,perf-baseline-r005-20260818T023702Z,loan_to_aml,3,142,200,17.069900,
baseline,5,1,perf-baseline-r005-20260818T023702Z,loan_to_aml,3,143,200,18.203200,
baseline,5,1,perf-baseline-r005-20260818T023702Z,loan_to_aml,3,144,200,16.270500,
baseline,5,1,perf-baseline-r005-20260818T023702Z,loan_to_aml,3,145,200,17.279000,
baseline,5,1,perf-baseline-r005-20260818T023702Z,loan_to_aml,3,146,200,15.830000,
baseline,5,1,perf-baseline-r005-20260818T023702Z,loan_to_aml,3,147,200,16.248600,
baseline,5,1,perf-baseline-r005-20260818T023702Z,loan_to_aml,3,148,200,15.916400,
baseline,5,1,perf-baseline-r005-20260818T023702Z,loan_to_aml,3,149,200,16.845000,
baseline,5,1,perf-baseline-r005-20260818T023702Z,loan_to_aml,3,150,200,15.441100,
baseline,5,1,perf-baseline-r005-20260818T023702Z,loan_to_aml,3,151,200,16.155700,
baseline,5,1,perf-baseline-r005-20260818T023702Z,loan_to_aml,3,152,200,15.596400,
baseline,5,1,perf-baseline-r005-20260818T023702Z,loan_to_aml,3,153,200,15.462500,
baseline,5,1,perf-baseline-r005-20260818T023702Z,loan_to_aml,3,154,200,17.228000,
baseline,5,1,perf-baseline-r005-20260818T023702Z,loan_to_aml,3,155,200,16.912400,
baseline,5,1,perf-baseline-r005-20260818T023702Z,loan_to_aml,3,156,200,16.944800,
baseline,5,1,perf-baseline-r005-20260818T023702Z,loan_to_aml,3,157,200,17.359400,
baseline,5,1,perf-baseline-r005-20260818T023702Z,loan_to_aml,3,158,200,18.679600,
baseline,5,1,perf-baseline-r005-20260818T023702Z,loan_to_aml,3,159,200,15.832700,
baseline,5,1,perf-baseline-r005-20260818T023702Z,loan_to_aml,3,160,200,15.784500,
baseline,5,1,perf-baseline-r005-20260818T023702Z,loan_to_aml,3,161,200,16.089000,
baseline,5,1,perf-baseline-r005-20260818T023702Z,loan_to_aml,3,162,200,16.364600,
baseline,5,1,perf-baseline-r005-20260818T023702Z,loan_to_aml,3,163,200,15.528600,
baseline,5,1,perf-baseline-r005-20260818T023702Z,loan_to_aml,3,164,200,16.570100,
baseline,5,1,perf-baseline-r005-20260818T023702Z,loan_to_aml,3,165,200,16.501200,
baseline,5,1,perf-baseline-r005-20260818T023702Z,loan_to_aml,3,166,200,15.662500,
baseline,5,1,perf-baseline-r005-20260818T023702Z,loan_to_aml,3,167,200,15.210500,
baseline,5,1,perf-baseline-r005-20260818T023702Z,loan_to_aml,3,168,200,16.061200,
baseline,5,1,perf-baseline-r005-20260818T023702Z,loan_to_aml,3,169,200,15.871800,
baseline,5,1,perf-baseline-r005-20260818T023702Z,loan_to_aml,3,170,200,16.167900,
baseline,5,1,perf-baseline-r005-20260818T023702Z,loan_to_aml,3,171,200,15.851000,
baseline,5,1,perf-baseline-r005-20260818T023702Z,loan_to_aml,3,172,200,17.217100,
baseline,5,1,perf-baseline-r005-20260818T023702Z,loan_to_aml,3,173,200,16.897000,
baseline,5,1,perf-baseline-r005-20260818T023702Z,loan_to_aml,3,174,200,17.355200,
baseline,5,1,perf-baseline-r005-20260818T023702Z,loan_to_aml,3,175,200,16.831400,
baseline,5,1,perf-baseline-r005-20260818T023702Z,loan_to_aml,3,176,200,16.594100,
baseline,5,1,perf-baseline-r005-20260818T023702Z,loan_to_aml,3,177,200,15.931100,
baseline,5,1,perf-baseline-r005-20260818T023702Z,loan_to_aml,3,178,200,16.105800,
baseline,5,1,perf-baseline-r005-20260818T023702Z,loan_to_aml,3,179,200,16.172000,
baseline,5,1,perf-baseline-r005-20260818T023702Z,loan_to_aml,3,180,200,16.895400,
baseline,5,1,perf-baseline-r005-20260818T023702Z,loan_to_aml,3,181,200,17.032400,
baseline,5,1,perf-baseline-r005-20260818T023702Z,loan_to_aml,3,182,200,15.712600,
baseline,5,1,perf-baseline-r005-20260818T023702Z,loan_to_aml,3,183,200,15.893400,
baseline,5,1,perf-baseline-r005-20260818T023702Z,loan_to_aml,3,184,200,16.016000,
baseline,5,1,perf-baseline-r005-20260818T023702Z,loan_to_aml,3,185,200,17.315200,
baseline,5,1,perf-baseline-r005-20260818T023702Z,loan_to_aml,3,186,200,16.969600,
baseline,5,1,perf-baseline-r005-20260818T023702Z,loan_to_aml,3,187,200,16.850800,
baseline,5,1,perf-baseline-r005-20260818T023702Z,loan_to_aml,3,188,200,16.337600,
baseline,5,1,perf-baseline-r005-20260818T023702Z,loan_to_aml,3,189,200,16.286200,
baseline,5,1,perf-baseline-r005-20260818T023702Z,loan_to_aml,3,190,200,16.511200,
baseline,5,1,perf-baseline-r005-20260818T023702Z,loan_to_aml,3,191,200,16.831200,
baseline,5,1,perf-baseline-r005-20260818T023702Z,loan_to_aml,3,192,200,15.905000,
baseline,5,1,perf-baseline-r005-20260818T023702Z,loan_to_aml,3,193,200,15.778500,
baseline,5,1,perf-baseline-r005-20260818T023702Z,loan_to_aml,3,194,200,16.178500,
baseline,5,1,perf-baseline-r005-20260818T023702Z,loan_to_aml,3,195,200,15.712000,
baseline,5,1,perf-baseline-r005-20260818T023702Z,loan_to_aml,3,196,200,16.227200,
baseline,5,1,perf-baseline-r005-20260818T023702Z,loan_to_aml,3,197,200,19.068800,
baseline,5,1,perf-baseline-r005-20260818T023702Z,loan_to_aml,3,198,200,19.239800,
baseline,5,1,perf-baseline-r005-20260818T023702Z,loan_to_aml,3,199,200,16.652800,
baseline,5,1,perf-baseline-r005-20260818T023702Z,loan_to_aml,3,200,200,16.437700,
baseline,5,1,perf-baseline-r005-20260818T023702Z,loan_to_approval,1,1,200,15.530600,
baseline,5,1,perf-baseline-r005-20260818T023702Z,loan_to_approval,1,2,200,16.560900,
baseline,5,1,perf-baseline-r005-20260818T023702Z,loan_to_approval,1,3,200,16.816000,
baseline,5,1,perf-baseline-r005-20260818T023702Z,loan_to_approval,1,4,200,16.113000,
baseline,5,1,perf-baseline-r005-20260818T023702Z,loan_to_approval,1,5,200,16.513600,
baseline,5,1,perf-baseline-r005-20260818T023702Z,loan_to_approval,1,6,200,15.804000,
baseline,5,1,perf-baseline-r005-20260818T023702Z,loan_to_approval,1,7,200,15.132900,
baseline,5,1,perf-baseline-r005-20260818T023702Z,loan_to_approval,1,8,200,16.026600,
baseline,5,1,perf-baseline-r005-20260818T023702Z,loan_to_approval,1,9,200,15.965100,
baseline,5,1,perf-baseline-r005-20260818T023702Z,loan_to_approval,1,10,200,16.025500,
baseline,5,1,perf-baseline-r005-20260818T023702Z,loan_to_approval,1,11,200,16.057300,
baseline,5,1,perf-baseline-r005-20260818T023702Z,loan_to_approval,1,12,200,17.340200,
baseline,5,1,perf-baseline-r005-20260818T023702Z,loan_to_approval,1,13,200,16.107600,
baseline,5,1,perf-baseline-r005-20260818T023702Z,loan_to_approval,1,14,200,16.417400,
baseline,5,1,perf-baseline-r005-20260818T023702Z,loan_to_approval,1,15,200,16.361800,
baseline,5,1,perf-baseline-r005-20260818T023702Z,loan_to_approval,1,16,200,16.691300,
baseline,5,1,perf-baseline-r005-20260818T023702Z,loan_to_approval,1,17,200,16.096500,
baseline,5,1,perf-baseline-r005-20260818T023702Z,loan_to_approval,1,18,200,15.800600,
baseline,5,1,perf-baseline-r005-20260818T023702Z,loan_to_approval,1,19,200,15.951900,
baseline,5,1,perf-baseline-r005-20260818T023702Z,loan_to_approval,1,20,200,16.203600,
baseline,5,1,perf-baseline-r005-20260818T023702Z,loan_to_approval,1,21,200,15.854700,
baseline,5,1,perf-baseline-r005-20260818T023702Z,loan_to_approval,1,22,200,16.119300,
baseline,5,1,perf-baseline-r005-20260818T023702Z,loan_to_approval,1,23,200,15.933900,
baseline,5,1,perf-baseline-r005-20260818T023702Z,loan_to_approval,1,24,200,15.862700,
baseline,5,1,perf-baseline-r005-20260818T023702Z,loan_to_approval,1,25,200,15.941500,
baseline,5,1,perf-baseline-r005-20260818T023702Z,loan_to_approval,1,26,200,17.148700,
baseline,5,1,perf-baseline-r005-20260818T023702Z,loan_to_approval,1,27,200,17.225600,
baseline,5,1,perf-baseline-r005-20260818T023702Z,loan_to_approval,1,28,200,16.722200,
baseline,5,1,perf-baseline-r005-20260818T023702Z,loan_to_approval,1,29,200,15.590800,
baseline,5,1,perf-baseline-r005-20260818T023702Z,loan_to_approval,1,30,200,16.141100,
baseline,5,1,perf-baseline-r005-20260818T023702Z,loan_to_approval,1,31,200,16.314000,
baseline,5,1,perf-baseline-r005-20260818T023702Z,loan_to_approval,1,32,200,15.784600,
baseline,5,1,perf-baseline-r005-20260818T023702Z,loan_to_approval,1,33,200,16.223700,
baseline,5,1,perf-baseline-r005-20260818T023702Z,loan_to_approval,1,34,200,15.871700,
baseline,5,1,perf-baseline-r005-20260818T023702Z,loan_to_approval,1,35,200,15.894600,
baseline,5,1,perf-baseline-r005-20260818T023702Z,loan_to_approval,1,36,200,15.832700,
baseline,5,1,perf-baseline-r005-20260818T023702Z,loan_to_approval,1,37,200,16.021900,
baseline,5,1,perf-baseline-r005-20260818T023702Z,loan_to_approval,1,38,200,16.437200,
baseline,5,1,perf-baseline-r005-20260818T023702Z,loan_to_approval,1,39,200,15.444400,
baseline,5,1,perf-baseline-r005-20260818T023702Z,loan_to_approval,1,40,200,16.119900,
baseline,5,1,perf-baseline-r005-20260818T023702Z,loan_to_approval,1,41,200,15.927700,
baseline,5,1,perf-baseline-r005-20260818T023702Z,loan_to_approval,1,42,200,16.011700,
baseline,5,1,perf-baseline-r005-20260818T023702Z,loan_to_approval,1,43,200,16.322100,
baseline,5,1,perf-baseline-r005-20260818T023702Z,loan_to_approval,1,44,200,16.666500,
baseline,5,1,perf-baseline-r005-20260818T023702Z,loan_to_approval,1,45,200,16.727400,
baseline,5,1,perf-baseline-r005-20260818T023702Z,loan_to_approval,1,46,200,16.242200,
baseline,5,1,perf-baseline-r005-20260818T023702Z,loan_to_approval,1,47,200,15.754100,
baseline,5,1,perf-baseline-r005-20260818T023702Z,loan_to_approval,1,48,200,16.211100,
baseline,5,1,perf-baseline-r005-20260818T023702Z,loan_to_approval,1,49,200,18.305300,
baseline,5,1,perf-baseline-r005-20260818T023702Z,loan_to_approval,1,50,200,16.592000,
baseline,5,1,perf-baseline-r005-20260818T023702Z,loan_to_approval,1,51,200,17.564800,
baseline,5,1,perf-baseline-r005-20260818T023702Z,loan_to_approval,1,52,200,16.836900,
baseline,5,1,perf-baseline-r005-20260818T023702Z,loan_to_approval,1,53,200,16.883200,
baseline,5,1,perf-baseline-r005-20260818T023702Z,loan_to_approval,1,54,200,17.871200,
baseline,5,1,perf-baseline-r005-20260818T023702Z,loan_to_approval,1,55,200,17.003900,
baseline,5,1,perf-baseline-r005-20260818T023702Z,loan_to_approval,1,56,200,17.071900,
baseline,5,1,perf-baseline-r005-20260818T023702Z,loan_to_approval,1,57,200,16.887600,
baseline,5,1,perf-baseline-r005-20260818T023702Z,loan_to_approval,1,58,200,16.419100,
baseline,5,1,perf-baseline-r005-20260818T023702Z,loan_to_approval,1,59,200,16.452400,
baseline,5,1,perf-baseline-r005-20260818T023702Z,loan_to_approval,1,60,200,17.283500,
baseline,5,1,perf-baseline-r005-20260818T023702Z,loan_to_approval,1,61,200,17.029600,
baseline,5,1,perf-baseline-r005-20260818T023702Z,loan_to_approval,1,62,200,16.755000,
baseline,5,1,perf-baseline-r005-20260818T023702Z,loan_to_approval,1,63,200,16.721800,
baseline,5,1,perf-baseline-r005-20260818T023702Z,loan_to_approval,1,64,200,16.031900,
baseline,5,1,perf-baseline-r005-20260818T023702Z,loan_to_approval,1,65,200,17.032800,
baseline,5,1,perf-baseline-r005-20260818T023702Z,loan_to_approval,1,66,200,16.072200,
baseline,5,1,perf-baseline-r005-20260818T023702Z,loan_to_approval,1,67,200,15.708500,
baseline,5,1,perf-baseline-r005-20260818T023702Z,loan_to_approval,1,68,200,16.995600,
baseline,5,1,perf-baseline-r005-20260818T023702Z,loan_to_approval,1,69,200,15.719600,
baseline,5,1,perf-baseline-r005-20260818T023702Z,loan_to_approval,1,70,200,16.101000,
baseline,5,1,perf-baseline-r005-20260818T023702Z,loan_to_approval,1,71,200,16.049500,
baseline,5,1,perf-baseline-r005-20260818T023702Z,loan_to_approval,1,72,200,16.037900,
baseline,5,1,perf-baseline-r005-20260818T023702Z,loan_to_approval,1,73,200,15.939400,
baseline,5,1,perf-baseline-r005-20260818T023702Z,loan_to_approval,1,74,200,16.075000,
baseline,5,1,perf-baseline-r005-20260818T023702Z,loan_to_approval,1,75,200,16.422700,
baseline,5,1,perf-baseline-r005-20260818T023702Z,loan_to_approval,1,76,200,16.740700,
baseline,5,1,perf-baseline-r005-20260818T023702Z,loan_to_approval,1,77,200,15.479100,
baseline,5,1,perf-baseline-r005-20260818T023702Z,loan_to_approval,1,78,200,16.224900,
baseline,5,1,perf-baseline-r005-20260818T023702Z,loan_to_approval,1,79,200,16.053000,
baseline,5,1,perf-baseline-r005-20260818T023702Z,loan_to_approval,1,80,200,16.157000,
baseline,5,1,perf-baseline-r005-20260818T023702Z,loan_to_approval,1,81,200,16.564000,
baseline,5,1,perf-baseline-r005-20260818T023702Z,loan_to_approval,1,82,200,16.564400,
baseline,5,1,perf-baseline-r005-20260818T023702Z,loan_to_approval,1,83,200,15.240900,
baseline,5,1,perf-baseline-r005-20260818T023702Z,loan_to_approval,1,84,200,15.924600,
baseline,5,1,perf-baseline-r005-20260818T023702Z,loan_to_approval,1,85,200,16.145700,
baseline,5,1,perf-baseline-r005-20260818T023702Z,loan_to_approval,1,86,200,15.882200,
baseline,5,1,perf-baseline-r005-20260818T023702Z,loan_to_approval,1,87,200,16.109000,
baseline,5,1,perf-baseline-r005-20260818T023702Z,loan_to_approval,1,88,200,16.836100,
baseline,5,1,perf-baseline-r005-20260818T023702Z,loan_to_approval,1,89,200,15.984100,
baseline,5,1,perf-baseline-r005-20260818T023702Z,loan_to_approval,1,90,200,16.148400,
baseline,5,1,perf-baseline-r005-20260818T023702Z,loan_to_approval,1,91,200,17.067800,
baseline,5,1,perf-baseline-r005-20260818T023702Z,loan_to_approval,1,92,200,15.855700,
baseline,5,1,perf-baseline-r005-20260818T023702Z,loan_to_approval,1,93,200,16.164100,
baseline,5,1,perf-baseline-r005-20260818T023702Z,loan_to_approval,1,94,200,16.898200,
baseline,5,1,perf-baseline-r005-20260818T023702Z,loan_to_approval,1,95,200,15.917500,
baseline,5,1,perf-baseline-r005-20260818T023702Z,loan_to_approval,1,96,200,16.187300,
baseline,5,1,perf-baseline-r005-20260818T023702Z,loan_to_approval,1,97,200,15.733700,
baseline,5,1,perf-baseline-r005-20260818T023702Z,loan_to_approval,1,98,200,16.399500,
baseline,5,1,perf-baseline-r005-20260818T023702Z,loan_to_approval,1,99,200,16.470300,
baseline,5,1,perf-baseline-r005-20260818T023702Z,loan_to_approval,1,100,200,16.272000,
baseline,5,1,perf-baseline-r005-20260818T023702Z,loan_to_approval,1,101,200,16.916400,
baseline,5,1,perf-baseline-r005-20260818T023702Z,loan_to_approval,1,102,200,17.072500,
baseline,5,1,perf-baseline-r005-20260818T023702Z,loan_to_approval,1,103,200,17.054500,
baseline,5,1,perf-baseline-r005-20260818T023702Z,loan_to_approval,1,104,200,16.894500,
baseline,5,1,perf-baseline-r005-20260818T023702Z,loan_to_approval,1,105,200,16.841800,
baseline,5,1,perf-baseline-r005-20260818T023702Z,loan_to_approval,1,106,200,17.509900,
baseline,5,1,perf-baseline-r005-20260818T023702Z,loan_to_approval,1,107,200,17.503700,
baseline,5,1,perf-baseline-r005-20260818T023702Z,loan_to_approval,1,108,200,15.984400,
baseline,5,1,perf-baseline-r005-20260818T023702Z,loan_to_approval,1,109,200,17.224900,
baseline,5,1,perf-baseline-r005-20260818T023702Z,loan_to_approval,1,110,200,17.245400,
baseline,5,1,perf-baseline-r005-20260818T023702Z,loan_to_approval,1,111,200,17.900800,
baseline,5,1,perf-baseline-r005-20260818T023702Z,loan_to_approval,1,112,200,16.690900,
baseline,5,1,perf-baseline-r005-20260818T023702Z,loan_to_approval,1,113,200,17.935200,
baseline,5,1,perf-baseline-r005-20260818T023702Z,loan_to_approval,1,114,200,17.410400,
baseline,5,1,perf-baseline-r005-20260818T023702Z,loan_to_approval,1,115,200,16.759500,
baseline,5,1,perf-baseline-r005-20260818T023702Z,loan_to_approval,1,116,200,16.754300,
baseline,5,1,perf-baseline-r005-20260818T023702Z,loan_to_approval,1,117,200,17.521700,
baseline,5,1,perf-baseline-r005-20260818T023702Z,loan_to_approval,1,118,200,16.533900,
baseline,5,1,perf-baseline-r005-20260818T023702Z,loan_to_approval,1,119,200,17.126800,
baseline,5,1,perf-baseline-r005-20260818T023702Z,loan_to_approval,1,120,200,17.244200,
baseline,5,1,perf-baseline-r005-20260818T023702Z,loan_to_approval,1,121,200,17.974500,
baseline,5,1,perf-baseline-r005-20260818T023702Z,loan_to_approval,1,122,200,17.987200,
baseline,5,1,perf-baseline-r005-20260818T023702Z,loan_to_approval,1,123,200,17.267800,
baseline,5,1,perf-baseline-r005-20260818T023702Z,loan_to_approval,1,124,200,17.500400,
baseline,5,1,perf-baseline-r005-20260818T023702Z,loan_to_approval,1,125,200,16.918900,
baseline,5,1,perf-baseline-r005-20260818T023702Z,loan_to_approval,1,126,200,17.997900,
baseline,5,1,perf-baseline-r005-20260818T023702Z,loan_to_approval,1,127,200,16.903600,
baseline,5,1,perf-baseline-r005-20260818T023702Z,loan_to_approval,1,128,200,17.991000,
baseline,5,1,perf-baseline-r005-20260818T023702Z,loan_to_approval,1,129,200,16.662100,
baseline,5,1,perf-baseline-r005-20260818T023702Z,loan_to_approval,1,130,200,16.828700,
baseline,5,1,perf-baseline-r005-20260818T023702Z,loan_to_approval,1,131,200,18.023400,
baseline,5,1,perf-baseline-r005-20260818T023702Z,loan_to_approval,1,132,200,16.018100,
baseline,5,1,perf-baseline-r005-20260818T023702Z,loan_to_approval,1,133,200,16.163900,
baseline,5,1,perf-baseline-r005-20260818T023702Z,loan_to_approval,1,134,200,16.798800,
baseline,5,1,perf-baseline-r005-20260818T023702Z,loan_to_approval,1,135,200,15.663500,
baseline,5,1,perf-baseline-r005-20260818T023702Z,loan_to_approval,1,136,200,16.390800,
baseline,5,1,perf-baseline-r005-20260818T023702Z,loan_to_approval,1,137,200,16.923900,
baseline,5,1,perf-baseline-r005-20260818T023702Z,loan_to_approval,1,138,200,15.857700,
baseline,5,1,perf-baseline-r005-20260818T023702Z,loan_to_approval,1,139,200,15.784200,
baseline,5,1,perf-baseline-r005-20260818T023702Z,loan_to_approval,1,140,200,16.506700,
baseline,5,1,perf-baseline-r005-20260818T023702Z,loan_to_approval,1,141,200,15.676800,
baseline,5,1,perf-baseline-r005-20260818T023702Z,loan_to_approval,1,142,200,16.025900,
baseline,5,1,perf-baseline-r005-20260818T023702Z,loan_to_approval,1,143,200,18.970500,
baseline,5,1,perf-baseline-r005-20260818T023702Z,loan_to_approval,1,144,200,15.852300,
baseline,5,1,perf-baseline-r005-20260818T023702Z,loan_to_approval,1,145,200,15.632100,
baseline,5,1,perf-baseline-r005-20260818T023702Z,loan_to_approval,1,146,200,16.044400,
baseline,5,1,perf-baseline-r005-20260818T023702Z,loan_to_approval,1,147,200,16.116700,
baseline,5,1,perf-baseline-r005-20260818T023702Z,loan_to_approval,1,148,200,15.943200,
baseline,5,1,perf-baseline-r005-20260818T023702Z,loan_to_approval,1,149,200,17.506000,
baseline,5,1,perf-baseline-r005-20260818T023702Z,loan_to_approval,1,150,200,15.603700,
baseline,5,1,perf-baseline-r005-20260818T023702Z,loan_to_approval,1,151,200,16.202400,
baseline,5,1,perf-baseline-r005-20260818T023702Z,loan_to_approval,1,152,200,16.850300,
baseline,5,1,perf-baseline-r005-20260818T023702Z,loan_to_approval,1,153,200,16.177100,
baseline,5,1,perf-baseline-r005-20260818T023702Z,loan_to_approval,1,154,200,16.639300,
baseline,5,1,perf-baseline-r005-20260818T023702Z,loan_to_approval,1,155,200,16.054600,
baseline,5,1,perf-baseline-r005-20260818T023702Z,loan_to_approval,1,156,200,15.947400,
baseline,5,1,perf-baseline-r005-20260818T023702Z,loan_to_approval,1,157,200,16.099800,
baseline,5,1,perf-baseline-r005-20260818T023702Z,loan_to_approval,1,158,200,16.110200,
baseline,5,1,perf-baseline-r005-20260818T023702Z,loan_to_approval,1,159,200,15.783600,
baseline,5,1,perf-baseline-r005-20260818T023702Z,loan_to_approval,1,160,200,15.841500,
baseline,5,1,perf-baseline-r005-20260818T023702Z,loan_to_approval,1,161,200,16.012300,
baseline,5,1,perf-baseline-r005-20260818T023702Z,loan_to_approval,1,162,200,15.800200,
baseline,5,1,perf-baseline-r005-20260818T023702Z,loan_to_approval,1,163,200,16.166800,
baseline,5,1,perf-baseline-r005-20260818T023702Z,loan_to_approval,1,164,200,15.958200,
baseline,5,1,perf-baseline-r005-20260818T023702Z,loan_to_approval,1,165,200,15.850400,
baseline,5,1,perf-baseline-r005-20260818T023702Z,loan_to_approval,1,166,200,16.075200,
baseline,5,1,perf-baseline-r005-20260818T023702Z,loan_to_approval,1,167,200,15.872700,
baseline,5,1,perf-baseline-r005-20260818T023702Z,loan_to_approval,1,168,200,16.072700,
baseline,5,1,perf-baseline-r005-20260818T023702Z,loan_to_approval,1,169,200,16.147200,
baseline,5,1,perf-baseline-r005-20260818T023702Z,loan_to_approval,1,170,200,16.979900,
baseline,5,1,perf-baseline-r005-20260818T023702Z,loan_to_approval,1,171,200,15.910100,
baseline,5,1,perf-baseline-r005-20260818T023702Z,loan_to_approval,1,172,200,16.175400,
baseline,5,1,perf-baseline-r005-20260818T023702Z,loan_to_approval,1,173,200,16.057700,
baseline,5,1,perf-baseline-r005-20260818T023702Z,loan_to_approval,1,174,200,16.232800,
baseline,5,1,perf-baseline-r005-20260818T023702Z,loan_to_approval,1,175,200,15.279400,
baseline,5,1,perf-baseline-r005-20260818T023702Z,loan_to_approval,1,176,200,16.023200,
baseline,5,1,perf-baseline-r005-20260818T023702Z,loan_to_approval,1,177,200,16.595600,
baseline,5,1,perf-baseline-r005-20260818T023702Z,loan_to_approval,1,178,200,16.428900,
baseline,5,1,perf-baseline-r005-20260818T023702Z,loan_to_approval,1,179,200,15.961900,
baseline,5,1,perf-baseline-r005-20260818T023702Z,loan_to_approval,1,180,200,16.079000,
baseline,5,1,perf-baseline-r005-20260818T023702Z,loan_to_approval,1,181,200,15.834600,
baseline,5,1,perf-baseline-r005-20260818T023702Z,loan_to_approval,1,182,200,16.062500,
baseline,5,1,perf-baseline-r005-20260818T023702Z,loan_to_approval,1,183,200,16.590400,
baseline,5,1,perf-baseline-r005-20260818T023702Z,loan_to_approval,1,184,200,16.929200,
baseline,5,1,perf-baseline-r005-20260818T023702Z,loan_to_approval,1,185,200,16.529400,
baseline,5,1,perf-baseline-r005-20260818T023702Z,loan_to_approval,1,186,200,15.793900,
baseline,5,1,perf-baseline-r005-20260818T023702Z,loan_to_approval,1,187,200,16.291900,
baseline,5,1,perf-baseline-r005-20260818T023702Z,loan_to_approval,1,188,200,16.938000,
baseline,5,1,perf-baseline-r005-20260818T023702Z,loan_to_approval,1,189,200,16.904000,
baseline,5,1,perf-baseline-r005-20260818T023702Z,loan_to_approval,1,190,200,17.259200,
baseline,5,1,perf-baseline-r005-20260818T023702Z,loan_to_approval,1,191,200,16.994100,
baseline,5,1,perf-baseline-r005-20260818T023702Z,loan_to_approval,1,192,200,16.707700,
baseline,5,1,perf-baseline-r005-20260818T023702Z,loan_to_approval,1,193,200,15.596400,
baseline,5,1,perf-baseline-r005-20260818T023702Z,loan_to_approval,1,194,200,16.115000,
baseline,5,1,perf-baseline-r005-20260818T023702Z,loan_to_approval,1,195,200,15.819500,
baseline,5,1,perf-baseline-r005-20260818T023702Z,loan_to_approval,1,196,200,16.312500,
baseline,5,1,perf-baseline-r005-20260818T023702Z,loan_to_approval,1,197,200,15.838700,
baseline,5,1,perf-baseline-r005-20260818T023702Z,loan_to_approval,1,198,200,17.257500,
baseline,5,1,perf-baseline-r005-20260818T023702Z,loan_to_approval,1,199,200,15.634700,
baseline,5,1,perf-baseline-r005-20260818T023702Z,loan_to_approval,1,200,200,16.459800,
baseline,5,1,perf-baseline-r005-20260818T023702Z,loan_to_approval,2,1,200,16.945100,
baseline,5,1,perf-baseline-r005-20260818T023702Z,loan_to_approval,2,2,200,16.203100,
baseline,5,1,perf-baseline-r005-20260818T023702Z,loan_to_approval,2,3,200,16.483800,
baseline,5,1,perf-baseline-r005-20260818T023702Z,loan_to_approval,2,4,200,15.819900,
baseline,5,1,perf-baseline-r005-20260818T023702Z,loan_to_approval,2,5,200,16.130100,
baseline,5,1,perf-baseline-r005-20260818T023702Z,loan_to_approval,2,6,200,16.749900,
baseline,5,1,perf-baseline-r005-20260818T023702Z,loan_to_approval,2,7,200,15.774700,
baseline,5,1,perf-baseline-r005-20260818T023702Z,loan_to_approval,2,8,200,16.511500,
baseline,5,1,perf-baseline-r005-20260818T023702Z,loan_to_approval,2,9,200,16.690400,
baseline,5,1,perf-baseline-r005-20260818T023702Z,loan_to_approval,2,10,200,16.296400,
baseline,5,1,perf-baseline-r005-20260818T023702Z,loan_to_approval,2,11,200,15.746600,
baseline,5,1,perf-baseline-r005-20260818T023702Z,loan_to_approval,2,12,200,16.004500,
baseline,5,1,perf-baseline-r005-20260818T023702Z,loan_to_approval,2,13,200,15.753400,
baseline,5,1,perf-baseline-r005-20260818T023702Z,loan_to_approval,2,14,200,16.101600,
baseline,5,1,perf-baseline-r005-20260818T023702Z,loan_to_approval,2,15,200,14.863800,
baseline,5,1,perf-baseline-r005-20260818T023702Z,loan_to_approval,2,16,200,16.153600,
baseline,5,1,perf-baseline-r005-20260818T023702Z,loan_to_approval,2,17,200,15.795000,
baseline,5,1,perf-baseline-r005-20260818T023702Z,loan_to_approval,2,18,200,16.067800,
baseline,5,1,perf-baseline-r005-20260818T023702Z,loan_to_approval,2,19,200,16.010400,
baseline,5,1,perf-baseline-r005-20260818T023702Z,loan_to_approval,2,20,200,15.804000,
baseline,5,1,perf-baseline-r005-20260818T023702Z,loan_to_approval,2,21,200,16.031400,
baseline,5,1,perf-baseline-r005-20260818T023702Z,loan_to_approval,2,22,200,16.253400,
baseline,5,1,perf-baseline-r005-20260818T023702Z,loan_to_approval,2,23,200,15.965200,
baseline,5,1,perf-baseline-r005-20260818T023702Z,loan_to_approval,2,24,200,17.123100,
baseline,5,1,perf-baseline-r005-20260818T023702Z,loan_to_approval,2,25,200,15.262700,
baseline,5,1,perf-baseline-r005-20260818T023702Z,loan_to_approval,2,26,200,16.420700,
baseline,5,1,perf-baseline-r005-20260818T023702Z,loan_to_approval,2,27,200,15.784000,
baseline,5,1,perf-baseline-r005-20260818T023702Z,loan_to_approval,2,28,200,16.313400,
baseline,5,1,perf-baseline-r005-20260818T023702Z,loan_to_approval,2,29,200,17.367500,
baseline,5,1,perf-baseline-r005-20260818T023702Z,loan_to_approval,2,30,200,17.003300,
baseline,5,1,perf-baseline-r005-20260818T023702Z,loan_to_approval,2,31,200,17.342600,
baseline,5,1,perf-baseline-r005-20260818T023702Z,loan_to_approval,2,32,200,17.899600,
baseline,5,1,perf-baseline-r005-20260818T023702Z,loan_to_approval,2,33,200,19.450500,
baseline,5,1,perf-baseline-r005-20260818T023702Z,loan_to_approval,2,34,200,20.527400,
baseline,5,1,perf-baseline-r005-20260818T023702Z,loan_to_approval,2,35,200,19.621500,
baseline,5,1,perf-baseline-r005-20260818T023702Z,loan_to_approval,2,36,200,19.418400,
baseline,5,1,perf-baseline-r005-20260818T023702Z,loan_to_approval,2,37,200,19.470400,
baseline,5,1,perf-baseline-r005-20260818T023702Z,loan_to_approval,2,38,200,16.742600,
baseline,5,1,perf-baseline-r005-20260818T023702Z,loan_to_approval,2,39,200,16.817200,
baseline,5,1,perf-baseline-r005-20260818T023702Z,loan_to_approval,2,40,200,16.028900,
baseline,5,1,perf-baseline-r005-20260818T023702Z,loan_to_approval,2,41,200,16.287200,
baseline,5,1,perf-baseline-r005-20260818T023702Z,loan_to_approval,2,42,200,17.013200,
baseline,5,1,perf-baseline-r005-20260818T023702Z,loan_to_approval,2,43,200,16.824000,
baseline,5,1,perf-baseline-r005-20260818T023702Z,loan_to_approval,2,44,200,16.432700,
baseline,5,1,perf-baseline-r005-20260818T023702Z,loan_to_approval,2,45,200,16.930100,
baseline,5,1,perf-baseline-r005-20260818T023702Z,loan_to_approval,2,46,200,16.916500,
baseline,5,1,perf-baseline-r005-20260818T023702Z,loan_to_approval,2,47,200,17.885300,
baseline,5,1,perf-baseline-r005-20260818T023702Z,loan_to_approval,2,48,200,17.602400,
baseline,5,1,perf-baseline-r005-20260818T023702Z,loan_to_approval,2,49,200,17.362600,
baseline,5,1,perf-baseline-r005-20260818T023702Z,loan_to_approval,2,50,200,19.550400,
baseline,5,1,perf-baseline-r005-20260818T023702Z,loan_to_approval,2,51,200,16.291800,
baseline,5,1,perf-baseline-r005-20260818T023702Z,loan_to_approval,2,52,200,19.663600,
baseline,5,1,perf-baseline-r005-20260818T023702Z,loan_to_approval,2,53,200,18.016400,
baseline,5,1,perf-baseline-r005-20260818T023702Z,loan_to_approval,2,54,200,17.700300,
baseline,5,1,perf-baseline-r005-20260818T023702Z,loan_to_approval,2,55,200,21.464000,
baseline,5,1,perf-baseline-r005-20260818T023702Z,loan_to_approval,2,56,200,16.343800,
baseline,5,1,perf-baseline-r005-20260818T023702Z,loan_to_approval,2,57,200,19.362800,
baseline,5,1,perf-baseline-r005-20260818T023702Z,loan_to_approval,2,58,200,18.965600,
baseline,5,1,perf-baseline-r005-20260818T023702Z,loan_to_approval,2,59,200,18.610000,
baseline,5,1,perf-baseline-r005-20260818T023702Z,loan_to_approval,2,60,200,16.268400,
baseline,5,1,perf-baseline-r005-20260818T023702Z,loan_to_approval,2,61,200,15.801100,
baseline,5,1,perf-baseline-r005-20260818T023702Z,loan_to_approval,2,62,200,16.396800,
baseline,5,1,perf-baseline-r005-20260818T023702Z,loan_to_approval,2,63,200,18.978200,
baseline,5,1,perf-baseline-r005-20260818T023702Z,loan_to_approval,2,64,200,16.831200,
baseline,5,1,perf-baseline-r005-20260818T023702Z,loan_to_approval,2,65,200,16.806600,
baseline,5,1,perf-baseline-r005-20260818T023702Z,loan_to_approval,2,66,200,15.987600,
baseline,5,1,perf-baseline-r005-20260818T023702Z,loan_to_approval,2,67,200,16.030900,
baseline,5,1,perf-baseline-r005-20260818T023702Z,loan_to_approval,2,68,200,15.692500,
baseline,5,1,perf-baseline-r005-20260818T023702Z,loan_to_approval,2,69,200,15.837100,
baseline,5,1,perf-baseline-r005-20260818T023702Z,loan_to_approval,2,70,200,16.379800,
baseline,5,1,perf-baseline-r005-20260818T023702Z,loan_to_approval,2,71,200,17.703900,
baseline,5,1,perf-baseline-r005-20260818T023702Z,loan_to_approval,2,72,200,17.179500,
baseline,5,1,perf-baseline-r005-20260818T023702Z,loan_to_approval,2,73,200,18.089800,
baseline,5,1,perf-baseline-r005-20260818T023702Z,loan_to_approval,2,74,200,18.069400,
baseline,5,1,perf-baseline-r005-20260818T023702Z,loan_to_approval,2,75,200,18.876000,
baseline,5,1,perf-baseline-r005-20260818T023702Z,loan_to_approval,2,76,200,17.977600,
baseline,5,1,perf-baseline-r005-20260818T023702Z,loan_to_approval,2,77,200,16.012700,
baseline,5,1,perf-baseline-r005-20260818T023702Z,loan_to_approval,2,78,200,17.043300,
baseline,5,1,perf-baseline-r005-20260818T023702Z,loan_to_approval,2,79,200,16.181500,
baseline,5,1,perf-baseline-r005-20260818T023702Z,loan_to_approval,2,80,200,15.907300,
baseline,5,1,perf-baseline-r005-20260818T023702Z,loan_to_approval,2,81,200,16.925000,
baseline,5,1,perf-baseline-r005-20260818T023702Z,loan_to_approval,2,82,200,15.850800,
baseline,5,1,perf-baseline-r005-20260818T023702Z,loan_to_approval,2,83,200,15.850500,
baseline,5,1,perf-baseline-r005-20260818T023702Z,loan_to_approval,2,84,200,16.075800,
baseline,5,1,perf-baseline-r005-20260818T023702Z,loan_to_approval,2,85,200,15.918700,
baseline,5,1,perf-baseline-r005-20260818T023702Z,loan_to_approval,2,86,200,16.202600,
baseline,5,1,perf-baseline-r005-20260818T023702Z,loan_to_approval,2,87,200,15.868200,
baseline,5,1,perf-baseline-r005-20260818T023702Z,loan_to_approval,2,88,200,16.113900,
baseline,5,1,perf-baseline-r005-20260818T023702Z,loan_to_approval,2,89,200,16.178000,
baseline,5,1,perf-baseline-r005-20260818T023702Z,loan_to_approval,2,90,200,16.500500,
baseline,5,1,perf-baseline-r005-20260818T023702Z,loan_to_approval,2,91,200,15.671100,
baseline,5,1,perf-baseline-r005-20260818T023702Z,loan_to_approval,2,92,200,16.352500,
baseline,5,1,perf-baseline-r005-20260818T023702Z,loan_to_approval,2,93,200,19.430200,
baseline,5,1,perf-baseline-r005-20260818T023702Z,loan_to_approval,2,94,200,17.066500,
baseline,5,1,perf-baseline-r005-20260818T023702Z,loan_to_approval,2,95,200,19.118600,
baseline,5,1,perf-baseline-r005-20260818T023702Z,loan_to_approval,2,96,200,20.542600,
baseline,5,1,perf-baseline-r005-20260818T023702Z,loan_to_approval,2,97,200,18.824600,
baseline,5,1,perf-baseline-r005-20260818T023702Z,loan_to_approval,2,98,200,17.398400,
baseline,5,1,perf-baseline-r005-20260818T023702Z,loan_to_approval,2,99,200,16.811600,
baseline,5,1,perf-baseline-r005-20260818T023702Z,loan_to_approval,2,100,200,16.772500,
baseline,5,1,perf-baseline-r005-20260818T023702Z,loan_to_approval,2,101,200,16.147500,
baseline,5,1,perf-baseline-r005-20260818T023702Z,loan_to_approval,2,102,200,17.109300,
baseline,5,1,perf-baseline-r005-20260818T023702Z,loan_to_approval,2,103,200,16.863200,
baseline,5,1,perf-baseline-r005-20260818T023702Z,loan_to_approval,2,104,200,16.696300,
baseline,5,1,perf-baseline-r005-20260818T023702Z,loan_to_approval,2,105,200,15.783900,
baseline,5,1,perf-baseline-r005-20260818T023702Z,loan_to_approval,2,106,200,16.107200,
baseline,5,1,perf-baseline-r005-20260818T023702Z,loan_to_approval,2,107,200,15.948300,
baseline,5,1,perf-baseline-r005-20260818T023702Z,loan_to_approval,2,108,200,16.922900,
baseline,5,1,perf-baseline-r005-20260818T023702Z,loan_to_approval,2,109,200,16.101200,
baseline,5,1,perf-baseline-r005-20260818T023702Z,loan_to_approval,2,110,200,17.292900,
baseline,5,1,perf-baseline-r005-20260818T023702Z,loan_to_approval,2,111,200,16.012200,
baseline,5,1,perf-baseline-r005-20260818T023702Z,loan_to_approval,2,112,200,17.409300,
baseline,5,1,perf-baseline-r005-20260818T023702Z,loan_to_approval,2,113,200,16.385900,
baseline,5,1,perf-baseline-r005-20260818T023702Z,loan_to_approval,2,114,200,16.073500,
baseline,5,1,perf-baseline-r005-20260818T023702Z,loan_to_approval,2,115,200,17.473300,
baseline,5,1,perf-baseline-r005-20260818T023702Z,loan_to_approval,2,116,200,17.460700,
baseline,5,1,perf-baseline-r005-20260818T023702Z,loan_to_approval,2,117,200,16.973700,
baseline,5,1,perf-baseline-r005-20260818T023702Z,loan_to_approval,2,118,200,16.879800,
baseline,5,1,perf-baseline-r005-20260818T023702Z,loan_to_approval,2,119,200,16.530000,
baseline,5,1,perf-baseline-r005-20260818T023702Z,loan_to_approval,2,120,200,16.098300,
baseline,5,1,perf-baseline-r005-20260818T023702Z,loan_to_approval,2,121,200,17.176100,
baseline,5,1,perf-baseline-r005-20260818T023702Z,loan_to_approval,2,122,200,15.783300,
baseline,5,1,perf-baseline-r005-20260818T023702Z,loan_to_approval,2,123,200,15.781200,
baseline,5,1,perf-baseline-r005-20260818T023702Z,loan_to_approval,2,124,200,17.478200,
baseline,5,1,perf-baseline-r005-20260818T023702Z,loan_to_approval,2,125,200,16.140100,
baseline,5,1,perf-baseline-r005-20260818T023702Z,loan_to_approval,2,126,200,16.487700,
baseline,5,1,perf-baseline-r005-20260818T023702Z,loan_to_approval,2,127,200,16.151500,
baseline,5,1,perf-baseline-r005-20260818T023702Z,loan_to_approval,2,128,200,16.019700,
baseline,5,1,perf-baseline-r005-20260818T023702Z,loan_to_approval,2,129,200,15.893400,
baseline,5,1,perf-baseline-r005-20260818T023702Z,loan_to_approval,2,130,200,16.048800,
baseline,5,1,perf-baseline-r005-20260818T023702Z,loan_to_approval,2,131,200,16.030300,
baseline,5,1,perf-baseline-r005-20260818T023702Z,loan_to_approval,2,132,200,16.018300,
baseline,5,1,perf-baseline-r005-20260818T023702Z,loan_to_approval,2,133,200,15.779100,
baseline,5,1,perf-baseline-r005-20260818T023702Z,loan_to_approval,2,134,200,15.769200,
baseline,5,1,perf-baseline-r005-20260818T023702Z,loan_to_approval,2,135,200,16.211700,
baseline,5,1,perf-baseline-r005-20260818T023702Z,loan_to_approval,2,136,200,16.194800,
baseline,5,1,perf-baseline-r005-20260818T023702Z,loan_to_approval,2,137,200,15.969800,
baseline,5,1,perf-baseline-r005-20260818T023702Z,loan_to_approval,2,138,200,16.777500,
baseline,5,1,perf-baseline-r005-20260818T023702Z,loan_to_approval,2,139,200,16.036100,
baseline,5,1,perf-baseline-r005-20260818T023702Z,loan_to_approval,2,140,200,15.904100,
baseline,5,1,perf-baseline-r005-20260818T023702Z,loan_to_approval,2,141,200,16.984400,
baseline,5,1,perf-baseline-r005-20260818T023702Z,loan_to_approval,2,142,200,15.876000,
baseline,5,1,perf-baseline-r005-20260818T023702Z,loan_to_approval,2,143,200,16.054800,
baseline,5,1,perf-baseline-r005-20260818T023702Z,loan_to_approval,2,144,200,16.437300,
baseline,5,1,perf-baseline-r005-20260818T023702Z,loan_to_approval,2,145,200,15.866300,
baseline,5,1,perf-baseline-r005-20260818T023702Z,loan_to_approval,2,146,200,16.053700,
baseline,5,1,perf-baseline-r005-20260818T023702Z,loan_to_approval,2,147,200,15.584100,
baseline,5,1,perf-baseline-r005-20260818T023702Z,loan_to_approval,2,148,200,16.552400,
baseline,5,1,perf-baseline-r005-20260818T023702Z,loan_to_approval,2,149,200,16.534600,
baseline,5,1,perf-baseline-r005-20260818T023702Z,loan_to_approval,2,150,200,15.847000,
baseline,5,1,perf-baseline-r005-20260818T023702Z,loan_to_approval,2,151,200,15.851500,
baseline,5,1,perf-baseline-r005-20260818T023702Z,loan_to_approval,2,152,200,15.943300,
baseline,5,1,perf-baseline-r005-20260818T023702Z,loan_to_approval,2,153,200,15.989800,
baseline,5,1,perf-baseline-r005-20260818T023702Z,loan_to_approval,2,154,200,18.403100,
baseline,5,1,perf-baseline-r005-20260818T023702Z,loan_to_approval,2,155,200,18.937200,
baseline,5,1,perf-baseline-r005-20260818T023702Z,loan_to_approval,2,156,200,18.969400,
baseline,5,1,perf-baseline-r005-20260818T023702Z,loan_to_approval,2,157,200,19.659200,
baseline,5,1,perf-baseline-r005-20260818T023702Z,loan_to_approval,2,158,200,19.201300,
baseline,5,1,perf-baseline-r005-20260818T023702Z,loan_to_approval,2,159,200,20.987000,
baseline,5,1,perf-baseline-r005-20260818T023702Z,loan_to_approval,2,160,200,18.213700,
baseline,5,1,perf-baseline-r005-20260818T023702Z,loan_to_approval,2,161,200,16.216200,
baseline,5,1,perf-baseline-r005-20260818T023702Z,loan_to_approval,2,162,200,17.975300,
baseline,5,1,perf-baseline-r005-20260818T023702Z,loan_to_approval,2,163,200,16.960700,
baseline,5,1,perf-baseline-r005-20260818T023702Z,loan_to_approval,2,164,200,16.911000,
baseline,5,1,perf-baseline-r005-20260818T023702Z,loan_to_approval,2,165,200,16.783800,
baseline,5,1,perf-baseline-r005-20260818T023702Z,loan_to_approval,2,166,200,16.786000,
baseline,5,1,perf-baseline-r005-20260818T023702Z,loan_to_approval,2,167,200,16.036800,
baseline,5,1,perf-baseline-r005-20260818T023702Z,loan_to_approval,2,168,200,15.444700,
baseline,5,1,perf-baseline-r005-20260818T023702Z,loan_to_approval,2,169,200,16.306400,
baseline,5,1,perf-baseline-r005-20260818T023702Z,loan_to_approval,2,170,200,15.611400,
baseline,5,1,perf-baseline-r005-20260818T023702Z,loan_to_approval,2,171,200,16.029700,
baseline,5,1,perf-baseline-r005-20260818T023702Z,loan_to_approval,2,172,200,16.181700,
baseline,5,1,perf-baseline-r005-20260818T023702Z,loan_to_approval,2,173,200,15.946200,
baseline,5,1,perf-baseline-r005-20260818T023702Z,loan_to_approval,2,174,200,16.124300,
baseline,5,1,perf-baseline-r005-20260818T023702Z,loan_to_approval,2,175,200,16.055900,
baseline,5,1,perf-baseline-r005-20260818T023702Z,loan_to_approval,2,176,200,16.890000,
baseline,5,1,perf-baseline-r005-20260818T023702Z,loan_to_approval,2,177,200,15.932800,
baseline,5,1,perf-baseline-r005-20260818T023702Z,loan_to_approval,2,178,200,16.072400,
baseline,5,1,perf-baseline-r005-20260818T023702Z,loan_to_approval,2,179,200,16.213200,
baseline,5,1,perf-baseline-r005-20260818T023702Z,loan_to_approval,2,180,200,15.578700,
baseline,5,1,perf-baseline-r005-20260818T023702Z,loan_to_approval,2,181,200,16.730500,
baseline,5,1,perf-baseline-r005-20260818T023702Z,loan_to_approval,2,182,200,16.110600,
baseline,5,1,perf-baseline-r005-20260818T023702Z,loan_to_approval,2,183,200,16.035300,
baseline,5,1,perf-baseline-r005-20260818T023702Z,loan_to_approval,2,184,200,17.139600,
baseline,5,1,perf-baseline-r005-20260818T023702Z,loan_to_approval,2,185,200,15.921500,
baseline,5,1,perf-baseline-r005-20260818T023702Z,loan_to_approval,2,186,200,15.854600,
baseline,5,1,perf-baseline-r005-20260818T023702Z,loan_to_approval,2,187,200,16.522800,
baseline,5,1,perf-baseline-r005-20260818T023702Z,loan_to_approval,2,188,200,17.142600,
baseline,5,1,perf-baseline-r005-20260818T023702Z,loan_to_approval,2,189,200,15.165200,
baseline,5,1,perf-baseline-r005-20260818T023702Z,loan_to_approval,2,190,200,16.733300,
baseline,5,1,perf-baseline-r005-20260818T023702Z,loan_to_approval,2,191,200,16.507300,
baseline,5,1,perf-baseline-r005-20260818T023702Z,loan_to_approval,2,192,200,17.096200,
baseline,5,1,perf-baseline-r005-20260818T023702Z,loan_to_approval,2,193,200,17.294500,
baseline,5,1,perf-baseline-r005-20260818T023702Z,loan_to_approval,2,194,200,16.627400,
baseline,5,1,perf-baseline-r005-20260818T023702Z,loan_to_approval,2,195,200,16.149200,
baseline,5,1,perf-baseline-r005-20260818T023702Z,loan_to_approval,2,196,200,15.623700,
baseline,5,1,perf-baseline-r005-20260818T023702Z,loan_to_approval,2,197,200,16.545900,
baseline,5,1,perf-baseline-r005-20260818T023702Z,loan_to_approval,2,198,200,16.783200,
baseline,5,1,perf-baseline-r005-20260818T023702Z,loan_to_approval,2,199,200,15.586300,
baseline,5,1,perf-baseline-r005-20260818T023702Z,loan_to_approval,2,200,200,16.086400,
baseline,5,1,perf-baseline-r005-20260818T023702Z,loan_to_approval,3,1,200,16.168000,
baseline,5,1,perf-baseline-r005-20260818T023702Z,loan_to_approval,3,2,200,15.730100,
baseline,5,1,perf-baseline-r005-20260818T023702Z,loan_to_approval,3,3,200,16.271800,
baseline,5,1,perf-baseline-r005-20260818T023702Z,loan_to_approval,3,4,200,15.611900,
baseline,5,1,perf-baseline-r005-20260818T023702Z,loan_to_approval,3,5,200,16.117100,
baseline,5,1,perf-baseline-r005-20260818T023702Z,loan_to_approval,3,6,200,16.006300,
baseline,5,1,perf-baseline-r005-20260818T023702Z,loan_to_approval,3,7,200,16.179500,
baseline,5,1,perf-baseline-r005-20260818T023702Z,loan_to_approval,3,8,200,15.814400,
baseline,5,1,perf-baseline-r005-20260818T023702Z,loan_to_approval,3,9,200,15.937000,
baseline,5,1,perf-baseline-r005-20260818T023702Z,loan_to_approval,3,10,200,16.019200,
baseline,5,1,perf-baseline-r005-20260818T023702Z,loan_to_approval,3,11,200,15.683400,
baseline,5,1,perf-baseline-r005-20260818T023702Z,loan_to_approval,3,12,200,16.255300,
baseline,5,1,perf-baseline-r005-20260818T023702Z,loan_to_approval,3,13,200,16.844900,
baseline,5,1,perf-baseline-r005-20260818T023702Z,loan_to_approval,3,14,200,16.295000,
baseline,5,1,perf-baseline-r005-20260818T023702Z,loan_to_approval,3,15,200,17.605700,
baseline,5,1,perf-baseline-r005-20260818T023702Z,loan_to_approval,3,16,200,16.110100,
baseline,5,1,perf-baseline-r005-20260818T023702Z,loan_to_approval,3,17,200,16.784600,
baseline,5,1,perf-baseline-r005-20260818T023702Z,loan_to_approval,3,18,200,16.469700,
baseline,5,1,perf-baseline-r005-20260818T023702Z,loan_to_approval,3,19,200,16.113600,
baseline,5,1,perf-baseline-r005-20260818T023702Z,loan_to_approval,3,20,200,16.864500,
baseline,5,1,perf-baseline-r005-20260818T023702Z,loan_to_approval,3,21,200,15.973200,
baseline,5,1,perf-baseline-r005-20260818T023702Z,loan_to_approval,3,22,200,15.821200,
baseline,5,1,perf-baseline-r005-20260818T023702Z,loan_to_approval,3,23,200,16.671100,
baseline,5,1,perf-baseline-r005-20260818T023702Z,loan_to_approval,3,24,200,17.548200,
baseline,5,1,perf-baseline-r005-20260818T023702Z,loan_to_approval,3,25,200,16.657700,
baseline,5,1,perf-baseline-r005-20260818T023702Z,loan_to_approval,3,26,200,15.619600,
baseline,5,1,perf-baseline-r005-20260818T023702Z,loan_to_approval,3,27,200,16.305600,
baseline,5,1,perf-baseline-r005-20260818T023702Z,loan_to_approval,3,28,200,16.660000,
baseline,5,1,perf-baseline-r005-20260818T023702Z,loan_to_approval,3,29,200,17.023900,
baseline,5,1,perf-baseline-r005-20260818T023702Z,loan_to_approval,3,30,200,16.230100,
baseline,5,1,perf-baseline-r005-20260818T023702Z,loan_to_approval,3,31,200,16.164900,
baseline,5,1,perf-baseline-r005-20260818T023702Z,loan_to_approval,3,32,200,16.750600,
baseline,5,1,perf-baseline-r005-20260818T023702Z,loan_to_approval,3,33,200,15.560100,
baseline,5,1,perf-baseline-r005-20260818T023702Z,loan_to_approval,3,34,200,16.433200,
baseline,5,1,perf-baseline-r005-20260818T023702Z,loan_to_approval,3,35,200,15.909500,
baseline,5,1,perf-baseline-r005-20260818T023702Z,loan_to_approval,3,36,200,15.971400,
baseline,5,1,perf-baseline-r005-20260818T023702Z,loan_to_approval,3,37,200,15.295400,
baseline,5,1,perf-baseline-r005-20260818T023702Z,loan_to_approval,3,38,200,17.052700,
baseline,5,1,perf-baseline-r005-20260818T023702Z,loan_to_approval,3,39,200,18.355700,
baseline,5,1,perf-baseline-r005-20260818T023702Z,loan_to_approval,3,40,200,17.604000,
baseline,5,1,perf-baseline-r005-20260818T023702Z,loan_to_approval,3,41,200,16.905000,
baseline,5,1,perf-baseline-r005-20260818T023702Z,loan_to_approval,3,42,200,17.307300,
baseline,5,1,perf-baseline-r005-20260818T023702Z,loan_to_approval,3,43,200,17.022700,
baseline,5,1,perf-baseline-r005-20260818T023702Z,loan_to_approval,3,44,200,16.688100,
baseline,5,1,perf-baseline-r005-20260818T023702Z,loan_to_approval,3,45,200,15.692800,
baseline,5,1,perf-baseline-r005-20260818T023702Z,loan_to_approval,3,46,200,16.112000,
baseline,5,1,perf-baseline-r005-20260818T023702Z,loan_to_approval,3,47,200,16.532800,
baseline,5,1,perf-baseline-r005-20260818T023702Z,loan_to_approval,3,48,200,16.451900,
baseline,5,1,perf-baseline-r005-20260818T023702Z,loan_to_approval,3,49,200,16.780800,
baseline,5,1,perf-baseline-r005-20260818T023702Z,loan_to_approval,3,50,200,15.873500,
baseline,5,1,perf-baseline-r005-20260818T023702Z,loan_to_approval,3,51,200,16.206000,
baseline,5,1,perf-baseline-r005-20260818T023702Z,loan_to_approval,3,52,200,15.750800,
baseline,5,1,perf-baseline-r005-20260818T023702Z,loan_to_approval,3,53,200,16.276400,
baseline,5,1,perf-baseline-r005-20260818T023702Z,loan_to_approval,3,54,200,16.696200,
baseline,5,1,perf-baseline-r005-20260818T023702Z,loan_to_approval,3,55,200,17.019400,
baseline,5,1,perf-baseline-r005-20260818T023702Z,loan_to_approval,3,56,200,17.405600,
baseline,5,1,perf-baseline-r005-20260818T023702Z,loan_to_approval,3,57,200,16.827000,
baseline,5,1,perf-baseline-r005-20260818T023702Z,loan_to_approval,3,58,200,16.563900,
baseline,5,1,perf-baseline-r005-20260818T023702Z,loan_to_approval,3,59,200,16.038600,
baseline,5,1,perf-baseline-r005-20260818T023702Z,loan_to_approval,3,60,200,16.314900,
baseline,5,1,perf-baseline-r005-20260818T023702Z,loan_to_approval,3,61,200,15.660500,
baseline,5,1,perf-baseline-r005-20260818T023702Z,loan_to_approval,3,62,200,16.256300,
baseline,5,1,perf-baseline-r005-20260818T023702Z,loan_to_approval,3,63,200,15.878300,
baseline,5,1,perf-baseline-r005-20260818T023702Z,loan_to_approval,3,64,200,15.733600,
baseline,5,1,perf-baseline-r005-20260818T023702Z,loan_to_approval,3,65,200,15.905100,
baseline,5,1,perf-baseline-r005-20260818T023702Z,loan_to_approval,3,66,200,16.124300,
baseline,5,1,perf-baseline-r005-20260818T023702Z,loan_to_approval,3,67,200,16.249500,
baseline,5,1,perf-baseline-r005-20260818T023702Z,loan_to_approval,3,68,200,16.035700,
baseline,5,1,perf-baseline-r005-20260818T023702Z,loan_to_approval,3,69,200,15.471300,
baseline,5,1,perf-baseline-r005-20260818T023702Z,loan_to_approval,3,70,200,16.455900,
baseline,5,1,perf-baseline-r005-20260818T023702Z,loan_to_approval,3,71,200,17.049600,
baseline,5,1,perf-baseline-r005-20260818T023702Z,loan_to_approval,3,72,200,16.704400,
baseline,5,1,perf-baseline-r005-20260818T023702Z,loan_to_approval,3,73,200,15.969400,
baseline,5,1,perf-baseline-r005-20260818T023702Z,loan_to_approval,3,74,200,17.389900,
baseline,5,1,perf-baseline-r005-20260818T023702Z,loan_to_approval,3,75,200,16.842500,
baseline,5,1,perf-baseline-r005-20260818T023702Z,loan_to_approval,3,76,200,16.659100,
baseline,5,1,perf-baseline-r005-20260818T023702Z,loan_to_approval,3,77,200,16.354800,
baseline,5,1,perf-baseline-r005-20260818T023702Z,loan_to_approval,3,78,200,16.676100,
baseline,5,1,perf-baseline-r005-20260818T023702Z,loan_to_approval,3,79,200,15.979300,
baseline,5,1,perf-baseline-r005-20260818T023702Z,loan_to_approval,3,80,200,16.162400,
baseline,5,1,perf-baseline-r005-20260818T023702Z,loan_to_approval,3,81,200,15.841000,
baseline,5,1,perf-baseline-r005-20260818T023702Z,loan_to_approval,3,82,200,16.140600,
baseline,5,1,perf-baseline-r005-20260818T023702Z,loan_to_approval,3,83,200,16.004400,
baseline,5,1,perf-baseline-r005-20260818T023702Z,loan_to_approval,3,84,200,15.662200,
baseline,5,1,perf-baseline-r005-20260818T023702Z,loan_to_approval,3,85,200,16.191400,
baseline,5,1,perf-baseline-r005-20260818T023702Z,loan_to_approval,3,86,200,15.901000,
baseline,5,1,perf-baseline-r005-20260818T023702Z,loan_to_approval,3,87,200,15.948900,
baseline,5,1,perf-baseline-r005-20260818T023702Z,loan_to_approval,3,88,200,15.821500,
baseline,5,1,perf-baseline-r005-20260818T023702Z,loan_to_approval,3,89,200,16.005900,
baseline,5,1,perf-baseline-r005-20260818T023702Z,loan_to_approval,3,90,200,15.895200,
baseline,5,1,perf-baseline-r005-20260818T023702Z,loan_to_approval,3,91,200,16.160900,
baseline,5,1,perf-baseline-r005-20260818T023702Z,loan_to_approval,3,92,200,16.055500,
baseline,5,1,perf-baseline-r005-20260818T023702Z,loan_to_approval,3,93,200,15.539400,
baseline,5,1,perf-baseline-r005-20260818T023702Z,loan_to_approval,3,94,200,17.688500,
baseline,5,1,perf-baseline-r005-20260818T023702Z,loan_to_approval,3,95,200,16.590300,
baseline,5,1,perf-baseline-r005-20260818T023702Z,loan_to_approval,3,96,200,16.131300,
baseline,5,1,perf-baseline-r005-20260818T023702Z,loan_to_approval,3,97,200,15.737000,
baseline,5,1,perf-baseline-r005-20260818T023702Z,loan_to_approval,3,98,200,15.782600,
baseline,5,1,perf-baseline-r005-20260818T023702Z,loan_to_approval,3,99,200,16.102000,
baseline,5,1,perf-baseline-r005-20260818T023702Z,loan_to_approval,3,100,200,16.237100,
baseline,5,1,perf-baseline-r005-20260818T023702Z,loan_to_approval,3,101,200,15.855100,
baseline,5,1,perf-baseline-r005-20260818T023702Z,loan_to_approval,3,102,200,15.977000,
baseline,5,1,perf-baseline-r005-20260818T023702Z,loan_to_approval,3,103,200,16.087700,
baseline,5,1,perf-baseline-r005-20260818T023702Z,loan_to_approval,3,104,200,16.080700,
baseline,5,1,perf-baseline-r005-20260818T023702Z,loan_to_approval,3,105,200,15.701000,
baseline,5,1,perf-baseline-r005-20260818T023702Z,loan_to_approval,3,106,200,16.066300,
baseline,5,1,perf-baseline-r005-20260818T023702Z,loan_to_approval,3,107,200,15.857200,
baseline,5,1,perf-baseline-r005-20260818T023702Z,loan_to_approval,3,108,200,16.041000,
baseline,5,1,perf-baseline-r005-20260818T023702Z,loan_to_approval,3,109,200,18.391500,
baseline,5,1,perf-baseline-r005-20260818T023702Z,loan_to_approval,3,110,200,16.532100,
baseline,5,1,perf-baseline-r005-20260818T023702Z,loan_to_approval,3,111,200,16.345800,
baseline,5,1,perf-baseline-r005-20260818T023702Z,loan_to_approval,3,112,200,16.751100,
baseline,5,1,perf-baseline-r005-20260818T023702Z,loan_to_approval,3,113,200,17.085800,
baseline,5,1,perf-baseline-r005-20260818T023702Z,loan_to_approval,3,114,200,15.804300,
baseline,5,1,perf-baseline-r005-20260818T023702Z,loan_to_approval,3,115,200,16.351000,
baseline,5,1,perf-baseline-r005-20260818T023702Z,loan_to_approval,3,116,200,15.599000,
baseline,5,1,perf-baseline-r005-20260818T023702Z,loan_to_approval,3,117,200,16.323300,
baseline,5,1,perf-baseline-r005-20260818T023702Z,loan_to_approval,3,118,200,15.918800,
baseline,5,1,perf-baseline-r005-20260818T023702Z,loan_to_approval,3,119,200,16.195600,
baseline,5,1,perf-baseline-r005-20260818T023702Z,loan_to_approval,3,120,200,16.784900,
baseline,5,1,perf-baseline-r005-20260818T023702Z,loan_to_approval,3,121,200,17.049300,
baseline,5,1,perf-baseline-r005-20260818T023702Z,loan_to_approval,3,122,200,15.740800,
baseline,5,1,perf-baseline-r005-20260818T023702Z,loan_to_approval,3,123,200,16.096500,
baseline,5,1,perf-baseline-r005-20260818T023702Z,loan_to_approval,3,124,200,15.815900,
baseline,5,1,perf-baseline-r005-20260818T023702Z,loan_to_approval,3,125,200,16.036800,
baseline,5,1,perf-baseline-r005-20260818T023702Z,loan_to_approval,3,126,200,16.185100,
baseline,5,1,perf-baseline-r005-20260818T023702Z,loan_to_approval,3,127,200,16.796400,
baseline,5,1,perf-baseline-r005-20260818T023702Z,loan_to_approval,3,128,200,16.015400,
baseline,5,1,perf-baseline-r005-20260818T023702Z,loan_to_approval,3,129,200,15.639600,
baseline,5,1,perf-baseline-r005-20260818T023702Z,loan_to_approval,3,130,200,16.139800,
baseline,5,1,perf-baseline-r005-20260818T023702Z,loan_to_approval,3,131,200,16.214900,
baseline,5,1,perf-baseline-r005-20260818T023702Z,loan_to_approval,3,132,200,15.528400,
baseline,5,1,perf-baseline-r005-20260818T023702Z,loan_to_approval,3,133,200,16.222300,
baseline,5,1,perf-baseline-r005-20260818T023702Z,loan_to_approval,3,134,200,15.846400,
baseline,5,1,perf-baseline-r005-20260818T023702Z,loan_to_approval,3,135,200,15.999500,
baseline,5,1,perf-baseline-r005-20260818T023702Z,loan_to_approval,3,136,200,15.868100,
baseline,5,1,perf-baseline-r005-20260818T023702Z,loan_to_approval,3,137,200,16.201200,
baseline,5,1,perf-baseline-r005-20260818T023702Z,loan_to_approval,3,138,200,15.772700,
baseline,5,1,perf-baseline-r005-20260818T023702Z,loan_to_approval,3,139,200,15.986900,
baseline,5,1,perf-baseline-r005-20260818T023702Z,loan_to_approval,3,140,200,19.613000,
baseline,5,1,perf-baseline-r005-20260818T023702Z,loan_to_approval,3,141,200,18.753200,
baseline,5,1,perf-baseline-r005-20260818T023702Z,loan_to_approval,3,142,200,17.492300,
baseline,5,1,perf-baseline-r005-20260818T023702Z,loan_to_approval,3,143,200,16.295000,
baseline,5,1,perf-baseline-r005-20260818T023702Z,loan_to_approval,3,144,200,15.971500,
baseline,5,1,perf-baseline-r005-20260818T023702Z,loan_to_approval,3,145,200,17.379600,
baseline,5,1,perf-baseline-r005-20260818T023702Z,loan_to_approval,3,146,200,17.048500,
baseline,5,1,perf-baseline-r005-20260818T023702Z,loan_to_approval,3,147,200,15.544300,
baseline,5,1,perf-baseline-r005-20260818T023702Z,loan_to_approval,3,148,200,17.529000,
baseline,5,1,perf-baseline-r005-20260818T023702Z,loan_to_approval,3,149,200,17.755900,
baseline,5,1,perf-baseline-r005-20260818T023702Z,loan_to_approval,3,150,200,17.206300,
baseline,5,1,perf-baseline-r005-20260818T023702Z,loan_to_approval,3,151,200,17.283000,
baseline,5,1,perf-baseline-r005-20260818T023702Z,loan_to_approval,3,152,200,17.327700,
baseline,5,1,perf-baseline-r005-20260818T023702Z,loan_to_approval,3,153,200,16.250900,
baseline,5,1,perf-baseline-r005-20260818T023702Z,loan_to_approval,3,154,200,16.591400,
baseline,5,1,perf-baseline-r005-20260818T023702Z,loan_to_approval,3,155,200,15.787800,
baseline,5,1,perf-baseline-r005-20260818T023702Z,loan_to_approval,3,156,200,15.966800,
baseline,5,1,perf-baseline-r005-20260818T023702Z,loan_to_approval,3,157,200,16.352600,
baseline,5,1,perf-baseline-r005-20260818T023702Z,loan_to_approval,3,158,200,16.646200,
baseline,5,1,perf-baseline-r005-20260818T023702Z,loan_to_approval,3,159,200,16.208700,
baseline,5,1,perf-baseline-r005-20260818T023702Z,loan_to_approval,3,160,200,17.150900,
baseline,5,1,perf-baseline-r005-20260818T023702Z,loan_to_approval,3,161,200,16.421700,
baseline,5,1,perf-baseline-r005-20260818T023702Z,loan_to_approval,3,162,200,18.727400,
baseline,5,1,perf-baseline-r005-20260818T023702Z,loan_to_approval,3,163,200,16.550300,
baseline,5,1,perf-baseline-r005-20260818T023702Z,loan_to_approval,3,164,200,16.879200,
baseline,5,1,perf-baseline-r005-20260818T023702Z,loan_to_approval,3,165,200,16.078900,
baseline,5,1,perf-baseline-r005-20260818T023702Z,loan_to_approval,3,166,200,19.423600,
baseline,5,1,perf-baseline-r005-20260818T023702Z,loan_to_approval,3,167,200,16.905300,
baseline,5,1,perf-baseline-r005-20260818T023702Z,loan_to_approval,3,168,200,16.531500,
baseline,5,1,perf-baseline-r005-20260818T023702Z,loan_to_approval,3,169,200,16.311700,
baseline,5,1,perf-baseline-r005-20260818T023702Z,loan_to_approval,3,170,200,20.459900,
baseline,5,1,perf-baseline-r005-20260818T023702Z,loan_to_approval,3,171,200,17.248900,
baseline,5,1,perf-baseline-r005-20260818T023702Z,loan_to_approval,3,172,200,17.162600,
baseline,5,1,perf-baseline-r005-20260818T023702Z,loan_to_approval,3,173,200,16.773600,
baseline,5,1,perf-baseline-r005-20260818T023702Z,loan_to_approval,3,174,200,16.156500,
baseline,5,1,perf-baseline-r005-20260818T023702Z,loan_to_approval,3,175,200,16.908000,
baseline,5,1,perf-baseline-r005-20260818T023702Z,loan_to_approval,3,176,200,16.685400,
baseline,5,1,perf-baseline-r005-20260818T023702Z,loan_to_approval,3,177,200,15.955800,
baseline,5,1,perf-baseline-r005-20260818T023702Z,loan_to_approval,3,178,200,16.080400,
baseline,5,1,perf-baseline-r005-20260818T023702Z,loan_to_approval,3,179,200,16.643900,
baseline,5,1,perf-baseline-r005-20260818T023702Z,loan_to_approval,3,180,200,17.622300,
baseline,5,1,perf-baseline-r005-20260818T023702Z,loan_to_approval,3,181,200,17.110200,
baseline,5,1,perf-baseline-r005-20260818T023702Z,loan_to_approval,3,182,200,16.471200,
baseline,5,1,perf-baseline-r005-20260818T023702Z,loan_to_approval,3,183,200,15.991800,
baseline,5,1,perf-baseline-r005-20260818T023702Z,loan_to_approval,3,184,200,16.075900,
baseline,5,1,perf-baseline-r005-20260818T023702Z,loan_to_approval,3,185,200,15.895600,
baseline,5,1,perf-baseline-r005-20260818T023702Z,loan_to_approval,3,186,200,16.853500,
baseline,5,1,perf-baseline-r005-20260818T023702Z,loan_to_approval,3,187,200,18.207800,
baseline,5,1,perf-baseline-r005-20260818T023702Z,loan_to_approval,3,188,200,19.196400,
baseline,5,1,perf-baseline-r005-20260818T023702Z,loan_to_approval,3,189,200,17.695700,
baseline,5,1,perf-baseline-r005-20260818T023702Z,loan_to_approval,3,190,200,15.777200,
baseline,5,1,perf-baseline-r005-20260818T023702Z,loan_to_approval,3,191,200,18.053900,
baseline,5,1,perf-baseline-r005-20260818T023702Z,loan_to_approval,3,192,200,15.923800,
baseline,5,1,perf-baseline-r005-20260818T023702Z,loan_to_approval,3,193,200,16.062000,
baseline,5,1,perf-baseline-r005-20260818T023702Z,loan_to_approval,3,194,200,16.043400,
baseline,5,1,perf-baseline-r005-20260818T023702Z,loan_to_approval,3,195,200,15.665500,
baseline,5,1,perf-baseline-r005-20260818T023702Z,loan_to_approval,3,196,200,16.072100,
baseline,5,1,perf-baseline-r005-20260818T023702Z,loan_to_approval,3,197,200,16.049800,
baseline,5,1,perf-baseline-r005-20260818T023702Z,loan_to_approval,3,198,200,15.850200,
baseline,5,1,perf-baseline-r005-20260818T023702Z,loan_to_approval,3,199,200,16.420800,
baseline,5,1,perf-baseline-r005-20260818T023702Z,loan_to_approval,3,200,200,19.030600,
