mode,round_id,order_position,experiment_run_id,flow,batch_id,request_id,status_code,latency_ms,error
proposed,12,1,perf-proposed-r012-20260818T054650Z,loan_to_customer,1,1,200,15.199400,
proposed,12,1,perf-proposed-r012-20260818T054650Z,loan_to_customer,1,2,200,14.734400,
proposed,12,1,perf-proposed-r012-20260818T054650Z,loan_to_customer,1,3,200,14.669900,
proposed,12,1,perf-proposed-r012-20260818T054650Z,loan_to_customer,1,4,200,14.454400,
proposed,12,1,perf-proposed-r012-20260818T054650Z,loan_to_customer,1,5,200,15.076700,
proposed,12,1,perf-proposed-r012-20260818T054650Z,loan_to_customer,1,6,200,15.354800,
proposed,12,1,perf-proposed-r012-20260818T054650Z,loan_to_customer,1,7,200,15.236500,
proposed,12,1,perf-proposed-r012-20260818T054650Z,loan_to_customer,1,8,200,14.355300,
proposed,12,1,perf-proposed-r012-20260818T054650Z,loan_to_customer,1,9,200,15.080000,
proposed,12,1,perf-proposed-r012-20260818T054650Z,loan_to_customer,1,10,200,14.561100,
proposed,12,1,perf-proposed-r012-20260818T054650Z,loan_to_customer,1,11,200,15.013800,
proposed,12,1,perf-proposed-r012-20260818T054650Z,loan_to_customer,1,12,200,14.614100,
proposed,12,1,perf-proposed-r012-20260818T054650Z,loan_to_customer,1,13,200,14.896300,
proposed,12,1,perf-proposed-r012-20260818T054650Z,loan_to_customer,1,14,200,14.887300,
proposed,12,1,perf-proposed-r012-20260818T054650Z,loan_to_customer,1,15,200,14.592900,
proposed,12,1,perf-proposed-r012-20260818T054650Z,loan_to_customer,1,16,200,15.544600,
proposed,12,1,perf-proposed-r012-20260818T054650Z,loan_to_customer,1,17,200,14.629800,
proposed,12,1,perf-proposed-r012-20260818T054650Z,loan_to_customer,1,18,200,14.890100,
proposed,12,1,perf-proposed-r012-20260818T054650Z,loan_to_customer,1,19,200,15.167100,
proposed,12,1,perf-proposed-r012-20260818T054650Z,loan_to_customer,1,20,200,15.367300,
proposed,12,1,perf-proposed-r012-20260818T054650Z,loan_to_customer,1,21,200,15.188400,
proposed,12,1,perf-proposed-r012-20260818T054650Z,loan_to_customer,1,22,200,14.868500,
proposed,12,1,perf-proposed-r012-20260818T054650Z,loan_to_customer,1,23,200,14.692200,
proposed,12,1,perf-proposed-r012-20260818T054650Z,loan_to_customer,1,24,200,17.259600,
proposed,12,1,perf-proposed-r012-20260818T054650Z,loan_to_customer,1,25,200,15.887200,
proposed,12,1,perf-proposed-r012-20260818T054650Z,loan_to_customer,1,26,200,15.589700,
proposed,12,1,perf-proposed-r012-20260818T054650Z,loan_to_customer,1,27,200,15.008200,
proposed,12,1,perf-proposed-r012-20260818T054650Z,loan_to_customer,1,28,200,15.400600,
proposed,12,1,perf-proposed-r012-20260818T054650Z,loan_to_customer,1,29,200,15.129900,
proposed,12,1,perf-proposed-r012-20260818T054650Z,loan_to_customer,1,30,200,15.149600,
proposed,12,1,perf-proposed-r012-20260818T054650Z,loan_to_customer,1,31,200,15.644500,
proposed,12,1,perf-proposed-r012-20260818T054650Z,loan_to_customer,1,32,200,15.242200,
proposed,12,1,perf-proposed-r012-20260818T054650Z,loan_to_customer,1,33,200,14.639500,
proposed,12,1,perf-proposed-r012-20260818T054650Z,loan_to_customer,1,34,200,14.835600,
proposed,12,1,perf-proposed-r012-20260818T054650Z,loan_to_customer,1,35,200,14.574300,
proposed,12,1,perf-proposed-r012-20260818T054650Z,loan_to_customer,1,36,200,14.392400,
proposed,12,1,perf-proposed-r012-20260818T054650Z,loan_to_customer,1,37,200,14.964900,
proposed,12,1,perf-proposed-r012-20260818T054650Z,loan_to_customer,1,38,200,14.462800,
proposed,12,1,perf-proposed-r012-20260818T054650Z,loan_to_customer,1,39,200,14.564500,
proposed,12,1,perf-proposed-r012-20260818T054650Z,loan_to_customer,1,40,200,14.622900,
proposed,12,1,perf-proposed-r012-20260818T054650Z,loan_to_customer,1,41,200,14.775400,
proposed,12,1,perf-proposed-r012-20260818T054650Z,loan_to_customer,1,42,200,15.140900,
proposed,12,1,perf-proposed-r012-20260818T054650Z,loan_to_customer,1,43,200,14.863800,
proposed,12,1,perf-proposed-r012-20260818T054650Z,loan_to_customer,1,44,200,19.128400,
proposed,12,1,perf-proposed-r012-20260818T054650Z,loan_to_customer,1,45,200,18.816000,
proposed,12,1,perf-proposed-r012-20260818T054650Z,loan_to_customer,1,46,200,15.645900,
proposed,12,1,perf-proposed-r012-20260818T054650Z,loan_to_customer,1,47,200,15.779100,
proposed,12,1,perf-proposed-r012-20260818T054650Z,loan_to_customer,1,48,200,15.562000,
proposed,12,1,perf-proposed-r012-20260818T054650Z,loan_to_customer,1,49,200,17.012700,
proposed,12,1,perf-proposed-r012-20260818T054650Z,loan_to_customer,1,50,200,17.362500,
proposed,12,1,perf-proposed-r012-20260818T054650Z,loan_to_customer,1,51,200,15.131400,
proposed,12,1,perf-proposed-r012-20260818T054650Z,loan_to_customer,1,52,200,14.902200,
proposed,12,1,perf-proposed-r012-20260818T054650Z,loan_to_customer,1,53,200,15.658300,
proposed,12,1,perf-proposed-r012-20260818T054650Z,loan_to_customer,1,54,200,15.735000,
proposed,12,1,perf-proposed-r012-20260818T054650Z,loan_to_customer,1,55,200,15.197300,
proposed,12,1,perf-proposed-r012-20260818T054650Z,loan_to_customer,1,56,200,15.382800,
proposed,12,1,perf-proposed-r012-20260818T054650Z,loan_to_customer,1,57,200,15.234500,
proposed,12,1,perf-proposed-r012-20260818T054650Z,loan_to_customer,1,58,200,15.128400,
proposed,12,1,perf-proposed-r012-20260818T054650Z,loan_to_customer,1,59,200,15.262300,
proposed,12,1,perf-proposed-r012-20260818T054650Z,loan_to_customer,1,60,200,15.261000,
proposed,12,1,perf-proposed-r012-20260818T054650Z,loan_to_customer,1,61,200,14.491300,
proposed,12,1,perf-proposed-r012-20260818T054650Z,loan_to_customer,1,62,200,14.795700,
proposed,12,1,perf-proposed-r012-20260818T054650Z,loan_to_customer,1,63,200,14.558300,
proposed,12,1,perf-proposed-r012-20260818T054650Z,loan_to_customer,1,64,200,15.920400,
proposed,12,1,perf-proposed-r012-20260818T054650Z,loan_to_customer,1,65,200,14.527600,
proposed,12,1,perf-proposed-r012-20260818T054650Z,loan_to_customer,1,66,200,15.063300,
proposed,12,1,perf-proposed-r012-20260818T054650Z,loan_to_customer,1,67,200,14.446100,
proposed,12,1,perf-proposed-r012-20260818T054650Z,loan_to_customer,1,68,200,14.765300,
proposed,12,1,perf-proposed-r012-20260818T054650Z,loan_to_customer,1,69,200,14.814100,
proposed,12,1,perf-proposed-r012-20260818T054650Z,loan_to_customer,1,70,200,15.184500,
proposed,12,1,perf-proposed-r012-20260818T054650Z,loan_to_customer,1,71,200,15.406800,
proposed,12,1,perf-proposed-r012-20260818T054650Z,loan_to_customer,1,72,200,15.149100,
proposed,12,1,perf-proposed-r012-20260818T054650Z,loan_to_customer,1,73,200,14.795300,
proposed,12,1,perf-proposed-r012-20260818T054650Z,loan_to_customer,1,74,200,14.392300,
proposed,12,1,perf-proposed-r012-20260818T054650Z,loan_to_customer,1,75,200,14.836200,
proposed,12,1,perf-proposed-r012-20260818T054650Z,loan_to_customer,1,76,200,15.194900,
proposed,12,1,perf-proposed-r012-20260818T054650Z,loan_to_customer,1,77,200,14.866500,
proposed,12,1,perf-proposed-r012-20260818T054650Z,loan_to_customer,1,78,200,15.759200,
proposed,12,1,perf-proposed-r012-20260818T054650Z,loan_to_customer,1,79,200,15.057900,
proposed,12,1,perf-proposed-r012-20260818T054650Z,loan_to_customer,1,80,200,15.660200,
proposed,12,1,perf-proposed-r012-20260818T054650Z,loan_to_customer,1,81,200,15.886800,
proposed,12,1,perf-proposed-r012-20260818T054650Z,loan_to_customer,1,82,200,15.904400,
proposed,12,1,perf-proposed-r012-20260818T054650Z,loan_to_customer,1,83,200,16.577900,
proposed,12,1,perf-proposed-r012-20260818T054650Z,loan_to_customer,1,84,200,15.204500,
proposed,12,1,perf-proposed-r012-20260818T054650Z,loan_to_customer,1,85,200,15.279300,
proposed,12,1,perf-proposed-r012-20260818T054650Z,loan_to_customer,1,86,200,15.506500,
proposed,12,1,perf-proposed-r012-20260818T054650Z,loan_to_customer,1,87,200,15.788900,
proposed,12,1,perf-proposed-r012-20260818T054650Z,loan_to_customer,1,88,200,16.209300,
proposed,12,1,perf-proposed-r012-20260818T054650Z,loan_to_customer,1,89,200,16.299700,
proposed,12,1,perf-proposed-r012-20260818T054650Z,loan_to_customer,1,90,200,14.938700,
proposed,12,1,perf-proposed-r012-20260818T054650Z,loan_to_customer,1,91,200,15.296400,
proposed,12,1,perf-proposed-r012-20260818T054650Z,loan_to_customer,1,92,200,14.844700,
proposed,12,1,perf-proposed-r012-20260818T054650Z,loan_to_customer,1,93,200,14.805600,
proposed,12,1,perf-proposed-r012-20260818T054650Z,loan_to_customer,1,94,200,15.610400,
proposed,12,1,perf-proposed-r012-20260818T054650Z,loan_to_customer,1,95,200,25.482400,
proposed,12,1,perf-proposed-r012-20260818T054650Z,loan_to_customer,1,96,200,15.236800,
proposed,12,1,perf-proposed-r012-20260818T054650Z,loan_to_customer,1,97,200,14.453700,
proposed,12,1,perf-proposed-r012-20260818T054650Z,loan_to_customer,1,98,200,14.985500,
proposed,12,1,perf-proposed-r012-20260818T054650Z,loan_to_customer,1,99,200,15.965200,
proposed,12,1,perf-proposed-r012-20260818T054650Z,loan_to_customer,1,100,200,17.996000,
proposed,12,1,perf-proposed-r012-20260818T054650Z,loan_to_customer,1,101,200,18.225100,
proposed,12,1,perf-proposed-r012-20260818T054650Z,loan_to_customer,1,102,200,14.907800,
proposed,12,1,perf-proposed-r012-20260818T054650Z,loan_to_customer,1,103,200,14.489700,
proposed,12,1,perf-proposed-r012-20260818T054650Z,loan_to_customer,1,104,200,14.635100,
proposed,12,1,perf-proposed-r012-20260818T054650Z,loan_to_customer,1,105,200,14.897500,
proposed,12,1,perf-proposed-r012-20260818T054650Z,loan_to_customer,1,106,200,16.399200,
proposed,12,1,perf-proposed-r012-20260818T054650Z,loan_to_customer,1,107,200,15.507700,
proposed,12,1,perf-proposed-r012-20260818T054650Z,loan_to_customer,1,108,200,14.852100,
proposed,12,1,perf-proposed-r012-20260818T054650Z,loan_to_customer,1,109,200,14.409000,
proposed,12,1,perf-proposed-r012-20260818T054650Z,loan_to_customer,1,110,200,14.294600,
proposed,12,1,perf-proposed-r012-20260818T054650Z,loan_to_customer,1,111,200,14.574500,
proposed,12,1,perf-proposed-r012-20260818T054650Z,loan_to_customer,1,112,200,14.539600,
proposed,12,1,perf-proposed-r012-20260818T054650Z,loan_to_customer,1,113,200,14.739500,
proposed,12,1,perf-proposed-r012-20260818T054650Z,loan_to_customer,1,114,200,15.385000,
proposed,12,1,perf-proposed-r012-20260818T054650Z,loan_to_customer,1,115,200,15.331700,
proposed,12,1,perf-proposed-r012-20260818T054650Z,loan_to_customer,1,116,200,15.156600,
proposed,12,1,perf-proposed-r012-20260818T054650Z,loan_to_customer,1,117,200,14.942600,
proposed,12,1,perf-proposed-r012-20260818T054650Z,loan_to_customer,1,118,200,15.086300,
proposed,12,1,perf-proposed-r012-20260818T054650Z,loan_to_customer,1,119,200,15.044700,
proposed,12,1,perf-proposed-r012-20260818T054650Z,loan_to_customer,1,120,200,15.013000,
proposed,12,1,perf-proposed-r012-20260818T054650Z,loan_to_customer,1,121,200,16.202300,
proposed,12,1,perf-proposed-r012-20260818T054650Z,loan_to_customer,1,122,200,16.049500,
proposed,12,1,perf-proposed-r012-20260818T054650Z,loan_to_customer,1,123,200,15.982400,
proposed,12,1,perf-proposed-r012-20260818T054650Z,loan_to_customer,1,124,200,14.941200,
proposed,12,1,perf-proposed-r012-20260818T054650Z,loan_to_customer,1,125,200,14.476500,
proposed,12,1,perf-proposed-r012-20260818T054650Z,loan_to_customer,1,126,200,14.244200,
proposed,12,1,perf-proposed-r012-20260818T054650Z,loan_to_customer,1,127,200,15.251500,
proposed,12,1,perf-proposed-r012-20260818T054650Z,loan_to_customer,1,128,200,15.259800,
proposed,12,1,perf-proposed-r012-20260818T054650Z,loan_to_customer,1,129,200,14.944200,
proposed,12,1,perf-proposed-r012-20260818T054650Z,loan_to_customer,1,130,200,15.070200,
proposed,12,1,perf-proposed-r012-20260818T054650Z,loan_to_customer,1,131,200,14.587400,
proposed,12,1,perf-proposed-r012-20260818T054650Z,loan_to_customer,1,132,200,15.037700,
proposed,12,1,perf-proposed-r012-20260818T054650Z,loan_to_customer,1,133,200,15.358200,
proposed,12,1,perf-proposed-r012-20260818T054650Z,loan_to_customer,1,134,200,14.612700,
proposed,12,1,perf-proposed-r012-20260818T054650Z,loan_to_customer,1,135,200,14.911800,
proposed,12,1,perf-proposed-r012-20260818T054650Z,loan_to_customer,1,136,200,15.086900,
proposed,12,1,perf-proposed-r012-20260818T054650Z,loan_to_customer,1,137,200,14.608100,
proposed,12,1,perf-proposed-r012-20260818T054650Z,loan_to_customer,1,138,200,14.701300,
proposed,12,1,perf-proposed-r012-20260818T054650Z,loan_to_customer,1,139,200,13.945200,
proposed,12,1,perf-proposed-r012-20260818T054650Z,loan_to_customer,1,140,200,14.381700,
proposed,12,1,perf-proposed-r012-20260818T054650Z,loan_to_customer,1,141,200,14.678100,
proposed,12,1,perf-proposed-r012-20260818T054650Z,loan_to_customer,1,142,200,14.643900,
proposed,12,1,perf-proposed-r012-20260818T054650Z,loan_to_customer,1,143,200,14.662000,
proposed,12,1,perf-proposed-r012-20260818T054650Z,loan_to_customer,1,144,200,14.383100,
proposed,12,1,perf-proposed-r012-20260818T054650Z,loan_to_customer,1,145,200,15.216200,
proposed,12,1,perf-proposed-r012-20260818T054650Z,loan_to_customer,1,146,200,14.127100,
proposed,12,1,perf-proposed-r012-20260818T054650Z,loan_to_customer,1,147,200,14.225100,
proposed,12,1,perf-proposed-r012-20260818T054650Z,loan_to_customer,1,148,200,15.257900,
proposed,12,1,perf-proposed-r012-20260818T054650Z,loan_to_customer,1,149,200,14.971300,
proposed,12,1,perf-proposed-r012-20260818T054650Z,loan_to_customer,1,150,200,14.779700,
proposed,12,1,perf-proposed-r012-20260818T054650Z,loan_to_customer,1,151,200,14.871900,
proposed,12,1,perf-proposed-r012-20260818T054650Z,loan_to_customer,1,152,200,15.286300,
proposed,12,1,perf-proposed-r012-20260818T054650Z,loan_to_customer,1,153,200,14.976400,
proposed,12,1,perf-proposed-r012-20260818T054650Z,loan_to_customer,1,154,200,15.035200,
proposed,12,1,perf-proposed-r012-20260818T054650Z,loan_to_customer,1,155,200,16.083800,
proposed,12,1,perf-proposed-r012-20260818T054650Z,loan_to_customer,1,156,200,15.708600,
proposed,12,1,perf-proposed-r012-20260818T054650Z,loan_to_customer,1,157,200,16.390000,
proposed,12,1,perf-proposed-r012-20260818T054650Z,loan_to_customer,1,158,200,16.770100,
proposed,12,1,perf-proposed-r012-20260818T054650Z,loan_to_customer,1,159,200,24.398100,
proposed,12,1,perf-proposed-r012-20260818T054650Z,loan_to_customer,1,160,200,16.728000,
proposed,12,1,perf-proposed-r012-20260818T054650Z,loan_to_customer,1,161,200,14.838900,
proposed,12,1,perf-proposed-r012-20260818T054650Z,loan_to_customer,1,162,200,15.771800,
proposed,12,1,perf-proposed-r012-20260818T054650Z,loan_to_customer,1,163,200,14.711500,
proposed,12,1,perf-proposed-r012-20260818T054650Z,loan_to_customer,1,164,200,14.434800,
proposed,12,1,perf-proposed-r012-20260818T054650Z,loan_to_customer,1,165,200,15.963900,
proposed,12,1,perf-proposed-r012-20260818T054650Z,loan_to_customer,1,166,200,16.344100,
proposed,12,1,perf-proposed-r012-20260818T054650Z,loan_to_customer,1,167,200,15.435100,
proposed,12,1,perf-proposed-r012-20260818T054650Z,loan_to_customer,1,168,200,15.277600,
proposed,12,1,perf-proposed-r012-20260818T054650Z,loan_to_customer,1,169,200,15.352000,
proposed,12,1,perf-proposed-r012-20260818T054650Z,loan_to_customer,1,170,200,14.626400,
proposed,12,1,perf-proposed-r012-20260818T054650Z,loan_to_customer,1,171,200,15.327600,
proposed,12,1,perf-proposed-r012-20260818T054650Z,loan_to_customer,1,172,200,15.699800,
proposed,12,1,perf-proposed-r012-20260818T054650Z,loan_to_customer,1,173,200,15.363200,
proposed,12,1,perf-proposed-r012-20260818T054650Z,loan_to_customer,1,174,200,15.198500,
proposed,12,1,perf-proposed-r012-20260818T054650Z,loan_to_customer,1,175,200,15.200100,
proposed,12,1,perf-proposed-r012-20260818T054650Z,loan_to_customer,1,176,200,14.724700,
proposed,12,1,perf-proposed-r012-20260818T054650Z,loan_to_customer,1,177,200,15.530700,
proposed,12,1,perf-proposed-r012-20260818T054650Z,loan_to_customer,1,178,200,14.496500,
proposed,12,1,perf-proposed-r012-20260818T054650Z,loan_to_customer,1,179,200,15.344400,
proposed,12,1,perf-proposed-r012-20260818T054650Z,loan_to_customer,1,180,200,15.237700,
proposed,12,1,perf-proposed-r012-20260818T054650Z,loan_to_customer,1,181,200,15.038700,
proposed,12,1,perf-proposed-r012-20260818T054650Z,loan_to_customer,1,182,200,14.678300,
proposed,12,1,perf-proposed-r012-20260818T054650Z,loan_to_customer,1,183,200,14.847700,
proposed,12,1,perf-proposed-r012-20260818T054650Z,loan_to_customer,1,184,200,15.080800,
proposed,12,1,perf-proposed-r012-20260818T054650Z,loan_to_customer,1,185,200,15.684800,
proposed,12,1,perf-proposed-r012-20260818T054650Z,loan_to_customer,1,186,200,15.154800,
proposed,12,1,perf-proposed-r012-20260818T054650Z,loan_to_customer,1,187,200,15.375000,
proposed,12,1,perf-proposed-r012-20260818T054650Z,loan_to_customer,1,188,200,15.536500,
proposed,12,1,perf-proposed-r012-20260818T054650Z,loan_to_customer,1,189,200,15.776700,
proposed,12,1,perf-proposed-r012-20260818T054650Z,loan_to_customer,1,190,200,15.523500,
proposed,12,1,perf-proposed-r012-20260818T054650Z,loan_to_customer,1,191,200,14.525000,
proposed,12,1,perf-proposed-r012-20260818T054650Z,loan_to_customer,1,192,200,15.570000,
proposed,12,1,perf-proposed-r012-20260818T054650Z,loan_to_customer,1,193,200,15.100100,
proposed,12,1,perf-proposed-r012-20260818T054650Z,loan_to_customer,1,194,200,14.717300,
proposed,12,1,perf-proposed-r012-20260818T054650Z,loan_to_customer,1,195,200,14.294000,
proposed,12,1,perf-proposed-r012-20260818T054650Z,loan_to_customer,1,196,200,14.887900,
proposed,12,1,perf-proposed-r012-20260818T054650Z,loan_to_customer,1,197,200,15.480500,
proposed,12,1,perf-proposed-r012-20260818T054650Z,loan_to_customer,1,198,200,14.791600,
proposed,12,1,perf-proposed-r012-20260818T054650Z,loan_to_customer,1,199,200,14.626100,
proposed,12,1,perf-proposed-r012-20260818T054650Z,loan_to_customer,1,200,200,15.279000,
proposed,12,1,perf-proposed-r012-20260818T054650Z,loan_to_customer,2,1,200,16.902900,
proposed,12,1,perf-proposed-r012-20260818T054650Z,loan_to_customer,2,2,200,16.896600,
proposed,12,1,perf-proposed-r012-20260818T054650Z,loan_to_customer,2,3,200,17.746500,
proposed,12,1,perf-proposed-r012-20260818T054650Z,loan_to_customer,2,4,200,18.405000,
proposed,12,1,perf-proposed-r012-20260818T054650Z,loan_to_customer,2,5,200,18.135300,
proposed,12,1,perf-proposed-r012-20260818T054650Z,loan_to_customer,2,6,200,17.509100,
proposed,12,1,perf-proposed-r012-20260818T054650Z,loan_to_customer,2,7,200,23.612400,
proposed,12,1,perf-proposed-r012-20260818T054650Z,loan_to_customer,2,8,200,18.846700,
proposed,12,1,perf-proposed-r012-20260818T054650Z,loan_to_customer,2,9,200,19.770200,
proposed,12,1,perf-proposed-r012-20260818T054650Z,loan_to_customer,2,10,200,15.567600,
proposed,12,1,perf-proposed-r012-20260818T054650Z,loan_to_customer,2,11,200,14.627800,
proposed,12,1,perf-proposed-r012-20260818T054650Z,loan_to_customer,2,12,200,14.867100,
proposed,12,1,perf-proposed-r012-20260818T054650Z,loan_to_customer,2,13,200,18.010100,
proposed,12,1,perf-proposed-r012-20260818T054650Z,loan_to_customer,2,14,200,16.448400,
proposed,12,1,perf-proposed-r012-20260818T054650Z,loan_to_customer,2,15,200,19.139700,
proposed,12,1,perf-proposed-r012-20260818T054650Z,loan_to_customer,2,16,200,21.050100,
proposed,12,1,perf-proposed-r012-20260818T054650Z,loan_to_customer,2,17,200,19.112700,
proposed,12,1,perf-proposed-r012-20260818T054650Z,loan_to_customer,2,18,200,16.188800,
proposed,12,1,perf-proposed-r012-20260818T054650Z,loan_to_customer,2,19,200,14.717900,
proposed,12,1,perf-proposed-r012-20260818T054650Z,loan_to_customer,2,20,200,15.647400,
proposed,12,1,perf-proposed-r012-20260818T054650Z,loan_to_customer,2,21,200,15.757800,
proposed,12,1,perf-proposed-r012-20260818T054650Z,loan_to_customer,2,22,200,14.881500,
proposed,12,1,perf-proposed-r012-20260818T054650Z,loan_to_customer,2,23,200,15.544800,
proposed,12,1,perf-proposed-r012-20260818T054650Z,loan_to_customer,2,24,200,16.365900,
proposed,12,1,perf-proposed-r012-20260818T054650Z,loan_to_customer,2,25,200,15.452200,
proposed,12,1,perf-proposed-r012-20260818T054650Z,loan_to_customer,2,26,200,15.121900,
proposed,12,1,perf-proposed-r012-20260818T054650Z,loan_to_customer,2,27,200,15.132800,
proposed,12,1,perf-proposed-r012-20260818T054650Z,loan_to_customer,2,28,200,15.216100,
proposed,12,1,perf-proposed-r012-20260818T054650Z,loan_to_customer,2,29,200,15.169800,
proposed,12,1,perf-proposed-r012-20260818T054650Z,loan_to_customer,2,30,200,14.189100,
proposed,12,1,perf-proposed-r012-20260818T054650Z,loan_to_customer,2,31,200,15.321000,
proposed,12,1,perf-proposed-r012-20260818T054650Z,loan_to_customer,2,32,200,14.933500,
proposed,12,1,perf-proposed-r012-20260818T054650Z,loan_to_customer,2,33,200,15.326800,
proposed,12,1,perf-proposed-r012-20260818T054650Z,loan_to_customer,2,34,200,14.669800,
proposed,12,1,perf-proposed-r012-20260818T054650Z,loan_to_customer,2,35,200,14.739800,
proposed,12,1,perf-proposed-r012-20260818T054650Z,loan_to_customer,2,36,200,15.145200,
proposed,12,1,perf-proposed-r012-20260818T054650Z,loan_to_customer,2,37,200,15.459500,
proposed,12,1,perf-proposed-r012-20260818T054650Z,loan_to_customer,2,38,200,14.863400,
proposed,12,1,perf-proposed-r012-20260818T054650Z,loan_to_customer,2,39,200,14.228100,
proposed,12,1,perf-proposed-r012-20260818T054650Z,loan_to_customer,2,40,200,15.399600,
proposed,12,1,perf-proposed-r012-20260818T054650Z,loan_to_customer,2,41,200,15.481600,
proposed,12,1,perf-proposed-r012-20260818T054650Z,loan_to_customer,2,42,200,14.906400,
proposed,12,1,perf-proposed-r012-20260818T054650Z,loan_to_customer,2,43,200,14.557900,
proposed,12,1,perf-proposed-r012-20260818T054650Z,loan_to_customer,2,44,200,15.108900,
proposed,12,1,perf-proposed-r012-20260818T054650Z,loan_to_customer,2,45,200,15.160500,
proposed,12,1,perf-proposed-r012-20260818T054650Z,loan_to_customer,2,46,200,16.407500,
proposed,12,1,perf-proposed-r012-20260818T054650Z,loan_to_customer,2,47,200,16.138600,
proposed,12,1,perf-proposed-r012-20260818T054650Z,loan_to_customer,2,48,200,15.709200,
proposed,12,1,perf-proposed-r012-20260818T054650Z,loan_to_customer,2,49,200,15.799000,
proposed,12,1,perf-proposed-r012-20260818T054650Z,loan_to_customer,2,50,200,17.286100,
proposed,12,1,perf-proposed-r012-20260818T054650Z,loan_to_customer,2,51,200,15.386300,
proposed,12,1,perf-proposed-r012-20260818T054650Z,loan_to_customer,2,52,200,19.812000,
proposed,12,1,perf-proposed-r012-20260818T054650Z,loan_to_customer,2,53,200,17.743400,
proposed,12,1,perf-proposed-r012-20260818T054650Z,loan_to_customer,2,54,200,19.716600,
proposed,12,1,perf-proposed-r012-20260818T054650Z,loan_to_customer,2,55,200,19.043700,
proposed,12,1,perf-proposed-r012-20260818T054650Z,loan_to_customer,2,56,200,19.336900,
proposed,12,1,perf-proposed-r012-20260818T054650Z,loan_to_customer,2,57,200,18.351500,
proposed,12,1,perf-proposed-r012-20260818T054650Z,loan_to_customer,2,58,200,15.938800,
proposed,12,1,perf-proposed-r012-20260818T054650Z,loan_to_customer,2,59,200,14.673700,
proposed,12,1,perf-proposed-r012-20260818T054650Z,loan_to_customer,2,60,200,14.939700,
proposed,12,1,perf-proposed-r012-20260818T054650Z,loan_to_customer,2,61,200,15.486800,
proposed,12,1,perf-proposed-r012-20260818T054650Z,loan_to_customer,2,62,200,15.986800,
proposed,12,1,perf-proposed-r012-20260818T054650Z,loan_to_customer,2,63,200,14.792600,
proposed,12,1,perf-proposed-r012-20260818T054650Z,loan_to_customer,2,64,200,16.139800,
proposed,12,1,perf-proposed-r012-20260818T054650Z,loan_to_customer,2,65,200,15.671000,
proposed,12,1,perf-proposed-r012-20260818T054650Z,loan_to_customer,2,66,200,15.959300,
proposed,12,1,perf-proposed-r012-20260818T054650Z,loan_to_customer,2,67,200,15.634100,
proposed,12,1,perf-proposed-r012-20260818T054650Z,loan_to_customer,2,68,200,16.007500,
proposed,12,1,perf-proposed-r012-20260818T054650Z,loan_to_customer,2,69,200,16.917800,
proposed,12,1,perf-proposed-r012-20260818T054650Z,loan_to_customer,2,70,200,16.932300,
proposed,12,1,perf-proposed-r012-20260818T054650Z,loan_to_customer,2,71,200,17.103600,
proposed,12,1,perf-proposed-r012-20260818T054650Z,loan_to_customer,2,72,200,15.875300,
proposed,12,1,perf-proposed-r012-20260818T054650Z,loan_to_customer,2,73,200,16.417100,
proposed,12,1,perf-proposed-r012-20260818T054650Z,loan_to_customer,2,74,200,15.736100,
proposed,12,1,perf-proposed-r012-20260818T054650Z,loan_to_customer,2,75,200,15.706400,
proposed,12,1,perf-proposed-r012-20260818T054650Z,loan_to_customer,2,76,200,15.585300,
proposed,12,1,perf-proposed-r012-20260818T054650Z,loan_to_customer,2,77,200,15.551600,
proposed,12,1,perf-proposed-r012-20260818T054650Z,loan_to_customer,2,78,200,16.411300,
proposed,12,1,perf-proposed-r012-20260818T054650Z,loan_to_customer,2,79,200,15.986900,
proposed,12,1,perf-proposed-r012-20260818T054650Z,loan_to_customer,2,80,200,15.694200,
proposed,12,1,perf-proposed-r012-20260818T054650Z,loan_to_customer,2,81,200,15.204800,
proposed,12,1,perf-proposed-r012-20260818T054650Z,loan_to_customer,2,82,200,15.647100,
proposed,12,1,perf-proposed-r012-20260818T054650Z,loan_to_customer,2,83,200,16.646900,
proposed,12,1,perf-proposed-r012-20260818T054650Z,loan_to_customer,2,84,200,16.732000,
proposed,12,1,perf-proposed-r012-20260818T054650Z,loan_to_customer,2,85,200,15.714700,
proposed,12,1,perf-proposed-r012-20260818T054650Z,loan_to_customer,2,86,200,15.030400,
proposed,12,1,perf-proposed-r012-20260818T054650Z,loan_to_customer,2,87,200,15.096000,
proposed,12,1,perf-proposed-r012-20260818T054650Z,loan_to_customer,2,88,200,15.275700,
proposed,12,1,perf-proposed-r012-20260818T054650Z,loan_to_customer,2,89,200,15.154600,
proposed,12,1,perf-proposed-r012-20260818T054650Z,loan_to_customer,2,90,200,14.764800,
proposed,12,1,perf-proposed-r012-20260818T054650Z,loan_to_customer,2,91,200,14.480400,
proposed,12,1,perf-proposed-r012-20260818T054650Z,loan_to_customer,2,92,200,14.812700,
proposed,12,1,perf-proposed-r012-20260818T054650Z,loan_to_customer,2,93,200,15.062300,
proposed,12,1,perf-proposed-r012-20260818T054650Z,loan_to_customer,2,94,200,15.090900,
proposed,12,1,perf-proposed-r012-20260818T054650Z,loan_to_customer,2,95,200,15.068200,
proposed,12,1,perf-proposed-r012-20260818T054650Z,loan_to_customer,2,96,200,15.773900,
proposed,12,1,perf-proposed-r012-20260818T054650Z,loan_to_customer,2,97,200,15.938500,
proposed,12,1,perf-proposed-r012-20260818T054650Z,loan_to_customer,2,98,200,15.410300,
proposed,12,1,perf-proposed-r012-20260818T054650Z,loan_to_customer,2,99,200,14.880300,
proposed,12,1,perf-proposed-r012-20260818T054650Z,loan_to_customer,2,100,200,14.999000,
proposed,12,1,perf-proposed-r012-20260818T054650Z,loan_to_customer,2,101,200,15.202000,
proposed,12,1,perf-proposed-r012-20260818T054650Z,loan_to_customer,2,102,200,14.940700,
proposed,12,1,perf-proposed-r012-20260818T054650Z,loan_to_customer,2,103,200,14.633300,
proposed,12,1,perf-proposed-r012-20260818T054650Z,loan_to_customer,2,104,200,14.700900,
proposed,12,1,perf-proposed-r012-20260818T054650Z,loan_to_customer,2,105,200,14.958700,
proposed,12,1,perf-proposed-r012-20260818T054650Z,loan_to_customer,2,106,200,14.991200,
proposed,12,1,perf-proposed-r012-20260818T054650Z,loan_to_customer,2,107,200,14.900300,
proposed,12,1,perf-proposed-r012-20260818T054650Z,loan_to_customer,2,108,200,16.166600,
proposed,12,1,perf-proposed-r012-20260818T054650Z,loan_to_customer,2,109,200,15.960300,
proposed,12,1,perf-proposed-r012-20260818T054650Z,loan_to_customer,2,110,200,15.816000,
proposed,12,1,perf-proposed-r012-20260818T054650Z,loan_to_customer,2,111,200,15.770500,
proposed,12,1,perf-proposed-r012-20260818T054650Z,loan_to_customer,2,112,200,15.454400,
proposed,12,1,perf-proposed-r012-20260818T054650Z,loan_to_customer,2,113,200,16.360700,
proposed,12,1,perf-proposed-r012-20260818T054650Z,loan_to_customer,2,114,200,15.766900,
proposed,12,1,perf-proposed-r012-20260818T054650Z,loan_to_customer,2,115,200,15.809800,
proposed,12,1,perf-proposed-r012-20260818T054650Z,loan_to_customer,2,116,200,15.196000,
proposed,12,1,perf-proposed-r012-20260818T054650Z,loan_to_customer,2,117,200,15.460400,
proposed,12,1,perf-proposed-r012-20260818T054650Z,loan_to_customer,2,118,200,15.902800,
proposed,12,1,perf-proposed-r012-20260818T054650Z,loan_to_customer,2,119,200,16.108100,
proposed,12,1,perf-proposed-r012-20260818T054650Z,loan_to_customer,2,120,200,16.865400,
proposed,12,1,perf-proposed-r012-20260818T054650Z,loan_to_customer,2,121,200,16.722900,
proposed,12,1,perf-proposed-r012-20260818T054650Z,loan_to_customer,2,122,200,16.408400,
proposed,12,1,perf-proposed-r012-20260818T054650Z,loan_to_customer,2,123,200,15.955300,
proposed,12,1,perf-proposed-r012-20260818T054650Z,loan_to_customer,2,124,200,15.840100,
proposed,12,1,perf-proposed-r012-20260818T054650Z,loan_to_customer,2,125,200,15.746900,
proposed,12,1,perf-proposed-r012-20260818T054650Z,loan_to_customer,2,126,200,15.690700,
proposed,12,1,perf-proposed-r012-20260818T054650Z,loan_to_customer,2,127,200,15.037000,
proposed,12,1,perf-proposed-r012-20260818T054650Z,loan_to_customer,2,128,200,14.290300,
proposed,12,1,perf-proposed-r012-20260818T054650Z,loan_to_customer,2,129,200,14.897200,
proposed,12,1,perf-proposed-r012-20260818T054650Z,loan_to_customer,2,130,200,15.823500,
proposed,12,1,perf-proposed-r012-20260818T054650Z,loan_to_customer,2,131,200,15.762900,
proposed,12,1,perf-proposed-r012-20260818T054650Z,loan_to_customer,2,132,200,15.712200,
proposed,12,1,perf-proposed-r012-20260818T054650Z,loan_to_customer,2,133,200,15.880100,
proposed,12,1,perf-proposed-r012-20260818T054650Z,loan_to_customer,2,134,200,15.946200,
proposed,12,1,perf-proposed-r012-20260818T054650Z,loan_to_customer,2,135,200,15.898400,
proposed,12,1,perf-proposed-r012-20260818T054650Z,loan_to_customer,2,136,200,17.121000,
proposed,12,1,perf-proposed-r012-20260818T054650Z,loan_to_customer,2,137,200,19.105600,
proposed,12,1,perf-proposed-r012-20260818T054650Z,loan_to_customer,2,138,200,16.241200,
proposed,12,1,perf-proposed-r012-20260818T054650Z,loan_to_customer,2,139,200,16.701300,
proposed,12,1,perf-proposed-r012-20260818T054650Z,loan_to_customer,2,140,200,16.065600,
proposed,12,1,perf-proposed-r012-20260818T054650Z,loan_to_customer,2,141,200,15.455300,
proposed,12,1,perf-proposed-r012-20260818T054650Z,loan_to_customer,2,142,200,15.734400,
proposed,12,1,perf-proposed-r012-20260818T054650Z,loan_to_customer,2,143,200,15.860500,
proposed,12,1,perf-proposed-r012-20260818T054650Z,loan_to_customer,2,144,200,15.633300,
proposed,12,1,perf-proposed-r012-20260818T054650Z,loan_to_customer,2,145,200,16.484400,
proposed,12,1,perf-proposed-r012-20260818T054650Z,loan_to_customer,2,146,200,16.633300,
proposed,12,1,perf-proposed-r012-20260818T054650Z,loan_to_customer,2,147,200,17.324200,
proposed,12,1,perf-proposed-r012-20260818T054650Z,loan_to_customer,2,148,200,16.998300,
proposed,12,1,perf-proposed-r012-20260818T054650Z,loan_to_customer,2,149,200,16.245700,
proposed,12,1,perf-proposed-r012-20260818T054650Z,loan_to_customer,2,150,200,16.484000,
proposed,12,1,perf-proposed-r012-20260818T054650Z,loan_to_customer,2,151,200,17.074900,
proposed,12,1,perf-proposed-r012-20260818T054650Z,loan_to_customer,2,152,200,16.242100,
proposed,12,1,perf-proposed-r012-20260818T054650Z,loan_to_customer,2,153,200,15.752200,
proposed,12,1,perf-proposed-r012-20260818T054650Z,loan_to_customer,2,154,200,16.803200,
proposed,12,1,perf-proposed-r012-20260818T054650Z,loan_to_customer,2,155,200,16.305900,
proposed,12,1,perf-proposed-r012-20260818T054650Z,loan_to_customer,2,156,200,16.280600,
proposed,12,1,perf-proposed-r012-20260818T054650Z,loan_to_customer,2,157,200,15.522200,
proposed,12,1,perf-proposed-r012-20260818T054650Z,loan_to_customer,2,158,200,15.396000,
proposed,12,1,perf-proposed-r012-20260818T054650Z,loan_to_customer,2,159,200,16.476900,
proposed,12,1,perf-proposed-r012-20260818T054650Z,loan_to_customer,2,160,200,15.782900,
proposed,12,1,perf-proposed-r012-20260818T054650Z,loan_to_customer,2,161,200,15.321500,
proposed,12,1,perf-proposed-r012-20260818T054650Z,loan_to_customer,2,162,200,15.096900,
proposed,12,1,perf-proposed-r012-20260818T054650Z,loan_to_customer,2,163,200,15.342600,
proposed,12,1,perf-proposed-r012-20260818T054650Z,loan_to_customer,2,164,200,16.313300,
proposed,12,1,perf-proposed-r012-20260818T054650Z,loan_to_customer,2,165,200,15.485600,
proposed,12,1,perf-proposed-r012-20260818T054650Z,loan_to_customer,2,166,200,14.817500,
proposed,12,1,perf-proposed-r012-20260818T054650Z,loan_to_customer,2,167,200,15.671200,
proposed,12,1,perf-proposed-r012-20260818T054650Z,loan_to_customer,2,168,200,15.657500,
proposed,12,1,perf-proposed-r012-20260818T054650Z,loan_to_customer,2,169,200,15.255000,
proposed,12,1,perf-proposed-r012-20260818T054650Z,loan_to_customer,2,170,200,15.556100,
proposed,12,1,perf-proposed-r012-20260818T054650Z,loan_to_customer,2,171,200,18.243900,
proposed,12,1,perf-proposed-r012-20260818T054650Z,loan_to_customer,2,172,200,16.486100,
proposed,12,1,perf-proposed-r012-20260818T054650Z,loan_to_customer,2,173,200,15.591600,
proposed,12,1,perf-proposed-r012-20260818T054650Z,loan_to_customer,2,174,200,15.537200,
proposed,12,1,perf-proposed-r012-20260818T054650Z,loan_to_customer,2,175,200,15.558500,
proposed,12,1,perf-proposed-r012-20260818T054650Z,loan_to_customer,2,176,200,14.880500,
proposed,12,1,perf-proposed-r012-20260818T054650Z,loan_to_customer,2,177,200,14.754600,
proposed,12,1,perf-proposed-r012-20260818T054650Z,loan_to_customer,2,178,200,15.726200,
proposed,12,1,perf-proposed-r012-20260818T054650Z,loan_to_customer,2,179,200,14.536900,
proposed,12,1,perf-proposed-r012-20260818T054650Z,loan_to_customer,2,180,200,15.740700,
proposed,12,1,perf-proposed-r012-20260818T054650Z,loan_to_customer,2,181,200,15.264900,
proposed,12,1,perf-proposed-r012-20260818T054650Z,loan_to_customer,2,182,200,15.460600,
proposed,12,1,perf-proposed-r012-20260818T054650Z,loan_to_customer,2,183,200,15.136600,
proposed,12,1,perf-proposed-r012-20260818T054650Z,loan_to_customer,2,184,200,14.925700,
proposed,12,1,perf-proposed-r012-20260818T054650Z,loan_to_customer,2,185,200,15.110500,
proposed,12,1,perf-proposed-r012-20260818T054650Z,loan_to_customer,2,186,200,15.311500,
proposed,12,1,perf-proposed-r012-20260818T054650Z,loan_to_customer,2,187,200,16.112000,
proposed,12,1,perf-proposed-r012-20260818T054650Z,loan_to_customer,2,188,200,15.407000,
proposed,12,1,perf-proposed-r012-20260818T054650Z,loan_to_customer,2,189,200,15.569500,
proposed,12,1,perf-proposed-r012-20260818T054650Z,loan_to_customer,2,190,200,15.672700,
proposed,12,1,perf-proposed-r012-20260818T054650Z,loan_to_customer,2,191,200,16.052800,
proposed,12,1,perf-proposed-r012-20260818T054650Z,loan_to_customer,2,192,200,15.205600,
proposed,12,1,perf-proposed-r012-20260818T054650Z,loan_to_customer,2,193,200,14.731200,
proposed,12,1,perf-proposed-r012-20260818T054650Z,loan_to_customer,2,194,200,14.911100,
proposed,12,1,perf-proposed-r012-20260818T054650Z,loan_to_customer,2,195,200,15.198200,
proposed,12,1,perf-proposed-r012-20260818T054650Z,loan_to_customer,2,196,200,15.095800,
proposed,12,1,perf-proposed-r012-20260818T054650Z,loan_to_customer,2,197,200,15.503900,
proposed,12,1,perf-proposed-r012-20260818T054650Z,loan_to_customer,2,198,200,14.809100,
proposed,12,1,perf-proposed-r012-20260818T054650Z,loan_to_customer,2,199,200,14.986500,
proposed,12,1,perf-proposed-r012-20260818T054650Z,loan_to_customer,2,200,200,15.076800,
proposed,12,1,perf-proposed-r012-20260818T054650Z,loan_to_customer,3,1,200,14.868400,
proposed,12,1,perf-proposed-r012-20260818T054650Z,loan_to_customer,3,2,200,15.165300,
proposed,12,1,perf-proposed-r012-20260818T054650Z,loan_to_customer,3,3,200,14.438600,
proposed,12,1,perf-proposed-r012-20260818T054650Z,loan_to_customer,3,4,200,14.737400,
proposed,12,1,perf-proposed-r012-20260818T054650Z,loan_to_customer,3,5,200,15.291100,
proposed,12,1,perf-proposed-r012-20260818T054650Z,loan_to_customer,3,6,200,14.628200,
proposed,12,1,perf-proposed-r012-20260818T054650Z,loan_to_customer,3,7,200,14.944400,
proposed,12,1,perf-proposed-r012-20260818T054650Z,loan_to_customer,3,8,200,15.519400,
proposed,12,1,perf-proposed-r012-20260818T054650Z,loan_to_customer,3,9,200,15.255900,
proposed,12,1,perf-proposed-r012-20260818T054650Z,loan_to_customer,3,10,200,15.219300,
proposed,12,1,perf-proposed-r012-20260818T054650Z,loan_to_customer,3,11,200,16.703600,
proposed,12,1,perf-proposed-r012-20260818T054650Z,loan_to_customer,3,12,200,15.289300,
proposed,12,1,perf-proposed-r012-20260818T054650Z,loan_to_customer,3,13,200,14.818300,
proposed,12,1,perf-proposed-r012-20260818T054650Z,loan_to_customer,3,14,200,14.938000,
proposed,12,1,perf-proposed-r012-20260818T054650Z,loan_to_customer,3,15,200,14.726100,
proposed,12,1,perf-proposed-r012-20260818T054650Z,loan_to_customer,3,16,200,14.105300,
proposed,12,1,perf-proposed-r012-20260818T054650Z,loan_to_customer,3,17,200,14.920000,
proposed,12,1,perf-proposed-r012-20260818T054650Z,loan_to_customer,3,18,200,14.939600,
proposed,12,1,perf-proposed-r012-20260818T054650Z,loan_to_customer,3,19,200,14.916100,
proposed,12,1,perf-proposed-r012-20260818T054650Z,loan_to_customer,3,20,200,15.458000,
proposed,12,1,perf-proposed-r012-20260818T054650Z,loan_to_customer,3,21,200,15.188300,
proposed,12,1,perf-proposed-r012-20260818T054650Z,loan_to_customer,3,22,200,14.931600,
proposed,12,1,perf-proposed-r012-20260818T054650Z,loan_to_customer,3,23,200,15.177900,
proposed,12,1,perf-proposed-r012-20260818T054650Z,loan_to_customer,3,24,200,14.562300,
proposed,12,1,perf-proposed-r012-20260818T054650Z,loan_to_customer,3,25,200,15.063300,
proposed,12,1,perf-proposed-r012-20260818T054650Z,loan_to_customer,3,26,200,14.845300,
proposed,12,1,perf-proposed-r012-20260818T054650Z,loan_to_customer,3,27,200,14.883700,
proposed,12,1,perf-proposed-r012-20260818T054650Z,loan_to_customer,3,28,200,14.713800,
proposed,12,1,perf-proposed-r012-20260818T054650Z,loan_to_customer,3,29,200,14.791200,
proposed,12,1,perf-proposed-r012-20260818T054650Z,loan_to_customer,3,30,200,15.093200,
proposed,12,1,perf-proposed-r012-20260818T054650Z,loan_to_customer,3,31,200,14.662200,
proposed,12,1,perf-proposed-r012-20260818T054650Z,loan_to_customer,3,32,200,14.825600,
proposed,12,1,perf-proposed-r012-20260818T054650Z,loan_to_customer,3,33,200,15.212800,
proposed,12,1,perf-proposed-r012-20260818T054650Z,loan_to_customer,3,34,200,14.473100,
proposed,12,1,perf-proposed-r012-20260818T054650Z,loan_to_customer,3,35,200,14.534600,
proposed,12,1,perf-proposed-r012-20260818T054650Z,loan_to_customer,3,36,200,14.546400,
proposed,12,1,perf-proposed-r012-20260818T054650Z,loan_to_customer,3,37,200,14.908000,
proposed,12,1,perf-proposed-r012-20260818T054650Z,loan_to_customer,3,38,200,14.568100,
proposed,12,1,perf-proposed-r012-20260818T054650Z,loan_to_customer,3,39,200,14.397200,
proposed,12,1,perf-proposed-r012-20260818T054650Z,loan_to_customer,3,40,200,14.380200,
proposed,12,1,perf-proposed-r012-20260818T054650Z,loan_to_customer,3,41,200,15.081700,
proposed,12,1,perf-proposed-r012-20260818T054650Z,loan_to_customer,3,42,200,14.620300,
proposed,12,1,perf-proposed-r012-20260818T054650Z,loan_to_customer,3,43,200,14.773900,
proposed,12,1,perf-proposed-r012-20260818T054650Z,loan_to_customer,3,44,200,14.305900,
proposed,12,1,perf-proposed-r012-20260818T054650Z,loan_to_customer,3,45,200,15.013700,
proposed,12,1,perf-proposed-r012-20260818T054650Z,loan_to_customer,3,46,200,14.450800,
proposed,12,1,perf-proposed-r012-20260818T054650Z,loan_to_customer,3,47,200,14.572000,
proposed,12,1,perf-proposed-r012-20260818T054650Z,loan_to_customer,3,48,200,14.746300,
proposed,12,1,perf-proposed-r012-20260818T054650Z,loan_to_customer,3,49,200,15.779700,
proposed,12,1,perf-proposed-r012-20260818T054650Z,loan_to_customer,3,50,200,15.169900,
proposed,12,1,perf-proposed-r012-20260818T054650Z,loan_to_customer,3,51,200,15.174400,
proposed,12,1,perf-proposed-r012-20260818T054650Z,loan_to_customer,3,52,200,15.259800,
proposed,12,1,perf-proposed-r012-20260818T054650Z,loan_to_customer,3,53,200,14.802600,
proposed,12,1,perf-proposed-r012-20260818T054650Z,loan_to_customer,3,54,200,14.470400,
proposed,12,1,perf-proposed-r012-20260818T054650Z,loan_to_customer,3,55,200,15.010300,
proposed,12,1,perf-proposed-r012-20260818T054650Z,loan_to_customer,3,56,200,15.550000,
proposed,12,1,perf-proposed-r012-20260818T054650Z,loan_to_customer,3,57,200,16.085800,
proposed,12,1,perf-proposed-r012-20260818T054650Z,loan_to_customer,3,58,200,14.671700,
proposed,12,1,perf-proposed-r012-20260818T054650Z,loan_to_customer,3,59,200,14.874900,
proposed,12,1,perf-proposed-r012-20260818T054650Z,loan_to_customer,3,60,200,15.091600,
proposed,12,1,perf-proposed-r012-20260818T054650Z,loan_to_customer,3,61,200,14.739500,
proposed,12,1,perf-proposed-r012-20260818T054650Z,loan_to_customer,3,62,200,14.431400,
proposed,12,1,perf-proposed-r012-20260818T054650Z,loan_to_customer,3,63,200,14.408700,
proposed,12,1,perf-proposed-r012-20260818T054650Z,loan_to_customer,3,64,200,15.057900,
proposed,12,1,perf-proposed-r012-20260818T054650Z,loan_to_customer,3,65,200,14.437600,
proposed,12,1,perf-proposed-r012-20260818T054650Z,loan_to_customer,3,66,200,14.774100,
proposed,12,1,perf-proposed-r012-20260818T054650Z,loan_to_customer,3,67,200,14.533500,
proposed,12,1,perf-proposed-r012-20260818T054650Z,loan_to_customer,3,68,200,14.633500,
proposed,12,1,perf-proposed-r012-20260818T054650Z,loan_to_customer,3,69,200,14.752100,
proposed,12,1,perf-proposed-r012-20260818T054650Z,loan_to_customer,3,70,200,14.567500,
proposed,12,1,perf-proposed-r012-20260818T054650Z,loan_to_customer,3,71,200,14.776600,
proposed,12,1,perf-proposed-r012-20260818T054650Z,loan_to_customer,3,72,200,14.546700,
proposed,12,1,perf-proposed-r012-20260818T054650Z,loan_to_customer,3,73,200,15.415400,
proposed,12,1,perf-proposed-r012-20260818T054650Z,loan_to_customer,3,74,200,15.467700,
proposed,12,1,perf-proposed-r012-20260818T054650Z,loan_to_customer,3,75,200,15.198000,
proposed,12,1,perf-proposed-r012-20260818T054650Z,loan_to_customer,3,76,200,15.967600,
proposed,12,1,perf-proposed-r012-20260818T054650Z,loan_to_customer,3,77,200,15.264800,
proposed,12,1,perf-proposed-r012-20260818T054650Z,loan_to_customer,3,78,200,14.801300,
proposed,12,1,perf-proposed-r012-20260818T054650Z,loan_to_customer,3,79,200,15.007200,
proposed,12,1,perf-proposed-r012-20260818T054650Z,loan_to_customer,3,80,200,15.482700,
proposed,12,1,perf-proposed-r012-20260818T054650Z,loan_to_customer,3,81,200,14.842400,
proposed,12,1,perf-proposed-r012-20260818T054650Z,loan_to_customer,3,82,200,15.485800,
proposed,12,1,perf-proposed-r012-20260818T054650Z,loan_to_customer,3,83,200,15.843200,
proposed,12,1,perf-proposed-r012-20260818T054650Z,loan_to_customer,3,84,200,16.762000,
proposed,12,1,perf-proposed-r012-20260818T054650Z,loan_to_customer,3,85,200,15.456100,
proposed,12,1,perf-proposed-r012-20260818T054650Z,loan_to_customer,3,86,200,14.803700,
proposed,12,1,perf-proposed-r012-20260818T054650Z,loan_to_customer,3,87,200,15.598000,
proposed,12,1,perf-proposed-r012-20260818T054650Z,loan_to_customer,3,88,200,15.884300,
proposed,12,1,perf-proposed-r012-20260818T054650Z,loan_to_customer,3,89,200,17.717400,
proposed,12,1,perf-proposed-r012-20260818T054650Z,loan_to_customer,3,90,200,16.751100,
proposed,12,1,perf-proposed-r012-20260818T054650Z,loan_to_customer,3,91,200,15.287500,
proposed,12,1,perf-proposed-r012-20260818T054650Z,loan_to_customer,3,92,200,16.123400,
proposed,12,1,perf-proposed-r012-20260818T054650Z,loan_to_customer,3,93,200,14.633700,
proposed,12,1,perf-proposed-r012-20260818T054650Z,loan_to_customer,3,94,200,15.095800,
proposed,12,1,perf-proposed-r012-20260818T054650Z,loan_to_customer,3,95,200,14.762000,
proposed,12,1,perf-proposed-r012-20260818T054650Z,loan_to_customer,3,96,200,14.745400,
proposed,12,1,perf-proposed-r012-20260818T054650Z,loan_to_customer,3,97,200,14.350500,
proposed,12,1,perf-proposed-r012-20260818T054650Z,loan_to_customer,3,98,200,14.693200,
proposed,12,1,perf-proposed-r012-20260818T054650Z,loan_to_customer,3,99,200,14.608700,
proposed,12,1,perf-proposed-r012-20260818T054650Z,loan_to_customer,3,100,200,15.763700,
proposed,12,1,perf-proposed-r012-20260818T054650Z,loan_to_customer,3,101,200,14.934700,
proposed,12,1,perf-proposed-r012-20260818T054650Z,loan_to_customer,3,102,200,14.588000,
proposed,12,1,perf-proposed-r012-20260818T054650Z,loan_to_customer,3,103,200,14.858000,
proposed,12,1,perf-proposed-r012-20260818T054650Z,loan_to_customer,3,104,200,14.658600,
proposed,12,1,perf-proposed-r012-20260818T054650Z,loan_to_customer,3,105,200,14.540200,
proposed,12,1,perf-proposed-r012-20260818T054650Z,loan_to_customer,3,106,200,15.075300,
proposed,12,1,perf-proposed-r012-20260818T054650Z,loan_to_customer,3,107,200,14.528000,
proposed,12,1,perf-proposed-r012-20260818T054650Z,loan_to_customer,3,108,200,14.997600,
proposed,12,1,perf-proposed-r012-20260818T054650Z,loan_to_customer,3,109,200,14.654600,
proposed,12,1,perf-proposed-r012-20260818T054650Z,loan_to_customer,3,110,200,14.556700,
proposed,12,1,perf-proposed-r012-20260818T054650Z,loan_to_customer,3,111,200,14.772000,
proposed,12,1,perf-proposed-r012-20260818T054650Z,loan_to_customer,3,112,200,14.755500,
proposed,12,1,perf-proposed-r012-20260818T054650Z,loan_to_customer,3,113,200,15.166700,
proposed,12,1,perf-proposed-r012-20260818T054650Z,loan_to_customer,3,114,200,14.569200,
proposed,12,1,perf-proposed-r012-20260818T054650Z,loan_to_customer,3,115,200,14.791300,
proposed,12,1,perf-proposed-r012-20260818T054650Z,loan_to_customer,3,116,200,15.571600,
proposed,12,1,perf-proposed-r012-20260818T054650Z,loan_to_customer,3,117,200,14.353600,
proposed,12,1,perf-proposed-r012-20260818T054650Z,loan_to_customer,3,118,200,14.914000,
proposed,12,1,perf-proposed-r012-20260818T054650Z,loan_to_customer,3,119,200,14.684800,
proposed,12,1,perf-proposed-r012-20260818T054650Z,loan_to_customer,3,120,200,14.608500,
proposed,12,1,perf-proposed-r012-20260818T054650Z,loan_to_customer,3,121,200,14.458300,
proposed,12,1,perf-proposed-r012-20260818T054650Z,loan_to_customer,3,122,200,15.045400,
proposed,12,1,perf-proposed-r012-20260818T054650Z,loan_to_customer,3,123,200,15.375000,
proposed,12,1,perf-proposed-r012-20260818T054650Z,loan_to_customer,3,124,200,16.005300,
proposed,12,1,perf-proposed-r012-20260818T054650Z,loan_to_customer,3,125,200,14.945300,
proposed,12,1,perf-proposed-r012-20260818T054650Z,loan_to_customer,3,126,200,15.554100,
proposed,12,1,perf-proposed-r012-20260818T054650Z,loan_to_customer,3,127,200,14.094300,
proposed,12,1,perf-proposed-r012-20260818T054650Z,loan_to_customer,3,128,200,15.105900,
proposed,12,1,perf-proposed-r012-20260818T054650Z,loan_to_customer,3,129,200,15.146300,
proposed,12,1,perf-proposed-r012-20260818T054650Z,loan_to_customer,3,130,200,15.656900,
proposed,12,1,perf-proposed-r012-20260818T054650Z,loan_to_customer,3,131,200,15.830000,
proposed,12,1,perf-proposed-r012-20260818T054650Z,loan_to_customer,3,132,200,17.445000,
proposed,12,1,perf-proposed-r012-20260818T054650Z,loan_to_customer,3,133,200,15.982600,
proposed,12,1,perf-proposed-r012-20260818T054650Z,loan_to_customer,3,134,200,15.994400,
proposed,12,1,perf-proposed-r012-20260818T054650Z,loan_to_customer,3,135,200,16.622900,
proposed,12,1,perf-proposed-r012-20260818T054650Z,loan_to_customer,3,136,200,15.590000,
proposed,12,1,perf-proposed-r012-20260818T054650Z,loan_to_customer,3,137,200,15.769100,
proposed,12,1,perf-proposed-r012-20260818T054650Z,loan_to_customer,3,138,200,17.364900,
proposed,12,1,perf-proposed-r012-20260818T054650Z,loan_to_customer,3,139,200,18.508400,
proposed,12,1,perf-proposed-r012-20260818T054650Z,loan_to_customer,3,140,200,18.025200,
proposed,12,1,perf-proposed-r012-20260818T054650Z,loan_to_customer,3,141,200,16.722800,
proposed,12,1,perf-proposed-r012-20260818T054650Z,loan_to_customer,3,142,200,15.774900,
proposed,12,1,perf-proposed-r012-20260818T054650Z,loan_to_customer,3,143,200,16.674400,
proposed,12,1,perf-proposed-r012-20260818T054650Z,loan_to_customer,3,144,200,16.831300,
proposed,12,1,perf-proposed-r012-20260818T054650Z,loan_to_customer,3,145,200,16.722700,
proposed,12,1,perf-proposed-r012-20260818T054650Z,loan_to_customer,3,146,200,15.088000,
proposed,12,1,perf-proposed-r012-20260818T054650Z,loan_to_customer,3,147,200,14.770900,
proposed,12,1,perf-proposed-r012-20260818T054650Z,loan_to_customer,3,148,200,14.482400,
proposed,12,1,perf-proposed-r012-20260818T054650Z,loan_to_customer,3,149,200,14.685100,
proposed,12,1,perf-proposed-r012-20260818T054650Z,loan_to_customer,3,150,200,16.081100,
proposed,12,1,perf-proposed-r012-20260818T054650Z,loan_to_customer,3,151,200,14.486800,
proposed,12,1,perf-proposed-r012-20260818T054650Z,loan_to_customer,3,152,200,14.652300,
proposed,12,1,perf-proposed-r012-20260818T054650Z,loan_to_customer,3,153,200,14.625900,
proposed,12,1,perf-proposed-r012-20260818T054650Z,loan_to_customer,3,154,200,14.999300,
proposed,12,1,perf-proposed-r012-20260818T054650Z,loan_to_customer,3,155,200,14.870800,
proposed,12,1,perf-proposed-r012-20260818T054650Z,loan_to_customer,3,156,200,15.466100,
proposed,12,1,perf-proposed-r012-20260818T054650Z,loan_to_customer,3,157,200,15.642900,
proposed,12,1,perf-proposed-r012-20260818T054650Z,loan_to_customer,3,158,200,15.560700,
proposed,12,1,perf-proposed-r012-20260818T054650Z,loan_to_customer,3,159,200,15.266300,
proposed,12,1,perf-proposed-r012-20260818T054650Z,loan_to_customer,3,160,200,15.646000,
proposed,12,1,perf-proposed-r012-20260818T054650Z,loan_to_customer,3,161,200,15.339200,
proposed,12,1,perf-proposed-r012-20260818T054650Z,loan_to_customer,3,162,200,15.475000,
proposed,12,1,perf-proposed-r012-20260818T054650Z,loan_to_customer,3,163,200,16.012600,
proposed,12,1,perf-proposed-r012-20260818T054650Z,loan_to_customer,3,164,200,14.805300,
proposed,12,1,perf-proposed-r012-20260818T054650Z,loan_to_customer,3,165,200,14.548600,
proposed,12,1,perf-proposed-r012-20260818T054650Z,loan_to_customer,3,166,200,14.608200,
proposed,12,1,perf-proposed-r012-20260818T054650Z,loan_to_customer,3,167,200,14.461700,
proposed,12,1,perf-proposed-r012-20260818T054650Z,loan_to_customer,3,168,200,14.354100,
proposed,12,1,perf-proposed-r012-20260818T054650Z,loan_to_customer,3,169,200,15.389400,
proposed,12,1,perf-proposed-r012-20260818T054650Z,loan_to_customer,3,170,200,14.730100,
proposed,12,1,perf-proposed-r012-20260818T054650Z,loan_to_customer,3,171,200,13.984800,
proposed,12,1,perf-proposed-r012-20260818T054650Z,loan_to_customer,3,172,200,13.603300,
proposed,12,1,perf-proposed-r012-20260818T054650Z,loan_to_customer,3,173,200,15.097800,
proposed,12,1,perf-proposed-r012-20260818T054650Z,loan_to_customer,3,174,200,14.597100,
proposed,12,1,perf-proposed-r012-20260818T054650Z,loan_to_customer,3,175,200,14.378900,
proposed,12,1,perf-proposed-r012-20260818T054650Z,loan_to_customer,3,176,200,14.758500,
proposed,12,1,perf-proposed-r012-20260818T054650Z,loan_to_customer,3,177,200,15.038100,
proposed,12,1,perf-proposed-r012-20260818T054650Z,loan_to_customer,3,178,200,16.094600,
proposed,12,1,perf-proposed-r012-20260818T054650Z,loan_to_customer,3,179,200,15.318800,
proposed,12,1,perf-proposed-r012-20260818T054650Z,loan_to_customer,3,180,200,17.378100,
proposed,12,1,perf-proposed-r012-20260818T054650Z,loan_to_customer,3,181,200,17.530300,
proposed,12,1,perf-proposed-r012-20260818T054650Z,loan_to_customer,3,182,200,18.732600,
proposed,12,1,perf-proposed-r012-20260818T054650Z,loan_to_customer,3,183,200,18.171100,
proposed,12,1,perf-proposed-r012-20260818T054650Z,loan_to_customer,3,184,200,16.211600,
proposed,12,1,perf-proposed-r012-20260818T054650Z,loan_to_customer,3,185,200,16.505900,
proposed,12,1,perf-proposed-r012-20260818T054650Z,loan_to_customer,3,186,200,15.848500,
proposed,12,1,perf-proposed-r012-20260818T054650Z,loan_to_customer,3,187,200,15.410100,
proposed,12,1,perf-proposed-r012-20260818T054650Z,loan_to_customer,3,188,200,16.637700,
proposed,12,1,perf-proposed-r012-20260818T054650Z,loan_to_customer,3,189,200,15.711400,
proposed,12,1,perf-proposed-r012-20260818T054650Z,loan_to_customer,3,190,200,15.372500,
proposed,12,1,perf-proposed-r012-20260818T054650Z,loan_to_customer,3,191,200,15.540300,
proposed,12,1,perf-proposed-r012-20260818T054650Z,loan_to_customer,3,192,200,15.734900,
proposed,12,1,perf-proposed-r012-20260818T054650Z,loan_to_customer,3,193,200,14.916900,
proposed,12,1,perf-proposed-r012-20260818T054650Z,loan_to_customer,3,194,200,15.218800,
proposed,12,1,perf-proposed-r012-20260818T054650Z,loan_to_customer,3,195,200,14.324000,
proposed,12,1,perf-proposed-r012-20260818T054650Z,loan_to_customer,3,196,200,14.553000,
proposed,12,1,perf-proposed-r012-20260818T054650Z,loan_to_customer,3,197,200,14.225600,
proposed,12,1,perf-proposed-r012-20260818T054650Z,loan_to_customer,3,198,200,14.639300,
proposed,12,1,perf-proposed-r012-20260818T054650Z,loan_to_customer,3,199,200,14.621400,
proposed,12,1,perf-proposed-r012-20260818T054650Z,loan_to_customer,3,200,200,15.297400,
proposed,12,1,perf-proposed-r012-20260818T054650Z,loan_to_credit,1,1,200,21.683800,
proposed,12,1,perf-proposed-r012-20260818T054650Z,loan_to_credit,1,2,200,23.633000,
proposed,12,1,perf-proposed-r012-20260818T054650Z,loan_to_credit,1,3,200,20.791200,
proposed,12,1,perf-proposed-r012-20260818T054650Z,loan_to_credit,1,4,200,17.557200,
proposed,12,1,perf-proposed-r012-20260818T054650Z,loan_to_credit,1,5,200,18.845200,
proposed,12,1,perf-proposed-r012-20260818T054650Z,loan_to_credit,1,6,200,18.696700,
proposed,12,1,perf-proposed-r012-20260818T054650Z,loan_to_credit,1,7,200,17.233900,
proposed,12,1,perf-proposed-r012-20260818T054650Z,loan_to_credit,1,8,200,17.395200,
proposed,12,1,perf-proposed-r012-20260818T054650Z,loan_to_credit,1,9,200,17.279600,
proposed,12,1,perf-proposed-r012-20260818T054650Z,loan_to_credit,1,10,200,16.008500,
proposed,12,1,perf-proposed-r012-20260818T054650Z,loan_to_credit,1,11,200,16.061900,
proposed,12,1,perf-proposed-r012-20260818T054650Z,loan_to_credit,1,12,200,15.701300,
proposed,12,1,perf-proposed-r012-20260818T054650Z,loan_to_credit,1,13,200,16.563400,
proposed,12,1,perf-proposed-r012-20260818T054650Z,loan_to_credit,1,14,200,16.818600,
proposed,12,1,perf-proposed-r012-20260818T054650Z,loan_to_credit,1,15,200,19.053500,
proposed,12,1,perf-proposed-r012-20260818T054650Z,loan_to_credit,1,16,200,17.869600,
proposed,12,1,perf-proposed-r012-20260818T054650Z,loan_to_credit,1,17,200,16.983100,
proposed,12,1,perf-proposed-r012-20260818T054650Z,loan_to_credit,1,18,200,16.936200,
proposed,12,1,perf-proposed-r012-20260818T054650Z,loan_to_credit,1,19,200,15.869900,
proposed,12,1,perf-proposed-r012-20260818T054650Z,loan_to_credit,1,20,200,16.101500,
proposed,12,1,perf-proposed-r012-20260818T054650Z,loan_to_credit,1,21,200,16.011800,
proposed,12,1,perf-proposed-r012-20260818T054650Z,loan_to_credit,1,22,200,16.841100,
proposed,12,1,perf-proposed-r012-20260818T054650Z,loan_to_credit,1,23,200,15.904500,
proposed,12,1,perf-proposed-r012-20260818T054650Z,loan_to_credit,1,24,200,16.992100,
proposed,12,1,perf-proposed-r012-20260818T054650Z,loan_to_credit,1,25,200,16.000900,
proposed,12,1,perf-proposed-r012-20260818T054650Z,loan_to_credit,1,26,200,17.111500,
proposed,12,1,perf-proposed-r012-20260818T054650Z,loan_to_credit,1,27,200,17.044800,
proposed,12,1,perf-proposed-r012-20260818T054650Z,loan_to_credit,1,28,200,17.070900,
proposed,12,1,perf-proposed-r012-20260818T054650Z,loan_to_credit,1,29,200,16.655200,
proposed,12,1,perf-proposed-r012-20260818T054650Z,loan_to_credit,1,30,200,17.044300,
proposed,12,1,perf-proposed-r012-20260818T054650Z,loan_to_credit,1,31,200,18.369600,
proposed,12,1,perf-proposed-r012-20260818T054650Z,loan_to_credit,1,32,200,17.094800,
proposed,12,1,perf-proposed-r012-20260818T054650Z,loan_to_credit,1,33,200,16.722000,
proposed,12,1,perf-proposed-r012-20260818T054650Z,loan_to_credit,1,34,200,17.120500,
proposed,12,1,perf-proposed-r012-20260818T054650Z,loan_to_credit,1,35,200,16.985700,
proposed,12,1,perf-proposed-r012-20260818T054650Z,loan_to_credit,1,36,200,17.984300,
proposed,12,1,perf-proposed-r012-20260818T054650Z,loan_to_credit,1,37,200,15.836400,
proposed,12,1,perf-proposed-r012-20260818T054650Z,loan_to_credit,1,38,200,17.055400,
proposed,12,1,perf-proposed-r012-20260818T054650Z,loan_to_credit,1,39,200,16.796700,
proposed,12,1,perf-proposed-r012-20260818T054650Z,loan_to_credit,1,40,200,17.143800,
proposed,12,1,perf-proposed-r012-20260818T054650Z,loan_to_credit,1,41,200,18.298000,
proposed,12,1,perf-proposed-r012-20260818T054650Z,loan_to_credit,1,42,200,16.443400,
proposed,12,1,perf-proposed-r012-20260818T054650Z,loan_to_credit,1,43,200,16.513700,
proposed,12,1,perf-proposed-r012-20260818T054650Z,loan_to_credit,1,44,200,16.861700,
proposed,12,1,perf-proposed-r012-20260818T054650Z,loan_to_credit,1,45,200,16.760800,
proposed,12,1,perf-proposed-r012-20260818T054650Z,loan_to_credit,1,46,200,17.853100,
proposed,12,1,perf-proposed-r012-20260818T054650Z,loan_to_credit,1,47,200,17.959700,
proposed,12,1,perf-proposed-r012-20260818T054650Z,loan_to_credit,1,48,200,16.090000,
proposed,12,1,perf-proposed-r012-20260818T054650Z,loan_to_credit,1,49,200,18.634200,
proposed,12,1,perf-proposed-r012-20260818T054650Z,loan_to_credit,1,50,200,16.611700,
proposed,12,1,perf-proposed-r012-20260818T054650Z,loan_to_credit,1,51,200,16.569700,
proposed,12,1,perf-proposed-r012-20260818T054650Z,loan_to_credit,1,52,200,15.719200,
proposed,12,1,perf-proposed-r012-20260818T054650Z,loan_to_credit,1,53,200,17.617900,
proposed,12,1,perf-proposed-r012-20260818T054650Z,loan_to_credit,1,54,200,15.743200,
proposed,12,1,perf-proposed-r012-20260818T054650Z,loan_to_credit,1,55,200,19.097000,
proposed,12,1,perf-proposed-r012-20260818T054650Z,loan_to_credit,1,56,200,17.063100,
proposed,12,1,perf-proposed-r012-20260818T054650Z,loan_to_credit,1,57,200,16.886100,
proposed,12,1,perf-proposed-r012-20260818T054650Z,loan_to_credit,1,58,200,16.837700,
proposed,12,1,perf-proposed-r012-20260818T054650Z,loan_to_credit,1,59,200,17.059700,
proposed,12,1,perf-proposed-r012-20260818T054650Z,loan_to_credit,1,60,200,16.804900,
proposed,12,1,perf-proposed-r012-20260818T054650Z,loan_to_credit,1,61,200,17.477400,
proposed,12,1,perf-proposed-r012-20260818T054650Z,loan_to_credit,1,62,200,16.834800,
proposed,12,1,perf-proposed-r012-20260818T054650Z,loan_to_credit,1,63,200,17.872200,
proposed,12,1,perf-proposed-r012-20260818T054650Z,loan_to_credit,1,64,200,16.550700,
proposed,12,1,perf-proposed-r012-20260818T054650Z,loan_to_credit,1,65,200,16.944900,
proposed,12,1,perf-proposed-r012-20260818T054650Z,loan_to_credit,1,66,200,16.992200,
proposed,12,1,perf-proposed-r012-20260818T054650Z,loan_to_credit,1,67,200,16.904200,
proposed,12,1,perf-proposed-r012-20260818T054650Z,loan_to_credit,1,68,200,16.189900,
proposed,12,1,perf-proposed-r012-20260818T054650Z,loan_to_credit,1,69,200,16.881400,
proposed,12,1,perf-proposed-r012-20260818T054650Z,loan_to_credit,1,70,200,15.936800,
proposed,12,1,perf-proposed-r012-20260818T054650Z,loan_to_credit,1,71,200,16.754300,
proposed,12,1,perf-proposed-r012-20260818T054650Z,loan_to_credit,1,72,200,17.262200,
proposed,12,1,perf-proposed-r012-20260818T054650Z,loan_to_credit,1,73,200,17.000000,
proposed,12,1,perf-proposed-r012-20260818T054650Z,loan_to_credit,1,74,200,16.715600,
proposed,12,1,perf-proposed-r012-20260818T054650Z,loan_to_credit,1,75,200,17.170600,
proposed,12,1,perf-proposed-r012-20260818T054650Z,loan_to_credit,1,76,200,16.952700,
proposed,12,1,perf-proposed-r012-20260818T054650Z,loan_to_credit,1,77,200,15.820800,
proposed,12,1,perf-proposed-r012-20260818T054650Z,loan_to_credit,1,78,200,15.937600,
proposed,12,1,perf-proposed-r012-20260818T054650Z,loan_to_credit,1,79,200,17.099800,
proposed,12,1,perf-proposed-r012-20260818T054650Z,loan_to_credit,1,80,200,16.885300,
proposed,12,1,perf-proposed-r012-20260818T054650Z,loan_to_credit,1,81,200,16.493900,
proposed,12,1,perf-proposed-r012-20260818T054650Z,loan_to_credit,1,82,200,16.511900,
proposed,12,1,perf-proposed-r012-20260818T054650Z,loan_to_credit,1,83,200,16.021600,
proposed,12,1,perf-proposed-r012-20260818T054650Z,loan_to_credit,1,84,200,16.352100,
proposed,12,1,perf-proposed-r012-20260818T054650Z,loan_to_credit,1,85,200,16.763000,
proposed,12,1,perf-proposed-r012-20260818T054650Z,loan_to_credit,1,86,200,16.908300,
proposed,12,1,perf-proposed-r012-20260818T054650Z,loan_to_credit,1,87,200,17.219900,
proposed,12,1,perf-proposed-r012-20260818T054650Z,loan_to_credit,1,88,200,16.812300,
proposed,12,1,perf-proposed-r012-20260818T054650Z,loan_to_credit,1,89,200,16.767000,
proposed,12,1,perf-proposed-r012-20260818T054650Z,loan_to_credit,1,90,200,17.295700,
proposed,12,1,perf-proposed-r012-20260818T054650Z,loan_to_credit,1,91,200,16.692500,
proposed,12,1,perf-proposed-r012-20260818T054650Z,loan_to_credit,1,92,200,17.908600,
proposed,12,1,perf-proposed-r012-20260818T054650Z,loan_to_credit,1,93,200,17.973900,
proposed,12,1,perf-proposed-r012-20260818T054650Z,loan_to_credit,1,94,200,16.061100,
proposed,12,1,perf-proposed-r012-20260818T054650Z,loan_to_credit,1,95,200,15.777000,
proposed,12,1,perf-proposed-r012-20260818T054650Z,loan_to_credit,1,96,200,16.486000,
proposed,12,1,perf-proposed-r012-20260818T054650Z,loan_to_credit,1,97,200,16.967800,
proposed,12,1,perf-proposed-r012-20260818T054650Z,loan_to_credit,1,98,200,16.767900,
proposed,12,1,perf-proposed-r012-20260818T054650Z,loan_to_credit,1,99,200,17.424700,
proposed,12,1,perf-proposed-r012-20260818T054650Z,loan_to_credit,1,100,200,16.822700,
proposed,12,1,perf-proposed-r012-20260818T054650Z,loan_to_credit,1,101,200,19.170300,
proposed,12,1,perf-proposed-r012-20260818T054650Z,loan_to_credit,1,102,200,17.289200,
proposed,12,1,perf-proposed-r012-20260818T054650Z,loan_to_credit,1,103,200,18.133800,
proposed,12,1,perf-proposed-r012-20260818T054650Z,loan_to_credit,1,104,200,25.104300,
proposed,12,1,perf-proposed-r012-20260818T054650Z,loan_to_credit,1,105,200,17.193300,
proposed,12,1,perf-proposed-r012-20260818T054650Z,loan_to_credit,1,106,200,17.463300,
proposed,12,1,perf-proposed-r012-20260818T054650Z,loan_to_credit,1,107,200,16.567500,
proposed,12,1,perf-proposed-r012-20260818T054650Z,loan_to_credit,1,108,200,16.941700,
proposed,12,1,perf-proposed-r012-20260818T054650Z,loan_to_credit,1,109,200,16.525100,
proposed,12,1,perf-proposed-r012-20260818T054650Z,loan_to_credit,1,110,200,16.941000,
proposed,12,1,perf-proposed-r012-20260818T054650Z,loan_to_credit,1,111,200,16.343800,
proposed,12,1,perf-proposed-r012-20260818T054650Z,loan_to_credit,1,112,200,16.619300,
proposed,12,1,perf-proposed-r012-20260818T054650Z,loan_to_credit,1,113,200,17.160900,
proposed,12,1,perf-proposed-r012-20260818T054650Z,loan_to_credit,1,114,200,16.797700,
proposed,12,1,perf-proposed-r012-20260818T054650Z,loan_to_credit,1,115,200,17.266900,
proposed,12,1,perf-proposed-r012-20260818T054650Z,loan_to_credit,1,116,200,16.321600,
proposed,12,1,perf-proposed-r012-20260818T054650Z,loan_to_credit,1,117,200,17.139200,
proposed,12,1,perf-proposed-r012-20260818T054650Z,loan_to_credit,1,118,200,17.653800,
proposed,12,1,perf-proposed-r012-20260818T054650Z,loan_to_credit,1,119,200,17.479600,
proposed,12,1,perf-proposed-r012-20260818T054650Z,loan_to_credit,1,120,200,16.729000,
proposed,12,1,perf-proposed-r012-20260818T054650Z,loan_to_credit,1,121,200,18.124900,
proposed,12,1,perf-proposed-r012-20260818T054650Z,loan_to_credit,1,122,200,17.201200,
proposed,12,1,perf-proposed-r012-20260818T054650Z,loan_to_credit,1,123,200,18.304300,
proposed,12,1,perf-proposed-r012-20260818T054650Z,loan_to_credit,1,124,200,18.987900,
proposed,12,1,perf-proposed-r012-20260818T054650Z,loan_to_credit,1,125,200,19.538100,
proposed,12,1,perf-proposed-r012-20260818T054650Z,loan_to_credit,1,126,200,17.766900,
proposed,12,1,perf-proposed-r012-20260818T054650Z,loan_to_credit,1,127,200,17.176200,
proposed,12,1,perf-proposed-r012-20260818T054650Z,loan_to_credit,1,128,200,18.027900,
proposed,12,1,perf-proposed-r012-20260818T054650Z,loan_to_credit,1,129,200,17.358200,
proposed,12,1,perf-proposed-r012-20260818T054650Z,loan_to_credit,1,130,200,17.153600,
proposed,12,1,perf-proposed-r012-20260818T054650Z,loan_to_credit,1,131,200,17.972900,
proposed,12,1,perf-proposed-r012-20260818T054650Z,loan_to_credit,1,132,200,16.694100,
proposed,12,1,perf-proposed-r012-20260818T054650Z,loan_to_credit,1,133,200,19.606100,
proposed,12,1,perf-proposed-r012-20260818T054650Z,loan_to_credit,1,134,200,16.399400,
proposed,12,1,perf-proposed-r012-20260818T054650Z,loan_to_credit,1,135,200,17.285100,
proposed,12,1,perf-proposed-r012-20260818T054650Z,loan_to_credit,1,136,200,17.166000,
proposed,12,1,perf-proposed-r012-20260818T054650Z,loan_to_credit,1,137,200,16.488200,
proposed,12,1,perf-proposed-r012-20260818T054650Z,loan_to_credit,1,138,200,16.012000,
proposed,12,1,perf-proposed-r012-20260818T054650Z,loan_to_credit,1,139,200,15.925100,
proposed,12,1,perf-proposed-r012-20260818T054650Z,loan_to_credit,1,140,200,17.056600,
proposed,12,1,perf-proposed-r012-20260818T054650Z,loan_to_credit,1,141,200,17.117900,
proposed,12,1,perf-proposed-r012-20260818T054650Z,loan_to_credit,1,142,200,16.542900,
proposed,12,1,perf-proposed-r012-20260818T054650Z,loan_to_credit,1,143,200,16.310600,
proposed,12,1,perf-proposed-r012-20260818T054650Z,loan_to_credit,1,144,200,16.974500,
proposed,12,1,perf-proposed-r012-20260818T054650Z,loan_to_credit,1,145,200,15.808000,
proposed,12,1,perf-proposed-r012-20260818T054650Z,loan_to_credit,1,146,200,17.363800,
proposed,12,1,perf-proposed-r012-20260818T054650Z,loan_to_credit,1,147,200,17.236800,
proposed,12,1,perf-proposed-r012-20260818T054650Z,loan_to_credit,1,148,200,17.082800,
proposed,12,1,perf-proposed-r012-20260818T054650Z,loan_to_credit,1,149,200,16.460100,
proposed,12,1,perf-proposed-r012-20260818T054650Z,loan_to_credit,1,150,200,15.832900,
proposed,12,1,perf-proposed-r012-20260818T054650Z,loan_to_credit,1,151,200,16.192400,
proposed,12,1,perf-proposed-r012-20260818T054650Z,loan_to_credit,1,152,200,17.225500,
proposed,12,1,perf-proposed-r012-20260818T054650Z,loan_to_credit,1,153,200,17.714400,
proposed,12,1,perf-proposed-r012-20260818T054650Z,loan_to_credit,1,154,200,16.831300,
proposed,12,1,perf-proposed-r012-20260818T054650Z,loan_to_credit,1,155,200,15.970000,
proposed,12,1,perf-proposed-r012-20260818T054650Z,loan_to_credit,1,156,200,16.648800,
proposed,12,1,perf-proposed-r012-20260818T054650Z,loan_to_credit,1,157,200,16.316300,
proposed,12,1,perf-proposed-r012-20260818T054650Z,loan_to_credit,1,158,200,17.437900,
proposed,12,1,perf-proposed-r012-20260818T054650Z,loan_to_credit,1,159,200,16.914600,
proposed,12,1,perf-proposed-r012-20260818T054650Z,loan_to_credit,1,160,200,16.871400,
proposed,12,1,perf-proposed-r012-20260818T054650Z,loan_to_credit,1,161,200,17.150300,
proposed,12,1,perf-proposed-r012-20260818T054650Z,loan_to_credit,1,162,200,16.554800,
proposed,12,1,perf-proposed-r012-20260818T054650Z,loan_to_credit,1,163,200,15.962300,
proposed,12,1,perf-proposed-r012-20260818T054650Z,loan_to_credit,1,164,200,15.706500,
proposed,12,1,perf-proposed-r012-20260818T054650Z,loan_to_credit,1,165,200,17.326400,
proposed,12,1,perf-proposed-r012-20260818T054650Z,loan_to_credit,1,166,200,16.780400,
proposed,12,1,perf-proposed-r012-20260818T054650Z,loan_to_credit,1,167,200,16.062000,
proposed,12,1,perf-proposed-r012-20260818T054650Z,loan_to_credit,1,168,200,17.521600,
proposed,12,1,perf-proposed-r012-20260818T054650Z,loan_to_credit,1,169,200,16.577500,
proposed,12,1,perf-proposed-r012-20260818T054650Z,loan_to_credit,1,170,200,15.840700,
proposed,12,1,perf-proposed-r012-20260818T054650Z,loan_to_credit,1,171,200,17.096400,
proposed,12,1,perf-proposed-r012-20260818T054650Z,loan_to_credit,1,172,200,17.230800,
proposed,12,1,perf-proposed-r012-20260818T054650Z,loan_to_credit,1,173,200,16.551500,
proposed,12,1,perf-proposed-r012-20260818T054650Z,loan_to_credit,1,174,200,16.950000,
proposed,12,1,perf-proposed-r012-20260818T054650Z,loan_to_credit,1,175,200,16.895500,
proposed,12,1,perf-proposed-r012-20260818T054650Z,loan_to_credit,1,176,200,17.058500,
proposed,12,1,perf-proposed-r012-20260818T054650Z,loan_to_credit,1,177,200,16.077200,
proposed,12,1,perf-proposed-r012-20260818T054650Z,loan_to_credit,1,178,200,17.282600,
proposed,12,1,perf-proposed-r012-20260818T054650Z,loan_to_credit,1,179,200,16.567700,
proposed,12,1,perf-proposed-r012-20260818T054650Z,loan_to_credit,1,180,200,15.917700,
proposed,12,1,perf-proposed-r012-20260818T054650Z,loan_to_credit,1,181,200,17.158200,
proposed,12,1,perf-proposed-r012-20260818T054650Z,loan_to_credit,1,182,200,15.970700,
proposed,12,1,perf-proposed-r012-20260818T054650Z,loan_to_credit,1,183,200,17.039300,
proposed,12,1,perf-proposed-r012-20260818T054650Z,loan_to_credit,1,184,200,17.001000,
proposed,12,1,perf-proposed-r012-20260818T054650Z,loan_to_credit,1,185,200,16.270700,
proposed,12,1,perf-proposed-r012-20260818T054650Z,loan_to_credit,1,186,200,16.721900,
proposed,12,1,perf-proposed-r012-20260818T054650Z,loan_to_credit,1,187,200,16.871100,
proposed,12,1,perf-proposed-r012-20260818T054650Z,loan_to_credit,1,188,200,16.961800,
proposed,12,1,perf-proposed-r012-20260818T054650Z,loan_to_credit,1,189,200,17.237600,
proposed,12,1,perf-proposed-r012-20260818T054650Z,loan_to_credit,1,190,200,16.991600,
proposed,12,1,perf-proposed-r012-20260818T054650Z,loan_to_credit,1,191,200,17.722100,
proposed,12,1,perf-proposed-r012-20260818T054650Z,loan_to_credit,1,192,200,16.960900,
proposed,12,1,perf-proposed-r012-20260818T054650Z,loan_to_credit,1,193,200,16.134000,
proposed,12,1,perf-proposed-r012-20260818T054650Z,loan_to_credit,1,194,200,16.624800,
proposed,12,1,perf-proposed-r012-20260818T054650Z,loan_to_credit,1,195,200,16.947100,
proposed,12,1,perf-proposed-r012-20260818T054650Z,loan_to_credit,1,196,200,16.164700,
proposed,12,1,perf-proposed-r012-20260818T054650Z,loan_to_credit,1,197,200,16.965600,
proposed,12,1,perf-proposed-r012-20260818T054650Z,loan_to_credit,1,198,200,17.081600,
proposed,12,1,perf-proposed-r012-20260818T054650Z,loan_to_credit,1,199,200,17.056600,
proposed,12,1,perf-proposed-r012-20260818T054650Z,loan_to_credit,1,200,200,16.621000,
proposed,12,1,perf-proposed-r012-20260818T054650Z,loan_to_credit,2,1,200,20.833500,
proposed,12,1,perf-proposed-r012-20260818T054650Z,loan_to_credit,2,2,200,18.066500,
proposed,12,1,perf-proposed-r012-20260818T054650Z,loan_to_credit,2,3,200,18.815700,
proposed,12,1,perf-proposed-r012-20260818T054650Z,loan_to_credit,2,4,200,19.093200,
proposed,12,1,perf-proposed-r012-20260818T054650Z,loan_to_credit,2,5,200,19.080900,
proposed,12,1,perf-proposed-r012-20260818T054650Z,loan_to_credit,2,6,200,21.514000,
proposed,12,1,perf-proposed-r012-20260818T054650Z,loan_to_credit,2,7,200,23.194500,
proposed,12,1,perf-proposed-r012-20260818T054650Z,loan_to_credit,2,8,200,21.337700,
proposed,12,1,perf-proposed-r012-20260818T054650Z,loan_to_credit,2,9,200,19.065100,
proposed,12,1,perf-proposed-r012-20260818T054650Z,loan_to_credit,2,10,200,17.180500,
proposed,12,1,perf-proposed-r012-20260818T054650Z,loan_to_credit,2,11,200,17.853300,
proposed,12,1,perf-proposed-r012-20260818T054650Z,loan_to_credit,2,12,200,18.616000,
proposed,12,1,perf-proposed-r012-20260818T054650Z,loan_to_credit,2,13,200,17.460400,
proposed,12,1,perf-proposed-r012-20260818T054650Z,loan_to_credit,2,14,200,16.787100,
proposed,12,1,perf-proposed-r012-20260818T054650Z,loan_to_credit,2,15,200,17.014200,
proposed,12,1,perf-proposed-r012-20260818T054650Z,loan_to_credit,2,16,200,17.969300,
proposed,12,1,perf-proposed-r012-20260818T054650Z,loan_to_credit,2,17,200,16.634100,
proposed,12,1,perf-proposed-r012-20260818T054650Z,loan_to_credit,2,18,200,19.425300,
proposed,12,1,perf-proposed-r012-20260818T054650Z,loan_to_credit,2,19,200,19.053800,
proposed,12,1,perf-proposed-r012-20260818T054650Z,loan_to_credit,2,20,200,16.756400,
proposed,12,1,perf-proposed-r012-20260818T054650Z,loan_to_credit,2,21,200,17.189100,
proposed,12,1,perf-proposed-r012-20260818T054650Z,loan_to_credit,2,22,200,16.854300,
proposed,12,1,perf-proposed-r012-20260818T054650Z,loan_to_credit,2,23,200,17.223800,
proposed,12,1,perf-proposed-r012-20260818T054650Z,loan_to_credit,2,24,200,18.612100,
proposed,12,1,perf-proposed-r012-20260818T054650Z,loan_to_credit,2,25,200,18.293300,
proposed,12,1,perf-proposed-r012-20260818T054650Z,loan_to_credit,2,26,200,17.029400,
proposed,12,1,perf-proposed-r012-20260818T054650Z,loan_to_credit,2,27,200,16.704500,
proposed,12,1,perf-proposed-r012-20260818T054650Z,loan_to_credit,2,28,200,17.033100,
proposed,12,1,perf-proposed-r012-20260818T054650Z,loan_to_credit,2,29,200,16.929200,
proposed,12,1,perf-proposed-r012-20260818T054650Z,loan_to_credit,2,30,200,16.746300,
proposed,12,1,perf-proposed-r012-20260818T054650Z,loan_to_credit,2,31,200,17.156000,
proposed,12,1,perf-proposed-r012-20260818T054650Z,loan_to_credit,2,32,200,15.745400,
proposed,12,1,perf-proposed-r012-20260818T054650Z,loan_to_credit,2,33,200,17.586900,
proposed,12,1,perf-proposed-r012-20260818T054650Z,loan_to_credit,2,34,200,18.010600,
proposed,12,1,perf-proposed-r012-20260818T054650Z,loan_to_credit,2,35,200,17.718900,
proposed,12,1,perf-proposed-r012-20260818T054650Z,loan_to_credit,2,36,200,16.834300,
proposed,12,1,perf-proposed-r012-20260818T054650Z,loan_to_credit,2,37,200,16.928700,
proposed,12,1,perf-proposed-r012-20260818T054650Z,loan_to_credit,2,38,200,16.934100,
proposed,12,1,perf-proposed-r012-20260818T054650Z,loan_to_credit,2,39,200,16.004900,
proposed,12,1,perf-proposed-r012-20260818T054650Z,loan_to_credit,2,40,200,17.309600,
proposed,12,1,perf-proposed-r012-20260818T054650Z,loan_to_credit,2,41,200,16.692800,
proposed,12,1,perf-proposed-r012-20260818T054650Z,loan_to_credit,2,42,200,18.122800,
proposed,12,1,perf-proposed-r012-20260818T054650Z,loan_to_credit,2,43,200,17.974600,
proposed,12,1,perf-proposed-r012-20260818T054650Z,loan_to_credit,2,44,200,22.774200,
proposed,12,1,perf-proposed-r012-20260818T054650Z,loan_to_credit,2,45,200,17.514500,
proposed,12,1,perf-proposed-r012-20260818T054650Z,loan_to_credit,2,46,200,17.550700,
proposed,12,1,perf-proposed-r012-20260818T054650Z,loan_to_credit,2,47,200,17.427500,
proposed,12,1,perf-proposed-r012-20260818T054650Z,loan_to_credit,2,48,200,17.731800,
proposed,12,1,perf-proposed-r012-20260818T054650Z,loan_to_credit,2,49,200,16.903000,
proposed,12,1,perf-proposed-r012-20260818T054650Z,loan_to_credit,2,50,200,18.659800,
proposed,12,1,perf-proposed-r012-20260818T054650Z,loan_to_credit,2,51,200,20.807100,
proposed,12,1,perf-proposed-r012-20260818T054650Z,loan_to_credit,2,52,200,18.747900,
proposed,12,1,perf-proposed-r012-20260818T054650Z,loan_to_credit,2,53,200,18.821100,
proposed,12,1,perf-proposed-r012-20260818T054650Z,loan_to_credit,2,54,200,18.685000,
proposed,12,1,perf-proposed-r012-20260818T054650Z,loan_to_credit,2,55,200,19.113600,
proposed,12,1,perf-proposed-r012-20260818T054650Z,loan_to_credit,2,56,200,18.453000,
proposed,12,1,perf-proposed-r012-20260818T054650Z,loan_to_credit,2,57,200,19.270700,
proposed,12,1,perf-proposed-r012-20260818T054650Z,loan_to_credit,2,58,200,17.551800,
proposed,12,1,perf-proposed-r012-20260818T054650Z,loan_to_credit,2,59,200,17.758200,
proposed,12,1,perf-proposed-r012-20260818T054650Z,loan_to_credit,2,60,200,17.897000,
proposed,12,1,perf-proposed-r012-20260818T054650Z,loan_to_credit,2,61,200,16.911800,
proposed,12,1,perf-proposed-r012-20260818T054650Z,loan_to_credit,2,62,200,17.896500,
proposed,12,1,perf-proposed-r012-20260818T054650Z,loan_to_credit,2,63,200,18.151200,
proposed,12,1,perf-proposed-r012-20260818T054650Z,loan_to_credit,2,64,200,17.185400,
proposed,12,1,perf-proposed-r012-20260818T054650Z,loan_to_credit,2,65,200,18.054700,
proposed,12,1,perf-proposed-r012-20260818T054650Z,loan_to_credit,2,66,200,17.794900,
proposed,12,1,perf-proposed-r012-20260818T054650Z,loan_to_credit,2,67,200,17.617400,
proposed,12,1,perf-proposed-r012-20260818T054650Z,loan_to_credit,2,68,200,16.949100,
proposed,12,1,perf-proposed-r012-20260818T054650Z,loan_to_credit,2,69,200,17.203800,
proposed,12,1,perf-proposed-r012-20260818T054650Z,loan_to_credit,2,70,200,16.928700,
proposed,12,1,perf-proposed-r012-20260818T054650Z,loan_to_credit,2,71,200,18.061900,
proposed,12,1,perf-proposed-r012-20260818T054650Z,loan_to_credit,2,72,200,18.267500,
proposed,12,1,perf-proposed-r012-20260818T054650Z,loan_to_credit,2,73,200,16.547400,
proposed,12,1,perf-proposed-r012-20260818T054650Z,loan_to_credit,2,74,200,17.069600,
proposed,12,1,perf-proposed-r012-20260818T054650Z,loan_to_credit,2,75,200,19.827700,
proposed,12,1,perf-proposed-r012-20260818T054650Z,loan_to_credit,2,76,200,16.955600,
proposed,12,1,perf-proposed-r012-20260818T054650Z,loan_to_credit,2,77,200,17.188800,
proposed,12,1,perf-proposed-r012-20260818T054650Z,loan_to_credit,2,78,200,16.994200,
proposed,12,1,perf-proposed-r012-20260818T054650Z,loan_to_credit,2,79,200,16.607400,
proposed,12,1,perf-proposed-r012-20260818T054650Z,loan_to_credit,2,80,200,16.912500,
proposed,12,1,perf-proposed-r012-20260818T054650Z,loan_to_credit,2,81,200,15.951000,
proposed,12,1,perf-proposed-r012-20260818T054650Z,loan_to_credit,2,82,200,16.234900,
proposed,12,1,perf-proposed-r012-20260818T054650Z,loan_to_credit,2,83,200,17.177100,
proposed,12,1,perf-proposed-r012-20260818T054650Z,loan_to_credit,2,84,200,16.852300,
proposed,12,1,perf-proposed-r012-20260818T054650Z,loan_to_credit,2,85,200,16.888400,
proposed,12,1,perf-proposed-r012-20260818T054650Z,loan_to_credit,2,86,200,17.988700,
proposed,12,1,perf-proposed-r012-20260818T054650Z,loan_to_credit,2,87,200,16.778400,
proposed,12,1,perf-proposed-r012-20260818T054650Z,loan_to_credit,2,88,200,15.753500,
proposed,12,1,perf-proposed-r012-20260818T054650Z,loan_to_credit,2,89,200,16.427600,
proposed,12,1,perf-proposed-r012-20260818T054650Z,loan_to_credit,2,90,200,17.105800,
proposed,12,1,perf-proposed-r012-20260818T054650Z,loan_to_credit,2,91,200,16.741000,
proposed,12,1,perf-proposed-r012-20260818T054650Z,loan_to_credit,2,92,200,15.972500,
proposed,12,1,perf-proposed-r012-20260818T054650Z,loan_to_credit,2,93,200,15.840000,
proposed,12,1,perf-proposed-r012-20260818T054650Z,loan_to_credit,2,94,200,17.238400,
proposed,12,1,perf-proposed-r012-20260818T054650Z,loan_to_credit,2,95,200,16.688100,
proposed,12,1,perf-proposed-r012-20260818T054650Z,loan_to_credit,2,96,200,17.139000,
proposed,12,1,perf-proposed-r012-20260818T054650Z,loan_to_credit,2,97,200,16.928100,
proposed,12,1,perf-proposed-r012-20260818T054650Z,loan_to_credit,2,98,200,17.133900,
proposed,12,1,perf-proposed-r012-20260818T054650Z,loan_to_credit,2,99,200,16.914800,
proposed,12,1,perf-proposed-r012-20260818T054650Z,loan_to_credit,2,100,200,17.211100,
proposed,12,1,perf-proposed-r012-20260818T054650Z,loan_to_credit,2,101,200,16.547100,
proposed,12,1,perf-proposed-r012-20260818T054650Z,loan_to_credit,2,102,200,17.243600,
proposed,12,1,perf-proposed-r012-20260818T054650Z,loan_to_credit,2,103,200,17.070400,
proposed,12,1,perf-proposed-r012-20260818T054650Z,loan_to_credit,2,104,200,17.879600,
proposed,12,1,perf-proposed-r012-20260818T054650Z,loan_to_credit,2,105,200,17.147900,
proposed,12,1,perf-proposed-r012-20260818T054650Z,loan_to_credit,2,106,200,16.707700,
proposed,12,1,perf-proposed-r012-20260818T054650Z,loan_to_credit,2,107,200,16.981900,
proposed,12,1,perf-proposed-r012-20260818T054650Z,loan_to_credit,2,108,200,16.946800,
proposed,12,1,perf-proposed-r012-20260818T054650Z,loan_to_credit,2,109,200,17.557400,
proposed,12,1,perf-proposed-r012-20260818T054650Z,loan_to_credit,2,110,200,16.422300,
proposed,12,1,perf-proposed-r012-20260818T054650Z,loan_to_credit,2,111,200,17.277700,
proposed,12,1,perf-proposed-r012-20260818T054650Z,loan_to_credit,2,112,200,16.850600,
proposed,12,1,perf-proposed-r012-20260818T054650Z,loan_to_credit,2,113,200,17.282600,
proposed,12,1,perf-proposed-r012-20260818T054650Z,loan_to_credit,2,114,200,16.597800,
proposed,12,1,perf-proposed-r012-20260818T054650Z,loan_to_credit,2,115,200,17.224100,
proposed,12,1,perf-proposed-r012-20260818T054650Z,loan_to_credit,2,116,200,16.756800,
proposed,12,1,perf-proposed-r012-20260818T054650Z,loan_to_credit,2,117,200,15.871600,
proposed,12,1,perf-proposed-r012-20260818T054650Z,loan_to_credit,2,118,200,15.736500,
proposed,12,1,perf-proposed-r012-20260818T054650Z,loan_to_credit,2,119,200,15.939500,
proposed,12,1,perf-proposed-r012-20260818T054650Z,loan_to_credit,2,120,200,15.887100,
proposed,12,1,perf-proposed-r012-20260818T054650Z,loan_to_credit,2,121,200,16.350600,
proposed,12,1,perf-proposed-r012-20260818T054650Z,loan_to_credit,2,122,200,16.840800,
proposed,12,1,perf-proposed-r012-20260818T054650Z,loan_to_credit,2,123,200,16.915800,
proposed,12,1,perf-proposed-r012-20260818T054650Z,loan_to_credit,2,124,200,19.353000,
proposed,12,1,perf-proposed-r012-20260818T054650Z,loan_to_credit,2,125,200,20.293500,
proposed,12,1,perf-proposed-r012-20260818T054650Z,loan_to_credit,2,126,200,18.070300,
proposed,12,1,perf-proposed-r012-20260818T054650Z,loan_to_credit,2,127,200,18.340900,
proposed,12,1,perf-proposed-r012-20260818T054650Z,loan_to_credit,2,128,200,17.103100,
proposed,12,1,perf-proposed-r012-20260818T054650Z,loan_to_credit,2,129,200,16.987100,
proposed,12,1,perf-proposed-r012-20260818T054650Z,loan_to_credit,2,130,200,16.197900,
proposed,12,1,perf-proposed-r012-20260818T054650Z,loan_to_credit,2,131,200,16.920300,
proposed,12,1,perf-proposed-r012-20260818T054650Z,loan_to_credit,2,132,200,15.797700,
proposed,12,1,perf-proposed-r012-20260818T054650Z,loan_to_credit,2,133,200,16.684300,
proposed,12,1,perf-proposed-r012-20260818T054650Z,loan_to_credit,2,134,200,17.216200,
proposed,12,1,perf-proposed-r012-20260818T054650Z,loan_to_credit,2,135,200,17.767900,
proposed,12,1,perf-proposed-r012-20260818T054650Z,loan_to_credit,2,136,200,16.506000,
proposed,12,1,perf-proposed-r012-20260818T054650Z,loan_to_credit,2,137,200,17.267500,
proposed,12,1,perf-proposed-r012-20260818T054650Z,loan_to_credit,2,138,200,17.342100,
proposed,12,1,perf-proposed-r012-20260818T054650Z,loan_to_credit,2,139,200,15.894000,
proposed,12,1,perf-proposed-r012-20260818T054650Z,loan_to_credit,2,140,200,17.340200,
proposed,12,1,perf-proposed-r012-20260818T054650Z,loan_to_credit,2,141,200,16.956300,
proposed,12,1,perf-proposed-r012-20260818T054650Z,loan_to_credit,2,142,200,16.461800,
proposed,12,1,perf-proposed-r012-20260818T054650Z,loan_to_credit,2,143,200,17.377200,
proposed,12,1,perf-proposed-r012-20260818T054650Z,loan_to_credit,2,144,200,16.793300,
proposed,12,1,perf-proposed-r012-20260818T054650Z,loan_to_credit,2,145,200,16.913900,
proposed,12,1,perf-proposed-r012-20260818T054650Z,loan_to_credit,2,146,200,16.737500,
proposed,12,1,perf-proposed-r012-20260818T054650Z,loan_to_credit,2,147,200,17.095100,
proposed,12,1,perf-proposed-r012-20260818T054650Z,loan_to_credit,2,148,200,16.120500,
proposed,12,1,perf-proposed-r012-20260818T054650Z,loan_to_credit,2,149,200,15.765300,
proposed,12,1,perf-proposed-r012-20260818T054650Z,loan_to_credit,2,150,200,17.220600,
proposed,12,1,perf-proposed-r012-20260818T054650Z,loan_to_credit,2,151,200,15.895900,
proposed,12,1,perf-proposed-r012-20260818T054650Z,loan_to_credit,2,152,200,16.232000,
proposed,12,1,perf-proposed-r012-20260818T054650Z,loan_to_credit,2,153,200,15.647600,
proposed,12,1,perf-proposed-r012-20260818T054650Z,loan_to_credit,2,154,200,16.074200,
proposed,12,1,perf-proposed-r012-20260818T054650Z,loan_to_credit,2,155,200,16.110900,
proposed,12,1,perf-proposed-r012-20260818T054650Z,loan_to_credit,2,156,200,16.034000,
proposed,12,1,perf-proposed-r012-20260818T054650Z,loan_to_credit,2,157,200,16.943800,
proposed,12,1,perf-proposed-r012-20260818T054650Z,loan_to_credit,2,158,200,16.086500,
proposed,12,1,perf-proposed-r012-20260818T054650Z,loan_to_credit,2,159,200,16.586500,
proposed,12,1,perf-proposed-r012-20260818T054650Z,loan_to_credit,2,160,200,16.440600,
proposed,12,1,perf-proposed-r012-20260818T054650Z,loan_to_credit,2,161,200,16.552300,
proposed,12,1,perf-proposed-r012-20260818T054650Z,loan_to_credit,2,162,200,16.493500,
proposed,12,1,perf-proposed-r012-20260818T054650Z,loan_to_credit,2,163,200,19.384400,
proposed,12,1,perf-proposed-r012-20260818T054650Z,loan_to_credit,2,164,200,19.007300,
proposed,12,1,perf-proposed-r012-20260818T054650Z,loan_to_credit,2,165,200,18.094100,
proposed,12,1,perf-proposed-r012-20260818T054650Z,loan_to_credit,2,166,200,19.879200,
proposed,12,1,perf-proposed-r012-20260818T054650Z,loan_to_credit,2,167,200,18.829000,
proposed,12,1,perf-proposed-r012-20260818T054650Z,loan_to_credit,2,168,200,18.726200,
proposed,12,1,perf-proposed-r012-20260818T054650Z,loan_to_credit,2,169,200,17.611800,
proposed,12,1,perf-proposed-r012-20260818T054650Z,loan_to_credit,2,170,200,18.970700,
proposed,12,1,perf-proposed-r012-20260818T054650Z,loan_to_credit,2,171,200,19.042800,
proposed,12,1,perf-proposed-r012-20260818T054650Z,loan_to_credit,2,172,200,19.386800,
proposed,12,1,perf-proposed-r012-20260818T054650Z,loan_to_credit,2,173,200,18.739100,
proposed,12,1,perf-proposed-r012-20260818T054650Z,loan_to_credit,2,174,200,18.682700,
proposed,12,1,perf-proposed-r012-20260818T054650Z,loan_to_credit,2,175,200,18.951100,
proposed,12,1,perf-proposed-r012-20260818T054650Z,loan_to_credit,2,176,200,19.266100,
proposed,12,1,perf-proposed-r012-20260818T054650Z,loan_to_credit,2,177,200,19.312000,
proposed,12,1,perf-proposed-r012-20260818T054650Z,loan_to_credit,2,178,200,19.337100,
proposed,12,1,perf-proposed-r012-20260818T054650Z,loan_to_credit,2,179,200,18.999000,
proposed,12,1,perf-proposed-r012-20260818T054650Z,loan_to_credit,2,180,200,17.842900,
proposed,12,1,perf-proposed-r012-20260818T054650Z,loan_to_credit,2,181,200,19.722000,
proposed,12,1,perf-proposed-r012-20260818T054650Z,loan_to_credit,2,182,200,18.207300,
proposed,12,1,perf-proposed-r012-20260818T054650Z,loan_to_credit,2,183,200,18.020200,
proposed,12,1,perf-proposed-r012-20260818T054650Z,loan_to_credit,2,184,200,17.774100,
proposed,12,1,perf-proposed-r012-20260818T054650Z,loan_to_credit,2,185,200,17.957100,
proposed,12,1,perf-proposed-r012-20260818T054650Z,loan_to_credit,2,186,200,18.927100,
proposed,12,1,perf-proposed-r012-20260818T054650Z,loan_to_credit,2,187,200,18.370600,
proposed,12,1,perf-proposed-r012-20260818T054650Z,loan_to_credit,2,188,200,18.825900,
proposed,12,1,perf-proposed-r012-20260818T054650Z,loan_to_credit,2,189,200,17.901100,
proposed,12,1,perf-proposed-r012-20260818T054650Z,loan_to_credit,2,190,200,19.253900,
proposed,12,1,perf-proposed-r012-20260818T054650Z,loan_to_credit,2,191,200,20.491700,
proposed,12,1,perf-proposed-r012-20260818T054650Z,loan_to_credit,2,192,200,18.683700,
proposed,12,1,perf-proposed-r012-20260818T054650Z,loan_to_credit,2,193,200,17.481400,
proposed,12,1,perf-proposed-r012-20260818T054650Z,loan_to_credit,2,194,200,17.670300,
proposed,12,1,perf-proposed-r012-20260818T054650Z,loan_to_credit,2,195,200,19.264700,
proposed,12,1,perf-proposed-r012-20260818T054650Z,loan_to_credit,2,196,200,18.105200,
proposed,12,1,perf-proposed-r012-20260818T054650Z,loan_to_credit,2,197,200,17.466300,
proposed,12,1,perf-proposed-r012-20260818T054650Z,loan_to_credit,2,198,200,17.124700,
proposed,12,1,perf-proposed-r012-20260818T054650Z,loan_to_credit,2,199,200,17.688100,
proposed,12,1,perf-proposed-r012-20260818T054650Z,loan_to_credit,2,200,200,16.822600,
proposed,12,1,perf-proposed-r012-20260818T054650Z,loan_to_credit,3,1,200,17.267700,
proposed,12,1,perf-proposed-r012-20260818T054650Z,loan_to_credit,3,2,200,16.812000,
proposed,12,1,perf-proposed-r012-20260818T054650Z,loan_to_credit,3,3,200,17.442600,
proposed,12,1,perf-proposed-r012-20260818T054650Z,loan_to_credit,3,4,200,16.558500,
proposed,12,1,perf-proposed-r012-20260818T054650Z,loan_to_credit,3,5,200,17.264800,
proposed,12,1,perf-proposed-r012-20260818T054650Z,loan_to_credit,3,6,200,17.014300,
proposed,12,1,perf-proposed-r012-20260818T054650Z,loan_to_credit,3,7,200,16.384300,
proposed,12,1,perf-proposed-r012-20260818T054650Z,loan_to_credit,3,8,200,16.025300,
proposed,12,1,perf-proposed-r012-20260818T054650Z,loan_to_credit,3,9,200,16.016900,
proposed,12,1,perf-proposed-r012-20260818T054650Z,loan_to_credit,3,10,200,15.643100,
proposed,12,1,perf-proposed-r012-20260818T054650Z,loan_to_credit,3,11,200,16.279700,
proposed,12,1,perf-proposed-r012-20260818T054650Z,loan_to_credit,3,12,200,16.892600,
proposed,12,1,perf-proposed-r012-20260818T054650Z,loan_to_credit,3,13,200,16.209600,
proposed,12,1,perf-proposed-r012-20260818T054650Z,loan_to_credit,3,14,200,16.834500,
proposed,12,1,perf-proposed-r012-20260818T054650Z,loan_to_credit,3,15,200,17.249600,
proposed,12,1,perf-proposed-r012-20260818T054650Z,loan_to_credit,3,16,200,16.569500,
proposed,12,1,perf-proposed-r012-20260818T054650Z,loan_to_credit,3,17,200,17.290400,
proposed,12,1,perf-proposed-r012-20260818T054650Z,loan_to_credit,3,18,200,17.022800,
proposed,12,1,perf-proposed-r012-20260818T054650Z,loan_to_credit,3,19,200,17.135400,
proposed,12,1,perf-proposed-r012-20260818T054650Z,loan_to_credit,3,20,200,17.209600,
proposed,12,1,perf-proposed-r012-20260818T054650Z,loan_to_credit,3,21,200,17.149900,
proposed,12,1,perf-proposed-r012-20260818T054650Z,loan_to_credit,3,22,200,17.683600,
proposed,12,1,perf-proposed-r012-20260818T054650Z,loan_to_credit,3,23,200,22.858300,
proposed,12,1,perf-proposed-r012-20260818T054650Z,loan_to_credit,3,24,200,22.107700,
proposed,12,1,perf-proposed-r012-20260818T054650Z,loan_to_credit,3,25,200,20.537800,
proposed,12,1,perf-proposed-r012-20260818T054650Z,loan_to_credit,3,26,200,18.875100,
proposed,12,1,perf-proposed-r012-20260818T054650Z,loan_to_credit,3,27,200,17.640300,
proposed,12,1,perf-proposed-r012-20260818T054650Z,loan_to_credit,3,28,200,17.094900,
proposed,12,1,perf-proposed-r012-20260818T054650Z,loan_to_credit,3,29,200,16.773300,
proposed,12,1,perf-proposed-r012-20260818T054650Z,loan_to_credit,3,30,200,16.770200,
proposed,12,1,perf-proposed-r012-20260818T054650Z,loan_to_credit,3,31,200,16.975500,
proposed,12,1,perf-proposed-r012-20260818T054650Z,loan_to_credit,3,32,200,17.238300,
proposed,12,1,perf-proposed-r012-20260818T054650Z,loan_to_credit,3,33,200,16.802000,
proposed,12,1,perf-proposed-r012-20260818T054650Z,loan_to_credit,3,34,200,17.301100,
proposed,12,1,perf-proposed-r012-20260818T054650Z,loan_to_credit,3,35,200,17.780600,
proposed,12,1,perf-proposed-r012-20260818T054650Z,loan_to_credit,3,36,200,16.797100,
proposed,12,1,perf-proposed-r012-20260818T054650Z,loan_to_credit,3,37,200,17.006200,
proposed,12,1,perf-proposed-r012-20260818T054650Z,loan_to_credit,3,38,200,16.814800,
proposed,12,1,perf-proposed-r012-20260818T054650Z,loan_to_credit,3,39,200,17.013500,
proposed,12,1,perf-proposed-r012-20260818T054650Z,loan_to_credit,3,40,200,16.960300,
proposed,12,1,perf-proposed-r012-20260818T054650Z,loan_to_credit,3,41,200,17.081500,
proposed,12,1,perf-proposed-r012-20260818T054650Z,loan_to_credit,3,42,200,17.557100,
proposed,12,1,perf-proposed-r012-20260818T054650Z,loan_to_credit,3,43,200,16.880500,
proposed,12,1,perf-proposed-r012-20260818T054650Z,loan_to_credit,3,44,200,16.596400,
proposed,12,1,perf-proposed-r012-20260818T054650Z,loan_to_credit,3,45,200,17.252900,
proposed,12,1,perf-proposed-r012-20260818T054650Z,loan_to_credit,3,46,200,16.044500,
proposed,12,1,perf-proposed-r012-20260818T054650Z,loan_to_credit,3,47,200,16.331000,
proposed,12,1,perf-proposed-r012-20260818T054650Z,loan_to_credit,3,48,200,17.200700,
proposed,12,1,perf-proposed-r012-20260818T054650Z,loan_to_credit,3,49,200,17.136800,
proposed,12,1,perf-proposed-r012-20260818T054650Z,loan_to_credit,3,50,200,16.646400,
proposed,12,1,perf-proposed-r012-20260818T054650Z,loan_to_credit,3,51,200,17.055400,
proposed,12,1,perf-proposed-r012-20260818T054650Z,loan_to_credit,3,52,200,16.852400,
proposed,12,1,perf-proposed-r012-20260818T054650Z,loan_to_credit,3,53,200,17.240600,
proposed,12,1,perf-proposed-r012-20260818T054650Z,loan_to_credit,3,54,200,16.633000,
proposed,12,1,perf-proposed-r012-20260818T054650Z,loan_to_credit,3,55,200,16.885800,
proposed,12,1,perf-proposed-r012-20260818T054650Z,loan_to_credit,3,56,200,15.831800,
proposed,12,1,perf-proposed-r012-20260818T054650Z,loan_to_credit,3,57,200,16.506100,
proposed,12,1,perf-proposed-r012-20260818T054650Z,loan_to_credit,3,58,200,17.209600,
proposed,12,1,perf-proposed-r012-20260818T054650Z,loan_to_credit,3,59,200,16.462700,
proposed,12,1,perf-proposed-r012-20260818T054650Z,loan_to_credit,3,60,200,16.059400,
proposed,12,1,perf-proposed-r012-20260818T054650Z,loan_to_credit,3,61,200,15.919800,
proposed,12,1,perf-proposed-r012-20260818T054650Z,loan_to_credit,3,62,200,16.029600,
proposed,12,1,perf-proposed-r012-20260818T054650Z,loan_to_credit,3,63,200,15.854800,
proposed,12,1,perf-proposed-r012-20260818T054650Z,loan_to_credit,3,64,200,16.255500,
proposed,12,1,perf-proposed-r012-20260818T054650Z,loan_to_credit,3,65,200,16.804400,
proposed,12,1,perf-proposed-r012-20260818T054650Z,loan_to_credit,3,66,200,16.674300,
proposed,12,1,perf-proposed-r012-20260818T054650Z,loan_to_credit,3,67,200,16.158400,
proposed,12,1,perf-proposed-r012-20260818T054650Z,loan_to_credit,3,68,200,16.169400,
proposed,12,1,perf-proposed-r012-20260818T054650Z,loan_to_credit,3,69,200,15.865400,
proposed,12,1,perf-proposed-r012-20260818T054650Z,loan_to_credit,3,70,200,18.072300,
proposed,12,1,perf-proposed-r012-20260818T054650Z,loan_to_credit,3,71,200,16.829800,
proposed,12,1,perf-proposed-r012-20260818T054650Z,loan_to_credit,3,72,200,16.055100,
proposed,12,1,perf-proposed-r012-20260818T054650Z,loan_to_credit,3,73,200,15.924900,
proposed,12,1,perf-proposed-r012-20260818T054650Z,loan_to_credit,3,74,200,17.149700,
proposed,12,1,perf-proposed-r012-20260818T054650Z,loan_to_credit,3,75,200,15.895100,
proposed,12,1,perf-proposed-r012-20260818T054650Z,loan_to_credit,3,76,200,17.388000,
proposed,12,1,perf-proposed-r012-20260818T054650Z,loan_to_credit,3,77,200,16.694700,
proposed,12,1,perf-proposed-r012-20260818T054650Z,loan_to_credit,3,78,200,17.067100,
proposed,12,1,perf-proposed-r012-20260818T054650Z,loan_to_credit,3,79,200,16.624400,
proposed,12,1,perf-proposed-r012-20260818T054650Z,loan_to_credit,3,80,200,16.143800,
proposed,12,1,perf-proposed-r012-20260818T054650Z,loan_to_credit,3,81,200,16.960500,
proposed,12,1,perf-proposed-r012-20260818T054650Z,loan_to_credit,3,82,200,17.613200,
proposed,12,1,perf-proposed-r012-20260818T054650Z,loan_to_credit,3,83,200,18.296700,
proposed,12,1,perf-proposed-r012-20260818T054650Z,loan_to_credit,3,84,200,17.328200,
proposed,12,1,perf-proposed-r012-20260818T054650Z,loan_to_credit,3,85,200,20.706600,
proposed,12,1,perf-proposed-r012-20260818T054650Z,loan_to_credit,3,86,200,18.936300,
proposed,12,1,perf-proposed-r012-20260818T054650Z,loan_to_credit,3,87,200,18.869800,
proposed,12,1,perf-proposed-r012-20260818T054650Z,loan_to_credit,3,88,200,17.880900,
proposed,12,1,perf-proposed-r012-20260818T054650Z,loan_to_credit,3,89,200,17.671700,
proposed,12,1,perf-proposed-r012-20260818T054650Z,loan_to_credit,3,90,200,16.804300,
proposed,12,1,perf-proposed-r012-20260818T054650Z,loan_to_credit,3,91,200,17.130100,
proposed,12,1,perf-proposed-r012-20260818T054650Z,loan_to_credit,3,92,200,16.416500,
proposed,12,1,perf-proposed-r012-20260818T054650Z,loan_to_credit,3,93,200,15.960400,
proposed,12,1,perf-proposed-r012-20260818T054650Z,loan_to_credit,3,94,200,17.105200,
proposed,12,1,perf-proposed-r012-20260818T054650Z,loan_to_credit,3,95,200,17.104100,
proposed,12,1,perf-proposed-r012-20260818T054650Z,loan_to_credit,3,96,200,15.467300,
proposed,12,1,perf-proposed-r012-20260818T054650Z,loan_to_credit,3,97,200,16.261300,
proposed,12,1,perf-proposed-r012-20260818T054650Z,loan_to_credit,3,98,200,18.483500,
proposed,12,1,perf-proposed-r012-20260818T054650Z,loan_to_credit,3,99,200,17.848400,
proposed,12,1,perf-proposed-r012-20260818T054650Z,loan_to_credit,3,100,200,17.287400,
proposed,12,1,perf-proposed-r012-20260818T054650Z,loan_to_credit,3,101,200,16.626100,
proposed,12,1,perf-proposed-r012-20260818T054650Z,loan_to_credit,3,102,200,15.890300,
proposed,12,1,perf-proposed-r012-20260818T054650Z,loan_to_credit,3,103,200,17.167700,
proposed,12,1,perf-proposed-r012-20260818T054650Z,loan_to_credit,3,104,200,16.364100,
proposed,12,1,perf-proposed-r012-20260818T054650Z,loan_to_credit,3,105,200,16.277400,
proposed,12,1,perf-proposed-r012-20260818T054650Z,loan_to_credit,3,106,200,19.685600,
proposed,12,1,perf-proposed-r012-20260818T054650Z,loan_to_credit,3,107,200,19.381000,
proposed,12,1,perf-proposed-r012-20260818T054650Z,loan_to_credit,3,108,200,19.522400,
proposed,12,1,perf-proposed-r012-20260818T054650Z,loan_to_credit,3,109,200,17.912500,
proposed,12,1,perf-proposed-r012-20260818T054650Z,loan_to_credit,3,110,200,17.599200,
proposed,12,1,perf-proposed-r012-20260818T054650Z,loan_to_credit,3,111,200,18.841100,
proposed,12,1,perf-proposed-r012-20260818T054650Z,loan_to_credit,3,112,200,17.619900,
proposed,12,1,perf-proposed-r012-20260818T054650Z,loan_to_credit,3,113,200,17.782300,
proposed,12,1,perf-proposed-r012-20260818T054650Z,loan_to_credit,3,114,200,17.456100,
proposed,12,1,perf-proposed-r012-20260818T054650Z,loan_to_credit,3,115,200,17.129400,
proposed,12,1,perf-proposed-r012-20260818T054650Z,loan_to_credit,3,116,200,17.019700,
proposed,12,1,perf-proposed-r012-20260818T054650Z,loan_to_credit,3,117,200,16.855800,
proposed,12,1,perf-proposed-r012-20260818T054650Z,loan_to_credit,3,118,200,16.870500,
proposed,12,1,perf-proposed-r012-20260818T054650Z,loan_to_credit,3,119,200,16.970200,
proposed,12,1,perf-proposed-r012-20260818T054650Z,loan_to_credit,3,120,200,16.009600,
proposed,12,1,perf-proposed-r012-20260818T054650Z,loan_to_credit,3,121,200,17.407800,
proposed,12,1,perf-proposed-r012-20260818T054650Z,loan_to_credit,3,122,200,16.375500,
proposed,12,1,perf-proposed-r012-20260818T054650Z,loan_to_credit,3,123,200,16.069400,
proposed,12,1,perf-proposed-r012-20260818T054650Z,loan_to_credit,3,124,200,16.342700,
proposed,12,1,perf-proposed-r012-20260818T054650Z,loan_to_credit,3,125,200,16.800700,
proposed,12,1,perf-proposed-r012-20260818T054650Z,loan_to_credit,3,126,200,17.154900,
proposed,12,1,perf-proposed-r012-20260818T054650Z,loan_to_credit,3,127,200,16.755100,
proposed,12,1,perf-proposed-r012-20260818T054650Z,loan_to_credit,3,128,200,16.587000,
proposed,12,1,perf-proposed-r012-20260818T054650Z,loan_to_credit,3,129,200,16.386900,
proposed,12,1,perf-proposed-r012-20260818T054650Z,loan_to_credit,3,130,200,16.784400,
proposed,12,1,perf-proposed-r012-20260818T054650Z,loan_to_credit,3,131,200,17.054400,
proposed,12,1,perf-proposed-r012-20260818T054650Z,loan_to_credit,3,132,200,16.047500,
proposed,12,1,perf-proposed-r012-20260818T054650Z,loan_to_credit,3,133,200,15.835100,
proposed,12,1,perf-proposed-r012-20260818T054650Z,loan_to_credit,3,134,200,15.969900,
proposed,12,1,perf-proposed-r012-20260818T054650Z,loan_to_credit,3,135,200,16.469500,
proposed,12,1,perf-proposed-r012-20260818T054650Z,loan_to_credit,3,136,200,16.581000,
proposed,12,1,perf-proposed-r012-20260818T054650Z,loan_to_credit,3,137,200,16.229400,
proposed,12,1,perf-proposed-r012-20260818T054650Z,loan_to_credit,3,138,200,16.984600,
proposed,12,1,perf-proposed-r012-20260818T054650Z,loan_to_credit,3,139,200,16.649100,
proposed,12,1,perf-proposed-r012-20260818T054650Z,loan_to_credit,3,140,200,16.103800,
proposed,12,1,perf-proposed-r012-20260818T054650Z,loan_to_credit,3,141,200,16.117000,
proposed,12,1,perf-proposed-r012-20260818T054650Z,loan_to_credit,3,142,200,16.952500,
proposed,12,1,perf-proposed-r012-20260818T054650Z,loan_to_credit,3,143,200,17.482800,
proposed,12,1,perf-proposed-r012-20260818T054650Z,loan_to_credit,3,144,200,17.888600,
proposed,12,1,perf-proposed-r012-20260818T054650Z,loan_to_credit,3,145,200,17.930400,
proposed,12,1,perf-proposed-r012-20260818T054650Z,loan_to_credit,3,146,200,16.866900,
proposed,12,1,perf-proposed-r012-20260818T054650Z,loan_to_credit,3,147,200,17.659000,
proposed,12,1,perf-proposed-r012-20260818T054650Z,loan_to_credit,3,148,200,16.975700,
proposed,12,1,perf-proposed-r012-20260818T054650Z,loan_to_credit,3,149,200,18.852000,
proposed,12,1,perf-proposed-r012-20260818T054650Z,loan_to_credit,3,150,200,19.866400,
proposed,12,1,perf-proposed-r012-20260818T054650Z,loan_to_credit,3,151,200,20.511000,
proposed,12,1,perf-proposed-r012-20260818T054650Z,loan_to_credit,3,152,200,18.585400,
proposed,12,1,perf-proposed-r012-20260818T054650Z,loan_to_credit,3,153,200,17.581100,
proposed,12,1,perf-proposed-r012-20260818T054650Z,loan_to_credit,3,154,200,17.892300,
proposed,12,1,perf-proposed-r012-20260818T054650Z,loan_to_credit,3,155,200,18.557900,
proposed,12,1,perf-proposed-r012-20260818T054650Z,loan_to_credit,3,156,200,17.550600,
proposed,12,1,perf-proposed-r012-20260818T054650Z,loan_to_credit,3,157,200,16.808300,
proposed,12,1,perf-proposed-r012-20260818T054650Z,loan_to_credit,3,158,200,16.983500,
proposed,12,1,perf-proposed-r012-20260818T054650Z,loan_to_credit,3,159,200,16.408600,
proposed,12,1,perf-proposed-r012-20260818T054650Z,loan_to_credit,3,160,200,16.268300,
proposed,12,1,perf-proposed-r012-20260818T054650Z,loan_to_credit,3,161,200,16.171600,
proposed,12,1,perf-proposed-r012-20260818T054650Z,loan_to_credit,3,162,200,16.687000,
proposed,12,1,perf-proposed-r012-20260818T054650Z,loan_to_credit,3,163,200,16.172200,
proposed,12,1,perf-proposed-r012-20260818T054650Z,loan_to_credit,3,164,200,17.421200,
proposed,12,1,perf-proposed-r012-20260818T054650Z,loan_to_credit,3,165,200,18.587900,
proposed,12,1,perf-proposed-r012-20260818T054650Z,loan_to_credit,3,166,200,17.177300,
proposed,12,1,perf-proposed-r012-20260818T054650Z,loan_to_credit,3,167,200,17.136100,
proposed,12,1,perf-proposed-r012-20260818T054650Z,loan_to_credit,3,168,200,17.910900,
proposed,12,1,perf-proposed-r012-20260818T054650Z,loan_to_credit,3,169,200,16.176800,
proposed,12,1,perf-proposed-r012-20260818T054650Z,loan_to_credit,3,170,200,16.656400,
proposed,12,1,perf-proposed-r012-20260818T054650Z,loan_to_credit,3,171,200,16.524800,
proposed,12,1,perf-proposed-r012-20260818T054650Z,loan_to_credit,3,172,200,17.113400,
proposed,12,1,perf-proposed-r012-20260818T054650Z,loan_to_credit,3,173,200,19.344500,
proposed,12,1,perf-proposed-r012-20260818T054650Z,loan_to_credit,3,174,200,18.036800,
proposed,12,1,perf-proposed-r012-20260818T054650Z,loan_to_credit,3,175,200,17.794400,
proposed,12,1,perf-proposed-r012-20260818T054650Z,loan_to_credit,3,176,200,17.937000,
proposed,12,1,perf-proposed-r012-20260818T054650Z,loan_to_credit,3,177,200,17.800600,
proposed,12,1,perf-proposed-r012-20260818T054650Z,loan_to_credit,3,178,200,16.884000,
proposed,12,1,perf-proposed-r012-20260818T054650Z,loan_to_credit,3,179,200,16.024700,
proposed,12,1,perf-proposed-r012-20260818T054650Z,loan_to_credit,3,180,200,17.494200,
proposed,12,1,perf-proposed-r012-20260818T054650Z,loan_to_credit,3,181,200,17.731300,
proposed,12,1,perf-proposed-r012-20260818T054650Z,loan_to_credit,3,182,200,16.654500,
proposed,12,1,perf-proposed-r012-20260818T054650Z,loan_to_credit,3,183,200,16.108000,
proposed,12,1,perf-proposed-r012-20260818T054650Z,loan_to_credit,3,184,200,17.134500,
proposed,12,1,perf-proposed-r012-20260818T054650Z,loan_to_credit,3,185,200,16.688300,
proposed,12,1,perf-proposed-r012-20260818T054650Z,loan_to_credit,3,186,200,15.808700,
proposed,12,1,perf-proposed-r012-20260818T054650Z,loan_to_credit,3,187,200,16.169700,
proposed,12,1,perf-proposed-r012-20260818T054650Z,loan_to_credit,3,188,200,17.329400,
proposed,12,1,perf-proposed-r012-20260818T054650Z,loan_to_credit,3,189,200,17.597600,
proposed,12,1,perf-proposed-r012-20260818T054650Z,loan_to_credit,3,190,200,16.842900,
proposed,12,1,perf-proposed-r012-20260818T054650Z,loan_to_credit,3,191,200,16.189600,
proposed,12,1,perf-proposed-r012-20260818T054650Z,loan_to_credit,3,192,200,16.383500,
proposed,12,1,perf-proposed-r012-20260818T054650Z,loan_to_credit,3,193,200,16.501800,
proposed,12,1,perf-proposed-r012-20260818T054650Z,loan_to_credit,3,194,200,16.232000,
proposed,12,1,perf-proposed-r012-20260818T054650Z,loan_to_credit,3,195,200,16.748200,
proposed,12,1,perf-proposed-r012-20260818T054650Z,loan_to_credit,3,196,200,15.720800,
proposed,12,1,perf-proposed-r012-20260818T054650Z,loan_to_credit,3,197,200,16.340800,
proposed,12,1,perf-proposed-r012-20260818T054650Z,loan_to_credit,3,198,200,16.960800,
proposed,12,1,perf-proposed-r012-20260818T054650Z,loan_to_credit,3,199,200,15.929200,
proposed,12,1,perf-proposed-r012-20260818T054650Z,loan_to_credit,3,200,200,16.156900,
proposed,12,1,perf-proposed-r012-20260818T054650Z,loan_to_aml,1,1,200,16.035800,
proposed,12,1,perf-proposed-r012-20260818T054650Z,loan_to_aml,1,2,200,17.050700,
proposed,12,1,perf-proposed-r012-20260818T054650Z,loan_to_aml,1,3,200,16.021000,
proposed,12,1,perf-proposed-r012-20260818T054650Z,loan_to_aml,1,4,200,17.969800,
proposed,12,1,perf-proposed-r012-20260818T054650Z,loan_to_aml,1,5,200,17.187500,
proposed,12,1,perf-proposed-r012-20260818T054650Z,loan_to_aml,1,6,200,16.667100,
proposed,12,1,perf-proposed-r012-20260818T054650Z,loan_to_aml,1,7,200,17.380100,
proposed,12,1,perf-proposed-r012-20260818T054650Z,loan_to_aml,1,8,200,16.638000,
proposed,12,1,perf-proposed-r012-20260818T054650Z,loan_to_aml,1,9,200,16.797600,
proposed,12,1,perf-proposed-r012-20260818T054650Z,loan_to_aml,1,10,200,16.753500,
proposed,12,1,perf-proposed-r012-20260818T054650Z,loan_to_aml,1,11,200,16.305700,
proposed,12,1,perf-proposed-r012-20260818T054650Z,loan_to_aml,1,12,200,20.106000,
proposed,12,1,perf-proposed-r012-20260818T054650Z,loan_to_aml,1,13,200,16.934000,
proposed,12,1,perf-proposed-r012-20260818T054650Z,loan_to_aml,1,14,200,16.960300,
proposed,12,1,perf-proposed-r012-20260818T054650Z,loan_to_aml,1,15,200,17.159100,
proposed,12,1,perf-proposed-r012-20260818T054650Z,loan_to_aml,1,16,200,16.430700,
proposed,12,1,perf-proposed-r012-20260818T054650Z,loan_to_aml,1,17,200,17.154800,
proposed,12,1,perf-proposed-r012-20260818T054650Z,loan_to_aml,1,18,200,15.846900,
proposed,12,1,perf-proposed-r012-20260818T054650Z,loan_to_aml,1,19,200,17.196800,
proposed,12,1,perf-proposed-r012-20260818T054650Z,loan_to_aml,1,20,200,16.927500,
proposed,12,1,perf-proposed-r012-20260818T054650Z,loan_to_aml,1,21,200,16.051200,
proposed,12,1,perf-proposed-r012-20260818T054650Z,loan_to_aml,1,22,200,15.944300,
proposed,12,1,perf-proposed-r012-20260818T054650Z,loan_to_aml,1,23,200,16.924100,
proposed,12,1,perf-proposed-r012-20260818T054650Z,loan_to_aml,1,24,200,16.217600,
proposed,12,1,perf-proposed-r012-20260818T054650Z,loan_to_aml,1,25,200,16.604800,
proposed,12,1,perf-proposed-r012-20260818T054650Z,loan_to_aml,1,26,200,16.385500,
proposed,12,1,perf-proposed-r012-20260818T054650Z,loan_to_aml,1,27,200,16.914700,
proposed,12,1,perf-proposed-r012-20260818T054650Z,loan_to_aml,1,28,200,16.903300,
proposed,12,1,perf-proposed-r012-20260818T054650Z,loan_to_aml,1,29,200,16.989400,
proposed,12,1,perf-proposed-r012-20260818T054650Z,loan_to_aml,1,30,200,16.720300,
proposed,12,1,perf-proposed-r012-20260818T054650Z,loan_to_aml,1,31,200,15.969900,
proposed,12,1,perf-proposed-r012-20260818T054650Z,loan_to_aml,1,32,200,16.668600,
proposed,12,1,perf-proposed-r012-20260818T054650Z,loan_to_aml,1,33,200,16.656200,
proposed,12,1,perf-proposed-r012-20260818T054650Z,loan_to_aml,1,34,200,16.880000,
proposed,12,1,perf-proposed-r012-20260818T054650Z,loan_to_aml,1,35,200,16.761900,
proposed,12,1,perf-proposed-r012-20260818T054650Z,loan_to_aml,1,36,200,15.947100,
proposed,12,1,perf-proposed-r012-20260818T054650Z,loan_to_aml,1,37,200,16.261000,
proposed,12,1,perf-proposed-r012-20260818T054650Z,loan_to_aml,1,38,200,17.361900,
proposed,12,1,perf-proposed-r012-20260818T054650Z,loan_to_aml,1,39,200,17.162000,
proposed,12,1,perf-proposed-r012-20260818T054650Z,loan_to_aml,1,40,200,16.251100,
proposed,12,1,perf-proposed-r012-20260818T054650Z,loan_to_aml,1,41,200,16.841800,
proposed,12,1,perf-proposed-r012-20260818T054650Z,loan_to_aml,1,42,200,19.357100,
proposed,12,1,perf-proposed-r012-20260818T054650Z,loan_to_aml,1,43,200,17.231000,
proposed,12,1,perf-proposed-r012-20260818T054650Z,loan_to_aml,1,44,200,18.009900,
proposed,12,1,perf-proposed-r012-20260818T054650Z,loan_to_aml,1,45,200,17.745800,
proposed,12,1,perf-proposed-r012-20260818T054650Z,loan_to_aml,1,46,200,16.608200,
proposed,12,1,perf-proposed-r012-20260818T054650Z,loan_to_aml,1,47,200,16.678500,
proposed,12,1,perf-proposed-r012-20260818T054650Z,loan_to_aml,1,48,200,16.547400,
proposed,12,1,perf-proposed-r012-20260818T054650Z,loan_to_aml,1,49,200,16.817800,
proposed,12,1,perf-proposed-r012-20260818T054650Z,loan_to_aml,1,50,200,17.370200,
proposed,12,1,perf-proposed-r012-20260818T054650Z,loan_to_aml,1,51,200,16.497900,
proposed,12,1,perf-proposed-r012-20260818T054650Z,loan_to_aml,1,52,200,16.011100,
proposed,12,1,perf-proposed-r012-20260818T054650Z,loan_to_aml,1,53,200,16.164600,
proposed,12,1,perf-proposed-r012-20260818T054650Z,loan_to_aml,1,54,200,17.433600,
proposed,12,1,perf-proposed-r012-20260818T054650Z,loan_to_aml,1,55,200,16.448900,
proposed,12,1,perf-proposed-r012-20260818T054650Z,loan_to_aml,1,56,200,17.101900,
proposed,12,1,perf-proposed-r012-20260818T054650Z,loan_to_aml,1,57,200,16.882900,
proposed,12,1,perf-proposed-r012-20260818T054650Z,loan_to_aml,1,58,200,15.786800,
proposed,12,1,perf-proposed-r012-20260818T054650Z,loan_to_aml,1,59,200,18.183400,
proposed,12,1,perf-proposed-r012-20260818T054650Z,loan_to_aml,1,60,200,17.061500,
proposed,12,1,perf-proposed-r012-20260818T054650Z,loan_to_aml,1,61,200,16.912900,
proposed,12,1,perf-proposed-r012-20260818T054650Z,loan_to_aml,1,62,200,15.919400,
proposed,12,1,perf-proposed-r012-20260818T054650Z,loan_to_aml,1,63,200,17.510400,
proposed,12,1,perf-proposed-r012-20260818T054650Z,loan_to_aml,1,64,200,16.724100,
proposed,12,1,perf-proposed-r012-20260818T054650Z,loan_to_aml,1,65,200,16.610700,
proposed,12,1,perf-proposed-r012-20260818T054650Z,loan_to_aml,1,66,200,16.979000,
proposed,12,1,perf-proposed-r012-20260818T054650Z,loan_to_aml,1,67,200,15.999300,
proposed,12,1,perf-proposed-r012-20260818T054650Z,loan_to_aml,1,68,200,16.080800,
proposed,12,1,perf-proposed-r012-20260818T054650Z,loan_to_aml,1,69,200,17.078200,
proposed,12,1,perf-proposed-r012-20260818T054650Z,loan_to_aml,1,70,200,17.317400,
proposed,12,1,perf-proposed-r012-20260818T054650Z,loan_to_aml,1,71,200,16.477800,
proposed,12,1,perf-proposed-r012-20260818T054650Z,loan_to_aml,1,72,200,17.265900,
proposed,12,1,perf-proposed-r012-20260818T054650Z,loan_to_aml,1,73,200,16.886200,
proposed,12,1,perf-proposed-r012-20260818T054650Z,loan_to_aml,1,74,200,17.099400,
proposed,12,1,perf-proposed-r012-20260818T054650Z,loan_to_aml,1,75,200,16.739300,
proposed,12,1,perf-proposed-r012-20260818T054650Z,loan_to_aml,1,76,200,17.736500,
proposed,12,1,perf-proposed-r012-20260818T054650Z,loan_to_aml,1,77,200,18.975700,
proposed,12,1,perf-proposed-r012-20260818T054650Z,loan_to_aml,1,78,200,17.680300,
proposed,12,1,perf-proposed-r012-20260818T054650Z,loan_to_aml,1,79,200,16.492600,
proposed,12,1,perf-proposed-r012-20260818T054650Z,loan_to_aml,1,80,200,16.896400,
proposed,12,1,perf-proposed-r012-20260818T054650Z,loan_to_aml,1,81,200,16.013800,
proposed,12,1,perf-proposed-r012-20260818T054650Z,loan_to_aml,1,82,200,15.750600,
proposed,12,1,perf-proposed-r012-20260818T054650Z,loan_to_aml,1,83,200,16.039800,
proposed,12,1,perf-proposed-r012-20260818T054650Z,loan_to_aml,1,84,200,15.992900,
proposed,12,1,perf-proposed-r012-20260818T054650Z,loan_to_aml,1,85,200,16.213000,
proposed,12,1,perf-proposed-r012-20260818T054650Z,loan_to_aml,1,86,200,16.270000,
proposed,12,1,perf-proposed-r012-20260818T054650Z,loan_to_aml,1,87,200,16.477600,
proposed,12,1,perf-proposed-r012-20260818T054650Z,loan_to_aml,1,88,200,16.284500,
proposed,12,1,perf-proposed-r012-20260818T054650Z,loan_to_aml,1,89,200,17.111900,
proposed,12,1,perf-proposed-r012-20260818T054650Z,loan_to_aml,1,90,200,16.921200,
proposed,12,1,perf-proposed-r012-20260818T054650Z,loan_to_aml,1,91,200,17.604600,
proposed,12,1,perf-proposed-r012-20260818T054650Z,loan_to_aml,1,92,200,15.989300,
proposed,12,1,perf-proposed-r012-20260818T054650Z,loan_to_aml,1,93,200,16.131700,
proposed,12,1,perf-proposed-r012-20260818T054650Z,loan_to_aml,1,94,200,17.320700,
proposed,12,1,perf-proposed-r012-20260818T054650Z,loan_to_aml,1,95,200,16.843500,
proposed,12,1,perf-proposed-r012-20260818T054650Z,loan_to_aml,1,96,200,16.910700,
proposed,12,1,perf-proposed-r012-20260818T054650Z,loan_to_aml,1,97,200,16.898000,
proposed,12,1,perf-proposed-r012-20260818T054650Z,loan_to_aml,1,98,200,17.127700,
proposed,12,1,perf-proposed-r012-20260818T054650Z,loan_to_aml,1,99,200,16.593000,
proposed,12,1,perf-proposed-r012-20260818T054650Z,loan_to_aml,1,100,200,17.084400,
proposed,12,1,perf-proposed-r012-20260818T054650Z,loan_to_aml,1,101,200,17.304600,
proposed,12,1,perf-proposed-r012-20260818T054650Z,loan_to_aml,1,102,200,17.642400,
proposed,12,1,perf-proposed-r012-20260818T054650Z,loan_to_aml,1,103,200,17.461600,
proposed,12,1,perf-proposed-r012-20260818T054650Z,loan_to_aml,1,104,200,16.525000,
proposed,12,1,perf-proposed-r012-20260818T054650Z,loan_to_aml,1,105,200,16.914600,
proposed,12,1,perf-proposed-r012-20260818T054650Z,loan_to_aml,1,106,200,16.510000,
proposed,12,1,perf-proposed-r012-20260818T054650Z,loan_to_aml,1,107,200,16.567100,
proposed,12,1,perf-proposed-r012-20260818T054650Z,loan_to_aml,1,108,200,16.315400,
proposed,12,1,perf-proposed-r012-20260818T054650Z,loan_to_aml,1,109,200,17.801100,
proposed,12,1,perf-proposed-r012-20260818T054650Z,loan_to_aml,1,110,200,17.199600,
proposed,12,1,perf-proposed-r012-20260818T054650Z,loan_to_aml,1,111,200,16.786900,
proposed,12,1,perf-proposed-r012-20260818T054650Z,loan_to_aml,1,112,200,16.708800,
proposed,12,1,perf-proposed-r012-20260818T054650Z,loan_to_aml,1,113,200,18.545900,
proposed,12,1,perf-proposed-r012-20260818T054650Z,loan_to_aml,1,114,200,16.363800,
proposed,12,1,perf-proposed-r012-20260818T054650Z,loan_to_aml,1,115,200,16.929500,
proposed,12,1,perf-proposed-r012-20260818T054650Z,loan_to_aml,1,116,200,15.881400,
proposed,12,1,perf-proposed-r012-20260818T054650Z,loan_to_aml,1,117,200,17.077100,
proposed,12,1,perf-proposed-r012-20260818T054650Z,loan_to_aml,1,118,200,15.970400,
proposed,12,1,perf-proposed-r012-20260818T054650Z,loan_to_aml,1,119,200,16.988300,
proposed,12,1,perf-proposed-r012-20260818T054650Z,loan_to_aml,1,120,200,17.322400,
proposed,12,1,perf-proposed-r012-20260818T054650Z,loan_to_aml,1,121,200,16.812000,
proposed,12,1,perf-proposed-r012-20260818T054650Z,loan_to_aml,1,122,200,17.648400,
proposed,12,1,perf-proposed-r012-20260818T054650Z,loan_to_aml,1,123,200,17.790300,
proposed,12,1,perf-proposed-r012-20260818T054650Z,loan_to_aml,1,124,200,16.335200,
proposed,12,1,perf-proposed-r012-20260818T054650Z,loan_to_aml,1,125,200,17.298300,
proposed,12,1,perf-proposed-r012-20260818T054650Z,loan_to_aml,1,126,200,17.300700,
proposed,12,1,perf-proposed-r012-20260818T054650Z,loan_to_aml,1,127,200,16.751400,
proposed,12,1,perf-proposed-r012-20260818T054650Z,loan_to_aml,1,128,200,16.996600,
proposed,12,1,perf-proposed-r012-20260818T054650Z,loan_to_aml,1,129,200,17.604800,
proposed,12,1,perf-proposed-r012-20260818T054650Z,loan_to_aml,1,130,200,16.275100,
proposed,12,1,perf-proposed-r012-20260818T054650Z,loan_to_aml,1,131,200,16.898700,
proposed,12,1,perf-proposed-r012-20260818T054650Z,loan_to_aml,1,132,200,16.122800,
proposed,12,1,perf-proposed-r012-20260818T054650Z,loan_to_aml,1,133,200,16.798600,
proposed,12,1,perf-proposed-r012-20260818T054650Z,loan_to_aml,1,134,200,17.232900,
proposed,12,1,perf-proposed-r012-20260818T054650Z,loan_to_aml,1,135,200,17.199900,
proposed,12,1,perf-proposed-r012-20260818T054650Z,loan_to_aml,1,136,200,16.840600,
proposed,12,1,perf-proposed-r012-20260818T054650Z,loan_to_aml,1,137,200,17.767500,
proposed,12,1,perf-proposed-r012-20260818T054650Z,loan_to_aml,1,138,200,17.175800,
proposed,12,1,perf-proposed-r012-20260818T054650Z,loan_to_aml,1,139,200,16.515900,
proposed,12,1,perf-proposed-r012-20260818T054650Z,loan_to_aml,1,140,200,17.279200,
proposed,12,1,perf-proposed-r012-20260818T054650Z,loan_to_aml,1,141,200,16.726800,
proposed,12,1,perf-proposed-r012-20260818T054650Z,loan_to_aml,1,142,200,17.795900,
proposed,12,1,perf-proposed-r012-20260818T054650Z,loan_to_aml,1,143,200,16.035200,
proposed,12,1,perf-proposed-r012-20260818T054650Z,loan_to_aml,1,144,200,16.203800,
proposed,12,1,perf-proposed-r012-20260818T054650Z,loan_to_aml,1,145,200,16.768200,
proposed,12,1,perf-proposed-r012-20260818T054650Z,loan_to_aml,1,146,200,17.171900,
proposed,12,1,perf-proposed-r012-20260818T054650Z,loan_to_aml,1,147,200,16.818800,
proposed,12,1,perf-proposed-r012-20260818T054650Z,loan_to_aml,1,148,200,18.205200,
proposed,12,1,perf-proposed-r012-20260818T054650Z,loan_to_aml,1,149,200,16.925200,
proposed,12,1,perf-proposed-r012-20260818T054650Z,loan_to_aml,1,150,200,17.105200,
proposed,12,1,perf-proposed-r012-20260818T054650Z,loan_to_aml,1,151,200,16.901700,
proposed,12,1,perf-proposed-r012-20260818T054650Z,loan_to_aml,1,152,200,16.750100,
proposed,12,1,perf-proposed-r012-20260818T054650Z,loan_to_aml,1,153,200,16.953100,
proposed,12,1,perf-proposed-r012-20260818T054650Z,loan_to_aml,1,154,200,15.900100,
proposed,12,1,perf-proposed-r012-20260818T054650Z,loan_to_aml,1,155,200,15.953100,
proposed,12,1,perf-proposed-r012-20260818T054650Z,loan_to_aml,1,156,200,15.976700,
proposed,12,1,perf-proposed-r012-20260818T054650Z,loan_to_aml,1,157,200,15.830800,
proposed,12,1,perf-proposed-r012-20260818T054650Z,loan_to_aml,1,158,200,16.289800,
proposed,12,1,perf-proposed-r012-20260818T054650Z,loan_to_aml,1,159,200,15.848300,
proposed,12,1,perf-proposed-r012-20260818T054650Z,loan_to_aml,1,160,200,16.983900,
proposed,12,1,perf-proposed-r012-20260818T054650Z,loan_to_aml,1,161,200,17.458600,
proposed,12,1,perf-proposed-r012-20260818T054650Z,loan_to_aml,1,162,200,18.619100,
proposed,12,1,perf-proposed-r012-20260818T054650Z,loan_to_aml,1,163,200,18.663600,
proposed,12,1,perf-proposed-r012-20260818T054650Z,loan_to_aml,1,164,200,19.050100,
proposed,12,1,perf-proposed-r012-20260818T054650Z,loan_to_aml,1,165,200,21.068400,
proposed,12,1,perf-proposed-r012-20260818T054650Z,loan_to_aml,1,166,200,20.700900,
proposed,12,1,perf-proposed-r012-20260818T054650Z,loan_to_aml,1,167,200,18.928900,
proposed,12,1,perf-proposed-r012-20260818T054650Z,loan_to_aml,1,168,200,19.579900,
proposed,12,1,perf-proposed-r012-20260818T054650Z,loan_to_aml,1,169,200,19.299400,
proposed,12,1,perf-proposed-r012-20260818T054650Z,loan_to_aml,1,170,200,17.043300,
proposed,12,1,perf-proposed-r012-20260818T054650Z,loan_to_aml,1,171,200,16.358900,
proposed,12,1,perf-proposed-r012-20260818T054650Z,loan_to_aml,1,172,200,15.900200,
proposed,12,1,perf-proposed-r012-20260818T054650Z,loan_to_aml,1,173,200,17.652900,
proposed,12,1,perf-proposed-r012-20260818T054650Z,loan_to_aml,1,174,200,17.848700,
proposed,12,1,perf-proposed-r012-20260818T054650Z,loan_to_aml,1,175,200,18.523500,
proposed,12,1,perf-proposed-r012-20260818T054650Z,loan_to_aml,1,176,200,17.524500,
proposed,12,1,perf-proposed-r012-20260818T054650Z,loan_to_aml,1,177,200,16.678800,
proposed,12,1,perf-proposed-r012-20260818T054650Z,loan_to_aml,1,178,200,17.020800,
proposed,12,1,perf-proposed-r012-20260818T054650Z,loan_to_aml,1,179,200,17.013600,
proposed,12,1,perf-proposed-r012-20260818T054650Z,loan_to_aml,1,180,200,18.326300,
proposed,12,1,perf-proposed-r012-20260818T054650Z,loan_to_aml,1,181,200,20.850000,
proposed,12,1,perf-proposed-r012-20260818T054650Z,loan_to_aml,1,182,200,20.069900,
proposed,12,1,perf-proposed-r012-20260818T054650Z,loan_to_aml,1,183,200,18.016700,
proposed,12,1,perf-proposed-r012-20260818T054650Z,loan_to_aml,1,184,200,18.140400,
proposed,12,1,perf-proposed-r012-20260818T054650Z,loan_to_aml,1,185,200,17.614700,
proposed,12,1,perf-proposed-r012-20260818T054650Z,loan_to_aml,1,186,200,16.723200,
proposed,12,1,perf-proposed-r012-20260818T054650Z,loan_to_aml,1,187,200,16.571700,
proposed,12,1,perf-proposed-r012-20260818T054650Z,loan_to_aml,1,188,200,17.810600,
proposed,12,1,perf-proposed-r012-20260818T054650Z,loan_to_aml,1,189,200,16.705500,
proposed,12,1,perf-proposed-r012-20260818T054650Z,loan_to_aml,1,190,200,16.900800,
proposed,12,1,perf-proposed-r012-20260818T054650Z,loan_to_aml,1,191,200,16.751100,
proposed,12,1,perf-proposed-r012-20260818T054650Z,loan_to_aml,1,192,200,16.991300,
proposed,12,1,perf-proposed-r012-20260818T054650Z,loan_to_aml,1,193,200,17.427600,
proposed,12,1,perf-proposed-r012-20260818T054650Z,loan_to_aml,1,194,200,17.907900,
proposed,12,1,perf-proposed-r012-20260818T054650Z,loan_to_aml,1,195,200,16.943800,
proposed,12,1,perf-proposed-r012-20260818T054650Z,loan_to_aml,1,196,200,18.926800,
proposed,12,1,perf-proposed-r012-20260818T054650Z,loan_to_aml,1,197,200,16.840100,
proposed,12,1,perf-proposed-r012-20260818T054650Z,loan_to_aml,1,198,200,16.382000,
proposed,12,1,perf-proposed-r012-20260818T054650Z,loan_to_aml,1,199,200,16.882200,
proposed,12,1,perf-proposed-r012-20260818T054650Z,loan_to_aml,1,200,200,16.480000,
proposed,12,1,perf-proposed-r012-20260818T054650Z,loan_to_aml,2,1,200,18.468300,
proposed,12,1,perf-proposed-r012-20260818T054650Z,loan_to_aml,2,2,200,16.604300,
proposed,12,1,perf-proposed-r012-20260818T054650Z,loan_to_aml,2,3,200,17.122300,
proposed,12,1,perf-proposed-r012-20260818T054650Z,loan_to_aml,2,4,200,16.811700,
proposed,12,1,perf-proposed-r012-20260818T054650Z,loan_to_aml,2,5,200,17.350300,
proposed,12,1,perf-proposed-r012-20260818T054650Z,loan_to_aml,2,6,200,16.887600,
proposed,12,1,perf-proposed-r012-20260818T054650Z,loan_to_aml,2,7,200,17.562800,
proposed,12,1,perf-proposed-r012-20260818T054650Z,loan_to_aml,2,8,200,17.314200,
proposed,12,1,perf-proposed-r012-20260818T054650Z,loan_to_aml,2,9,200,16.687400,
proposed,12,1,perf-proposed-r012-20260818T054650Z,loan_to_aml,2,10,200,16.914100,
proposed,12,1,perf-proposed-r012-20260818T054650Z,loan_to_aml,2,11,200,15.905600,
proposed,12,1,perf-proposed-r012-20260818T054650Z,loan_to_aml,2,12,200,16.076900,
proposed,12,1,perf-proposed-r012-20260818T054650Z,loan_to_aml,2,13,200,16.017300,
proposed,12,1,perf-proposed-r012-20260818T054650Z,loan_to_aml,2,14,200,15.935300,
proposed,12,1,perf-proposed-r012-20260818T054650Z,loan_to_aml,2,15,200,15.764100,
proposed,12,1,perf-proposed-r012-20260818T054650Z,loan_to_aml,2,16,200,17.485300,
proposed,12,1,perf-proposed-r012-20260818T054650Z,loan_to_aml,2,17,200,17.382600,
proposed,12,1,perf-proposed-r012-20260818T054650Z,loan_to_aml,2,18,200,17.455100,
proposed,12,1,perf-proposed-r012-20260818T054650Z,loan_to_aml,2,19,200,16.793300,
proposed,12,1,perf-proposed-r012-20260818T054650Z,loan_to_aml,2,20,200,17.238800,
proposed,12,1,perf-proposed-r012-20260818T054650Z,loan_to_aml,2,21,200,17.200600,
proposed,12,1,perf-proposed-r012-20260818T054650Z,loan_to_aml,2,22,200,16.743400,
proposed,12,1,perf-proposed-r012-20260818T054650Z,loan_to_aml,2,23,200,17.143100,
proposed,12,1,perf-proposed-r012-20260818T054650Z,loan_to_aml,2,24,200,20.539000,
proposed,12,1,perf-proposed-r012-20260818T054650Z,loan_to_aml,2,25,200,18.524900,
proposed,12,1,perf-proposed-r012-20260818T054650Z,loan_to_aml,2,26,200,18.965300,
proposed,12,1,perf-proposed-r012-20260818T054650Z,loan_to_aml,2,27,200,19.981300,
proposed,12,1,perf-proposed-r012-20260818T054650Z,loan_to_aml,2,28,200,19.425200,
proposed,12,1,perf-proposed-r012-20260818T054650Z,loan_to_aml,2,29,200,17.674400,
proposed,12,1,perf-proposed-r012-20260818T054650Z,loan_to_aml,2,30,200,16.592600,
proposed,12,1,perf-proposed-r012-20260818T054650Z,loan_to_aml,2,31,200,17.912500,
proposed,12,1,perf-proposed-r012-20260818T054650Z,loan_to_aml,2,32,200,17.001800,
proposed,12,1,perf-proposed-r012-20260818T054650Z,loan_to_aml,2,33,200,17.521700,
proposed,12,1,perf-proposed-r012-20260818T054650Z,loan_to_aml,2,34,200,17.119100,
proposed,12,1,perf-proposed-r012-20260818T054650Z,loan_to_aml,2,35,200,17.205600,
proposed,12,1,perf-proposed-r012-20260818T054650Z,loan_to_aml,2,36,200,17.099600,
proposed,12,1,perf-proposed-r012-20260818T054650Z,loan_to_aml,2,37,200,17.187400,
proposed,12,1,perf-proposed-r012-20260818T054650Z,loan_to_aml,2,38,200,16.392400,
proposed,12,1,perf-proposed-r012-20260818T054650Z,loan_to_aml,2,39,200,16.385900,
proposed,12,1,perf-proposed-r012-20260818T054650Z,loan_to_aml,2,40,200,16.819400,
proposed,12,1,perf-proposed-r012-20260818T054650Z,loan_to_aml,2,41,200,17.172600,
proposed,12,1,perf-proposed-r012-20260818T054650Z,loan_to_aml,2,42,200,17.915600,
proposed,12,1,perf-proposed-r012-20260818T054650Z,loan_to_aml,2,43,200,16.516800,
proposed,12,1,perf-proposed-r012-20260818T054650Z,loan_to_aml,2,44,200,17.188700,
proposed,12,1,perf-proposed-r012-20260818T054650Z,loan_to_aml,2,45,200,17.605500,
proposed,12,1,perf-proposed-r012-20260818T054650Z,loan_to_aml,2,46,200,17.722700,
proposed,12,1,perf-proposed-r012-20260818T054650Z,loan_to_aml,2,47,200,16.828100,
proposed,12,1,perf-proposed-r012-20260818T054650Z,loan_to_aml,2,48,200,17.101100,
proposed,12,1,perf-proposed-r012-20260818T054650Z,loan_to_aml,2,49,200,21.028300,
proposed,12,1,perf-proposed-r012-20260818T054650Z,loan_to_aml,2,50,200,16.691700,
proposed,12,1,perf-proposed-r012-20260818T054650Z,loan_to_aml,2,51,200,17.333300,
proposed,12,1,perf-proposed-r012-20260818T054650Z,loan_to_aml,2,52,200,16.907700,
proposed,12,1,perf-proposed-r012-20260818T054650Z,loan_to_aml,2,53,200,16.768000,
proposed,12,1,perf-proposed-r012-20260818T054650Z,loan_to_aml,2,54,200,16.958500,
proposed,12,1,perf-proposed-r012-20260818T054650Z,loan_to_aml,2,55,200,17.022100,
proposed,12,1,perf-proposed-r012-20260818T054650Z,loan_to_aml,2,56,200,16.900300,
proposed,12,1,perf-proposed-r012-20260818T054650Z,loan_to_aml,2,57,200,18.139600,
proposed,12,1,perf-proposed-r012-20260818T054650Z,loan_to_aml,2,58,200,17.104700,
proposed,12,1,perf-proposed-r012-20260818T054650Z,loan_to_aml,2,59,200,16.684100,
proposed,12,1,perf-proposed-r012-20260818T054650Z,loan_to_aml,2,60,200,16.807700,
proposed,12,1,perf-proposed-r012-20260818T054650Z,loan_to_aml,2,61,200,17.040100,
proposed,12,1,perf-proposed-r012-20260818T054650Z,loan_to_aml,2,62,200,17.305200,
proposed,12,1,perf-proposed-r012-20260818T054650Z,loan_to_aml,2,63,200,16.506900,
proposed,12,1,perf-proposed-r012-20260818T054650Z,loan_to_aml,2,64,200,16.023400,
proposed,12,1,perf-proposed-r012-20260818T054650Z,loan_to_aml,2,65,200,16.802400,
proposed,12,1,perf-proposed-r012-20260818T054650Z,loan_to_aml,2,66,200,17.161900,
proposed,12,1,perf-proposed-r012-20260818T054650Z,loan_to_aml,2,67,200,17.230200,
proposed,12,1,perf-proposed-r012-20260818T054650Z,loan_to_aml,2,68,200,16.811900,
proposed,12,1,perf-proposed-r012-20260818T054650Z,loan_to_aml,2,69,200,16.929600,
proposed,12,1,perf-proposed-r012-20260818T054650Z,loan_to_aml,2,70,200,17.021000,
proposed,12,1,perf-proposed-r012-20260818T054650Z,loan_to_aml,2,71,200,16.744200,
proposed,12,1,perf-proposed-r012-20260818T054650Z,loan_to_aml,2,72,200,17.300600,
proposed,12,1,perf-proposed-r012-20260818T054650Z,loan_to_aml,2,73,200,17.002900,
proposed,12,1,perf-proposed-r012-20260818T054650Z,loan_to_aml,2,74,200,16.781500,
proposed,12,1,perf-proposed-r012-20260818T054650Z,loan_to_aml,2,75,200,16.075200,
proposed,12,1,perf-proposed-r012-20260818T054650Z,loan_to_aml,2,76,200,15.969300,
proposed,12,1,perf-proposed-r012-20260818T054650Z,loan_to_aml,2,77,200,17.948600,
proposed,12,1,perf-proposed-r012-20260818T054650Z,loan_to_aml,2,78,200,16.077000,
proposed,12,1,perf-proposed-r012-20260818T054650Z,loan_to_aml,2,79,200,16.736900,
proposed,12,1,perf-proposed-r012-20260818T054650Z,loan_to_aml,2,80,200,17.406700,
proposed,12,1,perf-proposed-r012-20260818T054650Z,loan_to_aml,2,81,200,18.270100,
proposed,12,1,perf-proposed-r012-20260818T054650Z,loan_to_aml,2,82,200,16.203500,
proposed,12,1,perf-proposed-r012-20260818T054650Z,loan_to_aml,2,83,200,16.191700,
proposed,12,1,perf-proposed-r012-20260818T054650Z,loan_to_aml,2,84,200,16.701000,
proposed,12,1,perf-proposed-r012-20260818T054650Z,loan_to_aml,2,85,200,17.714700,
proposed,12,1,perf-proposed-r012-20260818T054650Z,loan_to_aml,2,86,200,20.078100,
proposed,12,1,perf-proposed-r012-20260818T054650Z,loan_to_aml,2,87,200,20.223700,
proposed,12,1,perf-proposed-r012-20260818T054650Z,loan_to_aml,2,88,200,19.685300,
proposed,12,1,perf-proposed-r012-20260818T054650Z,loan_to_aml,2,89,200,18.146200,
proposed,12,1,perf-proposed-r012-20260818T054650Z,loan_to_aml,2,90,200,18.822700,
proposed,12,1,perf-proposed-r012-20260818T054650Z,loan_to_aml,2,91,200,17.812000,
proposed,12,1,perf-proposed-r012-20260818T054650Z,loan_to_aml,2,92,200,17.736800,
proposed,12,1,perf-proposed-r012-20260818T054650Z,loan_to_aml,2,93,200,17.220300,
proposed,12,1,perf-proposed-r012-20260818T054650Z,loan_to_aml,2,94,200,16.692600,
proposed,12,1,perf-proposed-r012-20260818T054650Z,loan_to_aml,2,95,200,17.067600,
proposed,12,1,perf-proposed-r012-20260818T054650Z,loan_to_aml,2,96,200,16.826000,
proposed,12,1,perf-proposed-r012-20260818T054650Z,loan_to_aml,2,97,200,16.778800,
proposed,12,1,perf-proposed-r012-20260818T054650Z,loan_to_aml,2,98,200,17.381000,
proposed,12,1,perf-proposed-r012-20260818T054650Z,loan_to_aml,2,99,200,16.823900,
proposed,12,1,perf-proposed-r012-20260818T054650Z,loan_to_aml,2,100,200,16.918800,
proposed,12,1,perf-proposed-r012-20260818T054650Z,loan_to_aml,2,101,200,17.299200,
proposed,12,1,perf-proposed-r012-20260818T054650Z,loan_to_aml,2,102,200,17.063700,
proposed,12,1,perf-proposed-r012-20260818T054650Z,loan_to_aml,2,103,200,16.532900,
proposed,12,1,perf-proposed-r012-20260818T054650Z,loan_to_aml,2,104,200,17.310700,
proposed,12,1,perf-proposed-r012-20260818T054650Z,loan_to_aml,2,105,200,16.997300,
proposed,12,1,perf-proposed-r012-20260818T054650Z,loan_to_aml,2,106,200,16.457600,
proposed,12,1,perf-proposed-r012-20260818T054650Z,loan_to_aml,2,107,200,16.231200,
proposed,12,1,perf-proposed-r012-20260818T054650Z,loan_to_aml,2,108,200,15.974400,
proposed,12,1,perf-proposed-r012-20260818T054650Z,loan_to_aml,2,109,200,18.322600,
proposed,12,1,perf-proposed-r012-20260818T054650Z,loan_to_aml,2,110,200,16.600500,
proposed,12,1,perf-proposed-r012-20260818T054650Z,loan_to_aml,2,111,200,16.982200,
proposed,12,1,perf-proposed-r012-20260818T054650Z,loan_to_aml,2,112,200,17.281500,
proposed,12,1,perf-proposed-r012-20260818T054650Z,loan_to_aml,2,113,200,16.737500,
proposed,12,1,perf-proposed-r012-20260818T054650Z,loan_to_aml,2,114,200,16.400100,
proposed,12,1,perf-proposed-r012-20260818T054650Z,loan_to_aml,2,115,200,16.475200,
proposed,12,1,perf-proposed-r012-20260818T054650Z,loan_to_aml,2,116,200,17.177700,
proposed,12,1,perf-proposed-r012-20260818T054650Z,loan_to_aml,2,117,200,15.712100,
proposed,12,1,perf-proposed-r012-20260818T054650Z,loan_to_aml,2,118,200,15.934900,
proposed,12,1,perf-proposed-r012-20260818T054650Z,loan_to_aml,2,119,200,16.935000,
proposed,12,1,perf-proposed-r012-20260818T054650Z,loan_to_aml,2,120,200,16.445900,
proposed,12,1,perf-proposed-r012-20260818T054650Z,loan_to_aml,2,121,200,16.797900,
proposed,12,1,perf-proposed-r012-20260818T054650Z,loan_to_aml,2,122,200,16.672500,
proposed,12,1,perf-proposed-r012-20260818T054650Z,loan_to_aml,2,123,200,17.208200,
proposed,12,1,perf-proposed-r012-20260818T054650Z,loan_to_aml,2,124,200,17.057400,
proposed,12,1,perf-proposed-r012-20260818T054650Z,loan_to_aml,2,125,200,16.077700,
proposed,12,1,perf-proposed-r012-20260818T054650Z,loan_to_aml,2,126,200,16.917700,
proposed,12,1,perf-proposed-r012-20260818T054650Z,loan_to_aml,2,127,200,15.992700,
proposed,12,1,perf-proposed-r012-20260818T054650Z,loan_to_aml,2,128,200,15.658000,
proposed,12,1,perf-proposed-r012-20260818T054650Z,loan_to_aml,2,129,200,16.986600,
proposed,12,1,perf-proposed-r012-20260818T054650Z,loan_to_aml,2,130,200,16.295500,
proposed,12,1,perf-proposed-r012-20260818T054650Z,loan_to_aml,2,131,200,16.928200,
proposed,12,1,perf-proposed-r012-20260818T054650Z,loan_to_aml,2,132,200,16.688800,
proposed,12,1,perf-proposed-r012-20260818T054650Z,loan_to_aml,2,133,200,16.268900,
proposed,12,1,perf-proposed-r012-20260818T054650Z,loan_to_aml,2,134,200,15.873500,
proposed,12,1,perf-proposed-r012-20260818T054650Z,loan_to_aml,2,135,200,17.702700,
proposed,12,1,perf-proposed-r012-20260818T054650Z,loan_to_aml,2,136,200,16.421800,
proposed,12,1,perf-proposed-r012-20260818T054650Z,loan_to_aml,2,137,200,17.450300,
proposed,12,1,perf-proposed-r012-20260818T054650Z,loan_to_aml,2,138,200,16.977900,
proposed,12,1,perf-proposed-r012-20260818T054650Z,loan_to_aml,2,139,200,16.399900,
proposed,12,1,perf-proposed-r012-20260818T054650Z,loan_to_aml,2,140,200,17.151900,
proposed,12,1,perf-proposed-r012-20260818T054650Z,loan_to_aml,2,141,200,16.848300,
proposed,12,1,perf-proposed-r012-20260818T054650Z,loan_to_aml,2,142,200,16.942500,
proposed,12,1,perf-proposed-r012-20260818T054650Z,loan_to_aml,2,143,200,16.910900,
proposed,12,1,perf-proposed-r012-20260818T054650Z,loan_to_aml,2,144,200,16.947000,
proposed,12,1,perf-proposed-r012-20260818T054650Z,loan_to_aml,2,145,200,16.005300,
proposed,12,1,perf-proposed-r012-20260818T054650Z,loan_to_aml,2,146,200,16.204200,
proposed,12,1,perf-proposed-r012-20260818T054650Z,loan_to_aml,2,147,200,17.211600,
proposed,12,1,perf-proposed-r012-20260818T054650Z,loan_to_aml,2,148,200,16.946300,
proposed,12,1,perf-proposed-r012-20260818T054650Z,loan_to_aml,2,149,200,16.548800,
proposed,12,1,perf-proposed-r012-20260818T054650Z,loan_to_aml,2,150,200,16.247300,
proposed,12,1,perf-proposed-r012-20260818T054650Z,loan_to_aml,2,151,200,16.957800,
proposed,12,1,perf-proposed-r012-20260818T054650Z,loan_to_aml,2,152,200,18.066100,
proposed,12,1,perf-proposed-r012-20260818T054650Z,loan_to_aml,2,153,200,16.741800,
proposed,12,1,perf-proposed-r012-20260818T054650Z,loan_to_aml,2,154,200,15.935200,
proposed,12,1,perf-proposed-r012-20260818T054650Z,loan_to_aml,2,155,200,17.306300,
proposed,12,1,perf-proposed-r012-20260818T054650Z,loan_to_aml,2,156,200,16.763300,
proposed,12,1,perf-proposed-r012-20260818T054650Z,loan_to_aml,2,157,200,16.823800,
proposed,12,1,perf-proposed-r012-20260818T054650Z,loan_to_aml,2,158,200,15.923900,
proposed,12,1,perf-proposed-r012-20260818T054650Z,loan_to_aml,2,159,200,17.908800,
proposed,12,1,perf-proposed-r012-20260818T054650Z,loan_to_aml,2,160,200,16.157900,
proposed,12,1,perf-proposed-r012-20260818T054650Z,loan_to_aml,2,161,200,16.233700,
proposed,12,1,perf-proposed-r012-20260818T054650Z,loan_to_aml,2,162,200,16.633500,
proposed,12,1,perf-proposed-r012-20260818T054650Z,loan_to_aml,2,163,200,16.114800,
proposed,12,1,perf-proposed-r012-20260818T054650Z,loan_to_aml,2,164,200,17.173200,
proposed,12,1,perf-proposed-r012-20260818T054650Z,loan_to_aml,2,165,200,18.084800,
proposed,12,1,perf-proposed-r012-20260818T054650Z,loan_to_aml,2,166,200,17.699600,
proposed,12,1,perf-proposed-r012-20260818T054650Z,loan_to_aml,2,167,200,16.859000,
proposed,12,1,perf-proposed-r012-20260818T054650Z,loan_to_aml,2,168,200,20.449800,
proposed,12,1,perf-proposed-r012-20260818T054650Z,loan_to_aml,2,169,200,17.544200,
proposed,12,1,perf-proposed-r012-20260818T054650Z,loan_to_aml,2,170,200,17.546000,
proposed,12,1,perf-proposed-r012-20260818T054650Z,loan_to_aml,2,171,200,17.324400,
proposed,12,1,perf-proposed-r012-20260818T054650Z,loan_to_aml,2,172,200,18.885500,
proposed,12,1,perf-proposed-r012-20260818T054650Z,loan_to_aml,2,173,200,17.951800,
proposed,12,1,perf-proposed-r012-20260818T054650Z,loan_to_aml,2,174,200,17.923200,
proposed,12,1,perf-proposed-r012-20260818T054650Z,loan_to_aml,2,175,200,17.565000,
proposed,12,1,perf-proposed-r012-20260818T054650Z,loan_to_aml,2,176,200,18.190400,
proposed,12,1,perf-proposed-r012-20260818T054650Z,loan_to_aml,2,177,200,19.226200,
proposed,12,1,perf-proposed-r012-20260818T054650Z,loan_to_aml,2,178,200,17.699100,
proposed,12,1,perf-proposed-r012-20260818T054650Z,loan_to_aml,2,179,200,18.298700,
proposed,12,1,perf-proposed-r012-20260818T054650Z,loan_to_aml,2,180,200,17.801800,
proposed,12,1,perf-proposed-r012-20260818T054650Z,loan_to_aml,2,181,200,17.496400,
proposed,12,1,perf-proposed-r012-20260818T054650Z,loan_to_aml,2,182,200,18.141800,
proposed,12,1,perf-proposed-r012-20260818T054650Z,loan_to_aml,2,183,200,16.378000,
proposed,12,1,perf-proposed-r012-20260818T054650Z,loan_to_aml,2,184,200,17.176200,
proposed,12,1,perf-proposed-r012-20260818T054650Z,loan_to_aml,2,185,200,18.500900,
proposed,12,1,perf-proposed-r012-20260818T054650Z,loan_to_aml,2,186,200,18.455200,
proposed,12,1,perf-proposed-r012-20260818T054650Z,loan_to_aml,2,187,200,18.764100,
proposed,12,1,perf-proposed-r012-20260818T054650Z,loan_to_aml,2,188,200,17.830300,
proposed,12,1,perf-proposed-r012-20260818T054650Z,loan_to_aml,2,189,200,17.969800,
proposed,12,1,perf-proposed-r012-20260818T054650Z,loan_to_aml,2,190,200,16.711700,
proposed,12,1,perf-proposed-r012-20260818T054650Z,loan_to_aml,2,191,200,17.046300,
proposed,12,1,perf-proposed-r012-20260818T054650Z,loan_to_aml,2,192,200,17.986200,
proposed,12,1,perf-proposed-r012-20260818T054650Z,loan_to_aml,2,193,200,18.229300,
proposed,12,1,perf-proposed-r012-20260818T054650Z,loan_to_aml,2,194,200,18.001400,
proposed,12,1,perf-proposed-r012-20260818T054650Z,loan_to_aml,2,195,200,18.612800,
proposed,12,1,perf-proposed-r012-20260818T054650Z,loan_to_aml,2,196,200,16.992900,
proposed,12,1,perf-proposed-r012-20260818T054650Z,loan_to_aml,2,197,200,18.021100,
proposed,12,1,perf-proposed-r012-20260818T054650Z,loan_to_aml,2,198,200,16.666500,
proposed,12,1,perf-proposed-r012-20260818T054650Z,loan_to_aml,2,199,200,16.643900,
proposed,12,1,perf-proposed-r012-20260818T054650Z,loan_to_aml,2,200,200,17.055400,
proposed,12,1,perf-proposed-r012-20260818T054650Z,loan_to_aml,3,1,200,16.880100,
proposed,12,1,perf-proposed-r012-20260818T054650Z,loan_to_aml,3,2,200,16.832300,
proposed,12,1,perf-proposed-r012-20260818T054650Z,loan_to_aml,3,3,200,16.191200,
proposed,12,1,perf-proposed-r012-20260818T054650Z,loan_to_aml,3,4,200,17.499100,
proposed,12,1,perf-proposed-r012-20260818T054650Z,loan_to_aml,3,5,200,16.789500,
proposed,12,1,perf-proposed-r012-20260818T054650Z,loan_to_aml,3,6,200,18.562700,
proposed,12,1,perf-proposed-r012-20260818T054650Z,loan_to_aml,3,7,200,17.392600,
proposed,12,1,perf-proposed-r012-20260818T054650Z,loan_to_aml,3,8,200,16.792700,
proposed,12,1,perf-proposed-r012-20260818T054650Z,loan_to_aml,3,9,200,16.891600,
proposed,12,1,perf-proposed-r012-20260818T054650Z,loan_to_aml,3,10,200,16.042400,
proposed,12,1,perf-proposed-r012-20260818T054650Z,loan_to_aml,3,11,200,15.917200,
proposed,12,1,perf-proposed-r012-20260818T054650Z,loan_to_aml,3,12,200,17.487100,
proposed,12,1,perf-proposed-r012-20260818T054650Z,loan_to_aml,3,13,200,16.630200,
proposed,12,1,perf-proposed-r012-20260818T054650Z,loan_to_aml,3,14,200,17.068700,
proposed,12,1,perf-proposed-r012-20260818T054650Z,loan_to_aml,3,15,200,15.732700,
proposed,12,1,perf-proposed-r012-20260818T054650Z,loan_to_aml,3,16,200,17.140800,
proposed,12,1,perf-proposed-r012-20260818T054650Z,loan_to_aml,3,17,200,17.073900,
proposed,12,1,perf-proposed-r012-20260818T054650Z,loan_to_aml,3,18,200,16.945300,
proposed,12,1,perf-proposed-r012-20260818T054650Z,loan_to_aml,3,19,200,17.157100,
proposed,12,1,perf-proposed-r012-20260818T054650Z,loan_to_aml,3,20,200,16.635500,
proposed,12,1,perf-proposed-r012-20260818T054650Z,loan_to_aml,3,21,200,16.194400,
proposed,12,1,perf-proposed-r012-20260818T054650Z,loan_to_aml,3,22,200,16.932200,
proposed,12,1,perf-proposed-r012-20260818T054650Z,loan_to_aml,3,23,200,15.982200,
proposed,12,1,perf-proposed-r012-20260818T054650Z,loan_to_aml,3,24,200,16.232600,
proposed,12,1,perf-proposed-r012-20260818T054650Z,loan_to_aml,3,25,200,16.602400,
proposed,12,1,perf-proposed-r012-20260818T054650Z,loan_to_aml,3,26,200,17.113700,
proposed,12,1,perf-proposed-r012-20260818T054650Z,loan_to_aml,3,27,200,17.225800,
proposed,12,1,perf-proposed-r012-20260818T054650Z,loan_to_aml,3,28,200,16.971500,
proposed,12,1,perf-proposed-r012-20260818T054650Z,loan_to_aml,3,29,200,16.618900,
proposed,12,1,perf-proposed-r012-20260818T054650Z,loan_to_aml,3,30,200,15.997700,
proposed,12,1,perf-proposed-r012-20260818T054650Z,loan_to_aml,3,31,200,17.657700,
proposed,12,1,perf-proposed-r012-20260818T054650Z,loan_to_aml,3,32,200,16.240400,
proposed,12,1,perf-proposed-r012-20260818T054650Z,loan_to_aml,3,33,200,17.117400,
proposed,12,1,perf-proposed-r012-20260818T054650Z,loan_to_aml,3,34,200,17.076600,
proposed,12,1,perf-proposed-r012-20260818T054650Z,loan_to_aml,3,35,200,16.534900,
proposed,12,1,perf-proposed-r012-20260818T054650Z,loan_to_aml,3,36,200,16.905800,
proposed,12,1,perf-proposed-r012-20260818T054650Z,loan_to_aml,3,37,200,17.572900,
proposed,12,1,perf-proposed-r012-20260818T054650Z,loan_to_aml,3,38,200,17.145800,
proposed,12,1,perf-proposed-r012-20260818T054650Z,loan_to_aml,3,39,200,17.324300,
proposed,12,1,perf-proposed-r012-20260818T054650Z,loan_to_aml,3,40,200,16.452800,
proposed,12,1,perf-proposed-r012-20260818T054650Z,loan_to_aml,3,41,200,16.905800,
proposed,12,1,perf-proposed-r012-20260818T054650Z,loan_to_aml,3,42,200,16.833300,
proposed,12,1,perf-proposed-r012-20260818T054650Z,loan_to_aml,3,43,200,17.235100,
proposed,12,1,perf-proposed-r012-20260818T054650Z,loan_to_aml,3,44,200,16.560400,
proposed,12,1,perf-proposed-r012-20260818T054650Z,loan_to_aml,3,45,200,17.231900,
proposed,12,1,perf-proposed-r012-20260818T054650Z,loan_to_aml,3,46,200,17.278400,
proposed,12,1,perf-proposed-r012-20260818T054650Z,loan_to_aml,3,47,200,16.580500,
proposed,12,1,perf-proposed-r012-20260818T054650Z,loan_to_aml,3,48,200,16.867400,
proposed,12,1,perf-proposed-r012-20260818T054650Z,loan_to_aml,3,49,200,16.876800,
proposed,12,1,perf-proposed-r012-20260818T054650Z,loan_to_aml,3,50,200,16.948900,
proposed,12,1,perf-proposed-r012-20260818T054650Z,loan_to_aml,3,51,200,16.146700,
proposed,12,1,perf-proposed-r012-20260818T054650Z,loan_to_aml,3,52,200,17.178100,
proposed,12,1,perf-proposed-r012-20260818T054650Z,loan_to_aml,3,53,200,17.244400,
proposed,12,1,perf-proposed-r012-20260818T054650Z,loan_to_aml,3,54,200,16.684400,
proposed,12,1,perf-proposed-r012-20260818T054650Z,loan_to_aml,3,55,200,17.043700,
proposed,12,1,perf-proposed-r012-20260818T054650Z,loan_to_aml,3,56,200,16.871100,
proposed,12,1,perf-proposed-r012-20260818T054650Z,loan_to_aml,3,57,200,17.247800,
proposed,12,1,perf-proposed-r012-20260818T054650Z,loan_to_aml,3,58,200,16.925700,
proposed,12,1,perf-proposed-r012-20260818T054650Z,loan_to_aml,3,59,200,16.806800,
proposed,12,1,perf-proposed-r012-20260818T054650Z,loan_to_aml,3,60,200,16.971500,
proposed,12,1,perf-proposed-r012-20260818T054650Z,loan_to_aml,3,61,200,16.726400,
proposed,12,1,perf-proposed-r012-20260818T054650Z,loan_to_aml,3,62,200,17.083500,
proposed,12,1,perf-proposed-r012-20260818T054650Z,loan_to_aml,3,63,200,16.935900,
proposed,12,1,perf-proposed-r012-20260818T054650Z,loan_to_aml,3,64,200,17.416100,
proposed,12,1,perf-proposed-r012-20260818T054650Z,loan_to_aml,3,65,200,16.595100,
proposed,12,1,perf-proposed-r012-20260818T054650Z,loan_to_aml,3,66,200,17.257200,
proposed,12,1,perf-proposed-r012-20260818T054650Z,loan_to_aml,3,67,200,18.287300,
proposed,12,1,perf-proposed-r012-20260818T054650Z,loan_to_aml,3,68,200,18.057100,
proposed,12,1,perf-proposed-r012-20260818T054650Z,loan_to_aml,3,69,200,17.860200,
proposed,12,1,perf-proposed-r012-20260818T054650Z,loan_to_aml,3,70,200,17.963300,
proposed,12,1,perf-proposed-r012-20260818T054650Z,loan_to_aml,3,71,200,17.003000,
proposed,12,1,perf-proposed-r012-20260818T054650Z,loan_to_aml,3,72,200,17.094700,
proposed,12,1,perf-proposed-r012-20260818T054650Z,loan_to_aml,3,73,200,17.989800,
proposed,12,1,perf-proposed-r012-20260818T054650Z,loan_to_aml,3,74,200,19.059700,
proposed,12,1,perf-proposed-r012-20260818T054650Z,loan_to_aml,3,75,200,19.124600,
proposed,12,1,perf-proposed-r012-20260818T054650Z,loan_to_aml,3,76,200,18.606400,
proposed,12,1,perf-proposed-r012-20260818T054650Z,loan_to_aml,3,77,200,19.573000,
proposed,12,1,perf-proposed-r012-20260818T054650Z,loan_to_aml,3,78,200,18.966900,
proposed,12,1,perf-proposed-r012-20260818T054650Z,loan_to_aml,3,79,200,18.590600,
proposed,12,1,perf-proposed-r012-20260818T054650Z,loan_to_aml,3,80,200,17.946700,
proposed,12,1,perf-proposed-r012-20260818T054650Z,loan_to_aml,3,81,200,17.597600,
proposed,12,1,perf-proposed-r012-20260818T054650Z,loan_to_aml,3,82,200,18.740500,
proposed,12,1,perf-proposed-r012-20260818T054650Z,loan_to_aml,3,83,200,17.656200,
proposed,12,1,perf-proposed-r012-20260818T054650Z,loan_to_aml,3,84,200,17.457500,
proposed,12,1,perf-proposed-r012-20260818T054650Z,loan_to_aml,3,85,200,16.908600,
proposed,12,1,perf-proposed-r012-20260818T054650Z,loan_to_aml,3,86,200,16.899800,
proposed,12,1,perf-proposed-r012-20260818T054650Z,loan_to_aml,3,87,200,16.143600,
proposed,12,1,perf-proposed-r012-20260818T054650Z,loan_to_aml,3,88,200,17.143200,
proposed,12,1,perf-proposed-r012-20260818T054650Z,loan_to_aml,3,89,200,16.860600,
proposed,12,1,perf-proposed-r012-20260818T054650Z,loan_to_aml,3,90,200,17.727300,
proposed,12,1,perf-proposed-r012-20260818T054650Z,loan_to_aml,3,91,200,17.509400,
proposed,12,1,perf-proposed-r012-20260818T054650Z,loan_to_aml,3,92,200,17.330700,
proposed,12,1,perf-proposed-r012-20260818T054650Z,loan_to_aml,3,93,200,17.571000,
proposed,12,1,perf-proposed-r012-20260818T054650Z,loan_to_aml,3,94,200,16.822300,
proposed,12,1,perf-proposed-r012-20260818T054650Z,loan_to_aml,3,95,200,18.101800,
proposed,12,1,perf-proposed-r012-20260818T054650Z,loan_to_aml,3,96,200,17.644400,
proposed,12,1,perf-proposed-r012-20260818T054650Z,loan_to_aml,3,97,200,17.941200,
proposed,12,1,perf-proposed-r012-20260818T054650Z,loan_to_aml,3,98,200,17.132500,
proposed,12,1,perf-proposed-r012-20260818T054650Z,loan_to_aml,3,99,200,18.355500,
proposed,12,1,perf-proposed-r012-20260818T054650Z,loan_to_aml,3,100,200,16.491100,
proposed,12,1,perf-proposed-r012-20260818T054650Z,loan_to_aml,3,101,200,17.209100,
proposed,12,1,perf-proposed-r012-20260818T054650Z,loan_to_aml,3,102,200,16.925300,
proposed,12,1,perf-proposed-r012-20260818T054650Z,loan_to_aml,3,103,200,17.195400,
proposed,12,1,perf-proposed-r012-20260818T054650Z,loan_to_aml,3,104,200,16.695600,
proposed,12,1,perf-proposed-r012-20260818T054650Z,loan_to_aml,3,105,200,17.083400,
proposed,12,1,perf-proposed-r012-20260818T054650Z,loan_to_aml,3,106,200,16.824900,
proposed,12,1,perf-proposed-r012-20260818T054650Z,loan_to_aml,3,107,200,17.078400,
proposed,12,1,perf-proposed-r012-20260818T054650Z,loan_to_aml,3,108,200,16.915000,
proposed,12,1,perf-proposed-r012-20260818T054650Z,loan_to_aml,3,109,200,17.397700,
proposed,12,1,perf-proposed-r012-20260818T054650Z,loan_to_aml,3,110,200,16.725800,
proposed,12,1,perf-proposed-r012-20260818T054650Z,loan_to_aml,3,111,200,16.886100,
proposed,12,1,perf-proposed-r012-20260818T054650Z,loan_to_aml,3,112,200,17.032600,
proposed,12,1,perf-proposed-r012-20260818T054650Z,loan_to_aml,3,113,200,16.932700,
proposed,12,1,perf-proposed-r012-20260818T054650Z,loan_to_aml,3,114,200,18.054800,
proposed,12,1,perf-proposed-r012-20260818T054650Z,loan_to_aml,3,115,200,18.012100,
proposed,12,1,perf-proposed-r012-20260818T054650Z,loan_to_aml,3,116,200,17.027300,
proposed,12,1,perf-proposed-r012-20260818T054650Z,loan_to_aml,3,117,200,17.113700,
proposed,12,1,perf-proposed-r012-20260818T054650Z,loan_to_aml,3,118,200,17.377000,
proposed,12,1,perf-proposed-r012-20260818T054650Z,loan_to_aml,3,119,200,19.174500,
proposed,12,1,perf-proposed-r012-20260818T054650Z,loan_to_aml,3,120,200,19.151300,
proposed,12,1,perf-proposed-r012-20260818T054650Z,loan_to_aml,3,121,200,20.669800,
proposed,12,1,perf-proposed-r012-20260818T054650Z,loan_to_aml,3,122,200,19.494800,
proposed,12,1,perf-proposed-r012-20260818T054650Z,loan_to_aml,3,123,200,19.211900,
proposed,12,1,perf-proposed-r012-20260818T054650Z,loan_to_aml,3,124,200,18.319700,
proposed,12,1,perf-proposed-r012-20260818T054650Z,loan_to_aml,3,125,200,18.650000,
proposed,12,1,perf-proposed-r012-20260818T054650Z,loan_to_aml,3,126,200,18.291300,
proposed,12,1,perf-proposed-r012-20260818T054650Z,loan_to_aml,3,127,200,18.574400,
proposed,12,1,perf-proposed-r012-20260818T054650Z,loan_to_aml,3,128,200,18.982200,
proposed,12,1,perf-proposed-r012-20260818T054650Z,loan_to_aml,3,129,200,17.625400,
proposed,12,1,perf-proposed-r012-20260818T054650Z,loan_to_aml,3,130,200,18.313100,
proposed,12,1,perf-proposed-r012-20260818T054650Z,loan_to_aml,3,131,200,16.360200,
proposed,12,1,perf-proposed-r012-20260818T054650Z,loan_to_aml,3,132,200,16.323200,
proposed,12,1,perf-proposed-r012-20260818T054650Z,loan_to_aml,3,133,200,17.951000,
proposed,12,1,perf-proposed-r012-20260818T054650Z,loan_to_aml,3,134,200,16.841700,
proposed,12,1,perf-proposed-r012-20260818T054650Z,loan_to_aml,3,135,200,16.535300,
proposed,12,1,perf-proposed-r012-20260818T054650Z,loan_to_aml,3,136,200,15.942900,
proposed,12,1,perf-proposed-r012-20260818T054650Z,loan_to_aml,3,137,200,16.275200,
proposed,12,1,perf-proposed-r012-20260818T054650Z,loan_to_aml,3,138,200,16.229800,
proposed,12,1,perf-proposed-r012-20260818T054650Z,loan_to_aml,3,139,200,17.187300,
proposed,12,1,perf-proposed-r012-20260818T054650Z,loan_to_aml,3,140,200,16.305500,
proposed,12,1,perf-proposed-r012-20260818T054650Z,loan_to_aml,3,141,200,17.825600,
proposed,12,1,perf-proposed-r012-20260818T054650Z,loan_to_aml,3,142,200,17.665600,
proposed,12,1,perf-proposed-r012-20260818T054650Z,loan_to_aml,3,143,200,17.077100,
proposed,12,1,perf-proposed-r012-20260818T054650Z,loan_to_aml,3,144,200,17.750400,
proposed,12,1,perf-proposed-r012-20260818T054650Z,loan_to_aml,3,145,200,16.884800,
proposed,12,1,perf-proposed-r012-20260818T054650Z,loan_to_aml,3,146,200,16.756700,
proposed,12,1,perf-proposed-r012-20260818T054650Z,loan_to_aml,3,147,200,17.044000,
proposed,12,1,perf-proposed-r012-20260818T054650Z,loan_to_aml,3,148,200,16.909600,
proposed,12,1,perf-proposed-r012-20260818T054650Z,loan_to_aml,3,149,200,16.717100,
proposed,12,1,perf-proposed-r012-20260818T054650Z,loan_to_aml,3,150,200,16.132000,
proposed,12,1,perf-proposed-r012-20260818T054650Z,loan_to_aml,3,151,200,16.063500,
proposed,12,1,perf-proposed-r012-20260818T054650Z,loan_to_aml,3,152,200,17.687400,
proposed,12,1,perf-proposed-r012-20260818T054650Z,loan_to_aml,3,153,200,16.584000,
proposed,12,1,perf-proposed-r012-20260818T054650Z,loan_to_aml,3,154,200,16.790800,
proposed,12,1,perf-proposed-r012-20260818T054650Z,loan_to_aml,3,155,200,17.177100,
proposed,12,1,perf-proposed-r012-20260818T054650Z,loan_to_aml,3,156,200,16.872500,
proposed,12,1,perf-proposed-r012-20260818T054650Z,loan_to_aml,3,157,200,16.745700,
proposed,12,1,perf-proposed-r012-20260818T054650Z,loan_to_aml,3,158,200,17.161800,
proposed,12,1,perf-proposed-r012-20260818T054650Z,loan_to_aml,3,159,200,16.923900,
proposed,12,1,perf-proposed-r012-20260818T054650Z,loan_to_aml,3,160,200,16.711600,
proposed,12,1,perf-proposed-r012-20260818T054650Z,loan_to_aml,3,161,200,17.583300,
proposed,12,1,perf-proposed-r012-20260818T054650Z,loan_to_aml,3,162,200,16.620500,
proposed,12,1,perf-proposed-r012-20260818T054650Z,loan_to_aml,3,163,200,17.077600,
proposed,12,1,perf-proposed-r012-20260818T054650Z,loan_to_aml,3,164,200,16.555500,
proposed,12,1,perf-proposed-r012-20260818T054650Z,loan_to_aml,3,165,200,15.988500,
proposed,12,1,perf-proposed-r012-20260818T054650Z,loan_to_aml,3,166,200,16.218700,
proposed,12,1,perf-proposed-r012-20260818T054650Z,loan_to_aml,3,167,200,16.655800,
proposed,12,1,perf-proposed-r012-20260818T054650Z,loan_to_aml,3,168,200,16.347300,
proposed,12,1,perf-proposed-r012-20260818T054650Z,loan_to_aml,3,169,200,16.975400,
proposed,12,1,perf-proposed-r012-20260818T054650Z,loan_to_aml,3,170,200,16.886800,
proposed,12,1,perf-proposed-r012-20260818T054650Z,loan_to_aml,3,171,200,16.800700,
proposed,12,1,perf-proposed-r012-20260818T054650Z,loan_to_aml,3,172,200,17.459900,
proposed,12,1,perf-proposed-r012-20260818T054650Z,loan_to_aml,3,173,200,17.613700,
proposed,12,1,perf-proposed-r012-20260818T054650Z,loan_to_aml,3,174,200,16.362900,
proposed,12,1,perf-proposed-r012-20260818T054650Z,loan_to_aml,3,175,200,16.592300,
proposed,12,1,perf-proposed-r012-20260818T054650Z,loan_to_aml,3,176,200,15.949900,
proposed,12,1,perf-proposed-r012-20260818T054650Z,loan_to_aml,3,177,200,16.037500,
proposed,12,1,perf-proposed-r012-20260818T054650Z,loan_to_aml,3,178,200,17.249700,
proposed,12,1,perf-proposed-r012-20260818T054650Z,loan_to_aml,3,179,200,17.821200,
proposed,12,1,perf-proposed-r012-20260818T054650Z,loan_to_aml,3,180,200,17.893800,
proposed,12,1,perf-proposed-r012-20260818T054650Z,loan_to_aml,3,181,200,18.714500,
proposed,12,1,perf-proposed-r012-20260818T054650Z,loan_to_aml,3,182,200,17.493800,
proposed,12,1,perf-proposed-r012-20260818T054650Z,loan_to_aml,3,183,200,17.043200,
proposed,12,1,perf-proposed-r012-20260818T054650Z,loan_to_aml,3,184,200,18.288000,
proposed,12,1,perf-proposed-r012-20260818T054650Z,loan_to_aml,3,185,200,17.985900,
proposed,12,1,perf-proposed-r012-20260818T054650Z,loan_to_aml,3,186,200,17.505000,
proposed,12,1,perf-proposed-r012-20260818T054650Z,loan_to_aml,3,187,200,17.575500,
proposed,12,1,perf-proposed-r012-20260818T054650Z,loan_to_aml,3,188,200,18.007300,
proposed,12,1,perf-proposed-r012-20260818T054650Z,loan_to_aml,3,189,200,17.491000,
proposed,12,1,perf-proposed-r012-20260818T054650Z,loan_to_aml,3,190,200,16.788000,
proposed,12,1,perf-proposed-r012-20260818T054650Z,loan_to_aml,3,191,200,17.127700,
proposed,12,1,perf-proposed-r012-20260818T054650Z,loan_to_aml,3,192,200,16.778800,
proposed,12,1,perf-proposed-r012-20260818T054650Z,loan_to_aml,3,193,200,17.029300,
proposed,12,1,perf-proposed-r012-20260818T054650Z,loan_to_aml,3,194,200,17.206500,
proposed,12,1,perf-proposed-r012-20260818T054650Z,loan_to_aml,3,195,200,17.193000,
proposed,12,1,perf-proposed-r012-20260818T054650Z,loan_to_aml,3,196,200,17.757400,
proposed,12,1,perf-proposed-r012-20260818T054650Z,loan_to_aml,3,197,200,16.949500,
proposed,12,1,perf-proposed-r012-20260818T054650Z,loan_to_aml,3,198,200,17.306900,
proposed,12,1,perf-proposed-r012-20260818T054650Z,loan_to_aml,3,199,200,16.265500,
proposed,12,1,perf-proposed-r012-20260818T054650Z,loan_to_aml,3,200,200,17.000900,
proposed,12,1,perf-proposed-r012-20260818T054650Z,loan_to_approval,1,1,200,18.024200,
proposed,12,1,perf-proposed-r012-20260818T054650Z,loan_to_approval,1,2,200,19.813100,
proposed,12,1,perf-proposed-r012-20260818T054650Z,loan_to_approval,1,3,200,19.098600,
proposed,12,1,perf-proposed-r012-20260818T054650Z,loan_to_approval,1,4,200,18.618100,
proposed,12,1,perf-proposed-r012-20260818T054650Z,loan_to_approval,1,5,200,20.504800,
proposed,12,1,perf-proposed-r012-20260818T054650Z,loan_to_approval,1,6,200,18.492800,
proposed,12,1,perf-proposed-r012-20260818T054650Z,loan_to_approval,1,7,200,17.153200,
proposed,12,1,perf-proposed-r012-20260818T054650Z,loan_to_approval,1,8,200,17.855600,
proposed,12,1,perf-proposed-r012-20260818T054650Z,loan_to_approval,1,9,200,20.210600,
proposed,12,1,perf-proposed-r012-20260818T054650Z,loan_to_approval,1,10,200,20.002900,
proposed,12,1,perf-proposed-r012-20260818T054650Z,loan_to_approval,1,11,200,17.879400,
proposed,12,1,perf-proposed-r012-20260818T054650Z,loan_to_approval,1,12,200,16.447700,
proposed,12,1,perf-proposed-r012-20260818T054650Z,loan_to_approval,1,13,200,17.039900,
proposed,12,1,perf-proposed-r012-20260818T054650Z,loan_to_approval,1,14,200,17.432500,
proposed,12,1,perf-proposed-r012-20260818T054650Z,loan_to_approval,1,15,200,17.789000,
proposed,12,1,perf-proposed-r012-20260818T054650Z,loan_to_approval,1,16,200,21.410600,
proposed,12,1,perf-proposed-r012-20260818T054650Z,loan_to_approval,1,17,200,20.958500,
proposed,12,1,perf-proposed-r012-20260818T054650Z,loan_to_approval,1,18,200,17.727500,
proposed,12,1,perf-proposed-r012-20260818T054650Z,loan_to_approval,1,19,200,20.237100,
proposed,12,1,perf-proposed-r012-20260818T054650Z,loan_to_approval,1,20,200,21.870900,
proposed,12,1,perf-proposed-r012-20260818T054650Z,loan_to_approval,1,21,200,18.034800,
proposed,12,1,perf-proposed-r012-20260818T054650Z,loan_to_approval,1,22,200,20.004500,
proposed,12,1,perf-proposed-r012-20260818T054650Z,loan_to_approval,1,23,200,18.123500,
proposed,12,1,perf-proposed-r012-20260818T054650Z,loan_to_approval,1,24,200,17.518900,
proposed,12,1,perf-proposed-r012-20260818T054650Z,loan_to_approval,1,25,200,17.019800,
proposed,12,1,perf-proposed-r012-20260818T054650Z,loan_to_approval,1,26,200,16.878500,
proposed,12,1,perf-proposed-r012-20260818T054650Z,loan_to_approval,1,27,200,17.398900,
proposed,12,1,perf-proposed-r012-20260818T054650Z,loan_to_approval,1,28,200,17.519100,
proposed,12,1,perf-proposed-r012-20260818T054650Z,loan_to_approval,1,29,200,17.012100,
proposed,12,1,perf-proposed-r012-20260818T054650Z,loan_to_approval,1,30,200,17.786600,
proposed,12,1,perf-proposed-r012-20260818T054650Z,loan_to_approval,1,31,200,17.412500,
proposed,12,1,perf-proposed-r012-20260818T054650Z,loan_to_approval,1,32,200,17.625500,
proposed,12,1,perf-proposed-r012-20260818T054650Z,loan_to_approval,1,33,200,17.870500,
proposed,12,1,perf-proposed-r012-20260818T054650Z,loan_to_approval,1,34,200,17.420700,
proposed,12,1,perf-proposed-r012-20260818T054650Z,loan_to_approval,1,35,200,16.720600,
proposed,12,1,perf-proposed-r012-20260818T054650Z,loan_to_approval,1,36,200,17.051200,
proposed,12,1,perf-proposed-r012-20260818T054650Z,loan_to_approval,1,37,200,16.840400,
proposed,12,1,perf-proposed-r012-20260818T054650Z,loan_to_approval,1,38,200,16.637800,
proposed,12,1,perf-proposed-r012-20260818T054650Z,loan_to_approval,1,39,200,17.464400,
proposed,12,1,perf-proposed-r012-20260818T054650Z,loan_to_approval,1,40,200,16.941500,
proposed,12,1,perf-proposed-r012-20260818T054650Z,loan_to_approval,1,41,200,16.802400,
proposed,12,1,perf-proposed-r012-20260818T054650Z,loan_to_approval,1,42,200,17.043200,
proposed,12,1,perf-proposed-r012-20260818T054650Z,loan_to_approval,1,43,200,16.908300,
proposed,12,1,perf-proposed-r012-20260818T054650Z,loan_to_approval,1,44,200,15.931000,
proposed,12,1,perf-proposed-r012-20260818T054650Z,loan_to_approval,1,45,200,16.115700,
proposed,12,1,perf-proposed-r012-20260818T054650Z,loan_to_approval,1,46,200,17.114000,
proposed,12,1,perf-proposed-r012-20260818T054650Z,loan_to_approval,1,47,200,16.965200,
proposed,12,1,perf-proposed-r012-20260818T054650Z,loan_to_approval,1,48,200,16.899500,
proposed,12,1,perf-proposed-r012-20260818T054650Z,loan_to_approval,1,49,200,16.600200,
proposed,12,1,perf-proposed-r012-20260818T054650Z,loan_to_approval,1,50,200,17.423000,
proposed,12,1,perf-proposed-r012-20260818T054650Z,loan_to_approval,1,51,200,18.230400,
proposed,12,1,perf-proposed-r012-20260818T054650Z,loan_to_approval,1,52,200,16.685600,
proposed,12,1,perf-proposed-r012-20260818T054650Z,loan_to_approval,1,53,200,16.951900,
proposed,12,1,perf-proposed-r012-20260818T054650Z,loan_to_approval,1,54,200,15.737300,
proposed,12,1,perf-proposed-r012-20260818T054650Z,loan_to_approval,1,55,200,16.142000,
proposed,12,1,perf-proposed-r012-20260818T054650Z,loan_to_approval,1,56,200,17.927100,
proposed,12,1,perf-proposed-r012-20260818T054650Z,loan_to_approval,1,57,200,16.887200,
proposed,12,1,perf-proposed-r012-20260818T054650Z,loan_to_approval,1,58,200,17.047500,
proposed,12,1,perf-proposed-r012-20260818T054650Z,loan_to_approval,1,59,200,17.161200,
proposed,12,1,perf-proposed-r012-20260818T054650Z,loan_to_approval,1,60,200,17.074000,
proposed,12,1,perf-proposed-r012-20260818T054650Z,loan_to_approval,1,61,200,17.216300,
proposed,12,1,perf-proposed-r012-20260818T054650Z,loan_to_approval,1,62,200,16.395700,
proposed,12,1,perf-proposed-r012-20260818T054650Z,loan_to_approval,1,63,200,17.130900,
proposed,12,1,perf-proposed-r012-20260818T054650Z,loan_to_approval,1,64,200,17.028900,
proposed,12,1,perf-proposed-r012-20260818T054650Z,loan_to_approval,1,65,200,16.732200,
proposed,12,1,perf-proposed-r012-20260818T054650Z,loan_to_approval,1,66,200,17.506700,
proposed,12,1,perf-proposed-r012-20260818T054650Z,loan_to_approval,1,67,200,16.730700,
proposed,12,1,perf-proposed-r012-20260818T054650Z,loan_to_approval,1,68,200,16.973700,
proposed,12,1,perf-proposed-r012-20260818T054650Z,loan_to_approval,1,69,200,16.899500,
proposed,12,1,perf-proposed-r012-20260818T054650Z,loan_to_approval,1,70,200,17.288700,
proposed,12,1,perf-proposed-r012-20260818T054650Z,loan_to_approval,1,71,200,16.360800,
proposed,12,1,perf-proposed-r012-20260818T054650Z,loan_to_approval,1,72,200,17.128300,
proposed,12,1,perf-proposed-r012-20260818T054650Z,loan_to_approval,1,73,200,15.967700,
proposed,12,1,perf-proposed-r012-20260818T054650Z,loan_to_approval,1,74,200,16.082200,
proposed,12,1,perf-proposed-r012-20260818T054650Z,loan_to_approval,1,75,200,17.083100,
proposed,12,1,perf-proposed-r012-20260818T054650Z,loan_to_approval,1,76,200,17.041400,
proposed,12,1,perf-proposed-r012-20260818T054650Z,loan_to_approval,1,77,200,17.020100,
proposed,12,1,perf-proposed-r012-20260818T054650Z,loan_to_approval,1,78,200,17.830900,
proposed,12,1,perf-proposed-r012-20260818T054650Z,loan_to_approval,1,79,200,16.765400,
proposed,12,1,perf-proposed-r012-20260818T054650Z,loan_to_approval,1,80,200,17.125700,
proposed,12,1,perf-proposed-r012-20260818T054650Z,loan_to_approval,1,81,200,16.786900,
proposed,12,1,perf-proposed-r012-20260818T054650Z,loan_to_approval,1,82,200,17.067400,
proposed,12,1,perf-proposed-r012-20260818T054650Z,loan_to_approval,1,83,200,17.070400,
proposed,12,1,perf-proposed-r012-20260818T054650Z,loan_to_approval,1,84,200,16.990500,
proposed,12,1,perf-proposed-r012-20260818T054650Z,loan_to_approval,1,85,200,16.748800,
proposed,12,1,perf-proposed-r012-20260818T054650Z,loan_to_approval,1,86,200,17.136000,
proposed,12,1,perf-proposed-r012-20260818T054650Z,loan_to_approval,1,87,200,16.597800,
proposed,12,1,perf-proposed-r012-20260818T054650Z,loan_to_approval,1,88,200,15.936800,
proposed,12,1,perf-proposed-r012-20260818T054650Z,loan_to_approval,1,89,200,17.146400,
proposed,12,1,perf-proposed-r012-20260818T054650Z,loan_to_approval,1,90,200,16.963200,
proposed,12,1,perf-proposed-r012-20260818T054650Z,loan_to_approval,1,91,200,17.231700,
proposed,12,1,perf-proposed-r012-20260818T054650Z,loan_to_approval,1,92,200,16.834100,
proposed,12,1,perf-proposed-r012-20260818T054650Z,loan_to_approval,1,93,200,16.919700,
proposed,12,1,perf-proposed-r012-20260818T054650Z,loan_to_approval,1,94,200,17.304800,
proposed,12,1,perf-proposed-r012-20260818T054650Z,loan_to_approval,1,95,200,18.902200,
proposed,12,1,perf-proposed-r012-20260818T054650Z,loan_to_approval,1,96,200,17.614800,
proposed,12,1,perf-proposed-r012-20260818T054650Z,loan_to_approval,1,97,200,17.502800,
proposed,12,1,perf-proposed-r012-20260818T054650Z,loan_to_approval,1,98,200,16.852400,
proposed,12,1,perf-proposed-r012-20260818T054650Z,loan_to_approval,1,99,200,17.290800,
proposed,12,1,perf-proposed-r012-20260818T054650Z,loan_to_approval,1,100,200,16.779800,
proposed,12,1,perf-proposed-r012-20260818T054650Z,loan_to_approval,1,101,200,16.846700,
proposed,12,1,perf-proposed-r012-20260818T054650Z,loan_to_approval,1,102,200,17.020100,
proposed,12,1,perf-proposed-r012-20260818T054650Z,loan_to_approval,1,103,200,16.969500,
proposed,12,1,perf-proposed-r012-20260818T054650Z,loan_to_approval,1,104,200,17.835300,
proposed,12,1,perf-proposed-r012-20260818T054650Z,loan_to_approval,1,105,200,17.076100,
proposed,12,1,perf-proposed-r012-20260818T054650Z,loan_to_approval,1,106,200,17.039800,
proposed,12,1,perf-proposed-r012-20260818T054650Z,loan_to_approval,1,107,200,16.812500,
proposed,12,1,perf-proposed-r012-20260818T054650Z,loan_to_approval,1,108,200,17.249900,
proposed,12,1,perf-proposed-r012-20260818T054650Z,loan_to_approval,1,109,200,17.084800,
proposed,12,1,perf-proposed-r012-20260818T054650Z,loan_to_approval,1,110,200,16.755600,
proposed,12,1,perf-proposed-r012-20260818T054650Z,loan_to_approval,1,111,200,15.780400,
proposed,12,1,perf-proposed-r012-20260818T054650Z,loan_to_approval,1,112,200,16.115900,
proposed,12,1,perf-proposed-r012-20260818T054650Z,loan_to_approval,1,113,200,16.916400,
proposed,12,1,perf-proposed-r012-20260818T054650Z,loan_to_approval,1,114,200,17.126200,
proposed,12,1,perf-proposed-r012-20260818T054650Z,loan_to_approval,1,115,200,16.653100,
proposed,12,1,perf-proposed-r012-20260818T054650Z,loan_to_approval,1,116,200,17.354500,
proposed,12,1,perf-proposed-r012-20260818T054650Z,loan_to_approval,1,117,200,17.405800,
proposed,12,1,perf-proposed-r012-20260818T054650Z,loan_to_approval,1,118,200,16.319300,
proposed,12,1,perf-proposed-r012-20260818T054650Z,loan_to_approval,1,119,200,18.339700,
proposed,12,1,perf-proposed-r012-20260818T054650Z,loan_to_approval,1,120,200,18.336900,
proposed,12,1,perf-proposed-r012-20260818T054650Z,loan_to_approval,1,121,200,18.689800,
proposed,12,1,perf-proposed-r012-20260818T054650Z,loan_to_approval,1,122,200,17.824200,
proposed,12,1,perf-proposed-r012-20260818T054650Z,loan_to_approval,1,123,200,19.112900,
proposed,12,1,perf-proposed-r012-20260818T054650Z,loan_to_approval,1,124,200,22.740700,
proposed,12,1,perf-proposed-r012-20260818T054650Z,loan_to_approval,1,125,200,19.918400,
proposed,12,1,perf-proposed-r012-20260818T054650Z,loan_to_approval,1,126,200,22.140600,
proposed,12,1,perf-proposed-r012-20260818T054650Z,loan_to_approval,1,127,200,17.963100,
proposed,12,1,perf-proposed-r012-20260818T054650Z,loan_to_approval,1,128,200,16.979300,
proposed,12,1,perf-proposed-r012-20260818T054650Z,loan_to_approval,1,129,200,16.667400,
proposed,12,1,perf-proposed-r012-20260818T054650Z,loan_to_approval,1,130,200,17.088600,
proposed,12,1,perf-proposed-r012-20260818T054650Z,loan_to_approval,1,131,200,17.415200,
proposed,12,1,perf-proposed-r012-20260818T054650Z,loan_to_approval,1,132,200,17.949800,
proposed,12,1,perf-proposed-r012-20260818T054650Z,loan_to_approval,1,133,200,17.833600,
proposed,12,1,perf-proposed-r012-20260818T054650Z,loan_to_approval,1,134,200,17.264300,
proposed,12,1,perf-proposed-r012-20260818T054650Z,loan_to_approval,1,135,200,16.869200,
proposed,12,1,perf-proposed-r012-20260818T054650Z,loan_to_approval,1,136,200,17.758200,
proposed,12,1,perf-proposed-r012-20260818T054650Z,loan_to_approval,1,137,200,17.962200,
proposed,12,1,perf-proposed-r012-20260818T054650Z,loan_to_approval,1,138,200,17.002900,
proposed,12,1,perf-proposed-r012-20260818T054650Z,loan_to_approval,1,139,200,18.188200,
proposed,12,1,perf-proposed-r012-20260818T054650Z,loan_to_approval,1,140,200,16.985900,
proposed,12,1,perf-proposed-r012-20260818T054650Z,loan_to_approval,1,141,200,18.880600,
proposed,12,1,perf-proposed-r012-20260818T054650Z,loan_to_approval,1,142,200,18.736500,
proposed,12,1,perf-proposed-r012-20260818T054650Z,loan_to_approval,1,143,200,17.437600,
proposed,12,1,perf-proposed-r012-20260818T054650Z,loan_to_approval,1,144,200,20.237300,
proposed,12,1,perf-proposed-r012-20260818T054650Z,loan_to_approval,1,145,200,17.703400,
proposed,12,1,perf-proposed-r012-20260818T054650Z,loan_to_approval,1,146,200,17.033800,
proposed,12,1,perf-proposed-r012-20260818T054650Z,loan_to_approval,1,147,200,17.323000,
proposed,12,1,perf-proposed-r012-20260818T054650Z,loan_to_approval,1,148,200,16.390300,
proposed,12,1,perf-proposed-r012-20260818T054650Z,loan_to_approval,1,149,200,19.007200,
proposed,12,1,perf-proposed-r012-20260818T054650Z,loan_to_approval,1,150,200,17.668900,
proposed,12,1,perf-proposed-r012-20260818T054650Z,loan_to_approval,1,151,200,16.723500,
proposed,12,1,perf-proposed-r012-20260818T054650Z,loan_to_approval,1,152,200,19.188800,
proposed,12,1,perf-proposed-r012-20260818T054650Z,loan_to_approval,1,153,200,18.241900,
proposed,12,1,perf-proposed-r012-20260818T054650Z,loan_to_approval,1,154,200,16.772500,
proposed,12,1,perf-proposed-r012-20260818T054650Z,loan_to_approval,1,155,200,18.394500,
proposed,12,1,perf-proposed-r012-20260818T054650Z,loan_to_approval,1,156,200,20.012700,
proposed,12,1,perf-proposed-r012-20260818T054650Z,loan_to_approval,1,157,200,19.633200,
proposed,12,1,perf-proposed-r012-20260818T054650Z,loan_to_approval,1,158,200,17.910100,
proposed,12,1,perf-proposed-r012-20260818T054650Z,loan_to_approval,1,159,200,17.504200,
proposed,12,1,perf-proposed-r012-20260818T054650Z,loan_to_approval,1,160,200,16.569700,
proposed,12,1,perf-proposed-r012-20260818T054650Z,loan_to_approval,1,161,200,16.887000,
proposed,12,1,perf-proposed-r012-20260818T054650Z,loan_to_approval,1,162,200,16.832300,
proposed,12,1,perf-proposed-r012-20260818T054650Z,loan_to_approval,1,163,200,15.975500,
proposed,12,1,perf-proposed-r012-20260818T054650Z,loan_to_approval,1,164,200,20.090600,
proposed,12,1,perf-proposed-r012-20260818T054650Z,loan_to_approval,1,165,200,17.057700,
proposed,12,1,perf-proposed-r012-20260818T054650Z,loan_to_approval,1,166,200,16.845300,
proposed,12,1,perf-proposed-r012-20260818T054650Z,loan_to_approval,1,167,200,16.118200,
proposed,12,1,perf-proposed-r012-20260818T054650Z,loan_to_approval,1,168,200,16.654100,
proposed,12,1,perf-proposed-r012-20260818T054650Z,loan_to_approval,1,169,200,17.168600,
proposed,12,1,perf-proposed-r012-20260818T054650Z,loan_to_approval,1,170,200,16.344400,
proposed,12,1,perf-proposed-r012-20260818T054650Z,loan_to_approval,1,171,200,17.417300,
proposed,12,1,perf-proposed-r012-20260818T054650Z,loan_to_approval,1,172,200,17.420500,
proposed,12,1,perf-proposed-r012-20260818T054650Z,loan_to_approval,1,173,200,16.713100,
proposed,12,1,perf-proposed-r012-20260818T054650Z,loan_to_approval,1,174,200,16.855500,
proposed,12,1,perf-proposed-r012-20260818T054650Z,loan_to_approval,1,175,200,17.282100,
proposed,12,1,perf-proposed-r012-20260818T054650Z,loan_to_approval,1,176,200,16.675700,
proposed,12,1,perf-proposed-r012-20260818T054650Z,loan_to_approval,1,177,200,17.022600,
proposed,12,1,perf-proposed-r012-20260818T054650Z,loan_to_approval,1,178,200,16.170700,
proposed,12,1,perf-proposed-r012-20260818T054650Z,loan_to_approval,1,179,200,16.675700,
proposed,12,1,perf-proposed-r012-20260818T054650Z,loan_to_approval,1,180,200,16.228500,
proposed,12,1,perf-proposed-r012-20260818T054650Z,loan_to_approval,1,181,200,17.069600,
proposed,12,1,perf-proposed-r012-20260818T054650Z,loan_to_approval,1,182,200,16.634500,
proposed,12,1,perf-proposed-r012-20260818T054650Z,loan_to_approval,1,183,200,18.025900,
proposed,12,1,perf-proposed-r012-20260818T054650Z,loan_to_approval,1,184,200,16.797300,
proposed,12,1,perf-proposed-r012-20260818T054650Z,loan_to_approval,1,185,200,18.017100,
proposed,12,1,perf-proposed-r012-20260818T054650Z,loan_to_approval,1,186,200,15.915500,
proposed,12,1,perf-proposed-r012-20260818T054650Z,loan_to_approval,1,187,200,16.463100,
proposed,12,1,perf-proposed-r012-20260818T054650Z,loan_to_approval,1,188,200,16.656100,
proposed,12,1,perf-proposed-r012-20260818T054650Z,loan_to_approval,1,189,200,21.198100,
proposed,12,1,perf-proposed-r012-20260818T054650Z,loan_to_approval,1,190,200,18.392100,
proposed,12,1,perf-proposed-r012-20260818T054650Z,loan_to_approval,1,191,200,20.136300,
proposed,12,1,perf-proposed-r012-20260818T054650Z,loan_to_approval,1,192,200,19.140300,
proposed,12,1,perf-proposed-r012-20260818T054650Z,loan_to_approval,1,193,200,19.965800,
proposed,12,1,perf-proposed-r012-20260818T054650Z,loan_to_approval,1,194,200,17.252400,
proposed,12,1,perf-proposed-r012-20260818T054650Z,loan_to_approval,1,195,200,16.739500,
proposed,12,1,perf-proposed-r012-20260818T054650Z,loan_to_approval,1,196,200,17.164700,
proposed,12,1,perf-proposed-r012-20260818T054650Z,loan_to_approval,1,197,200,17.284800,
proposed,12,1,perf-proposed-r012-20260818T054650Z,loan_to_approval,1,198,200,18.165000,
proposed,12,1,perf-proposed-r012-20260818T054650Z,loan_to_approval,1,199,200,18.329300,
proposed,12,1,perf-proposed-r012-20260818T054650Z,loan_to_approval,1,200,200,19.075700,
proposed,12,1,perf-proposed-r012-20260818T054650Z,loan_to_approval,2,1,200,17.280500,
proposed,12,1,perf-proposed-r012-20260818T054650Z,loan_to_approval,2,2,200,16.954900,
proposed,12,1,perf-proposed-r012-20260818T054650Z,loan_to_approval,2,3,200,16.979700,
proposed,12,1,perf-proposed-r012-20260818T054650Z,loan_to_approval,2,4,200,16.947100,
proposed,12,1,perf-proposed-r012-20260818T054650Z,loan_to_approval,2,5,200,16.814300,
proposed,12,1,perf-proposed-r012-20260818T054650Z,loan_to_approval,2,6,200,16.048900,
proposed,12,1,perf-proposed-r012-20260818T054650Z,loan_to_approval,2,7,200,15.913700,
proposed,12,1,perf-proposed-r012-20260818T054650Z,loan_to_approval,2,8,200,16.729500,
proposed,12,1,perf-proposed-r012-20260818T054650Z,loan_to_approval,2,9,200,16.016200,
proposed,12,1,perf-proposed-r012-20260818T054650Z,loan_to_approval,2,10,200,17.625200,
proposed,12,1,perf-proposed-r012-20260818T054650Z,loan_to_approval,2,11,200,16.469200,
proposed,12,1,perf-proposed-r012-20260818T054650Z,loan_to_approval,2,12,200,17.114100,
proposed,12,1,perf-proposed-r012-20260818T054650Z,loan_to_approval,2,13,200,16.917400,
proposed,12,1,perf-proposed-r012-20260818T054650Z,loan_to_approval,2,14,200,19.208200,
proposed,12,1,perf-proposed-r012-20260818T054650Z,loan_to_approval,2,15,200,17.319900,
proposed,12,1,perf-proposed-r012-20260818T054650Z,loan_to_approval,2,16,200,17.649100,
proposed,12,1,perf-proposed-r012-20260818T054650Z,loan_to_approval,2,17,200,16.910300,
proposed,12,1,perf-proposed-r012-20260818T054650Z,loan_to_approval,2,18,200,17.266500,
proposed,12,1,perf-proposed-r012-20260818T054650Z,loan_to_approval,2,19,200,20.497000,
proposed,12,1,perf-proposed-r012-20260818T054650Z,loan_to_approval,2,20,200,16.499800,
proposed,12,1,perf-proposed-r012-20260818T054650Z,loan_to_approval,2,21,200,16.260300,
proposed,12,1,perf-proposed-r012-20260818T054650Z,loan_to_approval,2,22,200,17.060900,
proposed,12,1,perf-proposed-r012-20260818T054650Z,loan_to_approval,2,23,200,16.064400,
proposed,12,1,perf-proposed-r012-20260818T054650Z,loan_to_approval,2,24,200,17.004200,
proposed,12,1,perf-proposed-r012-20260818T054650Z,loan_to_approval,2,25,200,16.708500,
proposed,12,1,perf-proposed-r012-20260818T054650Z,loan_to_approval,2,26,200,16.985200,
proposed,12,1,perf-proposed-r012-20260818T054650Z,loan_to_approval,2,27,200,16.001700,
proposed,12,1,perf-proposed-r012-20260818T054650Z,loan_to_approval,2,28,200,17.124800,
proposed,12,1,perf-proposed-r012-20260818T054650Z,loan_to_approval,2,29,200,16.975200,
proposed,12,1,perf-proposed-r012-20260818T054650Z,loan_to_approval,2,30,200,15.800500,
proposed,12,1,perf-proposed-r012-20260818T054650Z,loan_to_approval,2,31,200,17.224400,
proposed,12,1,perf-proposed-r012-20260818T054650Z,loan_to_approval,2,32,200,16.799000,
proposed,12,1,perf-proposed-r012-20260818T054650Z,loan_to_approval,2,33,200,16.964600,
proposed,12,1,perf-proposed-r012-20260818T054650Z,loan_to_approval,2,34,200,16.885700,
proposed,12,1,perf-proposed-r012-20260818T054650Z,loan_to_approval,2,35,200,17.048000,
proposed,12,1,perf-proposed-r012-20260818T054650Z,loan_to_approval,2,36,200,16.924100,
proposed,12,1,perf-proposed-r012-20260818T054650Z,loan_to_approval,2,37,200,16.090700,
proposed,12,1,perf-proposed-r012-20260818T054650Z,loan_to_approval,2,38,200,15.714900,
proposed,12,1,perf-proposed-r012-20260818T054650Z,loan_to_approval,2,39,200,16.387500,
proposed,12,1,perf-proposed-r012-20260818T054650Z,loan_to_approval,2,40,200,15.634000,
proposed,12,1,perf-proposed-r012-20260818T054650Z,loan_to_approval,2,41,200,15.901900,
proposed,12,1,perf-proposed-r012-20260818T054650Z,loan_to_approval,2,42,200,19.819400,
proposed,12,1,perf-proposed-r012-20260818T054650Z,loan_to_approval,2,43,200,17.722500,
proposed,12,1,perf-proposed-r012-20260818T054650Z,loan_to_approval,2,44,200,18.917700,
proposed,12,1,perf-proposed-r012-20260818T054650Z,loan_to_approval,2,45,200,18.884900,
proposed,12,1,perf-proposed-r012-20260818T054650Z,loan_to_approval,2,46,200,17.484600,
proposed,12,1,perf-proposed-r012-20260818T054650Z,loan_to_approval,2,47,200,17.680000,
proposed,12,1,perf-proposed-r012-20260818T054650Z,loan_to_approval,2,48,200,16.966500,
proposed,12,1,perf-proposed-r012-20260818T054650Z,loan_to_approval,2,49,200,17.317200,
proposed,12,1,perf-proposed-r012-20260818T054650Z,loan_to_approval,2,50,200,17.678800,
proposed,12,1,perf-proposed-r012-20260818T054650Z,loan_to_approval,2,51,200,17.478200,
proposed,12,1,perf-proposed-r012-20260818T054650Z,loan_to_approval,2,52,200,17.886100,
proposed,12,1,perf-proposed-r012-20260818T054650Z,loan_to_approval,2,53,200,16.615500,
proposed,12,1,perf-proposed-r012-20260818T054650Z,loan_to_approval,2,54,200,17.106800,
proposed,12,1,perf-proposed-r012-20260818T054650Z,loan_to_approval,2,55,200,16.748900,
proposed,12,1,perf-proposed-r012-20260818T054650Z,loan_to_approval,2,56,200,17.339200,
proposed,12,1,perf-proposed-r012-20260818T054650Z,loan_to_approval,2,57,200,16.661900,
proposed,12,1,perf-proposed-r012-20260818T054650Z,loan_to_approval,2,58,200,17.202600,
proposed,12,1,perf-proposed-r012-20260818T054650Z,loan_to_approval,2,59,200,16.400400,
proposed,12,1,perf-proposed-r012-20260818T054650Z,loan_to_approval,2,60,200,17.386900,
proposed,12,1,perf-proposed-r012-20260818T054650Z,loan_to_approval,2,61,200,16.970800,
proposed,12,1,perf-proposed-r012-20260818T054650Z,loan_to_approval,2,62,200,18.110400,
proposed,12,1,perf-proposed-r012-20260818T054650Z,loan_to_approval,2,63,200,17.042800,
proposed,12,1,perf-proposed-r012-20260818T054650Z,loan_to_approval,2,64,200,18.051400,
proposed,12,1,perf-proposed-r012-20260818T054650Z,loan_to_approval,2,65,200,16.444600,
proposed,12,1,perf-proposed-r012-20260818T054650Z,loan_to_approval,2,66,200,17.144000,
proposed,12,1,perf-proposed-r012-20260818T054650Z,loan_to_approval,2,67,200,16.876500,
proposed,12,1,perf-proposed-r012-20260818T054650Z,loan_to_approval,2,68,200,16.755900,
proposed,12,1,perf-proposed-r012-20260818T054650Z,loan_to_approval,2,69,200,17.170600,
proposed,12,1,perf-proposed-r012-20260818T054650Z,loan_to_approval,2,70,200,16.942500,
proposed,12,1,perf-proposed-r012-20260818T054650Z,loan_to_approval,2,71,200,17.225200,
proposed,12,1,perf-proposed-r012-20260818T054650Z,loan_to_approval,2,72,200,17.497000,
proposed,12,1,perf-proposed-r012-20260818T054650Z,loan_to_approval,2,73,200,17.888900,
proposed,12,1,perf-proposed-r012-20260818T054650Z,loan_to_approval,2,74,200,17.620100,
proposed,12,1,perf-proposed-r012-20260818T054650Z,loan_to_approval,2,75,200,16.519500,
proposed,12,1,perf-proposed-r012-20260818T054650Z,loan_to_approval,2,76,200,15.907200,
proposed,12,1,perf-proposed-r012-20260818T054650Z,loan_to_approval,2,77,200,16.031900,
proposed,12,1,perf-proposed-r012-20260818T054650Z,loan_to_approval,2,78,200,16.227900,
proposed,12,1,perf-proposed-r012-20260818T054650Z,loan_to_approval,2,79,200,17.292600,
proposed,12,1,perf-proposed-r012-20260818T054650Z,loan_to_approval,2,80,200,16.614000,
proposed,12,1,perf-proposed-r012-20260818T054650Z,loan_to_approval,2,81,200,16.982300,
proposed,12,1,perf-proposed-r012-20260818T054650Z,loan_to_approval,2,82,200,16.764700,
proposed,12,1,perf-proposed-r012-20260818T054650Z,loan_to_approval,2,83,200,16.464100,
proposed,12,1,perf-proposed-r012-20260818T054650Z,loan_to_approval,2,84,200,16.820000,
proposed,12,1,perf-proposed-r012-20260818T054650Z,loan_to_approval,2,85,200,15.846500,
proposed,12,1,perf-proposed-r012-20260818T054650Z,loan_to_approval,2,86,200,17.085100,
proposed,12,1,perf-proposed-r012-20260818T054650Z,loan_to_approval,2,87,200,16.905900,
proposed,12,1,perf-proposed-r012-20260818T054650Z,loan_to_approval,2,88,200,16.212100,
proposed,12,1,perf-proposed-r012-20260818T054650Z,loan_to_approval,2,89,200,15.552700,
proposed,12,1,perf-proposed-r012-20260818T054650Z,loan_to_approval,2,90,200,16.019000,
proposed,12,1,perf-proposed-r012-20260818T054650Z,loan_to_approval,2,91,200,17.352500,
proposed,12,1,perf-proposed-r012-20260818T054650Z,loan_to_approval,2,92,200,17.021500,
proposed,12,1,perf-proposed-r012-20260818T054650Z,loan_to_approval,2,93,200,16.772100,
proposed,12,1,perf-proposed-r012-20260818T054650Z,loan_to_approval,2,94,200,17.345500,
proposed,12,1,perf-proposed-r012-20260818T054650Z,loan_to_approval,2,95,200,16.468200,
proposed,12,1,perf-proposed-r012-20260818T054650Z,loan_to_approval,2,96,200,16.048100,
proposed,12,1,perf-proposed-r012-20260818T054650Z,loan_to_approval,2,97,200,16.982700,
proposed,12,1,perf-proposed-r012-20260818T054650Z,loan_to_approval,2,98,200,16.970800,
proposed,12,1,perf-proposed-r012-20260818T054650Z,loan_to_approval,2,99,200,16.075600,
proposed,12,1,perf-proposed-r012-20260818T054650Z,loan_to_approval,2,100,200,16.954400,
proposed,12,1,perf-proposed-r012-20260818T054650Z,loan_to_approval,2,101,200,16.941900,
proposed,12,1,perf-proposed-r012-20260818T054650Z,loan_to_approval,2,102,200,17.017900,
proposed,12,1,perf-proposed-r012-20260818T054650Z,loan_to_approval,2,103,200,16.872800,
proposed,12,1,perf-proposed-r012-20260818T054650Z,loan_to_approval,2,104,200,17.128200,
proposed,12,1,perf-proposed-r012-20260818T054650Z,loan_to_approval,2,105,200,15.994800,
proposed,12,1,perf-proposed-r012-20260818T054650Z,loan_to_approval,2,106,200,15.952300,
proposed,12,1,perf-proposed-r012-20260818T054650Z,loan_to_approval,2,107,200,16.631100,
proposed,12,1,perf-proposed-r012-20260818T054650Z,loan_to_approval,2,108,200,17.247100,
proposed,12,1,perf-proposed-r012-20260818T054650Z,loan_to_approval,2,109,200,15.972800,
proposed,12,1,perf-proposed-r012-20260818T054650Z,loan_to_approval,2,110,200,15.879600,
proposed,12,1,perf-proposed-r012-20260818T054650Z,loan_to_approval,2,111,200,16.999200,
proposed,12,1,perf-proposed-r012-20260818T054650Z,loan_to_approval,2,112,200,15.812800,
proposed,12,1,perf-proposed-r012-20260818T054650Z,loan_to_approval,2,113,200,16.479600,
proposed,12,1,perf-proposed-r012-20260818T054650Z,loan_to_approval,2,114,200,16.873200,
proposed,12,1,perf-proposed-r012-20260818T054650Z,loan_to_approval,2,115,200,17.226200,
proposed,12,1,perf-proposed-r012-20260818T054650Z,loan_to_approval,2,116,200,16.815700,
proposed,12,1,perf-proposed-r012-20260818T054650Z,loan_to_approval,2,117,200,17.264100,
proposed,12,1,perf-proposed-r012-20260818T054650Z,loan_to_approval,2,118,200,16.911400,
proposed,12,1,perf-proposed-r012-20260818T054650Z,loan_to_approval,2,119,200,16.574300,
proposed,12,1,perf-proposed-r012-20260818T054650Z,loan_to_approval,2,120,200,15.808200,
proposed,12,1,perf-proposed-r012-20260818T054650Z,loan_to_approval,2,121,200,15.893100,
proposed,12,1,perf-proposed-r012-20260818T054650Z,loan_to_approval,2,122,200,17.191200,
proposed,12,1,perf-proposed-r012-20260818T054650Z,loan_to_approval,2,123,200,18.107100,
proposed,12,1,perf-proposed-r012-20260818T054650Z,loan_to_approval,2,124,200,18.318200,
proposed,12,1,perf-proposed-r012-20260818T054650Z,loan_to_approval,2,125,200,17.923400,
proposed,12,1,perf-proposed-r012-20260818T054650Z,loan_to_approval,2,126,200,16.530900,
proposed,12,1,perf-proposed-r012-20260818T054650Z,loan_to_approval,2,127,200,17.590900,
proposed,12,1,perf-proposed-r012-20260818T054650Z,loan_to_approval,2,128,200,16.482700,
proposed,12,1,perf-proposed-r012-20260818T054650Z,loan_to_approval,2,129,200,16.081300,
proposed,12,1,perf-proposed-r012-20260818T054650Z,loan_to_approval,2,130,200,16.976300,
proposed,12,1,perf-proposed-r012-20260818T054650Z,loan_to_approval,2,131,200,16.809400,
proposed,12,1,perf-proposed-r012-20260818T054650Z,loan_to_approval,2,132,200,16.969800,
proposed,12,1,perf-proposed-r012-20260818T054650Z,loan_to_approval,2,133,200,20.329200,
proposed,12,1,perf-proposed-r012-20260818T054650Z,loan_to_approval,2,134,200,16.795300,
proposed,12,1,perf-proposed-r012-20260818T054650Z,loan_to_approval,2,135,200,17.024800,
proposed,12,1,perf-proposed-r012-20260818T054650Z,loan_to_approval,2,136,200,16.735400,
proposed,12,1,perf-proposed-r012-20260818T054650Z,loan_to_approval,2,137,200,17.611000,
proposed,12,1,perf-proposed-r012-20260818T054650Z,loan_to_approval,2,138,200,18.209900,
proposed,12,1,perf-proposed-r012-20260818T054650Z,loan_to_approval,2,139,200,19.700900,
proposed,12,1,perf-proposed-r012-20260818T054650Z,loan_to_approval,2,140,200,19.545300,
proposed,12,1,perf-proposed-r012-20260818T054650Z,loan_to_approval,2,141,200,18.870300,
proposed,12,1,perf-proposed-r012-20260818T054650Z,loan_to_approval,2,142,200,17.454300,
proposed,12,1,perf-proposed-r012-20260818T054650Z,loan_to_approval,2,143,200,17.903600,
proposed,12,1,perf-proposed-r012-20260818T054650Z,loan_to_approval,2,144,200,17.972500,
proposed,12,1,perf-proposed-r012-20260818T054650Z,loan_to_approval,2,145,200,16.689000,
proposed,12,1,perf-proposed-r012-20260818T054650Z,loan_to_approval,2,146,200,17.322300,
proposed,12,1,perf-proposed-r012-20260818T054650Z,loan_to_approval,2,147,200,16.944200,
proposed,12,1,perf-proposed-r012-20260818T054650Z,loan_to_approval,2,148,200,16.665700,
proposed,12,1,perf-proposed-r012-20260818T054650Z,loan_to_approval,2,149,200,16.768800,
proposed,12,1,perf-proposed-r012-20260818T054650Z,loan_to_approval,2,150,200,15.878100,
proposed,12,1,perf-proposed-r012-20260818T054650Z,loan_to_approval,2,151,200,17.335000,
proposed,12,1,perf-proposed-r012-20260818T054650Z,loan_to_approval,2,152,200,16.919900,
proposed,12,1,perf-proposed-r012-20260818T054650Z,loan_to_approval,2,153,200,16.920100,
proposed,12,1,perf-proposed-r012-20260818T054650Z,loan_to_approval,2,154,200,17.170200,
proposed,12,1,perf-proposed-r012-20260818T054650Z,loan_to_approval,2,155,200,17.838500,
proposed,12,1,perf-proposed-r012-20260818T054650Z,loan_to_approval,2,156,200,17.010600,
proposed,12,1,perf-proposed-r012-20260818T054650Z,loan_to_approval,2,157,200,16.572900,
proposed,12,1,perf-proposed-r012-20260818T054650Z,loan_to_approval,2,158,200,16.002700,
proposed,12,1,perf-proposed-r012-20260818T054650Z,loan_to_approval,2,159,200,16.120700,
proposed,12,1,perf-proposed-r012-20260818T054650Z,loan_to_approval,2,160,200,17.028700,
proposed,12,1,perf-proposed-r012-20260818T054650Z,loan_to_approval,2,161,200,17.154400,
proposed,12,1,perf-proposed-r012-20260818T054650Z,loan_to_approval,2,162,200,18.172700,
proposed,12,1,perf-proposed-r012-20260818T054650Z,loan_to_approval,2,163,200,17.648600,
proposed,12,1,perf-proposed-r012-20260818T054650Z,loan_to_approval,2,164,200,17.475900,
proposed,12,1,perf-proposed-r012-20260818T054650Z,loan_to_approval,2,165,200,18.032800,
proposed,12,1,perf-proposed-r012-20260818T054650Z,loan_to_approval,2,166,200,17.871300,
proposed,12,1,perf-proposed-r012-20260818T054650Z,loan_to_approval,2,167,200,18.030200,
proposed,12,1,perf-proposed-r012-20260818T054650Z,loan_to_approval,2,168,200,17.853500,
proposed,12,1,perf-proposed-r012-20260818T054650Z,loan_to_approval,2,169,200,18.009000,
proposed,12,1,perf-proposed-r012-20260818T054650Z,loan_to_approval,2,170,200,16.715200,
proposed,12,1,perf-proposed-r012-20260818T054650Z,loan_to_approval,2,171,200,18.814200,
proposed,12,1,perf-proposed-r012-20260818T054650Z,loan_to_approval,2,172,200,18.715700,
proposed,12,1,perf-proposed-r012-20260818T054650Z,loan_to_approval,2,173,200,17.561900,
proposed,12,1,perf-proposed-r012-20260818T054650Z,loan_to_approval,2,174,200,18.036700,
proposed,12,1,perf-proposed-r012-20260818T054650Z,loan_to_approval,2,175,200,19.132100,
proposed,12,1,perf-proposed-r012-20260818T054650Z,loan_to_approval,2,176,200,18.272700,
proposed,12,1,perf-proposed-r012-20260818T054650Z,loan_to_approval,2,177,200,19.457900,
proposed,12,1,perf-proposed-r012-20260818T054650Z,loan_to_approval,2,178,200,18.222900,
proposed,12,1,perf-proposed-r012-20260818T054650Z,loan_to_approval,2,179,200,17.959300,
proposed,12,1,perf-proposed-r012-20260818T054650Z,loan_to_approval,2,180,200,19.431400,
proposed,12,1,perf-proposed-r012-20260818T054650Z,loan_to_approval,2,181,200,18.461200,
proposed,12,1,perf-proposed-r012-20260818T054650Z,loan_to_approval,2,182,200,18.464700,
proposed,12,1,perf-proposed-r012-20260818T054650Z,loan_to_approval,2,183,200,19.823100,
proposed,12,1,perf-proposed-r012-20260818T054650Z,loan_to_approval,2,184,200,17.634000,
proposed,12,1,perf-proposed-r012-20260818T054650Z,loan_to_approval,2,185,200,17.494700,
proposed,12,1,perf-proposed-r012-20260818T054650Z,loan_to_approval,2,186,200,18.856000,
proposed,12,1,perf-proposed-r012-20260818T054650Z,loan_to_approval,2,187,200,17.290000,
proposed,12,1,perf-proposed-r012-20260818T054650Z,loan_to_approval,2,188,200,17.084700,
proposed,12,1,perf-proposed-r012-20260818T054650Z,loan_to_approval,2,189,200,17.634200,
proposed,12,1,perf-proposed-r012-20260818T054650Z,loan_to_approval,2,190,200,18.805700,
proposed,12,1,perf-proposed-r012-20260818T054650Z,loan_to_approval,2,191,200,18.014700,
proposed,12,1,perf-proposed-r012-20260818T054650Z,loan_to_approval,2,192,200,18.886700,
proposed,12,1,perf-proposed-r012-20260818T054650Z,loan_to_approval,2,193,200,17.330100,
proposed,12,1,perf-proposed-r012-20260818T054650Z,loan_to_approval,2,194,200,17.356600,
proposed,12,1,perf-proposed-r012-20260818T054650Z,loan_to_approval,2,195,200,17.658900,
proposed,12,1,perf-proposed-r012-20260818T054650Z,loan_to_approval,2,196,200,16.753700,
proposed,12,1,perf-proposed-r012-20260818T054650Z,loan_to_approval,2,197,200,17.289800,
proposed,12,1,perf-proposed-r012-20260818T054650Z,loan_to_approval,2,198,200,16.797900,
proposed,12,1,perf-proposed-r012-20260818T054650Z,loan_to_approval,2,199,200,16.785800,
proposed,12,1,perf-proposed-r012-20260818T054650Z,loan_to_approval,2,200,200,17.278400,
proposed,12,1,perf-proposed-r012-20260818T054650Z,loan_to_approval,3,1,200,17.012700,
proposed,12,1,perf-proposed-r012-20260818T054650Z,loan_to_approval,3,2,200,16.391700,
proposed,12,1,perf-proposed-r012-20260818T054650Z,loan_to_approval,3,3,200,16.169000,
proposed,12,1,perf-proposed-r012-20260818T054650Z,loan_to_approval,3,4,200,17.214300,
proposed,12,1,perf-proposed-r012-20260818T054650Z,loan_to_approval,3,5,200,16.936800,
proposed,12,1,perf-proposed-r012-20260818T054650Z,loan_to_approval,3,6,200,17.262700,
proposed,12,1,perf-proposed-r012-20260818T054650Z,loan_to_approval,3,7,200,18.266300,
proposed,12,1,perf-proposed-r012-20260818T054650Z,loan_to_approval,3,8,200,17.890800,
proposed,12,1,perf-proposed-r012-20260818T054650Z,loan_to_approval,3,9,200,16.803300,
proposed,12,1,perf-proposed-r012-20260818T054650Z,loan_to_approval,3,10,200,17.193700,
proposed,12,1,perf-proposed-r012-20260818T054650Z,loan_to_approval,3,11,200,16.694300,
proposed,12,1,perf-proposed-r012-20260818T054650Z,loan_to_approval,3,12,200,17.536100,
proposed,12,1,perf-proposed-r012-20260818T054650Z,loan_to_approval,3,13,200,17.458600,
proposed,12,1,perf-proposed-r012-20260818T054650Z,loan_to_approval,3,14,200,17.015500,
proposed,12,1,perf-proposed-r012-20260818T054650Z,loan_to_approval,3,15,200,17.049000,
proposed,12,1,perf-proposed-r012-20260818T054650Z,loan_to_approval,3,16,200,17.798900,
proposed,12,1,perf-proposed-r012-20260818T054650Z,loan_to_approval,3,17,200,18.302200,
proposed,12,1,perf-proposed-r012-20260818T054650Z,loan_to_approval,3,18,200,16.832700,
proposed,12,1,perf-proposed-r012-20260818T054650Z,loan_to_approval,3,19,200,16.542500,
proposed,12,1,perf-proposed-r012-20260818T054650Z,loan_to_approval,3,20,200,15.902600,
proposed,12,1,perf-proposed-r012-20260818T054650Z,loan_to_approval,3,21,200,16.369800,
proposed,12,1,perf-proposed-r012-20260818T054650Z,loan_to_approval,3,22,200,16.653600,
proposed,12,1,perf-proposed-r012-20260818T054650Z,loan_to_approval,3,23,200,16.088100,
proposed,12,1,perf-proposed-r012-20260818T054650Z,loan_to_approval,3,24,200,17.012300,
proposed,12,1,perf-proposed-r012-20260818T054650Z,loan_to_approval,3,25,200,16.920600,
proposed,12,1,perf-proposed-r012-20260818T054650Z,loan_to_approval,3,26,200,17.517100,
proposed,12,1,perf-proposed-r012-20260818T054650Z,loan_to_approval,3,27,200,18.058200,
proposed,12,1,perf-proposed-r012-20260818T054650Z,loan_to_approval,3,28,200,17.834500,
proposed,12,1,perf-proposed-r012-20260818T054650Z,loan_to_approval,3,29,200,16.671600,
proposed,12,1,perf-proposed-r012-20260818T054650Z,loan_to_approval,3,30,200,17.084000,
proposed,12,1,perf-proposed-r012-20260818T054650Z,loan_to_approval,3,31,200,16.757600,
proposed,12,1,perf-proposed-r012-20260818T054650Z,loan_to_approval,3,32,200,15.853900,
proposed,12,1,perf-proposed-r012-20260818T054650Z,loan_to_approval,3,33,200,15.923800,
proposed,12,1,perf-proposed-r012-20260818T054650Z,loan_to_approval,3,34,200,18.283300,
proposed,12,1,perf-proposed-r012-20260818T054650Z,loan_to_approval,3,35,200,16.494100,
proposed,12,1,perf-proposed-r012-20260818T054650Z,loan_to_approval,3,36,200,19.081000,
proposed,12,1,perf-proposed-r012-20260818T054650Z,loan_to_approval,3,37,200,17.520400,
proposed,12,1,perf-proposed-r012-20260818T054650Z,loan_to_approval,3,38,200,18.532200,
proposed,12,1,perf-proposed-r012-20260818T054650Z,loan_to_approval,3,39,200,16.783600,
proposed,12,1,perf-proposed-r012-20260818T054650Z,loan_to_approval,3,40,200,17.149600,
proposed,12,1,perf-proposed-r012-20260818T054650Z,loan_to_approval,3,41,200,17.400700,
proposed,12,1,perf-proposed-r012-20260818T054650Z,loan_to_approval,3,42,200,17.683400,
proposed,12,1,perf-proposed-r012-20260818T054650Z,loan_to_approval,3,43,200,17.396600,
proposed,12,1,perf-proposed-r012-20260818T054650Z,loan_to_approval,3,44,200,17.351100,
proposed,12,1,perf-proposed-r012-20260818T054650Z,loan_to_approval,3,45,200,17.484200,
proposed,12,1,perf-proposed-r012-20260818T054650Z,loan_to_approval,3,46,200,16.662800,
proposed,12,1,perf-proposed-r012-20260818T054650Z,loan_to_approval,3,47,200,16.734400,
proposed,12,1,perf-proposed-r012-20260818T054650Z,loan_to_approval,3,48,200,16.529100,
proposed,12,1,perf-proposed-r012-20260818T054650Z,loan_to_approval,3,49,200,16.742300,
proposed,12,1,perf-proposed-r012-20260818T054650Z,loan_to_approval,3,50,200,15.868400,
proposed,12,1,perf-proposed-r012-20260818T054650Z,loan_to_approval,3,51,200,17.038600,
proposed,12,1,perf-proposed-r012-20260818T054650Z,loan_to_approval,3,52,200,16.851300,
proposed,12,1,perf-proposed-r012-20260818T054650Z,loan_to_approval,3,53,200,15.976800,
proposed,12,1,perf-proposed-r012-20260818T054650Z,loan_to_approval,3,54,200,15.799400,
proposed,12,1,perf-proposed-r012-20260818T054650Z,loan_to_approval,3,55,200,16.828800,
proposed,12,1,perf-proposed-r012-20260818T054650Z,loan_to_approval,3,56,200,21.405400,
proposed,12,1,perf-proposed-r012-20260818T054650Z,loan_to_approval,3,57,200,18.993500,
proposed,12,1,perf-proposed-r012-20260818T054650Z,loan_to_approval,3,58,200,18.189000,
proposed,12,1,perf-proposed-r012-20260818T054650Z,loan_to_approval,3,59,200,17.205200,
proposed,12,1,perf-proposed-r012-20260818T054650Z,loan_to_approval,3,60,200,17.857800,
proposed,12,1,perf-proposed-r012-20260818T054650Z,loan_to_approval,3,61,200,18.284400,
proposed,12,1,perf-proposed-r012-20260818T054650Z,loan_to_approval,3,62,200,19.309600,
proposed,12,1,perf-proposed-r012-20260818T054650Z,loan_to_approval,3,63,200,17.370500,
proposed,12,1,perf-proposed-r012-20260818T054650Z,loan_to_approval,3,64,200,18.042500,
proposed,12,1,perf-proposed-r012-20260818T054650Z,loan_to_approval,3,65,200,16.704900,
proposed,12,1,perf-proposed-r012-20260818T054650Z,loan_to_approval,3,66,200,17.249400,
proposed,12,1,perf-proposed-r012-20260818T054650Z,loan_to_approval,3,67,200,16.986100,
proposed,12,1,perf-proposed-r012-20260818T054650Z,loan_to_approval,3,68,200,17.062600,
proposed,12,1,perf-proposed-r012-20260818T054650Z,loan_to_approval,3,69,200,16.973200,
proposed,12,1,perf-proposed-r012-20260818T054650Z,loan_to_approval,3,70,200,17.284600,
proposed,12,1,perf-proposed-r012-20260818T054650Z,loan_to_approval,3,71,200,17.648400,
proposed,12,1,perf-proposed-r012-20260818T054650Z,loan_to_approval,3,72,200,17.801800,
proposed,12,1,perf-proposed-r012-20260818T054650Z,loan_to_approval,3,73,200,18.269600,
proposed,12,1,perf-proposed-r012-20260818T054650Z,loan_to_approval,3,74,200,17.611600,
proposed,12,1,perf-proposed-r012-20260818T054650Z,loan_to_approval,3,75,200,16.880900,
proposed,12,1,perf-proposed-r012-20260818T054650Z,loan_to_approval,3,76,200,17.324100,
proposed,12,1,perf-proposed-r012-20260818T054650Z,loan_to_approval,3,77,200,16.813800,
proposed,12,1,perf-proposed-r012-20260818T054650Z,loan_to_approval,3,78,200,16.698900,
proposed,12,1,perf-proposed-r012-20260818T054650Z,loan_to_approval,3,79,200,16.280200,
proposed,12,1,perf-proposed-r012-20260818T054650Z,loan_to_approval,3,80,200,17.071800,
proposed,12,1,perf-proposed-r012-20260818T054650Z,loan_to_approval,3,81,200,16.449400,
proposed,12,1,perf-proposed-r012-20260818T054650Z,loan_to_approval,3,82,200,16.307800,
proposed,12,1,perf-proposed-r012-20260818T054650Z,loan_to_approval,3,83,200,19.104500,
proposed,12,1,perf-proposed-r012-20260818T054650Z,loan_to_approval,3,84,200,19.131100,
proposed,12,1,perf-proposed-r012-20260818T054650Z,loan_to_approval,3,85,200,18.587600,
proposed,12,1,perf-proposed-r012-20260818T054650Z,loan_to_approval,3,86,200,19.319300,
proposed,12,1,perf-proposed-r012-20260818T054650Z,loan_to_approval,3,87,200,20.680300,
proposed,12,1,perf-proposed-r012-20260818T054650Z,loan_to_approval,3,88,200,18.597100,
proposed,12,1,perf-proposed-r012-20260818T054650Z,loan_to_approval,3,89,200,17.589900,
proposed,12,1,perf-proposed-r012-20260818T054650Z,loan_to_approval,3,90,200,17.160600,
proposed,12,1,perf-proposed-r012-20260818T054650Z,loan_to_approval,3,91,200,18.617800,
proposed,12,1,perf-proposed-r012-20260818T054650Z,loan_to_approval,3,92,200,17.122800,
proposed,12,1,perf-proposed-r012-20260818T054650Z,loan_to_approval,3,93,200,17.939100,
proposed,12,1,perf-proposed-r012-20260818T054650Z,loan_to_approval,3,94,200,18.041700,
proposed,12,1,perf-proposed-r012-20260818T054650Z,loan_to_approval,3,95,200,17.872800,
proposed,12,1,perf-proposed-r012-20260818T054650Z,loan_to_approval,3,96,200,18.002700,
proposed,12,1,perf-proposed-r012-20260818T054650Z,loan_to_approval,3,97,200,16.812500,
proposed,12,1,perf-proposed-r012-20260818T054650Z,loan_to_approval,3,98,200,16.864800,
proposed,12,1,perf-proposed-r012-20260818T054650Z,loan_to_approval,3,99,200,16.363600,
proposed,12,1,perf-proposed-r012-20260818T054650Z,loan_to_approval,3,100,200,17.036000,
proposed,12,1,perf-proposed-r012-20260818T054650Z,loan_to_approval,3,101,200,18.108800,
proposed,12,1,perf-proposed-r012-20260818T054650Z,loan_to_approval,3,102,200,21.866300,
proposed,12,1,perf-proposed-r012-20260818T054650Z,loan_to_approval,3,103,200,18.358700,
proposed,12,1,perf-proposed-r012-20260818T054650Z,loan_to_approval,3,104,200,18.349000,
proposed,12,1,perf-proposed-r012-20260818T054650Z,loan_to_approval,3,105,200,18.263300,
proposed,12,1,perf-proposed-r012-20260818T054650Z,loan_to_approval,3,106,200,18.447200,
proposed,12,1,perf-proposed-r012-20260818T054650Z,loan_to_approval,3,107,200,20.876900,
proposed,12,1,perf-proposed-r012-20260818T054650Z,loan_to_approval,3,108,200,20.056400,
proposed,12,1,perf-proposed-r012-20260818T054650Z,loan_to_approval,3,109,200,18.434100,
proposed,12,1,perf-proposed-r012-20260818T054650Z,loan_to_approval,3,110,200,18.033500,
proposed,12,1,perf-proposed-r012-20260818T054650Z,loan_to_approval,3,111,200,18.210800,
proposed,12,1,perf-proposed-r012-20260818T054650Z,loan_to_approval,3,112,200,17.467200,
proposed,12,1,perf-proposed-r012-20260818T054650Z,loan_to_approval,3,113,200,19.740200,
proposed,12,1,perf-proposed-r012-20260818T054650Z,loan_to_approval,3,114,200,17.386300,
proposed,12,1,perf-proposed-r012-20260818T054650Z,loan_to_approval,3,115,200,17.612800,
proposed,12,1,perf-proposed-r012-20260818T054650Z,loan_to_approval,3,116,200,18.045500,
proposed,12,1,perf-proposed-r012-20260818T054650Z,loan_to_approval,3,117,200,17.609400,
proposed,12,1,perf-proposed-r012-20260818T054650Z,loan_to_approval,3,118,200,16.832800,
proposed,12,1,perf-proposed-r012-20260818T054650Z,loan_to_approval,3,119,200,16.581500,
proposed,12,1,perf-proposed-r012-20260818T054650Z,loan_to_approval,3,120,200,17.935300,
proposed,12,1,perf-proposed-r012-20260818T054650Z,loan_to_approval,3,121,200,18.220800,
proposed,12,1,perf-proposed-r012-20260818T054650Z,loan_to_approval,3,122,200,18.070000,
proposed,12,1,perf-proposed-r012-20260818T054650Z,loan_to_approval,3,123,200,16.917600,
proposed,12,1,perf-proposed-r012-20260818T054650Z,loan_to_approval,3,124,200,19.823200,
proposed,12,1,perf-proposed-r012-20260818T054650Z,loan_to_approval,3,125,200,19.623300,
proposed,12,1,perf-proposed-r012-20260818T054650Z,loan_to_approval,3,126,200,17.999100,
proposed,12,1,perf-proposed-r012-20260818T054650Z,loan_to_approval,3,127,200,17.916500,
proposed,12,1,perf-proposed-r012-20260818T054650Z,loan_to_approval,3,128,200,18.585800,
proposed,12,1,perf-proposed-r012-20260818T054650Z,loan_to_approval,3,129,200,18.278300,
proposed,12,1,perf-proposed-r012-20260818T054650Z,loan_to_approval,3,130,200,18.294900,
proposed,12,1,perf-proposed-r012-20260818T054650Z,loan_to_approval,3,131,200,17.456200,
proposed,12,1,perf-proposed-r012-20260818T054650Z,loan_to_approval,3,132,200,17.673000,
proposed,12,1,perf-proposed-r012-20260818T054650Z,loan_to_approval,3,133,200,17.087300,
proposed,12,1,perf-proposed-r012-20260818T054650Z,loan_to_approval,3,134,200,17.999900,
proposed,12,1,perf-proposed-r012-20260818T054650Z,loan_to_approval,3,135,200,17.857600,
proposed,12,1,perf-proposed-r012-20260818T054650Z,loan_to_approval,3,136,200,17.261800,
proposed,12,1,perf-proposed-r012-20260818T054650Z,loan_to_approval,3,137,200,17.934300,
proposed,12,1,perf-proposed-r012-20260818T054650Z,loan_to_approval,3,138,200,17.981700,
proposed,12,1,perf-proposed-r012-20260818T054650Z,loan_to_approval,3,139,200,16.480000,
proposed,12,1,perf-proposed-r012-20260818T054650Z,loan_to_approval,3,140,200,15.029700,
proposed,12,1,perf-proposed-r012-20260818T054650Z,loan_to_approval,3,141,200,17.177100,
proposed,12,1,perf-proposed-r012-20260818T054650Z,loan_to_approval,3,142,200,16.807800,
proposed,12,1,perf-proposed-r012-20260818T054650Z,loan_to_approval,3,143,200,16.051700,
proposed,12,1,perf-proposed-r012-20260818T054650Z,loan_to_approval,3,144,200,16.976400,
proposed,12,1,perf-proposed-r012-20260818T054650Z,loan_to_approval,3,145,200,17.761400,
proposed,12,1,perf-proposed-r012-20260818T054650Z,loan_to_approval,3,146,200,17.247300,
proposed,12,1,perf-proposed-r012-20260818T054650Z,loan_to_approval,3,147,200,16.855600,
proposed,12,1,perf-proposed-r012-20260818T054650Z,loan_to_approval,3,148,200,16.877600,
proposed,12,1,perf-proposed-r012-20260818T054650Z,loan_to_approval,3,149,200,16.730500,
proposed,12,1,perf-proposed-r012-20260818T054650Z,loan_to_approval,3,150,200,16.241400,
proposed,12,1,perf-proposed-r012-20260818T054650Z,loan_to_approval,3,151,200,17.147600,
proposed,12,1,perf-proposed-r012-20260818T054650Z,loan_to_approval,3,152,200,16.964500,
proposed,12,1,perf-proposed-r012-20260818T054650Z,loan_to_approval,3,153,200,16.807600,
proposed,12,1,perf-proposed-r012-20260818T054650Z,loan_to_approval,3,154,200,17.393600,
proposed,12,1,perf-proposed-r012-20260818T054650Z,loan_to_approval,3,155,200,17.981200,
proposed,12,1,perf-proposed-r012-20260818T054650Z,loan_to_approval,3,156,200,16.706500,
proposed,12,1,perf-proposed-r012-20260818T054650Z,loan_to_approval,3,157,200,17.283400,
proposed,12,1,perf-proposed-r012-20260818T054650Z,loan_to_approval,3,158,200,17.185300,
proposed,12,1,perf-proposed-r012-20260818T054650Z,loan_to_approval,3,159,200,16.675700,
proposed,12,1,perf-proposed-r012-20260818T054650Z,loan_to_approval,3,160,200,17.095600,
proposed,12,1,perf-proposed-r012-20260818T054650Z,loan_to_approval,3,161,200,17.308400,
proposed,12,1,perf-proposed-r012-20260818T054650Z,loan_to_approval,3,162,200,17.909600,
proposed,12,1,perf-proposed-r012-20260818T054650Z,loan_to_approval,3,163,200,16.690200,
proposed,12,1,perf-proposed-r012-20260818T054650Z,loan_to_approval,3,164,200,17.057700,
proposed,12,1,perf-proposed-r012-20260818T054650Z,loan_to_approval,3,165,200,16.649400,
proposed,12,1,perf-proposed-r012-20260818T054650Z,loan_to_approval,3,166,200,17.113800,
proposed,12,1,perf-proposed-r012-20260818T054650Z,loan_to_approval,3,167,200,15.666800,
proposed,12,1,perf-proposed-r012-20260818T054650Z,loan_to_approval,3,168,200,17.119500,
proposed,12,1,perf-proposed-r012-20260818T054650Z,loan_to_approval,3,169,200,15.743500,
proposed,12,1,perf-proposed-r012-20260818T054650Z,loan_to_approval,3,170,200,16.126700,
proposed,12,1,perf-proposed-r012-20260818T054650Z,loan_to_approval,3,171,200,16.185200,
proposed,12,1,perf-proposed-r012-20260818T054650Z,loan_to_approval,3,172,200,16.744000,
proposed,12,1,perf-proposed-r012-20260818T054650Z,loan_to_approval,3,173,200,15.906000,
proposed,12,1,perf-proposed-r012-20260818T054650Z,loan_to_approval,3,174,200,16.005500,
proposed,12,1,perf-proposed-r012-20260818T054650Z,loan_to_approval,3,175,200,17.198300,
proposed,12,1,perf-proposed-r012-20260818T054650Z,loan_to_approval,3,176,200,16.660900,
proposed,12,1,perf-proposed-r012-20260818T054650Z,loan_to_approval,3,177,200,18.598800,
proposed,12,1,perf-proposed-r012-20260818T054650Z,loan_to_approval,3,178,200,17.020300,
proposed,12,1,perf-proposed-r012-20260818T054650Z,loan_to_approval,3,179,200,17.434000,
proposed,12,1,perf-proposed-r012-20260818T054650Z,loan_to_approval,3,180,200,19.974300,
proposed,12,1,perf-proposed-r012-20260818T054650Z,loan_to_approval,3,181,200,19.010700,
proposed,12,1,perf-proposed-r012-20260818T054650Z,loan_to_approval,3,182,200,19.055500,
proposed,12,1,perf-proposed-r012-20260818T054650Z,loan_to_approval,3,183,200,17.224800,
proposed,12,1,perf-proposed-r012-20260818T054650Z,loan_to_approval,3,184,200,17.967500,
proposed,12,1,perf-proposed-r012-20260818T054650Z,loan_to_approval,3,185,200,17.805500,
proposed,12,1,perf-proposed-r012-20260818T054650Z,loan_to_approval,3,186,200,17.042800,
proposed,12,1,perf-proposed-r012-20260818T054650Z,loan_to_approval,3,187,200,16.462600,
proposed,12,1,perf-proposed-r012-20260818T054650Z,loan_to_approval,3,188,200,16.015300,
proposed,12,1,perf-proposed-r012-20260818T054650Z,loan_to_approval,3,189,200,16.077700,
proposed,12,1,perf-proposed-r012-20260818T054650Z,loan_to_approval,3,190,200,17.333100,
proposed,12,1,perf-proposed-r012-20260818T054650Z,loan_to_approval,3,191,200,18.315500,
proposed,12,1,perf-proposed-r012-20260818T054650Z,loan_to_approval,3,192,200,18.145000,
proposed,12,1,perf-proposed-r012-20260818T054650Z,loan_to_approval,3,193,200,17.694600,
proposed,12,1,perf-proposed-r012-20260818T054650Z,loan_to_approval,3,194,200,16.739800,
proposed,12,1,perf-proposed-r012-20260818T054650Z,loan_to_approval,3,195,200,15.896400,
proposed,12,1,perf-proposed-r012-20260818T054650Z,loan_to_approval,3,196,200,16.975700,
proposed,12,1,perf-proposed-r012-20260818T054650Z,loan_to_approval,3,197,200,22.688100,
proposed,12,1,perf-proposed-r012-20260818T054650Z,loan_to_approval,3,198,200,17.870300,
proposed,12,1,perf-proposed-r012-20260818T054650Z,loan_to_approval,3,199,200,16.508500,
proposed,12,1,perf-proposed-r012-20260818T054650Z,loan_to_approval,3,200,200,16.593600,
