mode,round_id,order_position,experiment_run_id,flow,batch_id,request_id,status_code,latency_ms,error
policy_only,11,4,perf-policy_only-r011-20260818T054546Z,loan_to_customer,1,1,200,15.045000,
policy_only,11,4,perf-policy_only-r011-20260818T054546Z,loan_to_customer,1,2,200,13.962800,
policy_only,11,4,perf-policy_only-r011-20260818T054546Z,loan_to_customer,1,3,200,14.288400,
policy_only,11,4,perf-policy_only-r011-20260818T054546Z,loan_to_customer,1,4,200,14.642600,
policy_only,11,4,perf-policy_only-r011-20260818T054546Z,loan_to_customer,1,5,200,15.536100,
policy_only,11,4,perf-policy_only-r011-20260818T054546Z,loan_to_customer,1,6,200,15.369900,
policy_only,11,4,perf-policy_only-r011-20260818T054546Z,loan_to_customer,1,7,200,16.341900,
policy_only,11,4,perf-policy_only-r011-20260818T054546Z,loan_to_customer,1,8,200,15.073500,
policy_only,11,4,perf-policy_only-r011-20260818T054546Z,loan_to_customer,1,9,200,15.858400,
policy_only,11,4,perf-policy_only-r011-20260818T054546Z,loan_to_customer,1,10,200,15.956200,
policy_only,11,4,perf-policy_only-r011-20260818T054546Z,loan_to_customer,1,11,200,15.623300,
policy_only,11,4,perf-policy_only-r011-20260818T054546Z,loan_to_customer,1,12,200,15.360700,
policy_only,11,4,perf-policy_only-r011-20260818T054546Z,loan_to_customer,1,13,200,14.308500,
policy_only,11,4,perf-policy_only-r011-20260818T054546Z,loan_to_customer,1,14,200,14.252600,
policy_only,11,4,perf-policy_only-r011-20260818T054546Z,loan_to_customer,1,15,200,14.482000,
policy_only,11,4,perf-policy_only-r011-20260818T054546Z,loan_to_customer,1,16,200,14.597500,
policy_only,11,4,perf-policy_only-r011-20260818T054546Z,loan_to_customer,1,17,200,14.820400,
policy_only,11,4,perf-policy_only-r011-20260818T054546Z,loan_to_customer,1,18,200,13.869100,
policy_only,11,4,perf-policy_only-r011-20260818T054546Z,loan_to_customer,1,19,200,13.787400,
policy_only,11,4,perf-policy_only-r011-20260818T054546Z,loan_to_customer,1,20,200,14.248900,
policy_only,11,4,perf-policy_only-r011-20260818T054546Z,loan_to_customer,1,21,200,14.650000,
policy_only,11,4,perf-policy_only-r011-20260818T054546Z,loan_to_customer,1,22,200,15.553100,
policy_only,11,4,perf-policy_only-r011-20260818T054546Z,loan_to_customer,1,23,200,14.986000,
policy_only,11,4,perf-policy_only-r011-20260818T054546Z,loan_to_customer,1,24,200,16.659400,
policy_only,11,4,perf-policy_only-r011-20260818T054546Z,loan_to_customer,1,25,200,14.269300,
policy_only,11,4,perf-policy_only-r011-20260818T054546Z,loan_to_customer,1,26,200,13.905300,
policy_only,11,4,perf-policy_only-r011-20260818T054546Z,loan_to_customer,1,27,200,14.398200,
policy_only,11,4,perf-policy_only-r011-20260818T054546Z,loan_to_customer,1,28,200,15.691200,
policy_only,11,4,perf-policy_only-r011-20260818T054546Z,loan_to_customer,1,29,200,15.792600,
policy_only,11,4,perf-policy_only-r011-20260818T054546Z,loan_to_customer,1,30,200,14.647500,
policy_only,11,4,perf-policy_only-r011-20260818T054546Z,loan_to_customer,1,31,200,14.067300,
policy_only,11,4,perf-policy_only-r011-20260818T054546Z,loan_to_customer,1,32,200,14.050900,
policy_only,11,4,perf-policy_only-r011-20260818T054546Z,loan_to_customer,1,33,200,13.913000,
policy_only,11,4,perf-policy_only-r011-20260818T054546Z,loan_to_customer,1,34,200,14.688000,
policy_only,11,4,perf-policy_only-r011-20260818T054546Z,loan_to_customer,1,35,200,14.380500,
policy_only,11,4,perf-policy_only-r011-20260818T054546Z,loan_to_customer,1,36,200,14.491000,
policy_only,11,4,perf-policy_only-r011-20260818T054546Z,loan_to_customer,1,37,200,14.513600,
policy_only,11,4,perf-policy_only-r011-20260818T054546Z,loan_to_customer,1,38,200,14.216900,
policy_only,11,4,perf-policy_only-r011-20260818T054546Z,loan_to_customer,1,39,200,14.612200,
policy_only,11,4,perf-policy_only-r011-20260818T054546Z,loan_to_customer,1,40,200,14.216200,
policy_only,11,4,perf-policy_only-r011-20260818T054546Z,loan_to_customer,1,41,200,14.251800,
policy_only,11,4,perf-policy_only-r011-20260818T054546Z,loan_to_customer,1,42,200,14.910400,
policy_only,11,4,perf-policy_only-r011-20260818T054546Z,loan_to_customer,1,43,200,14.636800,
policy_only,11,4,perf-policy_only-r011-20260818T054546Z,loan_to_customer,1,44,200,14.405300,
policy_only,11,4,perf-policy_only-r011-20260818T054546Z,loan_to_customer,1,45,200,14.599100,
policy_only,11,4,perf-policy_only-r011-20260818T054546Z,loan_to_customer,1,46,200,14.042600,
policy_only,11,4,perf-policy_only-r011-20260818T054546Z,loan_to_customer,1,47,200,14.533300,
policy_only,11,4,perf-policy_only-r011-20260818T054546Z,loan_to_customer,1,48,200,13.856100,
policy_only,11,4,perf-policy_only-r011-20260818T054546Z,loan_to_customer,1,49,200,16.160400,
policy_only,11,4,perf-policy_only-r011-20260818T054546Z,loan_to_customer,1,50,200,15.830600,
policy_only,11,4,perf-policy_only-r011-20260818T054546Z,loan_to_customer,1,51,200,14.756000,
policy_only,11,4,perf-policy_only-r011-20260818T054546Z,loan_to_customer,1,52,200,14.984000,
policy_only,11,4,perf-policy_only-r011-20260818T054546Z,loan_to_customer,1,53,200,14.735600,
policy_only,11,4,perf-policy_only-r011-20260818T054546Z,loan_to_customer,1,54,200,13.802100,
policy_only,11,4,perf-policy_only-r011-20260818T054546Z,loan_to_customer,1,55,200,14.429600,
policy_only,11,4,perf-policy_only-r011-20260818T054546Z,loan_to_customer,1,56,200,14.461700,
policy_only,11,4,perf-policy_only-r011-20260818T054546Z,loan_to_customer,1,57,200,15.147300,
policy_only,11,4,perf-policy_only-r011-20260818T054546Z,loan_to_customer,1,58,200,15.161700,
policy_only,11,4,perf-policy_only-r011-20260818T054546Z,loan_to_customer,1,59,200,15.532100,
policy_only,11,4,perf-policy_only-r011-20260818T054546Z,loan_to_customer,1,60,200,14.464100,
policy_only,11,4,perf-policy_only-r011-20260818T054546Z,loan_to_customer,1,61,200,14.021400,
policy_only,11,4,perf-policy_only-r011-20260818T054546Z,loan_to_customer,1,62,200,14.042300,
policy_only,11,4,perf-policy_only-r011-20260818T054546Z,loan_to_customer,1,63,200,13.675400,
policy_only,11,4,perf-policy_only-r011-20260818T054546Z,loan_to_customer,1,64,200,14.123700,
policy_only,11,4,perf-policy_only-r011-20260818T054546Z,loan_to_customer,1,65,200,14.225400,
policy_only,11,4,perf-policy_only-r011-20260818T054546Z,loan_to_customer,1,66,200,14.236300,
policy_only,11,4,perf-policy_only-r011-20260818T054546Z,loan_to_customer,1,67,200,14.313900,
policy_only,11,4,perf-policy_only-r011-20260818T054546Z,loan_to_customer,1,68,200,14.057900,
policy_only,11,4,perf-policy_only-r011-20260818T054546Z,loan_to_customer,1,69,200,14.307800,
policy_only,11,4,perf-policy_only-r011-20260818T054546Z,loan_to_customer,1,70,200,14.428200,
policy_only,11,4,perf-policy_only-r011-20260818T054546Z,loan_to_customer,1,71,200,13.886500,
policy_only,11,4,perf-policy_only-r011-20260818T054546Z,loan_to_customer,1,72,200,14.556500,
policy_only,11,4,perf-policy_only-r011-20260818T054546Z,loan_to_customer,1,73,200,14.045800,
policy_only,11,4,perf-policy_only-r011-20260818T054546Z,loan_to_customer,1,74,200,14.285300,
policy_only,11,4,perf-policy_only-r011-20260818T054546Z,loan_to_customer,1,75,200,14.264000,
policy_only,11,4,perf-policy_only-r011-20260818T054546Z,loan_to_customer,1,76,200,14.720800,
policy_only,11,4,perf-policy_only-r011-20260818T054546Z,loan_to_customer,1,77,200,14.609200,
policy_only,11,4,perf-policy_only-r011-20260818T054546Z,loan_to_customer,1,78,200,14.887200,
policy_only,11,4,perf-policy_only-r011-20260818T054546Z,loan_to_customer,1,79,200,14.705800,
policy_only,11,4,perf-policy_only-r011-20260818T054546Z,loan_to_customer,1,80,200,14.620100,
policy_only,11,4,perf-policy_only-r011-20260818T054546Z,loan_to_customer,1,81,200,14.645600,
policy_only,11,4,perf-policy_only-r011-20260818T054546Z,loan_to_customer,1,82,200,13.658800,
policy_only,11,4,perf-policy_only-r011-20260818T054546Z,loan_to_customer,1,83,200,14.269700,
policy_only,11,4,perf-policy_only-r011-20260818T054546Z,loan_to_customer,1,84,200,14.578200,
policy_only,11,4,perf-policy_only-r011-20260818T054546Z,loan_to_customer,1,85,200,15.190700,
policy_only,11,4,perf-policy_only-r011-20260818T054546Z,loan_to_customer,1,86,200,14.712300,
policy_only,11,4,perf-policy_only-r011-20260818T054546Z,loan_to_customer,1,87,200,14.684400,
policy_only,11,4,perf-policy_only-r011-20260818T054546Z,loan_to_customer,1,88,200,14.314000,
policy_only,11,4,perf-policy_only-r011-20260818T054546Z,loan_to_customer,1,89,200,14.768500,
policy_only,11,4,perf-policy_only-r011-20260818T054546Z,loan_to_customer,1,90,200,15.076900,
policy_only,11,4,perf-policy_only-r011-20260818T054546Z,loan_to_customer,1,91,200,15.187100,
policy_only,11,4,perf-policy_only-r011-20260818T054546Z,loan_to_customer,1,92,200,16.541100,
policy_only,11,4,perf-policy_only-r011-20260818T054546Z,loan_to_customer,1,93,200,16.626200,
policy_only,11,4,perf-policy_only-r011-20260818T054546Z,loan_to_customer,1,94,200,15.591700,
policy_only,11,4,perf-policy_only-r011-20260818T054546Z,loan_to_customer,1,95,200,26.843200,
policy_only,11,4,perf-policy_only-r011-20260818T054546Z,loan_to_customer,1,96,200,14.941800,
policy_only,11,4,perf-policy_only-r011-20260818T054546Z,loan_to_customer,1,97,200,14.757800,
policy_only,11,4,perf-policy_only-r011-20260818T054546Z,loan_to_customer,1,98,200,14.838600,
policy_only,11,4,perf-policy_only-r011-20260818T054546Z,loan_to_customer,1,99,200,14.417000,
policy_only,11,4,perf-policy_only-r011-20260818T054546Z,loan_to_customer,1,100,200,15.608100,
policy_only,11,4,perf-policy_only-r011-20260818T054546Z,loan_to_customer,1,101,200,15.135700,
policy_only,11,4,perf-policy_only-r011-20260818T054546Z,loan_to_customer,1,102,200,14.490300,
policy_only,11,4,perf-policy_only-r011-20260818T054546Z,loan_to_customer,1,103,200,14.355100,
policy_only,11,4,perf-policy_only-r011-20260818T054546Z,loan_to_customer,1,104,200,14.144300,
policy_only,11,4,perf-policy_only-r011-20260818T054546Z,loan_to_customer,1,105,200,15.388800,
policy_only,11,4,perf-policy_only-r011-20260818T054546Z,loan_to_customer,1,106,200,15.159100,
policy_only,11,4,perf-policy_only-r011-20260818T054546Z,loan_to_customer,1,107,200,15.425300,
policy_only,11,4,perf-policy_only-r011-20260818T054546Z,loan_to_customer,1,108,200,15.550600,
policy_only,11,4,perf-policy_only-r011-20260818T054546Z,loan_to_customer,1,109,200,15.660200,
policy_only,11,4,perf-policy_only-r011-20260818T054546Z,loan_to_customer,1,110,200,15.318000,
policy_only,11,4,perf-policy_only-r011-20260818T054546Z,loan_to_customer,1,111,200,15.774200,
policy_only,11,4,perf-policy_only-r011-20260818T054546Z,loan_to_customer,1,112,200,14.695700,
policy_only,11,4,perf-policy_only-r011-20260818T054546Z,loan_to_customer,1,113,200,15.352300,
policy_only,11,4,perf-policy_only-r011-20260818T054546Z,loan_to_customer,1,114,200,15.661300,
policy_only,11,4,perf-policy_only-r011-20260818T054546Z,loan_to_customer,1,115,200,14.751900,
policy_only,11,4,perf-policy_only-r011-20260818T054546Z,loan_to_customer,1,116,200,14.716100,
policy_only,11,4,perf-policy_only-r011-20260818T054546Z,loan_to_customer,1,117,200,14.924600,
policy_only,11,4,perf-policy_only-r011-20260818T054546Z,loan_to_customer,1,118,200,14.994700,
policy_only,11,4,perf-policy_only-r011-20260818T054546Z,loan_to_customer,1,119,200,15.617400,
policy_only,11,4,perf-policy_only-r011-20260818T054546Z,loan_to_customer,1,120,200,15.007000,
policy_only,11,4,perf-policy_only-r011-20260818T054546Z,loan_to_customer,1,121,200,15.325500,
policy_only,11,4,perf-policy_only-r011-20260818T054546Z,loan_to_customer,1,122,200,14.888300,
policy_only,11,4,perf-policy_only-r011-20260818T054546Z,loan_to_customer,1,123,200,15.015500,
policy_only,11,4,perf-policy_only-r011-20260818T054546Z,loan_to_customer,1,124,200,16.005200,
policy_only,11,4,perf-policy_only-r011-20260818T054546Z,loan_to_customer,1,125,200,15.864400,
policy_only,11,4,perf-policy_only-r011-20260818T054546Z,loan_to_customer,1,126,200,14.892200,
policy_only,11,4,perf-policy_only-r011-20260818T054546Z,loan_to_customer,1,127,200,15.309000,
policy_only,11,4,perf-policy_only-r011-20260818T054546Z,loan_to_customer,1,128,200,14.455400,
policy_only,11,4,perf-policy_only-r011-20260818T054546Z,loan_to_customer,1,129,200,14.266200,
policy_only,11,4,perf-policy_only-r011-20260818T054546Z,loan_to_customer,1,130,200,14.698900,
policy_only,11,4,perf-policy_only-r011-20260818T054546Z,loan_to_customer,1,131,200,14.070500,
policy_only,11,4,perf-policy_only-r011-20260818T054546Z,loan_to_customer,1,132,200,14.228100,
policy_only,11,4,perf-policy_only-r011-20260818T054546Z,loan_to_customer,1,133,200,14.396500,
policy_only,11,4,perf-policy_only-r011-20260818T054546Z,loan_to_customer,1,134,200,15.604400,
policy_only,11,4,perf-policy_only-r011-20260818T054546Z,loan_to_customer,1,135,200,15.575900,
policy_only,11,4,perf-policy_only-r011-20260818T054546Z,loan_to_customer,1,136,200,14.475900,
policy_only,11,4,perf-policy_only-r011-20260818T054546Z,loan_to_customer,1,137,200,14.092100,
policy_only,11,4,perf-policy_only-r011-20260818T054546Z,loan_to_customer,1,138,200,14.467600,
policy_only,11,4,perf-policy_only-r011-20260818T054546Z,loan_to_customer,1,139,200,13.918400,
policy_only,11,4,perf-policy_only-r011-20260818T054546Z,loan_to_customer,1,140,200,14.254300,
policy_only,11,4,perf-policy_only-r011-20260818T054546Z,loan_to_customer,1,141,200,14.812200,
policy_only,11,4,perf-policy_only-r011-20260818T054546Z,loan_to_customer,1,142,200,14.725100,
policy_only,11,4,perf-policy_only-r011-20260818T054546Z,loan_to_customer,1,143,200,13.976200,
policy_only,11,4,perf-policy_only-r011-20260818T054546Z,loan_to_customer,1,144,200,14.535600,
policy_only,11,4,perf-policy_only-r011-20260818T054546Z,loan_to_customer,1,145,200,14.947700,
policy_only,11,4,perf-policy_only-r011-20260818T054546Z,loan_to_customer,1,146,200,16.633100,
policy_only,11,4,perf-policy_only-r011-20260818T054546Z,loan_to_customer,1,147,200,15.583300,
policy_only,11,4,perf-policy_only-r011-20260818T054546Z,loan_to_customer,1,148,200,15.461200,
policy_only,11,4,perf-policy_only-r011-20260818T054546Z,loan_to_customer,1,149,200,15.833100,
policy_only,11,4,perf-policy_only-r011-20260818T054546Z,loan_to_customer,1,150,200,15.716700,
policy_only,11,4,perf-policy_only-r011-20260818T054546Z,loan_to_customer,1,151,200,15.810300,
policy_only,11,4,perf-policy_only-r011-20260818T054546Z,loan_to_customer,1,152,200,15.323700,
policy_only,11,4,perf-policy_only-r011-20260818T054546Z,loan_to_customer,1,153,200,15.238900,
policy_only,11,4,perf-policy_only-r011-20260818T054546Z,loan_to_customer,1,154,200,15.735000,
policy_only,11,4,perf-policy_only-r011-20260818T054546Z,loan_to_customer,1,155,200,15.836000,
policy_only,11,4,perf-policy_only-r011-20260818T054546Z,loan_to_customer,1,156,200,15.730700,
policy_only,11,4,perf-policy_only-r011-20260818T054546Z,loan_to_customer,1,157,200,15.815000,
policy_only,11,4,perf-policy_only-r011-20260818T054546Z,loan_to_customer,1,158,200,17.768500,
policy_only,11,4,perf-policy_only-r011-20260818T054546Z,loan_to_customer,1,159,200,15.194900,
policy_only,11,4,perf-policy_only-r011-20260818T054546Z,loan_to_customer,1,160,200,15.314400,
policy_only,11,4,perf-policy_only-r011-20260818T054546Z,loan_to_customer,1,161,200,15.834600,
policy_only,11,4,perf-policy_only-r011-20260818T054546Z,loan_to_customer,1,162,200,14.992200,
policy_only,11,4,perf-policy_only-r011-20260818T054546Z,loan_to_customer,1,163,200,14.920800,
policy_only,11,4,perf-policy_only-r011-20260818T054546Z,loan_to_customer,1,164,200,14.191300,
policy_only,11,4,perf-policy_only-r011-20260818T054546Z,loan_to_customer,1,165,200,14.557800,
policy_only,11,4,perf-policy_only-r011-20260818T054546Z,loan_to_customer,1,166,200,14.409100,
policy_only,11,4,perf-policy_only-r011-20260818T054546Z,loan_to_customer,1,167,200,15.519000,
policy_only,11,4,perf-policy_only-r011-20260818T054546Z,loan_to_customer,1,168,200,14.913200,
policy_only,11,4,perf-policy_only-r011-20260818T054546Z,loan_to_customer,1,169,200,14.369000,
policy_only,11,4,perf-policy_only-r011-20260818T054546Z,loan_to_customer,1,170,200,14.053200,
policy_only,11,4,perf-policy_only-r011-20260818T054546Z,loan_to_customer,1,171,200,14.315100,
policy_only,11,4,perf-policy_only-r011-20260818T054546Z,loan_to_customer,1,172,200,13.973100,
policy_only,11,4,perf-policy_only-r011-20260818T054546Z,loan_to_customer,1,173,200,14.541100,
policy_only,11,4,perf-policy_only-r011-20260818T054546Z,loan_to_customer,1,174,200,14.353000,
policy_only,11,4,perf-policy_only-r011-20260818T054546Z,loan_to_customer,1,175,200,14.224700,
policy_only,11,4,perf-policy_only-r011-20260818T054546Z,loan_to_customer,1,176,200,14.641600,
policy_only,11,4,perf-policy_only-r011-20260818T054546Z,loan_to_customer,1,177,200,14.246900,
policy_only,11,4,perf-policy_only-r011-20260818T054546Z,loan_to_customer,1,178,200,14.530800,
policy_only,11,4,perf-policy_only-r011-20260818T054546Z,loan_to_customer,1,179,200,14.604200,
policy_only,11,4,perf-policy_only-r011-20260818T054546Z,loan_to_customer,1,180,200,14.321600,
policy_only,11,4,perf-policy_only-r011-20260818T054546Z,loan_to_customer,1,181,200,14.004400,
policy_only,11,4,perf-policy_only-r011-20260818T054546Z,loan_to_customer,1,182,200,14.341900,
policy_only,11,4,perf-policy_only-r011-20260818T054546Z,loan_to_customer,1,183,200,13.659300,
policy_only,11,4,perf-policy_only-r011-20260818T054546Z,loan_to_customer,1,184,200,13.951200,
policy_only,11,4,perf-policy_only-r011-20260818T054546Z,loan_to_customer,1,185,200,14.404600,
policy_only,11,4,perf-policy_only-r011-20260818T054546Z,loan_to_customer,1,186,200,14.612000,
policy_only,11,4,perf-policy_only-r011-20260818T054546Z,loan_to_customer,1,187,200,14.512900,
policy_only,11,4,perf-policy_only-r011-20260818T054546Z,loan_to_customer,1,188,200,15.503700,
policy_only,11,4,perf-policy_only-r011-20260818T054546Z,loan_to_customer,1,189,200,14.807200,
policy_only,11,4,perf-policy_only-r011-20260818T054546Z,loan_to_customer,1,190,200,14.506200,
policy_only,11,4,perf-policy_only-r011-20260818T054546Z,loan_to_customer,1,191,200,14.650000,
policy_only,11,4,perf-policy_only-r011-20260818T054546Z,loan_to_customer,1,192,200,14.837500,
policy_only,11,4,perf-policy_only-r011-20260818T054546Z,loan_to_customer,1,193,200,14.356400,
policy_only,11,4,perf-policy_only-r011-20260818T054546Z,loan_to_customer,1,194,200,14.465200,
policy_only,11,4,perf-policy_only-r011-20260818T054546Z,loan_to_customer,1,195,200,15.552000,
policy_only,11,4,perf-policy_only-r011-20260818T054546Z,loan_to_customer,1,196,200,15.135400,
policy_only,11,4,perf-policy_only-r011-20260818T054546Z,loan_to_customer,1,197,200,15.454700,
policy_only,11,4,perf-policy_only-r011-20260818T054546Z,loan_to_customer,1,198,200,14.240000,
policy_only,11,4,perf-policy_only-r011-20260818T054546Z,loan_to_customer,1,199,200,14.026100,
policy_only,11,4,perf-policy_only-r011-20260818T054546Z,loan_to_customer,1,200,200,14.558200,
policy_only,11,4,perf-policy_only-r011-20260818T054546Z,loan_to_customer,2,1,200,14.777000,
policy_only,11,4,perf-policy_only-r011-20260818T054546Z,loan_to_customer,2,2,200,15.053900,
policy_only,11,4,perf-policy_only-r011-20260818T054546Z,loan_to_customer,2,3,200,14.297200,
policy_only,11,4,perf-policy_only-r011-20260818T054546Z,loan_to_customer,2,4,200,14.088000,
policy_only,11,4,perf-policy_only-r011-20260818T054546Z,loan_to_customer,2,5,200,14.226600,
policy_only,11,4,perf-policy_only-r011-20260818T054546Z,loan_to_customer,2,6,200,14.216700,
policy_only,11,4,perf-policy_only-r011-20260818T054546Z,loan_to_customer,2,7,200,14.318900,
policy_only,11,4,perf-policy_only-r011-20260818T054546Z,loan_to_customer,2,8,200,14.342400,
policy_only,11,4,perf-policy_only-r011-20260818T054546Z,loan_to_customer,2,9,200,14.091400,
policy_only,11,4,perf-policy_only-r011-20260818T054546Z,loan_to_customer,2,10,200,14.410000,
policy_only,11,4,perf-policy_only-r011-20260818T054546Z,loan_to_customer,2,11,200,14.187500,
policy_only,11,4,perf-policy_only-r011-20260818T054546Z,loan_to_customer,2,12,200,13.826500,
policy_only,11,4,perf-policy_only-r011-20260818T054546Z,loan_to_customer,2,13,200,14.467400,
policy_only,11,4,perf-policy_only-r011-20260818T054546Z,loan_to_customer,2,14,200,15.825800,
policy_only,11,4,perf-policy_only-r011-20260818T054546Z,loan_to_customer,2,15,200,15.508300,
policy_only,11,4,perf-policy_only-r011-20260818T054546Z,loan_to_customer,2,16,200,15.619800,
policy_only,11,4,perf-policy_only-r011-20260818T054546Z,loan_to_customer,2,17,200,18.388800,
policy_only,11,4,perf-policy_only-r011-20260818T054546Z,loan_to_customer,2,18,200,17.284600,
policy_only,11,4,perf-policy_only-r011-20260818T054546Z,loan_to_customer,2,19,200,21.169600,
policy_only,11,4,perf-policy_only-r011-20260818T054546Z,loan_to_customer,2,20,200,18.644800,
policy_only,11,4,perf-policy_only-r011-20260818T054546Z,loan_to_customer,2,21,200,18.728100,
policy_only,11,4,perf-policy_only-r011-20260818T054546Z,loan_to_customer,2,22,200,19.350700,
policy_only,11,4,perf-policy_only-r011-20260818T054546Z,loan_to_customer,2,23,200,18.992000,
policy_only,11,4,perf-policy_only-r011-20260818T054546Z,loan_to_customer,2,24,200,15.934200,
policy_only,11,4,perf-policy_only-r011-20260818T054546Z,loan_to_customer,2,25,200,15.689400,
policy_only,11,4,perf-policy_only-r011-20260818T054546Z,loan_to_customer,2,26,200,15.651700,
policy_only,11,4,perf-policy_only-r011-20260818T054546Z,loan_to_customer,2,27,200,16.953400,
policy_only,11,4,perf-policy_only-r011-20260818T054546Z,loan_to_customer,2,28,200,16.270100,
policy_only,11,4,perf-policy_only-r011-20260818T054546Z,loan_to_customer,2,29,200,14.783600,
policy_only,11,4,perf-policy_only-r011-20260818T054546Z,loan_to_customer,2,30,200,15.703300,
policy_only,11,4,perf-policy_only-r011-20260818T054546Z,loan_to_customer,2,31,200,14.627000,
policy_only,11,4,perf-policy_only-r011-20260818T054546Z,loan_to_customer,2,32,200,15.148700,
policy_only,11,4,perf-policy_only-r011-20260818T054546Z,loan_to_customer,2,33,200,15.118200,
policy_only,11,4,perf-policy_only-r011-20260818T054546Z,loan_to_customer,2,34,200,14.972500,
policy_only,11,4,perf-policy_only-r011-20260818T054546Z,loan_to_customer,2,35,200,15.776900,
policy_only,11,4,perf-policy_only-r011-20260818T054546Z,loan_to_customer,2,36,200,14.730400,
policy_only,11,4,perf-policy_only-r011-20260818T054546Z,loan_to_customer,2,37,200,14.981900,
policy_only,11,4,perf-policy_only-r011-20260818T054546Z,loan_to_customer,2,38,200,14.454900,
policy_only,11,4,perf-policy_only-r011-20260818T054546Z,loan_to_customer,2,39,200,14.178700,
policy_only,11,4,perf-policy_only-r011-20260818T054546Z,loan_to_customer,2,40,200,14.604000,
policy_only,11,4,perf-policy_only-r011-20260818T054546Z,loan_to_customer,2,41,200,14.090100,
policy_only,11,4,perf-policy_only-r011-20260818T054546Z,loan_to_customer,2,42,200,15.041400,
policy_only,11,4,perf-policy_only-r011-20260818T054546Z,loan_to_customer,2,43,200,13.792100,
policy_only,11,4,perf-policy_only-r011-20260818T054546Z,loan_to_customer,2,44,200,14.054000,
policy_only,11,4,perf-policy_only-r011-20260818T054546Z,loan_to_customer,2,45,200,14.954700,
policy_only,11,4,perf-policy_only-r011-20260818T054546Z,loan_to_customer,2,46,200,14.446900,
policy_only,11,4,perf-policy_only-r011-20260818T054546Z,loan_to_customer,2,47,200,14.057700,
policy_only,11,4,perf-policy_only-r011-20260818T054546Z,loan_to_customer,2,48,200,14.121600,
policy_only,11,4,perf-policy_only-r011-20260818T054546Z,loan_to_customer,2,49,200,14.380500,
policy_only,11,4,perf-policy_only-r011-20260818T054546Z,loan_to_customer,2,50,200,13.617100,
policy_only,11,4,perf-policy_only-r011-20260818T054546Z,loan_to_customer,2,51,200,14.861600,
policy_only,11,4,perf-policy_only-r011-20260818T054546Z,loan_to_customer,2,52,200,15.280300,
policy_only,11,4,perf-policy_only-r011-20260818T054546Z,loan_to_customer,2,53,200,15.411300,
policy_only,11,4,perf-policy_only-r011-20260818T054546Z,loan_to_customer,2,54,200,15.286000,
policy_only,11,4,perf-policy_only-r011-20260818T054546Z,loan_to_customer,2,55,200,14.635500,
policy_only,11,4,perf-policy_only-r011-20260818T054546Z,loan_to_customer,2,56,200,14.591900,
policy_only,11,4,perf-policy_only-r011-20260818T054546Z,loan_to_customer,2,57,200,15.580900,
policy_only,11,4,perf-policy_only-r011-20260818T054546Z,loan_to_customer,2,58,200,15.004200,
policy_only,11,4,perf-policy_only-r011-20260818T054546Z,loan_to_customer,2,59,200,16.450300,
policy_only,11,4,perf-policy_only-r011-20260818T054546Z,loan_to_customer,2,60,200,15.762700,
policy_only,11,4,perf-policy_only-r011-20260818T054546Z,loan_to_customer,2,61,200,16.808400,
policy_only,11,4,perf-policy_only-r011-20260818T054546Z,loan_to_customer,2,62,200,16.242900,
policy_only,11,4,perf-policy_only-r011-20260818T054546Z,loan_to_customer,2,63,200,18.856200,
policy_only,11,4,perf-policy_only-r011-20260818T054546Z,loan_to_customer,2,64,200,16.638500,
policy_only,11,4,perf-policy_only-r011-20260818T054546Z,loan_to_customer,2,65,200,15.742200,
policy_only,11,4,perf-policy_only-r011-20260818T054546Z,loan_to_customer,2,66,200,15.782200,
policy_only,11,4,perf-policy_only-r011-20260818T054546Z,loan_to_customer,2,67,200,15.677100,
policy_only,11,4,perf-policy_only-r011-20260818T054546Z,loan_to_customer,2,68,200,14.464600,
policy_only,11,4,perf-policy_only-r011-20260818T054546Z,loan_to_customer,2,69,200,16.374200,
policy_only,11,4,perf-policy_only-r011-20260818T054546Z,loan_to_customer,2,70,200,14.638300,
policy_only,11,4,perf-policy_only-r011-20260818T054546Z,loan_to_customer,2,71,200,14.737700,
policy_only,11,4,perf-policy_only-r011-20260818T054546Z,loan_to_customer,2,72,200,15.233200,
policy_only,11,4,perf-policy_only-r011-20260818T054546Z,loan_to_customer,2,73,200,15.003700,
policy_only,11,4,perf-policy_only-r011-20260818T054546Z,loan_to_customer,2,74,200,15.387800,
policy_only,11,4,perf-policy_only-r011-20260818T054546Z,loan_to_customer,2,75,200,14.760300,
policy_only,11,4,perf-policy_only-r011-20260818T054546Z,loan_to_customer,2,76,200,14.500100,
policy_only,11,4,perf-policy_only-r011-20260818T054546Z,loan_to_customer,2,77,200,14.312600,
policy_only,11,4,perf-policy_only-r011-20260818T054546Z,loan_to_customer,2,78,200,15.126900,
policy_only,11,4,perf-policy_only-r011-20260818T054546Z,loan_to_customer,2,79,200,14.356300,
policy_only,11,4,perf-policy_only-r011-20260818T054546Z,loan_to_customer,2,80,200,14.694000,
policy_only,11,4,perf-policy_only-r011-20260818T054546Z,loan_to_customer,2,81,200,14.711200,
policy_only,11,4,perf-policy_only-r011-20260818T054546Z,loan_to_customer,2,82,200,14.713900,
policy_only,11,4,perf-policy_only-r011-20260818T054546Z,loan_to_customer,2,83,200,15.736600,
policy_only,11,4,perf-policy_only-r011-20260818T054546Z,loan_to_customer,2,84,200,16.635200,
policy_only,11,4,perf-policy_only-r011-20260818T054546Z,loan_to_customer,2,85,200,15.046600,
policy_only,11,4,perf-policy_only-r011-20260818T054546Z,loan_to_customer,2,86,200,14.057500,
policy_only,11,4,perf-policy_only-r011-20260818T054546Z,loan_to_customer,2,87,200,16.038000,
policy_only,11,4,perf-policy_only-r011-20260818T054546Z,loan_to_customer,2,88,200,15.803400,
policy_only,11,4,perf-policy_only-r011-20260818T054546Z,loan_to_customer,2,89,200,14.731500,
policy_only,11,4,perf-policy_only-r011-20260818T054546Z,loan_to_customer,2,90,200,13.887300,
policy_only,11,4,perf-policy_only-r011-20260818T054546Z,loan_to_customer,2,91,200,14.622600,
policy_only,11,4,perf-policy_only-r011-20260818T054546Z,loan_to_customer,2,92,200,14.680900,
policy_only,11,4,perf-policy_only-r011-20260818T054546Z,loan_to_customer,2,93,200,14.958700,
policy_only,11,4,perf-policy_only-r011-20260818T054546Z,loan_to_customer,2,94,200,14.532400,
policy_only,11,4,perf-policy_only-r011-20260818T054546Z,loan_to_customer,2,95,200,19.084800,
policy_only,11,4,perf-policy_only-r011-20260818T054546Z,loan_to_customer,2,96,200,18.133900,
policy_only,11,4,perf-policy_only-r011-20260818T054546Z,loan_to_customer,2,97,200,15.813500,
policy_only,11,4,perf-policy_only-r011-20260818T054546Z,loan_to_customer,2,98,200,15.628100,
policy_only,11,4,perf-policy_only-r011-20260818T054546Z,loan_to_customer,2,99,200,16.268500,
policy_only,11,4,perf-policy_only-r011-20260818T054546Z,loan_to_customer,2,100,200,15.704500,
policy_only,11,4,perf-policy_only-r011-20260818T054546Z,loan_to_customer,2,101,200,15.106800,
policy_only,11,4,perf-policy_only-r011-20260818T054546Z,loan_to_customer,2,102,200,14.643400,
policy_only,11,4,perf-policy_only-r011-20260818T054546Z,loan_to_customer,2,103,200,15.419000,
policy_only,11,4,perf-policy_only-r011-20260818T054546Z,loan_to_customer,2,104,200,16.536000,
policy_only,11,4,perf-policy_only-r011-20260818T054546Z,loan_to_customer,2,105,200,15.366100,
policy_only,11,4,perf-policy_only-r011-20260818T054546Z,loan_to_customer,2,106,200,14.938400,
policy_only,11,4,perf-policy_only-r011-20260818T054546Z,loan_to_customer,2,107,200,14.119200,
policy_only,11,4,perf-policy_only-r011-20260818T054546Z,loan_to_customer,2,108,200,13.937000,
policy_only,11,4,perf-policy_only-r011-20260818T054546Z,loan_to_customer,2,109,200,15.329400,
policy_only,11,4,perf-policy_only-r011-20260818T054546Z,loan_to_customer,2,110,200,14.740400,
policy_only,11,4,perf-policy_only-r011-20260818T054546Z,loan_to_customer,2,111,200,14.897700,
policy_only,11,4,perf-policy_only-r011-20260818T054546Z,loan_to_customer,2,112,200,14.888800,
policy_only,11,4,perf-policy_only-r011-20260818T054546Z,loan_to_customer,2,113,200,15.084300,
policy_only,11,4,perf-policy_only-r011-20260818T054546Z,loan_to_customer,2,114,200,15.401400,
policy_only,11,4,perf-policy_only-r011-20260818T054546Z,loan_to_customer,2,115,200,15.287800,
policy_only,11,4,perf-policy_only-r011-20260818T054546Z,loan_to_customer,2,116,200,14.980400,
policy_only,11,4,perf-policy_only-r011-20260818T054546Z,loan_to_customer,2,117,200,15.393600,
policy_only,11,4,perf-policy_only-r011-20260818T054546Z,loan_to_customer,2,118,200,15.934800,
policy_only,11,4,perf-policy_only-r011-20260818T054546Z,loan_to_customer,2,119,200,15.284600,
policy_only,11,4,perf-policy_only-r011-20260818T054546Z,loan_to_customer,2,120,200,15.370100,
policy_only,11,4,perf-policy_only-r011-20260818T054546Z,loan_to_customer,2,121,200,15.200100,
policy_only,11,4,perf-policy_only-r011-20260818T054546Z,loan_to_customer,2,122,200,14.986600,
policy_only,11,4,perf-policy_only-r011-20260818T054546Z,loan_to_customer,2,123,200,15.696400,
policy_only,11,4,perf-policy_only-r011-20260818T054546Z,loan_to_customer,2,124,200,16.134800,
policy_only,11,4,perf-policy_only-r011-20260818T054546Z,loan_to_customer,2,125,200,16.181600,
policy_only,11,4,perf-policy_only-r011-20260818T054546Z,loan_to_customer,2,126,200,15.745300,
policy_only,11,4,perf-policy_only-r011-20260818T054546Z,loan_to_customer,2,127,200,15.722800,
policy_only,11,4,perf-policy_only-r011-20260818T054546Z,loan_to_customer,2,128,200,14.974000,
policy_only,11,4,perf-policy_only-r011-20260818T054546Z,loan_to_customer,2,129,200,15.406900,
policy_only,11,4,perf-policy_only-r011-20260818T054546Z,loan_to_customer,2,130,200,15.997600,
policy_only,11,4,perf-policy_only-r011-20260818T054546Z,loan_to_customer,2,131,200,16.622200,
policy_only,11,4,perf-policy_only-r011-20260818T054546Z,loan_to_customer,2,132,200,15.729600,
policy_only,11,4,perf-policy_only-r011-20260818T054546Z,loan_to_customer,2,133,200,15.479900,
policy_only,11,4,perf-policy_only-r011-20260818T054546Z,loan_to_customer,2,134,200,15.558300,
policy_only,11,4,perf-policy_only-r011-20260818T054546Z,loan_to_customer,2,135,200,15.189100,
policy_only,11,4,perf-policy_only-r011-20260818T054546Z,loan_to_customer,2,136,200,15.196400,
policy_only,11,4,perf-policy_only-r011-20260818T054546Z,loan_to_customer,2,137,200,15.023600,
policy_only,11,4,perf-policy_only-r011-20260818T054546Z,loan_to_customer,2,138,200,16.350900,
policy_only,11,4,perf-policy_only-r011-20260818T054546Z,loan_to_customer,2,139,200,16.128000,
policy_only,11,4,perf-policy_only-r011-20260818T054546Z,loan_to_customer,2,140,200,15.241800,
policy_only,11,4,perf-policy_only-r011-20260818T054546Z,loan_to_customer,2,141,200,15.242500,
policy_only,11,4,perf-policy_only-r011-20260818T054546Z,loan_to_customer,2,142,200,15.620900,
policy_only,11,4,perf-policy_only-r011-20260818T054546Z,loan_to_customer,2,143,200,15.579800,
policy_only,11,4,perf-policy_only-r011-20260818T054546Z,loan_to_customer,2,144,200,16.022600,
policy_only,11,4,perf-policy_only-r011-20260818T054546Z,loan_to_customer,2,145,200,16.215600,
policy_only,11,4,perf-policy_only-r011-20260818T054546Z,loan_to_customer,2,146,200,16.950600,
policy_only,11,4,perf-policy_only-r011-20260818T054546Z,loan_to_customer,2,147,200,15.337500,
policy_only,11,4,perf-policy_only-r011-20260818T054546Z,loan_to_customer,2,148,200,16.271000,
policy_only,11,4,perf-policy_only-r011-20260818T054546Z,loan_to_customer,2,149,200,15.012000,
policy_only,11,4,perf-policy_only-r011-20260818T054546Z,loan_to_customer,2,150,200,14.904000,
policy_only,11,4,perf-policy_only-r011-20260818T054546Z,loan_to_customer,2,151,200,15.343600,
policy_only,11,4,perf-policy_only-r011-20260818T054546Z,loan_to_customer,2,152,200,16.155800,
policy_only,11,4,perf-policy_only-r011-20260818T054546Z,loan_to_customer,2,153,200,17.773600,
policy_only,11,4,perf-policy_only-r011-20260818T054546Z,loan_to_customer,2,154,200,16.023900,
policy_only,11,4,perf-policy_only-r011-20260818T054546Z,loan_to_customer,2,155,200,17.307300,
policy_only,11,4,perf-policy_only-r011-20260818T054546Z,loan_to_customer,2,156,200,16.755100,
policy_only,11,4,perf-policy_only-r011-20260818T054546Z,loan_to_customer,2,157,200,16.583200,
policy_only,11,4,perf-policy_only-r011-20260818T054546Z,loan_to_customer,2,158,200,16.016100,
policy_only,11,4,perf-policy_only-r011-20260818T054546Z,loan_to_customer,2,159,200,14.905800,
policy_only,11,4,perf-policy_only-r011-20260818T054546Z,loan_to_customer,2,160,200,14.811700,
policy_only,11,4,perf-policy_only-r011-20260818T054546Z,loan_to_customer,2,161,200,15.677000,
policy_only,11,4,perf-policy_only-r011-20260818T054546Z,loan_to_customer,2,162,200,14.547800,
policy_only,11,4,perf-policy_only-r011-20260818T054546Z,loan_to_customer,2,163,200,14.957000,
policy_only,11,4,perf-policy_only-r011-20260818T054546Z,loan_to_customer,2,164,200,14.883200,
policy_only,11,4,perf-policy_only-r011-20260818T054546Z,loan_to_customer,2,165,200,15.420300,
policy_only,11,4,perf-policy_only-r011-20260818T054546Z,loan_to_customer,2,166,200,14.828800,
policy_only,11,4,perf-policy_only-r011-20260818T054546Z,loan_to_customer,2,167,200,14.213200,
policy_only,11,4,perf-policy_only-r011-20260818T054546Z,loan_to_customer,2,168,200,14.610100,
policy_only,11,4,perf-policy_only-r011-20260818T054546Z,loan_to_customer,2,169,200,14.278400,
policy_only,11,4,perf-policy_only-r011-20260818T054546Z,loan_to_customer,2,170,200,14.471300,
policy_only,11,4,perf-policy_only-r011-20260818T054546Z,loan_to_customer,2,171,200,14.231700,
policy_only,11,4,perf-policy_only-r011-20260818T054546Z,loan_to_customer,2,172,200,14.366900,
policy_only,11,4,perf-policy_only-r011-20260818T054546Z,loan_to_customer,2,173,200,14.052600,
policy_only,11,4,perf-policy_only-r011-20260818T054546Z,loan_to_customer,2,174,200,14.568600,
policy_only,11,4,perf-policy_only-r011-20260818T054546Z,loan_to_customer,2,175,200,15.175300,
policy_only,11,4,perf-policy_only-r011-20260818T054546Z,loan_to_customer,2,176,200,15.107300,
policy_only,11,4,perf-policy_only-r011-20260818T054546Z,loan_to_customer,2,177,200,14.213400,
policy_only,11,4,perf-policy_only-r011-20260818T054546Z,loan_to_customer,2,178,200,14.239100,
policy_only,11,4,perf-policy_only-r011-20260818T054546Z,loan_to_customer,2,179,200,13.964700,
policy_only,11,4,perf-policy_only-r011-20260818T054546Z,loan_to_customer,2,180,200,14.108600,
policy_only,11,4,perf-policy_only-r011-20260818T054546Z,loan_to_customer,2,181,200,14.480500,
policy_only,11,4,perf-policy_only-r011-20260818T054546Z,loan_to_customer,2,182,200,14.084600,
policy_only,11,4,perf-policy_only-r011-20260818T054546Z,loan_to_customer,2,183,200,14.671600,
policy_only,11,4,perf-policy_only-r011-20260818T054546Z,loan_to_customer,2,184,200,14.181600,
policy_only,11,4,perf-policy_only-r011-20260818T054546Z,loan_to_customer,2,185,200,13.881600,
policy_only,11,4,perf-policy_only-r011-20260818T054546Z,loan_to_customer,2,186,200,14.267900,
policy_only,11,4,perf-policy_only-r011-20260818T054546Z,loan_to_customer,2,187,200,13.563100,
policy_only,11,4,perf-policy_only-r011-20260818T054546Z,loan_to_customer,2,188,200,13.461900,
policy_only,11,4,perf-policy_only-r011-20260818T054546Z,loan_to_customer,2,189,200,15.197900,
policy_only,11,4,perf-policy_only-r011-20260818T054546Z,loan_to_customer,2,190,200,14.731400,
policy_only,11,4,perf-policy_only-r011-20260818T054546Z,loan_to_customer,2,191,200,15.570300,
policy_only,11,4,perf-policy_only-r011-20260818T054546Z,loan_to_customer,2,192,200,15.029400,
policy_only,11,4,perf-policy_only-r011-20260818T054546Z,loan_to_customer,2,193,200,14.584600,
policy_only,11,4,perf-policy_only-r011-20260818T054546Z,loan_to_customer,2,194,200,14.292900,
policy_only,11,4,perf-policy_only-r011-20260818T054546Z,loan_to_customer,2,195,200,14.500300,
policy_only,11,4,perf-policy_only-r011-20260818T054546Z,loan_to_customer,2,196,200,15.476700,
policy_only,11,4,perf-policy_only-r011-20260818T054546Z,loan_to_customer,2,197,200,14.109300,
policy_only,11,4,perf-policy_only-r011-20260818T054546Z,loan_to_customer,2,198,200,14.966400,
policy_only,11,4,perf-policy_only-r011-20260818T054546Z,loan_to_customer,2,199,200,15.147700,
policy_only,11,4,perf-policy_only-r011-20260818T054546Z,loan_to_customer,2,200,200,15.728800,
policy_only,11,4,perf-policy_only-r011-20260818T054546Z,loan_to_customer,3,1,200,15.479500,
policy_only,11,4,perf-policy_only-r011-20260818T054546Z,loan_to_customer,3,2,200,14.757200,
policy_only,11,4,perf-policy_only-r011-20260818T054546Z,loan_to_customer,3,3,200,14.415000,
policy_only,11,4,perf-policy_only-r011-20260818T054546Z,loan_to_customer,3,4,200,14.890900,
policy_only,11,4,perf-policy_only-r011-20260818T054546Z,loan_to_customer,3,5,200,14.760500,
policy_only,11,4,perf-policy_only-r011-20260818T054546Z,loan_to_customer,3,6,200,14.856100,
policy_only,11,4,perf-policy_only-r011-20260818T054546Z,loan_to_customer,3,7,200,14.095900,
policy_only,11,4,perf-policy_only-r011-20260818T054546Z,loan_to_customer,3,8,200,14.645000,
policy_only,11,4,perf-policy_only-r011-20260818T054546Z,loan_to_customer,3,9,200,14.779000,
policy_only,11,4,perf-policy_only-r011-20260818T054546Z,loan_to_customer,3,10,200,14.377800,
policy_only,11,4,perf-policy_only-r011-20260818T054546Z,loan_to_customer,3,11,200,14.868400,
policy_only,11,4,perf-policy_only-r011-20260818T054546Z,loan_to_customer,3,12,200,15.862400,
policy_only,11,4,perf-policy_only-r011-20260818T054546Z,loan_to_customer,3,13,200,14.879500,
policy_only,11,4,perf-policy_only-r011-20260818T054546Z,loan_to_customer,3,14,200,14.689600,
policy_only,11,4,perf-policy_only-r011-20260818T054546Z,loan_to_customer,3,15,200,13.741700,
policy_only,11,4,perf-policy_only-r011-20260818T054546Z,loan_to_customer,3,16,200,14.104600,
policy_only,11,4,perf-policy_only-r011-20260818T054546Z,loan_to_customer,3,17,200,14.219600,
policy_only,11,4,perf-policy_only-r011-20260818T054546Z,loan_to_customer,3,18,200,14.433600,
policy_only,11,4,perf-policy_only-r011-20260818T054546Z,loan_to_customer,3,19,200,14.522600,
policy_only,11,4,perf-policy_only-r011-20260818T054546Z,loan_to_customer,3,20,200,14.645100,
policy_only,11,4,perf-policy_only-r011-20260818T054546Z,loan_to_customer,3,21,200,15.299400,
policy_only,11,4,perf-policy_only-r011-20260818T054546Z,loan_to_customer,3,22,200,14.710700,
policy_only,11,4,perf-policy_only-r011-20260818T054546Z,loan_to_customer,3,23,200,15.405700,
policy_only,11,4,perf-policy_only-r011-20260818T054546Z,loan_to_customer,3,24,200,14.678200,
policy_only,11,4,perf-policy_only-r011-20260818T054546Z,loan_to_customer,3,25,200,14.772700,
policy_only,11,4,perf-policy_only-r011-20260818T054546Z,loan_to_customer,3,26,200,15.466100,
policy_only,11,4,perf-policy_only-r011-20260818T054546Z,loan_to_customer,3,27,200,15.256200,
policy_only,11,4,perf-policy_only-r011-20260818T054546Z,loan_to_customer,3,28,200,15.575900,
policy_only,11,4,perf-policy_only-r011-20260818T054546Z,loan_to_customer,3,29,200,15.135300,
policy_only,11,4,perf-policy_only-r011-20260818T054546Z,loan_to_customer,3,30,200,16.214400,
policy_only,11,4,perf-policy_only-r011-20260818T054546Z,loan_to_customer,3,31,200,14.864900,
policy_only,11,4,perf-policy_only-r011-20260818T054546Z,loan_to_customer,3,32,200,14.854300,
policy_only,11,4,perf-policy_only-r011-20260818T054546Z,loan_to_customer,3,33,200,15.731200,
policy_only,11,4,perf-policy_only-r011-20260818T054546Z,loan_to_customer,3,34,200,15.273500,
policy_only,11,4,perf-policy_only-r011-20260818T054546Z,loan_to_customer,3,35,200,15.485600,
policy_only,11,4,perf-policy_only-r011-20260818T054546Z,loan_to_customer,3,36,200,15.444500,
policy_only,11,4,perf-policy_only-r011-20260818T054546Z,loan_to_customer,3,37,200,14.755900,
policy_only,11,4,perf-policy_only-r011-20260818T054546Z,loan_to_customer,3,38,200,14.659300,
policy_only,11,4,perf-policy_only-r011-20260818T054546Z,loan_to_customer,3,39,200,14.443700,
policy_only,11,4,perf-policy_only-r011-20260818T054546Z,loan_to_customer,3,40,200,13.861300,
policy_only,11,4,perf-policy_only-r011-20260818T054546Z,loan_to_customer,3,41,200,14.908100,
policy_only,11,4,perf-policy_only-r011-20260818T054546Z,loan_to_customer,3,42,200,13.983100,
policy_only,11,4,perf-policy_only-r011-20260818T054546Z,loan_to_customer,3,43,200,14.236400,
policy_only,11,4,perf-policy_only-r011-20260818T054546Z,loan_to_customer,3,44,200,14.514000,
policy_only,11,4,perf-policy_only-r011-20260818T054546Z,loan_to_customer,3,45,200,13.931100,
policy_only,11,4,perf-policy_only-r011-20260818T054546Z,loan_to_customer,3,46,200,14.263700,
policy_only,11,4,perf-policy_only-r011-20260818T054546Z,loan_to_customer,3,47,200,13.945900,
policy_only,11,4,perf-policy_only-r011-20260818T054546Z,loan_to_customer,3,48,200,14.715000,
policy_only,11,4,perf-policy_only-r011-20260818T054546Z,loan_to_customer,3,49,200,14.142500,
policy_only,11,4,perf-policy_only-r011-20260818T054546Z,loan_to_customer,3,50,200,14.698900,
policy_only,11,4,perf-policy_only-r011-20260818T054546Z,loan_to_customer,3,51,200,13.898400,
policy_only,11,4,perf-policy_only-r011-20260818T054546Z,loan_to_customer,3,52,200,14.678700,
policy_only,11,4,perf-policy_only-r011-20260818T054546Z,loan_to_customer,3,53,200,14.465700,
policy_only,11,4,perf-policy_only-r011-20260818T054546Z,loan_to_customer,3,54,200,14.312300,
policy_only,11,4,perf-policy_only-r011-20260818T054546Z,loan_to_customer,3,55,200,14.168300,
policy_only,11,4,perf-policy_only-r011-20260818T054546Z,loan_to_customer,3,56,200,14.773800,
policy_only,11,4,perf-policy_only-r011-20260818T054546Z,loan_to_customer,3,57,200,14.625700,
policy_only,11,4,perf-policy_only-r011-20260818T054546Z,loan_to_customer,3,58,200,14.848500,
policy_only,11,4,perf-policy_only-r011-20260818T054546Z,loan_to_customer,3,59,200,13.973600,
policy_only,11,4,perf-policy_only-r011-20260818T054546Z,loan_to_customer,3,60,200,14.176700,
policy_only,11,4,perf-policy_only-r011-20260818T054546Z,loan_to_customer,3,61,200,14.308300,
policy_only,11,4,perf-policy_only-r011-20260818T054546Z,loan_to_customer,3,62,200,14.099900,
policy_only,11,4,perf-policy_only-r011-20260818T054546Z,loan_to_customer,3,63,200,14.947000,
policy_only,11,4,perf-policy_only-r011-20260818T054546Z,loan_to_customer,3,64,200,14.970500,
policy_only,11,4,perf-policy_only-r011-20260818T054546Z,loan_to_customer,3,65,200,14.173300,
policy_only,11,4,perf-policy_only-r011-20260818T054546Z,loan_to_customer,3,66,200,14.297400,
policy_only,11,4,perf-policy_only-r011-20260818T054546Z,loan_to_customer,3,67,200,14.260900,
policy_only,11,4,perf-policy_only-r011-20260818T054546Z,loan_to_customer,3,68,200,14.841900,
policy_only,11,4,perf-policy_only-r011-20260818T054546Z,loan_to_customer,3,69,200,15.422500,
policy_only,11,4,perf-policy_only-r011-20260818T054546Z,loan_to_customer,3,70,200,15.299800,
policy_only,11,4,perf-policy_only-r011-20260818T054546Z,loan_to_customer,3,71,200,14.849700,
policy_only,11,4,perf-policy_only-r011-20260818T054546Z,loan_to_customer,3,72,200,14.438500,
policy_only,11,4,perf-policy_only-r011-20260818T054546Z,loan_to_customer,3,73,200,14.739500,
policy_only,11,4,perf-policy_only-r011-20260818T054546Z,loan_to_customer,3,74,200,14.255200,
policy_only,11,4,perf-policy_only-r011-20260818T054546Z,loan_to_customer,3,75,200,14.273500,
policy_only,11,4,perf-policy_only-r011-20260818T054546Z,loan_to_customer,3,76,200,14.121700,
policy_only,11,4,perf-policy_only-r011-20260818T054546Z,loan_to_customer,3,77,200,14.520300,
policy_only,11,4,perf-policy_only-r011-20260818T054546Z,loan_to_customer,3,78,200,14.797300,
policy_only,11,4,perf-policy_only-r011-20260818T054546Z,loan_to_customer,3,79,200,14.095000,
policy_only,11,4,perf-policy_only-r011-20260818T054546Z,loan_to_customer,3,80,200,14.887600,
policy_only,11,4,perf-policy_only-r011-20260818T054546Z,loan_to_customer,3,81,200,14.705000,
policy_only,11,4,perf-policy_only-r011-20260818T054546Z,loan_to_customer,3,82,200,14.456700,
policy_only,11,4,perf-policy_only-r011-20260818T054546Z,loan_to_customer,3,83,200,14.212400,
policy_only,11,4,perf-policy_only-r011-20260818T054546Z,loan_to_customer,3,84,200,14.344800,
policy_only,11,4,perf-policy_only-r011-20260818T054546Z,loan_to_customer,3,85,200,14.517300,
policy_only,11,4,perf-policy_only-r011-20260818T054546Z,loan_to_customer,3,86,200,14.164400,
policy_only,11,4,perf-policy_only-r011-20260818T054546Z,loan_to_customer,3,87,200,14.607600,
policy_only,11,4,perf-policy_only-r011-20260818T054546Z,loan_to_customer,3,88,200,14.345600,
policy_only,11,4,perf-policy_only-r011-20260818T054546Z,loan_to_customer,3,89,200,14.692500,
policy_only,11,4,perf-policy_only-r011-20260818T054546Z,loan_to_customer,3,90,200,14.644400,
policy_only,11,4,perf-policy_only-r011-20260818T054546Z,loan_to_customer,3,91,200,15.182200,
policy_only,11,4,perf-policy_only-r011-20260818T054546Z,loan_to_customer,3,92,200,15.183300,
policy_only,11,4,perf-policy_only-r011-20260818T054546Z,loan_to_customer,3,93,200,15.256600,
policy_only,11,4,perf-policy_only-r011-20260818T054546Z,loan_to_customer,3,94,200,15.147700,
policy_only,11,4,perf-policy_only-r011-20260818T054546Z,loan_to_customer,3,95,200,15.340000,
policy_only,11,4,perf-policy_only-r011-20260818T054546Z,loan_to_customer,3,96,200,15.773800,
policy_only,11,4,perf-policy_only-r011-20260818T054546Z,loan_to_customer,3,97,200,14.716800,
policy_only,11,4,perf-policy_only-r011-20260818T054546Z,loan_to_customer,3,98,200,14.602300,
policy_only,11,4,perf-policy_only-r011-20260818T054546Z,loan_to_customer,3,99,200,14.912300,
policy_only,11,4,perf-policy_only-r011-20260818T054546Z,loan_to_customer,3,100,200,15.919300,
policy_only,11,4,perf-policy_only-r011-20260818T054546Z,loan_to_customer,3,101,200,16.065700,
policy_only,11,4,perf-policy_only-r011-20260818T054546Z,loan_to_customer,3,102,200,14.720500,
policy_only,11,4,perf-policy_only-r011-20260818T054546Z,loan_to_customer,3,103,200,15.006800,
policy_only,11,4,perf-policy_only-r011-20260818T054546Z,loan_to_customer,3,104,200,17.157000,
policy_only,11,4,perf-policy_only-r011-20260818T054546Z,loan_to_customer,3,105,200,15.910800,
policy_only,11,4,perf-policy_only-r011-20260818T054546Z,loan_to_customer,3,106,200,15.917500,
policy_only,11,4,perf-policy_only-r011-20260818T054546Z,loan_to_customer,3,107,200,15.468100,
policy_only,11,4,perf-policy_only-r011-20260818T054546Z,loan_to_customer,3,108,200,14.942700,
policy_only,11,4,perf-policy_only-r011-20260818T054546Z,loan_to_customer,3,109,200,15.248900,
policy_only,11,4,perf-policy_only-r011-20260818T054546Z,loan_to_customer,3,110,200,14.490600,
policy_only,11,4,perf-policy_only-r011-20260818T054546Z,loan_to_customer,3,111,200,14.044400,
policy_only,11,4,perf-policy_only-r011-20260818T054546Z,loan_to_customer,3,112,200,14.459600,
policy_only,11,4,perf-policy_only-r011-20260818T054546Z,loan_to_customer,3,113,200,14.645100,
policy_only,11,4,perf-policy_only-r011-20260818T054546Z,loan_to_customer,3,114,200,14.337100,
policy_only,11,4,perf-policy_only-r011-20260818T054546Z,loan_to_customer,3,115,200,14.253000,
policy_only,11,4,perf-policy_only-r011-20260818T054546Z,loan_to_customer,3,116,200,14.518100,
policy_only,11,4,perf-policy_only-r011-20260818T054546Z,loan_to_customer,3,117,200,15.670900,
policy_only,11,4,perf-policy_only-r011-20260818T054546Z,loan_to_customer,3,118,200,15.396400,
policy_only,11,4,perf-policy_only-r011-20260818T054546Z,loan_to_customer,3,119,200,15.193800,
policy_only,11,4,perf-policy_only-r011-20260818T054546Z,loan_to_customer,3,120,200,14.369200,
policy_only,11,4,perf-policy_only-r011-20260818T054546Z,loan_to_customer,3,121,200,14.791600,
policy_only,11,4,perf-policy_only-r011-20260818T054546Z,loan_to_customer,3,122,200,14.390600,
policy_only,11,4,perf-policy_only-r011-20260818T054546Z,loan_to_customer,3,123,200,14.854700,
policy_only,11,4,perf-policy_only-r011-20260818T054546Z,loan_to_customer,3,124,200,14.003500,
policy_only,11,4,perf-policy_only-r011-20260818T054546Z,loan_to_customer,3,125,200,14.475000,
policy_only,11,4,perf-policy_only-r011-20260818T054546Z,loan_to_customer,3,126,200,14.453200,
policy_only,11,4,perf-policy_only-r011-20260818T054546Z,loan_to_customer,3,127,200,14.306700,
policy_only,11,4,perf-policy_only-r011-20260818T054546Z,loan_to_customer,3,128,200,14.656800,
policy_only,11,4,perf-policy_only-r011-20260818T054546Z,loan_to_customer,3,129,200,15.216800,
policy_only,11,4,perf-policy_only-r011-20260818T054546Z,loan_to_customer,3,130,200,16.041600,
policy_only,11,4,perf-policy_only-r011-20260818T054546Z,loan_to_customer,3,131,200,15.669800,
policy_only,11,4,perf-policy_only-r011-20260818T054546Z,loan_to_customer,3,132,200,14.664500,
policy_only,11,4,perf-policy_only-r011-20260818T054546Z,loan_to_customer,3,133,200,15.417200,
policy_only,11,4,perf-policy_only-r011-20260818T054546Z,loan_to_customer,3,134,200,14.769900,
policy_only,11,4,perf-policy_only-r011-20260818T054546Z,loan_to_customer,3,135,200,15.205700,
policy_only,11,4,perf-policy_only-r011-20260818T054546Z,loan_to_customer,3,136,200,15.653500,
policy_only,11,4,perf-policy_only-r011-20260818T054546Z,loan_to_customer,3,137,200,15.231700,
policy_only,11,4,perf-policy_only-r011-20260818T054546Z,loan_to_customer,3,138,200,16.035300,
policy_only,11,4,perf-policy_only-r011-20260818T054546Z,loan_to_customer,3,139,200,15.895000,
policy_only,11,4,perf-policy_only-r011-20260818T054546Z,loan_to_customer,3,140,200,15.539700,
policy_only,11,4,perf-policy_only-r011-20260818T054546Z,loan_to_customer,3,141,200,14.474900,
policy_only,11,4,perf-policy_only-r011-20260818T054546Z,loan_to_customer,3,142,200,14.555500,
policy_only,11,4,perf-policy_only-r011-20260818T054546Z,loan_to_customer,3,143,200,15.293900,
policy_only,11,4,perf-policy_only-r011-20260818T054546Z,loan_to_customer,3,144,200,14.252000,
policy_only,11,4,perf-policy_only-r011-20260818T054546Z,loan_to_customer,3,145,200,15.018600,
policy_only,11,4,perf-policy_only-r011-20260818T054546Z,loan_to_customer,3,146,200,14.811600,
policy_only,11,4,perf-policy_only-r011-20260818T054546Z,loan_to_customer,3,147,200,15.912700,
policy_only,11,4,perf-policy_only-r011-20260818T054546Z,loan_to_customer,3,148,200,16.180600,
policy_only,11,4,perf-policy_only-r011-20260818T054546Z,loan_to_customer,3,149,200,14.657800,
policy_only,11,4,perf-policy_only-r011-20260818T054546Z,loan_to_customer,3,150,200,16.421800,
policy_only,11,4,perf-policy_only-r011-20260818T054546Z,loan_to_customer,3,151,200,14.746400,
policy_only,11,4,perf-policy_only-r011-20260818T054546Z,loan_to_customer,3,152,200,15.768200,
policy_only,11,4,perf-policy_only-r011-20260818T054546Z,loan_to_customer,3,153,200,15.863700,
policy_only,11,4,perf-policy_only-r011-20260818T054546Z,loan_to_customer,3,154,200,15.956600,
policy_only,11,4,perf-policy_only-r011-20260818T054546Z,loan_to_customer,3,155,200,15.746200,
policy_only,11,4,perf-policy_only-r011-20260818T054546Z,loan_to_customer,3,156,200,16.671500,
policy_only,11,4,perf-policy_only-r011-20260818T054546Z,loan_to_customer,3,157,200,19.968400,
policy_only,11,4,perf-policy_only-r011-20260818T054546Z,loan_to_customer,3,158,200,19.518400,
policy_only,11,4,perf-policy_only-r011-20260818T054546Z,loan_to_customer,3,159,200,16.816500,
policy_only,11,4,perf-policy_only-r011-20260818T054546Z,loan_to_customer,3,160,200,15.703500,
policy_only,11,4,perf-policy_only-r011-20260818T054546Z,loan_to_customer,3,161,200,16.629800,
policy_only,11,4,perf-policy_only-r011-20260818T054546Z,loan_to_customer,3,162,200,16.532100,
policy_only,11,4,perf-policy_only-r011-20260818T054546Z,loan_to_customer,3,163,200,17.043800,
policy_only,11,4,perf-policy_only-r011-20260818T054546Z,loan_to_customer,3,164,200,16.149800,
policy_only,11,4,perf-policy_only-r011-20260818T054546Z,loan_to_customer,3,165,200,16.565800,
policy_only,11,4,perf-policy_only-r011-20260818T054546Z,loan_to_customer,3,166,200,15.298900,
policy_only,11,4,perf-policy_only-r011-20260818T054546Z,loan_to_customer,3,167,200,15.732800,
policy_only,11,4,perf-policy_only-r011-20260818T054546Z,loan_to_customer,3,168,200,15.323900,
policy_only,11,4,perf-policy_only-r011-20260818T054546Z,loan_to_customer,3,169,200,14.986900,
policy_only,11,4,perf-policy_only-r011-20260818T054546Z,loan_to_customer,3,170,200,15.111300,
policy_only,11,4,perf-policy_only-r011-20260818T054546Z,loan_to_customer,3,171,200,15.071900,
policy_only,11,4,perf-policy_only-r011-20260818T054546Z,loan_to_customer,3,172,200,15.765700,
policy_only,11,4,perf-policy_only-r011-20260818T054546Z,loan_to_customer,3,173,200,15.420200,
policy_only,11,4,perf-policy_only-r011-20260818T054546Z,loan_to_customer,3,174,200,15.484300,
policy_only,11,4,perf-policy_only-r011-20260818T054546Z,loan_to_customer,3,175,200,14.640200,
policy_only,11,4,perf-policy_only-r011-20260818T054546Z,loan_to_customer,3,176,200,15.433400,
policy_only,11,4,perf-policy_only-r011-20260818T054546Z,loan_to_customer,3,177,200,15.310000,
policy_only,11,4,perf-policy_only-r011-20260818T054546Z,loan_to_customer,3,178,200,15.255800,
policy_only,11,4,perf-policy_only-r011-20260818T054546Z,loan_to_customer,3,179,200,14.827500,
policy_only,11,4,perf-policy_only-r011-20260818T054546Z,loan_to_customer,3,180,200,14.836600,
policy_only,11,4,perf-policy_only-r011-20260818T054546Z,loan_to_customer,3,181,200,14.998900,
policy_only,11,4,perf-policy_only-r011-20260818T054546Z,loan_to_customer,3,182,200,15.489500,
policy_only,11,4,perf-policy_only-r011-20260818T054546Z,loan_to_customer,3,183,200,15.345200,
policy_only,11,4,perf-policy_only-r011-20260818T054546Z,loan_to_customer,3,184,200,14.874600,
policy_only,11,4,perf-policy_only-r011-20260818T054546Z,loan_to_customer,3,185,200,14.442800,
policy_only,11,4,perf-policy_only-r011-20260818T054546Z,loan_to_customer,3,186,200,14.695400,
policy_only,11,4,perf-policy_only-r011-20260818T054546Z,loan_to_customer,3,187,200,15.807500,
policy_only,11,4,perf-policy_only-r011-20260818T054546Z,loan_to_customer,3,188,200,15.227000,
policy_only,11,4,perf-policy_only-r011-20260818T054546Z,loan_to_customer,3,189,200,14.709600,
policy_only,11,4,perf-policy_only-r011-20260818T054546Z,loan_to_customer,3,190,200,15.221900,
policy_only,11,4,perf-policy_only-r011-20260818T054546Z,loan_to_customer,3,191,200,14.843600,
policy_only,11,4,perf-policy_only-r011-20260818T054546Z,loan_to_customer,3,192,200,14.811500,
policy_only,11,4,perf-policy_only-r011-20260818T054546Z,loan_to_customer,3,193,200,15.180800,
policy_only,11,4,perf-policy_only-r011-20260818T054546Z,loan_to_customer,3,194,200,17.749200,
policy_only,11,4,perf-policy_only-r011-20260818T054546Z,loan_to_customer,3,195,200,18.526400,
policy_only,11,4,perf-policy_only-r011-20260818T054546Z,loan_to_customer,3,196,200,19.262300,
policy_only,11,4,perf-policy_only-r011-20260818T054546Z,loan_to_customer,3,197,200,18.758700,
policy_only,11,4,perf-policy_only-r011-20260818T054546Z,loan_to_customer,3,198,200,21.319500,
policy_only,11,4,perf-policy_only-r011-20260818T054546Z,loan_to_customer,3,199,200,15.879900,
policy_only,11,4,perf-policy_only-r011-20260818T054546Z,loan_to_customer,3,200,200,16.737800,
policy_only,11,4,perf-policy_only-r011-20260818T054546Z,loan_to_credit,1,1,200,16.469000,
policy_only,11,4,perf-policy_only-r011-20260818T054546Z,loan_to_credit,1,2,200,17.494500,
policy_only,11,4,perf-policy_only-r011-20260818T054546Z,loan_to_credit,1,3,200,16.406300,
policy_only,11,4,perf-policy_only-r011-20260818T054546Z,loan_to_credit,1,4,200,21.004700,
policy_only,11,4,perf-policy_only-r011-20260818T054546Z,loan_to_credit,1,5,200,17.758300,
policy_only,11,4,perf-policy_only-r011-20260818T054546Z,loan_to_credit,1,6,200,17.616100,
policy_only,11,4,perf-policy_only-r011-20260818T054546Z,loan_to_credit,1,7,200,16.723200,
policy_only,11,4,perf-policy_only-r011-20260818T054546Z,loan_to_credit,1,8,200,18.417400,
policy_only,11,4,perf-policy_only-r011-20260818T054546Z,loan_to_credit,1,9,200,17.237300,
policy_only,11,4,perf-policy_only-r011-20260818T054546Z,loan_to_credit,1,10,200,17.733500,
policy_only,11,4,perf-policy_only-r011-20260818T054546Z,loan_to_credit,1,11,200,17.651800,
policy_only,11,4,perf-policy_only-r011-20260818T054546Z,loan_to_credit,1,12,200,17.232900,
policy_only,11,4,perf-policy_only-r011-20260818T054546Z,loan_to_credit,1,13,200,17.581600,
policy_only,11,4,perf-policy_only-r011-20260818T054546Z,loan_to_credit,1,14,200,17.379600,
policy_only,11,4,perf-policy_only-r011-20260818T054546Z,loan_to_credit,1,15,200,17.363900,
policy_only,11,4,perf-policy_only-r011-20260818T054546Z,loan_to_credit,1,16,200,17.076200,
policy_only,11,4,perf-policy_only-r011-20260818T054546Z,loan_to_credit,1,17,200,17.475700,
policy_only,11,4,perf-policy_only-r011-20260818T054546Z,loan_to_credit,1,18,200,16.507100,
policy_only,11,4,perf-policy_only-r011-20260818T054546Z,loan_to_credit,1,19,200,17.388500,
policy_only,11,4,perf-policy_only-r011-20260818T054546Z,loan_to_credit,1,20,200,16.939300,
policy_only,11,4,perf-policy_only-r011-20260818T054546Z,loan_to_credit,1,21,200,16.930300,
policy_only,11,4,perf-policy_only-r011-20260818T054546Z,loan_to_credit,1,22,200,16.924000,
policy_only,11,4,perf-policy_only-r011-20260818T054546Z,loan_to_credit,1,23,200,17.141700,
policy_only,11,4,perf-policy_only-r011-20260818T054546Z,loan_to_credit,1,24,200,19.498200,
policy_only,11,4,perf-policy_only-r011-20260818T054546Z,loan_to_credit,1,25,200,17.710500,
policy_only,11,4,perf-policy_only-r011-20260818T054546Z,loan_to_credit,1,26,200,19.234600,
policy_only,11,4,perf-policy_only-r011-20260818T054546Z,loan_to_credit,1,27,200,18.366800,
policy_only,11,4,perf-policy_only-r011-20260818T054546Z,loan_to_credit,1,28,200,16.626900,
policy_only,11,4,perf-policy_only-r011-20260818T054546Z,loan_to_credit,1,29,200,17.341100,
policy_only,11,4,perf-policy_only-r011-20260818T054546Z,loan_to_credit,1,30,200,18.313000,
policy_only,11,4,perf-policy_only-r011-20260818T054546Z,loan_to_credit,1,31,200,17.369800,
policy_only,11,4,perf-policy_only-r011-20260818T054546Z,loan_to_credit,1,32,200,16.930500,
policy_only,11,4,perf-policy_only-r011-20260818T054546Z,loan_to_credit,1,33,200,16.161000,
policy_only,11,4,perf-policy_only-r011-20260818T054546Z,loan_to_credit,1,34,200,16.957900,
policy_only,11,4,perf-policy_only-r011-20260818T054546Z,loan_to_credit,1,35,200,20.479100,
policy_only,11,4,perf-policy_only-r011-20260818T054546Z,loan_to_credit,1,36,200,17.370400,
policy_only,11,4,perf-policy_only-r011-20260818T054546Z,loan_to_credit,1,37,200,18.877800,
policy_only,11,4,perf-policy_only-r011-20260818T054546Z,loan_to_credit,1,38,200,16.338500,
policy_only,11,4,perf-policy_only-r011-20260818T054546Z,loan_to_credit,1,39,200,17.976700,
policy_only,11,4,perf-policy_only-r011-20260818T054546Z,loan_to_credit,1,40,200,16.832700,
policy_only,11,4,perf-policy_only-r011-20260818T054546Z,loan_to_credit,1,41,200,16.802200,
policy_only,11,4,perf-policy_only-r011-20260818T054546Z,loan_to_credit,1,42,200,19.264900,
policy_only,11,4,perf-policy_only-r011-20260818T054546Z,loan_to_credit,1,43,200,17.526700,
policy_only,11,4,perf-policy_only-r011-20260818T054546Z,loan_to_credit,1,44,200,16.100100,
policy_only,11,4,perf-policy_only-r011-20260818T054546Z,loan_to_credit,1,45,200,18.210700,
policy_only,11,4,perf-policy_only-r011-20260818T054546Z,loan_to_credit,1,46,200,16.629300,
policy_only,11,4,perf-policy_only-r011-20260818T054546Z,loan_to_credit,1,47,200,15.962900,
policy_only,11,4,perf-policy_only-r011-20260818T054546Z,loan_to_credit,1,48,200,15.698300,
policy_only,11,4,perf-policy_only-r011-20260818T054546Z,loan_to_credit,1,49,200,16.324600,
policy_only,11,4,perf-policy_only-r011-20260818T054546Z,loan_to_credit,1,50,200,15.678400,
policy_only,11,4,perf-policy_only-r011-20260818T054546Z,loan_to_credit,1,51,200,16.090400,
policy_only,11,4,perf-policy_only-r011-20260818T054546Z,loan_to_credit,1,52,200,16.081400,
policy_only,11,4,perf-policy_only-r011-20260818T054546Z,loan_to_credit,1,53,200,15.733900,
policy_only,11,4,perf-policy_only-r011-20260818T054546Z,loan_to_credit,1,54,200,16.500700,
policy_only,11,4,perf-policy_only-r011-20260818T054546Z,loan_to_credit,1,55,200,15.615600,
policy_only,11,4,perf-policy_only-r011-20260818T054546Z,loan_to_credit,1,56,200,15.906900,
policy_only,11,4,perf-policy_only-r011-20260818T054546Z,loan_to_credit,1,57,200,15.861700,
policy_only,11,4,perf-policy_only-r011-20260818T054546Z,loan_to_credit,1,58,200,16.414100,
policy_only,11,4,perf-policy_only-r011-20260818T054546Z,loan_to_credit,1,59,200,16.766600,
policy_only,11,4,perf-policy_only-r011-20260818T054546Z,loan_to_credit,1,60,200,15.969200,
policy_only,11,4,perf-policy_only-r011-20260818T054546Z,loan_to_credit,1,61,200,15.825100,
policy_only,11,4,perf-policy_only-r011-20260818T054546Z,loan_to_credit,1,62,200,16.147900,
policy_only,11,4,perf-policy_only-r011-20260818T054546Z,loan_to_credit,1,63,200,15.862500,
policy_only,11,4,perf-policy_only-r011-20260818T054546Z,loan_to_credit,1,64,200,16.633100,
policy_only,11,4,perf-policy_only-r011-20260818T054546Z,loan_to_credit,1,65,200,17.965000,
policy_only,11,4,perf-policy_only-r011-20260818T054546Z,loan_to_credit,1,66,200,18.004700,
policy_only,11,4,perf-policy_only-r011-20260818T054546Z,loan_to_credit,1,67,200,16.817200,
policy_only,11,4,perf-policy_only-r011-20260818T054546Z,loan_to_credit,1,68,200,17.140100,
policy_only,11,4,perf-policy_only-r011-20260818T054546Z,loan_to_credit,1,69,200,16.787000,
policy_only,11,4,perf-policy_only-r011-20260818T054546Z,loan_to_credit,1,70,200,18.118700,
policy_only,11,4,perf-policy_only-r011-20260818T054546Z,loan_to_credit,1,71,200,18.922300,
policy_only,11,4,perf-policy_only-r011-20260818T054546Z,loan_to_credit,1,72,200,18.075800,
policy_only,11,4,perf-policy_only-r011-20260818T054546Z,loan_to_credit,1,73,200,16.536100,
policy_only,11,4,perf-policy_only-r011-20260818T054546Z,loan_to_credit,1,74,200,15.967000,
policy_only,11,4,perf-policy_only-r011-20260818T054546Z,loan_to_credit,1,75,200,17.217600,
policy_only,11,4,perf-policy_only-r011-20260818T054546Z,loan_to_credit,1,76,200,15.580700,
policy_only,11,4,perf-policy_only-r011-20260818T054546Z,loan_to_credit,1,77,200,15.734500,
policy_only,11,4,perf-policy_only-r011-20260818T054546Z,loan_to_credit,1,78,200,16.190600,
policy_only,11,4,perf-policy_only-r011-20260818T054546Z,loan_to_credit,1,79,200,17.098800,
policy_only,11,4,perf-policy_only-r011-20260818T054546Z,loan_to_credit,1,80,200,15.802000,
policy_only,11,4,perf-policy_only-r011-20260818T054546Z,loan_to_credit,1,81,200,15.794200,
policy_only,11,4,perf-policy_only-r011-20260818T054546Z,loan_to_credit,1,82,200,16.217600,
policy_only,11,4,perf-policy_only-r011-20260818T054546Z,loan_to_credit,1,83,200,16.211800,
policy_only,11,4,perf-policy_only-r011-20260818T054546Z,loan_to_credit,1,84,200,18.904100,
policy_only,11,4,perf-policy_only-r011-20260818T054546Z,loan_to_credit,1,85,200,16.341300,
policy_only,11,4,perf-policy_only-r011-20260818T054546Z,loan_to_credit,1,86,200,16.595000,
policy_only,11,4,perf-policy_only-r011-20260818T054546Z,loan_to_credit,1,87,200,15.699100,
policy_only,11,4,perf-policy_only-r011-20260818T054546Z,loan_to_credit,1,88,200,14.990900,
policy_only,11,4,perf-policy_only-r011-20260818T054546Z,loan_to_credit,1,89,200,16.161000,
policy_only,11,4,perf-policy_only-r011-20260818T054546Z,loan_to_credit,1,90,200,16.538500,
policy_only,11,4,perf-policy_only-r011-20260818T054546Z,loan_to_credit,1,91,200,15.620900,
policy_only,11,4,perf-policy_only-r011-20260818T054546Z,loan_to_credit,1,92,200,16.119200,
policy_only,11,4,perf-policy_only-r011-20260818T054546Z,loan_to_credit,1,93,200,16.643300,
policy_only,11,4,perf-policy_only-r011-20260818T054546Z,loan_to_credit,1,94,200,16.322900,
policy_only,11,4,perf-policy_only-r011-20260818T054546Z,loan_to_credit,1,95,200,16.503400,
policy_only,11,4,perf-policy_only-r011-20260818T054546Z,loan_to_credit,1,96,200,16.352600,
policy_only,11,4,perf-policy_only-r011-20260818T054546Z,loan_to_credit,1,97,200,15.811100,
policy_only,11,4,perf-policy_only-r011-20260818T054546Z,loan_to_credit,1,98,200,15.845200,
policy_only,11,4,perf-policy_only-r011-20260818T054546Z,loan_to_credit,1,99,200,15.708200,
policy_only,11,4,perf-policy_only-r011-20260818T054546Z,loan_to_credit,1,100,200,16.336800,
policy_only,11,4,perf-policy_only-r011-20260818T054546Z,loan_to_credit,1,101,200,16.142100,
policy_only,11,4,perf-policy_only-r011-20260818T054546Z,loan_to_credit,1,102,200,17.490700,
policy_only,11,4,perf-policy_only-r011-20260818T054546Z,loan_to_credit,1,103,200,16.802800,
policy_only,11,4,perf-policy_only-r011-20260818T054546Z,loan_to_credit,1,104,200,16.484100,
policy_only,11,4,perf-policy_only-r011-20260818T054546Z,loan_to_credit,1,105,200,16.891800,
policy_only,11,4,perf-policy_only-r011-20260818T054546Z,loan_to_credit,1,106,200,16.927400,
policy_only,11,4,perf-policy_only-r011-20260818T054546Z,loan_to_credit,1,107,200,15.965200,
policy_only,11,4,perf-policy_only-r011-20260818T054546Z,loan_to_credit,1,108,200,15.883800,
policy_only,11,4,perf-policy_only-r011-20260818T054546Z,loan_to_credit,1,109,200,15.989300,
policy_only,11,4,perf-policy_only-r011-20260818T054546Z,loan_to_credit,1,110,200,15.139000,
policy_only,11,4,perf-policy_only-r011-20260818T054546Z,loan_to_credit,1,111,200,15.978400,
policy_only,11,4,perf-policy_only-r011-20260818T054546Z,loan_to_credit,1,112,200,16.208600,
policy_only,11,4,perf-policy_only-r011-20260818T054546Z,loan_to_credit,1,113,200,15.358600,
policy_only,11,4,perf-policy_only-r011-20260818T054546Z,loan_to_credit,1,114,200,16.093100,
policy_only,11,4,perf-policy_only-r011-20260818T054546Z,loan_to_credit,1,115,200,16.109500,
policy_only,11,4,perf-policy_only-r011-20260818T054546Z,loan_to_credit,1,116,200,15.949400,
policy_only,11,4,perf-policy_only-r011-20260818T054546Z,loan_to_credit,1,117,200,16.830000,
policy_only,11,4,perf-policy_only-r011-20260818T054546Z,loan_to_credit,1,118,200,16.286100,
policy_only,11,4,perf-policy_only-r011-20260818T054546Z,loan_to_credit,1,119,200,15.929700,
policy_only,11,4,perf-policy_only-r011-20260818T054546Z,loan_to_credit,1,120,200,16.263400,
policy_only,11,4,perf-policy_only-r011-20260818T054546Z,loan_to_credit,1,121,200,16.977800,
policy_only,11,4,perf-policy_only-r011-20260818T054546Z,loan_to_credit,1,122,200,16.878700,
policy_only,11,4,perf-policy_only-r011-20260818T054546Z,loan_to_credit,1,123,200,15.892000,
policy_only,11,4,perf-policy_only-r011-20260818T054546Z,loan_to_credit,1,124,200,16.087500,
policy_only,11,4,perf-policy_only-r011-20260818T054546Z,loan_to_credit,1,125,200,15.759700,
policy_only,11,4,perf-policy_only-r011-20260818T054546Z,loan_to_credit,1,126,200,16.497400,
policy_only,11,4,perf-policy_only-r011-20260818T054546Z,loan_to_credit,1,127,200,15.560500,
policy_only,11,4,perf-policy_only-r011-20260818T054546Z,loan_to_credit,1,128,200,16.584400,
policy_only,11,4,perf-policy_only-r011-20260818T054546Z,loan_to_credit,1,129,200,16.711100,
policy_only,11,4,perf-policy_only-r011-20260818T054546Z,loan_to_credit,1,130,200,16.975700,
policy_only,11,4,perf-policy_only-r011-20260818T054546Z,loan_to_credit,1,131,200,18.834000,
policy_only,11,4,perf-policy_only-r011-20260818T054546Z,loan_to_credit,1,132,200,18.889000,
policy_only,11,4,perf-policy_only-r011-20260818T054546Z,loan_to_credit,1,133,200,17.992800,
policy_only,11,4,perf-policy_only-r011-20260818T054546Z,loan_to_credit,1,134,200,19.173400,
policy_only,11,4,perf-policy_only-r011-20260818T054546Z,loan_to_credit,1,135,200,17.766300,
policy_only,11,4,perf-policy_only-r011-20260818T054546Z,loan_to_credit,1,136,200,17.976800,
policy_only,11,4,perf-policy_only-r011-20260818T054546Z,loan_to_credit,1,137,200,17.772700,
policy_only,11,4,perf-policy_only-r011-20260818T054546Z,loan_to_credit,1,138,200,18.093200,
policy_only,11,4,perf-policy_only-r011-20260818T054546Z,loan_to_credit,1,139,200,17.751200,
policy_only,11,4,perf-policy_only-r011-20260818T054546Z,loan_to_credit,1,140,200,18.007200,
policy_only,11,4,perf-policy_only-r011-20260818T054546Z,loan_to_credit,1,141,200,16.710000,
policy_only,11,4,perf-policy_only-r011-20260818T054546Z,loan_to_credit,1,142,200,16.804100,
policy_only,11,4,perf-policy_only-r011-20260818T054546Z,loan_to_credit,1,143,200,15.781300,
policy_only,11,4,perf-policy_only-r011-20260818T054546Z,loan_to_credit,1,144,200,16.036300,
policy_only,11,4,perf-policy_only-r011-20260818T054546Z,loan_to_credit,1,145,200,17.031600,
policy_only,11,4,perf-policy_only-r011-20260818T054546Z,loan_to_credit,1,146,200,15.808300,
policy_only,11,4,perf-policy_only-r011-20260818T054546Z,loan_to_credit,1,147,200,17.491100,
policy_only,11,4,perf-policy_only-r011-20260818T054546Z,loan_to_credit,1,148,200,16.971900,
policy_only,11,4,perf-policy_only-r011-20260818T054546Z,loan_to_credit,1,149,200,17.114600,
policy_only,11,4,perf-policy_only-r011-20260818T054546Z,loan_to_credit,1,150,200,16.747000,
policy_only,11,4,perf-policy_only-r011-20260818T054546Z,loan_to_credit,1,151,200,16.607100,
policy_only,11,4,perf-policy_only-r011-20260818T054546Z,loan_to_credit,1,152,200,19.164700,
policy_only,11,4,perf-policy_only-r011-20260818T054546Z,loan_to_credit,1,153,200,16.663200,
policy_only,11,4,perf-policy_only-r011-20260818T054546Z,loan_to_credit,1,154,200,15.761000,
policy_only,11,4,perf-policy_only-r011-20260818T054546Z,loan_to_credit,1,155,200,17.656700,
policy_only,11,4,perf-policy_only-r011-20260818T054546Z,loan_to_credit,1,156,200,16.492500,
policy_only,11,4,perf-policy_only-r011-20260818T054546Z,loan_to_credit,1,157,200,17.760600,
policy_only,11,4,perf-policy_only-r011-20260818T054546Z,loan_to_credit,1,158,200,16.568100,
policy_only,11,4,perf-policy_only-r011-20260818T054546Z,loan_to_credit,1,159,200,15.826300,
policy_only,11,4,perf-policy_only-r011-20260818T054546Z,loan_to_credit,1,160,200,16.933900,
policy_only,11,4,perf-policy_only-r011-20260818T054546Z,loan_to_credit,1,161,200,17.198800,
policy_only,11,4,perf-policy_only-r011-20260818T054546Z,loan_to_credit,1,162,200,15.507200,
policy_only,11,4,perf-policy_only-r011-20260818T054546Z,loan_to_credit,1,163,200,16.293500,
policy_only,11,4,perf-policy_only-r011-20260818T054546Z,loan_to_credit,1,164,200,15.998400,
policy_only,11,4,perf-policy_only-r011-20260818T054546Z,loan_to_credit,1,165,200,17.086900,
policy_only,11,4,perf-policy_only-r011-20260818T054546Z,loan_to_credit,1,166,200,18.150900,
policy_only,11,4,perf-policy_only-r011-20260818T054546Z,loan_to_credit,1,167,200,16.682800,
policy_only,11,4,perf-policy_only-r011-20260818T054546Z,loan_to_credit,1,168,200,16.121500,
policy_only,11,4,perf-policy_only-r011-20260818T054546Z,loan_to_credit,1,169,200,15.317200,
policy_only,11,4,perf-policy_only-r011-20260818T054546Z,loan_to_credit,1,170,200,15.333200,
policy_only,11,4,perf-policy_only-r011-20260818T054546Z,loan_to_credit,1,171,200,15.617400,
policy_only,11,4,perf-policy_only-r011-20260818T054546Z,loan_to_credit,1,172,200,15.156400,
policy_only,11,4,perf-policy_only-r011-20260818T054546Z,loan_to_credit,1,173,200,15.901000,
policy_only,11,4,perf-policy_only-r011-20260818T054546Z,loan_to_credit,1,174,200,16.189500,
policy_only,11,4,perf-policy_only-r011-20260818T054546Z,loan_to_credit,1,175,200,15.810400,
policy_only,11,4,perf-policy_only-r011-20260818T054546Z,loan_to_credit,1,176,200,15.927300,
policy_only,11,4,perf-policy_only-r011-20260818T054546Z,loan_to_credit,1,177,200,16.108800,
policy_only,11,4,perf-policy_only-r011-20260818T054546Z,loan_to_credit,1,178,200,15.884900,
policy_only,11,4,perf-policy_only-r011-20260818T054546Z,loan_to_credit,1,179,200,15.432400,
policy_only,11,4,perf-policy_only-r011-20260818T054546Z,loan_to_credit,1,180,200,15.693200,
policy_only,11,4,perf-policy_only-r011-20260818T054546Z,loan_to_credit,1,181,200,16.530300,
policy_only,11,4,perf-policy_only-r011-20260818T054546Z,loan_to_credit,1,182,200,15.718200,
policy_only,11,4,perf-policy_only-r011-20260818T054546Z,loan_to_credit,1,183,200,16.079700,
policy_only,11,4,perf-policy_only-r011-20260818T054546Z,loan_to_credit,1,184,200,17.788100,
policy_only,11,4,perf-policy_only-r011-20260818T054546Z,loan_to_credit,1,185,200,18.514700,
policy_only,11,4,perf-policy_only-r011-20260818T054546Z,loan_to_credit,1,186,200,16.380600,
policy_only,11,4,perf-policy_only-r011-20260818T054546Z,loan_to_credit,1,187,200,15.733900,
policy_only,11,4,perf-policy_only-r011-20260818T054546Z,loan_to_credit,1,188,200,16.129300,
policy_only,11,4,perf-policy_only-r011-20260818T054546Z,loan_to_credit,1,189,200,16.040300,
policy_only,11,4,perf-policy_only-r011-20260818T054546Z,loan_to_credit,1,190,200,15.969500,
policy_only,11,4,perf-policy_only-r011-20260818T054546Z,loan_to_credit,1,191,200,18.829100,
policy_only,11,4,perf-policy_only-r011-20260818T054546Z,loan_to_credit,1,192,200,18.164000,
policy_only,11,4,perf-policy_only-r011-20260818T054546Z,loan_to_credit,1,193,200,17.065900,
policy_only,11,4,perf-policy_only-r011-20260818T054546Z,loan_to_credit,1,194,200,17.515800,
policy_only,11,4,perf-policy_only-r011-20260818T054546Z,loan_to_credit,1,195,200,16.756000,
policy_only,11,4,perf-policy_only-r011-20260818T054546Z,loan_to_credit,1,196,200,18.437500,
policy_only,11,4,perf-policy_only-r011-20260818T054546Z,loan_to_credit,1,197,200,17.504900,
policy_only,11,4,perf-policy_only-r011-20260818T054546Z,loan_to_credit,1,198,200,17.081700,
policy_only,11,4,perf-policy_only-r011-20260818T054546Z,loan_to_credit,1,199,200,16.832900,
policy_only,11,4,perf-policy_only-r011-20260818T054546Z,loan_to_credit,1,200,200,16.818200,
policy_only,11,4,perf-policy_only-r011-20260818T054546Z,loan_to_credit,2,1,200,15.500600,
policy_only,11,4,perf-policy_only-r011-20260818T054546Z,loan_to_credit,2,2,200,16.143000,
policy_only,11,4,perf-policy_only-r011-20260818T054546Z,loan_to_credit,2,3,200,15.803400,
policy_only,11,4,perf-policy_only-r011-20260818T054546Z,loan_to_credit,2,4,200,16.268200,
policy_only,11,4,perf-policy_only-r011-20260818T054546Z,loan_to_credit,2,5,200,15.959800,
policy_only,11,4,perf-policy_only-r011-20260818T054546Z,loan_to_credit,2,6,200,15.669000,
policy_only,11,4,perf-policy_only-r011-20260818T054546Z,loan_to_credit,2,7,200,15.980700,
policy_only,11,4,perf-policy_only-r011-20260818T054546Z,loan_to_credit,2,8,200,16.246100,
policy_only,11,4,perf-policy_only-r011-20260818T054546Z,loan_to_credit,2,9,200,16.367400,
policy_only,11,4,perf-policy_only-r011-20260818T054546Z,loan_to_credit,2,10,200,16.722400,
policy_only,11,4,perf-policy_only-r011-20260818T054546Z,loan_to_credit,2,11,200,16.485400,
policy_only,11,4,perf-policy_only-r011-20260818T054546Z,loan_to_credit,2,12,200,16.448900,
policy_only,11,4,perf-policy_only-r011-20260818T054546Z,loan_to_credit,2,13,200,15.979300,
policy_only,11,4,perf-policy_only-r011-20260818T054546Z,loan_to_credit,2,14,200,16.281800,
policy_only,11,4,perf-policy_only-r011-20260818T054546Z,loan_to_credit,2,15,200,15.510500,
policy_only,11,4,perf-policy_only-r011-20260818T054546Z,loan_to_credit,2,16,200,15.866900,
policy_only,11,4,perf-policy_only-r011-20260818T054546Z,loan_to_credit,2,17,200,16.143900,
policy_only,11,4,perf-policy_only-r011-20260818T054546Z,loan_to_credit,2,18,200,15.776800,
policy_only,11,4,perf-policy_only-r011-20260818T054546Z,loan_to_credit,2,19,200,15.199600,
policy_only,11,4,perf-policy_only-r011-20260818T054546Z,loan_to_credit,2,20,200,15.861300,
policy_only,11,4,perf-policy_only-r011-20260818T054546Z,loan_to_credit,2,21,200,15.815400,
policy_only,11,4,perf-policy_only-r011-20260818T054546Z,loan_to_credit,2,22,200,16.319600,
policy_only,11,4,perf-policy_only-r011-20260818T054546Z,loan_to_credit,2,23,200,18.059500,
policy_only,11,4,perf-policy_only-r011-20260818T054546Z,loan_to_credit,2,24,200,17.797400,
policy_only,11,4,perf-policy_only-r011-20260818T054546Z,loan_to_credit,2,25,200,17.687300,
policy_only,11,4,perf-policy_only-r011-20260818T054546Z,loan_to_credit,2,26,200,20.316500,
policy_only,11,4,perf-policy_only-r011-20260818T054546Z,loan_to_credit,2,27,200,19.885900,
policy_only,11,4,perf-policy_only-r011-20260818T054546Z,loan_to_credit,2,28,200,20.532800,
policy_only,11,4,perf-policy_only-r011-20260818T054546Z,loan_to_credit,2,29,200,21.735600,
policy_only,11,4,perf-policy_only-r011-20260818T054546Z,loan_to_credit,2,30,200,23.872500,
policy_only,11,4,perf-policy_only-r011-20260818T054546Z,loan_to_credit,2,31,200,22.052500,
policy_only,11,4,perf-policy_only-r011-20260818T054546Z,loan_to_credit,2,32,200,20.511300,
policy_only,11,4,perf-policy_only-r011-20260818T054546Z,loan_to_credit,2,33,200,17.699500,
policy_only,11,4,perf-policy_only-r011-20260818T054546Z,loan_to_credit,2,34,200,17.882400,
policy_only,11,4,perf-policy_only-r011-20260818T054546Z,loan_to_credit,2,35,200,18.312900,
policy_only,11,4,perf-policy_only-r011-20260818T054546Z,loan_to_credit,2,36,200,17.065800,
policy_only,11,4,perf-policy_only-r011-20260818T054546Z,loan_to_credit,2,37,200,17.730900,
policy_only,11,4,perf-policy_only-r011-20260818T054546Z,loan_to_credit,2,38,200,17.713900,
policy_only,11,4,perf-policy_only-r011-20260818T054546Z,loan_to_credit,2,39,200,15.938500,
policy_only,11,4,perf-policy_only-r011-20260818T054546Z,loan_to_credit,2,40,200,16.845400,
policy_only,11,4,perf-policy_only-r011-20260818T054546Z,loan_to_credit,2,41,200,15.921300,
policy_only,11,4,perf-policy_only-r011-20260818T054546Z,loan_to_credit,2,42,200,17.771600,
policy_only,11,4,perf-policy_only-r011-20260818T054546Z,loan_to_credit,2,43,200,17.949400,
policy_only,11,4,perf-policy_only-r011-20260818T054546Z,loan_to_credit,2,44,200,18.333300,
policy_only,11,4,perf-policy_only-r011-20260818T054546Z,loan_to_credit,2,45,200,17.932700,
policy_only,11,4,perf-policy_only-r011-20260818T054546Z,loan_to_credit,2,46,200,17.364300,
policy_only,11,4,perf-policy_only-r011-20260818T054546Z,loan_to_credit,2,47,200,20.004600,
policy_only,11,4,perf-policy_only-r011-20260818T054546Z,loan_to_credit,2,48,200,16.826700,
policy_only,11,4,perf-policy_only-r011-20260818T054546Z,loan_to_credit,2,49,200,16.368100,
policy_only,11,4,perf-policy_only-r011-20260818T054546Z,loan_to_credit,2,50,200,16.527400,
policy_only,11,4,perf-policy_only-r011-20260818T054546Z,loan_to_credit,2,51,200,17.380600,
policy_only,11,4,perf-policy_only-r011-20260818T054546Z,loan_to_credit,2,52,200,17.772300,
policy_only,11,4,perf-policy_only-r011-20260818T054546Z,loan_to_credit,2,53,200,18.085200,
policy_only,11,4,perf-policy_only-r011-20260818T054546Z,loan_to_credit,2,54,200,16.648000,
policy_only,11,4,perf-policy_only-r011-20260818T054546Z,loan_to_credit,2,55,200,16.006200,
policy_only,11,4,perf-policy_only-r011-20260818T054546Z,loan_to_credit,2,56,200,16.891600,
policy_only,11,4,perf-policy_only-r011-20260818T054546Z,loan_to_credit,2,57,200,17.116400,
policy_only,11,4,perf-policy_only-r011-20260818T054546Z,loan_to_credit,2,58,200,16.383100,
policy_only,11,4,perf-policy_only-r011-20260818T054546Z,loan_to_credit,2,59,200,17.637500,
policy_only,11,4,perf-policy_only-r011-20260818T054546Z,loan_to_credit,2,60,200,16.581800,
policy_only,11,4,perf-policy_only-r011-20260818T054546Z,loan_to_credit,2,61,200,15.951400,
policy_only,11,4,perf-policy_only-r011-20260818T054546Z,loan_to_credit,2,62,200,17.326000,
policy_only,11,4,perf-policy_only-r011-20260818T054546Z,loan_to_credit,2,63,200,17.284000,
policy_only,11,4,perf-policy_only-r011-20260818T054546Z,loan_to_credit,2,64,200,16.742300,
policy_only,11,4,perf-policy_only-r011-20260818T054546Z,loan_to_credit,2,65,200,16.295500,
policy_only,11,4,perf-policy_only-r011-20260818T054546Z,loan_to_credit,2,66,200,15.909400,
policy_only,11,4,perf-policy_only-r011-20260818T054546Z,loan_to_credit,2,67,200,17.304500,
policy_only,11,4,perf-policy_only-r011-20260818T054546Z,loan_to_credit,2,68,200,16.292400,
policy_only,11,4,perf-policy_only-r011-20260818T054546Z,loan_to_credit,2,69,200,16.952900,
policy_only,11,4,perf-policy_only-r011-20260818T054546Z,loan_to_credit,2,70,200,17.018400,
policy_only,11,4,perf-policy_only-r011-20260818T054546Z,loan_to_credit,2,71,200,16.623500,
policy_only,11,4,perf-policy_only-r011-20260818T054546Z,loan_to_credit,2,72,200,19.137700,
policy_only,11,4,perf-policy_only-r011-20260818T054546Z,loan_to_credit,2,73,200,17.963300,
policy_only,11,4,perf-policy_only-r011-20260818T054546Z,loan_to_credit,2,74,200,20.885800,
policy_only,11,4,perf-policy_only-r011-20260818T054546Z,loan_to_credit,2,75,200,18.946100,
policy_only,11,4,perf-policy_only-r011-20260818T054546Z,loan_to_credit,2,76,200,20.541300,
policy_only,11,4,perf-policy_only-r011-20260818T054546Z,loan_to_credit,2,77,200,18.558800,
policy_only,11,4,perf-policy_only-r011-20260818T054546Z,loan_to_credit,2,78,200,16.894300,
policy_only,11,4,perf-policy_only-r011-20260818T054546Z,loan_to_credit,2,79,200,16.209900,
policy_only,11,4,perf-policy_only-r011-20260818T054546Z,loan_to_credit,2,80,200,16.043500,
policy_only,11,4,perf-policy_only-r011-20260818T054546Z,loan_to_credit,2,81,200,17.243200,
policy_only,11,4,perf-policy_only-r011-20260818T054546Z,loan_to_credit,2,82,200,16.771800,
policy_only,11,4,perf-policy_only-r011-20260818T054546Z,loan_to_credit,2,83,200,16.499200,
policy_only,11,4,perf-policy_only-r011-20260818T054546Z,loan_to_credit,2,84,200,16.068800,
policy_only,11,4,perf-policy_only-r011-20260818T054546Z,loan_to_credit,2,85,200,17.232300,
policy_only,11,4,perf-policy_only-r011-20260818T054546Z,loan_to_credit,2,86,200,18.657700,
policy_only,11,4,perf-policy_only-r011-20260818T054546Z,loan_to_credit,2,87,200,16.799300,
policy_only,11,4,perf-policy_only-r011-20260818T054546Z,loan_to_credit,2,88,200,16.864700,
policy_only,11,4,perf-policy_only-r011-20260818T054546Z,loan_to_credit,2,89,200,16.387000,
policy_only,11,4,perf-policy_only-r011-20260818T054546Z,loan_to_credit,2,90,200,16.315500,
policy_only,11,4,perf-policy_only-r011-20260818T054546Z,loan_to_credit,2,91,200,17.103400,
policy_only,11,4,perf-policy_only-r011-20260818T054546Z,loan_to_credit,2,92,200,16.581300,
policy_only,11,4,perf-policy_only-r011-20260818T054546Z,loan_to_credit,2,93,200,16.682600,
policy_only,11,4,perf-policy_only-r011-20260818T054546Z,loan_to_credit,2,94,200,16.122200,
policy_only,11,4,perf-policy_only-r011-20260818T054546Z,loan_to_credit,2,95,200,15.819000,
policy_only,11,4,perf-policy_only-r011-20260818T054546Z,loan_to_credit,2,96,200,16.059100,
policy_only,11,4,perf-policy_only-r011-20260818T054546Z,loan_to_credit,2,97,200,15.960100,
policy_only,11,4,perf-policy_only-r011-20260818T054546Z,loan_to_credit,2,98,200,16.057900,
policy_only,11,4,perf-policy_only-r011-20260818T054546Z,loan_to_credit,2,99,200,16.435000,
policy_only,11,4,perf-policy_only-r011-20260818T054546Z,loan_to_credit,2,100,200,16.986300,
policy_only,11,4,perf-policy_only-r011-20260818T054546Z,loan_to_credit,2,101,200,15.228700,
policy_only,11,4,perf-policy_only-r011-20260818T054546Z,loan_to_credit,2,102,200,16.324900,
policy_only,11,4,perf-policy_only-r011-20260818T054546Z,loan_to_credit,2,103,200,17.108900,
policy_only,11,4,perf-policy_only-r011-20260818T054546Z,loan_to_credit,2,104,200,16.538500,
policy_only,11,4,perf-policy_only-r011-20260818T054546Z,loan_to_credit,2,105,200,16.231900,
policy_only,11,4,perf-policy_only-r011-20260818T054546Z,loan_to_credit,2,106,200,15.821200,
policy_only,11,4,perf-policy_only-r011-20260818T054546Z,loan_to_credit,2,107,200,14.821500,
policy_only,11,4,perf-policy_only-r011-20260818T054546Z,loan_to_credit,2,108,200,15.290100,
policy_only,11,4,perf-policy_only-r011-20260818T054546Z,loan_to_credit,2,109,200,16.116100,
policy_only,11,4,perf-policy_only-r011-20260818T054546Z,loan_to_credit,2,110,200,15.882500,
policy_only,11,4,perf-policy_only-r011-20260818T054546Z,loan_to_credit,2,111,200,15.944800,
policy_only,11,4,perf-policy_only-r011-20260818T054546Z,loan_to_credit,2,112,200,15.859000,
policy_only,11,4,perf-policy_only-r011-20260818T054546Z,loan_to_credit,2,113,200,16.362000,
policy_only,11,4,perf-policy_only-r011-20260818T054546Z,loan_to_credit,2,114,200,17.972600,
policy_only,11,4,perf-policy_only-r011-20260818T054546Z,loan_to_credit,2,115,200,18.030700,
policy_only,11,4,perf-policy_only-r011-20260818T054546Z,loan_to_credit,2,116,200,17.587200,
policy_only,11,4,perf-policy_only-r011-20260818T054546Z,loan_to_credit,2,117,200,17.396300,
policy_only,11,4,perf-policy_only-r011-20260818T054546Z,loan_to_credit,2,118,200,17.020000,
policy_only,11,4,perf-policy_only-r011-20260818T054546Z,loan_to_credit,2,119,200,16.989600,
policy_only,11,4,perf-policy_only-r011-20260818T054546Z,loan_to_credit,2,120,200,16.783100,
policy_only,11,4,perf-policy_only-r011-20260818T054546Z,loan_to_credit,2,121,200,17.115100,
policy_only,11,4,perf-policy_only-r011-20260818T054546Z,loan_to_credit,2,122,200,16.604000,
policy_only,11,4,perf-policy_only-r011-20260818T054546Z,loan_to_credit,2,123,200,16.146200,
policy_only,11,4,perf-policy_only-r011-20260818T054546Z,loan_to_credit,2,124,200,16.610200,
policy_only,11,4,perf-policy_only-r011-20260818T054546Z,loan_to_credit,2,125,200,16.359400,
policy_only,11,4,perf-policy_only-r011-20260818T054546Z,loan_to_credit,2,126,200,16.391400,
policy_only,11,4,perf-policy_only-r011-20260818T054546Z,loan_to_credit,2,127,200,16.800500,
policy_only,11,4,perf-policy_only-r011-20260818T054546Z,loan_to_credit,2,128,200,16.834600,
policy_only,11,4,perf-policy_only-r011-20260818T054546Z,loan_to_credit,2,129,200,15.678500,
policy_only,11,4,perf-policy_only-r011-20260818T054546Z,loan_to_credit,2,130,200,16.325500,
policy_only,11,4,perf-policy_only-r011-20260818T054546Z,loan_to_credit,2,131,200,15.437300,
policy_only,11,4,perf-policy_only-r011-20260818T054546Z,loan_to_credit,2,132,200,15.949900,
policy_only,11,4,perf-policy_only-r011-20260818T054546Z,loan_to_credit,2,133,200,16.223200,
policy_only,11,4,perf-policy_only-r011-20260818T054546Z,loan_to_credit,2,134,200,15.838700,
policy_only,11,4,perf-policy_only-r011-20260818T054546Z,loan_to_credit,2,135,200,16.021500,
policy_only,11,4,perf-policy_only-r011-20260818T054546Z,loan_to_credit,2,136,200,16.283900,
policy_only,11,4,perf-policy_only-r011-20260818T054546Z,loan_to_credit,2,137,200,16.193200,
policy_only,11,4,perf-policy_only-r011-20260818T054546Z,loan_to_credit,2,138,200,16.732200,
policy_only,11,4,perf-policy_only-r011-20260818T054546Z,loan_to_credit,2,139,200,17.001900,
policy_only,11,4,perf-policy_only-r011-20260818T054546Z,loan_to_credit,2,140,200,16.809700,
policy_only,11,4,perf-policy_only-r011-20260818T054546Z,loan_to_credit,2,141,200,15.983000,
policy_only,11,4,perf-policy_only-r011-20260818T054546Z,loan_to_credit,2,142,200,15.865400,
policy_only,11,4,perf-policy_only-r011-20260818T054546Z,loan_to_credit,2,143,200,23.200600,
policy_only,11,4,perf-policy_only-r011-20260818T054546Z,loan_to_credit,2,144,200,19.470600,
policy_only,11,4,perf-policy_only-r011-20260818T054546Z,loan_to_credit,2,145,200,16.515200,
policy_only,11,4,perf-policy_only-r011-20260818T054546Z,loan_to_credit,2,146,200,15.764100,
policy_only,11,4,perf-policy_only-r011-20260818T054546Z,loan_to_credit,2,147,200,15.810700,
policy_only,11,4,perf-policy_only-r011-20260818T054546Z,loan_to_credit,2,148,200,16.295600,
policy_only,11,4,perf-policy_only-r011-20260818T054546Z,loan_to_credit,2,149,200,18.970300,
policy_only,11,4,perf-policy_only-r011-20260818T054546Z,loan_to_credit,2,150,200,19.783000,
policy_only,11,4,perf-policy_only-r011-20260818T054546Z,loan_to_credit,2,151,200,22.416600,
policy_only,11,4,perf-policy_only-r011-20260818T054546Z,loan_to_credit,2,152,200,18.550300,
policy_only,11,4,perf-policy_only-r011-20260818T054546Z,loan_to_credit,2,153,200,17.610600,
policy_only,11,4,perf-policy_only-r011-20260818T054546Z,loan_to_credit,2,154,200,17.225700,
policy_only,11,4,perf-policy_only-r011-20260818T054546Z,loan_to_credit,2,155,200,17.628100,
policy_only,11,4,perf-policy_only-r011-20260818T054546Z,loan_to_credit,2,156,200,16.883100,
policy_only,11,4,perf-policy_only-r011-20260818T054546Z,loan_to_credit,2,157,200,16.899000,
policy_only,11,4,perf-policy_only-r011-20260818T054546Z,loan_to_credit,2,158,200,17.393300,
policy_only,11,4,perf-policy_only-r011-20260818T054546Z,loan_to_credit,2,159,200,17.366900,
policy_only,11,4,perf-policy_only-r011-20260818T054546Z,loan_to_credit,2,160,200,17.370500,
policy_only,11,4,perf-policy_only-r011-20260818T054546Z,loan_to_credit,2,161,200,17.206100,
policy_only,11,4,perf-policy_only-r011-20260818T054546Z,loan_to_credit,2,162,200,18.191100,
policy_only,11,4,perf-policy_only-r011-20260818T054546Z,loan_to_credit,2,163,200,19.570100,
policy_only,11,4,perf-policy_only-r011-20260818T054546Z,loan_to_credit,2,164,200,17.047400,
policy_only,11,4,perf-policy_only-r011-20260818T054546Z,loan_to_credit,2,165,200,16.983800,
policy_only,11,4,perf-policy_only-r011-20260818T054546Z,loan_to_credit,2,166,200,17.366700,
policy_only,11,4,perf-policy_only-r011-20260818T054546Z,loan_to_credit,2,167,200,17.553700,
policy_only,11,4,perf-policy_only-r011-20260818T054546Z,loan_to_credit,2,168,200,16.657800,
policy_only,11,4,perf-policy_only-r011-20260818T054546Z,loan_to_credit,2,169,200,17.066000,
policy_only,11,4,perf-policy_only-r011-20260818T054546Z,loan_to_credit,2,170,200,17.756000,
policy_only,11,4,perf-policy_only-r011-20260818T054546Z,loan_to_credit,2,171,200,18.396300,
policy_only,11,4,perf-policy_only-r011-20260818T054546Z,loan_to_credit,2,172,200,19.172900,
policy_only,11,4,perf-policy_only-r011-20260818T054546Z,loan_to_credit,2,173,200,18.299600,
policy_only,11,4,perf-policy_only-r011-20260818T054546Z,loan_to_credit,2,174,200,17.774800,
policy_only,11,4,perf-policy_only-r011-20260818T054546Z,loan_to_credit,2,175,200,17.976100,
policy_only,11,4,perf-policy_only-r011-20260818T054546Z,loan_to_credit,2,176,200,17.815000,
policy_only,11,4,perf-policy_only-r011-20260818T054546Z,loan_to_credit,2,177,200,18.438600,
policy_only,11,4,perf-policy_only-r011-20260818T054546Z,loan_to_credit,2,178,200,18.601300,
policy_only,11,4,perf-policy_only-r011-20260818T054546Z,loan_to_credit,2,179,200,18.709400,
policy_only,11,4,perf-policy_only-r011-20260818T054546Z,loan_to_credit,2,180,200,18.375200,
policy_only,11,4,perf-policy_only-r011-20260818T054546Z,loan_to_credit,2,181,200,17.643200,
policy_only,11,4,perf-policy_only-r011-20260818T054546Z,loan_to_credit,2,182,200,17.965800,
policy_only,11,4,perf-policy_only-r011-20260818T054546Z,loan_to_credit,2,183,200,18.294000,
policy_only,11,4,perf-policy_only-r011-20260818T054546Z,loan_to_credit,2,184,200,17.453500,
policy_only,11,4,perf-policy_only-r011-20260818T054546Z,loan_to_credit,2,185,200,17.751600,
policy_only,11,4,perf-policy_only-r011-20260818T054546Z,loan_to_credit,2,186,200,19.323500,
policy_only,11,4,perf-policy_only-r011-20260818T054546Z,loan_to_credit,2,187,200,18.417700,
policy_only,11,4,perf-policy_only-r011-20260818T054546Z,loan_to_credit,2,188,200,16.343200,
policy_only,11,4,perf-policy_only-r011-20260818T054546Z,loan_to_credit,2,189,200,17.248600,
policy_only,11,4,perf-policy_only-r011-20260818T054546Z,loan_to_credit,2,190,200,16.578700,
policy_only,11,4,perf-policy_only-r011-20260818T054546Z,loan_to_credit,2,191,200,18.698200,
policy_only,11,4,perf-policy_only-r011-20260818T054546Z,loan_to_credit,2,192,200,16.496800,
policy_only,11,4,perf-policy_only-r011-20260818T054546Z,loan_to_credit,2,193,200,17.163300,
policy_only,11,4,perf-policy_only-r011-20260818T054546Z,loan_to_credit,2,194,200,16.757400,
policy_only,11,4,perf-policy_only-r011-20260818T054546Z,loan_to_credit,2,195,200,16.695200,
policy_only,11,4,perf-policy_only-r011-20260818T054546Z,loan_to_credit,2,196,200,15.826200,
policy_only,11,4,perf-policy_only-r011-20260818T054546Z,loan_to_credit,2,197,200,18.031400,
policy_only,11,4,perf-policy_only-r011-20260818T054546Z,loan_to_credit,2,198,200,16.145300,
policy_only,11,4,perf-policy_only-r011-20260818T054546Z,loan_to_credit,2,199,200,17.271500,
policy_only,11,4,perf-policy_only-r011-20260818T054546Z,loan_to_credit,2,200,200,16.736900,
policy_only,11,4,perf-policy_only-r011-20260818T054546Z,loan_to_credit,3,1,200,16.860600,
policy_only,11,4,perf-policy_only-r011-20260818T054546Z,loan_to_credit,3,2,200,15.879300,
policy_only,11,4,perf-policy_only-r011-20260818T054546Z,loan_to_credit,3,3,200,17.473900,
policy_only,11,4,perf-policy_only-r011-20260818T054546Z,loan_to_credit,3,4,200,16.967900,
policy_only,11,4,perf-policy_only-r011-20260818T054546Z,loan_to_credit,3,5,200,16.701600,
policy_only,11,4,perf-policy_only-r011-20260818T054546Z,loan_to_credit,3,6,200,16.796700,
policy_only,11,4,perf-policy_only-r011-20260818T054546Z,loan_to_credit,3,7,200,16.403000,
policy_only,11,4,perf-policy_only-r011-20260818T054546Z,loan_to_credit,3,8,200,17.885200,
policy_only,11,4,perf-policy_only-r011-20260818T054546Z,loan_to_credit,3,9,200,16.977200,
policy_only,11,4,perf-policy_only-r011-20260818T054546Z,loan_to_credit,3,10,200,17.016000,
policy_only,11,4,perf-policy_only-r011-20260818T054546Z,loan_to_credit,3,11,200,16.819200,
policy_only,11,4,perf-policy_only-r011-20260818T054546Z,loan_to_credit,3,12,200,14.802000,
policy_only,11,4,perf-policy_only-r011-20260818T054546Z,loan_to_credit,3,13,200,17.117000,
policy_only,11,4,perf-policy_only-r011-20260818T054546Z,loan_to_credit,3,14,200,15.868200,
policy_only,11,4,perf-policy_only-r011-20260818T054546Z,loan_to_credit,3,15,200,17.092800,
policy_only,11,4,perf-policy_only-r011-20260818T054546Z,loan_to_credit,3,16,200,16.764900,
policy_only,11,4,perf-policy_only-r011-20260818T054546Z,loan_to_credit,3,17,200,15.948200,
policy_only,11,4,perf-policy_only-r011-20260818T054546Z,loan_to_credit,3,18,200,16.098600,
policy_only,11,4,perf-policy_only-r011-20260818T054546Z,loan_to_credit,3,19,200,16.236400,
policy_only,11,4,perf-policy_only-r011-20260818T054546Z,loan_to_credit,3,20,200,15.493100,
policy_only,11,4,perf-policy_only-r011-20260818T054546Z,loan_to_credit,3,21,200,16.491400,
policy_only,11,4,perf-policy_only-r011-20260818T054546Z,loan_to_credit,3,22,200,16.807600,
policy_only,11,4,perf-policy_only-r011-20260818T054546Z,loan_to_credit,3,23,200,16.350300,
policy_only,11,4,perf-policy_only-r011-20260818T054546Z,loan_to_credit,3,24,200,16.882000,
policy_only,11,4,perf-policy_only-r011-20260818T054546Z,loan_to_credit,3,25,200,18.793300,
policy_only,11,4,perf-policy_only-r011-20260818T054546Z,loan_to_credit,3,26,200,24.357900,
policy_only,11,4,perf-policy_only-r011-20260818T054546Z,loan_to_credit,3,27,200,19.408000,
policy_only,11,4,perf-policy_only-r011-20260818T054546Z,loan_to_credit,3,28,200,19.078800,
policy_only,11,4,perf-policy_only-r011-20260818T054546Z,loan_to_credit,3,29,200,19.486900,
policy_only,11,4,perf-policy_only-r011-20260818T054546Z,loan_to_credit,3,30,200,18.174900,
policy_only,11,4,perf-policy_only-r011-20260818T054546Z,loan_to_credit,3,31,200,18.197700,
policy_only,11,4,perf-policy_only-r011-20260818T054546Z,loan_to_credit,3,32,200,18.063800,
policy_only,11,4,perf-policy_only-r011-20260818T054546Z,loan_to_credit,3,33,200,17.269500,
policy_only,11,4,perf-policy_only-r011-20260818T054546Z,loan_to_credit,3,34,200,17.526400,
policy_only,11,4,perf-policy_only-r011-20260818T054546Z,loan_to_credit,3,35,200,17.544600,
policy_only,11,4,perf-policy_only-r011-20260818T054546Z,loan_to_credit,3,36,200,17.593700,
policy_only,11,4,perf-policy_only-r011-20260818T054546Z,loan_to_credit,3,37,200,18.074800,
policy_only,11,4,perf-policy_only-r011-20260818T054546Z,loan_to_credit,3,38,200,17.509600,
policy_only,11,4,perf-policy_only-r011-20260818T054546Z,loan_to_credit,3,39,200,17.430800,
policy_only,11,4,perf-policy_only-r011-20260818T054546Z,loan_to_credit,3,40,200,15.956600,
policy_only,11,4,perf-policy_only-r011-20260818T054546Z,loan_to_credit,3,41,200,15.646700,
policy_only,11,4,perf-policy_only-r011-20260818T054546Z,loan_to_credit,3,42,200,18.740200,
policy_only,11,4,perf-policy_only-r011-20260818T054546Z,loan_to_credit,3,43,200,16.584700,
policy_only,11,4,perf-policy_only-r011-20260818T054546Z,loan_to_credit,3,44,200,17.032800,
policy_only,11,4,perf-policy_only-r011-20260818T054546Z,loan_to_credit,3,45,200,15.604700,
policy_only,11,4,perf-policy_only-r011-20260818T054546Z,loan_to_credit,3,46,200,15.897100,
policy_only,11,4,perf-policy_only-r011-20260818T054546Z,loan_to_credit,3,47,200,15.972500,
policy_only,11,4,perf-policy_only-r011-20260818T054546Z,loan_to_credit,3,48,200,15.977500,
policy_only,11,4,perf-policy_only-r011-20260818T054546Z,loan_to_credit,3,49,200,15.968900,
policy_only,11,4,perf-policy_only-r011-20260818T054546Z,loan_to_credit,3,50,200,15.502400,
policy_only,11,4,perf-policy_only-r011-20260818T054546Z,loan_to_credit,3,51,200,16.796600,
policy_only,11,4,perf-policy_only-r011-20260818T054546Z,loan_to_credit,3,52,200,15.704100,
policy_only,11,4,perf-policy_only-r011-20260818T054546Z,loan_to_credit,3,53,200,16.254100,
policy_only,11,4,perf-policy_only-r011-20260818T054546Z,loan_to_credit,3,54,200,15.828400,
policy_only,11,4,perf-policy_only-r011-20260818T054546Z,loan_to_credit,3,55,200,17.401400,
policy_only,11,4,perf-policy_only-r011-20260818T054546Z,loan_to_credit,3,56,200,16.913400,
policy_only,11,4,perf-policy_only-r011-20260818T054546Z,loan_to_credit,3,57,200,16.266400,
policy_only,11,4,perf-policy_only-r011-20260818T054546Z,loan_to_credit,3,58,200,17.383400,
policy_only,11,4,perf-policy_only-r011-20260818T054546Z,loan_to_credit,3,59,200,17.734400,
policy_only,11,4,perf-policy_only-r011-20260818T054546Z,loan_to_credit,3,60,200,17.311400,
policy_only,11,4,perf-policy_only-r011-20260818T054546Z,loan_to_credit,3,61,200,16.047000,
policy_only,11,4,perf-policy_only-r011-20260818T054546Z,loan_to_credit,3,62,200,17.247600,
policy_only,11,4,perf-policy_only-r011-20260818T054546Z,loan_to_credit,3,63,200,16.607200,
policy_only,11,4,perf-policy_only-r011-20260818T054546Z,loan_to_credit,3,64,200,16.981400,
policy_only,11,4,perf-policy_only-r011-20260818T054546Z,loan_to_credit,3,65,200,15.858300,
policy_only,11,4,perf-policy_only-r011-20260818T054546Z,loan_to_credit,3,66,200,15.985500,
policy_only,11,4,perf-policy_only-r011-20260818T054546Z,loan_to_credit,3,67,200,17.347100,
policy_only,11,4,perf-policy_only-r011-20260818T054546Z,loan_to_credit,3,68,200,16.807500,
policy_only,11,4,perf-policy_only-r011-20260818T054546Z,loan_to_credit,3,69,200,18.163500,
policy_only,11,4,perf-policy_only-r011-20260818T054546Z,loan_to_credit,3,70,200,17.011100,
policy_only,11,4,perf-policy_only-r011-20260818T054546Z,loan_to_credit,3,71,200,16.409400,
policy_only,11,4,perf-policy_only-r011-20260818T054546Z,loan_to_credit,3,72,200,15.989300,
policy_only,11,4,perf-policy_only-r011-20260818T054546Z,loan_to_credit,3,73,200,16.332500,
policy_only,11,4,perf-policy_only-r011-20260818T054546Z,loan_to_credit,3,74,200,16.062300,
policy_only,11,4,perf-policy_only-r011-20260818T054546Z,loan_to_credit,3,75,200,16.220500,
policy_only,11,4,perf-policy_only-r011-20260818T054546Z,loan_to_credit,3,76,200,16.831300,
policy_only,11,4,perf-policy_only-r011-20260818T054546Z,loan_to_credit,3,77,200,15.773600,
policy_only,11,4,perf-policy_only-r011-20260818T054546Z,loan_to_credit,3,78,200,15.634200,
policy_only,11,4,perf-policy_only-r011-20260818T054546Z,loan_to_credit,3,79,200,16.671400,
policy_only,11,4,perf-policy_only-r011-20260818T054546Z,loan_to_credit,3,80,200,16.501900,
policy_only,11,4,perf-policy_only-r011-20260818T054546Z,loan_to_credit,3,81,200,15.868800,
policy_only,11,4,perf-policy_only-r011-20260818T054546Z,loan_to_credit,3,82,200,17.287400,
policy_only,11,4,perf-policy_only-r011-20260818T054546Z,loan_to_credit,3,83,200,16.625100,
policy_only,11,4,perf-policy_only-r011-20260818T054546Z,loan_to_credit,3,84,200,16.820400,
policy_only,11,4,perf-policy_only-r011-20260818T054546Z,loan_to_credit,3,85,200,16.794500,
policy_only,11,4,perf-policy_only-r011-20260818T054546Z,loan_to_credit,3,86,200,16.855100,
policy_only,11,4,perf-policy_only-r011-20260818T054546Z,loan_to_credit,3,87,200,16.485200,
policy_only,11,4,perf-policy_only-r011-20260818T054546Z,loan_to_credit,3,88,200,16.095600,
policy_only,11,4,perf-policy_only-r011-20260818T054546Z,loan_to_credit,3,89,200,16.963900,
policy_only,11,4,perf-policy_only-r011-20260818T054546Z,loan_to_credit,3,90,200,15.973800,
policy_only,11,4,perf-policy_only-r011-20260818T054546Z,loan_to_credit,3,91,200,17.012300,
policy_only,11,4,perf-policy_only-r011-20260818T054546Z,loan_to_credit,3,92,200,15.886300,
policy_only,11,4,perf-policy_only-r011-20260818T054546Z,loan_to_credit,3,93,200,15.995500,
policy_only,11,4,perf-policy_only-r011-20260818T054546Z,loan_to_credit,3,94,200,15.817300,
policy_only,11,4,perf-policy_only-r011-20260818T054546Z,loan_to_credit,3,95,200,15.881900,
policy_only,11,4,perf-policy_only-r011-20260818T054546Z,loan_to_credit,3,96,200,16.127100,
policy_only,11,4,perf-policy_only-r011-20260818T054546Z,loan_to_credit,3,97,200,17.246700,
policy_only,11,4,perf-policy_only-r011-20260818T054546Z,loan_to_credit,3,98,200,17.670200,
policy_only,11,4,perf-policy_only-r011-20260818T054546Z,loan_to_credit,3,99,200,17.286400,
policy_only,11,4,perf-policy_only-r011-20260818T054546Z,loan_to_credit,3,100,200,18.148400,
policy_only,11,4,perf-policy_only-r011-20260818T054546Z,loan_to_credit,3,101,200,16.889500,
policy_only,11,4,perf-policy_only-r011-20260818T054546Z,loan_to_credit,3,102,200,16.884400,
policy_only,11,4,perf-policy_only-r011-20260818T054546Z,loan_to_credit,3,103,200,17.276400,
policy_only,11,4,perf-policy_only-r011-20260818T054546Z,loan_to_credit,3,104,200,16.789200,
policy_only,11,4,perf-policy_only-r011-20260818T054546Z,loan_to_credit,3,105,200,16.638000,
policy_only,11,4,perf-policy_only-r011-20260818T054546Z,loan_to_credit,3,106,200,17.561900,
policy_only,11,4,perf-policy_only-r011-20260818T054546Z,loan_to_credit,3,107,200,16.772700,
policy_only,11,4,perf-policy_only-r011-20260818T054546Z,loan_to_credit,3,108,200,17.005200,
policy_only,11,4,perf-policy_only-r011-20260818T054546Z,loan_to_credit,3,109,200,15.879900,
policy_only,11,4,perf-policy_only-r011-20260818T054546Z,loan_to_credit,3,110,200,17.120900,
policy_only,11,4,perf-policy_only-r011-20260818T054546Z,loan_to_credit,3,111,200,16.593100,
policy_only,11,4,perf-policy_only-r011-20260818T054546Z,loan_to_credit,3,112,200,16.240800,
policy_only,11,4,perf-policy_only-r011-20260818T054546Z,loan_to_credit,3,113,200,17.257400,
policy_only,11,4,perf-policy_only-r011-20260818T054546Z,loan_to_credit,3,114,200,16.546200,
policy_only,11,4,perf-policy_only-r011-20260818T054546Z,loan_to_credit,3,115,200,16.900300,
policy_only,11,4,perf-policy_only-r011-20260818T054546Z,loan_to_credit,3,116,200,16.114100,
policy_only,11,4,perf-policy_only-r011-20260818T054546Z,loan_to_credit,3,117,200,17.143100,
policy_only,11,4,perf-policy_only-r011-20260818T054546Z,loan_to_credit,3,118,200,17.257400,
policy_only,11,4,perf-policy_only-r011-20260818T054546Z,loan_to_credit,3,119,200,16.271800,
policy_only,11,4,perf-policy_only-r011-20260818T054546Z,loan_to_credit,3,120,200,16.034400,
policy_only,11,4,perf-policy_only-r011-20260818T054546Z,loan_to_credit,3,121,200,16.706500,
policy_only,11,4,perf-policy_only-r011-20260818T054546Z,loan_to_credit,3,122,200,16.978500,
policy_only,11,4,perf-policy_only-r011-20260818T054546Z,loan_to_credit,3,123,200,16.369100,
policy_only,11,4,perf-policy_only-r011-20260818T054546Z,loan_to_credit,3,124,200,17.075000,
policy_only,11,4,perf-policy_only-r011-20260818T054546Z,loan_to_credit,3,125,200,18.023800,
policy_only,11,4,perf-policy_only-r011-20260818T054546Z,loan_to_credit,3,126,200,18.539800,
policy_only,11,4,perf-policy_only-r011-20260818T054546Z,loan_to_credit,3,127,200,17.818500,
policy_only,11,4,perf-policy_only-r011-20260818T054546Z,loan_to_credit,3,128,200,18.283000,
policy_only,11,4,perf-policy_only-r011-20260818T054546Z,loan_to_credit,3,129,200,16.182800,
policy_only,11,4,perf-policy_only-r011-20260818T054546Z,loan_to_credit,3,130,200,18.767700,
policy_only,11,4,perf-policy_only-r011-20260818T054546Z,loan_to_credit,3,131,200,17.656300,
policy_only,11,4,perf-policy_only-r011-20260818T054546Z,loan_to_credit,3,132,200,19.580000,
policy_only,11,4,perf-policy_only-r011-20260818T054546Z,loan_to_credit,3,133,200,17.693300,
policy_only,11,4,perf-policy_only-r011-20260818T054546Z,loan_to_credit,3,134,200,17.890100,
policy_only,11,4,perf-policy_only-r011-20260818T054546Z,loan_to_credit,3,135,200,18.816500,
policy_only,11,4,perf-policy_only-r011-20260818T054546Z,loan_to_credit,3,136,200,19.259300,
policy_only,11,4,perf-policy_only-r011-20260818T054546Z,loan_to_credit,3,137,200,18.682600,
policy_only,11,4,perf-policy_only-r011-20260818T054546Z,loan_to_credit,3,138,200,18.884300,
policy_only,11,4,perf-policy_only-r011-20260818T054546Z,loan_to_credit,3,139,200,17.867000,
policy_only,11,4,perf-policy_only-r011-20260818T054546Z,loan_to_credit,3,140,200,16.772600,
policy_only,11,4,perf-policy_only-r011-20260818T054546Z,loan_to_credit,3,141,200,17.723400,
policy_only,11,4,perf-policy_only-r011-20260818T054546Z,loan_to_credit,3,142,200,17.413800,
policy_only,11,4,perf-policy_only-r011-20260818T054546Z,loan_to_credit,3,143,200,22.610000,
policy_only,11,4,perf-policy_only-r011-20260818T054546Z,loan_to_credit,3,144,200,18.523800,
policy_only,11,4,perf-policy_only-r011-20260818T054546Z,loan_to_credit,3,145,200,18.938100,
policy_only,11,4,perf-policy_only-r011-20260818T054546Z,loan_to_credit,3,146,200,17.962600,
policy_only,11,4,perf-policy_only-r011-20260818T054546Z,loan_to_credit,3,147,200,18.040900,
policy_only,11,4,perf-policy_only-r011-20260818T054546Z,loan_to_credit,3,148,200,19.291300,
policy_only,11,4,perf-policy_only-r011-20260818T054546Z,loan_to_credit,3,149,200,17.928200,
policy_only,11,4,perf-policy_only-r011-20260818T054546Z,loan_to_credit,3,150,200,17.748900,
policy_only,11,4,perf-policy_only-r011-20260818T054546Z,loan_to_credit,3,151,200,25.825200,
policy_only,11,4,perf-policy_only-r011-20260818T054546Z,loan_to_credit,3,152,200,18.973300,
policy_only,11,4,perf-policy_only-r011-20260818T054546Z,loan_to_credit,3,153,200,18.551000,
policy_only,11,4,perf-policy_only-r011-20260818T054546Z,loan_to_credit,3,154,200,19.259300,
policy_only,11,4,perf-policy_only-r011-20260818T054546Z,loan_to_credit,3,155,200,18.182800,
policy_only,11,4,perf-policy_only-r011-20260818T054546Z,loan_to_credit,3,156,200,18.581100,
policy_only,11,4,perf-policy_only-r011-20260818T054546Z,loan_to_credit,3,157,200,18.798200,
policy_only,11,4,perf-policy_only-r011-20260818T054546Z,loan_to_credit,3,158,200,18.650200,
policy_only,11,4,perf-policy_only-r011-20260818T054546Z,loan_to_credit,3,159,200,19.275500,
policy_only,11,4,perf-policy_only-r011-20260818T054546Z,loan_to_credit,3,160,200,19.660300,
policy_only,11,4,perf-policy_only-r011-20260818T054546Z,loan_to_credit,3,161,200,17.626600,
policy_only,11,4,perf-policy_only-r011-20260818T054546Z,loan_to_credit,3,162,200,19.177400,
policy_only,11,4,perf-policy_only-r011-20260818T054546Z,loan_to_credit,3,163,200,18.286900,
policy_only,11,4,perf-policy_only-r011-20260818T054546Z,loan_to_credit,3,164,200,18.324900,
policy_only,11,4,perf-policy_only-r011-20260818T054546Z,loan_to_credit,3,165,200,17.312700,
policy_only,11,4,perf-policy_only-r011-20260818T054546Z,loan_to_credit,3,166,200,19.211100,
policy_only,11,4,perf-policy_only-r011-20260818T054546Z,loan_to_credit,3,167,200,18.550700,
policy_only,11,4,perf-policy_only-r011-20260818T054546Z,loan_to_credit,3,168,200,22.437000,
policy_only,11,4,perf-policy_only-r011-20260818T054546Z,loan_to_credit,3,169,200,19.828900,
policy_only,11,4,perf-policy_only-r011-20260818T054546Z,loan_to_credit,3,170,200,20.190700,
policy_only,11,4,perf-policy_only-r011-20260818T054546Z,loan_to_credit,3,171,200,17.850200,
policy_only,11,4,perf-policy_only-r011-20260818T054546Z,loan_to_credit,3,172,200,17.725700,
policy_only,11,4,perf-policy_only-r011-20260818T054546Z,loan_to_credit,3,173,200,18.060400,
policy_only,11,4,perf-policy_only-r011-20260818T054546Z,loan_to_credit,3,174,200,17.961300,
policy_only,11,4,perf-policy_only-r011-20260818T054546Z,loan_to_credit,3,175,200,19.526500,
policy_only,11,4,perf-policy_only-r011-20260818T054546Z,loan_to_credit,3,176,200,18.623600,
policy_only,11,4,perf-policy_only-r011-20260818T054546Z,loan_to_credit,3,177,200,17.611100,
policy_only,11,4,perf-policy_only-r011-20260818T054546Z,loan_to_credit,3,178,200,17.286000,
policy_only,11,4,perf-policy_only-r011-20260818T054546Z,loan_to_credit,3,179,200,17.738400,
policy_only,11,4,perf-policy_only-r011-20260818T054546Z,loan_to_credit,3,180,200,16.913800,
policy_only,11,4,perf-policy_only-r011-20260818T054546Z,loan_to_credit,3,181,200,18.387100,
policy_only,11,4,perf-policy_only-r011-20260818T054546Z,loan_to_credit,3,182,200,17.279500,
policy_only,11,4,perf-policy_only-r011-20260818T054546Z,loan_to_credit,3,183,200,19.646000,
policy_only,11,4,perf-policy_only-r011-20260818T054546Z,loan_to_credit,3,184,200,20.520500,
policy_only,11,4,perf-policy_only-r011-20260818T054546Z,loan_to_credit,3,185,200,18.557200,
policy_only,11,4,perf-policy_only-r011-20260818T054546Z,loan_to_credit,3,186,200,18.355800,
policy_only,11,4,perf-policy_only-r011-20260818T054546Z,loan_to_credit,3,187,200,18.508500,
policy_only,11,4,perf-policy_only-r011-20260818T054546Z,loan_to_credit,3,188,200,17.873300,
policy_only,11,4,perf-policy_only-r011-20260818T054546Z,loan_to_credit,3,189,200,18.452400,
policy_only,11,4,perf-policy_only-r011-20260818T054546Z,loan_to_credit,3,190,200,18.277000,
policy_only,11,4,perf-policy_only-r011-20260818T054546Z,loan_to_credit,3,191,200,18.778000,
policy_only,11,4,perf-policy_only-r011-20260818T054546Z,loan_to_credit,3,192,200,18.280500,
policy_only,11,4,perf-policy_only-r011-20260818T054546Z,loan_to_credit,3,193,200,18.200800,
policy_only,11,4,perf-policy_only-r011-20260818T054546Z,loan_to_credit,3,194,200,17.553400,
policy_only,11,4,perf-policy_only-r011-20260818T054546Z,loan_to_credit,3,195,200,19.492000,
policy_only,11,4,perf-policy_only-r011-20260818T054546Z,loan_to_credit,3,196,200,19.164400,
policy_only,11,4,perf-policy_only-r011-20260818T054546Z,loan_to_credit,3,197,200,18.697300,
policy_only,11,4,perf-policy_only-r011-20260818T054546Z,loan_to_credit,3,198,200,18.014900,
policy_only,11,4,perf-policy_only-r011-20260818T054546Z,loan_to_credit,3,199,200,19.323200,
policy_only,11,4,perf-policy_only-r011-20260818T054546Z,loan_to_credit,3,200,200,18.642500,
policy_only,11,4,perf-policy_only-r011-20260818T054546Z,loan_to_aml,1,1,200,17.831200,
policy_only,11,4,perf-policy_only-r011-20260818T054546Z,loan_to_aml,1,2,200,17.792300,
policy_only,11,4,perf-policy_only-r011-20260818T054546Z,loan_to_aml,1,3,200,19.936800,
policy_only,11,4,perf-policy_only-r011-20260818T054546Z,loan_to_aml,1,4,200,17.779500,
policy_only,11,4,perf-policy_only-r011-20260818T054546Z,loan_to_aml,1,5,200,18.575500,
policy_only,11,4,perf-policy_only-r011-20260818T054546Z,loan_to_aml,1,6,200,18.468700,
policy_only,11,4,perf-policy_only-r011-20260818T054546Z,loan_to_aml,1,7,200,18.243700,
policy_only,11,4,perf-policy_only-r011-20260818T054546Z,loan_to_aml,1,8,200,17.798200,
policy_only,11,4,perf-policy_only-r011-20260818T054546Z,loan_to_aml,1,9,200,17.754800,
policy_only,11,4,perf-policy_only-r011-20260818T054546Z,loan_to_aml,1,10,200,18.489600,
policy_only,11,4,perf-policy_only-r011-20260818T054546Z,loan_to_aml,1,11,200,17.933900,
policy_only,11,4,perf-policy_only-r011-20260818T054546Z,loan_to_aml,1,12,200,17.503300,
policy_only,11,4,perf-policy_only-r011-20260818T054546Z,loan_to_aml,1,13,200,16.789500,
policy_only,11,4,perf-policy_only-r011-20260818T054546Z,loan_to_aml,1,14,200,17.042600,
policy_only,11,4,perf-policy_only-r011-20260818T054546Z,loan_to_aml,1,15,200,17.014300,
policy_only,11,4,perf-policy_only-r011-20260818T054546Z,loan_to_aml,1,16,200,17.679700,
policy_only,11,4,perf-policy_only-r011-20260818T054546Z,loan_to_aml,1,17,200,16.797700,
policy_only,11,4,perf-policy_only-r011-20260818T054546Z,loan_to_aml,1,18,200,18.536000,
policy_only,11,4,perf-policy_only-r011-20260818T054546Z,loan_to_aml,1,19,200,18.491600,
policy_only,11,4,perf-policy_only-r011-20260818T054546Z,loan_to_aml,1,20,200,17.596300,
policy_only,11,4,perf-policy_only-r011-20260818T054546Z,loan_to_aml,1,21,200,18.397100,
policy_only,11,4,perf-policy_only-r011-20260818T054546Z,loan_to_aml,1,22,200,17.899400,
policy_only,11,4,perf-policy_only-r011-20260818T054546Z,loan_to_aml,1,23,200,20.219600,
policy_only,11,4,perf-policy_only-r011-20260818T054546Z,loan_to_aml,1,24,200,19.178800,
policy_only,11,4,perf-policy_only-r011-20260818T054546Z,loan_to_aml,1,25,200,18.566600,
policy_only,11,4,perf-policy_only-r011-20260818T054546Z,loan_to_aml,1,26,200,18.952100,
policy_only,11,4,perf-policy_only-r011-20260818T054546Z,loan_to_aml,1,27,200,17.570500,
policy_only,11,4,perf-policy_only-r011-20260818T054546Z,loan_to_aml,1,28,200,17.021600,
policy_only,11,4,perf-policy_only-r011-20260818T054546Z,loan_to_aml,1,29,200,17.501700,
policy_only,11,4,perf-policy_only-r011-20260818T054546Z,loan_to_aml,1,30,200,18.005600,
policy_only,11,4,perf-policy_only-r011-20260818T054546Z,loan_to_aml,1,31,200,17.835900,
policy_only,11,4,perf-policy_only-r011-20260818T054546Z,loan_to_aml,1,32,200,17.834500,
policy_only,11,4,perf-policy_only-r011-20260818T054546Z,loan_to_aml,1,33,200,18.942600,
policy_only,11,4,perf-policy_only-r011-20260818T054546Z,loan_to_aml,1,34,200,18.329700,
policy_only,11,4,perf-policy_only-r011-20260818T054546Z,loan_to_aml,1,35,200,17.842400,
policy_only,11,4,perf-policy_only-r011-20260818T054546Z,loan_to_aml,1,36,200,18.105100,
policy_only,11,4,perf-policy_only-r011-20260818T054546Z,loan_to_aml,1,37,200,17.711000,
policy_only,11,4,perf-policy_only-r011-20260818T054546Z,loan_to_aml,1,38,200,17.777400,
policy_only,11,4,perf-policy_only-r011-20260818T054546Z,loan_to_aml,1,39,200,17.816700,
policy_only,11,4,perf-policy_only-r011-20260818T054546Z,loan_to_aml,1,40,200,18.360200,
policy_only,11,4,perf-policy_only-r011-20260818T054546Z,loan_to_aml,1,41,200,19.376200,
policy_only,11,4,perf-policy_only-r011-20260818T054546Z,loan_to_aml,1,42,200,17.333000,
policy_only,11,4,perf-policy_only-r011-20260818T054546Z,loan_to_aml,1,43,200,16.537200,
policy_only,11,4,perf-policy_only-r011-20260818T054546Z,loan_to_aml,1,44,200,16.757200,
policy_only,11,4,perf-policy_only-r011-20260818T054546Z,loan_to_aml,1,45,200,17.603400,
policy_only,11,4,perf-policy_only-r011-20260818T054546Z,loan_to_aml,1,46,200,17.400200,
policy_only,11,4,perf-policy_only-r011-20260818T054546Z,loan_to_aml,1,47,200,17.466200,
policy_only,11,4,perf-policy_only-r011-20260818T054546Z,loan_to_aml,1,48,200,18.765700,
policy_only,11,4,perf-policy_only-r011-20260818T054546Z,loan_to_aml,1,49,200,17.658000,
policy_only,11,4,perf-policy_only-r011-20260818T054546Z,loan_to_aml,1,50,200,17.669600,
policy_only,11,4,perf-policy_only-r011-20260818T054546Z,loan_to_aml,1,51,200,18.776000,
policy_only,11,4,perf-policy_only-r011-20260818T054546Z,loan_to_aml,1,52,200,18.067100,
policy_only,11,4,perf-policy_only-r011-20260818T054546Z,loan_to_aml,1,53,200,18.920800,
policy_only,11,4,perf-policy_only-r011-20260818T054546Z,loan_to_aml,1,54,200,19.423400,
policy_only,11,4,perf-policy_only-r011-20260818T054546Z,loan_to_aml,1,55,200,19.482400,
policy_only,11,4,perf-policy_only-r011-20260818T054546Z,loan_to_aml,1,56,200,16.927000,
policy_only,11,4,perf-policy_only-r011-20260818T054546Z,loan_to_aml,1,57,200,16.943600,
policy_only,11,4,perf-policy_only-r011-20260818T054546Z,loan_to_aml,1,58,200,17.977500,
policy_only,11,4,perf-policy_only-r011-20260818T054546Z,loan_to_aml,1,59,200,16.649700,
policy_only,11,4,perf-policy_only-r011-20260818T054546Z,loan_to_aml,1,60,200,17.579600,
policy_only,11,4,perf-policy_only-r011-20260818T054546Z,loan_to_aml,1,61,200,17.742800,
policy_only,11,4,perf-policy_only-r011-20260818T054546Z,loan_to_aml,1,62,200,16.554900,
policy_only,11,4,perf-policy_only-r011-20260818T054546Z,loan_to_aml,1,63,200,16.163100,
policy_only,11,4,perf-policy_only-r011-20260818T054546Z,loan_to_aml,1,64,200,16.844700,
policy_only,11,4,perf-policy_only-r011-20260818T054546Z,loan_to_aml,1,65,200,15.794400,
policy_only,11,4,perf-policy_only-r011-20260818T054546Z,loan_to_aml,1,66,200,16.072000,
policy_only,11,4,perf-policy_only-r011-20260818T054546Z,loan_to_aml,1,67,200,16.079500,
policy_only,11,4,perf-policy_only-r011-20260818T054546Z,loan_to_aml,1,68,200,16.847200,
policy_only,11,4,perf-policy_only-r011-20260818T054546Z,loan_to_aml,1,69,200,16.536800,
policy_only,11,4,perf-policy_only-r011-20260818T054546Z,loan_to_aml,1,70,200,19.397500,
policy_only,11,4,perf-policy_only-r011-20260818T054546Z,loan_to_aml,1,71,200,18.059500,
policy_only,11,4,perf-policy_only-r011-20260818T054546Z,loan_to_aml,1,72,200,17.395600,
policy_only,11,4,perf-policy_only-r011-20260818T054546Z,loan_to_aml,1,73,200,17.174900,
policy_only,11,4,perf-policy_only-r011-20260818T054546Z,loan_to_aml,1,74,200,18.042800,
policy_only,11,4,perf-policy_only-r011-20260818T054546Z,loan_to_aml,1,75,200,17.668900,
policy_only,11,4,perf-policy_only-r011-20260818T054546Z,loan_to_aml,1,76,200,18.651100,
policy_only,11,4,perf-policy_only-r011-20260818T054546Z,loan_to_aml,1,77,200,19.231100,
policy_only,11,4,perf-policy_only-r011-20260818T054546Z,loan_to_aml,1,78,200,18.490000,
policy_only,11,4,perf-policy_only-r011-20260818T054546Z,loan_to_aml,1,79,200,17.944200,
policy_only,11,4,perf-policy_only-r011-20260818T054546Z,loan_to_aml,1,80,200,17.470800,
policy_only,11,4,perf-policy_only-r011-20260818T054546Z,loan_to_aml,1,81,200,17.411800,
policy_only,11,4,perf-policy_only-r011-20260818T054546Z,loan_to_aml,1,82,200,18.482700,
policy_only,11,4,perf-policy_only-r011-20260818T054546Z,loan_to_aml,1,83,200,18.747100,
policy_only,11,4,perf-policy_only-r011-20260818T054546Z,loan_to_aml,1,84,200,17.723800,
policy_only,11,4,perf-policy_only-r011-20260818T054546Z,loan_to_aml,1,85,200,17.751500,
policy_only,11,4,perf-policy_only-r011-20260818T054546Z,loan_to_aml,1,86,200,17.808200,
policy_only,11,4,perf-policy_only-r011-20260818T054546Z,loan_to_aml,1,87,200,18.409400,
policy_only,11,4,perf-policy_only-r011-20260818T054546Z,loan_to_aml,1,88,200,18.458000,
policy_only,11,4,perf-policy_only-r011-20260818T054546Z,loan_to_aml,1,89,200,17.311800,
policy_only,11,4,perf-policy_only-r011-20260818T054546Z,loan_to_aml,1,90,200,16.984300,
policy_only,11,4,perf-policy_only-r011-20260818T054546Z,loan_to_aml,1,91,200,17.484100,
policy_only,11,4,perf-policy_only-r011-20260818T054546Z,loan_to_aml,1,92,200,17.173900,
policy_only,11,4,perf-policy_only-r011-20260818T054546Z,loan_to_aml,1,93,200,18.105800,
policy_only,11,4,perf-policy_only-r011-20260818T054546Z,loan_to_aml,1,94,200,16.949300,
policy_only,11,4,perf-policy_only-r011-20260818T054546Z,loan_to_aml,1,95,200,18.672800,
policy_only,11,4,perf-policy_only-r011-20260818T054546Z,loan_to_aml,1,96,200,17.383800,
policy_only,11,4,perf-policy_only-r011-20260818T054546Z,loan_to_aml,1,97,200,18.174100,
policy_only,11,4,perf-policy_only-r011-20260818T054546Z,loan_to_aml,1,98,200,18.335300,
policy_only,11,4,perf-policy_only-r011-20260818T054546Z,loan_to_aml,1,99,200,19.162100,
policy_only,11,4,perf-policy_only-r011-20260818T054546Z,loan_to_aml,1,100,200,18.568600,
policy_only,11,4,perf-policy_only-r011-20260818T054546Z,loan_to_aml,1,101,200,18.000800,
policy_only,11,4,perf-policy_only-r011-20260818T054546Z,loan_to_aml,1,102,200,18.758800,
policy_only,11,4,perf-policy_only-r011-20260818T054546Z,loan_to_aml,1,103,200,16.944000,
policy_only,11,4,perf-policy_only-r011-20260818T054546Z,loan_to_aml,1,104,200,16.775400,
policy_only,11,4,perf-policy_only-r011-20260818T054546Z,loan_to_aml,1,105,200,17.317200,
policy_only,11,4,perf-policy_only-r011-20260818T054546Z,loan_to_aml,1,106,200,18.037000,
policy_only,11,4,perf-policy_only-r011-20260818T054546Z,loan_to_aml,1,107,200,18.486900,
policy_only,11,4,perf-policy_only-r011-20260818T054546Z,loan_to_aml,1,108,200,18.638300,
policy_only,11,4,perf-policy_only-r011-20260818T054546Z,loan_to_aml,1,109,200,17.520400,
policy_only,11,4,perf-policy_only-r011-20260818T054546Z,loan_to_aml,1,110,200,17.207100,
policy_only,11,4,perf-policy_only-r011-20260818T054546Z,loan_to_aml,1,111,200,18.006500,
policy_only,11,4,perf-policy_only-r011-20260818T054546Z,loan_to_aml,1,112,200,18.886100,
policy_only,11,4,perf-policy_only-r011-20260818T054546Z,loan_to_aml,1,113,200,18.130200,
policy_only,11,4,perf-policy_only-r011-20260818T054546Z,loan_to_aml,1,114,200,17.881100,
policy_only,11,4,perf-policy_only-r011-20260818T054546Z,loan_to_aml,1,115,200,17.785600,
policy_only,11,4,perf-policy_only-r011-20260818T054546Z,loan_to_aml,1,116,200,20.034000,
policy_only,11,4,perf-policy_only-r011-20260818T054546Z,loan_to_aml,1,117,200,16.640700,
policy_only,11,4,perf-policy_only-r011-20260818T054546Z,loan_to_aml,1,118,200,17.006900,
policy_only,11,4,perf-policy_only-r011-20260818T054546Z,loan_to_aml,1,119,200,17.759900,
policy_only,11,4,perf-policy_only-r011-20260818T054546Z,loan_to_aml,1,120,200,17.569300,
policy_only,11,4,perf-policy_only-r011-20260818T054546Z,loan_to_aml,1,121,200,18.165800,
policy_only,11,4,perf-policy_only-r011-20260818T054546Z,loan_to_aml,1,122,200,17.517600,
policy_only,11,4,perf-policy_only-r011-20260818T054546Z,loan_to_aml,1,123,200,16.802800,
policy_only,11,4,perf-policy_only-r011-20260818T054546Z,loan_to_aml,1,124,200,16.720700,
policy_only,11,4,perf-policy_only-r011-20260818T054546Z,loan_to_aml,1,125,200,16.488200,
policy_only,11,4,perf-policy_only-r011-20260818T054546Z,loan_to_aml,1,126,200,18.636400,
policy_only,11,4,perf-policy_only-r011-20260818T054546Z,loan_to_aml,1,127,200,17.478000,
policy_only,11,4,perf-policy_only-r011-20260818T054546Z,loan_to_aml,1,128,200,17.976300,
policy_only,11,4,perf-policy_only-r011-20260818T054546Z,loan_to_aml,1,129,200,17.042500,
policy_only,11,4,perf-policy_only-r011-20260818T054546Z,loan_to_aml,1,130,200,17.526900,
policy_only,11,4,perf-policy_only-r011-20260818T054546Z,loan_to_aml,1,131,200,17.087200,
policy_only,11,4,perf-policy_only-r011-20260818T054546Z,loan_to_aml,1,132,200,17.596600,
policy_only,11,4,perf-policy_only-r011-20260818T054546Z,loan_to_aml,1,133,200,17.771300,
policy_only,11,4,perf-policy_only-r011-20260818T054546Z,loan_to_aml,1,134,200,16.503300,
policy_only,11,4,perf-policy_only-r011-20260818T054546Z,loan_to_aml,1,135,200,17.390200,
policy_only,11,4,perf-policy_only-r011-20260818T054546Z,loan_to_aml,1,136,200,18.146800,
policy_only,11,4,perf-policy_only-r011-20260818T054546Z,loan_to_aml,1,137,200,17.053800,
policy_only,11,4,perf-policy_only-r011-20260818T054546Z,loan_to_aml,1,138,200,19.187900,
policy_only,11,4,perf-policy_only-r011-20260818T054546Z,loan_to_aml,1,139,200,18.201300,
policy_only,11,4,perf-policy_only-r011-20260818T054546Z,loan_to_aml,1,140,200,18.694400,
policy_only,11,4,perf-policy_only-r011-20260818T054546Z,loan_to_aml,1,141,200,18.807300,
policy_only,11,4,perf-policy_only-r011-20260818T054546Z,loan_to_aml,1,142,200,18.614200,
policy_only,11,4,perf-policy_only-r011-20260818T054546Z,loan_to_aml,1,143,200,16.485000,
policy_only,11,4,perf-policy_only-r011-20260818T054546Z,loan_to_aml,1,144,200,17.138300,
policy_only,11,4,perf-policy_only-r011-20260818T054546Z,loan_to_aml,1,145,200,19.649600,
policy_only,11,4,perf-policy_only-r011-20260818T054546Z,loan_to_aml,1,146,200,18.350200,
policy_only,11,4,perf-policy_only-r011-20260818T054546Z,loan_to_aml,1,147,200,17.589600,
policy_only,11,4,perf-policy_only-r011-20260818T054546Z,loan_to_aml,1,148,200,17.787700,
policy_only,11,4,perf-policy_only-r011-20260818T054546Z,loan_to_aml,1,149,200,17.955600,
policy_only,11,4,perf-policy_only-r011-20260818T054546Z,loan_to_aml,1,150,200,18.900700,
policy_only,11,4,perf-policy_only-r011-20260818T054546Z,loan_to_aml,1,151,200,19.418400,
policy_only,11,4,perf-policy_only-r011-20260818T054546Z,loan_to_aml,1,152,200,17.685800,
policy_only,11,4,perf-policy_only-r011-20260818T054546Z,loan_to_aml,1,153,200,16.821300,
policy_only,11,4,perf-policy_only-r011-20260818T054546Z,loan_to_aml,1,154,200,18.143500,
policy_only,11,4,perf-policy_only-r011-20260818T054546Z,loan_to_aml,1,155,200,17.535300,
policy_only,11,4,perf-policy_only-r011-20260818T054546Z,loan_to_aml,1,156,200,16.865100,
policy_only,11,4,perf-policy_only-r011-20260818T054546Z,loan_to_aml,1,157,200,16.724800,
policy_only,11,4,perf-policy_only-r011-20260818T054546Z,loan_to_aml,1,158,200,17.292900,
policy_only,11,4,perf-policy_only-r011-20260818T054546Z,loan_to_aml,1,159,200,16.890200,
policy_only,11,4,perf-policy_only-r011-20260818T054546Z,loan_to_aml,1,160,200,16.910600,
policy_only,11,4,perf-policy_only-r011-20260818T054546Z,loan_to_aml,1,161,200,16.672400,
policy_only,11,4,perf-policy_only-r011-20260818T054546Z,loan_to_aml,1,162,200,17.322500,
policy_only,11,4,perf-policy_only-r011-20260818T054546Z,loan_to_aml,1,163,200,15.762500,
policy_only,11,4,perf-policy_only-r011-20260818T054546Z,loan_to_aml,1,164,200,16.591300,
policy_only,11,4,perf-policy_only-r011-20260818T054546Z,loan_to_aml,1,165,200,17.714500,
policy_only,11,4,perf-policy_only-r011-20260818T054546Z,loan_to_aml,1,166,200,16.983100,
policy_only,11,4,perf-policy_only-r011-20260818T054546Z,loan_to_aml,1,167,200,16.801400,
policy_only,11,4,perf-policy_only-r011-20260818T054546Z,loan_to_aml,1,168,200,15.714700,
policy_only,11,4,perf-policy_only-r011-20260818T054546Z,loan_to_aml,1,169,200,16.469600,
policy_only,11,4,perf-policy_only-r011-20260818T054546Z,loan_to_aml,1,170,200,17.265300,
policy_only,11,4,perf-policy_only-r011-20260818T054546Z,loan_to_aml,1,171,200,18.721000,
policy_only,11,4,perf-policy_only-r011-20260818T054546Z,loan_to_aml,1,172,200,17.330200,
policy_only,11,4,perf-policy_only-r011-20260818T054546Z,loan_to_aml,1,173,200,17.341600,
policy_only,11,4,perf-policy_only-r011-20260818T054546Z,loan_to_aml,1,174,200,20.784600,
policy_only,11,4,perf-policy_only-r011-20260818T054546Z,loan_to_aml,1,175,200,19.321000,
policy_only,11,4,perf-policy_only-r011-20260818T054546Z,loan_to_aml,1,176,200,19.638800,
policy_only,11,4,perf-policy_only-r011-20260818T054546Z,loan_to_aml,1,177,200,20.080800,
policy_only,11,4,perf-policy_only-r011-20260818T054546Z,loan_to_aml,1,178,200,18.994900,
policy_only,11,4,perf-policy_only-r011-20260818T054546Z,loan_to_aml,1,179,200,20.082100,
policy_only,11,4,perf-policy_only-r011-20260818T054546Z,loan_to_aml,1,180,200,22.795400,
policy_only,11,4,perf-policy_only-r011-20260818T054546Z,loan_to_aml,1,181,200,19.072400,
policy_only,11,4,perf-policy_only-r011-20260818T054546Z,loan_to_aml,1,182,200,19.695100,
policy_only,11,4,perf-policy_only-r011-20260818T054546Z,loan_to_aml,1,183,200,18.977900,
policy_only,11,4,perf-policy_only-r011-20260818T054546Z,loan_to_aml,1,184,200,18.720100,
policy_only,11,4,perf-policy_only-r011-20260818T054546Z,loan_to_aml,1,185,200,17.085700,
policy_only,11,4,perf-policy_only-r011-20260818T054546Z,loan_to_aml,1,186,200,17.707700,
policy_only,11,4,perf-policy_only-r011-20260818T054546Z,loan_to_aml,1,187,200,17.190800,
policy_only,11,4,perf-policy_only-r011-20260818T054546Z,loan_to_aml,1,188,200,17.812700,
policy_only,11,4,perf-policy_only-r011-20260818T054546Z,loan_to_aml,1,189,200,16.761900,
policy_only,11,4,perf-policy_only-r011-20260818T054546Z,loan_to_aml,1,190,200,16.952100,
policy_only,11,4,perf-policy_only-r011-20260818T054546Z,loan_to_aml,1,191,200,16.344400,
policy_only,11,4,perf-policy_only-r011-20260818T054546Z,loan_to_aml,1,192,200,16.749300,
policy_only,11,4,perf-policy_only-r011-20260818T054546Z,loan_to_aml,1,193,200,17.151500,
policy_only,11,4,perf-policy_only-r011-20260818T054546Z,loan_to_aml,1,194,200,17.259700,
policy_only,11,4,perf-policy_only-r011-20260818T054546Z,loan_to_aml,1,195,200,17.972200,
policy_only,11,4,perf-policy_only-r011-20260818T054546Z,loan_to_aml,1,196,200,17.052900,
policy_only,11,4,perf-policy_only-r011-20260818T054546Z,loan_to_aml,1,197,200,17.970300,
policy_only,11,4,perf-policy_only-r011-20260818T054546Z,loan_to_aml,1,198,200,17.590600,
policy_only,11,4,perf-policy_only-r011-20260818T054546Z,loan_to_aml,1,199,200,17.729700,
policy_only,11,4,perf-policy_only-r011-20260818T054546Z,loan_to_aml,1,200,200,18.050100,
policy_only,11,4,perf-policy_only-r011-20260818T054546Z,loan_to_aml,2,1,200,16.580500,
policy_only,11,4,perf-policy_only-r011-20260818T054546Z,loan_to_aml,2,2,200,16.529900,
policy_only,11,4,perf-policy_only-r011-20260818T054546Z,loan_to_aml,2,3,200,17.500800,
policy_only,11,4,perf-policy_only-r011-20260818T054546Z,loan_to_aml,2,4,200,16.552700,
policy_only,11,4,perf-policy_only-r011-20260818T054546Z,loan_to_aml,2,5,200,17.067400,
policy_only,11,4,perf-policy_only-r011-20260818T054546Z,loan_to_aml,2,6,200,17.050300,
policy_only,11,4,perf-policy_only-r011-20260818T054546Z,loan_to_aml,2,7,200,17.026400,
policy_only,11,4,perf-policy_only-r011-20260818T054546Z,loan_to_aml,2,8,200,17.741400,
policy_only,11,4,perf-policy_only-r011-20260818T054546Z,loan_to_aml,2,9,200,16.969300,
policy_only,11,4,perf-policy_only-r011-20260818T054546Z,loan_to_aml,2,10,200,17.077300,
policy_only,11,4,perf-policy_only-r011-20260818T054546Z,loan_to_aml,2,11,200,19.493400,
policy_only,11,4,perf-policy_only-r011-20260818T054546Z,loan_to_aml,2,12,200,16.139000,
policy_only,11,4,perf-policy_only-r011-20260818T054546Z,loan_to_aml,2,13,200,16.856700,
policy_only,11,4,perf-policy_only-r011-20260818T054546Z,loan_to_aml,2,14,200,16.128300,
policy_only,11,4,perf-policy_only-r011-20260818T054546Z,loan_to_aml,2,15,200,15.764700,
policy_only,11,4,perf-policy_only-r011-20260818T054546Z,loan_to_aml,2,16,200,17.397300,
policy_only,11,4,perf-policy_only-r011-20260818T054546Z,loan_to_aml,2,17,200,16.620600,
policy_only,11,4,perf-policy_only-r011-20260818T054546Z,loan_to_aml,2,18,200,16.049700,
policy_only,11,4,perf-policy_only-r011-20260818T054546Z,loan_to_aml,2,19,200,17.933500,
policy_only,11,4,perf-policy_only-r011-20260818T054546Z,loan_to_aml,2,20,200,17.114300,
policy_only,11,4,perf-policy_only-r011-20260818T054546Z,loan_to_aml,2,21,200,17.926700,
policy_only,11,4,perf-policy_only-r011-20260818T054546Z,loan_to_aml,2,22,200,18.150900,
policy_only,11,4,perf-policy_only-r011-20260818T054546Z,loan_to_aml,2,23,200,16.702700,
policy_only,11,4,perf-policy_only-r011-20260818T054546Z,loan_to_aml,2,24,200,16.843500,
policy_only,11,4,perf-policy_only-r011-20260818T054546Z,loan_to_aml,2,25,200,17.259800,
policy_only,11,4,perf-policy_only-r011-20260818T054546Z,loan_to_aml,2,26,200,17.025700,
policy_only,11,4,perf-policy_only-r011-20260818T054546Z,loan_to_aml,2,27,200,17.357900,
policy_only,11,4,perf-policy_only-r011-20260818T054546Z,loan_to_aml,2,28,200,16.936400,
policy_only,11,4,perf-policy_only-r011-20260818T054546Z,loan_to_aml,2,29,200,16.782100,
policy_only,11,4,perf-policy_only-r011-20260818T054546Z,loan_to_aml,2,30,200,19.621600,
policy_only,11,4,perf-policy_only-r011-20260818T054546Z,loan_to_aml,2,31,200,26.752500,
policy_only,11,4,perf-policy_only-r011-20260818T054546Z,loan_to_aml,2,32,200,19.674600,
policy_only,11,4,perf-policy_only-r011-20260818T054546Z,loan_to_aml,2,33,200,18.901700,
policy_only,11,4,perf-policy_only-r011-20260818T054546Z,loan_to_aml,2,34,200,18.156500,
policy_only,11,4,perf-policy_only-r011-20260818T054546Z,loan_to_aml,2,35,200,16.289900,
policy_only,11,4,perf-policy_only-r011-20260818T054546Z,loan_to_aml,2,36,200,16.165500,
policy_only,11,4,perf-policy_only-r011-20260818T054546Z,loan_to_aml,2,37,200,17.020100,
policy_only,11,4,perf-policy_only-r011-20260818T054546Z,loan_to_aml,2,38,200,17.854100,
policy_only,11,4,perf-policy_only-r011-20260818T054546Z,loan_to_aml,2,39,200,16.654800,
policy_only,11,4,perf-policy_only-r011-20260818T054546Z,loan_to_aml,2,40,200,16.759100,
policy_only,11,4,perf-policy_only-r011-20260818T054546Z,loan_to_aml,2,41,200,16.480200,
policy_only,11,4,perf-policy_only-r011-20260818T054546Z,loan_to_aml,2,42,200,15.973900,
policy_only,11,4,perf-policy_only-r011-20260818T054546Z,loan_to_aml,2,43,200,15.622300,
policy_only,11,4,perf-policy_only-r011-20260818T054546Z,loan_to_aml,2,44,200,18.359800,
policy_only,11,4,perf-policy_only-r011-20260818T054546Z,loan_to_aml,2,45,200,16.584900,
policy_only,11,4,perf-policy_only-r011-20260818T054546Z,loan_to_aml,2,46,200,17.206500,
policy_only,11,4,perf-policy_only-r011-20260818T054546Z,loan_to_aml,2,47,200,15.732500,
policy_only,11,4,perf-policy_only-r011-20260818T054546Z,loan_to_aml,2,48,200,16.120100,
policy_only,11,4,perf-policy_only-r011-20260818T054546Z,loan_to_aml,2,49,200,16.073600,
policy_only,11,4,perf-policy_only-r011-20260818T054546Z,loan_to_aml,2,50,200,15.799400,
policy_only,11,4,perf-policy_only-r011-20260818T054546Z,loan_to_aml,2,51,200,16.174400,
policy_only,11,4,perf-policy_only-r011-20260818T054546Z,loan_to_aml,2,52,200,15.626200,
policy_only,11,4,perf-policy_only-r011-20260818T054546Z,loan_to_aml,2,53,200,15.327900,
policy_only,11,4,perf-policy_only-r011-20260818T054546Z,loan_to_aml,2,54,200,16.312100,
policy_only,11,4,perf-policy_only-r011-20260818T054546Z,loan_to_aml,2,55,200,16.300000,
policy_only,11,4,perf-policy_only-r011-20260818T054546Z,loan_to_aml,2,56,200,16.628200,
policy_only,11,4,perf-policy_only-r011-20260818T054546Z,loan_to_aml,2,57,200,15.747800,
policy_only,11,4,perf-policy_only-r011-20260818T054546Z,loan_to_aml,2,58,200,17.560800,
policy_only,11,4,perf-policy_only-r011-20260818T054546Z,loan_to_aml,2,59,200,16.450300,
policy_only,11,4,perf-policy_only-r011-20260818T054546Z,loan_to_aml,2,60,200,16.849600,
policy_only,11,4,perf-policy_only-r011-20260818T054546Z,loan_to_aml,2,61,200,16.140600,
policy_only,11,4,perf-policy_only-r011-20260818T054546Z,loan_to_aml,2,62,200,16.886800,
policy_only,11,4,perf-policy_only-r011-20260818T054546Z,loan_to_aml,2,63,200,22.596900,
policy_only,11,4,perf-policy_only-r011-20260818T054546Z,loan_to_aml,2,64,200,20.816600,
policy_only,11,4,perf-policy_only-r011-20260818T054546Z,loan_to_aml,2,65,200,17.039200,
policy_only,11,4,perf-policy_only-r011-20260818T054546Z,loan_to_aml,2,66,200,18.245200,
policy_only,11,4,perf-policy_only-r011-20260818T054546Z,loan_to_aml,2,67,200,16.754000,
policy_only,11,4,perf-policy_only-r011-20260818T054546Z,loan_to_aml,2,68,200,16.246400,
policy_only,11,4,perf-policy_only-r011-20260818T054546Z,loan_to_aml,2,69,200,16.418700,
policy_only,11,4,perf-policy_only-r011-20260818T054546Z,loan_to_aml,2,70,200,16.312700,
policy_only,11,4,perf-policy_only-r011-20260818T054546Z,loan_to_aml,2,71,200,17.360200,
policy_only,11,4,perf-policy_only-r011-20260818T054546Z,loan_to_aml,2,72,200,16.619100,
policy_only,11,4,perf-policy_only-r011-20260818T054546Z,loan_to_aml,2,73,200,16.813300,
policy_only,11,4,perf-policy_only-r011-20260818T054546Z,loan_to_aml,2,74,200,17.866900,
policy_only,11,4,perf-policy_only-r011-20260818T054546Z,loan_to_aml,2,75,200,15.760500,
policy_only,11,4,perf-policy_only-r011-20260818T054546Z,loan_to_aml,2,76,200,15.891600,
policy_only,11,4,perf-policy_only-r011-20260818T054546Z,loan_to_aml,2,77,200,16.003100,
policy_only,11,4,perf-policy_only-r011-20260818T054546Z,loan_to_aml,2,78,200,16.266000,
policy_only,11,4,perf-policy_only-r011-20260818T054546Z,loan_to_aml,2,79,200,16.930600,
policy_only,11,4,perf-policy_only-r011-20260818T054546Z,loan_to_aml,2,80,200,17.111300,
policy_only,11,4,perf-policy_only-r011-20260818T054546Z,loan_to_aml,2,81,200,16.719600,
policy_only,11,4,perf-policy_only-r011-20260818T054546Z,loan_to_aml,2,82,200,16.116800,
policy_only,11,4,perf-policy_only-r011-20260818T054546Z,loan_to_aml,2,83,200,17.167400,
policy_only,11,4,perf-policy_only-r011-20260818T054546Z,loan_to_aml,2,84,200,17.170800,
policy_only,11,4,perf-policy_only-r011-20260818T054546Z,loan_to_aml,2,85,200,16.630400,
policy_only,11,4,perf-policy_only-r011-20260818T054546Z,loan_to_aml,2,86,200,16.699300,
policy_only,11,4,perf-policy_only-r011-20260818T054546Z,loan_to_aml,2,87,200,15.948500,
policy_only,11,4,perf-policy_only-r011-20260818T054546Z,loan_to_aml,2,88,200,17.083900,
policy_only,11,4,perf-policy_only-r011-20260818T054546Z,loan_to_aml,2,89,200,17.522000,
policy_only,11,4,perf-policy_only-r011-20260818T054546Z,loan_to_aml,2,90,200,18.661500,
policy_only,11,4,perf-policy_only-r011-20260818T054546Z,loan_to_aml,2,91,200,16.905900,
policy_only,11,4,perf-policy_only-r011-20260818T054546Z,loan_to_aml,2,92,200,17.664400,
policy_only,11,4,perf-policy_only-r011-20260818T054546Z,loan_to_aml,2,93,200,17.655700,
policy_only,11,4,perf-policy_only-r011-20260818T054546Z,loan_to_aml,2,94,200,20.159400,
policy_only,11,4,perf-policy_only-r011-20260818T054546Z,loan_to_aml,2,95,200,16.378200,
policy_only,11,4,perf-policy_only-r011-20260818T054546Z,loan_to_aml,2,96,200,17.109700,
policy_only,11,4,perf-policy_only-r011-20260818T054546Z,loan_to_aml,2,97,200,16.762300,
policy_only,11,4,perf-policy_only-r011-20260818T054546Z,loan_to_aml,2,98,200,20.183800,
policy_only,11,4,perf-policy_only-r011-20260818T054546Z,loan_to_aml,2,99,200,19.117600,
policy_only,11,4,perf-policy_only-r011-20260818T054546Z,loan_to_aml,2,100,200,18.309100,
policy_only,11,4,perf-policy_only-r011-20260818T054546Z,loan_to_aml,2,101,200,17.816500,
policy_only,11,4,perf-policy_only-r011-20260818T054546Z,loan_to_aml,2,102,200,16.650500,
policy_only,11,4,perf-policy_only-r011-20260818T054546Z,loan_to_aml,2,103,200,16.519500,
policy_only,11,4,perf-policy_only-r011-20260818T054546Z,loan_to_aml,2,104,200,17.623600,
policy_only,11,4,perf-policy_only-r011-20260818T054546Z,loan_to_aml,2,105,200,15.801400,
policy_only,11,4,perf-policy_only-r011-20260818T054546Z,loan_to_aml,2,106,200,16.081200,
policy_only,11,4,perf-policy_only-r011-20260818T054546Z,loan_to_aml,2,107,200,16.463100,
policy_only,11,4,perf-policy_only-r011-20260818T054546Z,loan_to_aml,2,108,200,16.107500,
policy_only,11,4,perf-policy_only-r011-20260818T054546Z,loan_to_aml,2,109,200,16.502400,
policy_only,11,4,perf-policy_only-r011-20260818T054546Z,loan_to_aml,2,110,200,15.378500,
policy_only,11,4,perf-policy_only-r011-20260818T054546Z,loan_to_aml,2,111,200,16.082400,
policy_only,11,4,perf-policy_only-r011-20260818T054546Z,loan_to_aml,2,112,200,15.820000,
policy_only,11,4,perf-policy_only-r011-20260818T054546Z,loan_to_aml,2,113,200,16.270800,
policy_only,11,4,perf-policy_only-r011-20260818T054546Z,loan_to_aml,2,114,200,16.710100,
policy_only,11,4,perf-policy_only-r011-20260818T054546Z,loan_to_aml,2,115,200,16.317800,
policy_only,11,4,perf-policy_only-r011-20260818T054546Z,loan_to_aml,2,116,200,16.505900,
policy_only,11,4,perf-policy_only-r011-20260818T054546Z,loan_to_aml,2,117,200,16.207900,
policy_only,11,4,perf-policy_only-r011-20260818T054546Z,loan_to_aml,2,118,200,15.942600,
policy_only,11,4,perf-policy_only-r011-20260818T054546Z,loan_to_aml,2,119,200,17.350900,
policy_only,11,4,perf-policy_only-r011-20260818T054546Z,loan_to_aml,2,120,200,16.655800,
policy_only,11,4,perf-policy_only-r011-20260818T054546Z,loan_to_aml,2,121,200,17.146500,
policy_only,11,4,perf-policy_only-r011-20260818T054546Z,loan_to_aml,2,122,200,18.652200,
policy_only,11,4,perf-policy_only-r011-20260818T054546Z,loan_to_aml,2,123,200,16.494200,
policy_only,11,4,perf-policy_only-r011-20260818T054546Z,loan_to_aml,2,124,200,16.863900,
policy_only,11,4,perf-policy_only-r011-20260818T054546Z,loan_to_aml,2,125,200,16.861500,
policy_only,11,4,perf-policy_only-r011-20260818T054546Z,loan_to_aml,2,126,200,15.837600,
policy_only,11,4,perf-policy_only-r011-20260818T054546Z,loan_to_aml,2,127,200,16.202500,
policy_only,11,4,perf-policy_only-r011-20260818T054546Z,loan_to_aml,2,128,200,16.887400,
policy_only,11,4,perf-policy_only-r011-20260818T054546Z,loan_to_aml,2,129,200,16.701500,
policy_only,11,4,perf-policy_only-r011-20260818T054546Z,loan_to_aml,2,130,200,16.920100,
policy_only,11,4,perf-policy_only-r011-20260818T054546Z,loan_to_aml,2,131,200,15.785700,
policy_only,11,4,perf-policy_only-r011-20260818T054546Z,loan_to_aml,2,132,200,16.822200,
policy_only,11,4,perf-policy_only-r011-20260818T054546Z,loan_to_aml,2,133,200,15.937400,
policy_only,11,4,perf-policy_only-r011-20260818T054546Z,loan_to_aml,2,134,200,16.935800,
policy_only,11,4,perf-policy_only-r011-20260818T054546Z,loan_to_aml,2,135,200,16.544500,
policy_only,11,4,perf-policy_only-r011-20260818T054546Z,loan_to_aml,2,136,200,16.293700,
policy_only,11,4,perf-policy_only-r011-20260818T054546Z,loan_to_aml,2,137,200,16.505100,
policy_only,11,4,perf-policy_only-r011-20260818T054546Z,loan_to_aml,2,138,200,16.472000,
policy_only,11,4,perf-policy_only-r011-20260818T054546Z,loan_to_aml,2,139,200,16.825900,
policy_only,11,4,perf-policy_only-r011-20260818T054546Z,loan_to_aml,2,140,200,16.886200,
policy_only,11,4,perf-policy_only-r011-20260818T054546Z,loan_to_aml,2,141,200,15.983300,
policy_only,11,4,perf-policy_only-r011-20260818T054546Z,loan_to_aml,2,142,200,16.916900,
policy_only,11,4,perf-policy_only-r011-20260818T054546Z,loan_to_aml,2,143,200,17.334000,
policy_only,11,4,perf-policy_only-r011-20260818T054546Z,loan_to_aml,2,144,200,16.597800,
policy_only,11,4,perf-policy_only-r011-20260818T054546Z,loan_to_aml,2,145,200,18.189900,
policy_only,11,4,perf-policy_only-r011-20260818T054546Z,loan_to_aml,2,146,200,17.563300,
policy_only,11,4,perf-policy_only-r011-20260818T054546Z,loan_to_aml,2,147,200,17.644200,
policy_only,11,4,perf-policy_only-r011-20260818T054546Z,loan_to_aml,2,148,200,17.113200,
policy_only,11,4,perf-policy_only-r011-20260818T054546Z,loan_to_aml,2,149,200,17.549500,
policy_only,11,4,perf-policy_only-r011-20260818T054546Z,loan_to_aml,2,150,200,17.204400,
policy_only,11,4,perf-policy_only-r011-20260818T054546Z,loan_to_aml,2,151,200,17.081000,
policy_only,11,4,perf-policy_only-r011-20260818T054546Z,loan_to_aml,2,152,200,16.805600,
policy_only,11,4,perf-policy_only-r011-20260818T054546Z,loan_to_aml,2,153,200,17.172500,
policy_only,11,4,perf-policy_only-r011-20260818T054546Z,loan_to_aml,2,154,200,16.499100,
policy_only,11,4,perf-policy_only-r011-20260818T054546Z,loan_to_aml,2,155,200,16.484400,
policy_only,11,4,perf-policy_only-r011-20260818T054546Z,loan_to_aml,2,156,200,16.957500,
policy_only,11,4,perf-policy_only-r011-20260818T054546Z,loan_to_aml,2,157,200,16.888700,
policy_only,11,4,perf-policy_only-r011-20260818T054546Z,loan_to_aml,2,158,200,16.635600,
policy_only,11,4,perf-policy_only-r011-20260818T054546Z,loan_to_aml,2,159,200,17.609200,
policy_only,11,4,perf-policy_only-r011-20260818T054546Z,loan_to_aml,2,160,200,16.763100,
policy_only,11,4,perf-policy_only-r011-20260818T054546Z,loan_to_aml,2,161,200,16.889700,
policy_only,11,4,perf-policy_only-r011-20260818T054546Z,loan_to_aml,2,162,200,18.517300,
policy_only,11,4,perf-policy_only-r011-20260818T054546Z,loan_to_aml,2,163,200,21.891400,
policy_only,11,4,perf-policy_only-r011-20260818T054546Z,loan_to_aml,2,164,200,17.754100,
policy_only,11,4,perf-policy_only-r011-20260818T054546Z,loan_to_aml,2,165,200,17.913300,
policy_only,11,4,perf-policy_only-r011-20260818T054546Z,loan_to_aml,2,166,200,18.320100,
policy_only,11,4,perf-policy_only-r011-20260818T054546Z,loan_to_aml,2,167,200,17.624900,
policy_only,11,4,perf-policy_only-r011-20260818T054546Z,loan_to_aml,2,168,200,18.067500,
policy_only,11,4,perf-policy_only-r011-20260818T054546Z,loan_to_aml,2,169,200,16.976400,
policy_only,11,4,perf-policy_only-r011-20260818T054546Z,loan_to_aml,2,170,200,19.243200,
policy_only,11,4,perf-policy_only-r011-20260818T054546Z,loan_to_aml,2,171,200,18.370900,
policy_only,11,4,perf-policy_only-r011-20260818T054546Z,loan_to_aml,2,172,200,19.600900,
policy_only,11,4,perf-policy_only-r011-20260818T054546Z,loan_to_aml,2,173,200,20.527100,
policy_only,11,4,perf-policy_only-r011-20260818T054546Z,loan_to_aml,2,174,200,20.407800,
policy_only,11,4,perf-policy_only-r011-20260818T054546Z,loan_to_aml,2,175,200,18.116300,
policy_only,11,4,perf-policy_only-r011-20260818T054546Z,loan_to_aml,2,176,200,19.116000,
policy_only,11,4,perf-policy_only-r011-20260818T054546Z,loan_to_aml,2,177,200,18.642900,
policy_only,11,4,perf-policy_only-r011-20260818T054546Z,loan_to_aml,2,178,200,17.934000,
policy_only,11,4,perf-policy_only-r011-20260818T054546Z,loan_to_aml,2,179,200,18.636000,
policy_only,11,4,perf-policy_only-r011-20260818T054546Z,loan_to_aml,2,180,200,19.079100,
policy_only,11,4,perf-policy_only-r011-20260818T054546Z,loan_to_aml,2,181,200,18.614600,
policy_only,11,4,perf-policy_only-r011-20260818T054546Z,loan_to_aml,2,182,200,18.220400,
policy_only,11,4,perf-policy_only-r011-20260818T054546Z,loan_to_aml,2,183,200,17.783400,
policy_only,11,4,perf-policy_only-r011-20260818T054546Z,loan_to_aml,2,184,200,17.004200,
policy_only,11,4,perf-policy_only-r011-20260818T054546Z,loan_to_aml,2,185,200,15.843100,
policy_only,11,4,perf-policy_only-r011-20260818T054546Z,loan_to_aml,2,186,200,16.122000,
policy_only,11,4,perf-policy_only-r011-20260818T054546Z,loan_to_aml,2,187,200,17.234500,
policy_only,11,4,perf-policy_only-r011-20260818T054546Z,loan_to_aml,2,188,200,16.847900,
policy_only,11,4,perf-policy_only-r011-20260818T054546Z,loan_to_aml,2,189,200,17.347500,
policy_only,11,4,perf-policy_only-r011-20260818T054546Z,loan_to_aml,2,190,200,17.567000,
policy_only,11,4,perf-policy_only-r011-20260818T054546Z,loan_to_aml,2,191,200,17.132400,
policy_only,11,4,perf-policy_only-r011-20260818T054546Z,loan_to_aml,2,192,200,15.704900,
policy_only,11,4,perf-policy_only-r011-20260818T054546Z,loan_to_aml,2,193,200,17.025300,
policy_only,11,4,perf-policy_only-r011-20260818T054546Z,loan_to_aml,2,194,200,16.212700,
policy_only,11,4,perf-policy_only-r011-20260818T054546Z,loan_to_aml,2,195,200,18.294400,
policy_only,11,4,perf-policy_only-r011-20260818T054546Z,loan_to_aml,2,196,200,17.194500,
policy_only,11,4,perf-policy_only-r011-20260818T054546Z,loan_to_aml,2,197,200,16.186300,
policy_only,11,4,perf-policy_only-r011-20260818T054546Z,loan_to_aml,2,198,200,16.815600,
policy_only,11,4,perf-policy_only-r011-20260818T054546Z,loan_to_aml,2,199,200,16.011800,
policy_only,11,4,perf-policy_only-r011-20260818T054546Z,loan_to_aml,2,200,200,16.058200,
policy_only,11,4,perf-policy_only-r011-20260818T054546Z,loan_to_aml,3,1,200,17.304500,
policy_only,11,4,perf-policy_only-r011-20260818T054546Z,loan_to_aml,3,2,200,16.777300,
policy_only,11,4,perf-policy_only-r011-20260818T054546Z,loan_to_aml,3,3,200,17.464100,
policy_only,11,4,perf-policy_only-r011-20260818T054546Z,loan_to_aml,3,4,200,16.436200,
policy_only,11,4,perf-policy_only-r011-20260818T054546Z,loan_to_aml,3,5,200,17.136500,
policy_only,11,4,perf-policy_only-r011-20260818T054546Z,loan_to_aml,3,6,200,18.472900,
policy_only,11,4,perf-policy_only-r011-20260818T054546Z,loan_to_aml,3,7,200,16.193200,
policy_only,11,4,perf-policy_only-r011-20260818T054546Z,loan_to_aml,3,8,200,16.777900,
policy_only,11,4,perf-policy_only-r011-20260818T054546Z,loan_to_aml,3,9,200,17.464800,
policy_only,11,4,perf-policy_only-r011-20260818T054546Z,loan_to_aml,3,10,200,17.862700,
policy_only,11,4,perf-policy_only-r011-20260818T054546Z,loan_to_aml,3,11,200,16.904200,
policy_only,11,4,perf-policy_only-r011-20260818T054546Z,loan_to_aml,3,12,200,16.917700,
policy_only,11,4,perf-policy_only-r011-20260818T054546Z,loan_to_aml,3,13,200,17.237600,
policy_only,11,4,perf-policy_only-r011-20260818T054546Z,loan_to_aml,3,14,200,17.236900,
policy_only,11,4,perf-policy_only-r011-20260818T054546Z,loan_to_aml,3,15,200,16.528900,
policy_only,11,4,perf-policy_only-r011-20260818T054546Z,loan_to_aml,3,16,200,17.056100,
policy_only,11,4,perf-policy_only-r011-20260818T054546Z,loan_to_aml,3,17,200,16.709500,
policy_only,11,4,perf-policy_only-r011-20260818T054546Z,loan_to_aml,3,18,200,19.230700,
policy_only,11,4,perf-policy_only-r011-20260818T054546Z,loan_to_aml,3,19,200,20.538200,
policy_only,11,4,perf-policy_only-r011-20260818T054546Z,loan_to_aml,3,20,200,17.749400,
policy_only,11,4,perf-policy_only-r011-20260818T054546Z,loan_to_aml,3,21,200,16.714300,
policy_only,11,4,perf-policy_only-r011-20260818T054546Z,loan_to_aml,3,22,200,15.882200,
policy_only,11,4,perf-policy_only-r011-20260818T054546Z,loan_to_aml,3,23,200,16.941100,
policy_only,11,4,perf-policy_only-r011-20260818T054546Z,loan_to_aml,3,24,200,17.318400,
policy_only,11,4,perf-policy_only-r011-20260818T054546Z,loan_to_aml,3,25,200,18.145100,
policy_only,11,4,perf-policy_only-r011-20260818T054546Z,loan_to_aml,3,26,200,17.948700,
policy_only,11,4,perf-policy_only-r011-20260818T054546Z,loan_to_aml,3,27,200,18.349600,
policy_only,11,4,perf-policy_only-r011-20260818T054546Z,loan_to_aml,3,28,200,17.795000,
policy_only,11,4,perf-policy_only-r011-20260818T054546Z,loan_to_aml,3,29,200,18.031400,
policy_only,11,4,perf-policy_only-r011-20260818T054546Z,loan_to_aml,3,30,200,17.358800,
policy_only,11,4,perf-policy_only-r011-20260818T054546Z,loan_to_aml,3,31,200,16.863400,
policy_only,11,4,perf-policy_only-r011-20260818T054546Z,loan_to_aml,3,32,200,17.049600,
policy_only,11,4,perf-policy_only-r011-20260818T054546Z,loan_to_aml,3,33,200,17.134100,
policy_only,11,4,perf-policy_only-r011-20260818T054546Z,loan_to_aml,3,34,200,17.458400,
policy_only,11,4,perf-policy_only-r011-20260818T054546Z,loan_to_aml,3,35,200,17.478100,
policy_only,11,4,perf-policy_only-r011-20260818T054546Z,loan_to_aml,3,36,200,17.052700,
policy_only,11,4,perf-policy_only-r011-20260818T054546Z,loan_to_aml,3,37,200,17.879900,
policy_only,11,4,perf-policy_only-r011-20260818T054546Z,loan_to_aml,3,38,200,21.162900,
policy_only,11,4,perf-policy_only-r011-20260818T054546Z,loan_to_aml,3,39,200,18.193900,
policy_only,11,4,perf-policy_only-r011-20260818T054546Z,loan_to_aml,3,40,200,18.034900,
policy_only,11,4,perf-policy_only-r011-20260818T054546Z,loan_to_aml,3,41,200,16.357400,
policy_only,11,4,perf-policy_only-r011-20260818T054546Z,loan_to_aml,3,42,200,17.020800,
policy_only,11,4,perf-policy_only-r011-20260818T054546Z,loan_to_aml,3,43,200,17.890400,
policy_only,11,4,perf-policy_only-r011-20260818T054546Z,loan_to_aml,3,44,200,18.698200,
policy_only,11,4,perf-policy_only-r011-20260818T054546Z,loan_to_aml,3,45,200,19.886100,
policy_only,11,4,perf-policy_only-r011-20260818T054546Z,loan_to_aml,3,46,200,17.484800,
policy_only,11,4,perf-policy_only-r011-20260818T054546Z,loan_to_aml,3,47,200,18.198300,
policy_only,11,4,perf-policy_only-r011-20260818T054546Z,loan_to_aml,3,48,200,18.169700,
policy_only,11,4,perf-policy_only-r011-20260818T054546Z,loan_to_aml,3,49,200,17.973900,
policy_only,11,4,perf-policy_only-r011-20260818T054546Z,loan_to_aml,3,50,200,17.800600,
policy_only,11,4,perf-policy_only-r011-20260818T054546Z,loan_to_aml,3,51,200,18.080200,
policy_only,11,4,perf-policy_only-r011-20260818T054546Z,loan_to_aml,3,52,200,16.578600,
policy_only,11,4,perf-policy_only-r011-20260818T054546Z,loan_to_aml,3,53,200,17.018100,
policy_only,11,4,perf-policy_only-r011-20260818T054546Z,loan_to_aml,3,54,200,18.355200,
policy_only,11,4,perf-policy_only-r011-20260818T054546Z,loan_to_aml,3,55,200,18.214200,
policy_only,11,4,perf-policy_only-r011-20260818T054546Z,loan_to_aml,3,56,200,17.739800,
policy_only,11,4,perf-policy_only-r011-20260818T054546Z,loan_to_aml,3,57,200,18.075100,
policy_only,11,4,perf-policy_only-r011-20260818T054546Z,loan_to_aml,3,58,200,18.028500,
policy_only,11,4,perf-policy_only-r011-20260818T054546Z,loan_to_aml,3,59,200,17.843000,
policy_only,11,4,perf-policy_only-r011-20260818T054546Z,loan_to_aml,3,60,200,18.034300,
policy_only,11,4,perf-policy_only-r011-20260818T054546Z,loan_to_aml,3,61,200,17.754600,
policy_only,11,4,perf-policy_only-r011-20260818T054546Z,loan_to_aml,3,62,200,19.591400,
policy_only,11,4,perf-policy_only-r011-20260818T054546Z,loan_to_aml,3,63,200,18.843600,
policy_only,11,4,perf-policy_only-r011-20260818T054546Z,loan_to_aml,3,64,200,17.394500,
policy_only,11,4,perf-policy_only-r011-20260818T054546Z,loan_to_aml,3,65,200,17.981500,
policy_only,11,4,perf-policy_only-r011-20260818T054546Z,loan_to_aml,3,66,200,16.853200,
policy_only,11,4,perf-policy_only-r011-20260818T054546Z,loan_to_aml,3,67,200,17.035600,
policy_only,11,4,perf-policy_only-r011-20260818T054546Z,loan_to_aml,3,68,200,16.697300,
policy_only,11,4,perf-policy_only-r011-20260818T054546Z,loan_to_aml,3,69,200,16.868500,
policy_only,11,4,perf-policy_only-r011-20260818T054546Z,loan_to_aml,3,70,200,16.091800,
policy_only,11,4,perf-policy_only-r011-20260818T054546Z,loan_to_aml,3,71,200,18.143500,
policy_only,11,4,perf-policy_only-r011-20260818T054546Z,loan_to_aml,3,72,200,18.560400,
policy_only,11,4,perf-policy_only-r011-20260818T054546Z,loan_to_aml,3,73,200,19.637300,
policy_only,11,4,perf-policy_only-r011-20260818T054546Z,loan_to_aml,3,74,200,17.778600,
policy_only,11,4,perf-policy_only-r011-20260818T054546Z,loan_to_aml,3,75,200,18.139300,
policy_only,11,4,perf-policy_only-r011-20260818T054546Z,loan_to_aml,3,76,200,18.035400,
policy_only,11,4,perf-policy_only-r011-20260818T054546Z,loan_to_aml,3,77,200,16.849500,
policy_only,11,4,perf-policy_only-r011-20260818T054546Z,loan_to_aml,3,78,200,19.251700,
policy_only,11,4,perf-policy_only-r011-20260818T054546Z,loan_to_aml,3,79,200,18.289600,
policy_only,11,4,perf-policy_only-r011-20260818T054546Z,loan_to_aml,3,80,200,18.404300,
policy_only,11,4,perf-policy_only-r011-20260818T054546Z,loan_to_aml,3,81,200,16.908500,
policy_only,11,4,perf-policy_only-r011-20260818T054546Z,loan_to_aml,3,82,200,18.966700,
policy_only,11,4,perf-policy_only-r011-20260818T054546Z,loan_to_aml,3,83,200,18.718400,
policy_only,11,4,perf-policy_only-r011-20260818T054546Z,loan_to_aml,3,84,200,17.433500,
policy_only,11,4,perf-policy_only-r011-20260818T054546Z,loan_to_aml,3,85,200,20.031800,
policy_only,11,4,perf-policy_only-r011-20260818T054546Z,loan_to_aml,3,86,200,17.144400,
policy_only,11,4,perf-policy_only-r011-20260818T054546Z,loan_to_aml,3,87,200,16.105300,
policy_only,11,4,perf-policy_only-r011-20260818T054546Z,loan_to_aml,3,88,200,15.819100,
policy_only,11,4,perf-policy_only-r011-20260818T054546Z,loan_to_aml,3,89,200,16.177900,
policy_only,11,4,perf-policy_only-r011-20260818T054546Z,loan_to_aml,3,90,200,17.239300,
policy_only,11,4,perf-policy_only-r011-20260818T054546Z,loan_to_aml,3,91,200,17.550300,
policy_only,11,4,perf-policy_only-r011-20260818T054546Z,loan_to_aml,3,92,200,16.910900,
policy_only,11,4,perf-policy_only-r011-20260818T054546Z,loan_to_aml,3,93,200,16.397000,
policy_only,11,4,perf-policy_only-r011-20260818T054546Z,loan_to_aml,3,94,200,16.701000,
policy_only,11,4,perf-policy_only-r011-20260818T054546Z,loan_to_aml,3,95,200,15.897800,
policy_only,11,4,perf-policy_only-r011-20260818T054546Z,loan_to_aml,3,96,200,17.197800,
policy_only,11,4,perf-policy_only-r011-20260818T054546Z,loan_to_aml,3,97,200,16.888200,
policy_only,11,4,perf-policy_only-r011-20260818T054546Z,loan_to_aml,3,98,200,17.099700,
policy_only,11,4,perf-policy_only-r011-20260818T054546Z,loan_to_aml,3,99,200,17.232100,
policy_only,11,4,perf-policy_only-r011-20260818T054546Z,loan_to_aml,3,100,200,16.960700,
policy_only,11,4,perf-policy_only-r011-20260818T054546Z,loan_to_aml,3,101,200,17.341500,
policy_only,11,4,perf-policy_only-r011-20260818T054546Z,loan_to_aml,3,102,200,16.831000,
policy_only,11,4,perf-policy_only-r011-20260818T054546Z,loan_to_aml,3,103,200,17.076900,
policy_only,11,4,perf-policy_only-r011-20260818T054546Z,loan_to_aml,3,104,200,16.219000,
policy_only,11,4,perf-policy_only-r011-20260818T054546Z,loan_to_aml,3,105,200,18.826500,
policy_only,11,4,perf-policy_only-r011-20260818T054546Z,loan_to_aml,3,106,200,20.247200,
policy_only,11,4,perf-policy_only-r011-20260818T054546Z,loan_to_aml,3,107,200,19.325000,
policy_only,11,4,perf-policy_only-r011-20260818T054546Z,loan_to_aml,3,108,200,17.872000,
policy_only,11,4,perf-policy_only-r011-20260818T054546Z,loan_to_aml,3,109,200,17.902000,
policy_only,11,4,perf-policy_only-r011-20260818T054546Z,loan_to_aml,3,110,200,19.647100,
policy_only,11,4,perf-policy_only-r011-20260818T054546Z,loan_to_aml,3,111,200,18.031900,
policy_only,11,4,perf-policy_only-r011-20260818T054546Z,loan_to_aml,3,112,200,18.652100,
policy_only,11,4,perf-policy_only-r011-20260818T054546Z,loan_to_aml,3,113,200,19.001300,
policy_only,11,4,perf-policy_only-r011-20260818T054546Z,loan_to_aml,3,114,200,18.385500,
policy_only,11,4,perf-policy_only-r011-20260818T054546Z,loan_to_aml,3,115,200,18.477300,
policy_only,11,4,perf-policy_only-r011-20260818T054546Z,loan_to_aml,3,116,200,17.512100,
policy_only,11,4,perf-policy_only-r011-20260818T054546Z,loan_to_aml,3,117,200,17.649800,
policy_only,11,4,perf-policy_only-r011-20260818T054546Z,loan_to_aml,3,118,200,18.180400,
policy_only,11,4,perf-policy_only-r011-20260818T054546Z,loan_to_aml,3,119,200,17.480100,
policy_only,11,4,perf-policy_only-r011-20260818T054546Z,loan_to_aml,3,120,200,15.863100,
policy_only,11,4,perf-policy_only-r011-20260818T054546Z,loan_to_aml,3,121,200,16.901900,
policy_only,11,4,perf-policy_only-r011-20260818T054546Z,loan_to_aml,3,122,200,19.011700,
policy_only,11,4,perf-policy_only-r011-20260818T054546Z,loan_to_aml,3,123,200,17.171100,
policy_only,11,4,perf-policy_only-r011-20260818T054546Z,loan_to_aml,3,124,200,19.709600,
policy_only,11,4,perf-policy_only-r011-20260818T054546Z,loan_to_aml,3,125,200,17.864000,
policy_only,11,4,perf-policy_only-r011-20260818T054546Z,loan_to_aml,3,126,200,19.727500,
policy_only,11,4,perf-policy_only-r011-20260818T054546Z,loan_to_aml,3,127,200,18.481700,
policy_only,11,4,perf-policy_only-r011-20260818T054546Z,loan_to_aml,3,128,200,17.454100,
policy_only,11,4,perf-policy_only-r011-20260818T054546Z,loan_to_aml,3,129,200,17.922500,
policy_only,11,4,perf-policy_only-r011-20260818T054546Z,loan_to_aml,3,130,200,18.836900,
policy_only,11,4,perf-policy_only-r011-20260818T054546Z,loan_to_aml,3,131,200,16.743200,
policy_only,11,4,perf-policy_only-r011-20260818T054546Z,loan_to_aml,3,132,200,16.941700,
policy_only,11,4,perf-policy_only-r011-20260818T054546Z,loan_to_aml,3,133,200,17.813300,
policy_only,11,4,perf-policy_only-r011-20260818T054546Z,loan_to_aml,3,134,200,16.226800,
policy_only,11,4,perf-policy_only-r011-20260818T054546Z,loan_to_aml,3,135,200,15.629100,
policy_only,11,4,perf-policy_only-r011-20260818T054546Z,loan_to_aml,3,136,200,17.208500,
policy_only,11,4,perf-policy_only-r011-20260818T054546Z,loan_to_aml,3,137,200,17.080800,
policy_only,11,4,perf-policy_only-r011-20260818T054546Z,loan_to_aml,3,138,200,17.352000,
policy_only,11,4,perf-policy_only-r011-20260818T054546Z,loan_to_aml,3,139,200,16.205100,
policy_only,11,4,perf-policy_only-r011-20260818T054546Z,loan_to_aml,3,140,200,16.215100,
policy_only,11,4,perf-policy_only-r011-20260818T054546Z,loan_to_aml,3,141,200,17.209400,
policy_only,11,4,perf-policy_only-r011-20260818T054546Z,loan_to_aml,3,142,200,16.285700,
policy_only,11,4,perf-policy_only-r011-20260818T054546Z,loan_to_aml,3,143,200,16.462000,
policy_only,11,4,perf-policy_only-r011-20260818T054546Z,loan_to_aml,3,144,200,17.217900,
policy_only,11,4,perf-policy_only-r011-20260818T054546Z,loan_to_aml,3,145,200,16.426900,
policy_only,11,4,perf-policy_only-r011-20260818T054546Z,loan_to_aml,3,146,200,15.971700,
policy_only,11,4,perf-policy_only-r011-20260818T054546Z,loan_to_aml,3,147,200,16.281200,
policy_only,11,4,perf-policy_only-r011-20260818T054546Z,loan_to_aml,3,148,200,16.677300,
policy_only,11,4,perf-policy_only-r011-20260818T054546Z,loan_to_aml,3,149,200,15.916900,
policy_only,11,4,perf-policy_only-r011-20260818T054546Z,loan_to_aml,3,150,200,16.108500,
policy_only,11,4,perf-policy_only-r011-20260818T054546Z,loan_to_aml,3,151,200,16.386600,
policy_only,11,4,perf-policy_only-r011-20260818T054546Z,loan_to_aml,3,152,200,16.549800,
policy_only,11,4,perf-policy_only-r011-20260818T054546Z,loan_to_aml,3,153,200,15.967300,
policy_only,11,4,perf-policy_only-r011-20260818T054546Z,loan_to_aml,3,154,200,16.032600,
policy_only,11,4,perf-policy_only-r011-20260818T054546Z,loan_to_aml,3,155,200,17.275400,
policy_only,11,4,perf-policy_only-r011-20260818T054546Z,loan_to_aml,3,156,200,15.915800,
policy_only,11,4,perf-policy_only-r011-20260818T054546Z,loan_to_aml,3,157,200,16.496000,
policy_only,11,4,perf-policy_only-r011-20260818T054546Z,loan_to_aml,3,158,200,16.366900,
policy_only,11,4,perf-policy_only-r011-20260818T054546Z,loan_to_aml,3,159,200,15.782900,
policy_only,11,4,perf-policy_only-r011-20260818T054546Z,loan_to_aml,3,160,200,15.910900,
policy_only,11,4,perf-policy_only-r011-20260818T054546Z,loan_to_aml,3,161,200,16.268600,
policy_only,11,4,perf-policy_only-r011-20260818T054546Z,loan_to_aml,3,162,200,15.718600,
policy_only,11,4,perf-policy_only-r011-20260818T054546Z,loan_to_aml,3,163,200,16.336900,
policy_only,11,4,perf-policy_only-r011-20260818T054546Z,loan_to_aml,3,164,200,16.641200,
policy_only,11,4,perf-policy_only-r011-20260818T054546Z,loan_to_aml,3,165,200,16.475900,
policy_only,11,4,perf-policy_only-r011-20260818T054546Z,loan_to_aml,3,166,200,16.719200,
policy_only,11,4,perf-policy_only-r011-20260818T054546Z,loan_to_aml,3,167,200,16.961800,
policy_only,11,4,perf-policy_only-r011-20260818T054546Z,loan_to_aml,3,168,200,15.789900,
policy_only,11,4,perf-policy_only-r011-20260818T054546Z,loan_to_aml,3,169,200,15.842800,
policy_only,11,4,perf-policy_only-r011-20260818T054546Z,loan_to_aml,3,170,200,15.864900,
policy_only,11,4,perf-policy_only-r011-20260818T054546Z,loan_to_aml,3,171,200,16.001500,
policy_only,11,4,perf-policy_only-r011-20260818T054546Z,loan_to_aml,3,172,200,16.059000,
policy_only,11,4,perf-policy_only-r011-20260818T054546Z,loan_to_aml,3,173,200,16.631600,
policy_only,11,4,perf-policy_only-r011-20260818T054546Z,loan_to_aml,3,174,200,17.077200,
policy_only,11,4,perf-policy_only-r011-20260818T054546Z,loan_to_aml,3,175,200,17.215000,
policy_only,11,4,perf-policy_only-r011-20260818T054546Z,loan_to_aml,3,176,200,17.814800,
policy_only,11,4,perf-policy_only-r011-20260818T054546Z,loan_to_aml,3,177,200,18.275400,
policy_only,11,4,perf-policy_only-r011-20260818T054546Z,loan_to_aml,3,178,200,17.406300,
policy_only,11,4,perf-policy_only-r011-20260818T054546Z,loan_to_aml,3,179,200,17.227800,
policy_only,11,4,perf-policy_only-r011-20260818T054546Z,loan_to_aml,3,180,200,17.928500,
policy_only,11,4,perf-policy_only-r011-20260818T054546Z,loan_to_aml,3,181,200,17.008200,
policy_only,11,4,perf-policy_only-r011-20260818T054546Z,loan_to_aml,3,182,200,16.614300,
policy_only,11,4,perf-policy_only-r011-20260818T054546Z,loan_to_aml,3,183,200,16.649900,
policy_only,11,4,perf-policy_only-r011-20260818T054546Z,loan_to_aml,3,184,200,16.981000,
policy_only,11,4,perf-policy_only-r011-20260818T054546Z,loan_to_aml,3,185,200,19.368100,
policy_only,11,4,perf-policy_only-r011-20260818T054546Z,loan_to_aml,3,186,200,16.772400,
policy_only,11,4,perf-policy_only-r011-20260818T054546Z,loan_to_aml,3,187,200,16.946900,
policy_only,11,4,perf-policy_only-r011-20260818T054546Z,loan_to_aml,3,188,200,17.464600,
policy_only,11,4,perf-policy_only-r011-20260818T054546Z,loan_to_aml,3,189,200,17.085800,
policy_only,11,4,perf-policy_only-r011-20260818T054546Z,loan_to_aml,3,190,200,16.409900,
policy_only,11,4,perf-policy_only-r011-20260818T054546Z,loan_to_aml,3,191,200,16.051300,
policy_only,11,4,perf-policy_only-r011-20260818T054546Z,loan_to_aml,3,192,200,17.085600,
policy_only,11,4,perf-policy_only-r011-20260818T054546Z,loan_to_aml,3,193,200,16.761800,
policy_only,11,4,perf-policy_only-r011-20260818T054546Z,loan_to_aml,3,194,200,17.095700,
policy_only,11,4,perf-policy_only-r011-20260818T054546Z,loan_to_aml,3,195,200,15.754400,
policy_only,11,4,perf-policy_only-r011-20260818T054546Z,loan_to_aml,3,196,200,15.882700,
policy_only,11,4,perf-policy_only-r011-20260818T054546Z,loan_to_aml,3,197,200,16.309300,
policy_only,11,4,perf-policy_only-r011-20260818T054546Z,loan_to_aml,3,198,200,17.414700,
policy_only,11,4,perf-policy_only-r011-20260818T054546Z,loan_to_aml,3,199,200,17.744000,
policy_only,11,4,perf-policy_only-r011-20260818T054546Z,loan_to_aml,3,200,200,17.352100,
policy_only,11,4,perf-policy_only-r011-20260818T054546Z,loan_to_approval,1,1,200,17.174700,
policy_only,11,4,perf-policy_only-r011-20260818T054546Z,loan_to_approval,1,2,200,16.640900,
policy_only,11,4,perf-policy_only-r011-20260818T054546Z,loan_to_approval,1,3,200,15.917100,
policy_only,11,4,perf-policy_only-r011-20260818T054546Z,loan_to_approval,1,4,200,16.902300,
policy_only,11,4,perf-policy_only-r011-20260818T054546Z,loan_to_approval,1,5,200,15.999400,
policy_only,11,4,perf-policy_only-r011-20260818T054546Z,loan_to_approval,1,6,200,17.045200,
policy_only,11,4,perf-policy_only-r011-20260818T054546Z,loan_to_approval,1,7,200,15.847500,
policy_only,11,4,perf-policy_only-r011-20260818T054546Z,loan_to_approval,1,8,200,16.270300,
policy_only,11,4,perf-policy_only-r011-20260818T054546Z,loan_to_approval,1,9,200,16.725900,
policy_only,11,4,perf-policy_only-r011-20260818T054546Z,loan_to_approval,1,10,200,16.958000,
policy_only,11,4,perf-policy_only-r011-20260818T054546Z,loan_to_approval,1,11,200,15.753800,
policy_only,11,4,perf-policy_only-r011-20260818T054546Z,loan_to_approval,1,12,200,17.317800,
policy_only,11,4,perf-policy_only-r011-20260818T054546Z,loan_to_approval,1,13,200,17.153900,
policy_only,11,4,perf-policy_only-r011-20260818T054546Z,loan_to_approval,1,14,200,17.119000,
policy_only,11,4,perf-policy_only-r011-20260818T054546Z,loan_to_approval,1,15,200,17.114500,
policy_only,11,4,perf-policy_only-r011-20260818T054546Z,loan_to_approval,1,16,200,16.586700,
policy_only,11,4,perf-policy_only-r011-20260818T054546Z,loan_to_approval,1,17,200,16.987300,
policy_only,11,4,perf-policy_only-r011-20260818T054546Z,loan_to_approval,1,18,200,15.895300,
policy_only,11,4,perf-policy_only-r011-20260818T054546Z,loan_to_approval,1,19,200,15.695000,
policy_only,11,4,perf-policy_only-r011-20260818T054546Z,loan_to_approval,1,20,200,15.787200,
policy_only,11,4,perf-policy_only-r011-20260818T054546Z,loan_to_approval,1,21,200,17.654000,
policy_only,11,4,perf-policy_only-r011-20260818T054546Z,loan_to_approval,1,22,200,16.504600,
policy_only,11,4,perf-policy_only-r011-20260818T054546Z,loan_to_approval,1,23,200,15.717800,
policy_only,11,4,perf-policy_only-r011-20260818T054546Z,loan_to_approval,1,24,200,15.851200,
policy_only,11,4,perf-policy_only-r011-20260818T054546Z,loan_to_approval,1,25,200,16.610100,
policy_only,11,4,perf-policy_only-r011-20260818T054546Z,loan_to_approval,1,26,200,16.167000,
policy_only,11,4,perf-policy_only-r011-20260818T054546Z,loan_to_approval,1,27,200,15.795000,
policy_only,11,4,perf-policy_only-r011-20260818T054546Z,loan_to_approval,1,28,200,15.680800,
policy_only,11,4,perf-policy_only-r011-20260818T054546Z,loan_to_approval,1,29,200,16.333700,
policy_only,11,4,perf-policy_only-r011-20260818T054546Z,loan_to_approval,1,30,200,16.844000,
policy_only,11,4,perf-policy_only-r011-20260818T054546Z,loan_to_approval,1,31,200,15.910000,
policy_only,11,4,perf-policy_only-r011-20260818T054546Z,loan_to_approval,1,32,200,16.061900,
policy_only,11,4,perf-policy_only-r011-20260818T054546Z,loan_to_approval,1,33,200,17.003500,
policy_only,11,4,perf-policy_only-r011-20260818T054546Z,loan_to_approval,1,34,200,17.124200,
policy_only,11,4,perf-policy_only-r011-20260818T054546Z,loan_to_approval,1,35,200,16.939400,
policy_only,11,4,perf-policy_only-r011-20260818T054546Z,loan_to_approval,1,36,200,17.287000,
policy_only,11,4,perf-policy_only-r011-20260818T054546Z,loan_to_approval,1,37,200,16.976700,
policy_only,11,4,perf-policy_only-r011-20260818T054546Z,loan_to_approval,1,38,200,17.891800,
policy_only,11,4,perf-policy_only-r011-20260818T054546Z,loan_to_approval,1,39,200,16.896200,
policy_only,11,4,perf-policy_only-r011-20260818T054546Z,loan_to_approval,1,40,200,16.674400,
policy_only,11,4,perf-policy_only-r011-20260818T054546Z,loan_to_approval,1,41,200,17.159900,
policy_only,11,4,perf-policy_only-r011-20260818T054546Z,loan_to_approval,1,42,200,15.604200,
policy_only,11,4,perf-policy_only-r011-20260818T054546Z,loan_to_approval,1,43,200,20.298800,
policy_only,11,4,perf-policy_only-r011-20260818T054546Z,loan_to_approval,1,44,200,17.504100,
policy_only,11,4,perf-policy_only-r011-20260818T054546Z,loan_to_approval,1,45,200,18.406400,
policy_only,11,4,perf-policy_only-r011-20260818T054546Z,loan_to_approval,1,46,200,17.388800,
policy_only,11,4,perf-policy_only-r011-20260818T054546Z,loan_to_approval,1,47,200,18.214000,
policy_only,11,4,perf-policy_only-r011-20260818T054546Z,loan_to_approval,1,48,200,21.982600,
policy_only,11,4,perf-policy_only-r011-20260818T054546Z,loan_to_approval,1,49,200,20.393400,
policy_only,11,4,perf-policy_only-r011-20260818T054546Z,loan_to_approval,1,50,200,17.502200,
policy_only,11,4,perf-policy_only-r011-20260818T054546Z,loan_to_approval,1,51,200,17.800900,
policy_only,11,4,perf-policy_only-r011-20260818T054546Z,loan_to_approval,1,52,200,17.735000,
policy_only,11,4,perf-policy_only-r011-20260818T054546Z,loan_to_approval,1,53,200,17.043800,
policy_only,11,4,perf-policy_only-r011-20260818T054546Z,loan_to_approval,1,54,200,16.937800,
policy_only,11,4,perf-policy_only-r011-20260818T054546Z,loan_to_approval,1,55,200,17.362500,
policy_only,11,4,perf-policy_only-r011-20260818T054546Z,loan_to_approval,1,56,200,17.672100,
policy_only,11,4,perf-policy_only-r011-20260818T054546Z,loan_to_approval,1,57,200,16.870200,
policy_only,11,4,perf-policy_only-r011-20260818T054546Z,loan_to_approval,1,58,200,17.107900,
policy_only,11,4,perf-policy_only-r011-20260818T054546Z,loan_to_approval,1,59,200,16.523800,
policy_only,11,4,perf-policy_only-r011-20260818T054546Z,loan_to_approval,1,60,200,17.134500,
policy_only,11,4,perf-policy_only-r011-20260818T054546Z,loan_to_approval,1,61,200,17.045500,
policy_only,11,4,perf-policy_only-r011-20260818T054546Z,loan_to_approval,1,62,200,16.560000,
policy_only,11,4,perf-policy_only-r011-20260818T054546Z,loan_to_approval,1,63,200,16.721000,
policy_only,11,4,perf-policy_only-r011-20260818T054546Z,loan_to_approval,1,64,200,16.827600,
policy_only,11,4,perf-policy_only-r011-20260818T054546Z,loan_to_approval,1,65,200,15.906600,
policy_only,11,4,perf-policy_only-r011-20260818T054546Z,loan_to_approval,1,66,200,15.963500,
policy_only,11,4,perf-policy_only-r011-20260818T054546Z,loan_to_approval,1,67,200,16.921300,
policy_only,11,4,perf-policy_only-r011-20260818T054546Z,loan_to_approval,1,68,200,17.082500,
policy_only,11,4,perf-policy_only-r011-20260818T054546Z,loan_to_approval,1,69,200,17.060000,
policy_only,11,4,perf-policy_only-r011-20260818T054546Z,loan_to_approval,1,70,200,17.118300,
policy_only,11,4,perf-policy_only-r011-20260818T054546Z,loan_to_approval,1,71,200,17.628900,
policy_only,11,4,perf-policy_only-r011-20260818T054546Z,loan_to_approval,1,72,200,16.695300,
policy_only,11,4,perf-policy_only-r011-20260818T054546Z,loan_to_approval,1,73,200,15.902700,
policy_only,11,4,perf-policy_only-r011-20260818T054546Z,loan_to_approval,1,74,200,16.101200,
policy_only,11,4,perf-policy_only-r011-20260818T054546Z,loan_to_approval,1,75,200,17.611200,
policy_only,11,4,perf-policy_only-r011-20260818T054546Z,loan_to_approval,1,76,200,18.371500,
policy_only,11,4,perf-policy_only-r011-20260818T054546Z,loan_to_approval,1,77,200,16.422900,
policy_only,11,4,perf-policy_only-r011-20260818T054546Z,loan_to_approval,1,78,200,16.810900,
policy_only,11,4,perf-policy_only-r011-20260818T054546Z,loan_to_approval,1,79,200,17.003300,
policy_only,11,4,perf-policy_only-r011-20260818T054546Z,loan_to_approval,1,80,200,17.055700,
policy_only,11,4,perf-policy_only-r011-20260818T054546Z,loan_to_approval,1,81,200,16.502500,
policy_only,11,4,perf-policy_only-r011-20260818T054546Z,loan_to_approval,1,82,200,16.870000,
policy_only,11,4,perf-policy_only-r011-20260818T054546Z,loan_to_approval,1,83,200,16.289800,
policy_only,11,4,perf-policy_only-r011-20260818T054546Z,loan_to_approval,1,84,200,16.682900,
policy_only,11,4,perf-policy_only-r011-20260818T054546Z,loan_to_approval,1,85,200,16.700700,
policy_only,11,4,perf-policy_only-r011-20260818T054546Z,loan_to_approval,1,86,200,18.193300,
policy_only,11,4,perf-policy_only-r011-20260818T054546Z,loan_to_approval,1,87,200,18.314600,
policy_only,11,4,perf-policy_only-r011-20260818T054546Z,loan_to_approval,1,88,200,20.080300,
policy_only,11,4,perf-policy_only-r011-20260818T054546Z,loan_to_approval,1,89,200,16.347900,
policy_only,11,4,perf-policy_only-r011-20260818T054546Z,loan_to_approval,1,90,200,16.794400,
policy_only,11,4,perf-policy_only-r011-20260818T054546Z,loan_to_approval,1,91,200,17.843500,
policy_only,11,4,perf-policy_only-r011-20260818T054546Z,loan_to_approval,1,92,200,15.727400,
policy_only,11,4,perf-policy_only-r011-20260818T054546Z,loan_to_approval,1,93,200,17.179000,
policy_only,11,4,perf-policy_only-r011-20260818T054546Z,loan_to_approval,1,94,200,20.003800,
policy_only,11,4,perf-policy_only-r011-20260818T054546Z,loan_to_approval,1,95,200,20.027700,
policy_only,11,4,perf-policy_only-r011-20260818T054546Z,loan_to_approval,1,96,200,17.596900,
policy_only,11,4,perf-policy_only-r011-20260818T054546Z,loan_to_approval,1,97,200,20.007500,
policy_only,11,4,perf-policy_only-r011-20260818T054546Z,loan_to_approval,1,98,200,19.202200,
policy_only,11,4,perf-policy_only-r011-20260818T054546Z,loan_to_approval,1,99,200,17.124700,
policy_only,11,4,perf-policy_only-r011-20260818T054546Z,loan_to_approval,1,100,200,17.913200,
policy_only,11,4,perf-policy_only-r011-20260818T054546Z,loan_to_approval,1,101,200,20.024800,
policy_only,11,4,perf-policy_only-r011-20260818T054546Z,loan_to_approval,1,102,200,21.471600,
policy_only,11,4,perf-policy_only-r011-20260818T054546Z,loan_to_approval,1,103,200,19.708600,
policy_only,11,4,perf-policy_only-r011-20260818T054546Z,loan_to_approval,1,104,200,20.042500,
policy_only,11,4,perf-policy_only-r011-20260818T054546Z,loan_to_approval,1,105,200,19.460000,
policy_only,11,4,perf-policy_only-r011-20260818T054546Z,loan_to_approval,1,106,200,18.453000,
policy_only,11,4,perf-policy_only-r011-20260818T054546Z,loan_to_approval,1,107,200,20.763300,
policy_only,11,4,perf-policy_only-r011-20260818T054546Z,loan_to_approval,1,108,200,18.743300,
policy_only,11,4,perf-policy_only-r011-20260818T054546Z,loan_to_approval,1,109,200,22.415300,
policy_only,11,4,perf-policy_only-r011-20260818T054546Z,loan_to_approval,1,110,200,20.012200,
policy_only,11,4,perf-policy_only-r011-20260818T054546Z,loan_to_approval,1,111,200,18.133400,
policy_only,11,4,perf-policy_only-r011-20260818T054546Z,loan_to_approval,1,112,200,21.042200,
policy_only,11,4,perf-policy_only-r011-20260818T054546Z,loan_to_approval,1,113,200,19.328900,
policy_only,11,4,perf-policy_only-r011-20260818T054546Z,loan_to_approval,1,114,200,21.547500,
policy_only,11,4,perf-policy_only-r011-20260818T054546Z,loan_to_approval,1,115,200,17.644600,
policy_only,11,4,perf-policy_only-r011-20260818T054546Z,loan_to_approval,1,116,200,17.494800,
policy_only,11,4,perf-policy_only-r011-20260818T054546Z,loan_to_approval,1,117,200,19.534600,
policy_only,11,4,perf-policy_only-r011-20260818T054546Z,loan_to_approval,1,118,200,17.083400,
policy_only,11,4,perf-policy_only-r011-20260818T054546Z,loan_to_approval,1,119,200,18.013600,
policy_only,11,4,perf-policy_only-r011-20260818T054546Z,loan_to_approval,1,120,200,19.833000,
policy_only,11,4,perf-policy_only-r011-20260818T054546Z,loan_to_approval,1,121,200,17.878900,
policy_only,11,4,perf-policy_only-r011-20260818T054546Z,loan_to_approval,1,122,200,17.938500,
policy_only,11,4,perf-policy_only-r011-20260818T054546Z,loan_to_approval,1,123,200,16.931200,
policy_only,11,4,perf-policy_only-r011-20260818T054546Z,loan_to_approval,1,124,200,19.258100,
policy_only,11,4,perf-policy_only-r011-20260818T054546Z,loan_to_approval,1,125,200,20.478500,
policy_only,11,4,perf-policy_only-r011-20260818T054546Z,loan_to_approval,1,126,200,18.834500,
policy_only,11,4,perf-policy_only-r011-20260818T054546Z,loan_to_approval,1,127,200,19.564300,
policy_only,11,4,perf-policy_only-r011-20260818T054546Z,loan_to_approval,1,128,200,19.779000,
policy_only,11,4,perf-policy_only-r011-20260818T054546Z,loan_to_approval,1,129,200,19.348300,
policy_only,11,4,perf-policy_only-r011-20260818T054546Z,loan_to_approval,1,130,200,20.836800,
policy_only,11,4,perf-policy_only-r011-20260818T054546Z,loan_to_approval,1,131,200,20.662300,
policy_only,11,4,perf-policy_only-r011-20260818T054546Z,loan_to_approval,1,132,200,23.121800,
policy_only,11,4,perf-policy_only-r011-20260818T054546Z,loan_to_approval,1,133,200,21.195700,
policy_only,11,4,perf-policy_only-r011-20260818T054546Z,loan_to_approval,1,134,200,21.571700,
policy_only,11,4,perf-policy_only-r011-20260818T054546Z,loan_to_approval,1,135,200,20.417700,
policy_only,11,4,perf-policy_only-r011-20260818T054546Z,loan_to_approval,1,136,200,20.342600,
policy_only,11,4,perf-policy_only-r011-20260818T054546Z,loan_to_approval,1,137,200,18.627200,
policy_only,11,4,perf-policy_only-r011-20260818T054546Z,loan_to_approval,1,138,200,17.775300,
policy_only,11,4,perf-policy_only-r011-20260818T054546Z,loan_to_approval,1,139,200,18.775900,
policy_only,11,4,perf-policy_only-r011-20260818T054546Z,loan_to_approval,1,140,200,19.517400,
policy_only,11,4,perf-policy_only-r011-20260818T054546Z,loan_to_approval,1,141,200,18.852400,
policy_only,11,4,perf-policy_only-r011-20260818T054546Z,loan_to_approval,1,142,200,17.656400,
policy_only,11,4,perf-policy_only-r011-20260818T054546Z,loan_to_approval,1,143,200,17.198600,
policy_only,11,4,perf-policy_only-r011-20260818T054546Z,loan_to_approval,1,144,200,17.781500,
policy_only,11,4,perf-policy_only-r011-20260818T054546Z,loan_to_approval,1,145,200,19.051100,
policy_only,11,4,perf-policy_only-r011-20260818T054546Z,loan_to_approval,1,146,200,18.593200,
policy_only,11,4,perf-policy_only-r011-20260818T054546Z,loan_to_approval,1,147,200,19.405300,
policy_only,11,4,perf-policy_only-r011-20260818T054546Z,loan_to_approval,1,148,200,18.434800,
policy_only,11,4,perf-policy_only-r011-20260818T054546Z,loan_to_approval,1,149,200,18.959500,
policy_only,11,4,perf-policy_only-r011-20260818T054546Z,loan_to_approval,1,150,200,17.580300,
policy_only,11,4,perf-policy_only-r011-20260818T054546Z,loan_to_approval,1,151,200,18.501600,
policy_only,11,4,perf-policy_only-r011-20260818T054546Z,loan_to_approval,1,152,200,20.562900,
policy_only,11,4,perf-policy_only-r011-20260818T054546Z,loan_to_approval,1,153,200,19.342700,
policy_only,11,4,perf-policy_only-r011-20260818T054546Z,loan_to_approval,1,154,200,20.592600,
policy_only,11,4,perf-policy_only-r011-20260818T054546Z,loan_to_approval,1,155,200,17.644800,
policy_only,11,4,perf-policy_only-r011-20260818T054546Z,loan_to_approval,1,156,200,17.350500,
policy_only,11,4,perf-policy_only-r011-20260818T054546Z,loan_to_approval,1,157,200,18.461800,
policy_only,11,4,perf-policy_only-r011-20260818T054546Z,loan_to_approval,1,158,200,18.431700,
policy_only,11,4,perf-policy_only-r011-20260818T054546Z,loan_to_approval,1,159,200,17.406000,
policy_only,11,4,perf-policy_only-r011-20260818T054546Z,loan_to_approval,1,160,200,17.323400,
policy_only,11,4,perf-policy_only-r011-20260818T054546Z,loan_to_approval,1,161,200,16.952500,
policy_only,11,4,perf-policy_only-r011-20260818T054546Z,loan_to_approval,1,162,200,18.203000,
policy_only,11,4,perf-policy_only-r011-20260818T054546Z,loan_to_approval,1,163,200,18.611300,
policy_only,11,4,perf-policy_only-r011-20260818T054546Z,loan_to_approval,1,164,200,18.564200,
policy_only,11,4,perf-policy_only-r011-20260818T054546Z,loan_to_approval,1,165,200,17.656400,
policy_only,11,4,perf-policy_only-r011-20260818T054546Z,loan_to_approval,1,166,200,19.813800,
policy_only,11,4,perf-policy_only-r011-20260818T054546Z,loan_to_approval,1,167,200,17.011800,
policy_only,11,4,perf-policy_only-r011-20260818T054546Z,loan_to_approval,1,168,200,16.504400,
policy_only,11,4,perf-policy_only-r011-20260818T054546Z,loan_to_approval,1,169,200,18.133600,
policy_only,11,4,perf-policy_only-r011-20260818T054546Z,loan_to_approval,1,170,200,16.298200,
policy_only,11,4,perf-policy_only-r011-20260818T054546Z,loan_to_approval,1,171,200,16.774300,
policy_only,11,4,perf-policy_only-r011-20260818T054546Z,loan_to_approval,1,172,200,18.059400,
policy_only,11,4,perf-policy_only-r011-20260818T054546Z,loan_to_approval,1,173,200,17.156800,
policy_only,11,4,perf-policy_only-r011-20260818T054546Z,loan_to_approval,1,174,200,16.505200,
policy_only,11,4,perf-policy_only-r011-20260818T054546Z,loan_to_approval,1,175,200,15.836200,
policy_only,11,4,perf-policy_only-r011-20260818T054546Z,loan_to_approval,1,176,200,16.556100,
policy_only,11,4,perf-policy_only-r011-20260818T054546Z,loan_to_approval,1,177,200,16.685700,
policy_only,11,4,perf-policy_only-r011-20260818T054546Z,loan_to_approval,1,178,200,16.220800,
policy_only,11,4,perf-policy_only-r011-20260818T054546Z,loan_to_approval,1,179,200,18.276800,
policy_only,11,4,perf-policy_only-r011-20260818T054546Z,loan_to_approval,1,180,200,16.544400,
policy_only,11,4,perf-policy_only-r011-20260818T054546Z,loan_to_approval,1,181,200,16.248300,
policy_only,11,4,perf-policy_only-r011-20260818T054546Z,loan_to_approval,1,182,200,16.877200,
policy_only,11,4,perf-policy_only-r011-20260818T054546Z,loan_to_approval,1,183,200,20.481300,
policy_only,11,4,perf-policy_only-r011-20260818T054546Z,loan_to_approval,1,184,200,18.193800,
policy_only,11,4,perf-policy_only-r011-20260818T054546Z,loan_to_approval,1,185,200,16.915100,
policy_only,11,4,perf-policy_only-r011-20260818T054546Z,loan_to_approval,1,186,200,17.007500,
policy_only,11,4,perf-policy_only-r011-20260818T054546Z,loan_to_approval,1,187,200,15.783300,
policy_only,11,4,perf-policy_only-r011-20260818T054546Z,loan_to_approval,1,188,200,17.622900,
policy_only,11,4,perf-policy_only-r011-20260818T054546Z,loan_to_approval,1,189,200,16.893600,
policy_only,11,4,perf-policy_only-r011-20260818T054546Z,loan_to_approval,1,190,200,21.175600,
policy_only,11,4,perf-policy_only-r011-20260818T054546Z,loan_to_approval,1,191,200,21.640200,
policy_only,11,4,perf-policy_only-r011-20260818T054546Z,loan_to_approval,1,192,200,23.188700,
policy_only,11,4,perf-policy_only-r011-20260818T054546Z,loan_to_approval,1,193,200,18.479500,
policy_only,11,4,perf-policy_only-r011-20260818T054546Z,loan_to_approval,1,194,200,19.381100,
policy_only,11,4,perf-policy_only-r011-20260818T054546Z,loan_to_approval,1,195,200,17.049000,
policy_only,11,4,perf-policy_only-r011-20260818T054546Z,loan_to_approval,1,196,200,16.789900,
policy_only,11,4,perf-policy_only-r011-20260818T054546Z,loan_to_approval,1,197,200,15.699200,
policy_only,11,4,perf-policy_only-r011-20260818T054546Z,loan_to_approval,1,198,200,16.368500,
policy_only,11,4,perf-policy_only-r011-20260818T054546Z,loan_to_approval,1,199,200,16.646300,
policy_only,11,4,perf-policy_only-r011-20260818T054546Z,loan_to_approval,1,200,200,16.902400,
policy_only,11,4,perf-policy_only-r011-20260818T054546Z,loan_to_approval,2,1,200,16.138200,
policy_only,11,4,perf-policy_only-r011-20260818T054546Z,loan_to_approval,2,2,200,15.879000,
policy_only,11,4,perf-policy_only-r011-20260818T054546Z,loan_to_approval,2,3,200,15.963600,
policy_only,11,4,perf-policy_only-r011-20260818T054546Z,loan_to_approval,2,4,200,16.035500,
policy_only,11,4,perf-policy_only-r011-20260818T054546Z,loan_to_approval,2,5,200,15.723300,
policy_only,11,4,perf-policy_only-r011-20260818T054546Z,loan_to_approval,2,6,200,16.249800,
policy_only,11,4,perf-policy_only-r011-20260818T054546Z,loan_to_approval,2,7,200,15.919000,
policy_only,11,4,perf-policy_only-r011-20260818T054546Z,loan_to_approval,2,8,200,15.529400,
policy_only,11,4,perf-policy_only-r011-20260818T054546Z,loan_to_approval,2,9,200,16.230500,
policy_only,11,4,perf-policy_only-r011-20260818T054546Z,loan_to_approval,2,10,200,16.039400,
policy_only,11,4,perf-policy_only-r011-20260818T054546Z,loan_to_approval,2,11,200,16.855700,
policy_only,11,4,perf-policy_only-r011-20260818T054546Z,loan_to_approval,2,12,200,15.624300,
policy_only,11,4,perf-policy_only-r011-20260818T054546Z,loan_to_approval,2,13,200,16.261400,
policy_only,11,4,perf-policy_only-r011-20260818T054546Z,loan_to_approval,2,14,200,16.479800,
policy_only,11,4,perf-policy_only-r011-20260818T054546Z,loan_to_approval,2,15,200,17.319700,
policy_only,11,4,perf-policy_only-r011-20260818T054546Z,loan_to_approval,2,16,200,16.640200,
policy_only,11,4,perf-policy_only-r011-20260818T054546Z,loan_to_approval,2,17,200,16.602400,
policy_only,11,4,perf-policy_only-r011-20260818T054546Z,loan_to_approval,2,18,200,15.834700,
policy_only,11,4,perf-policy_only-r011-20260818T054546Z,loan_to_approval,2,19,200,16.139800,
policy_only,11,4,perf-policy_only-r011-20260818T054546Z,loan_to_approval,2,20,200,17.520900,
policy_only,11,4,perf-policy_only-r011-20260818T054546Z,loan_to_approval,2,21,200,16.465300,
policy_only,11,4,perf-policy_only-r011-20260818T054546Z,loan_to_approval,2,22,200,17.018700,
policy_only,11,4,perf-policy_only-r011-20260818T054546Z,loan_to_approval,2,23,200,16.945100,
policy_only,11,4,perf-policy_only-r011-20260818T054546Z,loan_to_approval,2,24,200,15.717100,
policy_only,11,4,perf-policy_only-r011-20260818T054546Z,loan_to_approval,2,25,200,14.957100,
policy_only,11,4,perf-policy_only-r011-20260818T054546Z,loan_to_approval,2,26,200,18.620000,
policy_only,11,4,perf-policy_only-r011-20260818T054546Z,loan_to_approval,2,27,200,17.095700,
policy_only,11,4,perf-policy_only-r011-20260818T054546Z,loan_to_approval,2,28,200,17.252800,
policy_only,11,4,perf-policy_only-r011-20260818T054546Z,loan_to_approval,2,29,200,16.772500,
policy_only,11,4,perf-policy_only-r011-20260818T054546Z,loan_to_approval,2,30,200,18.014100,
policy_only,11,4,perf-policy_only-r011-20260818T054546Z,loan_to_approval,2,31,200,17.756500,
policy_only,11,4,perf-policy_only-r011-20260818T054546Z,loan_to_approval,2,32,200,18.727100,
policy_only,11,4,perf-policy_only-r011-20260818T054546Z,loan_to_approval,2,33,200,19.044600,
policy_only,11,4,perf-policy_only-r011-20260818T054546Z,loan_to_approval,2,34,200,17.176400,
policy_only,11,4,perf-policy_only-r011-20260818T054546Z,loan_to_approval,2,35,200,16.978900,
policy_only,11,4,perf-policy_only-r011-20260818T054546Z,loan_to_approval,2,36,200,17.320000,
policy_only,11,4,perf-policy_only-r011-20260818T054546Z,loan_to_approval,2,37,200,18.211900,
policy_only,11,4,perf-policy_only-r011-20260818T054546Z,loan_to_approval,2,38,200,17.700800,
policy_only,11,4,perf-policy_only-r011-20260818T054546Z,loan_to_approval,2,39,200,16.677000,
policy_only,11,4,perf-policy_only-r011-20260818T054546Z,loan_to_approval,2,40,200,19.102100,
policy_only,11,4,perf-policy_only-r011-20260818T054546Z,loan_to_approval,2,41,200,18.395800,
policy_only,11,4,perf-policy_only-r011-20260818T054546Z,loan_to_approval,2,42,200,17.369700,
policy_only,11,4,perf-policy_only-r011-20260818T054546Z,loan_to_approval,2,43,200,16.872100,
policy_only,11,4,perf-policy_only-r011-20260818T054546Z,loan_to_approval,2,44,200,17.304000,
policy_only,11,4,perf-policy_only-r011-20260818T054546Z,loan_to_approval,2,45,200,17.915900,
policy_only,11,4,perf-policy_only-r011-20260818T054546Z,loan_to_approval,2,46,200,16.733300,
policy_only,11,4,perf-policy_only-r011-20260818T054546Z,loan_to_approval,2,47,200,16.492300,
policy_only,11,4,perf-policy_only-r011-20260818T054546Z,loan_to_approval,2,48,200,16.466300,
policy_only,11,4,perf-policy_only-r011-20260818T054546Z,loan_to_approval,2,49,200,17.854400,
policy_only,11,4,perf-policy_only-r011-20260818T054546Z,loan_to_approval,2,50,200,21.360300,
policy_only,11,4,perf-policy_only-r011-20260818T054546Z,loan_to_approval,2,51,200,20.378600,
policy_only,11,4,perf-policy_only-r011-20260818T054546Z,loan_to_approval,2,52,200,19.320300,
policy_only,11,4,perf-policy_only-r011-20260818T054546Z,loan_to_approval,2,53,200,17.549100,
policy_only,11,4,perf-policy_only-r011-20260818T054546Z,loan_to_approval,2,54,200,18.387000,
policy_only,11,4,perf-policy_only-r011-20260818T054546Z,loan_to_approval,2,55,200,16.991600,
policy_only,11,4,perf-policy_only-r011-20260818T054546Z,loan_to_approval,2,56,200,16.941700,
policy_only,11,4,perf-policy_only-r011-20260818T054546Z,loan_to_approval,2,57,200,17.310300,
policy_only,11,4,perf-policy_only-r011-20260818T054546Z,loan_to_approval,2,58,200,16.858200,
policy_only,11,4,perf-policy_only-r011-20260818T054546Z,loan_to_approval,2,59,200,17.349400,
policy_only,11,4,perf-policy_only-r011-20260818T054546Z,loan_to_approval,2,60,200,16.394600,
policy_only,11,4,perf-policy_only-r011-20260818T054546Z,loan_to_approval,2,61,200,16.841200,
policy_only,11,4,perf-policy_only-r011-20260818T054546Z,loan_to_approval,2,62,200,16.096400,
policy_only,11,4,perf-policy_only-r011-20260818T054546Z,loan_to_approval,2,63,200,18.002900,
policy_only,11,4,perf-policy_only-r011-20260818T054546Z,loan_to_approval,2,64,200,16.795000,
policy_only,11,4,perf-policy_only-r011-20260818T054546Z,loan_to_approval,2,65,200,17.500100,
policy_only,11,4,perf-policy_only-r011-20260818T054546Z,loan_to_approval,2,66,200,16.829200,
policy_only,11,4,perf-policy_only-r011-20260818T054546Z,loan_to_approval,2,67,200,16.635000,
policy_only,11,4,perf-policy_only-r011-20260818T054546Z,loan_to_approval,2,68,200,17.481200,
policy_only,11,4,perf-policy_only-r011-20260818T054546Z,loan_to_approval,2,69,200,17.051200,
policy_only,11,4,perf-policy_only-r011-20260818T054546Z,loan_to_approval,2,70,200,17.081200,
policy_only,11,4,perf-policy_only-r011-20260818T054546Z,loan_to_approval,2,71,200,16.405200,
policy_only,11,4,perf-policy_only-r011-20260818T054546Z,loan_to_approval,2,72,200,17.135600,
policy_only,11,4,perf-policy_only-r011-20260818T054546Z,loan_to_approval,2,73,200,16.729900,
policy_only,11,4,perf-policy_only-r011-20260818T054546Z,loan_to_approval,2,74,200,16.906700,
policy_only,11,4,perf-policy_only-r011-20260818T054546Z,loan_to_approval,2,75,200,17.469200,
policy_only,11,4,perf-policy_only-r011-20260818T054546Z,loan_to_approval,2,76,200,16.643000,
policy_only,11,4,perf-policy_only-r011-20260818T054546Z,loan_to_approval,2,77,200,17.368400,
policy_only,11,4,perf-policy_only-r011-20260818T054546Z,loan_to_approval,2,78,200,16.839400,
policy_only,11,4,perf-policy_only-r011-20260818T054546Z,loan_to_approval,2,79,200,17.071000,
policy_only,11,4,perf-policy_only-r011-20260818T054546Z,loan_to_approval,2,80,200,16.659400,
policy_only,11,4,perf-policy_only-r011-20260818T054546Z,loan_to_approval,2,81,200,17.361400,
policy_only,11,4,perf-policy_only-r011-20260818T054546Z,loan_to_approval,2,82,200,16.347400,
policy_only,11,4,perf-policy_only-r011-20260818T054546Z,loan_to_approval,2,83,200,18.326300,
policy_only,11,4,perf-policy_only-r011-20260818T054546Z,loan_to_approval,2,84,200,16.549800,
policy_only,11,4,perf-policy_only-r011-20260818T054546Z,loan_to_approval,2,85,200,17.260000,
policy_only,11,4,perf-policy_only-r011-20260818T054546Z,loan_to_approval,2,86,200,19.868700,
policy_only,11,4,perf-policy_only-r011-20260818T054546Z,loan_to_approval,2,87,200,18.511700,
policy_only,11,4,perf-policy_only-r011-20260818T054546Z,loan_to_approval,2,88,200,16.495700,
policy_only,11,4,perf-policy_only-r011-20260818T054546Z,loan_to_approval,2,89,200,16.426300,
policy_only,11,4,perf-policy_only-r011-20260818T054546Z,loan_to_approval,2,90,200,16.615100,
policy_only,11,4,perf-policy_only-r011-20260818T054546Z,loan_to_approval,2,91,200,15.653700,
policy_only,11,4,perf-policy_only-r011-20260818T054546Z,loan_to_approval,2,92,200,16.365400,
policy_only,11,4,perf-policy_only-r011-20260818T054546Z,loan_to_approval,2,93,200,16.040300,
policy_only,11,4,perf-policy_only-r011-20260818T054546Z,loan_to_approval,2,94,200,15.790500,
policy_only,11,4,perf-policy_only-r011-20260818T054546Z,loan_to_approval,2,95,200,18.250800,
policy_only,11,4,perf-policy_only-r011-20260818T054546Z,loan_to_approval,2,96,200,16.255500,
policy_only,11,4,perf-policy_only-r011-20260818T054546Z,loan_to_approval,2,97,200,17.214900,
policy_only,11,4,perf-policy_only-r011-20260818T054546Z,loan_to_approval,2,98,200,18.313400,
policy_only,11,4,perf-policy_only-r011-20260818T054546Z,loan_to_approval,2,99,200,21.018300,
policy_only,11,4,perf-policy_only-r011-20260818T054546Z,loan_to_approval,2,100,200,17.149900,
policy_only,11,4,perf-policy_only-r011-20260818T054546Z,loan_to_approval,2,101,200,16.718700,
policy_only,11,4,perf-policy_only-r011-20260818T054546Z,loan_to_approval,2,102,200,20.138200,
policy_only,11,4,perf-policy_only-r011-20260818T054546Z,loan_to_approval,2,103,200,17.653100,
policy_only,11,4,perf-policy_only-r011-20260818T054546Z,loan_to_approval,2,104,200,17.452100,
policy_only,11,4,perf-policy_only-r011-20260818T054546Z,loan_to_approval,2,105,200,16.802000,
policy_only,11,4,perf-policy_only-r011-20260818T054546Z,loan_to_approval,2,106,200,17.018300,
policy_only,11,4,perf-policy_only-r011-20260818T054546Z,loan_to_approval,2,107,200,18.076000,
policy_only,11,4,perf-policy_only-r011-20260818T054546Z,loan_to_approval,2,108,200,17.359200,
policy_only,11,4,perf-policy_only-r011-20260818T054546Z,loan_to_approval,2,109,200,18.026300,
policy_only,11,4,perf-policy_only-r011-20260818T054546Z,loan_to_approval,2,110,200,18.074700,
policy_only,11,4,perf-policy_only-r011-20260818T054546Z,loan_to_approval,2,111,200,17.360800,
policy_only,11,4,perf-policy_only-r011-20260818T054546Z,loan_to_approval,2,112,200,16.944700,
policy_only,11,4,perf-policy_only-r011-20260818T054546Z,loan_to_approval,2,113,200,17.311400,
policy_only,11,4,perf-policy_only-r011-20260818T054546Z,loan_to_approval,2,114,200,16.785300,
policy_only,11,4,perf-policy_only-r011-20260818T054546Z,loan_to_approval,2,115,200,17.132200,
policy_only,11,4,perf-policy_only-r011-20260818T054546Z,loan_to_approval,2,116,200,16.225000,
policy_only,11,4,perf-policy_only-r011-20260818T054546Z,loan_to_approval,2,117,200,15.830400,
policy_only,11,4,perf-policy_only-r011-20260818T054546Z,loan_to_approval,2,118,200,16.357400,
policy_only,11,4,perf-policy_only-r011-20260818T054546Z,loan_to_approval,2,119,200,17.498000,
policy_only,11,4,perf-policy_only-r011-20260818T054546Z,loan_to_approval,2,120,200,22.956300,
policy_only,11,4,perf-policy_only-r011-20260818T054546Z,loan_to_approval,2,121,200,20.981100,
policy_only,11,4,perf-policy_only-r011-20260818T054546Z,loan_to_approval,2,122,200,18.913100,
policy_only,11,4,perf-policy_only-r011-20260818T054546Z,loan_to_approval,2,123,200,18.391800,
policy_only,11,4,perf-policy_only-r011-20260818T054546Z,loan_to_approval,2,124,200,17.777000,
policy_only,11,4,perf-policy_only-r011-20260818T054546Z,loan_to_approval,2,125,200,17.837200,
policy_only,11,4,perf-policy_only-r011-20260818T054546Z,loan_to_approval,2,126,200,18.136900,
policy_only,11,4,perf-policy_only-r011-20260818T054546Z,loan_to_approval,2,127,200,18.014700,
policy_only,11,4,perf-policy_only-r011-20260818T054546Z,loan_to_approval,2,128,200,16.556700,
policy_only,11,4,perf-policy_only-r011-20260818T054546Z,loan_to_approval,2,129,200,16.935500,
policy_only,11,4,perf-policy_only-r011-20260818T054546Z,loan_to_approval,2,130,200,16.890700,
policy_only,11,4,perf-policy_only-r011-20260818T054546Z,loan_to_approval,2,131,200,17.059200,
policy_only,11,4,perf-policy_only-r011-20260818T054546Z,loan_to_approval,2,132,200,17.382600,
policy_only,11,4,perf-policy_only-r011-20260818T054546Z,loan_to_approval,2,133,200,17.732700,
policy_only,11,4,perf-policy_only-r011-20260818T054546Z,loan_to_approval,2,134,200,18.629200,
policy_only,11,4,perf-policy_only-r011-20260818T054546Z,loan_to_approval,2,135,200,18.811500,
policy_only,11,4,perf-policy_only-r011-20260818T054546Z,loan_to_approval,2,136,200,17.935000,
policy_only,11,4,perf-policy_only-r011-20260818T054546Z,loan_to_approval,2,137,200,18.134800,
policy_only,11,4,perf-policy_only-r011-20260818T054546Z,loan_to_approval,2,138,200,18.471100,
policy_only,11,4,perf-policy_only-r011-20260818T054546Z,loan_to_approval,2,139,200,18.187400,
policy_only,11,4,perf-policy_only-r011-20260818T054546Z,loan_to_approval,2,140,200,18.062100,
policy_only,11,4,perf-policy_only-r011-20260818T054546Z,loan_to_approval,2,141,200,18.154300,
policy_only,11,4,perf-policy_only-r011-20260818T054546Z,loan_to_approval,2,142,200,17.680200,
policy_only,11,4,perf-policy_only-r011-20260818T054546Z,loan_to_approval,2,143,200,18.493300,
policy_only,11,4,perf-policy_only-r011-20260818T054546Z,loan_to_approval,2,144,200,18.200400,
policy_only,11,4,perf-policy_only-r011-20260818T054546Z,loan_to_approval,2,145,200,18.119300,
policy_only,11,4,perf-policy_only-r011-20260818T054546Z,loan_to_approval,2,146,200,17.904700,
policy_only,11,4,perf-policy_only-r011-20260818T054546Z,loan_to_approval,2,147,200,16.976300,
policy_only,11,4,perf-policy_only-r011-20260818T054546Z,loan_to_approval,2,148,200,18.163600,
policy_only,11,4,perf-policy_only-r011-20260818T054546Z,loan_to_approval,2,149,200,18.039800,
policy_only,11,4,perf-policy_only-r011-20260818T054546Z,loan_to_approval,2,150,200,18.166700,
policy_only,11,4,perf-policy_only-r011-20260818T054546Z,loan_to_approval,2,151,200,17.718900,
policy_only,11,4,perf-policy_only-r011-20260818T054546Z,loan_to_approval,2,152,200,19.211000,
policy_only,11,4,perf-policy_only-r011-20260818T054546Z,loan_to_approval,2,153,200,17.654100,
policy_only,11,4,perf-policy_only-r011-20260818T054546Z,loan_to_approval,2,154,200,17.864900,
policy_only,11,4,perf-policy_only-r011-20260818T054546Z,loan_to_approval,2,155,200,18.117100,
policy_only,11,4,perf-policy_only-r011-20260818T054546Z,loan_to_approval,2,156,200,18.134900,
policy_only,11,4,perf-policy_only-r011-20260818T054546Z,loan_to_approval,2,157,200,17.573200,
policy_only,11,4,perf-policy_only-r011-20260818T054546Z,loan_to_approval,2,158,200,18.518400,
policy_only,11,4,perf-policy_only-r011-20260818T054546Z,loan_to_approval,2,159,200,17.666700,
policy_only,11,4,perf-policy_only-r011-20260818T054546Z,loan_to_approval,2,160,200,17.240700,
policy_only,11,4,perf-policy_only-r011-20260818T054546Z,loan_to_approval,2,161,200,17.943300,
policy_only,11,4,perf-policy_only-r011-20260818T054546Z,loan_to_approval,2,162,200,17.614000,
policy_only,11,4,perf-policy_only-r011-20260818T054546Z,loan_to_approval,2,163,200,18.215800,
policy_only,11,4,perf-policy_only-r011-20260818T054546Z,loan_to_approval,2,164,200,18.836900,
policy_only,11,4,perf-policy_only-r011-20260818T054546Z,loan_to_approval,2,165,200,20.048500,
policy_only,11,4,perf-policy_only-r011-20260818T054546Z,loan_to_approval,2,166,200,17.778000,
policy_only,11,4,perf-policy_only-r011-20260818T054546Z,loan_to_approval,2,167,200,17.814200,
policy_only,11,4,perf-policy_only-r011-20260818T054546Z,loan_to_approval,2,168,200,17.333000,
policy_only,11,4,perf-policy_only-r011-20260818T054546Z,loan_to_approval,2,169,200,18.156400,
policy_only,11,4,perf-policy_only-r011-20260818T054546Z,loan_to_approval,2,170,200,17.463600,
policy_only,11,4,perf-policy_only-r011-20260818T054546Z,loan_to_approval,2,171,200,16.957300,
policy_only,11,4,perf-policy_only-r011-20260818T054546Z,loan_to_approval,2,172,200,18.745900,
policy_only,11,4,perf-policy_only-r011-20260818T054546Z,loan_to_approval,2,173,200,20.138600,
policy_only,11,4,perf-policy_only-r011-20260818T054546Z,loan_to_approval,2,174,200,16.532200,
policy_only,11,4,perf-policy_only-r011-20260818T054546Z,loan_to_approval,2,175,200,16.449300,
policy_only,11,4,perf-policy_only-r011-20260818T054546Z,loan_to_approval,2,176,200,16.628700,
policy_only,11,4,perf-policy_only-r011-20260818T054546Z,loan_to_approval,2,177,200,16.536600,
policy_only,11,4,perf-policy_only-r011-20260818T054546Z,loan_to_approval,2,178,200,16.435200,
policy_only,11,4,perf-policy_only-r011-20260818T054546Z,loan_to_approval,2,179,200,17.651800,
policy_only,11,4,perf-policy_only-r011-20260818T054546Z,loan_to_approval,2,180,200,16.468800,
policy_only,11,4,perf-policy_only-r011-20260818T054546Z,loan_to_approval,2,181,200,16.120800,
policy_only,11,4,perf-policy_only-r011-20260818T054546Z,loan_to_approval,2,182,200,15.647200,
policy_only,11,4,perf-policy_only-r011-20260818T054546Z,loan_to_approval,2,183,200,16.013600,
policy_only,11,4,perf-policy_only-r011-20260818T054546Z,loan_to_approval,2,184,200,16.154400,
policy_only,11,4,perf-policy_only-r011-20260818T054546Z,loan_to_approval,2,185,200,15.946100,
policy_only,11,4,perf-policy_only-r011-20260818T054546Z,loan_to_approval,2,186,200,16.093400,
policy_only,11,4,perf-policy_only-r011-20260818T054546Z,loan_to_approval,2,187,200,17.190600,
policy_only,11,4,perf-policy_only-r011-20260818T054546Z,loan_to_approval,2,188,200,17.933600,
policy_only,11,4,perf-policy_only-r011-20260818T054546Z,loan_to_approval,2,189,200,17.159600,
policy_only,11,4,perf-policy_only-r011-20260818T054546Z,loan_to_approval,2,190,200,16.544800,
policy_only,11,4,perf-policy_only-r011-20260818T054546Z,loan_to_approval,2,191,200,16.430900,
policy_only,11,4,perf-policy_only-r011-20260818T054546Z,loan_to_approval,2,192,200,17.221400,
policy_only,11,4,perf-policy_only-r011-20260818T054546Z,loan_to_approval,2,193,200,16.438200,
policy_only,11,4,perf-policy_only-r011-20260818T054546Z,loan_to_approval,2,194,200,15.289800,
policy_only,11,4,perf-policy_only-r011-20260818T054546Z,loan_to_approval,2,195,200,16.430800,
policy_only,11,4,perf-policy_only-r011-20260818T054546Z,loan_to_approval,2,196,200,16.330600,
policy_only,11,4,perf-policy_only-r011-20260818T054546Z,loan_to_approval,2,197,200,17.659500,
policy_only,11,4,perf-policy_only-r011-20260818T054546Z,loan_to_approval,2,198,200,19.087700,
policy_only,11,4,perf-policy_only-r011-20260818T054546Z,loan_to_approval,2,199,200,17.249800,
policy_only,11,4,perf-policy_only-r011-20260818T054546Z,loan_to_approval,2,200,200,19.551200,
policy_only,11,4,perf-policy_only-r011-20260818T054546Z,loan_to_approval,3,1,200,17.494900,
policy_only,11,4,perf-policy_only-r011-20260818T054546Z,loan_to_approval,3,2,200,16.647500,
policy_only,11,4,perf-policy_only-r011-20260818T054546Z,loan_to_approval,3,3,200,17.097800,
policy_only,11,4,perf-policy_only-r011-20260818T054546Z,loan_to_approval,3,4,200,16.854100,
policy_only,11,4,perf-policy_only-r011-20260818T054546Z,loan_to_approval,3,5,200,16.019000,
policy_only,11,4,perf-policy_only-r011-20260818T054546Z,loan_to_approval,3,6,200,16.575000,
policy_only,11,4,perf-policy_only-r011-20260818T054546Z,loan_to_approval,3,7,200,15.146100,
policy_only,11,4,perf-policy_only-r011-20260818T054546Z,loan_to_approval,3,8,200,17.437400,
policy_only,11,4,perf-policy_only-r011-20260818T054546Z,loan_to_approval,3,9,200,16.405600,
policy_only,11,4,perf-policy_only-r011-20260818T054546Z,loan_to_approval,3,10,200,16.815600,
policy_only,11,4,perf-policy_only-r011-20260818T054546Z,loan_to_approval,3,11,200,17.634700,
policy_only,11,4,perf-policy_only-r011-20260818T054546Z,loan_to_approval,3,12,200,16.617900,
policy_only,11,4,perf-policy_only-r011-20260818T054546Z,loan_to_approval,3,13,200,17.173600,
policy_only,11,4,perf-policy_only-r011-20260818T054546Z,loan_to_approval,3,14,200,15.892100,
policy_only,11,4,perf-policy_only-r011-20260818T054546Z,loan_to_approval,3,15,200,15.758800,
policy_only,11,4,perf-policy_only-r011-20260818T054546Z,loan_to_approval,3,16,200,15.801900,
policy_only,11,4,perf-policy_only-r011-20260818T054546Z,loan_to_approval,3,17,200,16.042300,
policy_only,11,4,perf-policy_only-r011-20260818T054546Z,loan_to_approval,3,18,200,16.151600,
policy_only,11,4,perf-policy_only-r011-20260818T054546Z,loan_to_approval,3,19,200,16.062600,
policy_only,11,4,perf-policy_only-r011-20260818T054546Z,loan_to_approval,3,20,200,16.764600,
policy_only,11,4,perf-policy_only-r011-20260818T054546Z,loan_to_approval,3,21,200,15.865200,
policy_only,11,4,perf-policy_only-r011-20260818T054546Z,loan_to_approval,3,22,200,16.284200,
policy_only,11,4,perf-policy_only-r011-20260818T054546Z,loan_to_approval,3,23,200,15.835600,
policy_only,11,4,perf-policy_only-r011-20260818T054546Z,loan_to_approval,3,24,200,17.103400,
policy_only,11,4,perf-policy_only-r011-20260818T054546Z,loan_to_approval,3,25,200,17.259500,
policy_only,11,4,perf-policy_only-r011-20260818T054546Z,loan_to_approval,3,26,200,16.805900,
policy_only,11,4,perf-policy_only-r011-20260818T054546Z,loan_to_approval,3,27,200,18.245600,
policy_only,11,4,perf-policy_only-r011-20260818T054546Z,loan_to_approval,3,28,200,18.724600,
policy_only,11,4,perf-policy_only-r011-20260818T054546Z,loan_to_approval,3,29,200,18.657000,
policy_only,11,4,perf-policy_only-r011-20260818T054546Z,loan_to_approval,3,30,200,18.233800,
policy_only,11,4,perf-policy_only-r011-20260818T054546Z,loan_to_approval,3,31,200,16.651900,
policy_only,11,4,perf-policy_only-r011-20260818T054546Z,loan_to_approval,3,32,200,17.316600,
policy_only,11,4,perf-policy_only-r011-20260818T054546Z,loan_to_approval,3,33,200,16.966200,
policy_only,11,4,perf-policy_only-r011-20260818T054546Z,loan_to_approval,3,34,200,19.425700,
policy_only,11,4,perf-policy_only-r011-20260818T054546Z,loan_to_approval,3,35,200,16.937300,
policy_only,11,4,perf-policy_only-r011-20260818T054546Z,loan_to_approval,3,36,200,18.867900,
policy_only,11,4,perf-policy_only-r011-20260818T054546Z,loan_to_approval,3,37,200,16.839700,
policy_only,11,4,perf-policy_only-r011-20260818T054546Z,loan_to_approval,3,38,200,17.036400,
policy_only,11,4,perf-policy_only-r011-20260818T054546Z,loan_to_approval,3,39,200,16.790400,
policy_only,11,4,perf-policy_only-r011-20260818T054546Z,loan_to_approval,3,40,200,16.505400,
policy_only,11,4,perf-policy_only-r011-20260818T054546Z,loan_to_approval,3,41,200,16.338600,
policy_only,11,4,perf-policy_only-r011-20260818T054546Z,loan_to_approval,3,42,200,15.958500,
policy_only,11,4,perf-policy_only-r011-20260818T054546Z,loan_to_approval,3,43,200,17.171700,
policy_only,11,4,perf-policy_only-r011-20260818T054546Z,loan_to_approval,3,44,200,16.794500,
policy_only,11,4,perf-policy_only-r011-20260818T054546Z,loan_to_approval,3,45,200,15.607600,
policy_only,11,4,perf-policy_only-r011-20260818T054546Z,loan_to_approval,3,46,200,16.521500,
policy_only,11,4,perf-policy_only-r011-20260818T054546Z,loan_to_approval,3,47,200,17.138400,
policy_only,11,4,perf-policy_only-r011-20260818T054546Z,loan_to_approval,3,48,200,17.440800,
policy_only,11,4,perf-policy_only-r011-20260818T054546Z,loan_to_approval,3,49,200,16.444000,
policy_only,11,4,perf-policy_only-r011-20260818T054546Z,loan_to_approval,3,50,200,17.079200,
policy_only,11,4,perf-policy_only-r011-20260818T054546Z,loan_to_approval,3,51,200,17.950000,
policy_only,11,4,perf-policy_only-r011-20260818T054546Z,loan_to_approval,3,52,200,19.060100,
policy_only,11,4,perf-policy_only-r011-20260818T054546Z,loan_to_approval,3,53,200,18.636700,
policy_only,11,4,perf-policy_only-r011-20260818T054546Z,loan_to_approval,3,54,200,17.712100,
policy_only,11,4,perf-policy_only-r011-20260818T054546Z,loan_to_approval,3,55,200,17.542600,
policy_only,11,4,perf-policy_only-r011-20260818T054546Z,loan_to_approval,3,56,200,17.982400,
policy_only,11,4,perf-policy_only-r011-20260818T054546Z,loan_to_approval,3,57,200,16.887500,
policy_only,11,4,perf-policy_only-r011-20260818T054546Z,loan_to_approval,3,58,200,18.452400,
policy_only,11,4,perf-policy_only-r011-20260818T054546Z,loan_to_approval,3,59,200,17.728000,
policy_only,11,4,perf-policy_only-r011-20260818T054546Z,loan_to_approval,3,60,200,17.523000,
policy_only,11,4,perf-policy_only-r011-20260818T054546Z,loan_to_approval,3,61,200,17.355100,
policy_only,11,4,perf-policy_only-r011-20260818T054546Z,loan_to_approval,3,62,200,17.087500,
policy_only,11,4,perf-policy_only-r011-20260818T054546Z,loan_to_approval,3,63,200,16.717000,
policy_only,11,4,perf-policy_only-r011-20260818T054546Z,loan_to_approval,3,64,200,17.861400,
policy_only,11,4,perf-policy_only-r011-20260818T054546Z,loan_to_approval,3,65,200,17.468100,
policy_only,11,4,perf-policy_only-r011-20260818T054546Z,loan_to_approval,3,66,200,16.391000,
policy_only,11,4,perf-policy_only-r011-20260818T054546Z,loan_to_approval,3,67,200,17.421100,
policy_only,11,4,perf-policy_only-r011-20260818T054546Z,loan_to_approval,3,68,200,16.457700,
policy_only,11,4,perf-policy_only-r011-20260818T054546Z,loan_to_approval,3,69,200,15.812100,
policy_only,11,4,perf-policy_only-r011-20260818T054546Z,loan_to_approval,3,70,200,16.610500,
policy_only,11,4,perf-policy_only-r011-20260818T054546Z,loan_to_approval,3,71,200,16.532900,
policy_only,11,4,perf-policy_only-r011-20260818T054546Z,loan_to_approval,3,72,200,17.258100,
policy_only,11,4,perf-policy_only-r011-20260818T054546Z,loan_to_approval,3,73,200,23.603800,
policy_only,11,4,perf-policy_only-r011-20260818T054546Z,loan_to_approval,3,74,200,23.127700,
policy_only,11,4,perf-policy_only-r011-20260818T054546Z,loan_to_approval,3,75,200,20.225600,
policy_only,11,4,perf-policy_only-r011-20260818T054546Z,loan_to_approval,3,76,200,17.908000,
policy_only,11,4,perf-policy_only-r011-20260818T054546Z,loan_to_approval,3,77,200,17.565200,
policy_only,11,4,perf-policy_only-r011-20260818T054546Z,loan_to_approval,3,78,200,17.694200,
policy_only,11,4,perf-policy_only-r011-20260818T054546Z,loan_to_approval,3,79,200,16.988400,
policy_only,11,4,perf-policy_only-r011-20260818T054546Z,loan_to_approval,3,80,200,16.784100,
policy_only,11,4,perf-policy_only-r011-20260818T054546Z,loan_to_approval,3,81,200,16.927900,
policy_only,11,4,perf-policy_only-r011-20260818T054546Z,loan_to_approval,3,82,200,17.307300,
policy_only,11,4,perf-policy_only-r011-20260818T054546Z,loan_to_approval,3,83,200,19.170600,
policy_only,11,4,perf-policy_only-r011-20260818T054546Z,loan_to_approval,3,84,200,18.422700,
policy_only,11,4,perf-policy_only-r011-20260818T054546Z,loan_to_approval,3,85,200,18.756200,
policy_only,11,4,perf-policy_only-r011-20260818T054546Z,loan_to_approval,3,86,200,17.932400,
policy_only,11,4,perf-policy_only-r011-20260818T054546Z,loan_to_approval,3,87,200,23.560500,
policy_only,11,4,perf-policy_only-r011-20260818T054546Z,loan_to_approval,3,88,200,17.591600,
policy_only,11,4,perf-policy_only-r011-20260818T054546Z,loan_to_approval,3,89,200,16.339900,
policy_only,11,4,perf-policy_only-r011-20260818T054546Z,loan_to_approval,3,90,200,16.642100,
policy_only,11,4,perf-policy_only-r011-20260818T054546Z,loan_to_approval,3,91,200,16.033600,
policy_only,11,4,perf-policy_only-r011-20260818T054546Z,loan_to_approval,3,92,200,17.073900,
policy_only,11,4,perf-policy_only-r011-20260818T054546Z,loan_to_approval,3,93,200,17.481100,
policy_only,11,4,perf-policy_only-r011-20260818T054546Z,loan_to_approval,3,94,200,17.203400,
policy_only,11,4,perf-policy_only-r011-20260818T054546Z,loan_to_approval,3,95,200,15.986200,
policy_only,11,4,perf-policy_only-r011-20260818T054546Z,loan_to_approval,3,96,200,15.965800,
policy_only,11,4,perf-policy_only-r011-20260818T054546Z,loan_to_approval,3,97,200,15.760000,
policy_only,11,4,perf-policy_only-r011-20260818T054546Z,loan_to_approval,3,98,200,16.209800,
policy_only,11,4,perf-policy_only-r011-20260818T054546Z,loan_to_approval,3,99,200,17.367500,
policy_only,11,4,perf-policy_only-r011-20260818T054546Z,loan_to_approval,3,100,200,15.531600,
policy_only,11,4,perf-policy_only-r011-20260818T054546Z,loan_to_approval,3,101,200,16.008300,
policy_only,11,4,perf-policy_only-r011-20260818T054546Z,loan_to_approval,3,102,200,17.285200,
policy_only,11,4,perf-policy_only-r011-20260818T054546Z,loan_to_approval,3,103,200,16.667800,
policy_only,11,4,perf-policy_only-r011-20260818T054546Z,loan_to_approval,3,104,200,15.665300,
policy_only,11,4,perf-policy_only-r011-20260818T054546Z,loan_to_approval,3,105,200,15.708100,
policy_only,11,4,perf-policy_only-r011-20260818T054546Z,loan_to_approval,3,106,200,16.767800,
policy_only,11,4,perf-policy_only-r011-20260818T054546Z,loan_to_approval,3,107,200,16.744600,
policy_only,11,4,perf-policy_only-r011-20260818T054546Z,loan_to_approval,3,108,200,15.879300,
policy_only,11,4,perf-policy_only-r011-20260818T054546Z,loan_to_approval,3,109,200,16.203600,
policy_only,11,4,perf-policy_only-r011-20260818T054546Z,loan_to_approval,3,110,200,17.076200,
policy_only,11,4,perf-policy_only-r011-20260818T054546Z,loan_to_approval,3,111,200,16.888200,
policy_only,11,4,perf-policy_only-r011-20260818T054546Z,loan_to_approval,3,112,200,16.847100,
policy_only,11,4,perf-policy_only-r011-20260818T054546Z,loan_to_approval,3,113,200,18.526300,
policy_only,11,4,perf-policy_only-r011-20260818T054546Z,loan_to_approval,3,114,200,19.954800,
policy_only,11,4,perf-policy_only-r011-20260818T054546Z,loan_to_approval,3,115,200,16.602400,
policy_only,11,4,perf-policy_only-r011-20260818T054546Z,loan_to_approval,3,116,200,17.767600,
policy_only,11,4,perf-policy_only-r011-20260818T054546Z,loan_to_approval,3,117,200,19.166700,
policy_only,11,4,perf-policy_only-r011-20260818T054546Z,loan_to_approval,3,118,200,16.998600,
policy_only,11,4,perf-policy_only-r011-20260818T054546Z,loan_to_approval,3,119,200,16.838200,
policy_only,11,4,perf-policy_only-r011-20260818T054546Z,loan_to_approval,3,120,200,17.481200,
policy_only,11,4,perf-policy_only-r011-20260818T054546Z,loan_to_approval,3,121,200,16.460200,
policy_only,11,4,perf-policy_only-r011-20260818T054546Z,loan_to_approval,3,122,200,15.898200,
policy_only,11,4,perf-policy_only-r011-20260818T054546Z,loan_to_approval,3,123,200,17.026900,
policy_only,11,4,perf-policy_only-r011-20260818T054546Z,loan_to_approval,3,124,200,16.206400,
policy_only,11,4,perf-policy_only-r011-20260818T054546Z,loan_to_approval,3,125,200,16.835100,
policy_only,11,4,perf-policy_only-r011-20260818T054546Z,loan_to_approval,3,126,200,15.853000,
policy_only,11,4,perf-policy_only-r011-20260818T054546Z,loan_to_approval,3,127,200,16.104400,
policy_only,11,4,perf-policy_only-r011-20260818T054546Z,loan_to_approval,3,128,200,16.065400,
policy_only,11,4,perf-policy_only-r011-20260818T054546Z,loan_to_approval,3,129,200,16.809000,
policy_only,11,4,perf-policy_only-r011-20260818T054546Z,loan_to_approval,3,130,200,16.857500,
policy_only,11,4,perf-policy_only-r011-20260818T054546Z,loan_to_approval,3,131,200,16.431800,
policy_only,11,4,perf-policy_only-r011-20260818T054546Z,loan_to_approval,3,132,200,16.583100,
policy_only,11,4,perf-policy_only-r011-20260818T054546Z,loan_to_approval,3,133,200,16.377200,
policy_only,11,4,perf-policy_only-r011-20260818T054546Z,loan_to_approval,3,134,200,16.543900,
policy_only,11,4,perf-policy_only-r011-20260818T054546Z,loan_to_approval,3,135,200,16.164300,
policy_only,11,4,perf-policy_only-r011-20260818T054546Z,loan_to_approval,3,136,200,16.968000,
policy_only,11,4,perf-policy_only-r011-20260818T054546Z,loan_to_approval,3,137,200,15.855900,
policy_only,11,4,perf-policy_only-r011-20260818T054546Z,loan_to_approval,3,138,200,15.873700,
policy_only,11,4,perf-policy_only-r011-20260818T054546Z,loan_to_approval,3,139,200,16.122900,
policy_only,11,4,perf-policy_only-r011-20260818T054546Z,loan_to_approval,3,140,200,15.855500,
policy_only,11,4,perf-policy_only-r011-20260818T054546Z,loan_to_approval,3,141,200,15.998400,
policy_only,11,4,perf-policy_only-r011-20260818T054546Z,loan_to_approval,3,142,200,15.960300,
policy_only,11,4,perf-policy_only-r011-20260818T054546Z,loan_to_approval,3,143,200,16.397100,
policy_only,11,4,perf-policy_only-r011-20260818T054546Z,loan_to_approval,3,144,200,16.947000,
policy_only,11,4,perf-policy_only-r011-20260818T054546Z,loan_to_approval,3,145,200,15.534300,
policy_only,11,4,perf-policy_only-r011-20260818T054546Z,loan_to_approval,3,146,200,15.669900,
policy_only,11,4,perf-policy_only-r011-20260818T054546Z,loan_to_approval,3,147,200,16.129500,
policy_only,11,4,perf-policy_only-r011-20260818T054546Z,loan_to_approval,3,148,200,17.495700,
policy_only,11,4,perf-policy_only-r011-20260818T054546Z,loan_to_approval,3,149,200,17.243600,
policy_only,11,4,perf-policy_only-r011-20260818T054546Z,loan_to_approval,3,150,200,17.189000,
policy_only,11,4,perf-policy_only-r011-20260818T054546Z,loan_to_approval,3,151,200,16.508400,
policy_only,11,4,perf-policy_only-r011-20260818T054546Z,loan_to_approval,3,152,200,15.316500,
policy_only,11,4,perf-policy_only-r011-20260818T054546Z,loan_to_approval,3,153,200,16.202100,
policy_only,11,4,perf-policy_only-r011-20260818T054546Z,loan_to_approval,3,154,200,16.589300,
policy_only,11,4,perf-policy_only-r011-20260818T054546Z,loan_to_approval,3,155,200,15.388200,
policy_only,11,4,perf-policy_only-r011-20260818T054546Z,loan_to_approval,3,156,200,16.241300,
policy_only,11,4,perf-policy_only-r011-20260818T054546Z,loan_to_approval,3,157,200,16.965200,
policy_only,11,4,perf-policy_only-r011-20260818T054546Z,loan_to_approval,3,158,200,17.087900,
policy_only,11,4,perf-policy_only-r011-20260818T054546Z,loan_to_approval,3,159,200,16.579700,
policy_only,11,4,perf-policy_only-r011-20260818T054546Z,loan_to_approval,3,160,200,16.323300,
policy_only,11,4,perf-policy_only-r011-20260818T054546Z,loan_to_approval,3,161,200,16.151800,
policy_only,11,4,perf-policy_only-r011-20260818T054546Z,loan_to_approval,3,162,200,15.472500,
policy_only,11,4,perf-policy_only-r011-20260818T054546Z,loan_to_approval,3,163,200,15.929400,
policy_only,11,4,perf-policy_only-r011-20260818T054546Z,loan_to_approval,3,164,200,16.896800,
policy_only,11,4,perf-policy_only-r011-20260818T054546Z,loan_to_approval,3,165,200,17.797300,
policy_only,11,4,perf-policy_only-r011-20260818T054546Z,loan_to_approval,3,166,200,16.534300,
policy_only,11,4,perf-policy_only-r011-20260818T054546Z,loan_to_approval,3,167,200,16.106900,
policy_only,11,4,perf-policy_only-r011-20260818T054546Z,loan_to_approval,3,168,200,16.119700,
policy_only,11,4,perf-policy_only-r011-20260818T054546Z,loan_to_approval,3,169,200,17.146000,
policy_only,11,4,perf-policy_only-r011-20260818T054546Z,loan_to_approval,3,170,200,16.583900,
policy_only,11,4,perf-policy_only-r011-20260818T054546Z,loan_to_approval,3,171,200,15.869600,
policy_only,11,4,perf-policy_only-r011-20260818T054546Z,loan_to_approval,3,172,200,15.907300,
policy_only,11,4,perf-policy_only-r011-20260818T054546Z,loan_to_approval,3,173,200,15.867700,
policy_only,11,4,perf-policy_only-r011-20260818T054546Z,loan_to_approval,3,174,200,17.254500,
policy_only,11,4,perf-policy_only-r011-20260818T054546Z,loan_to_approval,3,175,200,15.905000,
policy_only,11,4,perf-policy_only-r011-20260818T054546Z,loan_to_approval,3,176,200,17.022200,
policy_only,11,4,perf-policy_only-r011-20260818T054546Z,loan_to_approval,3,177,200,17.173600,
policy_only,11,4,perf-policy_only-r011-20260818T054546Z,loan_to_approval,3,178,200,16.120400,
policy_only,11,4,perf-policy_only-r011-20260818T054546Z,loan_to_approval,3,179,200,18.421300,
policy_only,11,4,perf-policy_only-r011-20260818T054546Z,loan_to_approval,3,180,200,16.514800,
policy_only,11,4,perf-policy_only-r011-20260818T054546Z,loan_to_approval,3,181,200,16.813000,
policy_only,11,4,perf-policy_only-r011-20260818T054546Z,loan_to_approval,3,182,200,16.710000,
policy_only,11,4,perf-policy_only-r011-20260818T054546Z,loan_to_approval,3,183,200,15.874500,
policy_only,11,4,perf-policy_only-r011-20260818T054546Z,loan_to_approval,3,184,200,16.066000,
policy_only,11,4,perf-policy_only-r011-20260818T054546Z,loan_to_approval,3,185,200,16.455300,
policy_only,11,4,perf-policy_only-r011-20260818T054546Z,loan_to_approval,3,186,200,16.548800,
policy_only,11,4,perf-policy_only-r011-20260818T054546Z,loan_to_approval,3,187,200,15.724000,
policy_only,11,4,perf-policy_only-r011-20260818T054546Z,loan_to_approval,3,188,200,16.114300,
policy_only,11,4,perf-policy_only-r011-20260818T054546Z,loan_to_approval,3,189,200,17.365600,
policy_only,11,4,perf-policy_only-r011-20260818T054546Z,loan_to_approval,3,190,200,16.561600,
policy_only,11,4,perf-policy_only-r011-20260818T054546Z,loan_to_approval,3,191,200,17.126800,
policy_only,11,4,perf-policy_only-r011-20260818T054546Z,loan_to_approval,3,192,200,16.024500,
policy_only,11,4,perf-policy_only-r011-20260818T054546Z,loan_to_approval,3,193,200,16.106600,
policy_only,11,4,perf-policy_only-r011-20260818T054546Z,loan_to_approval,3,194,200,16.836900,
policy_only,11,4,perf-policy_only-r011-20260818T054546Z,loan_to_approval,3,195,200,15.762300,
policy_only,11,4,perf-policy_only-r011-20260818T054546Z,loan_to_approval,3,196,200,16.104100,
policy_only,11,4,perf-policy_only-r011-20260818T054546Z,loan_to_approval,3,197,200,16.248800,
policy_only,11,4,perf-policy_only-r011-20260818T054546Z,loan_to_approval,3,198,200,16.058000,
policy_only,11,4,perf-policy_only-r011-20260818T054546Z,loan_to_approval,3,199,200,15.951200,
policy_only,11,4,perf-policy_only-r011-20260818T054546Z,loan_to_approval,3,200,200,15.916400,
