mode,round_id,order_position,experiment_run_id,flow,batch_id,request_id,status_code,latency_ms,error
baseline,5,1,perf-baseline-r005-20260818T051734Z,loan_to_customer,1,1,200,14.290800,
baseline,5,1,perf-baseline-r005-20260818T051734Z,loan_to_customer,1,2,200,14.044900,
baseline,5,1,perf-baseline-r005-20260818T051734Z,loan_to_customer,1,3,200,14.794200,
baseline,5,1,perf-baseline-r005-20260818T051734Z,loan_to_customer,1,4,200,14.856200,
baseline,5,1,perf-baseline-r005-20260818T051734Z,loan_to_customer,1,5,200,16.568800,
baseline,5,1,perf-baseline-r005-20260818T051734Z,loan_to_customer,1,6,200,13.525000,
baseline,5,1,perf-baseline-r005-20260818T051734Z,loan_to_customer,1,7,200,14.288300,
baseline,5,1,perf-baseline-r005-20260818T051734Z,loan_to_customer,1,8,200,14.856600,
baseline,5,1,perf-baseline-r005-20260818T051734Z,loan_to_customer,1,9,200,14.929000,
baseline,5,1,perf-baseline-r005-20260818T051734Z,loan_to_customer,1,10,200,14.806100,
baseline,5,1,perf-baseline-r005-20260818T051734Z,loan_to_customer,1,11,200,15.755000,
baseline,5,1,perf-baseline-r005-20260818T051734Z,loan_to_customer,1,12,200,15.512800,
baseline,5,1,perf-baseline-r005-20260818T051734Z,loan_to_customer,1,13,200,15.466300,
baseline,5,1,perf-baseline-r005-20260818T051734Z,loan_to_customer,1,14,200,15.498600,
baseline,5,1,perf-baseline-r005-20260818T051734Z,loan_to_customer,1,15,200,15.852000,
baseline,5,1,perf-baseline-r005-20260818T051734Z,loan_to_customer,1,16,200,15.188300,
baseline,5,1,perf-baseline-r005-20260818T051734Z,loan_to_customer,1,17,200,14.621200,
baseline,5,1,perf-baseline-r005-20260818T051734Z,loan_to_customer,1,18,200,14.897200,
baseline,5,1,perf-baseline-r005-20260818T051734Z,loan_to_customer,1,19,200,14.182900,
baseline,5,1,perf-baseline-r005-20260818T051734Z,loan_to_customer,1,20,200,14.575400,
baseline,5,1,perf-baseline-r005-20260818T051734Z,loan_to_customer,1,21,200,14.658800,
baseline,5,1,perf-baseline-r005-20260818T051734Z,loan_to_customer,1,22,200,14.733800,
baseline,5,1,perf-baseline-r005-20260818T051734Z,loan_to_customer,1,23,200,13.879800,
baseline,5,1,perf-baseline-r005-20260818T051734Z,loan_to_customer,1,24,200,16.659700,
baseline,5,1,perf-baseline-r005-20260818T051734Z,loan_to_customer,1,25,200,14.975400,
baseline,5,1,perf-baseline-r005-20260818T051734Z,loan_to_customer,1,26,200,14.759300,
baseline,5,1,perf-baseline-r005-20260818T051734Z,loan_to_customer,1,27,200,16.098800,
baseline,5,1,perf-baseline-r005-20260818T051734Z,loan_to_customer,1,28,200,14.213200,
baseline,5,1,perf-baseline-r005-20260818T051734Z,loan_to_customer,1,29,200,13.878300,
baseline,5,1,perf-baseline-r005-20260818T051734Z,loan_to_customer,1,30,200,14.177000,
baseline,5,1,perf-baseline-r005-20260818T051734Z,loan_to_customer,1,31,200,13.503100,
baseline,5,1,perf-baseline-r005-20260818T051734Z,loan_to_customer,1,32,200,14.878500,
baseline,5,1,perf-baseline-r005-20260818T051734Z,loan_to_customer,1,33,200,13.725600,
baseline,5,1,perf-baseline-r005-20260818T051734Z,loan_to_customer,1,34,200,14.373200,
baseline,5,1,perf-baseline-r005-20260818T051734Z,loan_to_customer,1,35,200,14.059700,
baseline,5,1,perf-baseline-r005-20260818T051734Z,loan_to_customer,1,36,200,14.586500,
baseline,5,1,perf-baseline-r005-20260818T051734Z,loan_to_customer,1,37,200,14.663100,
baseline,5,1,perf-baseline-r005-20260818T051734Z,loan_to_customer,1,38,200,14.060000,
baseline,5,1,perf-baseline-r005-20260818T051734Z,loan_to_customer,1,39,200,14.181700,
baseline,5,1,perf-baseline-r005-20260818T051734Z,loan_to_customer,1,40,200,14.918100,
baseline,5,1,perf-baseline-r005-20260818T051734Z,loan_to_customer,1,41,200,14.287400,
baseline,5,1,perf-baseline-r005-20260818T051734Z,loan_to_customer,1,42,200,13.845000,
baseline,5,1,perf-baseline-r005-20260818T051734Z,loan_to_customer,1,43,200,13.894300,
baseline,5,1,perf-baseline-r005-20260818T051734Z,loan_to_customer,1,44,200,14.951200,
baseline,5,1,perf-baseline-r005-20260818T051734Z,loan_to_customer,1,45,200,14.170900,
baseline,5,1,perf-baseline-r005-20260818T051734Z,loan_to_customer,1,46,200,15.328600,
baseline,5,1,perf-baseline-r005-20260818T051734Z,loan_to_customer,1,47,200,14.908500,
baseline,5,1,perf-baseline-r005-20260818T051734Z,loan_to_customer,1,48,200,14.859600,
baseline,5,1,perf-baseline-r005-20260818T051734Z,loan_to_customer,1,49,200,14.422200,
baseline,5,1,perf-baseline-r005-20260818T051734Z,loan_to_customer,1,50,200,14.055600,
baseline,5,1,perf-baseline-r005-20260818T051734Z,loan_to_customer,1,51,200,14.160600,
baseline,5,1,perf-baseline-r005-20260818T051734Z,loan_to_customer,1,52,200,14.584900,
baseline,5,1,perf-baseline-r005-20260818T051734Z,loan_to_customer,1,53,200,13.716300,
baseline,5,1,perf-baseline-r005-20260818T051734Z,loan_to_customer,1,54,200,14.482800,
baseline,5,1,perf-baseline-r005-20260818T051734Z,loan_to_customer,1,55,200,15.731900,
baseline,5,1,perf-baseline-r005-20260818T051734Z,loan_to_customer,1,56,200,14.854100,
baseline,5,1,perf-baseline-r005-20260818T051734Z,loan_to_customer,1,57,200,15.019500,
baseline,5,1,perf-baseline-r005-20260818T051734Z,loan_to_customer,1,58,200,15.475400,
baseline,5,1,perf-baseline-r005-20260818T051734Z,loan_to_customer,1,59,200,14.876600,
baseline,5,1,perf-baseline-r005-20260818T051734Z,loan_to_customer,1,60,200,15.198600,
baseline,5,1,perf-baseline-r005-20260818T051734Z,loan_to_customer,1,61,200,14.731500,
baseline,5,1,perf-baseline-r005-20260818T051734Z,loan_to_customer,1,62,200,14.206800,
baseline,5,1,perf-baseline-r005-20260818T051734Z,loan_to_customer,1,63,200,14.520100,
baseline,5,1,perf-baseline-r005-20260818T051734Z,loan_to_customer,1,64,200,14.758300,
baseline,5,1,perf-baseline-r005-20260818T051734Z,loan_to_customer,1,65,200,15.299300,
baseline,5,1,perf-baseline-r005-20260818T051734Z,loan_to_customer,1,66,200,15.128100,
baseline,5,1,perf-baseline-r005-20260818T051734Z,loan_to_customer,1,67,200,14.320000,
baseline,5,1,perf-baseline-r005-20260818T051734Z,loan_to_customer,1,68,200,14.236400,
baseline,5,1,perf-baseline-r005-20260818T051734Z,loan_to_customer,1,69,200,14.109200,
baseline,5,1,perf-baseline-r005-20260818T051734Z,loan_to_customer,1,70,200,14.031200,
baseline,5,1,perf-baseline-r005-20260818T051734Z,loan_to_customer,1,71,200,14.870100,
baseline,5,1,perf-baseline-r005-20260818T051734Z,loan_to_customer,1,72,200,14.728200,
baseline,5,1,perf-baseline-r005-20260818T051734Z,loan_to_customer,1,73,200,13.663700,
baseline,5,1,perf-baseline-r005-20260818T051734Z,loan_to_customer,1,74,200,14.335500,
baseline,5,1,perf-baseline-r005-20260818T051734Z,loan_to_customer,1,75,200,13.787500,
baseline,5,1,perf-baseline-r005-20260818T051734Z,loan_to_customer,1,76,200,14.189000,
baseline,5,1,perf-baseline-r005-20260818T051734Z,loan_to_customer,1,77,200,14.802600,
baseline,5,1,perf-baseline-r005-20260818T051734Z,loan_to_customer,1,78,200,13.797300,
baseline,5,1,perf-baseline-r005-20260818T051734Z,loan_to_customer,1,79,200,14.280800,
baseline,5,1,perf-baseline-r005-20260818T051734Z,loan_to_customer,1,80,200,14.528700,
baseline,5,1,perf-baseline-r005-20260818T051734Z,loan_to_customer,1,81,200,15.170700,
baseline,5,1,perf-baseline-r005-20260818T051734Z,loan_to_customer,1,82,200,14.321200,
baseline,5,1,perf-baseline-r005-20260818T051734Z,loan_to_customer,1,83,200,14.710700,
baseline,5,1,perf-baseline-r005-20260818T051734Z,loan_to_customer,1,84,200,14.277900,
baseline,5,1,perf-baseline-r005-20260818T051734Z,loan_to_customer,1,85,200,14.139800,
baseline,5,1,perf-baseline-r005-20260818T051734Z,loan_to_customer,1,86,200,14.227200,
baseline,5,1,perf-baseline-r005-20260818T051734Z,loan_to_customer,1,87,200,14.225700,
baseline,5,1,perf-baseline-r005-20260818T051734Z,loan_to_customer,1,88,200,14.046100,
baseline,5,1,perf-baseline-r005-20260818T051734Z,loan_to_customer,1,89,200,14.463900,
baseline,5,1,perf-baseline-r005-20260818T051734Z,loan_to_customer,1,90,200,15.009500,
baseline,5,1,perf-baseline-r005-20260818T051734Z,loan_to_customer,1,91,200,14.953800,
baseline,5,1,perf-baseline-r005-20260818T051734Z,loan_to_customer,1,92,200,14.926200,
baseline,5,1,perf-baseline-r005-20260818T051734Z,loan_to_customer,1,93,200,14.475200,
baseline,5,1,perf-baseline-r005-20260818T051734Z,loan_to_customer,1,94,200,14.196400,
baseline,5,1,perf-baseline-r005-20260818T051734Z,loan_to_customer,1,95,200,25.652300,
baseline,5,1,perf-baseline-r005-20260818T051734Z,loan_to_customer,1,96,200,14.377700,
baseline,5,1,perf-baseline-r005-20260818T051734Z,loan_to_customer,1,97,200,14.932300,
baseline,5,1,perf-baseline-r005-20260818T051734Z,loan_to_customer,1,98,200,14.389300,
baseline,5,1,perf-baseline-r005-20260818T051734Z,loan_to_customer,1,99,200,14.576200,
baseline,5,1,perf-baseline-r005-20260818T051734Z,loan_to_customer,1,100,200,14.399400,
baseline,5,1,perf-baseline-r005-20260818T051734Z,loan_to_customer,1,101,200,14.136600,
baseline,5,1,perf-baseline-r005-20260818T051734Z,loan_to_customer,1,102,200,14.512000,
baseline,5,1,perf-baseline-r005-20260818T051734Z,loan_to_customer,1,103,200,14.231000,
baseline,5,1,perf-baseline-r005-20260818T051734Z,loan_to_customer,1,104,200,13.813300,
baseline,5,1,perf-baseline-r005-20260818T051734Z,loan_to_customer,1,105,200,14.247900,
baseline,5,1,perf-baseline-r005-20260818T051734Z,loan_to_customer,1,106,200,13.923900,
baseline,5,1,perf-baseline-r005-20260818T051734Z,loan_to_customer,1,107,200,14.206600,
baseline,5,1,perf-baseline-r005-20260818T051734Z,loan_to_customer,1,108,200,14.109600,
baseline,5,1,perf-baseline-r005-20260818T051734Z,loan_to_customer,1,109,200,14.382200,
baseline,5,1,perf-baseline-r005-20260818T051734Z,loan_to_customer,1,110,200,14.200000,
baseline,5,1,perf-baseline-r005-20260818T051734Z,loan_to_customer,1,111,200,14.025200,
baseline,5,1,perf-baseline-r005-20260818T051734Z,loan_to_customer,1,112,200,13.826000,
baseline,5,1,perf-baseline-r005-20260818T051734Z,loan_to_customer,1,113,200,14.142600,
baseline,5,1,perf-baseline-r005-20260818T051734Z,loan_to_customer,1,114,200,14.137900,
baseline,5,1,perf-baseline-r005-20260818T051734Z,loan_to_customer,1,115,200,14.078600,
baseline,5,1,perf-baseline-r005-20260818T051734Z,loan_to_customer,1,116,200,13.966000,
baseline,5,1,perf-baseline-r005-20260818T051734Z,loan_to_customer,1,117,200,13.484300,
baseline,5,1,perf-baseline-r005-20260818T051734Z,loan_to_customer,1,118,200,13.945700,
baseline,5,1,perf-baseline-r005-20260818T051734Z,loan_to_customer,1,119,200,13.876900,
baseline,5,1,perf-baseline-r005-20260818T051734Z,loan_to_customer,1,120,200,13.643900,
baseline,5,1,perf-baseline-r005-20260818T051734Z,loan_to_customer,1,121,200,14.280100,
baseline,5,1,perf-baseline-r005-20260818T051734Z,loan_to_customer,1,122,200,15.131900,
baseline,5,1,perf-baseline-r005-20260818T051734Z,loan_to_customer,1,123,200,14.574700,
baseline,5,1,perf-baseline-r005-20260818T051734Z,loan_to_customer,1,124,200,14.141000,
baseline,5,1,perf-baseline-r005-20260818T051734Z,loan_to_customer,1,125,200,14.471800,
baseline,5,1,perf-baseline-r005-20260818T051734Z,loan_to_customer,1,126,200,15.285300,
baseline,5,1,perf-baseline-r005-20260818T051734Z,loan_to_customer,1,127,200,15.289500,
baseline,5,1,perf-baseline-r005-20260818T051734Z,loan_to_customer,1,128,200,15.208500,
baseline,5,1,perf-baseline-r005-20260818T051734Z,loan_to_customer,1,129,200,14.459100,
baseline,5,1,perf-baseline-r005-20260818T051734Z,loan_to_customer,1,130,200,14.725900,
baseline,5,1,perf-baseline-r005-20260818T051734Z,loan_to_customer,1,131,200,14.884800,
baseline,5,1,perf-baseline-r005-20260818T051734Z,loan_to_customer,1,132,200,14.938600,
baseline,5,1,perf-baseline-r005-20260818T051734Z,loan_to_customer,1,133,200,14.405800,
baseline,5,1,perf-baseline-r005-20260818T051734Z,loan_to_customer,1,134,200,14.821000,
baseline,5,1,perf-baseline-r005-20260818T051734Z,loan_to_customer,1,135,200,15.244200,
baseline,5,1,perf-baseline-r005-20260818T051734Z,loan_to_customer,1,136,200,15.177500,
baseline,5,1,perf-baseline-r005-20260818T051734Z,loan_to_customer,1,137,200,14.768600,
baseline,5,1,perf-baseline-r005-20260818T051734Z,loan_to_customer,1,138,200,14.083100,
baseline,5,1,perf-baseline-r005-20260818T051734Z,loan_to_customer,1,139,200,14.141900,
baseline,5,1,perf-baseline-r005-20260818T051734Z,loan_to_customer,1,140,200,14.245600,
baseline,5,1,perf-baseline-r005-20260818T051734Z,loan_to_customer,1,141,200,14.323100,
baseline,5,1,perf-baseline-r005-20260818T051734Z,loan_to_customer,1,142,200,14.276300,
baseline,5,1,perf-baseline-r005-20260818T051734Z,loan_to_customer,1,143,200,14.792300,
baseline,5,1,perf-baseline-r005-20260818T051734Z,loan_to_customer,1,144,200,14.294900,
baseline,5,1,perf-baseline-r005-20260818T051734Z,loan_to_customer,1,145,200,13.916800,
baseline,5,1,perf-baseline-r005-20260818T051734Z,loan_to_customer,1,146,200,14.288100,
baseline,5,1,perf-baseline-r005-20260818T051734Z,loan_to_customer,1,147,200,14.194400,
baseline,5,1,perf-baseline-r005-20260818T051734Z,loan_to_customer,1,148,200,13.462700,
baseline,5,1,perf-baseline-r005-20260818T051734Z,loan_to_customer,1,149,200,14.582700,
baseline,5,1,perf-baseline-r005-20260818T051734Z,loan_to_customer,1,150,200,14.597800,
baseline,5,1,perf-baseline-r005-20260818T051734Z,loan_to_customer,1,151,200,14.689100,
baseline,5,1,perf-baseline-r005-20260818T051734Z,loan_to_customer,1,152,200,14.119000,
baseline,5,1,perf-baseline-r005-20260818T051734Z,loan_to_customer,1,153,200,14.118700,
baseline,5,1,perf-baseline-r005-20260818T051734Z,loan_to_customer,1,154,200,14.932500,
baseline,5,1,perf-baseline-r005-20260818T051734Z,loan_to_customer,1,155,200,14.773000,
baseline,5,1,perf-baseline-r005-20260818T051734Z,loan_to_customer,1,156,200,14.596400,
baseline,5,1,perf-baseline-r005-20260818T051734Z,loan_to_customer,1,157,200,14.486800,
baseline,5,1,perf-baseline-r005-20260818T051734Z,loan_to_customer,1,158,200,15.088500,
baseline,5,1,perf-baseline-r005-20260818T051734Z,loan_to_customer,1,159,200,15.425600,
baseline,5,1,perf-baseline-r005-20260818T051734Z,loan_to_customer,1,160,200,15.530000,
baseline,5,1,perf-baseline-r005-20260818T051734Z,loan_to_customer,1,161,200,15.901000,
baseline,5,1,perf-baseline-r005-20260818T051734Z,loan_to_customer,1,162,200,15.923000,
baseline,5,1,perf-baseline-r005-20260818T051734Z,loan_to_customer,1,163,200,15.582900,
baseline,5,1,perf-baseline-r005-20260818T051734Z,loan_to_customer,1,164,200,16.512100,
baseline,5,1,perf-baseline-r005-20260818T051734Z,loan_to_customer,1,165,200,15.434400,
baseline,5,1,perf-baseline-r005-20260818T051734Z,loan_to_customer,1,166,200,15.369400,
baseline,5,1,perf-baseline-r005-20260818T051734Z,loan_to_customer,1,167,200,14.727500,
baseline,5,1,perf-baseline-r005-20260818T051734Z,loan_to_customer,1,168,200,14.912500,
baseline,5,1,perf-baseline-r005-20260818T051734Z,loan_to_customer,1,169,200,14.660400,
baseline,5,1,perf-baseline-r005-20260818T051734Z,loan_to_customer,1,170,200,14.448600,
baseline,5,1,perf-baseline-r005-20260818T051734Z,loan_to_customer,1,171,200,14.605400,
baseline,5,1,perf-baseline-r005-20260818T051734Z,loan_to_customer,1,172,200,14.959800,
baseline,5,1,perf-baseline-r005-20260818T051734Z,loan_to_customer,1,173,200,14.282100,
baseline,5,1,perf-baseline-r005-20260818T051734Z,loan_to_customer,1,174,200,13.633600,
baseline,5,1,perf-baseline-r005-20260818T051734Z,loan_to_customer,1,175,200,14.516200,
baseline,5,1,perf-baseline-r005-20260818T051734Z,loan_to_customer,1,176,200,14.125500,
baseline,5,1,perf-baseline-r005-20260818T051734Z,loan_to_customer,1,177,200,14.325700,
baseline,5,1,perf-baseline-r005-20260818T051734Z,loan_to_customer,1,178,200,14.210800,
baseline,5,1,perf-baseline-r005-20260818T051734Z,loan_to_customer,1,179,200,14.957100,
baseline,5,1,perf-baseline-r005-20260818T051734Z,loan_to_customer,1,180,200,14.753700,
baseline,5,1,perf-baseline-r005-20260818T051734Z,loan_to_customer,1,181,200,14.043300,
baseline,5,1,perf-baseline-r005-20260818T051734Z,loan_to_customer,1,182,200,14.358000,
baseline,5,1,perf-baseline-r005-20260818T051734Z,loan_to_customer,1,183,200,14.318600,
baseline,5,1,perf-baseline-r005-20260818T051734Z,loan_to_customer,1,184,200,14.755200,
baseline,5,1,perf-baseline-r005-20260818T051734Z,loan_to_customer,1,185,200,14.441700,
baseline,5,1,perf-baseline-r005-20260818T051734Z,loan_to_customer,1,186,200,14.316500,
baseline,5,1,perf-baseline-r005-20260818T051734Z,loan_to_customer,1,187,200,14.454900,
baseline,5,1,perf-baseline-r005-20260818T051734Z,loan_to_customer,1,188,200,14.733000,
baseline,5,1,perf-baseline-r005-20260818T051734Z,loan_to_customer,1,189,200,14.211300,
baseline,5,1,perf-baseline-r005-20260818T051734Z,loan_to_customer,1,190,200,14.488500,
baseline,5,1,perf-baseline-r005-20260818T051734Z,loan_to_customer,1,191,200,14.191000,
baseline,5,1,perf-baseline-r005-20260818T051734Z,loan_to_customer,1,192,200,14.378400,
baseline,5,1,perf-baseline-r005-20260818T051734Z,loan_to_customer,1,193,200,14.313800,
baseline,5,1,perf-baseline-r005-20260818T051734Z,loan_to_customer,1,194,200,14.481400,
baseline,5,1,perf-baseline-r005-20260818T051734Z,loan_to_customer,1,195,200,14.866300,
baseline,5,1,perf-baseline-r005-20260818T051734Z,loan_to_customer,1,196,200,14.577700,
baseline,5,1,perf-baseline-r005-20260818T051734Z,loan_to_customer,1,197,200,14.983400,
baseline,5,1,perf-baseline-r005-20260818T051734Z,loan_to_customer,1,198,200,14.328400,
baseline,5,1,perf-baseline-r005-20260818T051734Z,loan_to_customer,1,199,200,15.137700,
baseline,5,1,perf-baseline-r005-20260818T051734Z,loan_to_customer,1,200,200,15.905500,
baseline,5,1,perf-baseline-r005-20260818T051734Z,loan_to_customer,2,1,200,15.316000,
baseline,5,1,perf-baseline-r005-20260818T051734Z,loan_to_customer,2,2,200,14.948100,
baseline,5,1,perf-baseline-r005-20260818T051734Z,loan_to_customer,2,3,200,14.479100,
baseline,5,1,perf-baseline-r005-20260818T051734Z,loan_to_customer,2,4,200,14.804400,
baseline,5,1,perf-baseline-r005-20260818T051734Z,loan_to_customer,2,5,200,14.733100,
baseline,5,1,perf-baseline-r005-20260818T051734Z,loan_to_customer,2,6,200,14.510000,
baseline,5,1,perf-baseline-r005-20260818T051734Z,loan_to_customer,2,7,200,14.154400,
baseline,5,1,perf-baseline-r005-20260818T051734Z,loan_to_customer,2,8,200,15.147500,
baseline,5,1,perf-baseline-r005-20260818T051734Z,loan_to_customer,2,9,200,14.969200,
baseline,5,1,perf-baseline-r005-20260818T051734Z,loan_to_customer,2,10,200,14.817900,
baseline,5,1,perf-baseline-r005-20260818T051734Z,loan_to_customer,2,11,200,14.543200,
baseline,5,1,perf-baseline-r005-20260818T051734Z,loan_to_customer,2,12,200,14.601600,
baseline,5,1,perf-baseline-r005-20260818T051734Z,loan_to_customer,2,13,200,14.954800,
baseline,5,1,perf-baseline-r005-20260818T051734Z,loan_to_customer,2,14,200,14.618100,
baseline,5,1,perf-baseline-r005-20260818T051734Z,loan_to_customer,2,15,200,14.108400,
baseline,5,1,perf-baseline-r005-20260818T051734Z,loan_to_customer,2,16,200,15.116600,
baseline,5,1,perf-baseline-r005-20260818T051734Z,loan_to_customer,2,17,200,15.788400,
baseline,5,1,perf-baseline-r005-20260818T051734Z,loan_to_customer,2,18,200,14.173200,
baseline,5,1,perf-baseline-r005-20260818T051734Z,loan_to_customer,2,19,200,14.357400,
baseline,5,1,perf-baseline-r005-20260818T051734Z,loan_to_customer,2,20,200,14.475100,
baseline,5,1,perf-baseline-r005-20260818T051734Z,loan_to_customer,2,21,200,14.880900,
baseline,5,1,perf-baseline-r005-20260818T051734Z,loan_to_customer,2,22,200,13.997000,
baseline,5,1,perf-baseline-r005-20260818T051734Z,loan_to_customer,2,23,200,14.787200,
baseline,5,1,perf-baseline-r005-20260818T051734Z,loan_to_customer,2,24,200,13.961800,
baseline,5,1,perf-baseline-r005-20260818T051734Z,loan_to_customer,2,25,200,14.856600,
baseline,5,1,perf-baseline-r005-20260818T051734Z,loan_to_customer,2,26,200,15.548600,
baseline,5,1,perf-baseline-r005-20260818T051734Z,loan_to_customer,2,27,200,17.605600,
baseline,5,1,perf-baseline-r005-20260818T051734Z,loan_to_customer,2,28,200,18.461900,
baseline,5,1,perf-baseline-r005-20260818T051734Z,loan_to_customer,2,29,200,16.359600,
baseline,5,1,perf-baseline-r005-20260818T051734Z,loan_to_customer,2,30,200,16.153600,
baseline,5,1,perf-baseline-r005-20260818T051734Z,loan_to_customer,2,31,200,19.782200,
baseline,5,1,perf-baseline-r005-20260818T051734Z,loan_to_customer,2,32,200,20.724300,
baseline,5,1,perf-baseline-r005-20260818T051734Z,loan_to_customer,2,33,200,21.030900,
baseline,5,1,perf-baseline-r005-20260818T051734Z,loan_to_customer,2,34,200,16.571700,
baseline,5,1,perf-baseline-r005-20260818T051734Z,loan_to_customer,2,35,200,14.435400,
baseline,5,1,perf-baseline-r005-20260818T051734Z,loan_to_customer,2,36,200,16.267600,
baseline,5,1,perf-baseline-r005-20260818T051734Z,loan_to_customer,2,37,200,15.748400,
baseline,5,1,perf-baseline-r005-20260818T051734Z,loan_to_customer,2,38,200,14.264200,
baseline,5,1,perf-baseline-r005-20260818T051734Z,loan_to_customer,2,39,200,15.633100,
baseline,5,1,perf-baseline-r005-20260818T051734Z,loan_to_customer,2,40,200,15.191700,
baseline,5,1,perf-baseline-r005-20260818T051734Z,loan_to_customer,2,41,200,22.482600,
baseline,5,1,perf-baseline-r005-20260818T051734Z,loan_to_customer,2,42,200,15.019600,
baseline,5,1,perf-baseline-r005-20260818T051734Z,loan_to_customer,2,43,200,14.314600,
baseline,5,1,perf-baseline-r005-20260818T051734Z,loan_to_customer,2,44,200,16.597200,
baseline,5,1,perf-baseline-r005-20260818T051734Z,loan_to_customer,2,45,200,14.891600,
baseline,5,1,perf-baseline-r005-20260818T051734Z,loan_to_customer,2,46,200,14.513900,
baseline,5,1,perf-baseline-r005-20260818T051734Z,loan_to_customer,2,47,200,14.605700,
baseline,5,1,perf-baseline-r005-20260818T051734Z,loan_to_customer,2,48,200,15.348800,
baseline,5,1,perf-baseline-r005-20260818T051734Z,loan_to_customer,2,49,200,14.709800,
baseline,5,1,perf-baseline-r005-20260818T051734Z,loan_to_customer,2,50,200,15.406100,
baseline,5,1,perf-baseline-r005-20260818T051734Z,loan_to_customer,2,51,200,14.987500,
baseline,5,1,perf-baseline-r005-20260818T051734Z,loan_to_customer,2,52,200,14.925600,
baseline,5,1,perf-baseline-r005-20260818T051734Z,loan_to_customer,2,53,200,14.736000,
baseline,5,1,perf-baseline-r005-20260818T051734Z,loan_to_customer,2,54,200,14.523000,
baseline,5,1,perf-baseline-r005-20260818T051734Z,loan_to_customer,2,55,200,14.181400,
baseline,5,1,perf-baseline-r005-20260818T051734Z,loan_to_customer,2,56,200,14.627200,
baseline,5,1,perf-baseline-r005-20260818T051734Z,loan_to_customer,2,57,200,14.296100,
baseline,5,1,perf-baseline-r005-20260818T051734Z,loan_to_customer,2,58,200,14.466100,
baseline,5,1,perf-baseline-r005-20260818T051734Z,loan_to_customer,2,59,200,16.931600,
baseline,5,1,perf-baseline-r005-20260818T051734Z,loan_to_customer,2,60,200,15.254100,
baseline,5,1,perf-baseline-r005-20260818T051734Z,loan_to_customer,2,61,200,19.831900,
baseline,5,1,perf-baseline-r005-20260818T051734Z,loan_to_customer,2,62,200,14.227600,
baseline,5,1,perf-baseline-r005-20260818T051734Z,loan_to_customer,2,63,200,15.414800,
baseline,5,1,perf-baseline-r005-20260818T051734Z,loan_to_customer,2,64,200,16.871200,
baseline,5,1,perf-baseline-r005-20260818T051734Z,loan_to_customer,2,65,200,17.029400,
baseline,5,1,perf-baseline-r005-20260818T051734Z,loan_to_customer,2,66,200,17.926900,
baseline,5,1,perf-baseline-r005-20260818T051734Z,loan_to_customer,2,67,200,16.799600,
baseline,5,1,perf-baseline-r005-20260818T051734Z,loan_to_customer,2,68,200,17.369400,
baseline,5,1,perf-baseline-r005-20260818T051734Z,loan_to_customer,2,69,200,15.621800,
baseline,5,1,perf-baseline-r005-20260818T051734Z,loan_to_customer,2,70,200,15.660200,
baseline,5,1,perf-baseline-r005-20260818T051734Z,loan_to_customer,2,71,200,14.485900,
baseline,5,1,perf-baseline-r005-20260818T051734Z,loan_to_customer,2,72,200,14.238600,
baseline,5,1,perf-baseline-r005-20260818T051734Z,loan_to_customer,2,73,200,14.879700,
baseline,5,1,perf-baseline-r005-20260818T051734Z,loan_to_customer,2,74,200,15.196200,
baseline,5,1,perf-baseline-r005-20260818T051734Z,loan_to_customer,2,75,200,14.890400,
baseline,5,1,perf-baseline-r005-20260818T051734Z,loan_to_customer,2,76,200,15.444000,
baseline,5,1,perf-baseline-r005-20260818T051734Z,loan_to_customer,2,77,200,15.179700,
baseline,5,1,perf-baseline-r005-20260818T051734Z,loan_to_customer,2,78,200,14.551600,
baseline,5,1,perf-baseline-r005-20260818T051734Z,loan_to_customer,2,79,200,14.622300,
baseline,5,1,perf-baseline-r005-20260818T051734Z,loan_to_customer,2,80,200,14.993000,
baseline,5,1,perf-baseline-r005-20260818T051734Z,loan_to_customer,2,81,200,14.767400,
baseline,5,1,perf-baseline-r005-20260818T051734Z,loan_to_customer,2,82,200,13.767700,
baseline,5,1,perf-baseline-r005-20260818T051734Z,loan_to_customer,2,83,200,14.404200,
baseline,5,1,perf-baseline-r005-20260818T051734Z,loan_to_customer,2,84,200,14.354800,
baseline,5,1,perf-baseline-r005-20260818T051734Z,loan_to_customer,2,85,200,14.155200,
baseline,5,1,perf-baseline-r005-20260818T051734Z,loan_to_customer,2,86,200,14.463800,
baseline,5,1,perf-baseline-r005-20260818T051734Z,loan_to_customer,2,87,200,14.417800,
baseline,5,1,perf-baseline-r005-20260818T051734Z,loan_to_customer,2,88,200,14.144400,
baseline,5,1,perf-baseline-r005-20260818T051734Z,loan_to_customer,2,89,200,13.670100,
baseline,5,1,perf-baseline-r005-20260818T051734Z,loan_to_customer,2,90,200,14.496700,
baseline,5,1,perf-baseline-r005-20260818T051734Z,loan_to_customer,2,91,200,14.494600,
baseline,5,1,perf-baseline-r005-20260818T051734Z,loan_to_customer,2,92,200,15.357500,
baseline,5,1,perf-baseline-r005-20260818T051734Z,loan_to_customer,2,93,200,16.777100,
baseline,5,1,perf-baseline-r005-20260818T051734Z,loan_to_customer,2,94,200,14.860000,
baseline,5,1,perf-baseline-r005-20260818T051734Z,loan_to_customer,2,95,200,15.297500,
baseline,5,1,perf-baseline-r005-20260818T051734Z,loan_to_customer,2,96,200,15.744600,
baseline,5,1,perf-baseline-r005-20260818T051734Z,loan_to_customer,2,97,200,16.005500,
baseline,5,1,perf-baseline-r005-20260818T051734Z,loan_to_customer,2,98,200,16.645900,
baseline,5,1,perf-baseline-r005-20260818T051734Z,loan_to_customer,2,99,200,16.774800,
baseline,5,1,perf-baseline-r005-20260818T051734Z,loan_to_customer,2,100,200,15.973900,
baseline,5,1,perf-baseline-r005-20260818T051734Z,loan_to_customer,2,101,200,15.718300,
baseline,5,1,perf-baseline-r005-20260818T051734Z,loan_to_customer,2,102,200,16.006800,
baseline,5,1,perf-baseline-r005-20260818T051734Z,loan_to_customer,2,103,200,15.142400,
baseline,5,1,perf-baseline-r005-20260818T051734Z,loan_to_customer,2,104,200,14.803500,
baseline,5,1,perf-baseline-r005-20260818T051734Z,loan_to_customer,2,105,200,14.375300,
baseline,5,1,perf-baseline-r005-20260818T051734Z,loan_to_customer,2,106,200,14.768200,
baseline,5,1,perf-baseline-r005-20260818T051734Z,loan_to_customer,2,107,200,14.804700,
baseline,5,1,perf-baseline-r005-20260818T051734Z,loan_to_customer,2,108,200,14.121400,
baseline,5,1,perf-baseline-r005-20260818T051734Z,loan_to_customer,2,109,200,14.356900,
baseline,5,1,perf-baseline-r005-20260818T051734Z,loan_to_customer,2,110,200,14.344400,
baseline,5,1,perf-baseline-r005-20260818T051734Z,loan_to_customer,2,111,200,14.271600,
baseline,5,1,perf-baseline-r005-20260818T051734Z,loan_to_customer,2,112,200,14.053400,
baseline,5,1,perf-baseline-r005-20260818T051734Z,loan_to_customer,2,113,200,14.535000,
baseline,5,1,perf-baseline-r005-20260818T051734Z,loan_to_customer,2,114,200,13.693300,
baseline,5,1,perf-baseline-r005-20260818T051734Z,loan_to_customer,2,115,200,14.005200,
baseline,5,1,perf-baseline-r005-20260818T051734Z,loan_to_customer,2,116,200,14.463400,
baseline,5,1,perf-baseline-r005-20260818T051734Z,loan_to_customer,2,117,200,14.913900,
baseline,5,1,perf-baseline-r005-20260818T051734Z,loan_to_customer,2,118,200,14.273800,
baseline,5,1,perf-baseline-r005-20260818T051734Z,loan_to_customer,2,119,200,14.242800,
baseline,5,1,perf-baseline-r005-20260818T051734Z,loan_to_customer,2,120,200,13.808600,
baseline,5,1,perf-baseline-r005-20260818T051734Z,loan_to_customer,2,121,200,14.746900,
baseline,5,1,perf-baseline-r005-20260818T051734Z,loan_to_customer,2,122,200,15.262200,
baseline,5,1,perf-baseline-r005-20260818T051734Z,loan_to_customer,2,123,200,14.748100,
baseline,5,1,perf-baseline-r005-20260818T051734Z,loan_to_customer,2,124,200,15.158300,
baseline,5,1,perf-baseline-r005-20260818T051734Z,loan_to_customer,2,125,200,13.918500,
baseline,5,1,perf-baseline-r005-20260818T051734Z,loan_to_customer,2,126,200,14.700500,
baseline,5,1,perf-baseline-r005-20260818T051734Z,loan_to_customer,2,127,200,14.803400,
baseline,5,1,perf-baseline-r005-20260818T051734Z,loan_to_customer,2,128,200,15.335900,
baseline,5,1,perf-baseline-r005-20260818T051734Z,loan_to_customer,2,129,200,14.497200,
baseline,5,1,perf-baseline-r005-20260818T051734Z,loan_to_customer,2,130,200,14.057900,
baseline,5,1,perf-baseline-r005-20260818T051734Z,loan_to_customer,2,131,200,13.826400,
baseline,5,1,perf-baseline-r005-20260818T051734Z,loan_to_customer,2,132,200,14.681500,
baseline,5,1,perf-baseline-r005-20260818T051734Z,loan_to_customer,2,133,200,14.152600,
baseline,5,1,perf-baseline-r005-20260818T051734Z,loan_to_customer,2,134,200,14.663300,
baseline,5,1,perf-baseline-r005-20260818T051734Z,loan_to_customer,2,135,200,15.373700,
baseline,5,1,perf-baseline-r005-20260818T051734Z,loan_to_customer,2,136,200,15.066000,
baseline,5,1,perf-baseline-r005-20260818T051734Z,loan_to_customer,2,137,200,14.470000,
baseline,5,1,perf-baseline-r005-20260818T051734Z,loan_to_customer,2,138,200,13.567800,
baseline,5,1,perf-baseline-r005-20260818T051734Z,loan_to_customer,2,139,200,13.748000,
baseline,5,1,perf-baseline-r005-20260818T051734Z,loan_to_customer,2,140,200,14.013700,
baseline,5,1,perf-baseline-r005-20260818T051734Z,loan_to_customer,2,141,200,13.835200,
baseline,5,1,perf-baseline-r005-20260818T051734Z,loan_to_customer,2,142,200,14.239900,
baseline,5,1,perf-baseline-r005-20260818T051734Z,loan_to_customer,2,143,200,14.222100,
baseline,5,1,perf-baseline-r005-20260818T051734Z,loan_to_customer,2,144,200,13.775900,
baseline,5,1,perf-baseline-r005-20260818T051734Z,loan_to_customer,2,145,200,13.895000,
baseline,5,1,perf-baseline-r005-20260818T051734Z,loan_to_customer,2,146,200,14.521000,
baseline,5,1,perf-baseline-r005-20260818T051734Z,loan_to_customer,2,147,200,14.746300,
baseline,5,1,perf-baseline-r005-20260818T051734Z,loan_to_customer,2,148,200,13.890100,
baseline,5,1,perf-baseline-r005-20260818T051734Z,loan_to_customer,2,149,200,14.515500,
baseline,5,1,perf-baseline-r005-20260818T051734Z,loan_to_customer,2,150,200,14.318700,
baseline,5,1,perf-baseline-r005-20260818T051734Z,loan_to_customer,2,151,200,14.074200,
baseline,5,1,perf-baseline-r005-20260818T051734Z,loan_to_customer,2,152,200,13.703000,
baseline,5,1,perf-baseline-r005-20260818T051734Z,loan_to_customer,2,153,200,13.811800,
baseline,5,1,perf-baseline-r005-20260818T051734Z,loan_to_customer,2,154,200,14.486700,
baseline,5,1,perf-baseline-r005-20260818T051734Z,loan_to_customer,2,155,200,14.123100,
baseline,5,1,perf-baseline-r005-20260818T051734Z,loan_to_customer,2,156,200,13.792800,
baseline,5,1,perf-baseline-r005-20260818T051734Z,loan_to_customer,2,157,200,14.121300,
baseline,5,1,perf-baseline-r005-20260818T051734Z,loan_to_customer,2,158,200,13.592700,
baseline,5,1,perf-baseline-r005-20260818T051734Z,loan_to_customer,2,159,200,13.816800,
baseline,5,1,perf-baseline-r005-20260818T051734Z,loan_to_customer,2,160,200,13.859200,
baseline,5,1,perf-baseline-r005-20260818T051734Z,loan_to_customer,2,161,200,14.132100,
baseline,5,1,perf-baseline-r005-20260818T051734Z,loan_to_customer,2,162,200,14.428900,
baseline,5,1,perf-baseline-r005-20260818T051734Z,loan_to_customer,2,163,200,15.039800,
baseline,5,1,perf-baseline-r005-20260818T051734Z,loan_to_customer,2,164,200,15.177500,
baseline,5,1,perf-baseline-r005-20260818T051734Z,loan_to_customer,2,165,200,14.816400,
baseline,5,1,perf-baseline-r005-20260818T051734Z,loan_to_customer,2,166,200,13.936400,
baseline,5,1,perf-baseline-r005-20260818T051734Z,loan_to_customer,2,167,200,14.569400,
baseline,5,1,perf-baseline-r005-20260818T051734Z,loan_to_customer,2,168,200,15.413600,
baseline,5,1,perf-baseline-r005-20260818T051734Z,loan_to_customer,2,169,200,17.316700,
baseline,5,1,perf-baseline-r005-20260818T051734Z,loan_to_customer,2,170,200,16.437700,
baseline,5,1,perf-baseline-r005-20260818T051734Z,loan_to_customer,2,171,200,16.365800,
baseline,5,1,perf-baseline-r005-20260818T051734Z,loan_to_customer,2,172,200,16.345800,
baseline,5,1,perf-baseline-r005-20260818T051734Z,loan_to_customer,2,173,200,16.023100,
baseline,5,1,perf-baseline-r005-20260818T051734Z,loan_to_customer,2,174,200,14.213900,
baseline,5,1,perf-baseline-r005-20260818T051734Z,loan_to_customer,2,175,200,14.087300,
baseline,5,1,perf-baseline-r005-20260818T051734Z,loan_to_customer,2,176,200,13.818200,
baseline,5,1,perf-baseline-r005-20260818T051734Z,loan_to_customer,2,177,200,14.174600,
baseline,5,1,perf-baseline-r005-20260818T051734Z,loan_to_customer,2,178,200,14.326700,
baseline,5,1,perf-baseline-r005-20260818T051734Z,loan_to_customer,2,179,200,14.267200,
baseline,5,1,perf-baseline-r005-20260818T051734Z,loan_to_customer,2,180,200,14.073700,
baseline,5,1,perf-baseline-r005-20260818T051734Z,loan_to_customer,2,181,200,14.249100,
baseline,5,1,perf-baseline-r005-20260818T051734Z,loan_to_customer,2,182,200,13.986900,
baseline,5,1,perf-baseline-r005-20260818T051734Z,loan_to_customer,2,183,200,14.730100,
baseline,5,1,perf-baseline-r005-20260818T051734Z,loan_to_customer,2,184,200,14.489700,
baseline,5,1,perf-baseline-r005-20260818T051734Z,loan_to_customer,2,185,200,14.439900,
baseline,5,1,perf-baseline-r005-20260818T051734Z,loan_to_customer,2,186,200,14.248100,
baseline,5,1,perf-baseline-r005-20260818T051734Z,loan_to_customer,2,187,200,13.892800,
baseline,5,1,perf-baseline-r005-20260818T051734Z,loan_to_customer,2,188,200,14.143800,
baseline,5,1,perf-baseline-r005-20260818T051734Z,loan_to_customer,2,189,200,13.952300,
baseline,5,1,perf-baseline-r005-20260818T051734Z,loan_to_customer,2,190,200,13.999100,
baseline,5,1,perf-baseline-r005-20260818T051734Z,loan_to_customer,2,191,200,14.836400,
baseline,5,1,perf-baseline-r005-20260818T051734Z,loan_to_customer,2,192,200,14.489700,
baseline,5,1,perf-baseline-r005-20260818T051734Z,loan_to_customer,2,193,200,14.562100,
baseline,5,1,perf-baseline-r005-20260818T051734Z,loan_to_customer,2,194,200,13.805400,
baseline,5,1,perf-baseline-r005-20260818T051734Z,loan_to_customer,2,195,200,14.316200,
baseline,5,1,perf-baseline-r005-20260818T051734Z,loan_to_customer,2,196,200,14.339500,
baseline,5,1,perf-baseline-r005-20260818T051734Z,loan_to_customer,2,197,200,14.310900,
baseline,5,1,perf-baseline-r005-20260818T051734Z,loan_to_customer,2,198,200,14.938800,
baseline,5,1,perf-baseline-r005-20260818T051734Z,loan_to_customer,2,199,200,14.510400,
baseline,5,1,perf-baseline-r005-20260818T051734Z,loan_to_customer,2,200,200,16.205400,
baseline,5,1,perf-baseline-r005-20260818T051734Z,loan_to_customer,3,1,200,15.072600,
baseline,5,1,perf-baseline-r005-20260818T051734Z,loan_to_customer,3,2,200,14.083300,
baseline,5,1,perf-baseline-r005-20260818T051734Z,loan_to_customer,3,3,200,15.251100,
baseline,5,1,perf-baseline-r005-20260818T051734Z,loan_to_customer,3,4,200,14.340400,
baseline,5,1,perf-baseline-r005-20260818T051734Z,loan_to_customer,3,5,200,15.755100,
baseline,5,1,perf-baseline-r005-20260818T051734Z,loan_to_customer,3,6,200,15.871500,
baseline,5,1,perf-baseline-r005-20260818T051734Z,loan_to_customer,3,7,200,14.677600,
baseline,5,1,perf-baseline-r005-20260818T051734Z,loan_to_customer,3,8,200,15.016300,
baseline,5,1,perf-baseline-r005-20260818T051734Z,loan_to_customer,3,9,200,13.817100,
baseline,5,1,perf-baseline-r005-20260818T051734Z,loan_to_customer,3,10,200,14.098200,
baseline,5,1,perf-baseline-r005-20260818T051734Z,loan_to_customer,3,11,200,14.258500,
baseline,5,1,perf-baseline-r005-20260818T051734Z,loan_to_customer,3,12,200,13.964700,
baseline,5,1,perf-baseline-r005-20260818T051734Z,loan_to_customer,3,13,200,14.120900,
baseline,5,1,perf-baseline-r005-20260818T051734Z,loan_to_customer,3,14,200,13.999000,
baseline,5,1,perf-baseline-r005-20260818T051734Z,loan_to_customer,3,15,200,13.550400,
baseline,5,1,perf-baseline-r005-20260818T051734Z,loan_to_customer,3,16,200,13.980700,
baseline,5,1,perf-baseline-r005-20260818T051734Z,loan_to_customer,3,17,200,13.731800,
baseline,5,1,perf-baseline-r005-20260818T051734Z,loan_to_customer,3,18,200,14.330300,
baseline,5,1,perf-baseline-r005-20260818T051734Z,loan_to_customer,3,19,200,13.907900,
baseline,5,1,perf-baseline-r005-20260818T051734Z,loan_to_customer,3,20,200,13.560700,
baseline,5,1,perf-baseline-r005-20260818T051734Z,loan_to_customer,3,21,200,14.213700,
baseline,5,1,perf-baseline-r005-20260818T051734Z,loan_to_customer,3,22,200,14.189000,
baseline,5,1,perf-baseline-r005-20260818T051734Z,loan_to_customer,3,23,200,14.131500,
baseline,5,1,perf-baseline-r005-20260818T051734Z,loan_to_customer,3,24,200,14.382100,
baseline,5,1,perf-baseline-r005-20260818T051734Z,loan_to_customer,3,25,200,13.936400,
baseline,5,1,perf-baseline-r005-20260818T051734Z,loan_to_customer,3,26,200,13.782800,
baseline,5,1,perf-baseline-r005-20260818T051734Z,loan_to_customer,3,27,200,13.657000,
baseline,5,1,perf-baseline-r005-20260818T051734Z,loan_to_customer,3,28,200,13.671900,
baseline,5,1,perf-baseline-r005-20260818T051734Z,loan_to_customer,3,29,200,14.243200,
baseline,5,1,perf-baseline-r005-20260818T051734Z,loan_to_customer,3,30,200,14.384700,
baseline,5,1,perf-baseline-r005-20260818T051734Z,loan_to_customer,3,31,200,14.911100,
baseline,5,1,perf-baseline-r005-20260818T051734Z,loan_to_customer,3,32,200,15.976600,
baseline,5,1,perf-baseline-r005-20260818T051734Z,loan_to_customer,3,33,200,14.464600,
baseline,5,1,perf-baseline-r005-20260818T051734Z,loan_to_customer,3,34,200,13.801300,
baseline,5,1,perf-baseline-r005-20260818T051734Z,loan_to_customer,3,35,200,14.288200,
baseline,5,1,perf-baseline-r005-20260818T051734Z,loan_to_customer,3,36,200,15.414200,
baseline,5,1,perf-baseline-r005-20260818T051734Z,loan_to_customer,3,37,200,15.137500,
baseline,5,1,perf-baseline-r005-20260818T051734Z,loan_to_customer,3,38,200,14.725400,
baseline,5,1,perf-baseline-r005-20260818T051734Z,loan_to_customer,3,39,200,16.106600,
baseline,5,1,perf-baseline-r005-20260818T051734Z,loan_to_customer,3,40,200,14.932900,
baseline,5,1,perf-baseline-r005-20260818T051734Z,loan_to_customer,3,41,200,16.053400,
baseline,5,1,perf-baseline-r005-20260818T051734Z,loan_to_customer,3,42,200,15.718700,
baseline,5,1,perf-baseline-r005-20260818T051734Z,loan_to_customer,3,43,200,15.094500,
baseline,5,1,perf-baseline-r005-20260818T051734Z,loan_to_customer,3,44,200,15.592500,
baseline,5,1,perf-baseline-r005-20260818T051734Z,loan_to_customer,3,45,200,14.728900,
baseline,5,1,perf-baseline-r005-20260818T051734Z,loan_to_customer,3,46,200,14.580100,
baseline,5,1,perf-baseline-r005-20260818T051734Z,loan_to_customer,3,47,200,14.464800,
baseline,5,1,perf-baseline-r005-20260818T051734Z,loan_to_customer,3,48,200,14.342500,
baseline,5,1,perf-baseline-r005-20260818T051734Z,loan_to_customer,3,49,200,14.565700,
baseline,5,1,perf-baseline-r005-20260818T051734Z,loan_to_customer,3,50,200,15.817000,
baseline,5,1,perf-baseline-r005-20260818T051734Z,loan_to_customer,3,51,200,14.323800,
baseline,5,1,perf-baseline-r005-20260818T051734Z,loan_to_customer,3,52,200,14.367900,
baseline,5,1,perf-baseline-r005-20260818T051734Z,loan_to_customer,3,53,200,14.924200,
baseline,5,1,perf-baseline-r005-20260818T051734Z,loan_to_customer,3,54,200,14.366300,
baseline,5,1,perf-baseline-r005-20260818T051734Z,loan_to_customer,3,55,200,14.301000,
baseline,5,1,perf-baseline-r005-20260818T051734Z,loan_to_customer,3,56,200,14.320100,
baseline,5,1,perf-baseline-r005-20260818T051734Z,loan_to_customer,3,57,200,15.713700,
baseline,5,1,perf-baseline-r005-20260818T051734Z,loan_to_customer,3,58,200,13.994200,
baseline,5,1,perf-baseline-r005-20260818T051734Z,loan_to_customer,3,59,200,14.280300,
baseline,5,1,perf-baseline-r005-20260818T051734Z,loan_to_customer,3,60,200,14.588900,
baseline,5,1,perf-baseline-r005-20260818T051734Z,loan_to_customer,3,61,200,14.649700,
baseline,5,1,perf-baseline-r005-20260818T051734Z,loan_to_customer,3,62,200,14.449600,
baseline,5,1,perf-baseline-r005-20260818T051734Z,loan_to_customer,3,63,200,14.242900,
baseline,5,1,perf-baseline-r005-20260818T051734Z,loan_to_customer,3,64,200,14.264000,
baseline,5,1,perf-baseline-r005-20260818T051734Z,loan_to_customer,3,65,200,13.809400,
baseline,5,1,perf-baseline-r005-20260818T051734Z,loan_to_customer,3,66,200,14.608300,
baseline,5,1,perf-baseline-r005-20260818T051734Z,loan_to_customer,3,67,200,14.826500,
baseline,5,1,perf-baseline-r005-20260818T051734Z,loan_to_customer,3,68,200,15.017700,
baseline,5,1,perf-baseline-r005-20260818T051734Z,loan_to_customer,3,69,200,14.704500,
baseline,5,1,perf-baseline-r005-20260818T051734Z,loan_to_customer,3,70,200,14.245600,
baseline,5,1,perf-baseline-r005-20260818T051734Z,loan_to_customer,3,71,200,14.247900,
baseline,5,1,perf-baseline-r005-20260818T051734Z,loan_to_customer,3,72,200,14.760700,
baseline,5,1,perf-baseline-r005-20260818T051734Z,loan_to_customer,3,73,200,14.346800,
baseline,5,1,perf-baseline-r005-20260818T051734Z,loan_to_customer,3,74,200,14.592000,
baseline,5,1,perf-baseline-r005-20260818T051734Z,loan_to_customer,3,75,200,14.184200,
baseline,5,1,perf-baseline-r005-20260818T051734Z,loan_to_customer,3,76,200,14.374300,
baseline,5,1,perf-baseline-r005-20260818T051734Z,loan_to_customer,3,77,200,14.729900,
baseline,5,1,perf-baseline-r005-20260818T051734Z,loan_to_customer,3,78,200,15.385000,
baseline,5,1,perf-baseline-r005-20260818T051734Z,loan_to_customer,3,79,200,15.241700,
baseline,5,1,perf-baseline-r005-20260818T051734Z,loan_to_customer,3,80,200,14.196800,
baseline,5,1,perf-baseline-r005-20260818T051734Z,loan_to_customer,3,81,200,12.979300,
baseline,5,1,perf-baseline-r005-20260818T051734Z,loan_to_customer,3,82,200,14.415300,
baseline,5,1,perf-baseline-r005-20260818T051734Z,loan_to_customer,3,83,200,14.769600,
baseline,5,1,perf-baseline-r005-20260818T051734Z,loan_to_customer,3,84,200,14.099500,
baseline,5,1,perf-baseline-r005-20260818T051734Z,loan_to_customer,3,85,200,14.859700,
baseline,5,1,perf-baseline-r005-20260818T051734Z,loan_to_customer,3,86,200,14.246500,
baseline,5,1,perf-baseline-r005-20260818T051734Z,loan_to_customer,3,87,200,14.146600,
baseline,5,1,perf-baseline-r005-20260818T051734Z,loan_to_customer,3,88,200,13.926100,
baseline,5,1,perf-baseline-r005-20260818T051734Z,loan_to_customer,3,89,200,14.224000,
baseline,5,1,perf-baseline-r005-20260818T051734Z,loan_to_customer,3,90,200,13.752000,
baseline,5,1,perf-baseline-r005-20260818T051734Z,loan_to_customer,3,91,200,14.531500,
baseline,5,1,perf-baseline-r005-20260818T051734Z,loan_to_customer,3,92,200,14.318400,
baseline,5,1,perf-baseline-r005-20260818T051734Z,loan_to_customer,3,93,200,14.127600,
baseline,5,1,perf-baseline-r005-20260818T051734Z,loan_to_customer,3,94,200,14.627100,
baseline,5,1,perf-baseline-r005-20260818T051734Z,loan_to_customer,3,95,200,14.440700,
baseline,5,1,perf-baseline-r005-20260818T051734Z,loan_to_customer,3,96,200,14.791800,
baseline,5,1,perf-baseline-r005-20260818T051734Z,loan_to_customer,3,97,200,14.690800,
baseline,5,1,perf-baseline-r005-20260818T051734Z,loan_to_customer,3,98,200,14.202500,
baseline,5,1,perf-baseline-r005-20260818T051734Z,loan_to_customer,3,99,200,15.478600,
baseline,5,1,perf-baseline-r005-20260818T051734Z,loan_to_customer,3,100,200,14.488200,
baseline,5,1,perf-baseline-r005-20260818T051734Z,loan_to_customer,3,101,200,15.006700,
baseline,5,1,perf-baseline-r005-20260818T051734Z,loan_to_customer,3,102,200,13.172500,
baseline,5,1,perf-baseline-r005-20260818T051734Z,loan_to_customer,3,103,200,14.276200,
baseline,5,1,perf-baseline-r005-20260818T051734Z,loan_to_customer,3,104,200,13.295400,
baseline,5,1,perf-baseline-r005-20260818T051734Z,loan_to_customer,3,105,200,13.236100,
baseline,5,1,perf-baseline-r005-20260818T051734Z,loan_to_customer,3,106,200,14.463600,
baseline,5,1,perf-baseline-r005-20260818T051734Z,loan_to_customer,3,107,200,14.315200,
baseline,5,1,perf-baseline-r005-20260818T051734Z,loan_to_customer,3,108,200,14.769200,
baseline,5,1,perf-baseline-r005-20260818T051734Z,loan_to_customer,3,109,200,14.749700,
baseline,5,1,perf-baseline-r005-20260818T051734Z,loan_to_customer,3,110,200,13.977300,
baseline,5,1,perf-baseline-r005-20260818T051734Z,loan_to_customer,3,111,200,14.761000,
baseline,5,1,perf-baseline-r005-20260818T051734Z,loan_to_customer,3,112,200,13.866700,
baseline,5,1,perf-baseline-r005-20260818T051734Z,loan_to_customer,3,113,200,14.494900,
baseline,5,1,perf-baseline-r005-20260818T051734Z,loan_to_customer,3,114,200,14.952100,
baseline,5,1,perf-baseline-r005-20260818T051734Z,loan_to_customer,3,115,200,15.048400,
baseline,5,1,perf-baseline-r005-20260818T051734Z,loan_to_customer,3,116,200,14.544300,
baseline,5,1,perf-baseline-r005-20260818T051734Z,loan_to_customer,3,117,200,14.215100,
baseline,5,1,perf-baseline-r005-20260818T051734Z,loan_to_customer,3,118,200,14.346900,
baseline,5,1,perf-baseline-r005-20260818T051734Z,loan_to_customer,3,119,200,13.988300,
baseline,5,1,perf-baseline-r005-20260818T051734Z,loan_to_customer,3,120,200,13.912900,
baseline,5,1,perf-baseline-r005-20260818T051734Z,loan_to_customer,3,121,200,14.436700,
baseline,5,1,perf-baseline-r005-20260818T051734Z,loan_to_customer,3,122,200,15.758500,
baseline,5,1,perf-baseline-r005-20260818T051734Z,loan_to_customer,3,123,200,14.124900,
baseline,5,1,perf-baseline-r005-20260818T051734Z,loan_to_customer,3,124,200,14.741500,
baseline,5,1,perf-baseline-r005-20260818T051734Z,loan_to_customer,3,125,200,14.307700,
baseline,5,1,perf-baseline-r005-20260818T051734Z,loan_to_customer,3,126,200,14.480900,
baseline,5,1,perf-baseline-r005-20260818T051734Z,loan_to_customer,3,127,200,14.080000,
baseline,5,1,perf-baseline-r005-20260818T051734Z,loan_to_customer,3,128,200,14.570700,
baseline,5,1,perf-baseline-r005-20260818T051734Z,loan_to_customer,3,129,200,13.948000,
baseline,5,1,perf-baseline-r005-20260818T051734Z,loan_to_customer,3,130,200,13.728600,
baseline,5,1,perf-baseline-r005-20260818T051734Z,loan_to_customer,3,131,200,13.795100,
baseline,5,1,perf-baseline-r005-20260818T051734Z,loan_to_customer,3,132,200,14.039400,
baseline,5,1,perf-baseline-r005-20260818T051734Z,loan_to_customer,3,133,200,14.335400,
baseline,5,1,perf-baseline-r005-20260818T051734Z,loan_to_customer,3,134,200,13.700500,
baseline,5,1,perf-baseline-r005-20260818T051734Z,loan_to_customer,3,135,200,13.880300,
baseline,5,1,perf-baseline-r005-20260818T051734Z,loan_to_customer,3,136,200,14.107400,
baseline,5,1,perf-baseline-r005-20260818T051734Z,loan_to_customer,3,137,200,14.222000,
baseline,5,1,perf-baseline-r005-20260818T051734Z,loan_to_customer,3,138,200,14.148900,
baseline,5,1,perf-baseline-r005-20260818T051734Z,loan_to_customer,3,139,200,14.658200,
baseline,5,1,perf-baseline-r005-20260818T051734Z,loan_to_customer,3,140,200,13.871600,
baseline,5,1,perf-baseline-r005-20260818T051734Z,loan_to_customer,3,141,200,14.808900,
baseline,5,1,perf-baseline-r005-20260818T051734Z,loan_to_customer,3,142,200,14.659600,
baseline,5,1,perf-baseline-r005-20260818T051734Z,loan_to_customer,3,143,200,15.872800,
baseline,5,1,perf-baseline-r005-20260818T051734Z,loan_to_customer,3,144,200,15.273200,
baseline,5,1,perf-baseline-r005-20260818T051734Z,loan_to_customer,3,145,200,15.444800,
baseline,5,1,perf-baseline-r005-20260818T051734Z,loan_to_customer,3,146,200,15.719700,
baseline,5,1,perf-baseline-r005-20260818T051734Z,loan_to_customer,3,147,200,15.325400,
baseline,5,1,perf-baseline-r005-20260818T051734Z,loan_to_customer,3,148,200,16.515700,
baseline,5,1,perf-baseline-r005-20260818T051734Z,loan_to_customer,3,149,200,15.792600,
baseline,5,1,perf-baseline-r005-20260818T051734Z,loan_to_customer,3,150,200,15.340300,
baseline,5,1,perf-baseline-r005-20260818T051734Z,loan_to_customer,3,151,200,15.196900,
baseline,5,1,perf-baseline-r005-20260818T051734Z,loan_to_customer,3,152,200,14.676800,
baseline,5,1,perf-baseline-r005-20260818T051734Z,loan_to_customer,3,153,200,14.847900,
baseline,5,1,perf-baseline-r005-20260818T051734Z,loan_to_customer,3,154,200,14.211700,
baseline,5,1,perf-baseline-r005-20260818T051734Z,loan_to_customer,3,155,200,15.019200,
baseline,5,1,perf-baseline-r005-20260818T051734Z,loan_to_customer,3,156,200,15.167600,
baseline,5,1,perf-baseline-r005-20260818T051734Z,loan_to_customer,3,157,200,16.253200,
baseline,5,1,perf-baseline-r005-20260818T051734Z,loan_to_customer,3,158,200,15.490300,
baseline,5,1,perf-baseline-r005-20260818T051734Z,loan_to_customer,3,159,200,15.696400,
baseline,5,1,perf-baseline-r005-20260818T051734Z,loan_to_customer,3,160,200,16.012700,
baseline,5,1,perf-baseline-r005-20260818T051734Z,loan_to_customer,3,161,200,17.238000,
baseline,5,1,perf-baseline-r005-20260818T051734Z,loan_to_customer,3,162,200,16.215800,
baseline,5,1,perf-baseline-r005-20260818T051734Z,loan_to_customer,3,163,200,15.904700,
baseline,5,1,perf-baseline-r005-20260818T051734Z,loan_to_customer,3,164,200,16.610200,
baseline,5,1,perf-baseline-r005-20260818T051734Z,loan_to_customer,3,165,200,15.756100,
baseline,5,1,perf-baseline-r005-20260818T051734Z,loan_to_customer,3,166,200,16.573400,
baseline,5,1,perf-baseline-r005-20260818T051734Z,loan_to_customer,3,167,200,15.891100,
baseline,5,1,perf-baseline-r005-20260818T051734Z,loan_to_customer,3,168,200,16.533500,
baseline,5,1,perf-baseline-r005-20260818T051734Z,loan_to_customer,3,169,200,16.006300,
baseline,5,1,perf-baseline-r005-20260818T051734Z,loan_to_customer,3,170,200,15.363300,
baseline,5,1,perf-baseline-r005-20260818T051734Z,loan_to_customer,3,171,200,14.806000,
baseline,5,1,perf-baseline-r005-20260818T051734Z,loan_to_customer,3,172,200,15.457700,
baseline,5,1,perf-baseline-r005-20260818T051734Z,loan_to_customer,3,173,200,15.437900,
baseline,5,1,perf-baseline-r005-20260818T051734Z,loan_to_customer,3,174,200,15.484100,
baseline,5,1,perf-baseline-r005-20260818T051734Z,loan_to_customer,3,175,200,15.749100,
baseline,5,1,perf-baseline-r005-20260818T051734Z,loan_to_customer,3,176,200,15.325900,
baseline,5,1,perf-baseline-r005-20260818T051734Z,loan_to_customer,3,177,200,16.630900,
baseline,5,1,perf-baseline-r005-20260818T051734Z,loan_to_customer,3,178,200,17.722600,
baseline,5,1,perf-baseline-r005-20260818T051734Z,loan_to_customer,3,179,200,16.475000,
baseline,5,1,perf-baseline-r005-20260818T051734Z,loan_to_customer,3,180,200,16.664100,
baseline,5,1,perf-baseline-r005-20260818T051734Z,loan_to_customer,3,181,200,16.358800,
baseline,5,1,perf-baseline-r005-20260818T051734Z,loan_to_customer,3,182,200,17.299000,
baseline,5,1,perf-baseline-r005-20260818T051734Z,loan_to_customer,3,183,200,16.470400,
baseline,5,1,perf-baseline-r005-20260818T051734Z,loan_to_customer,3,184,200,16.642100,
baseline,5,1,perf-baseline-r005-20260818T051734Z,loan_to_customer,3,185,200,15.572300,
baseline,5,1,perf-baseline-r005-20260818T051734Z,loan_to_customer,3,186,200,16.124400,
baseline,5,1,perf-baseline-r005-20260818T051734Z,loan_to_customer,3,187,200,15.750300,
baseline,5,1,perf-baseline-r005-20260818T051734Z,loan_to_customer,3,188,200,15.015900,
baseline,5,1,perf-baseline-r005-20260818T051734Z,loan_to_customer,3,189,200,15.020600,
baseline,5,1,perf-baseline-r005-20260818T051734Z,loan_to_customer,3,190,200,14.725200,
baseline,5,1,perf-baseline-r005-20260818T051734Z,loan_to_customer,3,191,200,14.699400,
baseline,5,1,perf-baseline-r005-20260818T051734Z,loan_to_customer,3,192,200,16.043700,
baseline,5,1,perf-baseline-r005-20260818T051734Z,loan_to_customer,3,193,200,14.923600,
baseline,5,1,perf-baseline-r005-20260818T051734Z,loan_to_customer,3,194,200,14.666900,
baseline,5,1,perf-baseline-r005-20260818T051734Z,loan_to_customer,3,195,200,15.325600,
baseline,5,1,perf-baseline-r005-20260818T051734Z,loan_to_customer,3,196,200,14.828300,
baseline,5,1,perf-baseline-r005-20260818T051734Z,loan_to_customer,3,197,200,14.198600,
baseline,5,1,perf-baseline-r005-20260818T051734Z,loan_to_customer,3,198,200,14.412300,
baseline,5,1,perf-baseline-r005-20260818T051734Z,loan_to_customer,3,199,200,14.215500,
baseline,5,1,perf-baseline-r005-20260818T051734Z,loan_to_customer,3,200,200,14.376500,
baseline,5,1,perf-baseline-r005-20260818T051734Z,loan_to_credit,1,1,200,16.665200,
baseline,5,1,perf-baseline-r005-20260818T051734Z,loan_to_credit,1,2,200,18.199700,
baseline,5,1,perf-baseline-r005-20260818T051734Z,loan_to_credit,1,3,200,16.681300,
baseline,5,1,perf-baseline-r005-20260818T051734Z,loan_to_credit,1,4,200,17.002800,
baseline,5,1,perf-baseline-r005-20260818T051734Z,loan_to_credit,1,5,200,16.688200,
baseline,5,1,perf-baseline-r005-20260818T051734Z,loan_to_credit,1,6,200,15.931000,
baseline,5,1,perf-baseline-r005-20260818T051734Z,loan_to_credit,1,7,200,15.537100,
baseline,5,1,perf-baseline-r005-20260818T051734Z,loan_to_credit,1,8,200,15.397900,
baseline,5,1,perf-baseline-r005-20260818T051734Z,loan_to_credit,1,9,200,15.808500,
baseline,5,1,perf-baseline-r005-20260818T051734Z,loan_to_credit,1,10,200,17.497100,
baseline,5,1,perf-baseline-r005-20260818T051734Z,loan_to_credit,1,11,200,16.656600,
baseline,5,1,perf-baseline-r005-20260818T051734Z,loan_to_credit,1,12,200,16.208300,
baseline,5,1,perf-baseline-r005-20260818T051734Z,loan_to_credit,1,13,200,15.622300,
baseline,5,1,perf-baseline-r005-20260818T051734Z,loan_to_credit,1,14,200,16.212800,
baseline,5,1,perf-baseline-r005-20260818T051734Z,loan_to_credit,1,15,200,15.506700,
baseline,5,1,perf-baseline-r005-20260818T051734Z,loan_to_credit,1,16,200,15.097100,
baseline,5,1,perf-baseline-r005-20260818T051734Z,loan_to_credit,1,17,200,16.223000,
baseline,5,1,perf-baseline-r005-20260818T051734Z,loan_to_credit,1,18,200,15.962600,
baseline,5,1,perf-baseline-r005-20260818T051734Z,loan_to_credit,1,19,200,15.771100,
baseline,5,1,perf-baseline-r005-20260818T051734Z,loan_to_credit,1,20,200,16.404000,
baseline,5,1,perf-baseline-r005-20260818T051734Z,loan_to_credit,1,21,200,16.067400,
baseline,5,1,perf-baseline-r005-20260818T051734Z,loan_to_credit,1,22,200,15.512300,
baseline,5,1,perf-baseline-r005-20260818T051734Z,loan_to_credit,1,23,200,16.223100,
baseline,5,1,perf-baseline-r005-20260818T051734Z,loan_to_credit,1,24,200,17.365000,
baseline,5,1,perf-baseline-r005-20260818T051734Z,loan_to_credit,1,25,200,16.723000,
baseline,5,1,perf-baseline-r005-20260818T051734Z,loan_to_credit,1,26,200,16.795000,
baseline,5,1,perf-baseline-r005-20260818T051734Z,loan_to_credit,1,27,200,16.832100,
baseline,5,1,perf-baseline-r005-20260818T051734Z,loan_to_credit,1,28,200,15.936200,
baseline,5,1,perf-baseline-r005-20260818T051734Z,loan_to_credit,1,29,200,15.961900,
baseline,5,1,perf-baseline-r005-20260818T051734Z,loan_to_credit,1,30,200,16.339700,
baseline,5,1,perf-baseline-r005-20260818T051734Z,loan_to_credit,1,31,200,17.182600,
baseline,5,1,perf-baseline-r005-20260818T051734Z,loan_to_credit,1,32,200,16.886700,
baseline,5,1,perf-baseline-r005-20260818T051734Z,loan_to_credit,1,33,200,15.616200,
baseline,5,1,perf-baseline-r005-20260818T051734Z,loan_to_credit,1,34,200,18.473000,
baseline,5,1,perf-baseline-r005-20260818T051734Z,loan_to_credit,1,35,200,16.737600,
baseline,5,1,perf-baseline-r005-20260818T051734Z,loan_to_credit,1,36,200,17.004500,
baseline,5,1,perf-baseline-r005-20260818T051734Z,loan_to_credit,1,37,200,15.968100,
baseline,5,1,perf-baseline-r005-20260818T051734Z,loan_to_credit,1,38,200,17.558700,
baseline,5,1,perf-baseline-r005-20260818T051734Z,loan_to_credit,1,39,200,16.251000,
baseline,5,1,perf-baseline-r005-20260818T051734Z,loan_to_credit,1,40,200,15.802000,
baseline,5,1,perf-baseline-r005-20260818T051734Z,loan_to_credit,1,41,200,16.360000,
baseline,5,1,perf-baseline-r005-20260818T051734Z,loan_to_credit,1,42,200,15.823000,
baseline,5,1,perf-baseline-r005-20260818T051734Z,loan_to_credit,1,43,200,15.997900,
baseline,5,1,perf-baseline-r005-20260818T051734Z,loan_to_credit,1,44,200,15.792100,
baseline,5,1,perf-baseline-r005-20260818T051734Z,loan_to_credit,1,45,200,16.025200,
baseline,5,1,perf-baseline-r005-20260818T051734Z,loan_to_credit,1,46,200,16.535500,
baseline,5,1,perf-baseline-r005-20260818T051734Z,loan_to_credit,1,47,200,16.221500,
baseline,5,1,perf-baseline-r005-20260818T051734Z,loan_to_credit,1,48,200,16.118600,
baseline,5,1,perf-baseline-r005-20260818T051734Z,loan_to_credit,1,49,200,16.088300,
baseline,5,1,perf-baseline-r005-20260818T051734Z,loan_to_credit,1,50,200,15.938100,
baseline,5,1,perf-baseline-r005-20260818T051734Z,loan_to_credit,1,51,200,16.323100,
baseline,5,1,perf-baseline-r005-20260818T051734Z,loan_to_credit,1,52,200,16.928000,
baseline,5,1,perf-baseline-r005-20260818T051734Z,loan_to_credit,1,53,200,15.765000,
baseline,5,1,perf-baseline-r005-20260818T051734Z,loan_to_credit,1,54,200,15.859100,
baseline,5,1,perf-baseline-r005-20260818T051734Z,loan_to_credit,1,55,200,16.248300,
baseline,5,1,perf-baseline-r005-20260818T051734Z,loan_to_credit,1,56,200,15.871500,
baseline,5,1,perf-baseline-r005-20260818T051734Z,loan_to_credit,1,57,200,15.995200,
baseline,5,1,perf-baseline-r005-20260818T051734Z,loan_to_credit,1,58,200,16.943700,
baseline,5,1,perf-baseline-r005-20260818T051734Z,loan_to_credit,1,59,200,16.954700,
baseline,5,1,perf-baseline-r005-20260818T051734Z,loan_to_credit,1,60,200,17.532500,
baseline,5,1,perf-baseline-r005-20260818T051734Z,loan_to_credit,1,61,200,16.636500,
baseline,5,1,perf-baseline-r005-20260818T051734Z,loan_to_credit,1,62,200,16.539600,
baseline,5,1,perf-baseline-r005-20260818T051734Z,loan_to_credit,1,63,200,16.191600,
baseline,5,1,perf-baseline-r005-20260818T051734Z,loan_to_credit,1,64,200,17.250600,
baseline,5,1,perf-baseline-r005-20260818T051734Z,loan_to_credit,1,65,200,15.603800,
baseline,5,1,perf-baseline-r005-20260818T051734Z,loan_to_credit,1,66,200,17.521700,
baseline,5,1,perf-baseline-r005-20260818T051734Z,loan_to_credit,1,67,200,16.910800,
baseline,5,1,perf-baseline-r005-20260818T051734Z,loan_to_credit,1,68,200,16.676900,
baseline,5,1,perf-baseline-r005-20260818T051734Z,loan_to_credit,1,69,200,18.674300,
baseline,5,1,perf-baseline-r005-20260818T051734Z,loan_to_credit,1,70,200,16.538300,
baseline,5,1,perf-baseline-r005-20260818T051734Z,loan_to_credit,1,71,200,17.001100,
baseline,5,1,perf-baseline-r005-20260818T051734Z,loan_to_credit,1,72,200,15.909200,
baseline,5,1,perf-baseline-r005-20260818T051734Z,loan_to_credit,1,73,200,15.384400,
baseline,5,1,perf-baseline-r005-20260818T051734Z,loan_to_credit,1,74,200,16.496800,
baseline,5,1,perf-baseline-r005-20260818T051734Z,loan_to_credit,1,75,200,15.920200,
baseline,5,1,perf-baseline-r005-20260818T051734Z,loan_to_credit,1,76,200,15.611700,
baseline,5,1,perf-baseline-r005-20260818T051734Z,loan_to_credit,1,77,200,16.599800,
baseline,5,1,perf-baseline-r005-20260818T051734Z,loan_to_credit,1,78,200,16.452300,
baseline,5,1,perf-baseline-r005-20260818T051734Z,loan_to_credit,1,79,200,15.825600,
baseline,5,1,perf-baseline-r005-20260818T051734Z,loan_to_credit,1,80,200,15.002900,
baseline,5,1,perf-baseline-r005-20260818T051734Z,loan_to_credit,1,81,200,15.641800,
baseline,5,1,perf-baseline-r005-20260818T051734Z,loan_to_credit,1,82,200,15.609100,
baseline,5,1,perf-baseline-r005-20260818T051734Z,loan_to_credit,1,83,200,16.920000,
baseline,5,1,perf-baseline-r005-20260818T051734Z,loan_to_credit,1,84,200,17.015600,
baseline,5,1,perf-baseline-r005-20260818T051734Z,loan_to_credit,1,85,200,15.968500,
baseline,5,1,perf-baseline-r005-20260818T051734Z,loan_to_credit,1,86,200,18.255700,
baseline,5,1,perf-baseline-r005-20260818T051734Z,loan_to_credit,1,87,200,16.691200,
baseline,5,1,perf-baseline-r005-20260818T051734Z,loan_to_credit,1,88,200,17.631600,
baseline,5,1,perf-baseline-r005-20260818T051734Z,loan_to_credit,1,89,200,17.993400,
baseline,5,1,perf-baseline-r005-20260818T051734Z,loan_to_credit,1,90,200,18.183800,
baseline,5,1,perf-baseline-r005-20260818T051734Z,loan_to_credit,1,91,200,18.807900,
baseline,5,1,perf-baseline-r005-20260818T051734Z,loan_to_credit,1,92,200,17.912000,
baseline,5,1,perf-baseline-r005-20260818T051734Z,loan_to_credit,1,93,200,16.599700,
baseline,5,1,perf-baseline-r005-20260818T051734Z,loan_to_credit,1,94,200,19.758300,
baseline,5,1,perf-baseline-r005-20260818T051734Z,loan_to_credit,1,95,200,19.616200,
baseline,5,1,perf-baseline-r005-20260818T051734Z,loan_to_credit,1,96,200,18.802300,
baseline,5,1,perf-baseline-r005-20260818T051734Z,loan_to_credit,1,97,200,17.969300,
baseline,5,1,perf-baseline-r005-20260818T051734Z,loan_to_credit,1,98,200,16.627900,
baseline,5,1,perf-baseline-r005-20260818T051734Z,loan_to_credit,1,99,200,16.689100,
baseline,5,1,perf-baseline-r005-20260818T051734Z,loan_to_credit,1,100,200,15.700300,
baseline,5,1,perf-baseline-r005-20260818T051734Z,loan_to_credit,1,101,200,16.277400,
baseline,5,1,perf-baseline-r005-20260818T051734Z,loan_to_credit,1,102,200,16.661100,
baseline,5,1,perf-baseline-r005-20260818T051734Z,loan_to_credit,1,103,200,16.648200,
baseline,5,1,perf-baseline-r005-20260818T051734Z,loan_to_credit,1,104,200,17.275900,
baseline,5,1,perf-baseline-r005-20260818T051734Z,loan_to_credit,1,105,200,16.726500,
baseline,5,1,perf-baseline-r005-20260818T051734Z,loan_to_credit,1,106,200,15.280300,
baseline,5,1,perf-baseline-r005-20260818T051734Z,loan_to_credit,1,107,200,15.255300,
baseline,5,1,perf-baseline-r005-20260818T051734Z,loan_to_credit,1,108,200,15.909500,
baseline,5,1,perf-baseline-r005-20260818T051734Z,loan_to_credit,1,109,200,16.106300,
baseline,5,1,perf-baseline-r005-20260818T051734Z,loan_to_credit,1,110,200,16.003900,
baseline,5,1,perf-baseline-r005-20260818T051734Z,loan_to_credit,1,111,200,16.018400,
baseline,5,1,perf-baseline-r005-20260818T051734Z,loan_to_credit,1,112,200,15.792900,
baseline,5,1,perf-baseline-r005-20260818T051734Z,loan_to_credit,1,113,200,16.367000,
baseline,5,1,perf-baseline-r005-20260818T051734Z,loan_to_credit,1,114,200,16.558600,
baseline,5,1,perf-baseline-r005-20260818T051734Z,loan_to_credit,1,115,200,15.838500,
baseline,5,1,perf-baseline-r005-20260818T051734Z,loan_to_credit,1,116,200,15.256100,
baseline,5,1,perf-baseline-r005-20260818T051734Z,loan_to_credit,1,117,200,16.287200,
baseline,5,1,perf-baseline-r005-20260818T051734Z,loan_to_credit,1,118,200,15.912800,
baseline,5,1,perf-baseline-r005-20260818T051734Z,loan_to_credit,1,119,200,16.879800,
baseline,5,1,perf-baseline-r005-20260818T051734Z,loan_to_credit,1,120,200,16.914500,
baseline,5,1,perf-baseline-r005-20260818T051734Z,loan_to_credit,1,121,200,17.102800,
baseline,5,1,perf-baseline-r005-20260818T051734Z,loan_to_credit,1,122,200,16.992500,
baseline,5,1,perf-baseline-r005-20260818T051734Z,loan_to_credit,1,123,200,16.019900,
baseline,5,1,perf-baseline-r005-20260818T051734Z,loan_to_credit,1,124,200,16.076700,
baseline,5,1,perf-baseline-r005-20260818T051734Z,loan_to_credit,1,125,200,15.995400,
baseline,5,1,perf-baseline-r005-20260818T051734Z,loan_to_credit,1,126,200,17.448700,
baseline,5,1,perf-baseline-r005-20260818T051734Z,loan_to_credit,1,127,200,17.004400,
baseline,5,1,perf-baseline-r005-20260818T051734Z,loan_to_credit,1,128,200,15.310600,
baseline,5,1,perf-baseline-r005-20260818T051734Z,loan_to_credit,1,129,200,15.778300,
baseline,5,1,perf-baseline-r005-20260818T051734Z,loan_to_credit,1,130,200,16.320700,
baseline,5,1,perf-baseline-r005-20260818T051734Z,loan_to_credit,1,131,200,15.659300,
baseline,5,1,perf-baseline-r005-20260818T051734Z,loan_to_credit,1,132,200,15.759800,
baseline,5,1,perf-baseline-r005-20260818T051734Z,loan_to_credit,1,133,200,15.930600,
baseline,5,1,perf-baseline-r005-20260818T051734Z,loan_to_credit,1,134,200,16.064200,
baseline,5,1,perf-baseline-r005-20260818T051734Z,loan_to_credit,1,135,200,16.794900,
baseline,5,1,perf-baseline-r005-20260818T051734Z,loan_to_credit,1,136,200,16.153700,
baseline,5,1,perf-baseline-r005-20260818T051734Z,loan_to_credit,1,137,200,15.815900,
baseline,5,1,perf-baseline-r005-20260818T051734Z,loan_to_credit,1,138,200,16.028100,
baseline,5,1,perf-baseline-r005-20260818T051734Z,loan_to_credit,1,139,200,16.180000,
baseline,5,1,perf-baseline-r005-20260818T051734Z,loan_to_credit,1,140,200,16.416500,
baseline,5,1,perf-baseline-r005-20260818T051734Z,loan_to_credit,1,141,200,15.802600,
baseline,5,1,perf-baseline-r005-20260818T051734Z,loan_to_credit,1,142,200,16.979500,
baseline,5,1,perf-baseline-r005-20260818T051734Z,loan_to_credit,1,143,200,15.825000,
baseline,5,1,perf-baseline-r005-20260818T051734Z,loan_to_credit,1,144,200,15.968000,
baseline,5,1,perf-baseline-r005-20260818T051734Z,loan_to_credit,1,145,200,16.269500,
baseline,5,1,perf-baseline-r005-20260818T051734Z,loan_to_credit,1,146,200,16.710700,
baseline,5,1,perf-baseline-r005-20260818T051734Z,loan_to_credit,1,147,200,15.922400,
baseline,5,1,perf-baseline-r005-20260818T051734Z,loan_to_credit,1,148,200,15.904900,
baseline,5,1,perf-baseline-r005-20260818T051734Z,loan_to_credit,1,149,200,16.295000,
baseline,5,1,perf-baseline-r005-20260818T051734Z,loan_to_credit,1,150,200,16.859700,
baseline,5,1,perf-baseline-r005-20260818T051734Z,loan_to_credit,1,151,200,15.824700,
baseline,5,1,perf-baseline-r005-20260818T051734Z,loan_to_credit,1,152,200,16.270700,
baseline,5,1,perf-baseline-r005-20260818T051734Z,loan_to_credit,1,153,200,16.995700,
baseline,5,1,perf-baseline-r005-20260818T051734Z,loan_to_credit,1,154,200,16.520300,
baseline,5,1,perf-baseline-r005-20260818T051734Z,loan_to_credit,1,155,200,16.909300,
baseline,5,1,perf-baseline-r005-20260818T051734Z,loan_to_credit,1,156,200,16.142200,
baseline,5,1,perf-baseline-r005-20260818T051734Z,loan_to_credit,1,157,200,17.173800,
baseline,5,1,perf-baseline-r005-20260818T051734Z,loan_to_credit,1,158,200,16.170500,
baseline,5,1,perf-baseline-r005-20260818T051734Z,loan_to_credit,1,159,200,17.292100,
baseline,5,1,perf-baseline-r005-20260818T051734Z,loan_to_credit,1,160,200,16.393200,
baseline,5,1,perf-baseline-r005-20260818T051734Z,loan_to_credit,1,161,200,15.874600,
baseline,5,1,perf-baseline-r005-20260818T051734Z,loan_to_credit,1,162,200,14.870500,
baseline,5,1,perf-baseline-r005-20260818T051734Z,loan_to_credit,1,163,200,14.898400,
baseline,5,1,perf-baseline-r005-20260818T051734Z,loan_to_credit,1,164,200,15.205000,
baseline,5,1,perf-baseline-r005-20260818T051734Z,loan_to_credit,1,165,200,15.777100,
baseline,5,1,perf-baseline-r005-20260818T051734Z,loan_to_credit,1,166,200,16.473800,
baseline,5,1,perf-baseline-r005-20260818T051734Z,loan_to_credit,1,167,200,16.867600,
baseline,5,1,perf-baseline-r005-20260818T051734Z,loan_to_credit,1,168,200,16.099700,
baseline,5,1,perf-baseline-r005-20260818T051734Z,loan_to_credit,1,169,200,16.539100,
baseline,5,1,perf-baseline-r005-20260818T051734Z,loan_to_credit,1,170,200,16.186800,
baseline,5,1,perf-baseline-r005-20260818T051734Z,loan_to_credit,1,171,200,15.829200,
baseline,5,1,perf-baseline-r005-20260818T051734Z,loan_to_credit,1,172,200,14.876500,
baseline,5,1,perf-baseline-r005-20260818T051734Z,loan_to_credit,1,173,200,15.095600,
baseline,5,1,perf-baseline-r005-20260818T051734Z,loan_to_credit,1,174,200,16.099200,
baseline,5,1,perf-baseline-r005-20260818T051734Z,loan_to_credit,1,175,200,15.846200,
baseline,5,1,perf-baseline-r005-20260818T051734Z,loan_to_credit,1,176,200,15.813500,
baseline,5,1,perf-baseline-r005-20260818T051734Z,loan_to_credit,1,177,200,16.127500,
baseline,5,1,perf-baseline-r005-20260818T051734Z,loan_to_credit,1,178,200,16.142200,
baseline,5,1,perf-baseline-r005-20260818T051734Z,loan_to_credit,1,179,200,17.286600,
baseline,5,1,perf-baseline-r005-20260818T051734Z,loan_to_credit,1,180,200,16.202100,
baseline,5,1,perf-baseline-r005-20260818T051734Z,loan_to_credit,1,181,200,16.390500,
baseline,5,1,perf-baseline-r005-20260818T051734Z,loan_to_credit,1,182,200,16.886300,
baseline,5,1,perf-baseline-r005-20260818T051734Z,loan_to_credit,1,183,200,17.129400,
baseline,5,1,perf-baseline-r005-20260818T051734Z,loan_to_credit,1,184,200,16.881200,
baseline,5,1,perf-baseline-r005-20260818T051734Z,loan_to_credit,1,185,200,17.762100,
baseline,5,1,perf-baseline-r005-20260818T051734Z,loan_to_credit,1,186,200,16.347300,
baseline,5,1,perf-baseline-r005-20260818T051734Z,loan_to_credit,1,187,200,16.935400,
baseline,5,1,perf-baseline-r005-20260818T051734Z,loan_to_credit,1,188,200,15.763100,
baseline,5,1,perf-baseline-r005-20260818T051734Z,loan_to_credit,1,189,200,15.779300,
baseline,5,1,perf-baseline-r005-20260818T051734Z,loan_to_credit,1,190,200,15.939200,
baseline,5,1,perf-baseline-r005-20260818T051734Z,loan_to_credit,1,191,200,17.688200,
baseline,5,1,perf-baseline-r005-20260818T051734Z,loan_to_credit,1,192,200,17.620600,
baseline,5,1,perf-baseline-r005-20260818T051734Z,loan_to_credit,1,193,200,16.910900,
baseline,5,1,perf-baseline-r005-20260818T051734Z,loan_to_credit,1,194,200,15.913900,
baseline,5,1,perf-baseline-r005-20260818T051734Z,loan_to_credit,1,195,200,16.092000,
baseline,5,1,perf-baseline-r005-20260818T051734Z,loan_to_credit,1,196,200,16.259400,
baseline,5,1,perf-baseline-r005-20260818T051734Z,loan_to_credit,1,197,200,16.780400,
baseline,5,1,perf-baseline-r005-20260818T051734Z,loan_to_credit,1,198,200,15.909300,
baseline,5,1,perf-baseline-r005-20260818T051734Z,loan_to_credit,1,199,200,16.039500,
baseline,5,1,perf-baseline-r005-20260818T051734Z,loan_to_credit,1,200,200,15.653600,
baseline,5,1,perf-baseline-r005-20260818T051734Z,loan_to_credit,2,1,200,16.226800,
baseline,5,1,perf-baseline-r005-20260818T051734Z,loan_to_credit,2,2,200,15.904300,
baseline,5,1,perf-baseline-r005-20260818T051734Z,loan_to_credit,2,3,200,15.582500,
baseline,5,1,perf-baseline-r005-20260818T051734Z,loan_to_credit,2,4,200,16.255500,
baseline,5,1,perf-baseline-r005-20260818T051734Z,loan_to_credit,2,5,200,16.079300,
baseline,5,1,perf-baseline-r005-20260818T051734Z,loan_to_credit,2,6,200,17.236600,
baseline,5,1,perf-baseline-r005-20260818T051734Z,loan_to_credit,2,7,200,15.582000,
baseline,5,1,perf-baseline-r005-20260818T051734Z,loan_to_credit,2,8,200,14.813400,
baseline,5,1,perf-baseline-r005-20260818T051734Z,loan_to_credit,2,9,200,16.401000,
baseline,5,1,perf-baseline-r005-20260818T051734Z,loan_to_credit,2,10,200,16.154100,
baseline,5,1,perf-baseline-r005-20260818T051734Z,loan_to_credit,2,11,200,15.760600,
baseline,5,1,perf-baseline-r005-20260818T051734Z,loan_to_credit,2,12,200,16.762800,
baseline,5,1,perf-baseline-r005-20260818T051734Z,loan_to_credit,2,13,200,18.241700,
baseline,5,1,perf-baseline-r005-20260818T051734Z,loan_to_credit,2,14,200,18.720100,
baseline,5,1,perf-baseline-r005-20260818T051734Z,loan_to_credit,2,15,200,17.808200,
baseline,5,1,perf-baseline-r005-20260818T051734Z,loan_to_credit,2,16,200,17.610000,
baseline,5,1,perf-baseline-r005-20260818T051734Z,loan_to_credit,2,17,200,17.524800,
baseline,5,1,perf-baseline-r005-20260818T051734Z,loan_to_credit,2,18,200,17.751800,
baseline,5,1,perf-baseline-r005-20260818T051734Z,loan_to_credit,2,19,200,16.679700,
baseline,5,1,perf-baseline-r005-20260818T051734Z,loan_to_credit,2,20,200,18.826400,
baseline,5,1,perf-baseline-r005-20260818T051734Z,loan_to_credit,2,21,200,17.552100,
baseline,5,1,perf-baseline-r005-20260818T051734Z,loan_to_credit,2,22,200,16.616000,
baseline,5,1,perf-baseline-r005-20260818T051734Z,loan_to_credit,2,23,200,16.828600,
baseline,5,1,perf-baseline-r005-20260818T051734Z,loan_to_credit,2,24,200,15.635000,
baseline,5,1,perf-baseline-r005-20260818T051734Z,loan_to_credit,2,25,200,16.155500,
baseline,5,1,perf-baseline-r005-20260818T051734Z,loan_to_credit,2,26,200,17.223800,
baseline,5,1,perf-baseline-r005-20260818T051734Z,loan_to_credit,2,27,200,17.126200,
baseline,5,1,perf-baseline-r005-20260818T051734Z,loan_to_credit,2,28,200,16.931400,
baseline,5,1,perf-baseline-r005-20260818T051734Z,loan_to_credit,2,29,200,15.642500,
baseline,5,1,perf-baseline-r005-20260818T051734Z,loan_to_credit,2,30,200,16.205900,
baseline,5,1,perf-baseline-r005-20260818T051734Z,loan_to_credit,2,31,200,16.111600,
baseline,5,1,perf-baseline-r005-20260818T051734Z,loan_to_credit,2,32,200,15.544300,
baseline,5,1,perf-baseline-r005-20260818T051734Z,loan_to_credit,2,33,200,15.850200,
baseline,5,1,perf-baseline-r005-20260818T051734Z,loan_to_credit,2,34,200,15.604500,
baseline,5,1,perf-baseline-r005-20260818T051734Z,loan_to_credit,2,35,200,15.159300,
baseline,5,1,perf-baseline-r005-20260818T051734Z,loan_to_credit,2,36,200,16.298600,
baseline,5,1,perf-baseline-r005-20260818T051734Z,loan_to_credit,2,37,200,15.814500,
baseline,5,1,perf-baseline-r005-20260818T051734Z,loan_to_credit,2,38,200,15.359900,
baseline,5,1,perf-baseline-r005-20260818T051734Z,loan_to_credit,2,39,200,16.016600,
baseline,5,1,perf-baseline-r005-20260818T051734Z,loan_to_credit,2,40,200,15.967800,
baseline,5,1,perf-baseline-r005-20260818T051734Z,loan_to_credit,2,41,200,15.865800,
baseline,5,1,perf-baseline-r005-20260818T051734Z,loan_to_credit,2,42,200,17.098600,
baseline,5,1,perf-baseline-r005-20260818T051734Z,loan_to_credit,2,43,200,16.946500,
baseline,5,1,perf-baseline-r005-20260818T051734Z,loan_to_credit,2,44,200,16.851600,
baseline,5,1,perf-baseline-r005-20260818T051734Z,loan_to_credit,2,45,200,16.758500,
baseline,5,1,perf-baseline-r005-20260818T051734Z,loan_to_credit,2,46,200,16.655500,
baseline,5,1,perf-baseline-r005-20260818T051734Z,loan_to_credit,2,47,200,18.960000,
baseline,5,1,perf-baseline-r005-20260818T051734Z,loan_to_credit,2,48,200,18.787800,
baseline,5,1,perf-baseline-r005-20260818T051734Z,loan_to_credit,2,49,200,18.906400,
baseline,5,1,perf-baseline-r005-20260818T051734Z,loan_to_credit,2,50,200,20.410600,
baseline,5,1,perf-baseline-r005-20260818T051734Z,loan_to_credit,2,51,200,18.554600,
baseline,5,1,perf-baseline-r005-20260818T051734Z,loan_to_credit,2,52,200,20.375300,
baseline,5,1,perf-baseline-r005-20260818T051734Z,loan_to_credit,2,53,200,20.813000,
baseline,5,1,perf-baseline-r005-20260818T051734Z,loan_to_credit,2,54,200,20.116000,
baseline,5,1,perf-baseline-r005-20260818T051734Z,loan_to_credit,2,55,200,16.388700,
baseline,5,1,perf-baseline-r005-20260818T051734Z,loan_to_credit,2,56,200,17.083300,
baseline,5,1,perf-baseline-r005-20260818T051734Z,loan_to_credit,2,57,200,16.811800,
baseline,5,1,perf-baseline-r005-20260818T051734Z,loan_to_credit,2,58,200,16.773700,
baseline,5,1,perf-baseline-r005-20260818T051734Z,loan_to_credit,2,59,200,16.740200,
baseline,5,1,perf-baseline-r005-20260818T051734Z,loan_to_credit,2,60,200,17.518700,
baseline,5,1,perf-baseline-r005-20260818T051734Z,loan_to_credit,2,61,200,15.702800,
baseline,5,1,perf-baseline-r005-20260818T051734Z,loan_to_credit,2,62,200,16.129300,
baseline,5,1,perf-baseline-r005-20260818T051734Z,loan_to_credit,2,63,200,17.558200,
baseline,5,1,perf-baseline-r005-20260818T051734Z,loan_to_credit,2,64,200,16.971200,
baseline,5,1,perf-baseline-r005-20260818T051734Z,loan_to_credit,2,65,200,20.980100,
baseline,5,1,perf-baseline-r005-20260818T051734Z,loan_to_credit,2,66,200,16.721200,
baseline,5,1,perf-baseline-r005-20260818T051734Z,loan_to_credit,2,67,200,16.855400,
baseline,5,1,perf-baseline-r005-20260818T051734Z,loan_to_credit,2,68,200,17.063500,
baseline,5,1,perf-baseline-r005-20260818T051734Z,loan_to_credit,2,69,200,17.001200,
baseline,5,1,perf-baseline-r005-20260818T051734Z,loan_to_credit,2,70,200,17.386000,
baseline,5,1,perf-baseline-r005-20260818T051734Z,loan_to_credit,2,71,200,16.685000,
baseline,5,1,perf-baseline-r005-20260818T051734Z,loan_to_credit,2,72,200,17.711400,
baseline,5,1,perf-baseline-r005-20260818T051734Z,loan_to_credit,2,73,200,16.438700,
baseline,5,1,perf-baseline-r005-20260818T051734Z,loan_to_credit,2,74,200,16.748700,
baseline,5,1,perf-baseline-r005-20260818T051734Z,loan_to_credit,2,75,200,16.806400,
baseline,5,1,perf-baseline-r005-20260818T051734Z,loan_to_credit,2,76,200,17.434400,
baseline,5,1,perf-baseline-r005-20260818T051734Z,loan_to_credit,2,77,200,16.861600,
baseline,5,1,perf-baseline-r005-20260818T051734Z,loan_to_credit,2,78,200,17.795300,
baseline,5,1,perf-baseline-r005-20260818T051734Z,loan_to_credit,2,79,200,16.091900,
baseline,5,1,perf-baseline-r005-20260818T051734Z,loan_to_credit,2,80,200,17.071000,
baseline,5,1,perf-baseline-r005-20260818T051734Z,loan_to_credit,2,81,200,15.724800,
baseline,5,1,perf-baseline-r005-20260818T051734Z,loan_to_credit,2,82,200,16.604300,
baseline,5,1,perf-baseline-r005-20260818T051734Z,loan_to_credit,2,83,200,15.978000,
baseline,5,1,perf-baseline-r005-20260818T051734Z,loan_to_credit,2,84,200,15.109700,
baseline,5,1,perf-baseline-r005-20260818T051734Z,loan_to_credit,2,85,200,15.751600,
baseline,5,1,perf-baseline-r005-20260818T051734Z,loan_to_credit,2,86,200,16.902400,
baseline,5,1,perf-baseline-r005-20260818T051734Z,loan_to_credit,2,87,200,16.420300,
baseline,5,1,perf-baseline-r005-20260818T051734Z,loan_to_credit,2,88,200,16.105600,
baseline,5,1,perf-baseline-r005-20260818T051734Z,loan_to_credit,2,89,200,15.757800,
baseline,5,1,perf-baseline-r005-20260818T051734Z,loan_to_credit,2,90,200,17.295800,
baseline,5,1,perf-baseline-r005-20260818T051734Z,loan_to_credit,2,91,200,19.172500,
baseline,5,1,perf-baseline-r005-20260818T051734Z,loan_to_credit,2,92,200,17.726600,
baseline,5,1,perf-baseline-r005-20260818T051734Z,loan_to_credit,2,93,200,17.788100,
baseline,5,1,perf-baseline-r005-20260818T051734Z,loan_to_credit,2,94,200,17.869600,
baseline,5,1,perf-baseline-r005-20260818T051734Z,loan_to_credit,2,95,200,19.050200,
baseline,5,1,perf-baseline-r005-20260818T051734Z,loan_to_credit,2,96,200,17.286900,
baseline,5,1,perf-baseline-r005-20260818T051734Z,loan_to_credit,2,97,200,15.610500,
baseline,5,1,perf-baseline-r005-20260818T051734Z,loan_to_credit,2,98,200,16.959900,
baseline,5,1,perf-baseline-r005-20260818T051734Z,loan_to_credit,2,99,200,15.999100,
baseline,5,1,perf-baseline-r005-20260818T051734Z,loan_to_credit,2,100,200,17.559400,
baseline,5,1,perf-baseline-r005-20260818T051734Z,loan_to_credit,2,101,200,16.600500,
baseline,5,1,perf-baseline-r005-20260818T051734Z,loan_to_credit,2,102,200,17.426600,
baseline,5,1,perf-baseline-r005-20260818T051734Z,loan_to_credit,2,103,200,16.953800,
baseline,5,1,perf-baseline-r005-20260818T051734Z,loan_to_credit,2,104,200,17.252000,
baseline,5,1,perf-baseline-r005-20260818T051734Z,loan_to_credit,2,105,200,16.291500,
baseline,5,1,perf-baseline-r005-20260818T051734Z,loan_to_credit,2,106,200,16.940300,
baseline,5,1,perf-baseline-r005-20260818T051734Z,loan_to_credit,2,107,200,16.814700,
baseline,5,1,perf-baseline-r005-20260818T051734Z,loan_to_credit,2,108,200,16.931800,
baseline,5,1,perf-baseline-r005-20260818T051734Z,loan_to_credit,2,109,200,17.316800,
baseline,5,1,perf-baseline-r005-20260818T051734Z,loan_to_credit,2,110,200,16.949900,
baseline,5,1,perf-baseline-r005-20260818T051734Z,loan_to_credit,2,111,200,15.765800,
baseline,5,1,perf-baseline-r005-20260818T051734Z,loan_to_credit,2,112,200,16.281000,
baseline,5,1,perf-baseline-r005-20260818T051734Z,loan_to_credit,2,113,200,16.784900,
baseline,5,1,perf-baseline-r005-20260818T051734Z,loan_to_credit,2,114,200,16.188400,
baseline,5,1,perf-baseline-r005-20260818T051734Z,loan_to_credit,2,115,200,15.720800,
baseline,5,1,perf-baseline-r005-20260818T051734Z,loan_to_credit,2,116,200,16.294800,
baseline,5,1,perf-baseline-r005-20260818T051734Z,loan_to_credit,2,117,200,15.580400,
baseline,5,1,perf-baseline-r005-20260818T051734Z,loan_to_credit,2,118,200,16.063600,
baseline,5,1,perf-baseline-r005-20260818T051734Z,loan_to_credit,2,119,200,15.704800,
baseline,5,1,perf-baseline-r005-20260818T051734Z,loan_to_credit,2,120,200,16.303800,
baseline,5,1,perf-baseline-r005-20260818T051734Z,loan_to_credit,2,121,200,15.976100,
baseline,5,1,perf-baseline-r005-20260818T051734Z,loan_to_credit,2,122,200,15.778400,
baseline,5,1,perf-baseline-r005-20260818T051734Z,loan_to_credit,2,123,200,15.808600,
baseline,5,1,perf-baseline-r005-20260818T051734Z,loan_to_credit,2,124,200,14.888000,
baseline,5,1,perf-baseline-r005-20260818T051734Z,loan_to_credit,2,125,200,15.291900,
baseline,5,1,perf-baseline-r005-20260818T051734Z,loan_to_credit,2,126,200,16.733600,
baseline,5,1,perf-baseline-r005-20260818T051734Z,loan_to_credit,2,127,200,16.124300,
baseline,5,1,perf-baseline-r005-20260818T051734Z,loan_to_credit,2,128,200,15.780400,
baseline,5,1,perf-baseline-r005-20260818T051734Z,loan_to_credit,2,129,200,16.091600,
baseline,5,1,perf-baseline-r005-20260818T051734Z,loan_to_credit,2,130,200,16.051900,
baseline,5,1,perf-baseline-r005-20260818T051734Z,loan_to_credit,2,131,200,16.912200,
baseline,5,1,perf-baseline-r005-20260818T051734Z,loan_to_credit,2,132,200,16.358000,
baseline,5,1,perf-baseline-r005-20260818T051734Z,loan_to_credit,2,133,200,16.208800,
baseline,5,1,perf-baseline-r005-20260818T051734Z,loan_to_credit,2,134,200,16.972100,
baseline,5,1,perf-baseline-r005-20260818T051734Z,loan_to_credit,2,135,200,16.913100,
baseline,5,1,perf-baseline-r005-20260818T051734Z,loan_to_credit,2,136,200,16.941700,
baseline,5,1,perf-baseline-r005-20260818T051734Z,loan_to_credit,2,137,200,16.107300,
baseline,5,1,perf-baseline-r005-20260818T051734Z,loan_to_credit,2,138,200,18.537600,
baseline,5,1,perf-baseline-r005-20260818T051734Z,loan_to_credit,2,139,200,17.626000,
baseline,5,1,perf-baseline-r005-20260818T051734Z,loan_to_credit,2,140,200,16.616100,
baseline,5,1,perf-baseline-r005-20260818T051734Z,loan_to_credit,2,141,200,17.266500,
baseline,5,1,perf-baseline-r005-20260818T051734Z,loan_to_credit,2,142,200,18.274800,
baseline,5,1,perf-baseline-r005-20260818T051734Z,loan_to_credit,2,143,200,17.438400,
baseline,5,1,perf-baseline-r005-20260818T051734Z,loan_to_credit,2,144,200,17.232700,
baseline,5,1,perf-baseline-r005-20260818T051734Z,loan_to_credit,2,145,200,16.151800,
baseline,5,1,perf-baseline-r005-20260818T051734Z,loan_to_credit,2,146,200,20.843300,
baseline,5,1,perf-baseline-r005-20260818T051734Z,loan_to_credit,2,147,200,16.267400,
baseline,5,1,perf-baseline-r005-20260818T051734Z,loan_to_credit,2,148,200,16.301100,
baseline,5,1,perf-baseline-r005-20260818T051734Z,loan_to_credit,2,149,200,16.704000,
baseline,5,1,perf-baseline-r005-20260818T051734Z,loan_to_credit,2,150,200,17.907600,
baseline,5,1,perf-baseline-r005-20260818T051734Z,loan_to_credit,2,151,200,16.291400,
baseline,5,1,perf-baseline-r005-20260818T051734Z,loan_to_credit,2,152,200,16.436400,
baseline,5,1,perf-baseline-r005-20260818T051734Z,loan_to_credit,2,153,200,16.183100,
baseline,5,1,perf-baseline-r005-20260818T051734Z,loan_to_credit,2,154,200,16.168200,
baseline,5,1,perf-baseline-r005-20260818T051734Z,loan_to_credit,2,155,200,15.686400,
baseline,5,1,perf-baseline-r005-20260818T051734Z,loan_to_credit,2,156,200,16.265600,
baseline,5,1,perf-baseline-r005-20260818T051734Z,loan_to_credit,2,157,200,16.769700,
baseline,5,1,perf-baseline-r005-20260818T051734Z,loan_to_credit,2,158,200,16.405600,
baseline,5,1,perf-baseline-r005-20260818T051734Z,loan_to_credit,2,159,200,15.374000,
baseline,5,1,perf-baseline-r005-20260818T051734Z,loan_to_credit,2,160,200,16.216400,
baseline,5,1,perf-baseline-r005-20260818T051734Z,loan_to_credit,2,161,200,15.879300,
baseline,5,1,perf-baseline-r005-20260818T051734Z,loan_to_credit,2,162,200,15.899800,
baseline,5,1,perf-baseline-r005-20260818T051734Z,loan_to_credit,2,163,200,16.137100,
baseline,5,1,perf-baseline-r005-20260818T051734Z,loan_to_credit,2,164,200,16.869400,
baseline,5,1,perf-baseline-r005-20260818T051734Z,loan_to_credit,2,165,200,15.959200,
baseline,5,1,perf-baseline-r005-20260818T051734Z,loan_to_credit,2,166,200,17.752400,
baseline,5,1,perf-baseline-r005-20260818T051734Z,loan_to_credit,2,167,200,16.689400,
baseline,5,1,perf-baseline-r005-20260818T051734Z,loan_to_credit,2,168,200,16.820700,
baseline,5,1,perf-baseline-r005-20260818T051734Z,loan_to_credit,2,169,200,17.438200,
baseline,5,1,perf-baseline-r005-20260818T051734Z,loan_to_credit,2,170,200,16.638300,
baseline,5,1,perf-baseline-r005-20260818T051734Z,loan_to_credit,2,171,200,17.260600,
baseline,5,1,perf-baseline-r005-20260818T051734Z,loan_to_credit,2,172,200,16.555500,
baseline,5,1,perf-baseline-r005-20260818T051734Z,loan_to_credit,2,173,200,15.673400,
baseline,5,1,perf-baseline-r005-20260818T051734Z,loan_to_credit,2,174,200,17.366400,
baseline,5,1,perf-baseline-r005-20260818T051734Z,loan_to_credit,2,175,200,19.685200,
baseline,5,1,perf-baseline-r005-20260818T051734Z,loan_to_credit,2,176,200,20.218400,
baseline,5,1,perf-baseline-r005-20260818T051734Z,loan_to_credit,2,177,200,17.252600,
baseline,5,1,perf-baseline-r005-20260818T051734Z,loan_to_credit,2,178,200,17.003800,
baseline,5,1,perf-baseline-r005-20260818T051734Z,loan_to_credit,2,179,200,16.587600,
baseline,5,1,perf-baseline-r005-20260818T051734Z,loan_to_credit,2,180,200,15.652600,
baseline,5,1,perf-baseline-r005-20260818T051734Z,loan_to_credit,2,181,200,16.282100,
baseline,5,1,perf-baseline-r005-20260818T051734Z,loan_to_credit,2,182,200,16.026700,
baseline,5,1,perf-baseline-r005-20260818T051734Z,loan_to_credit,2,183,200,15.637400,
baseline,5,1,perf-baseline-r005-20260818T051734Z,loan_to_credit,2,184,200,16.422600,
baseline,5,1,perf-baseline-r005-20260818T051734Z,loan_to_credit,2,185,200,16.464500,
baseline,5,1,perf-baseline-r005-20260818T051734Z,loan_to_credit,2,186,200,16.440700,
baseline,5,1,perf-baseline-r005-20260818T051734Z,loan_to_credit,2,187,200,15.510700,
baseline,5,1,perf-baseline-r005-20260818T051734Z,loan_to_credit,2,188,200,16.235000,
baseline,5,1,perf-baseline-r005-20260818T051734Z,loan_to_credit,2,189,200,16.202600,
baseline,5,1,perf-baseline-r005-20260818T051734Z,loan_to_credit,2,190,200,16.367200,
baseline,5,1,perf-baseline-r005-20260818T051734Z,loan_to_credit,2,191,200,16.687600,
baseline,5,1,perf-baseline-r005-20260818T051734Z,loan_to_credit,2,192,200,15.782500,
baseline,5,1,perf-baseline-r005-20260818T051734Z,loan_to_credit,2,193,200,16.008600,
baseline,5,1,perf-baseline-r005-20260818T051734Z,loan_to_credit,2,194,200,16.002400,
baseline,5,1,perf-baseline-r005-20260818T051734Z,loan_to_credit,2,195,200,16.068600,
baseline,5,1,perf-baseline-r005-20260818T051734Z,loan_to_credit,2,196,200,16.011100,
baseline,5,1,perf-baseline-r005-20260818T051734Z,loan_to_credit,2,197,200,16.879600,
baseline,5,1,perf-baseline-r005-20260818T051734Z,loan_to_credit,2,198,200,15.927200,
baseline,5,1,perf-baseline-r005-20260818T051734Z,loan_to_credit,2,199,200,15.998300,
baseline,5,1,perf-baseline-r005-20260818T051734Z,loan_to_credit,2,200,200,17.249200,
baseline,5,1,perf-baseline-r005-20260818T051734Z,loan_to_credit,3,1,200,16.816100,
baseline,5,1,perf-baseline-r005-20260818T051734Z,loan_to_credit,3,2,200,16.780400,
baseline,5,1,perf-baseline-r005-20260818T051734Z,loan_to_credit,3,3,200,15.741600,
baseline,5,1,perf-baseline-r005-20260818T051734Z,loan_to_credit,3,4,200,16.117200,
baseline,5,1,perf-baseline-r005-20260818T051734Z,loan_to_credit,3,5,200,16.196500,
baseline,5,1,perf-baseline-r005-20260818T051734Z,loan_to_credit,3,6,200,17.232300,
baseline,5,1,perf-baseline-r005-20260818T051734Z,loan_to_credit,3,7,200,16.461800,
baseline,5,1,perf-baseline-r005-20260818T051734Z,loan_to_credit,3,8,200,16.063000,
baseline,5,1,perf-baseline-r005-20260818T051734Z,loan_to_credit,3,9,200,15.687400,
baseline,5,1,perf-baseline-r005-20260818T051734Z,loan_to_credit,3,10,200,16.499200,
baseline,5,1,perf-baseline-r005-20260818T051734Z,loan_to_credit,3,11,200,16.122800,
baseline,5,1,perf-baseline-r005-20260818T051734Z,loan_to_credit,3,12,200,16.016400,
baseline,5,1,perf-baseline-r005-20260818T051734Z,loan_to_credit,3,13,200,16.558600,
baseline,5,1,perf-baseline-r005-20260818T051734Z,loan_to_credit,3,14,200,16.159800,
baseline,5,1,perf-baseline-r005-20260818T051734Z,loan_to_credit,3,15,200,16.891400,
baseline,5,1,perf-baseline-r005-20260818T051734Z,loan_to_credit,3,16,200,15.759200,
baseline,5,1,perf-baseline-r005-20260818T051734Z,loan_to_credit,3,17,200,16.098500,
baseline,5,1,perf-baseline-r005-20260818T051734Z,loan_to_credit,3,18,200,16.327000,
baseline,5,1,perf-baseline-r005-20260818T051734Z,loan_to_credit,3,19,200,16.720800,
baseline,5,1,perf-baseline-r005-20260818T051734Z,loan_to_credit,3,20,200,15.814700,
baseline,5,1,perf-baseline-r005-20260818T051734Z,loan_to_credit,3,21,200,15.923200,
baseline,5,1,perf-baseline-r005-20260818T051734Z,loan_to_credit,3,22,200,16.083700,
baseline,5,1,perf-baseline-r005-20260818T051734Z,loan_to_credit,3,23,200,16.124700,
baseline,5,1,perf-baseline-r005-20260818T051734Z,loan_to_credit,3,24,200,16.229800,
baseline,5,1,perf-baseline-r005-20260818T051734Z,loan_to_credit,3,25,200,17.927800,
baseline,5,1,perf-baseline-r005-20260818T051734Z,loan_to_credit,3,26,200,16.692700,
baseline,5,1,perf-baseline-r005-20260818T051734Z,loan_to_credit,3,27,200,16.035400,
baseline,5,1,perf-baseline-r005-20260818T051734Z,loan_to_credit,3,28,200,17.144500,
baseline,5,1,perf-baseline-r005-20260818T051734Z,loan_to_credit,3,29,200,17.084900,
baseline,5,1,perf-baseline-r005-20260818T051734Z,loan_to_credit,3,30,200,17.222500,
baseline,5,1,perf-baseline-r005-20260818T051734Z,loan_to_credit,3,31,200,16.708500,
baseline,5,1,perf-baseline-r005-20260818T051734Z,loan_to_credit,3,32,200,17.325700,
baseline,5,1,perf-baseline-r005-20260818T051734Z,loan_to_credit,3,33,200,16.146900,
baseline,5,1,perf-baseline-r005-20260818T051734Z,loan_to_credit,3,34,200,16.174500,
baseline,5,1,perf-baseline-r005-20260818T051734Z,loan_to_credit,3,35,200,15.845400,
baseline,5,1,perf-baseline-r005-20260818T051734Z,loan_to_credit,3,36,200,16.027300,
baseline,5,1,perf-baseline-r005-20260818T051734Z,loan_to_credit,3,37,200,16.233700,
baseline,5,1,perf-baseline-r005-20260818T051734Z,loan_to_credit,3,38,200,16.681500,
baseline,5,1,perf-baseline-r005-20260818T051734Z,loan_to_credit,3,39,200,16.988800,
baseline,5,1,perf-baseline-r005-20260818T051734Z,loan_to_credit,3,40,200,15.706800,
baseline,5,1,perf-baseline-r005-20260818T051734Z,loan_to_credit,3,41,200,16.422400,
baseline,5,1,perf-baseline-r005-20260818T051734Z,loan_to_credit,3,42,200,16.897000,
baseline,5,1,perf-baseline-r005-20260818T051734Z,loan_to_credit,3,43,200,15.835100,
baseline,5,1,perf-baseline-r005-20260818T051734Z,loan_to_credit,3,44,200,16.104000,
baseline,5,1,perf-baseline-r005-20260818T051734Z,loan_to_credit,3,45,200,15.766500,
baseline,5,1,perf-baseline-r005-20260818T051734Z,loan_to_credit,3,46,200,16.168600,
baseline,5,1,perf-baseline-r005-20260818T051734Z,loan_to_credit,3,47,200,15.943900,
baseline,5,1,perf-baseline-r005-20260818T051734Z,loan_to_credit,3,48,200,16.277900,
baseline,5,1,perf-baseline-r005-20260818T051734Z,loan_to_credit,3,49,200,15.356800,
baseline,5,1,perf-baseline-r005-20260818T051734Z,loan_to_credit,3,50,200,16.222300,
baseline,5,1,perf-baseline-r005-20260818T051734Z,loan_to_credit,3,51,200,15.880300,
baseline,5,1,perf-baseline-r005-20260818T051734Z,loan_to_credit,3,52,200,16.298100,
baseline,5,1,perf-baseline-r005-20260818T051734Z,loan_to_credit,3,53,200,15.562400,
baseline,5,1,perf-baseline-r005-20260818T051734Z,loan_to_credit,3,54,200,15.982900,
baseline,5,1,perf-baseline-r005-20260818T051734Z,loan_to_credit,3,55,200,16.532100,
baseline,5,1,perf-baseline-r005-20260818T051734Z,loan_to_credit,3,56,200,15.873700,
baseline,5,1,perf-baseline-r005-20260818T051734Z,loan_to_credit,3,57,200,16.943100,
baseline,5,1,perf-baseline-r005-20260818T051734Z,loan_to_credit,3,58,200,17.130500,
baseline,5,1,perf-baseline-r005-20260818T051734Z,loan_to_credit,3,59,200,16.529600,
baseline,5,1,perf-baseline-r005-20260818T051734Z,loan_to_credit,3,60,200,15.994700,
baseline,5,1,perf-baseline-r005-20260818T051734Z,loan_to_credit,3,61,200,16.299200,
baseline,5,1,perf-baseline-r005-20260818T051734Z,loan_to_credit,3,62,200,17.136600,
baseline,5,1,perf-baseline-r005-20260818T051734Z,loan_to_credit,3,63,200,17.356000,
baseline,5,1,perf-baseline-r005-20260818T051734Z,loan_to_credit,3,64,200,18.852500,
baseline,5,1,perf-baseline-r005-20260818T051734Z,loan_to_credit,3,65,200,17.679800,
baseline,5,1,perf-baseline-r005-20260818T051734Z,loan_to_credit,3,66,200,17.240000,
baseline,5,1,perf-baseline-r005-20260818T051734Z,loan_to_credit,3,67,200,16.484800,
baseline,5,1,perf-baseline-r005-20260818T051734Z,loan_to_credit,3,68,200,18.023500,
baseline,5,1,perf-baseline-r005-20260818T051734Z,loan_to_credit,3,69,200,18.329300,
baseline,5,1,perf-baseline-r005-20260818T051734Z,loan_to_credit,3,70,200,16.539600,
baseline,5,1,perf-baseline-r005-20260818T051734Z,loan_to_credit,3,71,200,16.772800,
baseline,5,1,perf-baseline-r005-20260818T051734Z,loan_to_credit,3,72,200,16.266700,
baseline,5,1,perf-baseline-r005-20260818T051734Z,loan_to_credit,3,73,200,15.746200,
baseline,5,1,perf-baseline-r005-20260818T051734Z,loan_to_credit,3,74,200,16.147800,
baseline,5,1,perf-baseline-r005-20260818T051734Z,loan_to_credit,3,75,200,16.058000,
baseline,5,1,perf-baseline-r005-20260818T051734Z,loan_to_credit,3,76,200,15.530200,
baseline,5,1,perf-baseline-r005-20260818T051734Z,loan_to_credit,3,77,200,16.171000,
baseline,5,1,perf-baseline-r005-20260818T051734Z,loan_to_credit,3,78,200,16.185800,
baseline,5,1,perf-baseline-r005-20260818T051734Z,loan_to_credit,3,79,200,15.686100,
baseline,5,1,perf-baseline-r005-20260818T051734Z,loan_to_credit,3,80,200,15.846500,
baseline,5,1,perf-baseline-r005-20260818T051734Z,loan_to_credit,3,81,200,15.150300,
baseline,5,1,perf-baseline-r005-20260818T051734Z,loan_to_credit,3,82,200,16.224800,
baseline,5,1,perf-baseline-r005-20260818T051734Z,loan_to_credit,3,83,200,15.629200,
baseline,5,1,perf-baseline-r005-20260818T051734Z,loan_to_credit,3,84,200,16.175500,
baseline,5,1,perf-baseline-r005-20260818T051734Z,loan_to_credit,3,85,200,16.030800,
baseline,5,1,perf-baseline-r005-20260818T051734Z,loan_to_credit,3,86,200,16.021400,
baseline,5,1,perf-baseline-r005-20260818T051734Z,loan_to_credit,3,87,200,17.633200,
baseline,5,1,perf-baseline-r005-20260818T051734Z,loan_to_credit,3,88,200,16.672600,
baseline,5,1,perf-baseline-r005-20260818T051734Z,loan_to_credit,3,89,200,15.491600,
baseline,5,1,perf-baseline-r005-20260818T051734Z,loan_to_credit,3,90,200,16.450000,
baseline,5,1,perf-baseline-r005-20260818T051734Z,loan_to_credit,3,91,200,16.765200,
baseline,5,1,perf-baseline-r005-20260818T051734Z,loan_to_credit,3,92,200,17.347900,
baseline,5,1,perf-baseline-r005-20260818T051734Z,loan_to_credit,3,93,200,17.113500,
baseline,5,1,perf-baseline-r005-20260818T051734Z,loan_to_credit,3,94,200,16.506600,
baseline,5,1,perf-baseline-r005-20260818T051734Z,loan_to_credit,3,95,200,17.158500,
baseline,5,1,perf-baseline-r005-20260818T051734Z,loan_to_credit,3,96,200,16.754500,
baseline,5,1,perf-baseline-r005-20260818T051734Z,loan_to_credit,3,97,200,15.773700,
baseline,5,1,perf-baseline-r005-20260818T051734Z,loan_to_credit,3,98,200,16.861600,
baseline,5,1,perf-baseline-r005-20260818T051734Z,loan_to_credit,3,99,200,16.700900,
baseline,5,1,perf-baseline-r005-20260818T051734Z,loan_to_credit,3,100,200,15.653000,
baseline,5,1,perf-baseline-r005-20260818T051734Z,loan_to_credit,3,101,200,16.908800,
baseline,5,1,perf-baseline-r005-20260818T051734Z,loan_to_credit,3,102,200,16.484100,
baseline,5,1,perf-baseline-r005-20260818T051734Z,loan_to_credit,3,103,200,15.278500,
baseline,5,1,perf-baseline-r005-20260818T051734Z,loan_to_credit,3,104,200,15.754100,
baseline,5,1,perf-baseline-r005-20260818T051734Z,loan_to_credit,3,105,200,14.893500,
baseline,5,1,perf-baseline-r005-20260818T051734Z,loan_to_credit,3,106,200,16.157600,
baseline,5,1,perf-baseline-r005-20260818T051734Z,loan_to_credit,3,107,200,14.902000,
baseline,5,1,perf-baseline-r005-20260818T051734Z,loan_to_credit,3,108,200,15.071800,
baseline,5,1,perf-baseline-r005-20260818T051734Z,loan_to_credit,3,109,200,16.257600,
baseline,5,1,perf-baseline-r005-20260818T051734Z,loan_to_credit,3,110,200,15.695400,
baseline,5,1,perf-baseline-r005-20260818T051734Z,loan_to_credit,3,111,200,16.267300,
baseline,5,1,perf-baseline-r005-20260818T051734Z,loan_to_credit,3,112,200,16.050200,
baseline,5,1,perf-baseline-r005-20260818T051734Z,loan_to_credit,3,113,200,15.818400,
baseline,5,1,perf-baseline-r005-20260818T051734Z,loan_to_credit,3,114,200,15.803400,
baseline,5,1,perf-baseline-r005-20260818T051734Z,loan_to_credit,3,115,200,14.942000,
baseline,5,1,perf-baseline-r005-20260818T051734Z,loan_to_credit,3,116,200,16.137500,
baseline,5,1,perf-baseline-r005-20260818T051734Z,loan_to_credit,3,117,200,17.082400,
baseline,5,1,perf-baseline-r005-20260818T051734Z,loan_to_credit,3,118,200,15.821800,
baseline,5,1,perf-baseline-r005-20260818T051734Z,loan_to_credit,3,119,200,16.677800,
baseline,5,1,perf-baseline-r005-20260818T051734Z,loan_to_credit,3,120,200,16.528600,
baseline,5,1,perf-baseline-r005-20260818T051734Z,loan_to_credit,3,121,200,16.980500,
baseline,5,1,perf-baseline-r005-20260818T051734Z,loan_to_credit,3,122,200,15.892100,
baseline,5,1,perf-baseline-r005-20260818T051734Z,loan_to_credit,3,123,200,16.208500,
baseline,5,1,perf-baseline-r005-20260818T051734Z,loan_to_credit,3,124,200,18.446200,
baseline,5,1,perf-baseline-r005-20260818T051734Z,loan_to_credit,3,125,200,17.208400,
baseline,5,1,perf-baseline-r005-20260818T051734Z,loan_to_credit,3,126,200,16.186600,
baseline,5,1,perf-baseline-r005-20260818T051734Z,loan_to_credit,3,127,200,16.929400,
baseline,5,1,perf-baseline-r005-20260818T051734Z,loan_to_credit,3,128,200,16.910900,
baseline,5,1,perf-baseline-r005-20260818T051734Z,loan_to_credit,3,129,200,16.922500,
baseline,5,1,perf-baseline-r005-20260818T051734Z,loan_to_credit,3,130,200,16.143500,
baseline,5,1,perf-baseline-r005-20260818T051734Z,loan_to_credit,3,131,200,15.765100,
baseline,5,1,perf-baseline-r005-20260818T051734Z,loan_to_credit,3,132,200,20.406500,
baseline,5,1,perf-baseline-r005-20260818T051734Z,loan_to_credit,3,133,200,20.107500,
baseline,5,1,perf-baseline-r005-20260818T051734Z,loan_to_credit,3,134,200,18.663600,
baseline,5,1,perf-baseline-r005-20260818T051734Z,loan_to_credit,3,135,200,17.111700,
baseline,5,1,perf-baseline-r005-20260818T051734Z,loan_to_credit,3,136,200,15.953000,
baseline,5,1,perf-baseline-r005-20260818T051734Z,loan_to_credit,3,137,200,16.878500,
baseline,5,1,perf-baseline-r005-20260818T051734Z,loan_to_credit,3,138,200,15.526200,
baseline,5,1,perf-baseline-r005-20260818T051734Z,loan_to_credit,3,139,200,16.084100,
baseline,5,1,perf-baseline-r005-20260818T051734Z,loan_to_credit,3,140,200,15.933900,
baseline,5,1,perf-baseline-r005-20260818T051734Z,loan_to_credit,3,141,200,15.996700,
baseline,5,1,perf-baseline-r005-20260818T051734Z,loan_to_credit,3,142,200,17.337700,
baseline,5,1,perf-baseline-r005-20260818T051734Z,loan_to_credit,3,143,200,16.801500,
baseline,5,1,perf-baseline-r005-20260818T051734Z,loan_to_credit,3,144,200,15.964500,
baseline,5,1,perf-baseline-r005-20260818T051734Z,loan_to_credit,3,145,200,15.860500,
baseline,5,1,perf-baseline-r005-20260818T051734Z,loan_to_credit,3,146,200,16.239400,
baseline,5,1,perf-baseline-r005-20260818T051734Z,loan_to_credit,3,147,200,16.159300,
baseline,5,1,perf-baseline-r005-20260818T051734Z,loan_to_credit,3,148,200,16.042900,
baseline,5,1,perf-baseline-r005-20260818T051734Z,loan_to_credit,3,149,200,15.583300,
baseline,5,1,perf-baseline-r005-20260818T051734Z,loan_to_credit,3,150,200,16.691600,
baseline,5,1,perf-baseline-r005-20260818T051734Z,loan_to_credit,3,151,200,16.320300,
baseline,5,1,perf-baseline-r005-20260818T051734Z,loan_to_credit,3,152,200,16.847600,
baseline,5,1,perf-baseline-r005-20260818T051734Z,loan_to_credit,3,153,200,16.546100,
baseline,5,1,perf-baseline-r005-20260818T051734Z,loan_to_credit,3,154,200,17.950200,
baseline,5,1,perf-baseline-r005-20260818T051734Z,loan_to_credit,3,155,200,16.720600,
baseline,5,1,perf-baseline-r005-20260818T051734Z,loan_to_credit,3,156,200,16.908700,
baseline,5,1,perf-baseline-r005-20260818T051734Z,loan_to_credit,3,157,200,17.257400,
baseline,5,1,perf-baseline-r005-20260818T051734Z,loan_to_credit,3,158,200,17.193100,
baseline,5,1,perf-baseline-r005-20260818T051734Z,loan_to_credit,3,159,200,18.201800,
baseline,5,1,perf-baseline-r005-20260818T051734Z,loan_to_credit,3,160,200,17.531600,
baseline,5,1,perf-baseline-r005-20260818T051734Z,loan_to_credit,3,161,200,16.359600,
baseline,5,1,perf-baseline-r005-20260818T051734Z,loan_to_credit,3,162,200,16.156200,
baseline,5,1,perf-baseline-r005-20260818T051734Z,loan_to_credit,3,163,200,15.870600,
baseline,5,1,perf-baseline-r005-20260818T051734Z,loan_to_credit,3,164,200,17.693000,
baseline,5,1,perf-baseline-r005-20260818T051734Z,loan_to_credit,3,165,200,16.343100,
baseline,5,1,perf-baseline-r005-20260818T051734Z,loan_to_credit,3,166,200,16.822600,
baseline,5,1,perf-baseline-r005-20260818T051734Z,loan_to_credit,3,167,200,16.037600,
baseline,5,1,perf-baseline-r005-20260818T051734Z,loan_to_credit,3,168,200,17.592200,
baseline,5,1,perf-baseline-r005-20260818T051734Z,loan_to_credit,3,169,200,16.670500,
baseline,5,1,perf-baseline-r005-20260818T051734Z,loan_to_credit,3,170,200,16.025400,
baseline,5,1,perf-baseline-r005-20260818T051734Z,loan_to_credit,3,171,200,15.873800,
baseline,5,1,perf-baseline-r005-20260818T051734Z,loan_to_credit,3,172,200,15.875800,
baseline,5,1,perf-baseline-r005-20260818T051734Z,loan_to_credit,3,173,200,16.548500,
baseline,5,1,perf-baseline-r005-20260818T051734Z,loan_to_credit,3,174,200,17.095600,
baseline,5,1,perf-baseline-r005-20260818T051734Z,loan_to_credit,3,175,200,17.437100,
baseline,5,1,perf-baseline-r005-20260818T051734Z,loan_to_credit,3,176,200,16.469900,
baseline,5,1,perf-baseline-r005-20260818T051734Z,loan_to_credit,3,177,200,17.696500,
baseline,5,1,perf-baseline-r005-20260818T051734Z,loan_to_credit,3,178,200,18.269900,
baseline,5,1,perf-baseline-r005-20260818T051734Z,loan_to_credit,3,179,200,17.858400,
baseline,5,1,perf-baseline-r005-20260818T051734Z,loan_to_credit,3,180,200,16.979300,
baseline,5,1,perf-baseline-r005-20260818T051734Z,loan_to_credit,3,181,200,18.183200,
baseline,5,1,perf-baseline-r005-20260818T051734Z,loan_to_credit,3,182,200,17.788000,
baseline,5,1,perf-baseline-r005-20260818T051734Z,loan_to_credit,3,183,200,17.962200,
baseline,5,1,perf-baseline-r005-20260818T051734Z,loan_to_credit,3,184,200,18.086600,
baseline,5,1,perf-baseline-r005-20260818T051734Z,loan_to_credit,3,185,200,17.566400,
baseline,5,1,perf-baseline-r005-20260818T051734Z,loan_to_credit,3,186,200,19.228500,
baseline,5,1,perf-baseline-r005-20260818T051734Z,loan_to_credit,3,187,200,18.437000,
baseline,5,1,perf-baseline-r005-20260818T051734Z,loan_to_credit,3,188,200,21.957600,
baseline,5,1,perf-baseline-r005-20260818T051734Z,loan_to_credit,3,189,200,18.607400,
baseline,5,1,perf-baseline-r005-20260818T051734Z,loan_to_credit,3,190,200,21.667300,
baseline,5,1,perf-baseline-r005-20260818T051734Z,loan_to_credit,3,191,200,23.731600,
baseline,5,1,perf-baseline-r005-20260818T051734Z,loan_to_credit,3,192,200,21.151300,
baseline,5,1,perf-baseline-r005-20260818T051734Z,loan_to_credit,3,193,200,19.528200,
baseline,5,1,perf-baseline-r005-20260818T051734Z,loan_to_credit,3,194,200,21.693800,
baseline,5,1,perf-baseline-r005-20260818T051734Z,loan_to_credit,3,195,200,19.155400,
baseline,5,1,perf-baseline-r005-20260818T051734Z,loan_to_credit,3,196,200,21.342700,
baseline,5,1,perf-baseline-r005-20260818T051734Z,loan_to_credit,3,197,200,21.908200,
baseline,5,1,perf-baseline-r005-20260818T051734Z,loan_to_credit,3,198,200,19.424800,
baseline,5,1,perf-baseline-r005-20260818T051734Z,loan_to_credit,3,199,200,15.645900,
baseline,5,1,perf-baseline-r005-20260818T051734Z,loan_to_credit,3,200,200,17.756500,
baseline,5,1,perf-baseline-r005-20260818T051734Z,loan_to_aml,1,1,200,16.513100,
baseline,5,1,perf-baseline-r005-20260818T051734Z,loan_to_aml,1,2,200,16.009600,
baseline,5,1,perf-baseline-r005-20260818T051734Z,loan_to_aml,1,3,200,15.994100,
baseline,5,1,perf-baseline-r005-20260818T051734Z,loan_to_aml,1,4,200,17.248400,
baseline,5,1,perf-baseline-r005-20260818T051734Z,loan_to_aml,1,5,200,15.411600,
baseline,5,1,perf-baseline-r005-20260818T051734Z,loan_to_aml,1,6,200,16.155100,
baseline,5,1,perf-baseline-r005-20260818T051734Z,loan_to_aml,1,7,200,16.018200,
baseline,5,1,perf-baseline-r005-20260818T051734Z,loan_to_aml,1,8,200,15.943400,
baseline,5,1,perf-baseline-r005-20260818T051734Z,loan_to_aml,1,9,200,16.269500,
baseline,5,1,perf-baseline-r005-20260818T051734Z,loan_to_aml,1,10,200,18.176100,
baseline,5,1,perf-baseline-r005-20260818T051734Z,loan_to_aml,1,11,200,16.137200,
baseline,5,1,perf-baseline-r005-20260818T051734Z,loan_to_aml,1,12,200,16.407800,
baseline,5,1,perf-baseline-r005-20260818T051734Z,loan_to_aml,1,13,200,15.949600,
baseline,5,1,perf-baseline-r005-20260818T051734Z,loan_to_aml,1,14,200,15.974200,
baseline,5,1,perf-baseline-r005-20260818T051734Z,loan_to_aml,1,15,200,16.047600,
baseline,5,1,perf-baseline-r005-20260818T051734Z,loan_to_aml,1,16,200,15.608000,
baseline,5,1,perf-baseline-r005-20260818T051734Z,loan_to_aml,1,17,200,16.286700,
baseline,5,1,perf-baseline-r005-20260818T051734Z,loan_to_aml,1,18,200,17.203300,
baseline,5,1,perf-baseline-r005-20260818T051734Z,loan_to_aml,1,19,200,15.994800,
baseline,5,1,perf-baseline-r005-20260818T051734Z,loan_to_aml,1,20,200,17.308200,
baseline,5,1,perf-baseline-r005-20260818T051734Z,loan_to_aml,1,21,200,15.830200,
baseline,5,1,perf-baseline-r005-20260818T051734Z,loan_to_aml,1,22,200,16.159900,
baseline,5,1,perf-baseline-r005-20260818T051734Z,loan_to_aml,1,23,200,16.873700,
baseline,5,1,perf-baseline-r005-20260818T051734Z,loan_to_aml,1,24,200,17.088900,
baseline,5,1,perf-baseline-r005-20260818T051734Z,loan_to_aml,1,25,200,16.743100,
baseline,5,1,perf-baseline-r005-20260818T051734Z,loan_to_aml,1,26,200,17.308200,
baseline,5,1,perf-baseline-r005-20260818T051734Z,loan_to_aml,1,27,200,17.785600,
baseline,5,1,perf-baseline-r005-20260818T051734Z,loan_to_aml,1,28,200,17.017000,
baseline,5,1,perf-baseline-r005-20260818T051734Z,loan_to_aml,1,29,200,17.436000,
baseline,5,1,perf-baseline-r005-20260818T051734Z,loan_to_aml,1,30,200,16.402400,
baseline,5,1,perf-baseline-r005-20260818T051734Z,loan_to_aml,1,31,200,17.433900,
baseline,5,1,perf-baseline-r005-20260818T051734Z,loan_to_aml,1,32,200,16.200900,
baseline,5,1,perf-baseline-r005-20260818T051734Z,loan_to_aml,1,33,200,15.986000,
baseline,5,1,perf-baseline-r005-20260818T051734Z,loan_to_aml,1,34,200,15.992800,
baseline,5,1,perf-baseline-r005-20260818T051734Z,loan_to_aml,1,35,200,16.473700,
baseline,5,1,perf-baseline-r005-20260818T051734Z,loan_to_aml,1,36,200,16.451400,
baseline,5,1,perf-baseline-r005-20260818T051734Z,loan_to_aml,1,37,200,16.469900,
baseline,5,1,perf-baseline-r005-20260818T051734Z,loan_to_aml,1,38,200,16.360800,
baseline,5,1,perf-baseline-r005-20260818T051734Z,loan_to_aml,1,39,200,16.084900,
baseline,5,1,perf-baseline-r005-20260818T051734Z,loan_to_aml,1,40,200,16.336300,
baseline,5,1,perf-baseline-r005-20260818T051734Z,loan_to_aml,1,41,200,16.727800,
baseline,5,1,perf-baseline-r005-20260818T051734Z,loan_to_aml,1,42,200,16.020400,
baseline,5,1,perf-baseline-r005-20260818T051734Z,loan_to_aml,1,43,200,16.625400,
baseline,5,1,perf-baseline-r005-20260818T051734Z,loan_to_aml,1,44,200,17.012800,
baseline,5,1,perf-baseline-r005-20260818T051734Z,loan_to_aml,1,45,200,17.097400,
baseline,5,1,perf-baseline-r005-20260818T051734Z,loan_to_aml,1,46,200,17.757000,
baseline,5,1,perf-baseline-r005-20260818T051734Z,loan_to_aml,1,47,200,17.500300,
baseline,5,1,perf-baseline-r005-20260818T051734Z,loan_to_aml,1,48,200,16.948300,
baseline,5,1,perf-baseline-r005-20260818T051734Z,loan_to_aml,1,49,200,15.359700,
baseline,5,1,perf-baseline-r005-20260818T051734Z,loan_to_aml,1,50,200,16.617800,
baseline,5,1,perf-baseline-r005-20260818T051734Z,loan_to_aml,1,51,200,16.837100,
baseline,5,1,perf-baseline-r005-20260818T051734Z,loan_to_aml,1,52,200,16.769700,
baseline,5,1,perf-baseline-r005-20260818T051734Z,loan_to_aml,1,53,200,16.664800,
baseline,5,1,perf-baseline-r005-20260818T051734Z,loan_to_aml,1,54,200,18.180600,
baseline,5,1,perf-baseline-r005-20260818T051734Z,loan_to_aml,1,55,200,16.368900,
baseline,5,1,perf-baseline-r005-20260818T051734Z,loan_to_aml,1,56,200,16.177400,
baseline,5,1,perf-baseline-r005-20260818T051734Z,loan_to_aml,1,57,200,17.194600,
baseline,5,1,perf-baseline-r005-20260818T051734Z,loan_to_aml,1,58,200,16.497100,
baseline,5,1,perf-baseline-r005-20260818T051734Z,loan_to_aml,1,59,200,16.299700,
baseline,5,1,perf-baseline-r005-20260818T051734Z,loan_to_aml,1,60,200,16.501900,
baseline,5,1,perf-baseline-r005-20260818T051734Z,loan_to_aml,1,61,200,15.817900,
baseline,5,1,perf-baseline-r005-20260818T051734Z,loan_to_aml,1,62,200,16.079600,
baseline,5,1,perf-baseline-r005-20260818T051734Z,loan_to_aml,1,63,200,16.423200,
baseline,5,1,perf-baseline-r005-20260818T051734Z,loan_to_aml,1,64,200,16.540500,
baseline,5,1,perf-baseline-r005-20260818T051734Z,loan_to_aml,1,65,200,17.705700,
baseline,5,1,perf-baseline-r005-20260818T051734Z,loan_to_aml,1,66,200,16.500600,
baseline,5,1,perf-baseline-r005-20260818T051734Z,loan_to_aml,1,67,200,17.003900,
baseline,5,1,perf-baseline-r005-20260818T051734Z,loan_to_aml,1,68,200,16.578200,
baseline,5,1,perf-baseline-r005-20260818T051734Z,loan_to_aml,1,69,200,16.554300,
baseline,5,1,perf-baseline-r005-20260818T051734Z,loan_to_aml,1,70,200,16.906400,
baseline,5,1,perf-baseline-r005-20260818T051734Z,loan_to_aml,1,71,200,16.289900,
baseline,5,1,perf-baseline-r005-20260818T051734Z,loan_to_aml,1,72,200,16.551100,
baseline,5,1,perf-baseline-r005-20260818T051734Z,loan_to_aml,1,73,200,15.660100,
baseline,5,1,perf-baseline-r005-20260818T051734Z,loan_to_aml,1,74,200,16.685600,
baseline,5,1,perf-baseline-r005-20260818T051734Z,loan_to_aml,1,75,200,16.461200,
baseline,5,1,perf-baseline-r005-20260818T051734Z,loan_to_aml,1,76,200,16.644700,
baseline,5,1,perf-baseline-r005-20260818T051734Z,loan_to_aml,1,77,200,15.894800,
baseline,5,1,perf-baseline-r005-20260818T051734Z,loan_to_aml,1,78,200,16.974200,
baseline,5,1,perf-baseline-r005-20260818T051734Z,loan_to_aml,1,79,200,16.248200,
baseline,5,1,perf-baseline-r005-20260818T051734Z,loan_to_aml,1,80,200,16.232600,
baseline,5,1,perf-baseline-r005-20260818T051734Z,loan_to_aml,1,81,200,17.559400,
baseline,5,1,perf-baseline-r005-20260818T051734Z,loan_to_aml,1,82,200,17.597700,
baseline,5,1,perf-baseline-r005-20260818T051734Z,loan_to_aml,1,83,200,17.262600,
baseline,5,1,perf-baseline-r005-20260818T051734Z,loan_to_aml,1,84,200,16.420100,
baseline,5,1,perf-baseline-r005-20260818T051734Z,loan_to_aml,1,85,200,16.222400,
baseline,5,1,perf-baseline-r005-20260818T051734Z,loan_to_aml,1,86,200,16.564700,
baseline,5,1,perf-baseline-r005-20260818T051734Z,loan_to_aml,1,87,200,16.511500,
baseline,5,1,perf-baseline-r005-20260818T051734Z,loan_to_aml,1,88,200,16.930100,
baseline,5,1,perf-baseline-r005-20260818T051734Z,loan_to_aml,1,89,200,19.948100,
baseline,5,1,perf-baseline-r005-20260818T051734Z,loan_to_aml,1,90,200,16.687100,
baseline,5,1,perf-baseline-r005-20260818T051734Z,loan_to_aml,1,91,200,17.432600,
baseline,5,1,perf-baseline-r005-20260818T051734Z,loan_to_aml,1,92,200,16.745800,
baseline,5,1,perf-baseline-r005-20260818T051734Z,loan_to_aml,1,93,200,17.074500,
baseline,5,1,perf-baseline-r005-20260818T051734Z,loan_to_aml,1,94,200,17.186300,
baseline,5,1,perf-baseline-r005-20260818T051734Z,loan_to_aml,1,95,200,16.836900,
baseline,5,1,perf-baseline-r005-20260818T051734Z,loan_to_aml,1,96,200,16.560200,
baseline,5,1,perf-baseline-r005-20260818T051734Z,loan_to_aml,1,97,200,17.006800,
baseline,5,1,perf-baseline-r005-20260818T051734Z,loan_to_aml,1,98,200,17.274900,
baseline,5,1,perf-baseline-r005-20260818T051734Z,loan_to_aml,1,99,200,16.928800,
baseline,5,1,perf-baseline-r005-20260818T051734Z,loan_to_aml,1,100,200,17.458200,
baseline,5,1,perf-baseline-r005-20260818T051734Z,loan_to_aml,1,101,200,16.312900,
baseline,5,1,perf-baseline-r005-20260818T051734Z,loan_to_aml,1,102,200,17.264800,
baseline,5,1,perf-baseline-r005-20260818T051734Z,loan_to_aml,1,103,200,16.949700,
baseline,5,1,perf-baseline-r005-20260818T051734Z,loan_to_aml,1,104,200,16.948500,
baseline,5,1,perf-baseline-r005-20260818T051734Z,loan_to_aml,1,105,200,16.036100,
baseline,5,1,perf-baseline-r005-20260818T051734Z,loan_to_aml,1,106,200,16.937800,
baseline,5,1,perf-baseline-r005-20260818T051734Z,loan_to_aml,1,107,200,16.811000,
baseline,5,1,perf-baseline-r005-20260818T051734Z,loan_to_aml,1,108,200,15.615400,
baseline,5,1,perf-baseline-r005-20260818T051734Z,loan_to_aml,1,109,200,16.546300,
baseline,5,1,perf-baseline-r005-20260818T051734Z,loan_to_aml,1,110,200,16.611100,
baseline,5,1,perf-baseline-r005-20260818T051734Z,loan_to_aml,1,111,200,16.058800,
baseline,5,1,perf-baseline-r005-20260818T051734Z,loan_to_aml,1,112,200,17.906200,
baseline,5,1,perf-baseline-r005-20260818T051734Z,loan_to_aml,1,113,200,17.620000,
baseline,5,1,perf-baseline-r005-20260818T051734Z,loan_to_aml,1,114,200,16.812100,
baseline,5,1,perf-baseline-r005-20260818T051734Z,loan_to_aml,1,115,200,16.517500,
baseline,5,1,perf-baseline-r005-20260818T051734Z,loan_to_aml,1,116,200,16.306500,
baseline,5,1,perf-baseline-r005-20260818T051734Z,loan_to_aml,1,117,200,16.764400,
baseline,5,1,perf-baseline-r005-20260818T051734Z,loan_to_aml,1,118,200,16.772500,
baseline,5,1,perf-baseline-r005-20260818T051734Z,loan_to_aml,1,119,200,18.152400,
baseline,5,1,perf-baseline-r005-20260818T051734Z,loan_to_aml,1,120,200,16.648800,
baseline,5,1,perf-baseline-r005-20260818T051734Z,loan_to_aml,1,121,200,16.086100,
baseline,5,1,perf-baseline-r005-20260818T051734Z,loan_to_aml,1,122,200,16.330800,
baseline,5,1,perf-baseline-r005-20260818T051734Z,loan_to_aml,1,123,200,17.009700,
baseline,5,1,perf-baseline-r005-20260818T051734Z,loan_to_aml,1,124,200,16.748500,
baseline,5,1,perf-baseline-r005-20260818T051734Z,loan_to_aml,1,125,200,16.234800,
baseline,5,1,perf-baseline-r005-20260818T051734Z,loan_to_aml,1,126,200,15.697100,
baseline,5,1,perf-baseline-r005-20260818T051734Z,loan_to_aml,1,127,200,16.878600,
baseline,5,1,perf-baseline-r005-20260818T051734Z,loan_to_aml,1,128,200,16.183500,
baseline,5,1,perf-baseline-r005-20260818T051734Z,loan_to_aml,1,129,200,15.881900,
baseline,5,1,perf-baseline-r005-20260818T051734Z,loan_to_aml,1,130,200,17.433300,
baseline,5,1,perf-baseline-r005-20260818T051734Z,loan_to_aml,1,131,200,17.823600,
baseline,5,1,perf-baseline-r005-20260818T051734Z,loan_to_aml,1,132,200,16.347400,
baseline,5,1,perf-baseline-r005-20260818T051734Z,loan_to_aml,1,133,200,16.134200,
baseline,5,1,perf-baseline-r005-20260818T051734Z,loan_to_aml,1,134,200,16.001100,
baseline,5,1,perf-baseline-r005-20260818T051734Z,loan_to_aml,1,135,200,16.128900,
baseline,5,1,perf-baseline-r005-20260818T051734Z,loan_to_aml,1,136,200,15.977600,
baseline,5,1,perf-baseline-r005-20260818T051734Z,loan_to_aml,1,137,200,17.376200,
baseline,5,1,perf-baseline-r005-20260818T051734Z,loan_to_aml,1,138,200,17.902300,
baseline,5,1,perf-baseline-r005-20260818T051734Z,loan_to_aml,1,139,200,15.789500,
baseline,5,1,perf-baseline-r005-20260818T051734Z,loan_to_aml,1,140,200,16.741500,
baseline,5,1,perf-baseline-r005-20260818T051734Z,loan_to_aml,1,141,200,16.161700,
baseline,5,1,perf-baseline-r005-20260818T051734Z,loan_to_aml,1,142,200,17.291900,
baseline,5,1,perf-baseline-r005-20260818T051734Z,loan_to_aml,1,143,200,15.868600,
baseline,5,1,perf-baseline-r005-20260818T051734Z,loan_to_aml,1,144,200,16.926400,
baseline,5,1,perf-baseline-r005-20260818T051734Z,loan_to_aml,1,145,200,16.871700,
baseline,5,1,perf-baseline-r005-20260818T051734Z,loan_to_aml,1,146,200,16.901900,
baseline,5,1,perf-baseline-r005-20260818T051734Z,loan_to_aml,1,147,200,17.586300,
baseline,5,1,perf-baseline-r005-20260818T051734Z,loan_to_aml,1,148,200,16.677300,
baseline,5,1,perf-baseline-r005-20260818T051734Z,loan_to_aml,1,149,200,17.284900,
baseline,5,1,perf-baseline-r005-20260818T051734Z,loan_to_aml,1,150,200,16.461500,
baseline,5,1,perf-baseline-r005-20260818T051734Z,loan_to_aml,1,151,200,16.835100,
baseline,5,1,perf-baseline-r005-20260818T051734Z,loan_to_aml,1,152,200,15.851900,
baseline,5,1,perf-baseline-r005-20260818T051734Z,loan_to_aml,1,153,200,16.005000,
baseline,5,1,perf-baseline-r005-20260818T051734Z,loan_to_aml,1,154,200,16.441600,
baseline,5,1,perf-baseline-r005-20260818T051734Z,loan_to_aml,1,155,200,15.880300,
baseline,5,1,perf-baseline-r005-20260818T051734Z,loan_to_aml,1,156,200,17.566400,
baseline,5,1,perf-baseline-r005-20260818T051734Z,loan_to_aml,1,157,200,16.057600,
baseline,5,1,perf-baseline-r005-20260818T051734Z,loan_to_aml,1,158,200,16.107100,
baseline,5,1,perf-baseline-r005-20260818T051734Z,loan_to_aml,1,159,200,17.372300,
baseline,5,1,perf-baseline-r005-20260818T051734Z,loan_to_aml,1,160,200,17.537200,
baseline,5,1,perf-baseline-r005-20260818T051734Z,loan_to_aml,1,161,200,16.809800,
baseline,5,1,perf-baseline-r005-20260818T051734Z,loan_to_aml,1,162,200,16.373200,
baseline,5,1,perf-baseline-r005-20260818T051734Z,loan_to_aml,1,163,200,15.959000,
baseline,5,1,perf-baseline-r005-20260818T051734Z,loan_to_aml,1,164,200,15.863900,
baseline,5,1,perf-baseline-r005-20260818T051734Z,loan_to_aml,1,165,200,17.159400,
baseline,5,1,perf-baseline-r005-20260818T051734Z,loan_to_aml,1,166,200,16.651100,
baseline,5,1,perf-baseline-r005-20260818T051734Z,loan_to_aml,1,167,200,17.358500,
baseline,5,1,perf-baseline-r005-20260818T051734Z,loan_to_aml,1,168,200,16.839300,
baseline,5,1,perf-baseline-r005-20260818T051734Z,loan_to_aml,1,169,200,16.434300,
baseline,5,1,perf-baseline-r005-20260818T051734Z,loan_to_aml,1,170,200,17.182400,
baseline,5,1,perf-baseline-r005-20260818T051734Z,loan_to_aml,1,171,200,17.070000,
baseline,5,1,perf-baseline-r005-20260818T051734Z,loan_to_aml,1,172,200,16.770100,
baseline,5,1,perf-baseline-r005-20260818T051734Z,loan_to_aml,1,173,200,17.687500,
baseline,5,1,perf-baseline-r005-20260818T051734Z,loan_to_aml,1,174,200,16.446200,
baseline,5,1,perf-baseline-r005-20260818T051734Z,loan_to_aml,1,175,200,16.049000,
baseline,5,1,perf-baseline-r005-20260818T051734Z,loan_to_aml,1,176,200,15.701100,
baseline,5,1,perf-baseline-r005-20260818T051734Z,loan_to_aml,1,177,200,17.378800,
baseline,5,1,perf-baseline-r005-20260818T051734Z,loan_to_aml,1,178,200,16.866900,
baseline,5,1,perf-baseline-r005-20260818T051734Z,loan_to_aml,1,179,200,17.305000,
baseline,5,1,perf-baseline-r005-20260818T051734Z,loan_to_aml,1,180,200,20.244300,
baseline,5,1,perf-baseline-r005-20260818T051734Z,loan_to_aml,1,181,200,18.018800,
baseline,5,1,perf-baseline-r005-20260818T051734Z,loan_to_aml,1,182,200,17.053700,
baseline,5,1,perf-baseline-r005-20260818T051734Z,loan_to_aml,1,183,200,19.254500,
baseline,5,1,perf-baseline-r005-20260818T051734Z,loan_to_aml,1,184,200,16.585800,
baseline,5,1,perf-baseline-r005-20260818T051734Z,loan_to_aml,1,185,200,18.043700,
baseline,5,1,perf-baseline-r005-20260818T051734Z,loan_to_aml,1,186,200,17.510000,
baseline,5,1,perf-baseline-r005-20260818T051734Z,loan_to_aml,1,187,200,16.845100,
baseline,5,1,perf-baseline-r005-20260818T051734Z,loan_to_aml,1,188,200,16.110000,
baseline,5,1,perf-baseline-r005-20260818T051734Z,loan_to_aml,1,189,200,15.801300,
baseline,5,1,perf-baseline-r005-20260818T051734Z,loan_to_aml,1,190,200,17.507300,
baseline,5,1,perf-baseline-r005-20260818T051734Z,loan_to_aml,1,191,200,16.278200,
baseline,5,1,perf-baseline-r005-20260818T051734Z,loan_to_aml,1,192,200,15.931600,
baseline,5,1,perf-baseline-r005-20260818T051734Z,loan_to_aml,1,193,200,15.980300,
baseline,5,1,perf-baseline-r005-20260818T051734Z,loan_to_aml,1,194,200,16.288300,
baseline,5,1,perf-baseline-r005-20260818T051734Z,loan_to_aml,1,195,200,16.961000,
baseline,5,1,perf-baseline-r005-20260818T051734Z,loan_to_aml,1,196,200,15.733200,
baseline,5,1,perf-baseline-r005-20260818T051734Z,loan_to_aml,1,197,200,16.209800,
baseline,5,1,perf-baseline-r005-20260818T051734Z,loan_to_aml,1,198,200,16.014500,
baseline,5,1,perf-baseline-r005-20260818T051734Z,loan_to_aml,1,199,200,15.928300,
baseline,5,1,perf-baseline-r005-20260818T051734Z,loan_to_aml,1,200,200,16.472100,
baseline,5,1,perf-baseline-r005-20260818T051734Z,loan_to_aml,2,1,200,16.080900,
baseline,5,1,perf-baseline-r005-20260818T051734Z,loan_to_aml,2,2,200,16.561700,
baseline,5,1,perf-baseline-r005-20260818T051734Z,loan_to_aml,2,3,200,16.999300,
baseline,5,1,perf-baseline-r005-20260818T051734Z,loan_to_aml,2,4,200,17.012800,
baseline,5,1,perf-baseline-r005-20260818T051734Z,loan_to_aml,2,5,200,17.284000,
baseline,5,1,perf-baseline-r005-20260818T051734Z,loan_to_aml,2,6,200,16.318200,
baseline,5,1,perf-baseline-r005-20260818T051734Z,loan_to_aml,2,7,200,15.970800,
baseline,5,1,perf-baseline-r005-20260818T051734Z,loan_to_aml,2,8,200,16.481000,
baseline,5,1,perf-baseline-r005-20260818T051734Z,loan_to_aml,2,9,200,20.546600,
baseline,5,1,perf-baseline-r005-20260818T051734Z,loan_to_aml,2,10,200,16.052800,
baseline,5,1,perf-baseline-r005-20260818T051734Z,loan_to_aml,2,11,200,17.868700,
baseline,5,1,perf-baseline-r005-20260818T051734Z,loan_to_aml,2,12,200,17.021000,
baseline,5,1,perf-baseline-r005-20260818T051734Z,loan_to_aml,2,13,200,16.942600,
baseline,5,1,perf-baseline-r005-20260818T051734Z,loan_to_aml,2,14,200,16.270500,
baseline,5,1,perf-baseline-r005-20260818T051734Z,loan_to_aml,2,15,200,16.840600,
baseline,5,1,perf-baseline-r005-20260818T051734Z,loan_to_aml,2,16,200,17.105700,
baseline,5,1,perf-baseline-r005-20260818T051734Z,loan_to_aml,2,17,200,18.401500,
baseline,5,1,perf-baseline-r005-20260818T051734Z,loan_to_aml,2,18,200,17.884200,
baseline,5,1,perf-baseline-r005-20260818T051734Z,loan_to_aml,2,19,200,16.906200,
baseline,5,1,perf-baseline-r005-20260818T051734Z,loan_to_aml,2,20,200,16.807600,
baseline,5,1,perf-baseline-r005-20260818T051734Z,loan_to_aml,2,21,200,19.888700,
baseline,5,1,perf-baseline-r005-20260818T051734Z,loan_to_aml,2,22,200,18.634300,
baseline,5,1,perf-baseline-r005-20260818T051734Z,loan_to_aml,2,23,200,19.058100,
baseline,5,1,perf-baseline-r005-20260818T051734Z,loan_to_aml,2,24,200,18.853300,
baseline,5,1,perf-baseline-r005-20260818T051734Z,loan_to_aml,2,25,200,18.586500,
baseline,5,1,perf-baseline-r005-20260818T051734Z,loan_to_aml,2,26,200,22.478000,
baseline,5,1,perf-baseline-r005-20260818T051734Z,loan_to_aml,2,27,200,19.051200,
baseline,5,1,perf-baseline-r005-20260818T051734Z,loan_to_aml,2,28,200,20.966400,
baseline,5,1,perf-baseline-r005-20260818T051734Z,loan_to_aml,2,29,200,17.363400,
baseline,5,1,perf-baseline-r005-20260818T051734Z,loan_to_aml,2,30,200,16.693100,
baseline,5,1,perf-baseline-r005-20260818T051734Z,loan_to_aml,2,31,200,17.093500,
baseline,5,1,perf-baseline-r005-20260818T051734Z,loan_to_aml,2,32,200,16.539200,
baseline,5,1,perf-baseline-r005-20260818T051734Z,loan_to_aml,2,33,200,16.058000,
baseline,5,1,perf-baseline-r005-20260818T051734Z,loan_to_aml,2,34,200,16.962700,
baseline,5,1,perf-baseline-r005-20260818T051734Z,loan_to_aml,2,35,200,16.100600,
baseline,5,1,perf-baseline-r005-20260818T051734Z,loan_to_aml,2,36,200,16.264000,
baseline,5,1,perf-baseline-r005-20260818T051734Z,loan_to_aml,2,37,200,17.053500,
baseline,5,1,perf-baseline-r005-20260818T051734Z,loan_to_aml,2,38,200,18.433900,
baseline,5,1,perf-baseline-r005-20260818T051734Z,loan_to_aml,2,39,200,17.166000,
baseline,5,1,perf-baseline-r005-20260818T051734Z,loan_to_aml,2,40,200,17.868200,
baseline,5,1,perf-baseline-r005-20260818T051734Z,loan_to_aml,2,41,200,17.558900,
baseline,5,1,perf-baseline-r005-20260818T051734Z,loan_to_aml,2,42,200,16.449900,
baseline,5,1,perf-baseline-r005-20260818T051734Z,loan_to_aml,2,43,200,16.044800,
baseline,5,1,perf-baseline-r005-20260818T051734Z,loan_to_aml,2,44,200,16.924800,
baseline,5,1,perf-baseline-r005-20260818T051734Z,loan_to_aml,2,45,200,17.194200,
baseline,5,1,perf-baseline-r005-20260818T051734Z,loan_to_aml,2,46,200,17.176800,
baseline,5,1,perf-baseline-r005-20260818T051734Z,loan_to_aml,2,47,200,18.102400,
baseline,5,1,perf-baseline-r005-20260818T051734Z,loan_to_aml,2,48,200,16.811000,
baseline,5,1,perf-baseline-r005-20260818T051734Z,loan_to_aml,2,49,200,16.928100,
baseline,5,1,perf-baseline-r005-20260818T051734Z,loan_to_aml,2,50,200,16.903300,
baseline,5,1,perf-baseline-r005-20260818T051734Z,loan_to_aml,2,51,200,17.277800,
baseline,5,1,perf-baseline-r005-20260818T051734Z,loan_to_aml,2,52,200,17.972500,
baseline,5,1,perf-baseline-r005-20260818T051734Z,loan_to_aml,2,53,200,17.840500,
baseline,5,1,perf-baseline-r005-20260818T051734Z,loan_to_aml,2,54,200,17.679500,
baseline,5,1,perf-baseline-r005-20260818T051734Z,loan_to_aml,2,55,200,17.606300,
baseline,5,1,perf-baseline-r005-20260818T051734Z,loan_to_aml,2,56,200,16.617500,
baseline,5,1,perf-baseline-r005-20260818T051734Z,loan_to_aml,2,57,200,17.057300,
baseline,5,1,perf-baseline-r005-20260818T051734Z,loan_to_aml,2,58,200,17.125000,
baseline,5,1,perf-baseline-r005-20260818T051734Z,loan_to_aml,2,59,200,16.699700,
baseline,5,1,perf-baseline-r005-20260818T051734Z,loan_to_aml,2,60,200,17.014500,
baseline,5,1,perf-baseline-r005-20260818T051734Z,loan_to_aml,2,61,200,17.170100,
baseline,5,1,perf-baseline-r005-20260818T051734Z,loan_to_aml,2,62,200,16.968000,
baseline,5,1,perf-baseline-r005-20260818T051734Z,loan_to_aml,2,63,200,16.828700,
baseline,5,1,perf-baseline-r005-20260818T051734Z,loan_to_aml,2,64,200,16.728500,
baseline,5,1,perf-baseline-r005-20260818T051734Z,loan_to_aml,2,65,200,17.611000,
baseline,5,1,perf-baseline-r005-20260818T051734Z,loan_to_aml,2,66,200,17.246100,
baseline,5,1,perf-baseline-r005-20260818T051734Z,loan_to_aml,2,67,200,16.616300,
baseline,5,1,perf-baseline-r005-20260818T051734Z,loan_to_aml,2,68,200,20.310600,
baseline,5,1,perf-baseline-r005-20260818T051734Z,loan_to_aml,2,69,200,17.321200,
baseline,5,1,perf-baseline-r005-20260818T051734Z,loan_to_aml,2,70,200,17.203700,
baseline,5,1,perf-baseline-r005-20260818T051734Z,loan_to_aml,2,71,200,18.190300,
baseline,5,1,perf-baseline-r005-20260818T051734Z,loan_to_aml,2,72,200,16.887200,
baseline,5,1,perf-baseline-r005-20260818T051734Z,loan_to_aml,2,73,200,19.556700,
baseline,5,1,perf-baseline-r005-20260818T051734Z,loan_to_aml,2,74,200,19.224900,
baseline,5,1,perf-baseline-r005-20260818T051734Z,loan_to_aml,2,75,200,16.733000,
baseline,5,1,perf-baseline-r005-20260818T051734Z,loan_to_aml,2,76,200,18.944500,
baseline,5,1,perf-baseline-r005-20260818T051734Z,loan_to_aml,2,77,200,17.885700,
baseline,5,1,perf-baseline-r005-20260818T051734Z,loan_to_aml,2,78,200,15.672800,
baseline,5,1,perf-baseline-r005-20260818T051734Z,loan_to_aml,2,79,200,17.064900,
baseline,5,1,perf-baseline-r005-20260818T051734Z,loan_to_aml,2,80,200,17.545100,
baseline,5,1,perf-baseline-r005-20260818T051734Z,loan_to_aml,2,81,200,16.730600,
baseline,5,1,perf-baseline-r005-20260818T051734Z,loan_to_aml,2,82,200,17.369300,
baseline,5,1,perf-baseline-r005-20260818T051734Z,loan_to_aml,2,83,200,16.883400,
baseline,5,1,perf-baseline-r005-20260818T051734Z,loan_to_aml,2,84,200,16.688000,
baseline,5,1,perf-baseline-r005-20260818T051734Z,loan_to_aml,2,85,200,17.044900,
baseline,5,1,perf-baseline-r005-20260818T051734Z,loan_to_aml,2,86,200,16.763100,
baseline,5,1,perf-baseline-r005-20260818T051734Z,loan_to_aml,2,87,200,17.058700,
baseline,5,1,perf-baseline-r005-20260818T051734Z,loan_to_aml,2,88,200,15.602400,
baseline,5,1,perf-baseline-r005-20260818T051734Z,loan_to_aml,2,89,200,16.391700,
baseline,5,1,perf-baseline-r005-20260818T051734Z,loan_to_aml,2,90,200,16.733700,
baseline,5,1,perf-baseline-r005-20260818T051734Z,loan_to_aml,2,91,200,16.473000,
baseline,5,1,perf-baseline-r005-20260818T051734Z,loan_to_aml,2,92,200,16.776300,
baseline,5,1,perf-baseline-r005-20260818T051734Z,loan_to_aml,2,93,200,16.674300,
baseline,5,1,perf-baseline-r005-20260818T051734Z,loan_to_aml,2,94,200,16.883100,
baseline,5,1,perf-baseline-r005-20260818T051734Z,loan_to_aml,2,95,200,17.320700,
baseline,5,1,perf-baseline-r005-20260818T051734Z,loan_to_aml,2,96,200,17.092700,
baseline,5,1,perf-baseline-r005-20260818T051734Z,loan_to_aml,2,97,200,16.420500,
baseline,5,1,perf-baseline-r005-20260818T051734Z,loan_to_aml,2,98,200,16.667900,
baseline,5,1,perf-baseline-r005-20260818T051734Z,loan_to_aml,2,99,200,16.943100,
baseline,5,1,perf-baseline-r005-20260818T051734Z,loan_to_aml,2,100,200,16.968000,
baseline,5,1,perf-baseline-r005-20260818T051734Z,loan_to_aml,2,101,200,16.783500,
baseline,5,1,perf-baseline-r005-20260818T051734Z,loan_to_aml,2,102,200,16.789300,
baseline,5,1,perf-baseline-r005-20260818T051734Z,loan_to_aml,2,103,200,15.985600,
baseline,5,1,perf-baseline-r005-20260818T051734Z,loan_to_aml,2,104,200,15.683800,
baseline,5,1,perf-baseline-r005-20260818T051734Z,loan_to_aml,2,105,200,15.788200,
baseline,5,1,perf-baseline-r005-20260818T051734Z,loan_to_aml,2,106,200,16.352900,
baseline,5,1,perf-baseline-r005-20260818T051734Z,loan_to_aml,2,107,200,17.260000,
baseline,5,1,perf-baseline-r005-20260818T051734Z,loan_to_aml,2,108,200,15.897200,
baseline,5,1,perf-baseline-r005-20260818T051734Z,loan_to_aml,2,109,200,16.214300,
baseline,5,1,perf-baseline-r005-20260818T051734Z,loan_to_aml,2,110,200,17.302500,
baseline,5,1,perf-baseline-r005-20260818T051734Z,loan_to_aml,2,111,200,16.452300,
baseline,5,1,perf-baseline-r005-20260818T051734Z,loan_to_aml,2,112,200,16.150900,
baseline,5,1,perf-baseline-r005-20260818T051734Z,loan_to_aml,2,113,200,15.711400,
baseline,5,1,perf-baseline-r005-20260818T051734Z,loan_to_aml,2,114,200,17.305300,
baseline,5,1,perf-baseline-r005-20260818T051734Z,loan_to_aml,2,115,200,16.970000,
baseline,5,1,perf-baseline-r005-20260818T051734Z,loan_to_aml,2,116,200,15.527000,
baseline,5,1,perf-baseline-r005-20260818T051734Z,loan_to_aml,2,117,200,15.932800,
baseline,5,1,perf-baseline-r005-20260818T051734Z,loan_to_aml,2,118,200,16.125700,
baseline,5,1,perf-baseline-r005-20260818T051734Z,loan_to_aml,2,119,200,15.682300,
baseline,5,1,perf-baseline-r005-20260818T051734Z,loan_to_aml,2,120,200,17.557900,
baseline,5,1,perf-baseline-r005-20260818T051734Z,loan_to_aml,2,121,200,15.708500,
baseline,5,1,perf-baseline-r005-20260818T051734Z,loan_to_aml,2,122,200,16.960400,
baseline,5,1,perf-baseline-r005-20260818T051734Z,loan_to_aml,2,123,200,17.436900,
baseline,5,1,perf-baseline-r005-20260818T051734Z,loan_to_aml,2,124,200,16.960000,
baseline,5,1,perf-baseline-r005-20260818T051734Z,loan_to_aml,2,125,200,17.514100,
baseline,5,1,perf-baseline-r005-20260818T051734Z,loan_to_aml,2,126,200,17.070500,
baseline,5,1,perf-baseline-r005-20260818T051734Z,loan_to_aml,2,127,200,16.354600,
baseline,5,1,perf-baseline-r005-20260818T051734Z,loan_to_aml,2,128,200,16.434100,
baseline,5,1,perf-baseline-r005-20260818T051734Z,loan_to_aml,2,129,200,15.996500,
baseline,5,1,perf-baseline-r005-20260818T051734Z,loan_to_aml,2,130,200,16.308000,
baseline,5,1,perf-baseline-r005-20260818T051734Z,loan_to_aml,2,131,200,16.860800,
baseline,5,1,perf-baseline-r005-20260818T051734Z,loan_to_aml,2,132,200,17.053500,
baseline,5,1,perf-baseline-r005-20260818T051734Z,loan_to_aml,2,133,200,16.900400,
baseline,5,1,perf-baseline-r005-20260818T051734Z,loan_to_aml,2,134,200,16.696800,
baseline,5,1,perf-baseline-r005-20260818T051734Z,loan_to_aml,2,135,200,16.282400,
baseline,5,1,perf-baseline-r005-20260818T051734Z,loan_to_aml,2,136,200,16.654900,
baseline,5,1,perf-baseline-r005-20260818T051734Z,loan_to_aml,2,137,200,16.216000,
baseline,5,1,perf-baseline-r005-20260818T051734Z,loan_to_aml,2,138,200,16.015500,
baseline,5,1,perf-baseline-r005-20260818T051734Z,loan_to_aml,2,139,200,18.030200,
baseline,5,1,perf-baseline-r005-20260818T051734Z,loan_to_aml,2,140,200,18.180000,
baseline,5,1,perf-baseline-r005-20260818T051734Z,loan_to_aml,2,141,200,17.447200,
baseline,5,1,perf-baseline-r005-20260818T051734Z,loan_to_aml,2,142,200,18.609600,
baseline,5,1,perf-baseline-r005-20260818T051734Z,loan_to_aml,2,143,200,20.505600,
baseline,5,1,perf-baseline-r005-20260818T051734Z,loan_to_aml,2,144,200,17.422800,
baseline,5,1,perf-baseline-r005-20260818T051734Z,loan_to_aml,2,145,200,17.383300,
baseline,5,1,perf-baseline-r005-20260818T051734Z,loan_to_aml,2,146,200,19.262400,
baseline,5,1,perf-baseline-r005-20260818T051734Z,loan_to_aml,2,147,200,20.973000,
baseline,5,1,perf-baseline-r005-20260818T051734Z,loan_to_aml,2,148,200,18.342600,
baseline,5,1,perf-baseline-r005-20260818T051734Z,loan_to_aml,2,149,200,17.859900,
baseline,5,1,perf-baseline-r005-20260818T051734Z,loan_to_aml,2,150,200,17.109600,
baseline,5,1,perf-baseline-r005-20260818T051734Z,loan_to_aml,2,151,200,17.609500,
baseline,5,1,perf-baseline-r005-20260818T051734Z,loan_to_aml,2,152,200,16.746400,
baseline,5,1,perf-baseline-r005-20260818T051734Z,loan_to_aml,2,153,200,17.523400,
baseline,5,1,perf-baseline-r005-20260818T051734Z,loan_to_aml,2,154,200,17.170400,
baseline,5,1,perf-baseline-r005-20260818T051734Z,loan_to_aml,2,155,200,17.294300,
baseline,5,1,perf-baseline-r005-20260818T051734Z,loan_to_aml,2,156,200,18.260700,
baseline,5,1,perf-baseline-r005-20260818T051734Z,loan_to_aml,2,157,200,17.395500,
baseline,5,1,perf-baseline-r005-20260818T051734Z,loan_to_aml,2,158,200,16.825900,
baseline,5,1,perf-baseline-r005-20260818T051734Z,loan_to_aml,2,159,200,17.367200,
baseline,5,1,perf-baseline-r005-20260818T051734Z,loan_to_aml,2,160,200,17.639000,
baseline,5,1,perf-baseline-r005-20260818T051734Z,loan_to_aml,2,161,200,17.810300,
baseline,5,1,perf-baseline-r005-20260818T051734Z,loan_to_aml,2,162,200,17.047400,
baseline,5,1,perf-baseline-r005-20260818T051734Z,loan_to_aml,2,163,200,15.717100,
baseline,5,1,perf-baseline-r005-20260818T051734Z,loan_to_aml,2,164,200,15.811300,
baseline,5,1,perf-baseline-r005-20260818T051734Z,loan_to_aml,2,165,200,17.543800,
baseline,5,1,perf-baseline-r005-20260818T051734Z,loan_to_aml,2,166,200,17.372300,
baseline,5,1,perf-baseline-r005-20260818T051734Z,loan_to_aml,2,167,200,18.284200,
baseline,5,1,perf-baseline-r005-20260818T051734Z,loan_to_aml,2,168,200,17.006400,
baseline,5,1,perf-baseline-r005-20260818T051734Z,loan_to_aml,2,169,200,17.612500,
baseline,5,1,perf-baseline-r005-20260818T051734Z,loan_to_aml,2,170,200,17.330700,
baseline,5,1,perf-baseline-r005-20260818T051734Z,loan_to_aml,2,171,200,17.061800,
baseline,5,1,perf-baseline-r005-20260818T051734Z,loan_to_aml,2,172,200,17.139900,
baseline,5,1,perf-baseline-r005-20260818T051734Z,loan_to_aml,2,173,200,18.308000,
baseline,5,1,perf-baseline-r005-20260818T051734Z,loan_to_aml,2,174,200,16.360300,
baseline,5,1,perf-baseline-r005-20260818T051734Z,loan_to_aml,2,175,200,17.497000,
baseline,5,1,perf-baseline-r005-20260818T051734Z,loan_to_aml,2,176,200,16.628300,
baseline,5,1,perf-baseline-r005-20260818T051734Z,loan_to_aml,2,177,200,17.283800,
baseline,5,1,perf-baseline-r005-20260818T051734Z,loan_to_aml,2,178,200,17.693300,
baseline,5,1,perf-baseline-r005-20260818T051734Z,loan_to_aml,2,179,200,16.811300,
baseline,5,1,perf-baseline-r005-20260818T051734Z,loan_to_aml,2,180,200,17.258200,
baseline,5,1,perf-baseline-r005-20260818T051734Z,loan_to_aml,2,181,200,16.786800,
baseline,5,1,perf-baseline-r005-20260818T051734Z,loan_to_aml,2,182,200,17.129500,
baseline,5,1,perf-baseline-r005-20260818T051734Z,loan_to_aml,2,183,200,16.959800,
baseline,5,1,perf-baseline-r005-20260818T051734Z,loan_to_aml,2,184,200,16.678200,
baseline,5,1,perf-baseline-r005-20260818T051734Z,loan_to_aml,2,185,200,16.942000,
baseline,5,1,perf-baseline-r005-20260818T051734Z,loan_to_aml,2,186,200,16.968500,
baseline,5,1,perf-baseline-r005-20260818T051734Z,loan_to_aml,2,187,200,16.876800,
baseline,5,1,perf-baseline-r005-20260818T051734Z,loan_to_aml,2,188,200,17.319100,
baseline,5,1,perf-baseline-r005-20260818T051734Z,loan_to_aml,2,189,200,17.218400,
baseline,5,1,perf-baseline-r005-20260818T051734Z,loan_to_aml,2,190,200,18.019000,
baseline,5,1,perf-baseline-r005-20260818T051734Z,loan_to_aml,2,191,200,17.914700,
baseline,5,1,perf-baseline-r005-20260818T051734Z,loan_to_aml,2,192,200,16.953700,
baseline,5,1,perf-baseline-r005-20260818T051734Z,loan_to_aml,2,193,200,17.126900,
baseline,5,1,perf-baseline-r005-20260818T051734Z,loan_to_aml,2,194,200,16.763200,
baseline,5,1,perf-baseline-r005-20260818T051734Z,loan_to_aml,2,195,200,17.301100,
baseline,5,1,perf-baseline-r005-20260818T051734Z,loan_to_aml,2,196,200,16.324300,
baseline,5,1,perf-baseline-r005-20260818T051734Z,loan_to_aml,2,197,200,17.007000,
baseline,5,1,perf-baseline-r005-20260818T051734Z,loan_to_aml,2,198,200,17.158200,
baseline,5,1,perf-baseline-r005-20260818T051734Z,loan_to_aml,2,199,200,17.646400,
baseline,5,1,perf-baseline-r005-20260818T051734Z,loan_to_aml,2,200,200,17.377600,
baseline,5,1,perf-baseline-r005-20260818T051734Z,loan_to_aml,3,1,200,16.715000,
baseline,5,1,perf-baseline-r005-20260818T051734Z,loan_to_aml,3,2,200,15.633100,
baseline,5,1,perf-baseline-r005-20260818T051734Z,loan_to_aml,3,3,200,16.279500,
baseline,5,1,perf-baseline-r005-20260818T051734Z,loan_to_aml,3,4,200,15.317000,
baseline,5,1,perf-baseline-r005-20260818T051734Z,loan_to_aml,3,5,200,16.392500,
baseline,5,1,perf-baseline-r005-20260818T051734Z,loan_to_aml,3,6,200,16.719100,
baseline,5,1,perf-baseline-r005-20260818T051734Z,loan_to_aml,3,7,200,16.375200,
baseline,5,1,perf-baseline-r005-20260818T051734Z,loan_to_aml,3,8,200,16.267800,
baseline,5,1,perf-baseline-r005-20260818T051734Z,loan_to_aml,3,9,200,16.903900,
baseline,5,1,perf-baseline-r005-20260818T051734Z,loan_to_aml,3,10,200,16.977600,
baseline,5,1,perf-baseline-r005-20260818T051734Z,loan_to_aml,3,11,200,16.827600,
baseline,5,1,perf-baseline-r005-20260818T051734Z,loan_to_aml,3,12,200,16.199400,
baseline,5,1,perf-baseline-r005-20260818T051734Z,loan_to_aml,3,13,200,17.718300,
baseline,5,1,perf-baseline-r005-20260818T051734Z,loan_to_aml,3,14,200,16.251300,
baseline,5,1,perf-baseline-r005-20260818T051734Z,loan_to_aml,3,15,200,16.796900,
baseline,5,1,perf-baseline-r005-20260818T051734Z,loan_to_aml,3,16,200,15.992900,
baseline,5,1,perf-baseline-r005-20260818T051734Z,loan_to_aml,3,17,200,17.273200,
baseline,5,1,perf-baseline-r005-20260818T051734Z,loan_to_aml,3,18,200,16.355200,
baseline,5,1,perf-baseline-r005-20260818T051734Z,loan_to_aml,3,19,200,18.310700,
baseline,5,1,perf-baseline-r005-20260818T051734Z,loan_to_aml,3,20,200,15.854200,
baseline,5,1,perf-baseline-r005-20260818T051734Z,loan_to_aml,3,21,200,16.254300,
baseline,5,1,perf-baseline-r005-20260818T051734Z,loan_to_aml,3,22,200,17.167100,
baseline,5,1,perf-baseline-r005-20260818T051734Z,loan_to_aml,3,23,200,17.730100,
baseline,5,1,perf-baseline-r005-20260818T051734Z,loan_to_aml,3,24,200,16.799800,
baseline,5,1,perf-baseline-r005-20260818T051734Z,loan_to_aml,3,25,200,17.887600,
baseline,5,1,perf-baseline-r005-20260818T051734Z,loan_to_aml,3,26,200,17.232700,
baseline,5,1,perf-baseline-r005-20260818T051734Z,loan_to_aml,3,27,200,16.439000,
baseline,5,1,perf-baseline-r005-20260818T051734Z,loan_to_aml,3,28,200,16.615700,
baseline,5,1,perf-baseline-r005-20260818T051734Z,loan_to_aml,3,29,200,16.755200,
baseline,5,1,perf-baseline-r005-20260818T051734Z,loan_to_aml,3,30,200,15.753300,
baseline,5,1,perf-baseline-r005-20260818T051734Z,loan_to_aml,3,31,200,15.952800,
baseline,5,1,perf-baseline-r005-20260818T051734Z,loan_to_aml,3,32,200,16.039100,
baseline,5,1,perf-baseline-r005-20260818T051734Z,loan_to_aml,3,33,200,16.274300,
baseline,5,1,perf-baseline-r005-20260818T051734Z,loan_to_aml,3,34,200,17.036300,
baseline,5,1,perf-baseline-r005-20260818T051734Z,loan_to_aml,3,35,200,15.705800,
baseline,5,1,perf-baseline-r005-20260818T051734Z,loan_to_aml,3,36,200,16.848400,
baseline,5,1,perf-baseline-r005-20260818T051734Z,loan_to_aml,3,37,200,16.097500,
baseline,5,1,perf-baseline-r005-20260818T051734Z,loan_to_aml,3,38,200,16.058900,
baseline,5,1,perf-baseline-r005-20260818T051734Z,loan_to_aml,3,39,200,16.146900,
baseline,5,1,perf-baseline-r005-20260818T051734Z,loan_to_aml,3,40,200,17.199500,
baseline,5,1,perf-baseline-r005-20260818T051734Z,loan_to_aml,3,41,200,15.782300,
baseline,5,1,perf-baseline-r005-20260818T051734Z,loan_to_aml,3,42,200,16.943700,
baseline,5,1,perf-baseline-r005-20260818T051734Z,loan_to_aml,3,43,200,16.576100,
baseline,5,1,perf-baseline-r005-20260818T051734Z,loan_to_aml,3,44,200,16.240800,
baseline,5,1,perf-baseline-r005-20260818T051734Z,loan_to_aml,3,45,200,16.192400,
baseline,5,1,perf-baseline-r005-20260818T051734Z,loan_to_aml,3,46,200,15.726800,
baseline,5,1,perf-baseline-r005-20260818T051734Z,loan_to_aml,3,47,200,16.407000,
baseline,5,1,perf-baseline-r005-20260818T051734Z,loan_to_aml,3,48,200,16.722800,
baseline,5,1,perf-baseline-r005-20260818T051734Z,loan_to_aml,3,49,200,16.857800,
baseline,5,1,perf-baseline-r005-20260818T051734Z,loan_to_aml,3,50,200,16.207300,
baseline,5,1,perf-baseline-r005-20260818T051734Z,loan_to_aml,3,51,200,16.787200,
baseline,5,1,perf-baseline-r005-20260818T051734Z,loan_to_aml,3,52,200,15.743600,
baseline,5,1,perf-baseline-r005-20260818T051734Z,loan_to_aml,3,53,200,17.430500,
baseline,5,1,perf-baseline-r005-20260818T051734Z,loan_to_aml,3,54,200,16.974000,
baseline,5,1,perf-baseline-r005-20260818T051734Z,loan_to_aml,3,55,200,16.406500,
baseline,5,1,perf-baseline-r005-20260818T051734Z,loan_to_aml,3,56,200,15.933900,
baseline,5,1,perf-baseline-r005-20260818T051734Z,loan_to_aml,3,57,200,16.197700,
baseline,5,1,perf-baseline-r005-20260818T051734Z,loan_to_aml,3,58,200,17.117100,
baseline,5,1,perf-baseline-r005-20260818T051734Z,loan_to_aml,3,59,200,16.836300,
baseline,5,1,perf-baseline-r005-20260818T051734Z,loan_to_aml,3,60,200,19.886300,
baseline,5,1,perf-baseline-r005-20260818T051734Z,loan_to_aml,3,61,200,19.358900,
baseline,5,1,perf-baseline-r005-20260818T051734Z,loan_to_aml,3,62,200,21.278000,
baseline,5,1,perf-baseline-r005-20260818T051734Z,loan_to_aml,3,63,200,17.751600,
baseline,5,1,perf-baseline-r005-20260818T051734Z,loan_to_aml,3,64,200,17.173700,
baseline,5,1,perf-baseline-r005-20260818T051734Z,loan_to_aml,3,65,200,17.247000,
baseline,5,1,perf-baseline-r005-20260818T051734Z,loan_to_aml,3,66,200,17.295400,
baseline,5,1,perf-baseline-r005-20260818T051734Z,loan_to_aml,3,67,200,15.581300,
baseline,5,1,perf-baseline-r005-20260818T051734Z,loan_to_aml,3,68,200,16.081000,
baseline,5,1,perf-baseline-r005-20260818T051734Z,loan_to_aml,3,69,200,15.905200,
baseline,5,1,perf-baseline-r005-20260818T051734Z,loan_to_aml,3,70,200,15.896800,
baseline,5,1,perf-baseline-r005-20260818T051734Z,loan_to_aml,3,71,200,16.243500,
baseline,5,1,perf-baseline-r005-20260818T051734Z,loan_to_aml,3,72,200,16.496800,
baseline,5,1,perf-baseline-r005-20260818T051734Z,loan_to_aml,3,73,200,16.787100,
baseline,5,1,perf-baseline-r005-20260818T051734Z,loan_to_aml,3,74,200,15.793800,
baseline,5,1,perf-baseline-r005-20260818T051734Z,loan_to_aml,3,75,200,15.964000,
baseline,5,1,perf-baseline-r005-20260818T051734Z,loan_to_aml,3,76,200,16.336900,
baseline,5,1,perf-baseline-r005-20260818T051734Z,loan_to_aml,3,77,200,16.695600,
baseline,5,1,perf-baseline-r005-20260818T051734Z,loan_to_aml,3,78,200,16.932300,
baseline,5,1,perf-baseline-r005-20260818T051734Z,loan_to_aml,3,79,200,15.735600,
baseline,5,1,perf-baseline-r005-20260818T051734Z,loan_to_aml,3,80,200,15.788300,
baseline,5,1,perf-baseline-r005-20260818T051734Z,loan_to_aml,3,81,200,15.210600,
baseline,5,1,perf-baseline-r005-20260818T051734Z,loan_to_aml,3,82,200,16.901700,
baseline,5,1,perf-baseline-r005-20260818T051734Z,loan_to_aml,3,83,200,17.291100,
baseline,5,1,perf-baseline-r005-20260818T051734Z,loan_to_aml,3,84,200,16.923000,
baseline,5,1,perf-baseline-r005-20260818T051734Z,loan_to_aml,3,85,200,16.841500,
baseline,5,1,perf-baseline-r005-20260818T051734Z,loan_to_aml,3,86,200,17.245400,
baseline,5,1,perf-baseline-r005-20260818T051734Z,loan_to_aml,3,87,200,17.049500,
baseline,5,1,perf-baseline-r005-20260818T051734Z,loan_to_aml,3,88,200,16.921200,
baseline,5,1,perf-baseline-r005-20260818T051734Z,loan_to_aml,3,89,200,15.563900,
baseline,5,1,perf-baseline-r005-20260818T051734Z,loan_to_aml,3,90,200,16.356100,
baseline,5,1,perf-baseline-r005-20260818T051734Z,loan_to_aml,3,91,200,16.613700,
baseline,5,1,perf-baseline-r005-20260818T051734Z,loan_to_aml,3,92,200,15.793800,
baseline,5,1,perf-baseline-r005-20260818T051734Z,loan_to_aml,3,93,200,16.056500,
baseline,5,1,perf-baseline-r005-20260818T051734Z,loan_to_aml,3,94,200,17.911000,
baseline,5,1,perf-baseline-r005-20260818T051734Z,loan_to_aml,3,95,200,16.243500,
baseline,5,1,perf-baseline-r005-20260818T051734Z,loan_to_aml,3,96,200,16.015700,
baseline,5,1,perf-baseline-r005-20260818T051734Z,loan_to_aml,3,97,200,15.687600,
baseline,5,1,perf-baseline-r005-20260818T051734Z,loan_to_aml,3,98,200,16.010200,
baseline,5,1,perf-baseline-r005-20260818T051734Z,loan_to_aml,3,99,200,16.367500,
baseline,5,1,perf-baseline-r005-20260818T051734Z,loan_to_aml,3,100,200,15.896900,
baseline,5,1,perf-baseline-r005-20260818T051734Z,loan_to_aml,3,101,200,16.823400,
baseline,5,1,perf-baseline-r005-20260818T051734Z,loan_to_aml,3,102,200,15.948800,
baseline,5,1,perf-baseline-r005-20260818T051734Z,loan_to_aml,3,103,200,16.271300,
baseline,5,1,perf-baseline-r005-20260818T051734Z,loan_to_aml,3,104,200,17.121400,
baseline,5,1,perf-baseline-r005-20260818T051734Z,loan_to_aml,3,105,200,15.530900,
baseline,5,1,perf-baseline-r005-20260818T051734Z,loan_to_aml,3,106,200,16.532000,
baseline,5,1,perf-baseline-r005-20260818T051734Z,loan_to_aml,3,107,200,15.884800,
baseline,5,1,perf-baseline-r005-20260818T051734Z,loan_to_aml,3,108,200,16.743500,
baseline,5,1,perf-baseline-r005-20260818T051734Z,loan_to_aml,3,109,200,15.929900,
baseline,5,1,perf-baseline-r005-20260818T051734Z,loan_to_aml,3,110,200,17.330800,
baseline,5,1,perf-baseline-r005-20260818T051734Z,loan_to_aml,3,111,200,15.279600,
baseline,5,1,perf-baseline-r005-20260818T051734Z,loan_to_aml,3,112,200,16.526400,
baseline,5,1,perf-baseline-r005-20260818T051734Z,loan_to_aml,3,113,200,17.790200,
baseline,5,1,perf-baseline-r005-20260818T051734Z,loan_to_aml,3,114,200,15.887800,
baseline,5,1,perf-baseline-r005-20260818T051734Z,loan_to_aml,3,115,200,17.434600,
baseline,5,1,perf-baseline-r005-20260818T051734Z,loan_to_aml,3,116,200,16.527700,
baseline,5,1,perf-baseline-r005-20260818T051734Z,loan_to_aml,3,117,200,15.541600,
baseline,5,1,perf-baseline-r005-20260818T051734Z,loan_to_aml,3,118,200,16.430400,
baseline,5,1,perf-baseline-r005-20260818T051734Z,loan_to_aml,3,119,200,15.869100,
baseline,5,1,perf-baseline-r005-20260818T051734Z,loan_to_aml,3,120,200,16.039100,
baseline,5,1,perf-baseline-r005-20260818T051734Z,loan_to_aml,3,121,200,17.531300,
baseline,5,1,perf-baseline-r005-20260818T051734Z,loan_to_aml,3,122,200,16.826200,
baseline,5,1,perf-baseline-r005-20260818T051734Z,loan_to_aml,3,123,200,16.509200,
baseline,5,1,perf-baseline-r005-20260818T051734Z,loan_to_aml,3,124,200,16.365300,
baseline,5,1,perf-baseline-r005-20260818T051734Z,loan_to_aml,3,125,200,16.501500,
baseline,5,1,perf-baseline-r005-20260818T051734Z,loan_to_aml,3,126,200,16.388100,
baseline,5,1,perf-baseline-r005-20260818T051734Z,loan_to_aml,3,127,200,16.048900,
baseline,5,1,perf-baseline-r005-20260818T051734Z,loan_to_aml,3,128,200,15.884500,
baseline,5,1,perf-baseline-r005-20260818T051734Z,loan_to_aml,3,129,200,16.830200,
baseline,5,1,perf-baseline-r005-20260818T051734Z,loan_to_aml,3,130,200,15.722300,
baseline,5,1,perf-baseline-r005-20260818T051734Z,loan_to_aml,3,131,200,16.097000,
baseline,5,1,perf-baseline-r005-20260818T051734Z,loan_to_aml,3,132,200,15.773700,
baseline,5,1,perf-baseline-r005-20260818T051734Z,loan_to_aml,3,133,200,16.394500,
baseline,5,1,perf-baseline-r005-20260818T051734Z,loan_to_aml,3,134,200,15.827200,
baseline,5,1,perf-baseline-r005-20260818T051734Z,loan_to_aml,3,135,200,17.720100,
baseline,5,1,perf-baseline-r005-20260818T051734Z,loan_to_aml,3,136,200,16.639500,
baseline,5,1,perf-baseline-r005-20260818T051734Z,loan_to_aml,3,137,200,16.512000,
baseline,5,1,perf-baseline-r005-20260818T051734Z,loan_to_aml,3,138,200,17.099500,
baseline,5,1,perf-baseline-r005-20260818T051734Z,loan_to_aml,3,139,200,17.210000,
baseline,5,1,perf-baseline-r005-20260818T051734Z,loan_to_aml,3,140,200,17.857600,
baseline,5,1,perf-baseline-r005-20260818T051734Z,loan_to_aml,3,141,200,16.535400,
baseline,5,1,perf-baseline-r005-20260818T051734Z,loan_to_aml,3,142,200,16.376000,
baseline,5,1,perf-baseline-r005-20260818T051734Z,loan_to_aml,3,143,200,16.132300,
baseline,5,1,perf-baseline-r005-20260818T051734Z,loan_to_aml,3,144,200,17.590700,
baseline,5,1,perf-baseline-r005-20260818T051734Z,loan_to_aml,3,145,200,17.617900,
baseline,5,1,perf-baseline-r005-20260818T051734Z,loan_to_aml,3,146,200,17.072800,
baseline,5,1,perf-baseline-r005-20260818T051734Z,loan_to_aml,3,147,200,16.860700,
baseline,5,1,perf-baseline-r005-20260818T051734Z,loan_to_aml,3,148,200,15.826100,
baseline,5,1,perf-baseline-r005-20260818T051734Z,loan_to_aml,3,149,200,15.762500,
baseline,5,1,perf-baseline-r005-20260818T051734Z,loan_to_aml,3,150,200,16.292600,
baseline,5,1,perf-baseline-r005-20260818T051734Z,loan_to_aml,3,151,200,16.940300,
baseline,5,1,perf-baseline-r005-20260818T051734Z,loan_to_aml,3,152,200,16.448200,
baseline,5,1,perf-baseline-r005-20260818T051734Z,loan_to_aml,3,153,200,16.628400,
baseline,5,1,perf-baseline-r005-20260818T051734Z,loan_to_aml,3,154,200,16.617500,
baseline,5,1,perf-baseline-r005-20260818T051734Z,loan_to_aml,3,155,200,17.505000,
baseline,5,1,perf-baseline-r005-20260818T051734Z,loan_to_aml,3,156,200,16.659500,
baseline,5,1,perf-baseline-r005-20260818T051734Z,loan_to_aml,3,157,200,16.882000,
baseline,5,1,perf-baseline-r005-20260818T051734Z,loan_to_aml,3,158,200,16.618200,
baseline,5,1,perf-baseline-r005-20260818T051734Z,loan_to_aml,3,159,200,15.879300,
baseline,5,1,perf-baseline-r005-20260818T051734Z,loan_to_aml,3,160,200,16.125500,
baseline,5,1,perf-baseline-r005-20260818T051734Z,loan_to_aml,3,161,200,16.524600,
baseline,5,1,perf-baseline-r005-20260818T051734Z,loan_to_aml,3,162,200,16.832500,
baseline,5,1,perf-baseline-r005-20260818T051734Z,loan_to_aml,3,163,200,16.642400,
baseline,5,1,perf-baseline-r005-20260818T051734Z,loan_to_aml,3,164,200,16.060600,
baseline,5,1,perf-baseline-r005-20260818T051734Z,loan_to_aml,3,165,200,15.891800,
baseline,5,1,perf-baseline-r005-20260818T051734Z,loan_to_aml,3,166,200,16.198700,
baseline,5,1,perf-baseline-r005-20260818T051734Z,loan_to_aml,3,167,200,16.461300,
baseline,5,1,perf-baseline-r005-20260818T051734Z,loan_to_aml,3,168,200,16.322900,
baseline,5,1,perf-baseline-r005-20260818T051734Z,loan_to_aml,3,169,200,17.168100,
baseline,5,1,perf-baseline-r005-20260818T051734Z,loan_to_aml,3,170,200,16.857900,
baseline,5,1,perf-baseline-r005-20260818T051734Z,loan_to_aml,3,171,200,16.141300,
baseline,5,1,perf-baseline-r005-20260818T051734Z,loan_to_aml,3,172,200,16.958200,
baseline,5,1,perf-baseline-r005-20260818T051734Z,loan_to_aml,3,173,200,17.212700,
baseline,5,1,perf-baseline-r005-20260818T051734Z,loan_to_aml,3,174,200,17.063000,
baseline,5,1,perf-baseline-r005-20260818T051734Z,loan_to_aml,3,175,200,18.958600,
baseline,5,1,perf-baseline-r005-20260818T051734Z,loan_to_aml,3,176,200,17.920500,
baseline,5,1,perf-baseline-r005-20260818T051734Z,loan_to_aml,3,177,200,18.160100,
baseline,5,1,perf-baseline-r005-20260818T051734Z,loan_to_aml,3,178,200,19.525600,
baseline,5,1,perf-baseline-r005-20260818T051734Z,loan_to_aml,3,179,200,17.918300,
baseline,5,1,perf-baseline-r005-20260818T051734Z,loan_to_aml,3,180,200,17.098100,
baseline,5,1,perf-baseline-r005-20260818T051734Z,loan_to_aml,3,181,200,16.704000,
baseline,5,1,perf-baseline-r005-20260818T051734Z,loan_to_aml,3,182,200,16.170400,
baseline,5,1,perf-baseline-r005-20260818T051734Z,loan_to_aml,3,183,200,17.367600,
baseline,5,1,perf-baseline-r005-20260818T051734Z,loan_to_aml,3,184,200,16.903300,
baseline,5,1,perf-baseline-r005-20260818T051734Z,loan_to_aml,3,185,200,18.091100,
baseline,5,1,perf-baseline-r005-20260818T051734Z,loan_to_aml,3,186,200,17.809600,
baseline,5,1,perf-baseline-r005-20260818T051734Z,loan_to_aml,3,187,200,17.453500,
baseline,5,1,perf-baseline-r005-20260818T051734Z,loan_to_aml,3,188,200,18.306300,
baseline,5,1,perf-baseline-r005-20260818T051734Z,loan_to_aml,3,189,200,17.395600,
baseline,5,1,perf-baseline-r005-20260818T051734Z,loan_to_aml,3,190,200,18.138100,
baseline,5,1,perf-baseline-r005-20260818T051734Z,loan_to_aml,3,191,200,17.776900,
baseline,5,1,perf-baseline-r005-20260818T051734Z,loan_to_aml,3,192,200,17.427200,
baseline,5,1,perf-baseline-r005-20260818T051734Z,loan_to_aml,3,193,200,17.487200,
baseline,5,1,perf-baseline-r005-20260818T051734Z,loan_to_aml,3,194,200,17.143600,
baseline,5,1,perf-baseline-r005-20260818T051734Z,loan_to_aml,3,195,200,16.638300,
baseline,5,1,perf-baseline-r005-20260818T051734Z,loan_to_aml,3,196,200,16.913600,
baseline,5,1,perf-baseline-r005-20260818T051734Z,loan_to_aml,3,197,200,17.290800,
baseline,5,1,perf-baseline-r005-20260818T051734Z,loan_to_aml,3,198,200,16.764400,
baseline,5,1,perf-baseline-r005-20260818T051734Z,loan_to_aml,3,199,200,18.254400,
baseline,5,1,perf-baseline-r005-20260818T051734Z,loan_to_aml,3,200,200,18.097800,
baseline,5,1,perf-baseline-r005-20260818T051734Z,loan_to_approval,1,1,200,17.441700,
baseline,5,1,perf-baseline-r005-20260818T051734Z,loan_to_approval,1,2,200,16.468900,
baseline,5,1,perf-baseline-r005-20260818T051734Z,loan_to_approval,1,3,200,18.278500,
baseline,5,1,perf-baseline-r005-20260818T051734Z,loan_to_approval,1,4,200,17.557700,
baseline,5,1,perf-baseline-r005-20260818T051734Z,loan_to_approval,1,5,200,17.760900,
baseline,5,1,perf-baseline-r005-20260818T051734Z,loan_to_approval,1,6,200,16.578300,
baseline,5,1,perf-baseline-r005-20260818T051734Z,loan_to_approval,1,7,200,16.771900,
baseline,5,1,perf-baseline-r005-20260818T051734Z,loan_to_approval,1,8,200,17.061100,
baseline,5,1,perf-baseline-r005-20260818T051734Z,loan_to_approval,1,9,200,16.929600,
baseline,5,1,perf-baseline-r005-20260818T051734Z,loan_to_approval,1,10,200,16.938300,
baseline,5,1,perf-baseline-r005-20260818T051734Z,loan_to_approval,1,11,200,18.047300,
baseline,5,1,perf-baseline-r005-20260818T051734Z,loan_to_approval,1,12,200,17.653700,
baseline,5,1,perf-baseline-r005-20260818T051734Z,loan_to_approval,1,13,200,17.744600,
baseline,5,1,perf-baseline-r005-20260818T051734Z,loan_to_approval,1,14,200,18.124200,
baseline,5,1,perf-baseline-r005-20260818T051734Z,loan_to_approval,1,15,200,18.465500,
baseline,5,1,perf-baseline-r005-20260818T051734Z,loan_to_approval,1,16,200,18.274100,
baseline,5,1,perf-baseline-r005-20260818T051734Z,loan_to_approval,1,17,200,19.663200,
baseline,5,1,perf-baseline-r005-20260818T051734Z,loan_to_approval,1,18,200,17.296300,
baseline,5,1,perf-baseline-r005-20260818T051734Z,loan_to_approval,1,19,200,16.421800,
baseline,5,1,perf-baseline-r005-20260818T051734Z,loan_to_approval,1,20,200,17.322300,
baseline,5,1,perf-baseline-r005-20260818T051734Z,loan_to_approval,1,21,200,16.961900,
baseline,5,1,perf-baseline-r005-20260818T051734Z,loan_to_approval,1,22,200,16.671700,
baseline,5,1,perf-baseline-r005-20260818T051734Z,loan_to_approval,1,23,200,16.106100,
baseline,5,1,perf-baseline-r005-20260818T051734Z,loan_to_approval,1,24,200,15.805900,
baseline,5,1,perf-baseline-r005-20260818T051734Z,loan_to_approval,1,25,200,15.811100,
baseline,5,1,perf-baseline-r005-20260818T051734Z,loan_to_approval,1,26,200,16.170100,
baseline,5,1,perf-baseline-r005-20260818T051734Z,loan_to_approval,1,27,200,15.928300,
baseline,5,1,perf-baseline-r005-20260818T051734Z,loan_to_approval,1,28,200,15.845300,
baseline,5,1,perf-baseline-r005-20260818T051734Z,loan_to_approval,1,29,200,16.267700,
baseline,5,1,perf-baseline-r005-20260818T051734Z,loan_to_approval,1,30,200,15.506300,
baseline,5,1,perf-baseline-r005-20260818T051734Z,loan_to_approval,1,31,200,16.425600,
baseline,5,1,perf-baseline-r005-20260818T051734Z,loan_to_approval,1,32,200,16.157500,
baseline,5,1,perf-baseline-r005-20260818T051734Z,loan_to_approval,1,33,200,16.579400,
baseline,5,1,perf-baseline-r005-20260818T051734Z,loan_to_approval,1,34,200,15.495000,
baseline,5,1,perf-baseline-r005-20260818T051734Z,loan_to_approval,1,35,200,15.656800,
baseline,5,1,perf-baseline-r005-20260818T051734Z,loan_to_approval,1,36,200,16.193600,
baseline,5,1,perf-baseline-r005-20260818T051734Z,loan_to_approval,1,37,200,15.610800,
baseline,5,1,perf-baseline-r005-20260818T051734Z,loan_to_approval,1,38,200,16.007300,
baseline,5,1,perf-baseline-r005-20260818T051734Z,loan_to_approval,1,39,200,15.946300,
baseline,5,1,perf-baseline-r005-20260818T051734Z,loan_to_approval,1,40,200,16.165000,
baseline,5,1,perf-baseline-r005-20260818T051734Z,loan_to_approval,1,41,200,15.920000,
baseline,5,1,perf-baseline-r005-20260818T051734Z,loan_to_approval,1,42,200,16.133700,
baseline,5,1,perf-baseline-r005-20260818T051734Z,loan_to_approval,1,43,200,16.251000,
baseline,5,1,perf-baseline-r005-20260818T051734Z,loan_to_approval,1,44,200,16.383000,
baseline,5,1,perf-baseline-r005-20260818T051734Z,loan_to_approval,1,45,200,16.152000,
baseline,5,1,perf-baseline-r005-20260818T051734Z,loan_to_approval,1,46,200,16.677600,
baseline,5,1,perf-baseline-r005-20260818T051734Z,loan_to_approval,1,47,200,16.064700,
baseline,5,1,perf-baseline-r005-20260818T051734Z,loan_to_approval,1,48,200,16.135400,
baseline,5,1,perf-baseline-r005-20260818T051734Z,loan_to_approval,1,49,200,17.307000,
baseline,5,1,perf-baseline-r005-20260818T051734Z,loan_to_approval,1,50,200,16.587000,
baseline,5,1,perf-baseline-r005-20260818T051734Z,loan_to_approval,1,51,200,18.155600,
baseline,5,1,perf-baseline-r005-20260818T051734Z,loan_to_approval,1,52,200,16.771800,
baseline,5,1,perf-baseline-r005-20260818T051734Z,loan_to_approval,1,53,200,14.751400,
baseline,5,1,perf-baseline-r005-20260818T051734Z,loan_to_approval,1,54,200,16.370100,
baseline,5,1,perf-baseline-r005-20260818T051734Z,loan_to_approval,1,55,200,15.940700,
baseline,5,1,perf-baseline-r005-20260818T051734Z,loan_to_approval,1,56,200,15.691400,
baseline,5,1,perf-baseline-r005-20260818T051734Z,loan_to_approval,1,57,200,16.174300,
baseline,5,1,perf-baseline-r005-20260818T051734Z,loan_to_approval,1,58,200,15.893800,
baseline,5,1,perf-baseline-r005-20260818T051734Z,loan_to_approval,1,59,200,15.323600,
baseline,5,1,perf-baseline-r005-20260818T051734Z,loan_to_approval,1,60,200,16.899900,
baseline,5,1,perf-baseline-r005-20260818T051734Z,loan_to_approval,1,61,200,15.525400,
baseline,5,1,perf-baseline-r005-20260818T051734Z,loan_to_approval,1,62,200,16.122900,
baseline,5,1,perf-baseline-r005-20260818T051734Z,loan_to_approval,1,63,200,15.964100,
baseline,5,1,perf-baseline-r005-20260818T051734Z,loan_to_approval,1,64,200,16.014200,
baseline,5,1,perf-baseline-r005-20260818T051734Z,loan_to_approval,1,65,200,16.020300,
baseline,5,1,perf-baseline-r005-20260818T051734Z,loan_to_approval,1,66,200,15.887600,
baseline,5,1,perf-baseline-r005-20260818T051734Z,loan_to_approval,1,67,200,15.984300,
baseline,5,1,perf-baseline-r005-20260818T051734Z,loan_to_approval,1,68,200,16.578000,
baseline,5,1,perf-baseline-r005-20260818T051734Z,loan_to_approval,1,69,200,16.312300,
baseline,5,1,perf-baseline-r005-20260818T051734Z,loan_to_approval,1,70,200,16.126600,
baseline,5,1,perf-baseline-r005-20260818T051734Z,loan_to_approval,1,71,200,14.910600,
baseline,5,1,perf-baseline-r005-20260818T051734Z,loan_to_approval,1,72,200,15.452200,
baseline,5,1,perf-baseline-r005-20260818T051734Z,loan_to_approval,1,73,200,16.839500,
baseline,5,1,perf-baseline-r005-20260818T051734Z,loan_to_approval,1,74,200,16.198800,
baseline,5,1,perf-baseline-r005-20260818T051734Z,loan_to_approval,1,75,200,15.707000,
baseline,5,1,perf-baseline-r005-20260818T051734Z,loan_to_approval,1,76,200,16.794900,
baseline,5,1,perf-baseline-r005-20260818T051734Z,loan_to_approval,1,77,200,16.089500,
baseline,5,1,perf-baseline-r005-20260818T051734Z,loan_to_approval,1,78,200,16.291500,
baseline,5,1,perf-baseline-r005-20260818T051734Z,loan_to_approval,1,79,200,16.823500,
baseline,5,1,perf-baseline-r005-20260818T051734Z,loan_to_approval,1,80,200,15.998300,
baseline,5,1,perf-baseline-r005-20260818T051734Z,loan_to_approval,1,81,200,17.028000,
baseline,5,1,perf-baseline-r005-20260818T051734Z,loan_to_approval,1,82,200,16.736500,
baseline,5,1,perf-baseline-r005-20260818T051734Z,loan_to_approval,1,83,200,15.800600,
baseline,5,1,perf-baseline-r005-20260818T051734Z,loan_to_approval,1,84,200,17.084800,
baseline,5,1,perf-baseline-r005-20260818T051734Z,loan_to_approval,1,85,200,15.880200,
baseline,5,1,perf-baseline-r005-20260818T051734Z,loan_to_approval,1,86,200,15.829400,
baseline,5,1,perf-baseline-r005-20260818T051734Z,loan_to_approval,1,87,200,15.864900,
baseline,5,1,perf-baseline-r005-20260818T051734Z,loan_to_approval,1,88,200,16.388600,
baseline,5,1,perf-baseline-r005-20260818T051734Z,loan_to_approval,1,89,200,15.869700,
baseline,5,1,perf-baseline-r005-20260818T051734Z,loan_to_approval,1,90,200,16.051000,
baseline,5,1,perf-baseline-r005-20260818T051734Z,loan_to_approval,1,91,200,16.612800,
baseline,5,1,perf-baseline-r005-20260818T051734Z,loan_to_approval,1,92,200,17.783600,
baseline,5,1,perf-baseline-r005-20260818T051734Z,loan_to_approval,1,93,200,16.730700,
baseline,5,1,perf-baseline-r005-20260818T051734Z,loan_to_approval,1,94,200,15.983700,
baseline,5,1,perf-baseline-r005-20260818T051734Z,loan_to_approval,1,95,200,15.727200,
baseline,5,1,perf-baseline-r005-20260818T051734Z,loan_to_approval,1,96,200,16.213900,
baseline,5,1,perf-baseline-r005-20260818T051734Z,loan_to_approval,1,97,200,16.863800,
baseline,5,1,perf-baseline-r005-20260818T051734Z,loan_to_approval,1,98,200,19.037900,
baseline,5,1,perf-baseline-r005-20260818T051734Z,loan_to_approval,1,99,200,15.546200,
baseline,5,1,perf-baseline-r005-20260818T051734Z,loan_to_approval,1,100,200,16.176000,
baseline,5,1,perf-baseline-r005-20260818T051734Z,loan_to_approval,1,101,200,15.848500,
baseline,5,1,perf-baseline-r005-20260818T051734Z,loan_to_approval,1,102,200,15.961200,
baseline,5,1,perf-baseline-r005-20260818T051734Z,loan_to_approval,1,103,200,16.004600,
baseline,5,1,perf-baseline-r005-20260818T051734Z,loan_to_approval,1,104,200,15.946900,
baseline,5,1,perf-baseline-r005-20260818T051734Z,loan_to_approval,1,105,200,16.008300,
baseline,5,1,perf-baseline-r005-20260818T051734Z,loan_to_approval,1,106,200,17.782100,
baseline,5,1,perf-baseline-r005-20260818T051734Z,loan_to_approval,1,107,200,18.528200,
baseline,5,1,perf-baseline-r005-20260818T051734Z,loan_to_approval,1,108,200,16.039900,
baseline,5,1,perf-baseline-r005-20260818T051734Z,loan_to_approval,1,109,200,18.060600,
baseline,5,1,perf-baseline-r005-20260818T051734Z,loan_to_approval,1,110,200,16.974500,
baseline,5,1,perf-baseline-r005-20260818T051734Z,loan_to_approval,1,111,200,18.613100,
baseline,5,1,perf-baseline-r005-20260818T051734Z,loan_to_approval,1,112,200,19.812200,
baseline,5,1,perf-baseline-r005-20260818T051734Z,loan_to_approval,1,113,200,18.321000,
baseline,5,1,perf-baseline-r005-20260818T051734Z,loan_to_approval,1,114,200,18.156300,
baseline,5,1,perf-baseline-r005-20260818T051734Z,loan_to_approval,1,115,200,16.749700,
baseline,5,1,perf-baseline-r005-20260818T051734Z,loan_to_approval,1,116,200,17.116900,
baseline,5,1,perf-baseline-r005-20260818T051734Z,loan_to_approval,1,117,200,17.480700,
baseline,5,1,perf-baseline-r005-20260818T051734Z,loan_to_approval,1,118,200,16.666400,
baseline,5,1,perf-baseline-r005-20260818T051734Z,loan_to_approval,1,119,200,17.736100,
baseline,5,1,perf-baseline-r005-20260818T051734Z,loan_to_approval,1,120,200,17.006200,
baseline,5,1,perf-baseline-r005-20260818T051734Z,loan_to_approval,1,121,200,16.903500,
baseline,5,1,perf-baseline-r005-20260818T051734Z,loan_to_approval,1,122,200,15.828900,
baseline,5,1,perf-baseline-r005-20260818T051734Z,loan_to_approval,1,123,200,16.246500,
baseline,5,1,perf-baseline-r005-20260818T051734Z,loan_to_approval,1,124,200,16.384200,
baseline,5,1,perf-baseline-r005-20260818T051734Z,loan_to_approval,1,125,200,16.609000,
baseline,5,1,perf-baseline-r005-20260818T051734Z,loan_to_approval,1,126,200,16.814100,
baseline,5,1,perf-baseline-r005-20260818T051734Z,loan_to_approval,1,127,200,17.216200,
baseline,5,1,perf-baseline-r005-20260818T051734Z,loan_to_approval,1,128,200,16.704700,
baseline,5,1,perf-baseline-r005-20260818T051734Z,loan_to_approval,1,129,200,15.896100,
baseline,5,1,perf-baseline-r005-20260818T051734Z,loan_to_approval,1,130,200,15.716100,
baseline,5,1,perf-baseline-r005-20260818T051734Z,loan_to_approval,1,131,200,16.296400,
baseline,5,1,perf-baseline-r005-20260818T051734Z,loan_to_approval,1,132,200,15.698000,
baseline,5,1,perf-baseline-r005-20260818T051734Z,loan_to_approval,1,133,200,16.063400,
baseline,5,1,perf-baseline-r005-20260818T051734Z,loan_to_approval,1,134,200,16.889000,
baseline,5,1,perf-baseline-r005-20260818T051734Z,loan_to_approval,1,135,200,16.191600,
baseline,5,1,perf-baseline-r005-20260818T051734Z,loan_to_approval,1,136,200,16.222200,
baseline,5,1,perf-baseline-r005-20260818T051734Z,loan_to_approval,1,137,200,16.410900,
baseline,5,1,perf-baseline-r005-20260818T051734Z,loan_to_approval,1,138,200,16.985400,
baseline,5,1,perf-baseline-r005-20260818T051734Z,loan_to_approval,1,139,200,16.629400,
baseline,5,1,perf-baseline-r005-20260818T051734Z,loan_to_approval,1,140,200,16.856600,
baseline,5,1,perf-baseline-r005-20260818T051734Z,loan_to_approval,1,141,200,17.421600,
baseline,5,1,perf-baseline-r005-20260818T051734Z,loan_to_approval,1,142,200,16.598600,
baseline,5,1,perf-baseline-r005-20260818T051734Z,loan_to_approval,1,143,200,16.714200,
baseline,5,1,perf-baseline-r005-20260818T051734Z,loan_to_approval,1,144,200,17.047300,
baseline,5,1,perf-baseline-r005-20260818T051734Z,loan_to_approval,1,145,200,16.038400,
baseline,5,1,perf-baseline-r005-20260818T051734Z,loan_to_approval,1,146,200,15.717800,
baseline,5,1,perf-baseline-r005-20260818T051734Z,loan_to_approval,1,147,200,17.292300,
baseline,5,1,perf-baseline-r005-20260818T051734Z,loan_to_approval,1,148,200,15.794200,
baseline,5,1,perf-baseline-r005-20260818T051734Z,loan_to_approval,1,149,200,15.919900,
baseline,5,1,perf-baseline-r005-20260818T051734Z,loan_to_approval,1,150,200,16.156000,
baseline,5,1,perf-baseline-r005-20260818T051734Z,loan_to_approval,1,151,200,15.820800,
baseline,5,1,perf-baseline-r005-20260818T051734Z,loan_to_approval,1,152,200,17.743700,
baseline,5,1,perf-baseline-r005-20260818T051734Z,loan_to_approval,1,153,200,16.379700,
baseline,5,1,perf-baseline-r005-20260818T051734Z,loan_to_approval,1,154,200,15.572100,
baseline,5,1,perf-baseline-r005-20260818T051734Z,loan_to_approval,1,155,200,15.848400,
baseline,5,1,perf-baseline-r005-20260818T051734Z,loan_to_approval,1,156,200,15.255800,
baseline,5,1,perf-baseline-r005-20260818T051734Z,loan_to_approval,1,157,200,15.782300,
baseline,5,1,perf-baseline-r005-20260818T051734Z,loan_to_approval,1,158,200,16.251800,
baseline,5,1,perf-baseline-r005-20260818T051734Z,loan_to_approval,1,159,200,16.022500,
baseline,5,1,perf-baseline-r005-20260818T051734Z,loan_to_approval,1,160,200,15.808700,
baseline,5,1,perf-baseline-r005-20260818T051734Z,loan_to_approval,1,161,200,16.156600,
baseline,5,1,perf-baseline-r005-20260818T051734Z,loan_to_approval,1,162,200,16.177400,
baseline,5,1,perf-baseline-r005-20260818T051734Z,loan_to_approval,1,163,200,15.978400,
baseline,5,1,perf-baseline-r005-20260818T051734Z,loan_to_approval,1,164,200,16.894400,
baseline,5,1,perf-baseline-r005-20260818T051734Z,loan_to_approval,1,165,200,15.947500,
baseline,5,1,perf-baseline-r005-20260818T051734Z,loan_to_approval,1,166,200,15.854800,
baseline,5,1,perf-baseline-r005-20260818T051734Z,loan_to_approval,1,167,200,15.913900,
baseline,5,1,perf-baseline-r005-20260818T051734Z,loan_to_approval,1,168,200,16.067600,
baseline,5,1,perf-baseline-r005-20260818T051734Z,loan_to_approval,1,169,200,15.923200,
baseline,5,1,perf-baseline-r005-20260818T051734Z,loan_to_approval,1,170,200,15.926000,
baseline,5,1,perf-baseline-r005-20260818T051734Z,loan_to_approval,1,171,200,15.954900,
baseline,5,1,perf-baseline-r005-20260818T051734Z,loan_to_approval,1,172,200,15.941900,
baseline,5,1,perf-baseline-r005-20260818T051734Z,loan_to_approval,1,173,200,16.027600,
baseline,5,1,perf-baseline-r005-20260818T051734Z,loan_to_approval,1,174,200,17.863000,
baseline,5,1,perf-baseline-r005-20260818T051734Z,loan_to_approval,1,175,200,17.674900,
baseline,5,1,perf-baseline-r005-20260818T051734Z,loan_to_approval,1,176,200,17.035700,
baseline,5,1,perf-baseline-r005-20260818T051734Z,loan_to_approval,1,177,200,17.674900,
baseline,5,1,perf-baseline-r005-20260818T051734Z,loan_to_approval,1,178,200,17.327700,
baseline,5,1,perf-baseline-r005-20260818T051734Z,loan_to_approval,1,179,200,18.232800,
baseline,5,1,perf-baseline-r005-20260818T051734Z,loan_to_approval,1,180,200,20.614300,
baseline,5,1,perf-baseline-r005-20260818T051734Z,loan_to_approval,1,181,200,16.918200,
baseline,5,1,perf-baseline-r005-20260818T051734Z,loan_to_approval,1,182,200,16.866300,
baseline,5,1,perf-baseline-r005-20260818T051734Z,loan_to_approval,1,183,200,17.430500,
baseline,5,1,perf-baseline-r005-20260818T051734Z,loan_to_approval,1,184,200,16.061300,
baseline,5,1,perf-baseline-r005-20260818T051734Z,loan_to_approval,1,185,200,16.506200,
baseline,5,1,perf-baseline-r005-20260818T051734Z,loan_to_approval,1,186,200,16.717800,
baseline,5,1,perf-baseline-r005-20260818T051734Z,loan_to_approval,1,187,200,15.735800,
baseline,5,1,perf-baseline-r005-20260818T051734Z,loan_to_approval,1,188,200,16.043900,
baseline,5,1,perf-baseline-r005-20260818T051734Z,loan_to_approval,1,189,200,15.875800,
baseline,5,1,perf-baseline-r005-20260818T051734Z,loan_to_approval,1,190,200,16.940700,
baseline,5,1,perf-baseline-r005-20260818T051734Z,loan_to_approval,1,191,200,15.732700,
baseline,5,1,perf-baseline-r005-20260818T051734Z,loan_to_approval,1,192,200,16.335900,
baseline,5,1,perf-baseline-r005-20260818T051734Z,loan_to_approval,1,193,200,16.028900,
baseline,5,1,perf-baseline-r005-20260818T051734Z,loan_to_approval,1,194,200,16.080000,
baseline,5,1,perf-baseline-r005-20260818T051734Z,loan_to_approval,1,195,200,17.761200,
baseline,5,1,perf-baseline-r005-20260818T051734Z,loan_to_approval,1,196,200,18.258400,
baseline,5,1,perf-baseline-r005-20260818T051734Z,loan_to_approval,1,197,200,19.060200,
baseline,5,1,perf-baseline-r005-20260818T051734Z,loan_to_approval,1,198,200,18.080500,
baseline,5,1,perf-baseline-r005-20260818T051734Z,loan_to_approval,1,199,200,18.752200,
baseline,5,1,perf-baseline-r005-20260818T051734Z,loan_to_approval,1,200,200,20.379200,
baseline,5,1,perf-baseline-r005-20260818T051734Z,loan_to_approval,2,1,200,20.910500,
baseline,5,1,perf-baseline-r005-20260818T051734Z,loan_to_approval,2,2,200,21.443500,
baseline,5,1,perf-baseline-r005-20260818T051734Z,loan_to_approval,2,3,200,17.920500,
baseline,5,1,perf-baseline-r005-20260818T051734Z,loan_to_approval,2,4,200,17.740600,
baseline,5,1,perf-baseline-r005-20260818T051734Z,loan_to_approval,2,5,200,17.428600,
baseline,5,1,perf-baseline-r005-20260818T051734Z,loan_to_approval,2,6,200,18.887800,
baseline,5,1,perf-baseline-r005-20260818T051734Z,loan_to_approval,2,7,200,16.065100,
baseline,5,1,perf-baseline-r005-20260818T051734Z,loan_to_approval,2,8,200,16.029200,
baseline,5,1,perf-baseline-r005-20260818T051734Z,loan_to_approval,2,9,200,16.000400,
baseline,5,1,perf-baseline-r005-20260818T051734Z,loan_to_approval,2,10,200,17.351700,
baseline,5,1,perf-baseline-r005-20260818T051734Z,loan_to_approval,2,11,200,17.103400,
baseline,5,1,perf-baseline-r005-20260818T051734Z,loan_to_approval,2,12,200,16.964700,
baseline,5,1,perf-baseline-r005-20260818T051734Z,loan_to_approval,2,13,200,16.702300,
baseline,5,1,perf-baseline-r005-20260818T051734Z,loan_to_approval,2,14,200,17.805300,
baseline,5,1,perf-baseline-r005-20260818T051734Z,loan_to_approval,2,15,200,18.169200,
baseline,5,1,perf-baseline-r005-20260818T051734Z,loan_to_approval,2,16,200,16.071800,
baseline,5,1,perf-baseline-r005-20260818T051734Z,loan_to_approval,2,17,200,19.833900,
baseline,5,1,perf-baseline-r005-20260818T051734Z,loan_to_approval,2,18,200,22.835700,
baseline,5,1,perf-baseline-r005-20260818T051734Z,loan_to_approval,2,19,200,18.747800,
baseline,5,1,perf-baseline-r005-20260818T051734Z,loan_to_approval,2,20,200,18.430700,
baseline,5,1,perf-baseline-r005-20260818T051734Z,loan_to_approval,2,21,200,18.679600,
baseline,5,1,perf-baseline-r005-20260818T051734Z,loan_to_approval,2,22,200,17.976200,
baseline,5,1,perf-baseline-r005-20260818T051734Z,loan_to_approval,2,23,200,17.399600,
baseline,5,1,perf-baseline-r005-20260818T051734Z,loan_to_approval,2,24,200,16.835500,
baseline,5,1,perf-baseline-r005-20260818T051734Z,loan_to_approval,2,25,200,16.006500,
baseline,5,1,perf-baseline-r005-20260818T051734Z,loan_to_approval,2,26,200,15.980500,
baseline,5,1,perf-baseline-r005-20260818T051734Z,loan_to_approval,2,27,200,15.547900,
baseline,5,1,perf-baseline-r005-20260818T051734Z,loan_to_approval,2,28,200,16.386600,
baseline,5,1,perf-baseline-r005-20260818T051734Z,loan_to_approval,2,29,200,15.750300,
baseline,5,1,perf-baseline-r005-20260818T051734Z,loan_to_approval,2,30,200,16.282600,
baseline,5,1,perf-baseline-r005-20260818T051734Z,loan_to_approval,2,31,200,17.557900,
baseline,5,1,perf-baseline-r005-20260818T051734Z,loan_to_approval,2,32,200,17.240800,
baseline,5,1,perf-baseline-r005-20260818T051734Z,loan_to_approval,2,33,200,16.159800,
baseline,5,1,perf-baseline-r005-20260818T051734Z,loan_to_approval,2,34,200,18.542800,
baseline,5,1,perf-baseline-r005-20260818T051734Z,loan_to_approval,2,35,200,18.224400,
baseline,5,1,perf-baseline-r005-20260818T051734Z,loan_to_approval,2,36,200,18.691900,
baseline,5,1,perf-baseline-r005-20260818T051734Z,loan_to_approval,2,37,200,17.698800,
baseline,5,1,perf-baseline-r005-20260818T051734Z,loan_to_approval,2,38,200,16.650400,
baseline,5,1,perf-baseline-r005-20260818T051734Z,loan_to_approval,2,39,200,18.370900,
baseline,5,1,perf-baseline-r005-20260818T051734Z,loan_to_approval,2,40,200,19.995600,
baseline,5,1,perf-baseline-r005-20260818T051734Z,loan_to_approval,2,41,200,18.410200,
baseline,5,1,perf-baseline-r005-20260818T051734Z,loan_to_approval,2,42,200,18.116400,
baseline,5,1,perf-baseline-r005-20260818T051734Z,loan_to_approval,2,43,200,18.378100,
baseline,5,1,perf-baseline-r005-20260818T051734Z,loan_to_approval,2,44,200,16.152900,
baseline,5,1,perf-baseline-r005-20260818T051734Z,loan_to_approval,2,45,200,16.981500,
baseline,5,1,perf-baseline-r005-20260818T051734Z,loan_to_approval,2,46,200,16.337500,
baseline,5,1,perf-baseline-r005-20260818T051734Z,loan_to_approval,2,47,200,19.015300,
baseline,5,1,perf-baseline-r005-20260818T051734Z,loan_to_approval,2,48,200,16.749700,
baseline,5,1,perf-baseline-r005-20260818T051734Z,loan_to_approval,2,49,200,17.424600,
baseline,5,1,perf-baseline-r005-20260818T051734Z,loan_to_approval,2,50,200,16.361700,
baseline,5,1,perf-baseline-r005-20260818T051734Z,loan_to_approval,2,51,200,16.008800,
baseline,5,1,perf-baseline-r005-20260818T051734Z,loan_to_approval,2,52,200,16.398500,
baseline,5,1,perf-baseline-r005-20260818T051734Z,loan_to_approval,2,53,200,16.784300,
baseline,5,1,perf-baseline-r005-20260818T051734Z,loan_to_approval,2,54,200,19.337000,
baseline,5,1,perf-baseline-r005-20260818T051734Z,loan_to_approval,2,55,200,17.221500,
baseline,5,1,perf-baseline-r005-20260818T051734Z,loan_to_approval,2,56,200,18.102000,
baseline,5,1,perf-baseline-r005-20260818T051734Z,loan_to_approval,2,57,200,17.846200,
baseline,5,1,perf-baseline-r005-20260818T051734Z,loan_to_approval,2,58,200,18.573300,
baseline,5,1,perf-baseline-r005-20260818T051734Z,loan_to_approval,2,59,200,17.393200,
baseline,5,1,perf-baseline-r005-20260818T051734Z,loan_to_approval,2,60,200,17.159800,
baseline,5,1,perf-baseline-r005-20260818T051734Z,loan_to_approval,2,61,200,16.209700,
baseline,5,1,perf-baseline-r005-20260818T051734Z,loan_to_approval,2,62,200,17.174400,
baseline,5,1,perf-baseline-r005-20260818T051734Z,loan_to_approval,2,63,200,18.107600,
baseline,5,1,perf-baseline-r005-20260818T051734Z,loan_to_approval,2,64,200,16.939500,
baseline,5,1,perf-baseline-r005-20260818T051734Z,loan_to_approval,2,65,200,17.394800,
baseline,5,1,perf-baseline-r005-20260818T051734Z,loan_to_approval,2,66,200,17.637600,
baseline,5,1,perf-baseline-r005-20260818T051734Z,loan_to_approval,2,67,200,14.659000,
baseline,5,1,perf-baseline-r005-20260818T051734Z,loan_to_approval,2,68,200,16.895300,
baseline,5,1,perf-baseline-r005-20260818T051734Z,loan_to_approval,2,69,200,15.638600,
baseline,5,1,perf-baseline-r005-20260818T051734Z,loan_to_approval,2,70,200,16.242300,
baseline,5,1,perf-baseline-r005-20260818T051734Z,loan_to_approval,2,71,200,16.021100,
baseline,5,1,perf-baseline-r005-20260818T051734Z,loan_to_approval,2,72,200,16.983300,
baseline,5,1,perf-baseline-r005-20260818T051734Z,loan_to_approval,2,73,200,16.846600,
baseline,5,1,perf-baseline-r005-20260818T051734Z,loan_to_approval,2,74,200,15.801400,
baseline,5,1,perf-baseline-r005-20260818T051734Z,loan_to_approval,2,75,200,17.180600,
baseline,5,1,perf-baseline-r005-20260818T051734Z,loan_to_approval,2,76,200,16.067900,
baseline,5,1,perf-baseline-r005-20260818T051734Z,loan_to_approval,2,77,200,16.171500,
baseline,5,1,perf-baseline-r005-20260818T051734Z,loan_to_approval,2,78,200,15.352400,
baseline,5,1,perf-baseline-r005-20260818T051734Z,loan_to_approval,2,79,200,15.633900,
baseline,5,1,perf-baseline-r005-20260818T051734Z,loan_to_approval,2,80,200,16.625300,
baseline,5,1,perf-baseline-r005-20260818T051734Z,loan_to_approval,2,81,200,16.133500,
baseline,5,1,perf-baseline-r005-20260818T051734Z,loan_to_approval,2,82,200,15.918500,
baseline,5,1,perf-baseline-r005-20260818T051734Z,loan_to_approval,2,83,200,16.044500,
baseline,5,1,perf-baseline-r005-20260818T051734Z,loan_to_approval,2,84,200,17.834400,
baseline,5,1,perf-baseline-r005-20260818T051734Z,loan_to_approval,2,85,200,16.199700,
baseline,5,1,perf-baseline-r005-20260818T051734Z,loan_to_approval,2,86,200,15.880400,
baseline,5,1,perf-baseline-r005-20260818T051734Z,loan_to_approval,2,87,200,15.896000,
baseline,5,1,perf-baseline-r005-20260818T051734Z,loan_to_approval,2,88,200,17.051000,
baseline,5,1,perf-baseline-r005-20260818T051734Z,loan_to_approval,2,89,200,15.921200,
baseline,5,1,perf-baseline-r005-20260818T051734Z,loan_to_approval,2,90,200,15.896000,
baseline,5,1,perf-baseline-r005-20260818T051734Z,loan_to_approval,2,91,200,15.929600,
baseline,5,1,perf-baseline-r005-20260818T051734Z,loan_to_approval,2,92,200,15.846100,
baseline,5,1,perf-baseline-r005-20260818T051734Z,loan_to_approval,2,93,200,17.639300,
baseline,5,1,perf-baseline-r005-20260818T051734Z,loan_to_approval,2,94,200,16.937100,
baseline,5,1,perf-baseline-r005-20260818T051734Z,loan_to_approval,2,95,200,17.071400,
baseline,5,1,perf-baseline-r005-20260818T051734Z,loan_to_approval,2,96,200,17.189100,
baseline,5,1,perf-baseline-r005-20260818T051734Z,loan_to_approval,2,97,200,16.631600,
baseline,5,1,perf-baseline-r005-20260818T051734Z,loan_to_approval,2,98,200,16.778500,
baseline,5,1,perf-baseline-r005-20260818T051734Z,loan_to_approval,2,99,200,15.855200,
baseline,5,1,perf-baseline-r005-20260818T051734Z,loan_to_approval,2,100,200,16.025600,
baseline,5,1,perf-baseline-r005-20260818T051734Z,loan_to_approval,2,101,200,17.587900,
baseline,5,1,perf-baseline-r005-20260818T051734Z,loan_to_approval,2,102,200,16.299200,
baseline,5,1,perf-baseline-r005-20260818T051734Z,loan_to_approval,2,103,200,15.989700,
baseline,5,1,perf-baseline-r005-20260818T051734Z,loan_to_approval,2,104,200,17.254000,
baseline,5,1,perf-baseline-r005-20260818T051734Z,loan_to_approval,2,105,200,16.869000,
baseline,5,1,perf-baseline-r005-20260818T051734Z,loan_to_approval,2,106,200,16.313400,
baseline,5,1,perf-baseline-r005-20260818T051734Z,loan_to_approval,2,107,200,16.692700,
baseline,5,1,perf-baseline-r005-20260818T051734Z,loan_to_approval,2,108,200,16.920600,
baseline,5,1,perf-baseline-r005-20260818T051734Z,loan_to_approval,2,109,200,15.748500,
baseline,5,1,perf-baseline-r005-20260818T051734Z,loan_to_approval,2,110,200,15.978300,
baseline,5,1,perf-baseline-r005-20260818T051734Z,loan_to_approval,2,111,200,16.032900,
baseline,5,1,perf-baseline-r005-20260818T051734Z,loan_to_approval,2,112,200,15.905200,
baseline,5,1,perf-baseline-r005-20260818T051734Z,loan_to_approval,2,113,200,15.972000,
baseline,5,1,perf-baseline-r005-20260818T051734Z,loan_to_approval,2,114,200,16.092100,
baseline,5,1,perf-baseline-r005-20260818T051734Z,loan_to_approval,2,115,200,16.941700,
baseline,5,1,perf-baseline-r005-20260818T051734Z,loan_to_approval,2,116,200,16.101200,
baseline,5,1,perf-baseline-r005-20260818T051734Z,loan_to_approval,2,117,200,15.952500,
baseline,5,1,perf-baseline-r005-20260818T051734Z,loan_to_approval,2,118,200,15.983200,
baseline,5,1,perf-baseline-r005-20260818T051734Z,loan_to_approval,2,119,200,16.085600,
baseline,5,1,perf-baseline-r005-20260818T051734Z,loan_to_approval,2,120,200,16.844400,
baseline,5,1,perf-baseline-r005-20260818T051734Z,loan_to_approval,2,121,200,23.234000,
baseline,5,1,perf-baseline-r005-20260818T051734Z,loan_to_approval,2,122,200,18.426400,
baseline,5,1,perf-baseline-r005-20260818T051734Z,loan_to_approval,2,123,200,18.179200,
baseline,5,1,perf-baseline-r005-20260818T051734Z,loan_to_approval,2,124,200,17.994600,
baseline,5,1,perf-baseline-r005-20260818T051734Z,loan_to_approval,2,125,200,17.234400,
baseline,5,1,perf-baseline-r005-20260818T051734Z,loan_to_approval,2,126,200,17.030200,
baseline,5,1,perf-baseline-r005-20260818T051734Z,loan_to_approval,2,127,200,16.992300,
baseline,5,1,perf-baseline-r005-20260818T051734Z,loan_to_approval,2,128,200,16.601300,
baseline,5,1,perf-baseline-r005-20260818T051734Z,loan_to_approval,2,129,200,15.755700,
baseline,5,1,perf-baseline-r005-20260818T051734Z,loan_to_approval,2,130,200,16.236300,
baseline,5,1,perf-baseline-r005-20260818T051734Z,loan_to_approval,2,131,200,15.723500,
baseline,5,1,perf-baseline-r005-20260818T051734Z,loan_to_approval,2,132,200,16.263300,
baseline,5,1,perf-baseline-r005-20260818T051734Z,loan_to_approval,2,133,200,16.222400,
baseline,5,1,perf-baseline-r005-20260818T051734Z,loan_to_approval,2,134,200,15.786700,
baseline,5,1,perf-baseline-r005-20260818T051734Z,loan_to_approval,2,135,200,16.049000,
baseline,5,1,perf-baseline-r005-20260818T051734Z,loan_to_approval,2,136,200,15.929500,
baseline,5,1,perf-baseline-r005-20260818T051734Z,loan_to_approval,2,137,200,17.016800,
baseline,5,1,perf-baseline-r005-20260818T051734Z,loan_to_approval,2,138,200,16.926600,
baseline,5,1,perf-baseline-r005-20260818T051734Z,loan_to_approval,2,139,200,17.208400,
baseline,5,1,perf-baseline-r005-20260818T051734Z,loan_to_approval,2,140,200,17.599500,
baseline,5,1,perf-baseline-r005-20260818T051734Z,loan_to_approval,2,141,200,17.389200,
baseline,5,1,perf-baseline-r005-20260818T051734Z,loan_to_approval,2,142,200,17.076800,
baseline,5,1,perf-baseline-r005-20260818T051734Z,loan_to_approval,2,143,200,16.700900,
baseline,5,1,perf-baseline-r005-20260818T051734Z,loan_to_approval,2,144,200,17.187000,
baseline,5,1,perf-baseline-r005-20260818T051734Z,loan_to_approval,2,145,200,16.466000,
baseline,5,1,perf-baseline-r005-20260818T051734Z,loan_to_approval,2,146,200,15.966800,
baseline,5,1,perf-baseline-r005-20260818T051734Z,loan_to_approval,2,147,200,16.061700,
baseline,5,1,perf-baseline-r005-20260818T051734Z,loan_to_approval,2,148,200,16.120800,
baseline,5,1,perf-baseline-r005-20260818T051734Z,loan_to_approval,2,149,200,16.392800,
baseline,5,1,perf-baseline-r005-20260818T051734Z,loan_to_approval,2,150,200,15.516800,
baseline,5,1,perf-baseline-r005-20260818T051734Z,loan_to_approval,2,151,200,17.386100,
baseline,5,1,perf-baseline-r005-20260818T051734Z,loan_to_approval,2,152,200,15.564300,
baseline,5,1,perf-baseline-r005-20260818T051734Z,loan_to_approval,2,153,200,17.607100,
baseline,5,1,perf-baseline-r005-20260818T051734Z,loan_to_approval,2,154,200,16.477500,
baseline,5,1,perf-baseline-r005-20260818T051734Z,loan_to_approval,2,155,200,15.978600,
baseline,5,1,perf-baseline-r005-20260818T051734Z,loan_to_approval,2,156,200,17.462600,
baseline,5,1,perf-baseline-r005-20260818T051734Z,loan_to_approval,2,157,200,17.437500,
baseline,5,1,perf-baseline-r005-20260818T051734Z,loan_to_approval,2,158,200,17.258000,
baseline,5,1,perf-baseline-r005-20260818T051734Z,loan_to_approval,2,159,200,15.935600,
baseline,5,1,perf-baseline-r005-20260818T051734Z,loan_to_approval,2,160,200,16.816300,
baseline,5,1,perf-baseline-r005-20260818T051734Z,loan_to_approval,2,161,200,16.857300,
baseline,5,1,perf-baseline-r005-20260818T051734Z,loan_to_approval,2,162,200,16.231900,
baseline,5,1,perf-baseline-r005-20260818T051734Z,loan_to_approval,2,163,200,16.073900,
baseline,5,1,perf-baseline-r005-20260818T051734Z,loan_to_approval,2,164,200,17.027300,
baseline,5,1,perf-baseline-r005-20260818T051734Z,loan_to_approval,2,165,200,16.650200,
baseline,5,1,perf-baseline-r005-20260818T051734Z,loan_to_approval,2,166,200,17.453600,
baseline,5,1,perf-baseline-r005-20260818T051734Z,loan_to_approval,2,167,200,16.524700,
baseline,5,1,perf-baseline-r005-20260818T051734Z,loan_to_approval,2,168,200,16.420300,
baseline,5,1,perf-baseline-r005-20260818T051734Z,loan_to_approval,2,169,200,14.657400,
baseline,5,1,perf-baseline-r005-20260818T051734Z,loan_to_approval,2,170,200,15.796200,
baseline,5,1,perf-baseline-r005-20260818T051734Z,loan_to_approval,2,171,200,16.138600,
baseline,5,1,perf-baseline-r005-20260818T051734Z,loan_to_approval,2,172,200,15.792500,
baseline,5,1,perf-baseline-r005-20260818T051734Z,loan_to_approval,2,173,200,15.916600,
baseline,5,1,perf-baseline-r005-20260818T051734Z,loan_to_approval,2,174,200,17.196400,
baseline,5,1,perf-baseline-r005-20260818T051734Z,loan_to_approval,2,175,200,17.450400,
baseline,5,1,perf-baseline-r005-20260818T051734Z,loan_to_approval,2,176,200,16.464800,
baseline,5,1,perf-baseline-r005-20260818T051734Z,loan_to_approval,2,177,200,15.759900,
baseline,5,1,perf-baseline-r005-20260818T051734Z,loan_to_approval,2,178,200,16.144500,
baseline,5,1,perf-baseline-r005-20260818T051734Z,loan_to_approval,2,179,200,15.960000,
baseline,5,1,perf-baseline-r005-20260818T051734Z,loan_to_approval,2,180,200,16.089700,
baseline,5,1,perf-baseline-r005-20260818T051734Z,loan_to_approval,2,181,200,16.260300,
baseline,5,1,perf-baseline-r005-20260818T051734Z,loan_to_approval,2,182,200,15.467400,
baseline,5,1,perf-baseline-r005-20260818T051734Z,loan_to_approval,2,183,200,17.120100,
baseline,5,1,perf-baseline-r005-20260818T051734Z,loan_to_approval,2,184,200,16.988400,
baseline,5,1,perf-baseline-r005-20260818T051734Z,loan_to_approval,2,185,200,17.040500,
baseline,5,1,perf-baseline-r005-20260818T051734Z,loan_to_approval,2,186,200,15.968400,
baseline,5,1,perf-baseline-r005-20260818T051734Z,loan_to_approval,2,187,200,17.069400,
baseline,5,1,perf-baseline-r005-20260818T051734Z,loan_to_approval,2,188,200,16.129700,
baseline,5,1,perf-baseline-r005-20260818T051734Z,loan_to_approval,2,189,200,16.644600,
baseline,5,1,perf-baseline-r005-20260818T051734Z,loan_to_approval,2,190,200,16.228400,
baseline,5,1,perf-baseline-r005-20260818T051734Z,loan_to_approval,2,191,200,15.719900,
baseline,5,1,perf-baseline-r005-20260818T051734Z,loan_to_approval,2,192,200,15.899300,
baseline,5,1,perf-baseline-r005-20260818T051734Z,loan_to_approval,2,193,200,15.801700,
baseline,5,1,perf-baseline-r005-20260818T051734Z,loan_to_approval,2,194,200,16.035200,
baseline,5,1,perf-baseline-r005-20260818T051734Z,loan_to_approval,2,195,200,16.203900,
baseline,5,1,perf-baseline-r005-20260818T051734Z,loan_to_approval,2,196,200,16.765400,
baseline,5,1,perf-baseline-r005-20260818T051734Z,loan_to_approval,2,197,200,16.214400,
baseline,5,1,perf-baseline-r005-20260818T051734Z,loan_to_approval,2,198,200,15.803400,
baseline,5,1,perf-baseline-r005-20260818T051734Z,loan_to_approval,2,199,200,15.909600,
baseline,5,1,perf-baseline-r005-20260818T051734Z,loan_to_approval,2,200,200,16.280300,
baseline,5,1,perf-baseline-r005-20260818T051734Z,loan_to_approval,3,1,200,16.727800,
baseline,5,1,perf-baseline-r005-20260818T051734Z,loan_to_approval,3,2,200,15.608200,
baseline,5,1,perf-baseline-r005-20260818T051734Z,loan_to_approval,3,3,200,16.416400,
baseline,5,1,perf-baseline-r005-20260818T051734Z,loan_to_approval,3,4,200,17.294700,
baseline,5,1,perf-baseline-r005-20260818T051734Z,loan_to_approval,3,5,200,15.990200,
baseline,5,1,perf-baseline-r005-20260818T051734Z,loan_to_approval,3,6,200,16.377300,
baseline,5,1,perf-baseline-r005-20260818T051734Z,loan_to_approval,3,7,200,16.405500,
baseline,5,1,perf-baseline-r005-20260818T051734Z,loan_to_approval,3,8,200,15.884900,
baseline,5,1,perf-baseline-r005-20260818T051734Z,loan_to_approval,3,9,200,15.715800,
baseline,5,1,perf-baseline-r005-20260818T051734Z,loan_to_approval,3,10,200,16.671800,
baseline,5,1,perf-baseline-r005-20260818T051734Z,loan_to_approval,3,11,200,15.779500,
baseline,5,1,perf-baseline-r005-20260818T051734Z,loan_to_approval,3,12,200,15.340000,
baseline,5,1,perf-baseline-r005-20260818T051734Z,loan_to_approval,3,13,200,16.060700,
baseline,5,1,perf-baseline-r005-20260818T051734Z,loan_to_approval,3,14,200,16.320800,
baseline,5,1,perf-baseline-r005-20260818T051734Z,loan_to_approval,3,15,200,15.679300,
baseline,5,1,perf-baseline-r005-20260818T051734Z,loan_to_approval,3,16,200,16.259000,
baseline,5,1,perf-baseline-r005-20260818T051734Z,loan_to_approval,3,17,200,16.687300,
baseline,5,1,perf-baseline-r005-20260818T051734Z,loan_to_approval,3,18,200,16.160000,
baseline,5,1,perf-baseline-r005-20260818T051734Z,loan_to_approval,3,19,200,15.947200,
baseline,5,1,perf-baseline-r005-20260818T051734Z,loan_to_approval,3,20,200,15.755200,
baseline,5,1,perf-baseline-r005-20260818T051734Z,loan_to_approval,3,21,200,16.263200,
baseline,5,1,perf-baseline-r005-20260818T051734Z,loan_to_approval,3,22,200,17.042200,
baseline,5,1,perf-baseline-r005-20260818T051734Z,loan_to_approval,3,23,200,17.398000,
baseline,5,1,perf-baseline-r005-20260818T051734Z,loan_to_approval,3,24,200,16.734800,
baseline,5,1,perf-baseline-r005-20260818T051734Z,loan_to_approval,3,25,200,16.597500,
baseline,5,1,perf-baseline-r005-20260818T051734Z,loan_to_approval,3,26,200,16.058500,
baseline,5,1,perf-baseline-r005-20260818T051734Z,loan_to_approval,3,27,200,15.648600,
baseline,5,1,perf-baseline-r005-20260818T051734Z,loan_to_approval,3,28,200,16.504600,
baseline,5,1,perf-baseline-r005-20260818T051734Z,loan_to_approval,3,29,200,16.762500,
baseline,5,1,perf-baseline-r005-20260818T051734Z,loan_to_approval,3,30,200,16.623700,
baseline,5,1,perf-baseline-r005-20260818T051734Z,loan_to_approval,3,31,200,15.387700,
baseline,5,1,perf-baseline-r005-20260818T051734Z,loan_to_approval,3,32,200,20.802000,
baseline,5,1,perf-baseline-r005-20260818T051734Z,loan_to_approval,3,33,200,19.135600,
baseline,5,1,perf-baseline-r005-20260818T051734Z,loan_to_approval,3,34,200,18.311900,
baseline,5,1,perf-baseline-r005-20260818T051734Z,loan_to_approval,3,35,200,16.715600,
baseline,5,1,perf-baseline-r005-20260818T051734Z,loan_to_approval,3,36,200,16.069200,
baseline,5,1,perf-baseline-r005-20260818T051734Z,loan_to_approval,3,37,200,15.885100,
baseline,5,1,perf-baseline-r005-20260818T051734Z,loan_to_approval,3,38,200,15.742000,
baseline,5,1,perf-baseline-r005-20260818T051734Z,loan_to_approval,3,39,200,16.254000,
baseline,5,1,perf-baseline-r005-20260818T051734Z,loan_to_approval,3,40,200,15.584200,
baseline,5,1,perf-baseline-r005-20260818T051734Z,loan_to_approval,3,41,200,15.165300,
baseline,5,1,perf-baseline-r005-20260818T051734Z,loan_to_approval,3,42,200,16.064100,
baseline,5,1,perf-baseline-r005-20260818T051734Z,loan_to_approval,3,43,200,15.934500,
baseline,5,1,perf-baseline-r005-20260818T051734Z,loan_to_approval,3,44,200,16.087500,
baseline,5,1,perf-baseline-r005-20260818T051734Z,loan_to_approval,3,45,200,15.731700,
baseline,5,1,perf-baseline-r005-20260818T051734Z,loan_to_approval,3,46,200,16.343500,
baseline,5,1,perf-baseline-r005-20260818T051734Z,loan_to_approval,3,47,200,16.485600,
baseline,5,1,perf-baseline-r005-20260818T051734Z,loan_to_approval,3,48,200,17.677300,
baseline,5,1,perf-baseline-r005-20260818T051734Z,loan_to_approval,3,49,200,16.804400,
baseline,5,1,perf-baseline-r005-20260818T051734Z,loan_to_approval,3,50,200,17.187000,
baseline,5,1,perf-baseline-r005-20260818T051734Z,loan_to_approval,3,51,200,17.206600,
baseline,5,1,perf-baseline-r005-20260818T051734Z,loan_to_approval,3,52,200,16.449600,
baseline,5,1,perf-baseline-r005-20260818T051734Z,loan_to_approval,3,53,200,16.189900,
baseline,5,1,perf-baseline-r005-20260818T051734Z,loan_to_approval,3,54,200,16.724900,
baseline,5,1,perf-baseline-r005-20260818T051734Z,loan_to_approval,3,55,200,15.915900,
baseline,5,1,perf-baseline-r005-20260818T051734Z,loan_to_approval,3,56,200,16.045100,
baseline,5,1,perf-baseline-r005-20260818T051734Z,loan_to_approval,3,57,200,16.900700,
baseline,5,1,perf-baseline-r005-20260818T051734Z,loan_to_approval,3,58,200,15.785100,
baseline,5,1,perf-baseline-r005-20260818T051734Z,loan_to_approval,3,59,200,17.485700,
baseline,5,1,perf-baseline-r005-20260818T051734Z,loan_to_approval,3,60,200,16.974300,
baseline,5,1,perf-baseline-r005-20260818T051734Z,loan_to_approval,3,61,200,16.168300,
baseline,5,1,perf-baseline-r005-20260818T051734Z,loan_to_approval,3,62,200,16.730700,
baseline,5,1,perf-baseline-r005-20260818T051734Z,loan_to_approval,3,63,200,15.864300,
baseline,5,1,perf-baseline-r005-20260818T051734Z,loan_to_approval,3,64,200,17.104700,
baseline,5,1,perf-baseline-r005-20260818T051734Z,loan_to_approval,3,65,200,15.825900,
baseline,5,1,perf-baseline-r005-20260818T051734Z,loan_to_approval,3,66,200,15.762700,
baseline,5,1,perf-baseline-r005-20260818T051734Z,loan_to_approval,3,67,200,16.183200,
baseline,5,1,perf-baseline-r005-20260818T051734Z,loan_to_approval,3,68,200,17.041900,
baseline,5,1,perf-baseline-r005-20260818T051734Z,loan_to_approval,3,69,200,15.912600,
baseline,5,1,perf-baseline-r005-20260818T051734Z,loan_to_approval,3,70,200,17.193300,
baseline,5,1,perf-baseline-r005-20260818T051734Z,loan_to_approval,3,71,200,16.970000,
baseline,5,1,perf-baseline-r005-20260818T051734Z,loan_to_approval,3,72,200,17.396500,
baseline,5,1,perf-baseline-r005-20260818T051734Z,loan_to_approval,3,73,200,16.267400,
baseline,5,1,perf-baseline-r005-20260818T051734Z,loan_to_approval,3,74,200,16.209500,
baseline,5,1,perf-baseline-r005-20260818T051734Z,loan_to_approval,3,75,200,15.679100,
baseline,5,1,perf-baseline-r005-20260818T051734Z,loan_to_approval,3,76,200,15.634600,
baseline,5,1,perf-baseline-r005-20260818T051734Z,loan_to_approval,3,77,200,15.439900,
baseline,5,1,perf-baseline-r005-20260818T051734Z,loan_to_approval,3,78,200,16.684400,
baseline,5,1,perf-baseline-r005-20260818T051734Z,loan_to_approval,3,79,200,15.911700,
baseline,5,1,perf-baseline-r005-20260818T051734Z,loan_to_approval,3,80,200,15.932600,
baseline,5,1,perf-baseline-r005-20260818T051734Z,loan_to_approval,3,81,200,16.555300,
baseline,5,1,perf-baseline-r005-20260818T051734Z,loan_to_approval,3,82,200,16.834200,
baseline,5,1,perf-baseline-r005-20260818T051734Z,loan_to_approval,3,83,200,15.731500,
baseline,5,1,perf-baseline-r005-20260818T051734Z,loan_to_approval,3,84,200,16.468500,
baseline,5,1,perf-baseline-r005-20260818T051734Z,loan_to_approval,3,85,200,17.180700,
baseline,5,1,perf-baseline-r005-20260818T051734Z,loan_to_approval,3,86,200,16.572300,
baseline,5,1,perf-baseline-r005-20260818T051734Z,loan_to_approval,3,87,200,16.879200,
baseline,5,1,perf-baseline-r005-20260818T051734Z,loan_to_approval,3,88,200,16.946000,
baseline,5,1,perf-baseline-r005-20260818T051734Z,loan_to_approval,3,89,200,17.354900,
baseline,5,1,perf-baseline-r005-20260818T051734Z,loan_to_approval,3,90,200,16.810200,
baseline,5,1,perf-baseline-r005-20260818T051734Z,loan_to_approval,3,91,200,16.878200,
baseline,5,1,perf-baseline-r005-20260818T051734Z,loan_to_approval,3,92,200,15.801800,
baseline,5,1,perf-baseline-r005-20260818T051734Z,loan_to_approval,3,93,200,15.948400,
baseline,5,1,perf-baseline-r005-20260818T051734Z,loan_to_approval,3,94,200,16.100000,
baseline,5,1,perf-baseline-r005-20260818T051734Z,loan_to_approval,3,95,200,16.382200,
baseline,5,1,perf-baseline-r005-20260818T051734Z,loan_to_approval,3,96,200,16.718100,
baseline,5,1,perf-baseline-r005-20260818T051734Z,loan_to_approval,3,97,200,16.727900,
baseline,5,1,perf-baseline-r005-20260818T051734Z,loan_to_approval,3,98,200,16.140200,
baseline,5,1,perf-baseline-r005-20260818T051734Z,loan_to_approval,3,99,200,15.848400,
baseline,5,1,perf-baseline-r005-20260818T051734Z,loan_to_approval,3,100,200,16.244600,
baseline,5,1,perf-baseline-r005-20260818T051734Z,loan_to_approval,3,101,200,16.871000,
baseline,5,1,perf-baseline-r005-20260818T051734Z,loan_to_approval,3,102,200,15.864400,
baseline,5,1,perf-baseline-r005-20260818T051734Z,loan_to_approval,3,103,200,16.079500,
baseline,5,1,perf-baseline-r005-20260818T051734Z,loan_to_approval,3,104,200,17.215200,
baseline,5,1,perf-baseline-r005-20260818T051734Z,loan_to_approval,3,105,200,16.027100,
baseline,5,1,perf-baseline-r005-20260818T051734Z,loan_to_approval,3,106,200,17.215700,
baseline,5,1,perf-baseline-r005-20260818T051734Z,loan_to_approval,3,107,200,16.435300,
baseline,5,1,perf-baseline-r005-20260818T051734Z,loan_to_approval,3,108,200,16.197400,
baseline,5,1,perf-baseline-r005-20260818T051734Z,loan_to_approval,3,109,200,18.067200,
baseline,5,1,perf-baseline-r005-20260818T051734Z,loan_to_approval,3,110,200,16.815600,
baseline,5,1,perf-baseline-r005-20260818T051734Z,loan_to_approval,3,111,200,15.977600,
baseline,5,1,perf-baseline-r005-20260818T051734Z,loan_to_approval,3,112,200,14.891300,
baseline,5,1,perf-baseline-r005-20260818T051734Z,loan_to_approval,3,113,200,17.181600,
baseline,5,1,perf-baseline-r005-20260818T051734Z,loan_to_approval,3,114,200,16.807100,
baseline,5,1,perf-baseline-r005-20260818T051734Z,loan_to_approval,3,115,200,17.313700,
baseline,5,1,perf-baseline-r005-20260818T051734Z,loan_to_approval,3,116,200,16.874100,
baseline,5,1,perf-baseline-r005-20260818T051734Z,loan_to_approval,3,117,200,17.025000,
baseline,5,1,perf-baseline-r005-20260818T051734Z,loan_to_approval,3,118,200,16.902700,
baseline,5,1,perf-baseline-r005-20260818T051734Z,loan_to_approval,3,119,200,18.869200,
baseline,5,1,perf-baseline-r005-20260818T051734Z,loan_to_approval,3,120,200,17.671600,
baseline,5,1,perf-baseline-r005-20260818T051734Z,loan_to_approval,3,121,200,16.137000,
baseline,5,1,perf-baseline-r005-20260818T051734Z,loan_to_approval,3,122,200,16.032100,
baseline,5,1,perf-baseline-r005-20260818T051734Z,loan_to_approval,3,123,200,16.173500,
baseline,5,1,perf-baseline-r005-20260818T051734Z,loan_to_approval,3,124,200,17.966700,
baseline,5,1,perf-baseline-r005-20260818T051734Z,loan_to_approval,3,125,200,18.753600,
baseline,5,1,perf-baseline-r005-20260818T051734Z,loan_to_approval,3,126,200,16.642000,
baseline,5,1,perf-baseline-r005-20260818T051734Z,loan_to_approval,3,127,200,16.102100,
baseline,5,1,perf-baseline-r005-20260818T051734Z,loan_to_approval,3,128,200,16.630400,
baseline,5,1,perf-baseline-r005-20260818T051734Z,loan_to_approval,3,129,200,16.221300,
baseline,5,1,perf-baseline-r005-20260818T051734Z,loan_to_approval,3,130,200,16.071600,
baseline,5,1,perf-baseline-r005-20260818T051734Z,loan_to_approval,3,131,200,16.052000,
baseline,5,1,perf-baseline-r005-20260818T051734Z,loan_to_approval,3,132,200,15.840700,
baseline,5,1,perf-baseline-r005-20260818T051734Z,loan_to_approval,3,133,200,15.115700,
baseline,5,1,perf-baseline-r005-20260818T051734Z,loan_to_approval,3,134,200,15.829400,
baseline,5,1,perf-baseline-r005-20260818T051734Z,loan_to_approval,3,135,200,15.884400,
baseline,5,1,perf-baseline-r005-20260818T051734Z,loan_to_approval,3,136,200,16.152600,
baseline,5,1,perf-baseline-r005-20260818T051734Z,loan_to_approval,3,137,200,17.503100,
baseline,5,1,perf-baseline-r005-20260818T051734Z,loan_to_approval,3,138,200,16.608300,
baseline,5,1,perf-baseline-r005-20260818T051734Z,loan_to_approval,3,139,200,17.304100,
baseline,5,1,perf-baseline-r005-20260818T051734Z,loan_to_approval,3,140,200,17.146700,
baseline,5,1,perf-baseline-r005-20260818T051734Z,loan_to_approval,3,141,200,17.632600,
baseline,5,1,perf-baseline-r005-20260818T051734Z,loan_to_approval,3,142,200,16.847800,
baseline,5,1,perf-baseline-r005-20260818T051734Z,loan_to_approval,3,143,200,17.633100,
baseline,5,1,perf-baseline-r005-20260818T051734Z,loan_to_approval,3,144,200,17.558000,
baseline,5,1,perf-baseline-r005-20260818T051734Z,loan_to_approval,3,145,200,15.712300,
baseline,5,1,perf-baseline-r005-20260818T051734Z,loan_to_approval,3,146,200,16.273300,
baseline,5,1,perf-baseline-r005-20260818T051734Z,loan_to_approval,3,147,200,16.844400,
baseline,5,1,perf-baseline-r005-20260818T051734Z,loan_to_approval,3,148,200,17.054300,
baseline,5,1,perf-baseline-r005-20260818T051734Z,loan_to_approval,3,149,200,15.517400,
baseline,5,1,perf-baseline-r005-20260818T051734Z,loan_to_approval,3,150,200,15.868200,
baseline,5,1,perf-baseline-r005-20260818T051734Z,loan_to_approval,3,151,200,15.223400,
baseline,5,1,perf-baseline-r005-20260818T051734Z,loan_to_approval,3,152,200,15.859200,
baseline,5,1,perf-baseline-r005-20260818T051734Z,loan_to_approval,3,153,200,15.066300,
baseline,5,1,perf-baseline-r005-20260818T051734Z,loan_to_approval,3,154,200,15.915500,
baseline,5,1,perf-baseline-r005-20260818T051734Z,loan_to_approval,3,155,200,19.289500,
baseline,5,1,perf-baseline-r005-20260818T051734Z,loan_to_approval,3,156,200,17.395700,
baseline,5,1,perf-baseline-r005-20260818T051734Z,loan_to_approval,3,157,200,18.066300,
baseline,5,1,perf-baseline-r005-20260818T051734Z,loan_to_approval,3,158,200,16.480200,
baseline,5,1,perf-baseline-r005-20260818T051734Z,loan_to_approval,3,159,200,16.857000,
baseline,5,1,perf-baseline-r005-20260818T051734Z,loan_to_approval,3,160,200,18.785100,
baseline,5,1,perf-baseline-r005-20260818T051734Z,loan_to_approval,3,161,200,16.541700,
baseline,5,1,perf-baseline-r005-20260818T051734Z,loan_to_approval,3,162,200,17.833000,
baseline,5,1,perf-baseline-r005-20260818T051734Z,loan_to_approval,3,163,200,17.155600,
baseline,5,1,perf-baseline-r005-20260818T051734Z,loan_to_approval,3,164,200,18.625200,
baseline,5,1,perf-baseline-r005-20260818T051734Z,loan_to_approval,3,165,200,17.506600,
baseline,5,1,perf-baseline-r005-20260818T051734Z,loan_to_approval,3,166,200,17.802400,
baseline,5,1,perf-baseline-r005-20260818T051734Z,loan_to_approval,3,167,200,17.218700,
baseline,5,1,perf-baseline-r005-20260818T051734Z,loan_to_approval,3,168,200,17.077200,
baseline,5,1,perf-baseline-r005-20260818T051734Z,loan_to_approval,3,169,200,16.341100,
baseline,5,1,perf-baseline-r005-20260818T051734Z,loan_to_approval,3,170,200,15.671400,
baseline,5,1,perf-baseline-r005-20260818T051734Z,loan_to_approval,3,171,200,16.258500,
baseline,5,1,perf-baseline-r005-20260818T051734Z,loan_to_approval,3,172,200,16.032100,
baseline,5,1,perf-baseline-r005-20260818T051734Z,loan_to_approval,3,173,200,16.487600,
baseline,5,1,perf-baseline-r005-20260818T051734Z,loan_to_approval,3,174,200,15.892300,
baseline,5,1,perf-baseline-r005-20260818T051734Z,loan_to_approval,3,175,200,16.373200,
baseline,5,1,perf-baseline-r005-20260818T051734Z,loan_to_approval,3,176,200,17.236400,
baseline,5,1,perf-baseline-r005-20260818T051734Z,loan_to_approval,3,177,200,16.544900,
baseline,5,1,perf-baseline-r005-20260818T051734Z,loan_to_approval,3,178,200,16.508400,
baseline,5,1,perf-baseline-r005-20260818T051734Z,loan_to_approval,3,179,200,17.252200,
baseline,5,1,perf-baseline-r005-20260818T051734Z,loan_to_approval,3,180,200,16.358000,
baseline,5,1,perf-baseline-r005-20260818T051734Z,loan_to_approval,3,181,200,15.751400,
baseline,5,1,perf-baseline-r005-20260818T051734Z,loan_to_approval,3,182,200,15.874000,
baseline,5,1,perf-baseline-r005-20260818T051734Z,loan_to_approval,3,183,200,16.127600,
baseline,5,1,perf-baseline-r005-20260818T051734Z,loan_to_approval,3,184,200,16.136800,
baseline,5,1,perf-baseline-r005-20260818T051734Z,loan_to_approval,3,185,200,19.177000,
baseline,5,1,perf-baseline-r005-20260818T051734Z,loan_to_approval,3,186,200,16.683100,
baseline,5,1,perf-baseline-r005-20260818T051734Z,loan_to_approval,3,187,200,16.914400,
baseline,5,1,perf-baseline-r005-20260818T051734Z,loan_to_approval,3,188,200,16.233000,
baseline,5,1,perf-baseline-r005-20260818T051734Z,loan_to_approval,3,189,200,17.267900,
baseline,5,1,perf-baseline-r005-20260818T051734Z,loan_to_approval,3,190,200,16.714400,
baseline,5,1,perf-baseline-r005-20260818T051734Z,loan_to_approval,3,191,200,15.894500,
baseline,5,1,perf-baseline-r005-20260818T051734Z,loan_to_approval,3,192,200,15.537800,
baseline,5,1,perf-baseline-r005-20260818T051734Z,loan_to_approval,3,193,200,16.553400,
baseline,5,1,perf-baseline-r005-20260818T051734Z,loan_to_approval,3,194,200,18.083400,
baseline,5,1,perf-baseline-r005-20260818T051734Z,loan_to_approval,3,195,200,17.311300,
baseline,5,1,perf-baseline-r005-20260818T051734Z,loan_to_approval,3,196,200,16.817200,
baseline,5,1,perf-baseline-r005-20260818T051734Z,loan_to_approval,3,197,200,16.582700,
baseline,5,1,perf-baseline-r005-20260818T051734Z,loan_to_approval,3,198,200,16.968500,
baseline,5,1,perf-baseline-r005-20260818T051734Z,loan_to_approval,3,199,200,17.349300,
baseline,5,1,perf-baseline-r005-20260818T051734Z,loan_to_approval,3,200,200,16.791200,
