mode,round_id,order_position,experiment_run_id,flow,batch_id,request_id,status_code,latency_ms,error
proposed,1,4,perf-proposed-r001-20260818T050403Z,loan_to_customer,1,1,200,14.984200,
proposed,1,4,perf-proposed-r001-20260818T050403Z,loan_to_customer,1,2,200,13.908300,
proposed,1,4,perf-proposed-r001-20260818T050403Z,loan_to_customer,1,3,200,14.958800,
proposed,1,4,perf-proposed-r001-20260818T050403Z,loan_to_customer,1,4,200,14.339700,
proposed,1,4,perf-proposed-r001-20260818T050403Z,loan_to_customer,1,5,200,15.270200,
proposed,1,4,perf-proposed-r001-20260818T050403Z,loan_to_customer,1,6,200,14.556700,
proposed,1,4,perf-proposed-r001-20260818T050403Z,loan_to_customer,1,7,200,15.177200,
proposed,1,4,perf-proposed-r001-20260818T050403Z,loan_to_customer,1,8,200,14.807600,
proposed,1,4,perf-proposed-r001-20260818T050403Z,loan_to_customer,1,9,200,16.231000,
proposed,1,4,perf-proposed-r001-20260818T050403Z,loan_to_customer,1,10,200,15.573300,
proposed,1,4,perf-proposed-r001-20260818T050403Z,loan_to_customer,1,11,200,14.636100,
proposed,1,4,perf-proposed-r001-20260818T050403Z,loan_to_customer,1,12,200,16.751500,
proposed,1,4,perf-proposed-r001-20260818T050403Z,loan_to_customer,1,13,200,15.453700,
proposed,1,4,perf-proposed-r001-20260818T050403Z,loan_to_customer,1,14,200,15.393100,
proposed,1,4,perf-proposed-r001-20260818T050403Z,loan_to_customer,1,15,200,14.464000,
proposed,1,4,perf-proposed-r001-20260818T050403Z,loan_to_customer,1,16,200,14.922400,
proposed,1,4,perf-proposed-r001-20260818T050403Z,loan_to_customer,1,17,200,14.592300,
proposed,1,4,perf-proposed-r001-20260818T050403Z,loan_to_customer,1,18,200,15.760800,
proposed,1,4,perf-proposed-r001-20260818T050403Z,loan_to_customer,1,19,200,16.139500,
proposed,1,4,perf-proposed-r001-20260818T050403Z,loan_to_customer,1,20,200,15.487400,
proposed,1,4,perf-proposed-r001-20260818T050403Z,loan_to_customer,1,21,200,14.684000,
proposed,1,4,perf-proposed-r001-20260818T050403Z,loan_to_customer,1,22,200,14.533500,
proposed,1,4,perf-proposed-r001-20260818T050403Z,loan_to_customer,1,23,200,13.960000,
proposed,1,4,perf-proposed-r001-20260818T050403Z,loan_to_customer,1,24,200,16.518600,
proposed,1,4,perf-proposed-r001-20260818T050403Z,loan_to_customer,1,25,200,14.691200,
proposed,1,4,perf-proposed-r001-20260818T050403Z,loan_to_customer,1,26,200,14.201200,
proposed,1,4,perf-proposed-r001-20260818T050403Z,loan_to_customer,1,27,200,14.589300,
proposed,1,4,perf-proposed-r001-20260818T050403Z,loan_to_customer,1,28,200,14.247900,
proposed,1,4,perf-proposed-r001-20260818T050403Z,loan_to_customer,1,29,200,14.802300,
proposed,1,4,perf-proposed-r001-20260818T050403Z,loan_to_customer,1,30,200,14.105700,
proposed,1,4,perf-proposed-r001-20260818T050403Z,loan_to_customer,1,31,200,14.949000,
proposed,1,4,perf-proposed-r001-20260818T050403Z,loan_to_customer,1,32,200,14.881900,
proposed,1,4,perf-proposed-r001-20260818T050403Z,loan_to_customer,1,33,200,15.142900,
proposed,1,4,perf-proposed-r001-20260818T050403Z,loan_to_customer,1,34,200,14.833900,
proposed,1,4,perf-proposed-r001-20260818T050403Z,loan_to_customer,1,35,200,14.899600,
proposed,1,4,perf-proposed-r001-20260818T050403Z,loan_to_customer,1,36,200,15.374700,
proposed,1,4,perf-proposed-r001-20260818T050403Z,loan_to_customer,1,37,200,14.747600,
proposed,1,4,perf-proposed-r001-20260818T050403Z,loan_to_customer,1,38,200,14.480000,
proposed,1,4,perf-proposed-r001-20260818T050403Z,loan_to_customer,1,39,200,14.152300,
proposed,1,4,perf-proposed-r001-20260818T050403Z,loan_to_customer,1,40,200,14.060300,
proposed,1,4,perf-proposed-r001-20260818T050403Z,loan_to_customer,1,41,200,14.497600,
proposed,1,4,perf-proposed-r001-20260818T050403Z,loan_to_customer,1,42,200,13.933700,
proposed,1,4,perf-proposed-r001-20260818T050403Z,loan_to_customer,1,43,200,14.135500,
proposed,1,4,perf-proposed-r001-20260818T050403Z,loan_to_customer,1,44,200,14.739000,
proposed,1,4,perf-proposed-r001-20260818T050403Z,loan_to_customer,1,45,200,14.065700,
proposed,1,4,perf-proposed-r001-20260818T050403Z,loan_to_customer,1,46,200,13.861400,
proposed,1,4,perf-proposed-r001-20260818T050403Z,loan_to_customer,1,47,200,14.125600,
proposed,1,4,perf-proposed-r001-20260818T050403Z,loan_to_customer,1,48,200,14.544000,
proposed,1,4,perf-proposed-r001-20260818T050403Z,loan_to_customer,1,49,200,14.223900,
proposed,1,4,perf-proposed-r001-20260818T050403Z,loan_to_customer,1,50,200,15.060300,
proposed,1,4,perf-proposed-r001-20260818T050403Z,loan_to_customer,1,51,200,14.554700,
proposed,1,4,perf-proposed-r001-20260818T050403Z,loan_to_customer,1,52,200,14.816100,
proposed,1,4,perf-proposed-r001-20260818T050403Z,loan_to_customer,1,53,200,14.080400,
proposed,1,4,perf-proposed-r001-20260818T050403Z,loan_to_customer,1,54,200,14.366400,
proposed,1,4,perf-proposed-r001-20260818T050403Z,loan_to_customer,1,55,200,14.122200,
proposed,1,4,perf-proposed-r001-20260818T050403Z,loan_to_customer,1,56,200,15.582600,
proposed,1,4,perf-proposed-r001-20260818T050403Z,loan_to_customer,1,57,200,16.158900,
proposed,1,4,perf-proposed-r001-20260818T050403Z,loan_to_customer,1,58,200,15.730800,
proposed,1,4,perf-proposed-r001-20260818T050403Z,loan_to_customer,1,59,200,15.181600,
proposed,1,4,perf-proposed-r001-20260818T050403Z,loan_to_customer,1,60,200,15.027600,
proposed,1,4,perf-proposed-r001-20260818T050403Z,loan_to_customer,1,61,200,14.206200,
proposed,1,4,perf-proposed-r001-20260818T050403Z,loan_to_customer,1,62,200,13.971500,
proposed,1,4,perf-proposed-r001-20260818T050403Z,loan_to_customer,1,63,200,13.857300,
proposed,1,4,perf-proposed-r001-20260818T050403Z,loan_to_customer,1,64,200,14.102500,
proposed,1,4,perf-proposed-r001-20260818T050403Z,loan_to_customer,1,65,200,14.796500,
proposed,1,4,perf-proposed-r001-20260818T050403Z,loan_to_customer,1,66,200,14.460700,
proposed,1,4,perf-proposed-r001-20260818T050403Z,loan_to_customer,1,67,200,14.707300,
proposed,1,4,perf-proposed-r001-20260818T050403Z,loan_to_customer,1,68,200,14.227700,
proposed,1,4,perf-proposed-r001-20260818T050403Z,loan_to_customer,1,69,200,14.732100,
proposed,1,4,perf-proposed-r001-20260818T050403Z,loan_to_customer,1,70,200,14.034700,
proposed,1,4,perf-proposed-r001-20260818T050403Z,loan_to_customer,1,71,200,14.269700,
proposed,1,4,perf-proposed-r001-20260818T050403Z,loan_to_customer,1,72,200,16.298200,
proposed,1,4,perf-proposed-r001-20260818T050403Z,loan_to_customer,1,73,200,14.387600,
proposed,1,4,perf-proposed-r001-20260818T050403Z,loan_to_customer,1,74,200,14.761700,
proposed,1,4,perf-proposed-r001-20260818T050403Z,loan_to_customer,1,75,200,13.707500,
proposed,1,4,perf-proposed-r001-20260818T050403Z,loan_to_customer,1,76,200,14.564800,
proposed,1,4,perf-proposed-r001-20260818T050403Z,loan_to_customer,1,77,200,13.951100,
proposed,1,4,perf-proposed-r001-20260818T050403Z,loan_to_customer,1,78,200,13.600400,
proposed,1,4,perf-proposed-r001-20260818T050403Z,loan_to_customer,1,79,200,14.565600,
proposed,1,4,perf-proposed-r001-20260818T050403Z,loan_to_customer,1,80,200,13.511600,
proposed,1,4,perf-proposed-r001-20260818T050403Z,loan_to_customer,1,81,200,14.811700,
proposed,1,4,perf-proposed-r001-20260818T050403Z,loan_to_customer,1,82,200,14.215000,
proposed,1,4,perf-proposed-r001-20260818T050403Z,loan_to_customer,1,83,200,14.899600,
proposed,1,4,perf-proposed-r001-20260818T050403Z,loan_to_customer,1,84,200,14.625100,
proposed,1,4,perf-proposed-r001-20260818T050403Z,loan_to_customer,1,85,200,14.790500,
proposed,1,4,perf-proposed-r001-20260818T050403Z,loan_to_customer,1,86,200,14.196400,
proposed,1,4,perf-proposed-r001-20260818T050403Z,loan_to_customer,1,87,200,15.385400,
proposed,1,4,perf-proposed-r001-20260818T050403Z,loan_to_customer,1,88,200,13.707000,
proposed,1,4,perf-proposed-r001-20260818T050403Z,loan_to_customer,1,89,200,14.281900,
proposed,1,4,perf-proposed-r001-20260818T050403Z,loan_to_customer,1,90,200,14.290700,
proposed,1,4,perf-proposed-r001-20260818T050403Z,loan_to_customer,1,91,200,14.929800,
proposed,1,4,perf-proposed-r001-20260818T050403Z,loan_to_customer,1,92,200,14.912000,
proposed,1,4,perf-proposed-r001-20260818T050403Z,loan_to_customer,1,93,200,14.822100,
proposed,1,4,perf-proposed-r001-20260818T050403Z,loan_to_customer,1,94,200,14.097900,
proposed,1,4,perf-proposed-r001-20260818T050403Z,loan_to_customer,1,95,200,27.562500,
proposed,1,4,perf-proposed-r001-20260818T050403Z,loan_to_customer,1,96,200,14.951500,
proposed,1,4,perf-proposed-r001-20260818T050403Z,loan_to_customer,1,97,200,15.534900,
proposed,1,4,perf-proposed-r001-20260818T050403Z,loan_to_customer,1,98,200,13.884800,
proposed,1,4,perf-proposed-r001-20260818T050403Z,loan_to_customer,1,99,200,14.719200,
proposed,1,4,perf-proposed-r001-20260818T050403Z,loan_to_customer,1,100,200,14.248100,
proposed,1,4,perf-proposed-r001-20260818T050403Z,loan_to_customer,1,101,200,14.842700,
proposed,1,4,perf-proposed-r001-20260818T050403Z,loan_to_customer,1,102,200,14.770600,
proposed,1,4,perf-proposed-r001-20260818T050403Z,loan_to_customer,1,103,200,14.990500,
proposed,1,4,perf-proposed-r001-20260818T050403Z,loan_to_customer,1,104,200,13.993900,
proposed,1,4,perf-proposed-r001-20260818T050403Z,loan_to_customer,1,105,200,13.946300,
proposed,1,4,perf-proposed-r001-20260818T050403Z,loan_to_customer,1,106,200,13.969400,
proposed,1,4,perf-proposed-r001-20260818T050403Z,loan_to_customer,1,107,200,14.352900,
proposed,1,4,perf-proposed-r001-20260818T050403Z,loan_to_customer,1,108,200,13.876400,
proposed,1,4,perf-proposed-r001-20260818T050403Z,loan_to_customer,1,109,200,14.410200,
proposed,1,4,perf-proposed-r001-20260818T050403Z,loan_to_customer,1,110,200,14.478000,
proposed,1,4,perf-proposed-r001-20260818T050403Z,loan_to_customer,1,111,200,14.252000,
proposed,1,4,perf-proposed-r001-20260818T050403Z,loan_to_customer,1,112,200,16.257400,
proposed,1,4,perf-proposed-r001-20260818T050403Z,loan_to_customer,1,113,200,14.891400,
proposed,1,4,perf-proposed-r001-20260818T050403Z,loan_to_customer,1,114,200,15.402100,
proposed,1,4,perf-proposed-r001-20260818T050403Z,loan_to_customer,1,115,200,18.214000,
proposed,1,4,perf-proposed-r001-20260818T050403Z,loan_to_customer,1,116,200,14.389800,
proposed,1,4,perf-proposed-r001-20260818T050403Z,loan_to_customer,1,117,200,13.574300,
proposed,1,4,perf-proposed-r001-20260818T050403Z,loan_to_customer,1,118,200,14.966400,
proposed,1,4,perf-proposed-r001-20260818T050403Z,loan_to_customer,1,119,200,15.404200,
proposed,1,4,perf-proposed-r001-20260818T050403Z,loan_to_customer,1,120,200,15.773500,
proposed,1,4,perf-proposed-r001-20260818T050403Z,loan_to_customer,1,121,200,15.507400,
proposed,1,4,perf-proposed-r001-20260818T050403Z,loan_to_customer,1,122,200,15.216600,
proposed,1,4,perf-proposed-r001-20260818T050403Z,loan_to_customer,1,123,200,15.255000,
proposed,1,4,perf-proposed-r001-20260818T050403Z,loan_to_customer,1,124,200,15.823100,
proposed,1,4,perf-proposed-r001-20260818T050403Z,loan_to_customer,1,125,200,15.130900,
proposed,1,4,perf-proposed-r001-20260818T050403Z,loan_to_customer,1,126,200,14.771900,
proposed,1,4,perf-proposed-r001-20260818T050403Z,loan_to_customer,1,127,200,15.113100,
proposed,1,4,perf-proposed-r001-20260818T050403Z,loan_to_customer,1,128,200,14.458200,
proposed,1,4,perf-proposed-r001-20260818T050403Z,loan_to_customer,1,129,200,14.449200,
proposed,1,4,perf-proposed-r001-20260818T050403Z,loan_to_customer,1,130,200,15.277700,
proposed,1,4,perf-proposed-r001-20260818T050403Z,loan_to_customer,1,131,200,15.409000,
proposed,1,4,perf-proposed-r001-20260818T050403Z,loan_to_customer,1,132,200,16.226800,
proposed,1,4,perf-proposed-r001-20260818T050403Z,loan_to_customer,1,133,200,15.647800,
proposed,1,4,perf-proposed-r001-20260818T050403Z,loan_to_customer,1,134,200,15.802200,
proposed,1,4,perf-proposed-r001-20260818T050403Z,loan_to_customer,1,135,200,14.880400,
proposed,1,4,perf-proposed-r001-20260818T050403Z,loan_to_customer,1,136,200,14.232900,
proposed,1,4,perf-proposed-r001-20260818T050403Z,loan_to_customer,1,137,200,15.145500,
proposed,1,4,perf-proposed-r001-20260818T050403Z,loan_to_customer,1,138,200,14.723100,
proposed,1,4,perf-proposed-r001-20260818T050403Z,loan_to_customer,1,139,200,13.770000,
proposed,1,4,perf-proposed-r001-20260818T050403Z,loan_to_customer,1,140,200,14.126600,
proposed,1,4,perf-proposed-r001-20260818T050403Z,loan_to_customer,1,141,200,14.124600,
proposed,1,4,perf-proposed-r001-20260818T050403Z,loan_to_customer,1,142,200,14.805600,
proposed,1,4,perf-proposed-r001-20260818T050403Z,loan_to_customer,1,143,200,15.093500,
proposed,1,4,perf-proposed-r001-20260818T050403Z,loan_to_customer,1,144,200,14.158000,
proposed,1,4,perf-proposed-r001-20260818T050403Z,loan_to_customer,1,145,200,14.730000,
proposed,1,4,perf-proposed-r001-20260818T050403Z,loan_to_customer,1,146,200,14.012400,
proposed,1,4,perf-proposed-r001-20260818T050403Z,loan_to_customer,1,147,200,14.574000,
proposed,1,4,perf-proposed-r001-20260818T050403Z,loan_to_customer,1,148,200,14.887100,
proposed,1,4,perf-proposed-r001-20260818T050403Z,loan_to_customer,1,149,200,14.541800,
proposed,1,4,perf-proposed-r001-20260818T050403Z,loan_to_customer,1,150,200,14.484900,
proposed,1,4,perf-proposed-r001-20260818T050403Z,loan_to_customer,1,151,200,14.909400,
proposed,1,4,perf-proposed-r001-20260818T050403Z,loan_to_customer,1,152,200,14.883000,
proposed,1,4,perf-proposed-r001-20260818T050403Z,loan_to_customer,1,153,200,13.593700,
proposed,1,4,perf-proposed-r001-20260818T050403Z,loan_to_customer,1,154,200,14.370700,
proposed,1,4,perf-proposed-r001-20260818T050403Z,loan_to_customer,1,155,200,14.748300,
proposed,1,4,perf-proposed-r001-20260818T050403Z,loan_to_customer,1,156,200,15.716800,
proposed,1,4,perf-proposed-r001-20260818T050403Z,loan_to_customer,1,157,200,13.974400,
proposed,1,4,perf-proposed-r001-20260818T050403Z,loan_to_customer,1,158,200,13.772800,
proposed,1,4,perf-proposed-r001-20260818T050403Z,loan_to_customer,1,159,200,14.649900,
proposed,1,4,perf-proposed-r001-20260818T050403Z,loan_to_customer,1,160,200,14.388000,
proposed,1,4,perf-proposed-r001-20260818T050403Z,loan_to_customer,1,161,200,14.567400,
proposed,1,4,perf-proposed-r001-20260818T050403Z,loan_to_customer,1,162,200,14.787900,
proposed,1,4,perf-proposed-r001-20260818T050403Z,loan_to_customer,1,163,200,14.816000,
proposed,1,4,perf-proposed-r001-20260818T050403Z,loan_to_customer,1,164,200,14.967700,
proposed,1,4,perf-proposed-r001-20260818T050403Z,loan_to_customer,1,165,200,14.866000,
proposed,1,4,perf-proposed-r001-20260818T050403Z,loan_to_customer,1,166,200,14.074000,
proposed,1,4,perf-proposed-r001-20260818T050403Z,loan_to_customer,1,167,200,14.237900,
proposed,1,4,perf-proposed-r001-20260818T050403Z,loan_to_customer,1,168,200,15.109700,
proposed,1,4,perf-proposed-r001-20260818T050403Z,loan_to_customer,1,169,200,15.189000,
proposed,1,4,perf-proposed-r001-20260818T050403Z,loan_to_customer,1,170,200,14.687200,
proposed,1,4,perf-proposed-r001-20260818T050403Z,loan_to_customer,1,171,200,14.283500,
proposed,1,4,perf-proposed-r001-20260818T050403Z,loan_to_customer,1,172,200,13.693500,
proposed,1,4,perf-proposed-r001-20260818T050403Z,loan_to_customer,1,173,200,14.455500,
proposed,1,4,perf-proposed-r001-20260818T050403Z,loan_to_customer,1,174,200,14.363300,
proposed,1,4,perf-proposed-r001-20260818T050403Z,loan_to_customer,1,175,200,15.729600,
proposed,1,4,perf-proposed-r001-20260818T050403Z,loan_to_customer,1,176,200,13.888300,
proposed,1,4,perf-proposed-r001-20260818T050403Z,loan_to_customer,1,177,200,14.228100,
proposed,1,4,perf-proposed-r001-20260818T050403Z,loan_to_customer,1,178,200,14.555400,
proposed,1,4,perf-proposed-r001-20260818T050403Z,loan_to_customer,1,179,200,14.572500,
proposed,1,4,perf-proposed-r001-20260818T050403Z,loan_to_customer,1,180,200,14.427800,
proposed,1,4,perf-proposed-r001-20260818T050403Z,loan_to_customer,1,181,200,14.747700,
proposed,1,4,perf-proposed-r001-20260818T050403Z,loan_to_customer,1,182,200,15.709100,
proposed,1,4,perf-proposed-r001-20260818T050403Z,loan_to_customer,1,183,200,17.458400,
proposed,1,4,perf-proposed-r001-20260818T050403Z,loan_to_customer,1,184,200,17.486700,
proposed,1,4,perf-proposed-r001-20260818T050403Z,loan_to_customer,1,185,200,16.043700,
proposed,1,4,perf-proposed-r001-20260818T050403Z,loan_to_customer,1,186,200,14.605600,
proposed,1,4,perf-proposed-r001-20260818T050403Z,loan_to_customer,1,187,200,15.476500,
proposed,1,4,perf-proposed-r001-20260818T050403Z,loan_to_customer,1,188,200,14.399500,
proposed,1,4,perf-proposed-r001-20260818T050403Z,loan_to_customer,1,189,200,15.193500,
proposed,1,4,perf-proposed-r001-20260818T050403Z,loan_to_customer,1,190,200,14.510800,
proposed,1,4,perf-proposed-r001-20260818T050403Z,loan_to_customer,1,191,200,14.794700,
proposed,1,4,perf-proposed-r001-20260818T050403Z,loan_to_customer,1,192,200,13.996700,
proposed,1,4,perf-proposed-r001-20260818T050403Z,loan_to_customer,1,193,200,15.548200,
proposed,1,4,perf-proposed-r001-20260818T050403Z,loan_to_customer,1,194,200,15.200900,
proposed,1,4,perf-proposed-r001-20260818T050403Z,loan_to_customer,1,195,200,15.132700,
proposed,1,4,perf-proposed-r001-20260818T050403Z,loan_to_customer,1,196,200,14.910200,
proposed,1,4,perf-proposed-r001-20260818T050403Z,loan_to_customer,1,197,200,15.627800,
proposed,1,4,perf-proposed-r001-20260818T050403Z,loan_to_customer,1,198,200,15.222600,
proposed,1,4,perf-proposed-r001-20260818T050403Z,loan_to_customer,1,199,200,15.241600,
proposed,1,4,perf-proposed-r001-20260818T050403Z,loan_to_customer,1,200,200,14.433500,
proposed,1,4,perf-proposed-r001-20260818T050403Z,loan_to_customer,2,1,200,15.428800,
proposed,1,4,perf-proposed-r001-20260818T050403Z,loan_to_customer,2,2,200,14.606500,
proposed,1,4,perf-proposed-r001-20260818T050403Z,loan_to_customer,2,3,200,14.162900,
proposed,1,4,perf-proposed-r001-20260818T050403Z,loan_to_customer,2,4,200,14.453600,
proposed,1,4,perf-proposed-r001-20260818T050403Z,loan_to_customer,2,5,200,14.292800,
proposed,1,4,perf-proposed-r001-20260818T050403Z,loan_to_customer,2,6,200,14.619000,
proposed,1,4,perf-proposed-r001-20260818T050403Z,loan_to_customer,2,7,200,14.228900,
proposed,1,4,perf-proposed-r001-20260818T050403Z,loan_to_customer,2,8,200,14.628000,
proposed,1,4,perf-proposed-r001-20260818T050403Z,loan_to_customer,2,9,200,15.340900,
proposed,1,4,perf-proposed-r001-20260818T050403Z,loan_to_customer,2,10,200,14.484800,
proposed,1,4,perf-proposed-r001-20260818T050403Z,loan_to_customer,2,11,200,14.435800,
proposed,1,4,perf-proposed-r001-20260818T050403Z,loan_to_customer,2,12,200,15.857700,
proposed,1,4,perf-proposed-r001-20260818T050403Z,loan_to_customer,2,13,200,14.176300,
proposed,1,4,perf-proposed-r001-20260818T050403Z,loan_to_customer,2,14,200,15.037200,
proposed,1,4,perf-proposed-r001-20260818T050403Z,loan_to_customer,2,15,200,14.581200,
proposed,1,4,perf-proposed-r001-20260818T050403Z,loan_to_customer,2,16,200,15.864900,
proposed,1,4,perf-proposed-r001-20260818T050403Z,loan_to_customer,2,17,200,15.577700,
proposed,1,4,perf-proposed-r001-20260818T050403Z,loan_to_customer,2,18,200,17.988200,
proposed,1,4,perf-proposed-r001-20260818T050403Z,loan_to_customer,2,19,200,18.048000,
proposed,1,4,perf-proposed-r001-20260818T050403Z,loan_to_customer,2,20,200,18.664000,
proposed,1,4,perf-proposed-r001-20260818T050403Z,loan_to_customer,2,21,200,17.818400,
proposed,1,4,perf-proposed-r001-20260818T050403Z,loan_to_customer,2,22,200,19.350700,
proposed,1,4,perf-proposed-r001-20260818T050403Z,loan_to_customer,2,23,200,20.314800,
proposed,1,4,perf-proposed-r001-20260818T050403Z,loan_to_customer,2,24,200,17.625600,
proposed,1,4,perf-proposed-r001-20260818T050403Z,loan_to_customer,2,25,200,21.250100,
proposed,1,4,perf-proposed-r001-20260818T050403Z,loan_to_customer,2,26,200,18.176400,
proposed,1,4,perf-proposed-r001-20260818T050403Z,loan_to_customer,2,27,200,14.634700,
proposed,1,4,perf-proposed-r001-20260818T050403Z,loan_to_customer,2,28,200,15.226900,
proposed,1,4,perf-proposed-r001-20260818T050403Z,loan_to_customer,2,29,200,16.628800,
proposed,1,4,perf-proposed-r001-20260818T050403Z,loan_to_customer,2,30,200,14.917900,
proposed,1,4,perf-proposed-r001-20260818T050403Z,loan_to_customer,2,31,200,16.098700,
proposed,1,4,perf-proposed-r001-20260818T050403Z,loan_to_customer,2,32,200,15.852600,
proposed,1,4,perf-proposed-r001-20260818T050403Z,loan_to_customer,2,33,200,15.539800,
proposed,1,4,perf-proposed-r001-20260818T050403Z,loan_to_customer,2,34,200,18.207200,
proposed,1,4,perf-proposed-r001-20260818T050403Z,loan_to_customer,2,35,200,14.607600,
proposed,1,4,perf-proposed-r001-20260818T050403Z,loan_to_customer,2,36,200,14.713700,
proposed,1,4,perf-proposed-r001-20260818T050403Z,loan_to_customer,2,37,200,15.422400,
proposed,1,4,perf-proposed-r001-20260818T050403Z,loan_to_customer,2,38,200,15.123600,
proposed,1,4,perf-proposed-r001-20260818T050403Z,loan_to_customer,2,39,200,16.043300,
proposed,1,4,perf-proposed-r001-20260818T050403Z,loan_to_customer,2,40,200,14.974800,
proposed,1,4,perf-proposed-r001-20260818T050403Z,loan_to_customer,2,41,200,14.804800,
proposed,1,4,perf-proposed-r001-20260818T050403Z,loan_to_customer,2,42,200,14.384300,
proposed,1,4,perf-proposed-r001-20260818T050403Z,loan_to_customer,2,43,200,14.068300,
proposed,1,4,perf-proposed-r001-20260818T050403Z,loan_to_customer,2,44,200,14.038500,
proposed,1,4,perf-proposed-r001-20260818T050403Z,loan_to_customer,2,45,200,14.612400,
proposed,1,4,perf-proposed-r001-20260818T050403Z,loan_to_customer,2,46,200,14.436900,
proposed,1,4,perf-proposed-r001-20260818T050403Z,loan_to_customer,2,47,200,14.172000,
proposed,1,4,perf-proposed-r001-20260818T050403Z,loan_to_customer,2,48,200,18.027500,
proposed,1,4,perf-proposed-r001-20260818T050403Z,loan_to_customer,2,49,200,17.401800,
proposed,1,4,perf-proposed-r001-20260818T050403Z,loan_to_customer,2,50,200,16.441100,
proposed,1,4,perf-proposed-r001-20260818T050403Z,loan_to_customer,2,51,200,15.810000,
proposed,1,4,perf-proposed-r001-20260818T050403Z,loan_to_customer,2,52,200,15.494600,
proposed,1,4,perf-proposed-r001-20260818T050403Z,loan_to_customer,2,53,200,14.865900,
proposed,1,4,perf-proposed-r001-20260818T050403Z,loan_to_customer,2,54,200,14.898900,
proposed,1,4,perf-proposed-r001-20260818T050403Z,loan_to_customer,2,55,200,15.001400,
proposed,1,4,perf-proposed-r001-20260818T050403Z,loan_to_customer,2,56,200,15.918300,
proposed,1,4,perf-proposed-r001-20260818T050403Z,loan_to_customer,2,57,200,16.622300,
proposed,1,4,perf-proposed-r001-20260818T050403Z,loan_to_customer,2,58,200,16.125400,
proposed,1,4,perf-proposed-r001-20260818T050403Z,loan_to_customer,2,59,200,15.398600,
proposed,1,4,perf-proposed-r001-20260818T050403Z,loan_to_customer,2,60,200,15.604200,
proposed,1,4,perf-proposed-r001-20260818T050403Z,loan_to_customer,2,61,200,17.285600,
proposed,1,4,perf-proposed-r001-20260818T050403Z,loan_to_customer,2,62,200,14.750100,
proposed,1,4,perf-proposed-r001-20260818T050403Z,loan_to_customer,2,63,200,15.448300,
proposed,1,4,perf-proposed-r001-20260818T050403Z,loan_to_customer,2,64,200,15.792900,
proposed,1,4,perf-proposed-r001-20260818T050403Z,loan_to_customer,2,65,200,15.408800,
proposed,1,4,perf-proposed-r001-20260818T050403Z,loan_to_customer,2,66,200,15.564700,
proposed,1,4,perf-proposed-r001-20260818T050403Z,loan_to_customer,2,67,200,14.751600,
proposed,1,4,perf-proposed-r001-20260818T050403Z,loan_to_customer,2,68,200,14.842900,
proposed,1,4,perf-proposed-r001-20260818T050403Z,loan_to_customer,2,69,200,14.578800,
proposed,1,4,perf-proposed-r001-20260818T050403Z,loan_to_customer,2,70,200,14.329800,
proposed,1,4,perf-proposed-r001-20260818T050403Z,loan_to_customer,2,71,200,15.040800,
proposed,1,4,perf-proposed-r001-20260818T050403Z,loan_to_customer,2,72,200,15.516500,
proposed,1,4,perf-proposed-r001-20260818T050403Z,loan_to_customer,2,73,200,16.088400,
proposed,1,4,perf-proposed-r001-20260818T050403Z,loan_to_customer,2,74,200,15.209100,
proposed,1,4,perf-proposed-r001-20260818T050403Z,loan_to_customer,2,75,200,16.307800,
proposed,1,4,perf-proposed-r001-20260818T050403Z,loan_to_customer,2,76,200,15.170500,
proposed,1,4,perf-proposed-r001-20260818T050403Z,loan_to_customer,2,77,200,15.425700,
proposed,1,4,perf-proposed-r001-20260818T050403Z,loan_to_customer,2,78,200,15.017000,
proposed,1,4,perf-proposed-r001-20260818T050403Z,loan_to_customer,2,79,200,14.149900,
proposed,1,4,perf-proposed-r001-20260818T050403Z,loan_to_customer,2,80,200,14.815300,
proposed,1,4,perf-proposed-r001-20260818T050403Z,loan_to_customer,2,81,200,14.900100,
proposed,1,4,perf-proposed-r001-20260818T050403Z,loan_to_customer,2,82,200,14.536400,
proposed,1,4,perf-proposed-r001-20260818T050403Z,loan_to_customer,2,83,200,14.487200,
proposed,1,4,perf-proposed-r001-20260818T050403Z,loan_to_customer,2,84,200,14.651200,
proposed,1,4,perf-proposed-r001-20260818T050403Z,loan_to_customer,2,85,200,15.202300,
proposed,1,4,perf-proposed-r001-20260818T050403Z,loan_to_customer,2,86,200,14.961000,
proposed,1,4,perf-proposed-r001-20260818T050403Z,loan_to_customer,2,87,200,15.177800,
proposed,1,4,perf-proposed-r001-20260818T050403Z,loan_to_customer,2,88,200,15.208500,
proposed,1,4,perf-proposed-r001-20260818T050403Z,loan_to_customer,2,89,200,14.917300,
proposed,1,4,perf-proposed-r001-20260818T050403Z,loan_to_customer,2,90,200,15.761500,
proposed,1,4,perf-proposed-r001-20260818T050403Z,loan_to_customer,2,91,200,16.993800,
proposed,1,4,perf-proposed-r001-20260818T050403Z,loan_to_customer,2,92,200,15.200900,
proposed,1,4,perf-proposed-r001-20260818T050403Z,loan_to_customer,2,93,200,15.409100,
proposed,1,4,perf-proposed-r001-20260818T050403Z,loan_to_customer,2,94,200,15.719000,
proposed,1,4,perf-proposed-r001-20260818T050403Z,loan_to_customer,2,95,200,15.621300,
proposed,1,4,perf-proposed-r001-20260818T050403Z,loan_to_customer,2,96,200,15.554900,
proposed,1,4,perf-proposed-r001-20260818T050403Z,loan_to_customer,2,97,200,15.820300,
proposed,1,4,perf-proposed-r001-20260818T050403Z,loan_to_customer,2,98,200,15.836100,
proposed,1,4,perf-proposed-r001-20260818T050403Z,loan_to_customer,2,99,200,15.144600,
proposed,1,4,perf-proposed-r001-20260818T050403Z,loan_to_customer,2,100,200,15.102600,
proposed,1,4,perf-proposed-r001-20260818T050403Z,loan_to_customer,2,101,200,13.804100,
proposed,1,4,perf-proposed-r001-20260818T050403Z,loan_to_customer,2,102,200,14.349500,
proposed,1,4,perf-proposed-r001-20260818T050403Z,loan_to_customer,2,103,200,14.002300,
proposed,1,4,perf-proposed-r001-20260818T050403Z,loan_to_customer,2,104,200,13.737000,
proposed,1,4,perf-proposed-r001-20260818T050403Z,loan_to_customer,2,105,200,14.274200,
proposed,1,4,perf-proposed-r001-20260818T050403Z,loan_to_customer,2,106,200,14.608800,
proposed,1,4,perf-proposed-r001-20260818T050403Z,loan_to_customer,2,107,200,14.132200,
proposed,1,4,perf-proposed-r001-20260818T050403Z,loan_to_customer,2,108,200,14.865000,
proposed,1,4,perf-proposed-r001-20260818T050403Z,loan_to_customer,2,109,200,15.289200,
proposed,1,4,perf-proposed-r001-20260818T050403Z,loan_to_customer,2,110,200,14.972200,
proposed,1,4,perf-proposed-r001-20260818T050403Z,loan_to_customer,2,111,200,16.589000,
proposed,1,4,perf-proposed-r001-20260818T050403Z,loan_to_customer,2,112,200,15.659500,
proposed,1,4,perf-proposed-r001-20260818T050403Z,loan_to_customer,2,113,200,16.237900,
proposed,1,4,perf-proposed-r001-20260818T050403Z,loan_to_customer,2,114,200,17.342000,
proposed,1,4,perf-proposed-r001-20260818T050403Z,loan_to_customer,2,115,200,17.198600,
proposed,1,4,perf-proposed-r001-20260818T050403Z,loan_to_customer,2,116,200,15.598200,
proposed,1,4,perf-proposed-r001-20260818T050403Z,loan_to_customer,2,117,200,16.736400,
proposed,1,4,perf-proposed-r001-20260818T050403Z,loan_to_customer,2,118,200,15.621200,
proposed,1,4,perf-proposed-r001-20260818T050403Z,loan_to_customer,2,119,200,16.170000,
proposed,1,4,perf-proposed-r001-20260818T050403Z,loan_to_customer,2,120,200,15.631000,
proposed,1,4,perf-proposed-r001-20260818T050403Z,loan_to_customer,2,121,200,15.732500,
proposed,1,4,perf-proposed-r001-20260818T050403Z,loan_to_customer,2,122,200,15.232500,
proposed,1,4,perf-proposed-r001-20260818T050403Z,loan_to_customer,2,123,200,16.907100,
proposed,1,4,perf-proposed-r001-20260818T050403Z,loan_to_customer,2,124,200,16.047800,
proposed,1,4,perf-proposed-r001-20260818T050403Z,loan_to_customer,2,125,200,15.798900,
proposed,1,4,perf-proposed-r001-20260818T050403Z,loan_to_customer,2,126,200,15.831200,
proposed,1,4,perf-proposed-r001-20260818T050403Z,loan_to_customer,2,127,200,14.917400,
proposed,1,4,perf-proposed-r001-20260818T050403Z,loan_to_customer,2,128,200,14.911600,
proposed,1,4,perf-proposed-r001-20260818T050403Z,loan_to_customer,2,129,200,15.640000,
proposed,1,4,perf-proposed-r001-20260818T050403Z,loan_to_customer,2,130,200,14.568600,
proposed,1,4,perf-proposed-r001-20260818T050403Z,loan_to_customer,2,131,200,14.631200,
proposed,1,4,perf-proposed-r001-20260818T050403Z,loan_to_customer,2,132,200,14.618700,
proposed,1,4,perf-proposed-r001-20260818T050403Z,loan_to_customer,2,133,200,14.570500,
proposed,1,4,perf-proposed-r001-20260818T050403Z,loan_to_customer,2,134,200,15.737400,
proposed,1,4,perf-proposed-r001-20260818T050403Z,loan_to_customer,2,135,200,14.890300,
proposed,1,4,perf-proposed-r001-20260818T050403Z,loan_to_customer,2,136,200,14.876100,
proposed,1,4,perf-proposed-r001-20260818T050403Z,loan_to_customer,2,137,200,14.099600,
proposed,1,4,perf-proposed-r001-20260818T050403Z,loan_to_customer,2,138,200,14.272300,
proposed,1,4,perf-proposed-r001-20260818T050403Z,loan_to_customer,2,139,200,14.307000,
proposed,1,4,perf-proposed-r001-20260818T050403Z,loan_to_customer,2,140,200,15.471400,
proposed,1,4,perf-proposed-r001-20260818T050403Z,loan_to_customer,2,141,200,14.522400,
proposed,1,4,perf-proposed-r001-20260818T050403Z,loan_to_customer,2,142,200,15.010500,
proposed,1,4,perf-proposed-r001-20260818T050403Z,loan_to_customer,2,143,200,16.589800,
proposed,1,4,perf-proposed-r001-20260818T050403Z,loan_to_customer,2,144,200,15.016600,
proposed,1,4,perf-proposed-r001-20260818T050403Z,loan_to_customer,2,145,200,15.124300,
proposed,1,4,perf-proposed-r001-20260818T050403Z,loan_to_customer,2,146,200,15.620200,
proposed,1,4,perf-proposed-r001-20260818T050403Z,loan_to_customer,2,147,200,15.210900,
proposed,1,4,perf-proposed-r001-20260818T050403Z,loan_to_customer,2,148,200,15.357200,
proposed,1,4,perf-proposed-r001-20260818T050403Z,loan_to_customer,2,149,200,15.140100,
proposed,1,4,perf-proposed-r001-20260818T050403Z,loan_to_customer,2,150,200,15.342000,
proposed,1,4,perf-proposed-r001-20260818T050403Z,loan_to_customer,2,151,200,14.604800,
proposed,1,4,perf-proposed-r001-20260818T050403Z,loan_to_customer,2,152,200,14.577100,
proposed,1,4,perf-proposed-r001-20260818T050403Z,loan_to_customer,2,153,200,14.209800,
proposed,1,4,perf-proposed-r001-20260818T050403Z,loan_to_customer,2,154,200,14.018600,
proposed,1,4,perf-proposed-r001-20260818T050403Z,loan_to_customer,2,155,200,14.261900,
proposed,1,4,perf-proposed-r001-20260818T050403Z,loan_to_customer,2,156,200,14.382200,
proposed,1,4,perf-proposed-r001-20260818T050403Z,loan_to_customer,2,157,200,15.572100,
proposed,1,4,perf-proposed-r001-20260818T050403Z,loan_to_customer,2,158,200,16.475100,
proposed,1,4,perf-proposed-r001-20260818T050403Z,loan_to_customer,2,159,200,15.526300,
proposed,1,4,perf-proposed-r001-20260818T050403Z,loan_to_customer,2,160,200,16.212800,
proposed,1,4,perf-proposed-r001-20260818T050403Z,loan_to_customer,2,161,200,15.546200,
proposed,1,4,perf-proposed-r001-20260818T050403Z,loan_to_customer,2,162,200,15.382700,
proposed,1,4,perf-proposed-r001-20260818T050403Z,loan_to_customer,2,163,200,15.003000,
proposed,1,4,perf-proposed-r001-20260818T050403Z,loan_to_customer,2,164,200,15.240800,
proposed,1,4,perf-proposed-r001-20260818T050403Z,loan_to_customer,2,165,200,14.531000,
proposed,1,4,perf-proposed-r001-20260818T050403Z,loan_to_customer,2,166,200,16.086300,
proposed,1,4,perf-proposed-r001-20260818T050403Z,loan_to_customer,2,167,200,14.254900,
proposed,1,4,perf-proposed-r001-20260818T050403Z,loan_to_customer,2,168,200,14.693000,
proposed,1,4,perf-proposed-r001-20260818T050403Z,loan_to_customer,2,169,200,15.003700,
proposed,1,4,perf-proposed-r001-20260818T050403Z,loan_to_customer,2,170,200,14.121900,
proposed,1,4,perf-proposed-r001-20260818T050403Z,loan_to_customer,2,171,200,14.905500,
proposed,1,4,perf-proposed-r001-20260818T050403Z,loan_to_customer,2,172,200,15.111800,
proposed,1,4,perf-proposed-r001-20260818T050403Z,loan_to_customer,2,173,200,14.158700,
proposed,1,4,perf-proposed-r001-20260818T050403Z,loan_to_customer,2,174,200,15.916600,
proposed,1,4,perf-proposed-r001-20260818T050403Z,loan_to_customer,2,175,200,15.484800,
proposed,1,4,perf-proposed-r001-20260818T050403Z,loan_to_customer,2,176,200,15.686900,
proposed,1,4,perf-proposed-r001-20260818T050403Z,loan_to_customer,2,177,200,15.126700,
proposed,1,4,perf-proposed-r001-20260818T050403Z,loan_to_customer,2,178,200,15.389600,
proposed,1,4,perf-proposed-r001-20260818T050403Z,loan_to_customer,2,179,200,15.265700,
proposed,1,4,perf-proposed-r001-20260818T050403Z,loan_to_customer,2,180,200,15.700900,
proposed,1,4,perf-proposed-r001-20260818T050403Z,loan_to_customer,2,181,200,16.082500,
proposed,1,4,perf-proposed-r001-20260818T050403Z,loan_to_customer,2,182,200,16.207500,
proposed,1,4,perf-proposed-r001-20260818T050403Z,loan_to_customer,2,183,200,15.456900,
proposed,1,4,perf-proposed-r001-20260818T050403Z,loan_to_customer,2,184,200,15.932900,
proposed,1,4,perf-proposed-r001-20260818T050403Z,loan_to_customer,2,185,200,15.773800,
proposed,1,4,perf-proposed-r001-20260818T050403Z,loan_to_customer,2,186,200,16.117400,
proposed,1,4,perf-proposed-r001-20260818T050403Z,loan_to_customer,2,187,200,15.631800,
proposed,1,4,perf-proposed-r001-20260818T050403Z,loan_to_customer,2,188,200,16.321000,
proposed,1,4,perf-proposed-r001-20260818T050403Z,loan_to_customer,2,189,200,15.917300,
proposed,1,4,perf-proposed-r001-20260818T050403Z,loan_to_customer,2,190,200,15.630200,
proposed,1,4,perf-proposed-r001-20260818T050403Z,loan_to_customer,2,191,200,16.776300,
proposed,1,4,perf-proposed-r001-20260818T050403Z,loan_to_customer,2,192,200,15.828200,
proposed,1,4,perf-proposed-r001-20260818T050403Z,loan_to_customer,2,193,200,15.749800,
proposed,1,4,perf-proposed-r001-20260818T050403Z,loan_to_customer,2,194,200,16.482500,
proposed,1,4,perf-proposed-r001-20260818T050403Z,loan_to_customer,2,195,200,16.033200,
proposed,1,4,perf-proposed-r001-20260818T050403Z,loan_to_customer,2,196,200,16.258700,
proposed,1,4,perf-proposed-r001-20260818T050403Z,loan_to_customer,2,197,200,15.643200,
proposed,1,4,perf-proposed-r001-20260818T050403Z,loan_to_customer,2,198,200,16.383000,
proposed,1,4,perf-proposed-r001-20260818T050403Z,loan_to_customer,2,199,200,16.904700,
proposed,1,4,perf-proposed-r001-20260818T050403Z,loan_to_customer,2,200,200,15.790800,
proposed,1,4,perf-proposed-r001-20260818T050403Z,loan_to_customer,3,1,200,15.943900,
proposed,1,4,perf-proposed-r001-20260818T050403Z,loan_to_customer,3,2,200,15.921600,
proposed,1,4,perf-proposed-r001-20260818T050403Z,loan_to_customer,3,3,200,14.979800,
proposed,1,4,perf-proposed-r001-20260818T050403Z,loan_to_customer,3,4,200,15.647700,
proposed,1,4,perf-proposed-r001-20260818T050403Z,loan_to_customer,3,5,200,15.175600,
proposed,1,4,perf-proposed-r001-20260818T050403Z,loan_to_customer,3,6,200,14.997900,
proposed,1,4,perf-proposed-r001-20260818T050403Z,loan_to_customer,3,7,200,15.132600,
proposed,1,4,perf-proposed-r001-20260818T050403Z,loan_to_customer,3,8,200,14.561800,
proposed,1,4,perf-proposed-r001-20260818T050403Z,loan_to_customer,3,9,200,14.423000,
proposed,1,4,perf-proposed-r001-20260818T050403Z,loan_to_customer,3,10,200,15.460600,
proposed,1,4,perf-proposed-r001-20260818T050403Z,loan_to_customer,3,11,200,16.057200,
proposed,1,4,perf-proposed-r001-20260818T050403Z,loan_to_customer,3,12,200,15.048900,
proposed,1,4,perf-proposed-r001-20260818T050403Z,loan_to_customer,3,13,200,15.373600,
proposed,1,4,perf-proposed-r001-20260818T050403Z,loan_to_customer,3,14,200,15.107800,
proposed,1,4,perf-proposed-r001-20260818T050403Z,loan_to_customer,3,15,200,14.842700,
proposed,1,4,perf-proposed-r001-20260818T050403Z,loan_to_customer,3,16,200,14.999700,
proposed,1,4,perf-proposed-r001-20260818T050403Z,loan_to_customer,3,17,200,14.709000,
proposed,1,4,perf-proposed-r001-20260818T050403Z,loan_to_customer,3,18,200,14.537100,
proposed,1,4,perf-proposed-r001-20260818T050403Z,loan_to_customer,3,19,200,14.363600,
proposed,1,4,perf-proposed-r001-20260818T050403Z,loan_to_customer,3,20,200,14.519700,
proposed,1,4,perf-proposed-r001-20260818T050403Z,loan_to_customer,3,21,200,15.034300,
proposed,1,4,perf-proposed-r001-20260818T050403Z,loan_to_customer,3,22,200,14.323300,
proposed,1,4,perf-proposed-r001-20260818T050403Z,loan_to_customer,3,23,200,13.996500,
proposed,1,4,perf-proposed-r001-20260818T050403Z,loan_to_customer,3,24,200,14.192600,
proposed,1,4,perf-proposed-r001-20260818T050403Z,loan_to_customer,3,25,200,13.781800,
proposed,1,4,perf-proposed-r001-20260818T050403Z,loan_to_customer,3,26,200,14.194900,
proposed,1,4,perf-proposed-r001-20260818T050403Z,loan_to_customer,3,27,200,14.098600,
proposed,1,4,perf-proposed-r001-20260818T050403Z,loan_to_customer,3,28,200,14.747400,
proposed,1,4,perf-proposed-r001-20260818T050403Z,loan_to_customer,3,29,200,15.608100,
proposed,1,4,perf-proposed-r001-20260818T050403Z,loan_to_customer,3,30,200,14.912000,
proposed,1,4,perf-proposed-r001-20260818T050403Z,loan_to_customer,3,31,200,15.002900,
proposed,1,4,perf-proposed-r001-20260818T050403Z,loan_to_customer,3,32,200,14.657000,
proposed,1,4,perf-proposed-r001-20260818T050403Z,loan_to_customer,3,33,200,14.195200,
proposed,1,4,perf-proposed-r001-20260818T050403Z,loan_to_customer,3,34,200,14.065300,
proposed,1,4,perf-proposed-r001-20260818T050403Z,loan_to_customer,3,35,200,14.673900,
proposed,1,4,perf-proposed-r001-20260818T050403Z,loan_to_customer,3,36,200,14.257300,
proposed,1,4,perf-proposed-r001-20260818T050403Z,loan_to_customer,3,37,200,14.562600,
proposed,1,4,perf-proposed-r001-20260818T050403Z,loan_to_customer,3,38,200,14.925600,
proposed,1,4,perf-proposed-r001-20260818T050403Z,loan_to_customer,3,39,200,15.163600,
proposed,1,4,perf-proposed-r001-20260818T050403Z,loan_to_customer,3,40,200,14.030800,
proposed,1,4,perf-proposed-r001-20260818T050403Z,loan_to_customer,3,41,200,13.922100,
proposed,1,4,perf-proposed-r001-20260818T050403Z,loan_to_customer,3,42,200,14.269700,
proposed,1,4,perf-proposed-r001-20260818T050403Z,loan_to_customer,3,43,200,14.859700,
proposed,1,4,perf-proposed-r001-20260818T050403Z,loan_to_customer,3,44,200,14.744200,
proposed,1,4,perf-proposed-r001-20260818T050403Z,loan_to_customer,3,45,200,14.932200,
proposed,1,4,perf-proposed-r001-20260818T050403Z,loan_to_customer,3,46,200,14.482300,
proposed,1,4,perf-proposed-r001-20260818T050403Z,loan_to_customer,3,47,200,15.255400,
proposed,1,4,perf-proposed-r001-20260818T050403Z,loan_to_customer,3,48,200,14.635000,
proposed,1,4,perf-proposed-r001-20260818T050403Z,loan_to_customer,3,49,200,14.856700,
proposed,1,4,perf-proposed-r001-20260818T050403Z,loan_to_customer,3,50,200,14.790200,
proposed,1,4,perf-proposed-r001-20260818T050403Z,loan_to_customer,3,51,200,14.905500,
proposed,1,4,perf-proposed-r001-20260818T050403Z,loan_to_customer,3,52,200,14.115900,
proposed,1,4,perf-proposed-r001-20260818T050403Z,loan_to_customer,3,53,200,14.110100,
proposed,1,4,perf-proposed-r001-20260818T050403Z,loan_to_customer,3,54,200,14.296000,
proposed,1,4,perf-proposed-r001-20260818T050403Z,loan_to_customer,3,55,200,14.701500,
proposed,1,4,perf-proposed-r001-20260818T050403Z,loan_to_customer,3,56,200,14.399100,
proposed,1,4,perf-proposed-r001-20260818T050403Z,loan_to_customer,3,57,200,15.163700,
proposed,1,4,perf-proposed-r001-20260818T050403Z,loan_to_customer,3,58,200,14.289700,
proposed,1,4,perf-proposed-r001-20260818T050403Z,loan_to_customer,3,59,200,15.369500,
proposed,1,4,perf-proposed-r001-20260818T050403Z,loan_to_customer,3,60,200,15.372600,
proposed,1,4,perf-proposed-r001-20260818T050403Z,loan_to_customer,3,61,200,15.018500,
proposed,1,4,perf-proposed-r001-20260818T050403Z,loan_to_customer,3,62,200,14.388300,
proposed,1,4,perf-proposed-r001-20260818T050403Z,loan_to_customer,3,63,200,14.555100,
proposed,1,4,perf-proposed-r001-20260818T050403Z,loan_to_customer,3,64,200,14.432400,
proposed,1,4,perf-proposed-r001-20260818T050403Z,loan_to_customer,3,65,200,14.926100,
proposed,1,4,perf-proposed-r001-20260818T050403Z,loan_to_customer,3,66,200,14.258900,
proposed,1,4,perf-proposed-r001-20260818T050403Z,loan_to_customer,3,67,200,14.727100,
proposed,1,4,perf-proposed-r001-20260818T050403Z,loan_to_customer,3,68,200,14.868300,
proposed,1,4,perf-proposed-r001-20260818T050403Z,loan_to_customer,3,69,200,14.526300,
proposed,1,4,perf-proposed-r001-20260818T050403Z,loan_to_customer,3,70,200,15.461800,
proposed,1,4,perf-proposed-r001-20260818T050403Z,loan_to_customer,3,71,200,15.310000,
proposed,1,4,perf-proposed-r001-20260818T050403Z,loan_to_customer,3,72,200,14.830500,
proposed,1,4,perf-proposed-r001-20260818T050403Z,loan_to_customer,3,73,200,14.678000,
proposed,1,4,perf-proposed-r001-20260818T050403Z,loan_to_customer,3,74,200,14.665200,
proposed,1,4,perf-proposed-r001-20260818T050403Z,loan_to_customer,3,75,200,14.114100,
proposed,1,4,perf-proposed-r001-20260818T050403Z,loan_to_customer,3,76,200,13.774000,
proposed,1,4,perf-proposed-r001-20260818T050403Z,loan_to_customer,3,77,200,14.587400,
proposed,1,4,perf-proposed-r001-20260818T050403Z,loan_to_customer,3,78,200,14.978100,
proposed,1,4,perf-proposed-r001-20260818T050403Z,loan_to_customer,3,79,200,14.310400,
proposed,1,4,perf-proposed-r001-20260818T050403Z,loan_to_customer,3,80,200,14.791900,
proposed,1,4,perf-proposed-r001-20260818T050403Z,loan_to_customer,3,81,200,15.422000,
proposed,1,4,perf-proposed-r001-20260818T050403Z,loan_to_customer,3,82,200,14.917700,
proposed,1,4,perf-proposed-r001-20260818T050403Z,loan_to_customer,3,83,200,14.122100,
proposed,1,4,perf-proposed-r001-20260818T050403Z,loan_to_customer,3,84,200,13.840700,
proposed,1,4,perf-proposed-r001-20260818T050403Z,loan_to_customer,3,85,200,14.419100,
proposed,1,4,perf-proposed-r001-20260818T050403Z,loan_to_customer,3,86,200,14.095100,
proposed,1,4,perf-proposed-r001-20260818T050403Z,loan_to_customer,3,87,200,14.275300,
proposed,1,4,perf-proposed-r001-20260818T050403Z,loan_to_customer,3,88,200,14.502000,
proposed,1,4,perf-proposed-r001-20260818T050403Z,loan_to_customer,3,89,200,14.104800,
proposed,1,4,perf-proposed-r001-20260818T050403Z,loan_to_customer,3,90,200,14.430900,
proposed,1,4,perf-proposed-r001-20260818T050403Z,loan_to_customer,3,91,200,14.964900,
proposed,1,4,perf-proposed-r001-20260818T050403Z,loan_to_customer,3,92,200,14.674500,
proposed,1,4,perf-proposed-r001-20260818T050403Z,loan_to_customer,3,93,200,14.723300,
proposed,1,4,perf-proposed-r001-20260818T050403Z,loan_to_customer,3,94,200,13.885400,
proposed,1,4,perf-proposed-r001-20260818T050403Z,loan_to_customer,3,95,200,14.391100,
proposed,1,4,perf-proposed-r001-20260818T050403Z,loan_to_customer,3,96,200,14.145400,
proposed,1,4,perf-proposed-r001-20260818T050403Z,loan_to_customer,3,97,200,15.352100,
proposed,1,4,perf-proposed-r001-20260818T050403Z,loan_to_customer,3,98,200,15.332300,
proposed,1,4,perf-proposed-r001-20260818T050403Z,loan_to_customer,3,99,200,14.625200,
proposed,1,4,perf-proposed-r001-20260818T050403Z,loan_to_customer,3,100,200,14.024500,
proposed,1,4,perf-proposed-r001-20260818T050403Z,loan_to_customer,3,101,200,14.197400,
proposed,1,4,perf-proposed-r001-20260818T050403Z,loan_to_customer,3,102,200,14.435500,
proposed,1,4,perf-proposed-r001-20260818T050403Z,loan_to_customer,3,103,200,14.374300,
proposed,1,4,perf-proposed-r001-20260818T050403Z,loan_to_customer,3,104,200,14.807600,
proposed,1,4,perf-proposed-r001-20260818T050403Z,loan_to_customer,3,105,200,14.412900,
proposed,1,4,perf-proposed-r001-20260818T050403Z,loan_to_customer,3,106,200,14.608100,
proposed,1,4,perf-proposed-r001-20260818T050403Z,loan_to_customer,3,107,200,15.075200,
proposed,1,4,perf-proposed-r001-20260818T050403Z,loan_to_customer,3,108,200,15.000600,
proposed,1,4,perf-proposed-r001-20260818T050403Z,loan_to_customer,3,109,200,15.407800,
proposed,1,4,perf-proposed-r001-20260818T050403Z,loan_to_customer,3,110,200,16.284100,
proposed,1,4,perf-proposed-r001-20260818T050403Z,loan_to_customer,3,111,200,15.294800,
proposed,1,4,perf-proposed-r001-20260818T050403Z,loan_to_customer,3,112,200,13.985600,
proposed,1,4,perf-proposed-r001-20260818T050403Z,loan_to_customer,3,113,200,15.185300,
proposed,1,4,perf-proposed-r001-20260818T050403Z,loan_to_customer,3,114,200,14.204200,
proposed,1,4,perf-proposed-r001-20260818T050403Z,loan_to_customer,3,115,200,14.411700,
proposed,1,4,perf-proposed-r001-20260818T050403Z,loan_to_customer,3,116,200,14.032000,
proposed,1,4,perf-proposed-r001-20260818T050403Z,loan_to_customer,3,117,200,13.763700,
proposed,1,4,perf-proposed-r001-20260818T050403Z,loan_to_customer,3,118,200,13.552900,
proposed,1,4,perf-proposed-r001-20260818T050403Z,loan_to_customer,3,119,200,14.379000,
proposed,1,4,perf-proposed-r001-20260818T050403Z,loan_to_customer,3,120,200,13.799100,
proposed,1,4,perf-proposed-r001-20260818T050403Z,loan_to_customer,3,121,200,14.273100,
proposed,1,4,perf-proposed-r001-20260818T050403Z,loan_to_customer,3,122,200,13.479000,
proposed,1,4,perf-proposed-r001-20260818T050403Z,loan_to_customer,3,123,200,15.021000,
proposed,1,4,perf-proposed-r001-20260818T050403Z,loan_to_customer,3,124,200,14.137900,
proposed,1,4,perf-proposed-r001-20260818T050403Z,loan_to_customer,3,125,200,15.660900,
proposed,1,4,perf-proposed-r001-20260818T050403Z,loan_to_customer,3,126,200,14.632900,
proposed,1,4,perf-proposed-r001-20260818T050403Z,loan_to_customer,3,127,200,14.634300,
proposed,1,4,perf-proposed-r001-20260818T050403Z,loan_to_customer,3,128,200,14.524100,
proposed,1,4,perf-proposed-r001-20260818T050403Z,loan_to_customer,3,129,200,13.908800,
proposed,1,4,perf-proposed-r001-20260818T050403Z,loan_to_customer,3,130,200,14.432300,
proposed,1,4,perf-proposed-r001-20260818T050403Z,loan_to_customer,3,131,200,13.964100,
proposed,1,4,perf-proposed-r001-20260818T050403Z,loan_to_customer,3,132,200,14.301400,
proposed,1,4,perf-proposed-r001-20260818T050403Z,loan_to_customer,3,133,200,14.449500,
proposed,1,4,perf-proposed-r001-20260818T050403Z,loan_to_customer,3,134,200,14.641000,
proposed,1,4,perf-proposed-r001-20260818T050403Z,loan_to_customer,3,135,200,15.548000,
proposed,1,4,perf-proposed-r001-20260818T050403Z,loan_to_customer,3,136,200,15.987900,
proposed,1,4,perf-proposed-r001-20260818T050403Z,loan_to_customer,3,137,200,15.640200,
proposed,1,4,perf-proposed-r001-20260818T050403Z,loan_to_customer,3,138,200,15.471700,
proposed,1,4,perf-proposed-r001-20260818T050403Z,loan_to_customer,3,139,200,15.249200,
proposed,1,4,perf-proposed-r001-20260818T050403Z,loan_to_customer,3,140,200,15.012900,
proposed,1,4,perf-proposed-r001-20260818T050403Z,loan_to_customer,3,141,200,16.263800,
proposed,1,4,perf-proposed-r001-20260818T050403Z,loan_to_customer,3,142,200,15.622200,
proposed,1,4,perf-proposed-r001-20260818T050403Z,loan_to_customer,3,143,200,15.016500,
proposed,1,4,perf-proposed-r001-20260818T050403Z,loan_to_customer,3,144,200,15.305000,
proposed,1,4,perf-proposed-r001-20260818T050403Z,loan_to_customer,3,145,200,15.888500,
proposed,1,4,perf-proposed-r001-20260818T050403Z,loan_to_customer,3,146,200,15.096500,
proposed,1,4,perf-proposed-r001-20260818T050403Z,loan_to_customer,3,147,200,14.208800,
proposed,1,4,perf-proposed-r001-20260818T050403Z,loan_to_customer,3,148,200,14.866200,
proposed,1,4,perf-proposed-r001-20260818T050403Z,loan_to_customer,3,149,200,14.194700,
proposed,1,4,perf-proposed-r001-20260818T050403Z,loan_to_customer,3,150,200,15.839300,
proposed,1,4,perf-proposed-r001-20260818T050403Z,loan_to_customer,3,151,200,14.883100,
proposed,1,4,perf-proposed-r001-20260818T050403Z,loan_to_customer,3,152,200,15.862800,
proposed,1,4,perf-proposed-r001-20260818T050403Z,loan_to_customer,3,153,200,16.719400,
proposed,1,4,perf-proposed-r001-20260818T050403Z,loan_to_customer,3,154,200,15.889300,
proposed,1,4,perf-proposed-r001-20260818T050403Z,loan_to_customer,3,155,200,13.977800,
proposed,1,4,perf-proposed-r001-20260818T050403Z,loan_to_customer,3,156,200,15.208400,
proposed,1,4,perf-proposed-r001-20260818T050403Z,loan_to_customer,3,157,200,14.701800,
proposed,1,4,perf-proposed-r001-20260818T050403Z,loan_to_customer,3,158,200,14.190500,
proposed,1,4,perf-proposed-r001-20260818T050403Z,loan_to_customer,3,159,200,14.729300,
proposed,1,4,perf-proposed-r001-20260818T050403Z,loan_to_customer,3,160,200,13.970500,
proposed,1,4,perf-proposed-r001-20260818T050403Z,loan_to_customer,3,161,200,14.856200,
proposed,1,4,perf-proposed-r001-20260818T050403Z,loan_to_customer,3,162,200,14.036000,
proposed,1,4,perf-proposed-r001-20260818T050403Z,loan_to_customer,3,163,200,14.571600,
proposed,1,4,perf-proposed-r001-20260818T050403Z,loan_to_customer,3,164,200,14.308200,
proposed,1,4,perf-proposed-r001-20260818T050403Z,loan_to_customer,3,165,200,22.692900,
proposed,1,4,perf-proposed-r001-20260818T050403Z,loan_to_customer,3,166,200,15.448700,
proposed,1,4,perf-proposed-r001-20260818T050403Z,loan_to_customer,3,167,200,15.180200,
proposed,1,4,perf-proposed-r001-20260818T050403Z,loan_to_customer,3,168,200,15.291600,
proposed,1,4,perf-proposed-r001-20260818T050403Z,loan_to_customer,3,169,200,15.136700,
proposed,1,4,perf-proposed-r001-20260818T050403Z,loan_to_customer,3,170,200,15.580000,
proposed,1,4,perf-proposed-r001-20260818T050403Z,loan_to_customer,3,171,200,14.695000,
proposed,1,4,perf-proposed-r001-20260818T050403Z,loan_to_customer,3,172,200,14.815400,
proposed,1,4,perf-proposed-r001-20260818T050403Z,loan_to_customer,3,173,200,14.501300,
proposed,1,4,perf-proposed-r001-20260818T050403Z,loan_to_customer,3,174,200,15.759000,
proposed,1,4,perf-proposed-r001-20260818T050403Z,loan_to_customer,3,175,200,16.206000,
proposed,1,4,perf-proposed-r001-20260818T050403Z,loan_to_customer,3,176,200,17.085100,
proposed,1,4,perf-proposed-r001-20260818T050403Z,loan_to_customer,3,177,200,15.334300,
proposed,1,4,perf-proposed-r001-20260818T050403Z,loan_to_customer,3,178,200,15.656500,
proposed,1,4,perf-proposed-r001-20260818T050403Z,loan_to_customer,3,179,200,15.203200,
proposed,1,4,perf-proposed-r001-20260818T050403Z,loan_to_customer,3,180,200,16.211700,
proposed,1,4,perf-proposed-r001-20260818T050403Z,loan_to_customer,3,181,200,15.557600,
proposed,1,4,perf-proposed-r001-20260818T050403Z,loan_to_customer,3,182,200,16.056100,
proposed,1,4,perf-proposed-r001-20260818T050403Z,loan_to_customer,3,183,200,16.211000,
proposed,1,4,perf-proposed-r001-20260818T050403Z,loan_to_customer,3,184,200,16.094000,
proposed,1,4,perf-proposed-r001-20260818T050403Z,loan_to_customer,3,185,200,16.581200,
proposed,1,4,perf-proposed-r001-20260818T050403Z,loan_to_customer,3,186,200,16.030300,
proposed,1,4,perf-proposed-r001-20260818T050403Z,loan_to_customer,3,187,200,17.109900,
proposed,1,4,perf-proposed-r001-20260818T050403Z,loan_to_customer,3,188,200,16.376000,
proposed,1,4,perf-proposed-r001-20260818T050403Z,loan_to_customer,3,189,200,17.713300,
proposed,1,4,perf-proposed-r001-20260818T050403Z,loan_to_customer,3,190,200,16.324200,
proposed,1,4,perf-proposed-r001-20260818T050403Z,loan_to_customer,3,191,200,15.164900,
proposed,1,4,perf-proposed-r001-20260818T050403Z,loan_to_customer,3,192,200,15.587800,
proposed,1,4,perf-proposed-r001-20260818T050403Z,loan_to_customer,3,193,200,14.798900,
proposed,1,4,perf-proposed-r001-20260818T050403Z,loan_to_customer,3,194,200,14.668900,
proposed,1,4,perf-proposed-r001-20260818T050403Z,loan_to_customer,3,195,200,14.293600,
proposed,1,4,perf-proposed-r001-20260818T050403Z,loan_to_customer,3,196,200,15.316700,
proposed,1,4,perf-proposed-r001-20260818T050403Z,loan_to_customer,3,197,200,16.088100,
proposed,1,4,perf-proposed-r001-20260818T050403Z,loan_to_customer,3,198,200,15.334900,
proposed,1,4,perf-proposed-r001-20260818T050403Z,loan_to_customer,3,199,200,15.410000,
proposed,1,4,perf-proposed-r001-20260818T050403Z,loan_to_customer,3,200,200,15.401400,
proposed,1,4,perf-proposed-r001-20260818T050403Z,loan_to_credit,1,1,200,16.202000,
proposed,1,4,perf-proposed-r001-20260818T050403Z,loan_to_credit,1,2,200,16.719700,
proposed,1,4,perf-proposed-r001-20260818T050403Z,loan_to_credit,1,3,200,16.239700,
proposed,1,4,perf-proposed-r001-20260818T050403Z,loan_to_credit,1,4,200,18.268900,
proposed,1,4,perf-proposed-r001-20260818T050403Z,loan_to_credit,1,5,200,16.425100,
proposed,1,4,perf-proposed-r001-20260818T050403Z,loan_to_credit,1,6,200,17.170600,
proposed,1,4,perf-proposed-r001-20260818T050403Z,loan_to_credit,1,7,200,18.920500,
proposed,1,4,perf-proposed-r001-20260818T050403Z,loan_to_credit,1,8,200,16.144900,
proposed,1,4,perf-proposed-r001-20260818T050403Z,loan_to_credit,1,9,200,15.950800,
proposed,1,4,perf-proposed-r001-20260818T050403Z,loan_to_credit,1,10,200,15.928000,
proposed,1,4,perf-proposed-r001-20260818T050403Z,loan_to_credit,1,11,200,15.753500,
proposed,1,4,perf-proposed-r001-20260818T050403Z,loan_to_credit,1,12,200,16.240900,
proposed,1,4,perf-proposed-r001-20260818T050403Z,loan_to_credit,1,13,200,16.021900,
proposed,1,4,perf-proposed-r001-20260818T050403Z,loan_to_credit,1,14,200,16.731200,
proposed,1,4,perf-proposed-r001-20260818T050403Z,loan_to_credit,1,15,200,16.071600,
proposed,1,4,perf-proposed-r001-20260818T050403Z,loan_to_credit,1,16,200,16.180900,
proposed,1,4,perf-proposed-r001-20260818T050403Z,loan_to_credit,1,17,200,16.209000,
proposed,1,4,perf-proposed-r001-20260818T050403Z,loan_to_credit,1,18,200,15.676000,
proposed,1,4,perf-proposed-r001-20260818T050403Z,loan_to_credit,1,19,200,16.028500,
proposed,1,4,perf-proposed-r001-20260818T050403Z,loan_to_credit,1,20,200,16.016400,
proposed,1,4,perf-proposed-r001-20260818T050403Z,loan_to_credit,1,21,200,16.156700,
proposed,1,4,perf-proposed-r001-20260818T050403Z,loan_to_credit,1,22,200,15.617800,
proposed,1,4,perf-proposed-r001-20260818T050403Z,loan_to_credit,1,23,200,15.855500,
proposed,1,4,perf-proposed-r001-20260818T050403Z,loan_to_credit,1,24,200,16.315700,
proposed,1,4,perf-proposed-r001-20260818T050403Z,loan_to_credit,1,25,200,16.371900,
proposed,1,4,perf-proposed-r001-20260818T050403Z,loan_to_credit,1,26,200,16.928300,
proposed,1,4,perf-proposed-r001-20260818T050403Z,loan_to_credit,1,27,200,16.651200,
proposed,1,4,perf-proposed-r001-20260818T050403Z,loan_to_credit,1,28,200,16.063400,
proposed,1,4,perf-proposed-r001-20260818T050403Z,loan_to_credit,1,29,200,15.825100,
proposed,1,4,perf-proposed-r001-20260818T050403Z,loan_to_credit,1,30,200,16.861300,
proposed,1,4,perf-proposed-r001-20260818T050403Z,loan_to_credit,1,31,200,17.026200,
proposed,1,4,perf-proposed-r001-20260818T050403Z,loan_to_credit,1,32,200,17.648700,
proposed,1,4,perf-proposed-r001-20260818T050403Z,loan_to_credit,1,33,200,16.914800,
proposed,1,4,perf-proposed-r001-20260818T050403Z,loan_to_credit,1,34,200,17.089900,
proposed,1,4,perf-proposed-r001-20260818T050403Z,loan_to_credit,1,35,200,16.433600,
proposed,1,4,perf-proposed-r001-20260818T050403Z,loan_to_credit,1,36,200,16.877900,
proposed,1,4,perf-proposed-r001-20260818T050403Z,loan_to_credit,1,37,200,16.003900,
proposed,1,4,perf-proposed-r001-20260818T050403Z,loan_to_credit,1,38,200,16.136600,
proposed,1,4,perf-proposed-r001-20260818T050403Z,loan_to_credit,1,39,200,17.000700,
proposed,1,4,perf-proposed-r001-20260818T050403Z,loan_to_credit,1,40,200,16.662800,
proposed,1,4,perf-proposed-r001-20260818T050403Z,loan_to_credit,1,41,200,16.382800,
proposed,1,4,perf-proposed-r001-20260818T050403Z,loan_to_credit,1,42,200,17.789800,
proposed,1,4,perf-proposed-r001-20260818T050403Z,loan_to_credit,1,43,200,16.870300,
proposed,1,4,perf-proposed-r001-20260818T050403Z,loan_to_credit,1,44,200,18.154700,
proposed,1,4,perf-proposed-r001-20260818T050403Z,loan_to_credit,1,45,200,15.989400,
proposed,1,4,perf-proposed-r001-20260818T050403Z,loan_to_credit,1,46,200,17.161300,
proposed,1,4,perf-proposed-r001-20260818T050403Z,loan_to_credit,1,47,200,17.630300,
proposed,1,4,perf-proposed-r001-20260818T050403Z,loan_to_credit,1,48,200,17.507800,
proposed,1,4,perf-proposed-r001-20260818T050403Z,loan_to_credit,1,49,200,16.670200,
proposed,1,4,perf-proposed-r001-20260818T050403Z,loan_to_credit,1,50,200,16.807500,
proposed,1,4,perf-proposed-r001-20260818T050403Z,loan_to_credit,1,51,200,17.939700,
proposed,1,4,perf-proposed-r001-20260818T050403Z,loan_to_credit,1,52,200,17.700700,
proposed,1,4,perf-proposed-r001-20260818T050403Z,loan_to_credit,1,53,200,17.414700,
proposed,1,4,perf-proposed-r001-20260818T050403Z,loan_to_credit,1,54,200,17.030100,
proposed,1,4,perf-proposed-r001-20260818T050403Z,loan_to_credit,1,55,200,18.407600,
proposed,1,4,perf-proposed-r001-20260818T050403Z,loan_to_credit,1,56,200,17.984100,
proposed,1,4,perf-proposed-r001-20260818T050403Z,loan_to_credit,1,57,200,17.696600,
proposed,1,4,perf-proposed-r001-20260818T050403Z,loan_to_credit,1,58,200,18.143900,
proposed,1,4,perf-proposed-r001-20260818T050403Z,loan_to_credit,1,59,200,17.769800,
proposed,1,4,perf-proposed-r001-20260818T050403Z,loan_to_credit,1,60,200,16.607700,
proposed,1,4,perf-proposed-r001-20260818T050403Z,loan_to_credit,1,61,200,16.872300,
proposed,1,4,perf-proposed-r001-20260818T050403Z,loan_to_credit,1,62,200,16.853500,
proposed,1,4,perf-proposed-r001-20260818T050403Z,loan_to_credit,1,63,200,18.297900,
proposed,1,4,perf-proposed-r001-20260818T050403Z,loan_to_credit,1,64,200,18.017700,
proposed,1,4,perf-proposed-r001-20260818T050403Z,loan_to_credit,1,65,200,22.111100,
proposed,1,4,perf-proposed-r001-20260818T050403Z,loan_to_credit,1,66,200,19.011900,
proposed,1,4,perf-proposed-r001-20260818T050403Z,loan_to_credit,1,67,200,17.651700,
proposed,1,4,perf-proposed-r001-20260818T050403Z,loan_to_credit,1,68,200,17.048100,
proposed,1,4,perf-proposed-r001-20260818T050403Z,loan_to_credit,1,69,200,16.564200,
proposed,1,4,perf-proposed-r001-20260818T050403Z,loan_to_credit,1,70,200,15.991000,
proposed,1,4,perf-proposed-r001-20260818T050403Z,loan_to_credit,1,71,200,16.602500,
proposed,1,4,perf-proposed-r001-20260818T050403Z,loan_to_credit,1,72,200,16.887900,
proposed,1,4,perf-proposed-r001-20260818T050403Z,loan_to_credit,1,73,200,15.837000,
proposed,1,4,perf-proposed-r001-20260818T050403Z,loan_to_credit,1,74,200,16.037600,
proposed,1,4,perf-proposed-r001-20260818T050403Z,loan_to_credit,1,75,200,15.697200,
proposed,1,4,perf-proposed-r001-20260818T050403Z,loan_to_credit,1,76,200,15.999400,
proposed,1,4,perf-proposed-r001-20260818T050403Z,loan_to_credit,1,77,200,17.204500,
proposed,1,4,perf-proposed-r001-20260818T050403Z,loan_to_credit,1,78,200,16.717200,
proposed,1,4,perf-proposed-r001-20260818T050403Z,loan_to_credit,1,79,200,16.138800,
proposed,1,4,perf-proposed-r001-20260818T050403Z,loan_to_credit,1,80,200,16.016300,
proposed,1,4,perf-proposed-r001-20260818T050403Z,loan_to_credit,1,81,200,16.705600,
proposed,1,4,perf-proposed-r001-20260818T050403Z,loan_to_credit,1,82,200,17.125800,
proposed,1,4,perf-proposed-r001-20260818T050403Z,loan_to_credit,1,83,200,15.578300,
proposed,1,4,perf-proposed-r001-20260818T050403Z,loan_to_credit,1,84,200,16.384500,
proposed,1,4,perf-proposed-r001-20260818T050403Z,loan_to_credit,1,85,200,18.293500,
proposed,1,4,perf-proposed-r001-20260818T050403Z,loan_to_credit,1,86,200,15.711100,
proposed,1,4,perf-proposed-r001-20260818T050403Z,loan_to_credit,1,87,200,16.342500,
proposed,1,4,perf-proposed-r001-20260818T050403Z,loan_to_credit,1,88,200,17.626300,
proposed,1,4,perf-proposed-r001-20260818T050403Z,loan_to_credit,1,89,200,16.096500,
proposed,1,4,perf-proposed-r001-20260818T050403Z,loan_to_credit,1,90,200,16.255700,
proposed,1,4,perf-proposed-r001-20260818T050403Z,loan_to_credit,1,91,200,17.274900,
proposed,1,4,perf-proposed-r001-20260818T050403Z,loan_to_credit,1,92,200,16.055300,
proposed,1,4,perf-proposed-r001-20260818T050403Z,loan_to_credit,1,93,200,16.024100,
proposed,1,4,perf-proposed-r001-20260818T050403Z,loan_to_credit,1,94,200,16.005900,
proposed,1,4,perf-proposed-r001-20260818T050403Z,loan_to_credit,1,95,200,19.208400,
proposed,1,4,perf-proposed-r001-20260818T050403Z,loan_to_credit,1,96,200,16.919200,
proposed,1,4,perf-proposed-r001-20260818T050403Z,loan_to_credit,1,97,200,17.438800,
proposed,1,4,perf-proposed-r001-20260818T050403Z,loan_to_credit,1,98,200,17.233900,
proposed,1,4,perf-proposed-r001-20260818T050403Z,loan_to_credit,1,99,200,16.432200,
proposed,1,4,perf-proposed-r001-20260818T050403Z,loan_to_credit,1,100,200,16.214600,
proposed,1,4,perf-proposed-r001-20260818T050403Z,loan_to_credit,1,101,200,15.079200,
proposed,1,4,perf-proposed-r001-20260818T050403Z,loan_to_credit,1,102,200,17.144900,
proposed,1,4,perf-proposed-r001-20260818T050403Z,loan_to_credit,1,103,200,16.170200,
proposed,1,4,perf-proposed-r001-20260818T050403Z,loan_to_credit,1,104,200,16.460200,
proposed,1,4,perf-proposed-r001-20260818T050403Z,loan_to_credit,1,105,200,17.016700,
proposed,1,4,perf-proposed-r001-20260818T050403Z,loan_to_credit,1,106,200,16.690400,
proposed,1,4,perf-proposed-r001-20260818T050403Z,loan_to_credit,1,107,200,17.804500,
proposed,1,4,perf-proposed-r001-20260818T050403Z,loan_to_credit,1,108,200,17.142700,
proposed,1,4,perf-proposed-r001-20260818T050403Z,loan_to_credit,1,109,200,16.922900,
proposed,1,4,perf-proposed-r001-20260818T050403Z,loan_to_credit,1,110,200,16.975000,
proposed,1,4,perf-proposed-r001-20260818T050403Z,loan_to_credit,1,111,200,17.004100,
proposed,1,4,perf-proposed-r001-20260818T050403Z,loan_to_credit,1,112,200,17.149400,
proposed,1,4,perf-proposed-r001-20260818T050403Z,loan_to_credit,1,113,200,17.133200,
proposed,1,4,perf-proposed-r001-20260818T050403Z,loan_to_credit,1,114,200,17.084200,
proposed,1,4,perf-proposed-r001-20260818T050403Z,loan_to_credit,1,115,200,16.552300,
proposed,1,4,perf-proposed-r001-20260818T050403Z,loan_to_credit,1,116,200,16.801000,
proposed,1,4,perf-proposed-r001-20260818T050403Z,loan_to_credit,1,117,200,15.722100,
proposed,1,4,perf-proposed-r001-20260818T050403Z,loan_to_credit,1,118,200,16.513500,
proposed,1,4,perf-proposed-r001-20260818T050403Z,loan_to_credit,1,119,200,16.557300,
proposed,1,4,perf-proposed-r001-20260818T050403Z,loan_to_credit,1,120,200,15.950800,
proposed,1,4,perf-proposed-r001-20260818T050403Z,loan_to_credit,1,121,200,16.134900,
proposed,1,4,perf-proposed-r001-20260818T050403Z,loan_to_credit,1,122,200,16.412400,
proposed,1,4,perf-proposed-r001-20260818T050403Z,loan_to_credit,1,123,200,16.039800,
proposed,1,4,perf-proposed-r001-20260818T050403Z,loan_to_credit,1,124,200,17.116200,
proposed,1,4,perf-proposed-r001-20260818T050403Z,loan_to_credit,1,125,200,17.798300,
proposed,1,4,perf-proposed-r001-20260818T050403Z,loan_to_credit,1,126,200,16.739600,
proposed,1,4,perf-proposed-r001-20260818T050403Z,loan_to_credit,1,127,200,16.111500,
proposed,1,4,perf-proposed-r001-20260818T050403Z,loan_to_credit,1,128,200,16.770700,
proposed,1,4,perf-proposed-r001-20260818T050403Z,loan_to_credit,1,129,200,16.373900,
proposed,1,4,perf-proposed-r001-20260818T050403Z,loan_to_credit,1,130,200,15.837900,
proposed,1,4,perf-proposed-r001-20260818T050403Z,loan_to_credit,1,131,200,16.974800,
proposed,1,4,perf-proposed-r001-20260818T050403Z,loan_to_credit,1,132,200,17.090500,
proposed,1,4,perf-proposed-r001-20260818T050403Z,loan_to_credit,1,133,200,16.431100,
proposed,1,4,perf-proposed-r001-20260818T050403Z,loan_to_credit,1,134,200,16.126500,
proposed,1,4,perf-proposed-r001-20260818T050403Z,loan_to_credit,1,135,200,17.826000,
proposed,1,4,perf-proposed-r001-20260818T050403Z,loan_to_credit,1,136,200,16.807600,
proposed,1,4,perf-proposed-r001-20260818T050403Z,loan_to_credit,1,137,200,16.182400,
proposed,1,4,perf-proposed-r001-20260818T050403Z,loan_to_credit,1,138,200,16.706000,
proposed,1,4,perf-proposed-r001-20260818T050403Z,loan_to_credit,1,139,200,15.246700,
proposed,1,4,perf-proposed-r001-20260818T050403Z,loan_to_credit,1,140,200,16.816400,
proposed,1,4,perf-proposed-r001-20260818T050403Z,loan_to_credit,1,141,200,16.333800,
proposed,1,4,perf-proposed-r001-20260818T050403Z,loan_to_credit,1,142,200,16.856000,
proposed,1,4,perf-proposed-r001-20260818T050403Z,loan_to_credit,1,143,200,17.431500,
proposed,1,4,perf-proposed-r001-20260818T050403Z,loan_to_credit,1,144,200,17.027800,
proposed,1,4,perf-proposed-r001-20260818T050403Z,loan_to_credit,1,145,200,16.344700,
proposed,1,4,perf-proposed-r001-20260818T050403Z,loan_to_credit,1,146,200,16.226100,
proposed,1,4,perf-proposed-r001-20260818T050403Z,loan_to_credit,1,147,200,17.071600,
proposed,1,4,perf-proposed-r001-20260818T050403Z,loan_to_credit,1,148,200,16.307800,
proposed,1,4,perf-proposed-r001-20260818T050403Z,loan_to_credit,1,149,200,16.758300,
proposed,1,4,perf-proposed-r001-20260818T050403Z,loan_to_credit,1,150,200,16.171800,
proposed,1,4,perf-proposed-r001-20260818T050403Z,loan_to_credit,1,151,200,17.206200,
proposed,1,4,perf-proposed-r001-20260818T050403Z,loan_to_credit,1,152,200,16.363000,
proposed,1,4,perf-proposed-r001-20260818T050403Z,loan_to_credit,1,153,200,16.315100,
proposed,1,4,perf-proposed-r001-20260818T050403Z,loan_to_credit,1,154,200,16.244700,
proposed,1,4,perf-proposed-r001-20260818T050403Z,loan_to_credit,1,155,200,16.595900,
proposed,1,4,perf-proposed-r001-20260818T050403Z,loan_to_credit,1,156,200,17.704600,
proposed,1,4,perf-proposed-r001-20260818T050403Z,loan_to_credit,1,157,200,15.875900,
proposed,1,4,perf-proposed-r001-20260818T050403Z,loan_to_credit,1,158,200,15.436600,
proposed,1,4,perf-proposed-r001-20260818T050403Z,loan_to_credit,1,159,200,16.165900,
proposed,1,4,perf-proposed-r001-20260818T050403Z,loan_to_credit,1,160,200,16.727200,
proposed,1,4,perf-proposed-r001-20260818T050403Z,loan_to_credit,1,161,200,16.523500,
proposed,1,4,perf-proposed-r001-20260818T050403Z,loan_to_credit,1,162,200,16.024300,
proposed,1,4,perf-proposed-r001-20260818T050403Z,loan_to_credit,1,163,200,16.064300,
proposed,1,4,perf-proposed-r001-20260818T050403Z,loan_to_credit,1,164,200,15.775900,
proposed,1,4,perf-proposed-r001-20260818T050403Z,loan_to_credit,1,165,200,16.115900,
proposed,1,4,perf-proposed-r001-20260818T050403Z,loan_to_credit,1,166,200,17.009800,
proposed,1,4,perf-proposed-r001-20260818T050403Z,loan_to_credit,1,167,200,16.438700,
proposed,1,4,perf-proposed-r001-20260818T050403Z,loan_to_credit,1,168,200,17.470500,
proposed,1,4,perf-proposed-r001-20260818T050403Z,loan_to_credit,1,169,200,17.507800,
proposed,1,4,perf-proposed-r001-20260818T050403Z,loan_to_credit,1,170,200,16.617800,
proposed,1,4,perf-proposed-r001-20260818T050403Z,loan_to_credit,1,171,200,17.188200,
proposed,1,4,perf-proposed-r001-20260818T050403Z,loan_to_credit,1,172,200,17.492800,
proposed,1,4,perf-proposed-r001-20260818T050403Z,loan_to_credit,1,173,200,17.378600,
proposed,1,4,perf-proposed-r001-20260818T050403Z,loan_to_credit,1,174,200,17.318600,
proposed,1,4,perf-proposed-r001-20260818T050403Z,loan_to_credit,1,175,200,16.687700,
proposed,1,4,perf-proposed-r001-20260818T050403Z,loan_to_credit,1,176,200,17.171800,
proposed,1,4,perf-proposed-r001-20260818T050403Z,loan_to_credit,1,177,200,16.695900,
proposed,1,4,perf-proposed-r001-20260818T050403Z,loan_to_credit,1,178,200,17.005300,
proposed,1,4,perf-proposed-r001-20260818T050403Z,loan_to_credit,1,179,200,15.852000,
proposed,1,4,perf-proposed-r001-20260818T050403Z,loan_to_credit,1,180,200,15.831800,
proposed,1,4,perf-proposed-r001-20260818T050403Z,loan_to_credit,1,181,200,16.259300,
proposed,1,4,perf-proposed-r001-20260818T050403Z,loan_to_credit,1,182,200,16.560300,
proposed,1,4,perf-proposed-r001-20260818T050403Z,loan_to_credit,1,183,200,17.694800,
proposed,1,4,perf-proposed-r001-20260818T050403Z,loan_to_credit,1,184,200,16.933500,
proposed,1,4,perf-proposed-r001-20260818T050403Z,loan_to_credit,1,185,200,17.267000,
proposed,1,4,perf-proposed-r001-20260818T050403Z,loan_to_credit,1,186,200,16.575300,
proposed,1,4,perf-proposed-r001-20260818T050403Z,loan_to_credit,1,187,200,16.791000,
proposed,1,4,perf-proposed-r001-20260818T050403Z,loan_to_credit,1,188,200,15.982800,
proposed,1,4,perf-proposed-r001-20260818T050403Z,loan_to_credit,1,189,200,15.823600,
proposed,1,4,perf-proposed-r001-20260818T050403Z,loan_to_credit,1,190,200,15.667400,
proposed,1,4,perf-proposed-r001-20260818T050403Z,loan_to_credit,1,191,200,16.187800,
proposed,1,4,perf-proposed-r001-20260818T050403Z,loan_to_credit,1,192,200,15.764000,
proposed,1,4,perf-proposed-r001-20260818T050403Z,loan_to_credit,1,193,200,14.766900,
proposed,1,4,perf-proposed-r001-20260818T050403Z,loan_to_credit,1,194,200,15.271600,
proposed,1,4,perf-proposed-r001-20260818T050403Z,loan_to_credit,1,195,200,15.822800,
proposed,1,4,perf-proposed-r001-20260818T050403Z,loan_to_credit,1,196,200,16.674500,
proposed,1,4,perf-proposed-r001-20260818T050403Z,loan_to_credit,1,197,200,15.584700,
proposed,1,4,perf-proposed-r001-20260818T050403Z,loan_to_credit,1,198,200,16.384600,
proposed,1,4,perf-proposed-r001-20260818T050403Z,loan_to_credit,1,199,200,15.745100,
proposed,1,4,perf-proposed-r001-20260818T050403Z,loan_to_credit,1,200,200,18.337400,
proposed,1,4,perf-proposed-r001-20260818T050403Z,loan_to_credit,2,1,200,15.666200,
proposed,1,4,perf-proposed-r001-20260818T050403Z,loan_to_credit,2,2,200,15.906100,
proposed,1,4,perf-proposed-r001-20260818T050403Z,loan_to_credit,2,3,200,15.914600,
proposed,1,4,perf-proposed-r001-20260818T050403Z,loan_to_credit,2,4,200,16.248600,
proposed,1,4,perf-proposed-r001-20260818T050403Z,loan_to_credit,2,5,200,16.714100,
proposed,1,4,perf-proposed-r001-20260818T050403Z,loan_to_credit,2,6,200,17.005600,
proposed,1,4,perf-proposed-r001-20260818T050403Z,loan_to_credit,2,7,200,16.198300,
proposed,1,4,perf-proposed-r001-20260818T050403Z,loan_to_credit,2,8,200,15.730100,
proposed,1,4,perf-proposed-r001-20260818T050403Z,loan_to_credit,2,9,200,17.027600,
proposed,1,4,perf-proposed-r001-20260818T050403Z,loan_to_credit,2,10,200,16.967100,
proposed,1,4,perf-proposed-r001-20260818T050403Z,loan_to_credit,2,11,200,17.123600,
proposed,1,4,perf-proposed-r001-20260818T050403Z,loan_to_credit,2,12,200,17.141700,
proposed,1,4,perf-proposed-r001-20260818T050403Z,loan_to_credit,2,13,200,17.475600,
proposed,1,4,perf-proposed-r001-20260818T050403Z,loan_to_credit,2,14,200,18.691900,
proposed,1,4,perf-proposed-r001-20260818T050403Z,loan_to_credit,2,15,200,16.645700,
proposed,1,4,perf-proposed-r001-20260818T050403Z,loan_to_credit,2,16,200,16.437100,
proposed,1,4,perf-proposed-r001-20260818T050403Z,loan_to_credit,2,17,200,18.543900,
proposed,1,4,perf-proposed-r001-20260818T050403Z,loan_to_credit,2,18,200,16.204600,
proposed,1,4,perf-proposed-r001-20260818T050403Z,loan_to_credit,2,19,200,16.692200,
proposed,1,4,perf-proposed-r001-20260818T050403Z,loan_to_credit,2,20,200,15.625900,
proposed,1,4,perf-proposed-r001-20260818T050403Z,loan_to_credit,2,21,200,16.251900,
proposed,1,4,perf-proposed-r001-20260818T050403Z,loan_to_credit,2,22,200,16.722900,
proposed,1,4,perf-proposed-r001-20260818T050403Z,loan_to_credit,2,23,200,16.285500,
proposed,1,4,perf-proposed-r001-20260818T050403Z,loan_to_credit,2,24,200,16.072000,
proposed,1,4,perf-proposed-r001-20260818T050403Z,loan_to_credit,2,25,200,15.568800,
proposed,1,4,perf-proposed-r001-20260818T050403Z,loan_to_credit,2,26,200,16.493200,
proposed,1,4,perf-proposed-r001-20260818T050403Z,loan_to_credit,2,27,200,15.695100,
proposed,1,4,perf-proposed-r001-20260818T050403Z,loan_to_credit,2,28,200,16.585800,
proposed,1,4,perf-proposed-r001-20260818T050403Z,loan_to_credit,2,29,200,16.680900,
proposed,1,4,perf-proposed-r001-20260818T050403Z,loan_to_credit,2,30,200,16.814700,
proposed,1,4,perf-proposed-r001-20260818T050403Z,loan_to_credit,2,31,200,17.960600,
proposed,1,4,perf-proposed-r001-20260818T050403Z,loan_to_credit,2,32,200,17.351700,
proposed,1,4,perf-proposed-r001-20260818T050403Z,loan_to_credit,2,33,200,18.388800,
proposed,1,4,perf-proposed-r001-20260818T050403Z,loan_to_credit,2,34,200,19.525800,
proposed,1,4,perf-proposed-r001-20260818T050403Z,loan_to_credit,2,35,200,20.831100,
proposed,1,4,perf-proposed-r001-20260818T050403Z,loan_to_credit,2,36,200,21.161700,
proposed,1,4,perf-proposed-r001-20260818T050403Z,loan_to_credit,2,37,200,22.392500,
proposed,1,4,perf-proposed-r001-20260818T050403Z,loan_to_credit,2,38,200,19.994800,
proposed,1,4,perf-proposed-r001-20260818T050403Z,loan_to_credit,2,39,200,16.662300,
proposed,1,4,perf-proposed-r001-20260818T050403Z,loan_to_credit,2,40,200,16.155600,
proposed,1,4,perf-proposed-r001-20260818T050403Z,loan_to_credit,2,41,200,17.373400,
proposed,1,4,perf-proposed-r001-20260818T050403Z,loan_to_credit,2,42,200,16.778700,
proposed,1,4,perf-proposed-r001-20260818T050403Z,loan_to_credit,2,43,200,17.713100,
proposed,1,4,perf-proposed-r001-20260818T050403Z,loan_to_credit,2,44,200,19.060400,
proposed,1,4,perf-proposed-r001-20260818T050403Z,loan_to_credit,2,45,200,17.656600,
proposed,1,4,perf-proposed-r001-20260818T050403Z,loan_to_credit,2,46,200,23.102300,
proposed,1,4,perf-proposed-r001-20260818T050403Z,loan_to_credit,2,47,200,17.271900,
proposed,1,4,perf-proposed-r001-20260818T050403Z,loan_to_credit,2,48,200,17.303700,
proposed,1,4,perf-proposed-r001-20260818T050403Z,loan_to_credit,2,49,200,17.251000,
proposed,1,4,perf-proposed-r001-20260818T050403Z,loan_to_credit,2,50,200,17.764100,
proposed,1,4,perf-proposed-r001-20260818T050403Z,loan_to_credit,2,51,200,16.708900,
proposed,1,4,perf-proposed-r001-20260818T050403Z,loan_to_credit,2,52,200,17.057500,
proposed,1,4,perf-proposed-r001-20260818T050403Z,loan_to_credit,2,53,200,16.722200,
proposed,1,4,perf-proposed-r001-20260818T050403Z,loan_to_credit,2,54,200,18.008600,
proposed,1,4,perf-proposed-r001-20260818T050403Z,loan_to_credit,2,55,200,17.431300,
proposed,1,4,perf-proposed-r001-20260818T050403Z,loan_to_credit,2,56,200,16.973000,
proposed,1,4,perf-proposed-r001-20260818T050403Z,loan_to_credit,2,57,200,15.710400,
proposed,1,4,perf-proposed-r001-20260818T050403Z,loan_to_credit,2,58,200,17.321200,
proposed,1,4,perf-proposed-r001-20260818T050403Z,loan_to_credit,2,59,200,16.569900,
proposed,1,4,perf-proposed-r001-20260818T050403Z,loan_to_credit,2,60,200,17.241400,
proposed,1,4,perf-proposed-r001-20260818T050403Z,loan_to_credit,2,61,200,18.421700,
proposed,1,4,perf-proposed-r001-20260818T050403Z,loan_to_credit,2,62,200,16.836400,
proposed,1,4,perf-proposed-r001-20260818T050403Z,loan_to_credit,2,63,200,16.888800,
proposed,1,4,perf-proposed-r001-20260818T050403Z,loan_to_credit,2,64,200,16.913300,
proposed,1,4,perf-proposed-r001-20260818T050403Z,loan_to_credit,2,65,200,16.669900,
proposed,1,4,perf-proposed-r001-20260818T050403Z,loan_to_credit,2,66,200,16.984800,
proposed,1,4,perf-proposed-r001-20260818T050403Z,loan_to_credit,2,67,200,17.087500,
proposed,1,4,perf-proposed-r001-20260818T050403Z,loan_to_credit,2,68,200,16.729900,
proposed,1,4,perf-proposed-r001-20260818T050403Z,loan_to_credit,2,69,200,17.284600,
proposed,1,4,perf-proposed-r001-20260818T050403Z,loan_to_credit,2,70,200,17.391400,
proposed,1,4,perf-proposed-r001-20260818T050403Z,loan_to_credit,2,71,200,18.082900,
proposed,1,4,perf-proposed-r001-20260818T050403Z,loan_to_credit,2,72,200,16.470700,
proposed,1,4,perf-proposed-r001-20260818T050403Z,loan_to_credit,2,73,200,16.788800,
proposed,1,4,perf-proposed-r001-20260818T050403Z,loan_to_credit,2,74,200,16.638500,
proposed,1,4,perf-proposed-r001-20260818T050403Z,loan_to_credit,2,75,200,16.162700,
proposed,1,4,perf-proposed-r001-20260818T050403Z,loan_to_credit,2,76,200,15.764900,
proposed,1,4,perf-proposed-r001-20260818T050403Z,loan_to_credit,2,77,200,16.318900,
proposed,1,4,perf-proposed-r001-20260818T050403Z,loan_to_credit,2,78,200,17.316000,
proposed,1,4,perf-proposed-r001-20260818T050403Z,loan_to_credit,2,79,200,15.690100,
proposed,1,4,perf-proposed-r001-20260818T050403Z,loan_to_credit,2,80,200,17.053400,
proposed,1,4,perf-proposed-r001-20260818T050403Z,loan_to_credit,2,81,200,16.943300,
proposed,1,4,perf-proposed-r001-20260818T050403Z,loan_to_credit,2,82,200,17.521300,
proposed,1,4,perf-proposed-r001-20260818T050403Z,loan_to_credit,2,83,200,16.938100,
proposed,1,4,perf-proposed-r001-20260818T050403Z,loan_to_credit,2,84,200,16.290900,
proposed,1,4,perf-proposed-r001-20260818T050403Z,loan_to_credit,2,85,200,16.164200,
proposed,1,4,perf-proposed-r001-20260818T050403Z,loan_to_credit,2,86,200,15.550300,
proposed,1,4,perf-proposed-r001-20260818T050403Z,loan_to_credit,2,87,200,16.177800,
proposed,1,4,perf-proposed-r001-20260818T050403Z,loan_to_credit,2,88,200,15.965100,
proposed,1,4,perf-proposed-r001-20260818T050403Z,loan_to_credit,2,89,200,16.057100,
proposed,1,4,perf-proposed-r001-20260818T050403Z,loan_to_credit,2,90,200,17.093500,
proposed,1,4,perf-proposed-r001-20260818T050403Z,loan_to_credit,2,91,200,17.235500,
proposed,1,4,perf-proposed-r001-20260818T050403Z,loan_to_credit,2,92,200,16.765400,
proposed,1,4,perf-proposed-r001-20260818T050403Z,loan_to_credit,2,93,200,16.923500,
proposed,1,4,perf-proposed-r001-20260818T050403Z,loan_to_credit,2,94,200,18.023900,
proposed,1,4,perf-proposed-r001-20260818T050403Z,loan_to_credit,2,95,200,17.478200,
proposed,1,4,perf-proposed-r001-20260818T050403Z,loan_to_credit,2,96,200,18.481500,
proposed,1,4,perf-proposed-r001-20260818T050403Z,loan_to_credit,2,97,200,18.604100,
proposed,1,4,perf-proposed-r001-20260818T050403Z,loan_to_credit,2,98,200,17.970800,
proposed,1,4,perf-proposed-r001-20260818T050403Z,loan_to_credit,2,99,200,18.319200,
proposed,1,4,perf-proposed-r001-20260818T050403Z,loan_to_credit,2,100,200,17.990800,
proposed,1,4,perf-proposed-r001-20260818T050403Z,loan_to_credit,2,101,200,15.855800,
proposed,1,4,perf-proposed-r001-20260818T050403Z,loan_to_credit,2,102,200,16.335100,
proposed,1,4,perf-proposed-r001-20260818T050403Z,loan_to_credit,2,103,200,16.711900,
proposed,1,4,perf-proposed-r001-20260818T050403Z,loan_to_credit,2,104,200,17.262300,
proposed,1,4,perf-proposed-r001-20260818T050403Z,loan_to_credit,2,105,200,16.774900,
proposed,1,4,perf-proposed-r001-20260818T050403Z,loan_to_credit,2,106,200,19.073700,
proposed,1,4,perf-proposed-r001-20260818T050403Z,loan_to_credit,2,107,200,16.807700,
proposed,1,4,perf-proposed-r001-20260818T050403Z,loan_to_credit,2,108,200,16.219400,
proposed,1,4,perf-proposed-r001-20260818T050403Z,loan_to_credit,2,109,200,15.545100,
proposed,1,4,perf-proposed-r001-20260818T050403Z,loan_to_credit,2,110,200,16.609000,
proposed,1,4,perf-proposed-r001-20260818T050403Z,loan_to_credit,2,111,200,16.796600,
proposed,1,4,perf-proposed-r001-20260818T050403Z,loan_to_credit,2,112,200,16.790700,
proposed,1,4,perf-proposed-r001-20260818T050403Z,loan_to_credit,2,113,200,17.990400,
proposed,1,4,perf-proposed-r001-20260818T050403Z,loan_to_credit,2,114,200,15.742500,
proposed,1,4,perf-proposed-r001-20260818T050403Z,loan_to_credit,2,115,200,15.988000,
proposed,1,4,perf-proposed-r001-20260818T050403Z,loan_to_credit,2,116,200,16.075900,
proposed,1,4,perf-proposed-r001-20260818T050403Z,loan_to_credit,2,117,200,17.057400,
proposed,1,4,perf-proposed-r001-20260818T050403Z,loan_to_credit,2,118,200,17.203800,
proposed,1,4,perf-proposed-r001-20260818T050403Z,loan_to_credit,2,119,200,17.532700,
proposed,1,4,perf-proposed-r001-20260818T050403Z,loan_to_credit,2,120,200,17.500400,
proposed,1,4,perf-proposed-r001-20260818T050403Z,loan_to_credit,2,121,200,16.983900,
proposed,1,4,perf-proposed-r001-20260818T050403Z,loan_to_credit,2,122,200,15.253200,
proposed,1,4,perf-proposed-r001-20260818T050403Z,loan_to_credit,2,123,200,16.293700,
proposed,1,4,perf-proposed-r001-20260818T050403Z,loan_to_credit,2,124,200,16.304200,
proposed,1,4,perf-proposed-r001-20260818T050403Z,loan_to_credit,2,125,200,16.963000,
proposed,1,4,perf-proposed-r001-20260818T050403Z,loan_to_credit,2,126,200,16.645200,
proposed,1,4,perf-proposed-r001-20260818T050403Z,loan_to_credit,2,127,200,17.167700,
proposed,1,4,perf-proposed-r001-20260818T050403Z,loan_to_credit,2,128,200,16.996500,
proposed,1,4,perf-proposed-r001-20260818T050403Z,loan_to_credit,2,129,200,16.896200,
proposed,1,4,perf-proposed-r001-20260818T050403Z,loan_to_credit,2,130,200,17.030500,
proposed,1,4,perf-proposed-r001-20260818T050403Z,loan_to_credit,2,131,200,17.250500,
proposed,1,4,perf-proposed-r001-20260818T050403Z,loan_to_credit,2,132,200,16.667900,
proposed,1,4,perf-proposed-r001-20260818T050403Z,loan_to_credit,2,133,200,15.608700,
proposed,1,4,perf-proposed-r001-20260818T050403Z,loan_to_credit,2,134,200,16.331800,
proposed,1,4,perf-proposed-r001-20260818T050403Z,loan_to_credit,2,135,200,15.548400,
proposed,1,4,perf-proposed-r001-20260818T050403Z,loan_to_credit,2,136,200,16.113600,
proposed,1,4,perf-proposed-r001-20260818T050403Z,loan_to_credit,2,137,200,16.174000,
proposed,1,4,perf-proposed-r001-20260818T050403Z,loan_to_credit,2,138,200,15.922400,
proposed,1,4,perf-proposed-r001-20260818T050403Z,loan_to_credit,2,139,200,16.234200,
proposed,1,4,perf-proposed-r001-20260818T050403Z,loan_to_credit,2,140,200,15.784800,
proposed,1,4,perf-proposed-r001-20260818T050403Z,loan_to_credit,2,141,200,15.981300,
proposed,1,4,perf-proposed-r001-20260818T050403Z,loan_to_credit,2,142,200,15.982500,
proposed,1,4,perf-proposed-r001-20260818T050403Z,loan_to_credit,2,143,200,17.143600,
proposed,1,4,perf-proposed-r001-20260818T050403Z,loan_to_credit,2,144,200,16.234800,
proposed,1,4,perf-proposed-r001-20260818T050403Z,loan_to_credit,2,145,200,16.341600,
proposed,1,4,perf-proposed-r001-20260818T050403Z,loan_to_credit,2,146,200,16.183200,
proposed,1,4,perf-proposed-r001-20260818T050403Z,loan_to_credit,2,147,200,15.864400,
proposed,1,4,perf-proposed-r001-20260818T050403Z,loan_to_credit,2,148,200,15.938800,
proposed,1,4,perf-proposed-r001-20260818T050403Z,loan_to_credit,2,149,200,16.159700,
proposed,1,4,perf-proposed-r001-20260818T050403Z,loan_to_credit,2,150,200,16.121100,
proposed,1,4,perf-proposed-r001-20260818T050403Z,loan_to_credit,2,151,200,17.115700,
proposed,1,4,perf-proposed-r001-20260818T050403Z,loan_to_credit,2,152,200,16.755800,
proposed,1,4,perf-proposed-r001-20260818T050403Z,loan_to_credit,2,153,200,16.189300,
proposed,1,4,perf-proposed-r001-20260818T050403Z,loan_to_credit,2,154,200,17.088400,
proposed,1,4,perf-proposed-r001-20260818T050403Z,loan_to_credit,2,155,200,17.217600,
proposed,1,4,perf-proposed-r001-20260818T050403Z,loan_to_credit,2,156,200,16.796700,
proposed,1,4,perf-proposed-r001-20260818T050403Z,loan_to_credit,2,157,200,23.539700,
proposed,1,4,perf-proposed-r001-20260818T050403Z,loan_to_credit,2,158,200,26.054300,
proposed,1,4,perf-proposed-r001-20260818T050403Z,loan_to_credit,2,159,200,19.034000,
proposed,1,4,perf-proposed-r001-20260818T050403Z,loan_to_credit,2,160,200,17.700200,
proposed,1,4,perf-proposed-r001-20260818T050403Z,loan_to_credit,2,161,200,17.886100,
proposed,1,4,perf-proposed-r001-20260818T050403Z,loan_to_credit,2,162,200,20.963700,
proposed,1,4,perf-proposed-r001-20260818T050403Z,loan_to_credit,2,163,200,18.545300,
proposed,1,4,perf-proposed-r001-20260818T050403Z,loan_to_credit,2,164,200,18.369300,
proposed,1,4,perf-proposed-r001-20260818T050403Z,loan_to_credit,2,165,200,16.437700,
proposed,1,4,perf-proposed-r001-20260818T050403Z,loan_to_credit,2,166,200,17.629300,
proposed,1,4,perf-proposed-r001-20260818T050403Z,loan_to_credit,2,167,200,15.987600,
proposed,1,4,perf-proposed-r001-20260818T050403Z,loan_to_credit,2,168,200,16.114600,
proposed,1,4,perf-proposed-r001-20260818T050403Z,loan_to_credit,2,169,200,15.631400,
proposed,1,4,perf-proposed-r001-20260818T050403Z,loan_to_credit,2,170,200,16.091600,
proposed,1,4,perf-proposed-r001-20260818T050403Z,loan_to_credit,2,171,200,16.027500,
proposed,1,4,perf-proposed-r001-20260818T050403Z,loan_to_credit,2,172,200,16.115600,
proposed,1,4,perf-proposed-r001-20260818T050403Z,loan_to_credit,2,173,200,16.023700,
proposed,1,4,perf-proposed-r001-20260818T050403Z,loan_to_credit,2,174,200,15.571300,
proposed,1,4,perf-proposed-r001-20260818T050403Z,loan_to_credit,2,175,200,17.478900,
proposed,1,4,perf-proposed-r001-20260818T050403Z,loan_to_credit,2,176,200,17.027700,
proposed,1,4,perf-proposed-r001-20260818T050403Z,loan_to_credit,2,177,200,17.021200,
proposed,1,4,perf-proposed-r001-20260818T050403Z,loan_to_credit,2,178,200,16.160700,
proposed,1,4,perf-proposed-r001-20260818T050403Z,loan_to_credit,2,179,200,16.403300,
proposed,1,4,perf-proposed-r001-20260818T050403Z,loan_to_credit,2,180,200,16.303200,
proposed,1,4,perf-proposed-r001-20260818T050403Z,loan_to_credit,2,181,200,17.447300,
proposed,1,4,perf-proposed-r001-20260818T050403Z,loan_to_credit,2,182,200,16.695800,
proposed,1,4,perf-proposed-r001-20260818T050403Z,loan_to_credit,2,183,200,17.600500,
proposed,1,4,perf-proposed-r001-20260818T050403Z,loan_to_credit,2,184,200,16.205300,
proposed,1,4,perf-proposed-r001-20260818T050403Z,loan_to_credit,2,185,200,16.893200,
proposed,1,4,perf-proposed-r001-20260818T050403Z,loan_to_credit,2,186,200,16.952600,
proposed,1,4,perf-proposed-r001-20260818T050403Z,loan_to_credit,2,187,200,18.094100,
proposed,1,4,perf-proposed-r001-20260818T050403Z,loan_to_credit,2,188,200,16.508500,
proposed,1,4,perf-proposed-r001-20260818T050403Z,loan_to_credit,2,189,200,16.105700,
proposed,1,4,perf-proposed-r001-20260818T050403Z,loan_to_credit,2,190,200,15.345900,
proposed,1,4,perf-proposed-r001-20260818T050403Z,loan_to_credit,2,191,200,16.012300,
proposed,1,4,perf-proposed-r001-20260818T050403Z,loan_to_credit,2,192,200,15.543700,
proposed,1,4,perf-proposed-r001-20260818T050403Z,loan_to_credit,2,193,200,15.971100,
proposed,1,4,perf-proposed-r001-20260818T050403Z,loan_to_credit,2,194,200,16.621400,
proposed,1,4,perf-proposed-r001-20260818T050403Z,loan_to_credit,2,195,200,16.298800,
proposed,1,4,perf-proposed-r001-20260818T050403Z,loan_to_credit,2,196,200,19.196000,
proposed,1,4,perf-proposed-r001-20260818T050403Z,loan_to_credit,2,197,200,16.041000,
proposed,1,4,perf-proposed-r001-20260818T050403Z,loan_to_credit,2,198,200,16.007700,
proposed,1,4,perf-proposed-r001-20260818T050403Z,loan_to_credit,2,199,200,18.783500,
proposed,1,4,perf-proposed-r001-20260818T050403Z,loan_to_credit,2,200,200,17.641100,
proposed,1,4,perf-proposed-r001-20260818T050403Z,loan_to_credit,3,1,200,16.203800,
proposed,1,4,perf-proposed-r001-20260818T050403Z,loan_to_credit,3,2,200,16.529900,
proposed,1,4,perf-proposed-r001-20260818T050403Z,loan_to_credit,3,3,200,16.490200,
proposed,1,4,perf-proposed-r001-20260818T050403Z,loan_to_credit,3,4,200,15.839800,
proposed,1,4,perf-proposed-r001-20260818T050403Z,loan_to_credit,3,5,200,16.191000,
proposed,1,4,perf-proposed-r001-20260818T050403Z,loan_to_credit,3,6,200,16.234700,
proposed,1,4,perf-proposed-r001-20260818T050403Z,loan_to_credit,3,7,200,15.653500,
proposed,1,4,perf-proposed-r001-20260818T050403Z,loan_to_credit,3,8,200,16.285700,
proposed,1,4,perf-proposed-r001-20260818T050403Z,loan_to_credit,3,9,200,16.229300,
proposed,1,4,perf-proposed-r001-20260818T050403Z,loan_to_credit,3,10,200,17.018400,
proposed,1,4,perf-proposed-r001-20260818T050403Z,loan_to_credit,3,11,200,18.705800,
proposed,1,4,perf-proposed-r001-20260818T050403Z,loan_to_credit,3,12,200,17.470900,
proposed,1,4,perf-proposed-r001-20260818T050403Z,loan_to_credit,3,13,200,18.826100,
proposed,1,4,perf-proposed-r001-20260818T050403Z,loan_to_credit,3,14,200,18.210700,
proposed,1,4,perf-proposed-r001-20260818T050403Z,loan_to_credit,3,15,200,17.453800,
proposed,1,4,perf-proposed-r001-20260818T050403Z,loan_to_credit,3,16,200,16.791300,
proposed,1,4,perf-proposed-r001-20260818T050403Z,loan_to_credit,3,17,200,17.086300,
proposed,1,4,perf-proposed-r001-20260818T050403Z,loan_to_credit,3,18,200,18.928000,
proposed,1,4,perf-proposed-r001-20260818T050403Z,loan_to_credit,3,19,200,17.455700,
proposed,1,4,perf-proposed-r001-20260818T050403Z,loan_to_credit,3,20,200,17.515500,
proposed,1,4,perf-proposed-r001-20260818T050403Z,loan_to_credit,3,21,200,17.732700,
proposed,1,4,perf-proposed-r001-20260818T050403Z,loan_to_credit,3,22,200,17.766600,
proposed,1,4,perf-proposed-r001-20260818T050403Z,loan_to_credit,3,23,200,18.138900,
proposed,1,4,perf-proposed-r001-20260818T050403Z,loan_to_credit,3,24,200,16.949300,
proposed,1,4,perf-proposed-r001-20260818T050403Z,loan_to_credit,3,25,200,17.706800,
proposed,1,4,perf-proposed-r001-20260818T050403Z,loan_to_credit,3,26,200,18.179300,
proposed,1,4,perf-proposed-r001-20260818T050403Z,loan_to_credit,3,27,200,17.383900,
proposed,1,4,perf-proposed-r001-20260818T050403Z,loan_to_credit,3,28,200,16.923000,
proposed,1,4,perf-proposed-r001-20260818T050403Z,loan_to_credit,3,29,200,17.187100,
proposed,1,4,perf-proposed-r001-20260818T050403Z,loan_to_credit,3,30,200,17.325400,
proposed,1,4,perf-proposed-r001-20260818T050403Z,loan_to_credit,3,31,200,16.596000,
proposed,1,4,perf-proposed-r001-20260818T050403Z,loan_to_credit,3,32,200,17.374300,
proposed,1,4,perf-proposed-r001-20260818T050403Z,loan_to_credit,3,33,200,16.433700,
proposed,1,4,perf-proposed-r001-20260818T050403Z,loan_to_credit,3,34,200,17.307100,
proposed,1,4,perf-proposed-r001-20260818T050403Z,loan_to_credit,3,35,200,18.038300,
proposed,1,4,perf-proposed-r001-20260818T050403Z,loan_to_credit,3,36,200,16.513500,
proposed,1,4,perf-proposed-r001-20260818T050403Z,loan_to_credit,3,37,200,17.989900,
proposed,1,4,perf-proposed-r001-20260818T050403Z,loan_to_credit,3,38,200,17.869800,
proposed,1,4,perf-proposed-r001-20260818T050403Z,loan_to_credit,3,39,200,17.443000,
proposed,1,4,perf-proposed-r001-20260818T050403Z,loan_to_credit,3,40,200,18.380000,
proposed,1,4,perf-proposed-r001-20260818T050403Z,loan_to_credit,3,41,200,17.839400,
proposed,1,4,perf-proposed-r001-20260818T050403Z,loan_to_credit,3,42,200,16.483400,
proposed,1,4,perf-proposed-r001-20260818T050403Z,loan_to_credit,3,43,200,16.882900,
proposed,1,4,perf-proposed-r001-20260818T050403Z,loan_to_credit,3,44,200,16.010500,
proposed,1,4,perf-proposed-r001-20260818T050403Z,loan_to_credit,3,45,200,16.146600,
proposed,1,4,perf-proposed-r001-20260818T050403Z,loan_to_credit,3,46,200,16.946400,
proposed,1,4,perf-proposed-r001-20260818T050403Z,loan_to_credit,3,47,200,16.793000,
proposed,1,4,perf-proposed-r001-20260818T050403Z,loan_to_credit,3,48,200,16.292000,
proposed,1,4,perf-proposed-r001-20260818T050403Z,loan_to_credit,3,49,200,16.504500,
proposed,1,4,perf-proposed-r001-20260818T050403Z,loan_to_credit,3,50,200,16.036300,
proposed,1,4,perf-proposed-r001-20260818T050403Z,loan_to_credit,3,51,200,16.213200,
proposed,1,4,perf-proposed-r001-20260818T050403Z,loan_to_credit,3,52,200,16.833000,
proposed,1,4,perf-proposed-r001-20260818T050403Z,loan_to_credit,3,53,200,16.100300,
proposed,1,4,perf-proposed-r001-20260818T050403Z,loan_to_credit,3,54,200,17.183100,
proposed,1,4,perf-proposed-r001-20260818T050403Z,loan_to_credit,3,55,200,17.057600,
proposed,1,4,perf-proposed-r001-20260818T050403Z,loan_to_credit,3,56,200,15.844300,
proposed,1,4,perf-proposed-r001-20260818T050403Z,loan_to_credit,3,57,200,17.332800,
proposed,1,4,perf-proposed-r001-20260818T050403Z,loan_to_credit,3,58,200,15.889500,
proposed,1,4,perf-proposed-r001-20260818T050403Z,loan_to_credit,3,59,200,16.758400,
proposed,1,4,perf-proposed-r001-20260818T050403Z,loan_to_credit,3,60,200,16.609700,
proposed,1,4,perf-proposed-r001-20260818T050403Z,loan_to_credit,3,61,200,16.371300,
proposed,1,4,perf-proposed-r001-20260818T050403Z,loan_to_credit,3,62,200,16.864100,
proposed,1,4,perf-proposed-r001-20260818T050403Z,loan_to_credit,3,63,200,16.655500,
proposed,1,4,perf-proposed-r001-20260818T050403Z,loan_to_credit,3,64,200,17.097500,
proposed,1,4,perf-proposed-r001-20260818T050403Z,loan_to_credit,3,65,200,17.459400,
proposed,1,4,perf-proposed-r001-20260818T050403Z,loan_to_credit,3,66,200,16.603300,
proposed,1,4,perf-proposed-r001-20260818T050403Z,loan_to_credit,3,67,200,16.892800,
proposed,1,4,perf-proposed-r001-20260818T050403Z,loan_to_credit,3,68,200,16.249600,
proposed,1,4,perf-proposed-r001-20260818T050403Z,loan_to_credit,3,69,200,15.508600,
proposed,1,4,perf-proposed-r001-20260818T050403Z,loan_to_credit,3,70,200,16.220300,
proposed,1,4,perf-proposed-r001-20260818T050403Z,loan_to_credit,3,71,200,15.807300,
proposed,1,4,perf-proposed-r001-20260818T050403Z,loan_to_credit,3,72,200,16.269700,
proposed,1,4,perf-proposed-r001-20260818T050403Z,loan_to_credit,3,73,200,16.561200,
proposed,1,4,perf-proposed-r001-20260818T050403Z,loan_to_credit,3,74,200,16.384700,
proposed,1,4,perf-proposed-r001-20260818T050403Z,loan_to_credit,3,75,200,16.829300,
proposed,1,4,perf-proposed-r001-20260818T050403Z,loan_to_credit,3,76,200,17.121700,
proposed,1,4,perf-proposed-r001-20260818T050403Z,loan_to_credit,3,77,200,16.730900,
proposed,1,4,perf-proposed-r001-20260818T050403Z,loan_to_credit,3,78,200,16.943300,
proposed,1,4,perf-proposed-r001-20260818T050403Z,loan_to_credit,3,79,200,16.333800,
proposed,1,4,perf-proposed-r001-20260818T050403Z,loan_to_credit,3,80,200,17.722400,
proposed,1,4,perf-proposed-r001-20260818T050403Z,loan_to_credit,3,81,200,16.122500,
proposed,1,4,perf-proposed-r001-20260818T050403Z,loan_to_credit,3,82,200,16.701800,
proposed,1,4,perf-proposed-r001-20260818T050403Z,loan_to_credit,3,83,200,16.065900,
proposed,1,4,perf-proposed-r001-20260818T050403Z,loan_to_credit,3,84,200,15.877200,
proposed,1,4,perf-proposed-r001-20260818T050403Z,loan_to_credit,3,85,200,16.052900,
proposed,1,4,perf-proposed-r001-20260818T050403Z,loan_to_credit,3,86,200,15.758100,
proposed,1,4,perf-proposed-r001-20260818T050403Z,loan_to_credit,3,87,200,17.249800,
proposed,1,4,perf-proposed-r001-20260818T050403Z,loan_to_credit,3,88,200,16.753100,
proposed,1,4,perf-proposed-r001-20260818T050403Z,loan_to_credit,3,89,200,15.962500,
proposed,1,4,perf-proposed-r001-20260818T050403Z,loan_to_credit,3,90,200,16.111100,
proposed,1,4,perf-proposed-r001-20260818T050403Z,loan_to_credit,3,91,200,17.335200,
proposed,1,4,perf-proposed-r001-20260818T050403Z,loan_to_credit,3,92,200,16.369700,
proposed,1,4,perf-proposed-r001-20260818T050403Z,loan_to_credit,3,93,200,16.447200,
proposed,1,4,perf-proposed-r001-20260818T050403Z,loan_to_credit,3,94,200,16.626800,
proposed,1,4,perf-proposed-r001-20260818T050403Z,loan_to_credit,3,95,200,16.442400,
proposed,1,4,perf-proposed-r001-20260818T050403Z,loan_to_credit,3,96,200,15.622200,
proposed,1,4,perf-proposed-r001-20260818T050403Z,loan_to_credit,3,97,200,16.662400,
proposed,1,4,perf-proposed-r001-20260818T050403Z,loan_to_credit,3,98,200,15.947200,
proposed,1,4,perf-proposed-r001-20260818T050403Z,loan_to_credit,3,99,200,16.542600,
proposed,1,4,perf-proposed-r001-20260818T050403Z,loan_to_credit,3,100,200,15.751300,
proposed,1,4,perf-proposed-r001-20260818T050403Z,loan_to_credit,3,101,200,16.284400,
proposed,1,4,perf-proposed-r001-20260818T050403Z,loan_to_credit,3,102,200,15.542900,
proposed,1,4,perf-proposed-r001-20260818T050403Z,loan_to_credit,3,103,200,16.335800,
proposed,1,4,perf-proposed-r001-20260818T050403Z,loan_to_credit,3,104,200,15.944200,
proposed,1,4,perf-proposed-r001-20260818T050403Z,loan_to_credit,3,105,200,15.602000,
proposed,1,4,perf-proposed-r001-20260818T050403Z,loan_to_credit,3,106,200,15.976600,
proposed,1,4,perf-proposed-r001-20260818T050403Z,loan_to_credit,3,107,200,16.209800,
proposed,1,4,perf-proposed-r001-20260818T050403Z,loan_to_credit,3,108,200,17.186600,
proposed,1,4,perf-proposed-r001-20260818T050403Z,loan_to_credit,3,109,200,17.096400,
proposed,1,4,perf-proposed-r001-20260818T050403Z,loan_to_credit,3,110,200,16.934800,
proposed,1,4,perf-proposed-r001-20260818T050403Z,loan_to_credit,3,111,200,17.627800,
proposed,1,4,perf-proposed-r001-20260818T050403Z,loan_to_credit,3,112,200,16.316800,
proposed,1,4,perf-proposed-r001-20260818T050403Z,loan_to_credit,3,113,200,15.789200,
proposed,1,4,perf-proposed-r001-20260818T050403Z,loan_to_credit,3,114,200,15.532600,
proposed,1,4,perf-proposed-r001-20260818T050403Z,loan_to_credit,3,115,200,16.199300,
proposed,1,4,perf-proposed-r001-20260818T050403Z,loan_to_credit,3,116,200,16.627800,
proposed,1,4,perf-proposed-r001-20260818T050403Z,loan_to_credit,3,117,200,16.388600,
proposed,1,4,perf-proposed-r001-20260818T050403Z,loan_to_credit,3,118,200,16.054100,
proposed,1,4,perf-proposed-r001-20260818T050403Z,loan_to_credit,3,119,200,16.990900,
proposed,1,4,perf-proposed-r001-20260818T050403Z,loan_to_credit,3,120,200,15.856900,
proposed,1,4,perf-proposed-r001-20260818T050403Z,loan_to_credit,3,121,200,15.747700,
proposed,1,4,perf-proposed-r001-20260818T050403Z,loan_to_credit,3,122,200,16.386200,
proposed,1,4,perf-proposed-r001-20260818T050403Z,loan_to_credit,3,123,200,15.821100,
proposed,1,4,perf-proposed-r001-20260818T050403Z,loan_to_credit,3,124,200,15.898600,
proposed,1,4,perf-proposed-r001-20260818T050403Z,loan_to_credit,3,125,200,16.439100,
proposed,1,4,perf-proposed-r001-20260818T050403Z,loan_to_credit,3,126,200,15.924500,
proposed,1,4,perf-proposed-r001-20260818T050403Z,loan_to_credit,3,127,200,17.487000,
proposed,1,4,perf-proposed-r001-20260818T050403Z,loan_to_credit,3,128,200,17.433600,
proposed,1,4,perf-proposed-r001-20260818T050403Z,loan_to_credit,3,129,200,15.929800,
proposed,1,4,perf-proposed-r001-20260818T050403Z,loan_to_credit,3,130,200,16.293300,
proposed,1,4,perf-proposed-r001-20260818T050403Z,loan_to_credit,3,131,200,15.799100,
proposed,1,4,perf-proposed-r001-20260818T050403Z,loan_to_credit,3,132,200,16.795400,
proposed,1,4,perf-proposed-r001-20260818T050403Z,loan_to_credit,3,133,200,19.068800,
proposed,1,4,perf-proposed-r001-20260818T050403Z,loan_to_credit,3,134,200,17.880900,
proposed,1,4,perf-proposed-r001-20260818T050403Z,loan_to_credit,3,135,200,17.042900,
proposed,1,4,perf-proposed-r001-20260818T050403Z,loan_to_credit,3,136,200,17.263500,
proposed,1,4,perf-proposed-r001-20260818T050403Z,loan_to_credit,3,137,200,16.805900,
proposed,1,4,perf-proposed-r001-20260818T050403Z,loan_to_credit,3,138,200,15.773700,
proposed,1,4,perf-proposed-r001-20260818T050403Z,loan_to_credit,3,139,200,15.776700,
proposed,1,4,perf-proposed-r001-20260818T050403Z,loan_to_credit,3,140,200,17.654900,
proposed,1,4,perf-proposed-r001-20260818T050403Z,loan_to_credit,3,141,200,17.295400,
proposed,1,4,perf-proposed-r001-20260818T050403Z,loan_to_credit,3,142,200,17.124800,
proposed,1,4,perf-proposed-r001-20260818T050403Z,loan_to_credit,3,143,200,16.026900,
proposed,1,4,perf-proposed-r001-20260818T050403Z,loan_to_credit,3,144,200,15.980600,
proposed,1,4,perf-proposed-r001-20260818T050403Z,loan_to_credit,3,145,200,17.050100,
proposed,1,4,perf-proposed-r001-20260818T050403Z,loan_to_credit,3,146,200,16.922000,
proposed,1,4,perf-proposed-r001-20260818T050403Z,loan_to_credit,3,147,200,16.029700,
proposed,1,4,perf-proposed-r001-20260818T050403Z,loan_to_credit,3,148,200,16.690300,
proposed,1,4,perf-proposed-r001-20260818T050403Z,loan_to_credit,3,149,200,17.974700,
proposed,1,4,perf-proposed-r001-20260818T050403Z,loan_to_credit,3,150,200,16.851300,
proposed,1,4,perf-proposed-r001-20260818T050403Z,loan_to_credit,3,151,200,17.128800,
proposed,1,4,perf-proposed-r001-20260818T050403Z,loan_to_credit,3,152,200,18.057900,
proposed,1,4,perf-proposed-r001-20260818T050403Z,loan_to_credit,3,153,200,17.131800,
proposed,1,4,perf-proposed-r001-20260818T050403Z,loan_to_credit,3,154,200,17.194800,
proposed,1,4,perf-proposed-r001-20260818T050403Z,loan_to_credit,3,155,200,17.007700,
proposed,1,4,perf-proposed-r001-20260818T050403Z,loan_to_credit,3,156,200,17.022700,
proposed,1,4,perf-proposed-r001-20260818T050403Z,loan_to_credit,3,157,200,17.106000,
proposed,1,4,perf-proposed-r001-20260818T050403Z,loan_to_credit,3,158,200,17.037700,
proposed,1,4,perf-proposed-r001-20260818T050403Z,loan_to_credit,3,159,200,16.663900,
proposed,1,4,perf-proposed-r001-20260818T050403Z,loan_to_credit,3,160,200,17.159300,
proposed,1,4,perf-proposed-r001-20260818T050403Z,loan_to_credit,3,161,200,15.717300,
proposed,1,4,perf-proposed-r001-20260818T050403Z,loan_to_credit,3,162,200,15.634300,
proposed,1,4,perf-proposed-r001-20260818T050403Z,loan_to_credit,3,163,200,16.430600,
proposed,1,4,perf-proposed-r001-20260818T050403Z,loan_to_credit,3,164,200,16.267500,
proposed,1,4,perf-proposed-r001-20260818T050403Z,loan_to_credit,3,165,200,16.730900,
proposed,1,4,perf-proposed-r001-20260818T050403Z,loan_to_credit,3,166,200,16.912800,
proposed,1,4,perf-proposed-r001-20260818T050403Z,loan_to_credit,3,167,200,17.907200,
proposed,1,4,perf-proposed-r001-20260818T050403Z,loan_to_credit,3,168,200,16.734100,
proposed,1,4,perf-proposed-r001-20260818T050403Z,loan_to_credit,3,169,200,16.538500,
proposed,1,4,perf-proposed-r001-20260818T050403Z,loan_to_credit,3,170,200,16.996800,
proposed,1,4,perf-proposed-r001-20260818T050403Z,loan_to_credit,3,171,200,16.772600,
proposed,1,4,perf-proposed-r001-20260818T050403Z,loan_to_credit,3,172,200,16.574400,
proposed,1,4,perf-proposed-r001-20260818T050403Z,loan_to_credit,3,173,200,16.058100,
proposed,1,4,perf-proposed-r001-20260818T050403Z,loan_to_credit,3,174,200,16.175200,
proposed,1,4,perf-proposed-r001-20260818T050403Z,loan_to_credit,3,175,200,15.947500,
proposed,1,4,perf-proposed-r001-20260818T050403Z,loan_to_credit,3,176,200,16.084500,
proposed,1,4,perf-proposed-r001-20260818T050403Z,loan_to_credit,3,177,200,17.074700,
proposed,1,4,perf-proposed-r001-20260818T050403Z,loan_to_credit,3,178,200,15.586500,
proposed,1,4,perf-proposed-r001-20260818T050403Z,loan_to_credit,3,179,200,20.139300,
proposed,1,4,perf-proposed-r001-20260818T050403Z,loan_to_credit,3,180,200,17.216600,
proposed,1,4,perf-proposed-r001-20260818T050403Z,loan_to_credit,3,181,200,24.169000,
proposed,1,4,perf-proposed-r001-20260818T050403Z,loan_to_credit,3,182,200,16.691100,
proposed,1,4,perf-proposed-r001-20260818T050403Z,loan_to_credit,3,183,200,18.678500,
proposed,1,4,perf-proposed-r001-20260818T050403Z,loan_to_credit,3,184,200,17.316700,
proposed,1,4,perf-proposed-r001-20260818T050403Z,loan_to_credit,3,185,200,18.355200,
proposed,1,4,perf-proposed-r001-20260818T050403Z,loan_to_credit,3,186,200,17.171200,
proposed,1,4,perf-proposed-r001-20260818T050403Z,loan_to_credit,3,187,200,16.044000,
proposed,1,4,perf-proposed-r001-20260818T050403Z,loan_to_credit,3,188,200,16.158000,
proposed,1,4,perf-proposed-r001-20260818T050403Z,loan_to_credit,3,189,200,16.024500,
proposed,1,4,perf-proposed-r001-20260818T050403Z,loan_to_credit,3,190,200,15.614500,
proposed,1,4,perf-proposed-r001-20260818T050403Z,loan_to_credit,3,191,200,15.924500,
proposed,1,4,perf-proposed-r001-20260818T050403Z,loan_to_credit,3,192,200,16.189500,
proposed,1,4,perf-proposed-r001-20260818T050403Z,loan_to_credit,3,193,200,15.974000,
proposed,1,4,perf-proposed-r001-20260818T050403Z,loan_to_credit,3,194,200,15.620900,
proposed,1,4,perf-proposed-r001-20260818T050403Z,loan_to_credit,3,195,200,16.830300,
proposed,1,4,perf-proposed-r001-20260818T050403Z,loan_to_credit,3,196,200,16.654000,
proposed,1,4,perf-proposed-r001-20260818T050403Z,loan_to_credit,3,197,200,17.100400,
proposed,1,4,perf-proposed-r001-20260818T050403Z,loan_to_credit,3,198,200,16.380800,
proposed,1,4,perf-proposed-r001-20260818T050403Z,loan_to_credit,3,199,200,17.146800,
proposed,1,4,perf-proposed-r001-20260818T050403Z,loan_to_credit,3,200,200,17.990100,
proposed,1,4,perf-proposed-r001-20260818T050403Z,loan_to_aml,1,1,200,15.870300,
proposed,1,4,perf-proposed-r001-20260818T050403Z,loan_to_aml,1,2,200,15.111600,
proposed,1,4,perf-proposed-r001-20260818T050403Z,loan_to_aml,1,3,200,16.286100,
proposed,1,4,perf-proposed-r001-20260818T050403Z,loan_to_aml,1,4,200,16.081000,
proposed,1,4,perf-proposed-r001-20260818T050403Z,loan_to_aml,1,5,200,16.638500,
proposed,1,4,perf-proposed-r001-20260818T050403Z,loan_to_aml,1,6,200,18.321200,
proposed,1,4,perf-proposed-r001-20260818T050403Z,loan_to_aml,1,7,200,16.949600,
proposed,1,4,perf-proposed-r001-20260818T050403Z,loan_to_aml,1,8,200,17.112400,
proposed,1,4,perf-proposed-r001-20260818T050403Z,loan_to_aml,1,9,200,17.275700,
proposed,1,4,perf-proposed-r001-20260818T050403Z,loan_to_aml,1,10,200,17.216600,
proposed,1,4,perf-proposed-r001-20260818T050403Z,loan_to_aml,1,11,200,16.366500,
proposed,1,4,perf-proposed-r001-20260818T050403Z,loan_to_aml,1,12,200,16.136300,
proposed,1,4,perf-proposed-r001-20260818T050403Z,loan_to_aml,1,13,200,16.609300,
proposed,1,4,perf-proposed-r001-20260818T050403Z,loan_to_aml,1,14,200,16.013100,
proposed,1,4,perf-proposed-r001-20260818T050403Z,loan_to_aml,1,15,200,15.982700,
proposed,1,4,perf-proposed-r001-20260818T050403Z,loan_to_aml,1,16,200,16.119400,
proposed,1,4,perf-proposed-r001-20260818T050403Z,loan_to_aml,1,17,200,15.850200,
proposed,1,4,perf-proposed-r001-20260818T050403Z,loan_to_aml,1,18,200,15.721900,
proposed,1,4,perf-proposed-r001-20260818T050403Z,loan_to_aml,1,19,200,20.667500,
proposed,1,4,perf-proposed-r001-20260818T050403Z,loan_to_aml,1,20,200,18.576100,
proposed,1,4,perf-proposed-r001-20260818T050403Z,loan_to_aml,1,21,200,18.262200,
proposed,1,4,perf-proposed-r001-20260818T050403Z,loan_to_aml,1,22,200,15.897300,
proposed,1,4,perf-proposed-r001-20260818T050403Z,loan_to_aml,1,23,200,15.657800,
proposed,1,4,perf-proposed-r001-20260818T050403Z,loan_to_aml,1,24,200,16.114100,
proposed,1,4,perf-proposed-r001-20260818T050403Z,loan_to_aml,1,25,200,16.056400,
proposed,1,4,perf-proposed-r001-20260818T050403Z,loan_to_aml,1,26,200,17.107600,
proposed,1,4,perf-proposed-r001-20260818T050403Z,loan_to_aml,1,27,200,16.055200,
proposed,1,4,perf-proposed-r001-20260818T050403Z,loan_to_aml,1,28,200,15.593000,
proposed,1,4,perf-proposed-r001-20260818T050403Z,loan_to_aml,1,29,200,16.438400,
proposed,1,4,perf-proposed-r001-20260818T050403Z,loan_to_aml,1,30,200,16.598100,
proposed,1,4,perf-proposed-r001-20260818T050403Z,loan_to_aml,1,31,200,15.999300,
proposed,1,4,perf-proposed-r001-20260818T050403Z,loan_to_aml,1,32,200,16.724100,
proposed,1,4,perf-proposed-r001-20260818T050403Z,loan_to_aml,1,33,200,15.920900,
proposed,1,4,perf-proposed-r001-20260818T050403Z,loan_to_aml,1,34,200,16.238700,
proposed,1,4,perf-proposed-r001-20260818T050403Z,loan_to_aml,1,35,200,16.399100,
proposed,1,4,perf-proposed-r001-20260818T050403Z,loan_to_aml,1,36,200,18.054200,
proposed,1,4,perf-proposed-r001-20260818T050403Z,loan_to_aml,1,37,200,16.982700,
proposed,1,4,perf-proposed-r001-20260818T050403Z,loan_to_aml,1,38,200,16.854900,
proposed,1,4,perf-proposed-r001-20260818T050403Z,loan_to_aml,1,39,200,19.161400,
proposed,1,4,perf-proposed-r001-20260818T050403Z,loan_to_aml,1,40,200,19.243400,
proposed,1,4,perf-proposed-r001-20260818T050403Z,loan_to_aml,1,41,200,17.953800,
proposed,1,4,perf-proposed-r001-20260818T050403Z,loan_to_aml,1,42,200,16.385400,
proposed,1,4,perf-proposed-r001-20260818T050403Z,loan_to_aml,1,43,200,16.004900,
proposed,1,4,perf-proposed-r001-20260818T050403Z,loan_to_aml,1,44,200,16.969300,
proposed,1,4,perf-proposed-r001-20260818T050403Z,loan_to_aml,1,45,200,17.036700,
proposed,1,4,perf-proposed-r001-20260818T050403Z,loan_to_aml,1,46,200,15.726700,
proposed,1,4,perf-proposed-r001-20260818T050403Z,loan_to_aml,1,47,200,17.107800,
proposed,1,4,perf-proposed-r001-20260818T050403Z,loan_to_aml,1,48,200,16.489900,
proposed,1,4,perf-proposed-r001-20260818T050403Z,loan_to_aml,1,49,200,19.586700,
proposed,1,4,perf-proposed-r001-20260818T050403Z,loan_to_aml,1,50,200,18.834800,
proposed,1,4,perf-proposed-r001-20260818T050403Z,loan_to_aml,1,51,200,16.979600,
proposed,1,4,perf-proposed-r001-20260818T050403Z,loan_to_aml,1,52,200,16.079000,
proposed,1,4,perf-proposed-r001-20260818T050403Z,loan_to_aml,1,53,200,15.806500,
proposed,1,4,perf-proposed-r001-20260818T050403Z,loan_to_aml,1,54,200,15.957600,
proposed,1,4,perf-proposed-r001-20260818T050403Z,loan_to_aml,1,55,200,16.715000,
proposed,1,4,perf-proposed-r001-20260818T050403Z,loan_to_aml,1,56,200,16.324200,
proposed,1,4,perf-proposed-r001-20260818T050403Z,loan_to_aml,1,57,200,15.726900,
proposed,1,4,perf-proposed-r001-20260818T050403Z,loan_to_aml,1,58,200,16.259000,
proposed,1,4,perf-proposed-r001-20260818T050403Z,loan_to_aml,1,59,200,17.066300,
proposed,1,4,perf-proposed-r001-20260818T050403Z,loan_to_aml,1,60,200,17.030400,
proposed,1,4,perf-proposed-r001-20260818T050403Z,loan_to_aml,1,61,200,15.588200,
proposed,1,4,perf-proposed-r001-20260818T050403Z,loan_to_aml,1,62,200,17.233600,
proposed,1,4,perf-proposed-r001-20260818T050403Z,loan_to_aml,1,63,200,16.359900,
proposed,1,4,perf-proposed-r001-20260818T050403Z,loan_to_aml,1,64,200,15.396600,
proposed,1,4,perf-proposed-r001-20260818T050403Z,loan_to_aml,1,65,200,15.951900,
proposed,1,4,perf-proposed-r001-20260818T050403Z,loan_to_aml,1,66,200,16.309800,
proposed,1,4,perf-proposed-r001-20260818T050403Z,loan_to_aml,1,67,200,15.611400,
proposed,1,4,perf-proposed-r001-20260818T050403Z,loan_to_aml,1,68,200,16.169200,
proposed,1,4,perf-proposed-r001-20260818T050403Z,loan_to_aml,1,69,200,15.767500,
proposed,1,4,perf-proposed-r001-20260818T050403Z,loan_to_aml,1,70,200,16.262700,
proposed,1,4,perf-proposed-r001-20260818T050403Z,loan_to_aml,1,71,200,15.789900,
proposed,1,4,perf-proposed-r001-20260818T050403Z,loan_to_aml,1,72,200,16.516300,
proposed,1,4,perf-proposed-r001-20260818T050403Z,loan_to_aml,1,73,200,16.755700,
proposed,1,4,perf-proposed-r001-20260818T050403Z,loan_to_aml,1,74,200,16.732600,
proposed,1,4,perf-proposed-r001-20260818T050403Z,loan_to_aml,1,75,200,16.299900,
proposed,1,4,perf-proposed-r001-20260818T050403Z,loan_to_aml,1,76,200,17.629100,
proposed,1,4,perf-proposed-r001-20260818T050403Z,loan_to_aml,1,77,200,16.901800,
proposed,1,4,perf-proposed-r001-20260818T050403Z,loan_to_aml,1,78,200,17.093700,
proposed,1,4,perf-proposed-r001-20260818T050403Z,loan_to_aml,1,79,200,16.817100,
proposed,1,4,perf-proposed-r001-20260818T050403Z,loan_to_aml,1,80,200,17.300900,
proposed,1,4,perf-proposed-r001-20260818T050403Z,loan_to_aml,1,81,200,17.208100,
proposed,1,4,perf-proposed-r001-20260818T050403Z,loan_to_aml,1,82,200,16.612600,
proposed,1,4,perf-proposed-r001-20260818T050403Z,loan_to_aml,1,83,200,15.924300,
proposed,1,4,perf-proposed-r001-20260818T050403Z,loan_to_aml,1,84,200,15.819600,
proposed,1,4,perf-proposed-r001-20260818T050403Z,loan_to_aml,1,85,200,16.188500,
proposed,1,4,perf-proposed-r001-20260818T050403Z,loan_to_aml,1,86,200,16.000000,
proposed,1,4,perf-proposed-r001-20260818T050403Z,loan_to_aml,1,87,200,17.177700,
proposed,1,4,perf-proposed-r001-20260818T050403Z,loan_to_aml,1,88,200,16.603700,
proposed,1,4,perf-proposed-r001-20260818T050403Z,loan_to_aml,1,89,200,16.095400,
proposed,1,4,perf-proposed-r001-20260818T050403Z,loan_to_aml,1,90,200,15.941800,
proposed,1,4,perf-proposed-r001-20260818T050403Z,loan_to_aml,1,91,200,15.909700,
proposed,1,4,perf-proposed-r001-20260818T050403Z,loan_to_aml,1,92,200,16.119800,
proposed,1,4,perf-proposed-r001-20260818T050403Z,loan_to_aml,1,93,200,15.965400,
proposed,1,4,perf-proposed-r001-20260818T050403Z,loan_to_aml,1,94,200,15.797300,
proposed,1,4,perf-proposed-r001-20260818T050403Z,loan_to_aml,1,95,200,16.343200,
proposed,1,4,perf-proposed-r001-20260818T050403Z,loan_to_aml,1,96,200,16.386500,
proposed,1,4,perf-proposed-r001-20260818T050403Z,loan_to_aml,1,97,200,16.302200,
proposed,1,4,perf-proposed-r001-20260818T050403Z,loan_to_aml,1,98,200,16.433300,
proposed,1,4,perf-proposed-r001-20260818T050403Z,loan_to_aml,1,99,200,16.722600,
proposed,1,4,perf-proposed-r001-20260818T050403Z,loan_to_aml,1,100,200,16.045000,
proposed,1,4,perf-proposed-r001-20260818T050403Z,loan_to_aml,1,101,200,16.403600,
proposed,1,4,perf-proposed-r001-20260818T050403Z,loan_to_aml,1,102,200,16.492300,
proposed,1,4,perf-proposed-r001-20260818T050403Z,loan_to_aml,1,103,200,17.979600,
proposed,1,4,perf-proposed-r001-20260818T050403Z,loan_to_aml,1,104,200,17.156700,
proposed,1,4,perf-proposed-r001-20260818T050403Z,loan_to_aml,1,105,200,16.739700,
proposed,1,4,perf-proposed-r001-20260818T050403Z,loan_to_aml,1,106,200,17.533100,
proposed,1,4,perf-proposed-r001-20260818T050403Z,loan_to_aml,1,107,200,17.985600,
proposed,1,4,perf-proposed-r001-20260818T050403Z,loan_to_aml,1,108,200,16.794400,
proposed,1,4,perf-proposed-r001-20260818T050403Z,loan_to_aml,1,109,200,17.064300,
proposed,1,4,perf-proposed-r001-20260818T050403Z,loan_to_aml,1,110,200,16.576200,
proposed,1,4,perf-proposed-r001-20260818T050403Z,loan_to_aml,1,111,200,15.967200,
proposed,1,4,perf-proposed-r001-20260818T050403Z,loan_to_aml,1,112,200,15.903700,
proposed,1,4,perf-proposed-r001-20260818T050403Z,loan_to_aml,1,113,200,17.066700,
proposed,1,4,perf-proposed-r001-20260818T050403Z,loan_to_aml,1,114,200,16.645800,
proposed,1,4,perf-proposed-r001-20260818T050403Z,loan_to_aml,1,115,200,16.143100,
proposed,1,4,perf-proposed-r001-20260818T050403Z,loan_to_aml,1,116,200,17.176500,
proposed,1,4,perf-proposed-r001-20260818T050403Z,loan_to_aml,1,117,200,16.205500,
proposed,1,4,perf-proposed-r001-20260818T050403Z,loan_to_aml,1,118,200,15.419100,
proposed,1,4,perf-proposed-r001-20260818T050403Z,loan_to_aml,1,119,200,16.868900,
proposed,1,4,perf-proposed-r001-20260818T050403Z,loan_to_aml,1,120,200,16.603000,
proposed,1,4,perf-proposed-r001-20260818T050403Z,loan_to_aml,1,121,200,16.387000,
proposed,1,4,perf-proposed-r001-20260818T050403Z,loan_to_aml,1,122,200,16.140600,
proposed,1,4,perf-proposed-r001-20260818T050403Z,loan_to_aml,1,123,200,15.792400,
proposed,1,4,perf-proposed-r001-20260818T050403Z,loan_to_aml,1,124,200,16.140200,
proposed,1,4,perf-proposed-r001-20260818T050403Z,loan_to_aml,1,125,200,16.113800,
proposed,1,4,perf-proposed-r001-20260818T050403Z,loan_to_aml,1,126,200,16.008100,
proposed,1,4,perf-proposed-r001-20260818T050403Z,loan_to_aml,1,127,200,15.891500,
proposed,1,4,perf-proposed-r001-20260818T050403Z,loan_to_aml,1,128,200,17.130700,
proposed,1,4,perf-proposed-r001-20260818T050403Z,loan_to_aml,1,129,200,16.138100,
proposed,1,4,perf-proposed-r001-20260818T050403Z,loan_to_aml,1,130,200,17.090600,
proposed,1,4,perf-proposed-r001-20260818T050403Z,loan_to_aml,1,131,200,16.377100,
proposed,1,4,perf-proposed-r001-20260818T050403Z,loan_to_aml,1,132,200,16.340800,
proposed,1,4,perf-proposed-r001-20260818T050403Z,loan_to_aml,1,133,200,17.610700,
proposed,1,4,perf-proposed-r001-20260818T050403Z,loan_to_aml,1,134,200,17.607700,
proposed,1,4,perf-proposed-r001-20260818T050403Z,loan_to_aml,1,135,200,16.757500,
proposed,1,4,perf-proposed-r001-20260818T050403Z,loan_to_aml,1,136,200,16.216900,
proposed,1,4,perf-proposed-r001-20260818T050403Z,loan_to_aml,1,137,200,16.271800,
proposed,1,4,perf-proposed-r001-20260818T050403Z,loan_to_aml,1,138,200,16.195900,
proposed,1,4,perf-proposed-r001-20260818T050403Z,loan_to_aml,1,139,200,15.802400,
proposed,1,4,perf-proposed-r001-20260818T050403Z,loan_to_aml,1,140,200,16.424300,
proposed,1,4,perf-proposed-r001-20260818T050403Z,loan_to_aml,1,141,200,15.351100,
proposed,1,4,perf-proposed-r001-20260818T050403Z,loan_to_aml,1,142,200,18.954600,
proposed,1,4,perf-proposed-r001-20260818T050403Z,loan_to_aml,1,143,200,15.996900,
proposed,1,4,perf-proposed-r001-20260818T050403Z,loan_to_aml,1,144,200,16.466200,
proposed,1,4,perf-proposed-r001-20260818T050403Z,loan_to_aml,1,145,200,16.038000,
proposed,1,4,perf-proposed-r001-20260818T050403Z,loan_to_aml,1,146,200,15.652300,
proposed,1,4,perf-proposed-r001-20260818T050403Z,loan_to_aml,1,147,200,15.827700,
proposed,1,4,perf-proposed-r001-20260818T050403Z,loan_to_aml,1,148,200,16.218300,
proposed,1,4,perf-proposed-r001-20260818T050403Z,loan_to_aml,1,149,200,17.160300,
proposed,1,4,perf-proposed-r001-20260818T050403Z,loan_to_aml,1,150,200,16.012400,
proposed,1,4,perf-proposed-r001-20260818T050403Z,loan_to_aml,1,151,200,15.776900,
proposed,1,4,perf-proposed-r001-20260818T050403Z,loan_to_aml,1,152,200,16.109600,
proposed,1,4,perf-proposed-r001-20260818T050403Z,loan_to_aml,1,153,200,15.938300,
proposed,1,4,perf-proposed-r001-20260818T050403Z,loan_to_aml,1,154,200,15.862900,
proposed,1,4,perf-proposed-r001-20260818T050403Z,loan_to_aml,1,155,200,16.090100,
proposed,1,4,perf-proposed-r001-20260818T050403Z,loan_to_aml,1,156,200,15.691100,
proposed,1,4,perf-proposed-r001-20260818T050403Z,loan_to_aml,1,157,200,15.884400,
proposed,1,4,perf-proposed-r001-20260818T050403Z,loan_to_aml,1,158,200,15.508300,
proposed,1,4,perf-proposed-r001-20260818T050403Z,loan_to_aml,1,159,200,16.144600,
proposed,1,4,perf-proposed-r001-20260818T050403Z,loan_to_aml,1,160,200,15.895300,
proposed,1,4,perf-proposed-r001-20260818T050403Z,loan_to_aml,1,161,200,17.002000,
proposed,1,4,perf-proposed-r001-20260818T050403Z,loan_to_aml,1,162,200,17.293900,
proposed,1,4,perf-proposed-r001-20260818T050403Z,loan_to_aml,1,163,200,16.554400,
proposed,1,4,perf-proposed-r001-20260818T050403Z,loan_to_aml,1,164,200,16.772900,
proposed,1,4,perf-proposed-r001-20260818T050403Z,loan_to_aml,1,165,200,17.147200,
proposed,1,4,perf-proposed-r001-20260818T050403Z,loan_to_aml,1,166,200,16.674900,
proposed,1,4,perf-proposed-r001-20260818T050403Z,loan_to_aml,1,167,200,17.413000,
proposed,1,4,perf-proposed-r001-20260818T050403Z,loan_to_aml,1,168,200,17.247900,
proposed,1,4,perf-proposed-r001-20260818T050403Z,loan_to_aml,1,169,200,16.526000,
proposed,1,4,perf-proposed-r001-20260818T050403Z,loan_to_aml,1,170,200,17.168400,
proposed,1,4,perf-proposed-r001-20260818T050403Z,loan_to_aml,1,171,200,15.571100,
proposed,1,4,perf-proposed-r001-20260818T050403Z,loan_to_aml,1,172,200,16.081300,
proposed,1,4,perf-proposed-r001-20260818T050403Z,loan_to_aml,1,173,200,19.680500,
proposed,1,4,perf-proposed-r001-20260818T050403Z,loan_to_aml,1,174,200,17.133000,
proposed,1,4,perf-proposed-r001-20260818T050403Z,loan_to_aml,1,175,200,15.433100,
proposed,1,4,perf-proposed-r001-20260818T050403Z,loan_to_aml,1,176,200,15.754800,
proposed,1,4,perf-proposed-r001-20260818T050403Z,loan_to_aml,1,177,200,16.589600,
proposed,1,4,perf-proposed-r001-20260818T050403Z,loan_to_aml,1,178,200,16.396900,
proposed,1,4,perf-proposed-r001-20260818T050403Z,loan_to_aml,1,179,200,17.486200,
proposed,1,4,perf-proposed-r001-20260818T050403Z,loan_to_aml,1,180,200,16.615200,
proposed,1,4,perf-proposed-r001-20260818T050403Z,loan_to_aml,1,181,200,15.990700,
proposed,1,4,perf-proposed-r001-20260818T050403Z,loan_to_aml,1,182,200,16.894900,
proposed,1,4,perf-proposed-r001-20260818T050403Z,loan_to_aml,1,183,200,15.958300,
proposed,1,4,perf-proposed-r001-20260818T050403Z,loan_to_aml,1,184,200,17.291500,
proposed,1,4,perf-proposed-r001-20260818T050403Z,loan_to_aml,1,185,200,16.453900,
proposed,1,4,perf-proposed-r001-20260818T050403Z,loan_to_aml,1,186,200,15.897600,
proposed,1,4,perf-proposed-r001-20260818T050403Z,loan_to_aml,1,187,200,16.364300,
proposed,1,4,perf-proposed-r001-20260818T050403Z,loan_to_aml,1,188,200,17.469200,
proposed,1,4,perf-proposed-r001-20260818T050403Z,loan_to_aml,1,189,200,16.626700,
proposed,1,4,perf-proposed-r001-20260818T050403Z,loan_to_aml,1,190,200,16.685100,
proposed,1,4,perf-proposed-r001-20260818T050403Z,loan_to_aml,1,191,200,16.175500,
proposed,1,4,perf-proposed-r001-20260818T050403Z,loan_to_aml,1,192,200,15.706200,
proposed,1,4,perf-proposed-r001-20260818T050403Z,loan_to_aml,1,193,200,16.650400,
proposed,1,4,perf-proposed-r001-20260818T050403Z,loan_to_aml,1,194,200,16.525800,
proposed,1,4,perf-proposed-r001-20260818T050403Z,loan_to_aml,1,195,200,16.093800,
proposed,1,4,perf-proposed-r001-20260818T050403Z,loan_to_aml,1,196,200,15.902700,
proposed,1,4,perf-proposed-r001-20260818T050403Z,loan_to_aml,1,197,200,17.054000,
proposed,1,4,perf-proposed-r001-20260818T050403Z,loan_to_aml,1,198,200,16.991900,
proposed,1,4,perf-proposed-r001-20260818T050403Z,loan_to_aml,1,199,200,17.119300,
proposed,1,4,perf-proposed-r001-20260818T050403Z,loan_to_aml,1,200,200,16.729200,
proposed,1,4,perf-proposed-r001-20260818T050403Z,loan_to_aml,2,1,200,15.695700,
proposed,1,4,perf-proposed-r001-20260818T050403Z,loan_to_aml,2,2,200,16.258100,
proposed,1,4,perf-proposed-r001-20260818T050403Z,loan_to_aml,2,3,200,15.979600,
proposed,1,4,perf-proposed-r001-20260818T050403Z,loan_to_aml,2,4,200,23.060300,
proposed,1,4,perf-proposed-r001-20260818T050403Z,loan_to_aml,2,5,200,19.769000,
proposed,1,4,perf-proposed-r001-20260818T050403Z,loan_to_aml,2,6,200,19.174600,
proposed,1,4,perf-proposed-r001-20260818T050403Z,loan_to_aml,2,7,200,18.905600,
proposed,1,4,perf-proposed-r001-20260818T050403Z,loan_to_aml,2,8,200,18.330400,
proposed,1,4,perf-proposed-r001-20260818T050403Z,loan_to_aml,2,9,200,18.589100,
proposed,1,4,perf-proposed-r001-20260818T050403Z,loan_to_aml,2,10,200,22.064000,
proposed,1,4,perf-proposed-r001-20260818T050403Z,loan_to_aml,2,11,200,22.592900,
proposed,1,4,perf-proposed-r001-20260818T050403Z,loan_to_aml,2,12,200,22.176400,
proposed,1,4,perf-proposed-r001-20260818T050403Z,loan_to_aml,2,13,200,19.179700,
proposed,1,4,perf-proposed-r001-20260818T050403Z,loan_to_aml,2,14,200,18.702700,
proposed,1,4,perf-proposed-r001-20260818T050403Z,loan_to_aml,2,15,200,15.835000,
proposed,1,4,perf-proposed-r001-20260818T050403Z,loan_to_aml,2,16,200,16.183200,
proposed,1,4,perf-proposed-r001-20260818T050403Z,loan_to_aml,2,17,200,17.070100,
proposed,1,4,perf-proposed-r001-20260818T050403Z,loan_to_aml,2,18,200,18.212500,
proposed,1,4,perf-proposed-r001-20260818T050403Z,loan_to_aml,2,19,200,16.691800,
proposed,1,4,perf-proposed-r001-20260818T050403Z,loan_to_aml,2,20,200,16.960600,
proposed,1,4,perf-proposed-r001-20260818T050403Z,loan_to_aml,2,21,200,16.319500,
proposed,1,4,perf-proposed-r001-20260818T050403Z,loan_to_aml,2,22,200,17.867100,
proposed,1,4,perf-proposed-r001-20260818T050403Z,loan_to_aml,2,23,200,16.861300,
proposed,1,4,perf-proposed-r001-20260818T050403Z,loan_to_aml,2,24,200,17.964500,
proposed,1,4,perf-proposed-r001-20260818T050403Z,loan_to_aml,2,25,200,17.101700,
proposed,1,4,perf-proposed-r001-20260818T050403Z,loan_to_aml,2,26,200,17.169800,
proposed,1,4,perf-proposed-r001-20260818T050403Z,loan_to_aml,2,27,200,16.545000,
proposed,1,4,perf-proposed-r001-20260818T050403Z,loan_to_aml,2,28,200,16.558800,
proposed,1,4,perf-proposed-r001-20260818T050403Z,loan_to_aml,2,29,200,17.359400,
proposed,1,4,perf-proposed-r001-20260818T050403Z,loan_to_aml,2,30,200,17.865600,
proposed,1,4,perf-proposed-r001-20260818T050403Z,loan_to_aml,2,31,200,16.012500,
proposed,1,4,perf-proposed-r001-20260818T050403Z,loan_to_aml,2,32,200,17.873500,
proposed,1,4,perf-proposed-r001-20260818T050403Z,loan_to_aml,2,33,200,17.215200,
proposed,1,4,perf-proposed-r001-20260818T050403Z,loan_to_aml,2,34,200,18.239800,
proposed,1,4,perf-proposed-r001-20260818T050403Z,loan_to_aml,2,35,200,17.737800,
proposed,1,4,perf-proposed-r001-20260818T050403Z,loan_to_aml,2,36,200,17.977400,
proposed,1,4,perf-proposed-r001-20260818T050403Z,loan_to_aml,2,37,200,18.327700,
proposed,1,4,perf-proposed-r001-20260818T050403Z,loan_to_aml,2,38,200,19.677900,
proposed,1,4,perf-proposed-r001-20260818T050403Z,loan_to_aml,2,39,200,16.838200,
proposed,1,4,perf-proposed-r001-20260818T050403Z,loan_to_aml,2,40,200,17.790700,
proposed,1,4,perf-proposed-r001-20260818T050403Z,loan_to_aml,2,41,200,17.183800,
proposed,1,4,perf-proposed-r001-20260818T050403Z,loan_to_aml,2,42,200,18.029300,
proposed,1,4,perf-proposed-r001-20260818T050403Z,loan_to_aml,2,43,200,18.010800,
proposed,1,4,perf-proposed-r001-20260818T050403Z,loan_to_aml,2,44,200,17.092100,
proposed,1,4,perf-proposed-r001-20260818T050403Z,loan_to_aml,2,45,200,17.033400,
proposed,1,4,perf-proposed-r001-20260818T050403Z,loan_to_aml,2,46,200,16.581400,
proposed,1,4,perf-proposed-r001-20260818T050403Z,loan_to_aml,2,47,200,16.423900,
proposed,1,4,perf-proposed-r001-20260818T050403Z,loan_to_aml,2,48,200,20.028700,
proposed,1,4,perf-proposed-r001-20260818T050403Z,loan_to_aml,2,49,200,19.677400,
proposed,1,4,perf-proposed-r001-20260818T050403Z,loan_to_aml,2,50,200,19.128900,
proposed,1,4,perf-proposed-r001-20260818T050403Z,loan_to_aml,2,51,200,17.098500,
proposed,1,4,perf-proposed-r001-20260818T050403Z,loan_to_aml,2,52,200,16.386500,
proposed,1,4,perf-proposed-r001-20260818T050403Z,loan_to_aml,2,53,200,16.267100,
proposed,1,4,perf-proposed-r001-20260818T050403Z,loan_to_aml,2,54,200,18.304800,
proposed,1,4,perf-proposed-r001-20260818T050403Z,loan_to_aml,2,55,200,19.659200,
proposed,1,4,perf-proposed-r001-20260818T050403Z,loan_to_aml,2,56,200,18.061200,
proposed,1,4,perf-proposed-r001-20260818T050403Z,loan_to_aml,2,57,200,15.979900,
proposed,1,4,perf-proposed-r001-20260818T050403Z,loan_to_aml,2,58,200,16.180000,
proposed,1,4,perf-proposed-r001-20260818T050403Z,loan_to_aml,2,59,200,16.876700,
proposed,1,4,perf-proposed-r001-20260818T050403Z,loan_to_aml,2,60,200,17.965100,
proposed,1,4,perf-proposed-r001-20260818T050403Z,loan_to_aml,2,61,200,18.511100,
proposed,1,4,perf-proposed-r001-20260818T050403Z,loan_to_aml,2,62,200,17.625400,
proposed,1,4,perf-proposed-r001-20260818T050403Z,loan_to_aml,2,63,200,16.938000,
proposed,1,4,perf-proposed-r001-20260818T050403Z,loan_to_aml,2,64,200,17.998600,
proposed,1,4,perf-proposed-r001-20260818T050403Z,loan_to_aml,2,65,200,16.762300,
proposed,1,4,perf-proposed-r001-20260818T050403Z,loan_to_aml,2,66,200,15.817700,
proposed,1,4,perf-proposed-r001-20260818T050403Z,loan_to_aml,2,67,200,15.855800,
proposed,1,4,perf-proposed-r001-20260818T050403Z,loan_to_aml,2,68,200,16.298400,
proposed,1,4,perf-proposed-r001-20260818T050403Z,loan_to_aml,2,69,200,17.023500,
proposed,1,4,perf-proposed-r001-20260818T050403Z,loan_to_aml,2,70,200,15.852000,
proposed,1,4,perf-proposed-r001-20260818T050403Z,loan_to_aml,2,71,200,15.963500,
proposed,1,4,perf-proposed-r001-20260818T050403Z,loan_to_aml,2,72,200,15.497500,
proposed,1,4,perf-proposed-r001-20260818T050403Z,loan_to_aml,2,73,200,16.797800,
proposed,1,4,perf-proposed-r001-20260818T050403Z,loan_to_aml,2,74,200,17.808700,
proposed,1,4,perf-proposed-r001-20260818T050403Z,loan_to_aml,2,75,200,17.217900,
proposed,1,4,perf-proposed-r001-20260818T050403Z,loan_to_aml,2,76,200,17.160900,
proposed,1,4,perf-proposed-r001-20260818T050403Z,loan_to_aml,2,77,200,16.204700,
proposed,1,4,perf-proposed-r001-20260818T050403Z,loan_to_aml,2,78,200,16.522300,
proposed,1,4,perf-proposed-r001-20260818T050403Z,loan_to_aml,2,79,200,15.833300,
proposed,1,4,perf-proposed-r001-20260818T050403Z,loan_to_aml,2,80,200,17.344200,
proposed,1,4,perf-proposed-r001-20260818T050403Z,loan_to_aml,2,81,200,16.609800,
proposed,1,4,perf-proposed-r001-20260818T050403Z,loan_to_aml,2,82,200,16.563400,
proposed,1,4,perf-proposed-r001-20260818T050403Z,loan_to_aml,2,83,200,17.190300,
proposed,1,4,perf-proposed-r001-20260818T050403Z,loan_to_aml,2,84,200,16.040900,
proposed,1,4,perf-proposed-r001-20260818T050403Z,loan_to_aml,2,85,200,16.002500,
proposed,1,4,perf-proposed-r001-20260818T050403Z,loan_to_aml,2,86,200,16.520400,
proposed,1,4,perf-proposed-r001-20260818T050403Z,loan_to_aml,2,87,200,16.874800,
proposed,1,4,perf-proposed-r001-20260818T050403Z,loan_to_aml,2,88,200,18.026000,
proposed,1,4,perf-proposed-r001-20260818T050403Z,loan_to_aml,2,89,200,16.528200,
proposed,1,4,perf-proposed-r001-20260818T050403Z,loan_to_aml,2,90,200,18.265900,
proposed,1,4,perf-proposed-r001-20260818T050403Z,loan_to_aml,2,91,200,17.928700,
proposed,1,4,perf-proposed-r001-20260818T050403Z,loan_to_aml,2,92,200,17.438700,
proposed,1,4,perf-proposed-r001-20260818T050403Z,loan_to_aml,2,93,200,18.830600,
proposed,1,4,perf-proposed-r001-20260818T050403Z,loan_to_aml,2,94,200,16.457600,
proposed,1,4,perf-proposed-r001-20260818T050403Z,loan_to_aml,2,95,200,17.264700,
proposed,1,4,perf-proposed-r001-20260818T050403Z,loan_to_aml,2,96,200,16.522000,
proposed,1,4,perf-proposed-r001-20260818T050403Z,loan_to_aml,2,97,200,17.589800,
proposed,1,4,perf-proposed-r001-20260818T050403Z,loan_to_aml,2,98,200,16.812900,
proposed,1,4,perf-proposed-r001-20260818T050403Z,loan_to_aml,2,99,200,16.399100,
proposed,1,4,perf-proposed-r001-20260818T050403Z,loan_to_aml,2,100,200,16.847400,
proposed,1,4,perf-proposed-r001-20260818T050403Z,loan_to_aml,2,101,200,17.394000,
proposed,1,4,perf-proposed-r001-20260818T050403Z,loan_to_aml,2,102,200,17.349100,
proposed,1,4,perf-proposed-r001-20260818T050403Z,loan_to_aml,2,103,200,16.865900,
proposed,1,4,perf-proposed-r001-20260818T050403Z,loan_to_aml,2,104,200,17.249400,
proposed,1,4,perf-proposed-r001-20260818T050403Z,loan_to_aml,2,105,200,16.352400,
proposed,1,4,perf-proposed-r001-20260818T050403Z,loan_to_aml,2,106,200,17.186200,
proposed,1,4,perf-proposed-r001-20260818T050403Z,loan_to_aml,2,107,200,16.849000,
proposed,1,4,perf-proposed-r001-20260818T050403Z,loan_to_aml,2,108,200,17.076300,
proposed,1,4,perf-proposed-r001-20260818T050403Z,loan_to_aml,2,109,200,17.159300,
proposed,1,4,perf-proposed-r001-20260818T050403Z,loan_to_aml,2,110,200,16.845800,
proposed,1,4,perf-proposed-r001-20260818T050403Z,loan_to_aml,2,111,200,17.777800,
proposed,1,4,perf-proposed-r001-20260818T050403Z,loan_to_aml,2,112,200,17.200100,
proposed,1,4,perf-proposed-r001-20260818T050403Z,loan_to_aml,2,113,200,16.987700,
proposed,1,4,perf-proposed-r001-20260818T050403Z,loan_to_aml,2,114,200,15.856100,
proposed,1,4,perf-proposed-r001-20260818T050403Z,loan_to_aml,2,115,200,15.817700,
proposed,1,4,perf-proposed-r001-20260818T050403Z,loan_to_aml,2,116,200,16.993300,
proposed,1,4,perf-proposed-r001-20260818T050403Z,loan_to_aml,2,117,200,15.854600,
proposed,1,4,perf-proposed-r001-20260818T050403Z,loan_to_aml,2,118,200,16.140000,
proposed,1,4,perf-proposed-r001-20260818T050403Z,loan_to_aml,2,119,200,15.989500,
proposed,1,4,perf-proposed-r001-20260818T050403Z,loan_to_aml,2,120,200,17.052000,
proposed,1,4,perf-proposed-r001-20260818T050403Z,loan_to_aml,2,121,200,16.899600,
proposed,1,4,perf-proposed-r001-20260818T050403Z,loan_to_aml,2,122,200,17.192400,
proposed,1,4,perf-proposed-r001-20260818T050403Z,loan_to_aml,2,123,200,16.955300,
proposed,1,4,perf-proposed-r001-20260818T050403Z,loan_to_aml,2,124,200,16.905400,
proposed,1,4,perf-proposed-r001-20260818T050403Z,loan_to_aml,2,125,200,15.699100,
proposed,1,4,perf-proposed-r001-20260818T050403Z,loan_to_aml,2,126,200,15.994300,
proposed,1,4,perf-proposed-r001-20260818T050403Z,loan_to_aml,2,127,200,16.047200,
proposed,1,4,perf-proposed-r001-20260818T050403Z,loan_to_aml,2,128,200,16.114500,
proposed,1,4,perf-proposed-r001-20260818T050403Z,loan_to_aml,2,129,200,18.054700,
proposed,1,4,perf-proposed-r001-20260818T050403Z,loan_to_aml,2,130,200,21.184000,
proposed,1,4,perf-proposed-r001-20260818T050403Z,loan_to_aml,2,131,200,17.454000,
proposed,1,4,perf-proposed-r001-20260818T050403Z,loan_to_aml,2,132,200,17.720200,
proposed,1,4,perf-proposed-r001-20260818T050403Z,loan_to_aml,2,133,200,16.669200,
proposed,1,4,perf-proposed-r001-20260818T050403Z,loan_to_aml,2,134,200,16.907600,
proposed,1,4,perf-proposed-r001-20260818T050403Z,loan_to_aml,2,135,200,17.009800,
proposed,1,4,perf-proposed-r001-20260818T050403Z,loan_to_aml,2,136,200,17.166600,
proposed,1,4,perf-proposed-r001-20260818T050403Z,loan_to_aml,2,137,200,18.147700,
proposed,1,4,perf-proposed-r001-20260818T050403Z,loan_to_aml,2,138,200,16.493200,
proposed,1,4,perf-proposed-r001-20260818T050403Z,loan_to_aml,2,139,200,17.651800,
proposed,1,4,perf-proposed-r001-20260818T050403Z,loan_to_aml,2,140,200,17.372900,
proposed,1,4,perf-proposed-r001-20260818T050403Z,loan_to_aml,2,141,200,16.035200,
proposed,1,4,perf-proposed-r001-20260818T050403Z,loan_to_aml,2,142,200,17.218800,
proposed,1,4,perf-proposed-r001-20260818T050403Z,loan_to_aml,2,143,200,16.584000,
proposed,1,4,perf-proposed-r001-20260818T050403Z,loan_to_aml,2,144,200,16.123300,
proposed,1,4,perf-proposed-r001-20260818T050403Z,loan_to_aml,2,145,200,15.576900,
proposed,1,4,perf-proposed-r001-20260818T050403Z,loan_to_aml,2,146,200,16.327100,
proposed,1,4,perf-proposed-r001-20260818T050403Z,loan_to_aml,2,147,200,15.934500,
proposed,1,4,perf-proposed-r001-20260818T050403Z,loan_to_aml,2,148,200,17.056800,
proposed,1,4,perf-proposed-r001-20260818T050403Z,loan_to_aml,2,149,200,16.820600,
proposed,1,4,perf-proposed-r001-20260818T050403Z,loan_to_aml,2,150,200,16.860400,
proposed,1,4,perf-proposed-r001-20260818T050403Z,loan_to_aml,2,151,200,16.346200,
proposed,1,4,perf-proposed-r001-20260818T050403Z,loan_to_aml,2,152,200,16.937200,
proposed,1,4,perf-proposed-r001-20260818T050403Z,loan_to_aml,2,153,200,15.891400,
proposed,1,4,perf-proposed-r001-20260818T050403Z,loan_to_aml,2,154,200,16.713700,
proposed,1,4,perf-proposed-r001-20260818T050403Z,loan_to_aml,2,155,200,15.954800,
proposed,1,4,perf-proposed-r001-20260818T050403Z,loan_to_aml,2,156,200,16.259700,
proposed,1,4,perf-proposed-r001-20260818T050403Z,loan_to_aml,2,157,200,15.748800,
proposed,1,4,perf-proposed-r001-20260818T050403Z,loan_to_aml,2,158,200,16.093200,
proposed,1,4,perf-proposed-r001-20260818T050403Z,loan_to_aml,2,159,200,16.032400,
proposed,1,4,perf-proposed-r001-20260818T050403Z,loan_to_aml,2,160,200,16.138600,
proposed,1,4,perf-proposed-r001-20260818T050403Z,loan_to_aml,2,161,200,16.907300,
proposed,1,4,perf-proposed-r001-20260818T050403Z,loan_to_aml,2,162,200,15.569200,
proposed,1,4,perf-proposed-r001-20260818T050403Z,loan_to_aml,2,163,200,16.136000,
proposed,1,4,perf-proposed-r001-20260818T050403Z,loan_to_aml,2,164,200,16.770800,
proposed,1,4,perf-proposed-r001-20260818T050403Z,loan_to_aml,2,165,200,16.368800,
proposed,1,4,perf-proposed-r001-20260818T050403Z,loan_to_aml,2,166,200,17.046100,
proposed,1,4,perf-proposed-r001-20260818T050403Z,loan_to_aml,2,167,200,15.844700,
proposed,1,4,perf-proposed-r001-20260818T050403Z,loan_to_aml,2,168,200,16.336600,
proposed,1,4,perf-proposed-r001-20260818T050403Z,loan_to_aml,2,169,200,16.684000,
proposed,1,4,perf-proposed-r001-20260818T050403Z,loan_to_aml,2,170,200,16.130600,
proposed,1,4,perf-proposed-r001-20260818T050403Z,loan_to_aml,2,171,200,16.646200,
proposed,1,4,perf-proposed-r001-20260818T050403Z,loan_to_aml,2,172,200,16.912400,
proposed,1,4,perf-proposed-r001-20260818T050403Z,loan_to_aml,2,173,200,17.698300,
proposed,1,4,perf-proposed-r001-20260818T050403Z,loan_to_aml,2,174,200,17.070100,
proposed,1,4,perf-proposed-r001-20260818T050403Z,loan_to_aml,2,175,200,16.172700,
proposed,1,4,perf-proposed-r001-20260818T050403Z,loan_to_aml,2,176,200,16.768900,
proposed,1,4,perf-proposed-r001-20260818T050403Z,loan_to_aml,2,177,200,16.017000,
proposed,1,4,perf-proposed-r001-20260818T050403Z,loan_to_aml,2,178,200,15.935400,
proposed,1,4,perf-proposed-r001-20260818T050403Z,loan_to_aml,2,179,200,17.971100,
proposed,1,4,perf-proposed-r001-20260818T050403Z,loan_to_aml,2,180,200,16.241700,
proposed,1,4,perf-proposed-r001-20260818T050403Z,loan_to_aml,2,181,200,17.291900,
proposed,1,4,perf-proposed-r001-20260818T050403Z,loan_to_aml,2,182,200,15.976100,
proposed,1,4,perf-proposed-r001-20260818T050403Z,loan_to_aml,2,183,200,15.542300,
proposed,1,4,perf-proposed-r001-20260818T050403Z,loan_to_aml,2,184,200,16.561100,
proposed,1,4,perf-proposed-r001-20260818T050403Z,loan_to_aml,2,185,200,16.487600,
proposed,1,4,perf-proposed-r001-20260818T050403Z,loan_to_aml,2,186,200,16.044200,
proposed,1,4,perf-proposed-r001-20260818T050403Z,loan_to_aml,2,187,200,15.922100,
proposed,1,4,perf-proposed-r001-20260818T050403Z,loan_to_aml,2,188,200,16.217200,
proposed,1,4,perf-proposed-r001-20260818T050403Z,loan_to_aml,2,189,200,16.784600,
proposed,1,4,perf-proposed-r001-20260818T050403Z,loan_to_aml,2,190,200,17.432400,
proposed,1,4,perf-proposed-r001-20260818T050403Z,loan_to_aml,2,191,200,17.784400,
proposed,1,4,perf-proposed-r001-20260818T050403Z,loan_to_aml,2,192,200,15.740700,
proposed,1,4,perf-proposed-r001-20260818T050403Z,loan_to_aml,2,193,200,16.096600,
proposed,1,4,perf-proposed-r001-20260818T050403Z,loan_to_aml,2,194,200,15.959500,
proposed,1,4,perf-proposed-r001-20260818T050403Z,loan_to_aml,2,195,200,17.317000,
proposed,1,4,perf-proposed-r001-20260818T050403Z,loan_to_aml,2,196,200,15.379100,
proposed,1,4,perf-proposed-r001-20260818T050403Z,loan_to_aml,2,197,200,16.172600,
proposed,1,4,perf-proposed-r001-20260818T050403Z,loan_to_aml,2,198,200,15.901400,
proposed,1,4,perf-proposed-r001-20260818T050403Z,loan_to_aml,2,199,200,15.825800,
proposed,1,4,perf-proposed-r001-20260818T050403Z,loan_to_aml,2,200,200,16.113200,
proposed,1,4,perf-proposed-r001-20260818T050403Z,loan_to_aml,3,1,200,15.880200,
proposed,1,4,perf-proposed-r001-20260818T050403Z,loan_to_aml,3,2,200,16.325800,
proposed,1,4,perf-proposed-r001-20260818T050403Z,loan_to_aml,3,3,200,15.707500,
proposed,1,4,perf-proposed-r001-20260818T050403Z,loan_to_aml,3,4,200,16.106800,
proposed,1,4,perf-proposed-r001-20260818T050403Z,loan_to_aml,3,5,200,16.003300,
proposed,1,4,perf-proposed-r001-20260818T050403Z,loan_to_aml,3,6,200,16.341400,
proposed,1,4,perf-proposed-r001-20260818T050403Z,loan_to_aml,3,7,200,15.391800,
proposed,1,4,perf-proposed-r001-20260818T050403Z,loan_to_aml,3,8,200,17.340300,
proposed,1,4,perf-proposed-r001-20260818T050403Z,loan_to_aml,3,9,200,16.608000,
proposed,1,4,perf-proposed-r001-20260818T050403Z,loan_to_aml,3,10,200,18.559600,
proposed,1,4,perf-proposed-r001-20260818T050403Z,loan_to_aml,3,11,200,17.105300,
proposed,1,4,perf-proposed-r001-20260818T050403Z,loan_to_aml,3,12,200,16.431600,
proposed,1,4,perf-proposed-r001-20260818T050403Z,loan_to_aml,3,13,200,15.786800,
proposed,1,4,perf-proposed-r001-20260818T050403Z,loan_to_aml,3,14,200,15.763300,
proposed,1,4,perf-proposed-r001-20260818T050403Z,loan_to_aml,3,15,200,14.943900,
proposed,1,4,perf-proposed-r001-20260818T050403Z,loan_to_aml,3,16,200,15.284700,
proposed,1,4,perf-proposed-r001-20260818T050403Z,loan_to_aml,3,17,200,15.866400,
proposed,1,4,perf-proposed-r001-20260818T050403Z,loan_to_aml,3,18,200,16.359600,
proposed,1,4,perf-proposed-r001-20260818T050403Z,loan_to_aml,3,19,200,17.204800,
proposed,1,4,perf-proposed-r001-20260818T050403Z,loan_to_aml,3,20,200,16.763400,
proposed,1,4,perf-proposed-r001-20260818T050403Z,loan_to_aml,3,21,200,16.101200,
proposed,1,4,perf-proposed-r001-20260818T050403Z,loan_to_aml,3,22,200,16.784500,
proposed,1,4,perf-proposed-r001-20260818T050403Z,loan_to_aml,3,23,200,16.987700,
proposed,1,4,perf-proposed-r001-20260818T050403Z,loan_to_aml,3,24,200,17.254500,
proposed,1,4,perf-proposed-r001-20260818T050403Z,loan_to_aml,3,25,200,17.429000,
proposed,1,4,perf-proposed-r001-20260818T050403Z,loan_to_aml,3,26,200,17.345100,
proposed,1,4,perf-proposed-r001-20260818T050403Z,loan_to_aml,3,27,200,17.095100,
proposed,1,4,perf-proposed-r001-20260818T050403Z,loan_to_aml,3,28,200,16.639900,
proposed,1,4,perf-proposed-r001-20260818T050403Z,loan_to_aml,3,29,200,18.081500,
proposed,1,4,perf-proposed-r001-20260818T050403Z,loan_to_aml,3,30,200,17.168000,
proposed,1,4,perf-proposed-r001-20260818T050403Z,loan_to_aml,3,31,200,16.768000,
proposed,1,4,perf-proposed-r001-20260818T050403Z,loan_to_aml,3,32,200,15.963300,
proposed,1,4,perf-proposed-r001-20260818T050403Z,loan_to_aml,3,33,200,17.807800,
proposed,1,4,perf-proposed-r001-20260818T050403Z,loan_to_aml,3,34,200,17.981000,
proposed,1,4,perf-proposed-r001-20260818T050403Z,loan_to_aml,3,35,200,16.816200,
proposed,1,4,perf-proposed-r001-20260818T050403Z,loan_to_aml,3,36,200,16.872100,
proposed,1,4,perf-proposed-r001-20260818T050403Z,loan_to_aml,3,37,200,16.870300,
proposed,1,4,perf-proposed-r001-20260818T050403Z,loan_to_aml,3,38,200,16.856000,
proposed,1,4,perf-proposed-r001-20260818T050403Z,loan_to_aml,3,39,200,16.823700,
proposed,1,4,perf-proposed-r001-20260818T050403Z,loan_to_aml,3,40,200,17.079000,
proposed,1,4,perf-proposed-r001-20260818T050403Z,loan_to_aml,3,41,200,16.737100,
proposed,1,4,perf-proposed-r001-20260818T050403Z,loan_to_aml,3,42,200,18.389500,
proposed,1,4,perf-proposed-r001-20260818T050403Z,loan_to_aml,3,43,200,18.079900,
proposed,1,4,perf-proposed-r001-20260818T050403Z,loan_to_aml,3,44,200,16.926000,
proposed,1,4,perf-proposed-r001-20260818T050403Z,loan_to_aml,3,45,200,16.532500,
proposed,1,4,perf-proposed-r001-20260818T050403Z,loan_to_aml,3,46,200,17.146800,
proposed,1,4,perf-proposed-r001-20260818T050403Z,loan_to_aml,3,47,200,17.128500,
proposed,1,4,perf-proposed-r001-20260818T050403Z,loan_to_aml,3,48,200,17.919100,
proposed,1,4,perf-proposed-r001-20260818T050403Z,loan_to_aml,3,49,200,17.042400,
proposed,1,4,perf-proposed-r001-20260818T050403Z,loan_to_aml,3,50,200,18.125400,
proposed,1,4,perf-proposed-r001-20260818T050403Z,loan_to_aml,3,51,200,16.828600,
proposed,1,4,perf-proposed-r001-20260818T050403Z,loan_to_aml,3,52,200,19.229900,
proposed,1,4,perf-proposed-r001-20260818T050403Z,loan_to_aml,3,53,200,16.754400,
proposed,1,4,perf-proposed-r001-20260818T050403Z,loan_to_aml,3,54,200,17.708200,
proposed,1,4,perf-proposed-r001-20260818T050403Z,loan_to_aml,3,55,200,18.101900,
proposed,1,4,perf-proposed-r001-20260818T050403Z,loan_to_aml,3,56,200,18.970100,
proposed,1,4,perf-proposed-r001-20260818T050403Z,loan_to_aml,3,57,200,17.720200,
proposed,1,4,perf-proposed-r001-20260818T050403Z,loan_to_aml,3,58,200,17.404300,
proposed,1,4,perf-proposed-r001-20260818T050403Z,loan_to_aml,3,59,200,17.731900,
proposed,1,4,perf-proposed-r001-20260818T050403Z,loan_to_aml,3,60,200,15.565400,
proposed,1,4,perf-proposed-r001-20260818T050403Z,loan_to_aml,3,61,200,16.404800,
proposed,1,4,perf-proposed-r001-20260818T050403Z,loan_to_aml,3,62,200,17.110300,
proposed,1,4,perf-proposed-r001-20260818T050403Z,loan_to_aml,3,63,200,16.969000,
proposed,1,4,perf-proposed-r001-20260818T050403Z,loan_to_aml,3,64,200,16.834700,
proposed,1,4,perf-proposed-r001-20260818T050403Z,loan_to_aml,3,65,200,17.250700,
proposed,1,4,perf-proposed-r001-20260818T050403Z,loan_to_aml,3,66,200,21.501400,
proposed,1,4,perf-proposed-r001-20260818T050403Z,loan_to_aml,3,67,200,21.560300,
proposed,1,4,perf-proposed-r001-20260818T050403Z,loan_to_aml,3,68,200,21.020700,
proposed,1,4,perf-proposed-r001-20260818T050403Z,loan_to_aml,3,69,200,18.328700,
proposed,1,4,perf-proposed-r001-20260818T050403Z,loan_to_aml,3,70,200,19.690300,
proposed,1,4,perf-proposed-r001-20260818T050403Z,loan_to_aml,3,71,200,18.703600,
proposed,1,4,perf-proposed-r001-20260818T050403Z,loan_to_aml,3,72,200,18.556100,
proposed,1,4,perf-proposed-r001-20260818T050403Z,loan_to_aml,3,73,200,17.760800,
proposed,1,4,perf-proposed-r001-20260818T050403Z,loan_to_aml,3,74,200,18.913100,
proposed,1,4,perf-proposed-r001-20260818T050403Z,loan_to_aml,3,75,200,18.151100,
proposed,1,4,perf-proposed-r001-20260818T050403Z,loan_to_aml,3,76,200,17.713500,
proposed,1,4,perf-proposed-r001-20260818T050403Z,loan_to_aml,3,77,200,17.890200,
proposed,1,4,perf-proposed-r001-20260818T050403Z,loan_to_aml,3,78,200,16.769600,
proposed,1,4,perf-proposed-r001-20260818T050403Z,loan_to_aml,3,79,200,16.970400,
proposed,1,4,perf-proposed-r001-20260818T050403Z,loan_to_aml,3,80,200,17.571000,
proposed,1,4,perf-proposed-r001-20260818T050403Z,loan_to_aml,3,81,200,16.075200,
proposed,1,4,perf-proposed-r001-20260818T050403Z,loan_to_aml,3,82,200,17.058300,
proposed,1,4,perf-proposed-r001-20260818T050403Z,loan_to_aml,3,83,200,16.862300,
proposed,1,4,perf-proposed-r001-20260818T050403Z,loan_to_aml,3,84,200,17.258100,
proposed,1,4,perf-proposed-r001-20260818T050403Z,loan_to_aml,3,85,200,15.591200,
proposed,1,4,perf-proposed-r001-20260818T050403Z,loan_to_aml,3,86,200,16.422900,
proposed,1,4,perf-proposed-r001-20260818T050403Z,loan_to_aml,3,87,200,16.746100,
proposed,1,4,perf-proposed-r001-20260818T050403Z,loan_to_aml,3,88,200,16.457800,
proposed,1,4,perf-proposed-r001-20260818T050403Z,loan_to_aml,3,89,200,18.542800,
proposed,1,4,perf-proposed-r001-20260818T050403Z,loan_to_aml,3,90,200,17.650500,
proposed,1,4,perf-proposed-r001-20260818T050403Z,loan_to_aml,3,91,200,15.987200,
proposed,1,4,perf-proposed-r001-20260818T050403Z,loan_to_aml,3,92,200,16.890100,
proposed,1,4,perf-proposed-r001-20260818T050403Z,loan_to_aml,3,93,200,16.043100,
proposed,1,4,perf-proposed-r001-20260818T050403Z,loan_to_aml,3,94,200,17.053000,
proposed,1,4,perf-proposed-r001-20260818T050403Z,loan_to_aml,3,95,200,16.381300,
proposed,1,4,perf-proposed-r001-20260818T050403Z,loan_to_aml,3,96,200,16.825800,
proposed,1,4,perf-proposed-r001-20260818T050403Z,loan_to_aml,3,97,200,16.540200,
proposed,1,4,perf-proposed-r001-20260818T050403Z,loan_to_aml,3,98,200,16.234500,
proposed,1,4,perf-proposed-r001-20260818T050403Z,loan_to_aml,3,99,200,16.199000,
proposed,1,4,perf-proposed-r001-20260818T050403Z,loan_to_aml,3,100,200,17.226700,
proposed,1,4,perf-proposed-r001-20260818T050403Z,loan_to_aml,3,101,200,16.646500,
proposed,1,4,perf-proposed-r001-20260818T050403Z,loan_to_aml,3,102,200,16.788800,
proposed,1,4,perf-proposed-r001-20260818T050403Z,loan_to_aml,3,103,200,15.990600,
proposed,1,4,perf-proposed-r001-20260818T050403Z,loan_to_aml,3,104,200,16.921800,
proposed,1,4,perf-proposed-r001-20260818T050403Z,loan_to_aml,3,105,200,15.943200,
proposed,1,4,perf-proposed-r001-20260818T050403Z,loan_to_aml,3,106,200,17.659500,
proposed,1,4,perf-proposed-r001-20260818T050403Z,loan_to_aml,3,107,200,16.745300,
proposed,1,4,perf-proposed-r001-20260818T050403Z,loan_to_aml,3,108,200,18.999700,
proposed,1,4,perf-proposed-r001-20260818T050403Z,loan_to_aml,3,109,200,20.109800,
proposed,1,4,perf-proposed-r001-20260818T050403Z,loan_to_aml,3,110,200,16.385900,
proposed,1,4,perf-proposed-r001-20260818T050403Z,loan_to_aml,3,111,200,17.387500,
proposed,1,4,perf-proposed-r001-20260818T050403Z,loan_to_aml,3,112,200,16.933400,
proposed,1,4,perf-proposed-r001-20260818T050403Z,loan_to_aml,3,113,200,16.858500,
proposed,1,4,perf-proposed-r001-20260818T050403Z,loan_to_aml,3,114,200,16.777800,
proposed,1,4,perf-proposed-r001-20260818T050403Z,loan_to_aml,3,115,200,16.495200,
proposed,1,4,perf-proposed-r001-20260818T050403Z,loan_to_aml,3,116,200,15.427200,
proposed,1,4,perf-proposed-r001-20260818T050403Z,loan_to_aml,3,117,200,16.279200,
proposed,1,4,perf-proposed-r001-20260818T050403Z,loan_to_aml,3,118,200,15.811600,
proposed,1,4,perf-proposed-r001-20260818T050403Z,loan_to_aml,3,119,200,15.582600,
proposed,1,4,perf-proposed-r001-20260818T050403Z,loan_to_aml,3,120,200,16.496600,
proposed,1,4,perf-proposed-r001-20260818T050403Z,loan_to_aml,3,121,200,15.812300,
proposed,1,4,perf-proposed-r001-20260818T050403Z,loan_to_aml,3,122,200,15.694500,
proposed,1,4,perf-proposed-r001-20260818T050403Z,loan_to_aml,3,123,200,16.446200,
proposed,1,4,perf-proposed-r001-20260818T050403Z,loan_to_aml,3,124,200,16.632100,
proposed,1,4,perf-proposed-r001-20260818T050403Z,loan_to_aml,3,125,200,16.596800,
proposed,1,4,perf-proposed-r001-20260818T050403Z,loan_to_aml,3,126,200,16.795700,
proposed,1,4,perf-proposed-r001-20260818T050403Z,loan_to_aml,3,127,200,17.151500,
proposed,1,4,perf-proposed-r001-20260818T050403Z,loan_to_aml,3,128,200,16.729300,
proposed,1,4,perf-proposed-r001-20260818T050403Z,loan_to_aml,3,129,200,18.392100,
proposed,1,4,perf-proposed-r001-20260818T050403Z,loan_to_aml,3,130,200,16.859900,
proposed,1,4,perf-proposed-r001-20260818T050403Z,loan_to_aml,3,131,200,16.731500,
proposed,1,4,perf-proposed-r001-20260818T050403Z,loan_to_aml,3,132,200,16.970700,
proposed,1,4,perf-proposed-r001-20260818T050403Z,loan_to_aml,3,133,200,17.058400,
proposed,1,4,perf-proposed-r001-20260818T050403Z,loan_to_aml,3,134,200,16.784700,
proposed,1,4,perf-proposed-r001-20260818T050403Z,loan_to_aml,3,135,200,16.633000,
proposed,1,4,perf-proposed-r001-20260818T050403Z,loan_to_aml,3,136,200,17.340800,
proposed,1,4,perf-proposed-r001-20260818T050403Z,loan_to_aml,3,137,200,17.033500,
proposed,1,4,perf-proposed-r001-20260818T050403Z,loan_to_aml,3,138,200,17.863100,
proposed,1,4,perf-proposed-r001-20260818T050403Z,loan_to_aml,3,139,200,17.238500,
proposed,1,4,perf-proposed-r001-20260818T050403Z,loan_to_aml,3,140,200,15.788100,
proposed,1,4,perf-proposed-r001-20260818T050403Z,loan_to_aml,3,141,200,15.728700,
proposed,1,4,perf-proposed-r001-20260818T050403Z,loan_to_aml,3,142,200,16.511400,
proposed,1,4,perf-proposed-r001-20260818T050403Z,loan_to_aml,3,143,200,15.462000,
proposed,1,4,perf-proposed-r001-20260818T050403Z,loan_to_aml,3,144,200,17.258900,
proposed,1,4,perf-proposed-r001-20260818T050403Z,loan_to_aml,3,145,200,16.638600,
proposed,1,4,perf-proposed-r001-20260818T050403Z,loan_to_aml,3,146,200,16.097700,
proposed,1,4,perf-proposed-r001-20260818T050403Z,loan_to_aml,3,147,200,16.979300,
proposed,1,4,perf-proposed-r001-20260818T050403Z,loan_to_aml,3,148,200,17.141300,
proposed,1,4,perf-proposed-r001-20260818T050403Z,loan_to_aml,3,149,200,17.041100,
proposed,1,4,perf-proposed-r001-20260818T050403Z,loan_to_aml,3,150,200,17.808400,
proposed,1,4,perf-proposed-r001-20260818T050403Z,loan_to_aml,3,151,200,18.242200,
proposed,1,4,perf-proposed-r001-20260818T050403Z,loan_to_aml,3,152,200,15.811600,
proposed,1,4,perf-proposed-r001-20260818T050403Z,loan_to_aml,3,153,200,16.098900,
proposed,1,4,perf-proposed-r001-20260818T050403Z,loan_to_aml,3,154,200,15.784200,
proposed,1,4,perf-proposed-r001-20260818T050403Z,loan_to_aml,3,155,200,15.738700,
proposed,1,4,perf-proposed-r001-20260818T050403Z,loan_to_aml,3,156,200,16.317800,
proposed,1,4,perf-proposed-r001-20260818T050403Z,loan_to_aml,3,157,200,16.389400,
proposed,1,4,perf-proposed-r001-20260818T050403Z,loan_to_aml,3,158,200,16.525700,
proposed,1,4,perf-proposed-r001-20260818T050403Z,loan_to_aml,3,159,200,16.935500,
proposed,1,4,perf-proposed-r001-20260818T050403Z,loan_to_aml,3,160,200,18.563300,
proposed,1,4,perf-proposed-r001-20260818T050403Z,loan_to_aml,3,161,200,17.840400,
proposed,1,4,perf-proposed-r001-20260818T050403Z,loan_to_aml,3,162,200,17.233000,
proposed,1,4,perf-proposed-r001-20260818T050403Z,loan_to_aml,3,163,200,16.733800,
proposed,1,4,perf-proposed-r001-20260818T050403Z,loan_to_aml,3,164,200,18.400200,
proposed,1,4,perf-proposed-r001-20260818T050403Z,loan_to_aml,3,165,200,17.665900,
proposed,1,4,perf-proposed-r001-20260818T050403Z,loan_to_aml,3,166,200,16.222200,
proposed,1,4,perf-proposed-r001-20260818T050403Z,loan_to_aml,3,167,200,17.955900,
proposed,1,4,perf-proposed-r001-20260818T050403Z,loan_to_aml,3,168,200,17.396100,
proposed,1,4,perf-proposed-r001-20260818T050403Z,loan_to_aml,3,169,200,16.255000,
proposed,1,4,perf-proposed-r001-20260818T050403Z,loan_to_aml,3,170,200,16.399600,
proposed,1,4,perf-proposed-r001-20260818T050403Z,loan_to_aml,3,171,200,16.573400,
proposed,1,4,perf-proposed-r001-20260818T050403Z,loan_to_aml,3,172,200,16.795200,
proposed,1,4,perf-proposed-r001-20260818T050403Z,loan_to_aml,3,173,200,15.311400,
proposed,1,4,perf-proposed-r001-20260818T050403Z,loan_to_aml,3,174,200,16.280600,
proposed,1,4,perf-proposed-r001-20260818T050403Z,loan_to_aml,3,175,200,15.666700,
proposed,1,4,perf-proposed-r001-20260818T050403Z,loan_to_aml,3,176,200,15.982700,
proposed,1,4,perf-proposed-r001-20260818T050403Z,loan_to_aml,3,177,200,15.991500,
proposed,1,4,perf-proposed-r001-20260818T050403Z,loan_to_aml,3,178,200,16.231800,
proposed,1,4,perf-proposed-r001-20260818T050403Z,loan_to_aml,3,179,200,16.879100,
proposed,1,4,perf-proposed-r001-20260818T050403Z,loan_to_aml,3,180,200,17.156400,
proposed,1,4,perf-proposed-r001-20260818T050403Z,loan_to_aml,3,181,200,15.728800,
proposed,1,4,perf-proposed-r001-20260818T050403Z,loan_to_aml,3,182,200,16.818800,
proposed,1,4,perf-proposed-r001-20260818T050403Z,loan_to_aml,3,183,200,16.668100,
proposed,1,4,perf-proposed-r001-20260818T050403Z,loan_to_aml,3,184,200,16.889500,
proposed,1,4,perf-proposed-r001-20260818T050403Z,loan_to_aml,3,185,200,16.556500,
proposed,1,4,perf-proposed-r001-20260818T050403Z,loan_to_aml,3,186,200,15.810100,
proposed,1,4,perf-proposed-r001-20260818T050403Z,loan_to_aml,3,187,200,16.712400,
proposed,1,4,perf-proposed-r001-20260818T050403Z,loan_to_aml,3,188,200,16.634900,
proposed,1,4,perf-proposed-r001-20260818T050403Z,loan_to_aml,3,189,200,16.793600,
proposed,1,4,perf-proposed-r001-20260818T050403Z,loan_to_aml,3,190,200,15.881000,
proposed,1,4,perf-proposed-r001-20260818T050403Z,loan_to_aml,3,191,200,18.608200,
proposed,1,4,perf-proposed-r001-20260818T050403Z,loan_to_aml,3,192,200,16.992600,
proposed,1,4,perf-proposed-r001-20260818T050403Z,loan_to_aml,3,193,200,18.067000,
proposed,1,4,perf-proposed-r001-20260818T050403Z,loan_to_aml,3,194,200,17.994300,
proposed,1,4,perf-proposed-r001-20260818T050403Z,loan_to_aml,3,195,200,17.018900,
proposed,1,4,perf-proposed-r001-20260818T050403Z,loan_to_aml,3,196,200,17.020500,
proposed,1,4,perf-proposed-r001-20260818T050403Z,loan_to_aml,3,197,200,17.181100,
proposed,1,4,perf-proposed-r001-20260818T050403Z,loan_to_aml,3,198,200,18.012600,
proposed,1,4,perf-proposed-r001-20260818T050403Z,loan_to_aml,3,199,200,15.932500,
proposed,1,4,perf-proposed-r001-20260818T050403Z,loan_to_aml,3,200,200,17.727000,
proposed,1,4,perf-proposed-r001-20260818T050403Z,loan_to_approval,1,1,200,19.408900,
proposed,1,4,perf-proposed-r001-20260818T050403Z,loan_to_approval,1,2,200,15.483900,
proposed,1,4,perf-proposed-r001-20260818T050403Z,loan_to_approval,1,3,200,17.771200,
proposed,1,4,perf-proposed-r001-20260818T050403Z,loan_to_approval,1,4,200,17.022600,
proposed,1,4,perf-proposed-r001-20260818T050403Z,loan_to_approval,1,5,200,16.786000,
proposed,1,4,perf-proposed-r001-20260818T050403Z,loan_to_approval,1,6,200,16.403800,
proposed,1,4,perf-proposed-r001-20260818T050403Z,loan_to_approval,1,7,200,16.286000,
proposed,1,4,perf-proposed-r001-20260818T050403Z,loan_to_approval,1,8,200,15.729600,
proposed,1,4,perf-proposed-r001-20260818T050403Z,loan_to_approval,1,9,200,16.293200,
proposed,1,4,perf-proposed-r001-20260818T050403Z,loan_to_approval,1,10,200,16.046100,
proposed,1,4,perf-proposed-r001-20260818T050403Z,loan_to_approval,1,11,200,16.498300,
proposed,1,4,perf-proposed-r001-20260818T050403Z,loan_to_approval,1,12,200,17.396100,
proposed,1,4,perf-proposed-r001-20260818T050403Z,loan_to_approval,1,13,200,17.038800,
proposed,1,4,perf-proposed-r001-20260818T050403Z,loan_to_approval,1,14,200,17.771900,
proposed,1,4,perf-proposed-r001-20260818T050403Z,loan_to_approval,1,15,200,16.308500,
proposed,1,4,perf-proposed-r001-20260818T050403Z,loan_to_approval,1,16,200,17.516300,
proposed,1,4,perf-proposed-r001-20260818T050403Z,loan_to_approval,1,17,200,16.133300,
proposed,1,4,perf-proposed-r001-20260818T050403Z,loan_to_approval,1,18,200,16.263600,
proposed,1,4,perf-proposed-r001-20260818T050403Z,loan_to_approval,1,19,200,17.269900,
proposed,1,4,perf-proposed-r001-20260818T050403Z,loan_to_approval,1,20,200,16.989300,
proposed,1,4,perf-proposed-r001-20260818T050403Z,loan_to_approval,1,21,200,16.416900,
proposed,1,4,perf-proposed-r001-20260818T050403Z,loan_to_approval,1,22,200,16.606800,
proposed,1,4,perf-proposed-r001-20260818T050403Z,loan_to_approval,1,23,200,16.459000,
proposed,1,4,perf-proposed-r001-20260818T050403Z,loan_to_approval,1,24,200,16.030400,
proposed,1,4,perf-proposed-r001-20260818T050403Z,loan_to_approval,1,25,200,16.809200,
proposed,1,4,perf-proposed-r001-20260818T050403Z,loan_to_approval,1,26,200,16.470800,
proposed,1,4,perf-proposed-r001-20260818T050403Z,loan_to_approval,1,27,200,16.791900,
proposed,1,4,perf-proposed-r001-20260818T050403Z,loan_to_approval,1,28,200,16.657400,
proposed,1,4,perf-proposed-r001-20260818T050403Z,loan_to_approval,1,29,200,17.134700,
proposed,1,4,perf-proposed-r001-20260818T050403Z,loan_to_approval,1,30,200,16.055900,
proposed,1,4,perf-proposed-r001-20260818T050403Z,loan_to_approval,1,31,200,15.664400,
proposed,1,4,perf-proposed-r001-20260818T050403Z,loan_to_approval,1,32,200,16.256000,
proposed,1,4,perf-proposed-r001-20260818T050403Z,loan_to_approval,1,33,200,15.986300,
proposed,1,4,perf-proposed-r001-20260818T050403Z,loan_to_approval,1,34,200,15.894300,
proposed,1,4,perf-proposed-r001-20260818T050403Z,loan_to_approval,1,35,200,17.621100,
proposed,1,4,perf-proposed-r001-20260818T050403Z,loan_to_approval,1,36,200,16.489400,
proposed,1,4,perf-proposed-r001-20260818T050403Z,loan_to_approval,1,37,200,16.849100,
proposed,1,4,perf-proposed-r001-20260818T050403Z,loan_to_approval,1,38,200,18.493700,
proposed,1,4,perf-proposed-r001-20260818T050403Z,loan_to_approval,1,39,200,16.502400,
proposed,1,4,perf-proposed-r001-20260818T050403Z,loan_to_approval,1,40,200,15.994200,
proposed,1,4,perf-proposed-r001-20260818T050403Z,loan_to_approval,1,41,200,16.630500,
proposed,1,4,perf-proposed-r001-20260818T050403Z,loan_to_approval,1,42,200,15.788000,
proposed,1,4,perf-proposed-r001-20260818T050403Z,loan_to_approval,1,43,200,16.466000,
proposed,1,4,perf-proposed-r001-20260818T050403Z,loan_to_approval,1,44,200,15.829300,
proposed,1,4,perf-proposed-r001-20260818T050403Z,loan_to_approval,1,45,200,15.891300,
proposed,1,4,perf-proposed-r001-20260818T050403Z,loan_to_approval,1,46,200,16.027400,
proposed,1,4,perf-proposed-r001-20260818T050403Z,loan_to_approval,1,47,200,16.564500,
proposed,1,4,perf-proposed-r001-20260818T050403Z,loan_to_approval,1,48,200,16.626100,
proposed,1,4,perf-proposed-r001-20260818T050403Z,loan_to_approval,1,49,200,15.460000,
proposed,1,4,perf-proposed-r001-20260818T050403Z,loan_to_approval,1,50,200,16.351800,
proposed,1,4,perf-proposed-r001-20260818T050403Z,loan_to_approval,1,51,200,16.968300,
proposed,1,4,perf-proposed-r001-20260818T050403Z,loan_to_approval,1,52,200,17.704300,
proposed,1,4,perf-proposed-r001-20260818T050403Z,loan_to_approval,1,53,200,16.618100,
proposed,1,4,perf-proposed-r001-20260818T050403Z,loan_to_approval,1,54,200,17.068200,
proposed,1,4,perf-proposed-r001-20260818T050403Z,loan_to_approval,1,55,200,16.486700,
proposed,1,4,perf-proposed-r001-20260818T050403Z,loan_to_approval,1,56,200,17.383200,
proposed,1,4,perf-proposed-r001-20260818T050403Z,loan_to_approval,1,57,200,19.054400,
proposed,1,4,perf-proposed-r001-20260818T050403Z,loan_to_approval,1,58,200,16.692000,
proposed,1,4,perf-proposed-r001-20260818T050403Z,loan_to_approval,1,59,200,15.560700,
proposed,1,4,perf-proposed-r001-20260818T050403Z,loan_to_approval,1,60,200,16.417700,
proposed,1,4,perf-proposed-r001-20260818T050403Z,loan_to_approval,1,61,200,16.741800,
proposed,1,4,perf-proposed-r001-20260818T050403Z,loan_to_approval,1,62,200,15.943600,
proposed,1,4,perf-proposed-r001-20260818T050403Z,loan_to_approval,1,63,200,15.981900,
proposed,1,4,perf-proposed-r001-20260818T050403Z,loan_to_approval,1,64,200,15.828800,
proposed,1,4,perf-proposed-r001-20260818T050403Z,loan_to_approval,1,65,200,16.000100,
proposed,1,4,perf-proposed-r001-20260818T050403Z,loan_to_approval,1,66,200,17.891500,
proposed,1,4,perf-proposed-r001-20260818T050403Z,loan_to_approval,1,67,200,18.074700,
proposed,1,4,perf-proposed-r001-20260818T050403Z,loan_to_approval,1,68,200,16.568800,
proposed,1,4,perf-proposed-r001-20260818T050403Z,loan_to_approval,1,69,200,16.702700,
proposed,1,4,perf-proposed-r001-20260818T050403Z,loan_to_approval,1,70,200,16.894300,
proposed,1,4,perf-proposed-r001-20260818T050403Z,loan_to_approval,1,71,200,16.396800,
proposed,1,4,perf-proposed-r001-20260818T050403Z,loan_to_approval,1,72,200,16.937000,
proposed,1,4,perf-proposed-r001-20260818T050403Z,loan_to_approval,1,73,200,16.580800,
proposed,1,4,perf-proposed-r001-20260818T050403Z,loan_to_approval,1,74,200,17.142700,
proposed,1,4,perf-proposed-r001-20260818T050403Z,loan_to_approval,1,75,200,16.432800,
proposed,1,4,perf-proposed-r001-20260818T050403Z,loan_to_approval,1,76,200,16.816700,
proposed,1,4,perf-proposed-r001-20260818T050403Z,loan_to_approval,1,77,200,17.216100,
proposed,1,4,perf-proposed-r001-20260818T050403Z,loan_to_approval,1,78,200,16.220500,
proposed,1,4,perf-proposed-r001-20260818T050403Z,loan_to_approval,1,79,200,15.470800,
proposed,1,4,perf-proposed-r001-20260818T050403Z,loan_to_approval,1,80,200,15.188200,
proposed,1,4,perf-proposed-r001-20260818T050403Z,loan_to_approval,1,81,200,16.329800,
proposed,1,4,perf-proposed-r001-20260818T050403Z,loan_to_approval,1,82,200,16.873600,
proposed,1,4,perf-proposed-r001-20260818T050403Z,loan_to_approval,1,83,200,17.091600,
proposed,1,4,perf-proposed-r001-20260818T050403Z,loan_to_approval,1,84,200,15.767700,
proposed,1,4,perf-proposed-r001-20260818T050403Z,loan_to_approval,1,85,200,15.977200,
proposed,1,4,perf-proposed-r001-20260818T050403Z,loan_to_approval,1,86,200,16.432000,
proposed,1,4,perf-proposed-r001-20260818T050403Z,loan_to_approval,1,87,200,16.889600,
proposed,1,4,perf-proposed-r001-20260818T050403Z,loan_to_approval,1,88,200,16.953500,
proposed,1,4,perf-proposed-r001-20260818T050403Z,loan_to_approval,1,89,200,16.504800,
proposed,1,4,perf-proposed-r001-20260818T050403Z,loan_to_approval,1,90,200,15.908700,
proposed,1,4,perf-proposed-r001-20260818T050403Z,loan_to_approval,1,91,200,16.902200,
proposed,1,4,perf-proposed-r001-20260818T050403Z,loan_to_approval,1,92,200,16.806400,
proposed,1,4,perf-proposed-r001-20260818T050403Z,loan_to_approval,1,93,200,15.878500,
proposed,1,4,perf-proposed-r001-20260818T050403Z,loan_to_approval,1,94,200,18.121600,
proposed,1,4,perf-proposed-r001-20260818T050403Z,loan_to_approval,1,95,200,16.604700,
proposed,1,4,perf-proposed-r001-20260818T050403Z,loan_to_approval,1,96,200,18.465500,
proposed,1,4,perf-proposed-r001-20260818T050403Z,loan_to_approval,1,97,200,16.776800,
proposed,1,4,perf-proposed-r001-20260818T050403Z,loan_to_approval,1,98,200,16.808100,
proposed,1,4,perf-proposed-r001-20260818T050403Z,loan_to_approval,1,99,200,15.565800,
proposed,1,4,perf-proposed-r001-20260818T050403Z,loan_to_approval,1,100,200,15.967600,
proposed,1,4,perf-proposed-r001-20260818T050403Z,loan_to_approval,1,101,200,15.957900,
proposed,1,4,perf-proposed-r001-20260818T050403Z,loan_to_approval,1,102,200,16.090700,
proposed,1,4,perf-proposed-r001-20260818T050403Z,loan_to_approval,1,103,200,17.205000,
proposed,1,4,perf-proposed-r001-20260818T050403Z,loan_to_approval,1,104,200,15.727800,
proposed,1,4,perf-proposed-r001-20260818T050403Z,loan_to_approval,1,105,200,16.294900,
proposed,1,4,perf-proposed-r001-20260818T050403Z,loan_to_approval,1,106,200,16.628900,
proposed,1,4,perf-proposed-r001-20260818T050403Z,loan_to_approval,1,107,200,16.259100,
proposed,1,4,perf-proposed-r001-20260818T050403Z,loan_to_approval,1,108,200,15.902700,
proposed,1,4,perf-proposed-r001-20260818T050403Z,loan_to_approval,1,109,200,15.724100,
proposed,1,4,perf-proposed-r001-20260818T050403Z,loan_to_approval,1,110,200,16.167600,
proposed,1,4,perf-proposed-r001-20260818T050403Z,loan_to_approval,1,111,200,17.685500,
proposed,1,4,perf-proposed-r001-20260818T050403Z,loan_to_approval,1,112,200,16.848000,
proposed,1,4,perf-proposed-r001-20260818T050403Z,loan_to_approval,1,113,200,18.095200,
proposed,1,4,perf-proposed-r001-20260818T050403Z,loan_to_approval,1,114,200,18.156000,
proposed,1,4,perf-proposed-r001-20260818T050403Z,loan_to_approval,1,115,200,18.171000,
proposed,1,4,perf-proposed-r001-20260818T050403Z,loan_to_approval,1,116,200,17.431700,
proposed,1,4,perf-proposed-r001-20260818T050403Z,loan_to_approval,1,117,200,18.590100,
proposed,1,4,perf-proposed-r001-20260818T050403Z,loan_to_approval,1,118,200,15.730700,
proposed,1,4,perf-proposed-r001-20260818T050403Z,loan_to_approval,1,119,200,16.520200,
proposed,1,4,perf-proposed-r001-20260818T050403Z,loan_to_approval,1,120,200,16.782000,
proposed,1,4,perf-proposed-r001-20260818T050403Z,loan_to_approval,1,121,200,16.643500,
proposed,1,4,perf-proposed-r001-20260818T050403Z,loan_to_approval,1,122,200,15.979700,
proposed,1,4,perf-proposed-r001-20260818T050403Z,loan_to_approval,1,123,200,18.321300,
proposed,1,4,perf-proposed-r001-20260818T050403Z,loan_to_approval,1,124,200,17.902500,
proposed,1,4,perf-proposed-r001-20260818T050403Z,loan_to_approval,1,125,200,17.049700,
proposed,1,4,perf-proposed-r001-20260818T050403Z,loan_to_approval,1,126,200,16.498600,
proposed,1,4,perf-proposed-r001-20260818T050403Z,loan_to_approval,1,127,200,16.717000,
proposed,1,4,perf-proposed-r001-20260818T050403Z,loan_to_approval,1,128,200,16.350800,
proposed,1,4,perf-proposed-r001-20260818T050403Z,loan_to_approval,1,129,200,16.111300,
proposed,1,4,perf-proposed-r001-20260818T050403Z,loan_to_approval,1,130,200,16.315000,
proposed,1,4,perf-proposed-r001-20260818T050403Z,loan_to_approval,1,131,200,16.793100,
proposed,1,4,perf-proposed-r001-20260818T050403Z,loan_to_approval,1,132,200,16.814700,
proposed,1,4,perf-proposed-r001-20260818T050403Z,loan_to_approval,1,133,200,15.824800,
proposed,1,4,perf-proposed-r001-20260818T050403Z,loan_to_approval,1,134,200,15.965800,
proposed,1,4,perf-proposed-r001-20260818T050403Z,loan_to_approval,1,135,200,15.945400,
proposed,1,4,perf-proposed-r001-20260818T050403Z,loan_to_approval,1,136,200,16.254100,
proposed,1,4,perf-proposed-r001-20260818T050403Z,loan_to_approval,1,137,200,15.783500,
proposed,1,4,perf-proposed-r001-20260818T050403Z,loan_to_approval,1,138,200,15.992000,
proposed,1,4,perf-proposed-r001-20260818T050403Z,loan_to_approval,1,139,200,15.866400,
proposed,1,4,perf-proposed-r001-20260818T050403Z,loan_to_approval,1,140,200,17.779800,
proposed,1,4,perf-proposed-r001-20260818T050403Z,loan_to_approval,1,141,200,16.962900,
proposed,1,4,perf-proposed-r001-20260818T050403Z,loan_to_approval,1,142,200,18.581900,
proposed,1,4,perf-proposed-r001-20260818T050403Z,loan_to_approval,1,143,200,16.771500,
proposed,1,4,perf-proposed-r001-20260818T050403Z,loan_to_approval,1,144,200,17.115800,
proposed,1,4,perf-proposed-r001-20260818T050403Z,loan_to_approval,1,145,200,16.987600,
proposed,1,4,perf-proposed-r001-20260818T050403Z,loan_to_approval,1,146,200,16.024900,
proposed,1,4,perf-proposed-r001-20260818T050403Z,loan_to_approval,1,147,200,16.814800,
proposed,1,4,perf-proposed-r001-20260818T050403Z,loan_to_approval,1,148,200,16.014400,
proposed,1,4,perf-proposed-r001-20260818T050403Z,loan_to_approval,1,149,200,15.878700,
proposed,1,4,perf-proposed-r001-20260818T050403Z,loan_to_approval,1,150,200,16.042800,
proposed,1,4,perf-proposed-r001-20260818T050403Z,loan_to_approval,1,151,200,16.185400,
proposed,1,4,perf-proposed-r001-20260818T050403Z,loan_to_approval,1,152,200,16.630800,
proposed,1,4,perf-proposed-r001-20260818T050403Z,loan_to_approval,1,153,200,17.998600,
proposed,1,4,perf-proposed-r001-20260818T050403Z,loan_to_approval,1,154,200,17.084600,
proposed,1,4,perf-proposed-r001-20260818T050403Z,loan_to_approval,1,155,200,15.957200,
proposed,1,4,perf-proposed-r001-20260818T050403Z,loan_to_approval,1,156,200,16.273500,
proposed,1,4,perf-proposed-r001-20260818T050403Z,loan_to_approval,1,157,200,15.989600,
proposed,1,4,perf-proposed-r001-20260818T050403Z,loan_to_approval,1,158,200,16.145800,
proposed,1,4,perf-proposed-r001-20260818T050403Z,loan_to_approval,1,159,200,17.020300,
proposed,1,4,perf-proposed-r001-20260818T050403Z,loan_to_approval,1,160,200,16.494700,
proposed,1,4,perf-proposed-r001-20260818T050403Z,loan_to_approval,1,161,200,15.985200,
proposed,1,4,perf-proposed-r001-20260818T050403Z,loan_to_approval,1,162,200,17.418500,
proposed,1,4,perf-proposed-r001-20260818T050403Z,loan_to_approval,1,163,200,16.598900,
proposed,1,4,perf-proposed-r001-20260818T050403Z,loan_to_approval,1,164,200,17.034000,
proposed,1,4,perf-proposed-r001-20260818T050403Z,loan_to_approval,1,165,200,15.774200,
proposed,1,4,perf-proposed-r001-20260818T050403Z,loan_to_approval,1,166,200,16.779100,
proposed,1,4,perf-proposed-r001-20260818T050403Z,loan_to_approval,1,167,200,16.722800,
proposed,1,4,perf-proposed-r001-20260818T050403Z,loan_to_approval,1,168,200,16.712300,
proposed,1,4,perf-proposed-r001-20260818T050403Z,loan_to_approval,1,169,200,17.029500,
proposed,1,4,perf-proposed-r001-20260818T050403Z,loan_to_approval,1,170,200,17.267500,
proposed,1,4,perf-proposed-r001-20260818T050403Z,loan_to_approval,1,171,200,16.846400,
proposed,1,4,perf-proposed-r001-20260818T050403Z,loan_to_approval,1,172,200,17.088400,
proposed,1,4,perf-proposed-r001-20260818T050403Z,loan_to_approval,1,173,200,16.419800,
proposed,1,4,perf-proposed-r001-20260818T050403Z,loan_to_approval,1,174,200,16.110700,
proposed,1,4,perf-proposed-r001-20260818T050403Z,loan_to_approval,1,175,200,18.212200,
proposed,1,4,perf-proposed-r001-20260818T050403Z,loan_to_approval,1,176,200,16.793100,
proposed,1,4,perf-proposed-r001-20260818T050403Z,loan_to_approval,1,177,200,16.607400,
proposed,1,4,perf-proposed-r001-20260818T050403Z,loan_to_approval,1,178,200,19.111300,
proposed,1,4,perf-proposed-r001-20260818T050403Z,loan_to_approval,1,179,200,18.865100,
proposed,1,4,perf-proposed-r001-20260818T050403Z,loan_to_approval,1,180,200,18.243300,
proposed,1,4,perf-proposed-r001-20260818T050403Z,loan_to_approval,1,181,200,19.604200,
proposed,1,4,perf-proposed-r001-20260818T050403Z,loan_to_approval,1,182,200,20.504600,
proposed,1,4,perf-proposed-r001-20260818T050403Z,loan_to_approval,1,183,200,24.417200,
proposed,1,4,perf-proposed-r001-20260818T050403Z,loan_to_approval,1,184,200,17.549400,
proposed,1,4,perf-proposed-r001-20260818T050403Z,loan_to_approval,1,185,200,16.705000,
proposed,1,4,perf-proposed-r001-20260818T050403Z,loan_to_approval,1,186,200,15.968500,
proposed,1,4,perf-proposed-r001-20260818T050403Z,loan_to_approval,1,187,200,17.084400,
proposed,1,4,perf-proposed-r001-20260818T050403Z,loan_to_approval,1,188,200,18.430600,
proposed,1,4,perf-proposed-r001-20260818T050403Z,loan_to_approval,1,189,200,17.772800,
proposed,1,4,perf-proposed-r001-20260818T050403Z,loan_to_approval,1,190,200,20.312400,
proposed,1,4,perf-proposed-r001-20260818T050403Z,loan_to_approval,1,191,200,17.417300,
proposed,1,4,perf-proposed-r001-20260818T050403Z,loan_to_approval,1,192,200,16.963300,
proposed,1,4,perf-proposed-r001-20260818T050403Z,loan_to_approval,1,193,200,15.762300,
proposed,1,4,perf-proposed-r001-20260818T050403Z,loan_to_approval,1,194,200,16.346900,
proposed,1,4,perf-proposed-r001-20260818T050403Z,loan_to_approval,1,195,200,17.127000,
proposed,1,4,perf-proposed-r001-20260818T050403Z,loan_to_approval,1,196,200,17.805800,
proposed,1,4,perf-proposed-r001-20260818T050403Z,loan_to_approval,1,197,200,15.731000,
proposed,1,4,perf-proposed-r001-20260818T050403Z,loan_to_approval,1,198,200,17.101900,
proposed,1,4,perf-proposed-r001-20260818T050403Z,loan_to_approval,1,199,200,17.208900,
proposed,1,4,perf-proposed-r001-20260818T050403Z,loan_to_approval,1,200,200,16.870000,
proposed,1,4,perf-proposed-r001-20260818T050403Z,loan_to_approval,2,1,200,17.229500,
proposed,1,4,perf-proposed-r001-20260818T050403Z,loan_to_approval,2,2,200,16.252800,
proposed,1,4,perf-proposed-r001-20260818T050403Z,loan_to_approval,2,3,200,16.135800,
proposed,1,4,perf-proposed-r001-20260818T050403Z,loan_to_approval,2,4,200,16.007900,
proposed,1,4,perf-proposed-r001-20260818T050403Z,loan_to_approval,2,5,200,15.994800,
proposed,1,4,perf-proposed-r001-20260818T050403Z,loan_to_approval,2,6,200,15.977100,
proposed,1,4,perf-proposed-r001-20260818T050403Z,loan_to_approval,2,7,200,15.943900,
proposed,1,4,perf-proposed-r001-20260818T050403Z,loan_to_approval,2,8,200,15.964800,
proposed,1,4,perf-proposed-r001-20260818T050403Z,loan_to_approval,2,9,200,15.771600,
proposed,1,4,perf-proposed-r001-20260818T050403Z,loan_to_approval,2,10,200,16.447700,
proposed,1,4,perf-proposed-r001-20260818T050403Z,loan_to_approval,2,11,200,17.407800,
proposed,1,4,perf-proposed-r001-20260818T050403Z,loan_to_approval,2,12,200,17.262500,
proposed,1,4,perf-proposed-r001-20260818T050403Z,loan_to_approval,2,13,200,16.268300,
proposed,1,4,perf-proposed-r001-20260818T050403Z,loan_to_approval,2,14,200,15.928400,
proposed,1,4,perf-proposed-r001-20260818T050403Z,loan_to_approval,2,15,200,22.818400,
proposed,1,4,perf-proposed-r001-20260818T050403Z,loan_to_approval,2,16,200,17.400400,
proposed,1,4,perf-proposed-r001-20260818T050403Z,loan_to_approval,2,17,200,17.281300,
proposed,1,4,perf-proposed-r001-20260818T050403Z,loan_to_approval,2,18,200,17.362600,
proposed,1,4,perf-proposed-r001-20260818T050403Z,loan_to_approval,2,19,200,16.027300,
proposed,1,4,perf-proposed-r001-20260818T050403Z,loan_to_approval,2,20,200,17.011800,
proposed,1,4,perf-proposed-r001-20260818T050403Z,loan_to_approval,2,21,200,16.357600,
proposed,1,4,perf-proposed-r001-20260818T050403Z,loan_to_approval,2,22,200,17.017100,
proposed,1,4,perf-proposed-r001-20260818T050403Z,loan_to_approval,2,23,200,16.961900,
proposed,1,4,perf-proposed-r001-20260818T050403Z,loan_to_approval,2,24,200,16.293500,
proposed,1,4,perf-proposed-r001-20260818T050403Z,loan_to_approval,2,25,200,16.299600,
proposed,1,4,perf-proposed-r001-20260818T050403Z,loan_to_approval,2,26,200,15.549400,
proposed,1,4,perf-proposed-r001-20260818T050403Z,loan_to_approval,2,27,200,16.616800,
proposed,1,4,perf-proposed-r001-20260818T050403Z,loan_to_approval,2,28,200,16.731800,
proposed,1,4,perf-proposed-r001-20260818T050403Z,loan_to_approval,2,29,200,15.906000,
proposed,1,4,perf-proposed-r001-20260818T050403Z,loan_to_approval,2,30,200,17.781000,
proposed,1,4,perf-proposed-r001-20260818T050403Z,loan_to_approval,2,31,200,17.199100,
proposed,1,4,perf-proposed-r001-20260818T050403Z,loan_to_approval,2,32,200,16.830200,
proposed,1,4,perf-proposed-r001-20260818T050403Z,loan_to_approval,2,33,200,17.571900,
proposed,1,4,perf-proposed-r001-20260818T050403Z,loan_to_approval,2,34,200,17.151800,
proposed,1,4,perf-proposed-r001-20260818T050403Z,loan_to_approval,2,35,200,16.030900,
proposed,1,4,perf-proposed-r001-20260818T050403Z,loan_to_approval,2,36,200,16.479600,
proposed,1,4,perf-proposed-r001-20260818T050403Z,loan_to_approval,2,37,200,16.269400,
proposed,1,4,perf-proposed-r001-20260818T050403Z,loan_to_approval,2,38,200,15.433700,
proposed,1,4,perf-proposed-r001-20260818T050403Z,loan_to_approval,2,39,200,17.118200,
proposed,1,4,perf-proposed-r001-20260818T050403Z,loan_to_approval,2,40,200,16.682800,
proposed,1,4,perf-proposed-r001-20260818T050403Z,loan_to_approval,2,41,200,16.012500,
proposed,1,4,perf-proposed-r001-20260818T050403Z,loan_to_approval,2,42,200,17.670800,
proposed,1,4,perf-proposed-r001-20260818T050403Z,loan_to_approval,2,43,200,17.578100,
proposed,1,4,perf-proposed-r001-20260818T050403Z,loan_to_approval,2,44,200,17.729100,
proposed,1,4,perf-proposed-r001-20260818T050403Z,loan_to_approval,2,45,200,17.279400,
proposed,1,4,perf-proposed-r001-20260818T050403Z,loan_to_approval,2,46,200,17.255700,
proposed,1,4,perf-proposed-r001-20260818T050403Z,loan_to_approval,2,47,200,16.882000,
proposed,1,4,perf-proposed-r001-20260818T050403Z,loan_to_approval,2,48,200,16.906500,
proposed,1,4,perf-proposed-r001-20260818T050403Z,loan_to_approval,2,49,200,17.590900,
proposed,1,4,perf-proposed-r001-20260818T050403Z,loan_to_approval,2,50,200,17.176600,
proposed,1,4,perf-proposed-r001-20260818T050403Z,loan_to_approval,2,51,200,15.774700,
proposed,1,4,perf-proposed-r001-20260818T050403Z,loan_to_approval,2,52,200,16.165200,
proposed,1,4,perf-proposed-r001-20260818T050403Z,loan_to_approval,2,53,200,17.288000,
proposed,1,4,perf-proposed-r001-20260818T050403Z,loan_to_approval,2,54,200,17.310900,
proposed,1,4,perf-proposed-r001-20260818T050403Z,loan_to_approval,2,55,200,17.863200,
proposed,1,4,perf-proposed-r001-20260818T050403Z,loan_to_approval,2,56,200,16.634700,
proposed,1,4,perf-proposed-r001-20260818T050403Z,loan_to_approval,2,57,200,15.601000,
proposed,1,4,perf-proposed-r001-20260818T050403Z,loan_to_approval,2,58,200,16.083800,
proposed,1,4,perf-proposed-r001-20260818T050403Z,loan_to_approval,2,59,200,15.957100,
proposed,1,4,perf-proposed-r001-20260818T050403Z,loan_to_approval,2,60,200,15.988800,
proposed,1,4,perf-proposed-r001-20260818T050403Z,loan_to_approval,2,61,200,16.080300,
proposed,1,4,perf-proposed-r001-20260818T050403Z,loan_to_approval,2,62,200,15.958000,
proposed,1,4,perf-proposed-r001-20260818T050403Z,loan_to_approval,2,63,200,15.807200,
proposed,1,4,perf-proposed-r001-20260818T050403Z,loan_to_approval,2,64,200,16.109800,
proposed,1,4,perf-proposed-r001-20260818T050403Z,loan_to_approval,2,65,200,15.752600,
proposed,1,4,perf-proposed-r001-20260818T050403Z,loan_to_approval,2,66,200,16.335900,
proposed,1,4,perf-proposed-r001-20260818T050403Z,loan_to_approval,2,67,200,16.808700,
proposed,1,4,perf-proposed-r001-20260818T050403Z,loan_to_approval,2,68,200,16.854600,
proposed,1,4,perf-proposed-r001-20260818T050403Z,loan_to_approval,2,69,200,17.600000,
proposed,1,4,perf-proposed-r001-20260818T050403Z,loan_to_approval,2,70,200,16.598200,
proposed,1,4,perf-proposed-r001-20260818T050403Z,loan_to_approval,2,71,200,16.793100,
proposed,1,4,perf-proposed-r001-20260818T050403Z,loan_to_approval,2,72,200,16.083500,
proposed,1,4,perf-proposed-r001-20260818T050403Z,loan_to_approval,2,73,200,16.065000,
proposed,1,4,perf-proposed-r001-20260818T050403Z,loan_to_approval,2,74,200,16.917600,
proposed,1,4,perf-proposed-r001-20260818T050403Z,loan_to_approval,2,75,200,16.845700,
proposed,1,4,perf-proposed-r001-20260818T050403Z,loan_to_approval,2,76,200,17.000700,
proposed,1,4,perf-proposed-r001-20260818T050403Z,loan_to_approval,2,77,200,16.214600,
proposed,1,4,perf-proposed-r001-20260818T050403Z,loan_to_approval,2,78,200,15.861200,
proposed,1,4,perf-proposed-r001-20260818T050403Z,loan_to_approval,2,79,200,17.355600,
proposed,1,4,perf-proposed-r001-20260818T050403Z,loan_to_approval,2,80,200,17.291500,
proposed,1,4,perf-proposed-r001-20260818T050403Z,loan_to_approval,2,81,200,16.330700,
proposed,1,4,perf-proposed-r001-20260818T050403Z,loan_to_approval,2,82,200,17.071500,
proposed,1,4,perf-proposed-r001-20260818T050403Z,loan_to_approval,2,83,200,16.884600,
proposed,1,4,perf-proposed-r001-20260818T050403Z,loan_to_approval,2,84,200,17.172500,
proposed,1,4,perf-proposed-r001-20260818T050403Z,loan_to_approval,2,85,200,15.846700,
proposed,1,4,perf-proposed-r001-20260818T050403Z,loan_to_approval,2,86,200,17.195600,
proposed,1,4,perf-proposed-r001-20260818T050403Z,loan_to_approval,2,87,200,15.241700,
proposed,1,4,perf-proposed-r001-20260818T050403Z,loan_to_approval,2,88,200,16.163100,
proposed,1,4,perf-proposed-r001-20260818T050403Z,loan_to_approval,2,89,200,16.416100,
proposed,1,4,perf-proposed-r001-20260818T050403Z,loan_to_approval,2,90,200,16.542700,
proposed,1,4,perf-proposed-r001-20260818T050403Z,loan_to_approval,2,91,200,16.723800,
proposed,1,4,perf-proposed-r001-20260818T050403Z,loan_to_approval,2,92,200,17.321500,
proposed,1,4,perf-proposed-r001-20260818T050403Z,loan_to_approval,2,93,200,15.828300,
proposed,1,4,perf-proposed-r001-20260818T050403Z,loan_to_approval,2,94,200,16.379400,
proposed,1,4,perf-proposed-r001-20260818T050403Z,loan_to_approval,2,95,200,17.000300,
proposed,1,4,perf-proposed-r001-20260818T050403Z,loan_to_approval,2,96,200,16.720400,
proposed,1,4,perf-proposed-r001-20260818T050403Z,loan_to_approval,2,97,200,16.038700,
proposed,1,4,perf-proposed-r001-20260818T050403Z,loan_to_approval,2,98,200,16.198800,
proposed,1,4,perf-proposed-r001-20260818T050403Z,loan_to_approval,2,99,200,16.684800,
proposed,1,4,perf-proposed-r001-20260818T050403Z,loan_to_approval,2,100,200,16.124500,
proposed,1,4,perf-proposed-r001-20260818T050403Z,loan_to_approval,2,101,200,16.529900,
proposed,1,4,perf-proposed-r001-20260818T050403Z,loan_to_approval,2,102,200,16.539700,
proposed,1,4,perf-proposed-r001-20260818T050403Z,loan_to_approval,2,103,200,17.524900,
proposed,1,4,perf-proposed-r001-20260818T050403Z,loan_to_approval,2,104,200,20.209600,
proposed,1,4,perf-proposed-r001-20260818T050403Z,loan_to_approval,2,105,200,17.719200,
proposed,1,4,perf-proposed-r001-20260818T050403Z,loan_to_approval,2,106,200,18.391700,
proposed,1,4,perf-proposed-r001-20260818T050403Z,loan_to_approval,2,107,200,20.737100,
proposed,1,4,perf-proposed-r001-20260818T050403Z,loan_to_approval,2,108,200,18.934200,
proposed,1,4,perf-proposed-r001-20260818T050403Z,loan_to_approval,2,109,200,17.523100,
proposed,1,4,perf-proposed-r001-20260818T050403Z,loan_to_approval,2,110,200,17.525600,
proposed,1,4,perf-proposed-r001-20260818T050403Z,loan_to_approval,2,111,200,16.870300,
proposed,1,4,perf-proposed-r001-20260818T050403Z,loan_to_approval,2,112,200,16.822700,
proposed,1,4,perf-proposed-r001-20260818T050403Z,loan_to_approval,2,113,200,17.222000,
proposed,1,4,perf-proposed-r001-20260818T050403Z,loan_to_approval,2,114,200,14.487600,
proposed,1,4,perf-proposed-r001-20260818T050403Z,loan_to_approval,2,115,200,16.736100,
proposed,1,4,perf-proposed-r001-20260818T050403Z,loan_to_approval,2,116,200,16.164800,
proposed,1,4,perf-proposed-r001-20260818T050403Z,loan_to_approval,2,117,200,16.017600,
proposed,1,4,perf-proposed-r001-20260818T050403Z,loan_to_approval,2,118,200,16.712600,
proposed,1,4,perf-proposed-r001-20260818T050403Z,loan_to_approval,2,119,200,17.012400,
proposed,1,4,perf-proposed-r001-20260818T050403Z,loan_to_approval,2,120,200,16.719600,
proposed,1,4,perf-proposed-r001-20260818T050403Z,loan_to_approval,2,121,200,16.190400,
proposed,1,4,perf-proposed-r001-20260818T050403Z,loan_to_approval,2,122,200,17.723400,
proposed,1,4,perf-proposed-r001-20260818T050403Z,loan_to_approval,2,123,200,17.332200,
proposed,1,4,perf-proposed-r001-20260818T050403Z,loan_to_approval,2,124,200,16.617000,
proposed,1,4,perf-proposed-r001-20260818T050403Z,loan_to_approval,2,125,200,15.696600,
proposed,1,4,perf-proposed-r001-20260818T050403Z,loan_to_approval,2,126,200,16.141500,
proposed,1,4,perf-proposed-r001-20260818T050403Z,loan_to_approval,2,127,200,16.755300,
proposed,1,4,perf-proposed-r001-20260818T050403Z,loan_to_approval,2,128,200,16.191500,
proposed,1,4,perf-proposed-r001-20260818T050403Z,loan_to_approval,2,129,200,15.739600,
proposed,1,4,perf-proposed-r001-20260818T050403Z,loan_to_approval,2,130,200,15.265700,
proposed,1,4,perf-proposed-r001-20260818T050403Z,loan_to_approval,2,131,200,16.494000,
proposed,1,4,perf-proposed-r001-20260818T050403Z,loan_to_approval,2,132,200,15.171600,
proposed,1,4,perf-proposed-r001-20260818T050403Z,loan_to_approval,2,133,200,16.372600,
proposed,1,4,perf-proposed-r001-20260818T050403Z,loan_to_approval,2,134,200,15.540600,
proposed,1,4,perf-proposed-r001-20260818T050403Z,loan_to_approval,2,135,200,16.106200,
proposed,1,4,perf-proposed-r001-20260818T050403Z,loan_to_approval,2,136,200,17.118100,
proposed,1,4,perf-proposed-r001-20260818T050403Z,loan_to_approval,2,137,200,15.989100,
proposed,1,4,perf-proposed-r001-20260818T050403Z,loan_to_approval,2,138,200,16.278700,
proposed,1,4,perf-proposed-r001-20260818T050403Z,loan_to_approval,2,139,200,15.624600,
proposed,1,4,perf-proposed-r001-20260818T050403Z,loan_to_approval,2,140,200,17.217300,
proposed,1,4,perf-proposed-r001-20260818T050403Z,loan_to_approval,2,141,200,17.183700,
proposed,1,4,perf-proposed-r001-20260818T050403Z,loan_to_approval,2,142,200,15.368600,
proposed,1,4,perf-proposed-r001-20260818T050403Z,loan_to_approval,2,143,200,16.345100,
proposed,1,4,perf-proposed-r001-20260818T050403Z,loan_to_approval,2,144,200,16.939600,
proposed,1,4,perf-proposed-r001-20260818T050403Z,loan_to_approval,2,145,200,17.241100,
proposed,1,4,perf-proposed-r001-20260818T050403Z,loan_to_approval,2,146,200,16.546700,
proposed,1,4,perf-proposed-r001-20260818T050403Z,loan_to_approval,2,147,200,17.769900,
proposed,1,4,perf-proposed-r001-20260818T050403Z,loan_to_approval,2,148,200,16.748900,
proposed,1,4,perf-proposed-r001-20260818T050403Z,loan_to_approval,2,149,200,17.230100,
proposed,1,4,perf-proposed-r001-20260818T050403Z,loan_to_approval,2,150,200,18.051500,
proposed,1,4,perf-proposed-r001-20260818T050403Z,loan_to_approval,2,151,200,16.865300,
proposed,1,4,perf-proposed-r001-20260818T050403Z,loan_to_approval,2,152,200,16.769200,
proposed,1,4,perf-proposed-r001-20260818T050403Z,loan_to_approval,2,153,200,16.539100,
proposed,1,4,perf-proposed-r001-20260818T050403Z,loan_to_approval,2,154,200,16.130500,
proposed,1,4,perf-proposed-r001-20260818T050403Z,loan_to_approval,2,155,200,16.564800,
proposed,1,4,perf-proposed-r001-20260818T050403Z,loan_to_approval,2,156,200,16.324800,
proposed,1,4,perf-proposed-r001-20260818T050403Z,loan_to_approval,2,157,200,15.899900,
proposed,1,4,perf-proposed-r001-20260818T050403Z,loan_to_approval,2,158,200,16.817500,
proposed,1,4,perf-proposed-r001-20260818T050403Z,loan_to_approval,2,159,200,17.053400,
proposed,1,4,perf-proposed-r001-20260818T050403Z,loan_to_approval,2,160,200,15.899200,
proposed,1,4,perf-proposed-r001-20260818T050403Z,loan_to_approval,2,161,200,17.066200,
proposed,1,4,perf-proposed-r001-20260818T050403Z,loan_to_approval,2,162,200,15.938900,
proposed,1,4,perf-proposed-r001-20260818T050403Z,loan_to_approval,2,163,200,16.371500,
proposed,1,4,perf-proposed-r001-20260818T050403Z,loan_to_approval,2,164,200,15.455700,
proposed,1,4,perf-proposed-r001-20260818T050403Z,loan_to_approval,2,165,200,16.383400,
proposed,1,4,perf-proposed-r001-20260818T050403Z,loan_to_approval,2,166,200,15.665000,
proposed,1,4,perf-proposed-r001-20260818T050403Z,loan_to_approval,2,167,200,15.800600,
proposed,1,4,perf-proposed-r001-20260818T050403Z,loan_to_approval,2,168,200,15.386500,
proposed,1,4,perf-proposed-r001-20260818T050403Z,loan_to_approval,2,169,200,16.570900,
proposed,1,4,perf-proposed-r001-20260818T050403Z,loan_to_approval,2,170,200,17.462100,
proposed,1,4,perf-proposed-r001-20260818T050403Z,loan_to_approval,2,171,200,15.627700,
proposed,1,4,perf-proposed-r001-20260818T050403Z,loan_to_approval,2,172,200,16.021800,
proposed,1,4,perf-proposed-r001-20260818T050403Z,loan_to_approval,2,173,200,15.676600,
proposed,1,4,perf-proposed-r001-20260818T050403Z,loan_to_approval,2,174,200,15.155800,
proposed,1,4,perf-proposed-r001-20260818T050403Z,loan_to_approval,2,175,200,16.727200,
proposed,1,4,perf-proposed-r001-20260818T050403Z,loan_to_approval,2,176,200,16.470900,
proposed,1,4,perf-proposed-r001-20260818T050403Z,loan_to_approval,2,177,200,16.856400,
proposed,1,4,perf-proposed-r001-20260818T050403Z,loan_to_approval,2,178,200,17.433000,
proposed,1,4,perf-proposed-r001-20260818T050403Z,loan_to_approval,2,179,200,16.456700,
proposed,1,4,perf-proposed-r001-20260818T050403Z,loan_to_approval,2,180,200,16.146000,
proposed,1,4,perf-proposed-r001-20260818T050403Z,loan_to_approval,2,181,200,16.114000,
proposed,1,4,perf-proposed-r001-20260818T050403Z,loan_to_approval,2,182,200,15.496100,
proposed,1,4,perf-proposed-r001-20260818T050403Z,loan_to_approval,2,183,200,16.358300,
proposed,1,4,perf-proposed-r001-20260818T050403Z,loan_to_approval,2,184,200,15.699300,
proposed,1,4,perf-proposed-r001-20260818T050403Z,loan_to_approval,2,185,200,16.091700,
proposed,1,4,perf-proposed-r001-20260818T050403Z,loan_to_approval,2,186,200,16.082200,
proposed,1,4,perf-proposed-r001-20260818T050403Z,loan_to_approval,2,187,200,15.833600,
proposed,1,4,perf-proposed-r001-20260818T050403Z,loan_to_approval,2,188,200,14.825400,
proposed,1,4,perf-proposed-r001-20260818T050403Z,loan_to_approval,2,189,200,16.820600,
proposed,1,4,perf-proposed-r001-20260818T050403Z,loan_to_approval,2,190,200,16.241800,
proposed,1,4,perf-proposed-r001-20260818T050403Z,loan_to_approval,2,191,200,16.282400,
proposed,1,4,perf-proposed-r001-20260818T050403Z,loan_to_approval,2,192,200,15.557000,
proposed,1,4,perf-proposed-r001-20260818T050403Z,loan_to_approval,2,193,200,16.090900,
proposed,1,4,perf-proposed-r001-20260818T050403Z,loan_to_approval,2,194,200,16.180800,
proposed,1,4,perf-proposed-r001-20260818T050403Z,loan_to_approval,2,195,200,15.671500,
proposed,1,4,perf-proposed-r001-20260818T050403Z,loan_to_approval,2,196,200,14.930700,
proposed,1,4,perf-proposed-r001-20260818T050403Z,loan_to_approval,2,197,200,15.374200,
proposed,1,4,perf-proposed-r001-20260818T050403Z,loan_to_approval,2,198,200,15.988300,
proposed,1,4,perf-proposed-r001-20260818T050403Z,loan_to_approval,2,199,200,16.017900,
proposed,1,4,perf-proposed-r001-20260818T050403Z,loan_to_approval,2,200,200,15.554900,
proposed,1,4,perf-proposed-r001-20260818T050403Z,loan_to_approval,3,1,200,16.504100,
proposed,1,4,perf-proposed-r001-20260818T050403Z,loan_to_approval,3,2,200,17.092000,
proposed,1,4,perf-proposed-r001-20260818T050403Z,loan_to_approval,3,3,200,16.690600,
proposed,1,4,perf-proposed-r001-20260818T050403Z,loan_to_approval,3,4,200,16.394100,
proposed,1,4,perf-proposed-r001-20260818T050403Z,loan_to_approval,3,5,200,15.142200,
proposed,1,4,perf-proposed-r001-20260818T050403Z,loan_to_approval,3,6,200,16.239600,
proposed,1,4,perf-proposed-r001-20260818T050403Z,loan_to_approval,3,7,200,15.767800,
proposed,1,4,perf-proposed-r001-20260818T050403Z,loan_to_approval,3,8,200,16.357900,
proposed,1,4,perf-proposed-r001-20260818T050403Z,loan_to_approval,3,9,200,17.906500,
proposed,1,4,perf-proposed-r001-20260818T050403Z,loan_to_approval,3,10,200,16.177500,
proposed,1,4,perf-proposed-r001-20260818T050403Z,loan_to_approval,3,11,200,16.004700,
proposed,1,4,perf-proposed-r001-20260818T050403Z,loan_to_approval,3,12,200,15.927700,
proposed,1,4,perf-proposed-r001-20260818T050403Z,loan_to_approval,3,13,200,16.667500,
proposed,1,4,perf-proposed-r001-20260818T050403Z,loan_to_approval,3,14,200,16.420800,
proposed,1,4,perf-proposed-r001-20260818T050403Z,loan_to_approval,3,15,200,17.804100,
proposed,1,4,perf-proposed-r001-20260818T050403Z,loan_to_approval,3,16,200,17.052600,
proposed,1,4,perf-proposed-r001-20260818T050403Z,loan_to_approval,3,17,200,15.712400,
proposed,1,4,perf-proposed-r001-20260818T050403Z,loan_to_approval,3,18,200,16.186300,
proposed,1,4,perf-proposed-r001-20260818T050403Z,loan_to_approval,3,19,200,16.623800,
proposed,1,4,perf-proposed-r001-20260818T050403Z,loan_to_approval,3,20,200,15.716900,
proposed,1,4,perf-proposed-r001-20260818T050403Z,loan_to_approval,3,21,200,16.365600,
proposed,1,4,perf-proposed-r001-20260818T050403Z,loan_to_approval,3,22,200,16.119600,
proposed,1,4,perf-proposed-r001-20260818T050403Z,loan_to_approval,3,23,200,15.797800,
proposed,1,4,perf-proposed-r001-20260818T050403Z,loan_to_approval,3,24,200,15.788500,
proposed,1,4,perf-proposed-r001-20260818T050403Z,loan_to_approval,3,25,200,16.336100,
proposed,1,4,perf-proposed-r001-20260818T050403Z,loan_to_approval,3,26,200,16.796800,
proposed,1,4,perf-proposed-r001-20260818T050403Z,loan_to_approval,3,27,200,16.645700,
proposed,1,4,perf-proposed-r001-20260818T050403Z,loan_to_approval,3,28,200,16.074000,
proposed,1,4,perf-proposed-r001-20260818T050403Z,loan_to_approval,3,29,200,15.453500,
proposed,1,4,perf-proposed-r001-20260818T050403Z,loan_to_approval,3,30,200,19.243800,
proposed,1,4,perf-proposed-r001-20260818T050403Z,loan_to_approval,3,31,200,17.227500,
proposed,1,4,perf-proposed-r001-20260818T050403Z,loan_to_approval,3,32,200,17.828500,
proposed,1,4,perf-proposed-r001-20260818T050403Z,loan_to_approval,3,33,200,16.420500,
proposed,1,4,perf-proposed-r001-20260818T050403Z,loan_to_approval,3,34,200,16.581600,
proposed,1,4,perf-proposed-r001-20260818T050403Z,loan_to_approval,3,35,200,16.564000,
proposed,1,4,perf-proposed-r001-20260818T050403Z,loan_to_approval,3,36,200,15.477300,
proposed,1,4,perf-proposed-r001-20260818T050403Z,loan_to_approval,3,37,200,15.031600,
proposed,1,4,perf-proposed-r001-20260818T050403Z,loan_to_approval,3,38,200,15.001600,
proposed,1,4,perf-proposed-r001-20260818T050403Z,loan_to_approval,3,39,200,16.323700,
proposed,1,4,perf-proposed-r001-20260818T050403Z,loan_to_approval,3,40,200,16.088500,
proposed,1,4,perf-proposed-r001-20260818T050403Z,loan_to_approval,3,41,200,17.195200,
proposed,1,4,perf-proposed-r001-20260818T050403Z,loan_to_approval,3,42,200,16.427500,
proposed,1,4,perf-proposed-r001-20260818T050403Z,loan_to_approval,3,43,200,16.290600,
proposed,1,4,perf-proposed-r001-20260818T050403Z,loan_to_approval,3,44,200,16.217500,
proposed,1,4,perf-proposed-r001-20260818T050403Z,loan_to_approval,3,45,200,16.503100,
proposed,1,4,perf-proposed-r001-20260818T050403Z,loan_to_approval,3,46,200,16.367200,
proposed,1,4,perf-proposed-r001-20260818T050403Z,loan_to_approval,3,47,200,16.743600,
proposed,1,4,perf-proposed-r001-20260818T050403Z,loan_to_approval,3,48,200,15.953400,
proposed,1,4,perf-proposed-r001-20260818T050403Z,loan_to_approval,3,49,200,15.786900,
proposed,1,4,perf-proposed-r001-20260818T050403Z,loan_to_approval,3,50,200,16.328600,
proposed,1,4,perf-proposed-r001-20260818T050403Z,loan_to_approval,3,51,200,15.750800,
proposed,1,4,perf-proposed-r001-20260818T050403Z,loan_to_approval,3,52,200,16.129700,
proposed,1,4,perf-proposed-r001-20260818T050403Z,loan_to_approval,3,53,200,15.731900,
proposed,1,4,perf-proposed-r001-20260818T050403Z,loan_to_approval,3,54,200,16.305400,
proposed,1,4,perf-proposed-r001-20260818T050403Z,loan_to_approval,3,55,200,15.924500,
proposed,1,4,perf-proposed-r001-20260818T050403Z,loan_to_approval,3,56,200,17.280600,
proposed,1,4,perf-proposed-r001-20260818T050403Z,loan_to_approval,3,57,200,18.769500,
proposed,1,4,perf-proposed-r001-20260818T050403Z,loan_to_approval,3,58,200,17.380700,
proposed,1,4,perf-proposed-r001-20260818T050403Z,loan_to_approval,3,59,200,18.894500,
proposed,1,4,perf-proposed-r001-20260818T050403Z,loan_to_approval,3,60,200,16.627400,
proposed,1,4,perf-proposed-r001-20260818T050403Z,loan_to_approval,3,61,200,17.117900,
proposed,1,4,perf-proposed-r001-20260818T050403Z,loan_to_approval,3,62,200,17.870500,
proposed,1,4,perf-proposed-r001-20260818T050403Z,loan_to_approval,3,63,200,16.540000,
proposed,1,4,perf-proposed-r001-20260818T050403Z,loan_to_approval,3,64,200,16.632700,
proposed,1,4,perf-proposed-r001-20260818T050403Z,loan_to_approval,3,65,200,17.913300,
proposed,1,4,perf-proposed-r001-20260818T050403Z,loan_to_approval,3,66,200,17.440900,
proposed,1,4,perf-proposed-r001-20260818T050403Z,loan_to_approval,3,67,200,16.511800,
proposed,1,4,perf-proposed-r001-20260818T050403Z,loan_to_approval,3,68,200,17.274500,
proposed,1,4,perf-proposed-r001-20260818T050403Z,loan_to_approval,3,69,200,16.637100,
proposed,1,4,perf-proposed-r001-20260818T050403Z,loan_to_approval,3,70,200,16.902500,
proposed,1,4,perf-proposed-r001-20260818T050403Z,loan_to_approval,3,71,200,16.699500,
proposed,1,4,perf-proposed-r001-20260818T050403Z,loan_to_approval,3,72,200,17.538900,
proposed,1,4,perf-proposed-r001-20260818T050403Z,loan_to_approval,3,73,200,18.487100,
proposed,1,4,perf-proposed-r001-20260818T050403Z,loan_to_approval,3,74,200,17.258900,
proposed,1,4,perf-proposed-r001-20260818T050403Z,loan_to_approval,3,75,200,17.054600,
proposed,1,4,perf-proposed-r001-20260818T050403Z,loan_to_approval,3,76,200,17.057200,
proposed,1,4,perf-proposed-r001-20260818T050403Z,loan_to_approval,3,77,200,16.592700,
proposed,1,4,perf-proposed-r001-20260818T050403Z,loan_to_approval,3,78,200,16.981800,
proposed,1,4,perf-proposed-r001-20260818T050403Z,loan_to_approval,3,79,200,16.342000,
proposed,1,4,perf-proposed-r001-20260818T050403Z,loan_to_approval,3,80,200,16.356900,
proposed,1,4,perf-proposed-r001-20260818T050403Z,loan_to_approval,3,81,200,16.581300,
proposed,1,4,perf-proposed-r001-20260818T050403Z,loan_to_approval,3,82,200,16.795100,
proposed,1,4,perf-proposed-r001-20260818T050403Z,loan_to_approval,3,83,200,17.284600,
proposed,1,4,perf-proposed-r001-20260818T050403Z,loan_to_approval,3,84,200,16.650000,
proposed,1,4,perf-proposed-r001-20260818T050403Z,loan_to_approval,3,85,200,17.204400,
proposed,1,4,perf-proposed-r001-20260818T050403Z,loan_to_approval,3,86,200,17.078400,
proposed,1,4,perf-proposed-r001-20260818T050403Z,loan_to_approval,3,87,200,17.814200,
proposed,1,4,perf-proposed-r001-20260818T050403Z,loan_to_approval,3,88,200,17.924500,
proposed,1,4,perf-proposed-r001-20260818T050403Z,loan_to_approval,3,89,200,16.740700,
proposed,1,4,perf-proposed-r001-20260818T050403Z,loan_to_approval,3,90,200,21.989900,
proposed,1,4,perf-proposed-r001-20260818T050403Z,loan_to_approval,3,91,200,19.075200,
proposed,1,4,perf-proposed-r001-20260818T050403Z,loan_to_approval,3,92,200,17.624100,
proposed,1,4,perf-proposed-r001-20260818T050403Z,loan_to_approval,3,93,200,19.763200,
proposed,1,4,perf-proposed-r001-20260818T050403Z,loan_to_approval,3,94,200,17.880300,
proposed,1,4,perf-proposed-r001-20260818T050403Z,loan_to_approval,3,95,200,18.435000,
proposed,1,4,perf-proposed-r001-20260818T050403Z,loan_to_approval,3,96,200,16.171700,
proposed,1,4,perf-proposed-r001-20260818T050403Z,loan_to_approval,3,97,200,16.636400,
proposed,1,4,perf-proposed-r001-20260818T050403Z,loan_to_approval,3,98,200,18.223700,
proposed,1,4,perf-proposed-r001-20260818T050403Z,loan_to_approval,3,99,200,15.875600,
proposed,1,4,perf-proposed-r001-20260818T050403Z,loan_to_approval,3,100,200,16.896500,
proposed,1,4,perf-proposed-r001-20260818T050403Z,loan_to_approval,3,101,200,16.105000,
proposed,1,4,perf-proposed-r001-20260818T050403Z,loan_to_approval,3,102,200,16.991700,
proposed,1,4,perf-proposed-r001-20260818T050403Z,loan_to_approval,3,103,200,17.762300,
proposed,1,4,perf-proposed-r001-20260818T050403Z,loan_to_approval,3,104,200,15.999100,
proposed,1,4,perf-proposed-r001-20260818T050403Z,loan_to_approval,3,105,200,16.842400,
proposed,1,4,perf-proposed-r001-20260818T050403Z,loan_to_approval,3,106,200,16.084500,
proposed,1,4,perf-proposed-r001-20260818T050403Z,loan_to_approval,3,107,200,15.828900,
proposed,1,4,perf-proposed-r001-20260818T050403Z,loan_to_approval,3,108,200,16.558400,
proposed,1,4,perf-proposed-r001-20260818T050403Z,loan_to_approval,3,109,200,16.831100,
proposed,1,4,perf-proposed-r001-20260818T050403Z,loan_to_approval,3,110,200,15.803800,
proposed,1,4,perf-proposed-r001-20260818T050403Z,loan_to_approval,3,111,200,17.277100,
proposed,1,4,perf-proposed-r001-20260818T050403Z,loan_to_approval,3,112,200,17.126400,
proposed,1,4,perf-proposed-r001-20260818T050403Z,loan_to_approval,3,113,200,17.769100,
proposed,1,4,perf-proposed-r001-20260818T050403Z,loan_to_approval,3,114,200,16.781000,
proposed,1,4,perf-proposed-r001-20260818T050403Z,loan_to_approval,3,115,200,16.929000,
proposed,1,4,perf-proposed-r001-20260818T050403Z,loan_to_approval,3,116,200,17.264600,
proposed,1,4,perf-proposed-r001-20260818T050403Z,loan_to_approval,3,117,200,17.013000,
proposed,1,4,perf-proposed-r001-20260818T050403Z,loan_to_approval,3,118,200,17.229400,
proposed,1,4,perf-proposed-r001-20260818T050403Z,loan_to_approval,3,119,200,18.515400,
proposed,1,4,perf-proposed-r001-20260818T050403Z,loan_to_approval,3,120,200,17.307000,
proposed,1,4,perf-proposed-r001-20260818T050403Z,loan_to_approval,3,121,200,16.813300,
proposed,1,4,perf-proposed-r001-20260818T050403Z,loan_to_approval,3,122,200,17.077500,
proposed,1,4,perf-proposed-r001-20260818T050403Z,loan_to_approval,3,123,200,16.952600,
proposed,1,4,perf-proposed-r001-20260818T050403Z,loan_to_approval,3,124,200,16.797800,
proposed,1,4,perf-proposed-r001-20260818T050403Z,loan_to_approval,3,125,200,16.939200,
proposed,1,4,perf-proposed-r001-20260818T050403Z,loan_to_approval,3,126,200,18.893500,
proposed,1,4,perf-proposed-r001-20260818T050403Z,loan_to_approval,3,127,200,16.464800,
proposed,1,4,perf-proposed-r001-20260818T050403Z,loan_to_approval,3,128,200,16.457700,
proposed,1,4,perf-proposed-r001-20260818T050403Z,loan_to_approval,3,129,200,15.653500,
proposed,1,4,perf-proposed-r001-20260818T050403Z,loan_to_approval,3,130,200,16.436500,
proposed,1,4,perf-proposed-r001-20260818T050403Z,loan_to_approval,3,131,200,16.073300,
proposed,1,4,perf-proposed-r001-20260818T050403Z,loan_to_approval,3,132,200,16.657400,
proposed,1,4,perf-proposed-r001-20260818T050403Z,loan_to_approval,3,133,200,16.085200,
proposed,1,4,perf-proposed-r001-20260818T050403Z,loan_to_approval,3,134,200,16.695600,
proposed,1,4,perf-proposed-r001-20260818T050403Z,loan_to_approval,3,135,200,16.213300,
proposed,1,4,perf-proposed-r001-20260818T050403Z,loan_to_approval,3,136,200,17.619800,
proposed,1,4,perf-proposed-r001-20260818T050403Z,loan_to_approval,3,137,200,16.341000,
proposed,1,4,perf-proposed-r001-20260818T050403Z,loan_to_approval,3,138,200,18.571500,
proposed,1,4,perf-proposed-r001-20260818T050403Z,loan_to_approval,3,139,200,16.615600,
proposed,1,4,perf-proposed-r001-20260818T050403Z,loan_to_approval,3,140,200,16.928000,
proposed,1,4,perf-proposed-r001-20260818T050403Z,loan_to_approval,3,141,200,16.933300,
proposed,1,4,perf-proposed-r001-20260818T050403Z,loan_to_approval,3,142,200,16.945500,
proposed,1,4,perf-proposed-r001-20260818T050403Z,loan_to_approval,3,143,200,15.720100,
proposed,1,4,perf-proposed-r001-20260818T050403Z,loan_to_approval,3,144,200,16.365400,
proposed,1,4,perf-proposed-r001-20260818T050403Z,loan_to_approval,3,145,200,16.536400,
proposed,1,4,perf-proposed-r001-20260818T050403Z,loan_to_approval,3,146,200,17.219100,
proposed,1,4,perf-proposed-r001-20260818T050403Z,loan_to_approval,3,147,200,17.506100,
proposed,1,4,perf-proposed-r001-20260818T050403Z,loan_to_approval,3,148,200,18.159000,
proposed,1,4,perf-proposed-r001-20260818T050403Z,loan_to_approval,3,149,200,17.500800,
proposed,1,4,perf-proposed-r001-20260818T050403Z,loan_to_approval,3,150,200,17.906600,
proposed,1,4,perf-proposed-r001-20260818T050403Z,loan_to_approval,3,151,200,15.592600,
proposed,1,4,perf-proposed-r001-20260818T050403Z,loan_to_approval,3,152,200,16.644900,
proposed,1,4,perf-proposed-r001-20260818T050403Z,loan_to_approval,3,153,200,16.619600,
proposed,1,4,perf-proposed-r001-20260818T050403Z,loan_to_approval,3,154,200,17.234200,
proposed,1,4,perf-proposed-r001-20260818T050403Z,loan_to_approval,3,155,200,16.820100,
proposed,1,4,perf-proposed-r001-20260818T050403Z,loan_to_approval,3,156,200,16.873400,
proposed,1,4,perf-proposed-r001-20260818T050403Z,loan_to_approval,3,157,200,17.043300,
proposed,1,4,perf-proposed-r001-20260818T050403Z,loan_to_approval,3,158,200,17.712400,
proposed,1,4,perf-proposed-r001-20260818T050403Z,loan_to_approval,3,159,200,18.104200,
proposed,1,4,perf-proposed-r001-20260818T050403Z,loan_to_approval,3,160,200,15.864200,
proposed,1,4,perf-proposed-r001-20260818T050403Z,loan_to_approval,3,161,200,16.750900,
proposed,1,4,perf-proposed-r001-20260818T050403Z,loan_to_approval,3,162,200,16.623100,
proposed,1,4,perf-proposed-r001-20260818T050403Z,loan_to_approval,3,163,200,16.929200,
proposed,1,4,perf-proposed-r001-20260818T050403Z,loan_to_approval,3,164,200,17.220400,
proposed,1,4,perf-proposed-r001-20260818T050403Z,loan_to_approval,3,165,200,17.011000,
proposed,1,4,perf-proposed-r001-20260818T050403Z,loan_to_approval,3,166,200,16.867900,
proposed,1,4,perf-proposed-r001-20260818T050403Z,loan_to_approval,3,167,200,18.038900,
proposed,1,4,perf-proposed-r001-20260818T050403Z,loan_to_approval,3,168,200,17.755400,
proposed,1,4,perf-proposed-r001-20260818T050403Z,loan_to_approval,3,169,200,16.941500,
proposed,1,4,perf-proposed-r001-20260818T050403Z,loan_to_approval,3,170,200,17.008000,
proposed,1,4,perf-proposed-r001-20260818T050403Z,loan_to_approval,3,171,200,18.091700,
proposed,1,4,perf-proposed-r001-20260818T050403Z,loan_to_approval,3,172,200,18.534500,
proposed,1,4,perf-proposed-r001-20260818T050403Z,loan_to_approval,3,173,200,18.036700,
proposed,1,4,perf-proposed-r001-20260818T050403Z,loan_to_approval,3,174,200,17.183700,
proposed,1,4,perf-proposed-r001-20260818T050403Z,loan_to_approval,3,175,200,16.697800,
proposed,1,4,perf-proposed-r001-20260818T050403Z,loan_to_approval,3,176,200,16.283600,
proposed,1,4,perf-proposed-r001-20260818T050403Z,loan_to_approval,3,177,200,15.990400,
proposed,1,4,perf-proposed-r001-20260818T050403Z,loan_to_approval,3,178,200,16.966800,
proposed,1,4,perf-proposed-r001-20260818T050403Z,loan_to_approval,3,179,200,17.532200,
proposed,1,4,perf-proposed-r001-20260818T050403Z,loan_to_approval,3,180,200,17.678300,
proposed,1,4,perf-proposed-r001-20260818T050403Z,loan_to_approval,3,181,200,16.779200,
proposed,1,4,perf-proposed-r001-20260818T050403Z,loan_to_approval,3,182,200,16.680400,
proposed,1,4,perf-proposed-r001-20260818T050403Z,loan_to_approval,3,183,200,17.278900,
proposed,1,4,perf-proposed-r001-20260818T050403Z,loan_to_approval,3,184,200,17.519800,
proposed,1,4,perf-proposed-r001-20260818T050403Z,loan_to_approval,3,185,200,17.065300,
proposed,1,4,perf-proposed-r001-20260818T050403Z,loan_to_approval,3,186,200,17.459300,
proposed,1,4,perf-proposed-r001-20260818T050403Z,loan_to_approval,3,187,200,16.743400,
proposed,1,4,perf-proposed-r001-20260818T050403Z,loan_to_approval,3,188,200,16.968700,
proposed,1,4,perf-proposed-r001-20260818T050403Z,loan_to_approval,3,189,200,17.081100,
proposed,1,4,perf-proposed-r001-20260818T050403Z,loan_to_approval,3,190,200,16.959800,
proposed,1,4,perf-proposed-r001-20260818T050403Z,loan_to_approval,3,191,200,16.885200,
proposed,1,4,perf-proposed-r001-20260818T050403Z,loan_to_approval,3,192,200,17.467800,
proposed,1,4,perf-proposed-r001-20260818T050403Z,loan_to_approval,3,193,200,18.267600,
proposed,1,4,perf-proposed-r001-20260818T050403Z,loan_to_approval,3,194,200,17.346500,
proposed,1,4,perf-proposed-r001-20260818T050403Z,loan_to_approval,3,195,200,21.427000,
proposed,1,4,perf-proposed-r001-20260818T050403Z,loan_to_approval,3,196,200,17.886800,
proposed,1,4,perf-proposed-r001-20260818T050403Z,loan_to_approval,3,197,200,18.078900,
proposed,1,4,perf-proposed-r001-20260818T050403Z,loan_to_approval,3,198,200,17.866800,
proposed,1,4,perf-proposed-r001-20260818T050403Z,loan_to_approval,3,199,200,17.584200,
proposed,1,4,perf-proposed-r001-20260818T050403Z,loan_to_approval,3,200,200,17.265600,
