mode,round_id,order_position,experiment_run_id,flow,batch_id,request_id,status_code,latency_ms,error
segmentation_only,10,2,perf-segmentation_only-r010-20260818T025847Z,loan_to_customer,1,1,200,15.120000,
segmentation_only,10,2,perf-segmentation_only-r010-20260818T025847Z,loan_to_customer,1,2,200,14.551800,
segmentation_only,10,2,perf-segmentation_only-r010-20260818T025847Z,loan_to_customer,1,3,200,14.653600,
segmentation_only,10,2,perf-segmentation_only-r010-20260818T025847Z,loan_to_customer,1,4,200,14.336800,
segmentation_only,10,2,perf-segmentation_only-r010-20260818T025847Z,loan_to_customer,1,5,200,14.370100,
segmentation_only,10,2,perf-segmentation_only-r010-20260818T025847Z,loan_to_customer,1,6,200,15.813000,
segmentation_only,10,2,perf-segmentation_only-r010-20260818T025847Z,loan_to_customer,1,7,200,14.291000,
segmentation_only,10,2,perf-segmentation_only-r010-20260818T025847Z,loan_to_customer,1,8,200,14.535700,
segmentation_only,10,2,perf-segmentation_only-r010-20260818T025847Z,loan_to_customer,1,9,200,14.017700,
segmentation_only,10,2,perf-segmentation_only-r010-20260818T025847Z,loan_to_customer,1,10,200,14.043000,
segmentation_only,10,2,perf-segmentation_only-r010-20260818T025847Z,loan_to_customer,1,11,200,14.303100,
segmentation_only,10,2,perf-segmentation_only-r010-20260818T025847Z,loan_to_customer,1,12,200,15.246600,
segmentation_only,10,2,perf-segmentation_only-r010-20260818T025847Z,loan_to_customer,1,13,200,13.825900,
segmentation_only,10,2,perf-segmentation_only-r010-20260818T025847Z,loan_to_customer,1,14,200,14.256500,
segmentation_only,10,2,perf-segmentation_only-r010-20260818T025847Z,loan_to_customer,1,15,200,14.416000,
segmentation_only,10,2,perf-segmentation_only-r010-20260818T025847Z,loan_to_customer,1,16,200,14.226700,
segmentation_only,10,2,perf-segmentation_only-r010-20260818T025847Z,loan_to_customer,1,17,200,13.547700,
segmentation_only,10,2,perf-segmentation_only-r010-20260818T025847Z,loan_to_customer,1,18,200,13.784500,
segmentation_only,10,2,perf-segmentation_only-r010-20260818T025847Z,loan_to_customer,1,19,200,14.400700,
segmentation_only,10,2,perf-segmentation_only-r010-20260818T025847Z,loan_to_customer,1,20,200,13.827100,
segmentation_only,10,2,perf-segmentation_only-r010-20260818T025847Z,loan_to_customer,1,21,200,13.695800,
segmentation_only,10,2,perf-segmentation_only-r010-20260818T025847Z,loan_to_customer,1,22,200,14.531600,
segmentation_only,10,2,perf-segmentation_only-r010-20260818T025847Z,loan_to_customer,1,23,200,14.356200,
segmentation_only,10,2,perf-segmentation_only-r010-20260818T025847Z,loan_to_customer,1,24,200,16.103000,
segmentation_only,10,2,perf-segmentation_only-r010-20260818T025847Z,loan_to_customer,1,25,200,14.258900,
segmentation_only,10,2,perf-segmentation_only-r010-20260818T025847Z,loan_to_customer,1,26,200,13.629200,
segmentation_only,10,2,perf-segmentation_only-r010-20260818T025847Z,loan_to_customer,1,27,200,13.703200,
segmentation_only,10,2,perf-segmentation_only-r010-20260818T025847Z,loan_to_customer,1,28,200,13.882600,
segmentation_only,10,2,perf-segmentation_only-r010-20260818T025847Z,loan_to_customer,1,29,200,14.279400,
segmentation_only,10,2,perf-segmentation_only-r010-20260818T025847Z,loan_to_customer,1,30,200,13.891000,
segmentation_only,10,2,perf-segmentation_only-r010-20260818T025847Z,loan_to_customer,1,31,200,14.331000,
segmentation_only,10,2,perf-segmentation_only-r010-20260818T025847Z,loan_to_customer,1,32,200,13.163100,
segmentation_only,10,2,perf-segmentation_only-r010-20260818T025847Z,loan_to_customer,1,33,200,13.844200,
segmentation_only,10,2,perf-segmentation_only-r010-20260818T025847Z,loan_to_customer,1,34,200,14.251200,
segmentation_only,10,2,perf-segmentation_only-r010-20260818T025847Z,loan_to_customer,1,35,200,13.582200,
segmentation_only,10,2,perf-segmentation_only-r010-20260818T025847Z,loan_to_customer,1,36,200,13.222000,
segmentation_only,10,2,perf-segmentation_only-r010-20260818T025847Z,loan_to_customer,1,37,200,13.763500,
segmentation_only,10,2,perf-segmentation_only-r010-20260818T025847Z,loan_to_customer,1,38,200,14.180100,
segmentation_only,10,2,perf-segmentation_only-r010-20260818T025847Z,loan_to_customer,1,39,200,13.760500,
segmentation_only,10,2,perf-segmentation_only-r010-20260818T025847Z,loan_to_customer,1,40,200,13.601300,
segmentation_only,10,2,perf-segmentation_only-r010-20260818T025847Z,loan_to_customer,1,41,200,13.966100,
segmentation_only,10,2,perf-segmentation_only-r010-20260818T025847Z,loan_to_customer,1,42,200,13.807300,
segmentation_only,10,2,perf-segmentation_only-r010-20260818T025847Z,loan_to_customer,1,43,200,13.542400,
segmentation_only,10,2,perf-segmentation_only-r010-20260818T025847Z,loan_to_customer,1,44,200,14.544600,
segmentation_only,10,2,perf-segmentation_only-r010-20260818T025847Z,loan_to_customer,1,45,200,13.921500,
segmentation_only,10,2,perf-segmentation_only-r010-20260818T025847Z,loan_to_customer,1,46,200,13.712900,
segmentation_only,10,2,perf-segmentation_only-r010-20260818T025847Z,loan_to_customer,1,47,200,14.162900,
segmentation_only,10,2,perf-segmentation_only-r010-20260818T025847Z,loan_to_customer,1,48,200,14.178100,
segmentation_only,10,2,perf-segmentation_only-r010-20260818T025847Z,loan_to_customer,1,49,200,14.426700,
segmentation_only,10,2,perf-segmentation_only-r010-20260818T025847Z,loan_to_customer,1,50,200,14.286600,
segmentation_only,10,2,perf-segmentation_only-r010-20260818T025847Z,loan_to_customer,1,51,200,13.778500,
segmentation_only,10,2,perf-segmentation_only-r010-20260818T025847Z,loan_to_customer,1,52,200,13.956900,
segmentation_only,10,2,perf-segmentation_only-r010-20260818T025847Z,loan_to_customer,1,53,200,13.993100,
segmentation_only,10,2,perf-segmentation_only-r010-20260818T025847Z,loan_to_customer,1,54,200,14.423700,
segmentation_only,10,2,perf-segmentation_only-r010-20260818T025847Z,loan_to_customer,1,55,200,14.171600,
segmentation_only,10,2,perf-segmentation_only-r010-20260818T025847Z,loan_to_customer,1,56,200,13.804100,
segmentation_only,10,2,perf-segmentation_only-r010-20260818T025847Z,loan_to_customer,1,57,200,13.641700,
segmentation_only,10,2,perf-segmentation_only-r010-20260818T025847Z,loan_to_customer,1,58,200,14.624900,
segmentation_only,10,2,perf-segmentation_only-r010-20260818T025847Z,loan_to_customer,1,59,200,14.780800,
segmentation_only,10,2,perf-segmentation_only-r010-20260818T025847Z,loan_to_customer,1,60,200,14.105500,
segmentation_only,10,2,perf-segmentation_only-r010-20260818T025847Z,loan_to_customer,1,61,200,14.113100,
segmentation_only,10,2,perf-segmentation_only-r010-20260818T025847Z,loan_to_customer,1,62,200,13.781400,
segmentation_only,10,2,perf-segmentation_only-r010-20260818T025847Z,loan_to_customer,1,63,200,13.595100,
segmentation_only,10,2,perf-segmentation_only-r010-20260818T025847Z,loan_to_customer,1,64,200,13.864100,
segmentation_only,10,2,perf-segmentation_only-r010-20260818T025847Z,loan_to_customer,1,65,200,13.751900,
segmentation_only,10,2,perf-segmentation_only-r010-20260818T025847Z,loan_to_customer,1,66,200,13.709100,
segmentation_only,10,2,perf-segmentation_only-r010-20260818T025847Z,loan_to_customer,1,67,200,13.547900,
segmentation_only,10,2,perf-segmentation_only-r010-20260818T025847Z,loan_to_customer,1,68,200,13.626900,
segmentation_only,10,2,perf-segmentation_only-r010-20260818T025847Z,loan_to_customer,1,69,200,14.517700,
segmentation_only,10,2,perf-segmentation_only-r010-20260818T025847Z,loan_to_customer,1,70,200,13.882500,
segmentation_only,10,2,perf-segmentation_only-r010-20260818T025847Z,loan_to_customer,1,71,200,14.191600,
segmentation_only,10,2,perf-segmentation_only-r010-20260818T025847Z,loan_to_customer,1,72,200,14.069500,
segmentation_only,10,2,perf-segmentation_only-r010-20260818T025847Z,loan_to_customer,1,73,200,14.231100,
segmentation_only,10,2,perf-segmentation_only-r010-20260818T025847Z,loan_to_customer,1,74,200,13.667200,
segmentation_only,10,2,perf-segmentation_only-r010-20260818T025847Z,loan_to_customer,1,75,200,13.963100,
segmentation_only,10,2,perf-segmentation_only-r010-20260818T025847Z,loan_to_customer,1,76,200,14.250100,
segmentation_only,10,2,perf-segmentation_only-r010-20260818T025847Z,loan_to_customer,1,77,200,14.105200,
segmentation_only,10,2,perf-segmentation_only-r010-20260818T025847Z,loan_to_customer,1,78,200,13.975400,
segmentation_only,10,2,perf-segmentation_only-r010-20260818T025847Z,loan_to_customer,1,79,200,13.989600,
segmentation_only,10,2,perf-segmentation_only-r010-20260818T025847Z,loan_to_customer,1,80,200,14.763600,
segmentation_only,10,2,perf-segmentation_only-r010-20260818T025847Z,loan_to_customer,1,81,200,15.679100,
segmentation_only,10,2,perf-segmentation_only-r010-20260818T025847Z,loan_to_customer,1,82,200,14.346700,
segmentation_only,10,2,perf-segmentation_only-r010-20260818T025847Z,loan_to_customer,1,83,200,15.459700,
segmentation_only,10,2,perf-segmentation_only-r010-20260818T025847Z,loan_to_customer,1,84,200,14.768200,
segmentation_only,10,2,perf-segmentation_only-r010-20260818T025847Z,loan_to_customer,1,85,200,14.883300,
segmentation_only,10,2,perf-segmentation_only-r010-20260818T025847Z,loan_to_customer,1,86,200,14.548100,
segmentation_only,10,2,perf-segmentation_only-r010-20260818T025847Z,loan_to_customer,1,87,200,14.655200,
segmentation_only,10,2,perf-segmentation_only-r010-20260818T025847Z,loan_to_customer,1,88,200,13.734200,
segmentation_only,10,2,perf-segmentation_only-r010-20260818T025847Z,loan_to_customer,1,89,200,13.972100,
segmentation_only,10,2,perf-segmentation_only-r010-20260818T025847Z,loan_to_customer,1,90,200,14.953300,
segmentation_only,10,2,perf-segmentation_only-r010-20260818T025847Z,loan_to_customer,1,91,200,14.595200,
segmentation_only,10,2,perf-segmentation_only-r010-20260818T025847Z,loan_to_customer,1,92,200,13.020400,
segmentation_only,10,2,perf-segmentation_only-r010-20260818T025847Z,loan_to_customer,1,93,200,13.047900,
segmentation_only,10,2,perf-segmentation_only-r010-20260818T025847Z,loan_to_customer,1,94,200,13.815700,
segmentation_only,10,2,perf-segmentation_only-r010-20260818T025847Z,loan_to_customer,1,95,200,23.949700,
segmentation_only,10,2,perf-segmentation_only-r010-20260818T025847Z,loan_to_customer,1,96,200,14.452300,
segmentation_only,10,2,perf-segmentation_only-r010-20260818T025847Z,loan_to_customer,1,97,200,13.366600,
segmentation_only,10,2,perf-segmentation_only-r010-20260818T025847Z,loan_to_customer,1,98,200,13.298500,
segmentation_only,10,2,perf-segmentation_only-r010-20260818T025847Z,loan_to_customer,1,99,200,13.710200,
segmentation_only,10,2,perf-segmentation_only-r010-20260818T025847Z,loan_to_customer,1,100,200,13.738800,
segmentation_only,10,2,perf-segmentation_only-r010-20260818T025847Z,loan_to_customer,1,101,200,14.109100,
segmentation_only,10,2,perf-segmentation_only-r010-20260818T025847Z,loan_to_customer,1,102,200,13.849700,
segmentation_only,10,2,perf-segmentation_only-r010-20260818T025847Z,loan_to_customer,1,103,200,13.707300,
segmentation_only,10,2,perf-segmentation_only-r010-20260818T025847Z,loan_to_customer,1,104,200,14.512400,
segmentation_only,10,2,perf-segmentation_only-r010-20260818T025847Z,loan_to_customer,1,105,200,14.073100,
segmentation_only,10,2,perf-segmentation_only-r010-20260818T025847Z,loan_to_customer,1,106,200,13.951500,
segmentation_only,10,2,perf-segmentation_only-r010-20260818T025847Z,loan_to_customer,1,107,200,13.717400,
segmentation_only,10,2,perf-segmentation_only-r010-20260818T025847Z,loan_to_customer,1,108,200,14.050200,
segmentation_only,10,2,perf-segmentation_only-r010-20260818T025847Z,loan_to_customer,1,109,200,13.853900,
segmentation_only,10,2,perf-segmentation_only-r010-20260818T025847Z,loan_to_customer,1,110,200,13.634600,
segmentation_only,10,2,perf-segmentation_only-r010-20260818T025847Z,loan_to_customer,1,111,200,13.883200,
segmentation_only,10,2,perf-segmentation_only-r010-20260818T025847Z,loan_to_customer,1,112,200,13.608100,
segmentation_only,10,2,perf-segmentation_only-r010-20260818T025847Z,loan_to_customer,1,113,200,13.745200,
segmentation_only,10,2,perf-segmentation_only-r010-20260818T025847Z,loan_to_customer,1,114,200,14.027600,
segmentation_only,10,2,perf-segmentation_only-r010-20260818T025847Z,loan_to_customer,1,115,200,13.403400,
segmentation_only,10,2,perf-segmentation_only-r010-20260818T025847Z,loan_to_customer,1,116,200,14.243700,
segmentation_only,10,2,perf-segmentation_only-r010-20260818T025847Z,loan_to_customer,1,117,200,13.663000,
segmentation_only,10,2,perf-segmentation_only-r010-20260818T025847Z,loan_to_customer,1,118,200,13.836100,
segmentation_only,10,2,perf-segmentation_only-r010-20260818T025847Z,loan_to_customer,1,119,200,14.121500,
segmentation_only,10,2,perf-segmentation_only-r010-20260818T025847Z,loan_to_customer,1,120,200,14.474200,
segmentation_only,10,2,perf-segmentation_only-r010-20260818T025847Z,loan_to_customer,1,121,200,13.919000,
segmentation_only,10,2,perf-segmentation_only-r010-20260818T025847Z,loan_to_customer,1,122,200,14.107900,
segmentation_only,10,2,perf-segmentation_only-r010-20260818T025847Z,loan_to_customer,1,123,200,13.610100,
segmentation_only,10,2,perf-segmentation_only-r010-20260818T025847Z,loan_to_customer,1,124,200,13.818200,
segmentation_only,10,2,perf-segmentation_only-r010-20260818T025847Z,loan_to_customer,1,125,200,13.923300,
segmentation_only,10,2,perf-segmentation_only-r010-20260818T025847Z,loan_to_customer,1,126,200,14.390400,
segmentation_only,10,2,perf-segmentation_only-r010-20260818T025847Z,loan_to_customer,1,127,200,14.226900,
segmentation_only,10,2,perf-segmentation_only-r010-20260818T025847Z,loan_to_customer,1,128,200,14.089500,
segmentation_only,10,2,perf-segmentation_only-r010-20260818T025847Z,loan_to_customer,1,129,200,14.090600,
segmentation_only,10,2,perf-segmentation_only-r010-20260818T025847Z,loan_to_customer,1,130,200,14.743500,
segmentation_only,10,2,perf-segmentation_only-r010-20260818T025847Z,loan_to_customer,1,131,200,14.530900,
segmentation_only,10,2,perf-segmentation_only-r010-20260818T025847Z,loan_to_customer,1,132,200,14.769500,
segmentation_only,10,2,perf-segmentation_only-r010-20260818T025847Z,loan_to_customer,1,133,200,13.856700,
segmentation_only,10,2,perf-segmentation_only-r010-20260818T025847Z,loan_to_customer,1,134,200,13.630100,
segmentation_only,10,2,perf-segmentation_only-r010-20260818T025847Z,loan_to_customer,1,135,200,14.379100,
segmentation_only,10,2,perf-segmentation_only-r010-20260818T025847Z,loan_to_customer,1,136,200,14.086800,
segmentation_only,10,2,perf-segmentation_only-r010-20260818T025847Z,loan_to_customer,1,137,200,13.728300,
segmentation_only,10,2,perf-segmentation_only-r010-20260818T025847Z,loan_to_customer,1,138,200,14.188500,
segmentation_only,10,2,perf-segmentation_only-r010-20260818T025847Z,loan_to_customer,1,139,200,14.086600,
segmentation_only,10,2,perf-segmentation_only-r010-20260818T025847Z,loan_to_customer,1,140,200,13.774900,
segmentation_only,10,2,perf-segmentation_only-r010-20260818T025847Z,loan_to_customer,1,141,200,14.504000,
segmentation_only,10,2,perf-segmentation_only-r010-20260818T025847Z,loan_to_customer,1,142,200,15.606900,
segmentation_only,10,2,perf-segmentation_only-r010-20260818T025847Z,loan_to_customer,1,143,200,14.800400,
segmentation_only,10,2,perf-segmentation_only-r010-20260818T025847Z,loan_to_customer,1,144,200,14.219400,
segmentation_only,10,2,perf-segmentation_only-r010-20260818T025847Z,loan_to_customer,1,145,200,14.753700,
segmentation_only,10,2,perf-segmentation_only-r010-20260818T025847Z,loan_to_customer,1,146,200,14.885500,
segmentation_only,10,2,perf-segmentation_only-r010-20260818T025847Z,loan_to_customer,1,147,200,14.404500,
segmentation_only,10,2,perf-segmentation_only-r010-20260818T025847Z,loan_to_customer,1,148,200,14.331200,
segmentation_only,10,2,perf-segmentation_only-r010-20260818T025847Z,loan_to_customer,1,149,200,14.306100,
segmentation_only,10,2,perf-segmentation_only-r010-20260818T025847Z,loan_to_customer,1,150,200,14.817500,
segmentation_only,10,2,perf-segmentation_only-r010-20260818T025847Z,loan_to_customer,1,151,200,14.624500,
segmentation_only,10,2,perf-segmentation_only-r010-20260818T025847Z,loan_to_customer,1,152,200,13.706200,
segmentation_only,10,2,perf-segmentation_only-r010-20260818T025847Z,loan_to_customer,1,153,200,14.322600,
segmentation_only,10,2,perf-segmentation_only-r010-20260818T025847Z,loan_to_customer,1,154,200,14.919200,
segmentation_only,10,2,perf-segmentation_only-r010-20260818T025847Z,loan_to_customer,1,155,200,14.308600,
segmentation_only,10,2,perf-segmentation_only-r010-20260818T025847Z,loan_to_customer,1,156,200,14.548000,
segmentation_only,10,2,perf-segmentation_only-r010-20260818T025847Z,loan_to_customer,1,157,200,14.455800,
segmentation_only,10,2,perf-segmentation_only-r010-20260818T025847Z,loan_to_customer,1,158,200,15.169600,
segmentation_only,10,2,perf-segmentation_only-r010-20260818T025847Z,loan_to_customer,1,159,200,14.976000,
segmentation_only,10,2,perf-segmentation_only-r010-20260818T025847Z,loan_to_customer,1,160,200,14.458300,
segmentation_only,10,2,perf-segmentation_only-r010-20260818T025847Z,loan_to_customer,1,161,200,15.191100,
segmentation_only,10,2,perf-segmentation_only-r010-20260818T025847Z,loan_to_customer,1,162,200,15.044100,
segmentation_only,10,2,perf-segmentation_only-r010-20260818T025847Z,loan_to_customer,1,163,200,14.775300,
segmentation_only,10,2,perf-segmentation_only-r010-20260818T025847Z,loan_to_customer,1,164,200,15.228400,
segmentation_only,10,2,perf-segmentation_only-r010-20260818T025847Z,loan_to_customer,1,165,200,14.830200,
segmentation_only,10,2,perf-segmentation_only-r010-20260818T025847Z,loan_to_customer,1,166,200,14.989400,
segmentation_only,10,2,perf-segmentation_only-r010-20260818T025847Z,loan_to_customer,1,167,200,14.615400,
segmentation_only,10,2,perf-segmentation_only-r010-20260818T025847Z,loan_to_customer,1,168,200,15.076200,
segmentation_only,10,2,perf-segmentation_only-r010-20260818T025847Z,loan_to_customer,1,169,200,14.422300,
segmentation_only,10,2,perf-segmentation_only-r010-20260818T025847Z,loan_to_customer,1,170,200,14.497000,
segmentation_only,10,2,perf-segmentation_only-r010-20260818T025847Z,loan_to_customer,1,171,200,14.283900,
segmentation_only,10,2,perf-segmentation_only-r010-20260818T025847Z,loan_to_customer,1,172,200,13.457500,
segmentation_only,10,2,perf-segmentation_only-r010-20260818T025847Z,loan_to_customer,1,173,200,13.268400,
segmentation_only,10,2,perf-segmentation_only-r010-20260818T025847Z,loan_to_customer,1,174,200,14.351100,
segmentation_only,10,2,perf-segmentation_only-r010-20260818T025847Z,loan_to_customer,1,175,200,14.097800,
segmentation_only,10,2,perf-segmentation_only-r010-20260818T025847Z,loan_to_customer,1,176,200,14.015900,
segmentation_only,10,2,perf-segmentation_only-r010-20260818T025847Z,loan_to_customer,1,177,200,14.206400,
segmentation_only,10,2,perf-segmentation_only-r010-20260818T025847Z,loan_to_customer,1,178,200,13.628200,
segmentation_only,10,2,perf-segmentation_only-r010-20260818T025847Z,loan_to_customer,1,179,200,13.946400,
segmentation_only,10,2,perf-segmentation_only-r010-20260818T025847Z,loan_to_customer,1,180,200,14.284400,
segmentation_only,10,2,perf-segmentation_only-r010-20260818T025847Z,loan_to_customer,1,181,200,14.052200,
segmentation_only,10,2,perf-segmentation_only-r010-20260818T025847Z,loan_to_customer,1,182,200,13.583700,
segmentation_only,10,2,perf-segmentation_only-r010-20260818T025847Z,loan_to_customer,1,183,200,13.777400,
segmentation_only,10,2,perf-segmentation_only-r010-20260818T025847Z,loan_to_customer,1,184,200,14.207100,
segmentation_only,10,2,perf-segmentation_only-r010-20260818T025847Z,loan_to_customer,1,185,200,13.826700,
segmentation_only,10,2,perf-segmentation_only-r010-20260818T025847Z,loan_to_customer,1,186,200,13.982400,
segmentation_only,10,2,perf-segmentation_only-r010-20260818T025847Z,loan_to_customer,1,187,200,14.212100,
segmentation_only,10,2,perf-segmentation_only-r010-20260818T025847Z,loan_to_customer,1,188,200,13.790600,
segmentation_only,10,2,perf-segmentation_only-r010-20260818T025847Z,loan_to_customer,1,189,200,13.891600,
segmentation_only,10,2,perf-segmentation_only-r010-20260818T025847Z,loan_to_customer,1,190,200,14.369500,
segmentation_only,10,2,perf-segmentation_only-r010-20260818T025847Z,loan_to_customer,1,191,200,14.118200,
segmentation_only,10,2,perf-segmentation_only-r010-20260818T025847Z,loan_to_customer,1,192,200,13.890300,
segmentation_only,10,2,perf-segmentation_only-r010-20260818T025847Z,loan_to_customer,1,193,200,14.074100,
segmentation_only,10,2,perf-segmentation_only-r010-20260818T025847Z,loan_to_customer,1,194,200,13.533600,
segmentation_only,10,2,perf-segmentation_only-r010-20260818T025847Z,loan_to_customer,1,195,200,13.874100,
segmentation_only,10,2,perf-segmentation_only-r010-20260818T025847Z,loan_to_customer,1,196,200,14.861900,
segmentation_only,10,2,perf-segmentation_only-r010-20260818T025847Z,loan_to_customer,1,197,200,14.711900,
segmentation_only,10,2,perf-segmentation_only-r010-20260818T025847Z,loan_to_customer,1,198,200,13.867900,
segmentation_only,10,2,perf-segmentation_only-r010-20260818T025847Z,loan_to_customer,1,199,200,14.595300,
segmentation_only,10,2,perf-segmentation_only-r010-20260818T025847Z,loan_to_customer,1,200,200,14.693400,
segmentation_only,10,2,perf-segmentation_only-r010-20260818T025847Z,loan_to_customer,2,1,200,14.849800,
segmentation_only,10,2,perf-segmentation_only-r010-20260818T025847Z,loan_to_customer,2,2,200,14.372900,
segmentation_only,10,2,perf-segmentation_only-r010-20260818T025847Z,loan_to_customer,2,3,200,13.775300,
segmentation_only,10,2,perf-segmentation_only-r010-20260818T025847Z,loan_to_customer,2,4,200,13.872000,
segmentation_only,10,2,perf-segmentation_only-r010-20260818T025847Z,loan_to_customer,2,5,200,14.230400,
segmentation_only,10,2,perf-segmentation_only-r010-20260818T025847Z,loan_to_customer,2,6,200,15.006700,
segmentation_only,10,2,perf-segmentation_only-r010-20260818T025847Z,loan_to_customer,2,7,200,14.263500,
segmentation_only,10,2,perf-segmentation_only-r010-20260818T025847Z,loan_to_customer,2,8,200,13.859100,
segmentation_only,10,2,perf-segmentation_only-r010-20260818T025847Z,loan_to_customer,2,9,200,13.549000,
segmentation_only,10,2,perf-segmentation_only-r010-20260818T025847Z,loan_to_customer,2,10,200,13.836400,
segmentation_only,10,2,perf-segmentation_only-r010-20260818T025847Z,loan_to_customer,2,11,200,13.835500,
segmentation_only,10,2,perf-segmentation_only-r010-20260818T025847Z,loan_to_customer,2,12,200,14.399400,
segmentation_only,10,2,perf-segmentation_only-r010-20260818T025847Z,loan_to_customer,2,13,200,13.843600,
segmentation_only,10,2,perf-segmentation_only-r010-20260818T025847Z,loan_to_customer,2,14,200,14.498500,
segmentation_only,10,2,perf-segmentation_only-r010-20260818T025847Z,loan_to_customer,2,15,200,13.393700,
segmentation_only,10,2,perf-segmentation_only-r010-20260818T025847Z,loan_to_customer,2,16,200,14.164300,
segmentation_only,10,2,perf-segmentation_only-r010-20260818T025847Z,loan_to_customer,2,17,200,13.639200,
segmentation_only,10,2,perf-segmentation_only-r010-20260818T025847Z,loan_to_customer,2,18,200,13.529700,
segmentation_only,10,2,perf-segmentation_only-r010-20260818T025847Z,loan_to_customer,2,19,200,14.014000,
segmentation_only,10,2,perf-segmentation_only-r010-20260818T025847Z,loan_to_customer,2,20,200,14.657900,
segmentation_only,10,2,perf-segmentation_only-r010-20260818T025847Z,loan_to_customer,2,21,200,13.930900,
segmentation_only,10,2,perf-segmentation_only-r010-20260818T025847Z,loan_to_customer,2,22,200,13.855500,
segmentation_only,10,2,perf-segmentation_only-r010-20260818T025847Z,loan_to_customer,2,23,200,14.269900,
segmentation_only,10,2,perf-segmentation_only-r010-20260818T025847Z,loan_to_customer,2,24,200,14.336800,
segmentation_only,10,2,perf-segmentation_only-r010-20260818T025847Z,loan_to_customer,2,25,200,14.099900,
segmentation_only,10,2,perf-segmentation_only-r010-20260818T025847Z,loan_to_customer,2,26,200,14.659200,
segmentation_only,10,2,perf-segmentation_only-r010-20260818T025847Z,loan_to_customer,2,27,200,15.148100,
segmentation_only,10,2,perf-segmentation_only-r010-20260818T025847Z,loan_to_customer,2,28,200,14.950600,
segmentation_only,10,2,perf-segmentation_only-r010-20260818T025847Z,loan_to_customer,2,29,200,14.402900,
segmentation_only,10,2,perf-segmentation_only-r010-20260818T025847Z,loan_to_customer,2,30,200,13.808000,
segmentation_only,10,2,perf-segmentation_only-r010-20260818T025847Z,loan_to_customer,2,31,200,14.305100,
segmentation_only,10,2,perf-segmentation_only-r010-20260818T025847Z,loan_to_customer,2,32,200,14.970900,
segmentation_only,10,2,perf-segmentation_only-r010-20260818T025847Z,loan_to_customer,2,33,200,14.122800,
segmentation_only,10,2,perf-segmentation_only-r010-20260818T025847Z,loan_to_customer,2,34,200,13.640500,
segmentation_only,10,2,perf-segmentation_only-r010-20260818T025847Z,loan_to_customer,2,35,200,13.661100,
segmentation_only,10,2,perf-segmentation_only-r010-20260818T025847Z,loan_to_customer,2,36,200,14.502200,
segmentation_only,10,2,perf-segmentation_only-r010-20260818T025847Z,loan_to_customer,2,37,200,14.997200,
segmentation_only,10,2,perf-segmentation_only-r010-20260818T025847Z,loan_to_customer,2,38,200,14.048900,
segmentation_only,10,2,perf-segmentation_only-r010-20260818T025847Z,loan_to_customer,2,39,200,13.836500,
segmentation_only,10,2,perf-segmentation_only-r010-20260818T025847Z,loan_to_customer,2,40,200,14.328000,
segmentation_only,10,2,perf-segmentation_only-r010-20260818T025847Z,loan_to_customer,2,41,200,15.284500,
segmentation_only,10,2,perf-segmentation_only-r010-20260818T025847Z,loan_to_customer,2,42,200,17.069300,
segmentation_only,10,2,perf-segmentation_only-r010-20260818T025847Z,loan_to_customer,2,43,200,15.531100,
segmentation_only,10,2,perf-segmentation_only-r010-20260818T025847Z,loan_to_customer,2,44,200,18.415600,
segmentation_only,10,2,perf-segmentation_only-r010-20260818T025847Z,loan_to_customer,2,45,200,18.085600,
segmentation_only,10,2,perf-segmentation_only-r010-20260818T025847Z,loan_to_customer,2,46,200,21.602000,
segmentation_only,10,2,perf-segmentation_only-r010-20260818T025847Z,loan_to_customer,2,47,200,20.018600,
segmentation_only,10,2,perf-segmentation_only-r010-20260818T025847Z,loan_to_customer,2,48,200,19.257600,
segmentation_only,10,2,perf-segmentation_only-r010-20260818T025847Z,loan_to_customer,2,49,200,18.135400,
segmentation_only,10,2,perf-segmentation_only-r010-20260818T025847Z,loan_to_customer,2,50,200,14.784400,
segmentation_only,10,2,perf-segmentation_only-r010-20260818T025847Z,loan_to_customer,2,51,200,14.495000,
segmentation_only,10,2,perf-segmentation_only-r010-20260818T025847Z,loan_to_customer,2,52,200,15.035200,
segmentation_only,10,2,perf-segmentation_only-r010-20260818T025847Z,loan_to_customer,2,53,200,13.921700,
segmentation_only,10,2,perf-segmentation_only-r010-20260818T025847Z,loan_to_customer,2,54,200,14.356700,
segmentation_only,10,2,perf-segmentation_only-r010-20260818T025847Z,loan_to_customer,2,55,200,15.404300,
segmentation_only,10,2,perf-segmentation_only-r010-20260818T025847Z,loan_to_customer,2,56,200,15.101300,
segmentation_only,10,2,perf-segmentation_only-r010-20260818T025847Z,loan_to_customer,2,57,200,14.899400,
segmentation_only,10,2,perf-segmentation_only-r010-20260818T025847Z,loan_to_customer,2,58,200,15.171600,
segmentation_only,10,2,perf-segmentation_only-r010-20260818T025847Z,loan_to_customer,2,59,200,17.469300,
segmentation_only,10,2,perf-segmentation_only-r010-20260818T025847Z,loan_to_customer,2,60,200,17.324600,
segmentation_only,10,2,perf-segmentation_only-r010-20260818T025847Z,loan_to_customer,2,61,200,15.696400,
segmentation_only,10,2,perf-segmentation_only-r010-20260818T025847Z,loan_to_customer,2,62,200,15.358700,
segmentation_only,10,2,perf-segmentation_only-r010-20260818T025847Z,loan_to_customer,2,63,200,14.889600,
segmentation_only,10,2,perf-segmentation_only-r010-20260818T025847Z,loan_to_customer,2,64,200,15.562500,
segmentation_only,10,2,perf-segmentation_only-r010-20260818T025847Z,loan_to_customer,2,65,200,14.791100,
segmentation_only,10,2,perf-segmentation_only-r010-20260818T025847Z,loan_to_customer,2,66,200,14.871400,
segmentation_only,10,2,perf-segmentation_only-r010-20260818T025847Z,loan_to_customer,2,67,200,14.721200,
segmentation_only,10,2,perf-segmentation_only-r010-20260818T025847Z,loan_to_customer,2,68,200,13.941600,
segmentation_only,10,2,perf-segmentation_only-r010-20260818T025847Z,loan_to_customer,2,69,200,15.180400,
segmentation_only,10,2,perf-segmentation_only-r010-20260818T025847Z,loan_to_customer,2,70,200,15.330800,
segmentation_only,10,2,perf-segmentation_only-r010-20260818T025847Z,loan_to_customer,2,71,200,14.505900,
segmentation_only,10,2,perf-segmentation_only-r010-20260818T025847Z,loan_to_customer,2,72,200,15.576200,
segmentation_only,10,2,perf-segmentation_only-r010-20260818T025847Z,loan_to_customer,2,73,200,16.443200,
segmentation_only,10,2,perf-segmentation_only-r010-20260818T025847Z,loan_to_customer,2,74,200,17.467800,
segmentation_only,10,2,perf-segmentation_only-r010-20260818T025847Z,loan_to_customer,2,75,200,17.075000,
segmentation_only,10,2,perf-segmentation_only-r010-20260818T025847Z,loan_to_customer,2,76,200,17.210600,
segmentation_only,10,2,perf-segmentation_only-r010-20260818T025847Z,loan_to_customer,2,77,200,16.192800,
segmentation_only,10,2,perf-segmentation_only-r010-20260818T025847Z,loan_to_customer,2,78,200,15.578700,
segmentation_only,10,2,perf-segmentation_only-r010-20260818T025847Z,loan_to_customer,2,79,200,14.201100,
segmentation_only,10,2,perf-segmentation_only-r010-20260818T025847Z,loan_to_customer,2,80,200,14.151600,
segmentation_only,10,2,perf-segmentation_only-r010-20260818T025847Z,loan_to_customer,2,81,200,15.074700,
segmentation_only,10,2,perf-segmentation_only-r010-20260818T025847Z,loan_to_customer,2,82,200,15.695900,
segmentation_only,10,2,perf-segmentation_only-r010-20260818T025847Z,loan_to_customer,2,83,200,15.638000,
segmentation_only,10,2,perf-segmentation_only-r010-20260818T025847Z,loan_to_customer,2,84,200,14.571400,
segmentation_only,10,2,perf-segmentation_only-r010-20260818T025847Z,loan_to_customer,2,85,200,14.914400,
segmentation_only,10,2,perf-segmentation_only-r010-20260818T025847Z,loan_to_customer,2,86,200,15.109600,
segmentation_only,10,2,perf-segmentation_only-r010-20260818T025847Z,loan_to_customer,2,87,200,15.159700,
segmentation_only,10,2,perf-segmentation_only-r010-20260818T025847Z,loan_to_customer,2,88,200,15.769400,
segmentation_only,10,2,perf-segmentation_only-r010-20260818T025847Z,loan_to_customer,2,89,200,15.495100,
segmentation_only,10,2,perf-segmentation_only-r010-20260818T025847Z,loan_to_customer,2,90,200,14.716200,
segmentation_only,10,2,perf-segmentation_only-r010-20260818T025847Z,loan_to_customer,2,91,200,14.791300,
segmentation_only,10,2,perf-segmentation_only-r010-20260818T025847Z,loan_to_customer,2,92,200,14.110200,
segmentation_only,10,2,perf-segmentation_only-r010-20260818T025847Z,loan_to_customer,2,93,200,13.709200,
segmentation_only,10,2,perf-segmentation_only-r010-20260818T025847Z,loan_to_customer,2,94,200,14.467700,
segmentation_only,10,2,perf-segmentation_only-r010-20260818T025847Z,loan_to_customer,2,95,200,14.955200,
segmentation_only,10,2,perf-segmentation_only-r010-20260818T025847Z,loan_to_customer,2,96,200,14.230600,
segmentation_only,10,2,perf-segmentation_only-r010-20260818T025847Z,loan_to_customer,2,97,200,13.924500,
segmentation_only,10,2,perf-segmentation_only-r010-20260818T025847Z,loan_to_customer,2,98,200,13.906300,
segmentation_only,10,2,perf-segmentation_only-r010-20260818T025847Z,loan_to_customer,2,99,200,14.154100,
segmentation_only,10,2,perf-segmentation_only-r010-20260818T025847Z,loan_to_customer,2,100,200,16.865800,
segmentation_only,10,2,perf-segmentation_only-r010-20260818T025847Z,loan_to_customer,2,101,200,17.451400,
segmentation_only,10,2,perf-segmentation_only-r010-20260818T025847Z,loan_to_customer,2,102,200,15.450500,
segmentation_only,10,2,perf-segmentation_only-r010-20260818T025847Z,loan_to_customer,2,103,200,15.533200,
segmentation_only,10,2,perf-segmentation_only-r010-20260818T025847Z,loan_to_customer,2,104,200,15.109100,
segmentation_only,10,2,perf-segmentation_only-r010-20260818T025847Z,loan_to_customer,2,105,200,15.135300,
segmentation_only,10,2,perf-segmentation_only-r010-20260818T025847Z,loan_to_customer,2,106,200,14.649700,
segmentation_only,10,2,perf-segmentation_only-r010-20260818T025847Z,loan_to_customer,2,107,200,14.479200,
segmentation_only,10,2,perf-segmentation_only-r010-20260818T025847Z,loan_to_customer,2,108,200,14.515800,
segmentation_only,10,2,perf-segmentation_only-r010-20260818T025847Z,loan_to_customer,2,109,200,14.296800,
segmentation_only,10,2,perf-segmentation_only-r010-20260818T025847Z,loan_to_customer,2,110,200,14.162400,
segmentation_only,10,2,perf-segmentation_only-r010-20260818T025847Z,loan_to_customer,2,111,200,13.753600,
segmentation_only,10,2,perf-segmentation_only-r010-20260818T025847Z,loan_to_customer,2,112,200,13.888000,
segmentation_only,10,2,perf-segmentation_only-r010-20260818T025847Z,loan_to_customer,2,113,200,14.451900,
segmentation_only,10,2,perf-segmentation_only-r010-20260818T025847Z,loan_to_customer,2,114,200,15.856900,
segmentation_only,10,2,perf-segmentation_only-r010-20260818T025847Z,loan_to_customer,2,115,200,14.096900,
segmentation_only,10,2,perf-segmentation_only-r010-20260818T025847Z,loan_to_customer,2,116,200,14.984900,
segmentation_only,10,2,perf-segmentation_only-r010-20260818T025847Z,loan_to_customer,2,117,200,14.080700,
segmentation_only,10,2,perf-segmentation_only-r010-20260818T025847Z,loan_to_customer,2,118,200,13.921800,
segmentation_only,10,2,perf-segmentation_only-r010-20260818T025847Z,loan_to_customer,2,119,200,13.846600,
segmentation_only,10,2,perf-segmentation_only-r010-20260818T025847Z,loan_to_customer,2,120,200,14.116900,
segmentation_only,10,2,perf-segmentation_only-r010-20260818T025847Z,loan_to_customer,2,121,200,14.390300,
segmentation_only,10,2,perf-segmentation_only-r010-20260818T025847Z,loan_to_customer,2,122,200,15.168600,
segmentation_only,10,2,perf-segmentation_only-r010-20260818T025847Z,loan_to_customer,2,123,200,13.979300,
segmentation_only,10,2,perf-segmentation_only-r010-20260818T025847Z,loan_to_customer,2,124,200,14.069800,
segmentation_only,10,2,perf-segmentation_only-r010-20260818T025847Z,loan_to_customer,2,125,200,13.449000,
segmentation_only,10,2,perf-segmentation_only-r010-20260818T025847Z,loan_to_customer,2,126,200,14.785700,
segmentation_only,10,2,perf-segmentation_only-r010-20260818T025847Z,loan_to_customer,2,127,200,14.310200,
segmentation_only,10,2,perf-segmentation_only-r010-20260818T025847Z,loan_to_customer,2,128,200,13.935300,
segmentation_only,10,2,perf-segmentation_only-r010-20260818T025847Z,loan_to_customer,2,129,200,14.415600,
segmentation_only,10,2,perf-segmentation_only-r010-20260818T025847Z,loan_to_customer,2,130,200,14.646100,
segmentation_only,10,2,perf-segmentation_only-r010-20260818T025847Z,loan_to_customer,2,131,200,14.735900,
segmentation_only,10,2,perf-segmentation_only-r010-20260818T025847Z,loan_to_customer,2,132,200,15.116000,
segmentation_only,10,2,perf-segmentation_only-r010-20260818T025847Z,loan_to_customer,2,133,200,15.123500,
segmentation_only,10,2,perf-segmentation_only-r010-20260818T025847Z,loan_to_customer,2,134,200,16.446400,
segmentation_only,10,2,perf-segmentation_only-r010-20260818T025847Z,loan_to_customer,2,135,200,14.755800,
segmentation_only,10,2,perf-segmentation_only-r010-20260818T025847Z,loan_to_customer,2,136,200,15.295400,
segmentation_only,10,2,perf-segmentation_only-r010-20260818T025847Z,loan_to_customer,2,137,200,15.507100,
segmentation_only,10,2,perf-segmentation_only-r010-20260818T025847Z,loan_to_customer,2,138,200,15.785300,
segmentation_only,10,2,perf-segmentation_only-r010-20260818T025847Z,loan_to_customer,2,139,200,15.495000,
segmentation_only,10,2,perf-segmentation_only-r010-20260818T025847Z,loan_to_customer,2,140,200,16.444400,
segmentation_only,10,2,perf-segmentation_only-r010-20260818T025847Z,loan_to_customer,2,141,200,16.083700,
segmentation_only,10,2,perf-segmentation_only-r010-20260818T025847Z,loan_to_customer,2,142,200,16.319900,
segmentation_only,10,2,perf-segmentation_only-r010-20260818T025847Z,loan_to_customer,2,143,200,15.825900,
segmentation_only,10,2,perf-segmentation_only-r010-20260818T025847Z,loan_to_customer,2,144,200,16.782500,
segmentation_only,10,2,perf-segmentation_only-r010-20260818T025847Z,loan_to_customer,2,145,200,17.064700,
segmentation_only,10,2,perf-segmentation_only-r010-20260818T025847Z,loan_to_customer,2,146,200,14.999400,
segmentation_only,10,2,perf-segmentation_only-r010-20260818T025847Z,loan_to_customer,2,147,200,14.862500,
segmentation_only,10,2,perf-segmentation_only-r010-20260818T025847Z,loan_to_customer,2,148,200,15.509800,
segmentation_only,10,2,perf-segmentation_only-r010-20260818T025847Z,loan_to_customer,2,149,200,16.113900,
segmentation_only,10,2,perf-segmentation_only-r010-20260818T025847Z,loan_to_customer,2,150,200,15.625600,
segmentation_only,10,2,perf-segmentation_only-r010-20260818T025847Z,loan_to_customer,2,151,200,15.850100,
segmentation_only,10,2,perf-segmentation_only-r010-20260818T025847Z,loan_to_customer,2,152,200,15.733100,
segmentation_only,10,2,perf-segmentation_only-r010-20260818T025847Z,loan_to_customer,2,153,200,15.735300,
segmentation_only,10,2,perf-segmentation_only-r010-20260818T025847Z,loan_to_customer,2,154,200,15.608200,
segmentation_only,10,2,perf-segmentation_only-r010-20260818T025847Z,loan_to_customer,2,155,200,15.650900,
segmentation_only,10,2,perf-segmentation_only-r010-20260818T025847Z,loan_to_customer,2,156,200,15.724400,
segmentation_only,10,2,perf-segmentation_only-r010-20260818T025847Z,loan_to_customer,2,157,200,16.373800,
segmentation_only,10,2,perf-segmentation_only-r010-20260818T025847Z,loan_to_customer,2,158,200,15.968600,
segmentation_only,10,2,perf-segmentation_only-r010-20260818T025847Z,loan_to_customer,2,159,200,15.776400,
segmentation_only,10,2,perf-segmentation_only-r010-20260818T025847Z,loan_to_customer,2,160,200,15.557500,
segmentation_only,10,2,perf-segmentation_only-r010-20260818T025847Z,loan_to_customer,2,161,200,14.833600,
segmentation_only,10,2,perf-segmentation_only-r010-20260818T025847Z,loan_to_customer,2,162,200,14.533600,
segmentation_only,10,2,perf-segmentation_only-r010-20260818T025847Z,loan_to_customer,2,163,200,15.600600,
segmentation_only,10,2,perf-segmentation_only-r010-20260818T025847Z,loan_to_customer,2,164,200,16.434500,
segmentation_only,10,2,perf-segmentation_only-r010-20260818T025847Z,loan_to_customer,2,165,200,16.532000,
segmentation_only,10,2,perf-segmentation_only-r010-20260818T025847Z,loan_to_customer,2,166,200,15.546300,
segmentation_only,10,2,perf-segmentation_only-r010-20260818T025847Z,loan_to_customer,2,167,200,17.225500,
segmentation_only,10,2,perf-segmentation_only-r010-20260818T025847Z,loan_to_customer,2,168,200,15.306200,
segmentation_only,10,2,perf-segmentation_only-r010-20260818T025847Z,loan_to_customer,2,169,200,15.273400,
segmentation_only,10,2,perf-segmentation_only-r010-20260818T025847Z,loan_to_customer,2,170,200,14.459300,
segmentation_only,10,2,perf-segmentation_only-r010-20260818T025847Z,loan_to_customer,2,171,200,15.155500,
segmentation_only,10,2,perf-segmentation_only-r010-20260818T025847Z,loan_to_customer,2,172,200,15.327700,
segmentation_only,10,2,perf-segmentation_only-r010-20260818T025847Z,loan_to_customer,2,173,200,14.859300,
segmentation_only,10,2,perf-segmentation_only-r010-20260818T025847Z,loan_to_customer,2,174,200,14.373600,
segmentation_only,10,2,perf-segmentation_only-r010-20260818T025847Z,loan_to_customer,2,175,200,14.457000,
segmentation_only,10,2,perf-segmentation_only-r010-20260818T025847Z,loan_to_customer,2,176,200,14.395100,
segmentation_only,10,2,perf-segmentation_only-r010-20260818T025847Z,loan_to_customer,2,177,200,14.422600,
segmentation_only,10,2,perf-segmentation_only-r010-20260818T025847Z,loan_to_customer,2,178,200,14.857300,
segmentation_only,10,2,perf-segmentation_only-r010-20260818T025847Z,loan_to_customer,2,179,200,14.015000,
segmentation_only,10,2,perf-segmentation_only-r010-20260818T025847Z,loan_to_customer,2,180,200,16.780700,
segmentation_only,10,2,perf-segmentation_only-r010-20260818T025847Z,loan_to_customer,2,181,200,15.909800,
segmentation_only,10,2,perf-segmentation_only-r010-20260818T025847Z,loan_to_customer,2,182,200,15.754200,
segmentation_only,10,2,perf-segmentation_only-r010-20260818T025847Z,loan_to_customer,2,183,200,15.261700,
segmentation_only,10,2,perf-segmentation_only-r010-20260818T025847Z,loan_to_customer,2,184,200,15.679500,
segmentation_only,10,2,perf-segmentation_only-r010-20260818T025847Z,loan_to_customer,2,185,200,14.101800,
segmentation_only,10,2,perf-segmentation_only-r010-20260818T025847Z,loan_to_customer,2,186,200,14.066300,
segmentation_only,10,2,perf-segmentation_only-r010-20260818T025847Z,loan_to_customer,2,187,200,13.390900,
segmentation_only,10,2,perf-segmentation_only-r010-20260818T025847Z,loan_to_customer,2,188,200,13.305000,
segmentation_only,10,2,perf-segmentation_only-r010-20260818T025847Z,loan_to_customer,2,189,200,14.672600,
segmentation_only,10,2,perf-segmentation_only-r010-20260818T025847Z,loan_to_customer,2,190,200,14.183400,
segmentation_only,10,2,perf-segmentation_only-r010-20260818T025847Z,loan_to_customer,2,191,200,14.341000,
segmentation_only,10,2,perf-segmentation_only-r010-20260818T025847Z,loan_to_customer,2,192,200,14.226800,
segmentation_only,10,2,perf-segmentation_only-r010-20260818T025847Z,loan_to_customer,2,193,200,14.321000,
segmentation_only,10,2,perf-segmentation_only-r010-20260818T025847Z,loan_to_customer,2,194,200,13.823300,
segmentation_only,10,2,perf-segmentation_only-r010-20260818T025847Z,loan_to_customer,2,195,200,13.769100,
segmentation_only,10,2,perf-segmentation_only-r010-20260818T025847Z,loan_to_customer,2,196,200,14.185500,
segmentation_only,10,2,perf-segmentation_only-r010-20260818T025847Z,loan_to_customer,2,197,200,14.229900,
segmentation_only,10,2,perf-segmentation_only-r010-20260818T025847Z,loan_to_customer,2,198,200,14.452700,
segmentation_only,10,2,perf-segmentation_only-r010-20260818T025847Z,loan_to_customer,2,199,200,14.093200,
segmentation_only,10,2,perf-segmentation_only-r010-20260818T025847Z,loan_to_customer,2,200,200,13.779800,
segmentation_only,10,2,perf-segmentation_only-r010-20260818T025847Z,loan_to_customer,3,1,200,13.757500,
segmentation_only,10,2,perf-segmentation_only-r010-20260818T025847Z,loan_to_customer,3,2,200,14.511700,
segmentation_only,10,2,perf-segmentation_only-r010-20260818T025847Z,loan_to_customer,3,3,200,13.722500,
segmentation_only,10,2,perf-segmentation_only-r010-20260818T025847Z,loan_to_customer,3,4,200,14.426700,
segmentation_only,10,2,perf-segmentation_only-r010-20260818T025847Z,loan_to_customer,3,5,200,14.657500,
segmentation_only,10,2,perf-segmentation_only-r010-20260818T025847Z,loan_to_customer,3,6,200,14.227900,
segmentation_only,10,2,perf-segmentation_only-r010-20260818T025847Z,loan_to_customer,3,7,200,13.941300,
segmentation_only,10,2,perf-segmentation_only-r010-20260818T025847Z,loan_to_customer,3,8,200,14.264800,
segmentation_only,10,2,perf-segmentation_only-r010-20260818T025847Z,loan_to_customer,3,9,200,14.466700,
segmentation_only,10,2,perf-segmentation_only-r010-20260818T025847Z,loan_to_customer,3,10,200,14.146200,
segmentation_only,10,2,perf-segmentation_only-r010-20260818T025847Z,loan_to_customer,3,11,200,14.461800,
segmentation_only,10,2,perf-segmentation_only-r010-20260818T025847Z,loan_to_customer,3,12,200,14.596700,
segmentation_only,10,2,perf-segmentation_only-r010-20260818T025847Z,loan_to_customer,3,13,200,14.304700,
segmentation_only,10,2,perf-segmentation_only-r010-20260818T025847Z,loan_to_customer,3,14,200,13.365400,
segmentation_only,10,2,perf-segmentation_only-r010-20260818T025847Z,loan_to_customer,3,15,200,13.848300,
segmentation_only,10,2,perf-segmentation_only-r010-20260818T025847Z,loan_to_customer,3,16,200,13.971000,
segmentation_only,10,2,perf-segmentation_only-r010-20260818T025847Z,loan_to_customer,3,17,200,13.651200,
segmentation_only,10,2,perf-segmentation_only-r010-20260818T025847Z,loan_to_customer,3,18,200,13.709700,
segmentation_only,10,2,perf-segmentation_only-r010-20260818T025847Z,loan_to_customer,3,19,200,13.870500,
segmentation_only,10,2,perf-segmentation_only-r010-20260818T025847Z,loan_to_customer,3,20,200,13.400000,
segmentation_only,10,2,perf-segmentation_only-r010-20260818T025847Z,loan_to_customer,3,21,200,14.647300,
segmentation_only,10,2,perf-segmentation_only-r010-20260818T025847Z,loan_to_customer,3,22,200,14.834100,
segmentation_only,10,2,perf-segmentation_only-r010-20260818T025847Z,loan_to_customer,3,23,200,14.310600,
segmentation_only,10,2,perf-segmentation_only-r010-20260818T025847Z,loan_to_customer,3,24,200,14.469700,
segmentation_only,10,2,perf-segmentation_only-r010-20260818T025847Z,loan_to_customer,3,25,200,14.621300,
segmentation_only,10,2,perf-segmentation_only-r010-20260818T025847Z,loan_to_customer,3,26,200,15.298600,
segmentation_only,10,2,perf-segmentation_only-r010-20260818T025847Z,loan_to_customer,3,27,200,13.846000,
segmentation_only,10,2,perf-segmentation_only-r010-20260818T025847Z,loan_to_customer,3,28,200,13.970700,
segmentation_only,10,2,perf-segmentation_only-r010-20260818T025847Z,loan_to_customer,3,29,200,14.841600,
segmentation_only,10,2,perf-segmentation_only-r010-20260818T025847Z,loan_to_customer,3,30,200,14.193400,
segmentation_only,10,2,perf-segmentation_only-r010-20260818T025847Z,loan_to_customer,3,31,200,13.472600,
segmentation_only,10,2,perf-segmentation_only-r010-20260818T025847Z,loan_to_customer,3,32,200,14.520900,
segmentation_only,10,2,perf-segmentation_only-r010-20260818T025847Z,loan_to_customer,3,33,200,14.365000,
segmentation_only,10,2,perf-segmentation_only-r010-20260818T025847Z,loan_to_customer,3,34,200,14.535700,
segmentation_only,10,2,perf-segmentation_only-r010-20260818T025847Z,loan_to_customer,3,35,200,14.099900,
segmentation_only,10,2,perf-segmentation_only-r010-20260818T025847Z,loan_to_customer,3,36,200,14.589600,
segmentation_only,10,2,perf-segmentation_only-r010-20260818T025847Z,loan_to_customer,3,37,200,14.166000,
segmentation_only,10,2,perf-segmentation_only-r010-20260818T025847Z,loan_to_customer,3,38,200,13.984400,
segmentation_only,10,2,perf-segmentation_only-r010-20260818T025847Z,loan_to_customer,3,39,200,14.058100,
segmentation_only,10,2,perf-segmentation_only-r010-20260818T025847Z,loan_to_customer,3,40,200,13.494400,
segmentation_only,10,2,perf-segmentation_only-r010-20260818T025847Z,loan_to_customer,3,41,200,13.657000,
segmentation_only,10,2,perf-segmentation_only-r010-20260818T025847Z,loan_to_customer,3,42,200,13.476400,
segmentation_only,10,2,perf-segmentation_only-r010-20260818T025847Z,loan_to_customer,3,43,200,14.206400,
segmentation_only,10,2,perf-segmentation_only-r010-20260818T025847Z,loan_to_customer,3,44,200,15.715200,
segmentation_only,10,2,perf-segmentation_only-r010-20260818T025847Z,loan_to_customer,3,45,200,14.591300,
segmentation_only,10,2,perf-segmentation_only-r010-20260818T025847Z,loan_to_customer,3,46,200,13.762100,
segmentation_only,10,2,perf-segmentation_only-r010-20260818T025847Z,loan_to_customer,3,47,200,14.285100,
segmentation_only,10,2,perf-segmentation_only-r010-20260818T025847Z,loan_to_customer,3,48,200,14.138400,
segmentation_only,10,2,perf-segmentation_only-r010-20260818T025847Z,loan_to_customer,3,49,200,14.101500,
segmentation_only,10,2,perf-segmentation_only-r010-20260818T025847Z,loan_to_customer,3,50,200,14.265400,
segmentation_only,10,2,perf-segmentation_only-r010-20260818T025847Z,loan_to_customer,3,51,200,14.002400,
segmentation_only,10,2,perf-segmentation_only-r010-20260818T025847Z,loan_to_customer,3,52,200,13.683400,
segmentation_only,10,2,perf-segmentation_only-r010-20260818T025847Z,loan_to_customer,3,53,200,13.601400,
segmentation_only,10,2,perf-segmentation_only-r010-20260818T025847Z,loan_to_customer,3,54,200,13.515200,
segmentation_only,10,2,perf-segmentation_only-r010-20260818T025847Z,loan_to_customer,3,55,200,13.912500,
segmentation_only,10,2,perf-segmentation_only-r010-20260818T025847Z,loan_to_customer,3,56,200,13.597200,
segmentation_only,10,2,perf-segmentation_only-r010-20260818T025847Z,loan_to_customer,3,57,200,14.995500,
segmentation_only,10,2,perf-segmentation_only-r010-20260818T025847Z,loan_to_customer,3,58,200,14.843600,
segmentation_only,10,2,perf-segmentation_only-r010-20260818T025847Z,loan_to_customer,3,59,200,13.766100,
segmentation_only,10,2,perf-segmentation_only-r010-20260818T025847Z,loan_to_customer,3,60,200,13.567700,
segmentation_only,10,2,perf-segmentation_only-r010-20260818T025847Z,loan_to_customer,3,61,200,13.799000,
segmentation_only,10,2,perf-segmentation_only-r010-20260818T025847Z,loan_to_customer,3,62,200,13.818400,
segmentation_only,10,2,perf-segmentation_only-r010-20260818T025847Z,loan_to_customer,3,63,200,13.408200,
segmentation_only,10,2,perf-segmentation_only-r010-20260818T025847Z,loan_to_customer,3,64,200,14.005500,
segmentation_only,10,2,perf-segmentation_only-r010-20260818T025847Z,loan_to_customer,3,65,200,14.070100,
segmentation_only,10,2,perf-segmentation_only-r010-20260818T025847Z,loan_to_customer,3,66,200,13.344700,
segmentation_only,10,2,perf-segmentation_only-r010-20260818T025847Z,loan_to_customer,3,67,200,13.948300,
segmentation_only,10,2,perf-segmentation_only-r010-20260818T025847Z,loan_to_customer,3,68,200,13.784900,
segmentation_only,10,2,perf-segmentation_only-r010-20260818T025847Z,loan_to_customer,3,69,200,13.794900,
segmentation_only,10,2,perf-segmentation_only-r010-20260818T025847Z,loan_to_customer,3,70,200,13.644600,
segmentation_only,10,2,perf-segmentation_only-r010-20260818T025847Z,loan_to_customer,3,71,200,14.339900,
segmentation_only,10,2,perf-segmentation_only-r010-20260818T025847Z,loan_to_customer,3,72,200,13.745300,
segmentation_only,10,2,perf-segmentation_only-r010-20260818T025847Z,loan_to_customer,3,73,200,13.934900,
segmentation_only,10,2,perf-segmentation_only-r010-20260818T025847Z,loan_to_customer,3,74,200,13.684700,
segmentation_only,10,2,perf-segmentation_only-r010-20260818T025847Z,loan_to_customer,3,75,200,13.705100,
segmentation_only,10,2,perf-segmentation_only-r010-20260818T025847Z,loan_to_customer,3,76,200,14.309500,
segmentation_only,10,2,perf-segmentation_only-r010-20260818T025847Z,loan_to_customer,3,77,200,13.869400,
segmentation_only,10,2,perf-segmentation_only-r010-20260818T025847Z,loan_to_customer,3,78,200,14.152600,
segmentation_only,10,2,perf-segmentation_only-r010-20260818T025847Z,loan_to_customer,3,79,200,14.508200,
segmentation_only,10,2,perf-segmentation_only-r010-20260818T025847Z,loan_to_customer,3,80,200,14.289400,
segmentation_only,10,2,perf-segmentation_only-r010-20260818T025847Z,loan_to_customer,3,81,200,14.575400,
segmentation_only,10,2,perf-segmentation_only-r010-20260818T025847Z,loan_to_customer,3,82,200,14.668900,
segmentation_only,10,2,perf-segmentation_only-r010-20260818T025847Z,loan_to_customer,3,83,200,13.744400,
segmentation_only,10,2,perf-segmentation_only-r010-20260818T025847Z,loan_to_customer,3,84,200,13.694000,
segmentation_only,10,2,perf-segmentation_only-r010-20260818T025847Z,loan_to_customer,3,85,200,13.961900,
segmentation_only,10,2,perf-segmentation_only-r010-20260818T025847Z,loan_to_customer,3,86,200,14.476400,
segmentation_only,10,2,perf-segmentation_only-r010-20260818T025847Z,loan_to_customer,3,87,200,14.225800,
segmentation_only,10,2,perf-segmentation_only-r010-20260818T025847Z,loan_to_customer,3,88,200,14.176700,
segmentation_only,10,2,perf-segmentation_only-r010-20260818T025847Z,loan_to_customer,3,89,200,14.069000,
segmentation_only,10,2,perf-segmentation_only-r010-20260818T025847Z,loan_to_customer,3,90,200,14.603400,
segmentation_only,10,2,perf-segmentation_only-r010-20260818T025847Z,loan_to_customer,3,91,200,13.841600,
segmentation_only,10,2,perf-segmentation_only-r010-20260818T025847Z,loan_to_customer,3,92,200,13.863200,
segmentation_only,10,2,perf-segmentation_only-r010-20260818T025847Z,loan_to_customer,3,93,200,14.273300,
segmentation_only,10,2,perf-segmentation_only-r010-20260818T025847Z,loan_to_customer,3,94,200,13.876200,
segmentation_only,10,2,perf-segmentation_only-r010-20260818T025847Z,loan_to_customer,3,95,200,14.619300,
segmentation_only,10,2,perf-segmentation_only-r010-20260818T025847Z,loan_to_customer,3,96,200,13.333700,
segmentation_only,10,2,perf-segmentation_only-r010-20260818T025847Z,loan_to_customer,3,97,200,14.244800,
segmentation_only,10,2,perf-segmentation_only-r010-20260818T025847Z,loan_to_customer,3,98,200,14.101200,
segmentation_only,10,2,perf-segmentation_only-r010-20260818T025847Z,loan_to_customer,3,99,200,13.536000,
segmentation_only,10,2,perf-segmentation_only-r010-20260818T025847Z,loan_to_customer,3,100,200,13.615300,
segmentation_only,10,2,perf-segmentation_only-r010-20260818T025847Z,loan_to_customer,3,101,200,14.408400,
segmentation_only,10,2,perf-segmentation_only-r010-20260818T025847Z,loan_to_customer,3,102,200,14.005000,
segmentation_only,10,2,perf-segmentation_only-r010-20260818T025847Z,loan_to_customer,3,103,200,13.721400,
segmentation_only,10,2,perf-segmentation_only-r010-20260818T025847Z,loan_to_customer,3,104,200,14.004000,
segmentation_only,10,2,perf-segmentation_only-r010-20260818T025847Z,loan_to_customer,3,105,200,14.058700,
segmentation_only,10,2,perf-segmentation_only-r010-20260818T025847Z,loan_to_customer,3,106,200,13.923100,
segmentation_only,10,2,perf-segmentation_only-r010-20260818T025847Z,loan_to_customer,3,107,200,13.813700,
segmentation_only,10,2,perf-segmentation_only-r010-20260818T025847Z,loan_to_customer,3,108,200,13.659600,
segmentation_only,10,2,perf-segmentation_only-r010-20260818T025847Z,loan_to_customer,3,109,200,13.710800,
segmentation_only,10,2,perf-segmentation_only-r010-20260818T025847Z,loan_to_customer,3,110,200,15.310600,
segmentation_only,10,2,perf-segmentation_only-r010-20260818T025847Z,loan_to_customer,3,111,200,15.078600,
segmentation_only,10,2,perf-segmentation_only-r010-20260818T025847Z,loan_to_customer,3,112,200,15.098900,
segmentation_only,10,2,perf-segmentation_only-r010-20260818T025847Z,loan_to_customer,3,113,200,14.906500,
segmentation_only,10,2,perf-segmentation_only-r010-20260818T025847Z,loan_to_customer,3,114,200,14.919400,
segmentation_only,10,2,perf-segmentation_only-r010-20260818T025847Z,loan_to_customer,3,115,200,14.833800,
segmentation_only,10,2,perf-segmentation_only-r010-20260818T025847Z,loan_to_customer,3,116,200,14.210600,
segmentation_only,10,2,perf-segmentation_only-r010-20260818T025847Z,loan_to_customer,3,117,200,14.249600,
segmentation_only,10,2,perf-segmentation_only-r010-20260818T025847Z,loan_to_customer,3,118,200,13.946300,
segmentation_only,10,2,perf-segmentation_only-r010-20260818T025847Z,loan_to_customer,3,119,200,13.921500,
segmentation_only,10,2,perf-segmentation_only-r010-20260818T025847Z,loan_to_customer,3,120,200,13.921400,
segmentation_only,10,2,perf-segmentation_only-r010-20260818T025847Z,loan_to_customer,3,121,200,13.792800,
segmentation_only,10,2,perf-segmentation_only-r010-20260818T025847Z,loan_to_customer,3,122,200,14.017600,
segmentation_only,10,2,perf-segmentation_only-r010-20260818T025847Z,loan_to_customer,3,123,200,14.811500,
segmentation_only,10,2,perf-segmentation_only-r010-20260818T025847Z,loan_to_customer,3,124,200,14.199300,
segmentation_only,10,2,perf-segmentation_only-r010-20260818T025847Z,loan_to_customer,3,125,200,13.943700,
segmentation_only,10,2,perf-segmentation_only-r010-20260818T025847Z,loan_to_customer,3,126,200,13.960600,
segmentation_only,10,2,perf-segmentation_only-r010-20260818T025847Z,loan_to_customer,3,127,200,13.936600,
segmentation_only,10,2,perf-segmentation_only-r010-20260818T025847Z,loan_to_customer,3,128,200,14.634200,
segmentation_only,10,2,perf-segmentation_only-r010-20260818T025847Z,loan_to_customer,3,129,200,13.699400,
segmentation_only,10,2,perf-segmentation_only-r010-20260818T025847Z,loan_to_customer,3,130,200,14.152300,
segmentation_only,10,2,perf-segmentation_only-r010-20260818T025847Z,loan_to_customer,3,131,200,14.369100,
segmentation_only,10,2,perf-segmentation_only-r010-20260818T025847Z,loan_to_customer,3,132,200,13.556700,
segmentation_only,10,2,perf-segmentation_only-r010-20260818T025847Z,loan_to_customer,3,133,200,14.027700,
segmentation_only,10,2,perf-segmentation_only-r010-20260818T025847Z,loan_to_customer,3,134,200,13.863100,
segmentation_only,10,2,perf-segmentation_only-r010-20260818T025847Z,loan_to_customer,3,135,200,13.795300,
segmentation_only,10,2,perf-segmentation_only-r010-20260818T025847Z,loan_to_customer,3,136,200,14.552900,
segmentation_only,10,2,perf-segmentation_only-r010-20260818T025847Z,loan_to_customer,3,137,200,14.150400,
segmentation_only,10,2,perf-segmentation_only-r010-20260818T025847Z,loan_to_customer,3,138,200,13.599800,
segmentation_only,10,2,perf-segmentation_only-r010-20260818T025847Z,loan_to_customer,3,139,200,13.615700,
segmentation_only,10,2,perf-segmentation_only-r010-20260818T025847Z,loan_to_customer,3,140,200,13.795800,
segmentation_only,10,2,perf-segmentation_only-r010-20260818T025847Z,loan_to_customer,3,141,200,14.085200,
segmentation_only,10,2,perf-segmentation_only-r010-20260818T025847Z,loan_to_customer,3,142,200,13.826700,
segmentation_only,10,2,perf-segmentation_only-r010-20260818T025847Z,loan_to_customer,3,143,200,15.361300,
segmentation_only,10,2,perf-segmentation_only-r010-20260818T025847Z,loan_to_customer,3,144,200,13.824000,
segmentation_only,10,2,perf-segmentation_only-r010-20260818T025847Z,loan_to_customer,3,145,200,13.850900,
segmentation_only,10,2,perf-segmentation_only-r010-20260818T025847Z,loan_to_customer,3,146,200,14.479000,
segmentation_only,10,2,perf-segmentation_only-r010-20260818T025847Z,loan_to_customer,3,147,200,13.988000,
segmentation_only,10,2,perf-segmentation_only-r010-20260818T025847Z,loan_to_customer,3,148,200,14.145700,
segmentation_only,10,2,perf-segmentation_only-r010-20260818T025847Z,loan_to_customer,3,149,200,13.639700,
segmentation_only,10,2,perf-segmentation_only-r010-20260818T025847Z,loan_to_customer,3,150,200,13.697000,
segmentation_only,10,2,perf-segmentation_only-r010-20260818T025847Z,loan_to_customer,3,151,200,13.756500,
segmentation_only,10,2,perf-segmentation_only-r010-20260818T025847Z,loan_to_customer,3,152,200,14.081800,
segmentation_only,10,2,perf-segmentation_only-r010-20260818T025847Z,loan_to_customer,3,153,200,15.125500,
segmentation_only,10,2,perf-segmentation_only-r010-20260818T025847Z,loan_to_customer,3,154,200,14.801700,
segmentation_only,10,2,perf-segmentation_only-r010-20260818T025847Z,loan_to_customer,3,155,200,14.621200,
segmentation_only,10,2,perf-segmentation_only-r010-20260818T025847Z,loan_to_customer,3,156,200,13.788600,
segmentation_only,10,2,perf-segmentation_only-r010-20260818T025847Z,loan_to_customer,3,157,200,14.304800,
segmentation_only,10,2,perf-segmentation_only-r010-20260818T025847Z,loan_to_customer,3,158,200,14.191900,
segmentation_only,10,2,perf-segmentation_only-r010-20260818T025847Z,loan_to_customer,3,159,200,14.224600,
segmentation_only,10,2,perf-segmentation_only-r010-20260818T025847Z,loan_to_customer,3,160,200,13.931600,
segmentation_only,10,2,perf-segmentation_only-r010-20260818T025847Z,loan_to_customer,3,161,200,14.083400,
segmentation_only,10,2,perf-segmentation_only-r010-20260818T025847Z,loan_to_customer,3,162,200,14.107000,
segmentation_only,10,2,perf-segmentation_only-r010-20260818T025847Z,loan_to_customer,3,163,200,13.661200,
segmentation_only,10,2,perf-segmentation_only-r010-20260818T025847Z,loan_to_customer,3,164,200,14.444000,
segmentation_only,10,2,perf-segmentation_only-r010-20260818T025847Z,loan_to_customer,3,165,200,14.437500,
segmentation_only,10,2,perf-segmentation_only-r010-20260818T025847Z,loan_to_customer,3,166,200,13.658600,
segmentation_only,10,2,perf-segmentation_only-r010-20260818T025847Z,loan_to_customer,3,167,200,13.677900,
segmentation_only,10,2,perf-segmentation_only-r010-20260818T025847Z,loan_to_customer,3,168,200,13.441100,
segmentation_only,10,2,perf-segmentation_only-r010-20260818T025847Z,loan_to_customer,3,169,200,13.919400,
segmentation_only,10,2,perf-segmentation_only-r010-20260818T025847Z,loan_to_customer,3,170,200,13.749600,
segmentation_only,10,2,perf-segmentation_only-r010-20260818T025847Z,loan_to_customer,3,171,200,14.044500,
segmentation_only,10,2,perf-segmentation_only-r010-20260818T025847Z,loan_to_customer,3,172,200,13.585700,
segmentation_only,10,2,perf-segmentation_only-r010-20260818T025847Z,loan_to_customer,3,173,200,13.946100,
segmentation_only,10,2,perf-segmentation_only-r010-20260818T025847Z,loan_to_customer,3,174,200,13.123400,
segmentation_only,10,2,perf-segmentation_only-r010-20260818T025847Z,loan_to_customer,3,175,200,13.309000,
segmentation_only,10,2,perf-segmentation_only-r010-20260818T025847Z,loan_to_customer,3,176,200,13.760300,
segmentation_only,10,2,perf-segmentation_only-r010-20260818T025847Z,loan_to_customer,3,177,200,13.667100,
segmentation_only,10,2,perf-segmentation_only-r010-20260818T025847Z,loan_to_customer,3,178,200,13.910800,
segmentation_only,10,2,perf-segmentation_only-r010-20260818T025847Z,loan_to_customer,3,179,200,14.155900,
segmentation_only,10,2,perf-segmentation_only-r010-20260818T025847Z,loan_to_customer,3,180,200,14.016300,
segmentation_only,10,2,perf-segmentation_only-r010-20260818T025847Z,loan_to_customer,3,181,200,13.546800,
segmentation_only,10,2,perf-segmentation_only-r010-20260818T025847Z,loan_to_customer,3,182,200,14.153600,
segmentation_only,10,2,perf-segmentation_only-r010-20260818T025847Z,loan_to_customer,3,183,200,13.976000,
segmentation_only,10,2,perf-segmentation_only-r010-20260818T025847Z,loan_to_customer,3,184,200,14.776000,
segmentation_only,10,2,perf-segmentation_only-r010-20260818T025847Z,loan_to_customer,3,185,200,14.405900,
segmentation_only,10,2,perf-segmentation_only-r010-20260818T025847Z,loan_to_customer,3,186,200,14.448000,
segmentation_only,10,2,perf-segmentation_only-r010-20260818T025847Z,loan_to_customer,3,187,200,13.769600,
segmentation_only,10,2,perf-segmentation_only-r010-20260818T025847Z,loan_to_customer,3,188,200,13.963000,
segmentation_only,10,2,perf-segmentation_only-r010-20260818T025847Z,loan_to_customer,3,189,200,16.763800,
segmentation_only,10,2,perf-segmentation_only-r010-20260818T025847Z,loan_to_customer,3,190,200,14.473000,
segmentation_only,10,2,perf-segmentation_only-r010-20260818T025847Z,loan_to_customer,3,191,200,17.051500,
segmentation_only,10,2,perf-segmentation_only-r010-20260818T025847Z,loan_to_customer,3,192,200,16.987600,
segmentation_only,10,2,perf-segmentation_only-r010-20260818T025847Z,loan_to_customer,3,193,200,16.804700,
segmentation_only,10,2,perf-segmentation_only-r010-20260818T025847Z,loan_to_customer,3,194,200,15.220500,
segmentation_only,10,2,perf-segmentation_only-r010-20260818T025847Z,loan_to_customer,3,195,200,15.816500,
segmentation_only,10,2,perf-segmentation_only-r010-20260818T025847Z,loan_to_customer,3,196,200,16.027200,
segmentation_only,10,2,perf-segmentation_only-r010-20260818T025847Z,loan_to_customer,3,197,200,15.154700,
segmentation_only,10,2,perf-segmentation_only-r010-20260818T025847Z,loan_to_customer,3,198,200,15.759200,
segmentation_only,10,2,perf-segmentation_only-r010-20260818T025847Z,loan_to_customer,3,199,200,16.602900,
segmentation_only,10,2,perf-segmentation_only-r010-20260818T025847Z,loan_to_customer,3,200,200,16.839100,
segmentation_only,10,2,perf-segmentation_only-r010-20260818T025847Z,loan_to_credit,1,1,200,19.241200,
segmentation_only,10,2,perf-segmentation_only-r010-20260818T025847Z,loan_to_credit,1,2,200,18.854500,
segmentation_only,10,2,perf-segmentation_only-r010-20260818T025847Z,loan_to_credit,1,3,200,17.527900,
segmentation_only,10,2,perf-segmentation_only-r010-20260818T025847Z,loan_to_credit,1,4,200,16.986600,
segmentation_only,10,2,perf-segmentation_only-r010-20260818T025847Z,loan_to_credit,1,5,200,16.840200,
segmentation_only,10,2,perf-segmentation_only-r010-20260818T025847Z,loan_to_credit,1,6,200,16.664700,
segmentation_only,10,2,perf-segmentation_only-r010-20260818T025847Z,loan_to_credit,1,7,200,19.122300,
segmentation_only,10,2,perf-segmentation_only-r010-20260818T025847Z,loan_to_credit,1,8,200,16.996900,
segmentation_only,10,2,perf-segmentation_only-r010-20260818T025847Z,loan_to_credit,1,9,200,15.641200,
segmentation_only,10,2,perf-segmentation_only-r010-20260818T025847Z,loan_to_credit,1,10,200,15.993900,
segmentation_only,10,2,perf-segmentation_only-r010-20260818T025847Z,loan_to_credit,1,11,200,15.945300,
segmentation_only,10,2,perf-segmentation_only-r010-20260818T025847Z,loan_to_credit,1,12,200,15.742600,
segmentation_only,10,2,perf-segmentation_only-r010-20260818T025847Z,loan_to_credit,1,13,200,16.050300,
segmentation_only,10,2,perf-segmentation_only-r010-20260818T025847Z,loan_to_credit,1,14,200,16.013100,
segmentation_only,10,2,perf-segmentation_only-r010-20260818T025847Z,loan_to_credit,1,15,200,16.048900,
segmentation_only,10,2,perf-segmentation_only-r010-20260818T025847Z,loan_to_credit,1,16,200,16.165200,
segmentation_only,10,2,perf-segmentation_only-r010-20260818T025847Z,loan_to_credit,1,17,200,15.917000,
segmentation_only,10,2,perf-segmentation_only-r010-20260818T025847Z,loan_to_credit,1,18,200,16.011100,
segmentation_only,10,2,perf-segmentation_only-r010-20260818T025847Z,loan_to_credit,1,19,200,16.512400,
segmentation_only,10,2,perf-segmentation_only-r010-20260818T025847Z,loan_to_credit,1,20,200,16.516700,
segmentation_only,10,2,perf-segmentation_only-r010-20260818T025847Z,loan_to_credit,1,21,200,16.205100,
segmentation_only,10,2,perf-segmentation_only-r010-20260818T025847Z,loan_to_credit,1,22,200,15.749300,
segmentation_only,10,2,perf-segmentation_only-r010-20260818T025847Z,loan_to_credit,1,23,200,15.678200,
segmentation_only,10,2,perf-segmentation_only-r010-20260818T025847Z,loan_to_credit,1,24,200,16.377600,
segmentation_only,10,2,perf-segmentation_only-r010-20260818T025847Z,loan_to_credit,1,25,200,15.790500,
segmentation_only,10,2,perf-segmentation_only-r010-20260818T025847Z,loan_to_credit,1,26,200,16.119800,
segmentation_only,10,2,perf-segmentation_only-r010-20260818T025847Z,loan_to_credit,1,27,200,17.175300,
segmentation_only,10,2,perf-segmentation_only-r010-20260818T025847Z,loan_to_credit,1,28,200,18.015300,
segmentation_only,10,2,perf-segmentation_only-r010-20260818T025847Z,loan_to_credit,1,29,200,18.487400,
segmentation_only,10,2,perf-segmentation_only-r010-20260818T025847Z,loan_to_credit,1,30,200,17.384600,
segmentation_only,10,2,perf-segmentation_only-r010-20260818T025847Z,loan_to_credit,1,31,200,17.767600,
segmentation_only,10,2,perf-segmentation_only-r010-20260818T025847Z,loan_to_credit,1,32,200,17.369000,
segmentation_only,10,2,perf-segmentation_only-r010-20260818T025847Z,loan_to_credit,1,33,200,17.016700,
segmentation_only,10,2,perf-segmentation_only-r010-20260818T025847Z,loan_to_credit,1,34,200,16.493100,
segmentation_only,10,2,perf-segmentation_only-r010-20260818T025847Z,loan_to_credit,1,35,200,15.864100,
segmentation_only,10,2,perf-segmentation_only-r010-20260818T025847Z,loan_to_credit,1,36,200,16.793800,
segmentation_only,10,2,perf-segmentation_only-r010-20260818T025847Z,loan_to_credit,1,37,200,16.228600,
segmentation_only,10,2,perf-segmentation_only-r010-20260818T025847Z,loan_to_credit,1,38,200,16.135600,
segmentation_only,10,2,perf-segmentation_only-r010-20260818T025847Z,loan_to_credit,1,39,200,15.767200,
segmentation_only,10,2,perf-segmentation_only-r010-20260818T025847Z,loan_to_credit,1,40,200,16.317500,
segmentation_only,10,2,perf-segmentation_only-r010-20260818T025847Z,loan_to_credit,1,41,200,15.501500,
segmentation_only,10,2,perf-segmentation_only-r010-20260818T025847Z,loan_to_credit,1,42,200,15.870300,
segmentation_only,10,2,perf-segmentation_only-r010-20260818T025847Z,loan_to_credit,1,43,200,15.739200,
segmentation_only,10,2,perf-segmentation_only-r010-20260818T025847Z,loan_to_credit,1,44,200,16.484200,
segmentation_only,10,2,perf-segmentation_only-r010-20260818T025847Z,loan_to_credit,1,45,200,15.764300,
segmentation_only,10,2,perf-segmentation_only-r010-20260818T025847Z,loan_to_credit,1,46,200,16.197900,
segmentation_only,10,2,perf-segmentation_only-r010-20260818T025847Z,loan_to_credit,1,47,200,15.825800,
segmentation_only,10,2,perf-segmentation_only-r010-20260818T025847Z,loan_to_credit,1,48,200,15.965800,
segmentation_only,10,2,perf-segmentation_only-r010-20260818T025847Z,loan_to_credit,1,49,200,15.883400,
segmentation_only,10,2,perf-segmentation_only-r010-20260818T025847Z,loan_to_credit,1,50,200,16.286700,
segmentation_only,10,2,perf-segmentation_only-r010-20260818T025847Z,loan_to_credit,1,51,200,15.528700,
segmentation_only,10,2,perf-segmentation_only-r010-20260818T025847Z,loan_to_credit,1,52,200,15.749100,
segmentation_only,10,2,perf-segmentation_only-r010-20260818T025847Z,loan_to_credit,1,53,200,15.373900,
segmentation_only,10,2,perf-segmentation_only-r010-20260818T025847Z,loan_to_credit,1,54,200,16.385900,
segmentation_only,10,2,perf-segmentation_only-r010-20260818T025847Z,loan_to_credit,1,55,200,15.886400,
segmentation_only,10,2,perf-segmentation_only-r010-20260818T025847Z,loan_to_credit,1,56,200,15.773000,
segmentation_only,10,2,perf-segmentation_only-r010-20260818T025847Z,loan_to_credit,1,57,200,15.789200,
segmentation_only,10,2,perf-segmentation_only-r010-20260818T025847Z,loan_to_credit,1,58,200,15.257700,
segmentation_only,10,2,perf-segmentation_only-r010-20260818T025847Z,loan_to_credit,1,59,200,16.132300,
segmentation_only,10,2,perf-segmentation_only-r010-20260818T025847Z,loan_to_credit,1,60,200,15.825400,
segmentation_only,10,2,perf-segmentation_only-r010-20260818T025847Z,loan_to_credit,1,61,200,16.325400,
segmentation_only,10,2,perf-segmentation_only-r010-20260818T025847Z,loan_to_credit,1,62,200,15.650900,
segmentation_only,10,2,perf-segmentation_only-r010-20260818T025847Z,loan_to_credit,1,63,200,15.984200,
segmentation_only,10,2,perf-segmentation_only-r010-20260818T025847Z,loan_to_credit,1,64,200,16.221900,
segmentation_only,10,2,perf-segmentation_only-r010-20260818T025847Z,loan_to_credit,1,65,200,15.934100,
segmentation_only,10,2,perf-segmentation_only-r010-20260818T025847Z,loan_to_credit,1,66,200,15.706300,
segmentation_only,10,2,perf-segmentation_only-r010-20260818T025847Z,loan_to_credit,1,67,200,16.338700,
segmentation_only,10,2,perf-segmentation_only-r010-20260818T025847Z,loan_to_credit,1,68,200,16.969100,
segmentation_only,10,2,perf-segmentation_only-r010-20260818T025847Z,loan_to_credit,1,69,200,16.627000,
segmentation_only,10,2,perf-segmentation_only-r010-20260818T025847Z,loan_to_credit,1,70,200,17.150400,
segmentation_only,10,2,perf-segmentation_only-r010-20260818T025847Z,loan_to_credit,1,71,200,16.146400,
segmentation_only,10,2,perf-segmentation_only-r010-20260818T025847Z,loan_to_credit,1,72,200,16.507400,
segmentation_only,10,2,perf-segmentation_only-r010-20260818T025847Z,loan_to_credit,1,73,200,17.228400,
segmentation_only,10,2,perf-segmentation_only-r010-20260818T025847Z,loan_to_credit,1,74,200,16.546700,
segmentation_only,10,2,perf-segmentation_only-r010-20260818T025847Z,loan_to_credit,1,75,200,16.799300,
segmentation_only,10,2,perf-segmentation_only-r010-20260818T025847Z,loan_to_credit,1,76,200,16.513900,
segmentation_only,10,2,perf-segmentation_only-r010-20260818T025847Z,loan_to_credit,1,77,200,16.651100,
segmentation_only,10,2,perf-segmentation_only-r010-20260818T025847Z,loan_to_credit,1,78,200,15.065200,
segmentation_only,10,2,perf-segmentation_only-r010-20260818T025847Z,loan_to_credit,1,79,200,14.987700,
segmentation_only,10,2,perf-segmentation_only-r010-20260818T025847Z,loan_to_credit,1,80,200,15.065300,
segmentation_only,10,2,perf-segmentation_only-r010-20260818T025847Z,loan_to_credit,1,81,200,16.011400,
segmentation_only,10,2,perf-segmentation_only-r010-20260818T025847Z,loan_to_credit,1,82,200,15.820500,
segmentation_only,10,2,perf-segmentation_only-r010-20260818T025847Z,loan_to_credit,1,83,200,15.983700,
segmentation_only,10,2,perf-segmentation_only-r010-20260818T025847Z,loan_to_credit,1,84,200,16.045200,
segmentation_only,10,2,perf-segmentation_only-r010-20260818T025847Z,loan_to_credit,1,85,200,16.241000,
segmentation_only,10,2,perf-segmentation_only-r010-20260818T025847Z,loan_to_credit,1,86,200,15.646400,
segmentation_only,10,2,perf-segmentation_only-r010-20260818T025847Z,loan_to_credit,1,87,200,16.031100,
segmentation_only,10,2,perf-segmentation_only-r010-20260818T025847Z,loan_to_credit,1,88,200,15.789500,
segmentation_only,10,2,perf-segmentation_only-r010-20260818T025847Z,loan_to_credit,1,89,200,16.039100,
segmentation_only,10,2,perf-segmentation_only-r010-20260818T025847Z,loan_to_credit,1,90,200,16.087200,
segmentation_only,10,2,perf-segmentation_only-r010-20260818T025847Z,loan_to_credit,1,91,200,15.163800,
segmentation_only,10,2,perf-segmentation_only-r010-20260818T025847Z,loan_to_credit,1,92,200,16.769500,
segmentation_only,10,2,perf-segmentation_only-r010-20260818T025847Z,loan_to_credit,1,93,200,16.642900,
segmentation_only,10,2,perf-segmentation_only-r010-20260818T025847Z,loan_to_credit,1,94,200,16.486500,
segmentation_only,10,2,perf-segmentation_only-r010-20260818T025847Z,loan_to_credit,1,95,200,16.086200,
segmentation_only,10,2,perf-segmentation_only-r010-20260818T025847Z,loan_to_credit,1,96,200,15.920600,
segmentation_only,10,2,perf-segmentation_only-r010-20260818T025847Z,loan_to_credit,1,97,200,16.209300,
segmentation_only,10,2,perf-segmentation_only-r010-20260818T025847Z,loan_to_credit,1,98,200,16.238600,
segmentation_only,10,2,perf-segmentation_only-r010-20260818T025847Z,loan_to_credit,1,99,200,15.249300,
segmentation_only,10,2,perf-segmentation_only-r010-20260818T025847Z,loan_to_credit,1,100,200,16.014200,
segmentation_only,10,2,perf-segmentation_only-r010-20260818T025847Z,loan_to_credit,1,101,200,16.201400,
segmentation_only,10,2,perf-segmentation_only-r010-20260818T025847Z,loan_to_credit,1,102,200,16.119300,
segmentation_only,10,2,perf-segmentation_only-r010-20260818T025847Z,loan_to_credit,1,103,200,15.467900,
segmentation_only,10,2,perf-segmentation_only-r010-20260818T025847Z,loan_to_credit,1,104,200,16.186800,
segmentation_only,10,2,perf-segmentation_only-r010-20260818T025847Z,loan_to_credit,1,105,200,15.823300,
segmentation_only,10,2,perf-segmentation_only-r010-20260818T025847Z,loan_to_credit,1,106,200,15.907800,
segmentation_only,10,2,perf-segmentation_only-r010-20260818T025847Z,loan_to_credit,1,107,200,16.354200,
segmentation_only,10,2,perf-segmentation_only-r010-20260818T025847Z,loan_to_credit,1,108,200,15.915300,
segmentation_only,10,2,perf-segmentation_only-r010-20260818T025847Z,loan_to_credit,1,109,200,15.979800,
segmentation_only,10,2,perf-segmentation_only-r010-20260818T025847Z,loan_to_credit,1,110,200,17.738000,
segmentation_only,10,2,perf-segmentation_only-r010-20260818T025847Z,loan_to_credit,1,111,200,16.151700,
segmentation_only,10,2,perf-segmentation_only-r010-20260818T025847Z,loan_to_credit,1,112,200,16.106700,
segmentation_only,10,2,perf-segmentation_only-r010-20260818T025847Z,loan_to_credit,1,113,200,15.934400,
segmentation_only,10,2,perf-segmentation_only-r010-20260818T025847Z,loan_to_credit,1,114,200,15.896600,
segmentation_only,10,2,perf-segmentation_only-r010-20260818T025847Z,loan_to_credit,1,115,200,16.005500,
segmentation_only,10,2,perf-segmentation_only-r010-20260818T025847Z,loan_to_credit,1,116,200,17.530800,
segmentation_only,10,2,perf-segmentation_only-r010-20260818T025847Z,loan_to_credit,1,117,200,16.311400,
segmentation_only,10,2,perf-segmentation_only-r010-20260818T025847Z,loan_to_credit,1,118,200,16.131100,
segmentation_only,10,2,perf-segmentation_only-r010-20260818T025847Z,loan_to_credit,1,119,200,16.128400,
segmentation_only,10,2,perf-segmentation_only-r010-20260818T025847Z,loan_to_credit,1,120,200,17.999300,
segmentation_only,10,2,perf-segmentation_only-r010-20260818T025847Z,loan_to_credit,1,121,200,15.565800,
segmentation_only,10,2,perf-segmentation_only-r010-20260818T025847Z,loan_to_credit,1,122,200,16.097200,
segmentation_only,10,2,perf-segmentation_only-r010-20260818T025847Z,loan_to_credit,1,123,200,15.918200,
segmentation_only,10,2,perf-segmentation_only-r010-20260818T025847Z,loan_to_credit,1,124,200,15.258700,
segmentation_only,10,2,perf-segmentation_only-r010-20260818T025847Z,loan_to_credit,1,125,200,15.790500,
segmentation_only,10,2,perf-segmentation_only-r010-20260818T025847Z,loan_to_credit,1,126,200,15.737500,
segmentation_only,10,2,perf-segmentation_only-r010-20260818T025847Z,loan_to_credit,1,127,200,15.294300,
segmentation_only,10,2,perf-segmentation_only-r010-20260818T025847Z,loan_to_credit,1,128,200,16.316400,
segmentation_only,10,2,perf-segmentation_only-r010-20260818T025847Z,loan_to_credit,1,129,200,16.868000,
segmentation_only,10,2,perf-segmentation_only-r010-20260818T025847Z,loan_to_credit,1,130,200,15.696700,
segmentation_only,10,2,perf-segmentation_only-r010-20260818T025847Z,loan_to_credit,1,131,200,16.237200,
segmentation_only,10,2,perf-segmentation_only-r010-20260818T025847Z,loan_to_credit,1,132,200,16.843000,
segmentation_only,10,2,perf-segmentation_only-r010-20260818T025847Z,loan_to_credit,1,133,200,15.664300,
segmentation_only,10,2,perf-segmentation_only-r010-20260818T025847Z,loan_to_credit,1,134,200,15.954500,
segmentation_only,10,2,perf-segmentation_only-r010-20260818T025847Z,loan_to_credit,1,135,200,16.166000,
segmentation_only,10,2,perf-segmentation_only-r010-20260818T025847Z,loan_to_credit,1,136,200,15.785900,
segmentation_only,10,2,perf-segmentation_only-r010-20260818T025847Z,loan_to_credit,1,137,200,16.353400,
segmentation_only,10,2,perf-segmentation_only-r010-20260818T025847Z,loan_to_credit,1,138,200,16.234000,
segmentation_only,10,2,perf-segmentation_only-r010-20260818T025847Z,loan_to_credit,1,139,200,15.368400,
segmentation_only,10,2,perf-segmentation_only-r010-20260818T025847Z,loan_to_credit,1,140,200,16.145900,
segmentation_only,10,2,perf-segmentation_only-r010-20260818T025847Z,loan_to_credit,1,141,200,16.181500,
segmentation_only,10,2,perf-segmentation_only-r010-20260818T025847Z,loan_to_credit,1,142,200,15.569200,
segmentation_only,10,2,perf-segmentation_only-r010-20260818T025847Z,loan_to_credit,1,143,200,16.197300,
segmentation_only,10,2,perf-segmentation_only-r010-20260818T025847Z,loan_to_credit,1,144,200,15.960100,
segmentation_only,10,2,perf-segmentation_only-r010-20260818T025847Z,loan_to_credit,1,145,200,16.069800,
segmentation_only,10,2,perf-segmentation_only-r010-20260818T025847Z,loan_to_credit,1,146,200,15.739000,
segmentation_only,10,2,perf-segmentation_only-r010-20260818T025847Z,loan_to_credit,1,147,200,15.000100,
segmentation_only,10,2,perf-segmentation_only-r010-20260818T025847Z,loan_to_credit,1,148,200,14.732700,
segmentation_only,10,2,perf-segmentation_only-r010-20260818T025847Z,loan_to_credit,1,149,200,15.184900,
segmentation_only,10,2,perf-segmentation_only-r010-20260818T025847Z,loan_to_credit,1,150,200,15.570700,
segmentation_only,10,2,perf-segmentation_only-r010-20260818T025847Z,loan_to_credit,1,151,200,15.597800,
segmentation_only,10,2,perf-segmentation_only-r010-20260818T025847Z,loan_to_credit,1,152,200,15.700700,
segmentation_only,10,2,perf-segmentation_only-r010-20260818T025847Z,loan_to_credit,1,153,200,15.170500,
segmentation_only,10,2,perf-segmentation_only-r010-20260818T025847Z,loan_to_credit,1,154,200,15.661600,
segmentation_only,10,2,perf-segmentation_only-r010-20260818T025847Z,loan_to_credit,1,155,200,16.201000,
segmentation_only,10,2,perf-segmentation_only-r010-20260818T025847Z,loan_to_credit,1,156,200,16.041600,
segmentation_only,10,2,perf-segmentation_only-r010-20260818T025847Z,loan_to_credit,1,157,200,15.025500,
segmentation_only,10,2,perf-segmentation_only-r010-20260818T025847Z,loan_to_credit,1,158,200,17.234500,
segmentation_only,10,2,perf-segmentation_only-r010-20260818T025847Z,loan_to_credit,1,159,200,15.891500,
segmentation_only,10,2,perf-segmentation_only-r010-20260818T025847Z,loan_to_credit,1,160,200,15.889900,
segmentation_only,10,2,perf-segmentation_only-r010-20260818T025847Z,loan_to_credit,1,161,200,17.364900,
segmentation_only,10,2,perf-segmentation_only-r010-20260818T025847Z,loan_to_credit,1,162,200,16.565000,
segmentation_only,10,2,perf-segmentation_only-r010-20260818T025847Z,loan_to_credit,1,163,200,17.044800,
segmentation_only,10,2,perf-segmentation_only-r010-20260818T025847Z,loan_to_credit,1,164,200,15.707200,
segmentation_only,10,2,perf-segmentation_only-r010-20260818T025847Z,loan_to_credit,1,165,200,16.219400,
segmentation_only,10,2,perf-segmentation_only-r010-20260818T025847Z,loan_to_credit,1,166,200,16.831900,
segmentation_only,10,2,perf-segmentation_only-r010-20260818T025847Z,loan_to_credit,1,167,200,16.368200,
segmentation_only,10,2,perf-segmentation_only-r010-20260818T025847Z,loan_to_credit,1,168,200,16.492300,
segmentation_only,10,2,perf-segmentation_only-r010-20260818T025847Z,loan_to_credit,1,169,200,16.225300,
segmentation_only,10,2,perf-segmentation_only-r010-20260818T025847Z,loan_to_credit,1,170,200,17.592300,
segmentation_only,10,2,perf-segmentation_only-r010-20260818T025847Z,loan_to_credit,1,171,200,16.321800,
segmentation_only,10,2,perf-segmentation_only-r010-20260818T025847Z,loan_to_credit,1,172,200,16.112700,
segmentation_only,10,2,perf-segmentation_only-r010-20260818T025847Z,loan_to_credit,1,173,200,15.851200,
segmentation_only,10,2,perf-segmentation_only-r010-20260818T025847Z,loan_to_credit,1,174,200,16.952300,
segmentation_only,10,2,perf-segmentation_only-r010-20260818T025847Z,loan_to_credit,1,175,200,16.075300,
segmentation_only,10,2,perf-segmentation_only-r010-20260818T025847Z,loan_to_credit,1,176,200,15.801400,
segmentation_only,10,2,perf-segmentation_only-r010-20260818T025847Z,loan_to_credit,1,177,200,16.242100,
segmentation_only,10,2,perf-segmentation_only-r010-20260818T025847Z,loan_to_credit,1,178,200,17.052800,
segmentation_only,10,2,perf-segmentation_only-r010-20260818T025847Z,loan_to_credit,1,179,200,16.859600,
segmentation_only,10,2,perf-segmentation_only-r010-20260818T025847Z,loan_to_credit,1,180,200,18.953300,
segmentation_only,10,2,perf-segmentation_only-r010-20260818T025847Z,loan_to_credit,1,181,200,17.307600,
segmentation_only,10,2,perf-segmentation_only-r010-20260818T025847Z,loan_to_credit,1,182,200,20.113900,
segmentation_only,10,2,perf-segmentation_only-r010-20260818T025847Z,loan_to_credit,1,183,200,18.360300,
segmentation_only,10,2,perf-segmentation_only-r010-20260818T025847Z,loan_to_credit,1,184,200,16.980300,
segmentation_only,10,2,perf-segmentation_only-r010-20260818T025847Z,loan_to_credit,1,185,200,16.947100,
segmentation_only,10,2,perf-segmentation_only-r010-20260818T025847Z,loan_to_credit,1,186,200,16.312900,
segmentation_only,10,2,perf-segmentation_only-r010-20260818T025847Z,loan_to_credit,1,187,200,15.834300,
segmentation_only,10,2,perf-segmentation_only-r010-20260818T025847Z,loan_to_credit,1,188,200,16.276700,
segmentation_only,10,2,perf-segmentation_only-r010-20260818T025847Z,loan_to_credit,1,189,200,15.493600,
segmentation_only,10,2,perf-segmentation_only-r010-20260818T025847Z,loan_to_credit,1,190,200,15.860400,
segmentation_only,10,2,perf-segmentation_only-r010-20260818T025847Z,loan_to_credit,1,191,200,16.092400,
segmentation_only,10,2,perf-segmentation_only-r010-20260818T025847Z,loan_to_credit,1,192,200,20.220400,
segmentation_only,10,2,perf-segmentation_only-r010-20260818T025847Z,loan_to_credit,1,193,200,18.463800,
segmentation_only,10,2,perf-segmentation_only-r010-20260818T025847Z,loan_to_credit,1,194,200,18.099500,
segmentation_only,10,2,perf-segmentation_only-r010-20260818T025847Z,loan_to_credit,1,195,200,16.605200,
segmentation_only,10,2,perf-segmentation_only-r010-20260818T025847Z,loan_to_credit,1,196,200,16.795800,
segmentation_only,10,2,perf-segmentation_only-r010-20260818T025847Z,loan_to_credit,1,197,200,15.822100,
segmentation_only,10,2,perf-segmentation_only-r010-20260818T025847Z,loan_to_credit,1,198,200,16.375600,
segmentation_only,10,2,perf-segmentation_only-r010-20260818T025847Z,loan_to_credit,1,199,200,16.607800,
segmentation_only,10,2,perf-segmentation_only-r010-20260818T025847Z,loan_to_credit,1,200,200,16.275800,
segmentation_only,10,2,perf-segmentation_only-r010-20260818T025847Z,loan_to_credit,2,1,200,16.910300,
segmentation_only,10,2,perf-segmentation_only-r010-20260818T025847Z,loan_to_credit,2,2,200,15.579600,
segmentation_only,10,2,perf-segmentation_only-r010-20260818T025847Z,loan_to_credit,2,3,200,15.158000,
segmentation_only,10,2,perf-segmentation_only-r010-20260818T025847Z,loan_to_credit,2,4,200,15.765800,
segmentation_only,10,2,perf-segmentation_only-r010-20260818T025847Z,loan_to_credit,2,5,200,15.837900,
segmentation_only,10,2,perf-segmentation_only-r010-20260818T025847Z,loan_to_credit,2,6,200,16.187100,
segmentation_only,10,2,perf-segmentation_only-r010-20260818T025847Z,loan_to_credit,2,7,200,15.817500,
segmentation_only,10,2,perf-segmentation_only-r010-20260818T025847Z,loan_to_credit,2,8,200,15.978900,
segmentation_only,10,2,perf-segmentation_only-r010-20260818T025847Z,loan_to_credit,2,9,200,15.969500,
segmentation_only,10,2,perf-segmentation_only-r010-20260818T025847Z,loan_to_credit,2,10,200,16.038700,
segmentation_only,10,2,perf-segmentation_only-r010-20260818T025847Z,loan_to_credit,2,11,200,16.106400,
segmentation_only,10,2,perf-segmentation_only-r010-20260818T025847Z,loan_to_credit,2,12,200,16.297600,
segmentation_only,10,2,perf-segmentation_only-r010-20260818T025847Z,loan_to_credit,2,13,200,15.602200,
segmentation_only,10,2,perf-segmentation_only-r010-20260818T025847Z,loan_to_credit,2,14,200,16.685600,
segmentation_only,10,2,perf-segmentation_only-r010-20260818T025847Z,loan_to_credit,2,15,200,15.208000,
segmentation_only,10,2,perf-segmentation_only-r010-20260818T025847Z,loan_to_credit,2,16,200,15.029900,
segmentation_only,10,2,perf-segmentation_only-r010-20260818T025847Z,loan_to_credit,2,17,200,15.193900,
segmentation_only,10,2,perf-segmentation_only-r010-20260818T025847Z,loan_to_credit,2,18,200,15.643600,
segmentation_only,10,2,perf-segmentation_only-r010-20260818T025847Z,loan_to_credit,2,19,200,15.427300,
segmentation_only,10,2,perf-segmentation_only-r010-20260818T025847Z,loan_to_credit,2,20,200,15.605700,
segmentation_only,10,2,perf-segmentation_only-r010-20260818T025847Z,loan_to_credit,2,21,200,14.977400,
segmentation_only,10,2,perf-segmentation_only-r010-20260818T025847Z,loan_to_credit,2,22,200,15.782200,
segmentation_only,10,2,perf-segmentation_only-r010-20260818T025847Z,loan_to_credit,2,23,200,16.431200,
segmentation_only,10,2,perf-segmentation_only-r010-20260818T025847Z,loan_to_credit,2,24,200,15.953300,
segmentation_only,10,2,perf-segmentation_only-r010-20260818T025847Z,loan_to_credit,2,25,200,15.717700,
segmentation_only,10,2,perf-segmentation_only-r010-20260818T025847Z,loan_to_credit,2,26,200,15.855500,
segmentation_only,10,2,perf-segmentation_only-r010-20260818T025847Z,loan_to_credit,2,27,200,14.945000,
segmentation_only,10,2,perf-segmentation_only-r010-20260818T025847Z,loan_to_credit,2,28,200,15.180100,
segmentation_only,10,2,perf-segmentation_only-r010-20260818T025847Z,loan_to_credit,2,29,200,16.276200,
segmentation_only,10,2,perf-segmentation_only-r010-20260818T025847Z,loan_to_credit,2,30,200,15.644900,
segmentation_only,10,2,perf-segmentation_only-r010-20260818T025847Z,loan_to_credit,2,31,200,16.153700,
segmentation_only,10,2,perf-segmentation_only-r010-20260818T025847Z,loan_to_credit,2,32,200,16.144800,
segmentation_only,10,2,perf-segmentation_only-r010-20260818T025847Z,loan_to_credit,2,33,200,15.823300,
segmentation_only,10,2,perf-segmentation_only-r010-20260818T025847Z,loan_to_credit,2,34,200,16.203500,
segmentation_only,10,2,perf-segmentation_only-r010-20260818T025847Z,loan_to_credit,2,35,200,15.390000,
segmentation_only,10,2,perf-segmentation_only-r010-20260818T025847Z,loan_to_credit,2,36,200,16.301000,
segmentation_only,10,2,perf-segmentation_only-r010-20260818T025847Z,loan_to_credit,2,37,200,15.739700,
segmentation_only,10,2,perf-segmentation_only-r010-20260818T025847Z,loan_to_credit,2,38,200,16.077400,
segmentation_only,10,2,perf-segmentation_only-r010-20260818T025847Z,loan_to_credit,2,39,200,16.346700,
segmentation_only,10,2,perf-segmentation_only-r010-20260818T025847Z,loan_to_credit,2,40,200,15.863900,
segmentation_only,10,2,perf-segmentation_only-r010-20260818T025847Z,loan_to_credit,2,41,200,15.978900,
segmentation_only,10,2,perf-segmentation_only-r010-20260818T025847Z,loan_to_credit,2,42,200,17.419100,
segmentation_only,10,2,perf-segmentation_only-r010-20260818T025847Z,loan_to_credit,2,43,200,15.450800,
segmentation_only,10,2,perf-segmentation_only-r010-20260818T025847Z,loan_to_credit,2,44,200,16.479100,
segmentation_only,10,2,perf-segmentation_only-r010-20260818T025847Z,loan_to_credit,2,45,200,16.437900,
segmentation_only,10,2,perf-segmentation_only-r010-20260818T025847Z,loan_to_credit,2,46,200,15.891800,
segmentation_only,10,2,perf-segmentation_only-r010-20260818T025847Z,loan_to_credit,2,47,200,14.823400,
segmentation_only,10,2,perf-segmentation_only-r010-20260818T025847Z,loan_to_credit,2,48,200,15.091000,
segmentation_only,10,2,perf-segmentation_only-r010-20260818T025847Z,loan_to_credit,2,49,200,15.452300,
segmentation_only,10,2,perf-segmentation_only-r010-20260818T025847Z,loan_to_credit,2,50,200,15.594100,
segmentation_only,10,2,perf-segmentation_only-r010-20260818T025847Z,loan_to_credit,2,51,200,15.664400,
segmentation_only,10,2,perf-segmentation_only-r010-20260818T025847Z,loan_to_credit,2,52,200,15.525800,
segmentation_only,10,2,perf-segmentation_only-r010-20260818T025847Z,loan_to_credit,2,53,200,15.765000,
segmentation_only,10,2,perf-segmentation_only-r010-20260818T025847Z,loan_to_credit,2,54,200,16.040000,
segmentation_only,10,2,perf-segmentation_only-r010-20260818T025847Z,loan_to_credit,2,55,200,16.181400,
segmentation_only,10,2,perf-segmentation_only-r010-20260818T025847Z,loan_to_credit,2,56,200,15.841000,
segmentation_only,10,2,perf-segmentation_only-r010-20260818T025847Z,loan_to_credit,2,57,200,15.893900,
segmentation_only,10,2,perf-segmentation_only-r010-20260818T025847Z,loan_to_credit,2,58,200,16.014300,
segmentation_only,10,2,perf-segmentation_only-r010-20260818T025847Z,loan_to_credit,2,59,200,15.861300,
segmentation_only,10,2,perf-segmentation_only-r010-20260818T025847Z,loan_to_credit,2,60,200,14.738600,
segmentation_only,10,2,perf-segmentation_only-r010-20260818T025847Z,loan_to_credit,2,61,200,15.492000,
segmentation_only,10,2,perf-segmentation_only-r010-20260818T025847Z,loan_to_credit,2,62,200,15.763600,
segmentation_only,10,2,perf-segmentation_only-r010-20260818T025847Z,loan_to_credit,2,63,200,16.078600,
segmentation_only,10,2,perf-segmentation_only-r010-20260818T025847Z,loan_to_credit,2,64,200,16.016900,
segmentation_only,10,2,perf-segmentation_only-r010-20260818T025847Z,loan_to_credit,2,65,200,15.947500,
segmentation_only,10,2,perf-segmentation_only-r010-20260818T025847Z,loan_to_credit,2,66,200,15.945500,
segmentation_only,10,2,perf-segmentation_only-r010-20260818T025847Z,loan_to_credit,2,67,200,15.828900,
segmentation_only,10,2,perf-segmentation_only-r010-20260818T025847Z,loan_to_credit,2,68,200,16.200800,
segmentation_only,10,2,perf-segmentation_only-r010-20260818T025847Z,loan_to_credit,2,69,200,15.717100,
segmentation_only,10,2,perf-segmentation_only-r010-20260818T025847Z,loan_to_credit,2,70,200,16.240900,
segmentation_only,10,2,perf-segmentation_only-r010-20260818T025847Z,loan_to_credit,2,71,200,17.317100,
segmentation_only,10,2,perf-segmentation_only-r010-20260818T025847Z,loan_to_credit,2,72,200,18.696800,
segmentation_only,10,2,perf-segmentation_only-r010-20260818T025847Z,loan_to_credit,2,73,200,20.348200,
segmentation_only,10,2,perf-segmentation_only-r010-20260818T025847Z,loan_to_credit,2,74,200,28.297900,
segmentation_only,10,2,perf-segmentation_only-r010-20260818T025847Z,loan_to_credit,2,75,200,19.531400,
segmentation_only,10,2,perf-segmentation_only-r010-20260818T025847Z,loan_to_credit,2,76,200,23.248100,
segmentation_only,10,2,perf-segmentation_only-r010-20260818T025847Z,loan_to_credit,2,77,200,23.159700,
segmentation_only,10,2,perf-segmentation_only-r010-20260818T025847Z,loan_to_credit,2,78,200,19.630600,
segmentation_only,10,2,perf-segmentation_only-r010-20260818T025847Z,loan_to_credit,2,79,200,19.102800,
segmentation_only,10,2,perf-segmentation_only-r010-20260818T025847Z,loan_to_credit,2,80,200,16.623800,
segmentation_only,10,2,perf-segmentation_only-r010-20260818T025847Z,loan_to_credit,2,81,200,15.598100,
segmentation_only,10,2,perf-segmentation_only-r010-20260818T025847Z,loan_to_credit,2,82,200,16.467200,
segmentation_only,10,2,perf-segmentation_only-r010-20260818T025847Z,loan_to_credit,2,83,200,17.221200,
segmentation_only,10,2,perf-segmentation_only-r010-20260818T025847Z,loan_to_credit,2,84,200,19.319000,
segmentation_only,10,2,perf-segmentation_only-r010-20260818T025847Z,loan_to_credit,2,85,200,17.834800,
segmentation_only,10,2,perf-segmentation_only-r010-20260818T025847Z,loan_to_credit,2,86,200,18.368500,
segmentation_only,10,2,perf-segmentation_only-r010-20260818T025847Z,loan_to_credit,2,87,200,17.307200,
segmentation_only,10,2,perf-segmentation_only-r010-20260818T025847Z,loan_to_credit,2,88,200,17.187100,
segmentation_only,10,2,perf-segmentation_only-r010-20260818T025847Z,loan_to_credit,2,89,200,16.811300,
segmentation_only,10,2,perf-segmentation_only-r010-20260818T025847Z,loan_to_credit,2,90,200,17.312500,
segmentation_only,10,2,perf-segmentation_only-r010-20260818T025847Z,loan_to_credit,2,91,200,17.797100,
segmentation_only,10,2,perf-segmentation_only-r010-20260818T025847Z,loan_to_credit,2,92,200,16.911400,
segmentation_only,10,2,perf-segmentation_only-r010-20260818T025847Z,loan_to_credit,2,93,200,15.384800,
segmentation_only,10,2,perf-segmentation_only-r010-20260818T025847Z,loan_to_credit,2,94,200,17.734000,
segmentation_only,10,2,perf-segmentation_only-r010-20260818T025847Z,loan_to_credit,2,95,200,16.591200,
segmentation_only,10,2,perf-segmentation_only-r010-20260818T025847Z,loan_to_credit,2,96,200,16.683600,
segmentation_only,10,2,perf-segmentation_only-r010-20260818T025847Z,loan_to_credit,2,97,200,15.740600,
segmentation_only,10,2,perf-segmentation_only-r010-20260818T025847Z,loan_to_credit,2,98,200,15.950600,
segmentation_only,10,2,perf-segmentation_only-r010-20260818T025847Z,loan_to_credit,2,99,200,16.160700,
segmentation_only,10,2,perf-segmentation_only-r010-20260818T025847Z,loan_to_credit,2,100,200,16.475800,
segmentation_only,10,2,perf-segmentation_only-r010-20260818T025847Z,loan_to_credit,2,101,200,15.283200,
segmentation_only,10,2,perf-segmentation_only-r010-20260818T025847Z,loan_to_credit,2,102,200,16.329000,
segmentation_only,10,2,perf-segmentation_only-r010-20260818T025847Z,loan_to_credit,2,103,200,18.741900,
segmentation_only,10,2,perf-segmentation_only-r010-20260818T025847Z,loan_to_credit,2,104,200,19.270000,
segmentation_only,10,2,perf-segmentation_only-r010-20260818T025847Z,loan_to_credit,2,105,200,17.453600,
segmentation_only,10,2,perf-segmentation_only-r010-20260818T025847Z,loan_to_credit,2,106,200,18.188300,
segmentation_only,10,2,perf-segmentation_only-r010-20260818T025847Z,loan_to_credit,2,107,200,19.229500,
segmentation_only,10,2,perf-segmentation_only-r010-20260818T025847Z,loan_to_credit,2,108,200,17.630600,
segmentation_only,10,2,perf-segmentation_only-r010-20260818T025847Z,loan_to_credit,2,109,200,19.965300,
segmentation_only,10,2,perf-segmentation_only-r010-20260818T025847Z,loan_to_credit,2,110,200,18.215300,
segmentation_only,10,2,perf-segmentation_only-r010-20260818T025847Z,loan_to_credit,2,111,200,16.241200,
segmentation_only,10,2,perf-segmentation_only-r010-20260818T025847Z,loan_to_credit,2,112,200,17.023500,
segmentation_only,10,2,perf-segmentation_only-r010-20260818T025847Z,loan_to_credit,2,113,200,16.955900,
segmentation_only,10,2,perf-segmentation_only-r010-20260818T025847Z,loan_to_credit,2,114,200,17.246300,
segmentation_only,10,2,perf-segmentation_only-r010-20260818T025847Z,loan_to_credit,2,115,200,16.786800,
segmentation_only,10,2,perf-segmentation_only-r010-20260818T025847Z,loan_to_credit,2,116,200,16.571600,
segmentation_only,10,2,perf-segmentation_only-r010-20260818T025847Z,loan_to_credit,2,117,200,15.893500,
segmentation_only,10,2,perf-segmentation_only-r010-20260818T025847Z,loan_to_credit,2,118,200,16.303100,
segmentation_only,10,2,perf-segmentation_only-r010-20260818T025847Z,loan_to_credit,2,119,200,15.539400,
segmentation_only,10,2,perf-segmentation_only-r010-20260818T025847Z,loan_to_credit,2,120,200,16.385800,
segmentation_only,10,2,perf-segmentation_only-r010-20260818T025847Z,loan_to_credit,2,121,200,16.779100,
segmentation_only,10,2,perf-segmentation_only-r010-20260818T025847Z,loan_to_credit,2,122,200,15.969700,
segmentation_only,10,2,perf-segmentation_only-r010-20260818T025847Z,loan_to_credit,2,123,200,15.647800,
segmentation_only,10,2,perf-segmentation_only-r010-20260818T025847Z,loan_to_credit,2,124,200,16.371000,
segmentation_only,10,2,perf-segmentation_only-r010-20260818T025847Z,loan_to_credit,2,125,200,15.948400,
segmentation_only,10,2,perf-segmentation_only-r010-20260818T025847Z,loan_to_credit,2,126,200,15.914400,
segmentation_only,10,2,perf-segmentation_only-r010-20260818T025847Z,loan_to_credit,2,127,200,16.047500,
segmentation_only,10,2,perf-segmentation_only-r010-20260818T025847Z,loan_to_credit,2,128,200,15.735900,
segmentation_only,10,2,perf-segmentation_only-r010-20260818T025847Z,loan_to_credit,2,129,200,15.851000,
segmentation_only,10,2,perf-segmentation_only-r010-20260818T025847Z,loan_to_credit,2,130,200,15.240700,
segmentation_only,10,2,perf-segmentation_only-r010-20260818T025847Z,loan_to_credit,2,131,200,16.245100,
segmentation_only,10,2,perf-segmentation_only-r010-20260818T025847Z,loan_to_credit,2,132,200,15.504500,
segmentation_only,10,2,perf-segmentation_only-r010-20260818T025847Z,loan_to_credit,2,133,200,16.447100,
segmentation_only,10,2,perf-segmentation_only-r010-20260818T025847Z,loan_to_credit,2,134,200,15.680500,
segmentation_only,10,2,perf-segmentation_only-r010-20260818T025847Z,loan_to_credit,2,135,200,17.196200,
segmentation_only,10,2,perf-segmentation_only-r010-20260818T025847Z,loan_to_credit,2,136,200,18.144100,
segmentation_only,10,2,perf-segmentation_only-r010-20260818T025847Z,loan_to_credit,2,137,200,16.564700,
segmentation_only,10,2,perf-segmentation_only-r010-20260818T025847Z,loan_to_credit,2,138,200,15.880200,
segmentation_only,10,2,perf-segmentation_only-r010-20260818T025847Z,loan_to_credit,2,139,200,16.212000,
segmentation_only,10,2,perf-segmentation_only-r010-20260818T025847Z,loan_to_credit,2,140,200,15.627800,
segmentation_only,10,2,perf-segmentation_only-r010-20260818T025847Z,loan_to_credit,2,141,200,16.277500,
segmentation_only,10,2,perf-segmentation_only-r010-20260818T025847Z,loan_to_credit,2,142,200,15.771500,
segmentation_only,10,2,perf-segmentation_only-r010-20260818T025847Z,loan_to_credit,2,143,200,16.325200,
segmentation_only,10,2,perf-segmentation_only-r010-20260818T025847Z,loan_to_credit,2,144,200,15.752200,
segmentation_only,10,2,perf-segmentation_only-r010-20260818T025847Z,loan_to_credit,2,145,200,15.970100,
segmentation_only,10,2,perf-segmentation_only-r010-20260818T025847Z,loan_to_credit,2,146,200,16.127800,
segmentation_only,10,2,perf-segmentation_only-r010-20260818T025847Z,loan_to_credit,2,147,200,16.064900,
segmentation_only,10,2,perf-segmentation_only-r010-20260818T025847Z,loan_to_credit,2,148,200,16.767400,
segmentation_only,10,2,perf-segmentation_only-r010-20260818T025847Z,loan_to_credit,2,149,200,15.878600,
segmentation_only,10,2,perf-segmentation_only-r010-20260818T025847Z,loan_to_credit,2,150,200,16.411600,
segmentation_only,10,2,perf-segmentation_only-r010-20260818T025847Z,loan_to_credit,2,151,200,15.451800,
segmentation_only,10,2,perf-segmentation_only-r010-20260818T025847Z,loan_to_credit,2,152,200,17.172300,
segmentation_only,10,2,perf-segmentation_only-r010-20260818T025847Z,loan_to_credit,2,153,200,16.133000,
segmentation_only,10,2,perf-segmentation_only-r010-20260818T025847Z,loan_to_credit,2,154,200,16.072100,
segmentation_only,10,2,perf-segmentation_only-r010-20260818T025847Z,loan_to_credit,2,155,200,16.099900,
segmentation_only,10,2,perf-segmentation_only-r010-20260818T025847Z,loan_to_credit,2,156,200,15.734600,
segmentation_only,10,2,perf-segmentation_only-r010-20260818T025847Z,loan_to_credit,2,157,200,16.057000,
segmentation_only,10,2,perf-segmentation_only-r010-20260818T025847Z,loan_to_credit,2,158,200,16.812500,
segmentation_only,10,2,perf-segmentation_only-r010-20260818T025847Z,loan_to_credit,2,159,200,15.929100,
segmentation_only,10,2,perf-segmentation_only-r010-20260818T025847Z,loan_to_credit,2,160,200,15.820900,
segmentation_only,10,2,perf-segmentation_only-r010-20260818T025847Z,loan_to_credit,2,161,200,15.982500,
segmentation_only,10,2,perf-segmentation_only-r010-20260818T025847Z,loan_to_credit,2,162,200,17.107200,
segmentation_only,10,2,perf-segmentation_only-r010-20260818T025847Z,loan_to_credit,2,163,200,15.619200,
segmentation_only,10,2,perf-segmentation_only-r010-20260818T025847Z,loan_to_credit,2,164,200,16.786100,
segmentation_only,10,2,perf-segmentation_only-r010-20260818T025847Z,loan_to_credit,2,165,200,15.903700,
segmentation_only,10,2,perf-segmentation_only-r010-20260818T025847Z,loan_to_credit,2,166,200,17.238800,
segmentation_only,10,2,perf-segmentation_only-r010-20260818T025847Z,loan_to_credit,2,167,200,16.438200,
segmentation_only,10,2,perf-segmentation_only-r010-20260818T025847Z,loan_to_credit,2,168,200,16.943100,
segmentation_only,10,2,perf-segmentation_only-r010-20260818T025847Z,loan_to_credit,2,169,200,15.856300,
segmentation_only,10,2,perf-segmentation_only-r010-20260818T025847Z,loan_to_credit,2,170,200,16.123800,
segmentation_only,10,2,perf-segmentation_only-r010-20260818T025847Z,loan_to_credit,2,171,200,15.740900,
segmentation_only,10,2,perf-segmentation_only-r010-20260818T025847Z,loan_to_credit,2,172,200,16.026100,
segmentation_only,10,2,perf-segmentation_only-r010-20260818T025847Z,loan_to_credit,2,173,200,16.106700,
segmentation_only,10,2,perf-segmentation_only-r010-20260818T025847Z,loan_to_credit,2,174,200,16.071300,
segmentation_only,10,2,perf-segmentation_only-r010-20260818T025847Z,loan_to_credit,2,175,200,15.947400,
segmentation_only,10,2,perf-segmentation_only-r010-20260818T025847Z,loan_to_credit,2,176,200,15.853400,
segmentation_only,10,2,perf-segmentation_only-r010-20260818T025847Z,loan_to_credit,2,177,200,16.980000,
segmentation_only,10,2,perf-segmentation_only-r010-20260818T025847Z,loan_to_credit,2,178,200,16.328400,
segmentation_only,10,2,perf-segmentation_only-r010-20260818T025847Z,loan_to_credit,2,179,200,16.892300,
segmentation_only,10,2,perf-segmentation_only-r010-20260818T025847Z,loan_to_credit,2,180,200,17.515000,
segmentation_only,10,2,perf-segmentation_only-r010-20260818T025847Z,loan_to_credit,2,181,200,16.593400,
segmentation_only,10,2,perf-segmentation_only-r010-20260818T025847Z,loan_to_credit,2,182,200,16.578800,
segmentation_only,10,2,perf-segmentation_only-r010-20260818T025847Z,loan_to_credit,2,183,200,16.246500,
segmentation_only,10,2,perf-segmentation_only-r010-20260818T025847Z,loan_to_credit,2,184,200,16.928300,
segmentation_only,10,2,perf-segmentation_only-r010-20260818T025847Z,loan_to_credit,2,185,200,15.596700,
segmentation_only,10,2,perf-segmentation_only-r010-20260818T025847Z,loan_to_credit,2,186,200,15.128600,
segmentation_only,10,2,perf-segmentation_only-r010-20260818T025847Z,loan_to_credit,2,187,200,15.649800,
segmentation_only,10,2,perf-segmentation_only-r010-20260818T025847Z,loan_to_credit,2,188,200,16.431600,
segmentation_only,10,2,perf-segmentation_only-r010-20260818T025847Z,loan_to_credit,2,189,200,14.684400,
segmentation_only,10,2,perf-segmentation_only-r010-20260818T025847Z,loan_to_credit,2,190,200,17.545000,
segmentation_only,10,2,perf-segmentation_only-r010-20260818T025847Z,loan_to_credit,2,191,200,16.960200,
segmentation_only,10,2,perf-segmentation_only-r010-20260818T025847Z,loan_to_credit,2,192,200,15.986800,
segmentation_only,10,2,perf-segmentation_only-r010-20260818T025847Z,loan_to_credit,2,193,200,17.505600,
segmentation_only,10,2,perf-segmentation_only-r010-20260818T025847Z,loan_to_credit,2,194,200,16.319300,
segmentation_only,10,2,perf-segmentation_only-r010-20260818T025847Z,loan_to_credit,2,195,200,15.996100,
segmentation_only,10,2,perf-segmentation_only-r010-20260818T025847Z,loan_to_credit,2,196,200,17.366400,
segmentation_only,10,2,perf-segmentation_only-r010-20260818T025847Z,loan_to_credit,2,197,200,17.510100,
segmentation_only,10,2,perf-segmentation_only-r010-20260818T025847Z,loan_to_credit,2,198,200,23.075400,
segmentation_only,10,2,perf-segmentation_only-r010-20260818T025847Z,loan_to_credit,2,199,200,19.145800,
segmentation_only,10,2,perf-segmentation_only-r010-20260818T025847Z,loan_to_credit,2,200,200,20.187500,
segmentation_only,10,2,perf-segmentation_only-r010-20260818T025847Z,loan_to_credit,3,1,200,20.121100,
segmentation_only,10,2,perf-segmentation_only-r010-20260818T025847Z,loan_to_credit,3,2,200,19.492200,
segmentation_only,10,2,perf-segmentation_only-r010-20260818T025847Z,loan_to_credit,3,3,200,18.435200,
segmentation_only,10,2,perf-segmentation_only-r010-20260818T025847Z,loan_to_credit,3,4,200,16.778200,
segmentation_only,10,2,perf-segmentation_only-r010-20260818T025847Z,loan_to_credit,3,5,200,17.474500,
segmentation_only,10,2,perf-segmentation_only-r010-20260818T025847Z,loan_to_credit,3,6,200,17.073900,
segmentation_only,10,2,perf-segmentation_only-r010-20260818T025847Z,loan_to_credit,3,7,200,16.445400,
segmentation_only,10,2,perf-segmentation_only-r010-20260818T025847Z,loan_to_credit,3,8,200,17.451500,
segmentation_only,10,2,perf-segmentation_only-r010-20260818T025847Z,loan_to_credit,3,9,200,18.128600,
segmentation_only,10,2,perf-segmentation_only-r010-20260818T025847Z,loan_to_credit,3,10,200,18.595100,
segmentation_only,10,2,perf-segmentation_only-r010-20260818T025847Z,loan_to_credit,3,11,200,18.451200,
segmentation_only,10,2,perf-segmentation_only-r010-20260818T025847Z,loan_to_credit,3,12,200,19.555500,
segmentation_only,10,2,perf-segmentation_only-r010-20260818T025847Z,loan_to_credit,3,13,200,17.862300,
segmentation_only,10,2,perf-segmentation_only-r010-20260818T025847Z,loan_to_credit,3,14,200,17.249500,
segmentation_only,10,2,perf-segmentation_only-r010-20260818T025847Z,loan_to_credit,3,15,200,17.810100,
segmentation_only,10,2,perf-segmentation_only-r010-20260818T025847Z,loan_to_credit,3,16,200,18.342100,
segmentation_only,10,2,perf-segmentation_only-r010-20260818T025847Z,loan_to_credit,3,17,200,18.202000,
segmentation_only,10,2,perf-segmentation_only-r010-20260818T025847Z,loan_to_credit,3,18,200,17.521200,
segmentation_only,10,2,perf-segmentation_only-r010-20260818T025847Z,loan_to_credit,3,19,200,18.199100,
segmentation_only,10,2,perf-segmentation_only-r010-20260818T025847Z,loan_to_credit,3,20,200,17.829800,
segmentation_only,10,2,perf-segmentation_only-r010-20260818T025847Z,loan_to_credit,3,21,200,23.023300,
segmentation_only,10,2,perf-segmentation_only-r010-20260818T025847Z,loan_to_credit,3,22,200,18.754700,
segmentation_only,10,2,perf-segmentation_only-r010-20260818T025847Z,loan_to_credit,3,23,200,18.539100,
segmentation_only,10,2,perf-segmentation_only-r010-20260818T025847Z,loan_to_credit,3,24,200,19.124200,
segmentation_only,10,2,perf-segmentation_only-r010-20260818T025847Z,loan_to_credit,3,25,200,18.679200,
segmentation_only,10,2,perf-segmentation_only-r010-20260818T025847Z,loan_to_credit,3,26,200,19.407400,
segmentation_only,10,2,perf-segmentation_only-r010-20260818T025847Z,loan_to_credit,3,27,200,16.744200,
segmentation_only,10,2,perf-segmentation_only-r010-20260818T025847Z,loan_to_credit,3,28,200,17.190500,
segmentation_only,10,2,perf-segmentation_only-r010-20260818T025847Z,loan_to_credit,3,29,200,16.468700,
segmentation_only,10,2,perf-segmentation_only-r010-20260818T025847Z,loan_to_credit,3,30,200,16.262000,
segmentation_only,10,2,perf-segmentation_only-r010-20260818T025847Z,loan_to_credit,3,31,200,16.529300,
segmentation_only,10,2,perf-segmentation_only-r010-20260818T025847Z,loan_to_credit,3,32,200,16.173400,
segmentation_only,10,2,perf-segmentation_only-r010-20260818T025847Z,loan_to_credit,3,33,200,15.714600,
segmentation_only,10,2,perf-segmentation_only-r010-20260818T025847Z,loan_to_credit,3,34,200,16.889700,
segmentation_only,10,2,perf-segmentation_only-r010-20260818T025847Z,loan_to_credit,3,35,200,16.089600,
segmentation_only,10,2,perf-segmentation_only-r010-20260818T025847Z,loan_to_credit,3,36,200,16.666700,
segmentation_only,10,2,perf-segmentation_only-r010-20260818T025847Z,loan_to_credit,3,37,200,16.626000,
segmentation_only,10,2,perf-segmentation_only-r010-20260818T025847Z,loan_to_credit,3,38,200,15.655600,
segmentation_only,10,2,perf-segmentation_only-r010-20260818T025847Z,loan_to_credit,3,39,200,16.418300,
segmentation_only,10,2,perf-segmentation_only-r010-20260818T025847Z,loan_to_credit,3,40,200,16.727600,
segmentation_only,10,2,perf-segmentation_only-r010-20260818T025847Z,loan_to_credit,3,41,200,15.966100,
segmentation_only,10,2,perf-segmentation_only-r010-20260818T025847Z,loan_to_credit,3,42,200,16.188900,
segmentation_only,10,2,perf-segmentation_only-r010-20260818T025847Z,loan_to_credit,3,43,200,15.842800,
segmentation_only,10,2,perf-segmentation_only-r010-20260818T025847Z,loan_to_credit,3,44,200,15.825900,
segmentation_only,10,2,perf-segmentation_only-r010-20260818T025847Z,loan_to_credit,3,45,200,16.174300,
segmentation_only,10,2,perf-segmentation_only-r010-20260818T025847Z,loan_to_credit,3,46,200,17.040500,
segmentation_only,10,2,perf-segmentation_only-r010-20260818T025847Z,loan_to_credit,3,47,200,16.440700,
segmentation_only,10,2,perf-segmentation_only-r010-20260818T025847Z,loan_to_credit,3,48,200,15.300500,
segmentation_only,10,2,perf-segmentation_only-r010-20260818T025847Z,loan_to_credit,3,49,200,15.884500,
segmentation_only,10,2,perf-segmentation_only-r010-20260818T025847Z,loan_to_credit,3,50,200,15.724200,
segmentation_only,10,2,perf-segmentation_only-r010-20260818T025847Z,loan_to_credit,3,51,200,16.025600,
segmentation_only,10,2,perf-segmentation_only-r010-20260818T025847Z,loan_to_credit,3,52,200,15.946700,
segmentation_only,10,2,perf-segmentation_only-r010-20260818T025847Z,loan_to_credit,3,53,200,16.052000,
segmentation_only,10,2,perf-segmentation_only-r010-20260818T025847Z,loan_to_credit,3,54,200,16.200400,
segmentation_only,10,2,perf-segmentation_only-r010-20260818T025847Z,loan_to_credit,3,55,200,16.869100,
segmentation_only,10,2,perf-segmentation_only-r010-20260818T025847Z,loan_to_credit,3,56,200,16.243300,
segmentation_only,10,2,perf-segmentation_only-r010-20260818T025847Z,loan_to_credit,3,57,200,15.658100,
segmentation_only,10,2,perf-segmentation_only-r010-20260818T025847Z,loan_to_credit,3,58,200,15.952300,
segmentation_only,10,2,perf-segmentation_only-r010-20260818T025847Z,loan_to_credit,3,59,200,16.516500,
segmentation_only,10,2,perf-segmentation_only-r010-20260818T025847Z,loan_to_credit,3,60,200,16.945300,
segmentation_only,10,2,perf-segmentation_only-r010-20260818T025847Z,loan_to_credit,3,61,200,16.917100,
segmentation_only,10,2,perf-segmentation_only-r010-20260818T025847Z,loan_to_credit,3,62,200,15.698700,
segmentation_only,10,2,perf-segmentation_only-r010-20260818T025847Z,loan_to_credit,3,63,200,15.781800,
segmentation_only,10,2,perf-segmentation_only-r010-20260818T025847Z,loan_to_credit,3,64,200,16.116400,
segmentation_only,10,2,perf-segmentation_only-r010-20260818T025847Z,loan_to_credit,3,65,200,15.929500,
segmentation_only,10,2,perf-segmentation_only-r010-20260818T025847Z,loan_to_credit,3,66,200,15.961500,
segmentation_only,10,2,perf-segmentation_only-r010-20260818T025847Z,loan_to_credit,3,67,200,15.921300,
segmentation_only,10,2,perf-segmentation_only-r010-20260818T025847Z,loan_to_credit,3,68,200,16.270300,
segmentation_only,10,2,perf-segmentation_only-r010-20260818T025847Z,loan_to_credit,3,69,200,15.988000,
segmentation_only,10,2,perf-segmentation_only-r010-20260818T025847Z,loan_to_credit,3,70,200,16.044100,
segmentation_only,10,2,perf-segmentation_only-r010-20260818T025847Z,loan_to_credit,3,71,200,16.735300,
segmentation_only,10,2,perf-segmentation_only-r010-20260818T025847Z,loan_to_credit,3,72,200,15.742300,
segmentation_only,10,2,perf-segmentation_only-r010-20260818T025847Z,loan_to_credit,3,73,200,16.402600,
segmentation_only,10,2,perf-segmentation_only-r010-20260818T025847Z,loan_to_credit,3,74,200,15.640300,
segmentation_only,10,2,perf-segmentation_only-r010-20260818T025847Z,loan_to_credit,3,75,200,16.303400,
segmentation_only,10,2,perf-segmentation_only-r010-20260818T025847Z,loan_to_credit,3,76,200,15.546400,
segmentation_only,10,2,perf-segmentation_only-r010-20260818T025847Z,loan_to_credit,3,77,200,16.531200,
segmentation_only,10,2,perf-segmentation_only-r010-20260818T025847Z,loan_to_credit,3,78,200,16.945100,
segmentation_only,10,2,perf-segmentation_only-r010-20260818T025847Z,loan_to_credit,3,79,200,16.154600,
segmentation_only,10,2,perf-segmentation_only-r010-20260818T025847Z,loan_to_credit,3,80,200,14.101500,
segmentation_only,10,2,perf-segmentation_only-r010-20260818T025847Z,loan_to_credit,3,81,200,15.296200,
segmentation_only,10,2,perf-segmentation_only-r010-20260818T025847Z,loan_to_credit,3,82,200,16.887700,
segmentation_only,10,2,perf-segmentation_only-r010-20260818T025847Z,loan_to_credit,3,83,200,16.065200,
segmentation_only,10,2,perf-segmentation_only-r010-20260818T025847Z,loan_to_credit,3,84,200,16.096600,
segmentation_only,10,2,perf-segmentation_only-r010-20260818T025847Z,loan_to_credit,3,85,200,16.853900,
segmentation_only,10,2,perf-segmentation_only-r010-20260818T025847Z,loan_to_credit,3,86,200,16.171300,
segmentation_only,10,2,perf-segmentation_only-r010-20260818T025847Z,loan_to_credit,3,87,200,16.461400,
segmentation_only,10,2,perf-segmentation_only-r010-20260818T025847Z,loan_to_credit,3,88,200,15.713500,
segmentation_only,10,2,perf-segmentation_only-r010-20260818T025847Z,loan_to_credit,3,89,200,15.684300,
segmentation_only,10,2,perf-segmentation_only-r010-20260818T025847Z,loan_to_credit,3,90,200,15.921000,
segmentation_only,10,2,perf-segmentation_only-r010-20260818T025847Z,loan_to_credit,3,91,200,16.012400,
segmentation_only,10,2,perf-segmentation_only-r010-20260818T025847Z,loan_to_credit,3,92,200,16.272300,
segmentation_only,10,2,perf-segmentation_only-r010-20260818T025847Z,loan_to_credit,3,93,200,16.005500,
segmentation_only,10,2,perf-segmentation_only-r010-20260818T025847Z,loan_to_credit,3,94,200,16.856400,
segmentation_only,10,2,perf-segmentation_only-r010-20260818T025847Z,loan_to_credit,3,95,200,15.651500,
segmentation_only,10,2,perf-segmentation_only-r010-20260818T025847Z,loan_to_credit,3,96,200,16.219100,
segmentation_only,10,2,perf-segmentation_only-r010-20260818T025847Z,loan_to_credit,3,97,200,15.665800,
segmentation_only,10,2,perf-segmentation_only-r010-20260818T025847Z,loan_to_credit,3,98,200,16.728200,
segmentation_only,10,2,perf-segmentation_only-r010-20260818T025847Z,loan_to_credit,3,99,200,16.704000,
segmentation_only,10,2,perf-segmentation_only-r010-20260818T025847Z,loan_to_credit,3,100,200,16.697600,
segmentation_only,10,2,perf-segmentation_only-r010-20260818T025847Z,loan_to_credit,3,101,200,15.909900,
segmentation_only,10,2,perf-segmentation_only-r010-20260818T025847Z,loan_to_credit,3,102,200,16.247000,
segmentation_only,10,2,perf-segmentation_only-r010-20260818T025847Z,loan_to_credit,3,103,200,15.965700,
segmentation_only,10,2,perf-segmentation_only-r010-20260818T025847Z,loan_to_credit,3,104,200,15.915500,
segmentation_only,10,2,perf-segmentation_only-r010-20260818T025847Z,loan_to_credit,3,105,200,16.617600,
segmentation_only,10,2,perf-segmentation_only-r010-20260818T025847Z,loan_to_credit,3,106,200,16.170600,
segmentation_only,10,2,perf-segmentation_only-r010-20260818T025847Z,loan_to_credit,3,107,200,16.261100,
segmentation_only,10,2,perf-segmentation_only-r010-20260818T025847Z,loan_to_credit,3,108,200,15.793800,
segmentation_only,10,2,perf-segmentation_only-r010-20260818T025847Z,loan_to_credit,3,109,200,15.678600,
segmentation_only,10,2,perf-segmentation_only-r010-20260818T025847Z,loan_to_credit,3,110,200,15.312300,
segmentation_only,10,2,perf-segmentation_only-r010-20260818T025847Z,loan_to_credit,3,111,200,16.043100,
segmentation_only,10,2,perf-segmentation_only-r010-20260818T025847Z,loan_to_credit,3,112,200,15.618000,
segmentation_only,10,2,perf-segmentation_only-r010-20260818T025847Z,loan_to_credit,3,113,200,15.140500,
segmentation_only,10,2,perf-segmentation_only-r010-20260818T025847Z,loan_to_credit,3,114,200,16.155000,
segmentation_only,10,2,perf-segmentation_only-r010-20260818T025847Z,loan_to_credit,3,115,200,15.825900,
segmentation_only,10,2,perf-segmentation_only-r010-20260818T025847Z,loan_to_credit,3,116,200,16.378100,
segmentation_only,10,2,perf-segmentation_only-r010-20260818T025847Z,loan_to_credit,3,117,200,16.076700,
segmentation_only,10,2,perf-segmentation_only-r010-20260818T025847Z,loan_to_credit,3,118,200,18.675400,
segmentation_only,10,2,perf-segmentation_only-r010-20260818T025847Z,loan_to_credit,3,119,200,15.663500,
segmentation_only,10,2,perf-segmentation_only-r010-20260818T025847Z,loan_to_credit,3,120,200,16.328800,
segmentation_only,10,2,perf-segmentation_only-r010-20260818T025847Z,loan_to_credit,3,121,200,15.737800,
segmentation_only,10,2,perf-segmentation_only-r010-20260818T025847Z,loan_to_credit,3,122,200,16.210400,
segmentation_only,10,2,perf-segmentation_only-r010-20260818T025847Z,loan_to_credit,3,123,200,15.850400,
segmentation_only,10,2,perf-segmentation_only-r010-20260818T025847Z,loan_to_credit,3,124,200,15.908000,
segmentation_only,10,2,perf-segmentation_only-r010-20260818T025847Z,loan_to_credit,3,125,200,15.820500,
segmentation_only,10,2,perf-segmentation_only-r010-20260818T025847Z,loan_to_credit,3,126,200,15.986000,
segmentation_only,10,2,perf-segmentation_only-r010-20260818T025847Z,loan_to_credit,3,127,200,16.635700,
segmentation_only,10,2,perf-segmentation_only-r010-20260818T025847Z,loan_to_credit,3,128,200,16.773200,
segmentation_only,10,2,perf-segmentation_only-r010-20260818T025847Z,loan_to_credit,3,129,200,15.747700,
segmentation_only,10,2,perf-segmentation_only-r010-20260818T025847Z,loan_to_credit,3,130,200,15.962000,
segmentation_only,10,2,perf-segmentation_only-r010-20260818T025847Z,loan_to_credit,3,131,200,16.033900,
segmentation_only,10,2,perf-segmentation_only-r010-20260818T025847Z,loan_to_credit,3,132,200,15.989300,
segmentation_only,10,2,perf-segmentation_only-r010-20260818T025847Z,loan_to_credit,3,133,200,16.537800,
segmentation_only,10,2,perf-segmentation_only-r010-20260818T025847Z,loan_to_credit,3,134,200,16.465200,
segmentation_only,10,2,perf-segmentation_only-r010-20260818T025847Z,loan_to_credit,3,135,200,15.831300,
segmentation_only,10,2,perf-segmentation_only-r010-20260818T025847Z,loan_to_credit,3,136,200,17.322000,
segmentation_only,10,2,perf-segmentation_only-r010-20260818T025847Z,loan_to_credit,3,137,200,16.825600,
segmentation_only,10,2,perf-segmentation_only-r010-20260818T025847Z,loan_to_credit,3,138,200,16.042200,
segmentation_only,10,2,perf-segmentation_only-r010-20260818T025847Z,loan_to_credit,3,139,200,17.443900,
segmentation_only,10,2,perf-segmentation_only-r010-20260818T025847Z,loan_to_credit,3,140,200,18.569700,
segmentation_only,10,2,perf-segmentation_only-r010-20260818T025847Z,loan_to_credit,3,141,200,17.344400,
segmentation_only,10,2,perf-segmentation_only-r010-20260818T025847Z,loan_to_credit,3,142,200,16.253700,
segmentation_only,10,2,perf-segmentation_only-r010-20260818T025847Z,loan_to_credit,3,143,200,15.518300,
segmentation_only,10,2,perf-segmentation_only-r010-20260818T025847Z,loan_to_credit,3,144,200,16.570200,
segmentation_only,10,2,perf-segmentation_only-r010-20260818T025847Z,loan_to_credit,3,145,200,15.926200,
segmentation_only,10,2,perf-segmentation_only-r010-20260818T025847Z,loan_to_credit,3,146,200,15.971900,
segmentation_only,10,2,perf-segmentation_only-r010-20260818T025847Z,loan_to_credit,3,147,200,16.444200,
segmentation_only,10,2,perf-segmentation_only-r010-20260818T025847Z,loan_to_credit,3,148,200,16.751900,
segmentation_only,10,2,perf-segmentation_only-r010-20260818T025847Z,loan_to_credit,3,149,200,17.571700,
segmentation_only,10,2,perf-segmentation_only-r010-20260818T025847Z,loan_to_credit,3,150,200,16.299200,
segmentation_only,10,2,perf-segmentation_only-r010-20260818T025847Z,loan_to_credit,3,151,200,15.836400,
segmentation_only,10,2,perf-segmentation_only-r010-20260818T025847Z,loan_to_credit,3,152,200,16.297500,
segmentation_only,10,2,perf-segmentation_only-r010-20260818T025847Z,loan_to_credit,3,153,200,15.512300,
segmentation_only,10,2,perf-segmentation_only-r010-20260818T025847Z,loan_to_credit,3,154,200,16.554500,
segmentation_only,10,2,perf-segmentation_only-r010-20260818T025847Z,loan_to_credit,3,155,200,16.384500,
segmentation_only,10,2,perf-segmentation_only-r010-20260818T025847Z,loan_to_credit,3,156,200,16.070600,
segmentation_only,10,2,perf-segmentation_only-r010-20260818T025847Z,loan_to_credit,3,157,200,16.780000,
segmentation_only,10,2,perf-segmentation_only-r010-20260818T025847Z,loan_to_credit,3,158,200,16.293500,
segmentation_only,10,2,perf-segmentation_only-r010-20260818T025847Z,loan_to_credit,3,159,200,16.107500,
segmentation_only,10,2,perf-segmentation_only-r010-20260818T025847Z,loan_to_credit,3,160,200,15.951700,
segmentation_only,10,2,perf-segmentation_only-r010-20260818T025847Z,loan_to_credit,3,161,200,15.738100,
segmentation_only,10,2,perf-segmentation_only-r010-20260818T025847Z,loan_to_credit,3,162,200,14.885400,
segmentation_only,10,2,perf-segmentation_only-r010-20260818T025847Z,loan_to_credit,3,163,200,14.770900,
segmentation_only,10,2,perf-segmentation_only-r010-20260818T025847Z,loan_to_credit,3,164,200,15.812400,
segmentation_only,10,2,perf-segmentation_only-r010-20260818T025847Z,loan_to_credit,3,165,200,15.600100,
segmentation_only,10,2,perf-segmentation_only-r010-20260818T025847Z,loan_to_credit,3,166,200,17.656700,
segmentation_only,10,2,perf-segmentation_only-r010-20260818T025847Z,loan_to_credit,3,167,200,16.496900,
segmentation_only,10,2,perf-segmentation_only-r010-20260818T025847Z,loan_to_credit,3,168,200,15.803400,
segmentation_only,10,2,perf-segmentation_only-r010-20260818T025847Z,loan_to_credit,3,169,200,15.567800,
segmentation_only,10,2,perf-segmentation_only-r010-20260818T025847Z,loan_to_credit,3,170,200,15.459700,
segmentation_only,10,2,perf-segmentation_only-r010-20260818T025847Z,loan_to_credit,3,171,200,15.746000,
segmentation_only,10,2,perf-segmentation_only-r010-20260818T025847Z,loan_to_credit,3,172,200,16.148000,
segmentation_only,10,2,perf-segmentation_only-r010-20260818T025847Z,loan_to_credit,3,173,200,15.966100,
segmentation_only,10,2,perf-segmentation_only-r010-20260818T025847Z,loan_to_credit,3,174,200,15.666600,
segmentation_only,10,2,perf-segmentation_only-r010-20260818T025847Z,loan_to_credit,3,175,200,16.096000,
segmentation_only,10,2,perf-segmentation_only-r010-20260818T025847Z,loan_to_credit,3,176,200,16.399800,
segmentation_only,10,2,perf-segmentation_only-r010-20260818T025847Z,loan_to_credit,3,177,200,16.305300,
segmentation_only,10,2,perf-segmentation_only-r010-20260818T025847Z,loan_to_credit,3,178,200,16.252900,
segmentation_only,10,2,perf-segmentation_only-r010-20260818T025847Z,loan_to_credit,3,179,200,14.816400,
segmentation_only,10,2,perf-segmentation_only-r010-20260818T025847Z,loan_to_credit,3,180,200,16.785300,
segmentation_only,10,2,perf-segmentation_only-r010-20260818T025847Z,loan_to_credit,3,181,200,19.667600,
segmentation_only,10,2,perf-segmentation_only-r010-20260818T025847Z,loan_to_credit,3,182,200,19.044600,
segmentation_only,10,2,perf-segmentation_only-r010-20260818T025847Z,loan_to_credit,3,183,200,17.840000,
segmentation_only,10,2,perf-segmentation_only-r010-20260818T025847Z,loan_to_credit,3,184,200,16.031300,
segmentation_only,10,2,perf-segmentation_only-r010-20260818T025847Z,loan_to_credit,3,185,200,15.553300,
segmentation_only,10,2,perf-segmentation_only-r010-20260818T025847Z,loan_to_credit,3,186,200,16.260500,
segmentation_only,10,2,perf-segmentation_only-r010-20260818T025847Z,loan_to_credit,3,187,200,15.722300,
segmentation_only,10,2,perf-segmentation_only-r010-20260818T025847Z,loan_to_credit,3,188,200,15.956500,
segmentation_only,10,2,perf-segmentation_only-r010-20260818T025847Z,loan_to_credit,3,189,200,16.014800,
segmentation_only,10,2,perf-segmentation_only-r010-20260818T025847Z,loan_to_credit,3,190,200,16.171200,
segmentation_only,10,2,perf-segmentation_only-r010-20260818T025847Z,loan_to_credit,3,191,200,17.317300,
segmentation_only,10,2,perf-segmentation_only-r010-20260818T025847Z,loan_to_credit,3,192,200,15.942500,
segmentation_only,10,2,perf-segmentation_only-r010-20260818T025847Z,loan_to_credit,3,193,200,16.704300,
segmentation_only,10,2,perf-segmentation_only-r010-20260818T025847Z,loan_to_credit,3,194,200,15.764200,
segmentation_only,10,2,perf-segmentation_only-r010-20260818T025847Z,loan_to_credit,3,195,200,16.437900,
segmentation_only,10,2,perf-segmentation_only-r010-20260818T025847Z,loan_to_credit,3,196,200,16.948600,
segmentation_only,10,2,perf-segmentation_only-r010-20260818T025847Z,loan_to_credit,3,197,200,16.863100,
segmentation_only,10,2,perf-segmentation_only-r010-20260818T025847Z,loan_to_credit,3,198,200,15.887200,
segmentation_only,10,2,perf-segmentation_only-r010-20260818T025847Z,loan_to_credit,3,199,200,16.195100,
segmentation_only,10,2,perf-segmentation_only-r010-20260818T025847Z,loan_to_credit,3,200,200,16.430300,
segmentation_only,10,2,perf-segmentation_only-r010-20260818T025847Z,loan_to_aml,1,1,200,17.175600,
segmentation_only,10,2,perf-segmentation_only-r010-20260818T025847Z,loan_to_aml,1,2,200,15.561300,
segmentation_only,10,2,perf-segmentation_only-r010-20260818T025847Z,loan_to_aml,1,3,200,17.232000,
segmentation_only,10,2,perf-segmentation_only-r010-20260818T025847Z,loan_to_aml,1,4,200,15.520000,
segmentation_only,10,2,perf-segmentation_only-r010-20260818T025847Z,loan_to_aml,1,5,200,16.129700,
segmentation_only,10,2,perf-segmentation_only-r010-20260818T025847Z,loan_to_aml,1,6,200,15.999100,
segmentation_only,10,2,perf-segmentation_only-r010-20260818T025847Z,loan_to_aml,1,7,200,16.327900,
segmentation_only,10,2,perf-segmentation_only-r010-20260818T025847Z,loan_to_aml,1,8,200,15.457400,
segmentation_only,10,2,perf-segmentation_only-r010-20260818T025847Z,loan_to_aml,1,9,200,16.307100,
segmentation_only,10,2,perf-segmentation_only-r010-20260818T025847Z,loan_to_aml,1,10,200,16.069600,
segmentation_only,10,2,perf-segmentation_only-r010-20260818T025847Z,loan_to_aml,1,11,200,15.826800,
segmentation_only,10,2,perf-segmentation_only-r010-20260818T025847Z,loan_to_aml,1,12,200,16.050400,
segmentation_only,10,2,perf-segmentation_only-r010-20260818T025847Z,loan_to_aml,1,13,200,16.417700,
segmentation_only,10,2,perf-segmentation_only-r010-20260818T025847Z,loan_to_aml,1,14,200,16.432900,
segmentation_only,10,2,perf-segmentation_only-r010-20260818T025847Z,loan_to_aml,1,15,200,15.945200,
segmentation_only,10,2,perf-segmentation_only-r010-20260818T025847Z,loan_to_aml,1,16,200,14.337400,
segmentation_only,10,2,perf-segmentation_only-r010-20260818T025847Z,loan_to_aml,1,17,200,17.252800,
segmentation_only,10,2,perf-segmentation_only-r010-20260818T025847Z,loan_to_aml,1,18,200,16.475700,
segmentation_only,10,2,perf-segmentation_only-r010-20260818T025847Z,loan_to_aml,1,19,200,15.463500,
segmentation_only,10,2,perf-segmentation_only-r010-20260818T025847Z,loan_to_aml,1,20,200,16.741100,
segmentation_only,10,2,perf-segmentation_only-r010-20260818T025847Z,loan_to_aml,1,21,200,17.087600,
segmentation_only,10,2,perf-segmentation_only-r010-20260818T025847Z,loan_to_aml,1,22,200,16.726400,
segmentation_only,10,2,perf-segmentation_only-r010-20260818T025847Z,loan_to_aml,1,23,200,17.072700,
segmentation_only,10,2,perf-segmentation_only-r010-20260818T025847Z,loan_to_aml,1,24,200,17.286900,
segmentation_only,10,2,perf-segmentation_only-r010-20260818T025847Z,loan_to_aml,1,25,200,16.832100,
segmentation_only,10,2,perf-segmentation_only-r010-20260818T025847Z,loan_to_aml,1,26,200,15.442300,
segmentation_only,10,2,perf-segmentation_only-r010-20260818T025847Z,loan_to_aml,1,27,200,16.116600,
segmentation_only,10,2,perf-segmentation_only-r010-20260818T025847Z,loan_to_aml,1,28,200,15.524100,
segmentation_only,10,2,perf-segmentation_only-r010-20260818T025847Z,loan_to_aml,1,29,200,16.108600,
segmentation_only,10,2,perf-segmentation_only-r010-20260818T025847Z,loan_to_aml,1,30,200,16.296400,
segmentation_only,10,2,perf-segmentation_only-r010-20260818T025847Z,loan_to_aml,1,31,200,15.947600,
segmentation_only,10,2,perf-segmentation_only-r010-20260818T025847Z,loan_to_aml,1,32,200,16.443900,
segmentation_only,10,2,perf-segmentation_only-r010-20260818T025847Z,loan_to_aml,1,33,200,16.652100,
segmentation_only,10,2,perf-segmentation_only-r010-20260818T025847Z,loan_to_aml,1,34,200,15.906500,
segmentation_only,10,2,perf-segmentation_only-r010-20260818T025847Z,loan_to_aml,1,35,200,16.047500,
segmentation_only,10,2,perf-segmentation_only-r010-20260818T025847Z,loan_to_aml,1,36,200,15.805400,
segmentation_only,10,2,perf-segmentation_only-r010-20260818T025847Z,loan_to_aml,1,37,200,16.303600,
segmentation_only,10,2,perf-segmentation_only-r010-20260818T025847Z,loan_to_aml,1,38,200,15.627000,
segmentation_only,10,2,perf-segmentation_only-r010-20260818T025847Z,loan_to_aml,1,39,200,15.797900,
segmentation_only,10,2,perf-segmentation_only-r010-20260818T025847Z,loan_to_aml,1,40,200,15.997000,
segmentation_only,10,2,perf-segmentation_only-r010-20260818T025847Z,loan_to_aml,1,41,200,15.854500,
segmentation_only,10,2,perf-segmentation_only-r010-20260818T025847Z,loan_to_aml,1,42,200,15.953000,
segmentation_only,10,2,perf-segmentation_only-r010-20260818T025847Z,loan_to_aml,1,43,200,17.436700,
segmentation_only,10,2,perf-segmentation_only-r010-20260818T025847Z,loan_to_aml,1,44,200,17.408200,
segmentation_only,10,2,perf-segmentation_only-r010-20260818T025847Z,loan_to_aml,1,45,200,16.762800,
segmentation_only,10,2,perf-segmentation_only-r010-20260818T025847Z,loan_to_aml,1,46,200,17.598900,
segmentation_only,10,2,perf-segmentation_only-r010-20260818T025847Z,loan_to_aml,1,47,200,20.377000,
segmentation_only,10,2,perf-segmentation_only-r010-20260818T025847Z,loan_to_aml,1,48,200,17.203500,
segmentation_only,10,2,perf-segmentation_only-r010-20260818T025847Z,loan_to_aml,1,49,200,15.408500,
segmentation_only,10,2,perf-segmentation_only-r010-20260818T025847Z,loan_to_aml,1,50,200,15.772100,
segmentation_only,10,2,perf-segmentation_only-r010-20260818T025847Z,loan_to_aml,1,51,200,16.124600,
segmentation_only,10,2,perf-segmentation_only-r010-20260818T025847Z,loan_to_aml,1,52,200,15.913600,
segmentation_only,10,2,perf-segmentation_only-r010-20260818T025847Z,loan_to_aml,1,53,200,16.046600,
segmentation_only,10,2,perf-segmentation_only-r010-20260818T025847Z,loan_to_aml,1,54,200,16.265000,
segmentation_only,10,2,perf-segmentation_only-r010-20260818T025847Z,loan_to_aml,1,55,200,15.822000,
segmentation_only,10,2,perf-segmentation_only-r010-20260818T025847Z,loan_to_aml,1,56,200,15.799100,
segmentation_only,10,2,perf-segmentation_only-r010-20260818T025847Z,loan_to_aml,1,57,200,16.035900,
segmentation_only,10,2,perf-segmentation_only-r010-20260818T025847Z,loan_to_aml,1,58,200,15.755000,
segmentation_only,10,2,perf-segmentation_only-r010-20260818T025847Z,loan_to_aml,1,59,200,16.367600,
segmentation_only,10,2,perf-segmentation_only-r010-20260818T025847Z,loan_to_aml,1,60,200,15.574600,
segmentation_only,10,2,perf-segmentation_only-r010-20260818T025847Z,loan_to_aml,1,61,200,16.185900,
segmentation_only,10,2,perf-segmentation_only-r010-20260818T025847Z,loan_to_aml,1,62,200,15.768600,
segmentation_only,10,2,perf-segmentation_only-r010-20260818T025847Z,loan_to_aml,1,63,200,16.892000,
segmentation_only,10,2,perf-segmentation_only-r010-20260818T025847Z,loan_to_aml,1,64,200,17.160000,
segmentation_only,10,2,perf-segmentation_only-r010-20260818T025847Z,loan_to_aml,1,65,200,16.766100,
segmentation_only,10,2,perf-segmentation_only-r010-20260818T025847Z,loan_to_aml,1,66,200,16.458700,
segmentation_only,10,2,perf-segmentation_only-r010-20260818T025847Z,loan_to_aml,1,67,200,17.009000,
segmentation_only,10,2,perf-segmentation_only-r010-20260818T025847Z,loan_to_aml,1,68,200,17.004600,
segmentation_only,10,2,perf-segmentation_only-r010-20260818T025847Z,loan_to_aml,1,69,200,17.696700,
segmentation_only,10,2,perf-segmentation_only-r010-20260818T025847Z,loan_to_aml,1,70,200,18.767800,
segmentation_only,10,2,perf-segmentation_only-r010-20260818T025847Z,loan_to_aml,1,71,200,16.813900,
segmentation_only,10,2,perf-segmentation_only-r010-20260818T025847Z,loan_to_aml,1,72,200,17.279300,
segmentation_only,10,2,perf-segmentation_only-r010-20260818T025847Z,loan_to_aml,1,73,200,16.621500,
segmentation_only,10,2,perf-segmentation_only-r010-20260818T025847Z,loan_to_aml,1,74,200,16.820600,
segmentation_only,10,2,perf-segmentation_only-r010-20260818T025847Z,loan_to_aml,1,75,200,15.712400,
segmentation_only,10,2,perf-segmentation_only-r010-20260818T025847Z,loan_to_aml,1,76,200,17.683100,
segmentation_only,10,2,perf-segmentation_only-r010-20260818T025847Z,loan_to_aml,1,77,200,16.037300,
segmentation_only,10,2,perf-segmentation_only-r010-20260818T025847Z,loan_to_aml,1,78,200,16.315700,
segmentation_only,10,2,perf-segmentation_only-r010-20260818T025847Z,loan_to_aml,1,79,200,15.894600,
segmentation_only,10,2,perf-segmentation_only-r010-20260818T025847Z,loan_to_aml,1,80,200,15.815800,
segmentation_only,10,2,perf-segmentation_only-r010-20260818T025847Z,loan_to_aml,1,81,200,15.939200,
segmentation_only,10,2,perf-segmentation_only-r010-20260818T025847Z,loan_to_aml,1,82,200,16.220600,
segmentation_only,10,2,perf-segmentation_only-r010-20260818T025847Z,loan_to_aml,1,83,200,15.394000,
segmentation_only,10,2,perf-segmentation_only-r010-20260818T025847Z,loan_to_aml,1,84,200,17.440900,
segmentation_only,10,2,perf-segmentation_only-r010-20260818T025847Z,loan_to_aml,1,85,200,17.017300,
segmentation_only,10,2,perf-segmentation_only-r010-20260818T025847Z,loan_to_aml,1,86,200,15.802900,
segmentation_only,10,2,perf-segmentation_only-r010-20260818T025847Z,loan_to_aml,1,87,200,16.167300,
segmentation_only,10,2,perf-segmentation_only-r010-20260818T025847Z,loan_to_aml,1,88,200,16.336100,
segmentation_only,10,2,perf-segmentation_only-r010-20260818T025847Z,loan_to_aml,1,89,200,15.824700,
segmentation_only,10,2,perf-segmentation_only-r010-20260818T025847Z,loan_to_aml,1,90,200,16.239100,
segmentation_only,10,2,perf-segmentation_only-r010-20260818T025847Z,loan_to_aml,1,91,200,15.483500,
segmentation_only,10,2,perf-segmentation_only-r010-20260818T025847Z,loan_to_aml,1,92,200,16.356300,
segmentation_only,10,2,perf-segmentation_only-r010-20260818T025847Z,loan_to_aml,1,93,200,15.404500,
segmentation_only,10,2,perf-segmentation_only-r010-20260818T025847Z,loan_to_aml,1,94,200,14.794600,
segmentation_only,10,2,perf-segmentation_only-r010-20260818T025847Z,loan_to_aml,1,95,200,15.274500,
segmentation_only,10,2,perf-segmentation_only-r010-20260818T025847Z,loan_to_aml,1,96,200,14.995100,
segmentation_only,10,2,perf-segmentation_only-r010-20260818T025847Z,loan_to_aml,1,97,200,16.331600,
segmentation_only,10,2,perf-segmentation_only-r010-20260818T025847Z,loan_to_aml,1,98,200,15.416900,
segmentation_only,10,2,perf-segmentation_only-r010-20260818T025847Z,loan_to_aml,1,99,200,16.199900,
segmentation_only,10,2,perf-segmentation_only-r010-20260818T025847Z,loan_to_aml,1,100,200,16.120900,
segmentation_only,10,2,perf-segmentation_only-r010-20260818T025847Z,loan_to_aml,1,101,200,15.987100,
segmentation_only,10,2,perf-segmentation_only-r010-20260818T025847Z,loan_to_aml,1,102,200,16.970600,
segmentation_only,10,2,perf-segmentation_only-r010-20260818T025847Z,loan_to_aml,1,103,200,15.963500,
segmentation_only,10,2,perf-segmentation_only-r010-20260818T025847Z,loan_to_aml,1,104,200,16.022100,
segmentation_only,10,2,perf-segmentation_only-r010-20260818T025847Z,loan_to_aml,1,105,200,15.922100,
segmentation_only,10,2,perf-segmentation_only-r010-20260818T025847Z,loan_to_aml,1,106,200,17.472500,
segmentation_only,10,2,perf-segmentation_only-r010-20260818T025847Z,loan_to_aml,1,107,200,16.410500,
segmentation_only,10,2,perf-segmentation_only-r010-20260818T025847Z,loan_to_aml,1,108,200,15.988100,
segmentation_only,10,2,perf-segmentation_only-r010-20260818T025847Z,loan_to_aml,1,109,200,15.900900,
segmentation_only,10,2,perf-segmentation_only-r010-20260818T025847Z,loan_to_aml,1,110,200,16.198900,
segmentation_only,10,2,perf-segmentation_only-r010-20260818T025847Z,loan_to_aml,1,111,200,16.005100,
segmentation_only,10,2,perf-segmentation_only-r010-20260818T025847Z,loan_to_aml,1,112,200,15.929100,
segmentation_only,10,2,perf-segmentation_only-r010-20260818T025847Z,loan_to_aml,1,113,200,15.494700,
segmentation_only,10,2,perf-segmentation_only-r010-20260818T025847Z,loan_to_aml,1,114,200,16.497400,
segmentation_only,10,2,perf-segmentation_only-r010-20260818T025847Z,loan_to_aml,1,115,200,16.563000,
segmentation_only,10,2,perf-segmentation_only-r010-20260818T025847Z,loan_to_aml,1,116,200,16.383700,
segmentation_only,10,2,perf-segmentation_only-r010-20260818T025847Z,loan_to_aml,1,117,200,15.718500,
segmentation_only,10,2,perf-segmentation_only-r010-20260818T025847Z,loan_to_aml,1,118,200,15.910500,
segmentation_only,10,2,perf-segmentation_only-r010-20260818T025847Z,loan_to_aml,1,119,200,16.286100,
segmentation_only,10,2,perf-segmentation_only-r010-20260818T025847Z,loan_to_aml,1,120,200,15.625900,
segmentation_only,10,2,perf-segmentation_only-r010-20260818T025847Z,loan_to_aml,1,121,200,15.158200,
segmentation_only,10,2,perf-segmentation_only-r010-20260818T025847Z,loan_to_aml,1,122,200,16.113900,
segmentation_only,10,2,perf-segmentation_only-r010-20260818T025847Z,loan_to_aml,1,123,200,15.756200,
segmentation_only,10,2,perf-segmentation_only-r010-20260818T025847Z,loan_to_aml,1,124,200,16.005500,
segmentation_only,10,2,perf-segmentation_only-r010-20260818T025847Z,loan_to_aml,1,125,200,16.144300,
segmentation_only,10,2,perf-segmentation_only-r010-20260818T025847Z,loan_to_aml,1,126,200,15.699800,
segmentation_only,10,2,perf-segmentation_only-r010-20260818T025847Z,loan_to_aml,1,127,200,16.284400,
segmentation_only,10,2,perf-segmentation_only-r010-20260818T025847Z,loan_to_aml,1,128,200,15.878800,
segmentation_only,10,2,perf-segmentation_only-r010-20260818T025847Z,loan_to_aml,1,129,200,15.792100,
segmentation_only,10,2,perf-segmentation_only-r010-20260818T025847Z,loan_to_aml,1,130,200,16.179100,
segmentation_only,10,2,perf-segmentation_only-r010-20260818T025847Z,loan_to_aml,1,131,200,16.039500,
segmentation_only,10,2,perf-segmentation_only-r010-20260818T025847Z,loan_to_aml,1,132,200,16.086000,
segmentation_only,10,2,perf-segmentation_only-r010-20260818T025847Z,loan_to_aml,1,133,200,17.156400,
segmentation_only,10,2,perf-segmentation_only-r010-20260818T025847Z,loan_to_aml,1,134,200,17.382000,
segmentation_only,10,2,perf-segmentation_only-r010-20260818T025847Z,loan_to_aml,1,135,200,16.434100,
segmentation_only,10,2,perf-segmentation_only-r010-20260818T025847Z,loan_to_aml,1,136,200,16.131100,
segmentation_only,10,2,perf-segmentation_only-r010-20260818T025847Z,loan_to_aml,1,137,200,17.423200,
segmentation_only,10,2,perf-segmentation_only-r010-20260818T025847Z,loan_to_aml,1,138,200,16.962500,
segmentation_only,10,2,perf-segmentation_only-r010-20260818T025847Z,loan_to_aml,1,139,200,16.368800,
segmentation_only,10,2,perf-segmentation_only-r010-20260818T025847Z,loan_to_aml,1,140,200,15.991400,
segmentation_only,10,2,perf-segmentation_only-r010-20260818T025847Z,loan_to_aml,1,141,200,15.855000,
segmentation_only,10,2,perf-segmentation_only-r010-20260818T025847Z,loan_to_aml,1,142,200,16.458600,
segmentation_only,10,2,perf-segmentation_only-r010-20260818T025847Z,loan_to_aml,1,143,200,15.061000,
segmentation_only,10,2,perf-segmentation_only-r010-20260818T025847Z,loan_to_aml,1,144,200,15.107700,
segmentation_only,10,2,perf-segmentation_only-r010-20260818T025847Z,loan_to_aml,1,145,200,16.344200,
segmentation_only,10,2,perf-segmentation_only-r010-20260818T025847Z,loan_to_aml,1,146,200,15.894500,
segmentation_only,10,2,perf-segmentation_only-r010-20260818T025847Z,loan_to_aml,1,147,200,17.279000,
segmentation_only,10,2,perf-segmentation_only-r010-20260818T025847Z,loan_to_aml,1,148,200,16.555600,
segmentation_only,10,2,perf-segmentation_only-r010-20260818T025847Z,loan_to_aml,1,149,200,15.993800,
segmentation_only,10,2,perf-segmentation_only-r010-20260818T025847Z,loan_to_aml,1,150,200,16.674800,
segmentation_only,10,2,perf-segmentation_only-r010-20260818T025847Z,loan_to_aml,1,151,200,15.722400,
segmentation_only,10,2,perf-segmentation_only-r010-20260818T025847Z,loan_to_aml,1,152,200,15.825000,
segmentation_only,10,2,perf-segmentation_only-r010-20260818T025847Z,loan_to_aml,1,153,200,16.314500,
segmentation_only,10,2,perf-segmentation_only-r010-20260818T025847Z,loan_to_aml,1,154,200,16.571500,
segmentation_only,10,2,perf-segmentation_only-r010-20260818T025847Z,loan_to_aml,1,155,200,15.747800,
segmentation_only,10,2,perf-segmentation_only-r010-20260818T025847Z,loan_to_aml,1,156,200,16.084300,
segmentation_only,10,2,perf-segmentation_only-r010-20260818T025847Z,loan_to_aml,1,157,200,15.835300,
segmentation_only,10,2,perf-segmentation_only-r010-20260818T025847Z,loan_to_aml,1,158,200,14.791400,
segmentation_only,10,2,perf-segmentation_only-r010-20260818T025847Z,loan_to_aml,1,159,200,16.835100,
segmentation_only,10,2,perf-segmentation_only-r010-20260818T025847Z,loan_to_aml,1,160,200,15.209800,
segmentation_only,10,2,perf-segmentation_only-r010-20260818T025847Z,loan_to_aml,1,161,200,16.109100,
segmentation_only,10,2,perf-segmentation_only-r010-20260818T025847Z,loan_to_aml,1,162,200,15.867100,
segmentation_only,10,2,perf-segmentation_only-r010-20260818T025847Z,loan_to_aml,1,163,200,16.185000,
segmentation_only,10,2,perf-segmentation_only-r010-20260818T025847Z,loan_to_aml,1,164,200,15.036300,
segmentation_only,10,2,perf-segmentation_only-r010-20260818T025847Z,loan_to_aml,1,165,200,16.152000,
segmentation_only,10,2,perf-segmentation_only-r010-20260818T025847Z,loan_to_aml,1,166,200,16.728300,
segmentation_only,10,2,perf-segmentation_only-r010-20260818T025847Z,loan_to_aml,1,167,200,16.204600,
segmentation_only,10,2,perf-segmentation_only-r010-20260818T025847Z,loan_to_aml,1,168,200,16.035600,
segmentation_only,10,2,perf-segmentation_only-r010-20260818T025847Z,loan_to_aml,1,169,200,15.826800,
segmentation_only,10,2,perf-segmentation_only-r010-20260818T025847Z,loan_to_aml,1,170,200,15.884000,
segmentation_only,10,2,perf-segmentation_only-r010-20260818T025847Z,loan_to_aml,1,171,200,16.141700,
segmentation_only,10,2,perf-segmentation_only-r010-20260818T025847Z,loan_to_aml,1,172,200,17.244100,
segmentation_only,10,2,perf-segmentation_only-r010-20260818T025847Z,loan_to_aml,1,173,200,16.642700,
segmentation_only,10,2,perf-segmentation_only-r010-20260818T025847Z,loan_to_aml,1,174,200,17.098800,
segmentation_only,10,2,perf-segmentation_only-r010-20260818T025847Z,loan_to_aml,1,175,200,16.806300,
segmentation_only,10,2,perf-segmentation_only-r010-20260818T025847Z,loan_to_aml,1,176,200,15.944900,
segmentation_only,10,2,perf-segmentation_only-r010-20260818T025847Z,loan_to_aml,1,177,200,16.118200,
segmentation_only,10,2,perf-segmentation_only-r010-20260818T025847Z,loan_to_aml,1,178,200,15.988200,
segmentation_only,10,2,perf-segmentation_only-r010-20260818T025847Z,loan_to_aml,1,179,200,15.746700,
segmentation_only,10,2,perf-segmentation_only-r010-20260818T025847Z,loan_to_aml,1,180,200,15.826600,
segmentation_only,10,2,perf-segmentation_only-r010-20260818T025847Z,loan_to_aml,1,181,200,15.293900,
segmentation_only,10,2,perf-segmentation_only-r010-20260818T025847Z,loan_to_aml,1,182,200,15.949200,
segmentation_only,10,2,perf-segmentation_only-r010-20260818T025847Z,loan_to_aml,1,183,200,15.944500,
segmentation_only,10,2,perf-segmentation_only-r010-20260818T025847Z,loan_to_aml,1,184,200,16.005200,
segmentation_only,10,2,perf-segmentation_only-r010-20260818T025847Z,loan_to_aml,1,185,200,15.802800,
segmentation_only,10,2,perf-segmentation_only-r010-20260818T025847Z,loan_to_aml,1,186,200,14.556000,
segmentation_only,10,2,perf-segmentation_only-r010-20260818T025847Z,loan_to_aml,1,187,200,15.648200,
segmentation_only,10,2,perf-segmentation_only-r010-20260818T025847Z,loan_to_aml,1,188,200,15.775600,
segmentation_only,10,2,perf-segmentation_only-r010-20260818T025847Z,loan_to_aml,1,189,200,16.034600,
segmentation_only,10,2,perf-segmentation_only-r010-20260818T025847Z,loan_to_aml,1,190,200,16.338300,
segmentation_only,10,2,perf-segmentation_only-r010-20260818T025847Z,loan_to_aml,1,191,200,15.674200,
segmentation_only,10,2,perf-segmentation_only-r010-20260818T025847Z,loan_to_aml,1,192,200,16.037500,
segmentation_only,10,2,perf-segmentation_only-r010-20260818T025847Z,loan_to_aml,1,193,200,15.885400,
segmentation_only,10,2,perf-segmentation_only-r010-20260818T025847Z,loan_to_aml,1,194,200,16.156700,
segmentation_only,10,2,perf-segmentation_only-r010-20260818T025847Z,loan_to_aml,1,195,200,15.549400,
segmentation_only,10,2,perf-segmentation_only-r010-20260818T025847Z,loan_to_aml,1,196,200,16.069000,
segmentation_only,10,2,perf-segmentation_only-r010-20260818T025847Z,loan_to_aml,1,197,200,16.527000,
segmentation_only,10,2,perf-segmentation_only-r010-20260818T025847Z,loan_to_aml,1,198,200,15.487200,
segmentation_only,10,2,perf-segmentation_only-r010-20260818T025847Z,loan_to_aml,1,199,200,16.027500,
segmentation_only,10,2,perf-segmentation_only-r010-20260818T025847Z,loan_to_aml,1,200,200,15.972700,
segmentation_only,10,2,perf-segmentation_only-r010-20260818T025847Z,loan_to_aml,2,1,200,16.153900,
segmentation_only,10,2,perf-segmentation_only-r010-20260818T025847Z,loan_to_aml,2,2,200,15.729100,
segmentation_only,10,2,perf-segmentation_only-r010-20260818T025847Z,loan_to_aml,2,3,200,18.080600,
segmentation_only,10,2,perf-segmentation_only-r010-20260818T025847Z,loan_to_aml,2,4,200,15.806900,
segmentation_only,10,2,perf-segmentation_only-r010-20260818T025847Z,loan_to_aml,2,5,200,16.201400,
segmentation_only,10,2,perf-segmentation_only-r010-20260818T025847Z,loan_to_aml,2,6,200,15.737000,
segmentation_only,10,2,perf-segmentation_only-r010-20260818T025847Z,loan_to_aml,2,7,200,14.827100,
segmentation_only,10,2,perf-segmentation_only-r010-20260818T025847Z,loan_to_aml,2,8,200,17.129200,
segmentation_only,10,2,perf-segmentation_only-r010-20260818T025847Z,loan_to_aml,2,9,200,16.198500,
segmentation_only,10,2,perf-segmentation_only-r010-20260818T025847Z,loan_to_aml,2,10,200,16.039300,
segmentation_only,10,2,perf-segmentation_only-r010-20260818T025847Z,loan_to_aml,2,11,200,15.921400,
segmentation_only,10,2,perf-segmentation_only-r010-20260818T025847Z,loan_to_aml,2,12,200,15.745700,
segmentation_only,10,2,perf-segmentation_only-r010-20260818T025847Z,loan_to_aml,2,13,200,14.963300,
segmentation_only,10,2,perf-segmentation_only-r010-20260818T025847Z,loan_to_aml,2,14,200,16.019600,
segmentation_only,10,2,perf-segmentation_only-r010-20260818T025847Z,loan_to_aml,2,15,200,14.928900,
segmentation_only,10,2,perf-segmentation_only-r010-20260818T025847Z,loan_to_aml,2,16,200,15.131600,
segmentation_only,10,2,perf-segmentation_only-r010-20260818T025847Z,loan_to_aml,2,17,200,16.041300,
segmentation_only,10,2,perf-segmentation_only-r010-20260818T025847Z,loan_to_aml,2,18,200,15.999100,
segmentation_only,10,2,perf-segmentation_only-r010-20260818T025847Z,loan_to_aml,2,19,200,15.809800,
segmentation_only,10,2,perf-segmentation_only-r010-20260818T025847Z,loan_to_aml,2,20,200,16.603200,
segmentation_only,10,2,perf-segmentation_only-r010-20260818T025847Z,loan_to_aml,2,21,200,16.655100,
segmentation_only,10,2,perf-segmentation_only-r010-20260818T025847Z,loan_to_aml,2,22,200,15.978300,
segmentation_only,10,2,perf-segmentation_only-r010-20260818T025847Z,loan_to_aml,2,23,200,15.898000,
segmentation_only,10,2,perf-segmentation_only-r010-20260818T025847Z,loan_to_aml,2,24,200,16.079800,
segmentation_only,10,2,perf-segmentation_only-r010-20260818T025847Z,loan_to_aml,2,25,200,15.740300,
segmentation_only,10,2,perf-segmentation_only-r010-20260818T025847Z,loan_to_aml,2,26,200,16.102800,
segmentation_only,10,2,perf-segmentation_only-r010-20260818T025847Z,loan_to_aml,2,27,200,15.825200,
segmentation_only,10,2,perf-segmentation_only-r010-20260818T025847Z,loan_to_aml,2,28,200,16.884000,
segmentation_only,10,2,perf-segmentation_only-r010-20260818T025847Z,loan_to_aml,2,29,200,16.707600,
segmentation_only,10,2,perf-segmentation_only-r010-20260818T025847Z,loan_to_aml,2,30,200,15.847700,
segmentation_only,10,2,perf-segmentation_only-r010-20260818T025847Z,loan_to_aml,2,31,200,16.979600,
segmentation_only,10,2,perf-segmentation_only-r010-20260818T025847Z,loan_to_aml,2,32,200,16.809000,
segmentation_only,10,2,perf-segmentation_only-r010-20260818T025847Z,loan_to_aml,2,33,200,15.649200,
segmentation_only,10,2,perf-segmentation_only-r010-20260818T025847Z,loan_to_aml,2,34,200,16.204100,
segmentation_only,10,2,perf-segmentation_only-r010-20260818T025847Z,loan_to_aml,2,35,200,15.506200,
segmentation_only,10,2,perf-segmentation_only-r010-20260818T025847Z,loan_to_aml,2,36,200,15.258200,
segmentation_only,10,2,perf-segmentation_only-r010-20260818T025847Z,loan_to_aml,2,37,200,15.069200,
segmentation_only,10,2,perf-segmentation_only-r010-20260818T025847Z,loan_to_aml,2,38,200,15.541200,
segmentation_only,10,2,perf-segmentation_only-r010-20260818T025847Z,loan_to_aml,2,39,200,16.067800,
segmentation_only,10,2,perf-segmentation_only-r010-20260818T025847Z,loan_to_aml,2,40,200,15.515600,
segmentation_only,10,2,perf-segmentation_only-r010-20260818T025847Z,loan_to_aml,2,41,200,15.958900,
segmentation_only,10,2,perf-segmentation_only-r010-20260818T025847Z,loan_to_aml,2,42,200,15.670100,
segmentation_only,10,2,perf-segmentation_only-r010-20260818T025847Z,loan_to_aml,2,43,200,16.300400,
segmentation_only,10,2,perf-segmentation_only-r010-20260818T025847Z,loan_to_aml,2,44,200,15.770600,
segmentation_only,10,2,perf-segmentation_only-r010-20260818T025847Z,loan_to_aml,2,45,200,15.811400,
segmentation_only,10,2,perf-segmentation_only-r010-20260818T025847Z,loan_to_aml,2,46,200,16.524200,
segmentation_only,10,2,perf-segmentation_only-r010-20260818T025847Z,loan_to_aml,2,47,200,15.720200,
segmentation_only,10,2,perf-segmentation_only-r010-20260818T025847Z,loan_to_aml,2,48,200,15.897100,
segmentation_only,10,2,perf-segmentation_only-r010-20260818T025847Z,loan_to_aml,2,49,200,15.947400,
segmentation_only,10,2,perf-segmentation_only-r010-20260818T025847Z,loan_to_aml,2,50,200,15.786600,
segmentation_only,10,2,perf-segmentation_only-r010-20260818T025847Z,loan_to_aml,2,51,200,16.288500,
segmentation_only,10,2,perf-segmentation_only-r010-20260818T025847Z,loan_to_aml,2,52,200,15.751000,
segmentation_only,10,2,perf-segmentation_only-r010-20260818T025847Z,loan_to_aml,2,53,200,15.938300,
segmentation_only,10,2,perf-segmentation_only-r010-20260818T025847Z,loan_to_aml,2,54,200,15.862900,
segmentation_only,10,2,perf-segmentation_only-r010-20260818T025847Z,loan_to_aml,2,55,200,16.141800,
segmentation_only,10,2,perf-segmentation_only-r010-20260818T025847Z,loan_to_aml,2,56,200,16.091700,
segmentation_only,10,2,perf-segmentation_only-r010-20260818T025847Z,loan_to_aml,2,57,200,18.482200,
segmentation_only,10,2,perf-segmentation_only-r010-20260818T025847Z,loan_to_aml,2,58,200,17.834200,
segmentation_only,10,2,perf-segmentation_only-r010-20260818T025847Z,loan_to_aml,2,59,200,19.325700,
segmentation_only,10,2,perf-segmentation_only-r010-20260818T025847Z,loan_to_aml,2,60,200,18.180100,
segmentation_only,10,2,perf-segmentation_only-r010-20260818T025847Z,loan_to_aml,2,61,200,18.249600,
segmentation_only,10,2,perf-segmentation_only-r010-20260818T025847Z,loan_to_aml,2,62,200,19.583000,
segmentation_only,10,2,perf-segmentation_only-r010-20260818T025847Z,loan_to_aml,2,63,200,19.483600,
segmentation_only,10,2,perf-segmentation_only-r010-20260818T025847Z,loan_to_aml,2,64,200,19.865700,
segmentation_only,10,2,perf-segmentation_only-r010-20260818T025847Z,loan_to_aml,2,65,200,16.849400,
segmentation_only,10,2,perf-segmentation_only-r010-20260818T025847Z,loan_to_aml,2,66,200,15.749000,
segmentation_only,10,2,perf-segmentation_only-r010-20260818T025847Z,loan_to_aml,2,67,200,16.204900,
segmentation_only,10,2,perf-segmentation_only-r010-20260818T025847Z,loan_to_aml,2,68,200,16.187100,
segmentation_only,10,2,perf-segmentation_only-r010-20260818T025847Z,loan_to_aml,2,69,200,20.941000,
segmentation_only,10,2,perf-segmentation_only-r010-20260818T025847Z,loan_to_aml,2,70,200,18.903900,
segmentation_only,10,2,perf-segmentation_only-r010-20260818T025847Z,loan_to_aml,2,71,200,19.901600,
segmentation_only,10,2,perf-segmentation_only-r010-20260818T025847Z,loan_to_aml,2,72,200,20.132300,
segmentation_only,10,2,perf-segmentation_only-r010-20260818T025847Z,loan_to_aml,2,73,200,18.336300,
segmentation_only,10,2,perf-segmentation_only-r010-20260818T025847Z,loan_to_aml,2,74,200,16.409300,
segmentation_only,10,2,perf-segmentation_only-r010-20260818T025847Z,loan_to_aml,2,75,200,16.089800,
segmentation_only,10,2,perf-segmentation_only-r010-20260818T025847Z,loan_to_aml,2,76,200,17.435600,
segmentation_only,10,2,perf-segmentation_only-r010-20260818T025847Z,loan_to_aml,2,77,200,17.800100,
segmentation_only,10,2,perf-segmentation_only-r010-20260818T025847Z,loan_to_aml,2,78,200,16.834400,
segmentation_only,10,2,perf-segmentation_only-r010-20260818T025847Z,loan_to_aml,2,79,200,16.783700,
segmentation_only,10,2,perf-segmentation_only-r010-20260818T025847Z,loan_to_aml,2,80,200,17.129400,
segmentation_only,10,2,perf-segmentation_only-r010-20260818T025847Z,loan_to_aml,2,81,200,17.269000,
segmentation_only,10,2,perf-segmentation_only-r010-20260818T025847Z,loan_to_aml,2,82,200,16.316300,
segmentation_only,10,2,perf-segmentation_only-r010-20260818T025847Z,loan_to_aml,2,83,200,16.464100,
segmentation_only,10,2,perf-segmentation_only-r010-20260818T025847Z,loan_to_aml,2,84,200,16.755300,
segmentation_only,10,2,perf-segmentation_only-r010-20260818T025847Z,loan_to_aml,2,85,200,15.810300,
segmentation_only,10,2,perf-segmentation_only-r010-20260818T025847Z,loan_to_aml,2,86,200,16.750700,
segmentation_only,10,2,perf-segmentation_only-r010-20260818T025847Z,loan_to_aml,2,87,200,16.145600,
segmentation_only,10,2,perf-segmentation_only-r010-20260818T025847Z,loan_to_aml,2,88,200,15.924200,
segmentation_only,10,2,perf-segmentation_only-r010-20260818T025847Z,loan_to_aml,2,89,200,16.334100,
segmentation_only,10,2,perf-segmentation_only-r010-20260818T025847Z,loan_to_aml,2,90,200,19.457400,
segmentation_only,10,2,perf-segmentation_only-r010-20260818T025847Z,loan_to_aml,2,91,200,17.755400,
segmentation_only,10,2,perf-segmentation_only-r010-20260818T025847Z,loan_to_aml,2,92,200,18.217400,
segmentation_only,10,2,perf-segmentation_only-r010-20260818T025847Z,loan_to_aml,2,93,200,16.902600,
segmentation_only,10,2,perf-segmentation_only-r010-20260818T025847Z,loan_to_aml,2,94,200,16.739000,
segmentation_only,10,2,perf-segmentation_only-r010-20260818T025847Z,loan_to_aml,2,95,200,17.298900,
segmentation_only,10,2,perf-segmentation_only-r010-20260818T025847Z,loan_to_aml,2,96,200,16.468200,
segmentation_only,10,2,perf-segmentation_only-r010-20260818T025847Z,loan_to_aml,2,97,200,16.583900,
segmentation_only,10,2,perf-segmentation_only-r010-20260818T025847Z,loan_to_aml,2,98,200,17.312500,
segmentation_only,10,2,perf-segmentation_only-r010-20260818T025847Z,loan_to_aml,2,99,200,18.105000,
segmentation_only,10,2,perf-segmentation_only-r010-20260818T025847Z,loan_to_aml,2,100,200,18.243200,
segmentation_only,10,2,perf-segmentation_only-r010-20260818T025847Z,loan_to_aml,2,101,200,19.798300,
segmentation_only,10,2,perf-segmentation_only-r010-20260818T025847Z,loan_to_aml,2,102,200,20.219000,
segmentation_only,10,2,perf-segmentation_only-r010-20260818T025847Z,loan_to_aml,2,103,200,18.299400,
segmentation_only,10,2,perf-segmentation_only-r010-20260818T025847Z,loan_to_aml,2,104,200,20.082200,
segmentation_only,10,2,perf-segmentation_only-r010-20260818T025847Z,loan_to_aml,2,105,200,17.718000,
segmentation_only,10,2,perf-segmentation_only-r010-20260818T025847Z,loan_to_aml,2,106,200,16.644400,
segmentation_only,10,2,perf-segmentation_only-r010-20260818T025847Z,loan_to_aml,2,107,200,15.998200,
segmentation_only,10,2,perf-segmentation_only-r010-20260818T025847Z,loan_to_aml,2,108,200,16.826400,
segmentation_only,10,2,perf-segmentation_only-r010-20260818T025847Z,loan_to_aml,2,109,200,17.239100,
segmentation_only,10,2,perf-segmentation_only-r010-20260818T025847Z,loan_to_aml,2,110,200,16.912000,
segmentation_only,10,2,perf-segmentation_only-r010-20260818T025847Z,loan_to_aml,2,111,200,16.666300,
segmentation_only,10,2,perf-segmentation_only-r010-20260818T025847Z,loan_to_aml,2,112,200,15.661300,
segmentation_only,10,2,perf-segmentation_only-r010-20260818T025847Z,loan_to_aml,2,113,200,17.122100,
segmentation_only,10,2,perf-segmentation_only-r010-20260818T025847Z,loan_to_aml,2,114,200,16.328800,
segmentation_only,10,2,perf-segmentation_only-r010-20260818T025847Z,loan_to_aml,2,115,200,16.195200,
segmentation_only,10,2,perf-segmentation_only-r010-20260818T025847Z,loan_to_aml,2,116,200,16.897000,
segmentation_only,10,2,perf-segmentation_only-r010-20260818T025847Z,loan_to_aml,2,117,200,16.463500,
segmentation_only,10,2,perf-segmentation_only-r010-20260818T025847Z,loan_to_aml,2,118,200,15.174500,
segmentation_only,10,2,perf-segmentation_only-r010-20260818T025847Z,loan_to_aml,2,119,200,15.428000,
segmentation_only,10,2,perf-segmentation_only-r010-20260818T025847Z,loan_to_aml,2,120,200,16.383500,
segmentation_only,10,2,perf-segmentation_only-r010-20260818T025847Z,loan_to_aml,2,121,200,15.893100,
segmentation_only,10,2,perf-segmentation_only-r010-20260818T025847Z,loan_to_aml,2,122,200,17.577700,
segmentation_only,10,2,perf-segmentation_only-r010-20260818T025847Z,loan_to_aml,2,123,200,17.893100,
segmentation_only,10,2,perf-segmentation_only-r010-20260818T025847Z,loan_to_aml,2,124,200,15.602100,
segmentation_only,10,2,perf-segmentation_only-r010-20260818T025847Z,loan_to_aml,2,125,200,15.889500,
segmentation_only,10,2,perf-segmentation_only-r010-20260818T025847Z,loan_to_aml,2,126,200,16.672900,
segmentation_only,10,2,perf-segmentation_only-r010-20260818T025847Z,loan_to_aml,2,127,200,16.083700,
segmentation_only,10,2,perf-segmentation_only-r010-20260818T025847Z,loan_to_aml,2,128,200,16.337800,
segmentation_only,10,2,perf-segmentation_only-r010-20260818T025847Z,loan_to_aml,2,129,200,16.733000,
segmentation_only,10,2,perf-segmentation_only-r010-20260818T025847Z,loan_to_aml,2,130,200,16.875500,
segmentation_only,10,2,perf-segmentation_only-r010-20260818T025847Z,loan_to_aml,2,131,200,16.255000,
segmentation_only,10,2,perf-segmentation_only-r010-20260818T025847Z,loan_to_aml,2,132,200,15.992000,
segmentation_only,10,2,perf-segmentation_only-r010-20260818T025847Z,loan_to_aml,2,133,200,15.629600,
segmentation_only,10,2,perf-segmentation_only-r010-20260818T025847Z,loan_to_aml,2,134,200,14.973200,
segmentation_only,10,2,perf-segmentation_only-r010-20260818T025847Z,loan_to_aml,2,135,200,15.404600,
segmentation_only,10,2,perf-segmentation_only-r010-20260818T025847Z,loan_to_aml,2,136,200,15.749100,
segmentation_only,10,2,perf-segmentation_only-r010-20260818T025847Z,loan_to_aml,2,137,200,16.203500,
segmentation_only,10,2,perf-segmentation_only-r010-20260818T025847Z,loan_to_aml,2,138,200,16.426000,
segmentation_only,10,2,perf-segmentation_only-r010-20260818T025847Z,loan_to_aml,2,139,200,15.174500,
segmentation_only,10,2,perf-segmentation_only-r010-20260818T025847Z,loan_to_aml,2,140,200,16.852100,
segmentation_only,10,2,perf-segmentation_only-r010-20260818T025847Z,loan_to_aml,2,141,200,15.185000,
segmentation_only,10,2,perf-segmentation_only-r010-20260818T025847Z,loan_to_aml,2,142,200,16.318400,
segmentation_only,10,2,perf-segmentation_only-r010-20260818T025847Z,loan_to_aml,2,143,200,15.350300,
segmentation_only,10,2,perf-segmentation_only-r010-20260818T025847Z,loan_to_aml,2,144,200,15.480000,
segmentation_only,10,2,perf-segmentation_only-r010-20260818T025847Z,loan_to_aml,2,145,200,15.942100,
segmentation_only,10,2,perf-segmentation_only-r010-20260818T025847Z,loan_to_aml,2,146,200,15.912400,
segmentation_only,10,2,perf-segmentation_only-r010-20260818T025847Z,loan_to_aml,2,147,200,16.267600,
segmentation_only,10,2,perf-segmentation_only-r010-20260818T025847Z,loan_to_aml,2,148,200,15.904500,
segmentation_only,10,2,perf-segmentation_only-r010-20260818T025847Z,loan_to_aml,2,149,200,16.132700,
segmentation_only,10,2,perf-segmentation_only-r010-20260818T025847Z,loan_to_aml,2,150,200,15.527900,
segmentation_only,10,2,perf-segmentation_only-r010-20260818T025847Z,loan_to_aml,2,151,200,16.112000,
segmentation_only,10,2,perf-segmentation_only-r010-20260818T025847Z,loan_to_aml,2,152,200,15.969200,
segmentation_only,10,2,perf-segmentation_only-r010-20260818T025847Z,loan_to_aml,2,153,200,16.887700,
segmentation_only,10,2,perf-segmentation_only-r010-20260818T025847Z,loan_to_aml,2,154,200,15.977000,
segmentation_only,10,2,perf-segmentation_only-r010-20260818T025847Z,loan_to_aml,2,155,200,15.732200,
segmentation_only,10,2,perf-segmentation_only-r010-20260818T025847Z,loan_to_aml,2,156,200,14.962400,
segmentation_only,10,2,perf-segmentation_only-r010-20260818T025847Z,loan_to_aml,2,157,200,16.254000,
segmentation_only,10,2,perf-segmentation_only-r010-20260818T025847Z,loan_to_aml,2,158,200,16.294600,
segmentation_only,10,2,perf-segmentation_only-r010-20260818T025847Z,loan_to_aml,2,159,200,16.645000,
segmentation_only,10,2,perf-segmentation_only-r010-20260818T025847Z,loan_to_aml,2,160,200,17.394800,
segmentation_only,10,2,perf-segmentation_only-r010-20260818T025847Z,loan_to_aml,2,161,200,15.556200,
segmentation_only,10,2,perf-segmentation_only-r010-20260818T025847Z,loan_to_aml,2,162,200,15.983900,
segmentation_only,10,2,perf-segmentation_only-r010-20260818T025847Z,loan_to_aml,2,163,200,16.567400,
segmentation_only,10,2,perf-segmentation_only-r010-20260818T025847Z,loan_to_aml,2,164,200,16.294400,
segmentation_only,10,2,perf-segmentation_only-r010-20260818T025847Z,loan_to_aml,2,165,200,16.323300,
segmentation_only,10,2,perf-segmentation_only-r010-20260818T025847Z,loan_to_aml,2,166,200,15.525600,
segmentation_only,10,2,perf-segmentation_only-r010-20260818T025847Z,loan_to_aml,2,167,200,16.343900,
segmentation_only,10,2,perf-segmentation_only-r010-20260818T025847Z,loan_to_aml,2,168,200,15.979900,
segmentation_only,10,2,perf-segmentation_only-r010-20260818T025847Z,loan_to_aml,2,169,200,15.772400,
segmentation_only,10,2,perf-segmentation_only-r010-20260818T025847Z,loan_to_aml,2,170,200,16.005000,
segmentation_only,10,2,perf-segmentation_only-r010-20260818T025847Z,loan_to_aml,2,171,200,14.609400,
segmentation_only,10,2,perf-segmentation_only-r010-20260818T025847Z,loan_to_aml,2,172,200,15.789000,
segmentation_only,10,2,perf-segmentation_only-r010-20260818T025847Z,loan_to_aml,2,173,200,15.612900,
segmentation_only,10,2,perf-segmentation_only-r010-20260818T025847Z,loan_to_aml,2,174,200,16.747300,
segmentation_only,10,2,perf-segmentation_only-r010-20260818T025847Z,loan_to_aml,2,175,200,16.318200,
segmentation_only,10,2,perf-segmentation_only-r010-20260818T025847Z,loan_to_aml,2,176,200,16.245200,
segmentation_only,10,2,perf-segmentation_only-r010-20260818T025847Z,loan_to_aml,2,177,200,17.260800,
segmentation_only,10,2,perf-segmentation_only-r010-20260818T025847Z,loan_to_aml,2,178,200,17.862700,
segmentation_only,10,2,perf-segmentation_only-r010-20260818T025847Z,loan_to_aml,2,179,200,15.944700,
segmentation_only,10,2,perf-segmentation_only-r010-20260818T025847Z,loan_to_aml,2,180,200,16.385000,
segmentation_only,10,2,perf-segmentation_only-r010-20260818T025847Z,loan_to_aml,2,181,200,16.258500,
segmentation_only,10,2,perf-segmentation_only-r010-20260818T025847Z,loan_to_aml,2,182,200,15.851100,
segmentation_only,10,2,perf-segmentation_only-r010-20260818T025847Z,loan_to_aml,2,183,200,15.815400,
segmentation_only,10,2,perf-segmentation_only-r010-20260818T025847Z,loan_to_aml,2,184,200,16.499800,
segmentation_only,10,2,perf-segmentation_only-r010-20260818T025847Z,loan_to_aml,2,185,200,19.681100,
segmentation_only,10,2,perf-segmentation_only-r010-20260818T025847Z,loan_to_aml,2,186,200,17.306000,
segmentation_only,10,2,perf-segmentation_only-r010-20260818T025847Z,loan_to_aml,2,187,200,18.276800,
segmentation_only,10,2,perf-segmentation_only-r010-20260818T025847Z,loan_to_aml,2,188,200,18.104600,
segmentation_only,10,2,perf-segmentation_only-r010-20260818T025847Z,loan_to_aml,2,189,200,17.567900,
segmentation_only,10,2,perf-segmentation_only-r010-20260818T025847Z,loan_to_aml,2,190,200,16.807400,
segmentation_only,10,2,perf-segmentation_only-r010-20260818T025847Z,loan_to_aml,2,191,200,15.884800,
segmentation_only,10,2,perf-segmentation_only-r010-20260818T025847Z,loan_to_aml,2,192,200,17.003000,
segmentation_only,10,2,perf-segmentation_only-r010-20260818T025847Z,loan_to_aml,2,193,200,15.726500,
segmentation_only,10,2,perf-segmentation_only-r010-20260818T025847Z,loan_to_aml,2,194,200,17.262700,
segmentation_only,10,2,perf-segmentation_only-r010-20260818T025847Z,loan_to_aml,2,195,200,16.657500,
segmentation_only,10,2,perf-segmentation_only-r010-20260818T025847Z,loan_to_aml,2,196,200,16.962100,
segmentation_only,10,2,perf-segmentation_only-r010-20260818T025847Z,loan_to_aml,2,197,200,16.490900,
segmentation_only,10,2,perf-segmentation_only-r010-20260818T025847Z,loan_to_aml,2,198,200,16.424000,
segmentation_only,10,2,perf-segmentation_only-r010-20260818T025847Z,loan_to_aml,2,199,200,16.206700,
segmentation_only,10,2,perf-segmentation_only-r010-20260818T025847Z,loan_to_aml,2,200,200,15.823600,
segmentation_only,10,2,perf-segmentation_only-r010-20260818T025847Z,loan_to_aml,3,1,200,15.820100,
segmentation_only,10,2,perf-segmentation_only-r010-20260818T025847Z,loan_to_aml,3,2,200,15.195500,
segmentation_only,10,2,perf-segmentation_only-r010-20260818T025847Z,loan_to_aml,3,3,200,16.102100,
segmentation_only,10,2,perf-segmentation_only-r010-20260818T025847Z,loan_to_aml,3,4,200,16.246800,
segmentation_only,10,2,perf-segmentation_only-r010-20260818T025847Z,loan_to_aml,3,5,200,15.266100,
segmentation_only,10,2,perf-segmentation_only-r010-20260818T025847Z,loan_to_aml,3,6,200,15.801100,
segmentation_only,10,2,perf-segmentation_only-r010-20260818T025847Z,loan_to_aml,3,7,200,16.355000,
segmentation_only,10,2,perf-segmentation_only-r010-20260818T025847Z,loan_to_aml,3,8,200,14.944700,
segmentation_only,10,2,perf-segmentation_only-r010-20260818T025847Z,loan_to_aml,3,9,200,15.070200,
segmentation_only,10,2,perf-segmentation_only-r010-20260818T025847Z,loan_to_aml,3,10,200,15.854700,
segmentation_only,10,2,perf-segmentation_only-r010-20260818T025847Z,loan_to_aml,3,11,200,16.546800,
segmentation_only,10,2,perf-segmentation_only-r010-20260818T025847Z,loan_to_aml,3,12,200,15.639600,
segmentation_only,10,2,perf-segmentation_only-r010-20260818T025847Z,loan_to_aml,3,13,200,16.001100,
segmentation_only,10,2,perf-segmentation_only-r010-20260818T025847Z,loan_to_aml,3,14,200,15.682200,
segmentation_only,10,2,perf-segmentation_only-r010-20260818T025847Z,loan_to_aml,3,15,200,16.226200,
segmentation_only,10,2,perf-segmentation_only-r010-20260818T025847Z,loan_to_aml,3,16,200,16.863200,
segmentation_only,10,2,perf-segmentation_only-r010-20260818T025847Z,loan_to_aml,3,17,200,17.311000,
segmentation_only,10,2,perf-segmentation_only-r010-20260818T025847Z,loan_to_aml,3,18,200,17.368700,
segmentation_only,10,2,perf-segmentation_only-r010-20260818T025847Z,loan_to_aml,3,19,200,16.856000,
segmentation_only,10,2,perf-segmentation_only-r010-20260818T025847Z,loan_to_aml,3,20,200,17.535300,
segmentation_only,10,2,perf-segmentation_only-r010-20260818T025847Z,loan_to_aml,3,21,200,17.485700,
segmentation_only,10,2,perf-segmentation_only-r010-20260818T025847Z,loan_to_aml,3,22,200,16.935500,
segmentation_only,10,2,perf-segmentation_only-r010-20260818T025847Z,loan_to_aml,3,23,200,16.992500,
segmentation_only,10,2,perf-segmentation_only-r010-20260818T025847Z,loan_to_aml,3,24,200,16.871600,
segmentation_only,10,2,perf-segmentation_only-r010-20260818T025847Z,loan_to_aml,3,25,200,20.065300,
segmentation_only,10,2,perf-segmentation_only-r010-20260818T025847Z,loan_to_aml,3,26,200,18.547100,
segmentation_only,10,2,perf-segmentation_only-r010-20260818T025847Z,loan_to_aml,3,27,200,18.071700,
segmentation_only,10,2,perf-segmentation_only-r010-20260818T025847Z,loan_to_aml,3,28,200,18.884600,
segmentation_only,10,2,perf-segmentation_only-r010-20260818T025847Z,loan_to_aml,3,29,200,18.435000,
segmentation_only,10,2,perf-segmentation_only-r010-20260818T025847Z,loan_to_aml,3,30,200,18.327200,
segmentation_only,10,2,perf-segmentation_only-r010-20260818T025847Z,loan_to_aml,3,31,200,18.259300,
segmentation_only,10,2,perf-segmentation_only-r010-20260818T025847Z,loan_to_aml,3,32,200,17.326400,
segmentation_only,10,2,perf-segmentation_only-r010-20260818T025847Z,loan_to_aml,3,33,200,17.675000,
segmentation_only,10,2,perf-segmentation_only-r010-20260818T025847Z,loan_to_aml,3,34,200,18.444300,
segmentation_only,10,2,perf-segmentation_only-r010-20260818T025847Z,loan_to_aml,3,35,200,19.122800,
segmentation_only,10,2,perf-segmentation_only-r010-20260818T025847Z,loan_to_aml,3,36,200,17.626500,
segmentation_only,10,2,perf-segmentation_only-r010-20260818T025847Z,loan_to_aml,3,37,200,17.394800,
segmentation_only,10,2,perf-segmentation_only-r010-20260818T025847Z,loan_to_aml,3,38,200,20.312400,
segmentation_only,10,2,perf-segmentation_only-r010-20260818T025847Z,loan_to_aml,3,39,200,17.394200,
segmentation_only,10,2,perf-segmentation_only-r010-20260818T025847Z,loan_to_aml,3,40,200,17.979500,
segmentation_only,10,2,perf-segmentation_only-r010-20260818T025847Z,loan_to_aml,3,41,200,16.819300,
segmentation_only,10,2,perf-segmentation_only-r010-20260818T025847Z,loan_to_aml,3,42,200,16.701200,
segmentation_only,10,2,perf-segmentation_only-r010-20260818T025847Z,loan_to_aml,3,43,200,17.681100,
segmentation_only,10,2,perf-segmentation_only-r010-20260818T025847Z,loan_to_aml,3,44,200,16.425300,
segmentation_only,10,2,perf-segmentation_only-r010-20260818T025847Z,loan_to_aml,3,45,200,17.194800,
segmentation_only,10,2,perf-segmentation_only-r010-20260818T025847Z,loan_to_aml,3,46,200,19.054400,
segmentation_only,10,2,perf-segmentation_only-r010-20260818T025847Z,loan_to_aml,3,47,200,17.869100,
segmentation_only,10,2,perf-segmentation_only-r010-20260818T025847Z,loan_to_aml,3,48,200,18.407300,
segmentation_only,10,2,perf-segmentation_only-r010-20260818T025847Z,loan_to_aml,3,49,200,17.377800,
segmentation_only,10,2,perf-segmentation_only-r010-20260818T025847Z,loan_to_aml,3,50,200,17.119900,
segmentation_only,10,2,perf-segmentation_only-r010-20260818T025847Z,loan_to_aml,3,51,200,16.778200,
segmentation_only,10,2,perf-segmentation_only-r010-20260818T025847Z,loan_to_aml,3,52,200,16.680800,
segmentation_only,10,2,perf-segmentation_only-r010-20260818T025847Z,loan_to_aml,3,53,200,19.136500,
segmentation_only,10,2,perf-segmentation_only-r010-20260818T025847Z,loan_to_aml,3,54,200,16.880800,
segmentation_only,10,2,perf-segmentation_only-r010-20260818T025847Z,loan_to_aml,3,55,200,15.844500,
segmentation_only,10,2,perf-segmentation_only-r010-20260818T025847Z,loan_to_aml,3,56,200,16.428200,
segmentation_only,10,2,perf-segmentation_only-r010-20260818T025847Z,loan_to_aml,3,57,200,16.131900,
segmentation_only,10,2,perf-segmentation_only-r010-20260818T025847Z,loan_to_aml,3,58,200,16.607500,
segmentation_only,10,2,perf-segmentation_only-r010-20260818T025847Z,loan_to_aml,3,59,200,15.560300,
segmentation_only,10,2,perf-segmentation_only-r010-20260818T025847Z,loan_to_aml,3,60,200,16.051500,
segmentation_only,10,2,perf-segmentation_only-r010-20260818T025847Z,loan_to_aml,3,61,200,16.300900,
segmentation_only,10,2,perf-segmentation_only-r010-20260818T025847Z,loan_to_aml,3,62,200,15.700600,
segmentation_only,10,2,perf-segmentation_only-r010-20260818T025847Z,loan_to_aml,3,63,200,16.158500,
segmentation_only,10,2,perf-segmentation_only-r010-20260818T025847Z,loan_to_aml,3,64,200,15.899100,
segmentation_only,10,2,perf-segmentation_only-r010-20260818T025847Z,loan_to_aml,3,65,200,15.888100,
segmentation_only,10,2,perf-segmentation_only-r010-20260818T025847Z,loan_to_aml,3,66,200,16.069200,
segmentation_only,10,2,perf-segmentation_only-r010-20260818T025847Z,loan_to_aml,3,67,200,15.814600,
segmentation_only,10,2,perf-segmentation_only-r010-20260818T025847Z,loan_to_aml,3,68,200,15.187200,
segmentation_only,10,2,perf-segmentation_only-r010-20260818T025847Z,loan_to_aml,3,69,200,16.157800,
segmentation_only,10,2,perf-segmentation_only-r010-20260818T025847Z,loan_to_aml,3,70,200,16.222400,
segmentation_only,10,2,perf-segmentation_only-r010-20260818T025847Z,loan_to_aml,3,71,200,15.475700,
segmentation_only,10,2,perf-segmentation_only-r010-20260818T025847Z,loan_to_aml,3,72,200,16.361400,
segmentation_only,10,2,perf-segmentation_only-r010-20260818T025847Z,loan_to_aml,3,73,200,16.563100,
segmentation_only,10,2,perf-segmentation_only-r010-20260818T025847Z,loan_to_aml,3,74,200,15.884400,
segmentation_only,10,2,perf-segmentation_only-r010-20260818T025847Z,loan_to_aml,3,75,200,15.967900,
segmentation_only,10,2,perf-segmentation_only-r010-20260818T025847Z,loan_to_aml,3,76,200,16.275800,
segmentation_only,10,2,perf-segmentation_only-r010-20260818T025847Z,loan_to_aml,3,77,200,16.697500,
segmentation_only,10,2,perf-segmentation_only-r010-20260818T025847Z,loan_to_aml,3,78,200,16.482200,
segmentation_only,10,2,perf-segmentation_only-r010-20260818T025847Z,loan_to_aml,3,79,200,17.124900,
segmentation_only,10,2,perf-segmentation_only-r010-20260818T025847Z,loan_to_aml,3,80,200,15.621400,
segmentation_only,10,2,perf-segmentation_only-r010-20260818T025847Z,loan_to_aml,3,81,200,16.963900,
segmentation_only,10,2,perf-segmentation_only-r010-20260818T025847Z,loan_to_aml,3,82,200,15.724200,
segmentation_only,10,2,perf-segmentation_only-r010-20260818T025847Z,loan_to_aml,3,83,200,15.859600,
segmentation_only,10,2,perf-segmentation_only-r010-20260818T025847Z,loan_to_aml,3,84,200,16.128300,
segmentation_only,10,2,perf-segmentation_only-r010-20260818T025847Z,loan_to_aml,3,85,200,16.456200,
segmentation_only,10,2,perf-segmentation_only-r010-20260818T025847Z,loan_to_aml,3,86,200,16.738900,
segmentation_only,10,2,perf-segmentation_only-r010-20260818T025847Z,loan_to_aml,3,87,200,15.872700,
segmentation_only,10,2,perf-segmentation_only-r010-20260818T025847Z,loan_to_aml,3,88,200,16.020800,
segmentation_only,10,2,perf-segmentation_only-r010-20260818T025847Z,loan_to_aml,3,89,200,16.165700,
segmentation_only,10,2,perf-segmentation_only-r010-20260818T025847Z,loan_to_aml,3,90,200,16.618000,
segmentation_only,10,2,perf-segmentation_only-r010-20260818T025847Z,loan_to_aml,3,91,200,17.376300,
segmentation_only,10,2,perf-segmentation_only-r010-20260818T025847Z,loan_to_aml,3,92,200,15.777900,
segmentation_only,10,2,perf-segmentation_only-r010-20260818T025847Z,loan_to_aml,3,93,200,17.462000,
segmentation_only,10,2,perf-segmentation_only-r010-20260818T025847Z,loan_to_aml,3,94,200,16.358800,
segmentation_only,10,2,perf-segmentation_only-r010-20260818T025847Z,loan_to_aml,3,95,200,16.141900,
segmentation_only,10,2,perf-segmentation_only-r010-20260818T025847Z,loan_to_aml,3,96,200,15.703000,
segmentation_only,10,2,perf-segmentation_only-r010-20260818T025847Z,loan_to_aml,3,97,200,16.049000,
segmentation_only,10,2,perf-segmentation_only-r010-20260818T025847Z,loan_to_aml,3,98,200,15.639000,
segmentation_only,10,2,perf-segmentation_only-r010-20260818T025847Z,loan_to_aml,3,99,200,15.191000,
segmentation_only,10,2,perf-segmentation_only-r010-20260818T025847Z,loan_to_aml,3,100,200,15.019700,
segmentation_only,10,2,perf-segmentation_only-r010-20260818T025847Z,loan_to_aml,3,101,200,15.938200,
segmentation_only,10,2,perf-segmentation_only-r010-20260818T025847Z,loan_to_aml,3,102,200,15.070500,
segmentation_only,10,2,perf-segmentation_only-r010-20260818T025847Z,loan_to_aml,3,103,200,15.809300,
segmentation_only,10,2,perf-segmentation_only-r010-20260818T025847Z,loan_to_aml,3,104,200,15.962400,
segmentation_only,10,2,perf-segmentation_only-r010-20260818T025847Z,loan_to_aml,3,105,200,16.489900,
segmentation_only,10,2,perf-segmentation_only-r010-20260818T025847Z,loan_to_aml,3,106,200,15.466800,
segmentation_only,10,2,perf-segmentation_only-r010-20260818T025847Z,loan_to_aml,3,107,200,16.170100,
segmentation_only,10,2,perf-segmentation_only-r010-20260818T025847Z,loan_to_aml,3,108,200,15.953600,
segmentation_only,10,2,perf-segmentation_only-r010-20260818T025847Z,loan_to_aml,3,109,200,16.077700,
segmentation_only,10,2,perf-segmentation_only-r010-20260818T025847Z,loan_to_aml,3,110,200,15.882700,
segmentation_only,10,2,perf-segmentation_only-r010-20260818T025847Z,loan_to_aml,3,111,200,16.412300,
segmentation_only,10,2,perf-segmentation_only-r010-20260818T025847Z,loan_to_aml,3,112,200,17.071400,
segmentation_only,10,2,perf-segmentation_only-r010-20260818T025847Z,loan_to_aml,3,113,200,15.659000,
segmentation_only,10,2,perf-segmentation_only-r010-20260818T025847Z,loan_to_aml,3,114,200,16.869700,
segmentation_only,10,2,perf-segmentation_only-r010-20260818T025847Z,loan_to_aml,3,115,200,16.187100,
segmentation_only,10,2,perf-segmentation_only-r010-20260818T025847Z,loan_to_aml,3,116,200,16.812400,
segmentation_only,10,2,perf-segmentation_only-r010-20260818T025847Z,loan_to_aml,3,117,200,16.255500,
segmentation_only,10,2,perf-segmentation_only-r010-20260818T025847Z,loan_to_aml,3,118,200,16.663200,
segmentation_only,10,2,perf-segmentation_only-r010-20260818T025847Z,loan_to_aml,3,119,200,16.296100,
segmentation_only,10,2,perf-segmentation_only-r010-20260818T025847Z,loan_to_aml,3,120,200,15.165000,
segmentation_only,10,2,perf-segmentation_only-r010-20260818T025847Z,loan_to_aml,3,121,200,16.188900,
segmentation_only,10,2,perf-segmentation_only-r010-20260818T025847Z,loan_to_aml,3,122,200,16.672900,
segmentation_only,10,2,perf-segmentation_only-r010-20260818T025847Z,loan_to_aml,3,123,200,15.334300,
segmentation_only,10,2,perf-segmentation_only-r010-20260818T025847Z,loan_to_aml,3,124,200,15.020800,
segmentation_only,10,2,perf-segmentation_only-r010-20260818T025847Z,loan_to_aml,3,125,200,14.947500,
segmentation_only,10,2,perf-segmentation_only-r010-20260818T025847Z,loan_to_aml,3,126,200,16.059600,
segmentation_only,10,2,perf-segmentation_only-r010-20260818T025847Z,loan_to_aml,3,127,200,15.925200,
segmentation_only,10,2,perf-segmentation_only-r010-20260818T025847Z,loan_to_aml,3,128,200,16.031000,
segmentation_only,10,2,perf-segmentation_only-r010-20260818T025847Z,loan_to_aml,3,129,200,15.966200,
segmentation_only,10,2,perf-segmentation_only-r010-20260818T025847Z,loan_to_aml,3,130,200,15.940000,
segmentation_only,10,2,perf-segmentation_only-r010-20260818T025847Z,loan_to_aml,3,131,200,16.483100,
segmentation_only,10,2,perf-segmentation_only-r010-20260818T025847Z,loan_to_aml,3,132,200,16.705100,
segmentation_only,10,2,perf-segmentation_only-r010-20260818T025847Z,loan_to_aml,3,133,200,16.746000,
segmentation_only,10,2,perf-segmentation_only-r010-20260818T025847Z,loan_to_aml,3,134,200,16.029200,
segmentation_only,10,2,perf-segmentation_only-r010-20260818T025847Z,loan_to_aml,3,135,200,15.841200,
segmentation_only,10,2,perf-segmentation_only-r010-20260818T025847Z,loan_to_aml,3,136,200,16.148800,
segmentation_only,10,2,perf-segmentation_only-r010-20260818T025847Z,loan_to_aml,3,137,200,15.908800,
segmentation_only,10,2,perf-segmentation_only-r010-20260818T025847Z,loan_to_aml,3,138,200,17.605300,
segmentation_only,10,2,perf-segmentation_only-r010-20260818T025847Z,loan_to_aml,3,139,200,16.535300,
segmentation_only,10,2,perf-segmentation_only-r010-20260818T025847Z,loan_to_aml,3,140,200,16.239700,
segmentation_only,10,2,perf-segmentation_only-r010-20260818T025847Z,loan_to_aml,3,141,200,16.718600,
segmentation_only,10,2,perf-segmentation_only-r010-20260818T025847Z,loan_to_aml,3,142,200,17.417900,
segmentation_only,10,2,perf-segmentation_only-r010-20260818T025847Z,loan_to_aml,3,143,200,16.419600,
segmentation_only,10,2,perf-segmentation_only-r010-20260818T025847Z,loan_to_aml,3,144,200,16.265100,
segmentation_only,10,2,perf-segmentation_only-r010-20260818T025847Z,loan_to_aml,3,145,200,16.885900,
segmentation_only,10,2,perf-segmentation_only-r010-20260818T025847Z,loan_to_aml,3,146,200,16.761700,
segmentation_only,10,2,perf-segmentation_only-r010-20260818T025847Z,loan_to_aml,3,147,200,16.007900,
segmentation_only,10,2,perf-segmentation_only-r010-20260818T025847Z,loan_to_aml,3,148,200,16.227300,
segmentation_only,10,2,perf-segmentation_only-r010-20260818T025847Z,loan_to_aml,3,149,200,16.617500,
segmentation_only,10,2,perf-segmentation_only-r010-20260818T025847Z,loan_to_aml,3,150,200,16.567800,
segmentation_only,10,2,perf-segmentation_only-r010-20260818T025847Z,loan_to_aml,3,151,200,21.133300,
segmentation_only,10,2,perf-segmentation_only-r010-20260818T025847Z,loan_to_aml,3,152,200,16.491800,
segmentation_only,10,2,perf-segmentation_only-r010-20260818T025847Z,loan_to_aml,3,153,200,16.988000,
segmentation_only,10,2,perf-segmentation_only-r010-20260818T025847Z,loan_to_aml,3,154,200,16.401900,
segmentation_only,10,2,perf-segmentation_only-r010-20260818T025847Z,loan_to_aml,3,155,200,16.806400,
segmentation_only,10,2,perf-segmentation_only-r010-20260818T025847Z,loan_to_aml,3,156,200,16.640200,
segmentation_only,10,2,perf-segmentation_only-r010-20260818T025847Z,loan_to_aml,3,157,200,17.020700,
segmentation_only,10,2,perf-segmentation_only-r010-20260818T025847Z,loan_to_aml,3,158,200,15.778000,
segmentation_only,10,2,perf-segmentation_only-r010-20260818T025847Z,loan_to_aml,3,159,200,15.940300,
segmentation_only,10,2,perf-segmentation_only-r010-20260818T025847Z,loan_to_aml,3,160,200,16.141800,
segmentation_only,10,2,perf-segmentation_only-r010-20260818T025847Z,loan_to_aml,3,161,200,16.476200,
segmentation_only,10,2,perf-segmentation_only-r010-20260818T025847Z,loan_to_aml,3,162,200,16.411300,
segmentation_only,10,2,perf-segmentation_only-r010-20260818T025847Z,loan_to_aml,3,163,200,15.930100,
segmentation_only,10,2,perf-segmentation_only-r010-20260818T025847Z,loan_to_aml,3,164,200,16.511300,
segmentation_only,10,2,perf-segmentation_only-r010-20260818T025847Z,loan_to_aml,3,165,200,16.477800,
segmentation_only,10,2,perf-segmentation_only-r010-20260818T025847Z,loan_to_aml,3,166,200,16.070400,
segmentation_only,10,2,perf-segmentation_only-r010-20260818T025847Z,loan_to_aml,3,167,200,15.949800,
segmentation_only,10,2,perf-segmentation_only-r010-20260818T025847Z,loan_to_aml,3,168,200,16.171800,
segmentation_only,10,2,perf-segmentation_only-r010-20260818T025847Z,loan_to_aml,3,169,200,16.027200,
segmentation_only,10,2,perf-segmentation_only-r010-20260818T025847Z,loan_to_aml,3,170,200,15.986800,
segmentation_only,10,2,perf-segmentation_only-r010-20260818T025847Z,loan_to_aml,3,171,200,15.972000,
segmentation_only,10,2,perf-segmentation_only-r010-20260818T025847Z,loan_to_aml,3,172,200,18.147100,
segmentation_only,10,2,perf-segmentation_only-r010-20260818T025847Z,loan_to_aml,3,173,200,16.483500,
segmentation_only,10,2,perf-segmentation_only-r010-20260818T025847Z,loan_to_aml,3,174,200,18.718700,
segmentation_only,10,2,perf-segmentation_only-r010-20260818T025847Z,loan_to_aml,3,175,200,16.218800,
segmentation_only,10,2,perf-segmentation_only-r010-20260818T025847Z,loan_to_aml,3,176,200,16.397200,
segmentation_only,10,2,perf-segmentation_only-r010-20260818T025847Z,loan_to_aml,3,177,200,16.680300,
segmentation_only,10,2,perf-segmentation_only-r010-20260818T025847Z,loan_to_aml,3,178,200,16.294800,
segmentation_only,10,2,perf-segmentation_only-r010-20260818T025847Z,loan_to_aml,3,179,200,15.428700,
segmentation_only,10,2,perf-segmentation_only-r010-20260818T025847Z,loan_to_aml,3,180,200,14.950800,
segmentation_only,10,2,perf-segmentation_only-r010-20260818T025847Z,loan_to_aml,3,181,200,16.762000,
segmentation_only,10,2,perf-segmentation_only-r010-20260818T025847Z,loan_to_aml,3,182,200,15.418900,
segmentation_only,10,2,perf-segmentation_only-r010-20260818T025847Z,loan_to_aml,3,183,200,16.406400,
segmentation_only,10,2,perf-segmentation_only-r010-20260818T025847Z,loan_to_aml,3,184,200,15.755300,
segmentation_only,10,2,perf-segmentation_only-r010-20260818T025847Z,loan_to_aml,3,185,200,15.949000,
segmentation_only,10,2,perf-segmentation_only-r010-20260818T025847Z,loan_to_aml,3,186,200,16.913200,
segmentation_only,10,2,perf-segmentation_only-r010-20260818T025847Z,loan_to_aml,3,187,200,15.876500,
segmentation_only,10,2,perf-segmentation_only-r010-20260818T025847Z,loan_to_aml,3,188,200,17.274300,
segmentation_only,10,2,perf-segmentation_only-r010-20260818T025847Z,loan_to_aml,3,189,200,17.259500,
segmentation_only,10,2,perf-segmentation_only-r010-20260818T025847Z,loan_to_aml,3,190,200,17.254600,
segmentation_only,10,2,perf-segmentation_only-r010-20260818T025847Z,loan_to_aml,3,191,200,16.355300,
segmentation_only,10,2,perf-segmentation_only-r010-20260818T025847Z,loan_to_aml,3,192,200,17.712600,
segmentation_only,10,2,perf-segmentation_only-r010-20260818T025847Z,loan_to_aml,3,193,200,16.477900,
segmentation_only,10,2,perf-segmentation_only-r010-20260818T025847Z,loan_to_aml,3,194,200,15.778400,
segmentation_only,10,2,perf-segmentation_only-r010-20260818T025847Z,loan_to_aml,3,195,200,17.241300,
segmentation_only,10,2,perf-segmentation_only-r010-20260818T025847Z,loan_to_aml,3,196,200,17.796100,
segmentation_only,10,2,perf-segmentation_only-r010-20260818T025847Z,loan_to_aml,3,197,200,17.408700,
segmentation_only,10,2,perf-segmentation_only-r010-20260818T025847Z,loan_to_aml,3,198,200,16.270500,
segmentation_only,10,2,perf-segmentation_only-r010-20260818T025847Z,loan_to_aml,3,199,200,16.293600,
segmentation_only,10,2,perf-segmentation_only-r010-20260818T025847Z,loan_to_aml,3,200,200,15.658300,
segmentation_only,10,2,perf-segmentation_only-r010-20260818T025847Z,loan_to_approval,1,1,200,16.041200,
segmentation_only,10,2,perf-segmentation_only-r010-20260818T025847Z,loan_to_approval,1,2,200,15.470400,
segmentation_only,10,2,perf-segmentation_only-r010-20260818T025847Z,loan_to_approval,1,3,200,15.767400,
segmentation_only,10,2,perf-segmentation_only-r010-20260818T025847Z,loan_to_approval,1,4,200,16.113600,
segmentation_only,10,2,perf-segmentation_only-r010-20260818T025847Z,loan_to_approval,1,5,200,17.272400,
segmentation_only,10,2,perf-segmentation_only-r010-20260818T025847Z,loan_to_approval,1,6,200,15.409200,
segmentation_only,10,2,perf-segmentation_only-r010-20260818T025847Z,loan_to_approval,1,7,200,15.936200,
segmentation_only,10,2,perf-segmentation_only-r010-20260818T025847Z,loan_to_approval,1,8,200,16.278200,
segmentation_only,10,2,perf-segmentation_only-r010-20260818T025847Z,loan_to_approval,1,9,200,15.782900,
segmentation_only,10,2,perf-segmentation_only-r010-20260818T025847Z,loan_to_approval,1,10,200,15.943100,
segmentation_only,10,2,perf-segmentation_only-r010-20260818T025847Z,loan_to_approval,1,11,200,16.066900,
segmentation_only,10,2,perf-segmentation_only-r010-20260818T025847Z,loan_to_approval,1,12,200,15.826100,
segmentation_only,10,2,perf-segmentation_only-r010-20260818T025847Z,loan_to_approval,1,13,200,16.509800,
segmentation_only,10,2,perf-segmentation_only-r010-20260818T025847Z,loan_to_approval,1,14,200,16.667900,
segmentation_only,10,2,perf-segmentation_only-r010-20260818T025847Z,loan_to_approval,1,15,200,16.136500,
segmentation_only,10,2,perf-segmentation_only-r010-20260818T025847Z,loan_to_approval,1,16,200,16.905900,
segmentation_only,10,2,perf-segmentation_only-r010-20260818T025847Z,loan_to_approval,1,17,200,17.712500,
segmentation_only,10,2,perf-segmentation_only-r010-20260818T025847Z,loan_to_approval,1,18,200,17.327700,
segmentation_only,10,2,perf-segmentation_only-r010-20260818T025847Z,loan_to_approval,1,19,200,16.668500,
segmentation_only,10,2,perf-segmentation_only-r010-20260818T025847Z,loan_to_approval,1,20,200,15.956200,
segmentation_only,10,2,perf-segmentation_only-r010-20260818T025847Z,loan_to_approval,1,21,200,15.935200,
segmentation_only,10,2,perf-segmentation_only-r010-20260818T025847Z,loan_to_approval,1,22,200,16.054900,
segmentation_only,10,2,perf-segmentation_only-r010-20260818T025847Z,loan_to_approval,1,23,200,15.863200,
segmentation_only,10,2,perf-segmentation_only-r010-20260818T025847Z,loan_to_approval,1,24,200,16.422700,
segmentation_only,10,2,perf-segmentation_only-r010-20260818T025847Z,loan_to_approval,1,25,200,15.801700,
segmentation_only,10,2,perf-segmentation_only-r010-20260818T025847Z,loan_to_approval,1,26,200,16.221900,
segmentation_only,10,2,perf-segmentation_only-r010-20260818T025847Z,loan_to_approval,1,27,200,15.445600,
segmentation_only,10,2,perf-segmentation_only-r010-20260818T025847Z,loan_to_approval,1,28,200,16.014300,
segmentation_only,10,2,perf-segmentation_only-r010-20260818T025847Z,loan_to_approval,1,29,200,16.161100,
segmentation_only,10,2,perf-segmentation_only-r010-20260818T025847Z,loan_to_approval,1,30,200,15.749800,
segmentation_only,10,2,perf-segmentation_only-r010-20260818T025847Z,loan_to_approval,1,31,200,16.238100,
segmentation_only,10,2,perf-segmentation_only-r010-20260818T025847Z,loan_to_approval,1,32,200,16.734600,
segmentation_only,10,2,perf-segmentation_only-r010-20260818T025847Z,loan_to_approval,1,33,200,16.471100,
segmentation_only,10,2,perf-segmentation_only-r010-20260818T025847Z,loan_to_approval,1,34,200,16.760400,
segmentation_only,10,2,perf-segmentation_only-r010-20260818T025847Z,loan_to_approval,1,35,200,16.157300,
segmentation_only,10,2,perf-segmentation_only-r010-20260818T025847Z,loan_to_approval,1,36,200,17.038000,
segmentation_only,10,2,perf-segmentation_only-r010-20260818T025847Z,loan_to_approval,1,37,200,15.648100,
segmentation_only,10,2,perf-segmentation_only-r010-20260818T025847Z,loan_to_approval,1,38,200,15.761400,
segmentation_only,10,2,perf-segmentation_only-r010-20260818T025847Z,loan_to_approval,1,39,200,16.396200,
segmentation_only,10,2,perf-segmentation_only-r010-20260818T025847Z,loan_to_approval,1,40,200,15.342100,
segmentation_only,10,2,perf-segmentation_only-r010-20260818T025847Z,loan_to_approval,1,41,200,16.557900,
segmentation_only,10,2,perf-segmentation_only-r010-20260818T025847Z,loan_to_approval,1,42,200,17.213400,
segmentation_only,10,2,perf-segmentation_only-r010-20260818T025847Z,loan_to_approval,1,43,200,16.481700,
segmentation_only,10,2,perf-segmentation_only-r010-20260818T025847Z,loan_to_approval,1,44,200,16.077000,
segmentation_only,10,2,perf-segmentation_only-r010-20260818T025847Z,loan_to_approval,1,45,200,16.183500,
segmentation_only,10,2,perf-segmentation_only-r010-20260818T025847Z,loan_to_approval,1,46,200,17.143300,
segmentation_only,10,2,perf-segmentation_only-r010-20260818T025847Z,loan_to_approval,1,47,200,16.719200,
segmentation_only,10,2,perf-segmentation_only-r010-20260818T025847Z,loan_to_approval,1,48,200,16.859700,
segmentation_only,10,2,perf-segmentation_only-r010-20260818T025847Z,loan_to_approval,1,49,200,16.108400,
segmentation_only,10,2,perf-segmentation_only-r010-20260818T025847Z,loan_to_approval,1,50,200,16.882400,
segmentation_only,10,2,perf-segmentation_only-r010-20260818T025847Z,loan_to_approval,1,51,200,17.246000,
segmentation_only,10,2,perf-segmentation_only-r010-20260818T025847Z,loan_to_approval,1,52,200,15.784900,
segmentation_only,10,2,perf-segmentation_only-r010-20260818T025847Z,loan_to_approval,1,53,200,15.982800,
segmentation_only,10,2,perf-segmentation_only-r010-20260818T025847Z,loan_to_approval,1,54,200,16.760300,
segmentation_only,10,2,perf-segmentation_only-r010-20260818T025847Z,loan_to_approval,1,55,200,15.738100,
segmentation_only,10,2,perf-segmentation_only-r010-20260818T025847Z,loan_to_approval,1,56,200,16.568700,
segmentation_only,10,2,perf-segmentation_only-r010-20260818T025847Z,loan_to_approval,1,57,200,17.794000,
segmentation_only,10,2,perf-segmentation_only-r010-20260818T025847Z,loan_to_approval,1,58,200,17.574800,
segmentation_only,10,2,perf-segmentation_only-r010-20260818T025847Z,loan_to_approval,1,59,200,18.031600,
segmentation_only,10,2,perf-segmentation_only-r010-20260818T025847Z,loan_to_approval,1,60,200,17.544300,
segmentation_only,10,2,perf-segmentation_only-r010-20260818T025847Z,loan_to_approval,1,61,200,17.360300,
segmentation_only,10,2,perf-segmentation_only-r010-20260818T025847Z,loan_to_approval,1,62,200,19.827300,
segmentation_only,10,2,perf-segmentation_only-r010-20260818T025847Z,loan_to_approval,1,63,200,17.412000,
segmentation_only,10,2,perf-segmentation_only-r010-20260818T025847Z,loan_to_approval,1,64,200,18.101700,
segmentation_only,10,2,perf-segmentation_only-r010-20260818T025847Z,loan_to_approval,1,65,200,17.394700,
segmentation_only,10,2,perf-segmentation_only-r010-20260818T025847Z,loan_to_approval,1,66,200,17.123400,
segmentation_only,10,2,perf-segmentation_only-r010-20260818T025847Z,loan_to_approval,1,67,200,16.260700,
segmentation_only,10,2,perf-segmentation_only-r010-20260818T025847Z,loan_to_approval,1,68,200,16.242300,
segmentation_only,10,2,perf-segmentation_only-r010-20260818T025847Z,loan_to_approval,1,69,200,15.877200,
segmentation_only,10,2,perf-segmentation_only-r010-20260818T025847Z,loan_to_approval,1,70,200,16.104800,
segmentation_only,10,2,perf-segmentation_only-r010-20260818T025847Z,loan_to_approval,1,71,200,15.433400,
segmentation_only,10,2,perf-segmentation_only-r010-20260818T025847Z,loan_to_approval,1,72,200,16.175400,
segmentation_only,10,2,perf-segmentation_only-r010-20260818T025847Z,loan_to_approval,1,73,200,15.927900,
segmentation_only,10,2,perf-segmentation_only-r010-20260818T025847Z,loan_to_approval,1,74,200,17.307700,
segmentation_only,10,2,perf-segmentation_only-r010-20260818T025847Z,loan_to_approval,1,75,200,15.917100,
segmentation_only,10,2,perf-segmentation_only-r010-20260818T025847Z,loan_to_approval,1,76,200,17.176700,
segmentation_only,10,2,perf-segmentation_only-r010-20260818T025847Z,loan_to_approval,1,77,200,16.625900,
segmentation_only,10,2,perf-segmentation_only-r010-20260818T025847Z,loan_to_approval,1,78,200,15.855800,
segmentation_only,10,2,perf-segmentation_only-r010-20260818T025847Z,loan_to_approval,1,79,200,16.017900,
segmentation_only,10,2,perf-segmentation_only-r010-20260818T025847Z,loan_to_approval,1,80,200,15.933000,
segmentation_only,10,2,perf-segmentation_only-r010-20260818T025847Z,loan_to_approval,1,81,200,16.379500,
segmentation_only,10,2,perf-segmentation_only-r010-20260818T025847Z,loan_to_approval,1,82,200,15.815100,
segmentation_only,10,2,perf-segmentation_only-r010-20260818T025847Z,loan_to_approval,1,83,200,16.295800,
segmentation_only,10,2,perf-segmentation_only-r010-20260818T025847Z,loan_to_approval,1,84,200,17.051100,
segmentation_only,10,2,perf-segmentation_only-r010-20260818T025847Z,loan_to_approval,1,85,200,15.329400,
segmentation_only,10,2,perf-segmentation_only-r010-20260818T025847Z,loan_to_approval,1,86,200,16.095600,
segmentation_only,10,2,perf-segmentation_only-r010-20260818T025847Z,loan_to_approval,1,87,200,17.286400,
segmentation_only,10,2,perf-segmentation_only-r010-20260818T025847Z,loan_to_approval,1,88,200,15.598300,
segmentation_only,10,2,perf-segmentation_only-r010-20260818T025847Z,loan_to_approval,1,89,200,16.265900,
segmentation_only,10,2,perf-segmentation_only-r010-20260818T025847Z,loan_to_approval,1,90,200,15.840500,
segmentation_only,10,2,perf-segmentation_only-r010-20260818T025847Z,loan_to_approval,1,91,200,16.039300,
segmentation_only,10,2,perf-segmentation_only-r010-20260818T025847Z,loan_to_approval,1,92,200,16.291700,
segmentation_only,10,2,perf-segmentation_only-r010-20260818T025847Z,loan_to_approval,1,93,200,15.755700,
segmentation_only,10,2,perf-segmentation_only-r010-20260818T025847Z,loan_to_approval,1,94,200,16.110500,
segmentation_only,10,2,perf-segmentation_only-r010-20260818T025847Z,loan_to_approval,1,95,200,16.663100,
segmentation_only,10,2,perf-segmentation_only-r010-20260818T025847Z,loan_to_approval,1,96,200,15.767500,
segmentation_only,10,2,perf-segmentation_only-r010-20260818T025847Z,loan_to_approval,1,97,200,16.153200,
segmentation_only,10,2,perf-segmentation_only-r010-20260818T025847Z,loan_to_approval,1,98,200,15.765900,
segmentation_only,10,2,perf-segmentation_only-r010-20260818T025847Z,loan_to_approval,1,99,200,16.024500,
segmentation_only,10,2,perf-segmentation_only-r010-20260818T025847Z,loan_to_approval,1,100,200,16.183700,
segmentation_only,10,2,perf-segmentation_only-r010-20260818T025847Z,loan_to_approval,1,101,200,15.917400,
segmentation_only,10,2,perf-segmentation_only-r010-20260818T025847Z,loan_to_approval,1,102,200,16.944200,
segmentation_only,10,2,perf-segmentation_only-r010-20260818T025847Z,loan_to_approval,1,103,200,16.313500,
segmentation_only,10,2,perf-segmentation_only-r010-20260818T025847Z,loan_to_approval,1,104,200,16.801400,
segmentation_only,10,2,perf-segmentation_only-r010-20260818T025847Z,loan_to_approval,1,105,200,16.244500,
segmentation_only,10,2,perf-segmentation_only-r010-20260818T025847Z,loan_to_approval,1,106,200,16.115700,
segmentation_only,10,2,perf-segmentation_only-r010-20260818T025847Z,loan_to_approval,1,107,200,15.564500,
segmentation_only,10,2,perf-segmentation_only-r010-20260818T025847Z,loan_to_approval,1,108,200,16.191300,
segmentation_only,10,2,perf-segmentation_only-r010-20260818T025847Z,loan_to_approval,1,109,200,15.686600,
segmentation_only,10,2,perf-segmentation_only-r010-20260818T025847Z,loan_to_approval,1,110,200,16.209000,
segmentation_only,10,2,perf-segmentation_only-r010-20260818T025847Z,loan_to_approval,1,111,200,16.122000,
segmentation_only,10,2,perf-segmentation_only-r010-20260818T025847Z,loan_to_approval,1,112,200,15.878700,
segmentation_only,10,2,perf-segmentation_only-r010-20260818T025847Z,loan_to_approval,1,113,200,20.570800,
segmentation_only,10,2,perf-segmentation_only-r010-20260818T025847Z,loan_to_approval,1,114,200,17.801900,
segmentation_only,10,2,perf-segmentation_only-r010-20260818T025847Z,loan_to_approval,1,115,200,16.277800,
segmentation_only,10,2,perf-segmentation_only-r010-20260818T025847Z,loan_to_approval,1,116,200,16.111200,
segmentation_only,10,2,perf-segmentation_only-r010-20260818T025847Z,loan_to_approval,1,117,200,15.545800,
segmentation_only,10,2,perf-segmentation_only-r010-20260818T025847Z,loan_to_approval,1,118,200,15.298100,
segmentation_only,10,2,perf-segmentation_only-r010-20260818T025847Z,loan_to_approval,1,119,200,15.903500,
segmentation_only,10,2,perf-segmentation_only-r010-20260818T025847Z,loan_to_approval,1,120,200,16.292900,
segmentation_only,10,2,perf-segmentation_only-r010-20260818T025847Z,loan_to_approval,1,121,200,15.466900,
segmentation_only,10,2,perf-segmentation_only-r010-20260818T025847Z,loan_to_approval,1,122,200,16.195800,
segmentation_only,10,2,perf-segmentation_only-r010-20260818T025847Z,loan_to_approval,1,123,200,16.352500,
segmentation_only,10,2,perf-segmentation_only-r010-20260818T025847Z,loan_to_approval,1,124,200,17.192700,
segmentation_only,10,2,perf-segmentation_only-r010-20260818T025847Z,loan_to_approval,1,125,200,15.431800,
segmentation_only,10,2,perf-segmentation_only-r010-20260818T025847Z,loan_to_approval,1,126,200,16.171300,
segmentation_only,10,2,perf-segmentation_only-r010-20260818T025847Z,loan_to_approval,1,127,200,15.785700,
segmentation_only,10,2,perf-segmentation_only-r010-20260818T025847Z,loan_to_approval,1,128,200,15.849900,
segmentation_only,10,2,perf-segmentation_only-r010-20260818T025847Z,loan_to_approval,1,129,200,16.362200,
segmentation_only,10,2,perf-segmentation_only-r010-20260818T025847Z,loan_to_approval,1,130,200,16.959300,
segmentation_only,10,2,perf-segmentation_only-r010-20260818T025847Z,loan_to_approval,1,131,200,15.696600,
segmentation_only,10,2,perf-segmentation_only-r010-20260818T025847Z,loan_to_approval,1,132,200,16.297100,
segmentation_only,10,2,perf-segmentation_only-r010-20260818T025847Z,loan_to_approval,1,133,200,16.983700,
segmentation_only,10,2,perf-segmentation_only-r010-20260818T025847Z,loan_to_approval,1,134,200,17.512200,
segmentation_only,10,2,perf-segmentation_only-r010-20260818T025847Z,loan_to_approval,1,135,200,16.192900,
segmentation_only,10,2,perf-segmentation_only-r010-20260818T025847Z,loan_to_approval,1,136,200,16.068100,
segmentation_only,10,2,perf-segmentation_only-r010-20260818T025847Z,loan_to_approval,1,137,200,15.783800,
segmentation_only,10,2,perf-segmentation_only-r010-20260818T025847Z,loan_to_approval,1,138,200,16.086300,
segmentation_only,10,2,perf-segmentation_only-r010-20260818T025847Z,loan_to_approval,1,139,200,15.970000,
segmentation_only,10,2,perf-segmentation_only-r010-20260818T025847Z,loan_to_approval,1,140,200,15.904200,
segmentation_only,10,2,perf-segmentation_only-r010-20260818T025847Z,loan_to_approval,1,141,200,15.036200,
segmentation_only,10,2,perf-segmentation_only-r010-20260818T025847Z,loan_to_approval,1,142,200,16.289400,
segmentation_only,10,2,perf-segmentation_only-r010-20260818T025847Z,loan_to_approval,1,143,200,15.826000,
segmentation_only,10,2,perf-segmentation_only-r010-20260818T025847Z,loan_to_approval,1,144,200,16.265900,
segmentation_only,10,2,perf-segmentation_only-r010-20260818T025847Z,loan_to_approval,1,145,200,15.611300,
segmentation_only,10,2,perf-segmentation_only-r010-20260818T025847Z,loan_to_approval,1,146,200,15.944100,
segmentation_only,10,2,perf-segmentation_only-r010-20260818T025847Z,loan_to_approval,1,147,200,16.230600,
segmentation_only,10,2,perf-segmentation_only-r010-20260818T025847Z,loan_to_approval,1,148,200,15.789400,
segmentation_only,10,2,perf-segmentation_only-r010-20260818T025847Z,loan_to_approval,1,149,200,15.808500,
segmentation_only,10,2,perf-segmentation_only-r010-20260818T025847Z,loan_to_approval,1,150,200,15.885000,
segmentation_only,10,2,perf-segmentation_only-r010-20260818T025847Z,loan_to_approval,1,151,200,16.058500,
segmentation_only,10,2,perf-segmentation_only-r010-20260818T025847Z,loan_to_approval,1,152,200,15.879400,
segmentation_only,10,2,perf-segmentation_only-r010-20260818T025847Z,loan_to_approval,1,153,200,16.270100,
segmentation_only,10,2,perf-segmentation_only-r010-20260818T025847Z,loan_to_approval,1,154,200,17.403700,
segmentation_only,10,2,perf-segmentation_only-r010-20260818T025847Z,loan_to_approval,1,155,200,15.421000,
segmentation_only,10,2,perf-segmentation_only-r010-20260818T025847Z,loan_to_approval,1,156,200,15.921600,
segmentation_only,10,2,perf-segmentation_only-r010-20260818T025847Z,loan_to_approval,1,157,200,16.172000,
segmentation_only,10,2,perf-segmentation_only-r010-20260818T025847Z,loan_to_approval,1,158,200,16.076800,
segmentation_only,10,2,perf-segmentation_only-r010-20260818T025847Z,loan_to_approval,1,159,200,15.506700,
segmentation_only,10,2,perf-segmentation_only-r010-20260818T025847Z,loan_to_approval,1,160,200,16.460500,
segmentation_only,10,2,perf-segmentation_only-r010-20260818T025847Z,loan_to_approval,1,161,200,15.908200,
segmentation_only,10,2,perf-segmentation_only-r010-20260818T025847Z,loan_to_approval,1,162,200,15.888000,
segmentation_only,10,2,perf-segmentation_only-r010-20260818T025847Z,loan_to_approval,1,163,200,16.056400,
segmentation_only,10,2,perf-segmentation_only-r010-20260818T025847Z,loan_to_approval,1,164,200,15.818800,
segmentation_only,10,2,perf-segmentation_only-r010-20260818T025847Z,loan_to_approval,1,165,200,15.846400,
segmentation_only,10,2,perf-segmentation_only-r010-20260818T025847Z,loan_to_approval,1,166,200,15.955700,
segmentation_only,10,2,perf-segmentation_only-r010-20260818T025847Z,loan_to_approval,1,167,200,16.403800,
segmentation_only,10,2,perf-segmentation_only-r010-20260818T025847Z,loan_to_approval,1,168,200,15.629100,
segmentation_only,10,2,perf-segmentation_only-r010-20260818T025847Z,loan_to_approval,1,169,200,16.358500,
segmentation_only,10,2,perf-segmentation_only-r010-20260818T025847Z,loan_to_approval,1,170,200,15.619500,
segmentation_only,10,2,perf-segmentation_only-r010-20260818T025847Z,loan_to_approval,1,171,200,16.196400,
segmentation_only,10,2,perf-segmentation_only-r010-20260818T025847Z,loan_to_approval,1,172,200,17.348200,
segmentation_only,10,2,perf-segmentation_only-r010-20260818T025847Z,loan_to_approval,1,173,200,17.234600,
segmentation_only,10,2,perf-segmentation_only-r010-20260818T025847Z,loan_to_approval,1,174,200,16.963800,
segmentation_only,10,2,perf-segmentation_only-r010-20260818T025847Z,loan_to_approval,1,175,200,16.571400,
segmentation_only,10,2,perf-segmentation_only-r010-20260818T025847Z,loan_to_approval,1,176,200,16.089600,
segmentation_only,10,2,perf-segmentation_only-r010-20260818T025847Z,loan_to_approval,1,177,200,15.809000,
segmentation_only,10,2,perf-segmentation_only-r010-20260818T025847Z,loan_to_approval,1,178,200,14.716900,
segmentation_only,10,2,perf-segmentation_only-r010-20260818T025847Z,loan_to_approval,1,179,200,15.601000,
segmentation_only,10,2,perf-segmentation_only-r010-20260818T025847Z,loan_to_approval,1,180,200,15.351000,
segmentation_only,10,2,perf-segmentation_only-r010-20260818T025847Z,loan_to_approval,1,181,200,16.025200,
segmentation_only,10,2,perf-segmentation_only-r010-20260818T025847Z,loan_to_approval,1,182,200,16.029500,
segmentation_only,10,2,perf-segmentation_only-r010-20260818T025847Z,loan_to_approval,1,183,200,16.222700,
segmentation_only,10,2,perf-segmentation_only-r010-20260818T025847Z,loan_to_approval,1,184,200,15.451100,
segmentation_only,10,2,perf-segmentation_only-r010-20260818T025847Z,loan_to_approval,1,185,200,15.928500,
segmentation_only,10,2,perf-segmentation_only-r010-20260818T025847Z,loan_to_approval,1,186,200,16.769400,
segmentation_only,10,2,perf-segmentation_only-r010-20260818T025847Z,loan_to_approval,1,187,200,17.394300,
segmentation_only,10,2,perf-segmentation_only-r010-20260818T025847Z,loan_to_approval,1,188,200,17.464400,
segmentation_only,10,2,perf-segmentation_only-r010-20260818T025847Z,loan_to_approval,1,189,200,17.033400,
segmentation_only,10,2,perf-segmentation_only-r010-20260818T025847Z,loan_to_approval,1,190,200,18.844800,
segmentation_only,10,2,perf-segmentation_only-r010-20260818T025847Z,loan_to_approval,1,191,200,19.481800,
segmentation_only,10,2,perf-segmentation_only-r010-20260818T025847Z,loan_to_approval,1,192,200,20.418700,
segmentation_only,10,2,perf-segmentation_only-r010-20260818T025847Z,loan_to_approval,1,193,200,18.969000,
segmentation_only,10,2,perf-segmentation_only-r010-20260818T025847Z,loan_to_approval,1,194,200,19.059700,
segmentation_only,10,2,perf-segmentation_only-r010-20260818T025847Z,loan_to_approval,1,195,200,16.568600,
segmentation_only,10,2,perf-segmentation_only-r010-20260818T025847Z,loan_to_approval,1,196,200,16.352500,
segmentation_only,10,2,perf-segmentation_only-r010-20260818T025847Z,loan_to_approval,1,197,200,17.894900,
segmentation_only,10,2,perf-segmentation_only-r010-20260818T025847Z,loan_to_approval,1,198,200,19.820500,
segmentation_only,10,2,perf-segmentation_only-r010-20260818T025847Z,loan_to_approval,1,199,200,18.949300,
segmentation_only,10,2,perf-segmentation_only-r010-20260818T025847Z,loan_to_approval,1,200,200,17.050900,
segmentation_only,10,2,perf-segmentation_only-r010-20260818T025847Z,loan_to_approval,2,1,200,16.482300,
segmentation_only,10,2,perf-segmentation_only-r010-20260818T025847Z,loan_to_approval,2,2,200,17.653200,
segmentation_only,10,2,perf-segmentation_only-r010-20260818T025847Z,loan_to_approval,2,3,200,16.752100,
segmentation_only,10,2,perf-segmentation_only-r010-20260818T025847Z,loan_to_approval,2,4,200,15.525500,
segmentation_only,10,2,perf-segmentation_only-r010-20260818T025847Z,loan_to_approval,2,5,200,16.398400,
segmentation_only,10,2,perf-segmentation_only-r010-20260818T025847Z,loan_to_approval,2,6,200,17.013000,
segmentation_only,10,2,perf-segmentation_only-r010-20260818T025847Z,loan_to_approval,2,7,200,16.351600,
segmentation_only,10,2,perf-segmentation_only-r010-20260818T025847Z,loan_to_approval,2,8,200,15.590900,
segmentation_only,10,2,perf-segmentation_only-r010-20260818T025847Z,loan_to_approval,2,9,200,15.613800,
segmentation_only,10,2,perf-segmentation_only-r010-20260818T025847Z,loan_to_approval,2,10,200,15.182500,
segmentation_only,10,2,perf-segmentation_only-r010-20260818T025847Z,loan_to_approval,2,11,200,15.862200,
segmentation_only,10,2,perf-segmentation_only-r010-20260818T025847Z,loan_to_approval,2,12,200,15.991600,
segmentation_only,10,2,perf-segmentation_only-r010-20260818T025847Z,loan_to_approval,2,13,200,16.144000,
segmentation_only,10,2,perf-segmentation_only-r010-20260818T025847Z,loan_to_approval,2,14,200,16.067400,
segmentation_only,10,2,perf-segmentation_only-r010-20260818T025847Z,loan_to_approval,2,15,200,20.542400,
segmentation_only,10,2,perf-segmentation_only-r010-20260818T025847Z,loan_to_approval,2,16,200,18.211700,
segmentation_only,10,2,perf-segmentation_only-r010-20260818T025847Z,loan_to_approval,2,17,200,17.154600,
segmentation_only,10,2,perf-segmentation_only-r010-20260818T025847Z,loan_to_approval,2,18,200,15.715000,
segmentation_only,10,2,perf-segmentation_only-r010-20260818T025847Z,loan_to_approval,2,19,200,16.135200,
segmentation_only,10,2,perf-segmentation_only-r010-20260818T025847Z,loan_to_approval,2,20,200,15.779800,
segmentation_only,10,2,perf-segmentation_only-r010-20260818T025847Z,loan_to_approval,2,21,200,16.028700,
segmentation_only,10,2,perf-segmentation_only-r010-20260818T025847Z,loan_to_approval,2,22,200,16.023600,
segmentation_only,10,2,perf-segmentation_only-r010-20260818T025847Z,loan_to_approval,2,23,200,16.092200,
segmentation_only,10,2,perf-segmentation_only-r010-20260818T025847Z,loan_to_approval,2,24,200,16.797200,
segmentation_only,10,2,perf-segmentation_only-r010-20260818T025847Z,loan_to_approval,2,25,200,15.970800,
segmentation_only,10,2,perf-segmentation_only-r010-20260818T025847Z,loan_to_approval,2,26,200,15.977600,
segmentation_only,10,2,perf-segmentation_only-r010-20260818T025847Z,loan_to_approval,2,27,200,15.940500,
segmentation_only,10,2,perf-segmentation_only-r010-20260818T025847Z,loan_to_approval,2,28,200,15.107900,
segmentation_only,10,2,perf-segmentation_only-r010-20260818T025847Z,loan_to_approval,2,29,200,16.049100,
segmentation_only,10,2,perf-segmentation_only-r010-20260818T025847Z,loan_to_approval,2,30,200,15.639900,
segmentation_only,10,2,perf-segmentation_only-r010-20260818T025847Z,loan_to_approval,2,31,200,16.124900,
segmentation_only,10,2,perf-segmentation_only-r010-20260818T025847Z,loan_to_approval,2,32,200,15.911700,
segmentation_only,10,2,perf-segmentation_only-r010-20260818T025847Z,loan_to_approval,2,33,200,16.380200,
segmentation_only,10,2,perf-segmentation_only-r010-20260818T025847Z,loan_to_approval,2,34,200,17.169600,
segmentation_only,10,2,perf-segmentation_only-r010-20260818T025847Z,loan_to_approval,2,35,200,16.280300,
segmentation_only,10,2,perf-segmentation_only-r010-20260818T025847Z,loan_to_approval,2,36,200,16.481900,
segmentation_only,10,2,perf-segmentation_only-r010-20260818T025847Z,loan_to_approval,2,37,200,16.044400,
segmentation_only,10,2,perf-segmentation_only-r010-20260818T025847Z,loan_to_approval,2,38,200,15.770900,
segmentation_only,10,2,perf-segmentation_only-r010-20260818T025847Z,loan_to_approval,2,39,200,15.923600,
segmentation_only,10,2,perf-segmentation_only-r010-20260818T025847Z,loan_to_approval,2,40,200,17.229200,
segmentation_only,10,2,perf-segmentation_only-r010-20260818T025847Z,loan_to_approval,2,41,200,17.332900,
segmentation_only,10,2,perf-segmentation_only-r010-20260818T025847Z,loan_to_approval,2,42,200,18.287900,
segmentation_only,10,2,perf-segmentation_only-r010-20260818T025847Z,loan_to_approval,2,43,200,17.687300,
segmentation_only,10,2,perf-segmentation_only-r010-20260818T025847Z,loan_to_approval,2,44,200,18.490800,
segmentation_only,10,2,perf-segmentation_only-r010-20260818T025847Z,loan_to_approval,2,45,200,20.586000,
segmentation_only,10,2,perf-segmentation_only-r010-20260818T025847Z,loan_to_approval,2,46,200,19.816600,
segmentation_only,10,2,perf-segmentation_only-r010-20260818T025847Z,loan_to_approval,2,47,200,19.142900,
segmentation_only,10,2,perf-segmentation_only-r010-20260818T025847Z,loan_to_approval,2,48,200,19.928800,
segmentation_only,10,2,perf-segmentation_only-r010-20260818T025847Z,loan_to_approval,2,49,200,16.797600,
segmentation_only,10,2,perf-segmentation_only-r010-20260818T025847Z,loan_to_approval,2,50,200,15.709600,
segmentation_only,10,2,perf-segmentation_only-r010-20260818T025847Z,loan_to_approval,2,51,200,15.969800,
segmentation_only,10,2,perf-segmentation_only-r010-20260818T025847Z,loan_to_approval,2,52,200,15.856600,
segmentation_only,10,2,perf-segmentation_only-r010-20260818T025847Z,loan_to_approval,2,53,200,16.576600,
segmentation_only,10,2,perf-segmentation_only-r010-20260818T025847Z,loan_to_approval,2,54,200,17.349700,
segmentation_only,10,2,perf-segmentation_only-r010-20260818T025847Z,loan_to_approval,2,55,200,19.552000,
segmentation_only,10,2,perf-segmentation_only-r010-20260818T025847Z,loan_to_approval,2,56,200,20.841100,
segmentation_only,10,2,perf-segmentation_only-r010-20260818T025847Z,loan_to_approval,2,57,200,18.244200,
segmentation_only,10,2,perf-segmentation_only-r010-20260818T025847Z,loan_to_approval,2,58,200,19.624700,
segmentation_only,10,2,perf-segmentation_only-r010-20260818T025847Z,loan_to_approval,2,59,200,16.613700,
segmentation_only,10,2,perf-segmentation_only-r010-20260818T025847Z,loan_to_approval,2,60,200,17.045600,
segmentation_only,10,2,perf-segmentation_only-r010-20260818T025847Z,loan_to_approval,2,61,200,17.327600,
segmentation_only,10,2,perf-segmentation_only-r010-20260818T025847Z,loan_to_approval,2,62,200,17.092900,
segmentation_only,10,2,perf-segmentation_only-r010-20260818T025847Z,loan_to_approval,2,63,200,17.277400,
segmentation_only,10,2,perf-segmentation_only-r010-20260818T025847Z,loan_to_approval,2,64,200,16.779700,
segmentation_only,10,2,perf-segmentation_only-r010-20260818T025847Z,loan_to_approval,2,65,200,17.116000,
segmentation_only,10,2,perf-segmentation_only-r010-20260818T025847Z,loan_to_approval,2,66,200,16.773100,
segmentation_only,10,2,perf-segmentation_only-r010-20260818T025847Z,loan_to_approval,2,67,200,16.701400,
segmentation_only,10,2,perf-segmentation_only-r010-20260818T025847Z,loan_to_approval,2,68,200,15.979300,
segmentation_only,10,2,perf-segmentation_only-r010-20260818T025847Z,loan_to_approval,2,69,200,16.898300,
segmentation_only,10,2,perf-segmentation_only-r010-20260818T025847Z,loan_to_approval,2,70,200,17.151100,
segmentation_only,10,2,perf-segmentation_only-r010-20260818T025847Z,loan_to_approval,2,71,200,17.504500,
segmentation_only,10,2,perf-segmentation_only-r010-20260818T025847Z,loan_to_approval,2,72,200,16.675500,
segmentation_only,10,2,perf-segmentation_only-r010-20260818T025847Z,loan_to_approval,2,73,200,16.550900,
segmentation_only,10,2,perf-segmentation_only-r010-20260818T025847Z,loan_to_approval,2,74,200,17.248100,
segmentation_only,10,2,perf-segmentation_only-r010-20260818T025847Z,loan_to_approval,2,75,200,16.241900,
segmentation_only,10,2,perf-segmentation_only-r010-20260818T025847Z,loan_to_approval,2,76,200,16.746800,
segmentation_only,10,2,perf-segmentation_only-r010-20260818T025847Z,loan_to_approval,2,77,200,15.577500,
segmentation_only,10,2,perf-segmentation_only-r010-20260818T025847Z,loan_to_approval,2,78,200,16.560600,
segmentation_only,10,2,perf-segmentation_only-r010-20260818T025847Z,loan_to_approval,2,79,200,16.242900,
segmentation_only,10,2,perf-segmentation_only-r010-20260818T025847Z,loan_to_approval,2,80,200,16.401400,
segmentation_only,10,2,perf-segmentation_only-r010-20260818T025847Z,loan_to_approval,2,81,200,16.002400,
segmentation_only,10,2,perf-segmentation_only-r010-20260818T025847Z,loan_to_approval,2,82,200,17.002100,
segmentation_only,10,2,perf-segmentation_only-r010-20260818T025847Z,loan_to_approval,2,83,200,16.810800,
segmentation_only,10,2,perf-segmentation_only-r010-20260818T025847Z,loan_to_approval,2,84,200,16.596900,
segmentation_only,10,2,perf-segmentation_only-r010-20260818T025847Z,loan_to_approval,2,85,200,16.100500,
segmentation_only,10,2,perf-segmentation_only-r010-20260818T025847Z,loan_to_approval,2,86,200,15.795800,
segmentation_only,10,2,perf-segmentation_only-r010-20260818T025847Z,loan_to_approval,2,87,200,16.293100,
segmentation_only,10,2,perf-segmentation_only-r010-20260818T025847Z,loan_to_approval,2,88,200,15.321100,
segmentation_only,10,2,perf-segmentation_only-r010-20260818T025847Z,loan_to_approval,2,89,200,16.579800,
segmentation_only,10,2,perf-segmentation_only-r010-20260818T025847Z,loan_to_approval,2,90,200,17.151200,
segmentation_only,10,2,perf-segmentation_only-r010-20260818T025847Z,loan_to_approval,2,91,200,16.092100,
segmentation_only,10,2,perf-segmentation_only-r010-20260818T025847Z,loan_to_approval,2,92,200,16.731400,
segmentation_only,10,2,perf-segmentation_only-r010-20260818T025847Z,loan_to_approval,2,93,200,15.848000,
segmentation_only,10,2,perf-segmentation_only-r010-20260818T025847Z,loan_to_approval,2,94,200,20.651300,
segmentation_only,10,2,perf-segmentation_only-r010-20260818T025847Z,loan_to_approval,2,95,200,22.362500,
segmentation_only,10,2,perf-segmentation_only-r010-20260818T025847Z,loan_to_approval,2,96,200,17.756100,
segmentation_only,10,2,perf-segmentation_only-r010-20260818T025847Z,loan_to_approval,2,97,200,19.331600,
segmentation_only,10,2,perf-segmentation_only-r010-20260818T025847Z,loan_to_approval,2,98,200,17.881100,
segmentation_only,10,2,perf-segmentation_only-r010-20260818T025847Z,loan_to_approval,2,99,200,17.766500,
segmentation_only,10,2,perf-segmentation_only-r010-20260818T025847Z,loan_to_approval,2,100,200,16.503400,
segmentation_only,10,2,perf-segmentation_only-r010-20260818T025847Z,loan_to_approval,2,101,200,16.731100,
segmentation_only,10,2,perf-segmentation_only-r010-20260818T025847Z,loan_to_approval,2,102,200,16.047000,
segmentation_only,10,2,perf-segmentation_only-r010-20260818T025847Z,loan_to_approval,2,103,200,15.783700,
segmentation_only,10,2,perf-segmentation_only-r010-20260818T025847Z,loan_to_approval,2,104,200,16.121700,
segmentation_only,10,2,perf-segmentation_only-r010-20260818T025847Z,loan_to_approval,2,105,200,16.389400,
segmentation_only,10,2,perf-segmentation_only-r010-20260818T025847Z,loan_to_approval,2,106,200,16.815800,
segmentation_only,10,2,perf-segmentation_only-r010-20260818T025847Z,loan_to_approval,2,107,200,16.323300,
segmentation_only,10,2,perf-segmentation_only-r010-20260818T025847Z,loan_to_approval,2,108,200,16.222900,
segmentation_only,10,2,perf-segmentation_only-r010-20260818T025847Z,loan_to_approval,2,109,200,17.114300,
segmentation_only,10,2,perf-segmentation_only-r010-20260818T025847Z,loan_to_approval,2,110,200,17.110700,
segmentation_only,10,2,perf-segmentation_only-r010-20260818T025847Z,loan_to_approval,2,111,200,16.973400,
segmentation_only,10,2,perf-segmentation_only-r010-20260818T025847Z,loan_to_approval,2,112,200,16.759700,
segmentation_only,10,2,perf-segmentation_only-r010-20260818T025847Z,loan_to_approval,2,113,200,16.038600,
segmentation_only,10,2,perf-segmentation_only-r010-20260818T025847Z,loan_to_approval,2,114,200,20.380100,
segmentation_only,10,2,perf-segmentation_only-r010-20260818T025847Z,loan_to_approval,2,115,200,16.095300,
segmentation_only,10,2,perf-segmentation_only-r010-20260818T025847Z,loan_to_approval,2,116,200,16.520600,
segmentation_only,10,2,perf-segmentation_only-r010-20260818T025847Z,loan_to_approval,2,117,200,15.925500,
segmentation_only,10,2,perf-segmentation_only-r010-20260818T025847Z,loan_to_approval,2,118,200,16.217700,
segmentation_only,10,2,perf-segmentation_only-r010-20260818T025847Z,loan_to_approval,2,119,200,15.636300,
segmentation_only,10,2,perf-segmentation_only-r010-20260818T025847Z,loan_to_approval,2,120,200,16.188600,
segmentation_only,10,2,perf-segmentation_only-r010-20260818T025847Z,loan_to_approval,2,121,200,17.041700,
segmentation_only,10,2,perf-segmentation_only-r010-20260818T025847Z,loan_to_approval,2,122,200,16.974900,
segmentation_only,10,2,perf-segmentation_only-r010-20260818T025847Z,loan_to_approval,2,123,200,16.757500,
segmentation_only,10,2,perf-segmentation_only-r010-20260818T025847Z,loan_to_approval,2,124,200,16.114400,
segmentation_only,10,2,perf-segmentation_only-r010-20260818T025847Z,loan_to_approval,2,125,200,16.927800,
segmentation_only,10,2,perf-segmentation_only-r010-20260818T025847Z,loan_to_approval,2,126,200,16.949900,
segmentation_only,10,2,perf-segmentation_only-r010-20260818T025847Z,loan_to_approval,2,127,200,16.733700,
segmentation_only,10,2,perf-segmentation_only-r010-20260818T025847Z,loan_to_approval,2,128,200,16.021500,
segmentation_only,10,2,perf-segmentation_only-r010-20260818T025847Z,loan_to_approval,2,129,200,16.395400,
segmentation_only,10,2,perf-segmentation_only-r010-20260818T025847Z,loan_to_approval,2,130,200,17.225300,
segmentation_only,10,2,perf-segmentation_only-r010-20260818T025847Z,loan_to_approval,2,131,200,16.361500,
segmentation_only,10,2,perf-segmentation_only-r010-20260818T025847Z,loan_to_approval,2,132,200,15.816000,
segmentation_only,10,2,perf-segmentation_only-r010-20260818T025847Z,loan_to_approval,2,133,200,16.128400,
segmentation_only,10,2,perf-segmentation_only-r010-20260818T025847Z,loan_to_approval,2,134,200,15.745800,
segmentation_only,10,2,perf-segmentation_only-r010-20260818T025847Z,loan_to_approval,2,135,200,16.064700,
segmentation_only,10,2,perf-segmentation_only-r010-20260818T025847Z,loan_to_approval,2,136,200,16.065700,
segmentation_only,10,2,perf-segmentation_only-r010-20260818T025847Z,loan_to_approval,2,137,200,15.880600,
segmentation_only,10,2,perf-segmentation_only-r010-20260818T025847Z,loan_to_approval,2,138,200,14.355000,
segmentation_only,10,2,perf-segmentation_only-r010-20260818T025847Z,loan_to_approval,2,139,200,15.609100,
segmentation_only,10,2,perf-segmentation_only-r010-20260818T025847Z,loan_to_approval,2,140,200,14.856800,
segmentation_only,10,2,perf-segmentation_only-r010-20260818T025847Z,loan_to_approval,2,141,200,16.086900,
segmentation_only,10,2,perf-segmentation_only-r010-20260818T025847Z,loan_to_approval,2,142,200,16.860200,
segmentation_only,10,2,perf-segmentation_only-r010-20260818T025847Z,loan_to_approval,2,143,200,16.234500,
segmentation_only,10,2,perf-segmentation_only-r010-20260818T025847Z,loan_to_approval,2,144,200,17.263900,
segmentation_only,10,2,perf-segmentation_only-r010-20260818T025847Z,loan_to_approval,2,145,200,17.039500,
segmentation_only,10,2,perf-segmentation_only-r010-20260818T025847Z,loan_to_approval,2,146,200,15.750100,
segmentation_only,10,2,perf-segmentation_only-r010-20260818T025847Z,loan_to_approval,2,147,200,16.034400,
segmentation_only,10,2,perf-segmentation_only-r010-20260818T025847Z,loan_to_approval,2,148,200,15.886600,
segmentation_only,10,2,perf-segmentation_only-r010-20260818T025847Z,loan_to_approval,2,149,200,15.834800,
segmentation_only,10,2,perf-segmentation_only-r010-20260818T025847Z,loan_to_approval,2,150,200,16.092000,
segmentation_only,10,2,perf-segmentation_only-r010-20260818T025847Z,loan_to_approval,2,151,200,16.771900,
segmentation_only,10,2,perf-segmentation_only-r010-20260818T025847Z,loan_to_approval,2,152,200,16.232100,
segmentation_only,10,2,perf-segmentation_only-r010-20260818T025847Z,loan_to_approval,2,153,200,16.075500,
segmentation_only,10,2,perf-segmentation_only-r010-20260818T025847Z,loan_to_approval,2,154,200,15.544800,
segmentation_only,10,2,perf-segmentation_only-r010-20260818T025847Z,loan_to_approval,2,155,200,15.124100,
segmentation_only,10,2,perf-segmentation_only-r010-20260818T025847Z,loan_to_approval,2,156,200,16.104900,
segmentation_only,10,2,perf-segmentation_only-r010-20260818T025847Z,loan_to_approval,2,157,200,15.990100,
segmentation_only,10,2,perf-segmentation_only-r010-20260818T025847Z,loan_to_approval,2,158,200,17.204500,
segmentation_only,10,2,perf-segmentation_only-r010-20260818T025847Z,loan_to_approval,2,159,200,16.036300,
segmentation_only,10,2,perf-segmentation_only-r010-20260818T025847Z,loan_to_approval,2,160,200,15.530000,
segmentation_only,10,2,perf-segmentation_only-r010-20260818T025847Z,loan_to_approval,2,161,200,16.408000,
segmentation_only,10,2,perf-segmentation_only-r010-20260818T025847Z,loan_to_approval,2,162,200,15.983100,
segmentation_only,10,2,perf-segmentation_only-r010-20260818T025847Z,loan_to_approval,2,163,200,15.655600,
segmentation_only,10,2,perf-segmentation_only-r010-20260818T025847Z,loan_to_approval,2,164,200,16.644000,
segmentation_only,10,2,perf-segmentation_only-r010-20260818T025847Z,loan_to_approval,2,165,200,16.352300,
segmentation_only,10,2,perf-segmentation_only-r010-20260818T025847Z,loan_to_approval,2,166,200,16.234900,
segmentation_only,10,2,perf-segmentation_only-r010-20260818T025847Z,loan_to_approval,2,167,200,16.991800,
segmentation_only,10,2,perf-segmentation_only-r010-20260818T025847Z,loan_to_approval,2,168,200,19.674500,
segmentation_only,10,2,perf-segmentation_only-r010-20260818T025847Z,loan_to_approval,2,169,200,18.734900,
segmentation_only,10,2,perf-segmentation_only-r010-20260818T025847Z,loan_to_approval,2,170,200,20.305300,
segmentation_only,10,2,perf-segmentation_only-r010-20260818T025847Z,loan_to_approval,2,171,200,19.310900,
segmentation_only,10,2,perf-segmentation_only-r010-20260818T025847Z,loan_to_approval,2,172,200,17.596200,
segmentation_only,10,2,perf-segmentation_only-r010-20260818T025847Z,loan_to_approval,2,173,200,17.751900,
segmentation_only,10,2,perf-segmentation_only-r010-20260818T025847Z,loan_to_approval,2,174,200,16.550400,
segmentation_only,10,2,perf-segmentation_only-r010-20260818T025847Z,loan_to_approval,2,175,200,17.366400,
segmentation_only,10,2,perf-segmentation_only-r010-20260818T025847Z,loan_to_approval,2,176,200,16.466400,
segmentation_only,10,2,perf-segmentation_only-r010-20260818T025847Z,loan_to_approval,2,177,200,15.789900,
segmentation_only,10,2,perf-segmentation_only-r010-20260818T025847Z,loan_to_approval,2,178,200,16.226000,
segmentation_only,10,2,perf-segmentation_only-r010-20260818T025847Z,loan_to_approval,2,179,200,15.881000,
segmentation_only,10,2,perf-segmentation_only-r010-20260818T025847Z,loan_to_approval,2,180,200,16.277000,
segmentation_only,10,2,perf-segmentation_only-r010-20260818T025847Z,loan_to_approval,2,181,200,16.362100,
segmentation_only,10,2,perf-segmentation_only-r010-20260818T025847Z,loan_to_approval,2,182,200,16.123700,
segmentation_only,10,2,perf-segmentation_only-r010-20260818T025847Z,loan_to_approval,2,183,200,16.245400,
segmentation_only,10,2,perf-segmentation_only-r010-20260818T025847Z,loan_to_approval,2,184,200,15.817400,
segmentation_only,10,2,perf-segmentation_only-r010-20260818T025847Z,loan_to_approval,2,185,200,15.739900,
segmentation_only,10,2,perf-segmentation_only-r010-20260818T025847Z,loan_to_approval,2,186,200,16.245500,
segmentation_only,10,2,perf-segmentation_only-r010-20260818T025847Z,loan_to_approval,2,187,200,17.986400,
segmentation_only,10,2,perf-segmentation_only-r010-20260818T025847Z,loan_to_approval,2,188,200,16.085400,
segmentation_only,10,2,perf-segmentation_only-r010-20260818T025847Z,loan_to_approval,2,189,200,15.860000,
segmentation_only,10,2,perf-segmentation_only-r010-20260818T025847Z,loan_to_approval,2,190,200,16.008000,
segmentation_only,10,2,perf-segmentation_only-r010-20260818T025847Z,loan_to_approval,2,191,200,15.871400,
segmentation_only,10,2,perf-segmentation_only-r010-20260818T025847Z,loan_to_approval,2,192,200,15.876200,
segmentation_only,10,2,perf-segmentation_only-r010-20260818T025847Z,loan_to_approval,2,193,200,16.155900,
segmentation_only,10,2,perf-segmentation_only-r010-20260818T025847Z,loan_to_approval,2,194,200,16.910200,
segmentation_only,10,2,perf-segmentation_only-r010-20260818T025847Z,loan_to_approval,2,195,200,15.955200,
segmentation_only,10,2,perf-segmentation_only-r010-20260818T025847Z,loan_to_approval,2,196,200,16.161200,
segmentation_only,10,2,perf-segmentation_only-r010-20260818T025847Z,loan_to_approval,2,197,200,15.706900,
segmentation_only,10,2,perf-segmentation_only-r010-20260818T025847Z,loan_to_approval,2,198,200,16.343300,
segmentation_only,10,2,perf-segmentation_only-r010-20260818T025847Z,loan_to_approval,2,199,200,16.747500,
segmentation_only,10,2,perf-segmentation_only-r010-20260818T025847Z,loan_to_approval,2,200,200,15.756600,
segmentation_only,10,2,perf-segmentation_only-r010-20260818T025847Z,loan_to_approval,3,1,200,16.027700,
segmentation_only,10,2,perf-segmentation_only-r010-20260818T025847Z,loan_to_approval,3,2,200,16.511200,
segmentation_only,10,2,perf-segmentation_only-r010-20260818T025847Z,loan_to_approval,3,3,200,16.288100,
segmentation_only,10,2,perf-segmentation_only-r010-20260818T025847Z,loan_to_approval,3,4,200,17.007800,
segmentation_only,10,2,perf-segmentation_only-r010-20260818T025847Z,loan_to_approval,3,5,200,15.335300,
segmentation_only,10,2,perf-segmentation_only-r010-20260818T025847Z,loan_to_approval,3,6,200,16.354500,
segmentation_only,10,2,perf-segmentation_only-r010-20260818T025847Z,loan_to_approval,3,7,200,16.134400,
segmentation_only,10,2,perf-segmentation_only-r010-20260818T025847Z,loan_to_approval,3,8,200,15.273900,
segmentation_only,10,2,perf-segmentation_only-r010-20260818T025847Z,loan_to_approval,3,9,200,16.242900,
segmentation_only,10,2,perf-segmentation_only-r010-20260818T025847Z,loan_to_approval,3,10,200,15.332500,
segmentation_only,10,2,perf-segmentation_only-r010-20260818T025847Z,loan_to_approval,3,11,200,15.212000,
segmentation_only,10,2,perf-segmentation_only-r010-20260818T025847Z,loan_to_approval,3,12,200,16.162900,
segmentation_only,10,2,perf-segmentation_only-r010-20260818T025847Z,loan_to_approval,3,13,200,15.981900,
segmentation_only,10,2,perf-segmentation_only-r010-20260818T025847Z,loan_to_approval,3,14,200,16.329700,
segmentation_only,10,2,perf-segmentation_only-r010-20260818T025847Z,loan_to_approval,3,15,200,17.114900,
segmentation_only,10,2,perf-segmentation_only-r010-20260818T025847Z,loan_to_approval,3,16,200,16.763700,
segmentation_only,10,2,perf-segmentation_only-r010-20260818T025847Z,loan_to_approval,3,17,200,15.685800,
segmentation_only,10,2,perf-segmentation_only-r010-20260818T025847Z,loan_to_approval,3,18,200,15.838300,
segmentation_only,10,2,perf-segmentation_only-r010-20260818T025847Z,loan_to_approval,3,19,200,16.057100,
segmentation_only,10,2,perf-segmentation_only-r010-20260818T025847Z,loan_to_approval,3,20,200,18.178700,
segmentation_only,10,2,perf-segmentation_only-r010-20260818T025847Z,loan_to_approval,3,21,200,15.652600,
segmentation_only,10,2,perf-segmentation_only-r010-20260818T025847Z,loan_to_approval,3,22,200,16.217400,
segmentation_only,10,2,perf-segmentation_only-r010-20260818T025847Z,loan_to_approval,3,23,200,15.650600,
segmentation_only,10,2,perf-segmentation_only-r010-20260818T025847Z,loan_to_approval,3,24,200,15.914600,
segmentation_only,10,2,perf-segmentation_only-r010-20260818T025847Z,loan_to_approval,3,25,200,15.147700,
segmentation_only,10,2,perf-segmentation_only-r010-20260818T025847Z,loan_to_approval,3,26,200,17.718400,
segmentation_only,10,2,perf-segmentation_only-r010-20260818T025847Z,loan_to_approval,3,27,200,16.661200,
segmentation_only,10,2,perf-segmentation_only-r010-20260818T025847Z,loan_to_approval,3,28,200,16.785900,
segmentation_only,10,2,perf-segmentation_only-r010-20260818T025847Z,loan_to_approval,3,29,200,15.687300,
segmentation_only,10,2,perf-segmentation_only-r010-20260818T025847Z,loan_to_approval,3,30,200,15.985600,
segmentation_only,10,2,perf-segmentation_only-r010-20260818T025847Z,loan_to_approval,3,31,200,15.936000,
segmentation_only,10,2,perf-segmentation_only-r010-20260818T025847Z,loan_to_approval,3,32,200,16.509400,
segmentation_only,10,2,perf-segmentation_only-r010-20260818T025847Z,loan_to_approval,3,33,200,15.499900,
segmentation_only,10,2,perf-segmentation_only-r010-20260818T025847Z,loan_to_approval,3,34,200,16.159900,
segmentation_only,10,2,perf-segmentation_only-r010-20260818T025847Z,loan_to_approval,3,35,200,17.023000,
segmentation_only,10,2,perf-segmentation_only-r010-20260818T025847Z,loan_to_approval,3,36,200,17.529200,
segmentation_only,10,2,perf-segmentation_only-r010-20260818T025847Z,loan_to_approval,3,37,200,17.111800,
segmentation_only,10,2,perf-segmentation_only-r010-20260818T025847Z,loan_to_approval,3,38,200,17.898700,
segmentation_only,10,2,perf-segmentation_only-r010-20260818T025847Z,loan_to_approval,3,39,200,18.661700,
segmentation_only,10,2,perf-segmentation_only-r010-20260818T025847Z,loan_to_approval,3,40,200,19.287400,
segmentation_only,10,2,perf-segmentation_only-r010-20260818T025847Z,loan_to_approval,3,41,200,18.236300,
segmentation_only,10,2,perf-segmentation_only-r010-20260818T025847Z,loan_to_approval,3,42,200,17.669300,
segmentation_only,10,2,perf-segmentation_only-r010-20260818T025847Z,loan_to_approval,3,43,200,18.264000,
segmentation_only,10,2,perf-segmentation_only-r010-20260818T025847Z,loan_to_approval,3,44,200,17.666900,
segmentation_only,10,2,perf-segmentation_only-r010-20260818T025847Z,loan_to_approval,3,45,200,17.120100,
segmentation_only,10,2,perf-segmentation_only-r010-20260818T025847Z,loan_to_approval,3,46,200,16.862200,
segmentation_only,10,2,perf-segmentation_only-r010-20260818T025847Z,loan_to_approval,3,47,200,17.920200,
segmentation_only,10,2,perf-segmentation_only-r010-20260818T025847Z,loan_to_approval,3,48,200,16.989600,
segmentation_only,10,2,perf-segmentation_only-r010-20260818T025847Z,loan_to_approval,3,49,200,17.152500,
segmentation_only,10,2,perf-segmentation_only-r010-20260818T025847Z,loan_to_approval,3,50,200,17.575400,
segmentation_only,10,2,perf-segmentation_only-r010-20260818T025847Z,loan_to_approval,3,51,200,17.415500,
segmentation_only,10,2,perf-segmentation_only-r010-20260818T025847Z,loan_to_approval,3,52,200,16.878300,
segmentation_only,10,2,perf-segmentation_only-r010-20260818T025847Z,loan_to_approval,3,53,200,18.078000,
segmentation_only,10,2,perf-segmentation_only-r010-20260818T025847Z,loan_to_approval,3,54,200,16.665600,
segmentation_only,10,2,perf-segmentation_only-r010-20260818T025847Z,loan_to_approval,3,55,200,16.927000,
segmentation_only,10,2,perf-segmentation_only-r010-20260818T025847Z,loan_to_approval,3,56,200,16.766900,
segmentation_only,10,2,perf-segmentation_only-r010-20260818T025847Z,loan_to_approval,3,57,200,17.046500,
segmentation_only,10,2,perf-segmentation_only-r010-20260818T025847Z,loan_to_approval,3,58,200,16.001000,
segmentation_only,10,2,perf-segmentation_only-r010-20260818T025847Z,loan_to_approval,3,59,200,17.057100,
segmentation_only,10,2,perf-segmentation_only-r010-20260818T025847Z,loan_to_approval,3,60,200,16.769200,
segmentation_only,10,2,perf-segmentation_only-r010-20260818T025847Z,loan_to_approval,3,61,200,16.216500,
segmentation_only,10,2,perf-segmentation_only-r010-20260818T025847Z,loan_to_approval,3,62,200,16.568200,
segmentation_only,10,2,perf-segmentation_only-r010-20260818T025847Z,loan_to_approval,3,63,200,17.360500,
segmentation_only,10,2,perf-segmentation_only-r010-20260818T025847Z,loan_to_approval,3,64,200,18.317200,
segmentation_only,10,2,perf-segmentation_only-r010-20260818T025847Z,loan_to_approval,3,65,200,18.319100,
segmentation_only,10,2,perf-segmentation_only-r010-20260818T025847Z,loan_to_approval,3,66,200,19.278200,
segmentation_only,10,2,perf-segmentation_only-r010-20260818T025847Z,loan_to_approval,3,67,200,18.297200,
segmentation_only,10,2,perf-segmentation_only-r010-20260818T025847Z,loan_to_approval,3,68,200,17.791300,
segmentation_only,10,2,perf-segmentation_only-r010-20260818T025847Z,loan_to_approval,3,69,200,17.718500,
segmentation_only,10,2,perf-segmentation_only-r010-20260818T025847Z,loan_to_approval,3,70,200,16.648700,
segmentation_only,10,2,perf-segmentation_only-r010-20260818T025847Z,loan_to_approval,3,71,200,15.836900,
segmentation_only,10,2,perf-segmentation_only-r010-20260818T025847Z,loan_to_approval,3,72,200,16.350700,
segmentation_only,10,2,perf-segmentation_only-r010-20260818T025847Z,loan_to_approval,3,73,200,16.683300,
segmentation_only,10,2,perf-segmentation_only-r010-20260818T025847Z,loan_to_approval,3,74,200,15.818700,
segmentation_only,10,2,perf-segmentation_only-r010-20260818T025847Z,loan_to_approval,3,75,200,15.999100,
segmentation_only,10,2,perf-segmentation_only-r010-20260818T025847Z,loan_to_approval,3,76,200,16.268500,
segmentation_only,10,2,perf-segmentation_only-r010-20260818T025847Z,loan_to_approval,3,77,200,15.830300,
segmentation_only,10,2,perf-segmentation_only-r010-20260818T025847Z,loan_to_approval,3,78,200,16.194400,
segmentation_only,10,2,perf-segmentation_only-r010-20260818T025847Z,loan_to_approval,3,79,200,15.632900,
segmentation_only,10,2,perf-segmentation_only-r010-20260818T025847Z,loan_to_approval,3,80,200,19.014800,
segmentation_only,10,2,perf-segmentation_only-r010-20260818T025847Z,loan_to_approval,3,81,200,17.198600,
segmentation_only,10,2,perf-segmentation_only-r010-20260818T025847Z,loan_to_approval,3,82,200,15.874400,
segmentation_only,10,2,perf-segmentation_only-r010-20260818T025847Z,loan_to_approval,3,83,200,16.108600,
segmentation_only,10,2,perf-segmentation_only-r010-20260818T025847Z,loan_to_approval,3,84,200,17.070900,
segmentation_only,10,2,perf-segmentation_only-r010-20260818T025847Z,loan_to_approval,3,85,200,16.747100,
segmentation_only,10,2,perf-segmentation_only-r010-20260818T025847Z,loan_to_approval,3,86,200,16.086300,
segmentation_only,10,2,perf-segmentation_only-r010-20260818T025847Z,loan_to_approval,3,87,200,15.972800,
segmentation_only,10,2,perf-segmentation_only-r010-20260818T025847Z,loan_to_approval,3,88,200,15.807100,
segmentation_only,10,2,perf-segmentation_only-r010-20260818T025847Z,loan_to_approval,3,89,200,14.727600,
segmentation_only,10,2,perf-segmentation_only-r010-20260818T025847Z,loan_to_approval,3,90,200,14.918800,
segmentation_only,10,2,perf-segmentation_only-r010-20260818T025847Z,loan_to_approval,3,91,200,16.690200,
segmentation_only,10,2,perf-segmentation_only-r010-20260818T025847Z,loan_to_approval,3,92,200,16.811400,
segmentation_only,10,2,perf-segmentation_only-r010-20260818T025847Z,loan_to_approval,3,93,200,15.934600,
segmentation_only,10,2,perf-segmentation_only-r010-20260818T025847Z,loan_to_approval,3,94,200,15.811000,
segmentation_only,10,2,perf-segmentation_only-r010-20260818T025847Z,loan_to_approval,3,95,200,16.036800,
segmentation_only,10,2,perf-segmentation_only-r010-20260818T025847Z,loan_to_approval,3,96,200,15.967400,
segmentation_only,10,2,perf-segmentation_only-r010-20260818T025847Z,loan_to_approval,3,97,200,15.982000,
segmentation_only,10,2,perf-segmentation_only-r010-20260818T025847Z,loan_to_approval,3,98,200,15.861000,
segmentation_only,10,2,perf-segmentation_only-r010-20260818T025847Z,loan_to_approval,3,99,200,16.098500,
segmentation_only,10,2,perf-segmentation_only-r010-20260818T025847Z,loan_to_approval,3,100,200,15.732600,
segmentation_only,10,2,perf-segmentation_only-r010-20260818T025847Z,loan_to_approval,3,101,200,16.286600,
segmentation_only,10,2,perf-segmentation_only-r010-20260818T025847Z,loan_to_approval,3,102,200,15.489000,
segmentation_only,10,2,perf-segmentation_only-r010-20260818T025847Z,loan_to_approval,3,103,200,16.314800,
segmentation_only,10,2,perf-segmentation_only-r010-20260818T025847Z,loan_to_approval,3,104,200,16.011300,
segmentation_only,10,2,perf-segmentation_only-r010-20260818T025847Z,loan_to_approval,3,105,200,15.809800,
segmentation_only,10,2,perf-segmentation_only-r010-20260818T025847Z,loan_to_approval,3,106,200,15.836000,
segmentation_only,10,2,perf-segmentation_only-r010-20260818T025847Z,loan_to_approval,3,107,200,16.456600,
segmentation_only,10,2,perf-segmentation_only-r010-20260818T025847Z,loan_to_approval,3,108,200,15.740800,
segmentation_only,10,2,perf-segmentation_only-r010-20260818T025847Z,loan_to_approval,3,109,200,16.813200,
segmentation_only,10,2,perf-segmentation_only-r010-20260818T025847Z,loan_to_approval,3,110,200,16.738600,
segmentation_only,10,2,perf-segmentation_only-r010-20260818T025847Z,loan_to_approval,3,111,200,16.422100,
segmentation_only,10,2,perf-segmentation_only-r010-20260818T025847Z,loan_to_approval,3,112,200,16.310500,
segmentation_only,10,2,perf-segmentation_only-r010-20260818T025847Z,loan_to_approval,3,113,200,17.155600,
segmentation_only,10,2,perf-segmentation_only-r010-20260818T025847Z,loan_to_approval,3,114,200,16.686500,
segmentation_only,10,2,perf-segmentation_only-r010-20260818T025847Z,loan_to_approval,3,115,200,15.777300,
segmentation_only,10,2,perf-segmentation_only-r010-20260818T025847Z,loan_to_approval,3,116,200,15.925200,
segmentation_only,10,2,perf-segmentation_only-r010-20260818T025847Z,loan_to_approval,3,117,200,15.548800,
segmentation_only,10,2,perf-segmentation_only-r010-20260818T025847Z,loan_to_approval,3,118,200,16.945600,
segmentation_only,10,2,perf-segmentation_only-r010-20260818T025847Z,loan_to_approval,3,119,200,15.546800,
segmentation_only,10,2,perf-segmentation_only-r010-20260818T025847Z,loan_to_approval,3,120,200,15.753200,
segmentation_only,10,2,perf-segmentation_only-r010-20260818T025847Z,loan_to_approval,3,121,200,14.937100,
segmentation_only,10,2,perf-segmentation_only-r010-20260818T025847Z,loan_to_approval,3,122,200,16.030500,
segmentation_only,10,2,perf-segmentation_only-r010-20260818T025847Z,loan_to_approval,3,123,200,16.058700,
segmentation_only,10,2,perf-segmentation_only-r010-20260818T025847Z,loan_to_approval,3,124,200,16.126500,
segmentation_only,10,2,perf-segmentation_only-r010-20260818T025847Z,loan_to_approval,3,125,200,15.645600,
segmentation_only,10,2,perf-segmentation_only-r010-20260818T025847Z,loan_to_approval,3,126,200,14.951600,
segmentation_only,10,2,perf-segmentation_only-r010-20260818T025847Z,loan_to_approval,3,127,200,16.285000,
segmentation_only,10,2,perf-segmentation_only-r010-20260818T025847Z,loan_to_approval,3,128,200,16.045500,
segmentation_only,10,2,perf-segmentation_only-r010-20260818T025847Z,loan_to_approval,3,129,200,15.989000,
segmentation_only,10,2,perf-segmentation_only-r010-20260818T025847Z,loan_to_approval,3,130,200,16.015700,
segmentation_only,10,2,perf-segmentation_only-r010-20260818T025847Z,loan_to_approval,3,131,200,15.999400,
segmentation_only,10,2,perf-segmentation_only-r010-20260818T025847Z,loan_to_approval,3,132,200,16.124700,
segmentation_only,10,2,perf-segmentation_only-r010-20260818T025847Z,loan_to_approval,3,133,200,15.777400,
segmentation_only,10,2,perf-segmentation_only-r010-20260818T025847Z,loan_to_approval,3,134,200,16.187700,
segmentation_only,10,2,perf-segmentation_only-r010-20260818T025847Z,loan_to_approval,3,135,200,15.927600,
segmentation_only,10,2,perf-segmentation_only-r010-20260818T025847Z,loan_to_approval,3,136,200,15.506200,
segmentation_only,10,2,perf-segmentation_only-r010-20260818T025847Z,loan_to_approval,3,137,200,15.103900,
segmentation_only,10,2,perf-segmentation_only-r010-20260818T025847Z,loan_to_approval,3,138,200,15.213400,
segmentation_only,10,2,perf-segmentation_only-r010-20260818T025847Z,loan_to_approval,3,139,200,15.839700,
segmentation_only,10,2,perf-segmentation_only-r010-20260818T025847Z,loan_to_approval,3,140,200,16.250500,
segmentation_only,10,2,perf-segmentation_only-r010-20260818T025847Z,loan_to_approval,3,141,200,15.623100,
segmentation_only,10,2,perf-segmentation_only-r010-20260818T025847Z,loan_to_approval,3,142,200,18.747300,
segmentation_only,10,2,perf-segmentation_only-r010-20260818T025847Z,loan_to_approval,3,143,200,18.552100,
segmentation_only,10,2,perf-segmentation_only-r010-20260818T025847Z,loan_to_approval,3,144,200,17.363700,
segmentation_only,10,2,perf-segmentation_only-r010-20260818T025847Z,loan_to_approval,3,145,200,16.597600,
segmentation_only,10,2,perf-segmentation_only-r010-20260818T025847Z,loan_to_approval,3,146,200,16.746900,
segmentation_only,10,2,perf-segmentation_only-r010-20260818T025847Z,loan_to_approval,3,147,200,15.802100,
segmentation_only,10,2,perf-segmentation_only-r010-20260818T025847Z,loan_to_approval,3,148,200,15.337100,
segmentation_only,10,2,perf-segmentation_only-r010-20260818T025847Z,loan_to_approval,3,149,200,14.192700,
segmentation_only,10,2,perf-segmentation_only-r010-20260818T025847Z,loan_to_approval,3,150,200,16.477600,
segmentation_only,10,2,perf-segmentation_only-r010-20260818T025847Z,loan_to_approval,3,151,200,16.035200,
segmentation_only,10,2,perf-segmentation_only-r010-20260818T025847Z,loan_to_approval,3,152,200,16.096200,
segmentation_only,10,2,perf-segmentation_only-r010-20260818T025847Z,loan_to_approval,3,153,200,15.872400,
segmentation_only,10,2,perf-segmentation_only-r010-20260818T025847Z,loan_to_approval,3,154,200,15.791700,
segmentation_only,10,2,perf-segmentation_only-r010-20260818T025847Z,loan_to_approval,3,155,200,16.019600,
segmentation_only,10,2,perf-segmentation_only-r010-20260818T025847Z,loan_to_approval,3,156,200,16.391300,
segmentation_only,10,2,perf-segmentation_only-r010-20260818T025847Z,loan_to_approval,3,157,200,16.692400,
segmentation_only,10,2,perf-segmentation_only-r010-20260818T025847Z,loan_to_approval,3,158,200,16.194100,
segmentation_only,10,2,perf-segmentation_only-r010-20260818T025847Z,loan_to_approval,3,159,200,15.529100,
segmentation_only,10,2,perf-segmentation_only-r010-20260818T025847Z,loan_to_approval,3,160,200,19.014400,
segmentation_only,10,2,perf-segmentation_only-r010-20260818T025847Z,loan_to_approval,3,161,200,17.705700,
segmentation_only,10,2,perf-segmentation_only-r010-20260818T025847Z,loan_to_approval,3,162,200,17.910400,
segmentation_only,10,2,perf-segmentation_only-r010-20260818T025847Z,loan_to_approval,3,163,200,16.692600,
segmentation_only,10,2,perf-segmentation_only-r010-20260818T025847Z,loan_to_approval,3,164,200,16.570100,
segmentation_only,10,2,perf-segmentation_only-r010-20260818T025847Z,loan_to_approval,3,165,200,17.693400,
segmentation_only,10,2,perf-segmentation_only-r010-20260818T025847Z,loan_to_approval,3,166,200,16.799800,
segmentation_only,10,2,perf-segmentation_only-r010-20260818T025847Z,loan_to_approval,3,167,200,16.620700,
segmentation_only,10,2,perf-segmentation_only-r010-20260818T025847Z,loan_to_approval,3,168,200,16.529700,
segmentation_only,10,2,perf-segmentation_only-r010-20260818T025847Z,loan_to_approval,3,169,200,16.735800,
segmentation_only,10,2,perf-segmentation_only-r010-20260818T025847Z,loan_to_approval,3,170,200,15.481800,
segmentation_only,10,2,perf-segmentation_only-r010-20260818T025847Z,loan_to_approval,3,171,200,15.009800,
segmentation_only,10,2,perf-segmentation_only-r010-20260818T025847Z,loan_to_approval,3,172,200,16.294200,
segmentation_only,10,2,perf-segmentation_only-r010-20260818T025847Z,loan_to_approval,3,173,200,16.166600,
segmentation_only,10,2,perf-segmentation_only-r010-20260818T025847Z,loan_to_approval,3,174,200,15.836900,
segmentation_only,10,2,perf-segmentation_only-r010-20260818T025847Z,loan_to_approval,3,175,200,15.929500,
segmentation_only,10,2,perf-segmentation_only-r010-20260818T025847Z,loan_to_approval,3,176,200,15.887100,
segmentation_only,10,2,perf-segmentation_only-r010-20260818T025847Z,loan_to_approval,3,177,200,16.148900,
segmentation_only,10,2,perf-segmentation_only-r010-20260818T025847Z,loan_to_approval,3,178,200,16.829300,
segmentation_only,10,2,perf-segmentation_only-r010-20260818T025847Z,loan_to_approval,3,179,200,17.361400,
segmentation_only,10,2,perf-segmentation_only-r010-20260818T025847Z,loan_to_approval,3,180,200,16.098000,
segmentation_only,10,2,perf-segmentation_only-r010-20260818T025847Z,loan_to_approval,3,181,200,16.557300,
segmentation_only,10,2,perf-segmentation_only-r010-20260818T025847Z,loan_to_approval,3,182,200,18.104500,
segmentation_only,10,2,perf-segmentation_only-r010-20260818T025847Z,loan_to_approval,3,183,200,16.127200,
segmentation_only,10,2,perf-segmentation_only-r010-20260818T025847Z,loan_to_approval,3,184,200,16.836200,
segmentation_only,10,2,perf-segmentation_only-r010-20260818T025847Z,loan_to_approval,3,185,200,16.052700,
segmentation_only,10,2,perf-segmentation_only-r010-20260818T025847Z,loan_to_approval,3,186,200,15.617200,
segmentation_only,10,2,perf-segmentation_only-r010-20260818T025847Z,loan_to_approval,3,187,200,16.052000,
segmentation_only,10,2,perf-segmentation_only-r010-20260818T025847Z,loan_to_approval,3,188,200,16.155000,
segmentation_only,10,2,perf-segmentation_only-r010-20260818T025847Z,loan_to_approval,3,189,200,15.953600,
segmentation_only,10,2,perf-segmentation_only-r010-20260818T025847Z,loan_to_approval,3,190,200,15.915800,
segmentation_only,10,2,perf-segmentation_only-r010-20260818T025847Z,loan_to_approval,3,191,200,15.674300,
segmentation_only,10,2,perf-segmentation_only-r010-20260818T025847Z,loan_to_approval,3,192,200,16.269300,
segmentation_only,10,2,perf-segmentation_only-r010-20260818T025847Z,loan_to_approval,3,193,200,15.686600,
segmentation_only,10,2,perf-segmentation_only-r010-20260818T025847Z,loan_to_approval,3,194,200,16.177900,
segmentation_only,10,2,perf-segmentation_only-r010-20260818T025847Z,loan_to_approval,3,195,200,15.942000,
segmentation_only,10,2,perf-segmentation_only-r010-20260818T025847Z,loan_to_approval,3,196,200,15.858500,
segmentation_only,10,2,perf-segmentation_only-r010-20260818T025847Z,loan_to_approval,3,197,200,15.957900,
segmentation_only,10,2,perf-segmentation_only-r010-20260818T025847Z,loan_to_approval,3,198,200,16.191900,
segmentation_only,10,2,perf-segmentation_only-r010-20260818T025847Z,loan_to_approval,3,199,200,15.686200,
segmentation_only,10,2,perf-segmentation_only-r010-20260818T025847Z,loan_to_approval,3,200,200,17.355300,
